#! /c/Source/iverilog-install/bin/vvp
:ivl_version "12.0 (devel)" "(s20150603-1110-g18392a46)";
:ivl_delay_selection "TYPICAL";
:vpi_time_precision + 0;
:vpi_module "D:\iverilog\iverilog\lib\ivl\system.vpi";
:vpi_module "D:\iverilog\iverilog\lib\ivl\vhdl_sys.vpi";
:vpi_module "D:\iverilog\iverilog\lib\ivl\vhdl_textio.vpi";
:vpi_module "D:\iverilog\iverilog\lib\ivl\v2005_math.vpi";
:vpi_module "D:\iverilog\iverilog\lib\ivl\va_math.vpi";
S_000001d9d05fc6e0 .scope module, "AES128_tb" "AES128_tb" 2 3;
 .timescale 0 0;
v000001d9d066eae0_0 .net "ciphertext", 127 0, L_000001d9d06c9010;  1 drivers
v000001d9d06702a0_0 .var "clk", 0 0;
v000001d9d06708e0_0 .net "ctvalid_sc", 0 0, v000001d9d066cba0_0;  1 drivers
v000001d9d066ec20_0 .var "key_plaintext", 127 0;
v000001d9d066f580_0 .var "loaddata", 0 0;
v000001d9d066fe40_0 .var "loadkey", 0 0;
RS_000001d9d06062c8 .resolv tri, v000001d9d0671420_0, v000001d9d066d640_0;
v000001d9d0670700_0 .net8 "ready_new_input", 0 0, RS_000001d9d06062c8;  2 drivers
v000001d9d066fb20_0 .var "rst_n", 0 0;
S_000001d9d05fc870 .scope module, "dut" "AES128" 2 14, 3 8 0, S_000001d9d05fc6e0;
 .timescale 0 0;
    .port_info 0 /INPUT 1 "clk";
    .port_info 1 /INPUT 1 "rst_n";
    .port_info 2 /INPUT 128 "key_plaintext";
    .port_info 3 /INPUT 1 "loadkey";
    .port_info 4 /INPUT 1 "loaddata";
    .port_info 5 /OUTPUT 1 "ready_new_input";
    .port_info 6 /OUTPUT 128 "ciphertext";
    .port_info 7 /OUTPUT 1 "ctvalid_sc";
L_000001d9d06c8590 .functor BUFZ 128, v000001d9d066bfc0_0, C4<00000000000000000000000000000000000000000000000000000000000000000000000000000000000000000000000000000000000000000000000000000000>, C4<00000000000000000000000000000000000000000000000000000000000000000000000000000000000000000000000000000000000000000000000000000000>, C4<00000000000000000000000000000000000000000000000000000000000000000000000000000000000000000000000000000000000000000000000000000000>;
v000001d9d066d460_0 .net "InputBlk", 127 0, v000001d9d04222b0_0;  1 drivers
v000001d9d066d500_0 .net "Key_data", 127 0, L_000001d9d0496aa0;  1 drivers
v000001d9d066daa0_0 .net "Key_rd_kl", 0 0, v000001d9d066cc40_0;  1 drivers
L_000001d9d0679900 .functor BUFT 1, C4<000000000000000000000000000000000000000000000000000000000000000000000000000000000000000000000000>, C4<0>, C4<0>, C4<0>;
v000001d9d066db40_0 .net/2u *"_ivl_0", 95 0, L_000001d9d0679900;  1 drivers
v000001d9d066dd20_0 .net "addr_key_kl", 3 0, v000001d9d06730e0_0;  1 drivers
v000001d9d066ddc0_0 .net "ciphertext", 127 0, L_000001d9d06c9010;  alias, 1 drivers
v000001d9d066de60_0 .net "clk", 0 0, v000001d9d06702a0_0;  1 drivers
v000001d9d066dfa0_0 .net "ctvalid_pc", 0 0, v000001d9d0672fa0_0;  1 drivers
v000001d9d066e220_0 .net "ctvalid_sc", 0 0, v000001d9d066cba0_0;  alias, 1 drivers
o000001d9d0607708 .functor BUFZ 1, C4<z>; HiZ drive
v000001d9d066e2c0_0 .net "ctvalidpc", 0 0, o000001d9d0607708;  0 drivers
v000001d9d066e4a0_0 .net "data_rd_pc", 0 0, v000001d9d066c100_0;  1 drivers
v000001d9d066e540_0 .net "datard_if", 0 0, v000001d9d0422530_0;  1 drivers
v000001d9d066bde0_0 .net "done", 0 0, v000001d9d066d5a0_0;  1 drivers
v000001d9d066e680_0 .net "done_kl", 0 0, v000001d9d0421e50_0;  1 drivers
v000001d9d066fa80_0 .net "key_plaintext", 127 0, v000001d9d066ec20_0;  1 drivers
v000001d9d0670020_0 .net "keynewinput_if", 0 0, v000001d9d0422710_0;  1 drivers
v000001d9d066f080_0 .net "keyrd_if", 0 0, v000001d9d0421130_0;  1 drivers
v000001d9d066ff80_0 .net "loaddata", 0 0, v000001d9d066f580_0;  1 drivers
v000001d9d06705c0_0 .net "loadkey", 0 0, v000001d9d066fe40_0;  1 drivers
v000001d9d066f800_0 .net "readdata", 0 0, v000001d9d066d140_0;  1 drivers
v000001d9d066f940_0 .net "readkey", 0 0, v000001d9d066d3c0_0;  1 drivers
v000001d9d06703e0_0 .net8 "ready_new_input", 0 0, RS_000001d9d06062c8;  alias, 2 drivers
v000001d9d0670660_0 .net "rot_out", 31 0, L_000001d9d066fda0;  1 drivers
v000001d9d066fbc0_0 .net "rot_out_tmp", 127 0, L_000001d9d06c76c0;  1 drivers
v000001d9d066e900_0 .net "rst_n", 0 0, v000001d9d066fb20_0;  1 drivers
v000001d9d06700c0_0 .net "sbox_in", 127 0, L_000001d9d066f300;  1 drivers
v000001d9d066f120_0 .net "sbox_out", 127 0, L_000001d9d06c8590;  1 drivers
v000001d9d066ea40_0 .net "src_sbox", 0 0, v000001d9d066d280_0;  1 drivers
v000001d9d0670200_0 .net "state_in", 127 0, L_000001d9d06c7760;  1 drivers
v000001d9d0670480_0 .net "state_out", 127 0, v000001d9d066bfc0_0;  1 drivers
v000001d9d066ef40_0 .net "sub_in", 31 0, L_000001d9d06df030;  1 drivers
L_000001d9d06c76c0 .concat [ 32 96 0 0], L_000001d9d066fda0, L_000001d9d0679900;
L_000001d9d06df030 .part v000001d9d066bfc0_0, 0, 32;
S_000001d9d05feb10 .scope module, "InputInterface_inst" "InputInterface" 3 23, 4 1 0, S_000001d9d05fc870;
 .timescale 0 0;
    .port_info 0 /INPUT 1 "clk";
    .port_info 1 /INPUT 1 "rst_n";
    .port_info 2 /INPUT 128 "key_plaintext";
    .port_info 3 /INPUT 1 "loadkey";
    .port_info 4 /INPUT 1 "loaddata";
    .port_info 5 /INPUT 1 "readkey";
    .port_info 6 /INPUT 1 "readdata";
    .port_info 7 /OUTPUT 1 "keyrd";
    .port_info 8 /OUTPUT 1 "datard";
    .port_info 9 /OUTPUT 128 "InputBlk";
    .port_info 10 /OUTPUT 1 "keynewinput";
v000001d9d04222b0_0 .var "InputBlk", 127 0;
v000001d9d0421bd0_0 .net "clk", 0 0, v000001d9d06702a0_0;  alias, 1 drivers
v000001d9d0422d50_0 .var "data", 127 0;
v000001d9d0422530_0 .var "datard", 0 0;
v000001d9d0422c10_0 .var "key", 127 0;
v000001d9d04225d0_0 .net "key_plaintext", 127 0, v000001d9d066ec20_0;  alias, 1 drivers
v000001d9d0422710_0 .var "keynewinput", 0 0;
v000001d9d0421130_0 .var "keyrd", 0 0;
v000001d9d0420eb0_0 .net "loaddata", 0 0, v000001d9d066f580_0;  alias, 1 drivers
v000001d9d04216d0_0 .net "loadkey", 0 0, v000001d9d066fe40_0;  alias, 1 drivers
v000001d9d04227b0_0 .net "readdata", 0 0, v000001d9d066d140_0;  alias, 1 drivers
v000001d9d0421c70_0 .net "readkey", 0 0, v000001d9d066d3c0_0;  alias, 1 drivers
v000001d9d0421d10_0 .net "rst_n", 0 0, v000001d9d066fb20_0;  alias, 1 drivers
E_000001d9d05b6920/0 .event negedge, v000001d9d0421d10_0;
E_000001d9d05b6920/1 .event posedge, v000001d9d0421bd0_0;
E_000001d9d05b6920 .event/or E_000001d9d05b6920/0, E_000001d9d05b6920/1;
S_000001d9d030f7f0 .scope module, "KeyLogic_inst" "KeyLogic" 3 43, 5 7 0, S_000001d9d05fc870;
 .timescale 0 0;
    .port_info 0 /INPUT 1 "clk";
    .port_info 1 /INPUT 1 "rst_n";
    .port_info 2 /INPUT 1 "Key_rd";
    .port_info 3 /INPUT 4 "addr_key";
    .port_info 4 /INPUT 128 "InputBlk";
    .port_info 5 /OUTPUT 1 "done";
    .port_info 6 /OUTPUT 1 "mode";
    .port_info 7 /OUTPUT 128 "Key_data";
    .port_info 8 /INPUT 32 "sub_in";
    .port_info 9 /OUTPUT 32 "rot_out";
L_000001d9d0496aa0 .functor BUFZ 128, L_000001d9d0495b50, C4<00000000000000000000000000000000000000000000000000000000000000000000000000000000000000000000000000000000000000000000000000000000>, C4<00000000000000000000000000000000000000000000000000000000000000000000000000000000000000000000000000000000000000000000000000000000>, C4<00000000000000000000000000000000000000000000000000000000000000000000000000000000000000000000000000000000000000000000000000000000>;
v000001d9d0648330_0 .net "InputBlk", 127 0, v000001d9d04222b0_0;  alias, 1 drivers
v000001d9d0648e70_0 .net "Key_data", 127 0, L_000001d9d0496aa0;  alias, 1 drivers
v000001d9d0647430_0 .net "Key_rd", 0 0, v000001d9d066cc40_0;  alias, 1 drivers
v000001d9d06479d0_0 .net "addr_key", 3 0, v000001d9d06730e0_0;  alias, 1 drivers
v000001d9d0649050_0 .net "clk", 0 0, v000001d9d06702a0_0;  alias, 1 drivers
v000001d9d0648d30_0 .net "din", 127 0, L_000001d9d0670520;  1 drivers
v000001d9d0647d90_0 .net "done", 0 0, v000001d9d0421e50_0;  alias, 1 drivers
v000001d9d0647390_0 .net "dout", 127 0, L_000001d9d0495b50;  1 drivers
v000001d9d06483d0_0 .net "key_new", 127 0, L_000001d9d066fd00;  1 drivers
v000001d9d0648b50_0 .net "mode", 0 0, v000001d9d0422df0_0;  1 drivers
v000001d9d0648bf0_0 .net "raddr", 3 0, v000001d9d0422850_0;  1 drivers
v000001d9d06486f0_0 .net "rot_out", 31 0, L_000001d9d066fda0;  alias, 1 drivers
v000001d9d0647890_0 .net "round", 3 0, v000001d9d0421270_0;  1 drivers
v000001d9d0647a70_0 .net "rst_n", 0 0, v000001d9d066fb20_0;  alias, 1 drivers
v000001d9d0647750_0 .net "src_rf", 0 0, v000001d9d0421950_0;  1 drivers
v000001d9d06474d0_0 .net "sub_in", 31 0, L_000001d9d06df030;  alias, 1 drivers
v000001d9d0648dd0_0 .net "waddr", 3 0, v000001d9d0423570_0;  1 drivers
v000001d9d0647bb0_0 .net "wen", 0 0, v000001d9d0422990_0;  1 drivers
L_000001d9d0670ca0 .part L_000001d9d0495b50, 0, 32;
S_000001d9d030f980 .scope module, "KeyLogic_Contronller_inst" "KeyLogic_Controller" 5 63, 6 1 0, S_000001d9d030f7f0;
 .timescale 0 0;
    .port_info 0 /INPUT 1 "clk";
    .port_info 1 /INPUT 1 "rst_n";
    .port_info 2 /INPUT 1 "Key_rd";
    .port_info 3 /INPUT 4 "addr_key";
    .port_info 4 /OUTPUT 1 "done";
    .port_info 5 /OUTPUT 1 "mode";
    .port_info 6 /OUTPUT 4 "round";
    .port_info 7 /OUTPUT 4 "raddr";
    .port_info 8 /OUTPUT 4 "waddr";
    .port_info 9 /OUTPUT 1 "wen";
    .port_info 10 /OUTPUT 1 "src_rf";
P_000001d9d0404330 .param/l "DONE" 1 6 20, +C4<00000000000000000000000000000100>;
P_000001d9d0404368 .param/l "IDLE" 1 6 16, +C4<00000000000000000000000000000000>;
P_000001d9d04043a0 .param/l "LOAD_KEY" 1 6 17, +C4<00000000000000000000000000000001>;
P_000001d9d04043d8 .param/l "ROTWORD_SUBWORD" 1 6 18, +C4<00000000000000000000000000000010>;
P_000001d9d0404410 .param/l "XORR_WRITE_RF" 1 6 19, +C4<00000000000000000000000000000011>;
v000001d9d04234d0_0 .net "Key_rd", 0 0, v000001d9d066cc40_0;  alias, 1 drivers
v000001d9d0421db0_0 .net "addr_key", 3 0, v000001d9d06730e0_0;  alias, 1 drivers
v000001d9d0421310_0 .net "clk", 0 0, v000001d9d06702a0_0;  alias, 1 drivers
v000001d9d0421e50_0 .var "done", 0 0;
v000001d9d0422df0_0 .var "mode", 0 0;
v000001d9d0423390_0 .var "next_state", 2 0;
v000001d9d0422850_0 .var "raddr", 3 0;
v000001d9d0421270_0 .var "round", 3 0;
v000001d9d0421ef0_0 .net "rst_n", 0 0, v000001d9d066fb20_0;  alias, 1 drivers
v000001d9d0421950_0 .var "src_rf", 0 0;
v000001d9d04228f0_0 .var "state", 2 0;
v000001d9d0423570_0 .var "waddr", 3 0;
v000001d9d0422990_0 .var "wen", 0 0;
E_000001d9d05b6ae0 .event anyedge, v000001d9d04228f0_0, v000001d9d04234d0_0, v000001d9d0423570_0;
S_000001d9d02d2a00 .scope module, "Mux2_inst" "Mux2" 5 31, 7 1 0, S_000001d9d030f7f0;
 .timescale 0 0;
    .port_info 0 /INPUT 128 "a";
    .port_info 1 /INPUT 128 "b";
    .port_info 2 /INPUT 1 "select";
    .port_info 3 /OUTPUT 128 "c";
v000001d9d0421770_0 .net "a", 127 0, L_000001d9d066fd00;  alias, 1 drivers
v000001d9d0421630_0 .net "b", 127 0, v000001d9d04222b0_0;  alias, 1 drivers
v000001d9d0422e90_0 .net "c", 127 0, L_000001d9d0670520;  alias, 1 drivers
v000001d9d04213b0_0 .net "select", 0 0, v000001d9d0421950_0;  alias, 1 drivers
L_000001d9d0670520 .functor MUXZ 128, L_000001d9d066fd00, v000001d9d04222b0_0, v000001d9d0421950_0, C4<>;
S_000001d9d02d2b90 .scope module, "Registerfile_inst" "Registerfile" 5 38, 8 1 0, S_000001d9d030f7f0;
 .timescale 0 0;
    .port_info 0 /INPUT 1 "clk";
    .port_info 1 /INPUT 1 "rst_n";
    .port_info 2 /INPUT 1 "wen";
    .port_info 3 /INPUT 4 "waddr";
    .port_info 4 /INPUT 128 "din";
    .port_info 5 /INPUT 4 "raddr";
    .port_info 6 /OUTPUT 128 "dout";
L_000001d9d0495b50 .functor BUFZ 128, L_000001d9d066e720, C4<00000000000000000000000000000000000000000000000000000000000000000000000000000000000000000000000000000000000000000000000000000000>, C4<00000000000000000000000000000000000000000000000000000000000000000000000000000000000000000000000000000000000000000000000000000000>, C4<00000000000000000000000000000000000000000000000000000000000000000000000000000000000000000000000000000000000000000000000000000000>;
v000001d9d0421450_0 .net *"_ivl_0", 127 0, L_000001d9d066e720;  1 drivers
v000001d9d0421f90_0 .net *"_ivl_2", 4 0, L_000001d9d0670840;  1 drivers
L_000001d9d0677db8 .functor BUFT 1, C4<0>, C4<0>, C4<0>, C4<0>;
v000001d9d0422a30_0 .net *"_ivl_5", 0 0, L_000001d9d0677db8;  1 drivers
v000001d9d0421590_0 .net "clk", 0 0, v000001d9d06702a0_0;  alias, 1 drivers
v000001d9d0422030_0 .net "din", 127 0, L_000001d9d0670520;  alias, 1 drivers
v000001d9d0421810_0 .net "dout", 127 0, L_000001d9d0495b50;  alias, 1 drivers
v000001d9d04220d0_0 .var/i "i", 31 0;
v000001d9d0422ad0_0 .net "raddr", 3 0, v000001d9d0422850_0;  alias, 1 drivers
v000001d9d04218b0 .array "regs", 10 0, 127 0;
v000001d9d0422b70_0 .net "rst_n", 0 0, v000001d9d066fb20_0;  alias, 1 drivers
v000001d9d04219f0_0 .net "waddr", 3 0, v000001d9d0423570_0;  alias, 1 drivers
v000001d9d0422170_0 .net "wen", 0 0, v000001d9d0422990_0;  alias, 1 drivers
L_000001d9d066e720 .array/port v000001d9d04218b0, L_000001d9d0670840;
L_000001d9d0670840 .concat [ 4 1 0 0], v000001d9d0422850_0, L_000001d9d0677db8;
S_000001d9d02d2d20 .scope module, "RotWord_inst" "RotWord" 5 49, 9 1 0, S_000001d9d030f7f0;
 .timescale 0 0;
    .port_info 0 /INPUT 32 "rot_in";
    .port_info 1 /OUTPUT 32 "rot_out";
v000001d9d0422f30_0 .net *"_ivl_1", 23 0, L_000001d9d066e7c0;  1 drivers
v000001d9d0422210_0 .net *"_ivl_3", 7 0, L_000001d9d066eea0;  1 drivers
v000001d9d0423070_0 .net "rot_in", 31 0, L_000001d9d0670ca0;  1 drivers
v000001d9d0423110_0 .net "rot_out", 31 0, L_000001d9d066fda0;  alias, 1 drivers
L_000001d9d066e7c0 .part L_000001d9d0670ca0, 0, 24;
L_000001d9d066eea0 .part L_000001d9d0670ca0, 24, 8;
L_000001d9d066fda0 .concat [ 8 24 0 0], L_000001d9d066eea0, L_000001d9d066e7c0;
S_000001d9d02d1c80 .scope module, "Xorr_inst" "Xorr" 5 56, 10 4 0, S_000001d9d030f7f0;
 .timescale 0 0;
    .port_info 0 /INPUT 128 "key_prev";
    .port_info 1 /INPUT 32 "sub_in";
    .port_info 2 /INPUT 4 "round";
    .port_info 3 /OUTPUT 128 "key_new";
L_000001d9d0496480 .functor BUFZ 128, L_000001d9d0495b50, C4<00000000000000000000000000000000000000000000000000000000000000000000000000000000000000000000000000000000000000000000000000000000>, C4<00000000000000000000000000000000000000000000000000000000000000000000000000000000000000000000000000000000000000000000000000000000>, C4<00000000000000000000000000000000000000000000000000000000000000000000000000000000000000000000000000000000000000000000000000000000>;
L_000001d9d0496330 .functor XOR 32, L_000001d9d06df030, v000001d9d04231b0_0, C4<00000000000000000000000000000000>, C4<00000000000000000000000000000000>;
L_000001d9d0495d10 .functor XOR 32, L_000001d9d06707a0, L_000001d9d0496330, C4<00000000000000000000000000000000>, C4<00000000000000000000000000000000>;
L_000001d9d0496b80 .functor XOR 32, L_000001d9d066f620, L_000001d9d0495d10, C4<00000000000000000000000000000000>, C4<00000000000000000000000000000000>;
L_000001d9d0495e60 .functor XOR 32, L_000001d9d0670a20, L_000001d9d0496b80, C4<00000000000000000000000000000000>, C4<00000000000000000000000000000000>;
L_000001d9d0496d40 .functor XOR 32, L_000001d9d066ecc0, L_000001d9d0495e60, C4<00000000000000000000000000000000>, C4<00000000000000000000000000000000>;
v000001d9d04232f0_0 .net *"_ivl_6", 127 0, L_000001d9d0496480;  1 drivers
v000001d9d0424bf0_0 .net "key_new", 127 0, L_000001d9d066fd00;  alias, 1 drivers
v000001d9d04237f0_0 .net "key_prev", 127 0, L_000001d9d0495b50;  alias, 1 drivers
v000001d9d0424010_0 .net "rcon", 31 0, v000001d9d04231b0_0;  1 drivers
v000001d9d0423a70_0 .net "round", 3 0, v000001d9d0421270_0;  alias, 1 drivers
v000001d9d0423930_0 .net "sub_in", 31 0, L_000001d9d06df030;  alias, 1 drivers
v000001d9d0424790_0 .net "temp", 31 0, L_000001d9d0496330;  1 drivers
v000001d9d02f2260_0 .net "w0", 31 0, L_000001d9d06707a0;  1 drivers
v000001d9d02f0a00_0 .net "w1", 31 0, L_000001d9d066f620;  1 drivers
v000001d9d02f0aa0_0 .net "w2", 31 0, L_000001d9d0670a20;  1 drivers
v000001d9d02f0fa0_0 .net "w3", 31 0, L_000001d9d066ecc0;  1 drivers
v000001d9d02f1360_0 .net "w4", 31 0, L_000001d9d0495d10;  1 drivers
v000001d9d02f1400_0 .net "w5", 31 0, L_000001d9d0496b80;  1 drivers
v000001d9d03aaa10_0 .net "w6", 31 0, L_000001d9d0495e60;  1 drivers
v000001d9d03abaf0_0 .net "w7", 31 0, L_000001d9d0496d40;  1 drivers
L_000001d9d06707a0 .part L_000001d9d0496480, 96, 32;
L_000001d9d066f620 .part L_000001d9d0496480, 64, 32;
L_000001d9d0670a20 .part L_000001d9d0496480, 32, 32;
L_000001d9d066ecc0 .part L_000001d9d0496480, 0, 32;
L_000001d9d066fd00 .concat [ 32 32 32 32], L_000001d9d0496d40, L_000001d9d0495e60, L_000001d9d0496b80, L_000001d9d0495d10;
S_000001d9d02d1e10 .scope module, "u_rcon" "Rcon" 10 19, 11 1 0, S_000001d9d02d1c80;
 .timescale 0 0;
    .port_info 0 /INPUT 4 "round";
    .port_info 1 /OUTPUT 32 "rcon_out";
v000001d9d04231b0_0 .var "rcon_out", 31 0;
v000001d9d0423250_0 .net "round", 3 0, v000001d9d0421270_0;  alias, 1 drivers
E_000001d9d05b7960 .event anyedge, v000001d9d0421270_0;
S_000001d9d02b6930 .scope module, "Mux2_inst" "Mux2" 3 78, 7 1 0, S_000001d9d05fc870;
 .timescale 0 0;
    .port_info 0 /INPUT 128 "a";
    .port_info 1 /INPUT 128 "b";
    .port_info 2 /INPUT 1 "select";
    .port_info 3 /OUTPUT 128 "c";
v000001d9d0647250_0 .net "a", 127 0, L_000001d9d06c76c0;  alias, 1 drivers
v000001d9d0648c90_0 .net "b", 127 0, L_000001d9d066f300;  alias, 1 drivers
v000001d9d0649410_0 .net "c", 127 0, L_000001d9d06c7760;  alias, 1 drivers
v000001d9d06471b0_0 .net "select", 0 0, v000001d9d066d280_0;  alias, 1 drivers
L_000001d9d06c7760 .functor MUXZ 128, L_000001d9d06c76c0, L_000001d9d066f300, v000001d9d066d280_0, C4<>;
S_000001d9d02b6ac0 .scope module, "ProcessingCore_inst" "ProcessingCore" 3 60, 12 6 0, S_000001d9d05fc870;
 .timescale 0 0;
    .port_info 0 /INPUT 1 "clk";
    .port_info 1 /INPUT 1 "rst_n";
    .port_info 2 /INPUT 1 "datard";
    .port_info 3 /INPUT 128 "text";
    .port_info 4 /INPUT 128 "key";
    .port_info 5 /OUTPUT 4 "addr_key";
    .port_info 6 /OUTPUT 1 "ctvalid";
    .port_info 7 /OUTPUT 128 "ciphertext";
    .port_info 8 /OUTPUT 1 "ready_new_input";
    .port_info 9 /INPUT 128 "sbox_out";
    .port_info 10 /OUTPUT 128 "sbox_in";
v000001d9d0670de0_0 .net "addr_key", 3 0, v000001d9d06730e0_0;  alias, 1 drivers
v000001d9d0672aa0_0 .net "b_in", 127 0, L_000001d9d066fee0;  1 drivers
v000001d9d0672b40_0 .net "ciphertext", 127 0, L_000001d9d06c9010;  alias, 1 drivers
v000001d9d0672be0_0 .net "clk", 0 0, v000001d9d06702a0_0;  alias, 1 drivers
v000001d9d0673220_0 .net "ctvalid", 0 0, v000001d9d0672fa0_0;  alias, 1 drivers
v000001d9d0672d20_0 .net "datard", 0 0, v000001d9d066c100_0;  alias, 1 drivers
v000001d9d06732c0_0 .net "dout_MA", 127 0, v000001d9d0671600_0;  1 drivers
v000001d9d06737c0_0 .net "key", 127 0, L_000001d9d0496aa0;  alias, 1 drivers
v000001d9d0673720_0 .net8 "ready_new_input", 0 0, RS_000001d9d06062c8;  alias, 2 drivers
v000001d9d06735e0_0 .net "rst_n", 0 0, v000001d9d066fb20_0;  alias, 1 drivers
v000001d9d0673680_0 .net "sbox_in", 127 0, L_000001d9d066f300;  alias, 1 drivers
v000001d9d0673860_0 .net "sbox_out", 127 0, L_000001d9d06c8590;  alias, 1 drivers
v000001d9d0673900_0 .net "src_input", 0 0, v000001d9d0671ba0_0;  1 drivers
v000001d9d0673cc0_0 .net "text", 127 0, v000001d9d04222b0_0;  alias, 1 drivers
S_000001d9d02b6c50 .scope module, "AddRoundKey_inst" "AddRoundKey" 12 47, 13 1 0, S_000001d9d02b6ac0;
 .timescale 0 0;
    .port_info 0 /INPUT 128 "din";
    .port_info 1 /INPUT 128 "key";
    .port_info 2 /OUTPUT 128 "dout";
L_000001d9d06c9010 .functor XOR 128, L_000001d9d06c8590, L_000001d9d0496aa0, C4<00000000000000000000000000000000000000000000000000000000000000000000000000000000000000000000000000000000000000000000000000000000>, C4<00000000000000000000000000000000000000000000000000000000000000000000000000000000000000000000000000000000000000000000000000000000>;
v000001d9d0647e30_0 .net "din", 127 0, L_000001d9d06c8590;  alias, 1 drivers
v000001d9d0647ed0_0 .net "dout", 127 0, L_000001d9d06c9010;  alias, 1 drivers
v000001d9d0648830_0 .net "key", 127 0, L_000001d9d0496aa0;  alias, 1 drivers
S_000001d9d02f8d90 .scope module, "MixColumns_AddRoundKey_inst" "MixColumns_AddRoundKey" 12 39, 14 4 0, S_000001d9d02b6ac0;
 .timescale 0 0;
    .port_info 0 /INPUT 1 "clk";
    .port_info 1 /INPUT 1 "rst_n";
    .port_info 2 /INPUT 128 "din";
    .port_info 3 /INPUT 128 "key";
    .port_info 4 /OUTPUT 128 "dout";
v000001d9d0672f00_0 .net "clk", 0 0, v000001d9d06702a0_0;  alias, 1 drivers
v000001d9d0671920_0 .net "din", 127 0, L_000001d9d06c8590;  alias, 1 drivers
v000001d9d0671600_0 .var "dout", 127 0;
v000001d9d0672c80_0 .net "dout_tmp", 127 0, L_000001d9d06c95c0;  1 drivers
v000001d9d06719c0_0 .net "key", 127 0, L_000001d9d0496aa0;  alias, 1 drivers
v000001d9d06714c0_0 .net "rst_n", 0 0, v000001d9d066fb20_0;  alias, 1 drivers
v000001d9d0671060_0 .net "state_out", 127 0, L_000001d9d06c7620;  1 drivers
S_000001d9d064b6b0 .scope module, "AddRoundKey_inst" "AddRoundKey" 14 16, 13 1 0, S_000001d9d02f8d90;
 .timescale 0 0;
    .port_info 0 /INPUT 128 "din";
    .port_info 1 /INPUT 128 "key";
    .port_info 2 /OUTPUT 128 "dout";
L_000001d9d06c95c0 .functor XOR 128, L_000001d9d06c7620, L_000001d9d0496aa0, C4<00000000000000000000000000000000000000000000000000000000000000000000000000000000000000000000000000000000000000000000000000000000>, C4<00000000000000000000000000000000000000000000000000000000000000000000000000000000000000000000000000000000000000000000000000000000>;
v000001d9d06488d0_0 .net "din", 127 0, L_000001d9d06c7620;  alias, 1 drivers
v000001d9d0648f10_0 .net "dout", 127 0, L_000001d9d06c95c0;  alias, 1 drivers
v000001d9d0647f70_0 .net "key", 127 0, L_000001d9d0496aa0;  alias, 1 drivers
S_000001d9d064b9d0 .scope module, "MixColumns_inst" "MixColumns" 14 12, 15 3 0, S_000001d9d02f8d90;
 .timescale 0 0;
    .port_info 0 /INPUT 128 "state_in";
    .port_info 1 /OUTPUT 128 "state_out";
L_000001d9d04027e0 .functor XOR 8, L_000001d9d06c0140, L_000001d9d0495df0, C4<00000000>, C4<00000000>;
L_000001d9d0402850 .functor XOR 8, L_000001d9d04027e0, L_000001d9d066f440, C4<00000000>, C4<00000000>;
L_000001d9d04013c0 .functor XOR 8, L_000001d9d0402850, L_000001d9d066f4e0, C4<00000000>, C4<00000000>;
L_000001d9d035bbc0 .functor XOR 8, L_000001d9d0670c00, L_000001d9d06c0320, C4<00000000>, C4<00000000>;
L_000001d9d035c3a0 .functor XOR 8, L_000001d9d035bbc0, L_000001d9d0496cd0, C4<00000000>, C4<00000000>;
L_000001d9d03a7240 .functor XOR 8, L_000001d9d035c3a0, L_000001d9d066f4e0, C4<00000000>, C4<00000000>;
L_000001d9d03a7710 .functor XOR 8, L_000001d9d0670c00, L_000001d9d066f3a0, C4<00000000>, C4<00000000>;
L_000001d9d06c80c0 .functor XOR 8, L_000001d9d03a7710, L_000001d9d06c1ae0, C4<00000000>, C4<00000000>;
L_000001d9d06c8050 .functor XOR 8, L_000001d9d06c80c0, L_000001d9d04963a0, C4<00000000>, C4<00000000>;
L_000001d9d06c7f00 .functor XOR 8, L_000001d9d0497130, L_000001d9d066f3a0, C4<00000000>, C4<00000000>;
L_000001d9d06c8e50 .functor XOR 8, L_000001d9d06c7f00, L_000001d9d066f440, C4<00000000>, C4<00000000>;
L_000001d9d06c8d70 .functor XOR 8, L_000001d9d06c8e50, L_000001d9d06bfec0, C4<00000000>, C4<00000000>;
L_000001d9d06c8c20 .functor XOR 8, L_000001d9d06c0fa0, L_000001d9d0495f40, C4<00000000>, C4<00000000>;
L_000001d9d06c81a0 .functor XOR 8, L_000001d9d06c8c20, L_000001d9d066e5e0, C4<00000000>, C4<00000000>;
L_000001d9d06c9550 .functor XOR 8, L_000001d9d06c81a0, L_000001d9d066f8a0, C4<00000000>, C4<00000000>;
L_000001d9d06c83d0 .functor XOR 8, L_000001d9d0670d40, L_000001d9d06c0000, C4<00000000>, C4<00000000>;
L_000001d9d06c9080 .functor XOR 8, L_000001d9d06c83d0, L_000001d9d0496fe0, C4<00000000>, C4<00000000>;
L_000001d9d06c8c90 .functor XOR 8, L_000001d9d06c9080, L_000001d9d066f8a0, C4<00000000>, C4<00000000>;
L_000001d9d06c8600 .functor XOR 8, L_000001d9d0670d40, L_000001d9d066f6c0, C4<00000000>, C4<00000000>;
L_000001d9d06c8130 .functor XOR 8, L_000001d9d06c8600, L_000001d9d06c0640, C4<00000000>, C4<00000000>;
L_000001d9d06c8de0 .functor XOR 8, L_000001d9d06c8130, L_000001d9d0497050, C4<00000000>, C4<00000000>;
L_000001d9d06c7f70 .functor XOR 8, L_000001d9d0496f70, L_000001d9d066f6c0, C4<00000000>, C4<00000000>;
L_000001d9d06c7e90 .functor XOR 8, L_000001d9d06c7f70, L_000001d9d066e5e0, C4<00000000>, C4<00000000>;
L_000001d9d06c9630 .functor XOR 8, L_000001d9d06c7e90, L_000001d9d06c1cc0, C4<00000000>, C4<00000000>;
L_000001d9d06c89f0 .functor XOR 8, L_000001d9d06c21c0, L_000001d9d0496950, C4<00000000>, C4<00000000>;
L_000001d9d06c9710 .functor XOR 8, L_000001d9d06c89f0, L_000001d9d06c1360, C4<00000000>, C4<00000000>;
L_000001d9d06c87c0 .functor XOR 8, L_000001d9d06c9710, L_000001d9d06c1900, C4<00000000>, C4<00000000>;
L_000001d9d06c8210 .functor XOR 8, L_000001d9d06c23a0, L_000001d9d06c26c0, C4<00000000>, C4<00000000>;
L_000001d9d06c8280 .functor XOR 8, L_000001d9d06c8210, L_000001d9d04966b0, C4<00000000>, C4<00000000>;
L_000001d9d06c7fe0 .functor XOR 8, L_000001d9d06c8280, L_000001d9d06c1900, C4<00000000>, C4<00000000>;
L_000001d9d06c90f0 .functor XOR 8, L_000001d9d06c23a0, L_000001d9d06c0820, C4<00000000>, C4<00000000>;
L_000001d9d06c8fa0 .functor XOR 8, L_000001d9d06c90f0, L_000001d9d06c2940, C4<00000000>, C4<00000000>;
L_000001d9d06c9160 .functor XOR 8, L_000001d9d06c8fa0, L_000001d9d0496720, C4<00000000>, C4<00000000>;
L_000001d9d06c8b40 .functor XOR 8, L_000001d9d0497280, L_000001d9d06c0820, C4<00000000>, C4<00000000>;
L_000001d9d06c8440 .functor XOR 8, L_000001d9d06c8b40, L_000001d9d06c1360, C4<00000000>, C4<00000000>;
L_000001d9d06c8750 .functor XOR 8, L_000001d9d06c8440, L_000001d9d06c29e0, C4<00000000>, C4<00000000>;
L_000001d9d06c91d0 .functor XOR 8, L_000001d9d06c3020, L_000001d9d0496790, C4<00000000>, C4<00000000>;
L_000001d9d06c8360 .functor XOR 8, L_000001d9d06c91d0, L_000001d9d06c0500, C4<00000000>, C4<00000000>;
L_000001d9d06c8d00 .functor XOR 8, L_000001d9d06c8360, L_000001d9d06c19a0, C4<00000000>, C4<00000000>;
L_000001d9d06c8520 .functor XOR 8, L_000001d9d06c2440, L_000001d9d06c2c60, C4<00000000>, C4<00000000>;
L_000001d9d06c82f0 .functor XOR 8, L_000001d9d06c8520, L_000001d9d04968e0, C4<00000000>, C4<00000000>;
L_000001d9d06c8a60 .functor XOR 8, L_000001d9d06c82f0, L_000001d9d06c19a0, C4<00000000>, C4<00000000>;
L_000001d9d06c9240 .functor XOR 8, L_000001d9d06c2440, L_000001d9d06c0280, C4<00000000>, C4<00000000>;
L_000001d9d06c8ec0 .functor XOR 8, L_000001d9d06c9240, L_000001d9d06c2f80, C4<00000000>, C4<00000000>;
L_000001d9d06c9400 .functor XOR 8, L_000001d9d06c8ec0, L_000001d9d0497600, C4<00000000>, C4<00000000>;
L_000001d9d06c8980 .functor XOR 8, L_000001d9d0497360, L_000001d9d06c0280, C4<00000000>, C4<00000000>;
L_000001d9d06c9470 .functor XOR 8, L_000001d9d06c8980, L_000001d9d06c0500, C4<00000000>, C4<00000000>;
L_000001d9d06c84b0 .functor XOR 8, L_000001d9d06c9470, L_000001d9d06c4060, C4<00000000>, C4<00000000>;
v000001d9d065be10_0 .net *"_ivl_100", 7 0, L_000001d9d06c8440;  1 drivers
v000001d9d065beb0_0 .net *"_ivl_104", 7 0, L_000001d9d06c91d0;  1 drivers
v000001d9d065c310_0 .net *"_ivl_106", 7 0, L_000001d9d06c8360;  1 drivers
v000001d9d065cdb0_0 .net *"_ivl_110", 7 0, L_000001d9d06c8520;  1 drivers
v000001d9d065e7f0_0 .net *"_ivl_112", 7 0, L_000001d9d06c82f0;  1 drivers
v000001d9d065dc10_0 .net *"_ivl_116", 7 0, L_000001d9d06c9240;  1 drivers
v000001d9d065de90_0 .net *"_ivl_118", 7 0, L_000001d9d06c8ec0;  1 drivers
v000001d9d065d8f0_0 .net *"_ivl_122", 7 0, L_000001d9d06c8980;  1 drivers
v000001d9d065df30_0 .net *"_ivl_124", 7 0, L_000001d9d06c9470;  1 drivers
v000001d9d065d670_0 .net *"_ivl_32", 7 0, L_000001d9d04027e0;  1 drivers
v000001d9d065e4d0_0 .net *"_ivl_34", 7 0, L_000001d9d0402850;  1 drivers
v000001d9d065d7b0_0 .net *"_ivl_38", 7 0, L_000001d9d035bbc0;  1 drivers
v000001d9d065d350_0 .net *"_ivl_40", 7 0, L_000001d9d035c3a0;  1 drivers
v000001d9d065f010_0 .net *"_ivl_44", 7 0, L_000001d9d03a7710;  1 drivers
v000001d9d065e890_0 .net *"_ivl_46", 7 0, L_000001d9d06c80c0;  1 drivers
v000001d9d065e390_0 .net *"_ivl_50", 7 0, L_000001d9d06c7f00;  1 drivers
v000001d9d065e570_0 .net *"_ivl_52", 7 0, L_000001d9d06c8e50;  1 drivers
v000001d9d065dfd0_0 .net *"_ivl_56", 7 0, L_000001d9d06c8c20;  1 drivers
v000001d9d065f3d0_0 .net *"_ivl_58", 7 0, L_000001d9d06c81a0;  1 drivers
v000001d9d065d530_0 .net *"_ivl_62", 7 0, L_000001d9d06c83d0;  1 drivers
v000001d9d065cef0_0 .net *"_ivl_64", 7 0, L_000001d9d06c9080;  1 drivers
v000001d9d065e070_0 .net *"_ivl_68", 7 0, L_000001d9d06c8600;  1 drivers
v000001d9d065cf90_0 .net *"_ivl_70", 7 0, L_000001d9d06c8130;  1 drivers
v000001d9d065e110_0 .net *"_ivl_74", 7 0, L_000001d9d06c7f70;  1 drivers
v000001d9d065d3f0_0 .net *"_ivl_76", 7 0, L_000001d9d06c7e90;  1 drivers
v000001d9d065d490_0 .net *"_ivl_80", 7 0, L_000001d9d06c89f0;  1 drivers
v000001d9d065d0d0_0 .net *"_ivl_82", 7 0, L_000001d9d06c9710;  1 drivers
v000001d9d065e430_0 .net *"_ivl_86", 7 0, L_000001d9d06c8210;  1 drivers
v000001d9d065e1b0_0 .net *"_ivl_88", 7 0, L_000001d9d06c8280;  1 drivers
v000001d9d065e930_0 .net *"_ivl_92", 7 0, L_000001d9d06c90f0;  1 drivers
v000001d9d065d5d0_0 .net *"_ivl_94", 7 0, L_000001d9d06c8fa0;  1 drivers
v000001d9d065e610_0 .net *"_ivl_98", 7 0, L_000001d9d06c8b40;  1 drivers
v000001d9d065f470_0 .net "m0", 7 0, L_000001d9d04013c0;  1 drivers
v000001d9d065d710_0 .net "m1", 7 0, L_000001d9d03a7240;  1 drivers
v000001d9d065d170_0 .net "m10", 7 0, L_000001d9d06c9160;  1 drivers
v000001d9d065e250_0 .net "m11", 7 0, L_000001d9d06c8750;  1 drivers
v000001d9d065e9d0_0 .net "m12", 7 0, L_000001d9d06c8d00;  1 drivers
v000001d9d065d210_0 .net "m13", 7 0, L_000001d9d06c8a60;  1 drivers
v000001d9d065eed0_0 .net "m14", 7 0, L_000001d9d06c9400;  1 drivers
v000001d9d065ebb0_0 .net "m15", 7 0, L_000001d9d06c84b0;  1 drivers
v000001d9d065d030_0 .net "m2", 7 0, L_000001d9d06c8050;  1 drivers
v000001d9d065ea70_0 .net "m3", 7 0, L_000001d9d06c8d70;  1 drivers
v000001d9d065d2b0_0 .net "m4", 7 0, L_000001d9d06c9550;  1 drivers
v000001d9d065e6b0_0 .net "m5", 7 0, L_000001d9d06c8c90;  1 drivers
v000001d9d065e750_0 .net "m6", 7 0, L_000001d9d06c8de0;  1 drivers
v000001d9d065eb10_0 .net "m7", 7 0, L_000001d9d06c9630;  1 drivers
v000001d9d065ed90_0 .net "m8", 7 0, L_000001d9d06c87c0;  1 drivers
v000001d9d065ec50_0 .net "m9", 7 0, L_000001d9d06c7fe0;  1 drivers
v000001d9d065e2f0_0 .net "s0", 7 0, L_000001d9d0670c00;  1 drivers
v000001d9d065ecf0_0 .net "s0_2", 7 0, L_000001d9d06c0140;  1 drivers
v000001d9d065d850_0 .net "s0_3", 7 0, L_000001d9d0497130;  1 drivers
v000001d9d065f510_0 .net "s1", 7 0, L_000001d9d066f3a0;  1 drivers
v000001d9d065ef70_0 .net "s10", 7 0, L_000001d9d06c1360;  1 drivers
v000001d9d065ddf0_0 .net "s10_2", 7 0, L_000001d9d06c2940;  1 drivers
v000001d9d065d990_0 .net "s10_3", 7 0, L_000001d9d04966b0;  1 drivers
v000001d9d065f1f0_0 .net "s11", 7 0, L_000001d9d06c1900;  1 drivers
v000001d9d065dcb0_0 .net "s11_2", 7 0, L_000001d9d06c29e0;  1 drivers
v000001d9d065dd50_0 .net "s11_3", 7 0, L_000001d9d0496720;  1 drivers
v000001d9d065ee30_0 .net "s12", 7 0, L_000001d9d06c2440;  1 drivers
v000001d9d065da30_0 .net "s12_2", 7 0, L_000001d9d06c3020;  1 drivers
v000001d9d065ce50_0 .net "s12_3", 7 0, L_000001d9d0497360;  1 drivers
v000001d9d065f0b0_0 .net "s13", 7 0, L_000001d9d06c0280;  1 drivers
v000001d9d065dad0_0 .net "s13_2", 7 0, L_000001d9d06c2c60;  1 drivers
v000001d9d065f150_0 .net "s13_3", 7 0, L_000001d9d0496790;  1 drivers
v000001d9d065db70_0 .net "s14", 7 0, L_000001d9d06c0500;  1 drivers
v000001d9d065f290_0 .net "s14_2", 7 0, L_000001d9d06c2f80;  1 drivers
v000001d9d065f330_0 .net "s14_3", 7 0, L_000001d9d04968e0;  1 drivers
v000001d9d065fbf0_0 .net "s15", 7 0, L_000001d9d06c19a0;  1 drivers
v000001d9d065f8d0_0 .net "s15_2", 7 0, L_000001d9d06c4060;  1 drivers
v000001d9d065fc90_0 .net "s15_3", 7 0, L_000001d9d0497600;  1 drivers
v000001d9d065f790_0 .net "s1_2", 7 0, L_000001d9d06c0320;  1 drivers
v000001d9d065f6f0_0 .net "s1_3", 7 0, L_000001d9d0495df0;  1 drivers
v000001d9d065f5b0_0 .net "s2", 7 0, L_000001d9d066f440;  1 drivers
v000001d9d065f830_0 .net "s2_2", 7 0, L_000001d9d06c1ae0;  1 drivers
v000001d9d065f650_0 .net "s2_3", 7 0, L_000001d9d0496cd0;  1 drivers
v000001d9d065f970_0 .net "s3", 7 0, L_000001d9d066f4e0;  1 drivers
v000001d9d065fa10_0 .net "s3_2", 7 0, L_000001d9d06bfec0;  1 drivers
v000001d9d065fab0_0 .net "s3_3", 7 0, L_000001d9d04963a0;  1 drivers
v000001d9d065fb50_0 .net "s4", 7 0, L_000001d9d0670d40;  1 drivers
v000001d9d0671740_0 .net "s4_2", 7 0, L_000001d9d06c0fa0;  1 drivers
v000001d9d06717e0_0 .net "s4_3", 7 0, L_000001d9d0496f70;  1 drivers
v000001d9d0672dc0_0 .net "s5", 7 0, L_000001d9d066f6c0;  1 drivers
v000001d9d0670f20_0 .net "s5_2", 7 0, L_000001d9d06c0000;  1 drivers
v000001d9d0673360_0 .net "s5_3", 7 0, L_000001d9d0495f40;  1 drivers
v000001d9d0671d80_0 .net "s6", 7 0, L_000001d9d066e5e0;  1 drivers
v000001d9d0671560_0 .net "s6_2", 7 0, L_000001d9d06c0640;  1 drivers
v000001d9d06725a0_0 .net "s6_3", 7 0, L_000001d9d0496fe0;  1 drivers
v000001d9d06734a0_0 .net "s7", 7 0, L_000001d9d066f8a0;  1 drivers
v000001d9d0671880_0 .net "s7_2", 7 0, L_000001d9d06c1cc0;  1 drivers
v000001d9d06712e0_0 .net "s7_3", 7 0, L_000001d9d0497050;  1 drivers
v000001d9d0670e80_0 .net "s8", 7 0, L_000001d9d06c23a0;  1 drivers
v000001d9d0672280_0 .net "s8_2", 7 0, L_000001d9d06c21c0;  1 drivers
v000001d9d0672820_0 .net "s8_3", 7 0, L_000001d9d0497280;  1 drivers
v000001d9d0672500_0 .net "s9", 7 0, L_000001d9d06c0820;  1 drivers
v000001d9d0672320_0 .net "s9_2", 7 0, L_000001d9d06c26c0;  1 drivers
v000001d9d0672000_0 .net "s9_3", 7 0, L_000001d9d0496950;  1 drivers
v000001d9d0671e20_0 .net "state_in", 127 0, L_000001d9d06c8590;  alias, 1 drivers
v000001d9d0672e60_0 .net "state_out", 127 0, L_000001d9d06c7620;  alias, 1 drivers
L_000001d9d0670c00 .part L_000001d9d06c8590, 120, 8;
L_000001d9d066f3a0 .part L_000001d9d06c8590, 112, 8;
L_000001d9d066f440 .part L_000001d9d06c8590, 104, 8;
L_000001d9d066f4e0 .part L_000001d9d06c8590, 96, 8;
L_000001d9d0670d40 .part L_000001d9d06c8590, 88, 8;
L_000001d9d066f6c0 .part L_000001d9d06c8590, 80, 8;
L_000001d9d066e5e0 .part L_000001d9d06c8590, 72, 8;
L_000001d9d066f8a0 .part L_000001d9d06c8590, 64, 8;
L_000001d9d06c23a0 .part L_000001d9d06c8590, 56, 8;
L_000001d9d06c0820 .part L_000001d9d06c8590, 48, 8;
L_000001d9d06c1360 .part L_000001d9d06c8590, 40, 8;
L_000001d9d06c1900 .part L_000001d9d06c8590, 32, 8;
L_000001d9d06c2440 .part L_000001d9d06c8590, 24, 8;
L_000001d9d06c0280 .part L_000001d9d06c8590, 16, 8;
L_000001d9d06c0500 .part L_000001d9d06c8590, 8, 8;
L_000001d9d06c19a0 .part L_000001d9d06c8590, 0, 8;
LS_000001d9d06c7620_0_0 .concat [ 8 8 8 8], L_000001d9d06c84b0, L_000001d9d06c9400, L_000001d9d06c8a60, L_000001d9d06c8d00;
LS_000001d9d06c7620_0_4 .concat [ 8 8 8 8], L_000001d9d06c8750, L_000001d9d06c9160, L_000001d9d06c7fe0, L_000001d9d06c87c0;
LS_000001d9d06c7620_0_8 .concat [ 8 8 8 8], L_000001d9d06c9630, L_000001d9d06c8de0, L_000001d9d06c8c90, L_000001d9d06c9550;
LS_000001d9d06c7620_0_12 .concat [ 8 8 8 8], L_000001d9d06c8d70, L_000001d9d06c8050, L_000001d9d03a7240, L_000001d9d04013c0;
L_000001d9d06c7620 .concat [ 32 32 32 32], LS_000001d9d06c7620_0_0, LS_000001d9d06c7620_0_4, LS_000001d9d06c7620_0_8, LS_000001d9d06c7620_0_12;
S_000001d9d064aee0 .scope module, "u0_mul2" "mul2" 15 34, 16 1 0, S_000001d9d064b9d0;
 .timescale 0 0;
    .port_info 0 /INPUT 8 "a";
    .port_info 1 /OUTPUT 8 "result";
L_000001d9d0677e48 .functor BUFT 1, C4<00011011>, C4<0>, C4<0>, C4<0>;
L_000001d9d04970c0 .functor XOR 8, L_000001d9d06c1f40, L_000001d9d0677e48, C4<00000000>, C4<00000000>;
v000001d9d0647610_0 .net *"_ivl_1", 0 0, L_000001d9d06c0aa0;  1 drivers
v000001d9d06472f0_0 .net *"_ivl_10", 7 0, L_000001d9d04970c0;  1 drivers
v000001d9d0648510_0 .net *"_ivl_12", 7 0, L_000001d9d06c1e00;  1 drivers
v000001d9d0646df0_0 .net *"_ivl_14", 6 0, L_000001d9d06c1180;  1 drivers
L_000001d9d0677e90 .functor BUFT 1, C4<0>, C4<0>, C4<0>, C4<0>;
v000001d9d0647570_0 .net *"_ivl_16", 0 0, L_000001d9d0677e90;  1 drivers
v000001d9d06481f0_0 .net *"_ivl_2", 7 0, L_000001d9d06c1f40;  1 drivers
v000001d9d0648470_0 .net *"_ivl_4", 6 0, L_000001d9d06c0460;  1 drivers
L_000001d9d0677e00 .functor BUFT 1, C4<0>, C4<0>, C4<0>, C4<0>;
v000001d9d06485b0_0 .net *"_ivl_6", 0 0, L_000001d9d0677e00;  1 drivers
v000001d9d0648010_0 .net/2u *"_ivl_8", 7 0, L_000001d9d0677e48;  1 drivers
v000001d9d0646f30_0 .net "a", 7 0, L_000001d9d0670c00;  alias, 1 drivers
v000001d9d0648650_0 .net "result", 7 0, L_000001d9d06c0140;  alias, 1 drivers
L_000001d9d06c0aa0 .part L_000001d9d0670c00, 7, 1;
L_000001d9d06c0460 .part L_000001d9d0670c00, 0, 7;
L_000001d9d06c1f40 .concat [ 1 7 0 0], L_000001d9d0677e00, L_000001d9d06c0460;
L_000001d9d06c1180 .part L_000001d9d0670c00, 0, 7;
L_000001d9d06c1e00 .concat [ 1 7 0 0], L_000001d9d0677e90, L_000001d9d06c1180;
L_000001d9d06c0140 .functor MUXZ 8, L_000001d9d06c1e00, L_000001d9d04970c0, L_000001d9d06c0aa0, C4<>;
S_000001d9d064b840 .scope module, "u0_mul3" "mul3" 15 52, 17 3 0, S_000001d9d064b9d0;
 .timescale 0 0;
    .port_info 0 /INPUT 8 "a";
    .port_info 1 /OUTPUT 8 "result";
L_000001d9d0497130 .functor XOR 8, L_000001d9d06c41a0, L_000001d9d0670c00, C4<00000000>, C4<00000000>;
v000001d9d0649230_0 .net "a", 7 0, L_000001d9d0670c00;  alias, 1 drivers
v000001d9d0647b10_0 .net "mul2_result", 7 0, L_000001d9d06c41a0;  1 drivers
v000001d9d06492d0_0 .net "result", 7 0, L_000001d9d0497130;  alias, 1 drivers
S_000001d9d064b390 .scope module, "u_mul2" "mul2" 17 9, 16 1 0, S_000001d9d064b840;
 .timescale 0 0;
    .port_info 0 /INPUT 8 "a";
    .port_info 1 /OUTPUT 8 "result";
L_000001d9d0678bc8 .functor BUFT 1, C4<00011011>, C4<0>, C4<0>, C4<0>;
L_000001d9d0496170 .functor XOR 8, L_000001d9d06c38e0, L_000001d9d0678bc8, C4<00000000>, C4<00000000>;
v000001d9d06480b0_0 .net *"_ivl_1", 0 0, L_000001d9d06c3200;  1 drivers
v000001d9d0647070_0 .net *"_ivl_10", 7 0, L_000001d9d0496170;  1 drivers
v000001d9d0648fb0_0 .net *"_ivl_12", 7 0, L_000001d9d06c4880;  1 drivers
v000001d9d06490f0_0 .net *"_ivl_14", 6 0, L_000001d9d06c3980;  1 drivers
L_000001d9d0678c10 .functor BUFT 1, C4<0>, C4<0>, C4<0>, C4<0>;
v000001d9d0649190_0 .net *"_ivl_16", 0 0, L_000001d9d0678c10;  1 drivers
v000001d9d0648790_0 .net *"_ivl_2", 7 0, L_000001d9d06c38e0;  1 drivers
v000001d9d06494b0_0 .net *"_ivl_4", 6 0, L_000001d9d06c32a0;  1 drivers
L_000001d9d0678b80 .functor BUFT 1, C4<0>, C4<0>, C4<0>, C4<0>;
v000001d9d0648970_0 .net *"_ivl_6", 0 0, L_000001d9d0678b80;  1 drivers
v000001d9d0648a10_0 .net/2u *"_ivl_8", 7 0, L_000001d9d0678bc8;  1 drivers
v000001d9d0648290_0 .net "a", 7 0, L_000001d9d0670c00;  alias, 1 drivers
v000001d9d0648ab0_0 .net "result", 7 0, L_000001d9d06c41a0;  alias, 1 drivers
L_000001d9d06c3200 .part L_000001d9d0670c00, 7, 1;
L_000001d9d06c32a0 .part L_000001d9d0670c00, 0, 7;
L_000001d9d06c38e0 .concat [ 1 7 0 0], L_000001d9d0678b80, L_000001d9d06c32a0;
L_000001d9d06c3980 .part L_000001d9d0670c00, 0, 7;
L_000001d9d06c4880 .concat [ 1 7 0 0], L_000001d9d0678c10, L_000001d9d06c3980;
L_000001d9d06c41a0 .functor MUXZ 8, L_000001d9d06c4880, L_000001d9d0496170, L_000001d9d06c3200, C4<>;
S_000001d9d064bb60 .scope module, "u10_mul2" "mul2" 15 44, 16 1 0, S_000001d9d064b9d0;
 .timescale 0 0;
    .port_info 0 /INPUT 8 "a";
    .port_info 1 /OUTPUT 8 "result";
L_000001d9d06786b8 .functor BUFT 1, C4<00011011>, C4<0>, C4<0>, C4<0>;
L_000001d9d0496a30 .functor XOR 8, L_000001d9d06c4ba0, L_000001d9d06786b8, C4<00000000>, C4<00000000>;
v000001d9d0647c50_0 .net *"_ivl_1", 0 0, L_000001d9d06c4100;  1 drivers
v000001d9d0646d50_0 .net *"_ivl_10", 7 0, L_000001d9d0496a30;  1 drivers
v000001d9d0649370_0 .net *"_ivl_12", 7 0, L_000001d9d06c2d00;  1 drivers
v000001d9d0646e90_0 .net *"_ivl_14", 6 0, L_000001d9d06c3480;  1 drivers
L_000001d9d0678700 .functor BUFT 1, C4<0>, C4<0>, C4<0>, C4<0>;
v000001d9d0648150_0 .net *"_ivl_16", 0 0, L_000001d9d0678700;  1 drivers
v000001d9d0646fd0_0 .net *"_ivl_2", 7 0, L_000001d9d06c4ba0;  1 drivers
v000001d9d0647110_0 .net *"_ivl_4", 6 0, L_000001d9d06c2b20;  1 drivers
L_000001d9d0678670 .functor BUFT 1, C4<0>, C4<0>, C4<0>, C4<0>;
v000001d9d06476b0_0 .net *"_ivl_6", 0 0, L_000001d9d0678670;  1 drivers
v000001d9d0647cf0_0 .net/2u *"_ivl_8", 7 0, L_000001d9d06786b8;  1 drivers
v000001d9d06477f0_0 .net "a", 7 0, L_000001d9d06c1360;  alias, 1 drivers
v000001d9d0647930_0 .net "result", 7 0, L_000001d9d06c2940;  alias, 1 drivers
L_000001d9d06c4100 .part L_000001d9d06c1360, 7, 1;
L_000001d9d06c2b20 .part L_000001d9d06c1360, 0, 7;
L_000001d9d06c4ba0 .concat [ 1 7 0 0], L_000001d9d0678670, L_000001d9d06c2b20;
L_000001d9d06c3480 .part L_000001d9d06c1360, 0, 7;
L_000001d9d06c2d00 .concat [ 1 7 0 0], L_000001d9d0678700, L_000001d9d06c3480;
L_000001d9d06c2940 .functor MUXZ 8, L_000001d9d06c2d00, L_000001d9d0496a30, L_000001d9d06c4100, C4<>;
S_000001d9d064ad50 .scope module, "u10_mul3" "mul3" 15 62, 17 3 0, S_000001d9d064b9d0;
 .timescale 0 0;
    .port_info 0 /INPUT 8 "a";
    .port_info 1 /OUTPUT 8 "result";
L_000001d9d04966b0 .functor XOR 8, L_000001d9d06c5b40, L_000001d9d06c1360, C4<00000000>, C4<00000000>;
v000001d9d0649e10_0 .net "a", 7 0, L_000001d9d06c1360;  alias, 1 drivers
v000001d9d064a130_0 .net "mul2_result", 7 0, L_000001d9d06c5b40;  1 drivers
v000001d9d0649cd0_0 .net "result", 7 0, L_000001d9d04966b0;  alias, 1 drivers
S_000001d9d064b070 .scope module, "u_mul2" "mul2" 17 9, 16 1 0, S_000001d9d064ad50;
 .timescale 0 0;
    .port_info 0 /INPUT 8 "a";
    .port_info 1 /OUTPUT 8 "result";
L_000001d9d0679438 .functor BUFT 1, C4<00011011>, C4<0>, C4<0>, C4<0>;
L_000001d9d04972f0 .functor XOR 8, L_000001d9d06c6400, L_000001d9d0679438, C4<00000000>, C4<00000000>;
v000001d9d0649ff0_0 .net *"_ivl_1", 0 0, L_000001d9d06c5960;  1 drivers
v000001d9d064a630_0 .net *"_ivl_10", 7 0, L_000001d9d04972f0;  1 drivers
v000001d9d0649d70_0 .net *"_ivl_12", 7 0, L_000001d9d06c5820;  1 drivers
v000001d9d064a270_0 .net *"_ivl_14", 6 0, L_000001d9d06c6d60;  1 drivers
L_000001d9d0679480 .functor BUFT 1, C4<0>, C4<0>, C4<0>, C4<0>;
v000001d9d064a770_0 .net *"_ivl_16", 0 0, L_000001d9d0679480;  1 drivers
v000001d9d064a3b0_0 .net *"_ivl_2", 7 0, L_000001d9d06c6400;  1 drivers
v000001d9d064a4f0_0 .net *"_ivl_4", 6 0, L_000001d9d06c6a40;  1 drivers
L_000001d9d06793f0 .functor BUFT 1, C4<0>, C4<0>, C4<0>, C4<0>;
v000001d9d0649550_0 .net *"_ivl_6", 0 0, L_000001d9d06793f0;  1 drivers
v000001d9d0649690_0 .net/2u *"_ivl_8", 7 0, L_000001d9d0679438;  1 drivers
v000001d9d0649730_0 .net "a", 7 0, L_000001d9d06c1360;  alias, 1 drivers
v000001d9d0649f50_0 .net "result", 7 0, L_000001d9d06c5b40;  alias, 1 drivers
L_000001d9d06c5960 .part L_000001d9d06c1360, 7, 1;
L_000001d9d06c6a40 .part L_000001d9d06c1360, 0, 7;
L_000001d9d06c6400 .concat [ 1 7 0 0], L_000001d9d06793f0, L_000001d9d06c6a40;
L_000001d9d06c6d60 .part L_000001d9d06c1360, 0, 7;
L_000001d9d06c5820 .concat [ 1 7 0 0], L_000001d9d0679480, L_000001d9d06c6d60;
L_000001d9d06c5b40 .functor MUXZ 8, L_000001d9d06c5820, L_000001d9d04972f0, L_000001d9d06c5960, C4<>;
S_000001d9d064b200 .scope module, "u11_mul2" "mul2" 15 45, 16 1 0, S_000001d9d064b9d0;
 .timescale 0 0;
    .port_info 0 /INPUT 8 "a";
    .port_info 1 /OUTPUT 8 "result";
L_000001d9d0678790 .functor BUFT 1, C4<00011011>, C4<0>, C4<0>, C4<0>;
L_000001d9d0496bf0 .functor XOR 8, L_000001d9d06c2da0, L_000001d9d0678790, C4<00000000>, C4<00000000>;
v000001d9d064a310_0 .net *"_ivl_1", 0 0, L_000001d9d06c3de0;  1 drivers
v000001d9d06497d0_0 .net *"_ivl_10", 7 0, L_000001d9d0496bf0;  1 drivers
v000001d9d064a810_0 .net *"_ivl_12", 7 0, L_000001d9d06c2800;  1 drivers
v000001d9d064a6d0_0 .net *"_ivl_14", 6 0, L_000001d9d06c37a0;  1 drivers
L_000001d9d06787d8 .functor BUFT 1, C4<0>, C4<0>, C4<0>, C4<0>;
v000001d9d064aa90_0 .net *"_ivl_16", 0 0, L_000001d9d06787d8;  1 drivers
v000001d9d0649eb0_0 .net *"_ivl_2", 7 0, L_000001d9d06c2da0;  1 drivers
v000001d9d064a450_0 .net *"_ivl_4", 6 0, L_000001d9d06c3c00;  1 drivers
L_000001d9d0678748 .functor BUFT 1, C4<0>, C4<0>, C4<0>, C4<0>;
v000001d9d0649870_0 .net *"_ivl_6", 0 0, L_000001d9d0678748;  1 drivers
v000001d9d064a8b0_0 .net/2u *"_ivl_8", 7 0, L_000001d9d0678790;  1 drivers
v000001d9d064a090_0 .net "a", 7 0, L_000001d9d06c1900;  alias, 1 drivers
v000001d9d0649910_0 .net "result", 7 0, L_000001d9d06c29e0;  alias, 1 drivers
L_000001d9d06c3de0 .part L_000001d9d06c1900, 7, 1;
L_000001d9d06c3c00 .part L_000001d9d06c1900, 0, 7;
L_000001d9d06c2da0 .concat [ 1 7 0 0], L_000001d9d0678748, L_000001d9d06c3c00;
L_000001d9d06c37a0 .part L_000001d9d06c1900, 0, 7;
L_000001d9d06c2800 .concat [ 1 7 0 0], L_000001d9d06787d8, L_000001d9d06c37a0;
L_000001d9d06c29e0 .functor MUXZ 8, L_000001d9d06c2800, L_000001d9d0496bf0, L_000001d9d06c3de0, C4<>;
S_000001d9d064b520 .scope module, "u11_mul3" "mul3" 15 63, 17 3 0, S_000001d9d064b9d0;
 .timescale 0 0;
    .port_info 0 /INPUT 8 "a";
    .port_info 1 /OUTPUT 8 "result";
L_000001d9d0496720 .functor XOR 8, L_000001d9d06c5aa0, L_000001d9d06c1900, C4<00000000>, C4<00000000>;
v000001d9d064abd0_0 .net "a", 7 0, L_000001d9d06c1900;  alias, 1 drivers
v000001d9d064c810_0 .net "mul2_result", 7 0, L_000001d9d06c5aa0;  1 drivers
v000001d9d064c8b0_0 .net "result", 7 0, L_000001d9d0496720;  alias, 1 drivers
S_000001d9d055b6d0 .scope module, "u_mul2" "mul2" 17 9, 16 1 0, S_000001d9d064b520;
 .timescale 0 0;
    .port_info 0 /INPUT 8 "a";
    .port_info 1 /OUTPUT 8 "result";
L_000001d9d0679510 .functor BUFT 1, C4<00011011>, C4<0>, C4<0>, C4<0>;
L_000001d9d04961e0 .functor XOR 8, L_000001d9d06c65e0, L_000001d9d0679510, C4<00000000>, C4<00000000>;
v000001d9d06499b0_0 .net *"_ivl_1", 0 0, L_000001d9d06c58c0;  1 drivers
v000001d9d064a9f0_0 .net *"_ivl_10", 7 0, L_000001d9d04961e0;  1 drivers
v000001d9d0649a50_0 .net *"_ivl_12", 7 0, L_000001d9d06c6ea0;  1 drivers
v000001d9d064a1d0_0 .net *"_ivl_14", 6 0, L_000001d9d06c5dc0;  1 drivers
L_000001d9d0679558 .functor BUFT 1, C4<0>, C4<0>, C4<0>, C4<0>;
v000001d9d0649af0_0 .net *"_ivl_16", 0 0, L_000001d9d0679558;  1 drivers
v000001d9d0649b90_0 .net *"_ivl_2", 7 0, L_000001d9d06c65e0;  1 drivers
v000001d9d06495f0_0 .net *"_ivl_4", 6 0, L_000001d9d06c5a00;  1 drivers
L_000001d9d06794c8 .functor BUFT 1, C4<0>, C4<0>, C4<0>, C4<0>;
v000001d9d0649c30_0 .net *"_ivl_6", 0 0, L_000001d9d06794c8;  1 drivers
v000001d9d064a590_0 .net/2u *"_ivl_8", 7 0, L_000001d9d0679510;  1 drivers
v000001d9d064a950_0 .net "a", 7 0, L_000001d9d06c1900;  alias, 1 drivers
v000001d9d064ab30_0 .net "result", 7 0, L_000001d9d06c5aa0;  alias, 1 drivers
L_000001d9d06c58c0 .part L_000001d9d06c1900, 7, 1;
L_000001d9d06c5a00 .part L_000001d9d06c1900, 0, 7;
L_000001d9d06c65e0 .concat [ 1 7 0 0], L_000001d9d06794c8, L_000001d9d06c5a00;
L_000001d9d06c5dc0 .part L_000001d9d06c1900, 0, 7;
L_000001d9d06c6ea0 .concat [ 1 7 0 0], L_000001d9d0679558, L_000001d9d06c5dc0;
L_000001d9d06c5aa0 .functor MUXZ 8, L_000001d9d06c6ea0, L_000001d9d04961e0, L_000001d9d06c58c0, C4<>;
S_000001d9d055c800 .scope module, "u12_mul2" "mul2" 15 46, 16 1 0, S_000001d9d064b9d0;
 .timescale 0 0;
    .port_info 0 /INPUT 8 "a";
    .port_info 1 /OUTPUT 8 "result";
L_000001d9d0678868 .functor BUFT 1, C4<00011011>, C4<0>, C4<0>, C4<0>;
L_000001d9d0495bc0 .functor XOR 8, L_000001d9d06c3d40, L_000001d9d0678868, C4<00000000>, C4<00000000>;
v000001d9d064c6d0_0 .net *"_ivl_1", 0 0, L_000001d9d06c3f20;  1 drivers
v000001d9d064de90_0 .net *"_ivl_10", 7 0, L_000001d9d0495bc0;  1 drivers
v000001d9d064d0d0_0 .net *"_ivl_12", 7 0, L_000001d9d06c46a0;  1 drivers
v000001d9d064cb30_0 .net *"_ivl_14", 6 0, L_000001d9d06c35c0;  1 drivers
L_000001d9d06788b0 .functor BUFT 1, C4<0>, C4<0>, C4<0>, C4<0>;
v000001d9d064cf90_0 .net *"_ivl_16", 0 0, L_000001d9d06788b0;  1 drivers
v000001d9d064db70_0 .net *"_ivl_2", 7 0, L_000001d9d06c3d40;  1 drivers
v000001d9d064c950_0 .net *"_ivl_4", 6 0, L_000001d9d06c2bc0;  1 drivers
L_000001d9d0678820 .functor BUFT 1, C4<0>, C4<0>, C4<0>, C4<0>;
v000001d9d064dc10_0 .net *"_ivl_6", 0 0, L_000001d9d0678820;  1 drivers
v000001d9d064c1d0_0 .net/2u *"_ivl_8", 7 0, L_000001d9d0678868;  1 drivers
v000001d9d064c3b0_0 .net "a", 7 0, L_000001d9d06c2440;  alias, 1 drivers
v000001d9d064d990_0 .net "result", 7 0, L_000001d9d06c3020;  alias, 1 drivers
L_000001d9d06c3f20 .part L_000001d9d06c2440, 7, 1;
L_000001d9d06c2bc0 .part L_000001d9d06c2440, 0, 7;
L_000001d9d06c3d40 .concat [ 1 7 0 0], L_000001d9d0678820, L_000001d9d06c2bc0;
L_000001d9d06c35c0 .part L_000001d9d06c2440, 0, 7;
L_000001d9d06c46a0 .concat [ 1 7 0 0], L_000001d9d06788b0, L_000001d9d06c35c0;
L_000001d9d06c3020 .functor MUXZ 8, L_000001d9d06c46a0, L_000001d9d0495bc0, L_000001d9d06c3f20, C4<>;
S_000001d9d055b860 .scope module, "u12_mul3" "mul3" 15 64, 17 3 0, S_000001d9d064b9d0;
 .timescale 0 0;
    .port_info 0 /INPUT 8 "a";
    .port_info 1 /OUTPUT 8 "result";
L_000001d9d0497360 .functor XOR 8, L_000001d9d06c6f40, L_000001d9d06c2440, C4<00000000>, C4<00000000>;
v000001d9d064cbd0_0 .net "a", 7 0, L_000001d9d06c2440;  alias, 1 drivers
v000001d9d064c130_0 .net "mul2_result", 7 0, L_000001d9d06c6f40;  1 drivers
v000001d9d064c450_0 .net "result", 7 0, L_000001d9d0497360;  alias, 1 drivers
S_000001d9d055c990 .scope module, "u_mul2" "mul2" 17 9, 16 1 0, S_000001d9d055b860;
 .timescale 0 0;
    .port_info 0 /INPUT 8 "a";
    .port_info 1 /OUTPUT 8 "result";
L_000001d9d06795e8 .functor BUFT 1, C4<00011011>, C4<0>, C4<0>, C4<0>;
L_000001d9d0496250 .functor XOR 8, L_000001d9d06c6040, L_000001d9d06795e8, C4<00000000>, C4<00000000>;
v000001d9d064e070_0 .net *"_ivl_1", 0 0, L_000001d9d06c6ae0;  1 drivers
v000001d9d064d670_0 .net *"_ivl_10", 7 0, L_000001d9d0496250;  1 drivers
v000001d9d064ca90_0 .net *"_ivl_12", 7 0, L_000001d9d06c5be0;  1 drivers
v000001d9d064e2f0_0 .net *"_ivl_14", 6 0, L_000001d9d06c6c20;  1 drivers
L_000001d9d0679630 .functor BUFT 1, C4<0>, C4<0>, C4<0>, C4<0>;
v000001d9d064c270_0 .net *"_ivl_16", 0 0, L_000001d9d0679630;  1 drivers
v000001d9d064d710_0 .net *"_ivl_2", 7 0, L_000001d9d06c6040;  1 drivers
v000001d9d064c9f0_0 .net *"_ivl_4", 6 0, L_000001d9d06c67c0;  1 drivers
L_000001d9d06795a0 .functor BUFT 1, C4<0>, C4<0>, C4<0>, C4<0>;
v000001d9d064c770_0 .net *"_ivl_6", 0 0, L_000001d9d06795a0;  1 drivers
v000001d9d064e430_0 .net/2u *"_ivl_8", 7 0, L_000001d9d06795e8;  1 drivers
v000001d9d064df30_0 .net "a", 7 0, L_000001d9d06c2440;  alias, 1 drivers
v000001d9d064c310_0 .net "result", 7 0, L_000001d9d06c6f40;  alias, 1 drivers
L_000001d9d06c6ae0 .part L_000001d9d06c2440, 7, 1;
L_000001d9d06c67c0 .part L_000001d9d06c2440, 0, 7;
L_000001d9d06c6040 .concat [ 1 7 0 0], L_000001d9d06795a0, L_000001d9d06c67c0;
L_000001d9d06c6c20 .part L_000001d9d06c2440, 0, 7;
L_000001d9d06c5be0 .concat [ 1 7 0 0], L_000001d9d0679630, L_000001d9d06c6c20;
L_000001d9d06c6f40 .functor MUXZ 8, L_000001d9d06c5be0, L_000001d9d0496250, L_000001d9d06c6ae0, C4<>;
S_000001d9d055b9f0 .scope module, "u13_mul2" "mul2" 15 47, 16 1 0, S_000001d9d064b9d0;
 .timescale 0 0;
    .port_info 0 /INPUT 8 "a";
    .port_info 1 /OUTPUT 8 "result";
L_000001d9d0678940 .functor BUFT 1, C4<00011011>, C4<0>, C4<0>, C4<0>;
L_000001d9d0496800 .functor XOR 8, L_000001d9d06c3fc0, L_000001d9d0678940, C4<00000000>, C4<00000000>;
v000001d9d064cd10_0 .net *"_ivl_1", 0 0, L_000001d9d06c3840;  1 drivers
v000001d9d064dfd0_0 .net *"_ivl_10", 7 0, L_000001d9d0496800;  1 drivers
v000001d9d064bd70_0 .net *"_ivl_12", 7 0, L_000001d9d06c2a80;  1 drivers
v000001d9d064da30_0 .net *"_ivl_14", 6 0, L_000001d9d06c3ca0;  1 drivers
L_000001d9d0678988 .functor BUFT 1, C4<0>, C4<0>, C4<0>, C4<0>;
v000001d9d064cc70_0 .net *"_ivl_16", 0 0, L_000001d9d0678988;  1 drivers
v000001d9d064be10_0 .net *"_ivl_2", 7 0, L_000001d9d06c3fc0;  1 drivers
v000001d9d064d850_0 .net *"_ivl_4", 6 0, L_000001d9d06c3660;  1 drivers
L_000001d9d06788f8 .functor BUFT 1, C4<0>, C4<0>, C4<0>, C4<0>;
v000001d9d064d490_0 .net *"_ivl_6", 0 0, L_000001d9d06788f8;  1 drivers
v000001d9d064dd50_0 .net/2u *"_ivl_8", 7 0, L_000001d9d0678940;  1 drivers
v000001d9d064d7b0_0 .net "a", 7 0, L_000001d9d06c0280;  alias, 1 drivers
v000001d9d064d8f0_0 .net "result", 7 0, L_000001d9d06c2c60;  alias, 1 drivers
L_000001d9d06c3840 .part L_000001d9d06c0280, 7, 1;
L_000001d9d06c3660 .part L_000001d9d06c0280, 0, 7;
L_000001d9d06c3fc0 .concat [ 1 7 0 0], L_000001d9d06788f8, L_000001d9d06c3660;
L_000001d9d06c3ca0 .part L_000001d9d06c0280, 0, 7;
L_000001d9d06c2a80 .concat [ 1 7 0 0], L_000001d9d0678988, L_000001d9d06c3ca0;
L_000001d9d06c2c60 .functor MUXZ 8, L_000001d9d06c2a80, L_000001d9d0496800, L_000001d9d06c3840, C4<>;
S_000001d9d055b090 .scope module, "u13_mul3" "mul3" 15 65, 17 3 0, S_000001d9d064b9d0;
 .timescale 0 0;
    .port_info 0 /INPUT 8 "a";
    .port_info 1 /OUTPUT 8 "result";
L_000001d9d0496790 .functor XOR 8, L_000001d9d06c7260, L_000001d9d06c0280, C4<00000000>, C4<00000000>;
v000001d9d064d530_0 .net "a", 7 0, L_000001d9d06c0280;  alias, 1 drivers
v000001d9d064d030_0 .net "mul2_result", 7 0, L_000001d9d06c7260;  1 drivers
v000001d9d064c090_0 .net "result", 7 0, L_000001d9d0496790;  alias, 1 drivers
S_000001d9d055b220 .scope module, "u_mul2" "mul2" 17 9, 16 1 0, S_000001d9d055b090;
 .timescale 0 0;
    .port_info 0 /INPUT 8 "a";
    .port_info 1 /OUTPUT 8 "result";
L_000001d9d06796c0 .functor BUFT 1, C4<00011011>, C4<0>, C4<0>, C4<0>;
L_000001d9d0497440 .functor XOR 8, L_000001d9d06c5e60, L_000001d9d06796c0, C4<00000000>, C4<00000000>;
v000001d9d064beb0_0 .net *"_ivl_1", 0 0, L_000001d9d06c7580;  1 drivers
v000001d9d064cdb0_0 .net *"_ivl_10", 7 0, L_000001d9d0497440;  1 drivers
v000001d9d064d170_0 .net *"_ivl_12", 7 0, L_000001d9d06c64a0;  1 drivers
v000001d9d064ce50_0 .net *"_ivl_14", 6 0, L_000001d9d06c71c0;  1 drivers
L_000001d9d0679708 .functor BUFT 1, C4<0>, C4<0>, C4<0>, C4<0>;
v000001d9d064cef0_0 .net *"_ivl_16", 0 0, L_000001d9d0679708;  1 drivers
v000001d9d064dad0_0 .net *"_ivl_2", 7 0, L_000001d9d06c5e60;  1 drivers
v000001d9d064e390_0 .net *"_ivl_4", 6 0, L_000001d9d06c6fe0;  1 drivers
L_000001d9d0679678 .functor BUFT 1, C4<0>, C4<0>, C4<0>, C4<0>;
v000001d9d064bf50_0 .net *"_ivl_6", 0 0, L_000001d9d0679678;  1 drivers
v000001d9d064bff0_0 .net/2u *"_ivl_8", 7 0, L_000001d9d06796c0;  1 drivers
v000001d9d064ddf0_0 .net "a", 7 0, L_000001d9d06c0280;  alias, 1 drivers
v000001d9d064d210_0 .net "result", 7 0, L_000001d9d06c7260;  alias, 1 drivers
L_000001d9d06c7580 .part L_000001d9d06c0280, 7, 1;
L_000001d9d06c6fe0 .part L_000001d9d06c0280, 0, 7;
L_000001d9d06c5e60 .concat [ 1 7 0 0], L_000001d9d0679678, L_000001d9d06c6fe0;
L_000001d9d06c71c0 .part L_000001d9d06c0280, 0, 7;
L_000001d9d06c64a0 .concat [ 1 7 0 0], L_000001d9d0679708, L_000001d9d06c71c0;
L_000001d9d06c7260 .functor MUXZ 8, L_000001d9d06c64a0, L_000001d9d0497440, L_000001d9d06c7580, C4<>;
S_000001d9d055c030 .scope module, "u14_mul2" "mul2" 15 48, 16 1 0, S_000001d9d064b9d0;
 .timescale 0 0;
    .port_info 0 /INPUT 8 "a";
    .port_info 1 /OUTPUT 8 "result";
L_000001d9d0678a18 .functor BUFT 1, C4<00011011>, C4<0>, C4<0>, C4<0>;
L_000001d9d0497520 .functor XOR 8, L_000001d9d06c2ee0, L_000001d9d0678a18, C4<00000000>, C4<00000000>;
v000001d9d064c630_0 .net *"_ivl_1", 0 0, L_000001d9d06c4740;  1 drivers
v000001d9d064e110_0 .net *"_ivl_10", 7 0, L_000001d9d0497520;  1 drivers
v000001d9d064c4f0_0 .net *"_ivl_12", 7 0, L_000001d9d06c47e0;  1 drivers
v000001d9d064d2b0_0 .net *"_ivl_14", 6 0, L_000001d9d06c2760;  1 drivers
L_000001d9d0678a60 .functor BUFT 1, C4<0>, C4<0>, C4<0>, C4<0>;
v000001d9d064c590_0 .net *"_ivl_16", 0 0, L_000001d9d0678a60;  1 drivers
v000001d9d064e1b0_0 .net *"_ivl_2", 7 0, L_000001d9d06c2ee0;  1 drivers
v000001d9d064e250_0 .net *"_ivl_4", 6 0, L_000001d9d06c2e40;  1 drivers
L_000001d9d06789d0 .functor BUFT 1, C4<0>, C4<0>, C4<0>, C4<0>;
v000001d9d064e4d0_0 .net *"_ivl_6", 0 0, L_000001d9d06789d0;  1 drivers
v000001d9d064d350_0 .net/2u *"_ivl_8", 7 0, L_000001d9d0678a18;  1 drivers
v000001d9d064d5d0_0 .net "a", 7 0, L_000001d9d06c0500;  alias, 1 drivers
v000001d9d064dcb0_0 .net "result", 7 0, L_000001d9d06c2f80;  alias, 1 drivers
L_000001d9d06c4740 .part L_000001d9d06c0500, 7, 1;
L_000001d9d06c2e40 .part L_000001d9d06c0500, 0, 7;
L_000001d9d06c2ee0 .concat [ 1 7 0 0], L_000001d9d06789d0, L_000001d9d06c2e40;
L_000001d9d06c2760 .part L_000001d9d06c0500, 0, 7;
L_000001d9d06c47e0 .concat [ 1 7 0 0], L_000001d9d0678a60, L_000001d9d06c2760;
L_000001d9d06c2f80 .functor MUXZ 8, L_000001d9d06c47e0, L_000001d9d0497520, L_000001d9d06c4740, C4<>;
S_000001d9d055c1c0 .scope module, "u14_mul3" "mul3" 15 66, 17 3 0, S_000001d9d064b9d0;
 .timescale 0 0;
    .port_info 0 /INPUT 8 "a";
    .port_info 1 /OUTPUT 8 "result";
L_000001d9d04968e0 .functor XOR 8, L_000001d9d06c7c60, L_000001d9d06c0500, C4<00000000>, C4<00000000>;
v000001d9d064ebb0_0 .net "a", 7 0, L_000001d9d06c0500;  alias, 1 drivers
v000001d9d064e9d0_0 .net "mul2_result", 7 0, L_000001d9d06c7c60;  1 drivers
v000001d9d064f6f0_0 .net "result", 7 0, L_000001d9d04968e0;  alias, 1 drivers
S_000001d9d055c4e0 .scope module, "u_mul2" "mul2" 17 9, 16 1 0, S_000001d9d055c1c0;
 .timescale 0 0;
    .port_info 0 /INPUT 8 "a";
    .port_info 1 /OUTPUT 8 "result";
L_000001d9d0679798 .functor BUFT 1, C4<00011011>, C4<0>, C4<0>, C4<0>;
L_000001d9d04962c0 .functor XOR 8, L_000001d9d06c7300, L_000001d9d0679798, C4<00000000>, C4<00000000>;
v000001d9d064d3f0_0 .net *"_ivl_1", 0 0, L_000001d9d06c6680;  1 drivers
v000001d9d064f8d0_0 .net *"_ivl_10", 7 0, L_000001d9d04962c0;  1 drivers
v000001d9d064f290_0 .net *"_ivl_12", 7 0, L_000001d9d06c7bc0;  1 drivers
v000001d9d064e6b0_0 .net *"_ivl_14", 6 0, L_000001d9d06c4e20;  1 drivers
L_000001d9d06797e0 .functor BUFT 1, C4<0>, C4<0>, C4<0>, C4<0>;
v000001d9d064f150_0 .net *"_ivl_16", 0 0, L_000001d9d06797e0;  1 drivers
v000001d9d064ef70_0 .net *"_ivl_2", 7 0, L_000001d9d06c7300;  1 drivers
v000001d9d064f3d0_0 .net *"_ivl_4", 6 0, L_000001d9d06c51e0;  1 drivers
L_000001d9d0679750 .functor BUFT 1, C4<0>, C4<0>, C4<0>, C4<0>;
v000001d9d064f790_0 .net *"_ivl_6", 0 0, L_000001d9d0679750;  1 drivers
v000001d9d064f0b0_0 .net/2u *"_ivl_8", 7 0, L_000001d9d0679798;  1 drivers
v000001d9d064f830_0 .net "a", 7 0, L_000001d9d06c0500;  alias, 1 drivers
v000001d9d064f010_0 .net "result", 7 0, L_000001d9d06c7c60;  alias, 1 drivers
L_000001d9d06c6680 .part L_000001d9d06c0500, 7, 1;
L_000001d9d06c51e0 .part L_000001d9d06c0500, 0, 7;
L_000001d9d06c7300 .concat [ 1 7 0 0], L_000001d9d0679750, L_000001d9d06c51e0;
L_000001d9d06c4e20 .part L_000001d9d06c0500, 0, 7;
L_000001d9d06c7bc0 .concat [ 1 7 0 0], L_000001d9d06797e0, L_000001d9d06c4e20;
L_000001d9d06c7c60 .functor MUXZ 8, L_000001d9d06c7bc0, L_000001d9d04962c0, L_000001d9d06c6680, C4<>;
S_000001d9d055ccb0 .scope module, "u15_mul2" "mul2" 15 49, 16 1 0, S_000001d9d064b9d0;
 .timescale 0 0;
    .port_info 0 /INPUT 8 "a";
    .port_info 1 /OUTPUT 8 "result";
L_000001d9d0678af0 .functor BUFT 1, C4<00011011>, C4<0>, C4<0>, C4<0>;
L_000001d9d0496db0 .functor XOR 8, L_000001d9d06c4600, L_000001d9d0678af0, C4<00000000>, C4<00000000>;
v000001d9d064f1f0_0 .net *"_ivl_1", 0 0, L_000001d9d06c3700;  1 drivers
v000001d9d064ed90_0 .net *"_ivl_10", 7 0, L_000001d9d0496db0;  1 drivers
v000001d9d064e890_0 .net *"_ivl_12", 7 0, L_000001d9d06c3160;  1 drivers
v000001d9d064fa10_0 .net *"_ivl_14", 6 0, L_000001d9d06c4560;  1 drivers
L_000001d9d0678b38 .functor BUFT 1, C4<0>, C4<0>, C4<0>, C4<0>;
v000001d9d064f970_0 .net *"_ivl_16", 0 0, L_000001d9d0678b38;  1 drivers
v000001d9d064e930_0 .net *"_ivl_2", 7 0, L_000001d9d06c4600;  1 drivers
v000001d9d064f510_0 .net *"_ivl_4", 6 0, L_000001d9d06c30c0;  1 drivers
L_000001d9d0678aa8 .functor BUFT 1, C4<0>, C4<0>, C4<0>, C4<0>;
v000001d9d064ec50_0 .net *"_ivl_6", 0 0, L_000001d9d0678aa8;  1 drivers
v000001d9d064ea70_0 .net/2u *"_ivl_8", 7 0, L_000001d9d0678af0;  1 drivers
v000001d9d064ee30_0 .net "a", 7 0, L_000001d9d06c19a0;  alias, 1 drivers
v000001d9d064fbf0_0 .net "result", 7 0, L_000001d9d06c4060;  alias, 1 drivers
L_000001d9d06c3700 .part L_000001d9d06c19a0, 7, 1;
L_000001d9d06c30c0 .part L_000001d9d06c19a0, 0, 7;
L_000001d9d06c4600 .concat [ 1 7 0 0], L_000001d9d0678aa8, L_000001d9d06c30c0;
L_000001d9d06c4560 .part L_000001d9d06c19a0, 0, 7;
L_000001d9d06c3160 .concat [ 1 7 0 0], L_000001d9d0678b38, L_000001d9d06c4560;
L_000001d9d06c4060 .functor MUXZ 8, L_000001d9d06c3160, L_000001d9d0496db0, L_000001d9d06c3700, C4<>;
S_000001d9d055ce40 .scope module, "u15_mul3" "mul3" 15 67, 17 3 0, S_000001d9d064b9d0;
 .timescale 0 0;
    .port_info 0 /INPUT 8 "a";
    .port_info 1 /OUTPUT 8 "result";
L_000001d9d0497600 .functor XOR 8, L_000001d9d06c7b20, L_000001d9d06c19a0, C4<00000000>, C4<00000000>;
v000001d9d064fb50_0 .net "a", 7 0, L_000001d9d06c19a0;  alias, 1 drivers
v000001d9d064e570_0 .net "mul2_result", 7 0, L_000001d9d06c7b20;  1 drivers
v000001d9d06537a0_0 .net "result", 7 0, L_000001d9d0497600;  alias, 1 drivers
S_000001d9d055cb20 .scope module, "u_mul2" "mul2" 17 9, 16 1 0, S_000001d9d055ce40;
 .timescale 0 0;
    .port_info 0 /INPUT 8 "a";
    .port_info 1 /OUTPUT 8 "result";
L_000001d9d0679870 .functor BUFT 1, C4<00011011>, C4<0>, C4<0>, C4<0>;
L_000001d9d0497590 .functor XOR 8, L_000001d9d06c79e0, L_000001d9d0679870, C4<00000000>, C4<00000000>;
v000001d9d064e7f0_0 .net *"_ivl_1", 0 0, L_000001d9d06c7a80;  1 drivers
v000001d9d064e610_0 .net *"_ivl_10", 7 0, L_000001d9d0497590;  1 drivers
v000001d9d064f470_0 .net *"_ivl_12", 7 0, L_000001d9d06c7940;  1 drivers
v000001d9d064eed0_0 .net *"_ivl_14", 6 0, L_000001d9d06c7d00;  1 drivers
L_000001d9d06798b8 .functor BUFT 1, C4<0>, C4<0>, C4<0>, C4<0>;
v000001d9d064f330_0 .net *"_ivl_16", 0 0, L_000001d9d06798b8;  1 drivers
v000001d9d064eb10_0 .net *"_ivl_2", 7 0, L_000001d9d06c79e0;  1 drivers
v000001d9d064f5b0_0 .net *"_ivl_4", 6 0, L_000001d9d06c78a0;  1 drivers
L_000001d9d0679828 .functor BUFT 1, C4<0>, C4<0>, C4<0>, C4<0>;
v000001d9d064f650_0 .net *"_ivl_6", 0 0, L_000001d9d0679828;  1 drivers
v000001d9d064fab0_0 .net/2u *"_ivl_8", 7 0, L_000001d9d0679870;  1 drivers
v000001d9d064ecf0_0 .net "a", 7 0, L_000001d9d06c19a0;  alias, 1 drivers
v000001d9d064e750_0 .net "result", 7 0, L_000001d9d06c7b20;  alias, 1 drivers
L_000001d9d06c7a80 .part L_000001d9d06c19a0, 7, 1;
L_000001d9d06c78a0 .part L_000001d9d06c19a0, 0, 7;
L_000001d9d06c79e0 .concat [ 1 7 0 0], L_000001d9d0679828, L_000001d9d06c78a0;
L_000001d9d06c7d00 .part L_000001d9d06c19a0, 0, 7;
L_000001d9d06c7940 .concat [ 1 7 0 0], L_000001d9d06798b8, L_000001d9d06c7d00;
L_000001d9d06c7b20 .functor MUXZ 8, L_000001d9d06c7940, L_000001d9d0497590, L_000001d9d06c7a80, C4<>;
S_000001d9d055b3b0 .scope module, "u1_mul2" "mul2" 15 35, 16 1 0, S_000001d9d064b9d0;
 .timescale 0 0;
    .port_info 0 /INPUT 8 "a";
    .port_info 1 /OUTPUT 8 "result";
L_000001d9d0677f20 .functor BUFT 1, C4<00011011>, C4<0>, C4<0>, C4<0>;
L_000001d9d04974b0 .functor XOR 8, L_000001d9d06c1400, L_000001d9d0677f20, C4<00000000>, C4<00000000>;
v000001d9d06529e0_0 .net *"_ivl_1", 0 0, L_000001d9d06c05a0;  1 drivers
v000001d9d0653480_0 .net *"_ivl_10", 7 0, L_000001d9d04974b0;  1 drivers
v000001d9d0652da0_0 .net *"_ivl_12", 7 0, L_000001d9d06c1fe0;  1 drivers
v000001d9d0652940_0 .net *"_ivl_14", 6 0, L_000001d9d06c14a0;  1 drivers
L_000001d9d0677f68 .functor BUFT 1, C4<0>, C4<0>, C4<0>, C4<0>;
v000001d9d0652e40_0 .net *"_ivl_16", 0 0, L_000001d9d0677f68;  1 drivers
v000001d9d06528a0_0 .net *"_ivl_2", 7 0, L_000001d9d06c1400;  1 drivers
v000001d9d0653200_0 .net *"_ivl_4", 6 0, L_000001d9d06c1d60;  1 drivers
L_000001d9d0677ed8 .functor BUFT 1, C4<0>, C4<0>, C4<0>, C4<0>;
v000001d9d06532a0_0 .net *"_ivl_6", 0 0, L_000001d9d0677ed8;  1 drivers
v000001d9d0653160_0 .net/2u *"_ivl_8", 7 0, L_000001d9d0677f20;  1 drivers
v000001d9d0652a80_0 .net "a", 7 0, L_000001d9d066f3a0;  alias, 1 drivers
v000001d9d0653840_0 .net "result", 7 0, L_000001d9d06c0320;  alias, 1 drivers
L_000001d9d06c05a0 .part L_000001d9d066f3a0, 7, 1;
L_000001d9d06c1d60 .part L_000001d9d066f3a0, 0, 7;
L_000001d9d06c1400 .concat [ 1 7 0 0], L_000001d9d0677ed8, L_000001d9d06c1d60;
L_000001d9d06c14a0 .part L_000001d9d066f3a0, 0, 7;
L_000001d9d06c1fe0 .concat [ 1 7 0 0], L_000001d9d0677f68, L_000001d9d06c14a0;
L_000001d9d06c0320 .functor MUXZ 8, L_000001d9d06c1fe0, L_000001d9d04974b0, L_000001d9d06c05a0, C4<>;
S_000001d9d055b540 .scope module, "u1_mul3" "mul3" 15 53, 17 3 0, S_000001d9d064b9d0;
 .timescale 0 0;
    .port_info 0 /INPUT 8 "a";
    .port_info 1 /OUTPUT 8 "result";
L_000001d9d0495df0 .functor XOR 8, L_000001d9d06c4240, L_000001d9d066f3a0, C4<00000000>, C4<00000000>;
v000001d9d0653b60_0 .net "a", 7 0, L_000001d9d066f3a0;  alias, 1 drivers
v000001d9d06535c0_0 .net "mul2_result", 7 0, L_000001d9d06c4240;  1 drivers
v000001d9d0652580_0 .net "result", 7 0, L_000001d9d0495df0;  alias, 1 drivers
S_000001d9d055bb80 .scope module, "u_mul2" "mul2" 17 9, 16 1 0, S_000001d9d055b540;
 .timescale 0 0;
    .port_info 0 /INPUT 8 "a";
    .port_info 1 /OUTPUT 8 "result";
L_000001d9d0678ca0 .functor BUFT 1, C4<00011011>, C4<0>, C4<0>, C4<0>;
L_000001d9d0495d80 .functor XOR 8, L_000001d9d06c3340, L_000001d9d0678ca0, C4<00000000>, C4<00000000>;
v000001d9d0652620_0 .net *"_ivl_1", 0 0, L_000001d9d06c4d80;  1 drivers
v000001d9d06526c0_0 .net *"_ivl_10", 7 0, L_000001d9d0495d80;  1 drivers
v000001d9d0653700_0 .net *"_ivl_12", 7 0, L_000001d9d06c3a20;  1 drivers
v000001d9d0653340_0 .net *"_ivl_14", 6 0, L_000001d9d06c33e0;  1 drivers
L_000001d9d0678ce8 .functor BUFT 1, C4<0>, C4<0>, C4<0>, C4<0>;
v000001d9d06538e0_0 .net *"_ivl_16", 0 0, L_000001d9d0678ce8;  1 drivers
v000001d9d0652b20_0 .net *"_ivl_2", 7 0, L_000001d9d06c3340;  1 drivers
v000001d9d0652760_0 .net *"_ivl_4", 6 0, L_000001d9d06c3520;  1 drivers
L_000001d9d0678c58 .functor BUFT 1, C4<0>, C4<0>, C4<0>, C4<0>;
v000001d9d06533e0_0 .net *"_ivl_6", 0 0, L_000001d9d0678c58;  1 drivers
v000001d9d06530c0_0 .net/2u *"_ivl_8", 7 0, L_000001d9d0678ca0;  1 drivers
v000001d9d0652ee0_0 .net "a", 7 0, L_000001d9d066f3a0;  alias, 1 drivers
v000001d9d0653520_0 .net "result", 7 0, L_000001d9d06c4240;  alias, 1 drivers
L_000001d9d06c4d80 .part L_000001d9d066f3a0, 7, 1;
L_000001d9d06c3520 .part L_000001d9d066f3a0, 0, 7;
L_000001d9d06c3340 .concat [ 1 7 0 0], L_000001d9d0678c58, L_000001d9d06c3520;
L_000001d9d06c33e0 .part L_000001d9d066f3a0, 0, 7;
L_000001d9d06c3a20 .concat [ 1 7 0 0], L_000001d9d0678ce8, L_000001d9d06c33e0;
L_000001d9d06c4240 .functor MUXZ 8, L_000001d9d06c3a20, L_000001d9d0495d80, L_000001d9d06c4d80, C4<>;
S_000001d9d055bd10 .scope module, "u2_mul2" "mul2" 15 36, 16 1 0, S_000001d9d064b9d0;
 .timescale 0 0;
    .port_info 0 /INPUT 8 "a";
    .port_info 1 /OUTPUT 8 "result";
L_000001d9d0677ff8 .functor BUFT 1, C4<00011011>, C4<0>, C4<0>, C4<0>;
L_000001d9d04964f0 .functor XOR 8, L_000001d9d06c0e60, L_000001d9d0677ff8, C4<00000000>, C4<00000000>;
v000001d9d0653980_0 .net *"_ivl_1", 0 0, L_000001d9d06c0960;  1 drivers
v000001d9d0652f80_0 .net *"_ivl_10", 7 0, L_000001d9d04964f0;  1 drivers
v000001d9d0653660_0 .net *"_ivl_12", 7 0, L_000001d9d06c2300;  1 drivers
v000001d9d0652800_0 .net *"_ivl_14", 6 0, L_000001d9d06c24e0;  1 drivers
L_000001d9d0678040 .functor BUFT 1, C4<0>, C4<0>, C4<0>, C4<0>;
v000001d9d0653a20_0 .net *"_ivl_16", 0 0, L_000001d9d0678040;  1 drivers
v000001d9d0652bc0_0 .net *"_ivl_2", 7 0, L_000001d9d06c0e60;  1 drivers
v000001d9d0652c60_0 .net *"_ivl_4", 6 0, L_000001d9d06c08c0;  1 drivers
L_000001d9d0677fb0 .functor BUFT 1, C4<0>, C4<0>, C4<0>, C4<0>;
v000001d9d0653ac0_0 .net *"_ivl_6", 0 0, L_000001d9d0677fb0;  1 drivers
v000001d9d0653020_0 .net/2u *"_ivl_8", 7 0, L_000001d9d0677ff8;  1 drivers
v000001d9d0653c00_0 .net "a", 7 0, L_000001d9d066f440;  alias, 1 drivers
v000001d9d0652d00_0 .net "result", 7 0, L_000001d9d06c1ae0;  alias, 1 drivers
L_000001d9d06c0960 .part L_000001d9d066f440, 7, 1;
L_000001d9d06c08c0 .part L_000001d9d066f440, 0, 7;
L_000001d9d06c0e60 .concat [ 1 7 0 0], L_000001d9d0677fb0, L_000001d9d06c08c0;
L_000001d9d06c24e0 .part L_000001d9d066f440, 0, 7;
L_000001d9d06c2300 .concat [ 1 7 0 0], L_000001d9d0678040, L_000001d9d06c24e0;
L_000001d9d06c1ae0 .functor MUXZ 8, L_000001d9d06c2300, L_000001d9d04964f0, L_000001d9d06c0960, C4<>;
S_000001d9d055bea0 .scope module, "u2_mul3" "mul3" 15 54, 17 3 0, S_000001d9d064b9d0;
 .timescale 0 0;
    .port_info 0 /INPUT 8 "a";
    .port_info 1 /OUTPUT 8 "result";
L_000001d9d0496cd0 .functor XOR 8, L_000001d9d06c4a60, L_000001d9d066f440, C4<00000000>, C4<00000000>;
v000001d9d0652300_0 .net "a", 7 0, L_000001d9d066f440;  alias, 1 drivers
v000001d9d0651c20_0 .net "mul2_result", 7 0, L_000001d9d06c4a60;  1 drivers
v000001d9d0651e00_0 .net "result", 7 0, L_000001d9d0496cd0;  alias, 1 drivers
S_000001d9d055c350 .scope module, "u_mul2" "mul2" 17 9, 16 1 0, S_000001d9d055bea0;
 .timescale 0 0;
    .port_info 0 /INPUT 8 "a";
    .port_info 1 /OUTPUT 8 "result";
L_000001d9d0678d78 .functor BUFT 1, C4<00011011>, C4<0>, C4<0>, C4<0>;
L_000001d9d0497210 .functor XOR 8, L_000001d9d06c42e0, L_000001d9d0678d78, C4<00000000>, C4<00000000>;
v000001d9d0651d60_0 .net *"_ivl_1", 0 0, L_000001d9d06c4920;  1 drivers
v000001d9d0651b80_0 .net *"_ivl_10", 7 0, L_000001d9d0497210;  1 drivers
v000001d9d0651ae0_0 .net *"_ivl_12", 7 0, L_000001d9d06c49c0;  1 drivers
v000001d9d06501e0_0 .net *"_ivl_14", 6 0, L_000001d9d06c4380;  1 drivers
L_000001d9d0678dc0 .functor BUFT 1, C4<0>, C4<0>, C4<0>, C4<0>;
v000001d9d0651360_0 .net *"_ivl_16", 0 0, L_000001d9d0678dc0;  1 drivers
v000001d9d0651ea0_0 .net *"_ivl_2", 7 0, L_000001d9d06c42e0;  1 drivers
v000001d9d0650280_0 .net *"_ivl_4", 6 0, L_000001d9d06c3ac0;  1 drivers
L_000001d9d0678d30 .functor BUFT 1, C4<0>, C4<0>, C4<0>, C4<0>;
v000001d9d0650000_0 .net *"_ivl_6", 0 0, L_000001d9d0678d30;  1 drivers
v000001d9d06510e0_0 .net/2u *"_ivl_8", 7 0, L_000001d9d0678d78;  1 drivers
v000001d9d0650b40_0 .net "a", 7 0, L_000001d9d066f440;  alias, 1 drivers
v000001d9d0651cc0_0 .net "result", 7 0, L_000001d9d06c4a60;  alias, 1 drivers
L_000001d9d06c4920 .part L_000001d9d066f440, 7, 1;
L_000001d9d06c3ac0 .part L_000001d9d066f440, 0, 7;
L_000001d9d06c42e0 .concat [ 1 7 0 0], L_000001d9d0678d30, L_000001d9d06c3ac0;
L_000001d9d06c4380 .part L_000001d9d066f440, 0, 7;
L_000001d9d06c49c0 .concat [ 1 7 0 0], L_000001d9d0678dc0, L_000001d9d06c4380;
L_000001d9d06c4a60 .functor MUXZ 8, L_000001d9d06c49c0, L_000001d9d0497210, L_000001d9d06c4920, C4<>;
S_000001d9d055c670 .scope module, "u3_mul2" "mul2" 15 37, 16 1 0, S_000001d9d064b9d0;
 .timescale 0 0;
    .port_info 0 /INPUT 8 "a";
    .port_info 1 /OUTPUT 8 "result";
L_000001d9d06780d0 .functor BUFT 1, C4<00011011>, C4<0>, C4<0>, C4<0>;
L_000001d9d0496e20 .functor XOR 8, L_000001d9d06c1540, L_000001d9d06780d0, C4<00000000>, C4<00000000>;
v000001d9d0650c80_0 .net *"_ivl_1", 0 0, L_000001d9d06c2580;  1 drivers
v000001d9d0650320_0 .net *"_ivl_10", 7 0, L_000001d9d0496e20;  1 drivers
v000001d9d0651040_0 .net *"_ivl_12", 7 0, L_000001d9d06c00a0;  1 drivers
v000001d9d06523a0_0 .net *"_ivl_14", 6 0, L_000001d9d06c1720;  1 drivers
L_000001d9d0678118 .functor BUFT 1, C4<0>, C4<0>, C4<0>, C4<0>;
v000001d9d06514a0_0 .net *"_ivl_16", 0 0, L_000001d9d0678118;  1 drivers
v000001d9d06503c0_0 .net *"_ivl_2", 7 0, L_000001d9d06c1540;  1 drivers
v000001d9d064fec0_0 .net *"_ivl_4", 6 0, L_000001d9d06c1680;  1 drivers
L_000001d9d0678088 .functor BUFT 1, C4<0>, C4<0>, C4<0>, C4<0>;
v000001d9d0650be0_0 .net *"_ivl_6", 0 0, L_000001d9d0678088;  1 drivers
v000001d9d06500a0_0 .net/2u *"_ivl_8", 7 0, L_000001d9d06780d0;  1 drivers
v000001d9d06515e0_0 .net "a", 7 0, L_000001d9d066f4e0;  alias, 1 drivers
v000001d9d0651f40_0 .net "result", 7 0, L_000001d9d06bfec0;  alias, 1 drivers
L_000001d9d06c2580 .part L_000001d9d066f4e0, 7, 1;
L_000001d9d06c1680 .part L_000001d9d066f4e0, 0, 7;
L_000001d9d06c1540 .concat [ 1 7 0 0], L_000001d9d0678088, L_000001d9d06c1680;
L_000001d9d06c1720 .part L_000001d9d066f4e0, 0, 7;
L_000001d9d06c00a0 .concat [ 1 7 0 0], L_000001d9d0678118, L_000001d9d06c1720;
L_000001d9d06bfec0 .functor MUXZ 8, L_000001d9d06c00a0, L_000001d9d0496e20, L_000001d9d06c2580, C4<>;
S_000001d9d0655040 .scope module, "u3_mul3" "mul3" 15 55, 17 3 0, S_000001d9d064b9d0;
 .timescale 0 0;
    .port_info 0 /INPUT 8 "a";
    .port_info 1 /OUTPUT 8 "result";
L_000001d9d04963a0 .functor XOR 8, L_000001d9d06c2620, L_000001d9d066f4e0, C4<00000000>, C4<00000000>;
v000001d9d0650a00_0 .net "a", 7 0, L_000001d9d066f4e0;  alias, 1 drivers
v000001d9d0650140_0 .net "mul2_result", 7 0, L_000001d9d06c2620;  1 drivers
v000001d9d0651400_0 .net "result", 7 0, L_000001d9d04963a0;  alias, 1 drivers
S_000001d9d0655360 .scope module, "u_mul2" "mul2" 17 9, 16 1 0, S_000001d9d0655040;
 .timescale 0 0;
    .port_info 0 /INPUT 8 "a";
    .port_info 1 /OUTPUT 8 "result";
L_000001d9d0678e50 .functor BUFT 1, C4<00011011>, C4<0>, C4<0>, C4<0>;
L_000001d9d0496f00 .functor XOR 8, L_000001d9d06c4b00, L_000001d9d0678e50, C4<00000000>, C4<00000000>;
v000001d9d0650d20_0 .net *"_ivl_1", 0 0, L_000001d9d06c4420;  1 drivers
v000001d9d0651540_0 .net *"_ivl_10", 7 0, L_000001d9d0496f00;  1 drivers
v000001d9d064fe20_0 .net *"_ivl_12", 7 0, L_000001d9d06c4ce0;  1 drivers
v000001d9d0650640_0 .net *"_ivl_14", 6 0, L_000001d9d06c4c40;  1 drivers
L_000001d9d0678e98 .functor BUFT 1, C4<0>, C4<0>, C4<0>, C4<0>;
v000001d9d0651860_0 .net *"_ivl_16", 0 0, L_000001d9d0678e98;  1 drivers
v000001d9d0651900_0 .net *"_ivl_2", 7 0, L_000001d9d06c4b00;  1 drivers
v000001d9d0652440_0 .net *"_ivl_4", 6 0, L_000001d9d06c44c0;  1 drivers
L_000001d9d0678e08 .functor BUFT 1, C4<0>, C4<0>, C4<0>, C4<0>;
v000001d9d0650dc0_0 .net *"_ivl_6", 0 0, L_000001d9d0678e08;  1 drivers
v000001d9d06505a0_0 .net/2u *"_ivl_8", 7 0, L_000001d9d0678e50;  1 drivers
v000001d9d06517c0_0 .net "a", 7 0, L_000001d9d066f4e0;  alias, 1 drivers
v000001d9d0651fe0_0 .net "result", 7 0, L_000001d9d06c2620;  alias, 1 drivers
L_000001d9d06c4420 .part L_000001d9d066f4e0, 7, 1;
L_000001d9d06c44c0 .part L_000001d9d066f4e0, 0, 7;
L_000001d9d06c4b00 .concat [ 1 7 0 0], L_000001d9d0678e08, L_000001d9d06c44c0;
L_000001d9d06c4c40 .part L_000001d9d066f4e0, 0, 7;
L_000001d9d06c4ce0 .concat [ 1 7 0 0], L_000001d9d0678e98, L_000001d9d06c4c40;
L_000001d9d06c2620 .functor MUXZ 8, L_000001d9d06c4ce0, L_000001d9d0496f00, L_000001d9d06c4420, C4<>;
S_000001d9d0653d80 .scope module, "u4_mul2" "mul2" 15 38, 16 1 0, S_000001d9d064b9d0;
 .timescale 0 0;
    .port_info 0 /INPUT 8 "a";
    .port_info 1 /OUTPUT 8 "result";
L_000001d9d06781a8 .functor BUFT 1, C4<00011011>, C4<0>, C4<0>, C4<0>;
L_000001d9d0495a70 .functor XOR 8, L_000001d9d06bfe20, L_000001d9d06781a8, C4<00000000>, C4<00000000>;
v000001d9d0652080_0 .net *"_ivl_1", 0 0, L_000001d9d06c1a40;  1 drivers
v000001d9d0651a40_0 .net *"_ivl_10", 7 0, L_000001d9d0495a70;  1 drivers
v000001d9d0652120_0 .net *"_ivl_12", 7 0, L_000001d9d06c0f00;  1 drivers
v000001d9d06521c0_0 .net *"_ivl_14", 6 0, L_000001d9d06c2080;  1 drivers
L_000001d9d06781f0 .functor BUFT 1, C4<0>, C4<0>, C4<0>, C4<0>;
v000001d9d0652260_0 .net *"_ivl_16", 0 0, L_000001d9d06781f0;  1 drivers
v000001d9d0650e60_0 .net *"_ivl_2", 7 0, L_000001d9d06bfe20;  1 drivers
v000001d9d06524e0_0 .net *"_ivl_4", 6 0, L_000001d9d06c03c0;  1 drivers
L_000001d9d0678160 .functor BUFT 1, C4<0>, C4<0>, C4<0>, C4<0>;
v000001d9d06519a0_0 .net *"_ivl_6", 0 0, L_000001d9d0678160;  1 drivers
v000001d9d064fd80_0 .net/2u *"_ivl_8", 7 0, L_000001d9d06781a8;  1 drivers
v000001d9d0651680_0 .net "a", 7 0, L_000001d9d0670d40;  alias, 1 drivers
v000001d9d06512c0_0 .net "result", 7 0, L_000001d9d06c0fa0;  alias, 1 drivers
L_000001d9d06c1a40 .part L_000001d9d0670d40, 7, 1;
L_000001d9d06c03c0 .part L_000001d9d0670d40, 0, 7;
L_000001d9d06bfe20 .concat [ 1 7 0 0], L_000001d9d0678160, L_000001d9d06c03c0;
L_000001d9d06c2080 .part L_000001d9d0670d40, 0, 7;
L_000001d9d06c0f00 .concat [ 1 7 0 0], L_000001d9d06781f0, L_000001d9d06c2080;
L_000001d9d06c0fa0 .functor MUXZ 8, L_000001d9d06c0f00, L_000001d9d0495a70, L_000001d9d06c1a40, C4<>;
S_000001d9d06551d0 .scope module, "u4_mul3" "mul3" 15 56, 17 3 0, S_000001d9d064b9d0;
 .timescale 0 0;
    .port_info 0 /INPUT 8 "a";
    .port_info 1 /OUTPUT 8 "result";
L_000001d9d0496f70 .functor XOR 8, L_000001d9d06c5320, L_000001d9d0670d40, C4<00000000>, C4<00000000>;
v000001d9d0650aa0_0 .net "a", 7 0, L_000001d9d0670d40;  alias, 1 drivers
v000001d9d0651180_0 .net "mul2_result", 7 0, L_000001d9d06c5320;  1 drivers
v000001d9d0651220_0 .net "result", 7 0, L_000001d9d0496f70;  alias, 1 drivers
S_000001d9d06554f0 .scope module, "u_mul2" "mul2" 17 9, 16 1 0, S_000001d9d06551d0;
 .timescale 0 0;
    .port_info 0 /INPUT 8 "a";
    .port_info 1 /OUTPUT 8 "result";
L_000001d9d0678f28 .functor BUFT 1, C4<00011011>, C4<0>, C4<0>, C4<0>;
L_000001d9d0496090 .functor XOR 8, L_000001d9d06c4ec0, L_000001d9d0678f28, C4<00000000>, C4<00000000>;
v000001d9d0650f00_0 .net *"_ivl_1", 0 0, L_000001d9d06c6720;  1 drivers
v000001d9d0651720_0 .net *"_ivl_10", 7 0, L_000001d9d0496090;  1 drivers
v000001d9d064ff60_0 .net *"_ivl_12", 7 0, L_000001d9d06c56e0;  1 drivers
v000001d9d06506e0_0 .net *"_ivl_14", 6 0, L_000001d9d06c6540;  1 drivers
L_000001d9d0678f70 .functor BUFT 1, C4<0>, C4<0>, C4<0>, C4<0>;
v000001d9d0650460_0 .net *"_ivl_16", 0 0, L_000001d9d0678f70;  1 drivers
v000001d9d0650500_0 .net *"_ivl_2", 7 0, L_000001d9d06c4ec0;  1 drivers
v000001d9d0650780_0 .net *"_ivl_4", 6 0, L_000001d9d06c5140;  1 drivers
L_000001d9d0678ee0 .functor BUFT 1, C4<0>, C4<0>, C4<0>, C4<0>;
v000001d9d0650fa0_0 .net *"_ivl_6", 0 0, L_000001d9d0678ee0;  1 drivers
v000001d9d0650820_0 .net/2u *"_ivl_8", 7 0, L_000001d9d0678f28;  1 drivers
v000001d9d06508c0_0 .net "a", 7 0, L_000001d9d0670d40;  alias, 1 drivers
v000001d9d0650960_0 .net "result", 7 0, L_000001d9d06c5320;  alias, 1 drivers
L_000001d9d06c6720 .part L_000001d9d0670d40, 7, 1;
L_000001d9d06c5140 .part L_000001d9d0670d40, 0, 7;
L_000001d9d06c4ec0 .concat [ 1 7 0 0], L_000001d9d0678ee0, L_000001d9d06c5140;
L_000001d9d06c6540 .part L_000001d9d0670d40, 0, 7;
L_000001d9d06c56e0 .concat [ 1 7 0 0], L_000001d9d0678f70, L_000001d9d06c6540;
L_000001d9d06c5320 .functor MUXZ 8, L_000001d9d06c56e0, L_000001d9d0496090, L_000001d9d06c6720, C4<>;
S_000001d9d0654eb0 .scope module, "u5_mul2" "mul2" 15 39, 16 1 0, S_000001d9d064b9d0;
 .timescale 0 0;
    .port_info 0 /INPUT 8 "a";
    .port_info 1 /OUTPUT 8 "result";
L_000001d9d0678280 .functor BUFT 1, C4<00011011>, C4<0>, C4<0>, C4<0>;
L_000001d9d0496870 .functor XOR 8, L_000001d9d06c1040, L_000001d9d0678280, C4<00000000>, C4<00000000>;
v000001d9d065a010_0 .net *"_ivl_1", 0 0, L_000001d9d06c15e0;  1 drivers
v000001d9d0658e90_0 .net *"_ivl_10", 7 0, L_000001d9d0496870;  1 drivers
v000001d9d0659610_0 .net *"_ivl_12", 7 0, L_000001d9d06bff60;  1 drivers
v000001d9d0658f30_0 .net *"_ivl_14", 6 0, L_000001d9d06c0be0;  1 drivers
L_000001d9d06782c8 .functor BUFT 1, C4<0>, C4<0>, C4<0>, C4<0>;
v000001d9d065a3d0_0 .net *"_ivl_16", 0 0, L_000001d9d06782c8;  1 drivers
v000001d9d06594d0_0 .net *"_ivl_2", 7 0, L_000001d9d06c1040;  1 drivers
v000001d9d0658030_0 .net *"_ivl_4", 6 0, L_000001d9d06c0a00;  1 drivers
L_000001d9d0678238 .functor BUFT 1, C4<0>, C4<0>, C4<0>, C4<0>;
v000001d9d0659c50_0 .net *"_ivl_6", 0 0, L_000001d9d0678238;  1 drivers
v000001d9d0658670_0 .net/2u *"_ivl_8", 7 0, L_000001d9d0678280;  1 drivers
v000001d9d0659ed0_0 .net "a", 7 0, L_000001d9d066f6c0;  alias, 1 drivers
v000001d9d0658fd0_0 .net "result", 7 0, L_000001d9d06c0000;  alias, 1 drivers
L_000001d9d06c15e0 .part L_000001d9d066f6c0, 7, 1;
L_000001d9d06c0a00 .part L_000001d9d066f6c0, 0, 7;
L_000001d9d06c1040 .concat [ 1 7 0 0], L_000001d9d0678238, L_000001d9d06c0a00;
L_000001d9d06c0be0 .part L_000001d9d066f6c0, 0, 7;
L_000001d9d06bff60 .concat [ 1 7 0 0], L_000001d9d06782c8, L_000001d9d06c0be0;
L_000001d9d06c0000 .functor MUXZ 8, L_000001d9d06bff60, L_000001d9d0496870, L_000001d9d06c15e0, C4<>;
S_000001d9d0655810 .scope module, "u5_mul3" "mul3" 15 57, 17 3 0, S_000001d9d064b9d0;
 .timescale 0 0;
    .port_info 0 /INPUT 8 "a";
    .port_info 1 /OUTPUT 8 "result";
L_000001d9d0495f40 .functor XOR 8, L_000001d9d06c7440, L_000001d9d066f6c0, C4<00000000>, C4<00000000>;
v000001d9d0658210_0 .net "a", 7 0, L_000001d9d066f6c0;  alias, 1 drivers
v000001d9d06583f0_0 .net "mul2_result", 7 0, L_000001d9d06c7440;  1 drivers
v000001d9d0659390_0 .net "result", 7 0, L_000001d9d0495f40;  alias, 1 drivers
S_000001d9d0654d20 .scope module, "u_mul2" "mul2" 17 9, 16 1 0, S_000001d9d0655810;
 .timescale 0 0;
    .port_info 0 /INPUT 8 "a";
    .port_info 1 /OUTPUT 8 "result";
L_000001d9d0679000 .functor BUFT 1, C4<00011011>, C4<0>, C4<0>, C4<0>;
L_000001d9d0495ed0 .functor XOR 8, L_000001d9d06c6b80, L_000001d9d0679000, C4<00000000>, C4<00000000>;
v000001d9d065a150_0 .net *"_ivl_1", 0 0, L_000001d9d06c73a0;  1 drivers
v000001d9d0659570_0 .net *"_ivl_10", 7 0, L_000001d9d0495ed0;  1 drivers
v000001d9d0657ef0_0 .net *"_ivl_12", 7 0, L_000001d9d06c5d20;  1 drivers
v000001d9d06582b0_0 .net *"_ivl_14", 6 0, L_000001d9d06c5c80;  1 drivers
L_000001d9d0679048 .functor BUFT 1, C4<0>, C4<0>, C4<0>, C4<0>;
v000001d9d0657e50_0 .net *"_ivl_16", 0 0, L_000001d9d0679048;  1 drivers
v000001d9d0658d50_0 .net *"_ivl_2", 7 0, L_000001d9d06c6b80;  1 drivers
v000001d9d0658850_0 .net *"_ivl_4", 6 0, L_000001d9d06c6cc0;  1 drivers
L_000001d9d0678fb8 .functor BUFT 1, C4<0>, C4<0>, C4<0>, C4<0>;
v000001d9d06592f0_0 .net *"_ivl_6", 0 0, L_000001d9d0678fb8;  1 drivers
v000001d9d0659070_0 .net/2u *"_ivl_8", 7 0, L_000001d9d0679000;  1 drivers
v000001d9d0659bb0_0 .net "a", 7 0, L_000001d9d066f6c0;  alias, 1 drivers
v000001d9d0658990_0 .net "result", 7 0, L_000001d9d06c7440;  alias, 1 drivers
L_000001d9d06c73a0 .part L_000001d9d066f6c0, 7, 1;
L_000001d9d06c6cc0 .part L_000001d9d066f6c0, 0, 7;
L_000001d9d06c6b80 .concat [ 1 7 0 0], L_000001d9d0678fb8, L_000001d9d06c6cc0;
L_000001d9d06c5c80 .part L_000001d9d066f6c0, 0, 7;
L_000001d9d06c5d20 .concat [ 1 7 0 0], L_000001d9d0679048, L_000001d9d06c5c80;
L_000001d9d06c7440 .functor MUXZ 8, L_000001d9d06c5d20, L_000001d9d0495ed0, L_000001d9d06c73a0, C4<>;
S_000001d9d0654230 .scope module, "u6_mul2" "mul2" 15 40, 16 1 0, S_000001d9d064b9d0;
 .timescale 0 0;
    .port_info 0 /INPUT 8 "a";
    .port_info 1 /OUTPUT 8 "result";
L_000001d9d0678358 .functor BUFT 1, C4<00011011>, C4<0>, C4<0>, C4<0>;
L_000001d9d04969c0 .functor XOR 8, L_000001d9d06c0780, L_000001d9d0678358, C4<00000000>, C4<00000000>;
v000001d9d0658a30_0 .net *"_ivl_1", 0 0, L_000001d9d06c06e0;  1 drivers
v000001d9d0659890_0 .net *"_ivl_10", 7 0, L_000001d9d04969c0;  1 drivers
v000001d9d0658df0_0 .net *"_ivl_12", 7 0, L_000001d9d06c01e0;  1 drivers
v000001d9d065a0b0_0 .net *"_ivl_14", 6 0, L_000001d9d06c1b80;  1 drivers
L_000001d9d06783a0 .functor BUFT 1, C4<0>, C4<0>, C4<0>, C4<0>;
v000001d9d065a330_0 .net *"_ivl_16", 0 0, L_000001d9d06783a0;  1 drivers
v000001d9d0659cf0_0 .net *"_ivl_2", 7 0, L_000001d9d06c0780;  1 drivers
v000001d9d0659750_0 .net *"_ivl_4", 6 0, L_000001d9d06c12c0;  1 drivers
L_000001d9d0678310 .functor BUFT 1, C4<0>, C4<0>, C4<0>, C4<0>;
v000001d9d06588f0_0 .net *"_ivl_6", 0 0, L_000001d9d0678310;  1 drivers
v000001d9d06587b0_0 .net/2u *"_ivl_8", 7 0, L_000001d9d0678358;  1 drivers
v000001d9d0659110_0 .net "a", 7 0, L_000001d9d066e5e0;  alias, 1 drivers
v000001d9d0659f70_0 .net "result", 7 0, L_000001d9d06c0640;  alias, 1 drivers
L_000001d9d06c06e0 .part L_000001d9d066e5e0, 7, 1;
L_000001d9d06c12c0 .part L_000001d9d066e5e0, 0, 7;
L_000001d9d06c0780 .concat [ 1 7 0 0], L_000001d9d0678310, L_000001d9d06c12c0;
L_000001d9d06c1b80 .part L_000001d9d066e5e0, 0, 7;
L_000001d9d06c01e0 .concat [ 1 7 0 0], L_000001d9d06783a0, L_000001d9d06c1b80;
L_000001d9d06c0640 .functor MUXZ 8, L_000001d9d06c01e0, L_000001d9d04969c0, L_000001d9d06c06e0, C4<>;
S_000001d9d0654a00 .scope module, "u6_mul3" "mul3" 15 58, 17 3 0, S_000001d9d064b9d0;
 .timescale 0 0;
    .port_info 0 /INPUT 8 "a";
    .port_info 1 /OUTPUT 8 "result";
L_000001d9d0496fe0 .functor XOR 8, L_000001d9d06c5640, L_000001d9d066e5e0, C4<00000000>, C4<00000000>;
v000001d9d0659930_0 .net "a", 7 0, L_000001d9d066e5e0;  alias, 1 drivers
v000001d9d06591b0_0 .net "mul2_result", 7 0, L_000001d9d06c5640;  1 drivers
v000001d9d0658710_0 .net "result", 7 0, L_000001d9d0496fe0;  alias, 1 drivers
S_000001d9d0655680 .scope module, "u_mul2" "mul2" 17 9, 16 1 0, S_000001d9d0654a00;
 .timescale 0 0;
    .port_info 0 /INPUT 8 "a";
    .port_info 1 /OUTPUT 8 "result";
L_000001d9d06790d8 .functor BUFT 1, C4<00011011>, C4<0>, C4<0>, C4<0>;
L_000001d9d04973d0 .functor XOR 8, L_000001d9d06c5280, L_000001d9d06790d8, C4<00000000>, C4<00000000>;
v000001d9d0658350_0 .net *"_ivl_1", 0 0, L_000001d9d06c5460;  1 drivers
v000001d9d0658490_0 .net *"_ivl_10", 7 0, L_000001d9d04973d0;  1 drivers
v000001d9d0658530_0 .net *"_ivl_12", 7 0, L_000001d9d06c50a0;  1 drivers
v000001d9d06585d0_0 .net *"_ivl_14", 6 0, L_000001d9d06c7080;  1 drivers
L_000001d9d0679120 .functor BUFT 1, C4<0>, C4<0>, C4<0>, C4<0>;
v000001d9d065a1f0_0 .net *"_ivl_16", 0 0, L_000001d9d0679120;  1 drivers
v000001d9d065a290_0 .net *"_ivl_2", 7 0, L_000001d9d06c5280;  1 drivers
v000001d9d0659d90_0 .net *"_ivl_4", 6 0, L_000001d9d06c5500;  1 drivers
L_000001d9d0679090 .functor BUFT 1, C4<0>, C4<0>, C4<0>, C4<0>;
v000001d9d065a470_0 .net *"_ivl_6", 0 0, L_000001d9d0679090;  1 drivers
v000001d9d0659b10_0 .net/2u *"_ivl_8", 7 0, L_000001d9d06790d8;  1 drivers
v000001d9d06596b0_0 .net "a", 7 0, L_000001d9d066e5e0;  alias, 1 drivers
v000001d9d06597f0_0 .net "result", 7 0, L_000001d9d06c5640;  alias, 1 drivers
L_000001d9d06c5460 .part L_000001d9d066e5e0, 7, 1;
L_000001d9d06c5500 .part L_000001d9d066e5e0, 0, 7;
L_000001d9d06c5280 .concat [ 1 7 0 0], L_000001d9d0679090, L_000001d9d06c5500;
L_000001d9d06c7080 .part L_000001d9d066e5e0, 0, 7;
L_000001d9d06c50a0 .concat [ 1 7 0 0], L_000001d9d0679120, L_000001d9d06c7080;
L_000001d9d06c5640 .functor MUXZ 8, L_000001d9d06c50a0, L_000001d9d04973d0, L_000001d9d06c5460, C4<>;
S_000001d9d0654b90 .scope module, "u7_mul2" "mul2" 15 41, 16 1 0, S_000001d9d064b9d0;
 .timescale 0 0;
    .port_info 0 /INPUT 8 "a";
    .port_info 1 /OUTPUT 8 "result";
L_000001d9d0678430 .functor BUFT 1, C4<00011011>, C4<0>, C4<0>, C4<0>;
L_000001d9d04965d0 .functor XOR 8, L_000001d9d06c0d20, L_000001d9d0678430, C4<00000000>, C4<00000000>;
v000001d9d0657db0_0 .net *"_ivl_1", 0 0, L_000001d9d06c0b40;  1 drivers
v000001d9d0658c10_0 .net *"_ivl_10", 7 0, L_000001d9d04965d0;  1 drivers
v000001d9d0659250_0 .net *"_ivl_12", 7 0, L_000001d9d06c0dc0;  1 drivers
v000001d9d0658ad0_0 .net *"_ivl_14", 6 0, L_000001d9d06c17c0;  1 drivers
L_000001d9d0678478 .functor BUFT 1, C4<0>, C4<0>, C4<0>, C4<0>;
v000001d9d065a510_0 .net *"_ivl_16", 0 0, L_000001d9d0678478;  1 drivers
v000001d9d06599d0_0 .net *"_ivl_2", 7 0, L_000001d9d06c0d20;  1 drivers
v000001d9d0657f90_0 .net *"_ivl_4", 6 0, L_000001d9d06c0c80;  1 drivers
L_000001d9d06783e8 .functor BUFT 1, C4<0>, C4<0>, C4<0>, C4<0>;
v000001d9d06580d0_0 .net *"_ivl_6", 0 0, L_000001d9d06783e8;  1 drivers
v000001d9d0658170_0 .net/2u *"_ivl_8", 7 0, L_000001d9d0678430;  1 drivers
v000001d9d0658b70_0 .net "a", 7 0, L_000001d9d066f8a0;  alias, 1 drivers
v000001d9d0659a70_0 .net "result", 7 0, L_000001d9d06c1cc0;  alias, 1 drivers
L_000001d9d06c0b40 .part L_000001d9d066f8a0, 7, 1;
L_000001d9d06c0c80 .part L_000001d9d066f8a0, 0, 7;
L_000001d9d06c0d20 .concat [ 1 7 0 0], L_000001d9d06783e8, L_000001d9d06c0c80;
L_000001d9d06c17c0 .part L_000001d9d066f8a0, 0, 7;
L_000001d9d06c0dc0 .concat [ 1 7 0 0], L_000001d9d0678478, L_000001d9d06c17c0;
L_000001d9d06c1cc0 .functor MUXZ 8, L_000001d9d06c0dc0, L_000001d9d04965d0, L_000001d9d06c0b40, C4<>;
S_000001d9d06559a0 .scope module, "u7_mul3" "mul3" 15 59, 17 3 0, S_000001d9d064b9d0;
 .timescale 0 0;
    .port_info 0 /INPUT 8 "a";
    .port_info 1 /OUTPUT 8 "result";
L_000001d9d0497050 .functor XOR 8, L_000001d9d06c5fa0, L_000001d9d066f8a0, C4<00000000>, C4<00000000>;
v000001d9d065afb0_0 .net "a", 7 0, L_000001d9d066f8a0;  alias, 1 drivers
v000001d9d065c270_0 .net "mul2_result", 7 0, L_000001d9d06c5fa0;  1 drivers
v000001d9d065ba50_0 .net "result", 7 0, L_000001d9d0497050;  alias, 1 drivers
S_000001d9d0654550 .scope module, "u_mul2" "mul2" 17 9, 16 1 0, S_000001d9d06559a0;
 .timescale 0 0;
    .port_info 0 /INPUT 8 "a";
    .port_info 1 /OUTPUT 8 "result";
L_000001d9d06791b0 .functor BUFT 1, C4<00011011>, C4<0>, C4<0>, C4<0>;
L_000001d9d0496020 .functor XOR 8, L_000001d9d06c74e0, L_000001d9d06791b0, C4<00000000>, C4<00000000>;
v000001d9d0658cb0_0 .net *"_ivl_1", 0 0, L_000001d9d06c6220;  1 drivers
v000001d9d0659430_0 .net *"_ivl_10", 7 0, L_000001d9d0496020;  1 drivers
v000001d9d0659e30_0 .net *"_ivl_12", 7 0, L_000001d9d06c5f00;  1 drivers
v000001d9d065b870_0 .net *"_ivl_14", 6 0, L_000001d9d06c7120;  1 drivers
L_000001d9d06791f8 .functor BUFT 1, C4<0>, C4<0>, C4<0>, C4<0>;
v000001d9d065abf0_0 .net *"_ivl_16", 0 0, L_000001d9d06791f8;  1 drivers
v000001d9d065b910_0 .net *"_ivl_2", 7 0, L_000001d9d06c74e0;  1 drivers
v000001d9d065ae70_0 .net *"_ivl_4", 6 0, L_000001d9d06c53c0;  1 drivers
L_000001d9d0679168 .functor BUFT 1, C4<0>, C4<0>, C4<0>, C4<0>;
v000001d9d065a6f0_0 .net *"_ivl_6", 0 0, L_000001d9d0679168;  1 drivers
v000001d9d065cb30_0 .net/2u *"_ivl_8", 7 0, L_000001d9d06791b0;  1 drivers
v000001d9d065c950_0 .net "a", 7 0, L_000001d9d066f8a0;  alias, 1 drivers
v000001d9d065c630_0 .net "result", 7 0, L_000001d9d06c5fa0;  alias, 1 drivers
L_000001d9d06c6220 .part L_000001d9d066f8a0, 7, 1;
L_000001d9d06c53c0 .part L_000001d9d066f8a0, 0, 7;
L_000001d9d06c74e0 .concat [ 1 7 0 0], L_000001d9d0679168, L_000001d9d06c53c0;
L_000001d9d06c7120 .part L_000001d9d066f8a0, 0, 7;
L_000001d9d06c5f00 .concat [ 1 7 0 0], L_000001d9d06791f8, L_000001d9d06c7120;
L_000001d9d06c5fa0 .functor MUXZ 8, L_000001d9d06c5f00, L_000001d9d0496020, L_000001d9d06c6220, C4<>;
S_000001d9d0655b30 .scope module, "u8_mul2" "mul2" 15 42, 16 1 0, S_000001d9d064b9d0;
 .timescale 0 0;
    .port_info 0 /INPUT 8 "a";
    .port_info 1 /OUTPUT 8 "result";
L_000001d9d0678508 .functor BUFT 1, C4<00011011>, C4<0>, C4<0>, C4<0>;
L_000001d9d0496640 .functor XOR 8, L_000001d9d06c1ea0, L_000001d9d0678508, C4<00000000>, C4<00000000>;
v000001d9d065b7d0_0 .net *"_ivl_1", 0 0, L_000001d9d06c1c20;  1 drivers
v000001d9d065c3b0_0 .net *"_ivl_10", 7 0, L_000001d9d0496640;  1 drivers
v000001d9d065c9f0_0 .net *"_ivl_12", 7 0, L_000001d9d06c1220;  1 drivers
v000001d9d065c6d0_0 .net *"_ivl_14", 6 0, L_000001d9d06c10e0;  1 drivers
L_000001d9d0678550 .functor BUFT 1, C4<0>, C4<0>, C4<0>, C4<0>;
v000001d9d065b050_0 .net *"_ivl_16", 0 0, L_000001d9d0678550;  1 drivers
v000001d9d065ad30_0 .net *"_ivl_2", 7 0, L_000001d9d06c1ea0;  1 drivers
v000001d9d065c4f0_0 .net *"_ivl_4", 6 0, L_000001d9d06c2120;  1 drivers
L_000001d9d06784c0 .functor BUFT 1, C4<0>, C4<0>, C4<0>, C4<0>;
v000001d9d065c770_0 .net *"_ivl_6", 0 0, L_000001d9d06784c0;  1 drivers
v000001d9d065aa10_0 .net/2u *"_ivl_8", 7 0, L_000001d9d0678508;  1 drivers
v000001d9d065b230_0 .net "a", 7 0, L_000001d9d06c23a0;  alias, 1 drivers
v000001d9d065c8b0_0 .net "result", 7 0, L_000001d9d06c21c0;  alias, 1 drivers
L_000001d9d06c1c20 .part L_000001d9d06c23a0, 7, 1;
L_000001d9d06c2120 .part L_000001d9d06c23a0, 0, 7;
L_000001d9d06c1ea0 .concat [ 1 7 0 0], L_000001d9d06784c0, L_000001d9d06c2120;
L_000001d9d06c10e0 .part L_000001d9d06c23a0, 0, 7;
L_000001d9d06c1220 .concat [ 1 7 0 0], L_000001d9d0678550, L_000001d9d06c10e0;
L_000001d9d06c21c0 .functor MUXZ 8, L_000001d9d06c1220, L_000001d9d0496640, L_000001d9d06c1c20, C4<>;
S_000001d9d0653f10 .scope module, "u8_mul3" "mul3" 15 60, 17 3 0, S_000001d9d064b9d0;
 .timescale 0 0;
    .port_info 0 /INPUT 8 "a";
    .port_info 1 /OUTPUT 8 "result";
L_000001d9d0497280 .functor XOR 8, L_000001d9d06c6860, L_000001d9d06c23a0, C4<00000000>, C4<00000000>;
v000001d9d065baf0_0 .net "a", 7 0, L_000001d9d06c23a0;  alias, 1 drivers
v000001d9d065ab50_0 .net "mul2_result", 7 0, L_000001d9d06c6860;  1 drivers
v000001d9d065add0_0 .net "result", 7 0, L_000001d9d0497280;  alias, 1 drivers
S_000001d9d06540a0 .scope module, "u_mul2" "mul2" 17 9, 16 1 0, S_000001d9d0653f10;
 .timescale 0 0;
    .port_info 0 /INPUT 8 "a";
    .port_info 1 /OUTPUT 8 "result";
L_000001d9d0679288 .functor BUFT 1, C4<00011011>, C4<0>, C4<0>, C4<0>;
L_000001d9d0496410 .functor XOR 8, L_000001d9d06c6900, L_000001d9d0679288, C4<00000000>, C4<00000000>;
v000001d9d065aab0_0 .net *"_ivl_1", 0 0, L_000001d9d06c6360;  1 drivers
v000001d9d065bf50_0 .net *"_ivl_10", 7 0, L_000001d9d0496410;  1 drivers
v000001d9d065c090_0 .net *"_ivl_12", 7 0, L_000001d9d06c62c0;  1 drivers
v000001d9d065ac90_0 .net *"_ivl_14", 6 0, L_000001d9d06c69a0;  1 drivers
L_000001d9d06792d0 .functor BUFT 1, C4<0>, C4<0>, C4<0>, C4<0>;
v000001d9d065c810_0 .net *"_ivl_16", 0 0, L_000001d9d06792d0;  1 drivers
v000001d9d065cd10_0 .net *"_ivl_2", 7 0, L_000001d9d06c6900;  1 drivers
v000001d9d065b4b0_0 .net *"_ivl_4", 6 0, L_000001d9d06c55a0;  1 drivers
L_000001d9d0679240 .functor BUFT 1, C4<0>, C4<0>, C4<0>, C4<0>;
v000001d9d065c590_0 .net *"_ivl_6", 0 0, L_000001d9d0679240;  1 drivers
v000001d9d065bff0_0 .net/2u *"_ivl_8", 7 0, L_000001d9d0679288;  1 drivers
v000001d9d065b9b0_0 .net "a", 7 0, L_000001d9d06c23a0;  alias, 1 drivers
v000001d9d065b5f0_0 .net "result", 7 0, L_000001d9d06c6860;  alias, 1 drivers
L_000001d9d06c6360 .part L_000001d9d06c23a0, 7, 1;
L_000001d9d06c55a0 .part L_000001d9d06c23a0, 0, 7;
L_000001d9d06c6900 .concat [ 1 7 0 0], L_000001d9d0679240, L_000001d9d06c55a0;
L_000001d9d06c69a0 .part L_000001d9d06c23a0, 0, 7;
L_000001d9d06c62c0 .concat [ 1 7 0 0], L_000001d9d06792d0, L_000001d9d06c69a0;
L_000001d9d06c6860 .functor MUXZ 8, L_000001d9d06c62c0, L_000001d9d0496410, L_000001d9d06c6360, C4<>;
S_000001d9d06543c0 .scope module, "u9_mul2" "mul2" 15 43, 16 1 0, S_000001d9d064b9d0;
 .timescale 0 0;
    .port_info 0 /INPUT 8 "a";
    .port_info 1 /OUTPUT 8 "result";
L_000001d9d06785e0 .functor BUFT 1, C4<00011011>, C4<0>, C4<0>, C4<0>;
L_000001d9d0496e90 .functor XOR 8, L_000001d9d06c3b60, L_000001d9d06785e0, C4<00000000>, C4<00000000>;
v000001d9d065af10_0 .net *"_ivl_1", 0 0, L_000001d9d06c1860;  1 drivers
v000001d9d065b2d0_0 .net *"_ivl_10", 7 0, L_000001d9d0496e90;  1 drivers
v000001d9d065c130_0 .net *"_ivl_12", 7 0, L_000001d9d06c28a0;  1 drivers
v000001d9d065b690_0 .net *"_ivl_14", 6 0, L_000001d9d06c3e80;  1 drivers
L_000001d9d0678628 .functor BUFT 1, C4<0>, C4<0>, C4<0>, C4<0>;
v000001d9d065b370_0 .net *"_ivl_16", 0 0, L_000001d9d0678628;  1 drivers
v000001d9d065cbd0_0 .net *"_ivl_2", 7 0, L_000001d9d06c3b60;  1 drivers
v000001d9d065b0f0_0 .net *"_ivl_4", 6 0, L_000001d9d06c2260;  1 drivers
L_000001d9d0678598 .functor BUFT 1, C4<0>, C4<0>, C4<0>, C4<0>;
v000001d9d065b190_0 .net *"_ivl_6", 0 0, L_000001d9d0678598;  1 drivers
v000001d9d065c1d0_0 .net/2u *"_ivl_8", 7 0, L_000001d9d06785e0;  1 drivers
v000001d9d065b410_0 .net "a", 7 0, L_000001d9d06c0820;  alias, 1 drivers
v000001d9d065cc70_0 .net "result", 7 0, L_000001d9d06c26c0;  alias, 1 drivers
L_000001d9d06c1860 .part L_000001d9d06c0820, 7, 1;
L_000001d9d06c2260 .part L_000001d9d06c0820, 0, 7;
L_000001d9d06c3b60 .concat [ 1 7 0 0], L_000001d9d0678598, L_000001d9d06c2260;
L_000001d9d06c3e80 .part L_000001d9d06c0820, 0, 7;
L_000001d9d06c28a0 .concat [ 1 7 0 0], L_000001d9d0678628, L_000001d9d06c3e80;
L_000001d9d06c26c0 .functor MUXZ 8, L_000001d9d06c28a0, L_000001d9d0496e90, L_000001d9d06c1860, C4<>;
S_000001d9d06546e0 .scope module, "u9_mul3" "mul3" 15 61, 17 3 0, S_000001d9d064b9d0;
 .timescale 0 0;
    .port_info 0 /INPUT 8 "a";
    .port_info 1 /OUTPUT 8 "result";
L_000001d9d0496950 .functor XOR 8, L_000001d9d06c5000, L_000001d9d06c0820, C4<00000000>, C4<00000000>;
v000001d9d065a970_0 .net "a", 7 0, L_000001d9d06c0820;  alias, 1 drivers
v000001d9d065bcd0_0 .net "mul2_result", 7 0, L_000001d9d06c5000;  1 drivers
v000001d9d065bd70_0 .net "result", 7 0, L_000001d9d0496950;  alias, 1 drivers
S_000001d9d0654870 .scope module, "u_mul2" "mul2" 17 9, 16 1 0, S_000001d9d06546e0;
 .timescale 0 0;
    .port_info 0 /INPUT 8 "a";
    .port_info 1 /OUTPUT 8 "result";
L_000001d9d0679360 .functor BUFT 1, C4<00011011>, C4<0>, C4<0>, C4<0>;
L_000001d9d0496100 .functor XOR 8, L_000001d9d06c6180, L_000001d9d0679360, C4<00000000>, C4<00000000>;
v000001d9d065a5b0_0 .net *"_ivl_1", 0 0, L_000001d9d06c60e0;  1 drivers
v000001d9d065ca90_0 .net *"_ivl_10", 7 0, L_000001d9d0496100;  1 drivers
v000001d9d065b550_0 .net *"_ivl_12", 7 0, L_000001d9d06c5780;  1 drivers
v000001d9d065a650_0 .net *"_ivl_14", 6 0, L_000001d9d06c4f60;  1 drivers
L_000001d9d06793a8 .functor BUFT 1, C4<0>, C4<0>, C4<0>, C4<0>;
v000001d9d065b730_0 .net *"_ivl_16", 0 0, L_000001d9d06793a8;  1 drivers
v000001d9d065bb90_0 .net *"_ivl_2", 7 0, L_000001d9d06c6180;  1 drivers
v000001d9d065a790_0 .net *"_ivl_4", 6 0, L_000001d9d06c6e00;  1 drivers
L_000001d9d0679318 .functor BUFT 1, C4<0>, C4<0>, C4<0>, C4<0>;
v000001d9d065c450_0 .net *"_ivl_6", 0 0, L_000001d9d0679318;  1 drivers
v000001d9d065a830_0 .net/2u *"_ivl_8", 7 0, L_000001d9d0679360;  1 drivers
v000001d9d065a8d0_0 .net "a", 7 0, L_000001d9d06c0820;  alias, 1 drivers
v000001d9d065bc30_0 .net "result", 7 0, L_000001d9d06c5000;  alias, 1 drivers
L_000001d9d06c60e0 .part L_000001d9d06c0820, 7, 1;
L_000001d9d06c6e00 .part L_000001d9d06c0820, 0, 7;
L_000001d9d06c6180 .concat [ 1 7 0 0], L_000001d9d0679318, L_000001d9d06c6e00;
L_000001d9d06c4f60 .part L_000001d9d06c0820, 0, 7;
L_000001d9d06c5780 .concat [ 1 7 0 0], L_000001d9d06793a8, L_000001d9d06c4f60;
L_000001d9d06c5000 .functor MUXZ 8, L_000001d9d06c5780, L_000001d9d0496100, L_000001d9d06c60e0, C4<>;
S_000001d9d06750a0 .scope module, "Mux2_inst" "Mux2" 12 27, 7 1 0, S_000001d9d02b6ac0;
 .timescale 0 0;
    .port_info 0 /INPUT 128 "a";
    .port_info 1 /INPUT 128 "b";
    .port_info 2 /INPUT 1 "select";
    .port_info 3 /OUTPUT 128 "c";
v000001d9d06716a0_0 .net "a", 127 0, v000001d9d0671600_0;  alias, 1 drivers
v000001d9d0671240_0 .net "b", 127 0, v000001d9d04222b0_0;  alias, 1 drivers
v000001d9d0671a60_0 .net "c", 127 0, L_000001d9d066fee0;  alias, 1 drivers
v000001d9d0671b00_0 .net "select", 0 0, v000001d9d0671ba0_0;  alias, 1 drivers
L_000001d9d066fee0 .functor MUXZ 128, v000001d9d0671600_0, v000001d9d04222b0_0, v000001d9d0671ba0_0, C4<>;
S_000001d9d0674a60 .scope module, "ProcessingCore_Controller_inst" "ProcessingCore_Controller" 12 53, 18 1 0, S_000001d9d02b6ac0;
 .timescale 0 0;
    .port_info 0 /INPUT 1 "clk";
    .port_info 1 /INPUT 1 "rst_n";
    .port_info 2 /INPUT 1 "datard";
    .port_info 3 /OUTPUT 4 "addr_key";
    .port_info 4 /OUTPUT 1 "ctvalid";
    .port_info 5 /OUTPUT 1 "ready_new_input";
    .port_info 6 /OUTPUT 1 "src_input";
P_000001d9d04047b0 .param/l "DONE" 1 18 15, +C4<00000000000000000000000000000100>;
P_000001d9d04047e8 .param/l "IDLE" 1 18 11, +C4<00000000000000000000000000000000>;
P_000001d9d0404820 .param/l "LOAD_DATA" 1 18 12, +C4<00000000000000000000000000000001>;
P_000001d9d0404858 .param/l "MIXCOLUMNS_ADDROUNDKEY" 1 18 14, +C4<00000000000000000000000000000011>;
P_000001d9d0404890 .param/l "SHIFTROWS_SUBBYTES" 1 18 13, +C4<00000000000000000000000000000010>;
v000001d9d06730e0_0 .var "addr_key", 3 0;
v000001d9d0671380_0 .net "clk", 0 0, v000001d9d06702a0_0;  alias, 1 drivers
v000001d9d0672fa0_0 .var "ctvalid", 0 0;
v000001d9d0673400_0 .net "datard", 0 0, v000001d9d066c100_0;  alias, 1 drivers
v000001d9d06711a0_0 .var "next_state", 2 0;
v000001d9d0671420_0 .var "ready_new_input", 0 0;
v000001d9d0671ec0_0 .net "rst_n", 0 0, v000001d9d066fb20_0;  alias, 1 drivers
v000001d9d0671ba0_0 .var "src_input", 0 0;
v000001d9d0671c40_0 .var "state", 2 0;
E_000001d9d05b75a0 .event anyedge, v000001d9d0671c40_0;
E_000001d9d05b75e0 .event anyedge, v000001d9d0671c40_0, v000001d9d0673400_0, v000001d9d0421db0_0;
S_000001d9d06756e0 .scope module, "ShiftRows_inst" "ShiftRows" 12 34, 19 1 0, S_000001d9d02b6ac0;
 .timescale 0 0;
    .port_info 0 /INPUT 128 "b_in";
    .port_info 1 /OUTPUT 128 "b_out";
v000001d9d0670fc0_0 .net *"_ivl_11", 7 0, L_000001d9d066f760;  1 drivers
v000001d9d0673040_0 .net *"_ivl_15", 7 0, L_000001d9d066eb80;  1 drivers
v000001d9d0671100_0 .net *"_ivl_19", 7 0, L_000001d9d066efe0;  1 drivers
v000001d9d0672640_0 .net *"_ivl_23", 7 0, L_000001d9d0670160;  1 drivers
v000001d9d06726e0_0 .net *"_ivl_27", 7 0, L_000001d9d0670340;  1 drivers
v000001d9d0671ce0_0 .net *"_ivl_3", 7 0, L_000001d9d066e860;  1 drivers
v000001d9d0672780_0 .net *"_ivl_31", 7 0, L_000001d9d066ed60;  1 drivers
v000001d9d06721e0_0 .net *"_ivl_35", 7 0, L_000001d9d066fc60;  1 drivers
v000001d9d0673180_0 .net *"_ivl_39", 7 0, L_000001d9d066f9e0;  1 drivers
v000001d9d0673540_0 .net *"_ivl_43", 7 0, L_000001d9d0670980;  1 drivers
v000001d9d0671f60_0 .net *"_ivl_47", 7 0, L_000001d9d066ee00;  1 drivers
v000001d9d06720a0_0 .net *"_ivl_51", 7 0, L_000001d9d0670ac0;  1 drivers
v000001d9d0672460_0 .net *"_ivl_55", 7 0, L_000001d9d066f1c0;  1 drivers
v000001d9d0672140_0 .net *"_ivl_59", 7 0, L_000001d9d066f260;  1 drivers
v000001d9d06723c0_0 .net *"_ivl_64", 7 0, L_000001d9d0670b60;  1 drivers
v000001d9d06728c0_0 .net *"_ivl_7", 7 0, L_000001d9d066e9a0;  1 drivers
v000001d9d0672960_0 .net "b_in", 127 0, L_000001d9d066fee0;  alias, 1 drivers
v000001d9d0672a00_0 .net "b_out", 127 0, L_000001d9d066f300;  alias, 1 drivers
L_000001d9d066e860 .part L_000001d9d066fee0, 120, 8;
L_000001d9d066e9a0 .part L_000001d9d066fee0, 80, 8;
L_000001d9d066f760 .part L_000001d9d066fee0, 40, 8;
L_000001d9d066eb80 .part L_000001d9d066fee0, 0, 8;
L_000001d9d066efe0 .part L_000001d9d066fee0, 88, 8;
L_000001d9d0670160 .part L_000001d9d066fee0, 48, 8;
L_000001d9d0670340 .part L_000001d9d066fee0, 8, 8;
L_000001d9d066ed60 .part L_000001d9d066fee0, 96, 8;
L_000001d9d066fc60 .part L_000001d9d066fee0, 56, 8;
L_000001d9d066f9e0 .part L_000001d9d066fee0, 16, 8;
L_000001d9d0670980 .part L_000001d9d066fee0, 104, 8;
L_000001d9d066ee00 .part L_000001d9d066fee0, 64, 8;
L_000001d9d0670ac0 .part L_000001d9d066fee0, 24, 8;
L_000001d9d066f1c0 .part L_000001d9d066fee0, 112, 8;
L_000001d9d066f260 .part L_000001d9d066fee0, 72, 8;
LS_000001d9d066f300_0_0 .concat8 [ 8 8 8 8], L_000001d9d0670b60, L_000001d9d066f260, L_000001d9d066f1c0, L_000001d9d0670ac0;
LS_000001d9d066f300_0_4 .concat8 [ 8 8 8 8], L_000001d9d066ee00, L_000001d9d0670980, L_000001d9d066f9e0, L_000001d9d066fc60;
LS_000001d9d066f300_0_8 .concat8 [ 8 8 8 8], L_000001d9d066ed60, L_000001d9d0670340, L_000001d9d0670160, L_000001d9d066efe0;
LS_000001d9d066f300_0_12 .concat8 [ 8 8 8 8], L_000001d9d066eb80, L_000001d9d066f760, L_000001d9d066e9a0, L_000001d9d066e860;
L_000001d9d066f300 .concat8 [ 32 32 32 32], LS_000001d9d066f300_0_0, LS_000001d9d066f300_0_4, LS_000001d9d066f300_0_8, LS_000001d9d066f300_0_12;
L_000001d9d0670b60 .part L_000001d9d066fee0, 32, 8;
S_000001d9d0673f70 .scope module, "Sbox_wrapper_inst" "Sbox_wrapper" 3 85, 20 3 0, S_000001d9d05fc870;
 .timescale 0 0;
    .port_info 0 /INPUT 1 "clk";
    .port_info 1 /INPUT 1 "rst_n";
    .port_info 2 /INPUT 128 "state_in";
    .port_info 3 /OUTPUT 128 "state_out";
v000001d9d066e180_0 .net "clk", 0 0, v000001d9d06702a0_0;  alias, 1 drivers
v000001d9d066c9c0_0 .net "rst_n", 0 0, v000001d9d066fb20_0;  alias, 1 drivers
v000001d9d066c560 .array "sbox_out", 0 15;
v000001d9d066c560_0 .net v000001d9d066c560 0, 7 0, v000001d9d0673a40_0; 1 drivers
v000001d9d066c560_1 .net v000001d9d066c560 1, 7 0, v000001d9d0673c20_0; 1 drivers
v000001d9d066c560_2 .net v000001d9d066c560 2, 7 0, v000001d9d066d320_0; 1 drivers
v000001d9d066c560_3 .net v000001d9d066c560 3, 7 0, v000001d9d066cce0_0; 1 drivers
v000001d9d066c560_4 .net v000001d9d066c560 4, 7 0, v000001d9d066cec0_0; 1 drivers
v000001d9d066c560_5 .net v000001d9d066c560 5, 7 0, v000001d9d066c6a0_0; 1 drivers
v000001d9d066c560_6 .net v000001d9d066c560 6, 7 0, v000001d9d066df00_0; 1 drivers
v000001d9d066c560_7 .net v000001d9d066c560 7, 7 0, v000001d9d066dbe0_0; 1 drivers
v000001d9d066c560_8 .net v000001d9d066c560 8, 7 0, v000001d9d066ca60_0; 1 drivers
v000001d9d066c560_9 .net v000001d9d066c560 9, 7 0, v000001d9d066d8c0_0; 1 drivers
v000001d9d066c560_10 .net v000001d9d066c560 10, 7 0, v000001d9d066c2e0_0; 1 drivers
v000001d9d066c560_11 .net v000001d9d066c560 11, 7 0, v000001d9d066e0e0_0; 1 drivers
v000001d9d066c560_12 .net v000001d9d066c560 12, 7 0, v000001d9d066da00_0; 1 drivers
v000001d9d066c560_13 .net v000001d9d066c560 13, 7 0, v000001d9d066cf60_0; 1 drivers
v000001d9d066c560_14 .net v000001d9d066c560 14, 7 0, v000001d9d066c920_0; 1 drivers
v000001d9d066c560_15 .net v000001d9d066c560 15, 7 0, v000001d9d066c380_0; 1 drivers
v000001d9d066c060_0 .net "state_in", 127 0, L_000001d9d06c7760;  alias, 1 drivers
v000001d9d066bfc0_0 .var "state_out", 127 0;
L_000001d9d06c7800 .part L_000001d9d06c7760, 0, 8;
L_000001d9d06def90 .part L_000001d9d06c7760, 8, 8;
L_000001d9d06df5d0 .part L_000001d9d06c7760, 16, 8;
L_000001d9d06e0ed0 .part L_000001d9d06c7760, 24, 8;
L_000001d9d06dfcb0 .part L_000001d9d06c7760, 32, 8;
L_000001d9d06dfd50 .part L_000001d9d06c7760, 40, 8;
L_000001d9d06e0e30 .part L_000001d9d06c7760, 48, 8;
L_000001d9d06e13d0 .part L_000001d9d06c7760, 56, 8;
L_000001d9d06e0570 .part L_000001d9d06c7760, 64, 8;
L_000001d9d06df2b0 .part L_000001d9d06c7760, 72, 8;
L_000001d9d06df670 .part L_000001d9d06c7760, 80, 8;
L_000001d9d06e1150 .part L_000001d9d06c7760, 88, 8;
L_000001d9d06df490 .part L_000001d9d06c7760, 96, 8;
L_000001d9d06df350 .part L_000001d9d06c7760, 104, 8;
L_000001d9d06e0f70 .part L_000001d9d06c7760, 112, 8;
L_000001d9d06e0c50 .part L_000001d9d06c7760, 120, 8;
S_000001d9d0674740 .scope generate, "SBOX_LOOP[0]" "SBOX_LOOP[0]" 20 14, 20 14 0, S_000001d9d0673f70;
 .timescale 0 0;
P_000001d9d05b7ca0 .param/l "i" 0 20 14, +C4<00>;
S_000001d9d0673de0 .scope module, "sbox_inst" "sbox" 20 15, 21 1 0, S_000001d9d0674740;
 .timescale 0 0;
    .port_info 0 /INPUT 8 "a";
    .port_info 1 /OUTPUT 8 "c";
v000001d9d06739a0_0 .net "a", 7 0, L_000001d9d06c7800;  1 drivers
v000001d9d0673a40_0 .var "c", 7 0;
E_000001d9d05b8120 .event anyedge, v000001d9d06739a0_0;
S_000001d9d0674d80 .scope generate, "SBOX_LOOP[1]" "SBOX_LOOP[1]" 20 14, 20 14 0, S_000001d9d0673f70;
 .timescale 0 0;
P_000001d9d05b7ae0 .param/l "i" 0 20 14, +C4<01>;
S_000001d9d06748d0 .scope module, "sbox_inst" "sbox" 20 15, 21 1 0, S_000001d9d0674d80;
 .timescale 0 0;
    .port_info 0 /INPUT 8 "a";
    .port_info 1 /OUTPUT 8 "c";
v000001d9d0673ae0_0 .net "a", 7 0, L_000001d9d06def90;  1 drivers
v000001d9d0673c20_0 .var "c", 7 0;
E_000001d9d05b7e60 .event anyedge, v000001d9d0673ae0_0;
S_000001d9d0675870 .scope generate, "SBOX_LOOP[2]" "SBOX_LOOP[2]" 20 14, 20 14 0, S_000001d9d0673f70;
 .timescale 0 0;
P_000001d9d05b76e0 .param/l "i" 0 20 14, +C4<010>;
S_000001d9d0674420 .scope module, "sbox_inst" "sbox" 20 15, 21 1 0, S_000001d9d0675870;
 .timescale 0 0;
    .port_info 0 /INPUT 8 "a";
    .port_info 1 /OUTPUT 8 "c";
v000001d9d0673b80_0 .net "a", 7 0, L_000001d9d06df5d0;  1 drivers
v000001d9d066d320_0 .var "c", 7 0;
E_000001d9d05b77a0 .event anyedge, v000001d9d0673b80_0;
S_000001d9d0674100 .scope generate, "SBOX_LOOP[3]" "SBOX_LOOP[3]" 20 14, 20 14 0, S_000001d9d0673f70;
 .timescale 0 0;
P_000001d9d05b7820 .param/l "i" 0 20 14, +C4<011>;
S_000001d9d0675a00 .scope module, "sbox_inst" "sbox" 20 15, 21 1 0, S_000001d9d0674100;
 .timescale 0 0;
    .port_info 0 /INPUT 8 "a";
    .port_info 1 /OUTPUT 8 "c";
v000001d9d066c420_0 .net "a", 7 0, L_000001d9d06e0ed0;  1 drivers
v000001d9d066cce0_0 .var "c", 7 0;
E_000001d9d05b7b20 .event anyedge, v000001d9d066c420_0;
S_000001d9d0674f10 .scope generate, "SBOX_LOOP[4]" "SBOX_LOOP[4]" 20 14, 20 14 0, S_000001d9d0673f70;
 .timescale 0 0;
P_000001d9d05b7ba0 .param/l "i" 0 20 14, +C4<0100>;
S_000001d9d06753c0 .scope module, "sbox_inst" "sbox" 20 15, 21 1 0, S_000001d9d0674f10;
 .timescale 0 0;
    .port_info 0 /INPUT 8 "a";
    .port_info 1 /OUTPUT 8 "c";
v000001d9d066e040_0 .net "a", 7 0, L_000001d9d06dfcb0;  1 drivers
v000001d9d066cec0_0 .var "c", 7 0;
E_000001d9d05b7be0 .event anyedge, v000001d9d066e040_0;
S_000001d9d0674bf0 .scope generate, "SBOX_LOOP[5]" "SBOX_LOOP[5]" 20 14, 20 14 0, S_000001d9d0673f70;
 .timescale 0 0;
P_000001d9d05b7c20 .param/l "i" 0 20 14, +C4<0101>;
S_000001d9d0675230 .scope module, "sbox_inst" "sbox" 20 15, 21 1 0, S_000001d9d0674bf0;
 .timescale 0 0;
    .port_info 0 /INPUT 8 "a";
    .port_info 1 /OUTPUT 8 "c";
v000001d9d066d820_0 .net "a", 7 0, L_000001d9d06dfd50;  1 drivers
v000001d9d066c6a0_0 .var "c", 7 0;
E_000001d9d05b71e0 .event anyedge, v000001d9d066d820_0;
S_000001d9d0675550 .scope generate, "SBOX_LOOP[6]" "SBOX_LOOP[6]" 20 14, 20 14 0, S_000001d9d0673f70;
 .timescale 0 0;
P_000001d9d05b7ce0 .param/l "i" 0 20 14, +C4<0110>;
S_000001d9d0675b90 .scope module, "sbox_inst" "sbox" 20 15, 21 1 0, S_000001d9d0675550;
 .timescale 0 0;
    .port_info 0 /INPUT 8 "a";
    .port_info 1 /OUTPUT 8 "c";
v000001d9d066be80_0 .net "a", 7 0, L_000001d9d06e0e30;  1 drivers
v000001d9d066df00_0 .var "c", 7 0;
E_000001d9d05b7d20 .event anyedge, v000001d9d066be80_0;
S_000001d9d0674290 .scope generate, "SBOX_LOOP[7]" "SBOX_LOOP[7]" 20 14, 20 14 0, S_000001d9d0673f70;
 .timescale 0 0;
P_000001d9d05b7d60 .param/l "i" 0 20 14, +C4<0111>;
S_000001d9d06745b0 .scope module, "sbox_inst" "sbox" 20 15, 21 1 0, S_000001d9d0674290;
 .timescale 0 0;
    .port_info 0 /INPUT 8 "a";
    .port_info 1 /OUTPUT 8 "c";
v000001d9d066d000_0 .net "a", 7 0, L_000001d9d06e13d0;  1 drivers
v000001d9d066dbe0_0 .var "c", 7 0;
E_000001d9d05b7da0 .event anyedge, v000001d9d066d000_0;
S_000001d9d0675f80 .scope generate, "SBOX_LOOP[8]" "SBOX_LOOP[8]" 20 14, 20 14 0, S_000001d9d0673f70;
 .timescale 0 0;
P_000001d9d05b7f60 .param/l "i" 0 20 14, +C4<01000>;
S_000001d9d06773d0 .scope module, "sbox_inst" "sbox" 20 15, 21 1 0, S_000001d9d0675f80;
 .timescale 0 0;
    .port_info 0 /INPUT 8 "a";
    .port_info 1 /OUTPUT 8 "c";
v000001d9d066c240_0 .net "a", 7 0, L_000001d9d06e0570;  1 drivers
v000001d9d066ca60_0 .var "c", 7 0;
E_000001d9d05b7ea0 .event anyedge, v000001d9d066c240_0;
S_000001d9d0676110 .scope generate, "SBOX_LOOP[9]" "SBOX_LOOP[9]" 20 14, 20 14 0, S_000001d9d0673f70;
 .timescale 0 0;
P_000001d9d05b7de0 .param/l "i" 0 20 14, +C4<01001>;
S_000001d9d06762a0 .scope module, "sbox_inst" "sbox" 20 15, 21 1 0, S_000001d9d0676110;
 .timescale 0 0;
    .port_info 0 /INPUT 8 "a";
    .port_info 1 /OUTPUT 8 "c";
v000001d9d066d780_0 .net "a", 7 0, L_000001d9d06df2b0;  1 drivers
v000001d9d066d8c0_0 .var "c", 7 0;
E_000001d9d05b7ee0 .event anyedge, v000001d9d066d780_0;
S_000001d9d06776f0 .scope generate, "SBOX_LOOP[10]" "SBOX_LOOP[10]" 20 14, 20 14 0, S_000001d9d0673f70;
 .timescale 0 0;
P_000001d9d05b7f20 .param/l "i" 0 20 14, +C4<01010>;
S_000001d9d06768e0 .scope module, "sbox_inst" "sbox" 20 15, 21 1 0, S_000001d9d06776f0;
 .timescale 0 0;
    .port_info 0 /INPUT 8 "a";
    .port_info 1 /OUTPUT 8 "c";
v000001d9d066c1a0_0 .net "a", 7 0, L_000001d9d06df670;  1 drivers
v000001d9d066c2e0_0 .var "c", 7 0;
E_000001d9d05b7fa0 .event anyedge, v000001d9d066c1a0_0;
S_000001d9d0676430 .scope generate, "SBOX_LOOP[11]" "SBOX_LOOP[11]" 20 14, 20 14 0, S_000001d9d0673f70;
 .timescale 0 0;
P_000001d9d05b7fe0 .param/l "i" 0 20 14, +C4<01011>;
S_000001d9d06770b0 .scope module, "sbox_inst" "sbox" 20 15, 21 1 0, S_000001d9d0676430;
 .timescale 0 0;
    .port_info 0 /INPUT 8 "a";
    .port_info 1 /OUTPUT 8 "c";
v000001d9d066bf20_0 .net "a", 7 0, L_000001d9d06e1150;  1 drivers
v000001d9d066e0e0_0 .var "c", 7 0;
E_000001d9d05b8020 .event anyedge, v000001d9d066bf20_0;
S_000001d9d0675df0 .scope generate, "SBOX_LOOP[12]" "SBOX_LOOP[12]" 20 14, 20 14 0, S_000001d9d0673f70;
 .timescale 0 0;
P_000001d9d05b7220 .param/l "i" 0 20 14, +C4<01100>;
S_000001d9d06765c0 .scope module, "sbox_inst" "sbox" 20 15, 21 1 0, S_000001d9d0675df0;
 .timescale 0 0;
    .port_info 0 /INPUT 8 "a";
    .port_info 1 /OUTPUT 8 "c";
v000001d9d066d960_0 .net "a", 7 0, L_000001d9d06df490;  1 drivers
v000001d9d066da00_0 .var "c", 7 0;
E_000001d9d05b84e0 .event anyedge, v000001d9d066d960_0;
S_000001d9d0677240 .scope generate, "SBOX_LOOP[13]" "SBOX_LOOP[13]" 20 14, 20 14 0, S_000001d9d0673f70;
 .timescale 0 0;
P_000001d9d05b8160 .param/l "i" 0 20 14, +C4<01101>;
S_000001d9d0677560 .scope module, "sbox_inst" "sbox" 20 15, 21 1 0, S_000001d9d0677240;
 .timescale 0 0;
    .port_info 0 /INPUT 8 "a";
    .port_info 1 /OUTPUT 8 "c";
v000001d9d066cb00_0 .net "a", 7 0, L_000001d9d06df350;  1 drivers
v000001d9d066cf60_0 .var "c", 7 0;
E_000001d9d05b8720 .event anyedge, v000001d9d066cb00_0;
S_000001d9d0677880 .scope generate, "SBOX_LOOP[14]" "SBOX_LOOP[14]" 20 14, 20 14 0, S_000001d9d0673f70;
 .timescale 0 0;
P_000001d9d05b8ba0 .param/l "i" 0 20 14, +C4<01110>;
S_000001d9d0676a70 .scope module, "sbox_inst" "sbox" 20 15, 21 1 0, S_000001d9d0677880;
 .timescale 0 0;
    .port_info 0 /INPUT 8 "a";
    .port_info 1 /OUTPUT 8 "c";
v000001d9d066c4c0_0 .net "a", 7 0, L_000001d9d06e0f70;  1 drivers
v000001d9d066c920_0 .var "c", 7 0;
E_000001d9d05b8320 .event anyedge, v000001d9d066c4c0_0;
S_000001d9d0677a10 .scope generate, "SBOX_LOOP[15]" "SBOX_LOOP[15]" 20 14, 20 14 0, S_000001d9d0673f70;
 .timescale 0 0;
P_000001d9d05b8ea0 .param/l "i" 0 20 14, +C4<01111>;
S_000001d9d0676750 .scope module, "sbox_inst" "sbox" 20 15, 21 1 0, S_000001d9d0677a10;
 .timescale 0 0;
    .port_info 0 /INPUT 8 "a";
    .port_info 1 /OUTPUT 8 "c";
v000001d9d066dc80_0 .net "a", 7 0, L_000001d9d06e0c50;  1 drivers
v000001d9d066c380_0 .var "c", 7 0;
E_000001d9d05b85e0 .event anyedge, v000001d9d066dc80_0;
S_000001d9d0676c00 .scope module, "SystemController_inst" "SystemController" 3 96, 22 1 0, S_000001d9d05fc870;
 .timescale 0 0;
    .port_info 0 /INPUT 1 "clk";
    .port_info 1 /INPUT 1 "rst_n";
    .port_info 2 /INPUT 1 "done_kl";
    .port_info 3 /INPUT 1 "ready_new_input_pc";
    .port_info 4 /INPUT 1 "ctvalid_pc";
    .port_info 5 /INPUT 1 "keynewinput";
    .port_info 6 /INPUT 1 "keyrd_if";
    .port_info 7 /INPUT 1 "datard_if";
    .port_info 8 /OUTPUT 1 "src_sbox";
    .port_info 9 /OUTPUT 1 "Key_rd_kl";
    .port_info 10 /OUTPUT 1 "data_rd_pc";
    .port_info 11 /OUTPUT 1 "readdata";
    .port_info 12 /OUTPUT 1 "readkey";
    .port_info 13 /OUTPUT 1 "ready_new_input";
    .port_info 14 /OUTPUT 1 "ctvalid";
    .port_info 15 /OUTPUT 1 "done";
P_000001d9d02b33a0 .param/l "DONE" 1 22 29, +C4<00000000000000000000000000000101>;
P_000001d9d02b33d8 .param/l "IDLE" 1 22 24, +C4<00000000000000000000000000000000>;
P_000001d9d02b3410 .param/l "KEY_EX_COM" 1 22 26, +C4<00000000000000000000000000000010>;
P_000001d9d02b3448 .param/l "KEY_EX_START" 1 22 25, +C4<00000000000000000000000000000001>;
P_000001d9d02b3480 .param/l "PCORE_COM" 1 22 28, +C4<00000000000000000000000000000100>;
P_000001d9d02b34b8 .param/l "PCORE_START" 1 22 27, +C4<00000000000000000000000000000011>;
v000001d9d066cc40_0 .var "Key_rd_kl", 0 0;
v000001d9d066d0a0_0 .net "clk", 0 0, v000001d9d06702a0_0;  alias, 1 drivers
v000001d9d066cba0_0 .var "ctvalid", 0 0;
v000001d9d066e400_0 .net "ctvalid_pc", 0 0, o000001d9d0607708;  alias, 0 drivers
v000001d9d066c100_0 .var "data_rd_pc", 0 0;
v000001d9d066c740_0 .net "datard_if", 0 0, v000001d9d0422530_0;  alias, 1 drivers
v000001d9d066e360_0 .var "datard_if_reg", 0 0;
v000001d9d066d5a0_0 .var "done", 0 0;
o000001d9d0607798 .functor BUFZ 1, C4<z>; HiZ drive
v000001d9d066c7e0_0 .net "done_kl", 0 0, o000001d9d0607798;  0 drivers
v000001d9d066c600_0 .net "keynewinput", 0 0, v000001d9d0422710_0;  alias, 1 drivers
v000001d9d066c880_0 .net "keyrd_if", 0 0, v000001d9d0421130_0;  alias, 1 drivers
v000001d9d066cd80_0 .var "next_state", 2 0;
v000001d9d066d140_0 .var "readdata", 0 0;
v000001d9d066d3c0_0 .var "readkey", 0 0;
v000001d9d066d640_0 .var "ready_new_input", 0 0;
v000001d9d066ce20_0 .net8 "ready_new_input_pc", 0 0, RS_000001d9d06062c8;  alias, 2 drivers
v000001d9d066d1e0_0 .net "rst_n", 0 0, v000001d9d066fb20_0;  alias, 1 drivers
v000001d9d066d280_0 .var "src_sbox", 0 0;
v000001d9d066d6e0_0 .var "state", 2 0;
E_000001d9d05b8a60 .event anyedge, v000001d9d066d6e0_0, v000001d9d066e360_0;
E_000001d9d05b8760/0 .event anyedge, v000001d9d066d6e0_0, v000001d9d0422710_0, v000001d9d0421130_0, v000001d9d0422530_0;
E_000001d9d05b8760/1 .event anyedge, v000001d9d066c7e0_0, v000001d9d066e360_0, v000001d9d066e400_0;
E_000001d9d05b8760 .event/or E_000001d9d05b8760/0, E_000001d9d05b8760/1;
    .scope S_000001d9d05feb10;
T_0 ;
    %wait E_000001d9d05b6920;
    %load/vec4 v000001d9d0421d10_0;
    %inv;
    %flag_set/vec4 8;
    %jmp/0xz  T_0.0, 8;
    %pushi/vec4 0, 0, 128;
    %assign/vec4 v000001d9d0422c10_0, 0;
    %pushi/vec4 0, 0, 128;
    %assign/vec4 v000001d9d0422d50_0, 0;
    %jmp T_0.1;
T_0.0 ;
    %load/vec4 v000001d9d04216d0_0;
    %flag_set/vec4 8;
    %jmp/0xz  T_0.2, 8;
    %load/vec4 v000001d9d0422c10_0;
    %load/vec4 v000001d9d04225d0_0;
    %cmp/ne;
    %jmp/0xz  T_0.4, 4;
    %pushi/vec4 1, 0, 1;
    %assign/vec4 v000001d9d0421130_0, 0;
    %load/vec4 v000001d9d04225d0_0;
    %assign/vec4 v000001d9d0422c10_0, 0;
    %pushi/vec4 1, 0, 1;
    %assign/vec4 v000001d9d0422710_0, 0;
T_0.4 ;
    %jmp T_0.3;
T_0.2 ;
    %load/vec4 v000001d9d0420eb0_0;
    %flag_set/vec4 8;
    %jmp/0xz  T_0.6, 8;
    %load/vec4 v000001d9d04225d0_0;
    %load/vec4 v000001d9d0422c10_0;
    %xor;
    %assign/vec4 v000001d9d0422d50_0, 0;
    %pushi/vec4 1, 0, 1;
    %assign/vec4 v000001d9d0422530_0, 0;
    %jmp T_0.7;
T_0.6 ;
    %pushi/vec4 0, 0, 1;
    %assign/vec4 v000001d9d0421130_0, 0;
    %pushi/vec4 0, 0, 1;
    %assign/vec4 v000001d9d0422530_0, 0;
    %pushi/vec4 0, 0, 1;
    %assign/vec4 v000001d9d0422710_0, 0;
T_0.7 ;
T_0.3 ;
T_0.1 ;
    %jmp T_0;
    .thread T_0;
    .scope S_000001d9d05feb10;
T_1 ;
    %wait E_000001d9d05b6920;
    %load/vec4 v000001d9d0421d10_0;
    %inv;
    %flag_set/vec4 8;
    %jmp/0xz  T_1.0, 8;
    %pushi/vec4 0, 0, 128;
    %assign/vec4 v000001d9d04222b0_0, 0;
    %jmp T_1.1;
T_1.0 ;
    %load/vec4 v000001d9d0421c70_0;
    %flag_set/vec4 8;
    %jmp/0xz  T_1.2, 8;
    %load/vec4 v000001d9d0422c10_0;
    %assign/vec4 v000001d9d04222b0_0, 0;
    %jmp T_1.3;
T_1.2 ;
    %load/vec4 v000001d9d04227b0_0;
    %flag_set/vec4 8;
    %jmp/0xz  T_1.4, 8;
    %load/vec4 v000001d9d0422d50_0;
    %assign/vec4 v000001d9d04222b0_0, 0;
    %jmp T_1.5;
T_1.4 ;
    %pushi/vec4 0, 0, 128;
    %assign/vec4 v000001d9d04222b0_0, 0;
T_1.5 ;
T_1.3 ;
T_1.1 ;
    %jmp T_1;
    .thread T_1;
    .scope S_000001d9d02d2b90;
T_2 ;
    %wait E_000001d9d05b6920;
    %load/vec4 v000001d9d0422b70_0;
    %nor/r;
    %flag_set/vec4 8;
    %jmp/0xz  T_2.0, 8;
    %pushi/vec4 0, 0, 32;
    %store/vec4 v000001d9d04220d0_0, 0, 32;
T_2.2 ;
    %load/vec4 v000001d9d04220d0_0;
    %cmpi/s 11, 0, 32;
    %jmp/0xz T_2.3, 5;
    %pushi/vec4 0, 0, 128;
    %ix/getv/s 3, v000001d9d04220d0_0;
    %ix/load 4, 0, 0; Constant delay
    %assign/vec4/a/d v000001d9d04218b0, 0, 4;
    %load/vec4 v000001d9d04220d0_0;
    %addi 1, 0, 32;
    %store/vec4 v000001d9d04220d0_0, 0, 32;
    %jmp T_2.2;
T_2.3 ;
    %jmp T_2.1;
T_2.0 ;
    %load/vec4 v000001d9d0422170_0;
    %flag_set/vec4 8;
    %jmp/0xz  T_2.4, 8;
    %load/vec4 v000001d9d0422030_0;
    %load/vec4 v000001d9d04219f0_0;
    %pad/u 5;
    %ix/vec4 3;
    %ix/load 4, 0, 0; Constant delay
    %assign/vec4/a/d v000001d9d04218b0, 0, 4;
T_2.4 ;
T_2.1 ;
    %jmp T_2;
    .thread T_2;
    .scope S_000001d9d02d1e10;
T_3 ;
    %wait E_000001d9d05b7960;
    %load/vec4 v000001d9d0423250_0;
    %dup/vec4;
    %pushi/vec4 1, 0, 4;
    %cmp/u;
    %jmp/1 T_3.0, 6;
    %dup/vec4;
    %pushi/vec4 2, 0, 4;
    %cmp/u;
    %jmp/1 T_3.1, 6;
    %dup/vec4;
    %pushi/vec4 3, 0, 4;
    %cmp/u;
    %jmp/1 T_3.2, 6;
    %dup/vec4;
    %pushi/vec4 4, 0, 4;
    %cmp/u;
    %jmp/1 T_3.3, 6;
    %dup/vec4;
    %pushi/vec4 5, 0, 4;
    %cmp/u;
    %jmp/1 T_3.4, 6;
    %dup/vec4;
    %pushi/vec4 6, 0, 4;
    %cmp/u;
    %jmp/1 T_3.5, 6;
    %dup/vec4;
    %pushi/vec4 7, 0, 4;
    %cmp/u;
    %jmp/1 T_3.6, 6;
    %dup/vec4;
    %pushi/vec4 8, 0, 4;
    %cmp/u;
    %jmp/1 T_3.7, 6;
    %dup/vec4;
    %pushi/vec4 9, 0, 4;
    %cmp/u;
    %jmp/1 T_3.8, 6;
    %dup/vec4;
    %pushi/vec4 10, 0, 4;
    %cmp/u;
    %jmp/1 T_3.9, 6;
    %pushi/vec4 0, 0, 32;
    %store/vec4 v000001d9d04231b0_0, 0, 32;
    %jmp T_3.11;
T_3.0 ;
    %pushi/vec4 16777216, 0, 32;
    %store/vec4 v000001d9d04231b0_0, 0, 32;
    %jmp T_3.11;
T_3.1 ;
    %pushi/vec4 33554432, 0, 32;
    %store/vec4 v000001d9d04231b0_0, 0, 32;
    %jmp T_3.11;
T_3.2 ;
    %pushi/vec4 67108864, 0, 32;
    %store/vec4 v000001d9d04231b0_0, 0, 32;
    %jmp T_3.11;
T_3.3 ;
    %pushi/vec4 134217728, 0, 32;
    %store/vec4 v000001d9d04231b0_0, 0, 32;
    %jmp T_3.11;
T_3.4 ;
    %pushi/vec4 268435456, 0, 32;
    %store/vec4 v000001d9d04231b0_0, 0, 32;
    %jmp T_3.11;
T_3.5 ;
    %pushi/vec4 536870912, 0, 32;
    %store/vec4 v000001d9d04231b0_0, 0, 32;
    %jmp T_3.11;
T_3.6 ;
    %pushi/vec4 1073741824, 0, 32;
    %store/vec4 v000001d9d04231b0_0, 0, 32;
    %jmp T_3.11;
T_3.7 ;
    %pushi/vec4 2147483648, 0, 32;
    %store/vec4 v000001d9d04231b0_0, 0, 32;
    %jmp T_3.11;
T_3.8 ;
    %pushi/vec4 452984832, 0, 32;
    %store/vec4 v000001d9d04231b0_0, 0, 32;
    %jmp T_3.11;
T_3.9 ;
    %pushi/vec4 905969664, 0, 32;
    %store/vec4 v000001d9d04231b0_0, 0, 32;
    %jmp T_3.11;
T_3.11 ;
    %pop/vec4 1;
    %jmp T_3;
    .thread T_3, $push;
    .scope S_000001d9d030f980;
T_4 ;
    %wait E_000001d9d05b6ae0;
    %load/vec4 v000001d9d04228f0_0;
    %dup/vec4;
    %pushi/vec4 0, 0, 3;
    %cmp/u;
    %jmp/1 T_4.0, 6;
    %dup/vec4;
    %pushi/vec4 1, 0, 3;
    %cmp/u;
    %jmp/1 T_4.1, 6;
    %dup/vec4;
    %pushi/vec4 2, 0, 3;
    %cmp/u;
    %jmp/1 T_4.2, 6;
    %dup/vec4;
    %pushi/vec4 3, 0, 3;
    %cmp/u;
    %jmp/1 T_4.3, 6;
    %dup/vec4;
    %pushi/vec4 4, 0, 3;
    %cmp/u;
    %jmp/1 T_4.4, 6;
    %pushi/vec4 0, 0, 3;
    %store/vec4 v000001d9d0423390_0, 0, 3;
    %jmp T_4.6;
T_4.0 ;
    %load/vec4 v000001d9d04234d0_0;
    %flag_set/vec4 8;
    %jmp/0 T_4.7, 8;
    %pushi/vec4 1, 0, 32;
    %jmp/1 T_4.8, 8;
T_4.7 ; End of true expr.
    %pushi/vec4 0, 0, 32;
    %jmp/0 T_4.8, 8;
 ; End of false expr.
    %blend;
T_4.8;
    %pad/s 3;
    %store/vec4 v000001d9d0423390_0, 0, 3;
    %jmp T_4.6;
T_4.1 ;
    %pushi/vec4 2, 0, 3;
    %store/vec4 v000001d9d0423390_0, 0, 3;
    %jmp T_4.6;
T_4.2 ;
    %pushi/vec4 3, 0, 3;
    %store/vec4 v000001d9d0423390_0, 0, 3;
    %jmp T_4.6;
T_4.3 ;
    %load/vec4 v000001d9d0423570_0;
    %pad/u 32;
    %cmpi/e 10, 0, 32;
    %flag_mov 8, 4;
    %jmp/0 T_4.9, 8;
    %pushi/vec4 4, 0, 32;
    %jmp/1 T_4.10, 8;
T_4.9 ; End of true expr.
    %pushi/vec4 2, 0, 32;
    %jmp/0 T_4.10, 8;
 ; End of false expr.
    %blend;
T_4.10;
    %pad/s 3;
    %store/vec4 v000001d9d0423390_0, 0, 3;
    %jmp T_4.6;
T_4.4 ;
    %pushi/vec4 0, 0, 3;
    %store/vec4 v000001d9d0423390_0, 0, 3;
    %jmp T_4.6;
T_4.6 ;
    %pop/vec4 1;
    %jmp T_4;
    .thread T_4, $push;
    .scope S_000001d9d030f980;
T_5 ;
    %wait E_000001d9d05b6920;
    %load/vec4 v000001d9d0421ef0_0;
    %inv;
    %flag_set/vec4 8;
    %jmp/0xz  T_5.0, 8;
    %pushi/vec4 0, 0, 3;
    %assign/vec4 v000001d9d04228f0_0, 0;
    %jmp T_5.1;
T_5.0 ;
    %load/vec4 v000001d9d0423390_0;
    %assign/vec4 v000001d9d04228f0_0, 0;
T_5.1 ;
    %jmp T_5;
    .thread T_5;
    .scope S_000001d9d030f980;
T_6 ;
    %wait E_000001d9d05b6920;
    %load/vec4 v000001d9d0421ef0_0;
    %inv;
    %flag_set/vec4 8;
    %jmp/0xz  T_6.0, 8;
    %pushi/vec4 0, 0, 1;
    %assign/vec4 v000001d9d0421e50_0, 0;
    %pushi/vec4 0, 0, 1;
    %assign/vec4 v000001d9d0422df0_0, 0;
    %pushi/vec4 0, 0, 1;
    %assign/vec4 v000001d9d0422990_0, 0;
    %pushi/vec4 0, 0, 1;
    %assign/vec4 v000001d9d0421950_0, 0;
    %pushi/vec4 0, 0, 4;
    %assign/vec4 v000001d9d0421270_0, 0;
    %pushi/vec4 0, 0, 4;
    %assign/vec4 v000001d9d0422850_0, 0;
    %pushi/vec4 0, 0, 4;
    %assign/vec4 v000001d9d0423570_0, 0;
    %jmp T_6.1;
T_6.0 ;
    %pushi/vec4 0, 0, 1;
    %assign/vec4 v000001d9d0421e50_0, 0;
    %pushi/vec4 0, 0, 1;
    %assign/vec4 v000001d9d0422df0_0, 0;
    %pushi/vec4 0, 0, 1;
    %assign/vec4 v000001d9d0422990_0, 0;
    %pushi/vec4 0, 0, 1;
    %assign/vec4 v000001d9d0421950_0, 0;
    %load/vec4 v000001d9d04228f0_0;
    %dup/vec4;
    %pushi/vec4 0, 0, 3;
    %cmp/u;
    %jmp/1 T_6.2, 6;
    %dup/vec4;
    %pushi/vec4 1, 0, 3;
    %cmp/u;
    %jmp/1 T_6.3, 6;
    %dup/vec4;
    %pushi/vec4 2, 0, 3;
    %cmp/u;
    %jmp/1 T_6.4, 6;
    %dup/vec4;
    %pushi/vec4 3, 0, 3;
    %cmp/u;
    %jmp/1 T_6.5, 6;
    %dup/vec4;
    %pushi/vec4 4, 0, 3;
    %cmp/u;
    %jmp/1 T_6.6, 6;
    %jmp T_6.8;
T_6.2 ;
    %load/vec4 v000001d9d0421db0_0;
    %assign/vec4 v000001d9d0422850_0, 0;
    %jmp T_6.8;
T_6.3 ;
    %pushi/vec4 0, 0, 4;
    %assign/vec4 v000001d9d0423570_0, 0;
    %pushi/vec4 0, 0, 4;
    %assign/vec4 v000001d9d0421270_0, 0;
    %pushi/vec4 0, 0, 4;
    %assign/vec4 v000001d9d0422850_0, 0;
    %pushi/vec4 1, 0, 1;
    %assign/vec4 v000001d9d0422990_0, 0;
    %pushi/vec4 1, 0, 1;
    %assign/vec4 v000001d9d0421950_0, 0;
    %jmp T_6.8;
T_6.4 ;
    %load/vec4 v000001d9d0423570_0;
    %assign/vec4 v000001d9d0422850_0, 0;
    %jmp T_6.8;
T_6.5 ;
    %pushi/vec4 1, 0, 1;
    %assign/vec4 v000001d9d0422990_0, 0;
    %load/vec4 v000001d9d0423570_0;
    %addi 1, 0, 4;
    %assign/vec4 v000001d9d0423570_0, 0;
    %load/vec4 v000001d9d0421270_0;
    %addi 1, 0, 4;
    %assign/vec4 v000001d9d0421270_0, 0;
    %jmp T_6.8;
T_6.6 ;
    %pushi/vec4 1, 0, 1;
    %assign/vec4 v000001d9d0421e50_0, 0;
    %jmp T_6.8;
T_6.8 ;
    %pop/vec4 1;
T_6.1 ;
    %jmp T_6;
    .thread T_6;
    .scope S_000001d9d02f8d90;
T_7 ;
    %wait E_000001d9d05b6920;
    %load/vec4 v000001d9d06714c0_0;
    %inv;
    %flag_set/vec4 8;
    %jmp/0xz  T_7.0, 8;
    %pushi/vec4 0, 0, 128;
    %assign/vec4 v000001d9d0671600_0, 0;
    %jmp T_7.1;
T_7.0 ;
    %load/vec4 v000001d9d0672c80_0;
    %assign/vec4 v000001d9d0671600_0, 0;
T_7.1 ;
    %jmp T_7;
    .thread T_7;
    .scope S_000001d9d0674a60;
T_8 ;
    %wait E_000001d9d05b75e0;
    %load/vec4 v000001d9d0671c40_0;
    %dup/vec4;
    %pushi/vec4 0, 0, 3;
    %cmp/u;
    %jmp/1 T_8.0, 6;
    %dup/vec4;
    %pushi/vec4 1, 0, 3;
    %cmp/u;
    %jmp/1 T_8.1, 6;
    %dup/vec4;
    %pushi/vec4 2, 0, 3;
    %cmp/u;
    %jmp/1 T_8.2, 6;
    %dup/vec4;
    %pushi/vec4 3, 0, 3;
    %cmp/u;
    %jmp/1 T_8.3, 6;
    %dup/vec4;
    %pushi/vec4 4, 0, 3;
    %cmp/u;
    %jmp/1 T_8.4, 6;
    %pushi/vec4 0, 0, 3;
    %store/vec4 v000001d9d06711a0_0, 0, 3;
    %jmp T_8.6;
T_8.0 ;
    %load/vec4 v000001d9d0673400_0;
    %flag_set/vec4 8;
    %jmp/0 T_8.7, 8;
    %pushi/vec4 1, 0, 32;
    %jmp/1 T_8.8, 8;
T_8.7 ; End of true expr.
    %pushi/vec4 0, 0, 32;
    %jmp/0 T_8.8, 8;
 ; End of false expr.
    %blend;
T_8.8;
    %pad/s 3;
    %store/vec4 v000001d9d06711a0_0, 0, 3;
    %jmp T_8.6;
T_8.1 ;
    %pushi/vec4 2, 0, 3;
    %store/vec4 v000001d9d06711a0_0, 0, 3;
    %jmp T_8.6;
T_8.2 ;
    %pushi/vec4 3, 0, 3;
    %store/vec4 v000001d9d06711a0_0, 0, 3;
    %jmp T_8.6;
T_8.3 ;
    %load/vec4 v000001d9d06730e0_0;
    %pad/u 32;
    %cmpi/e 10, 0, 32;
    %flag_mov 8, 4;
    %jmp/0 T_8.9, 8;
    %pushi/vec4 4, 0, 32;
    %jmp/1 T_8.10, 8;
T_8.9 ; End of true expr.
    %pushi/vec4 2, 0, 32;
    %jmp/0 T_8.10, 8;
 ; End of false expr.
    %blend;
T_8.10;
    %pad/s 3;
    %store/vec4 v000001d9d06711a0_0, 0, 3;
    %jmp T_8.6;
T_8.4 ;
    %pushi/vec4 0, 0, 3;
    %store/vec4 v000001d9d06711a0_0, 0, 3;
    %jmp T_8.6;
T_8.6 ;
    %pop/vec4 1;
    %jmp T_8;
    .thread T_8, $push;
    .scope S_000001d9d0674a60;
T_9 ;
    %wait E_000001d9d05b6920;
    %load/vec4 v000001d9d0671ec0_0;
    %inv;
    %flag_set/vec4 8;
    %jmp/0xz  T_9.0, 8;
    %pushi/vec4 0, 0, 3;
    %assign/vec4 v000001d9d0671c40_0, 0;
    %jmp T_9.1;
T_9.0 ;
    %load/vec4 v000001d9d06711a0_0;
    %assign/vec4 v000001d9d0671c40_0, 0;
T_9.1 ;
    %jmp T_9;
    .thread T_9;
    .scope S_000001d9d0674a60;
T_10 ;
    %wait E_000001d9d05b6920;
    %load/vec4 v000001d9d0671ec0_0;
    %inv;
    %flag_set/vec4 8;
    %jmp/0xz  T_10.0, 8;
    %pushi/vec4 0, 0, 4;
    %assign/vec4 v000001d9d06730e0_0, 0;
    %jmp T_10.1;
T_10.0 ;
    %load/vec4 v000001d9d0671c40_0;
    %pad/u 32;
    %cmpi/e 0, 0, 32;
    %jmp/0xz  T_10.2, 4;
    %pushi/vec4 0, 0, 4;
    %assign/vec4 v000001d9d06730e0_0, 0;
    %jmp T_10.3;
T_10.2 ;
    %load/vec4 v000001d9d0671c40_0;
    %pad/u 32;
    %cmpi/e 3, 0, 32;
    %jmp/0xz  T_10.4, 4;
    %load/vec4 v000001d9d06730e0_0;
    %addi 1, 0, 4;
    %assign/vec4 v000001d9d06730e0_0, 0;
T_10.4 ;
T_10.3 ;
T_10.1 ;
    %jmp T_10;
    .thread T_10;
    .scope S_000001d9d0674a60;
T_11 ;
    %wait E_000001d9d05b75a0;
    %pushi/vec4 0, 0, 1;
    %store/vec4 v000001d9d0672fa0_0, 0, 1;
    %pushi/vec4 0, 0, 1;
    %store/vec4 v000001d9d0671420_0, 0, 1;
    %pushi/vec4 0, 0, 1;
    %store/vec4 v000001d9d0671ba0_0, 0, 1;
    %load/vec4 v000001d9d0671c40_0;
    %dup/vec4;
    %pushi/vec4 0, 0, 3;
    %cmp/u;
    %jmp/1 T_11.0, 6;
    %dup/vec4;
    %pushi/vec4 1, 0, 3;
    %cmp/u;
    %jmp/1 T_11.1, 6;
    %dup/vec4;
    %pushi/vec4 4, 0, 3;
    %cmp/u;
    %jmp/1 T_11.2, 6;
    %pushi/vec4 0, 0, 1;
    %store/vec4 v000001d9d0672fa0_0, 0, 1;
    %pushi/vec4 0, 0, 1;
    %store/vec4 v000001d9d0671420_0, 0, 1;
    %pushi/vec4 0, 0, 1;
    %store/vec4 v000001d9d0671ba0_0, 0, 1;
    %jmp T_11.4;
T_11.0 ;
    %pushi/vec4 0, 0, 1;
    %store/vec4 v000001d9d0672fa0_0, 0, 1;
    %pushi/vec4 1, 0, 1;
    %store/vec4 v000001d9d0671420_0, 0, 1;
    %pushi/vec4 0, 0, 1;
    %store/vec4 v000001d9d0671ba0_0, 0, 1;
    %jmp T_11.4;
T_11.1 ;
    %pushi/vec4 1, 0, 1;
    %store/vec4 v000001d9d0671ba0_0, 0, 1;
    %jmp T_11.4;
T_11.2 ;
    %pushi/vec4 1, 0, 1;
    %store/vec4 v000001d9d0672fa0_0, 0, 1;
    %jmp T_11.4;
T_11.4 ;
    %pop/vec4 1;
    %jmp T_11;
    .thread T_11, $push;
    .scope S_000001d9d0673de0;
T_12 ;
    %wait E_000001d9d05b8120;
    %load/vec4 v000001d9d06739a0_0;
    %dup/vec4;
    %pushi/vec4 0, 0, 8;
    %cmp/u;
    %jmp/1 T_12.0, 6;
    %dup/vec4;
    %pushi/vec4 1, 0, 8;
    %cmp/u;
    %jmp/1 T_12.1, 6;
    %dup/vec4;
    %pushi/vec4 2, 0, 8;
    %cmp/u;
    %jmp/1 T_12.2, 6;
    %dup/vec4;
    %pushi/vec4 3, 0, 8;
    %cmp/u;
    %jmp/1 T_12.3, 6;
    %dup/vec4;
    %pushi/vec4 4, 0, 8;
    %cmp/u;
    %jmp/1 T_12.4, 6;
    %dup/vec4;
    %pushi/vec4 5, 0, 8;
    %cmp/u;
    %jmp/1 T_12.5, 6;
    %dup/vec4;
    %pushi/vec4 6, 0, 8;
    %cmp/u;
    %jmp/1 T_12.6, 6;
    %dup/vec4;
    %pushi/vec4 7, 0, 8;
    %cmp/u;
    %jmp/1 T_12.7, 6;
    %dup/vec4;
    %pushi/vec4 8, 0, 8;
    %cmp/u;
    %jmp/1 T_12.8, 6;
    %dup/vec4;
    %pushi/vec4 9, 0, 8;
    %cmp/u;
    %jmp/1 T_12.9, 6;
    %dup/vec4;
    %pushi/vec4 10, 0, 8;
    %cmp/u;
    %jmp/1 T_12.10, 6;
    %dup/vec4;
    %pushi/vec4 11, 0, 8;
    %cmp/u;
    %jmp/1 T_12.11, 6;
    %dup/vec4;
    %pushi/vec4 12, 0, 8;
    %cmp/u;
    %jmp/1 T_12.12, 6;
    %dup/vec4;
    %pushi/vec4 13, 0, 8;
    %cmp/u;
    %jmp/1 T_12.13, 6;
    %dup/vec4;
    %pushi/vec4 14, 0, 8;
    %cmp/u;
    %jmp/1 T_12.14, 6;
    %dup/vec4;
    %pushi/vec4 15, 0, 8;
    %cmp/u;
    %jmp/1 T_12.15, 6;
    %dup/vec4;
    %pushi/vec4 16, 0, 8;
    %cmp/u;
    %jmp/1 T_12.16, 6;
    %dup/vec4;
    %pushi/vec4 17, 0, 8;
    %cmp/u;
    %jmp/1 T_12.17, 6;
    %dup/vec4;
    %pushi/vec4 18, 0, 8;
    %cmp/u;
    %jmp/1 T_12.18, 6;
    %dup/vec4;
    %pushi/vec4 19, 0, 8;
    %cmp/u;
    %jmp/1 T_12.19, 6;
    %dup/vec4;
    %pushi/vec4 20, 0, 8;
    %cmp/u;
    %jmp/1 T_12.20, 6;
    %dup/vec4;
    %pushi/vec4 21, 0, 8;
    %cmp/u;
    %jmp/1 T_12.21, 6;
    %dup/vec4;
    %pushi/vec4 22, 0, 8;
    %cmp/u;
    %jmp/1 T_12.22, 6;
    %dup/vec4;
    %pushi/vec4 23, 0, 8;
    %cmp/u;
    %jmp/1 T_12.23, 6;
    %dup/vec4;
    %pushi/vec4 24, 0, 8;
    %cmp/u;
    %jmp/1 T_12.24, 6;
    %dup/vec4;
    %pushi/vec4 25, 0, 8;
    %cmp/u;
    %jmp/1 T_12.25, 6;
    %dup/vec4;
    %pushi/vec4 26, 0, 8;
    %cmp/u;
    %jmp/1 T_12.26, 6;
    %dup/vec4;
    %pushi/vec4 27, 0, 8;
    %cmp/u;
    %jmp/1 T_12.27, 6;
    %dup/vec4;
    %pushi/vec4 28, 0, 8;
    %cmp/u;
    %jmp/1 T_12.28, 6;
    %dup/vec4;
    %pushi/vec4 29, 0, 8;
    %cmp/u;
    %jmp/1 T_12.29, 6;
    %dup/vec4;
    %pushi/vec4 30, 0, 8;
    %cmp/u;
    %jmp/1 T_12.30, 6;
    %dup/vec4;
    %pushi/vec4 31, 0, 8;
    %cmp/u;
    %jmp/1 T_12.31, 6;
    %dup/vec4;
    %pushi/vec4 32, 0, 8;
    %cmp/u;
    %jmp/1 T_12.32, 6;
    %dup/vec4;
    %pushi/vec4 33, 0, 8;
    %cmp/u;
    %jmp/1 T_12.33, 6;
    %dup/vec4;
    %pushi/vec4 34, 0, 8;
    %cmp/u;
    %jmp/1 T_12.34, 6;
    %dup/vec4;
    %pushi/vec4 35, 0, 8;
    %cmp/u;
    %jmp/1 T_12.35, 6;
    %dup/vec4;
    %pushi/vec4 36, 0, 8;
    %cmp/u;
    %jmp/1 T_12.36, 6;
    %dup/vec4;
    %pushi/vec4 37, 0, 8;
    %cmp/u;
    %jmp/1 T_12.37, 6;
    %dup/vec4;
    %pushi/vec4 38, 0, 8;
    %cmp/u;
    %jmp/1 T_12.38, 6;
    %dup/vec4;
    %pushi/vec4 39, 0, 8;
    %cmp/u;
    %jmp/1 T_12.39, 6;
    %dup/vec4;
    %pushi/vec4 40, 0, 8;
    %cmp/u;
    %jmp/1 T_12.40, 6;
    %dup/vec4;
    %pushi/vec4 41, 0, 8;
    %cmp/u;
    %jmp/1 T_12.41, 6;
    %dup/vec4;
    %pushi/vec4 42, 0, 8;
    %cmp/u;
    %jmp/1 T_12.42, 6;
    %dup/vec4;
    %pushi/vec4 43, 0, 8;
    %cmp/u;
    %jmp/1 T_12.43, 6;
    %dup/vec4;
    %pushi/vec4 44, 0, 8;
    %cmp/u;
    %jmp/1 T_12.44, 6;
    %dup/vec4;
    %pushi/vec4 45, 0, 8;
    %cmp/u;
    %jmp/1 T_12.45, 6;
    %dup/vec4;
    %pushi/vec4 46, 0, 8;
    %cmp/u;
    %jmp/1 T_12.46, 6;
    %dup/vec4;
    %pushi/vec4 47, 0, 8;
    %cmp/u;
    %jmp/1 T_12.47, 6;
    %dup/vec4;
    %pushi/vec4 48, 0, 8;
    %cmp/u;
    %jmp/1 T_12.48, 6;
    %dup/vec4;
    %pushi/vec4 49, 0, 8;
    %cmp/u;
    %jmp/1 T_12.49, 6;
    %dup/vec4;
    %pushi/vec4 50, 0, 8;
    %cmp/u;
    %jmp/1 T_12.50, 6;
    %dup/vec4;
    %pushi/vec4 51, 0, 8;
    %cmp/u;
    %jmp/1 T_12.51, 6;
    %dup/vec4;
    %pushi/vec4 52, 0, 8;
    %cmp/u;
    %jmp/1 T_12.52, 6;
    %dup/vec4;
    %pushi/vec4 53, 0, 8;
    %cmp/u;
    %jmp/1 T_12.53, 6;
    %dup/vec4;
    %pushi/vec4 54, 0, 8;
    %cmp/u;
    %jmp/1 T_12.54, 6;
    %dup/vec4;
    %pushi/vec4 55, 0, 8;
    %cmp/u;
    %jmp/1 T_12.55, 6;
    %dup/vec4;
    %pushi/vec4 56, 0, 8;
    %cmp/u;
    %jmp/1 T_12.56, 6;
    %dup/vec4;
    %pushi/vec4 57, 0, 8;
    %cmp/u;
    %jmp/1 T_12.57, 6;
    %dup/vec4;
    %pushi/vec4 58, 0, 8;
    %cmp/u;
    %jmp/1 T_12.58, 6;
    %dup/vec4;
    %pushi/vec4 59, 0, 8;
    %cmp/u;
    %jmp/1 T_12.59, 6;
    %dup/vec4;
    %pushi/vec4 60, 0, 8;
    %cmp/u;
    %jmp/1 T_12.60, 6;
    %dup/vec4;
    %pushi/vec4 61, 0, 8;
    %cmp/u;
    %jmp/1 T_12.61, 6;
    %dup/vec4;
    %pushi/vec4 62, 0, 8;
    %cmp/u;
    %jmp/1 T_12.62, 6;
    %dup/vec4;
    %pushi/vec4 63, 0, 8;
    %cmp/u;
    %jmp/1 T_12.63, 6;
    %dup/vec4;
    %pushi/vec4 64, 0, 8;
    %cmp/u;
    %jmp/1 T_12.64, 6;
    %dup/vec4;
    %pushi/vec4 65, 0, 8;
    %cmp/u;
    %jmp/1 T_12.65, 6;
    %dup/vec4;
    %pushi/vec4 66, 0, 8;
    %cmp/u;
    %jmp/1 T_12.66, 6;
    %dup/vec4;
    %pushi/vec4 67, 0, 8;
    %cmp/u;
    %jmp/1 T_12.67, 6;
    %dup/vec4;
    %pushi/vec4 68, 0, 8;
    %cmp/u;
    %jmp/1 T_12.68, 6;
    %dup/vec4;
    %pushi/vec4 69, 0, 8;
    %cmp/u;
    %jmp/1 T_12.69, 6;
    %dup/vec4;
    %pushi/vec4 70, 0, 8;
    %cmp/u;
    %jmp/1 T_12.70, 6;
    %dup/vec4;
    %pushi/vec4 71, 0, 8;
    %cmp/u;
    %jmp/1 T_12.71, 6;
    %dup/vec4;
    %pushi/vec4 72, 0, 8;
    %cmp/u;
    %jmp/1 T_12.72, 6;
    %dup/vec4;
    %pushi/vec4 73, 0, 8;
    %cmp/u;
    %jmp/1 T_12.73, 6;
    %dup/vec4;
    %pushi/vec4 74, 0, 8;
    %cmp/u;
    %jmp/1 T_12.74, 6;
    %dup/vec4;
    %pushi/vec4 75, 0, 8;
    %cmp/u;
    %jmp/1 T_12.75, 6;
    %dup/vec4;
    %pushi/vec4 76, 0, 8;
    %cmp/u;
    %jmp/1 T_12.76, 6;
    %dup/vec4;
    %pushi/vec4 77, 0, 8;
    %cmp/u;
    %jmp/1 T_12.77, 6;
    %dup/vec4;
    %pushi/vec4 78, 0, 8;
    %cmp/u;
    %jmp/1 T_12.78, 6;
    %dup/vec4;
    %pushi/vec4 79, 0, 8;
    %cmp/u;
    %jmp/1 T_12.79, 6;
    %dup/vec4;
    %pushi/vec4 80, 0, 8;
    %cmp/u;
    %jmp/1 T_12.80, 6;
    %dup/vec4;
    %pushi/vec4 81, 0, 8;
    %cmp/u;
    %jmp/1 T_12.81, 6;
    %dup/vec4;
    %pushi/vec4 82, 0, 8;
    %cmp/u;
    %jmp/1 T_12.82, 6;
    %dup/vec4;
    %pushi/vec4 83, 0, 8;
    %cmp/u;
    %jmp/1 T_12.83, 6;
    %dup/vec4;
    %pushi/vec4 84, 0, 8;
    %cmp/u;
    %jmp/1 T_12.84, 6;
    %dup/vec4;
    %pushi/vec4 85, 0, 8;
    %cmp/u;
    %jmp/1 T_12.85, 6;
    %dup/vec4;
    %pushi/vec4 86, 0, 8;
    %cmp/u;
    %jmp/1 T_12.86, 6;
    %dup/vec4;
    %pushi/vec4 87, 0, 8;
    %cmp/u;
    %jmp/1 T_12.87, 6;
    %dup/vec4;
    %pushi/vec4 88, 0, 8;
    %cmp/u;
    %jmp/1 T_12.88, 6;
    %dup/vec4;
    %pushi/vec4 89, 0, 8;
    %cmp/u;
    %jmp/1 T_12.89, 6;
    %dup/vec4;
    %pushi/vec4 90, 0, 8;
    %cmp/u;
    %jmp/1 T_12.90, 6;
    %dup/vec4;
    %pushi/vec4 91, 0, 8;
    %cmp/u;
    %jmp/1 T_12.91, 6;
    %dup/vec4;
    %pushi/vec4 92, 0, 8;
    %cmp/u;
    %jmp/1 T_12.92, 6;
    %dup/vec4;
    %pushi/vec4 93, 0, 8;
    %cmp/u;
    %jmp/1 T_12.93, 6;
    %dup/vec4;
    %pushi/vec4 94, 0, 8;
    %cmp/u;
    %jmp/1 T_12.94, 6;
    %dup/vec4;
    %pushi/vec4 95, 0, 8;
    %cmp/u;
    %jmp/1 T_12.95, 6;
    %dup/vec4;
    %pushi/vec4 96, 0, 8;
    %cmp/u;
    %jmp/1 T_12.96, 6;
    %dup/vec4;
    %pushi/vec4 97, 0, 8;
    %cmp/u;
    %jmp/1 T_12.97, 6;
    %dup/vec4;
    %pushi/vec4 98, 0, 8;
    %cmp/u;
    %jmp/1 T_12.98, 6;
    %dup/vec4;
    %pushi/vec4 99, 0, 8;
    %cmp/u;
    %jmp/1 T_12.99, 6;
    %dup/vec4;
    %pushi/vec4 100, 0, 8;
    %cmp/u;
    %jmp/1 T_12.100, 6;
    %dup/vec4;
    %pushi/vec4 101, 0, 8;
    %cmp/u;
    %jmp/1 T_12.101, 6;
    %dup/vec4;
    %pushi/vec4 102, 0, 8;
    %cmp/u;
    %jmp/1 T_12.102, 6;
    %dup/vec4;
    %pushi/vec4 103, 0, 8;
    %cmp/u;
    %jmp/1 T_12.103, 6;
    %dup/vec4;
    %pushi/vec4 104, 0, 8;
    %cmp/u;
    %jmp/1 T_12.104, 6;
    %dup/vec4;
    %pushi/vec4 105, 0, 8;
    %cmp/u;
    %jmp/1 T_12.105, 6;
    %dup/vec4;
    %pushi/vec4 106, 0, 8;
    %cmp/u;
    %jmp/1 T_12.106, 6;
    %dup/vec4;
    %pushi/vec4 107, 0, 8;
    %cmp/u;
    %jmp/1 T_12.107, 6;
    %dup/vec4;
    %pushi/vec4 108, 0, 8;
    %cmp/u;
    %jmp/1 T_12.108, 6;
    %dup/vec4;
    %pushi/vec4 109, 0, 8;
    %cmp/u;
    %jmp/1 T_12.109, 6;
    %dup/vec4;
    %pushi/vec4 110, 0, 8;
    %cmp/u;
    %jmp/1 T_12.110, 6;
    %dup/vec4;
    %pushi/vec4 111, 0, 8;
    %cmp/u;
    %jmp/1 T_12.111, 6;
    %dup/vec4;
    %pushi/vec4 112, 0, 8;
    %cmp/u;
    %jmp/1 T_12.112, 6;
    %dup/vec4;
    %pushi/vec4 113, 0, 8;
    %cmp/u;
    %jmp/1 T_12.113, 6;
    %dup/vec4;
    %pushi/vec4 114, 0, 8;
    %cmp/u;
    %jmp/1 T_12.114, 6;
    %dup/vec4;
    %pushi/vec4 115, 0, 8;
    %cmp/u;
    %jmp/1 T_12.115, 6;
    %dup/vec4;
    %pushi/vec4 116, 0, 8;
    %cmp/u;
    %jmp/1 T_12.116, 6;
    %dup/vec4;
    %pushi/vec4 117, 0, 8;
    %cmp/u;
    %jmp/1 T_12.117, 6;
    %dup/vec4;
    %pushi/vec4 118, 0, 8;
    %cmp/u;
    %jmp/1 T_12.118, 6;
    %dup/vec4;
    %pushi/vec4 119, 0, 8;
    %cmp/u;
    %jmp/1 T_12.119, 6;
    %dup/vec4;
    %pushi/vec4 120, 0, 8;
    %cmp/u;
    %jmp/1 T_12.120, 6;
    %dup/vec4;
    %pushi/vec4 121, 0, 8;
    %cmp/u;
    %jmp/1 T_12.121, 6;
    %dup/vec4;
    %pushi/vec4 122, 0, 8;
    %cmp/u;
    %jmp/1 T_12.122, 6;
    %dup/vec4;
    %pushi/vec4 123, 0, 8;
    %cmp/u;
    %jmp/1 T_12.123, 6;
    %dup/vec4;
    %pushi/vec4 124, 0, 8;
    %cmp/u;
    %jmp/1 T_12.124, 6;
    %dup/vec4;
    %pushi/vec4 125, 0, 8;
    %cmp/u;
    %jmp/1 T_12.125, 6;
    %dup/vec4;
    %pushi/vec4 126, 0, 8;
    %cmp/u;
    %jmp/1 T_12.126, 6;
    %dup/vec4;
    %pushi/vec4 127, 0, 8;
    %cmp/u;
    %jmp/1 T_12.127, 6;
    %dup/vec4;
    %pushi/vec4 128, 0, 8;
    %cmp/u;
    %jmp/1 T_12.128, 6;
    %dup/vec4;
    %pushi/vec4 129, 0, 8;
    %cmp/u;
    %jmp/1 T_12.129, 6;
    %dup/vec4;
    %pushi/vec4 130, 0, 8;
    %cmp/u;
    %jmp/1 T_12.130, 6;
    %dup/vec4;
    %pushi/vec4 131, 0, 8;
    %cmp/u;
    %jmp/1 T_12.131, 6;
    %dup/vec4;
    %pushi/vec4 132, 0, 8;
    %cmp/u;
    %jmp/1 T_12.132, 6;
    %dup/vec4;
    %pushi/vec4 133, 0, 8;
    %cmp/u;
    %jmp/1 T_12.133, 6;
    %dup/vec4;
    %pushi/vec4 134, 0, 8;
    %cmp/u;
    %jmp/1 T_12.134, 6;
    %dup/vec4;
    %pushi/vec4 135, 0, 8;
    %cmp/u;
    %jmp/1 T_12.135, 6;
    %dup/vec4;
    %pushi/vec4 136, 0, 8;
    %cmp/u;
    %jmp/1 T_12.136, 6;
    %dup/vec4;
    %pushi/vec4 137, 0, 8;
    %cmp/u;
    %jmp/1 T_12.137, 6;
    %dup/vec4;
    %pushi/vec4 138, 0, 8;
    %cmp/u;
    %jmp/1 T_12.138, 6;
    %dup/vec4;
    %pushi/vec4 139, 0, 8;
    %cmp/u;
    %jmp/1 T_12.139, 6;
    %dup/vec4;
    %pushi/vec4 140, 0, 8;
    %cmp/u;
    %jmp/1 T_12.140, 6;
    %dup/vec4;
    %pushi/vec4 141, 0, 8;
    %cmp/u;
    %jmp/1 T_12.141, 6;
    %dup/vec4;
    %pushi/vec4 142, 0, 8;
    %cmp/u;
    %jmp/1 T_12.142, 6;
    %dup/vec4;
    %pushi/vec4 143, 0, 8;
    %cmp/u;
    %jmp/1 T_12.143, 6;
    %dup/vec4;
    %pushi/vec4 144, 0, 8;
    %cmp/u;
    %jmp/1 T_12.144, 6;
    %dup/vec4;
    %pushi/vec4 145, 0, 8;
    %cmp/u;
    %jmp/1 T_12.145, 6;
    %dup/vec4;
    %pushi/vec4 146, 0, 8;
    %cmp/u;
    %jmp/1 T_12.146, 6;
    %dup/vec4;
    %pushi/vec4 147, 0, 8;
    %cmp/u;
    %jmp/1 T_12.147, 6;
    %dup/vec4;
    %pushi/vec4 148, 0, 8;
    %cmp/u;
    %jmp/1 T_12.148, 6;
    %dup/vec4;
    %pushi/vec4 149, 0, 8;
    %cmp/u;
    %jmp/1 T_12.149, 6;
    %dup/vec4;
    %pushi/vec4 150, 0, 8;
    %cmp/u;
    %jmp/1 T_12.150, 6;
    %dup/vec4;
    %pushi/vec4 151, 0, 8;
    %cmp/u;
    %jmp/1 T_12.151, 6;
    %dup/vec4;
    %pushi/vec4 152, 0, 8;
    %cmp/u;
    %jmp/1 T_12.152, 6;
    %dup/vec4;
    %pushi/vec4 153, 0, 8;
    %cmp/u;
    %jmp/1 T_12.153, 6;
    %dup/vec4;
    %pushi/vec4 154, 0, 8;
    %cmp/u;
    %jmp/1 T_12.154, 6;
    %dup/vec4;
    %pushi/vec4 155, 0, 8;
    %cmp/u;
    %jmp/1 T_12.155, 6;
    %dup/vec4;
    %pushi/vec4 156, 0, 8;
    %cmp/u;
    %jmp/1 T_12.156, 6;
    %dup/vec4;
    %pushi/vec4 157, 0, 8;
    %cmp/u;
    %jmp/1 T_12.157, 6;
    %dup/vec4;
    %pushi/vec4 158, 0, 8;
    %cmp/u;
    %jmp/1 T_12.158, 6;
    %dup/vec4;
    %pushi/vec4 159, 0, 8;
    %cmp/u;
    %jmp/1 T_12.159, 6;
    %dup/vec4;
    %pushi/vec4 160, 0, 8;
    %cmp/u;
    %jmp/1 T_12.160, 6;
    %dup/vec4;
    %pushi/vec4 161, 0, 8;
    %cmp/u;
    %jmp/1 T_12.161, 6;
    %dup/vec4;
    %pushi/vec4 162, 0, 8;
    %cmp/u;
    %jmp/1 T_12.162, 6;
    %dup/vec4;
    %pushi/vec4 163, 0, 8;
    %cmp/u;
    %jmp/1 T_12.163, 6;
    %dup/vec4;
    %pushi/vec4 164, 0, 8;
    %cmp/u;
    %jmp/1 T_12.164, 6;
    %dup/vec4;
    %pushi/vec4 165, 0, 8;
    %cmp/u;
    %jmp/1 T_12.165, 6;
    %dup/vec4;
    %pushi/vec4 166, 0, 8;
    %cmp/u;
    %jmp/1 T_12.166, 6;
    %dup/vec4;
    %pushi/vec4 167, 0, 8;
    %cmp/u;
    %jmp/1 T_12.167, 6;
    %dup/vec4;
    %pushi/vec4 168, 0, 8;
    %cmp/u;
    %jmp/1 T_12.168, 6;
    %dup/vec4;
    %pushi/vec4 169, 0, 8;
    %cmp/u;
    %jmp/1 T_12.169, 6;
    %dup/vec4;
    %pushi/vec4 170, 0, 8;
    %cmp/u;
    %jmp/1 T_12.170, 6;
    %dup/vec4;
    %pushi/vec4 171, 0, 8;
    %cmp/u;
    %jmp/1 T_12.171, 6;
    %dup/vec4;
    %pushi/vec4 172, 0, 8;
    %cmp/u;
    %jmp/1 T_12.172, 6;
    %dup/vec4;
    %pushi/vec4 173, 0, 8;
    %cmp/u;
    %jmp/1 T_12.173, 6;
    %dup/vec4;
    %pushi/vec4 174, 0, 8;
    %cmp/u;
    %jmp/1 T_12.174, 6;
    %dup/vec4;
    %pushi/vec4 175, 0, 8;
    %cmp/u;
    %jmp/1 T_12.175, 6;
    %dup/vec4;
    %pushi/vec4 176, 0, 8;
    %cmp/u;
    %jmp/1 T_12.176, 6;
    %dup/vec4;
    %pushi/vec4 177, 0, 8;
    %cmp/u;
    %jmp/1 T_12.177, 6;
    %dup/vec4;
    %pushi/vec4 178, 0, 8;
    %cmp/u;
    %jmp/1 T_12.178, 6;
    %dup/vec4;
    %pushi/vec4 179, 0, 8;
    %cmp/u;
    %jmp/1 T_12.179, 6;
    %dup/vec4;
    %pushi/vec4 180, 0, 8;
    %cmp/u;
    %jmp/1 T_12.180, 6;
    %dup/vec4;
    %pushi/vec4 181, 0, 8;
    %cmp/u;
    %jmp/1 T_12.181, 6;
    %dup/vec4;
    %pushi/vec4 182, 0, 8;
    %cmp/u;
    %jmp/1 T_12.182, 6;
    %dup/vec4;
    %pushi/vec4 183, 0, 8;
    %cmp/u;
    %jmp/1 T_12.183, 6;
    %dup/vec4;
    %pushi/vec4 184, 0, 8;
    %cmp/u;
    %jmp/1 T_12.184, 6;
    %dup/vec4;
    %pushi/vec4 185, 0, 8;
    %cmp/u;
    %jmp/1 T_12.185, 6;
    %dup/vec4;
    %pushi/vec4 186, 0, 8;
    %cmp/u;
    %jmp/1 T_12.186, 6;
    %dup/vec4;
    %pushi/vec4 187, 0, 8;
    %cmp/u;
    %jmp/1 T_12.187, 6;
    %dup/vec4;
    %pushi/vec4 188, 0, 8;
    %cmp/u;
    %jmp/1 T_12.188, 6;
    %dup/vec4;
    %pushi/vec4 189, 0, 8;
    %cmp/u;
    %jmp/1 T_12.189, 6;
    %dup/vec4;
    %pushi/vec4 190, 0, 8;
    %cmp/u;
    %jmp/1 T_12.190, 6;
    %dup/vec4;
    %pushi/vec4 191, 0, 8;
    %cmp/u;
    %jmp/1 T_12.191, 6;
    %dup/vec4;
    %pushi/vec4 192, 0, 8;
    %cmp/u;
    %jmp/1 T_12.192, 6;
    %dup/vec4;
    %pushi/vec4 193, 0, 8;
    %cmp/u;
    %jmp/1 T_12.193, 6;
    %dup/vec4;
    %pushi/vec4 194, 0, 8;
    %cmp/u;
    %jmp/1 T_12.194, 6;
    %dup/vec4;
    %pushi/vec4 195, 0, 8;
    %cmp/u;
    %jmp/1 T_12.195, 6;
    %dup/vec4;
    %pushi/vec4 196, 0, 8;
    %cmp/u;
    %jmp/1 T_12.196, 6;
    %dup/vec4;
    %pushi/vec4 197, 0, 8;
    %cmp/u;
    %jmp/1 T_12.197, 6;
    %dup/vec4;
    %pushi/vec4 198, 0, 8;
    %cmp/u;
    %jmp/1 T_12.198, 6;
    %dup/vec4;
    %pushi/vec4 199, 0, 8;
    %cmp/u;
    %jmp/1 T_12.199, 6;
    %dup/vec4;
    %pushi/vec4 200, 0, 8;
    %cmp/u;
    %jmp/1 T_12.200, 6;
    %dup/vec4;
    %pushi/vec4 201, 0, 8;
    %cmp/u;
    %jmp/1 T_12.201, 6;
    %dup/vec4;
    %pushi/vec4 202, 0, 8;
    %cmp/u;
    %jmp/1 T_12.202, 6;
    %dup/vec4;
    %pushi/vec4 203, 0, 8;
    %cmp/u;
    %jmp/1 T_12.203, 6;
    %dup/vec4;
    %pushi/vec4 204, 0, 8;
    %cmp/u;
    %jmp/1 T_12.204, 6;
    %dup/vec4;
    %pushi/vec4 205, 0, 8;
    %cmp/u;
    %jmp/1 T_12.205, 6;
    %dup/vec4;
    %pushi/vec4 206, 0, 8;
    %cmp/u;
    %jmp/1 T_12.206, 6;
    %dup/vec4;
    %pushi/vec4 207, 0, 8;
    %cmp/u;
    %jmp/1 T_12.207, 6;
    %dup/vec4;
    %pushi/vec4 208, 0, 8;
    %cmp/u;
    %jmp/1 T_12.208, 6;
    %dup/vec4;
    %pushi/vec4 209, 0, 8;
    %cmp/u;
    %jmp/1 T_12.209, 6;
    %dup/vec4;
    %pushi/vec4 210, 0, 8;
    %cmp/u;
    %jmp/1 T_12.210, 6;
    %dup/vec4;
    %pushi/vec4 211, 0, 8;
    %cmp/u;
    %jmp/1 T_12.211, 6;
    %dup/vec4;
    %pushi/vec4 212, 0, 8;
    %cmp/u;
    %jmp/1 T_12.212, 6;
    %dup/vec4;
    %pushi/vec4 213, 0, 8;
    %cmp/u;
    %jmp/1 T_12.213, 6;
    %dup/vec4;
    %pushi/vec4 214, 0, 8;
    %cmp/u;
    %jmp/1 T_12.214, 6;
    %dup/vec4;
    %pushi/vec4 215, 0, 8;
    %cmp/u;
    %jmp/1 T_12.215, 6;
    %dup/vec4;
    %pushi/vec4 216, 0, 8;
    %cmp/u;
    %jmp/1 T_12.216, 6;
    %dup/vec4;
    %pushi/vec4 217, 0, 8;
    %cmp/u;
    %jmp/1 T_12.217, 6;
    %dup/vec4;
    %pushi/vec4 218, 0, 8;
    %cmp/u;
    %jmp/1 T_12.218, 6;
    %dup/vec4;
    %pushi/vec4 219, 0, 8;
    %cmp/u;
    %jmp/1 T_12.219, 6;
    %dup/vec4;
    %pushi/vec4 220, 0, 8;
    %cmp/u;
    %jmp/1 T_12.220, 6;
    %dup/vec4;
    %pushi/vec4 221, 0, 8;
    %cmp/u;
    %jmp/1 T_12.221, 6;
    %dup/vec4;
    %pushi/vec4 222, 0, 8;
    %cmp/u;
    %jmp/1 T_12.222, 6;
    %dup/vec4;
    %pushi/vec4 223, 0, 8;
    %cmp/u;
    %jmp/1 T_12.223, 6;
    %dup/vec4;
    %pushi/vec4 224, 0, 8;
    %cmp/u;
    %jmp/1 T_12.224, 6;
    %dup/vec4;
    %pushi/vec4 225, 0, 8;
    %cmp/u;
    %jmp/1 T_12.225, 6;
    %dup/vec4;
    %pushi/vec4 226, 0, 8;
    %cmp/u;
    %jmp/1 T_12.226, 6;
    %dup/vec4;
    %pushi/vec4 227, 0, 8;
    %cmp/u;
    %jmp/1 T_12.227, 6;
    %dup/vec4;
    %pushi/vec4 228, 0, 8;
    %cmp/u;
    %jmp/1 T_12.228, 6;
    %dup/vec4;
    %pushi/vec4 229, 0, 8;
    %cmp/u;
    %jmp/1 T_12.229, 6;
    %dup/vec4;
    %pushi/vec4 230, 0, 8;
    %cmp/u;
    %jmp/1 T_12.230, 6;
    %dup/vec4;
    %pushi/vec4 231, 0, 8;
    %cmp/u;
    %jmp/1 T_12.231, 6;
    %dup/vec4;
    %pushi/vec4 232, 0, 8;
    %cmp/u;
    %jmp/1 T_12.232, 6;
    %dup/vec4;
    %pushi/vec4 233, 0, 8;
    %cmp/u;
    %jmp/1 T_12.233, 6;
    %dup/vec4;
    %pushi/vec4 234, 0, 8;
    %cmp/u;
    %jmp/1 T_12.234, 6;
    %dup/vec4;
    %pushi/vec4 235, 0, 8;
    %cmp/u;
    %jmp/1 T_12.235, 6;
    %dup/vec4;
    %pushi/vec4 236, 0, 8;
    %cmp/u;
    %jmp/1 T_12.236, 6;
    %dup/vec4;
    %pushi/vec4 237, 0, 8;
    %cmp/u;
    %jmp/1 T_12.237, 6;
    %dup/vec4;
    %pushi/vec4 238, 0, 8;
    %cmp/u;
    %jmp/1 T_12.238, 6;
    %dup/vec4;
    %pushi/vec4 239, 0, 8;
    %cmp/u;
    %jmp/1 T_12.239, 6;
    %dup/vec4;
    %pushi/vec4 240, 0, 8;
    %cmp/u;
    %jmp/1 T_12.240, 6;
    %dup/vec4;
    %pushi/vec4 241, 0, 8;
    %cmp/u;
    %jmp/1 T_12.241, 6;
    %dup/vec4;
    %pushi/vec4 242, 0, 8;
    %cmp/u;
    %jmp/1 T_12.242, 6;
    %dup/vec4;
    %pushi/vec4 243, 0, 8;
    %cmp/u;
    %jmp/1 T_12.243, 6;
    %dup/vec4;
    %pushi/vec4 244, 0, 8;
    %cmp/u;
    %jmp/1 T_12.244, 6;
    %dup/vec4;
    %pushi/vec4 245, 0, 8;
    %cmp/u;
    %jmp/1 T_12.245, 6;
    %dup/vec4;
    %pushi/vec4 246, 0, 8;
    %cmp/u;
    %jmp/1 T_12.246, 6;
    %dup/vec4;
    %pushi/vec4 247, 0, 8;
    %cmp/u;
    %jmp/1 T_12.247, 6;
    %dup/vec4;
    %pushi/vec4 248, 0, 8;
    %cmp/u;
    %jmp/1 T_12.248, 6;
    %dup/vec4;
    %pushi/vec4 249, 0, 8;
    %cmp/u;
    %jmp/1 T_12.249, 6;
    %dup/vec4;
    %pushi/vec4 250, 0, 8;
    %cmp/u;
    %jmp/1 T_12.250, 6;
    %dup/vec4;
    %pushi/vec4 251, 0, 8;
    %cmp/u;
    %jmp/1 T_12.251, 6;
    %dup/vec4;
    %pushi/vec4 252, 0, 8;
    %cmp/u;
    %jmp/1 T_12.252, 6;
    %dup/vec4;
    %pushi/vec4 253, 0, 8;
    %cmp/u;
    %jmp/1 T_12.253, 6;
    %dup/vec4;
    %pushi/vec4 254, 0, 8;
    %cmp/u;
    %jmp/1 T_12.254, 6;
    %dup/vec4;
    %pushi/vec4 255, 0, 8;
    %cmp/u;
    %jmp/1 T_12.255, 6;
    %jmp T_12.256;
T_12.0 ;
    %pushi/vec4 99, 0, 8;
    %store/vec4 v000001d9d0673a40_0, 0, 8;
    %jmp T_12.256;
T_12.1 ;
    %pushi/vec4 124, 0, 8;
    %store/vec4 v000001d9d0673a40_0, 0, 8;
    %jmp T_12.256;
T_12.2 ;
    %pushi/vec4 119, 0, 8;
    %store/vec4 v000001d9d0673a40_0, 0, 8;
    %jmp T_12.256;
T_12.3 ;
    %pushi/vec4 123, 0, 8;
    %store/vec4 v000001d9d0673a40_0, 0, 8;
    %jmp T_12.256;
T_12.4 ;
    %pushi/vec4 242, 0, 8;
    %store/vec4 v000001d9d0673a40_0, 0, 8;
    %jmp T_12.256;
T_12.5 ;
    %pushi/vec4 107, 0, 8;
    %store/vec4 v000001d9d0673a40_0, 0, 8;
    %jmp T_12.256;
T_12.6 ;
    %pushi/vec4 111, 0, 8;
    %store/vec4 v000001d9d0673a40_0, 0, 8;
    %jmp T_12.256;
T_12.7 ;
    %pushi/vec4 197, 0, 8;
    %store/vec4 v000001d9d0673a40_0, 0, 8;
    %jmp T_12.256;
T_12.8 ;
    %pushi/vec4 48, 0, 8;
    %store/vec4 v000001d9d0673a40_0, 0, 8;
    %jmp T_12.256;
T_12.9 ;
    %pushi/vec4 1, 0, 8;
    %store/vec4 v000001d9d0673a40_0, 0, 8;
    %jmp T_12.256;
T_12.10 ;
    %pushi/vec4 103, 0, 8;
    %store/vec4 v000001d9d0673a40_0, 0, 8;
    %jmp T_12.256;
T_12.11 ;
    %pushi/vec4 43, 0, 8;
    %store/vec4 v000001d9d0673a40_0, 0, 8;
    %jmp T_12.256;
T_12.12 ;
    %pushi/vec4 254, 0, 8;
    %store/vec4 v000001d9d0673a40_0, 0, 8;
    %jmp T_12.256;
T_12.13 ;
    %pushi/vec4 215, 0, 8;
    %store/vec4 v000001d9d0673a40_0, 0, 8;
    %jmp T_12.256;
T_12.14 ;
    %pushi/vec4 171, 0, 8;
    %store/vec4 v000001d9d0673a40_0, 0, 8;
    %jmp T_12.256;
T_12.15 ;
    %pushi/vec4 118, 0, 8;
    %store/vec4 v000001d9d0673a40_0, 0, 8;
    %jmp T_12.256;
T_12.16 ;
    %pushi/vec4 202, 0, 8;
    %store/vec4 v000001d9d0673a40_0, 0, 8;
    %jmp T_12.256;
T_12.17 ;
    %pushi/vec4 130, 0, 8;
    %store/vec4 v000001d9d0673a40_0, 0, 8;
    %jmp T_12.256;
T_12.18 ;
    %pushi/vec4 201, 0, 8;
    %store/vec4 v000001d9d0673a40_0, 0, 8;
    %jmp T_12.256;
T_12.19 ;
    %pushi/vec4 125, 0, 8;
    %store/vec4 v000001d9d0673a40_0, 0, 8;
    %jmp T_12.256;
T_12.20 ;
    %pushi/vec4 250, 0, 8;
    %store/vec4 v000001d9d0673a40_0, 0, 8;
    %jmp T_12.256;
T_12.21 ;
    %pushi/vec4 89, 0, 8;
    %store/vec4 v000001d9d0673a40_0, 0, 8;
    %jmp T_12.256;
T_12.22 ;
    %pushi/vec4 71, 0, 8;
    %store/vec4 v000001d9d0673a40_0, 0, 8;
    %jmp T_12.256;
T_12.23 ;
    %pushi/vec4 240, 0, 8;
    %store/vec4 v000001d9d0673a40_0, 0, 8;
    %jmp T_12.256;
T_12.24 ;
    %pushi/vec4 173, 0, 8;
    %store/vec4 v000001d9d0673a40_0, 0, 8;
    %jmp T_12.256;
T_12.25 ;
    %pushi/vec4 212, 0, 8;
    %store/vec4 v000001d9d0673a40_0, 0, 8;
    %jmp T_12.256;
T_12.26 ;
    %pushi/vec4 162, 0, 8;
    %store/vec4 v000001d9d0673a40_0, 0, 8;
    %jmp T_12.256;
T_12.27 ;
    %pushi/vec4 175, 0, 8;
    %store/vec4 v000001d9d0673a40_0, 0, 8;
    %jmp T_12.256;
T_12.28 ;
    %pushi/vec4 156, 0, 8;
    %store/vec4 v000001d9d0673a40_0, 0, 8;
    %jmp T_12.256;
T_12.29 ;
    %pushi/vec4 164, 0, 8;
    %store/vec4 v000001d9d0673a40_0, 0, 8;
    %jmp T_12.256;
T_12.30 ;
    %pushi/vec4 114, 0, 8;
    %store/vec4 v000001d9d0673a40_0, 0, 8;
    %jmp T_12.256;
T_12.31 ;
    %pushi/vec4 192, 0, 8;
    %store/vec4 v000001d9d0673a40_0, 0, 8;
    %jmp T_12.256;
T_12.32 ;
    %pushi/vec4 183, 0, 8;
    %store/vec4 v000001d9d0673a40_0, 0, 8;
    %jmp T_12.256;
T_12.33 ;
    %pushi/vec4 253, 0, 8;
    %store/vec4 v000001d9d0673a40_0, 0, 8;
    %jmp T_12.256;
T_12.34 ;
    %pushi/vec4 147, 0, 8;
    %store/vec4 v000001d9d0673a40_0, 0, 8;
    %jmp T_12.256;
T_12.35 ;
    %pushi/vec4 38, 0, 8;
    %store/vec4 v000001d9d0673a40_0, 0, 8;
    %jmp T_12.256;
T_12.36 ;
    %pushi/vec4 54, 0, 8;
    %store/vec4 v000001d9d0673a40_0, 0, 8;
    %jmp T_12.256;
T_12.37 ;
    %pushi/vec4 63, 0, 8;
    %store/vec4 v000001d9d0673a40_0, 0, 8;
    %jmp T_12.256;
T_12.38 ;
    %pushi/vec4 247, 0, 8;
    %store/vec4 v000001d9d0673a40_0, 0, 8;
    %jmp T_12.256;
T_12.39 ;
    %pushi/vec4 204, 0, 8;
    %store/vec4 v000001d9d0673a40_0, 0, 8;
    %jmp T_12.256;
T_12.40 ;
    %pushi/vec4 52, 0, 8;
    %store/vec4 v000001d9d0673a40_0, 0, 8;
    %jmp T_12.256;
T_12.41 ;
    %pushi/vec4 165, 0, 8;
    %store/vec4 v000001d9d0673a40_0, 0, 8;
    %jmp T_12.256;
T_12.42 ;
    %pushi/vec4 229, 0, 8;
    %store/vec4 v000001d9d0673a40_0, 0, 8;
    %jmp T_12.256;
T_12.43 ;
    %pushi/vec4 241, 0, 8;
    %store/vec4 v000001d9d0673a40_0, 0, 8;
    %jmp T_12.256;
T_12.44 ;
    %pushi/vec4 113, 0, 8;
    %store/vec4 v000001d9d0673a40_0, 0, 8;
    %jmp T_12.256;
T_12.45 ;
    %pushi/vec4 216, 0, 8;
    %store/vec4 v000001d9d0673a40_0, 0, 8;
    %jmp T_12.256;
T_12.46 ;
    %pushi/vec4 49, 0, 8;
    %store/vec4 v000001d9d0673a40_0, 0, 8;
    %jmp T_12.256;
T_12.47 ;
    %pushi/vec4 21, 0, 8;
    %store/vec4 v000001d9d0673a40_0, 0, 8;
    %jmp T_12.256;
T_12.48 ;
    %pushi/vec4 4, 0, 8;
    %store/vec4 v000001d9d0673a40_0, 0, 8;
    %jmp T_12.256;
T_12.49 ;
    %pushi/vec4 199, 0, 8;
    %store/vec4 v000001d9d0673a40_0, 0, 8;
    %jmp T_12.256;
T_12.50 ;
    %pushi/vec4 35, 0, 8;
    %store/vec4 v000001d9d0673a40_0, 0, 8;
    %jmp T_12.256;
T_12.51 ;
    %pushi/vec4 195, 0, 8;
    %store/vec4 v000001d9d0673a40_0, 0, 8;
    %jmp T_12.256;
T_12.52 ;
    %pushi/vec4 24, 0, 8;
    %store/vec4 v000001d9d0673a40_0, 0, 8;
    %jmp T_12.256;
T_12.53 ;
    %pushi/vec4 150, 0, 8;
    %store/vec4 v000001d9d0673a40_0, 0, 8;
    %jmp T_12.256;
T_12.54 ;
    %pushi/vec4 5, 0, 8;
    %store/vec4 v000001d9d0673a40_0, 0, 8;
    %jmp T_12.256;
T_12.55 ;
    %pushi/vec4 154, 0, 8;
    %store/vec4 v000001d9d0673a40_0, 0, 8;
    %jmp T_12.256;
T_12.56 ;
    %pushi/vec4 7, 0, 8;
    %store/vec4 v000001d9d0673a40_0, 0, 8;
    %jmp T_12.256;
T_12.57 ;
    %pushi/vec4 18, 0, 8;
    %store/vec4 v000001d9d0673a40_0, 0, 8;
    %jmp T_12.256;
T_12.58 ;
    %pushi/vec4 128, 0, 8;
    %store/vec4 v000001d9d0673a40_0, 0, 8;
    %jmp T_12.256;
T_12.59 ;
    %pushi/vec4 226, 0, 8;
    %store/vec4 v000001d9d0673a40_0, 0, 8;
    %jmp T_12.256;
T_12.60 ;
    %pushi/vec4 235, 0, 8;
    %store/vec4 v000001d9d0673a40_0, 0, 8;
    %jmp T_12.256;
T_12.61 ;
    %pushi/vec4 39, 0, 8;
    %store/vec4 v000001d9d0673a40_0, 0, 8;
    %jmp T_12.256;
T_12.62 ;
    %pushi/vec4 178, 0, 8;
    %store/vec4 v000001d9d0673a40_0, 0, 8;
    %jmp T_12.256;
T_12.63 ;
    %pushi/vec4 117, 0, 8;
    %store/vec4 v000001d9d0673a40_0, 0, 8;
    %jmp T_12.256;
T_12.64 ;
    %pushi/vec4 9, 0, 8;
    %store/vec4 v000001d9d0673a40_0, 0, 8;
    %jmp T_12.256;
T_12.65 ;
    %pushi/vec4 131, 0, 8;
    %store/vec4 v000001d9d0673a40_0, 0, 8;
    %jmp T_12.256;
T_12.66 ;
    %pushi/vec4 44, 0, 8;
    %store/vec4 v000001d9d0673a40_0, 0, 8;
    %jmp T_12.256;
T_12.67 ;
    %pushi/vec4 26, 0, 8;
    %store/vec4 v000001d9d0673a40_0, 0, 8;
    %jmp T_12.256;
T_12.68 ;
    %pushi/vec4 27, 0, 8;
    %store/vec4 v000001d9d0673a40_0, 0, 8;
    %jmp T_12.256;
T_12.69 ;
    %pushi/vec4 110, 0, 8;
    %store/vec4 v000001d9d0673a40_0, 0, 8;
    %jmp T_12.256;
T_12.70 ;
    %pushi/vec4 90, 0, 8;
    %store/vec4 v000001d9d0673a40_0, 0, 8;
    %jmp T_12.256;
T_12.71 ;
    %pushi/vec4 160, 0, 8;
    %store/vec4 v000001d9d0673a40_0, 0, 8;
    %jmp T_12.256;
T_12.72 ;
    %pushi/vec4 82, 0, 8;
    %store/vec4 v000001d9d0673a40_0, 0, 8;
    %jmp T_12.256;
T_12.73 ;
    %pushi/vec4 59, 0, 8;
    %store/vec4 v000001d9d0673a40_0, 0, 8;
    %jmp T_12.256;
T_12.74 ;
    %pushi/vec4 214, 0, 8;
    %store/vec4 v000001d9d0673a40_0, 0, 8;
    %jmp T_12.256;
T_12.75 ;
    %pushi/vec4 179, 0, 8;
    %store/vec4 v000001d9d0673a40_0, 0, 8;
    %jmp T_12.256;
T_12.76 ;
    %pushi/vec4 41, 0, 8;
    %store/vec4 v000001d9d0673a40_0, 0, 8;
    %jmp T_12.256;
T_12.77 ;
    %pushi/vec4 227, 0, 8;
    %store/vec4 v000001d9d0673a40_0, 0, 8;
    %jmp T_12.256;
T_12.78 ;
    %pushi/vec4 47, 0, 8;
    %store/vec4 v000001d9d0673a40_0, 0, 8;
    %jmp T_12.256;
T_12.79 ;
    %pushi/vec4 132, 0, 8;
    %store/vec4 v000001d9d0673a40_0, 0, 8;
    %jmp T_12.256;
T_12.80 ;
    %pushi/vec4 83, 0, 8;
    %store/vec4 v000001d9d0673a40_0, 0, 8;
    %jmp T_12.256;
T_12.81 ;
    %pushi/vec4 209, 0, 8;
    %store/vec4 v000001d9d0673a40_0, 0, 8;
    %jmp T_12.256;
T_12.82 ;
    %pushi/vec4 0, 0, 8;
    %store/vec4 v000001d9d0673a40_0, 0, 8;
    %jmp T_12.256;
T_12.83 ;
    %pushi/vec4 237, 0, 8;
    %store/vec4 v000001d9d0673a40_0, 0, 8;
    %jmp T_12.256;
T_12.84 ;
    %pushi/vec4 32, 0, 8;
    %store/vec4 v000001d9d0673a40_0, 0, 8;
    %jmp T_12.256;
T_12.85 ;
    %pushi/vec4 252, 0, 8;
    %store/vec4 v000001d9d0673a40_0, 0, 8;
    %jmp T_12.256;
T_12.86 ;
    %pushi/vec4 177, 0, 8;
    %store/vec4 v000001d9d0673a40_0, 0, 8;
    %jmp T_12.256;
T_12.87 ;
    %pushi/vec4 91, 0, 8;
    %store/vec4 v000001d9d0673a40_0, 0, 8;
    %jmp T_12.256;
T_12.88 ;
    %pushi/vec4 106, 0, 8;
    %store/vec4 v000001d9d0673a40_0, 0, 8;
    %jmp T_12.256;
T_12.89 ;
    %pushi/vec4 203, 0, 8;
    %store/vec4 v000001d9d0673a40_0, 0, 8;
    %jmp T_12.256;
T_12.90 ;
    %pushi/vec4 190, 0, 8;
    %store/vec4 v000001d9d0673a40_0, 0, 8;
    %jmp T_12.256;
T_12.91 ;
    %pushi/vec4 57, 0, 8;
    %store/vec4 v000001d9d0673a40_0, 0, 8;
    %jmp T_12.256;
T_12.92 ;
    %pushi/vec4 74, 0, 8;
    %store/vec4 v000001d9d0673a40_0, 0, 8;
    %jmp T_12.256;
T_12.93 ;
    %pushi/vec4 76, 0, 8;
    %store/vec4 v000001d9d0673a40_0, 0, 8;
    %jmp T_12.256;
T_12.94 ;
    %pushi/vec4 88, 0, 8;
    %store/vec4 v000001d9d0673a40_0, 0, 8;
    %jmp T_12.256;
T_12.95 ;
    %pushi/vec4 207, 0, 8;
    %store/vec4 v000001d9d0673a40_0, 0, 8;
    %jmp T_12.256;
T_12.96 ;
    %pushi/vec4 208, 0, 8;
    %store/vec4 v000001d9d0673a40_0, 0, 8;
    %jmp T_12.256;
T_12.97 ;
    %pushi/vec4 239, 0, 8;
    %store/vec4 v000001d9d0673a40_0, 0, 8;
    %jmp T_12.256;
T_12.98 ;
    %pushi/vec4 170, 0, 8;
    %store/vec4 v000001d9d0673a40_0, 0, 8;
    %jmp T_12.256;
T_12.99 ;
    %pushi/vec4 251, 0, 8;
    %store/vec4 v000001d9d0673a40_0, 0, 8;
    %jmp T_12.256;
T_12.100 ;
    %pushi/vec4 67, 0, 8;
    %store/vec4 v000001d9d0673a40_0, 0, 8;
    %jmp T_12.256;
T_12.101 ;
    %pushi/vec4 77, 0, 8;
    %store/vec4 v000001d9d0673a40_0, 0, 8;
    %jmp T_12.256;
T_12.102 ;
    %pushi/vec4 51, 0, 8;
    %store/vec4 v000001d9d0673a40_0, 0, 8;
    %jmp T_12.256;
T_12.103 ;
    %pushi/vec4 133, 0, 8;
    %store/vec4 v000001d9d0673a40_0, 0, 8;
    %jmp T_12.256;
T_12.104 ;
    %pushi/vec4 69, 0, 8;
    %store/vec4 v000001d9d0673a40_0, 0, 8;
    %jmp T_12.256;
T_12.105 ;
    %pushi/vec4 249, 0, 8;
    %store/vec4 v000001d9d0673a40_0, 0, 8;
    %jmp T_12.256;
T_12.106 ;
    %pushi/vec4 2, 0, 8;
    %store/vec4 v000001d9d0673a40_0, 0, 8;
    %jmp T_12.256;
T_12.107 ;
    %pushi/vec4 127, 0, 8;
    %store/vec4 v000001d9d0673a40_0, 0, 8;
    %jmp T_12.256;
T_12.108 ;
    %pushi/vec4 80, 0, 8;
    %store/vec4 v000001d9d0673a40_0, 0, 8;
    %jmp T_12.256;
T_12.109 ;
    %pushi/vec4 60, 0, 8;
    %store/vec4 v000001d9d0673a40_0, 0, 8;
    %jmp T_12.256;
T_12.110 ;
    %pushi/vec4 159, 0, 8;
    %store/vec4 v000001d9d0673a40_0, 0, 8;
    %jmp T_12.256;
T_12.111 ;
    %pushi/vec4 168, 0, 8;
    %store/vec4 v000001d9d0673a40_0, 0, 8;
    %jmp T_12.256;
T_12.112 ;
    %pushi/vec4 81, 0, 8;
    %store/vec4 v000001d9d0673a40_0, 0, 8;
    %jmp T_12.256;
T_12.113 ;
    %pushi/vec4 163, 0, 8;
    %store/vec4 v000001d9d0673a40_0, 0, 8;
    %jmp T_12.256;
T_12.114 ;
    %pushi/vec4 64, 0, 8;
    %store/vec4 v000001d9d0673a40_0, 0, 8;
    %jmp T_12.256;
T_12.115 ;
    %pushi/vec4 143, 0, 8;
    %store/vec4 v000001d9d0673a40_0, 0, 8;
    %jmp T_12.256;
T_12.116 ;
    %pushi/vec4 146, 0, 8;
    %store/vec4 v000001d9d0673a40_0, 0, 8;
    %jmp T_12.256;
T_12.117 ;
    %pushi/vec4 157, 0, 8;
    %store/vec4 v000001d9d0673a40_0, 0, 8;
    %jmp T_12.256;
T_12.118 ;
    %pushi/vec4 56, 0, 8;
    %store/vec4 v000001d9d0673a40_0, 0, 8;
    %jmp T_12.256;
T_12.119 ;
    %pushi/vec4 245, 0, 8;
    %store/vec4 v000001d9d0673a40_0, 0, 8;
    %jmp T_12.256;
T_12.120 ;
    %pushi/vec4 188, 0, 8;
    %store/vec4 v000001d9d0673a40_0, 0, 8;
    %jmp T_12.256;
T_12.121 ;
    %pushi/vec4 182, 0, 8;
    %store/vec4 v000001d9d0673a40_0, 0, 8;
    %jmp T_12.256;
T_12.122 ;
    %pushi/vec4 218, 0, 8;
    %store/vec4 v000001d9d0673a40_0, 0, 8;
    %jmp T_12.256;
T_12.123 ;
    %pushi/vec4 33, 0, 8;
    %store/vec4 v000001d9d0673a40_0, 0, 8;
    %jmp T_12.256;
T_12.124 ;
    %pushi/vec4 16, 0, 8;
    %store/vec4 v000001d9d0673a40_0, 0, 8;
    %jmp T_12.256;
T_12.125 ;
    %pushi/vec4 255, 0, 8;
    %store/vec4 v000001d9d0673a40_0, 0, 8;
    %jmp T_12.256;
T_12.126 ;
    %pushi/vec4 243, 0, 8;
    %store/vec4 v000001d9d0673a40_0, 0, 8;
    %jmp T_12.256;
T_12.127 ;
    %pushi/vec4 210, 0, 8;
    %store/vec4 v000001d9d0673a40_0, 0, 8;
    %jmp T_12.256;
T_12.128 ;
    %pushi/vec4 205, 0, 8;
    %store/vec4 v000001d9d0673a40_0, 0, 8;
    %jmp T_12.256;
T_12.129 ;
    %pushi/vec4 12, 0, 8;
    %store/vec4 v000001d9d0673a40_0, 0, 8;
    %jmp T_12.256;
T_12.130 ;
    %pushi/vec4 19, 0, 8;
    %store/vec4 v000001d9d0673a40_0, 0, 8;
    %jmp T_12.256;
T_12.131 ;
    %pushi/vec4 236, 0, 8;
    %store/vec4 v000001d9d0673a40_0, 0, 8;
    %jmp T_12.256;
T_12.132 ;
    %pushi/vec4 95, 0, 8;
    %store/vec4 v000001d9d0673a40_0, 0, 8;
    %jmp T_12.256;
T_12.133 ;
    %pushi/vec4 151, 0, 8;
    %store/vec4 v000001d9d0673a40_0, 0, 8;
    %jmp T_12.256;
T_12.134 ;
    %pushi/vec4 68, 0, 8;
    %store/vec4 v000001d9d0673a40_0, 0, 8;
    %jmp T_12.256;
T_12.135 ;
    %pushi/vec4 23, 0, 8;
    %store/vec4 v000001d9d0673a40_0, 0, 8;
    %jmp T_12.256;
T_12.136 ;
    %pushi/vec4 196, 0, 8;
    %store/vec4 v000001d9d0673a40_0, 0, 8;
    %jmp T_12.256;
T_12.137 ;
    %pushi/vec4 167, 0, 8;
    %store/vec4 v000001d9d0673a40_0, 0, 8;
    %jmp T_12.256;
T_12.138 ;
    %pushi/vec4 126, 0, 8;
    %store/vec4 v000001d9d0673a40_0, 0, 8;
    %jmp T_12.256;
T_12.139 ;
    %pushi/vec4 61, 0, 8;
    %store/vec4 v000001d9d0673a40_0, 0, 8;
    %jmp T_12.256;
T_12.140 ;
    %pushi/vec4 100, 0, 8;
    %store/vec4 v000001d9d0673a40_0, 0, 8;
    %jmp T_12.256;
T_12.141 ;
    %pushi/vec4 93, 0, 8;
    %store/vec4 v000001d9d0673a40_0, 0, 8;
    %jmp T_12.256;
T_12.142 ;
    %pushi/vec4 25, 0, 8;
    %store/vec4 v000001d9d0673a40_0, 0, 8;
    %jmp T_12.256;
T_12.143 ;
    %pushi/vec4 115, 0, 8;
    %store/vec4 v000001d9d0673a40_0, 0, 8;
    %jmp T_12.256;
T_12.144 ;
    %pushi/vec4 96, 0, 8;
    %store/vec4 v000001d9d0673a40_0, 0, 8;
    %jmp T_12.256;
T_12.145 ;
    %pushi/vec4 129, 0, 8;
    %store/vec4 v000001d9d0673a40_0, 0, 8;
    %jmp T_12.256;
T_12.146 ;
    %pushi/vec4 79, 0, 8;
    %store/vec4 v000001d9d0673a40_0, 0, 8;
    %jmp T_12.256;
T_12.147 ;
    %pushi/vec4 220, 0, 8;
    %store/vec4 v000001d9d0673a40_0, 0, 8;
    %jmp T_12.256;
T_12.148 ;
    %pushi/vec4 34, 0, 8;
    %store/vec4 v000001d9d0673a40_0, 0, 8;
    %jmp T_12.256;
T_12.149 ;
    %pushi/vec4 42, 0, 8;
    %store/vec4 v000001d9d0673a40_0, 0, 8;
    %jmp T_12.256;
T_12.150 ;
    %pushi/vec4 144, 0, 8;
    %store/vec4 v000001d9d0673a40_0, 0, 8;
    %jmp T_12.256;
T_12.151 ;
    %pushi/vec4 136, 0, 8;
    %store/vec4 v000001d9d0673a40_0, 0, 8;
    %jmp T_12.256;
T_12.152 ;
    %pushi/vec4 70, 0, 8;
    %store/vec4 v000001d9d0673a40_0, 0, 8;
    %jmp T_12.256;
T_12.153 ;
    %pushi/vec4 238, 0, 8;
    %store/vec4 v000001d9d0673a40_0, 0, 8;
    %jmp T_12.256;
T_12.154 ;
    %pushi/vec4 184, 0, 8;
    %store/vec4 v000001d9d0673a40_0, 0, 8;
    %jmp T_12.256;
T_12.155 ;
    %pushi/vec4 20, 0, 8;
    %store/vec4 v000001d9d0673a40_0, 0, 8;
    %jmp T_12.256;
T_12.156 ;
    %pushi/vec4 222, 0, 8;
    %store/vec4 v000001d9d0673a40_0, 0, 8;
    %jmp T_12.256;
T_12.157 ;
    %pushi/vec4 94, 0, 8;
    %store/vec4 v000001d9d0673a40_0, 0, 8;
    %jmp T_12.256;
T_12.158 ;
    %pushi/vec4 11, 0, 8;
    %store/vec4 v000001d9d0673a40_0, 0, 8;
    %jmp T_12.256;
T_12.159 ;
    %pushi/vec4 219, 0, 8;
    %store/vec4 v000001d9d0673a40_0, 0, 8;
    %jmp T_12.256;
T_12.160 ;
    %pushi/vec4 224, 0, 8;
    %store/vec4 v000001d9d0673a40_0, 0, 8;
    %jmp T_12.256;
T_12.161 ;
    %pushi/vec4 50, 0, 8;
    %store/vec4 v000001d9d0673a40_0, 0, 8;
    %jmp T_12.256;
T_12.162 ;
    %pushi/vec4 58, 0, 8;
    %store/vec4 v000001d9d0673a40_0, 0, 8;
    %jmp T_12.256;
T_12.163 ;
    %pushi/vec4 10, 0, 8;
    %store/vec4 v000001d9d0673a40_0, 0, 8;
    %jmp T_12.256;
T_12.164 ;
    %pushi/vec4 73, 0, 8;
    %store/vec4 v000001d9d0673a40_0, 0, 8;
    %jmp T_12.256;
T_12.165 ;
    %pushi/vec4 6, 0, 8;
    %store/vec4 v000001d9d0673a40_0, 0, 8;
    %jmp T_12.256;
T_12.166 ;
    %pushi/vec4 36, 0, 8;
    %store/vec4 v000001d9d0673a40_0, 0, 8;
    %jmp T_12.256;
T_12.167 ;
    %pushi/vec4 92, 0, 8;
    %store/vec4 v000001d9d0673a40_0, 0, 8;
    %jmp T_12.256;
T_12.168 ;
    %pushi/vec4 194, 0, 8;
    %store/vec4 v000001d9d0673a40_0, 0, 8;
    %jmp T_12.256;
T_12.169 ;
    %pushi/vec4 211, 0, 8;
    %store/vec4 v000001d9d0673a40_0, 0, 8;
    %jmp T_12.256;
T_12.170 ;
    %pushi/vec4 172, 0, 8;
    %store/vec4 v000001d9d0673a40_0, 0, 8;
    %jmp T_12.256;
T_12.171 ;
    %pushi/vec4 98, 0, 8;
    %store/vec4 v000001d9d0673a40_0, 0, 8;
    %jmp T_12.256;
T_12.172 ;
    %pushi/vec4 145, 0, 8;
    %store/vec4 v000001d9d0673a40_0, 0, 8;
    %jmp T_12.256;
T_12.173 ;
    %pushi/vec4 149, 0, 8;
    %store/vec4 v000001d9d0673a40_0, 0, 8;
    %jmp T_12.256;
T_12.174 ;
    %pushi/vec4 228, 0, 8;
    %store/vec4 v000001d9d0673a40_0, 0, 8;
    %jmp T_12.256;
T_12.175 ;
    %pushi/vec4 121, 0, 8;
    %store/vec4 v000001d9d0673a40_0, 0, 8;
    %jmp T_12.256;
T_12.176 ;
    %pushi/vec4 231, 0, 8;
    %store/vec4 v000001d9d0673a40_0, 0, 8;
    %jmp T_12.256;
T_12.177 ;
    %pushi/vec4 200, 0, 8;
    %store/vec4 v000001d9d0673a40_0, 0, 8;
    %jmp T_12.256;
T_12.178 ;
    %pushi/vec4 55, 0, 8;
    %store/vec4 v000001d9d0673a40_0, 0, 8;
    %jmp T_12.256;
T_12.179 ;
    %pushi/vec4 109, 0, 8;
    %store/vec4 v000001d9d0673a40_0, 0, 8;
    %jmp T_12.256;
T_12.180 ;
    %pushi/vec4 141, 0, 8;
    %store/vec4 v000001d9d0673a40_0, 0, 8;
    %jmp T_12.256;
T_12.181 ;
    %pushi/vec4 213, 0, 8;
    %store/vec4 v000001d9d0673a40_0, 0, 8;
    %jmp T_12.256;
T_12.182 ;
    %pushi/vec4 78, 0, 8;
    %store/vec4 v000001d9d0673a40_0, 0, 8;
    %jmp T_12.256;
T_12.183 ;
    %pushi/vec4 169, 0, 8;
    %store/vec4 v000001d9d0673a40_0, 0, 8;
    %jmp T_12.256;
T_12.184 ;
    %pushi/vec4 108, 0, 8;
    %store/vec4 v000001d9d0673a40_0, 0, 8;
    %jmp T_12.256;
T_12.185 ;
    %pushi/vec4 86, 0, 8;
    %store/vec4 v000001d9d0673a40_0, 0, 8;
    %jmp T_12.256;
T_12.186 ;
    %pushi/vec4 244, 0, 8;
    %store/vec4 v000001d9d0673a40_0, 0, 8;
    %jmp T_12.256;
T_12.187 ;
    %pushi/vec4 234, 0, 8;
    %store/vec4 v000001d9d0673a40_0, 0, 8;
    %jmp T_12.256;
T_12.188 ;
    %pushi/vec4 101, 0, 8;
    %store/vec4 v000001d9d0673a40_0, 0, 8;
    %jmp T_12.256;
T_12.189 ;
    %pushi/vec4 122, 0, 8;
    %store/vec4 v000001d9d0673a40_0, 0, 8;
    %jmp T_12.256;
T_12.190 ;
    %pushi/vec4 174, 0, 8;
    %store/vec4 v000001d9d0673a40_0, 0, 8;
    %jmp T_12.256;
T_12.191 ;
    %pushi/vec4 8, 0, 8;
    %store/vec4 v000001d9d0673a40_0, 0, 8;
    %jmp T_12.256;
T_12.192 ;
    %pushi/vec4 186, 0, 8;
    %store/vec4 v000001d9d0673a40_0, 0, 8;
    %jmp T_12.256;
T_12.193 ;
    %pushi/vec4 120, 0, 8;
    %store/vec4 v000001d9d0673a40_0, 0, 8;
    %jmp T_12.256;
T_12.194 ;
    %pushi/vec4 37, 0, 8;
    %store/vec4 v000001d9d0673a40_0, 0, 8;
    %jmp T_12.256;
T_12.195 ;
    %pushi/vec4 46, 0, 8;
    %store/vec4 v000001d9d0673a40_0, 0, 8;
    %jmp T_12.256;
T_12.196 ;
    %pushi/vec4 28, 0, 8;
    %store/vec4 v000001d9d0673a40_0, 0, 8;
    %jmp T_12.256;
T_12.197 ;
    %pushi/vec4 166, 0, 8;
    %store/vec4 v000001d9d0673a40_0, 0, 8;
    %jmp T_12.256;
T_12.198 ;
    %pushi/vec4 180, 0, 8;
    %store/vec4 v000001d9d0673a40_0, 0, 8;
    %jmp T_12.256;
T_12.199 ;
    %pushi/vec4 198, 0, 8;
    %store/vec4 v000001d9d0673a40_0, 0, 8;
    %jmp T_12.256;
T_12.200 ;
    %pushi/vec4 232, 0, 8;
    %store/vec4 v000001d9d0673a40_0, 0, 8;
    %jmp T_12.256;
T_12.201 ;
    %pushi/vec4 221, 0, 8;
    %store/vec4 v000001d9d0673a40_0, 0, 8;
    %jmp T_12.256;
T_12.202 ;
    %pushi/vec4 116, 0, 8;
    %store/vec4 v000001d9d0673a40_0, 0, 8;
    %jmp T_12.256;
T_12.203 ;
    %pushi/vec4 31, 0, 8;
    %store/vec4 v000001d9d0673a40_0, 0, 8;
    %jmp T_12.256;
T_12.204 ;
    %pushi/vec4 75, 0, 8;
    %store/vec4 v000001d9d0673a40_0, 0, 8;
    %jmp T_12.256;
T_12.205 ;
    %pushi/vec4 189, 0, 8;
    %store/vec4 v000001d9d0673a40_0, 0, 8;
    %jmp T_12.256;
T_12.206 ;
    %pushi/vec4 139, 0, 8;
    %store/vec4 v000001d9d0673a40_0, 0, 8;
    %jmp T_12.256;
T_12.207 ;
    %pushi/vec4 138, 0, 8;
    %store/vec4 v000001d9d0673a40_0, 0, 8;
    %jmp T_12.256;
T_12.208 ;
    %pushi/vec4 112, 0, 8;
    %store/vec4 v000001d9d0673a40_0, 0, 8;
    %jmp T_12.256;
T_12.209 ;
    %pushi/vec4 62, 0, 8;
    %store/vec4 v000001d9d0673a40_0, 0, 8;
    %jmp T_12.256;
T_12.210 ;
    %pushi/vec4 181, 0, 8;
    %store/vec4 v000001d9d0673a40_0, 0, 8;
    %jmp T_12.256;
T_12.211 ;
    %pushi/vec4 102, 0, 8;
    %store/vec4 v000001d9d0673a40_0, 0, 8;
    %jmp T_12.256;
T_12.212 ;
    %pushi/vec4 72, 0, 8;
    %store/vec4 v000001d9d0673a40_0, 0, 8;
    %jmp T_12.256;
T_12.213 ;
    %pushi/vec4 3, 0, 8;
    %store/vec4 v000001d9d0673a40_0, 0, 8;
    %jmp T_12.256;
T_12.214 ;
    %pushi/vec4 246, 0, 8;
    %store/vec4 v000001d9d0673a40_0, 0, 8;
    %jmp T_12.256;
T_12.215 ;
    %pushi/vec4 14, 0, 8;
    %store/vec4 v000001d9d0673a40_0, 0, 8;
    %jmp T_12.256;
T_12.216 ;
    %pushi/vec4 97, 0, 8;
    %store/vec4 v000001d9d0673a40_0, 0, 8;
    %jmp T_12.256;
T_12.217 ;
    %pushi/vec4 53, 0, 8;
    %store/vec4 v000001d9d0673a40_0, 0, 8;
    %jmp T_12.256;
T_12.218 ;
    %pushi/vec4 87, 0, 8;
    %store/vec4 v000001d9d0673a40_0, 0, 8;
    %jmp T_12.256;
T_12.219 ;
    %pushi/vec4 185, 0, 8;
    %store/vec4 v000001d9d0673a40_0, 0, 8;
    %jmp T_12.256;
T_12.220 ;
    %pushi/vec4 134, 0, 8;
    %store/vec4 v000001d9d0673a40_0, 0, 8;
    %jmp T_12.256;
T_12.221 ;
    %pushi/vec4 193, 0, 8;
    %store/vec4 v000001d9d0673a40_0, 0, 8;
    %jmp T_12.256;
T_12.222 ;
    %pushi/vec4 29, 0, 8;
    %store/vec4 v000001d9d0673a40_0, 0, 8;
    %jmp T_12.256;
T_12.223 ;
    %pushi/vec4 158, 0, 8;
    %store/vec4 v000001d9d0673a40_0, 0, 8;
    %jmp T_12.256;
T_12.224 ;
    %pushi/vec4 225, 0, 8;
    %store/vec4 v000001d9d0673a40_0, 0, 8;
    %jmp T_12.256;
T_12.225 ;
    %pushi/vec4 248, 0, 8;
    %store/vec4 v000001d9d0673a40_0, 0, 8;
    %jmp T_12.256;
T_12.226 ;
    %pushi/vec4 152, 0, 8;
    %store/vec4 v000001d9d0673a40_0, 0, 8;
    %jmp T_12.256;
T_12.227 ;
    %pushi/vec4 17, 0, 8;
    %store/vec4 v000001d9d0673a40_0, 0, 8;
    %jmp T_12.256;
T_12.228 ;
    %pushi/vec4 105, 0, 8;
    %store/vec4 v000001d9d0673a40_0, 0, 8;
    %jmp T_12.256;
T_12.229 ;
    %pushi/vec4 217, 0, 8;
    %store/vec4 v000001d9d0673a40_0, 0, 8;
    %jmp T_12.256;
T_12.230 ;
    %pushi/vec4 142, 0, 8;
    %store/vec4 v000001d9d0673a40_0, 0, 8;
    %jmp T_12.256;
T_12.231 ;
    %pushi/vec4 148, 0, 8;
    %store/vec4 v000001d9d0673a40_0, 0, 8;
    %jmp T_12.256;
T_12.232 ;
    %pushi/vec4 155, 0, 8;
    %store/vec4 v000001d9d0673a40_0, 0, 8;
    %jmp T_12.256;
T_12.233 ;
    %pushi/vec4 30, 0, 8;
    %store/vec4 v000001d9d0673a40_0, 0, 8;
    %jmp T_12.256;
T_12.234 ;
    %pushi/vec4 135, 0, 8;
    %store/vec4 v000001d9d0673a40_0, 0, 8;
    %jmp T_12.256;
T_12.235 ;
    %pushi/vec4 233, 0, 8;
    %store/vec4 v000001d9d0673a40_0, 0, 8;
    %jmp T_12.256;
T_12.236 ;
    %pushi/vec4 206, 0, 8;
    %store/vec4 v000001d9d0673a40_0, 0, 8;
    %jmp T_12.256;
T_12.237 ;
    %pushi/vec4 85, 0, 8;
    %store/vec4 v000001d9d0673a40_0, 0, 8;
    %jmp T_12.256;
T_12.238 ;
    %pushi/vec4 40, 0, 8;
    %store/vec4 v000001d9d0673a40_0, 0, 8;
    %jmp T_12.256;
T_12.239 ;
    %pushi/vec4 223, 0, 8;
    %store/vec4 v000001d9d0673a40_0, 0, 8;
    %jmp T_12.256;
T_12.240 ;
    %pushi/vec4 140, 0, 8;
    %store/vec4 v000001d9d0673a40_0, 0, 8;
    %jmp T_12.256;
T_12.241 ;
    %pushi/vec4 161, 0, 8;
    %store/vec4 v000001d9d0673a40_0, 0, 8;
    %jmp T_12.256;
T_12.242 ;
    %pushi/vec4 137, 0, 8;
    %store/vec4 v000001d9d0673a40_0, 0, 8;
    %jmp T_12.256;
T_12.243 ;
    %pushi/vec4 13, 0, 8;
    %store/vec4 v000001d9d0673a40_0, 0, 8;
    %jmp T_12.256;
T_12.244 ;
    %pushi/vec4 191, 0, 8;
    %store/vec4 v000001d9d0673a40_0, 0, 8;
    %jmp T_12.256;
T_12.245 ;
    %pushi/vec4 230, 0, 8;
    %store/vec4 v000001d9d0673a40_0, 0, 8;
    %jmp T_12.256;
T_12.246 ;
    %pushi/vec4 66, 0, 8;
    %store/vec4 v000001d9d0673a40_0, 0, 8;
    %jmp T_12.256;
T_12.247 ;
    %pushi/vec4 104, 0, 8;
    %store/vec4 v000001d9d0673a40_0, 0, 8;
    %jmp T_12.256;
T_12.248 ;
    %pushi/vec4 65, 0, 8;
    %store/vec4 v000001d9d0673a40_0, 0, 8;
    %jmp T_12.256;
T_12.249 ;
    %pushi/vec4 153, 0, 8;
    %store/vec4 v000001d9d0673a40_0, 0, 8;
    %jmp T_12.256;
T_12.250 ;
    %pushi/vec4 45, 0, 8;
    %store/vec4 v000001d9d0673a40_0, 0, 8;
    %jmp T_12.256;
T_12.251 ;
    %pushi/vec4 15, 0, 8;
    %store/vec4 v000001d9d0673a40_0, 0, 8;
    %jmp T_12.256;
T_12.252 ;
    %pushi/vec4 176, 0, 8;
    %store/vec4 v000001d9d0673a40_0, 0, 8;
    %jmp T_12.256;
T_12.253 ;
    %pushi/vec4 84, 0, 8;
    %store/vec4 v000001d9d0673a40_0, 0, 8;
    %jmp T_12.256;
T_12.254 ;
    %pushi/vec4 187, 0, 8;
    %store/vec4 v000001d9d0673a40_0, 0, 8;
    %jmp T_12.256;
T_12.255 ;
    %pushi/vec4 22, 0, 8;
    %store/vec4 v000001d9d0673a40_0, 0, 8;
    %jmp T_12.256;
T_12.256 ;
    %pop/vec4 1;
    %jmp T_12;
    .thread T_12, $push;
    .scope S_000001d9d06748d0;
T_13 ;
    %wait E_000001d9d05b7e60;
    %load/vec4 v000001d9d0673ae0_0;
    %dup/vec4;
    %pushi/vec4 0, 0, 8;
    %cmp/u;
    %jmp/1 T_13.0, 6;
    %dup/vec4;
    %pushi/vec4 1, 0, 8;
    %cmp/u;
    %jmp/1 T_13.1, 6;
    %dup/vec4;
    %pushi/vec4 2, 0, 8;
    %cmp/u;
    %jmp/1 T_13.2, 6;
    %dup/vec4;
    %pushi/vec4 3, 0, 8;
    %cmp/u;
    %jmp/1 T_13.3, 6;
    %dup/vec4;
    %pushi/vec4 4, 0, 8;
    %cmp/u;
    %jmp/1 T_13.4, 6;
    %dup/vec4;
    %pushi/vec4 5, 0, 8;
    %cmp/u;
    %jmp/1 T_13.5, 6;
    %dup/vec4;
    %pushi/vec4 6, 0, 8;
    %cmp/u;
    %jmp/1 T_13.6, 6;
    %dup/vec4;
    %pushi/vec4 7, 0, 8;
    %cmp/u;
    %jmp/1 T_13.7, 6;
    %dup/vec4;
    %pushi/vec4 8, 0, 8;
    %cmp/u;
    %jmp/1 T_13.8, 6;
    %dup/vec4;
    %pushi/vec4 9, 0, 8;
    %cmp/u;
    %jmp/1 T_13.9, 6;
    %dup/vec4;
    %pushi/vec4 10, 0, 8;
    %cmp/u;
    %jmp/1 T_13.10, 6;
    %dup/vec4;
    %pushi/vec4 11, 0, 8;
    %cmp/u;
    %jmp/1 T_13.11, 6;
    %dup/vec4;
    %pushi/vec4 12, 0, 8;
    %cmp/u;
    %jmp/1 T_13.12, 6;
    %dup/vec4;
    %pushi/vec4 13, 0, 8;
    %cmp/u;
    %jmp/1 T_13.13, 6;
    %dup/vec4;
    %pushi/vec4 14, 0, 8;
    %cmp/u;
    %jmp/1 T_13.14, 6;
    %dup/vec4;
    %pushi/vec4 15, 0, 8;
    %cmp/u;
    %jmp/1 T_13.15, 6;
    %dup/vec4;
    %pushi/vec4 16, 0, 8;
    %cmp/u;
    %jmp/1 T_13.16, 6;
    %dup/vec4;
    %pushi/vec4 17, 0, 8;
    %cmp/u;
    %jmp/1 T_13.17, 6;
    %dup/vec4;
    %pushi/vec4 18, 0, 8;
    %cmp/u;
    %jmp/1 T_13.18, 6;
    %dup/vec4;
    %pushi/vec4 19, 0, 8;
    %cmp/u;
    %jmp/1 T_13.19, 6;
    %dup/vec4;
    %pushi/vec4 20, 0, 8;
    %cmp/u;
    %jmp/1 T_13.20, 6;
    %dup/vec4;
    %pushi/vec4 21, 0, 8;
    %cmp/u;
    %jmp/1 T_13.21, 6;
    %dup/vec4;
    %pushi/vec4 22, 0, 8;
    %cmp/u;
    %jmp/1 T_13.22, 6;
    %dup/vec4;
    %pushi/vec4 23, 0, 8;
    %cmp/u;
    %jmp/1 T_13.23, 6;
    %dup/vec4;
    %pushi/vec4 24, 0, 8;
    %cmp/u;
    %jmp/1 T_13.24, 6;
    %dup/vec4;
    %pushi/vec4 25, 0, 8;
    %cmp/u;
    %jmp/1 T_13.25, 6;
    %dup/vec4;
    %pushi/vec4 26, 0, 8;
    %cmp/u;
    %jmp/1 T_13.26, 6;
    %dup/vec4;
    %pushi/vec4 27, 0, 8;
    %cmp/u;
    %jmp/1 T_13.27, 6;
    %dup/vec4;
    %pushi/vec4 28, 0, 8;
    %cmp/u;
    %jmp/1 T_13.28, 6;
    %dup/vec4;
    %pushi/vec4 29, 0, 8;
    %cmp/u;
    %jmp/1 T_13.29, 6;
    %dup/vec4;
    %pushi/vec4 30, 0, 8;
    %cmp/u;
    %jmp/1 T_13.30, 6;
    %dup/vec4;
    %pushi/vec4 31, 0, 8;
    %cmp/u;
    %jmp/1 T_13.31, 6;
    %dup/vec4;
    %pushi/vec4 32, 0, 8;
    %cmp/u;
    %jmp/1 T_13.32, 6;
    %dup/vec4;
    %pushi/vec4 33, 0, 8;
    %cmp/u;
    %jmp/1 T_13.33, 6;
    %dup/vec4;
    %pushi/vec4 34, 0, 8;
    %cmp/u;
    %jmp/1 T_13.34, 6;
    %dup/vec4;
    %pushi/vec4 35, 0, 8;
    %cmp/u;
    %jmp/1 T_13.35, 6;
    %dup/vec4;
    %pushi/vec4 36, 0, 8;
    %cmp/u;
    %jmp/1 T_13.36, 6;
    %dup/vec4;
    %pushi/vec4 37, 0, 8;
    %cmp/u;
    %jmp/1 T_13.37, 6;
    %dup/vec4;
    %pushi/vec4 38, 0, 8;
    %cmp/u;
    %jmp/1 T_13.38, 6;
    %dup/vec4;
    %pushi/vec4 39, 0, 8;
    %cmp/u;
    %jmp/1 T_13.39, 6;
    %dup/vec4;
    %pushi/vec4 40, 0, 8;
    %cmp/u;
    %jmp/1 T_13.40, 6;
    %dup/vec4;
    %pushi/vec4 41, 0, 8;
    %cmp/u;
    %jmp/1 T_13.41, 6;
    %dup/vec4;
    %pushi/vec4 42, 0, 8;
    %cmp/u;
    %jmp/1 T_13.42, 6;
    %dup/vec4;
    %pushi/vec4 43, 0, 8;
    %cmp/u;
    %jmp/1 T_13.43, 6;
    %dup/vec4;
    %pushi/vec4 44, 0, 8;
    %cmp/u;
    %jmp/1 T_13.44, 6;
    %dup/vec4;
    %pushi/vec4 45, 0, 8;
    %cmp/u;
    %jmp/1 T_13.45, 6;
    %dup/vec4;
    %pushi/vec4 46, 0, 8;
    %cmp/u;
    %jmp/1 T_13.46, 6;
    %dup/vec4;
    %pushi/vec4 47, 0, 8;
    %cmp/u;
    %jmp/1 T_13.47, 6;
    %dup/vec4;
    %pushi/vec4 48, 0, 8;
    %cmp/u;
    %jmp/1 T_13.48, 6;
    %dup/vec4;
    %pushi/vec4 49, 0, 8;
    %cmp/u;
    %jmp/1 T_13.49, 6;
    %dup/vec4;
    %pushi/vec4 50, 0, 8;
    %cmp/u;
    %jmp/1 T_13.50, 6;
    %dup/vec4;
    %pushi/vec4 51, 0, 8;
    %cmp/u;
    %jmp/1 T_13.51, 6;
    %dup/vec4;
    %pushi/vec4 52, 0, 8;
    %cmp/u;
    %jmp/1 T_13.52, 6;
    %dup/vec4;
    %pushi/vec4 53, 0, 8;
    %cmp/u;
    %jmp/1 T_13.53, 6;
    %dup/vec4;
    %pushi/vec4 54, 0, 8;
    %cmp/u;
    %jmp/1 T_13.54, 6;
    %dup/vec4;
    %pushi/vec4 55, 0, 8;
    %cmp/u;
    %jmp/1 T_13.55, 6;
    %dup/vec4;
    %pushi/vec4 56, 0, 8;
    %cmp/u;
    %jmp/1 T_13.56, 6;
    %dup/vec4;
    %pushi/vec4 57, 0, 8;
    %cmp/u;
    %jmp/1 T_13.57, 6;
    %dup/vec4;
    %pushi/vec4 58, 0, 8;
    %cmp/u;
    %jmp/1 T_13.58, 6;
    %dup/vec4;
    %pushi/vec4 59, 0, 8;
    %cmp/u;
    %jmp/1 T_13.59, 6;
    %dup/vec4;
    %pushi/vec4 60, 0, 8;
    %cmp/u;
    %jmp/1 T_13.60, 6;
    %dup/vec4;
    %pushi/vec4 61, 0, 8;
    %cmp/u;
    %jmp/1 T_13.61, 6;
    %dup/vec4;
    %pushi/vec4 62, 0, 8;
    %cmp/u;
    %jmp/1 T_13.62, 6;
    %dup/vec4;
    %pushi/vec4 63, 0, 8;
    %cmp/u;
    %jmp/1 T_13.63, 6;
    %dup/vec4;
    %pushi/vec4 64, 0, 8;
    %cmp/u;
    %jmp/1 T_13.64, 6;
    %dup/vec4;
    %pushi/vec4 65, 0, 8;
    %cmp/u;
    %jmp/1 T_13.65, 6;
    %dup/vec4;
    %pushi/vec4 66, 0, 8;
    %cmp/u;
    %jmp/1 T_13.66, 6;
    %dup/vec4;
    %pushi/vec4 67, 0, 8;
    %cmp/u;
    %jmp/1 T_13.67, 6;
    %dup/vec4;
    %pushi/vec4 68, 0, 8;
    %cmp/u;
    %jmp/1 T_13.68, 6;
    %dup/vec4;
    %pushi/vec4 69, 0, 8;
    %cmp/u;
    %jmp/1 T_13.69, 6;
    %dup/vec4;
    %pushi/vec4 70, 0, 8;
    %cmp/u;
    %jmp/1 T_13.70, 6;
    %dup/vec4;
    %pushi/vec4 71, 0, 8;
    %cmp/u;
    %jmp/1 T_13.71, 6;
    %dup/vec4;
    %pushi/vec4 72, 0, 8;
    %cmp/u;
    %jmp/1 T_13.72, 6;
    %dup/vec4;
    %pushi/vec4 73, 0, 8;
    %cmp/u;
    %jmp/1 T_13.73, 6;
    %dup/vec4;
    %pushi/vec4 74, 0, 8;
    %cmp/u;
    %jmp/1 T_13.74, 6;
    %dup/vec4;
    %pushi/vec4 75, 0, 8;
    %cmp/u;
    %jmp/1 T_13.75, 6;
    %dup/vec4;
    %pushi/vec4 76, 0, 8;
    %cmp/u;
    %jmp/1 T_13.76, 6;
    %dup/vec4;
    %pushi/vec4 77, 0, 8;
    %cmp/u;
    %jmp/1 T_13.77, 6;
    %dup/vec4;
    %pushi/vec4 78, 0, 8;
    %cmp/u;
    %jmp/1 T_13.78, 6;
    %dup/vec4;
    %pushi/vec4 79, 0, 8;
    %cmp/u;
    %jmp/1 T_13.79, 6;
    %dup/vec4;
    %pushi/vec4 80, 0, 8;
    %cmp/u;
    %jmp/1 T_13.80, 6;
    %dup/vec4;
    %pushi/vec4 81, 0, 8;
    %cmp/u;
    %jmp/1 T_13.81, 6;
    %dup/vec4;
    %pushi/vec4 82, 0, 8;
    %cmp/u;
    %jmp/1 T_13.82, 6;
    %dup/vec4;
    %pushi/vec4 83, 0, 8;
    %cmp/u;
    %jmp/1 T_13.83, 6;
    %dup/vec4;
    %pushi/vec4 84, 0, 8;
    %cmp/u;
    %jmp/1 T_13.84, 6;
    %dup/vec4;
    %pushi/vec4 85, 0, 8;
    %cmp/u;
    %jmp/1 T_13.85, 6;
    %dup/vec4;
    %pushi/vec4 86, 0, 8;
    %cmp/u;
    %jmp/1 T_13.86, 6;
    %dup/vec4;
    %pushi/vec4 87, 0, 8;
    %cmp/u;
    %jmp/1 T_13.87, 6;
    %dup/vec4;
    %pushi/vec4 88, 0, 8;
    %cmp/u;
    %jmp/1 T_13.88, 6;
    %dup/vec4;
    %pushi/vec4 89, 0, 8;
    %cmp/u;
    %jmp/1 T_13.89, 6;
    %dup/vec4;
    %pushi/vec4 90, 0, 8;
    %cmp/u;
    %jmp/1 T_13.90, 6;
    %dup/vec4;
    %pushi/vec4 91, 0, 8;
    %cmp/u;
    %jmp/1 T_13.91, 6;
    %dup/vec4;
    %pushi/vec4 92, 0, 8;
    %cmp/u;
    %jmp/1 T_13.92, 6;
    %dup/vec4;
    %pushi/vec4 93, 0, 8;
    %cmp/u;
    %jmp/1 T_13.93, 6;
    %dup/vec4;
    %pushi/vec4 94, 0, 8;
    %cmp/u;
    %jmp/1 T_13.94, 6;
    %dup/vec4;
    %pushi/vec4 95, 0, 8;
    %cmp/u;
    %jmp/1 T_13.95, 6;
    %dup/vec4;
    %pushi/vec4 96, 0, 8;
    %cmp/u;
    %jmp/1 T_13.96, 6;
    %dup/vec4;
    %pushi/vec4 97, 0, 8;
    %cmp/u;
    %jmp/1 T_13.97, 6;
    %dup/vec4;
    %pushi/vec4 98, 0, 8;
    %cmp/u;
    %jmp/1 T_13.98, 6;
    %dup/vec4;
    %pushi/vec4 99, 0, 8;
    %cmp/u;
    %jmp/1 T_13.99, 6;
    %dup/vec4;
    %pushi/vec4 100, 0, 8;
    %cmp/u;
    %jmp/1 T_13.100, 6;
    %dup/vec4;
    %pushi/vec4 101, 0, 8;
    %cmp/u;
    %jmp/1 T_13.101, 6;
    %dup/vec4;
    %pushi/vec4 102, 0, 8;
    %cmp/u;
    %jmp/1 T_13.102, 6;
    %dup/vec4;
    %pushi/vec4 103, 0, 8;
    %cmp/u;
    %jmp/1 T_13.103, 6;
    %dup/vec4;
    %pushi/vec4 104, 0, 8;
    %cmp/u;
    %jmp/1 T_13.104, 6;
    %dup/vec4;
    %pushi/vec4 105, 0, 8;
    %cmp/u;
    %jmp/1 T_13.105, 6;
    %dup/vec4;
    %pushi/vec4 106, 0, 8;
    %cmp/u;
    %jmp/1 T_13.106, 6;
    %dup/vec4;
    %pushi/vec4 107, 0, 8;
    %cmp/u;
    %jmp/1 T_13.107, 6;
    %dup/vec4;
    %pushi/vec4 108, 0, 8;
    %cmp/u;
    %jmp/1 T_13.108, 6;
    %dup/vec4;
    %pushi/vec4 109, 0, 8;
    %cmp/u;
    %jmp/1 T_13.109, 6;
    %dup/vec4;
    %pushi/vec4 110, 0, 8;
    %cmp/u;
    %jmp/1 T_13.110, 6;
    %dup/vec4;
    %pushi/vec4 111, 0, 8;
    %cmp/u;
    %jmp/1 T_13.111, 6;
    %dup/vec4;
    %pushi/vec4 112, 0, 8;
    %cmp/u;
    %jmp/1 T_13.112, 6;
    %dup/vec4;
    %pushi/vec4 113, 0, 8;
    %cmp/u;
    %jmp/1 T_13.113, 6;
    %dup/vec4;
    %pushi/vec4 114, 0, 8;
    %cmp/u;
    %jmp/1 T_13.114, 6;
    %dup/vec4;
    %pushi/vec4 115, 0, 8;
    %cmp/u;
    %jmp/1 T_13.115, 6;
    %dup/vec4;
    %pushi/vec4 116, 0, 8;
    %cmp/u;
    %jmp/1 T_13.116, 6;
    %dup/vec4;
    %pushi/vec4 117, 0, 8;
    %cmp/u;
    %jmp/1 T_13.117, 6;
    %dup/vec4;
    %pushi/vec4 118, 0, 8;
    %cmp/u;
    %jmp/1 T_13.118, 6;
    %dup/vec4;
    %pushi/vec4 119, 0, 8;
    %cmp/u;
    %jmp/1 T_13.119, 6;
    %dup/vec4;
    %pushi/vec4 120, 0, 8;
    %cmp/u;
    %jmp/1 T_13.120, 6;
    %dup/vec4;
    %pushi/vec4 121, 0, 8;
    %cmp/u;
    %jmp/1 T_13.121, 6;
    %dup/vec4;
    %pushi/vec4 122, 0, 8;
    %cmp/u;
    %jmp/1 T_13.122, 6;
    %dup/vec4;
    %pushi/vec4 123, 0, 8;
    %cmp/u;
    %jmp/1 T_13.123, 6;
    %dup/vec4;
    %pushi/vec4 124, 0, 8;
    %cmp/u;
    %jmp/1 T_13.124, 6;
    %dup/vec4;
    %pushi/vec4 125, 0, 8;
    %cmp/u;
    %jmp/1 T_13.125, 6;
    %dup/vec4;
    %pushi/vec4 126, 0, 8;
    %cmp/u;
    %jmp/1 T_13.126, 6;
    %dup/vec4;
    %pushi/vec4 127, 0, 8;
    %cmp/u;
    %jmp/1 T_13.127, 6;
    %dup/vec4;
    %pushi/vec4 128, 0, 8;
    %cmp/u;
    %jmp/1 T_13.128, 6;
    %dup/vec4;
    %pushi/vec4 129, 0, 8;
    %cmp/u;
    %jmp/1 T_13.129, 6;
    %dup/vec4;
    %pushi/vec4 130, 0, 8;
    %cmp/u;
    %jmp/1 T_13.130, 6;
    %dup/vec4;
    %pushi/vec4 131, 0, 8;
    %cmp/u;
    %jmp/1 T_13.131, 6;
    %dup/vec4;
    %pushi/vec4 132, 0, 8;
    %cmp/u;
    %jmp/1 T_13.132, 6;
    %dup/vec4;
    %pushi/vec4 133, 0, 8;
    %cmp/u;
    %jmp/1 T_13.133, 6;
    %dup/vec4;
    %pushi/vec4 134, 0, 8;
    %cmp/u;
    %jmp/1 T_13.134, 6;
    %dup/vec4;
    %pushi/vec4 135, 0, 8;
    %cmp/u;
    %jmp/1 T_13.135, 6;
    %dup/vec4;
    %pushi/vec4 136, 0, 8;
    %cmp/u;
    %jmp/1 T_13.136, 6;
    %dup/vec4;
    %pushi/vec4 137, 0, 8;
    %cmp/u;
    %jmp/1 T_13.137, 6;
    %dup/vec4;
    %pushi/vec4 138, 0, 8;
    %cmp/u;
    %jmp/1 T_13.138, 6;
    %dup/vec4;
    %pushi/vec4 139, 0, 8;
    %cmp/u;
    %jmp/1 T_13.139, 6;
    %dup/vec4;
    %pushi/vec4 140, 0, 8;
    %cmp/u;
    %jmp/1 T_13.140, 6;
    %dup/vec4;
    %pushi/vec4 141, 0, 8;
    %cmp/u;
    %jmp/1 T_13.141, 6;
    %dup/vec4;
    %pushi/vec4 142, 0, 8;
    %cmp/u;
    %jmp/1 T_13.142, 6;
    %dup/vec4;
    %pushi/vec4 143, 0, 8;
    %cmp/u;
    %jmp/1 T_13.143, 6;
    %dup/vec4;
    %pushi/vec4 144, 0, 8;
    %cmp/u;
    %jmp/1 T_13.144, 6;
    %dup/vec4;
    %pushi/vec4 145, 0, 8;
    %cmp/u;
    %jmp/1 T_13.145, 6;
    %dup/vec4;
    %pushi/vec4 146, 0, 8;
    %cmp/u;
    %jmp/1 T_13.146, 6;
    %dup/vec4;
    %pushi/vec4 147, 0, 8;
    %cmp/u;
    %jmp/1 T_13.147, 6;
    %dup/vec4;
    %pushi/vec4 148, 0, 8;
    %cmp/u;
    %jmp/1 T_13.148, 6;
    %dup/vec4;
    %pushi/vec4 149, 0, 8;
    %cmp/u;
    %jmp/1 T_13.149, 6;
    %dup/vec4;
    %pushi/vec4 150, 0, 8;
    %cmp/u;
    %jmp/1 T_13.150, 6;
    %dup/vec4;
    %pushi/vec4 151, 0, 8;
    %cmp/u;
    %jmp/1 T_13.151, 6;
    %dup/vec4;
    %pushi/vec4 152, 0, 8;
    %cmp/u;
    %jmp/1 T_13.152, 6;
    %dup/vec4;
    %pushi/vec4 153, 0, 8;
    %cmp/u;
    %jmp/1 T_13.153, 6;
    %dup/vec4;
    %pushi/vec4 154, 0, 8;
    %cmp/u;
    %jmp/1 T_13.154, 6;
    %dup/vec4;
    %pushi/vec4 155, 0, 8;
    %cmp/u;
    %jmp/1 T_13.155, 6;
    %dup/vec4;
    %pushi/vec4 156, 0, 8;
    %cmp/u;
    %jmp/1 T_13.156, 6;
    %dup/vec4;
    %pushi/vec4 157, 0, 8;
    %cmp/u;
    %jmp/1 T_13.157, 6;
    %dup/vec4;
    %pushi/vec4 158, 0, 8;
    %cmp/u;
    %jmp/1 T_13.158, 6;
    %dup/vec4;
    %pushi/vec4 159, 0, 8;
    %cmp/u;
    %jmp/1 T_13.159, 6;
    %dup/vec4;
    %pushi/vec4 160, 0, 8;
    %cmp/u;
    %jmp/1 T_13.160, 6;
    %dup/vec4;
    %pushi/vec4 161, 0, 8;
    %cmp/u;
    %jmp/1 T_13.161, 6;
    %dup/vec4;
    %pushi/vec4 162, 0, 8;
    %cmp/u;
    %jmp/1 T_13.162, 6;
    %dup/vec4;
    %pushi/vec4 163, 0, 8;
    %cmp/u;
    %jmp/1 T_13.163, 6;
    %dup/vec4;
    %pushi/vec4 164, 0, 8;
    %cmp/u;
    %jmp/1 T_13.164, 6;
    %dup/vec4;
    %pushi/vec4 165, 0, 8;
    %cmp/u;
    %jmp/1 T_13.165, 6;
    %dup/vec4;
    %pushi/vec4 166, 0, 8;
    %cmp/u;
    %jmp/1 T_13.166, 6;
    %dup/vec4;
    %pushi/vec4 167, 0, 8;
    %cmp/u;
    %jmp/1 T_13.167, 6;
    %dup/vec4;
    %pushi/vec4 168, 0, 8;
    %cmp/u;
    %jmp/1 T_13.168, 6;
    %dup/vec4;
    %pushi/vec4 169, 0, 8;
    %cmp/u;
    %jmp/1 T_13.169, 6;
    %dup/vec4;
    %pushi/vec4 170, 0, 8;
    %cmp/u;
    %jmp/1 T_13.170, 6;
    %dup/vec4;
    %pushi/vec4 171, 0, 8;
    %cmp/u;
    %jmp/1 T_13.171, 6;
    %dup/vec4;
    %pushi/vec4 172, 0, 8;
    %cmp/u;
    %jmp/1 T_13.172, 6;
    %dup/vec4;
    %pushi/vec4 173, 0, 8;
    %cmp/u;
    %jmp/1 T_13.173, 6;
    %dup/vec4;
    %pushi/vec4 174, 0, 8;
    %cmp/u;
    %jmp/1 T_13.174, 6;
    %dup/vec4;
    %pushi/vec4 175, 0, 8;
    %cmp/u;
    %jmp/1 T_13.175, 6;
    %dup/vec4;
    %pushi/vec4 176, 0, 8;
    %cmp/u;
    %jmp/1 T_13.176, 6;
    %dup/vec4;
    %pushi/vec4 177, 0, 8;
    %cmp/u;
    %jmp/1 T_13.177, 6;
    %dup/vec4;
    %pushi/vec4 178, 0, 8;
    %cmp/u;
    %jmp/1 T_13.178, 6;
    %dup/vec4;
    %pushi/vec4 179, 0, 8;
    %cmp/u;
    %jmp/1 T_13.179, 6;
    %dup/vec4;
    %pushi/vec4 180, 0, 8;
    %cmp/u;
    %jmp/1 T_13.180, 6;
    %dup/vec4;
    %pushi/vec4 181, 0, 8;
    %cmp/u;
    %jmp/1 T_13.181, 6;
    %dup/vec4;
    %pushi/vec4 182, 0, 8;
    %cmp/u;
    %jmp/1 T_13.182, 6;
    %dup/vec4;
    %pushi/vec4 183, 0, 8;
    %cmp/u;
    %jmp/1 T_13.183, 6;
    %dup/vec4;
    %pushi/vec4 184, 0, 8;
    %cmp/u;
    %jmp/1 T_13.184, 6;
    %dup/vec4;
    %pushi/vec4 185, 0, 8;
    %cmp/u;
    %jmp/1 T_13.185, 6;
    %dup/vec4;
    %pushi/vec4 186, 0, 8;
    %cmp/u;
    %jmp/1 T_13.186, 6;
    %dup/vec4;
    %pushi/vec4 187, 0, 8;
    %cmp/u;
    %jmp/1 T_13.187, 6;
    %dup/vec4;
    %pushi/vec4 188, 0, 8;
    %cmp/u;
    %jmp/1 T_13.188, 6;
    %dup/vec4;
    %pushi/vec4 189, 0, 8;
    %cmp/u;
    %jmp/1 T_13.189, 6;
    %dup/vec4;
    %pushi/vec4 190, 0, 8;
    %cmp/u;
    %jmp/1 T_13.190, 6;
    %dup/vec4;
    %pushi/vec4 191, 0, 8;
    %cmp/u;
    %jmp/1 T_13.191, 6;
    %dup/vec4;
    %pushi/vec4 192, 0, 8;
    %cmp/u;
    %jmp/1 T_13.192, 6;
    %dup/vec4;
    %pushi/vec4 193, 0, 8;
    %cmp/u;
    %jmp/1 T_13.193, 6;
    %dup/vec4;
    %pushi/vec4 194, 0, 8;
    %cmp/u;
    %jmp/1 T_13.194, 6;
    %dup/vec4;
    %pushi/vec4 195, 0, 8;
    %cmp/u;
    %jmp/1 T_13.195, 6;
    %dup/vec4;
    %pushi/vec4 196, 0, 8;
    %cmp/u;
    %jmp/1 T_13.196, 6;
    %dup/vec4;
    %pushi/vec4 197, 0, 8;
    %cmp/u;
    %jmp/1 T_13.197, 6;
    %dup/vec4;
    %pushi/vec4 198, 0, 8;
    %cmp/u;
    %jmp/1 T_13.198, 6;
    %dup/vec4;
    %pushi/vec4 199, 0, 8;
    %cmp/u;
    %jmp/1 T_13.199, 6;
    %dup/vec4;
    %pushi/vec4 200, 0, 8;
    %cmp/u;
    %jmp/1 T_13.200, 6;
    %dup/vec4;
    %pushi/vec4 201, 0, 8;
    %cmp/u;
    %jmp/1 T_13.201, 6;
    %dup/vec4;
    %pushi/vec4 202, 0, 8;
    %cmp/u;
    %jmp/1 T_13.202, 6;
    %dup/vec4;
    %pushi/vec4 203, 0, 8;
    %cmp/u;
    %jmp/1 T_13.203, 6;
    %dup/vec4;
    %pushi/vec4 204, 0, 8;
    %cmp/u;
    %jmp/1 T_13.204, 6;
    %dup/vec4;
    %pushi/vec4 205, 0, 8;
    %cmp/u;
    %jmp/1 T_13.205, 6;
    %dup/vec4;
    %pushi/vec4 206, 0, 8;
    %cmp/u;
    %jmp/1 T_13.206, 6;
    %dup/vec4;
    %pushi/vec4 207, 0, 8;
    %cmp/u;
    %jmp/1 T_13.207, 6;
    %dup/vec4;
    %pushi/vec4 208, 0, 8;
    %cmp/u;
    %jmp/1 T_13.208, 6;
    %dup/vec4;
    %pushi/vec4 209, 0, 8;
    %cmp/u;
    %jmp/1 T_13.209, 6;
    %dup/vec4;
    %pushi/vec4 210, 0, 8;
    %cmp/u;
    %jmp/1 T_13.210, 6;
    %dup/vec4;
    %pushi/vec4 211, 0, 8;
    %cmp/u;
    %jmp/1 T_13.211, 6;
    %dup/vec4;
    %pushi/vec4 212, 0, 8;
    %cmp/u;
    %jmp/1 T_13.212, 6;
    %dup/vec4;
    %pushi/vec4 213, 0, 8;
    %cmp/u;
    %jmp/1 T_13.213, 6;
    %dup/vec4;
    %pushi/vec4 214, 0, 8;
    %cmp/u;
    %jmp/1 T_13.214, 6;
    %dup/vec4;
    %pushi/vec4 215, 0, 8;
    %cmp/u;
    %jmp/1 T_13.215, 6;
    %dup/vec4;
    %pushi/vec4 216, 0, 8;
    %cmp/u;
    %jmp/1 T_13.216, 6;
    %dup/vec4;
    %pushi/vec4 217, 0, 8;
    %cmp/u;
    %jmp/1 T_13.217, 6;
    %dup/vec4;
    %pushi/vec4 218, 0, 8;
    %cmp/u;
    %jmp/1 T_13.218, 6;
    %dup/vec4;
    %pushi/vec4 219, 0, 8;
    %cmp/u;
    %jmp/1 T_13.219, 6;
    %dup/vec4;
    %pushi/vec4 220, 0, 8;
    %cmp/u;
    %jmp/1 T_13.220, 6;
    %dup/vec4;
    %pushi/vec4 221, 0, 8;
    %cmp/u;
    %jmp/1 T_13.221, 6;
    %dup/vec4;
    %pushi/vec4 222, 0, 8;
    %cmp/u;
    %jmp/1 T_13.222, 6;
    %dup/vec4;
    %pushi/vec4 223, 0, 8;
    %cmp/u;
    %jmp/1 T_13.223, 6;
    %dup/vec4;
    %pushi/vec4 224, 0, 8;
    %cmp/u;
    %jmp/1 T_13.224, 6;
    %dup/vec4;
    %pushi/vec4 225, 0, 8;
    %cmp/u;
    %jmp/1 T_13.225, 6;
    %dup/vec4;
    %pushi/vec4 226, 0, 8;
    %cmp/u;
    %jmp/1 T_13.226, 6;
    %dup/vec4;
    %pushi/vec4 227, 0, 8;
    %cmp/u;
    %jmp/1 T_13.227, 6;
    %dup/vec4;
    %pushi/vec4 228, 0, 8;
    %cmp/u;
    %jmp/1 T_13.228, 6;
    %dup/vec4;
    %pushi/vec4 229, 0, 8;
    %cmp/u;
    %jmp/1 T_13.229, 6;
    %dup/vec4;
    %pushi/vec4 230, 0, 8;
    %cmp/u;
    %jmp/1 T_13.230, 6;
    %dup/vec4;
    %pushi/vec4 231, 0, 8;
    %cmp/u;
    %jmp/1 T_13.231, 6;
    %dup/vec4;
    %pushi/vec4 232, 0, 8;
    %cmp/u;
    %jmp/1 T_13.232, 6;
    %dup/vec4;
    %pushi/vec4 233, 0, 8;
    %cmp/u;
    %jmp/1 T_13.233, 6;
    %dup/vec4;
    %pushi/vec4 234, 0, 8;
    %cmp/u;
    %jmp/1 T_13.234, 6;
    %dup/vec4;
    %pushi/vec4 235, 0, 8;
    %cmp/u;
    %jmp/1 T_13.235, 6;
    %dup/vec4;
    %pushi/vec4 236, 0, 8;
    %cmp/u;
    %jmp/1 T_13.236, 6;
    %dup/vec4;
    %pushi/vec4 237, 0, 8;
    %cmp/u;
    %jmp/1 T_13.237, 6;
    %dup/vec4;
    %pushi/vec4 238, 0, 8;
    %cmp/u;
    %jmp/1 T_13.238, 6;
    %dup/vec4;
    %pushi/vec4 239, 0, 8;
    %cmp/u;
    %jmp/1 T_13.239, 6;
    %dup/vec4;
    %pushi/vec4 240, 0, 8;
    %cmp/u;
    %jmp/1 T_13.240, 6;
    %dup/vec4;
    %pushi/vec4 241, 0, 8;
    %cmp/u;
    %jmp/1 T_13.241, 6;
    %dup/vec4;
    %pushi/vec4 242, 0, 8;
    %cmp/u;
    %jmp/1 T_13.242, 6;
    %dup/vec4;
    %pushi/vec4 243, 0, 8;
    %cmp/u;
    %jmp/1 T_13.243, 6;
    %dup/vec4;
    %pushi/vec4 244, 0, 8;
    %cmp/u;
    %jmp/1 T_13.244, 6;
    %dup/vec4;
    %pushi/vec4 245, 0, 8;
    %cmp/u;
    %jmp/1 T_13.245, 6;
    %dup/vec4;
    %pushi/vec4 246, 0, 8;
    %cmp/u;
    %jmp/1 T_13.246, 6;
    %dup/vec4;
    %pushi/vec4 247, 0, 8;
    %cmp/u;
    %jmp/1 T_13.247, 6;
    %dup/vec4;
    %pushi/vec4 248, 0, 8;
    %cmp/u;
    %jmp/1 T_13.248, 6;
    %dup/vec4;
    %pushi/vec4 249, 0, 8;
    %cmp/u;
    %jmp/1 T_13.249, 6;
    %dup/vec4;
    %pushi/vec4 250, 0, 8;
    %cmp/u;
    %jmp/1 T_13.250, 6;
    %dup/vec4;
    %pushi/vec4 251, 0, 8;
    %cmp/u;
    %jmp/1 T_13.251, 6;
    %dup/vec4;
    %pushi/vec4 252, 0, 8;
    %cmp/u;
    %jmp/1 T_13.252, 6;
    %dup/vec4;
    %pushi/vec4 253, 0, 8;
    %cmp/u;
    %jmp/1 T_13.253, 6;
    %dup/vec4;
    %pushi/vec4 254, 0, 8;
    %cmp/u;
    %jmp/1 T_13.254, 6;
    %dup/vec4;
    %pushi/vec4 255, 0, 8;
    %cmp/u;
    %jmp/1 T_13.255, 6;
    %jmp T_13.256;
T_13.0 ;
    %pushi/vec4 99, 0, 8;
    %store/vec4 v000001d9d0673c20_0, 0, 8;
    %jmp T_13.256;
T_13.1 ;
    %pushi/vec4 124, 0, 8;
    %store/vec4 v000001d9d0673c20_0, 0, 8;
    %jmp T_13.256;
T_13.2 ;
    %pushi/vec4 119, 0, 8;
    %store/vec4 v000001d9d0673c20_0, 0, 8;
    %jmp T_13.256;
T_13.3 ;
    %pushi/vec4 123, 0, 8;
    %store/vec4 v000001d9d0673c20_0, 0, 8;
    %jmp T_13.256;
T_13.4 ;
    %pushi/vec4 242, 0, 8;
    %store/vec4 v000001d9d0673c20_0, 0, 8;
    %jmp T_13.256;
T_13.5 ;
    %pushi/vec4 107, 0, 8;
    %store/vec4 v000001d9d0673c20_0, 0, 8;
    %jmp T_13.256;
T_13.6 ;
    %pushi/vec4 111, 0, 8;
    %store/vec4 v000001d9d0673c20_0, 0, 8;
    %jmp T_13.256;
T_13.7 ;
    %pushi/vec4 197, 0, 8;
    %store/vec4 v000001d9d0673c20_0, 0, 8;
    %jmp T_13.256;
T_13.8 ;
    %pushi/vec4 48, 0, 8;
    %store/vec4 v000001d9d0673c20_0, 0, 8;
    %jmp T_13.256;
T_13.9 ;
    %pushi/vec4 1, 0, 8;
    %store/vec4 v000001d9d0673c20_0, 0, 8;
    %jmp T_13.256;
T_13.10 ;
    %pushi/vec4 103, 0, 8;
    %store/vec4 v000001d9d0673c20_0, 0, 8;
    %jmp T_13.256;
T_13.11 ;
    %pushi/vec4 43, 0, 8;
    %store/vec4 v000001d9d0673c20_0, 0, 8;
    %jmp T_13.256;
T_13.12 ;
    %pushi/vec4 254, 0, 8;
    %store/vec4 v000001d9d0673c20_0, 0, 8;
    %jmp T_13.256;
T_13.13 ;
    %pushi/vec4 215, 0, 8;
    %store/vec4 v000001d9d0673c20_0, 0, 8;
    %jmp T_13.256;
T_13.14 ;
    %pushi/vec4 171, 0, 8;
    %store/vec4 v000001d9d0673c20_0, 0, 8;
    %jmp T_13.256;
T_13.15 ;
    %pushi/vec4 118, 0, 8;
    %store/vec4 v000001d9d0673c20_0, 0, 8;
    %jmp T_13.256;
T_13.16 ;
    %pushi/vec4 202, 0, 8;
    %store/vec4 v000001d9d0673c20_0, 0, 8;
    %jmp T_13.256;
T_13.17 ;
    %pushi/vec4 130, 0, 8;
    %store/vec4 v000001d9d0673c20_0, 0, 8;
    %jmp T_13.256;
T_13.18 ;
    %pushi/vec4 201, 0, 8;
    %store/vec4 v000001d9d0673c20_0, 0, 8;
    %jmp T_13.256;
T_13.19 ;
    %pushi/vec4 125, 0, 8;
    %store/vec4 v000001d9d0673c20_0, 0, 8;
    %jmp T_13.256;
T_13.20 ;
    %pushi/vec4 250, 0, 8;
    %store/vec4 v000001d9d0673c20_0, 0, 8;
    %jmp T_13.256;
T_13.21 ;
    %pushi/vec4 89, 0, 8;
    %store/vec4 v000001d9d0673c20_0, 0, 8;
    %jmp T_13.256;
T_13.22 ;
    %pushi/vec4 71, 0, 8;
    %store/vec4 v000001d9d0673c20_0, 0, 8;
    %jmp T_13.256;
T_13.23 ;
    %pushi/vec4 240, 0, 8;
    %store/vec4 v000001d9d0673c20_0, 0, 8;
    %jmp T_13.256;
T_13.24 ;
    %pushi/vec4 173, 0, 8;
    %store/vec4 v000001d9d0673c20_0, 0, 8;
    %jmp T_13.256;
T_13.25 ;
    %pushi/vec4 212, 0, 8;
    %store/vec4 v000001d9d0673c20_0, 0, 8;
    %jmp T_13.256;
T_13.26 ;
    %pushi/vec4 162, 0, 8;
    %store/vec4 v000001d9d0673c20_0, 0, 8;
    %jmp T_13.256;
T_13.27 ;
    %pushi/vec4 175, 0, 8;
    %store/vec4 v000001d9d0673c20_0, 0, 8;
    %jmp T_13.256;
T_13.28 ;
    %pushi/vec4 156, 0, 8;
    %store/vec4 v000001d9d0673c20_0, 0, 8;
    %jmp T_13.256;
T_13.29 ;
    %pushi/vec4 164, 0, 8;
    %store/vec4 v000001d9d0673c20_0, 0, 8;
    %jmp T_13.256;
T_13.30 ;
    %pushi/vec4 114, 0, 8;
    %store/vec4 v000001d9d0673c20_0, 0, 8;
    %jmp T_13.256;
T_13.31 ;
    %pushi/vec4 192, 0, 8;
    %store/vec4 v000001d9d0673c20_0, 0, 8;
    %jmp T_13.256;
T_13.32 ;
    %pushi/vec4 183, 0, 8;
    %store/vec4 v000001d9d0673c20_0, 0, 8;
    %jmp T_13.256;
T_13.33 ;
    %pushi/vec4 253, 0, 8;
    %store/vec4 v000001d9d0673c20_0, 0, 8;
    %jmp T_13.256;
T_13.34 ;
    %pushi/vec4 147, 0, 8;
    %store/vec4 v000001d9d0673c20_0, 0, 8;
    %jmp T_13.256;
T_13.35 ;
    %pushi/vec4 38, 0, 8;
    %store/vec4 v000001d9d0673c20_0, 0, 8;
    %jmp T_13.256;
T_13.36 ;
    %pushi/vec4 54, 0, 8;
    %store/vec4 v000001d9d0673c20_0, 0, 8;
    %jmp T_13.256;
T_13.37 ;
    %pushi/vec4 63, 0, 8;
    %store/vec4 v000001d9d0673c20_0, 0, 8;
    %jmp T_13.256;
T_13.38 ;
    %pushi/vec4 247, 0, 8;
    %store/vec4 v000001d9d0673c20_0, 0, 8;
    %jmp T_13.256;
T_13.39 ;
    %pushi/vec4 204, 0, 8;
    %store/vec4 v000001d9d0673c20_0, 0, 8;
    %jmp T_13.256;
T_13.40 ;
    %pushi/vec4 52, 0, 8;
    %store/vec4 v000001d9d0673c20_0, 0, 8;
    %jmp T_13.256;
T_13.41 ;
    %pushi/vec4 165, 0, 8;
    %store/vec4 v000001d9d0673c20_0, 0, 8;
    %jmp T_13.256;
T_13.42 ;
    %pushi/vec4 229, 0, 8;
    %store/vec4 v000001d9d0673c20_0, 0, 8;
    %jmp T_13.256;
T_13.43 ;
    %pushi/vec4 241, 0, 8;
    %store/vec4 v000001d9d0673c20_0, 0, 8;
    %jmp T_13.256;
T_13.44 ;
    %pushi/vec4 113, 0, 8;
    %store/vec4 v000001d9d0673c20_0, 0, 8;
    %jmp T_13.256;
T_13.45 ;
    %pushi/vec4 216, 0, 8;
    %store/vec4 v000001d9d0673c20_0, 0, 8;
    %jmp T_13.256;
T_13.46 ;
    %pushi/vec4 49, 0, 8;
    %store/vec4 v000001d9d0673c20_0, 0, 8;
    %jmp T_13.256;
T_13.47 ;
    %pushi/vec4 21, 0, 8;
    %store/vec4 v000001d9d0673c20_0, 0, 8;
    %jmp T_13.256;
T_13.48 ;
    %pushi/vec4 4, 0, 8;
    %store/vec4 v000001d9d0673c20_0, 0, 8;
    %jmp T_13.256;
T_13.49 ;
    %pushi/vec4 199, 0, 8;
    %store/vec4 v000001d9d0673c20_0, 0, 8;
    %jmp T_13.256;
T_13.50 ;
    %pushi/vec4 35, 0, 8;
    %store/vec4 v000001d9d0673c20_0, 0, 8;
    %jmp T_13.256;
T_13.51 ;
    %pushi/vec4 195, 0, 8;
    %store/vec4 v000001d9d0673c20_0, 0, 8;
    %jmp T_13.256;
T_13.52 ;
    %pushi/vec4 24, 0, 8;
    %store/vec4 v000001d9d0673c20_0, 0, 8;
    %jmp T_13.256;
T_13.53 ;
    %pushi/vec4 150, 0, 8;
    %store/vec4 v000001d9d0673c20_0, 0, 8;
    %jmp T_13.256;
T_13.54 ;
    %pushi/vec4 5, 0, 8;
    %store/vec4 v000001d9d0673c20_0, 0, 8;
    %jmp T_13.256;
T_13.55 ;
    %pushi/vec4 154, 0, 8;
    %store/vec4 v000001d9d0673c20_0, 0, 8;
    %jmp T_13.256;
T_13.56 ;
    %pushi/vec4 7, 0, 8;
    %store/vec4 v000001d9d0673c20_0, 0, 8;
    %jmp T_13.256;
T_13.57 ;
    %pushi/vec4 18, 0, 8;
    %store/vec4 v000001d9d0673c20_0, 0, 8;
    %jmp T_13.256;
T_13.58 ;
    %pushi/vec4 128, 0, 8;
    %store/vec4 v000001d9d0673c20_0, 0, 8;
    %jmp T_13.256;
T_13.59 ;
    %pushi/vec4 226, 0, 8;
    %store/vec4 v000001d9d0673c20_0, 0, 8;
    %jmp T_13.256;
T_13.60 ;
    %pushi/vec4 235, 0, 8;
    %store/vec4 v000001d9d0673c20_0, 0, 8;
    %jmp T_13.256;
T_13.61 ;
    %pushi/vec4 39, 0, 8;
    %store/vec4 v000001d9d0673c20_0, 0, 8;
    %jmp T_13.256;
T_13.62 ;
    %pushi/vec4 178, 0, 8;
    %store/vec4 v000001d9d0673c20_0, 0, 8;
    %jmp T_13.256;
T_13.63 ;
    %pushi/vec4 117, 0, 8;
    %store/vec4 v000001d9d0673c20_0, 0, 8;
    %jmp T_13.256;
T_13.64 ;
    %pushi/vec4 9, 0, 8;
    %store/vec4 v000001d9d0673c20_0, 0, 8;
    %jmp T_13.256;
T_13.65 ;
    %pushi/vec4 131, 0, 8;
    %store/vec4 v000001d9d0673c20_0, 0, 8;
    %jmp T_13.256;
T_13.66 ;
    %pushi/vec4 44, 0, 8;
    %store/vec4 v000001d9d0673c20_0, 0, 8;
    %jmp T_13.256;
T_13.67 ;
    %pushi/vec4 26, 0, 8;
    %store/vec4 v000001d9d0673c20_0, 0, 8;
    %jmp T_13.256;
T_13.68 ;
    %pushi/vec4 27, 0, 8;
    %store/vec4 v000001d9d0673c20_0, 0, 8;
    %jmp T_13.256;
T_13.69 ;
    %pushi/vec4 110, 0, 8;
    %store/vec4 v000001d9d0673c20_0, 0, 8;
    %jmp T_13.256;
T_13.70 ;
    %pushi/vec4 90, 0, 8;
    %store/vec4 v000001d9d0673c20_0, 0, 8;
    %jmp T_13.256;
T_13.71 ;
    %pushi/vec4 160, 0, 8;
    %store/vec4 v000001d9d0673c20_0, 0, 8;
    %jmp T_13.256;
T_13.72 ;
    %pushi/vec4 82, 0, 8;
    %store/vec4 v000001d9d0673c20_0, 0, 8;
    %jmp T_13.256;
T_13.73 ;
    %pushi/vec4 59, 0, 8;
    %store/vec4 v000001d9d0673c20_0, 0, 8;
    %jmp T_13.256;
T_13.74 ;
    %pushi/vec4 214, 0, 8;
    %store/vec4 v000001d9d0673c20_0, 0, 8;
    %jmp T_13.256;
T_13.75 ;
    %pushi/vec4 179, 0, 8;
    %store/vec4 v000001d9d0673c20_0, 0, 8;
    %jmp T_13.256;
T_13.76 ;
    %pushi/vec4 41, 0, 8;
    %store/vec4 v000001d9d0673c20_0, 0, 8;
    %jmp T_13.256;
T_13.77 ;
    %pushi/vec4 227, 0, 8;
    %store/vec4 v000001d9d0673c20_0, 0, 8;
    %jmp T_13.256;
T_13.78 ;
    %pushi/vec4 47, 0, 8;
    %store/vec4 v000001d9d0673c20_0, 0, 8;
    %jmp T_13.256;
T_13.79 ;
    %pushi/vec4 132, 0, 8;
    %store/vec4 v000001d9d0673c20_0, 0, 8;
    %jmp T_13.256;
T_13.80 ;
    %pushi/vec4 83, 0, 8;
    %store/vec4 v000001d9d0673c20_0, 0, 8;
    %jmp T_13.256;
T_13.81 ;
    %pushi/vec4 209, 0, 8;
    %store/vec4 v000001d9d0673c20_0, 0, 8;
    %jmp T_13.256;
T_13.82 ;
    %pushi/vec4 0, 0, 8;
    %store/vec4 v000001d9d0673c20_0, 0, 8;
    %jmp T_13.256;
T_13.83 ;
    %pushi/vec4 237, 0, 8;
    %store/vec4 v000001d9d0673c20_0, 0, 8;
    %jmp T_13.256;
T_13.84 ;
    %pushi/vec4 32, 0, 8;
    %store/vec4 v000001d9d0673c20_0, 0, 8;
    %jmp T_13.256;
T_13.85 ;
    %pushi/vec4 252, 0, 8;
    %store/vec4 v000001d9d0673c20_0, 0, 8;
    %jmp T_13.256;
T_13.86 ;
    %pushi/vec4 177, 0, 8;
    %store/vec4 v000001d9d0673c20_0, 0, 8;
    %jmp T_13.256;
T_13.87 ;
    %pushi/vec4 91, 0, 8;
    %store/vec4 v000001d9d0673c20_0, 0, 8;
    %jmp T_13.256;
T_13.88 ;
    %pushi/vec4 106, 0, 8;
    %store/vec4 v000001d9d0673c20_0, 0, 8;
    %jmp T_13.256;
T_13.89 ;
    %pushi/vec4 203, 0, 8;
    %store/vec4 v000001d9d0673c20_0, 0, 8;
    %jmp T_13.256;
T_13.90 ;
    %pushi/vec4 190, 0, 8;
    %store/vec4 v000001d9d0673c20_0, 0, 8;
    %jmp T_13.256;
T_13.91 ;
    %pushi/vec4 57, 0, 8;
    %store/vec4 v000001d9d0673c20_0, 0, 8;
    %jmp T_13.256;
T_13.92 ;
    %pushi/vec4 74, 0, 8;
    %store/vec4 v000001d9d0673c20_0, 0, 8;
    %jmp T_13.256;
T_13.93 ;
    %pushi/vec4 76, 0, 8;
    %store/vec4 v000001d9d0673c20_0, 0, 8;
    %jmp T_13.256;
T_13.94 ;
    %pushi/vec4 88, 0, 8;
    %store/vec4 v000001d9d0673c20_0, 0, 8;
    %jmp T_13.256;
T_13.95 ;
    %pushi/vec4 207, 0, 8;
    %store/vec4 v000001d9d0673c20_0, 0, 8;
    %jmp T_13.256;
T_13.96 ;
    %pushi/vec4 208, 0, 8;
    %store/vec4 v000001d9d0673c20_0, 0, 8;
    %jmp T_13.256;
T_13.97 ;
    %pushi/vec4 239, 0, 8;
    %store/vec4 v000001d9d0673c20_0, 0, 8;
    %jmp T_13.256;
T_13.98 ;
    %pushi/vec4 170, 0, 8;
    %store/vec4 v000001d9d0673c20_0, 0, 8;
    %jmp T_13.256;
T_13.99 ;
    %pushi/vec4 251, 0, 8;
    %store/vec4 v000001d9d0673c20_0, 0, 8;
    %jmp T_13.256;
T_13.100 ;
    %pushi/vec4 67, 0, 8;
    %store/vec4 v000001d9d0673c20_0, 0, 8;
    %jmp T_13.256;
T_13.101 ;
    %pushi/vec4 77, 0, 8;
    %store/vec4 v000001d9d0673c20_0, 0, 8;
    %jmp T_13.256;
T_13.102 ;
    %pushi/vec4 51, 0, 8;
    %store/vec4 v000001d9d0673c20_0, 0, 8;
    %jmp T_13.256;
T_13.103 ;
    %pushi/vec4 133, 0, 8;
    %store/vec4 v000001d9d0673c20_0, 0, 8;
    %jmp T_13.256;
T_13.104 ;
    %pushi/vec4 69, 0, 8;
    %store/vec4 v000001d9d0673c20_0, 0, 8;
    %jmp T_13.256;
T_13.105 ;
    %pushi/vec4 249, 0, 8;
    %store/vec4 v000001d9d0673c20_0, 0, 8;
    %jmp T_13.256;
T_13.106 ;
    %pushi/vec4 2, 0, 8;
    %store/vec4 v000001d9d0673c20_0, 0, 8;
    %jmp T_13.256;
T_13.107 ;
    %pushi/vec4 127, 0, 8;
    %store/vec4 v000001d9d0673c20_0, 0, 8;
    %jmp T_13.256;
T_13.108 ;
    %pushi/vec4 80, 0, 8;
    %store/vec4 v000001d9d0673c20_0, 0, 8;
    %jmp T_13.256;
T_13.109 ;
    %pushi/vec4 60, 0, 8;
    %store/vec4 v000001d9d0673c20_0, 0, 8;
    %jmp T_13.256;
T_13.110 ;
    %pushi/vec4 159, 0, 8;
    %store/vec4 v000001d9d0673c20_0, 0, 8;
    %jmp T_13.256;
T_13.111 ;
    %pushi/vec4 168, 0, 8;
    %store/vec4 v000001d9d0673c20_0, 0, 8;
    %jmp T_13.256;
T_13.112 ;
    %pushi/vec4 81, 0, 8;
    %store/vec4 v000001d9d0673c20_0, 0, 8;
    %jmp T_13.256;
T_13.113 ;
    %pushi/vec4 163, 0, 8;
    %store/vec4 v000001d9d0673c20_0, 0, 8;
    %jmp T_13.256;
T_13.114 ;
    %pushi/vec4 64, 0, 8;
    %store/vec4 v000001d9d0673c20_0, 0, 8;
    %jmp T_13.256;
T_13.115 ;
    %pushi/vec4 143, 0, 8;
    %store/vec4 v000001d9d0673c20_0, 0, 8;
    %jmp T_13.256;
T_13.116 ;
    %pushi/vec4 146, 0, 8;
    %store/vec4 v000001d9d0673c20_0, 0, 8;
    %jmp T_13.256;
T_13.117 ;
    %pushi/vec4 157, 0, 8;
    %store/vec4 v000001d9d0673c20_0, 0, 8;
    %jmp T_13.256;
T_13.118 ;
    %pushi/vec4 56, 0, 8;
    %store/vec4 v000001d9d0673c20_0, 0, 8;
    %jmp T_13.256;
T_13.119 ;
    %pushi/vec4 245, 0, 8;
    %store/vec4 v000001d9d0673c20_0, 0, 8;
    %jmp T_13.256;
T_13.120 ;
    %pushi/vec4 188, 0, 8;
    %store/vec4 v000001d9d0673c20_0, 0, 8;
    %jmp T_13.256;
T_13.121 ;
    %pushi/vec4 182, 0, 8;
    %store/vec4 v000001d9d0673c20_0, 0, 8;
    %jmp T_13.256;
T_13.122 ;
    %pushi/vec4 218, 0, 8;
    %store/vec4 v000001d9d0673c20_0, 0, 8;
    %jmp T_13.256;
T_13.123 ;
    %pushi/vec4 33, 0, 8;
    %store/vec4 v000001d9d0673c20_0, 0, 8;
    %jmp T_13.256;
T_13.124 ;
    %pushi/vec4 16, 0, 8;
    %store/vec4 v000001d9d0673c20_0, 0, 8;
    %jmp T_13.256;
T_13.125 ;
    %pushi/vec4 255, 0, 8;
    %store/vec4 v000001d9d0673c20_0, 0, 8;
    %jmp T_13.256;
T_13.126 ;
    %pushi/vec4 243, 0, 8;
    %store/vec4 v000001d9d0673c20_0, 0, 8;
    %jmp T_13.256;
T_13.127 ;
    %pushi/vec4 210, 0, 8;
    %store/vec4 v000001d9d0673c20_0, 0, 8;
    %jmp T_13.256;
T_13.128 ;
    %pushi/vec4 205, 0, 8;
    %store/vec4 v000001d9d0673c20_0, 0, 8;
    %jmp T_13.256;
T_13.129 ;
    %pushi/vec4 12, 0, 8;
    %store/vec4 v000001d9d0673c20_0, 0, 8;
    %jmp T_13.256;
T_13.130 ;
    %pushi/vec4 19, 0, 8;
    %store/vec4 v000001d9d0673c20_0, 0, 8;
    %jmp T_13.256;
T_13.131 ;
    %pushi/vec4 236, 0, 8;
    %store/vec4 v000001d9d0673c20_0, 0, 8;
    %jmp T_13.256;
T_13.132 ;
    %pushi/vec4 95, 0, 8;
    %store/vec4 v000001d9d0673c20_0, 0, 8;
    %jmp T_13.256;
T_13.133 ;
    %pushi/vec4 151, 0, 8;
    %store/vec4 v000001d9d0673c20_0, 0, 8;
    %jmp T_13.256;
T_13.134 ;
    %pushi/vec4 68, 0, 8;
    %store/vec4 v000001d9d0673c20_0, 0, 8;
    %jmp T_13.256;
T_13.135 ;
    %pushi/vec4 23, 0, 8;
    %store/vec4 v000001d9d0673c20_0, 0, 8;
    %jmp T_13.256;
T_13.136 ;
    %pushi/vec4 196, 0, 8;
    %store/vec4 v000001d9d0673c20_0, 0, 8;
    %jmp T_13.256;
T_13.137 ;
    %pushi/vec4 167, 0, 8;
    %store/vec4 v000001d9d0673c20_0, 0, 8;
    %jmp T_13.256;
T_13.138 ;
    %pushi/vec4 126, 0, 8;
    %store/vec4 v000001d9d0673c20_0, 0, 8;
    %jmp T_13.256;
T_13.139 ;
    %pushi/vec4 61, 0, 8;
    %store/vec4 v000001d9d0673c20_0, 0, 8;
    %jmp T_13.256;
T_13.140 ;
    %pushi/vec4 100, 0, 8;
    %store/vec4 v000001d9d0673c20_0, 0, 8;
    %jmp T_13.256;
T_13.141 ;
    %pushi/vec4 93, 0, 8;
    %store/vec4 v000001d9d0673c20_0, 0, 8;
    %jmp T_13.256;
T_13.142 ;
    %pushi/vec4 25, 0, 8;
    %store/vec4 v000001d9d0673c20_0, 0, 8;
    %jmp T_13.256;
T_13.143 ;
    %pushi/vec4 115, 0, 8;
    %store/vec4 v000001d9d0673c20_0, 0, 8;
    %jmp T_13.256;
T_13.144 ;
    %pushi/vec4 96, 0, 8;
    %store/vec4 v000001d9d0673c20_0, 0, 8;
    %jmp T_13.256;
T_13.145 ;
    %pushi/vec4 129, 0, 8;
    %store/vec4 v000001d9d0673c20_0, 0, 8;
    %jmp T_13.256;
T_13.146 ;
    %pushi/vec4 79, 0, 8;
    %store/vec4 v000001d9d0673c20_0, 0, 8;
    %jmp T_13.256;
T_13.147 ;
    %pushi/vec4 220, 0, 8;
    %store/vec4 v000001d9d0673c20_0, 0, 8;
    %jmp T_13.256;
T_13.148 ;
    %pushi/vec4 34, 0, 8;
    %store/vec4 v000001d9d0673c20_0, 0, 8;
    %jmp T_13.256;
T_13.149 ;
    %pushi/vec4 42, 0, 8;
    %store/vec4 v000001d9d0673c20_0, 0, 8;
    %jmp T_13.256;
T_13.150 ;
    %pushi/vec4 144, 0, 8;
    %store/vec4 v000001d9d0673c20_0, 0, 8;
    %jmp T_13.256;
T_13.151 ;
    %pushi/vec4 136, 0, 8;
    %store/vec4 v000001d9d0673c20_0, 0, 8;
    %jmp T_13.256;
T_13.152 ;
    %pushi/vec4 70, 0, 8;
    %store/vec4 v000001d9d0673c20_0, 0, 8;
    %jmp T_13.256;
T_13.153 ;
    %pushi/vec4 238, 0, 8;
    %store/vec4 v000001d9d0673c20_0, 0, 8;
    %jmp T_13.256;
T_13.154 ;
    %pushi/vec4 184, 0, 8;
    %store/vec4 v000001d9d0673c20_0, 0, 8;
    %jmp T_13.256;
T_13.155 ;
    %pushi/vec4 20, 0, 8;
    %store/vec4 v000001d9d0673c20_0, 0, 8;
    %jmp T_13.256;
T_13.156 ;
    %pushi/vec4 222, 0, 8;
    %store/vec4 v000001d9d0673c20_0, 0, 8;
    %jmp T_13.256;
T_13.157 ;
    %pushi/vec4 94, 0, 8;
    %store/vec4 v000001d9d0673c20_0, 0, 8;
    %jmp T_13.256;
T_13.158 ;
    %pushi/vec4 11, 0, 8;
    %store/vec4 v000001d9d0673c20_0, 0, 8;
    %jmp T_13.256;
T_13.159 ;
    %pushi/vec4 219, 0, 8;
    %store/vec4 v000001d9d0673c20_0, 0, 8;
    %jmp T_13.256;
T_13.160 ;
    %pushi/vec4 224, 0, 8;
    %store/vec4 v000001d9d0673c20_0, 0, 8;
    %jmp T_13.256;
T_13.161 ;
    %pushi/vec4 50, 0, 8;
    %store/vec4 v000001d9d0673c20_0, 0, 8;
    %jmp T_13.256;
T_13.162 ;
    %pushi/vec4 58, 0, 8;
    %store/vec4 v000001d9d0673c20_0, 0, 8;
    %jmp T_13.256;
T_13.163 ;
    %pushi/vec4 10, 0, 8;
    %store/vec4 v000001d9d0673c20_0, 0, 8;
    %jmp T_13.256;
T_13.164 ;
    %pushi/vec4 73, 0, 8;
    %store/vec4 v000001d9d0673c20_0, 0, 8;
    %jmp T_13.256;
T_13.165 ;
    %pushi/vec4 6, 0, 8;
    %store/vec4 v000001d9d0673c20_0, 0, 8;
    %jmp T_13.256;
T_13.166 ;
    %pushi/vec4 36, 0, 8;
    %store/vec4 v000001d9d0673c20_0, 0, 8;
    %jmp T_13.256;
T_13.167 ;
    %pushi/vec4 92, 0, 8;
    %store/vec4 v000001d9d0673c20_0, 0, 8;
    %jmp T_13.256;
T_13.168 ;
    %pushi/vec4 194, 0, 8;
    %store/vec4 v000001d9d0673c20_0, 0, 8;
    %jmp T_13.256;
T_13.169 ;
    %pushi/vec4 211, 0, 8;
    %store/vec4 v000001d9d0673c20_0, 0, 8;
    %jmp T_13.256;
T_13.170 ;
    %pushi/vec4 172, 0, 8;
    %store/vec4 v000001d9d0673c20_0, 0, 8;
    %jmp T_13.256;
T_13.171 ;
    %pushi/vec4 98, 0, 8;
    %store/vec4 v000001d9d0673c20_0, 0, 8;
    %jmp T_13.256;
T_13.172 ;
    %pushi/vec4 145, 0, 8;
    %store/vec4 v000001d9d0673c20_0, 0, 8;
    %jmp T_13.256;
T_13.173 ;
    %pushi/vec4 149, 0, 8;
    %store/vec4 v000001d9d0673c20_0, 0, 8;
    %jmp T_13.256;
T_13.174 ;
    %pushi/vec4 228, 0, 8;
    %store/vec4 v000001d9d0673c20_0, 0, 8;
    %jmp T_13.256;
T_13.175 ;
    %pushi/vec4 121, 0, 8;
    %store/vec4 v000001d9d0673c20_0, 0, 8;
    %jmp T_13.256;
T_13.176 ;
    %pushi/vec4 231, 0, 8;
    %store/vec4 v000001d9d0673c20_0, 0, 8;
    %jmp T_13.256;
T_13.177 ;
    %pushi/vec4 200, 0, 8;
    %store/vec4 v000001d9d0673c20_0, 0, 8;
    %jmp T_13.256;
T_13.178 ;
    %pushi/vec4 55, 0, 8;
    %store/vec4 v000001d9d0673c20_0, 0, 8;
    %jmp T_13.256;
T_13.179 ;
    %pushi/vec4 109, 0, 8;
    %store/vec4 v000001d9d0673c20_0, 0, 8;
    %jmp T_13.256;
T_13.180 ;
    %pushi/vec4 141, 0, 8;
    %store/vec4 v000001d9d0673c20_0, 0, 8;
    %jmp T_13.256;
T_13.181 ;
    %pushi/vec4 213, 0, 8;
    %store/vec4 v000001d9d0673c20_0, 0, 8;
    %jmp T_13.256;
T_13.182 ;
    %pushi/vec4 78, 0, 8;
    %store/vec4 v000001d9d0673c20_0, 0, 8;
    %jmp T_13.256;
T_13.183 ;
    %pushi/vec4 169, 0, 8;
    %store/vec4 v000001d9d0673c20_0, 0, 8;
    %jmp T_13.256;
T_13.184 ;
    %pushi/vec4 108, 0, 8;
    %store/vec4 v000001d9d0673c20_0, 0, 8;
    %jmp T_13.256;
T_13.185 ;
    %pushi/vec4 86, 0, 8;
    %store/vec4 v000001d9d0673c20_0, 0, 8;
    %jmp T_13.256;
T_13.186 ;
    %pushi/vec4 244, 0, 8;
    %store/vec4 v000001d9d0673c20_0, 0, 8;
    %jmp T_13.256;
T_13.187 ;
    %pushi/vec4 234, 0, 8;
    %store/vec4 v000001d9d0673c20_0, 0, 8;
    %jmp T_13.256;
T_13.188 ;
    %pushi/vec4 101, 0, 8;
    %store/vec4 v000001d9d0673c20_0, 0, 8;
    %jmp T_13.256;
T_13.189 ;
    %pushi/vec4 122, 0, 8;
    %store/vec4 v000001d9d0673c20_0, 0, 8;
    %jmp T_13.256;
T_13.190 ;
    %pushi/vec4 174, 0, 8;
    %store/vec4 v000001d9d0673c20_0, 0, 8;
    %jmp T_13.256;
T_13.191 ;
    %pushi/vec4 8, 0, 8;
    %store/vec4 v000001d9d0673c20_0, 0, 8;
    %jmp T_13.256;
T_13.192 ;
    %pushi/vec4 186, 0, 8;
    %store/vec4 v000001d9d0673c20_0, 0, 8;
    %jmp T_13.256;
T_13.193 ;
    %pushi/vec4 120, 0, 8;
    %store/vec4 v000001d9d0673c20_0, 0, 8;
    %jmp T_13.256;
T_13.194 ;
    %pushi/vec4 37, 0, 8;
    %store/vec4 v000001d9d0673c20_0, 0, 8;
    %jmp T_13.256;
T_13.195 ;
    %pushi/vec4 46, 0, 8;
    %store/vec4 v000001d9d0673c20_0, 0, 8;
    %jmp T_13.256;
T_13.196 ;
    %pushi/vec4 28, 0, 8;
    %store/vec4 v000001d9d0673c20_0, 0, 8;
    %jmp T_13.256;
T_13.197 ;
    %pushi/vec4 166, 0, 8;
    %store/vec4 v000001d9d0673c20_0, 0, 8;
    %jmp T_13.256;
T_13.198 ;
    %pushi/vec4 180, 0, 8;
    %store/vec4 v000001d9d0673c20_0, 0, 8;
    %jmp T_13.256;
T_13.199 ;
    %pushi/vec4 198, 0, 8;
    %store/vec4 v000001d9d0673c20_0, 0, 8;
    %jmp T_13.256;
T_13.200 ;
    %pushi/vec4 232, 0, 8;
    %store/vec4 v000001d9d0673c20_0, 0, 8;
    %jmp T_13.256;
T_13.201 ;
    %pushi/vec4 221, 0, 8;
    %store/vec4 v000001d9d0673c20_0, 0, 8;
    %jmp T_13.256;
T_13.202 ;
    %pushi/vec4 116, 0, 8;
    %store/vec4 v000001d9d0673c20_0, 0, 8;
    %jmp T_13.256;
T_13.203 ;
    %pushi/vec4 31, 0, 8;
    %store/vec4 v000001d9d0673c20_0, 0, 8;
    %jmp T_13.256;
T_13.204 ;
    %pushi/vec4 75, 0, 8;
    %store/vec4 v000001d9d0673c20_0, 0, 8;
    %jmp T_13.256;
T_13.205 ;
    %pushi/vec4 189, 0, 8;
    %store/vec4 v000001d9d0673c20_0, 0, 8;
    %jmp T_13.256;
T_13.206 ;
    %pushi/vec4 139, 0, 8;
    %store/vec4 v000001d9d0673c20_0, 0, 8;
    %jmp T_13.256;
T_13.207 ;
    %pushi/vec4 138, 0, 8;
    %store/vec4 v000001d9d0673c20_0, 0, 8;
    %jmp T_13.256;
T_13.208 ;
    %pushi/vec4 112, 0, 8;
    %store/vec4 v000001d9d0673c20_0, 0, 8;
    %jmp T_13.256;
T_13.209 ;
    %pushi/vec4 62, 0, 8;
    %store/vec4 v000001d9d0673c20_0, 0, 8;
    %jmp T_13.256;
T_13.210 ;
    %pushi/vec4 181, 0, 8;
    %store/vec4 v000001d9d0673c20_0, 0, 8;
    %jmp T_13.256;
T_13.211 ;
    %pushi/vec4 102, 0, 8;
    %store/vec4 v000001d9d0673c20_0, 0, 8;
    %jmp T_13.256;
T_13.212 ;
    %pushi/vec4 72, 0, 8;
    %store/vec4 v000001d9d0673c20_0, 0, 8;
    %jmp T_13.256;
T_13.213 ;
    %pushi/vec4 3, 0, 8;
    %store/vec4 v000001d9d0673c20_0, 0, 8;
    %jmp T_13.256;
T_13.214 ;
    %pushi/vec4 246, 0, 8;
    %store/vec4 v000001d9d0673c20_0, 0, 8;
    %jmp T_13.256;
T_13.215 ;
    %pushi/vec4 14, 0, 8;
    %store/vec4 v000001d9d0673c20_0, 0, 8;
    %jmp T_13.256;
T_13.216 ;
    %pushi/vec4 97, 0, 8;
    %store/vec4 v000001d9d0673c20_0, 0, 8;
    %jmp T_13.256;
T_13.217 ;
    %pushi/vec4 53, 0, 8;
    %store/vec4 v000001d9d0673c20_0, 0, 8;
    %jmp T_13.256;
T_13.218 ;
    %pushi/vec4 87, 0, 8;
    %store/vec4 v000001d9d0673c20_0, 0, 8;
    %jmp T_13.256;
T_13.219 ;
    %pushi/vec4 185, 0, 8;
    %store/vec4 v000001d9d0673c20_0, 0, 8;
    %jmp T_13.256;
T_13.220 ;
    %pushi/vec4 134, 0, 8;
    %store/vec4 v000001d9d0673c20_0, 0, 8;
    %jmp T_13.256;
T_13.221 ;
    %pushi/vec4 193, 0, 8;
    %store/vec4 v000001d9d0673c20_0, 0, 8;
    %jmp T_13.256;
T_13.222 ;
    %pushi/vec4 29, 0, 8;
    %store/vec4 v000001d9d0673c20_0, 0, 8;
    %jmp T_13.256;
T_13.223 ;
    %pushi/vec4 158, 0, 8;
    %store/vec4 v000001d9d0673c20_0, 0, 8;
    %jmp T_13.256;
T_13.224 ;
    %pushi/vec4 225, 0, 8;
    %store/vec4 v000001d9d0673c20_0, 0, 8;
    %jmp T_13.256;
T_13.225 ;
    %pushi/vec4 248, 0, 8;
    %store/vec4 v000001d9d0673c20_0, 0, 8;
    %jmp T_13.256;
T_13.226 ;
    %pushi/vec4 152, 0, 8;
    %store/vec4 v000001d9d0673c20_0, 0, 8;
    %jmp T_13.256;
T_13.227 ;
    %pushi/vec4 17, 0, 8;
    %store/vec4 v000001d9d0673c20_0, 0, 8;
    %jmp T_13.256;
T_13.228 ;
    %pushi/vec4 105, 0, 8;
    %store/vec4 v000001d9d0673c20_0, 0, 8;
    %jmp T_13.256;
T_13.229 ;
    %pushi/vec4 217, 0, 8;
    %store/vec4 v000001d9d0673c20_0, 0, 8;
    %jmp T_13.256;
T_13.230 ;
    %pushi/vec4 142, 0, 8;
    %store/vec4 v000001d9d0673c20_0, 0, 8;
    %jmp T_13.256;
T_13.231 ;
    %pushi/vec4 148, 0, 8;
    %store/vec4 v000001d9d0673c20_0, 0, 8;
    %jmp T_13.256;
T_13.232 ;
    %pushi/vec4 155, 0, 8;
    %store/vec4 v000001d9d0673c20_0, 0, 8;
    %jmp T_13.256;
T_13.233 ;
    %pushi/vec4 30, 0, 8;
    %store/vec4 v000001d9d0673c20_0, 0, 8;
    %jmp T_13.256;
T_13.234 ;
    %pushi/vec4 135, 0, 8;
    %store/vec4 v000001d9d0673c20_0, 0, 8;
    %jmp T_13.256;
T_13.235 ;
    %pushi/vec4 233, 0, 8;
    %store/vec4 v000001d9d0673c20_0, 0, 8;
    %jmp T_13.256;
T_13.236 ;
    %pushi/vec4 206, 0, 8;
    %store/vec4 v000001d9d0673c20_0, 0, 8;
    %jmp T_13.256;
T_13.237 ;
    %pushi/vec4 85, 0, 8;
    %store/vec4 v000001d9d0673c20_0, 0, 8;
    %jmp T_13.256;
T_13.238 ;
    %pushi/vec4 40, 0, 8;
    %store/vec4 v000001d9d0673c20_0, 0, 8;
    %jmp T_13.256;
T_13.239 ;
    %pushi/vec4 223, 0, 8;
    %store/vec4 v000001d9d0673c20_0, 0, 8;
    %jmp T_13.256;
T_13.240 ;
    %pushi/vec4 140, 0, 8;
    %store/vec4 v000001d9d0673c20_0, 0, 8;
    %jmp T_13.256;
T_13.241 ;
    %pushi/vec4 161, 0, 8;
    %store/vec4 v000001d9d0673c20_0, 0, 8;
    %jmp T_13.256;
T_13.242 ;
    %pushi/vec4 137, 0, 8;
    %store/vec4 v000001d9d0673c20_0, 0, 8;
    %jmp T_13.256;
T_13.243 ;
    %pushi/vec4 13, 0, 8;
    %store/vec4 v000001d9d0673c20_0, 0, 8;
    %jmp T_13.256;
T_13.244 ;
    %pushi/vec4 191, 0, 8;
    %store/vec4 v000001d9d0673c20_0, 0, 8;
    %jmp T_13.256;
T_13.245 ;
    %pushi/vec4 230, 0, 8;
    %store/vec4 v000001d9d0673c20_0, 0, 8;
    %jmp T_13.256;
T_13.246 ;
    %pushi/vec4 66, 0, 8;
    %store/vec4 v000001d9d0673c20_0, 0, 8;
    %jmp T_13.256;
T_13.247 ;
    %pushi/vec4 104, 0, 8;
    %store/vec4 v000001d9d0673c20_0, 0, 8;
    %jmp T_13.256;
T_13.248 ;
    %pushi/vec4 65, 0, 8;
    %store/vec4 v000001d9d0673c20_0, 0, 8;
    %jmp T_13.256;
T_13.249 ;
    %pushi/vec4 153, 0, 8;
    %store/vec4 v000001d9d0673c20_0, 0, 8;
    %jmp T_13.256;
T_13.250 ;
    %pushi/vec4 45, 0, 8;
    %store/vec4 v000001d9d0673c20_0, 0, 8;
    %jmp T_13.256;
T_13.251 ;
    %pushi/vec4 15, 0, 8;
    %store/vec4 v000001d9d0673c20_0, 0, 8;
    %jmp T_13.256;
T_13.252 ;
    %pushi/vec4 176, 0, 8;
    %store/vec4 v000001d9d0673c20_0, 0, 8;
    %jmp T_13.256;
T_13.253 ;
    %pushi/vec4 84, 0, 8;
    %store/vec4 v000001d9d0673c20_0, 0, 8;
    %jmp T_13.256;
T_13.254 ;
    %pushi/vec4 187, 0, 8;
    %store/vec4 v000001d9d0673c20_0, 0, 8;
    %jmp T_13.256;
T_13.255 ;
    %pushi/vec4 22, 0, 8;
    %store/vec4 v000001d9d0673c20_0, 0, 8;
    %jmp T_13.256;
T_13.256 ;
    %pop/vec4 1;
    %jmp T_13;
    .thread T_13, $push;
    .scope S_000001d9d0674420;
T_14 ;
    %wait E_000001d9d05b77a0;
    %load/vec4 v000001d9d0673b80_0;
    %dup/vec4;
    %pushi/vec4 0, 0, 8;
    %cmp/u;
    %jmp/1 T_14.0, 6;
    %dup/vec4;
    %pushi/vec4 1, 0, 8;
    %cmp/u;
    %jmp/1 T_14.1, 6;
    %dup/vec4;
    %pushi/vec4 2, 0, 8;
    %cmp/u;
    %jmp/1 T_14.2, 6;
    %dup/vec4;
    %pushi/vec4 3, 0, 8;
    %cmp/u;
    %jmp/1 T_14.3, 6;
    %dup/vec4;
    %pushi/vec4 4, 0, 8;
    %cmp/u;
    %jmp/1 T_14.4, 6;
    %dup/vec4;
    %pushi/vec4 5, 0, 8;
    %cmp/u;
    %jmp/1 T_14.5, 6;
    %dup/vec4;
    %pushi/vec4 6, 0, 8;
    %cmp/u;
    %jmp/1 T_14.6, 6;
    %dup/vec4;
    %pushi/vec4 7, 0, 8;
    %cmp/u;
    %jmp/1 T_14.7, 6;
    %dup/vec4;
    %pushi/vec4 8, 0, 8;
    %cmp/u;
    %jmp/1 T_14.8, 6;
    %dup/vec4;
    %pushi/vec4 9, 0, 8;
    %cmp/u;
    %jmp/1 T_14.9, 6;
    %dup/vec4;
    %pushi/vec4 10, 0, 8;
    %cmp/u;
    %jmp/1 T_14.10, 6;
    %dup/vec4;
    %pushi/vec4 11, 0, 8;
    %cmp/u;
    %jmp/1 T_14.11, 6;
    %dup/vec4;
    %pushi/vec4 12, 0, 8;
    %cmp/u;
    %jmp/1 T_14.12, 6;
    %dup/vec4;
    %pushi/vec4 13, 0, 8;
    %cmp/u;
    %jmp/1 T_14.13, 6;
    %dup/vec4;
    %pushi/vec4 14, 0, 8;
    %cmp/u;
    %jmp/1 T_14.14, 6;
    %dup/vec4;
    %pushi/vec4 15, 0, 8;
    %cmp/u;
    %jmp/1 T_14.15, 6;
    %dup/vec4;
    %pushi/vec4 16, 0, 8;
    %cmp/u;
    %jmp/1 T_14.16, 6;
    %dup/vec4;
    %pushi/vec4 17, 0, 8;
    %cmp/u;
    %jmp/1 T_14.17, 6;
    %dup/vec4;
    %pushi/vec4 18, 0, 8;
    %cmp/u;
    %jmp/1 T_14.18, 6;
    %dup/vec4;
    %pushi/vec4 19, 0, 8;
    %cmp/u;
    %jmp/1 T_14.19, 6;
    %dup/vec4;
    %pushi/vec4 20, 0, 8;
    %cmp/u;
    %jmp/1 T_14.20, 6;
    %dup/vec4;
    %pushi/vec4 21, 0, 8;
    %cmp/u;
    %jmp/1 T_14.21, 6;
    %dup/vec4;
    %pushi/vec4 22, 0, 8;
    %cmp/u;
    %jmp/1 T_14.22, 6;
    %dup/vec4;
    %pushi/vec4 23, 0, 8;
    %cmp/u;
    %jmp/1 T_14.23, 6;
    %dup/vec4;
    %pushi/vec4 24, 0, 8;
    %cmp/u;
    %jmp/1 T_14.24, 6;
    %dup/vec4;
    %pushi/vec4 25, 0, 8;
    %cmp/u;
    %jmp/1 T_14.25, 6;
    %dup/vec4;
    %pushi/vec4 26, 0, 8;
    %cmp/u;
    %jmp/1 T_14.26, 6;
    %dup/vec4;
    %pushi/vec4 27, 0, 8;
    %cmp/u;
    %jmp/1 T_14.27, 6;
    %dup/vec4;
    %pushi/vec4 28, 0, 8;
    %cmp/u;
    %jmp/1 T_14.28, 6;
    %dup/vec4;
    %pushi/vec4 29, 0, 8;
    %cmp/u;
    %jmp/1 T_14.29, 6;
    %dup/vec4;
    %pushi/vec4 30, 0, 8;
    %cmp/u;
    %jmp/1 T_14.30, 6;
    %dup/vec4;
    %pushi/vec4 31, 0, 8;
    %cmp/u;
    %jmp/1 T_14.31, 6;
    %dup/vec4;
    %pushi/vec4 32, 0, 8;
    %cmp/u;
    %jmp/1 T_14.32, 6;
    %dup/vec4;
    %pushi/vec4 33, 0, 8;
    %cmp/u;
    %jmp/1 T_14.33, 6;
    %dup/vec4;
    %pushi/vec4 34, 0, 8;
    %cmp/u;
    %jmp/1 T_14.34, 6;
    %dup/vec4;
    %pushi/vec4 35, 0, 8;
    %cmp/u;
    %jmp/1 T_14.35, 6;
    %dup/vec4;
    %pushi/vec4 36, 0, 8;
    %cmp/u;
    %jmp/1 T_14.36, 6;
    %dup/vec4;
    %pushi/vec4 37, 0, 8;
    %cmp/u;
    %jmp/1 T_14.37, 6;
    %dup/vec4;
    %pushi/vec4 38, 0, 8;
    %cmp/u;
    %jmp/1 T_14.38, 6;
    %dup/vec4;
    %pushi/vec4 39, 0, 8;
    %cmp/u;
    %jmp/1 T_14.39, 6;
    %dup/vec4;
    %pushi/vec4 40, 0, 8;
    %cmp/u;
    %jmp/1 T_14.40, 6;
    %dup/vec4;
    %pushi/vec4 41, 0, 8;
    %cmp/u;
    %jmp/1 T_14.41, 6;
    %dup/vec4;
    %pushi/vec4 42, 0, 8;
    %cmp/u;
    %jmp/1 T_14.42, 6;
    %dup/vec4;
    %pushi/vec4 43, 0, 8;
    %cmp/u;
    %jmp/1 T_14.43, 6;
    %dup/vec4;
    %pushi/vec4 44, 0, 8;
    %cmp/u;
    %jmp/1 T_14.44, 6;
    %dup/vec4;
    %pushi/vec4 45, 0, 8;
    %cmp/u;
    %jmp/1 T_14.45, 6;
    %dup/vec4;
    %pushi/vec4 46, 0, 8;
    %cmp/u;
    %jmp/1 T_14.46, 6;
    %dup/vec4;
    %pushi/vec4 47, 0, 8;
    %cmp/u;
    %jmp/1 T_14.47, 6;
    %dup/vec4;
    %pushi/vec4 48, 0, 8;
    %cmp/u;
    %jmp/1 T_14.48, 6;
    %dup/vec4;
    %pushi/vec4 49, 0, 8;
    %cmp/u;
    %jmp/1 T_14.49, 6;
    %dup/vec4;
    %pushi/vec4 50, 0, 8;
    %cmp/u;
    %jmp/1 T_14.50, 6;
    %dup/vec4;
    %pushi/vec4 51, 0, 8;
    %cmp/u;
    %jmp/1 T_14.51, 6;
    %dup/vec4;
    %pushi/vec4 52, 0, 8;
    %cmp/u;
    %jmp/1 T_14.52, 6;
    %dup/vec4;
    %pushi/vec4 53, 0, 8;
    %cmp/u;
    %jmp/1 T_14.53, 6;
    %dup/vec4;
    %pushi/vec4 54, 0, 8;
    %cmp/u;
    %jmp/1 T_14.54, 6;
    %dup/vec4;
    %pushi/vec4 55, 0, 8;
    %cmp/u;
    %jmp/1 T_14.55, 6;
    %dup/vec4;
    %pushi/vec4 56, 0, 8;
    %cmp/u;
    %jmp/1 T_14.56, 6;
    %dup/vec4;
    %pushi/vec4 57, 0, 8;
    %cmp/u;
    %jmp/1 T_14.57, 6;
    %dup/vec4;
    %pushi/vec4 58, 0, 8;
    %cmp/u;
    %jmp/1 T_14.58, 6;
    %dup/vec4;
    %pushi/vec4 59, 0, 8;
    %cmp/u;
    %jmp/1 T_14.59, 6;
    %dup/vec4;
    %pushi/vec4 60, 0, 8;
    %cmp/u;
    %jmp/1 T_14.60, 6;
    %dup/vec4;
    %pushi/vec4 61, 0, 8;
    %cmp/u;
    %jmp/1 T_14.61, 6;
    %dup/vec4;
    %pushi/vec4 62, 0, 8;
    %cmp/u;
    %jmp/1 T_14.62, 6;
    %dup/vec4;
    %pushi/vec4 63, 0, 8;
    %cmp/u;
    %jmp/1 T_14.63, 6;
    %dup/vec4;
    %pushi/vec4 64, 0, 8;
    %cmp/u;
    %jmp/1 T_14.64, 6;
    %dup/vec4;
    %pushi/vec4 65, 0, 8;
    %cmp/u;
    %jmp/1 T_14.65, 6;
    %dup/vec4;
    %pushi/vec4 66, 0, 8;
    %cmp/u;
    %jmp/1 T_14.66, 6;
    %dup/vec4;
    %pushi/vec4 67, 0, 8;
    %cmp/u;
    %jmp/1 T_14.67, 6;
    %dup/vec4;
    %pushi/vec4 68, 0, 8;
    %cmp/u;
    %jmp/1 T_14.68, 6;
    %dup/vec4;
    %pushi/vec4 69, 0, 8;
    %cmp/u;
    %jmp/1 T_14.69, 6;
    %dup/vec4;
    %pushi/vec4 70, 0, 8;
    %cmp/u;
    %jmp/1 T_14.70, 6;
    %dup/vec4;
    %pushi/vec4 71, 0, 8;
    %cmp/u;
    %jmp/1 T_14.71, 6;
    %dup/vec4;
    %pushi/vec4 72, 0, 8;
    %cmp/u;
    %jmp/1 T_14.72, 6;
    %dup/vec4;
    %pushi/vec4 73, 0, 8;
    %cmp/u;
    %jmp/1 T_14.73, 6;
    %dup/vec4;
    %pushi/vec4 74, 0, 8;
    %cmp/u;
    %jmp/1 T_14.74, 6;
    %dup/vec4;
    %pushi/vec4 75, 0, 8;
    %cmp/u;
    %jmp/1 T_14.75, 6;
    %dup/vec4;
    %pushi/vec4 76, 0, 8;
    %cmp/u;
    %jmp/1 T_14.76, 6;
    %dup/vec4;
    %pushi/vec4 77, 0, 8;
    %cmp/u;
    %jmp/1 T_14.77, 6;
    %dup/vec4;
    %pushi/vec4 78, 0, 8;
    %cmp/u;
    %jmp/1 T_14.78, 6;
    %dup/vec4;
    %pushi/vec4 79, 0, 8;
    %cmp/u;
    %jmp/1 T_14.79, 6;
    %dup/vec4;
    %pushi/vec4 80, 0, 8;
    %cmp/u;
    %jmp/1 T_14.80, 6;
    %dup/vec4;
    %pushi/vec4 81, 0, 8;
    %cmp/u;
    %jmp/1 T_14.81, 6;
    %dup/vec4;
    %pushi/vec4 82, 0, 8;
    %cmp/u;
    %jmp/1 T_14.82, 6;
    %dup/vec4;
    %pushi/vec4 83, 0, 8;
    %cmp/u;
    %jmp/1 T_14.83, 6;
    %dup/vec4;
    %pushi/vec4 84, 0, 8;
    %cmp/u;
    %jmp/1 T_14.84, 6;
    %dup/vec4;
    %pushi/vec4 85, 0, 8;
    %cmp/u;
    %jmp/1 T_14.85, 6;
    %dup/vec4;
    %pushi/vec4 86, 0, 8;
    %cmp/u;
    %jmp/1 T_14.86, 6;
    %dup/vec4;
    %pushi/vec4 87, 0, 8;
    %cmp/u;
    %jmp/1 T_14.87, 6;
    %dup/vec4;
    %pushi/vec4 88, 0, 8;
    %cmp/u;
    %jmp/1 T_14.88, 6;
    %dup/vec4;
    %pushi/vec4 89, 0, 8;
    %cmp/u;
    %jmp/1 T_14.89, 6;
    %dup/vec4;
    %pushi/vec4 90, 0, 8;
    %cmp/u;
    %jmp/1 T_14.90, 6;
    %dup/vec4;
    %pushi/vec4 91, 0, 8;
    %cmp/u;
    %jmp/1 T_14.91, 6;
    %dup/vec4;
    %pushi/vec4 92, 0, 8;
    %cmp/u;
    %jmp/1 T_14.92, 6;
    %dup/vec4;
    %pushi/vec4 93, 0, 8;
    %cmp/u;
    %jmp/1 T_14.93, 6;
    %dup/vec4;
    %pushi/vec4 94, 0, 8;
    %cmp/u;
    %jmp/1 T_14.94, 6;
    %dup/vec4;
    %pushi/vec4 95, 0, 8;
    %cmp/u;
    %jmp/1 T_14.95, 6;
    %dup/vec4;
    %pushi/vec4 96, 0, 8;
    %cmp/u;
    %jmp/1 T_14.96, 6;
    %dup/vec4;
    %pushi/vec4 97, 0, 8;
    %cmp/u;
    %jmp/1 T_14.97, 6;
    %dup/vec4;
    %pushi/vec4 98, 0, 8;
    %cmp/u;
    %jmp/1 T_14.98, 6;
    %dup/vec4;
    %pushi/vec4 99, 0, 8;
    %cmp/u;
    %jmp/1 T_14.99, 6;
    %dup/vec4;
    %pushi/vec4 100, 0, 8;
    %cmp/u;
    %jmp/1 T_14.100, 6;
    %dup/vec4;
    %pushi/vec4 101, 0, 8;
    %cmp/u;
    %jmp/1 T_14.101, 6;
    %dup/vec4;
    %pushi/vec4 102, 0, 8;
    %cmp/u;
    %jmp/1 T_14.102, 6;
    %dup/vec4;
    %pushi/vec4 103, 0, 8;
    %cmp/u;
    %jmp/1 T_14.103, 6;
    %dup/vec4;
    %pushi/vec4 104, 0, 8;
    %cmp/u;
    %jmp/1 T_14.104, 6;
    %dup/vec4;
    %pushi/vec4 105, 0, 8;
    %cmp/u;
    %jmp/1 T_14.105, 6;
    %dup/vec4;
    %pushi/vec4 106, 0, 8;
    %cmp/u;
    %jmp/1 T_14.106, 6;
    %dup/vec4;
    %pushi/vec4 107, 0, 8;
    %cmp/u;
    %jmp/1 T_14.107, 6;
    %dup/vec4;
    %pushi/vec4 108, 0, 8;
    %cmp/u;
    %jmp/1 T_14.108, 6;
    %dup/vec4;
    %pushi/vec4 109, 0, 8;
    %cmp/u;
    %jmp/1 T_14.109, 6;
    %dup/vec4;
    %pushi/vec4 110, 0, 8;
    %cmp/u;
    %jmp/1 T_14.110, 6;
    %dup/vec4;
    %pushi/vec4 111, 0, 8;
    %cmp/u;
    %jmp/1 T_14.111, 6;
    %dup/vec4;
    %pushi/vec4 112, 0, 8;
    %cmp/u;
    %jmp/1 T_14.112, 6;
    %dup/vec4;
    %pushi/vec4 113, 0, 8;
    %cmp/u;
    %jmp/1 T_14.113, 6;
    %dup/vec4;
    %pushi/vec4 114, 0, 8;
    %cmp/u;
    %jmp/1 T_14.114, 6;
    %dup/vec4;
    %pushi/vec4 115, 0, 8;
    %cmp/u;
    %jmp/1 T_14.115, 6;
    %dup/vec4;
    %pushi/vec4 116, 0, 8;
    %cmp/u;
    %jmp/1 T_14.116, 6;
    %dup/vec4;
    %pushi/vec4 117, 0, 8;
    %cmp/u;
    %jmp/1 T_14.117, 6;
    %dup/vec4;
    %pushi/vec4 118, 0, 8;
    %cmp/u;
    %jmp/1 T_14.118, 6;
    %dup/vec4;
    %pushi/vec4 119, 0, 8;
    %cmp/u;
    %jmp/1 T_14.119, 6;
    %dup/vec4;
    %pushi/vec4 120, 0, 8;
    %cmp/u;
    %jmp/1 T_14.120, 6;
    %dup/vec4;
    %pushi/vec4 121, 0, 8;
    %cmp/u;
    %jmp/1 T_14.121, 6;
    %dup/vec4;
    %pushi/vec4 122, 0, 8;
    %cmp/u;
    %jmp/1 T_14.122, 6;
    %dup/vec4;
    %pushi/vec4 123, 0, 8;
    %cmp/u;
    %jmp/1 T_14.123, 6;
    %dup/vec4;
    %pushi/vec4 124, 0, 8;
    %cmp/u;
    %jmp/1 T_14.124, 6;
    %dup/vec4;
    %pushi/vec4 125, 0, 8;
    %cmp/u;
    %jmp/1 T_14.125, 6;
    %dup/vec4;
    %pushi/vec4 126, 0, 8;
    %cmp/u;
    %jmp/1 T_14.126, 6;
    %dup/vec4;
    %pushi/vec4 127, 0, 8;
    %cmp/u;
    %jmp/1 T_14.127, 6;
    %dup/vec4;
    %pushi/vec4 128, 0, 8;
    %cmp/u;
    %jmp/1 T_14.128, 6;
    %dup/vec4;
    %pushi/vec4 129, 0, 8;
    %cmp/u;
    %jmp/1 T_14.129, 6;
    %dup/vec4;
    %pushi/vec4 130, 0, 8;
    %cmp/u;
    %jmp/1 T_14.130, 6;
    %dup/vec4;
    %pushi/vec4 131, 0, 8;
    %cmp/u;
    %jmp/1 T_14.131, 6;
    %dup/vec4;
    %pushi/vec4 132, 0, 8;
    %cmp/u;
    %jmp/1 T_14.132, 6;
    %dup/vec4;
    %pushi/vec4 133, 0, 8;
    %cmp/u;
    %jmp/1 T_14.133, 6;
    %dup/vec4;
    %pushi/vec4 134, 0, 8;
    %cmp/u;
    %jmp/1 T_14.134, 6;
    %dup/vec4;
    %pushi/vec4 135, 0, 8;
    %cmp/u;
    %jmp/1 T_14.135, 6;
    %dup/vec4;
    %pushi/vec4 136, 0, 8;
    %cmp/u;
    %jmp/1 T_14.136, 6;
    %dup/vec4;
    %pushi/vec4 137, 0, 8;
    %cmp/u;
    %jmp/1 T_14.137, 6;
    %dup/vec4;
    %pushi/vec4 138, 0, 8;
    %cmp/u;
    %jmp/1 T_14.138, 6;
    %dup/vec4;
    %pushi/vec4 139, 0, 8;
    %cmp/u;
    %jmp/1 T_14.139, 6;
    %dup/vec4;
    %pushi/vec4 140, 0, 8;
    %cmp/u;
    %jmp/1 T_14.140, 6;
    %dup/vec4;
    %pushi/vec4 141, 0, 8;
    %cmp/u;
    %jmp/1 T_14.141, 6;
    %dup/vec4;
    %pushi/vec4 142, 0, 8;
    %cmp/u;
    %jmp/1 T_14.142, 6;
    %dup/vec4;
    %pushi/vec4 143, 0, 8;
    %cmp/u;
    %jmp/1 T_14.143, 6;
    %dup/vec4;
    %pushi/vec4 144, 0, 8;
    %cmp/u;
    %jmp/1 T_14.144, 6;
    %dup/vec4;
    %pushi/vec4 145, 0, 8;
    %cmp/u;
    %jmp/1 T_14.145, 6;
    %dup/vec4;
    %pushi/vec4 146, 0, 8;
    %cmp/u;
    %jmp/1 T_14.146, 6;
    %dup/vec4;
    %pushi/vec4 147, 0, 8;
    %cmp/u;
    %jmp/1 T_14.147, 6;
    %dup/vec4;
    %pushi/vec4 148, 0, 8;
    %cmp/u;
    %jmp/1 T_14.148, 6;
    %dup/vec4;
    %pushi/vec4 149, 0, 8;
    %cmp/u;
    %jmp/1 T_14.149, 6;
    %dup/vec4;
    %pushi/vec4 150, 0, 8;
    %cmp/u;
    %jmp/1 T_14.150, 6;
    %dup/vec4;
    %pushi/vec4 151, 0, 8;
    %cmp/u;
    %jmp/1 T_14.151, 6;
    %dup/vec4;
    %pushi/vec4 152, 0, 8;
    %cmp/u;
    %jmp/1 T_14.152, 6;
    %dup/vec4;
    %pushi/vec4 153, 0, 8;
    %cmp/u;
    %jmp/1 T_14.153, 6;
    %dup/vec4;
    %pushi/vec4 154, 0, 8;
    %cmp/u;
    %jmp/1 T_14.154, 6;
    %dup/vec4;
    %pushi/vec4 155, 0, 8;
    %cmp/u;
    %jmp/1 T_14.155, 6;
    %dup/vec4;
    %pushi/vec4 156, 0, 8;
    %cmp/u;
    %jmp/1 T_14.156, 6;
    %dup/vec4;
    %pushi/vec4 157, 0, 8;
    %cmp/u;
    %jmp/1 T_14.157, 6;
    %dup/vec4;
    %pushi/vec4 158, 0, 8;
    %cmp/u;
    %jmp/1 T_14.158, 6;
    %dup/vec4;
    %pushi/vec4 159, 0, 8;
    %cmp/u;
    %jmp/1 T_14.159, 6;
    %dup/vec4;
    %pushi/vec4 160, 0, 8;
    %cmp/u;
    %jmp/1 T_14.160, 6;
    %dup/vec4;
    %pushi/vec4 161, 0, 8;
    %cmp/u;
    %jmp/1 T_14.161, 6;
    %dup/vec4;
    %pushi/vec4 162, 0, 8;
    %cmp/u;
    %jmp/1 T_14.162, 6;
    %dup/vec4;
    %pushi/vec4 163, 0, 8;
    %cmp/u;
    %jmp/1 T_14.163, 6;
    %dup/vec4;
    %pushi/vec4 164, 0, 8;
    %cmp/u;
    %jmp/1 T_14.164, 6;
    %dup/vec4;
    %pushi/vec4 165, 0, 8;
    %cmp/u;
    %jmp/1 T_14.165, 6;
    %dup/vec4;
    %pushi/vec4 166, 0, 8;
    %cmp/u;
    %jmp/1 T_14.166, 6;
    %dup/vec4;
    %pushi/vec4 167, 0, 8;
    %cmp/u;
    %jmp/1 T_14.167, 6;
    %dup/vec4;
    %pushi/vec4 168, 0, 8;
    %cmp/u;
    %jmp/1 T_14.168, 6;
    %dup/vec4;
    %pushi/vec4 169, 0, 8;
    %cmp/u;
    %jmp/1 T_14.169, 6;
    %dup/vec4;
    %pushi/vec4 170, 0, 8;
    %cmp/u;
    %jmp/1 T_14.170, 6;
    %dup/vec4;
    %pushi/vec4 171, 0, 8;
    %cmp/u;
    %jmp/1 T_14.171, 6;
    %dup/vec4;
    %pushi/vec4 172, 0, 8;
    %cmp/u;
    %jmp/1 T_14.172, 6;
    %dup/vec4;
    %pushi/vec4 173, 0, 8;
    %cmp/u;
    %jmp/1 T_14.173, 6;
    %dup/vec4;
    %pushi/vec4 174, 0, 8;
    %cmp/u;
    %jmp/1 T_14.174, 6;
    %dup/vec4;
    %pushi/vec4 175, 0, 8;
    %cmp/u;
    %jmp/1 T_14.175, 6;
    %dup/vec4;
    %pushi/vec4 176, 0, 8;
    %cmp/u;
    %jmp/1 T_14.176, 6;
    %dup/vec4;
    %pushi/vec4 177, 0, 8;
    %cmp/u;
    %jmp/1 T_14.177, 6;
    %dup/vec4;
    %pushi/vec4 178, 0, 8;
    %cmp/u;
    %jmp/1 T_14.178, 6;
    %dup/vec4;
    %pushi/vec4 179, 0, 8;
    %cmp/u;
    %jmp/1 T_14.179, 6;
    %dup/vec4;
    %pushi/vec4 180, 0, 8;
    %cmp/u;
    %jmp/1 T_14.180, 6;
    %dup/vec4;
    %pushi/vec4 181, 0, 8;
    %cmp/u;
    %jmp/1 T_14.181, 6;
    %dup/vec4;
    %pushi/vec4 182, 0, 8;
    %cmp/u;
    %jmp/1 T_14.182, 6;
    %dup/vec4;
    %pushi/vec4 183, 0, 8;
    %cmp/u;
    %jmp/1 T_14.183, 6;
    %dup/vec4;
    %pushi/vec4 184, 0, 8;
    %cmp/u;
    %jmp/1 T_14.184, 6;
    %dup/vec4;
    %pushi/vec4 185, 0, 8;
    %cmp/u;
    %jmp/1 T_14.185, 6;
    %dup/vec4;
    %pushi/vec4 186, 0, 8;
    %cmp/u;
    %jmp/1 T_14.186, 6;
    %dup/vec4;
    %pushi/vec4 187, 0, 8;
    %cmp/u;
    %jmp/1 T_14.187, 6;
    %dup/vec4;
    %pushi/vec4 188, 0, 8;
    %cmp/u;
    %jmp/1 T_14.188, 6;
    %dup/vec4;
    %pushi/vec4 189, 0, 8;
    %cmp/u;
    %jmp/1 T_14.189, 6;
    %dup/vec4;
    %pushi/vec4 190, 0, 8;
    %cmp/u;
    %jmp/1 T_14.190, 6;
    %dup/vec4;
    %pushi/vec4 191, 0, 8;
    %cmp/u;
    %jmp/1 T_14.191, 6;
    %dup/vec4;
    %pushi/vec4 192, 0, 8;
    %cmp/u;
    %jmp/1 T_14.192, 6;
    %dup/vec4;
    %pushi/vec4 193, 0, 8;
    %cmp/u;
    %jmp/1 T_14.193, 6;
    %dup/vec4;
    %pushi/vec4 194, 0, 8;
    %cmp/u;
    %jmp/1 T_14.194, 6;
    %dup/vec4;
    %pushi/vec4 195, 0, 8;
    %cmp/u;
    %jmp/1 T_14.195, 6;
    %dup/vec4;
    %pushi/vec4 196, 0, 8;
    %cmp/u;
    %jmp/1 T_14.196, 6;
    %dup/vec4;
    %pushi/vec4 197, 0, 8;
    %cmp/u;
    %jmp/1 T_14.197, 6;
    %dup/vec4;
    %pushi/vec4 198, 0, 8;
    %cmp/u;
    %jmp/1 T_14.198, 6;
    %dup/vec4;
    %pushi/vec4 199, 0, 8;
    %cmp/u;
    %jmp/1 T_14.199, 6;
    %dup/vec4;
    %pushi/vec4 200, 0, 8;
    %cmp/u;
    %jmp/1 T_14.200, 6;
    %dup/vec4;
    %pushi/vec4 201, 0, 8;
    %cmp/u;
    %jmp/1 T_14.201, 6;
    %dup/vec4;
    %pushi/vec4 202, 0, 8;
    %cmp/u;
    %jmp/1 T_14.202, 6;
    %dup/vec4;
    %pushi/vec4 203, 0, 8;
    %cmp/u;
    %jmp/1 T_14.203, 6;
    %dup/vec4;
    %pushi/vec4 204, 0, 8;
    %cmp/u;
    %jmp/1 T_14.204, 6;
    %dup/vec4;
    %pushi/vec4 205, 0, 8;
    %cmp/u;
    %jmp/1 T_14.205, 6;
    %dup/vec4;
    %pushi/vec4 206, 0, 8;
    %cmp/u;
    %jmp/1 T_14.206, 6;
    %dup/vec4;
    %pushi/vec4 207, 0, 8;
    %cmp/u;
    %jmp/1 T_14.207, 6;
    %dup/vec4;
    %pushi/vec4 208, 0, 8;
    %cmp/u;
    %jmp/1 T_14.208, 6;
    %dup/vec4;
    %pushi/vec4 209, 0, 8;
    %cmp/u;
    %jmp/1 T_14.209, 6;
    %dup/vec4;
    %pushi/vec4 210, 0, 8;
    %cmp/u;
    %jmp/1 T_14.210, 6;
    %dup/vec4;
    %pushi/vec4 211, 0, 8;
    %cmp/u;
    %jmp/1 T_14.211, 6;
    %dup/vec4;
    %pushi/vec4 212, 0, 8;
    %cmp/u;
    %jmp/1 T_14.212, 6;
    %dup/vec4;
    %pushi/vec4 213, 0, 8;
    %cmp/u;
    %jmp/1 T_14.213, 6;
    %dup/vec4;
    %pushi/vec4 214, 0, 8;
    %cmp/u;
    %jmp/1 T_14.214, 6;
    %dup/vec4;
    %pushi/vec4 215, 0, 8;
    %cmp/u;
    %jmp/1 T_14.215, 6;
    %dup/vec4;
    %pushi/vec4 216, 0, 8;
    %cmp/u;
    %jmp/1 T_14.216, 6;
    %dup/vec4;
    %pushi/vec4 217, 0, 8;
    %cmp/u;
    %jmp/1 T_14.217, 6;
    %dup/vec4;
    %pushi/vec4 218, 0, 8;
    %cmp/u;
    %jmp/1 T_14.218, 6;
    %dup/vec4;
    %pushi/vec4 219, 0, 8;
    %cmp/u;
    %jmp/1 T_14.219, 6;
    %dup/vec4;
    %pushi/vec4 220, 0, 8;
    %cmp/u;
    %jmp/1 T_14.220, 6;
    %dup/vec4;
    %pushi/vec4 221, 0, 8;
    %cmp/u;
    %jmp/1 T_14.221, 6;
    %dup/vec4;
    %pushi/vec4 222, 0, 8;
    %cmp/u;
    %jmp/1 T_14.222, 6;
    %dup/vec4;
    %pushi/vec4 223, 0, 8;
    %cmp/u;
    %jmp/1 T_14.223, 6;
    %dup/vec4;
    %pushi/vec4 224, 0, 8;
    %cmp/u;
    %jmp/1 T_14.224, 6;
    %dup/vec4;
    %pushi/vec4 225, 0, 8;
    %cmp/u;
    %jmp/1 T_14.225, 6;
    %dup/vec4;
    %pushi/vec4 226, 0, 8;
    %cmp/u;
    %jmp/1 T_14.226, 6;
    %dup/vec4;
    %pushi/vec4 227, 0, 8;
    %cmp/u;
    %jmp/1 T_14.227, 6;
    %dup/vec4;
    %pushi/vec4 228, 0, 8;
    %cmp/u;
    %jmp/1 T_14.228, 6;
    %dup/vec4;
    %pushi/vec4 229, 0, 8;
    %cmp/u;
    %jmp/1 T_14.229, 6;
    %dup/vec4;
    %pushi/vec4 230, 0, 8;
    %cmp/u;
    %jmp/1 T_14.230, 6;
    %dup/vec4;
    %pushi/vec4 231, 0, 8;
    %cmp/u;
    %jmp/1 T_14.231, 6;
    %dup/vec4;
    %pushi/vec4 232, 0, 8;
    %cmp/u;
    %jmp/1 T_14.232, 6;
    %dup/vec4;
    %pushi/vec4 233, 0, 8;
    %cmp/u;
    %jmp/1 T_14.233, 6;
    %dup/vec4;
    %pushi/vec4 234, 0, 8;
    %cmp/u;
    %jmp/1 T_14.234, 6;
    %dup/vec4;
    %pushi/vec4 235, 0, 8;
    %cmp/u;
    %jmp/1 T_14.235, 6;
    %dup/vec4;
    %pushi/vec4 236, 0, 8;
    %cmp/u;
    %jmp/1 T_14.236, 6;
    %dup/vec4;
    %pushi/vec4 237, 0, 8;
    %cmp/u;
    %jmp/1 T_14.237, 6;
    %dup/vec4;
    %pushi/vec4 238, 0, 8;
    %cmp/u;
    %jmp/1 T_14.238, 6;
    %dup/vec4;
    %pushi/vec4 239, 0, 8;
    %cmp/u;
    %jmp/1 T_14.239, 6;
    %dup/vec4;
    %pushi/vec4 240, 0, 8;
    %cmp/u;
    %jmp/1 T_14.240, 6;
    %dup/vec4;
    %pushi/vec4 241, 0, 8;
    %cmp/u;
    %jmp/1 T_14.241, 6;
    %dup/vec4;
    %pushi/vec4 242, 0, 8;
    %cmp/u;
    %jmp/1 T_14.242, 6;
    %dup/vec4;
    %pushi/vec4 243, 0, 8;
    %cmp/u;
    %jmp/1 T_14.243, 6;
    %dup/vec4;
    %pushi/vec4 244, 0, 8;
    %cmp/u;
    %jmp/1 T_14.244, 6;
    %dup/vec4;
    %pushi/vec4 245, 0, 8;
    %cmp/u;
    %jmp/1 T_14.245, 6;
    %dup/vec4;
    %pushi/vec4 246, 0, 8;
    %cmp/u;
    %jmp/1 T_14.246, 6;
    %dup/vec4;
    %pushi/vec4 247, 0, 8;
    %cmp/u;
    %jmp/1 T_14.247, 6;
    %dup/vec4;
    %pushi/vec4 248, 0, 8;
    %cmp/u;
    %jmp/1 T_14.248, 6;
    %dup/vec4;
    %pushi/vec4 249, 0, 8;
    %cmp/u;
    %jmp/1 T_14.249, 6;
    %dup/vec4;
    %pushi/vec4 250, 0, 8;
    %cmp/u;
    %jmp/1 T_14.250, 6;
    %dup/vec4;
    %pushi/vec4 251, 0, 8;
    %cmp/u;
    %jmp/1 T_14.251, 6;
    %dup/vec4;
    %pushi/vec4 252, 0, 8;
    %cmp/u;
    %jmp/1 T_14.252, 6;
    %dup/vec4;
    %pushi/vec4 253, 0, 8;
    %cmp/u;
    %jmp/1 T_14.253, 6;
    %dup/vec4;
    %pushi/vec4 254, 0, 8;
    %cmp/u;
    %jmp/1 T_14.254, 6;
    %dup/vec4;
    %pushi/vec4 255, 0, 8;
    %cmp/u;
    %jmp/1 T_14.255, 6;
    %jmp T_14.256;
T_14.0 ;
    %pushi/vec4 99, 0, 8;
    %store/vec4 v000001d9d066d320_0, 0, 8;
    %jmp T_14.256;
T_14.1 ;
    %pushi/vec4 124, 0, 8;
    %store/vec4 v000001d9d066d320_0, 0, 8;
    %jmp T_14.256;
T_14.2 ;
    %pushi/vec4 119, 0, 8;
    %store/vec4 v000001d9d066d320_0, 0, 8;
    %jmp T_14.256;
T_14.3 ;
    %pushi/vec4 123, 0, 8;
    %store/vec4 v000001d9d066d320_0, 0, 8;
    %jmp T_14.256;
T_14.4 ;
    %pushi/vec4 242, 0, 8;
    %store/vec4 v000001d9d066d320_0, 0, 8;
    %jmp T_14.256;
T_14.5 ;
    %pushi/vec4 107, 0, 8;
    %store/vec4 v000001d9d066d320_0, 0, 8;
    %jmp T_14.256;
T_14.6 ;
    %pushi/vec4 111, 0, 8;
    %store/vec4 v000001d9d066d320_0, 0, 8;
    %jmp T_14.256;
T_14.7 ;
    %pushi/vec4 197, 0, 8;
    %store/vec4 v000001d9d066d320_0, 0, 8;
    %jmp T_14.256;
T_14.8 ;
    %pushi/vec4 48, 0, 8;
    %store/vec4 v000001d9d066d320_0, 0, 8;
    %jmp T_14.256;
T_14.9 ;
    %pushi/vec4 1, 0, 8;
    %store/vec4 v000001d9d066d320_0, 0, 8;
    %jmp T_14.256;
T_14.10 ;
    %pushi/vec4 103, 0, 8;
    %store/vec4 v000001d9d066d320_0, 0, 8;
    %jmp T_14.256;
T_14.11 ;
    %pushi/vec4 43, 0, 8;
    %store/vec4 v000001d9d066d320_0, 0, 8;
    %jmp T_14.256;
T_14.12 ;
    %pushi/vec4 254, 0, 8;
    %store/vec4 v000001d9d066d320_0, 0, 8;
    %jmp T_14.256;
T_14.13 ;
    %pushi/vec4 215, 0, 8;
    %store/vec4 v000001d9d066d320_0, 0, 8;
    %jmp T_14.256;
T_14.14 ;
    %pushi/vec4 171, 0, 8;
    %store/vec4 v000001d9d066d320_0, 0, 8;
    %jmp T_14.256;
T_14.15 ;
    %pushi/vec4 118, 0, 8;
    %store/vec4 v000001d9d066d320_0, 0, 8;
    %jmp T_14.256;
T_14.16 ;
    %pushi/vec4 202, 0, 8;
    %store/vec4 v000001d9d066d320_0, 0, 8;
    %jmp T_14.256;
T_14.17 ;
    %pushi/vec4 130, 0, 8;
    %store/vec4 v000001d9d066d320_0, 0, 8;
    %jmp T_14.256;
T_14.18 ;
    %pushi/vec4 201, 0, 8;
    %store/vec4 v000001d9d066d320_0, 0, 8;
    %jmp T_14.256;
T_14.19 ;
    %pushi/vec4 125, 0, 8;
    %store/vec4 v000001d9d066d320_0, 0, 8;
    %jmp T_14.256;
T_14.20 ;
    %pushi/vec4 250, 0, 8;
    %store/vec4 v000001d9d066d320_0, 0, 8;
    %jmp T_14.256;
T_14.21 ;
    %pushi/vec4 89, 0, 8;
    %store/vec4 v000001d9d066d320_0, 0, 8;
    %jmp T_14.256;
T_14.22 ;
    %pushi/vec4 71, 0, 8;
    %store/vec4 v000001d9d066d320_0, 0, 8;
    %jmp T_14.256;
T_14.23 ;
    %pushi/vec4 240, 0, 8;
    %store/vec4 v000001d9d066d320_0, 0, 8;
    %jmp T_14.256;
T_14.24 ;
    %pushi/vec4 173, 0, 8;
    %store/vec4 v000001d9d066d320_0, 0, 8;
    %jmp T_14.256;
T_14.25 ;
    %pushi/vec4 212, 0, 8;
    %store/vec4 v000001d9d066d320_0, 0, 8;
    %jmp T_14.256;
T_14.26 ;
    %pushi/vec4 162, 0, 8;
    %store/vec4 v000001d9d066d320_0, 0, 8;
    %jmp T_14.256;
T_14.27 ;
    %pushi/vec4 175, 0, 8;
    %store/vec4 v000001d9d066d320_0, 0, 8;
    %jmp T_14.256;
T_14.28 ;
    %pushi/vec4 156, 0, 8;
    %store/vec4 v000001d9d066d320_0, 0, 8;
    %jmp T_14.256;
T_14.29 ;
    %pushi/vec4 164, 0, 8;
    %store/vec4 v000001d9d066d320_0, 0, 8;
    %jmp T_14.256;
T_14.30 ;
    %pushi/vec4 114, 0, 8;
    %store/vec4 v000001d9d066d320_0, 0, 8;
    %jmp T_14.256;
T_14.31 ;
    %pushi/vec4 192, 0, 8;
    %store/vec4 v000001d9d066d320_0, 0, 8;
    %jmp T_14.256;
T_14.32 ;
    %pushi/vec4 183, 0, 8;
    %store/vec4 v000001d9d066d320_0, 0, 8;
    %jmp T_14.256;
T_14.33 ;
    %pushi/vec4 253, 0, 8;
    %store/vec4 v000001d9d066d320_0, 0, 8;
    %jmp T_14.256;
T_14.34 ;
    %pushi/vec4 147, 0, 8;
    %store/vec4 v000001d9d066d320_0, 0, 8;
    %jmp T_14.256;
T_14.35 ;
    %pushi/vec4 38, 0, 8;
    %store/vec4 v000001d9d066d320_0, 0, 8;
    %jmp T_14.256;
T_14.36 ;
    %pushi/vec4 54, 0, 8;
    %store/vec4 v000001d9d066d320_0, 0, 8;
    %jmp T_14.256;
T_14.37 ;
    %pushi/vec4 63, 0, 8;
    %store/vec4 v000001d9d066d320_0, 0, 8;
    %jmp T_14.256;
T_14.38 ;
    %pushi/vec4 247, 0, 8;
    %store/vec4 v000001d9d066d320_0, 0, 8;
    %jmp T_14.256;
T_14.39 ;
    %pushi/vec4 204, 0, 8;
    %store/vec4 v000001d9d066d320_0, 0, 8;
    %jmp T_14.256;
T_14.40 ;
    %pushi/vec4 52, 0, 8;
    %store/vec4 v000001d9d066d320_0, 0, 8;
    %jmp T_14.256;
T_14.41 ;
    %pushi/vec4 165, 0, 8;
    %store/vec4 v000001d9d066d320_0, 0, 8;
    %jmp T_14.256;
T_14.42 ;
    %pushi/vec4 229, 0, 8;
    %store/vec4 v000001d9d066d320_0, 0, 8;
    %jmp T_14.256;
T_14.43 ;
    %pushi/vec4 241, 0, 8;
    %store/vec4 v000001d9d066d320_0, 0, 8;
    %jmp T_14.256;
T_14.44 ;
    %pushi/vec4 113, 0, 8;
    %store/vec4 v000001d9d066d320_0, 0, 8;
    %jmp T_14.256;
T_14.45 ;
    %pushi/vec4 216, 0, 8;
    %store/vec4 v000001d9d066d320_0, 0, 8;
    %jmp T_14.256;
T_14.46 ;
    %pushi/vec4 49, 0, 8;
    %store/vec4 v000001d9d066d320_0, 0, 8;
    %jmp T_14.256;
T_14.47 ;
    %pushi/vec4 21, 0, 8;
    %store/vec4 v000001d9d066d320_0, 0, 8;
    %jmp T_14.256;
T_14.48 ;
    %pushi/vec4 4, 0, 8;
    %store/vec4 v000001d9d066d320_0, 0, 8;
    %jmp T_14.256;
T_14.49 ;
    %pushi/vec4 199, 0, 8;
    %store/vec4 v000001d9d066d320_0, 0, 8;
    %jmp T_14.256;
T_14.50 ;
    %pushi/vec4 35, 0, 8;
    %store/vec4 v000001d9d066d320_0, 0, 8;
    %jmp T_14.256;
T_14.51 ;
    %pushi/vec4 195, 0, 8;
    %store/vec4 v000001d9d066d320_0, 0, 8;
    %jmp T_14.256;
T_14.52 ;
    %pushi/vec4 24, 0, 8;
    %store/vec4 v000001d9d066d320_0, 0, 8;
    %jmp T_14.256;
T_14.53 ;
    %pushi/vec4 150, 0, 8;
    %store/vec4 v000001d9d066d320_0, 0, 8;
    %jmp T_14.256;
T_14.54 ;
    %pushi/vec4 5, 0, 8;
    %store/vec4 v000001d9d066d320_0, 0, 8;
    %jmp T_14.256;
T_14.55 ;
    %pushi/vec4 154, 0, 8;
    %store/vec4 v000001d9d066d320_0, 0, 8;
    %jmp T_14.256;
T_14.56 ;
    %pushi/vec4 7, 0, 8;
    %store/vec4 v000001d9d066d320_0, 0, 8;
    %jmp T_14.256;
T_14.57 ;
    %pushi/vec4 18, 0, 8;
    %store/vec4 v000001d9d066d320_0, 0, 8;
    %jmp T_14.256;
T_14.58 ;
    %pushi/vec4 128, 0, 8;
    %store/vec4 v000001d9d066d320_0, 0, 8;
    %jmp T_14.256;
T_14.59 ;
    %pushi/vec4 226, 0, 8;
    %store/vec4 v000001d9d066d320_0, 0, 8;
    %jmp T_14.256;
T_14.60 ;
    %pushi/vec4 235, 0, 8;
    %store/vec4 v000001d9d066d320_0, 0, 8;
    %jmp T_14.256;
T_14.61 ;
    %pushi/vec4 39, 0, 8;
    %store/vec4 v000001d9d066d320_0, 0, 8;
    %jmp T_14.256;
T_14.62 ;
    %pushi/vec4 178, 0, 8;
    %store/vec4 v000001d9d066d320_0, 0, 8;
    %jmp T_14.256;
T_14.63 ;
    %pushi/vec4 117, 0, 8;
    %store/vec4 v000001d9d066d320_0, 0, 8;
    %jmp T_14.256;
T_14.64 ;
    %pushi/vec4 9, 0, 8;
    %store/vec4 v000001d9d066d320_0, 0, 8;
    %jmp T_14.256;
T_14.65 ;
    %pushi/vec4 131, 0, 8;
    %store/vec4 v000001d9d066d320_0, 0, 8;
    %jmp T_14.256;
T_14.66 ;
    %pushi/vec4 44, 0, 8;
    %store/vec4 v000001d9d066d320_0, 0, 8;
    %jmp T_14.256;
T_14.67 ;
    %pushi/vec4 26, 0, 8;
    %store/vec4 v000001d9d066d320_0, 0, 8;
    %jmp T_14.256;
T_14.68 ;
    %pushi/vec4 27, 0, 8;
    %store/vec4 v000001d9d066d320_0, 0, 8;
    %jmp T_14.256;
T_14.69 ;
    %pushi/vec4 110, 0, 8;
    %store/vec4 v000001d9d066d320_0, 0, 8;
    %jmp T_14.256;
T_14.70 ;
    %pushi/vec4 90, 0, 8;
    %store/vec4 v000001d9d066d320_0, 0, 8;
    %jmp T_14.256;
T_14.71 ;
    %pushi/vec4 160, 0, 8;
    %store/vec4 v000001d9d066d320_0, 0, 8;
    %jmp T_14.256;
T_14.72 ;
    %pushi/vec4 82, 0, 8;
    %store/vec4 v000001d9d066d320_0, 0, 8;
    %jmp T_14.256;
T_14.73 ;
    %pushi/vec4 59, 0, 8;
    %store/vec4 v000001d9d066d320_0, 0, 8;
    %jmp T_14.256;
T_14.74 ;
    %pushi/vec4 214, 0, 8;
    %store/vec4 v000001d9d066d320_0, 0, 8;
    %jmp T_14.256;
T_14.75 ;
    %pushi/vec4 179, 0, 8;
    %store/vec4 v000001d9d066d320_0, 0, 8;
    %jmp T_14.256;
T_14.76 ;
    %pushi/vec4 41, 0, 8;
    %store/vec4 v000001d9d066d320_0, 0, 8;
    %jmp T_14.256;
T_14.77 ;
    %pushi/vec4 227, 0, 8;
    %store/vec4 v000001d9d066d320_0, 0, 8;
    %jmp T_14.256;
T_14.78 ;
    %pushi/vec4 47, 0, 8;
    %store/vec4 v000001d9d066d320_0, 0, 8;
    %jmp T_14.256;
T_14.79 ;
    %pushi/vec4 132, 0, 8;
    %store/vec4 v000001d9d066d320_0, 0, 8;
    %jmp T_14.256;
T_14.80 ;
    %pushi/vec4 83, 0, 8;
    %store/vec4 v000001d9d066d320_0, 0, 8;
    %jmp T_14.256;
T_14.81 ;
    %pushi/vec4 209, 0, 8;
    %store/vec4 v000001d9d066d320_0, 0, 8;
    %jmp T_14.256;
T_14.82 ;
    %pushi/vec4 0, 0, 8;
    %store/vec4 v000001d9d066d320_0, 0, 8;
    %jmp T_14.256;
T_14.83 ;
    %pushi/vec4 237, 0, 8;
    %store/vec4 v000001d9d066d320_0, 0, 8;
    %jmp T_14.256;
T_14.84 ;
    %pushi/vec4 32, 0, 8;
    %store/vec4 v000001d9d066d320_0, 0, 8;
    %jmp T_14.256;
T_14.85 ;
    %pushi/vec4 252, 0, 8;
    %store/vec4 v000001d9d066d320_0, 0, 8;
    %jmp T_14.256;
T_14.86 ;
    %pushi/vec4 177, 0, 8;
    %store/vec4 v000001d9d066d320_0, 0, 8;
    %jmp T_14.256;
T_14.87 ;
    %pushi/vec4 91, 0, 8;
    %store/vec4 v000001d9d066d320_0, 0, 8;
    %jmp T_14.256;
T_14.88 ;
    %pushi/vec4 106, 0, 8;
    %store/vec4 v000001d9d066d320_0, 0, 8;
    %jmp T_14.256;
T_14.89 ;
    %pushi/vec4 203, 0, 8;
    %store/vec4 v000001d9d066d320_0, 0, 8;
    %jmp T_14.256;
T_14.90 ;
    %pushi/vec4 190, 0, 8;
    %store/vec4 v000001d9d066d320_0, 0, 8;
    %jmp T_14.256;
T_14.91 ;
    %pushi/vec4 57, 0, 8;
    %store/vec4 v000001d9d066d320_0, 0, 8;
    %jmp T_14.256;
T_14.92 ;
    %pushi/vec4 74, 0, 8;
    %store/vec4 v000001d9d066d320_0, 0, 8;
    %jmp T_14.256;
T_14.93 ;
    %pushi/vec4 76, 0, 8;
    %store/vec4 v000001d9d066d320_0, 0, 8;
    %jmp T_14.256;
T_14.94 ;
    %pushi/vec4 88, 0, 8;
    %store/vec4 v000001d9d066d320_0, 0, 8;
    %jmp T_14.256;
T_14.95 ;
    %pushi/vec4 207, 0, 8;
    %store/vec4 v000001d9d066d320_0, 0, 8;
    %jmp T_14.256;
T_14.96 ;
    %pushi/vec4 208, 0, 8;
    %store/vec4 v000001d9d066d320_0, 0, 8;
    %jmp T_14.256;
T_14.97 ;
    %pushi/vec4 239, 0, 8;
    %store/vec4 v000001d9d066d320_0, 0, 8;
    %jmp T_14.256;
T_14.98 ;
    %pushi/vec4 170, 0, 8;
    %store/vec4 v000001d9d066d320_0, 0, 8;
    %jmp T_14.256;
T_14.99 ;
    %pushi/vec4 251, 0, 8;
    %store/vec4 v000001d9d066d320_0, 0, 8;
    %jmp T_14.256;
T_14.100 ;
    %pushi/vec4 67, 0, 8;
    %store/vec4 v000001d9d066d320_0, 0, 8;
    %jmp T_14.256;
T_14.101 ;
    %pushi/vec4 77, 0, 8;
    %store/vec4 v000001d9d066d320_0, 0, 8;
    %jmp T_14.256;
T_14.102 ;
    %pushi/vec4 51, 0, 8;
    %store/vec4 v000001d9d066d320_0, 0, 8;
    %jmp T_14.256;
T_14.103 ;
    %pushi/vec4 133, 0, 8;
    %store/vec4 v000001d9d066d320_0, 0, 8;
    %jmp T_14.256;
T_14.104 ;
    %pushi/vec4 69, 0, 8;
    %store/vec4 v000001d9d066d320_0, 0, 8;
    %jmp T_14.256;
T_14.105 ;
    %pushi/vec4 249, 0, 8;
    %store/vec4 v000001d9d066d320_0, 0, 8;
    %jmp T_14.256;
T_14.106 ;
    %pushi/vec4 2, 0, 8;
    %store/vec4 v000001d9d066d320_0, 0, 8;
    %jmp T_14.256;
T_14.107 ;
    %pushi/vec4 127, 0, 8;
    %store/vec4 v000001d9d066d320_0, 0, 8;
    %jmp T_14.256;
T_14.108 ;
    %pushi/vec4 80, 0, 8;
    %store/vec4 v000001d9d066d320_0, 0, 8;
    %jmp T_14.256;
T_14.109 ;
    %pushi/vec4 60, 0, 8;
    %store/vec4 v000001d9d066d320_0, 0, 8;
    %jmp T_14.256;
T_14.110 ;
    %pushi/vec4 159, 0, 8;
    %store/vec4 v000001d9d066d320_0, 0, 8;
    %jmp T_14.256;
T_14.111 ;
    %pushi/vec4 168, 0, 8;
    %store/vec4 v000001d9d066d320_0, 0, 8;
    %jmp T_14.256;
T_14.112 ;
    %pushi/vec4 81, 0, 8;
    %store/vec4 v000001d9d066d320_0, 0, 8;
    %jmp T_14.256;
T_14.113 ;
    %pushi/vec4 163, 0, 8;
    %store/vec4 v000001d9d066d320_0, 0, 8;
    %jmp T_14.256;
T_14.114 ;
    %pushi/vec4 64, 0, 8;
    %store/vec4 v000001d9d066d320_0, 0, 8;
    %jmp T_14.256;
T_14.115 ;
    %pushi/vec4 143, 0, 8;
    %store/vec4 v000001d9d066d320_0, 0, 8;
    %jmp T_14.256;
T_14.116 ;
    %pushi/vec4 146, 0, 8;
    %store/vec4 v000001d9d066d320_0, 0, 8;
    %jmp T_14.256;
T_14.117 ;
    %pushi/vec4 157, 0, 8;
    %store/vec4 v000001d9d066d320_0, 0, 8;
    %jmp T_14.256;
T_14.118 ;
    %pushi/vec4 56, 0, 8;
    %store/vec4 v000001d9d066d320_0, 0, 8;
    %jmp T_14.256;
T_14.119 ;
    %pushi/vec4 245, 0, 8;
    %store/vec4 v000001d9d066d320_0, 0, 8;
    %jmp T_14.256;
T_14.120 ;
    %pushi/vec4 188, 0, 8;
    %store/vec4 v000001d9d066d320_0, 0, 8;
    %jmp T_14.256;
T_14.121 ;
    %pushi/vec4 182, 0, 8;
    %store/vec4 v000001d9d066d320_0, 0, 8;
    %jmp T_14.256;
T_14.122 ;
    %pushi/vec4 218, 0, 8;
    %store/vec4 v000001d9d066d320_0, 0, 8;
    %jmp T_14.256;
T_14.123 ;
    %pushi/vec4 33, 0, 8;
    %store/vec4 v000001d9d066d320_0, 0, 8;
    %jmp T_14.256;
T_14.124 ;
    %pushi/vec4 16, 0, 8;
    %store/vec4 v000001d9d066d320_0, 0, 8;
    %jmp T_14.256;
T_14.125 ;
    %pushi/vec4 255, 0, 8;
    %store/vec4 v000001d9d066d320_0, 0, 8;
    %jmp T_14.256;
T_14.126 ;
    %pushi/vec4 243, 0, 8;
    %store/vec4 v000001d9d066d320_0, 0, 8;
    %jmp T_14.256;
T_14.127 ;
    %pushi/vec4 210, 0, 8;
    %store/vec4 v000001d9d066d320_0, 0, 8;
    %jmp T_14.256;
T_14.128 ;
    %pushi/vec4 205, 0, 8;
    %store/vec4 v000001d9d066d320_0, 0, 8;
    %jmp T_14.256;
T_14.129 ;
    %pushi/vec4 12, 0, 8;
    %store/vec4 v000001d9d066d320_0, 0, 8;
    %jmp T_14.256;
T_14.130 ;
    %pushi/vec4 19, 0, 8;
    %store/vec4 v000001d9d066d320_0, 0, 8;
    %jmp T_14.256;
T_14.131 ;
    %pushi/vec4 236, 0, 8;
    %store/vec4 v000001d9d066d320_0, 0, 8;
    %jmp T_14.256;
T_14.132 ;
    %pushi/vec4 95, 0, 8;
    %store/vec4 v000001d9d066d320_0, 0, 8;
    %jmp T_14.256;
T_14.133 ;
    %pushi/vec4 151, 0, 8;
    %store/vec4 v000001d9d066d320_0, 0, 8;
    %jmp T_14.256;
T_14.134 ;
    %pushi/vec4 68, 0, 8;
    %store/vec4 v000001d9d066d320_0, 0, 8;
    %jmp T_14.256;
T_14.135 ;
    %pushi/vec4 23, 0, 8;
    %store/vec4 v000001d9d066d320_0, 0, 8;
    %jmp T_14.256;
T_14.136 ;
    %pushi/vec4 196, 0, 8;
    %store/vec4 v000001d9d066d320_0, 0, 8;
    %jmp T_14.256;
T_14.137 ;
    %pushi/vec4 167, 0, 8;
    %store/vec4 v000001d9d066d320_0, 0, 8;
    %jmp T_14.256;
T_14.138 ;
    %pushi/vec4 126, 0, 8;
    %store/vec4 v000001d9d066d320_0, 0, 8;
    %jmp T_14.256;
T_14.139 ;
    %pushi/vec4 61, 0, 8;
    %store/vec4 v000001d9d066d320_0, 0, 8;
    %jmp T_14.256;
T_14.140 ;
    %pushi/vec4 100, 0, 8;
    %store/vec4 v000001d9d066d320_0, 0, 8;
    %jmp T_14.256;
T_14.141 ;
    %pushi/vec4 93, 0, 8;
    %store/vec4 v000001d9d066d320_0, 0, 8;
    %jmp T_14.256;
T_14.142 ;
    %pushi/vec4 25, 0, 8;
    %store/vec4 v000001d9d066d320_0, 0, 8;
    %jmp T_14.256;
T_14.143 ;
    %pushi/vec4 115, 0, 8;
    %store/vec4 v000001d9d066d320_0, 0, 8;
    %jmp T_14.256;
T_14.144 ;
    %pushi/vec4 96, 0, 8;
    %store/vec4 v000001d9d066d320_0, 0, 8;
    %jmp T_14.256;
T_14.145 ;
    %pushi/vec4 129, 0, 8;
    %store/vec4 v000001d9d066d320_0, 0, 8;
    %jmp T_14.256;
T_14.146 ;
    %pushi/vec4 79, 0, 8;
    %store/vec4 v000001d9d066d320_0, 0, 8;
    %jmp T_14.256;
T_14.147 ;
    %pushi/vec4 220, 0, 8;
    %store/vec4 v000001d9d066d320_0, 0, 8;
    %jmp T_14.256;
T_14.148 ;
    %pushi/vec4 34, 0, 8;
    %store/vec4 v000001d9d066d320_0, 0, 8;
    %jmp T_14.256;
T_14.149 ;
    %pushi/vec4 42, 0, 8;
    %store/vec4 v000001d9d066d320_0, 0, 8;
    %jmp T_14.256;
T_14.150 ;
    %pushi/vec4 144, 0, 8;
    %store/vec4 v000001d9d066d320_0, 0, 8;
    %jmp T_14.256;
T_14.151 ;
    %pushi/vec4 136, 0, 8;
    %store/vec4 v000001d9d066d320_0, 0, 8;
    %jmp T_14.256;
T_14.152 ;
    %pushi/vec4 70, 0, 8;
    %store/vec4 v000001d9d066d320_0, 0, 8;
    %jmp T_14.256;
T_14.153 ;
    %pushi/vec4 238, 0, 8;
    %store/vec4 v000001d9d066d320_0, 0, 8;
    %jmp T_14.256;
T_14.154 ;
    %pushi/vec4 184, 0, 8;
    %store/vec4 v000001d9d066d320_0, 0, 8;
    %jmp T_14.256;
T_14.155 ;
    %pushi/vec4 20, 0, 8;
    %store/vec4 v000001d9d066d320_0, 0, 8;
    %jmp T_14.256;
T_14.156 ;
    %pushi/vec4 222, 0, 8;
    %store/vec4 v000001d9d066d320_0, 0, 8;
    %jmp T_14.256;
T_14.157 ;
    %pushi/vec4 94, 0, 8;
    %store/vec4 v000001d9d066d320_0, 0, 8;
    %jmp T_14.256;
T_14.158 ;
    %pushi/vec4 11, 0, 8;
    %store/vec4 v000001d9d066d320_0, 0, 8;
    %jmp T_14.256;
T_14.159 ;
    %pushi/vec4 219, 0, 8;
    %store/vec4 v000001d9d066d320_0, 0, 8;
    %jmp T_14.256;
T_14.160 ;
    %pushi/vec4 224, 0, 8;
    %store/vec4 v000001d9d066d320_0, 0, 8;
    %jmp T_14.256;
T_14.161 ;
    %pushi/vec4 50, 0, 8;
    %store/vec4 v000001d9d066d320_0, 0, 8;
    %jmp T_14.256;
T_14.162 ;
    %pushi/vec4 58, 0, 8;
    %store/vec4 v000001d9d066d320_0, 0, 8;
    %jmp T_14.256;
T_14.163 ;
    %pushi/vec4 10, 0, 8;
    %store/vec4 v000001d9d066d320_0, 0, 8;
    %jmp T_14.256;
T_14.164 ;
    %pushi/vec4 73, 0, 8;
    %store/vec4 v000001d9d066d320_0, 0, 8;
    %jmp T_14.256;
T_14.165 ;
    %pushi/vec4 6, 0, 8;
    %store/vec4 v000001d9d066d320_0, 0, 8;
    %jmp T_14.256;
T_14.166 ;
    %pushi/vec4 36, 0, 8;
    %store/vec4 v000001d9d066d320_0, 0, 8;
    %jmp T_14.256;
T_14.167 ;
    %pushi/vec4 92, 0, 8;
    %store/vec4 v000001d9d066d320_0, 0, 8;
    %jmp T_14.256;
T_14.168 ;
    %pushi/vec4 194, 0, 8;
    %store/vec4 v000001d9d066d320_0, 0, 8;
    %jmp T_14.256;
T_14.169 ;
    %pushi/vec4 211, 0, 8;
    %store/vec4 v000001d9d066d320_0, 0, 8;
    %jmp T_14.256;
T_14.170 ;
    %pushi/vec4 172, 0, 8;
    %store/vec4 v000001d9d066d320_0, 0, 8;
    %jmp T_14.256;
T_14.171 ;
    %pushi/vec4 98, 0, 8;
    %store/vec4 v000001d9d066d320_0, 0, 8;
    %jmp T_14.256;
T_14.172 ;
    %pushi/vec4 145, 0, 8;
    %store/vec4 v000001d9d066d320_0, 0, 8;
    %jmp T_14.256;
T_14.173 ;
    %pushi/vec4 149, 0, 8;
    %store/vec4 v000001d9d066d320_0, 0, 8;
    %jmp T_14.256;
T_14.174 ;
    %pushi/vec4 228, 0, 8;
    %store/vec4 v000001d9d066d320_0, 0, 8;
    %jmp T_14.256;
T_14.175 ;
    %pushi/vec4 121, 0, 8;
    %store/vec4 v000001d9d066d320_0, 0, 8;
    %jmp T_14.256;
T_14.176 ;
    %pushi/vec4 231, 0, 8;
    %store/vec4 v000001d9d066d320_0, 0, 8;
    %jmp T_14.256;
T_14.177 ;
    %pushi/vec4 200, 0, 8;
    %store/vec4 v000001d9d066d320_0, 0, 8;
    %jmp T_14.256;
T_14.178 ;
    %pushi/vec4 55, 0, 8;
    %store/vec4 v000001d9d066d320_0, 0, 8;
    %jmp T_14.256;
T_14.179 ;
    %pushi/vec4 109, 0, 8;
    %store/vec4 v000001d9d066d320_0, 0, 8;
    %jmp T_14.256;
T_14.180 ;
    %pushi/vec4 141, 0, 8;
    %store/vec4 v000001d9d066d320_0, 0, 8;
    %jmp T_14.256;
T_14.181 ;
    %pushi/vec4 213, 0, 8;
    %store/vec4 v000001d9d066d320_0, 0, 8;
    %jmp T_14.256;
T_14.182 ;
    %pushi/vec4 78, 0, 8;
    %store/vec4 v000001d9d066d320_0, 0, 8;
    %jmp T_14.256;
T_14.183 ;
    %pushi/vec4 169, 0, 8;
    %store/vec4 v000001d9d066d320_0, 0, 8;
    %jmp T_14.256;
T_14.184 ;
    %pushi/vec4 108, 0, 8;
    %store/vec4 v000001d9d066d320_0, 0, 8;
    %jmp T_14.256;
T_14.185 ;
    %pushi/vec4 86, 0, 8;
    %store/vec4 v000001d9d066d320_0, 0, 8;
    %jmp T_14.256;
T_14.186 ;
    %pushi/vec4 244, 0, 8;
    %store/vec4 v000001d9d066d320_0, 0, 8;
    %jmp T_14.256;
T_14.187 ;
    %pushi/vec4 234, 0, 8;
    %store/vec4 v000001d9d066d320_0, 0, 8;
    %jmp T_14.256;
T_14.188 ;
    %pushi/vec4 101, 0, 8;
    %store/vec4 v000001d9d066d320_0, 0, 8;
    %jmp T_14.256;
T_14.189 ;
    %pushi/vec4 122, 0, 8;
    %store/vec4 v000001d9d066d320_0, 0, 8;
    %jmp T_14.256;
T_14.190 ;
    %pushi/vec4 174, 0, 8;
    %store/vec4 v000001d9d066d320_0, 0, 8;
    %jmp T_14.256;
T_14.191 ;
    %pushi/vec4 8, 0, 8;
    %store/vec4 v000001d9d066d320_0, 0, 8;
    %jmp T_14.256;
T_14.192 ;
    %pushi/vec4 186, 0, 8;
    %store/vec4 v000001d9d066d320_0, 0, 8;
    %jmp T_14.256;
T_14.193 ;
    %pushi/vec4 120, 0, 8;
    %store/vec4 v000001d9d066d320_0, 0, 8;
    %jmp T_14.256;
T_14.194 ;
    %pushi/vec4 37, 0, 8;
    %store/vec4 v000001d9d066d320_0, 0, 8;
    %jmp T_14.256;
T_14.195 ;
    %pushi/vec4 46, 0, 8;
    %store/vec4 v000001d9d066d320_0, 0, 8;
    %jmp T_14.256;
T_14.196 ;
    %pushi/vec4 28, 0, 8;
    %store/vec4 v000001d9d066d320_0, 0, 8;
    %jmp T_14.256;
T_14.197 ;
    %pushi/vec4 166, 0, 8;
    %store/vec4 v000001d9d066d320_0, 0, 8;
    %jmp T_14.256;
T_14.198 ;
    %pushi/vec4 180, 0, 8;
    %store/vec4 v000001d9d066d320_0, 0, 8;
    %jmp T_14.256;
T_14.199 ;
    %pushi/vec4 198, 0, 8;
    %store/vec4 v000001d9d066d320_0, 0, 8;
    %jmp T_14.256;
T_14.200 ;
    %pushi/vec4 232, 0, 8;
    %store/vec4 v000001d9d066d320_0, 0, 8;
    %jmp T_14.256;
T_14.201 ;
    %pushi/vec4 221, 0, 8;
    %store/vec4 v000001d9d066d320_0, 0, 8;
    %jmp T_14.256;
T_14.202 ;
    %pushi/vec4 116, 0, 8;
    %store/vec4 v000001d9d066d320_0, 0, 8;
    %jmp T_14.256;
T_14.203 ;
    %pushi/vec4 31, 0, 8;
    %store/vec4 v000001d9d066d320_0, 0, 8;
    %jmp T_14.256;
T_14.204 ;
    %pushi/vec4 75, 0, 8;
    %store/vec4 v000001d9d066d320_0, 0, 8;
    %jmp T_14.256;
T_14.205 ;
    %pushi/vec4 189, 0, 8;
    %store/vec4 v000001d9d066d320_0, 0, 8;
    %jmp T_14.256;
T_14.206 ;
    %pushi/vec4 139, 0, 8;
    %store/vec4 v000001d9d066d320_0, 0, 8;
    %jmp T_14.256;
T_14.207 ;
    %pushi/vec4 138, 0, 8;
    %store/vec4 v000001d9d066d320_0, 0, 8;
    %jmp T_14.256;
T_14.208 ;
    %pushi/vec4 112, 0, 8;
    %store/vec4 v000001d9d066d320_0, 0, 8;
    %jmp T_14.256;
T_14.209 ;
    %pushi/vec4 62, 0, 8;
    %store/vec4 v000001d9d066d320_0, 0, 8;
    %jmp T_14.256;
T_14.210 ;
    %pushi/vec4 181, 0, 8;
    %store/vec4 v000001d9d066d320_0, 0, 8;
    %jmp T_14.256;
T_14.211 ;
    %pushi/vec4 102, 0, 8;
    %store/vec4 v000001d9d066d320_0, 0, 8;
    %jmp T_14.256;
T_14.212 ;
    %pushi/vec4 72, 0, 8;
    %store/vec4 v000001d9d066d320_0, 0, 8;
    %jmp T_14.256;
T_14.213 ;
    %pushi/vec4 3, 0, 8;
    %store/vec4 v000001d9d066d320_0, 0, 8;
    %jmp T_14.256;
T_14.214 ;
    %pushi/vec4 246, 0, 8;
    %store/vec4 v000001d9d066d320_0, 0, 8;
    %jmp T_14.256;
T_14.215 ;
    %pushi/vec4 14, 0, 8;
    %store/vec4 v000001d9d066d320_0, 0, 8;
    %jmp T_14.256;
T_14.216 ;
    %pushi/vec4 97, 0, 8;
    %store/vec4 v000001d9d066d320_0, 0, 8;
    %jmp T_14.256;
T_14.217 ;
    %pushi/vec4 53, 0, 8;
    %store/vec4 v000001d9d066d320_0, 0, 8;
    %jmp T_14.256;
T_14.218 ;
    %pushi/vec4 87, 0, 8;
    %store/vec4 v000001d9d066d320_0, 0, 8;
    %jmp T_14.256;
T_14.219 ;
    %pushi/vec4 185, 0, 8;
    %store/vec4 v000001d9d066d320_0, 0, 8;
    %jmp T_14.256;
T_14.220 ;
    %pushi/vec4 134, 0, 8;
    %store/vec4 v000001d9d066d320_0, 0, 8;
    %jmp T_14.256;
T_14.221 ;
    %pushi/vec4 193, 0, 8;
    %store/vec4 v000001d9d066d320_0, 0, 8;
    %jmp T_14.256;
T_14.222 ;
    %pushi/vec4 29, 0, 8;
    %store/vec4 v000001d9d066d320_0, 0, 8;
    %jmp T_14.256;
T_14.223 ;
    %pushi/vec4 158, 0, 8;
    %store/vec4 v000001d9d066d320_0, 0, 8;
    %jmp T_14.256;
T_14.224 ;
    %pushi/vec4 225, 0, 8;
    %store/vec4 v000001d9d066d320_0, 0, 8;
    %jmp T_14.256;
T_14.225 ;
    %pushi/vec4 248, 0, 8;
    %store/vec4 v000001d9d066d320_0, 0, 8;
    %jmp T_14.256;
T_14.226 ;
    %pushi/vec4 152, 0, 8;
    %store/vec4 v000001d9d066d320_0, 0, 8;
    %jmp T_14.256;
T_14.227 ;
    %pushi/vec4 17, 0, 8;
    %store/vec4 v000001d9d066d320_0, 0, 8;
    %jmp T_14.256;
T_14.228 ;
    %pushi/vec4 105, 0, 8;
    %store/vec4 v000001d9d066d320_0, 0, 8;
    %jmp T_14.256;
T_14.229 ;
    %pushi/vec4 217, 0, 8;
    %store/vec4 v000001d9d066d320_0, 0, 8;
    %jmp T_14.256;
T_14.230 ;
    %pushi/vec4 142, 0, 8;
    %store/vec4 v000001d9d066d320_0, 0, 8;
    %jmp T_14.256;
T_14.231 ;
    %pushi/vec4 148, 0, 8;
    %store/vec4 v000001d9d066d320_0, 0, 8;
    %jmp T_14.256;
T_14.232 ;
    %pushi/vec4 155, 0, 8;
    %store/vec4 v000001d9d066d320_0, 0, 8;
    %jmp T_14.256;
T_14.233 ;
    %pushi/vec4 30, 0, 8;
    %store/vec4 v000001d9d066d320_0, 0, 8;
    %jmp T_14.256;
T_14.234 ;
    %pushi/vec4 135, 0, 8;
    %store/vec4 v000001d9d066d320_0, 0, 8;
    %jmp T_14.256;
T_14.235 ;
    %pushi/vec4 233, 0, 8;
    %store/vec4 v000001d9d066d320_0, 0, 8;
    %jmp T_14.256;
T_14.236 ;
    %pushi/vec4 206, 0, 8;
    %store/vec4 v000001d9d066d320_0, 0, 8;
    %jmp T_14.256;
T_14.237 ;
    %pushi/vec4 85, 0, 8;
    %store/vec4 v000001d9d066d320_0, 0, 8;
    %jmp T_14.256;
T_14.238 ;
    %pushi/vec4 40, 0, 8;
    %store/vec4 v000001d9d066d320_0, 0, 8;
    %jmp T_14.256;
T_14.239 ;
    %pushi/vec4 223, 0, 8;
    %store/vec4 v000001d9d066d320_0, 0, 8;
    %jmp T_14.256;
T_14.240 ;
    %pushi/vec4 140, 0, 8;
    %store/vec4 v000001d9d066d320_0, 0, 8;
    %jmp T_14.256;
T_14.241 ;
    %pushi/vec4 161, 0, 8;
    %store/vec4 v000001d9d066d320_0, 0, 8;
    %jmp T_14.256;
T_14.242 ;
    %pushi/vec4 137, 0, 8;
    %store/vec4 v000001d9d066d320_0, 0, 8;
    %jmp T_14.256;
T_14.243 ;
    %pushi/vec4 13, 0, 8;
    %store/vec4 v000001d9d066d320_0, 0, 8;
    %jmp T_14.256;
T_14.244 ;
    %pushi/vec4 191, 0, 8;
    %store/vec4 v000001d9d066d320_0, 0, 8;
    %jmp T_14.256;
T_14.245 ;
    %pushi/vec4 230, 0, 8;
    %store/vec4 v000001d9d066d320_0, 0, 8;
    %jmp T_14.256;
T_14.246 ;
    %pushi/vec4 66, 0, 8;
    %store/vec4 v000001d9d066d320_0, 0, 8;
    %jmp T_14.256;
T_14.247 ;
    %pushi/vec4 104, 0, 8;
    %store/vec4 v000001d9d066d320_0, 0, 8;
    %jmp T_14.256;
T_14.248 ;
    %pushi/vec4 65, 0, 8;
    %store/vec4 v000001d9d066d320_0, 0, 8;
    %jmp T_14.256;
T_14.249 ;
    %pushi/vec4 153, 0, 8;
    %store/vec4 v000001d9d066d320_0, 0, 8;
    %jmp T_14.256;
T_14.250 ;
    %pushi/vec4 45, 0, 8;
    %store/vec4 v000001d9d066d320_0, 0, 8;
    %jmp T_14.256;
T_14.251 ;
    %pushi/vec4 15, 0, 8;
    %store/vec4 v000001d9d066d320_0, 0, 8;
    %jmp T_14.256;
T_14.252 ;
    %pushi/vec4 176, 0, 8;
    %store/vec4 v000001d9d066d320_0, 0, 8;
    %jmp T_14.256;
T_14.253 ;
    %pushi/vec4 84, 0, 8;
    %store/vec4 v000001d9d066d320_0, 0, 8;
    %jmp T_14.256;
T_14.254 ;
    %pushi/vec4 187, 0, 8;
    %store/vec4 v000001d9d066d320_0, 0, 8;
    %jmp T_14.256;
T_14.255 ;
    %pushi/vec4 22, 0, 8;
    %store/vec4 v000001d9d066d320_0, 0, 8;
    %jmp T_14.256;
T_14.256 ;
    %pop/vec4 1;
    %jmp T_14;
    .thread T_14, $push;
    .scope S_000001d9d0675a00;
T_15 ;
    %wait E_000001d9d05b7b20;
    %load/vec4 v000001d9d066c420_0;
    %dup/vec4;
    %pushi/vec4 0, 0, 8;
    %cmp/u;
    %jmp/1 T_15.0, 6;
    %dup/vec4;
    %pushi/vec4 1, 0, 8;
    %cmp/u;
    %jmp/1 T_15.1, 6;
    %dup/vec4;
    %pushi/vec4 2, 0, 8;
    %cmp/u;
    %jmp/1 T_15.2, 6;
    %dup/vec4;
    %pushi/vec4 3, 0, 8;
    %cmp/u;
    %jmp/1 T_15.3, 6;
    %dup/vec4;
    %pushi/vec4 4, 0, 8;
    %cmp/u;
    %jmp/1 T_15.4, 6;
    %dup/vec4;
    %pushi/vec4 5, 0, 8;
    %cmp/u;
    %jmp/1 T_15.5, 6;
    %dup/vec4;
    %pushi/vec4 6, 0, 8;
    %cmp/u;
    %jmp/1 T_15.6, 6;
    %dup/vec4;
    %pushi/vec4 7, 0, 8;
    %cmp/u;
    %jmp/1 T_15.7, 6;
    %dup/vec4;
    %pushi/vec4 8, 0, 8;
    %cmp/u;
    %jmp/1 T_15.8, 6;
    %dup/vec4;
    %pushi/vec4 9, 0, 8;
    %cmp/u;
    %jmp/1 T_15.9, 6;
    %dup/vec4;
    %pushi/vec4 10, 0, 8;
    %cmp/u;
    %jmp/1 T_15.10, 6;
    %dup/vec4;
    %pushi/vec4 11, 0, 8;
    %cmp/u;
    %jmp/1 T_15.11, 6;
    %dup/vec4;
    %pushi/vec4 12, 0, 8;
    %cmp/u;
    %jmp/1 T_15.12, 6;
    %dup/vec4;
    %pushi/vec4 13, 0, 8;
    %cmp/u;
    %jmp/1 T_15.13, 6;
    %dup/vec4;
    %pushi/vec4 14, 0, 8;
    %cmp/u;
    %jmp/1 T_15.14, 6;
    %dup/vec4;
    %pushi/vec4 15, 0, 8;
    %cmp/u;
    %jmp/1 T_15.15, 6;
    %dup/vec4;
    %pushi/vec4 16, 0, 8;
    %cmp/u;
    %jmp/1 T_15.16, 6;
    %dup/vec4;
    %pushi/vec4 17, 0, 8;
    %cmp/u;
    %jmp/1 T_15.17, 6;
    %dup/vec4;
    %pushi/vec4 18, 0, 8;
    %cmp/u;
    %jmp/1 T_15.18, 6;
    %dup/vec4;
    %pushi/vec4 19, 0, 8;
    %cmp/u;
    %jmp/1 T_15.19, 6;
    %dup/vec4;
    %pushi/vec4 20, 0, 8;
    %cmp/u;
    %jmp/1 T_15.20, 6;
    %dup/vec4;
    %pushi/vec4 21, 0, 8;
    %cmp/u;
    %jmp/1 T_15.21, 6;
    %dup/vec4;
    %pushi/vec4 22, 0, 8;
    %cmp/u;
    %jmp/1 T_15.22, 6;
    %dup/vec4;
    %pushi/vec4 23, 0, 8;
    %cmp/u;
    %jmp/1 T_15.23, 6;
    %dup/vec4;
    %pushi/vec4 24, 0, 8;
    %cmp/u;
    %jmp/1 T_15.24, 6;
    %dup/vec4;
    %pushi/vec4 25, 0, 8;
    %cmp/u;
    %jmp/1 T_15.25, 6;
    %dup/vec4;
    %pushi/vec4 26, 0, 8;
    %cmp/u;
    %jmp/1 T_15.26, 6;
    %dup/vec4;
    %pushi/vec4 27, 0, 8;
    %cmp/u;
    %jmp/1 T_15.27, 6;
    %dup/vec4;
    %pushi/vec4 28, 0, 8;
    %cmp/u;
    %jmp/1 T_15.28, 6;
    %dup/vec4;
    %pushi/vec4 29, 0, 8;
    %cmp/u;
    %jmp/1 T_15.29, 6;
    %dup/vec4;
    %pushi/vec4 30, 0, 8;
    %cmp/u;
    %jmp/1 T_15.30, 6;
    %dup/vec4;
    %pushi/vec4 31, 0, 8;
    %cmp/u;
    %jmp/1 T_15.31, 6;
    %dup/vec4;
    %pushi/vec4 32, 0, 8;
    %cmp/u;
    %jmp/1 T_15.32, 6;
    %dup/vec4;
    %pushi/vec4 33, 0, 8;
    %cmp/u;
    %jmp/1 T_15.33, 6;
    %dup/vec4;
    %pushi/vec4 34, 0, 8;
    %cmp/u;
    %jmp/1 T_15.34, 6;
    %dup/vec4;
    %pushi/vec4 35, 0, 8;
    %cmp/u;
    %jmp/1 T_15.35, 6;
    %dup/vec4;
    %pushi/vec4 36, 0, 8;
    %cmp/u;
    %jmp/1 T_15.36, 6;
    %dup/vec4;
    %pushi/vec4 37, 0, 8;
    %cmp/u;
    %jmp/1 T_15.37, 6;
    %dup/vec4;
    %pushi/vec4 38, 0, 8;
    %cmp/u;
    %jmp/1 T_15.38, 6;
    %dup/vec4;
    %pushi/vec4 39, 0, 8;
    %cmp/u;
    %jmp/1 T_15.39, 6;
    %dup/vec4;
    %pushi/vec4 40, 0, 8;
    %cmp/u;
    %jmp/1 T_15.40, 6;
    %dup/vec4;
    %pushi/vec4 41, 0, 8;
    %cmp/u;
    %jmp/1 T_15.41, 6;
    %dup/vec4;
    %pushi/vec4 42, 0, 8;
    %cmp/u;
    %jmp/1 T_15.42, 6;
    %dup/vec4;
    %pushi/vec4 43, 0, 8;
    %cmp/u;
    %jmp/1 T_15.43, 6;
    %dup/vec4;
    %pushi/vec4 44, 0, 8;
    %cmp/u;
    %jmp/1 T_15.44, 6;
    %dup/vec4;
    %pushi/vec4 45, 0, 8;
    %cmp/u;
    %jmp/1 T_15.45, 6;
    %dup/vec4;
    %pushi/vec4 46, 0, 8;
    %cmp/u;
    %jmp/1 T_15.46, 6;
    %dup/vec4;
    %pushi/vec4 47, 0, 8;
    %cmp/u;
    %jmp/1 T_15.47, 6;
    %dup/vec4;
    %pushi/vec4 48, 0, 8;
    %cmp/u;
    %jmp/1 T_15.48, 6;
    %dup/vec4;
    %pushi/vec4 49, 0, 8;
    %cmp/u;
    %jmp/1 T_15.49, 6;
    %dup/vec4;
    %pushi/vec4 50, 0, 8;
    %cmp/u;
    %jmp/1 T_15.50, 6;
    %dup/vec4;
    %pushi/vec4 51, 0, 8;
    %cmp/u;
    %jmp/1 T_15.51, 6;
    %dup/vec4;
    %pushi/vec4 52, 0, 8;
    %cmp/u;
    %jmp/1 T_15.52, 6;
    %dup/vec4;
    %pushi/vec4 53, 0, 8;
    %cmp/u;
    %jmp/1 T_15.53, 6;
    %dup/vec4;
    %pushi/vec4 54, 0, 8;
    %cmp/u;
    %jmp/1 T_15.54, 6;
    %dup/vec4;
    %pushi/vec4 55, 0, 8;
    %cmp/u;
    %jmp/1 T_15.55, 6;
    %dup/vec4;
    %pushi/vec4 56, 0, 8;
    %cmp/u;
    %jmp/1 T_15.56, 6;
    %dup/vec4;
    %pushi/vec4 57, 0, 8;
    %cmp/u;
    %jmp/1 T_15.57, 6;
    %dup/vec4;
    %pushi/vec4 58, 0, 8;
    %cmp/u;
    %jmp/1 T_15.58, 6;
    %dup/vec4;
    %pushi/vec4 59, 0, 8;
    %cmp/u;
    %jmp/1 T_15.59, 6;
    %dup/vec4;
    %pushi/vec4 60, 0, 8;
    %cmp/u;
    %jmp/1 T_15.60, 6;
    %dup/vec4;
    %pushi/vec4 61, 0, 8;
    %cmp/u;
    %jmp/1 T_15.61, 6;
    %dup/vec4;
    %pushi/vec4 62, 0, 8;
    %cmp/u;
    %jmp/1 T_15.62, 6;
    %dup/vec4;
    %pushi/vec4 63, 0, 8;
    %cmp/u;
    %jmp/1 T_15.63, 6;
    %dup/vec4;
    %pushi/vec4 64, 0, 8;
    %cmp/u;
    %jmp/1 T_15.64, 6;
    %dup/vec4;
    %pushi/vec4 65, 0, 8;
    %cmp/u;
    %jmp/1 T_15.65, 6;
    %dup/vec4;
    %pushi/vec4 66, 0, 8;
    %cmp/u;
    %jmp/1 T_15.66, 6;
    %dup/vec4;
    %pushi/vec4 67, 0, 8;
    %cmp/u;
    %jmp/1 T_15.67, 6;
    %dup/vec4;
    %pushi/vec4 68, 0, 8;
    %cmp/u;
    %jmp/1 T_15.68, 6;
    %dup/vec4;
    %pushi/vec4 69, 0, 8;
    %cmp/u;
    %jmp/1 T_15.69, 6;
    %dup/vec4;
    %pushi/vec4 70, 0, 8;
    %cmp/u;
    %jmp/1 T_15.70, 6;
    %dup/vec4;
    %pushi/vec4 71, 0, 8;
    %cmp/u;
    %jmp/1 T_15.71, 6;
    %dup/vec4;
    %pushi/vec4 72, 0, 8;
    %cmp/u;
    %jmp/1 T_15.72, 6;
    %dup/vec4;
    %pushi/vec4 73, 0, 8;
    %cmp/u;
    %jmp/1 T_15.73, 6;
    %dup/vec4;
    %pushi/vec4 74, 0, 8;
    %cmp/u;
    %jmp/1 T_15.74, 6;
    %dup/vec4;
    %pushi/vec4 75, 0, 8;
    %cmp/u;
    %jmp/1 T_15.75, 6;
    %dup/vec4;
    %pushi/vec4 76, 0, 8;
    %cmp/u;
    %jmp/1 T_15.76, 6;
    %dup/vec4;
    %pushi/vec4 77, 0, 8;
    %cmp/u;
    %jmp/1 T_15.77, 6;
    %dup/vec4;
    %pushi/vec4 78, 0, 8;
    %cmp/u;
    %jmp/1 T_15.78, 6;
    %dup/vec4;
    %pushi/vec4 79, 0, 8;
    %cmp/u;
    %jmp/1 T_15.79, 6;
    %dup/vec4;
    %pushi/vec4 80, 0, 8;
    %cmp/u;
    %jmp/1 T_15.80, 6;
    %dup/vec4;
    %pushi/vec4 81, 0, 8;
    %cmp/u;
    %jmp/1 T_15.81, 6;
    %dup/vec4;
    %pushi/vec4 82, 0, 8;
    %cmp/u;
    %jmp/1 T_15.82, 6;
    %dup/vec4;
    %pushi/vec4 83, 0, 8;
    %cmp/u;
    %jmp/1 T_15.83, 6;
    %dup/vec4;
    %pushi/vec4 84, 0, 8;
    %cmp/u;
    %jmp/1 T_15.84, 6;
    %dup/vec4;
    %pushi/vec4 85, 0, 8;
    %cmp/u;
    %jmp/1 T_15.85, 6;
    %dup/vec4;
    %pushi/vec4 86, 0, 8;
    %cmp/u;
    %jmp/1 T_15.86, 6;
    %dup/vec4;
    %pushi/vec4 87, 0, 8;
    %cmp/u;
    %jmp/1 T_15.87, 6;
    %dup/vec4;
    %pushi/vec4 88, 0, 8;
    %cmp/u;
    %jmp/1 T_15.88, 6;
    %dup/vec4;
    %pushi/vec4 89, 0, 8;
    %cmp/u;
    %jmp/1 T_15.89, 6;
    %dup/vec4;
    %pushi/vec4 90, 0, 8;
    %cmp/u;
    %jmp/1 T_15.90, 6;
    %dup/vec4;
    %pushi/vec4 91, 0, 8;
    %cmp/u;
    %jmp/1 T_15.91, 6;
    %dup/vec4;
    %pushi/vec4 92, 0, 8;
    %cmp/u;
    %jmp/1 T_15.92, 6;
    %dup/vec4;
    %pushi/vec4 93, 0, 8;
    %cmp/u;
    %jmp/1 T_15.93, 6;
    %dup/vec4;
    %pushi/vec4 94, 0, 8;
    %cmp/u;
    %jmp/1 T_15.94, 6;
    %dup/vec4;
    %pushi/vec4 95, 0, 8;
    %cmp/u;
    %jmp/1 T_15.95, 6;
    %dup/vec4;
    %pushi/vec4 96, 0, 8;
    %cmp/u;
    %jmp/1 T_15.96, 6;
    %dup/vec4;
    %pushi/vec4 97, 0, 8;
    %cmp/u;
    %jmp/1 T_15.97, 6;
    %dup/vec4;
    %pushi/vec4 98, 0, 8;
    %cmp/u;
    %jmp/1 T_15.98, 6;
    %dup/vec4;
    %pushi/vec4 99, 0, 8;
    %cmp/u;
    %jmp/1 T_15.99, 6;
    %dup/vec4;
    %pushi/vec4 100, 0, 8;
    %cmp/u;
    %jmp/1 T_15.100, 6;
    %dup/vec4;
    %pushi/vec4 101, 0, 8;
    %cmp/u;
    %jmp/1 T_15.101, 6;
    %dup/vec4;
    %pushi/vec4 102, 0, 8;
    %cmp/u;
    %jmp/1 T_15.102, 6;
    %dup/vec4;
    %pushi/vec4 103, 0, 8;
    %cmp/u;
    %jmp/1 T_15.103, 6;
    %dup/vec4;
    %pushi/vec4 104, 0, 8;
    %cmp/u;
    %jmp/1 T_15.104, 6;
    %dup/vec4;
    %pushi/vec4 105, 0, 8;
    %cmp/u;
    %jmp/1 T_15.105, 6;
    %dup/vec4;
    %pushi/vec4 106, 0, 8;
    %cmp/u;
    %jmp/1 T_15.106, 6;
    %dup/vec4;
    %pushi/vec4 107, 0, 8;
    %cmp/u;
    %jmp/1 T_15.107, 6;
    %dup/vec4;
    %pushi/vec4 108, 0, 8;
    %cmp/u;
    %jmp/1 T_15.108, 6;
    %dup/vec4;
    %pushi/vec4 109, 0, 8;
    %cmp/u;
    %jmp/1 T_15.109, 6;
    %dup/vec4;
    %pushi/vec4 110, 0, 8;
    %cmp/u;
    %jmp/1 T_15.110, 6;
    %dup/vec4;
    %pushi/vec4 111, 0, 8;
    %cmp/u;
    %jmp/1 T_15.111, 6;
    %dup/vec4;
    %pushi/vec4 112, 0, 8;
    %cmp/u;
    %jmp/1 T_15.112, 6;
    %dup/vec4;
    %pushi/vec4 113, 0, 8;
    %cmp/u;
    %jmp/1 T_15.113, 6;
    %dup/vec4;
    %pushi/vec4 114, 0, 8;
    %cmp/u;
    %jmp/1 T_15.114, 6;
    %dup/vec4;
    %pushi/vec4 115, 0, 8;
    %cmp/u;
    %jmp/1 T_15.115, 6;
    %dup/vec4;
    %pushi/vec4 116, 0, 8;
    %cmp/u;
    %jmp/1 T_15.116, 6;
    %dup/vec4;
    %pushi/vec4 117, 0, 8;
    %cmp/u;
    %jmp/1 T_15.117, 6;
    %dup/vec4;
    %pushi/vec4 118, 0, 8;
    %cmp/u;
    %jmp/1 T_15.118, 6;
    %dup/vec4;
    %pushi/vec4 119, 0, 8;
    %cmp/u;
    %jmp/1 T_15.119, 6;
    %dup/vec4;
    %pushi/vec4 120, 0, 8;
    %cmp/u;
    %jmp/1 T_15.120, 6;
    %dup/vec4;
    %pushi/vec4 121, 0, 8;
    %cmp/u;
    %jmp/1 T_15.121, 6;
    %dup/vec4;
    %pushi/vec4 122, 0, 8;
    %cmp/u;
    %jmp/1 T_15.122, 6;
    %dup/vec4;
    %pushi/vec4 123, 0, 8;
    %cmp/u;
    %jmp/1 T_15.123, 6;
    %dup/vec4;
    %pushi/vec4 124, 0, 8;
    %cmp/u;
    %jmp/1 T_15.124, 6;
    %dup/vec4;
    %pushi/vec4 125, 0, 8;
    %cmp/u;
    %jmp/1 T_15.125, 6;
    %dup/vec4;
    %pushi/vec4 126, 0, 8;
    %cmp/u;
    %jmp/1 T_15.126, 6;
    %dup/vec4;
    %pushi/vec4 127, 0, 8;
    %cmp/u;
    %jmp/1 T_15.127, 6;
    %dup/vec4;
    %pushi/vec4 128, 0, 8;
    %cmp/u;
    %jmp/1 T_15.128, 6;
    %dup/vec4;
    %pushi/vec4 129, 0, 8;
    %cmp/u;
    %jmp/1 T_15.129, 6;
    %dup/vec4;
    %pushi/vec4 130, 0, 8;
    %cmp/u;
    %jmp/1 T_15.130, 6;
    %dup/vec4;
    %pushi/vec4 131, 0, 8;
    %cmp/u;
    %jmp/1 T_15.131, 6;
    %dup/vec4;
    %pushi/vec4 132, 0, 8;
    %cmp/u;
    %jmp/1 T_15.132, 6;
    %dup/vec4;
    %pushi/vec4 133, 0, 8;
    %cmp/u;
    %jmp/1 T_15.133, 6;
    %dup/vec4;
    %pushi/vec4 134, 0, 8;
    %cmp/u;
    %jmp/1 T_15.134, 6;
    %dup/vec4;
    %pushi/vec4 135, 0, 8;
    %cmp/u;
    %jmp/1 T_15.135, 6;
    %dup/vec4;
    %pushi/vec4 136, 0, 8;
    %cmp/u;
    %jmp/1 T_15.136, 6;
    %dup/vec4;
    %pushi/vec4 137, 0, 8;
    %cmp/u;
    %jmp/1 T_15.137, 6;
    %dup/vec4;
    %pushi/vec4 138, 0, 8;
    %cmp/u;
    %jmp/1 T_15.138, 6;
    %dup/vec4;
    %pushi/vec4 139, 0, 8;
    %cmp/u;
    %jmp/1 T_15.139, 6;
    %dup/vec4;
    %pushi/vec4 140, 0, 8;
    %cmp/u;
    %jmp/1 T_15.140, 6;
    %dup/vec4;
    %pushi/vec4 141, 0, 8;
    %cmp/u;
    %jmp/1 T_15.141, 6;
    %dup/vec4;
    %pushi/vec4 142, 0, 8;
    %cmp/u;
    %jmp/1 T_15.142, 6;
    %dup/vec4;
    %pushi/vec4 143, 0, 8;
    %cmp/u;
    %jmp/1 T_15.143, 6;
    %dup/vec4;
    %pushi/vec4 144, 0, 8;
    %cmp/u;
    %jmp/1 T_15.144, 6;
    %dup/vec4;
    %pushi/vec4 145, 0, 8;
    %cmp/u;
    %jmp/1 T_15.145, 6;
    %dup/vec4;
    %pushi/vec4 146, 0, 8;
    %cmp/u;
    %jmp/1 T_15.146, 6;
    %dup/vec4;
    %pushi/vec4 147, 0, 8;
    %cmp/u;
    %jmp/1 T_15.147, 6;
    %dup/vec4;
    %pushi/vec4 148, 0, 8;
    %cmp/u;
    %jmp/1 T_15.148, 6;
    %dup/vec4;
    %pushi/vec4 149, 0, 8;
    %cmp/u;
    %jmp/1 T_15.149, 6;
    %dup/vec4;
    %pushi/vec4 150, 0, 8;
    %cmp/u;
    %jmp/1 T_15.150, 6;
    %dup/vec4;
    %pushi/vec4 151, 0, 8;
    %cmp/u;
    %jmp/1 T_15.151, 6;
    %dup/vec4;
    %pushi/vec4 152, 0, 8;
    %cmp/u;
    %jmp/1 T_15.152, 6;
    %dup/vec4;
    %pushi/vec4 153, 0, 8;
    %cmp/u;
    %jmp/1 T_15.153, 6;
    %dup/vec4;
    %pushi/vec4 154, 0, 8;
    %cmp/u;
    %jmp/1 T_15.154, 6;
    %dup/vec4;
    %pushi/vec4 155, 0, 8;
    %cmp/u;
    %jmp/1 T_15.155, 6;
    %dup/vec4;
    %pushi/vec4 156, 0, 8;
    %cmp/u;
    %jmp/1 T_15.156, 6;
    %dup/vec4;
    %pushi/vec4 157, 0, 8;
    %cmp/u;
    %jmp/1 T_15.157, 6;
    %dup/vec4;
    %pushi/vec4 158, 0, 8;
    %cmp/u;
    %jmp/1 T_15.158, 6;
    %dup/vec4;
    %pushi/vec4 159, 0, 8;
    %cmp/u;
    %jmp/1 T_15.159, 6;
    %dup/vec4;
    %pushi/vec4 160, 0, 8;
    %cmp/u;
    %jmp/1 T_15.160, 6;
    %dup/vec4;
    %pushi/vec4 161, 0, 8;
    %cmp/u;
    %jmp/1 T_15.161, 6;
    %dup/vec4;
    %pushi/vec4 162, 0, 8;
    %cmp/u;
    %jmp/1 T_15.162, 6;
    %dup/vec4;
    %pushi/vec4 163, 0, 8;
    %cmp/u;
    %jmp/1 T_15.163, 6;
    %dup/vec4;
    %pushi/vec4 164, 0, 8;
    %cmp/u;
    %jmp/1 T_15.164, 6;
    %dup/vec4;
    %pushi/vec4 165, 0, 8;
    %cmp/u;
    %jmp/1 T_15.165, 6;
    %dup/vec4;
    %pushi/vec4 166, 0, 8;
    %cmp/u;
    %jmp/1 T_15.166, 6;
    %dup/vec4;
    %pushi/vec4 167, 0, 8;
    %cmp/u;
    %jmp/1 T_15.167, 6;
    %dup/vec4;
    %pushi/vec4 168, 0, 8;
    %cmp/u;
    %jmp/1 T_15.168, 6;
    %dup/vec4;
    %pushi/vec4 169, 0, 8;
    %cmp/u;
    %jmp/1 T_15.169, 6;
    %dup/vec4;
    %pushi/vec4 170, 0, 8;
    %cmp/u;
    %jmp/1 T_15.170, 6;
    %dup/vec4;
    %pushi/vec4 171, 0, 8;
    %cmp/u;
    %jmp/1 T_15.171, 6;
    %dup/vec4;
    %pushi/vec4 172, 0, 8;
    %cmp/u;
    %jmp/1 T_15.172, 6;
    %dup/vec4;
    %pushi/vec4 173, 0, 8;
    %cmp/u;
    %jmp/1 T_15.173, 6;
    %dup/vec4;
    %pushi/vec4 174, 0, 8;
    %cmp/u;
    %jmp/1 T_15.174, 6;
    %dup/vec4;
    %pushi/vec4 175, 0, 8;
    %cmp/u;
    %jmp/1 T_15.175, 6;
    %dup/vec4;
    %pushi/vec4 176, 0, 8;
    %cmp/u;
    %jmp/1 T_15.176, 6;
    %dup/vec4;
    %pushi/vec4 177, 0, 8;
    %cmp/u;
    %jmp/1 T_15.177, 6;
    %dup/vec4;
    %pushi/vec4 178, 0, 8;
    %cmp/u;
    %jmp/1 T_15.178, 6;
    %dup/vec4;
    %pushi/vec4 179, 0, 8;
    %cmp/u;
    %jmp/1 T_15.179, 6;
    %dup/vec4;
    %pushi/vec4 180, 0, 8;
    %cmp/u;
    %jmp/1 T_15.180, 6;
    %dup/vec4;
    %pushi/vec4 181, 0, 8;
    %cmp/u;
    %jmp/1 T_15.181, 6;
    %dup/vec4;
    %pushi/vec4 182, 0, 8;
    %cmp/u;
    %jmp/1 T_15.182, 6;
    %dup/vec4;
    %pushi/vec4 183, 0, 8;
    %cmp/u;
    %jmp/1 T_15.183, 6;
    %dup/vec4;
    %pushi/vec4 184, 0, 8;
    %cmp/u;
    %jmp/1 T_15.184, 6;
    %dup/vec4;
    %pushi/vec4 185, 0, 8;
    %cmp/u;
    %jmp/1 T_15.185, 6;
    %dup/vec4;
    %pushi/vec4 186, 0, 8;
    %cmp/u;
    %jmp/1 T_15.186, 6;
    %dup/vec4;
    %pushi/vec4 187, 0, 8;
    %cmp/u;
    %jmp/1 T_15.187, 6;
    %dup/vec4;
    %pushi/vec4 188, 0, 8;
    %cmp/u;
    %jmp/1 T_15.188, 6;
    %dup/vec4;
    %pushi/vec4 189, 0, 8;
    %cmp/u;
    %jmp/1 T_15.189, 6;
    %dup/vec4;
    %pushi/vec4 190, 0, 8;
    %cmp/u;
    %jmp/1 T_15.190, 6;
    %dup/vec4;
    %pushi/vec4 191, 0, 8;
    %cmp/u;
    %jmp/1 T_15.191, 6;
    %dup/vec4;
    %pushi/vec4 192, 0, 8;
    %cmp/u;
    %jmp/1 T_15.192, 6;
    %dup/vec4;
    %pushi/vec4 193, 0, 8;
    %cmp/u;
    %jmp/1 T_15.193, 6;
    %dup/vec4;
    %pushi/vec4 194, 0, 8;
    %cmp/u;
    %jmp/1 T_15.194, 6;
    %dup/vec4;
    %pushi/vec4 195, 0, 8;
    %cmp/u;
    %jmp/1 T_15.195, 6;
    %dup/vec4;
    %pushi/vec4 196, 0, 8;
    %cmp/u;
    %jmp/1 T_15.196, 6;
    %dup/vec4;
    %pushi/vec4 197, 0, 8;
    %cmp/u;
    %jmp/1 T_15.197, 6;
    %dup/vec4;
    %pushi/vec4 198, 0, 8;
    %cmp/u;
    %jmp/1 T_15.198, 6;
    %dup/vec4;
    %pushi/vec4 199, 0, 8;
    %cmp/u;
    %jmp/1 T_15.199, 6;
    %dup/vec4;
    %pushi/vec4 200, 0, 8;
    %cmp/u;
    %jmp/1 T_15.200, 6;
    %dup/vec4;
    %pushi/vec4 201, 0, 8;
    %cmp/u;
    %jmp/1 T_15.201, 6;
    %dup/vec4;
    %pushi/vec4 202, 0, 8;
    %cmp/u;
    %jmp/1 T_15.202, 6;
    %dup/vec4;
    %pushi/vec4 203, 0, 8;
    %cmp/u;
    %jmp/1 T_15.203, 6;
    %dup/vec4;
    %pushi/vec4 204, 0, 8;
    %cmp/u;
    %jmp/1 T_15.204, 6;
    %dup/vec4;
    %pushi/vec4 205, 0, 8;
    %cmp/u;
    %jmp/1 T_15.205, 6;
    %dup/vec4;
    %pushi/vec4 206, 0, 8;
    %cmp/u;
    %jmp/1 T_15.206, 6;
    %dup/vec4;
    %pushi/vec4 207, 0, 8;
    %cmp/u;
    %jmp/1 T_15.207, 6;
    %dup/vec4;
    %pushi/vec4 208, 0, 8;
    %cmp/u;
    %jmp/1 T_15.208, 6;
    %dup/vec4;
    %pushi/vec4 209, 0, 8;
    %cmp/u;
    %jmp/1 T_15.209, 6;
    %dup/vec4;
    %pushi/vec4 210, 0, 8;
    %cmp/u;
    %jmp/1 T_15.210, 6;
    %dup/vec4;
    %pushi/vec4 211, 0, 8;
    %cmp/u;
    %jmp/1 T_15.211, 6;
    %dup/vec4;
    %pushi/vec4 212, 0, 8;
    %cmp/u;
    %jmp/1 T_15.212, 6;
    %dup/vec4;
    %pushi/vec4 213, 0, 8;
    %cmp/u;
    %jmp/1 T_15.213, 6;
    %dup/vec4;
    %pushi/vec4 214, 0, 8;
    %cmp/u;
    %jmp/1 T_15.214, 6;
    %dup/vec4;
    %pushi/vec4 215, 0, 8;
    %cmp/u;
    %jmp/1 T_15.215, 6;
    %dup/vec4;
    %pushi/vec4 216, 0, 8;
    %cmp/u;
    %jmp/1 T_15.216, 6;
    %dup/vec4;
    %pushi/vec4 217, 0, 8;
    %cmp/u;
    %jmp/1 T_15.217, 6;
    %dup/vec4;
    %pushi/vec4 218, 0, 8;
    %cmp/u;
    %jmp/1 T_15.218, 6;
    %dup/vec4;
    %pushi/vec4 219, 0, 8;
    %cmp/u;
    %jmp/1 T_15.219, 6;
    %dup/vec4;
    %pushi/vec4 220, 0, 8;
    %cmp/u;
    %jmp/1 T_15.220, 6;
    %dup/vec4;
    %pushi/vec4 221, 0, 8;
    %cmp/u;
    %jmp/1 T_15.221, 6;
    %dup/vec4;
    %pushi/vec4 222, 0, 8;
    %cmp/u;
    %jmp/1 T_15.222, 6;
    %dup/vec4;
    %pushi/vec4 223, 0, 8;
    %cmp/u;
    %jmp/1 T_15.223, 6;
    %dup/vec4;
    %pushi/vec4 224, 0, 8;
    %cmp/u;
    %jmp/1 T_15.224, 6;
    %dup/vec4;
    %pushi/vec4 225, 0, 8;
    %cmp/u;
    %jmp/1 T_15.225, 6;
    %dup/vec4;
    %pushi/vec4 226, 0, 8;
    %cmp/u;
    %jmp/1 T_15.226, 6;
    %dup/vec4;
    %pushi/vec4 227, 0, 8;
    %cmp/u;
    %jmp/1 T_15.227, 6;
    %dup/vec4;
    %pushi/vec4 228, 0, 8;
    %cmp/u;
    %jmp/1 T_15.228, 6;
    %dup/vec4;
    %pushi/vec4 229, 0, 8;
    %cmp/u;
    %jmp/1 T_15.229, 6;
    %dup/vec4;
    %pushi/vec4 230, 0, 8;
    %cmp/u;
    %jmp/1 T_15.230, 6;
    %dup/vec4;
    %pushi/vec4 231, 0, 8;
    %cmp/u;
    %jmp/1 T_15.231, 6;
    %dup/vec4;
    %pushi/vec4 232, 0, 8;
    %cmp/u;
    %jmp/1 T_15.232, 6;
    %dup/vec4;
    %pushi/vec4 233, 0, 8;
    %cmp/u;
    %jmp/1 T_15.233, 6;
    %dup/vec4;
    %pushi/vec4 234, 0, 8;
    %cmp/u;
    %jmp/1 T_15.234, 6;
    %dup/vec4;
    %pushi/vec4 235, 0, 8;
    %cmp/u;
    %jmp/1 T_15.235, 6;
    %dup/vec4;
    %pushi/vec4 236, 0, 8;
    %cmp/u;
    %jmp/1 T_15.236, 6;
    %dup/vec4;
    %pushi/vec4 237, 0, 8;
    %cmp/u;
    %jmp/1 T_15.237, 6;
    %dup/vec4;
    %pushi/vec4 238, 0, 8;
    %cmp/u;
    %jmp/1 T_15.238, 6;
    %dup/vec4;
    %pushi/vec4 239, 0, 8;
    %cmp/u;
    %jmp/1 T_15.239, 6;
    %dup/vec4;
    %pushi/vec4 240, 0, 8;
    %cmp/u;
    %jmp/1 T_15.240, 6;
    %dup/vec4;
    %pushi/vec4 241, 0, 8;
    %cmp/u;
    %jmp/1 T_15.241, 6;
    %dup/vec4;
    %pushi/vec4 242, 0, 8;
    %cmp/u;
    %jmp/1 T_15.242, 6;
    %dup/vec4;
    %pushi/vec4 243, 0, 8;
    %cmp/u;
    %jmp/1 T_15.243, 6;
    %dup/vec4;
    %pushi/vec4 244, 0, 8;
    %cmp/u;
    %jmp/1 T_15.244, 6;
    %dup/vec4;
    %pushi/vec4 245, 0, 8;
    %cmp/u;
    %jmp/1 T_15.245, 6;
    %dup/vec4;
    %pushi/vec4 246, 0, 8;
    %cmp/u;
    %jmp/1 T_15.246, 6;
    %dup/vec4;
    %pushi/vec4 247, 0, 8;
    %cmp/u;
    %jmp/1 T_15.247, 6;
    %dup/vec4;
    %pushi/vec4 248, 0, 8;
    %cmp/u;
    %jmp/1 T_15.248, 6;
    %dup/vec4;
    %pushi/vec4 249, 0, 8;
    %cmp/u;
    %jmp/1 T_15.249, 6;
    %dup/vec4;
    %pushi/vec4 250, 0, 8;
    %cmp/u;
    %jmp/1 T_15.250, 6;
    %dup/vec4;
    %pushi/vec4 251, 0, 8;
    %cmp/u;
    %jmp/1 T_15.251, 6;
    %dup/vec4;
    %pushi/vec4 252, 0, 8;
    %cmp/u;
    %jmp/1 T_15.252, 6;
    %dup/vec4;
    %pushi/vec4 253, 0, 8;
    %cmp/u;
    %jmp/1 T_15.253, 6;
    %dup/vec4;
    %pushi/vec4 254, 0, 8;
    %cmp/u;
    %jmp/1 T_15.254, 6;
    %dup/vec4;
    %pushi/vec4 255, 0, 8;
    %cmp/u;
    %jmp/1 T_15.255, 6;
    %jmp T_15.256;
T_15.0 ;
    %pushi/vec4 99, 0, 8;
    %store/vec4 v000001d9d066cce0_0, 0, 8;
    %jmp T_15.256;
T_15.1 ;
    %pushi/vec4 124, 0, 8;
    %store/vec4 v000001d9d066cce0_0, 0, 8;
    %jmp T_15.256;
T_15.2 ;
    %pushi/vec4 119, 0, 8;
    %store/vec4 v000001d9d066cce0_0, 0, 8;
    %jmp T_15.256;
T_15.3 ;
    %pushi/vec4 123, 0, 8;
    %store/vec4 v000001d9d066cce0_0, 0, 8;
    %jmp T_15.256;
T_15.4 ;
    %pushi/vec4 242, 0, 8;
    %store/vec4 v000001d9d066cce0_0, 0, 8;
    %jmp T_15.256;
T_15.5 ;
    %pushi/vec4 107, 0, 8;
    %store/vec4 v000001d9d066cce0_0, 0, 8;
    %jmp T_15.256;
T_15.6 ;
    %pushi/vec4 111, 0, 8;
    %store/vec4 v000001d9d066cce0_0, 0, 8;
    %jmp T_15.256;
T_15.7 ;
    %pushi/vec4 197, 0, 8;
    %store/vec4 v000001d9d066cce0_0, 0, 8;
    %jmp T_15.256;
T_15.8 ;
    %pushi/vec4 48, 0, 8;
    %store/vec4 v000001d9d066cce0_0, 0, 8;
    %jmp T_15.256;
T_15.9 ;
    %pushi/vec4 1, 0, 8;
    %store/vec4 v000001d9d066cce0_0, 0, 8;
    %jmp T_15.256;
T_15.10 ;
    %pushi/vec4 103, 0, 8;
    %store/vec4 v000001d9d066cce0_0, 0, 8;
    %jmp T_15.256;
T_15.11 ;
    %pushi/vec4 43, 0, 8;
    %store/vec4 v000001d9d066cce0_0, 0, 8;
    %jmp T_15.256;
T_15.12 ;
    %pushi/vec4 254, 0, 8;
    %store/vec4 v000001d9d066cce0_0, 0, 8;
    %jmp T_15.256;
T_15.13 ;
    %pushi/vec4 215, 0, 8;
    %store/vec4 v000001d9d066cce0_0, 0, 8;
    %jmp T_15.256;
T_15.14 ;
    %pushi/vec4 171, 0, 8;
    %store/vec4 v000001d9d066cce0_0, 0, 8;
    %jmp T_15.256;
T_15.15 ;
    %pushi/vec4 118, 0, 8;
    %store/vec4 v000001d9d066cce0_0, 0, 8;
    %jmp T_15.256;
T_15.16 ;
    %pushi/vec4 202, 0, 8;
    %store/vec4 v000001d9d066cce0_0, 0, 8;
    %jmp T_15.256;
T_15.17 ;
    %pushi/vec4 130, 0, 8;
    %store/vec4 v000001d9d066cce0_0, 0, 8;
    %jmp T_15.256;
T_15.18 ;
    %pushi/vec4 201, 0, 8;
    %store/vec4 v000001d9d066cce0_0, 0, 8;
    %jmp T_15.256;
T_15.19 ;
    %pushi/vec4 125, 0, 8;
    %store/vec4 v000001d9d066cce0_0, 0, 8;
    %jmp T_15.256;
T_15.20 ;
    %pushi/vec4 250, 0, 8;
    %store/vec4 v000001d9d066cce0_0, 0, 8;
    %jmp T_15.256;
T_15.21 ;
    %pushi/vec4 89, 0, 8;
    %store/vec4 v000001d9d066cce0_0, 0, 8;
    %jmp T_15.256;
T_15.22 ;
    %pushi/vec4 71, 0, 8;
    %store/vec4 v000001d9d066cce0_0, 0, 8;
    %jmp T_15.256;
T_15.23 ;
    %pushi/vec4 240, 0, 8;
    %store/vec4 v000001d9d066cce0_0, 0, 8;
    %jmp T_15.256;
T_15.24 ;
    %pushi/vec4 173, 0, 8;
    %store/vec4 v000001d9d066cce0_0, 0, 8;
    %jmp T_15.256;
T_15.25 ;
    %pushi/vec4 212, 0, 8;
    %store/vec4 v000001d9d066cce0_0, 0, 8;
    %jmp T_15.256;
T_15.26 ;
    %pushi/vec4 162, 0, 8;
    %store/vec4 v000001d9d066cce0_0, 0, 8;
    %jmp T_15.256;
T_15.27 ;
    %pushi/vec4 175, 0, 8;
    %store/vec4 v000001d9d066cce0_0, 0, 8;
    %jmp T_15.256;
T_15.28 ;
    %pushi/vec4 156, 0, 8;
    %store/vec4 v000001d9d066cce0_0, 0, 8;
    %jmp T_15.256;
T_15.29 ;
    %pushi/vec4 164, 0, 8;
    %store/vec4 v000001d9d066cce0_0, 0, 8;
    %jmp T_15.256;
T_15.30 ;
    %pushi/vec4 114, 0, 8;
    %store/vec4 v000001d9d066cce0_0, 0, 8;
    %jmp T_15.256;
T_15.31 ;
    %pushi/vec4 192, 0, 8;
    %store/vec4 v000001d9d066cce0_0, 0, 8;
    %jmp T_15.256;
T_15.32 ;
    %pushi/vec4 183, 0, 8;
    %store/vec4 v000001d9d066cce0_0, 0, 8;
    %jmp T_15.256;
T_15.33 ;
    %pushi/vec4 253, 0, 8;
    %store/vec4 v000001d9d066cce0_0, 0, 8;
    %jmp T_15.256;
T_15.34 ;
    %pushi/vec4 147, 0, 8;
    %store/vec4 v000001d9d066cce0_0, 0, 8;
    %jmp T_15.256;
T_15.35 ;
    %pushi/vec4 38, 0, 8;
    %store/vec4 v000001d9d066cce0_0, 0, 8;
    %jmp T_15.256;
T_15.36 ;
    %pushi/vec4 54, 0, 8;
    %store/vec4 v000001d9d066cce0_0, 0, 8;
    %jmp T_15.256;
T_15.37 ;
    %pushi/vec4 63, 0, 8;
    %store/vec4 v000001d9d066cce0_0, 0, 8;
    %jmp T_15.256;
T_15.38 ;
    %pushi/vec4 247, 0, 8;
    %store/vec4 v000001d9d066cce0_0, 0, 8;
    %jmp T_15.256;
T_15.39 ;
    %pushi/vec4 204, 0, 8;
    %store/vec4 v000001d9d066cce0_0, 0, 8;
    %jmp T_15.256;
T_15.40 ;
    %pushi/vec4 52, 0, 8;
    %store/vec4 v000001d9d066cce0_0, 0, 8;
    %jmp T_15.256;
T_15.41 ;
    %pushi/vec4 165, 0, 8;
    %store/vec4 v000001d9d066cce0_0, 0, 8;
    %jmp T_15.256;
T_15.42 ;
    %pushi/vec4 229, 0, 8;
    %store/vec4 v000001d9d066cce0_0, 0, 8;
    %jmp T_15.256;
T_15.43 ;
    %pushi/vec4 241, 0, 8;
    %store/vec4 v000001d9d066cce0_0, 0, 8;
    %jmp T_15.256;
T_15.44 ;
    %pushi/vec4 113, 0, 8;
    %store/vec4 v000001d9d066cce0_0, 0, 8;
    %jmp T_15.256;
T_15.45 ;
    %pushi/vec4 216, 0, 8;
    %store/vec4 v000001d9d066cce0_0, 0, 8;
    %jmp T_15.256;
T_15.46 ;
    %pushi/vec4 49, 0, 8;
    %store/vec4 v000001d9d066cce0_0, 0, 8;
    %jmp T_15.256;
T_15.47 ;
    %pushi/vec4 21, 0, 8;
    %store/vec4 v000001d9d066cce0_0, 0, 8;
    %jmp T_15.256;
T_15.48 ;
    %pushi/vec4 4, 0, 8;
    %store/vec4 v000001d9d066cce0_0, 0, 8;
    %jmp T_15.256;
T_15.49 ;
    %pushi/vec4 199, 0, 8;
    %store/vec4 v000001d9d066cce0_0, 0, 8;
    %jmp T_15.256;
T_15.50 ;
    %pushi/vec4 35, 0, 8;
    %store/vec4 v000001d9d066cce0_0, 0, 8;
    %jmp T_15.256;
T_15.51 ;
    %pushi/vec4 195, 0, 8;
    %store/vec4 v000001d9d066cce0_0, 0, 8;
    %jmp T_15.256;
T_15.52 ;
    %pushi/vec4 24, 0, 8;
    %store/vec4 v000001d9d066cce0_0, 0, 8;
    %jmp T_15.256;
T_15.53 ;
    %pushi/vec4 150, 0, 8;
    %store/vec4 v000001d9d066cce0_0, 0, 8;
    %jmp T_15.256;
T_15.54 ;
    %pushi/vec4 5, 0, 8;
    %store/vec4 v000001d9d066cce0_0, 0, 8;
    %jmp T_15.256;
T_15.55 ;
    %pushi/vec4 154, 0, 8;
    %store/vec4 v000001d9d066cce0_0, 0, 8;
    %jmp T_15.256;
T_15.56 ;
    %pushi/vec4 7, 0, 8;
    %store/vec4 v000001d9d066cce0_0, 0, 8;
    %jmp T_15.256;
T_15.57 ;
    %pushi/vec4 18, 0, 8;
    %store/vec4 v000001d9d066cce0_0, 0, 8;
    %jmp T_15.256;
T_15.58 ;
    %pushi/vec4 128, 0, 8;
    %store/vec4 v000001d9d066cce0_0, 0, 8;
    %jmp T_15.256;
T_15.59 ;
    %pushi/vec4 226, 0, 8;
    %store/vec4 v000001d9d066cce0_0, 0, 8;
    %jmp T_15.256;
T_15.60 ;
    %pushi/vec4 235, 0, 8;
    %store/vec4 v000001d9d066cce0_0, 0, 8;
    %jmp T_15.256;
T_15.61 ;
    %pushi/vec4 39, 0, 8;
    %store/vec4 v000001d9d066cce0_0, 0, 8;
    %jmp T_15.256;
T_15.62 ;
    %pushi/vec4 178, 0, 8;
    %store/vec4 v000001d9d066cce0_0, 0, 8;
    %jmp T_15.256;
T_15.63 ;
    %pushi/vec4 117, 0, 8;
    %store/vec4 v000001d9d066cce0_0, 0, 8;
    %jmp T_15.256;
T_15.64 ;
    %pushi/vec4 9, 0, 8;
    %store/vec4 v000001d9d066cce0_0, 0, 8;
    %jmp T_15.256;
T_15.65 ;
    %pushi/vec4 131, 0, 8;
    %store/vec4 v000001d9d066cce0_0, 0, 8;
    %jmp T_15.256;
T_15.66 ;
    %pushi/vec4 44, 0, 8;
    %store/vec4 v000001d9d066cce0_0, 0, 8;
    %jmp T_15.256;
T_15.67 ;
    %pushi/vec4 26, 0, 8;
    %store/vec4 v000001d9d066cce0_0, 0, 8;
    %jmp T_15.256;
T_15.68 ;
    %pushi/vec4 27, 0, 8;
    %store/vec4 v000001d9d066cce0_0, 0, 8;
    %jmp T_15.256;
T_15.69 ;
    %pushi/vec4 110, 0, 8;
    %store/vec4 v000001d9d066cce0_0, 0, 8;
    %jmp T_15.256;
T_15.70 ;
    %pushi/vec4 90, 0, 8;
    %store/vec4 v000001d9d066cce0_0, 0, 8;
    %jmp T_15.256;
T_15.71 ;
    %pushi/vec4 160, 0, 8;
    %store/vec4 v000001d9d066cce0_0, 0, 8;
    %jmp T_15.256;
T_15.72 ;
    %pushi/vec4 82, 0, 8;
    %store/vec4 v000001d9d066cce0_0, 0, 8;
    %jmp T_15.256;
T_15.73 ;
    %pushi/vec4 59, 0, 8;
    %store/vec4 v000001d9d066cce0_0, 0, 8;
    %jmp T_15.256;
T_15.74 ;
    %pushi/vec4 214, 0, 8;
    %store/vec4 v000001d9d066cce0_0, 0, 8;
    %jmp T_15.256;
T_15.75 ;
    %pushi/vec4 179, 0, 8;
    %store/vec4 v000001d9d066cce0_0, 0, 8;
    %jmp T_15.256;
T_15.76 ;
    %pushi/vec4 41, 0, 8;
    %store/vec4 v000001d9d066cce0_0, 0, 8;
    %jmp T_15.256;
T_15.77 ;
    %pushi/vec4 227, 0, 8;
    %store/vec4 v000001d9d066cce0_0, 0, 8;
    %jmp T_15.256;
T_15.78 ;
    %pushi/vec4 47, 0, 8;
    %store/vec4 v000001d9d066cce0_0, 0, 8;
    %jmp T_15.256;
T_15.79 ;
    %pushi/vec4 132, 0, 8;
    %store/vec4 v000001d9d066cce0_0, 0, 8;
    %jmp T_15.256;
T_15.80 ;
    %pushi/vec4 83, 0, 8;
    %store/vec4 v000001d9d066cce0_0, 0, 8;
    %jmp T_15.256;
T_15.81 ;
    %pushi/vec4 209, 0, 8;
    %store/vec4 v000001d9d066cce0_0, 0, 8;
    %jmp T_15.256;
T_15.82 ;
    %pushi/vec4 0, 0, 8;
    %store/vec4 v000001d9d066cce0_0, 0, 8;
    %jmp T_15.256;
T_15.83 ;
    %pushi/vec4 237, 0, 8;
    %store/vec4 v000001d9d066cce0_0, 0, 8;
    %jmp T_15.256;
T_15.84 ;
    %pushi/vec4 32, 0, 8;
    %store/vec4 v000001d9d066cce0_0, 0, 8;
    %jmp T_15.256;
T_15.85 ;
    %pushi/vec4 252, 0, 8;
    %store/vec4 v000001d9d066cce0_0, 0, 8;
    %jmp T_15.256;
T_15.86 ;
    %pushi/vec4 177, 0, 8;
    %store/vec4 v000001d9d066cce0_0, 0, 8;
    %jmp T_15.256;
T_15.87 ;
    %pushi/vec4 91, 0, 8;
    %store/vec4 v000001d9d066cce0_0, 0, 8;
    %jmp T_15.256;
T_15.88 ;
    %pushi/vec4 106, 0, 8;
    %store/vec4 v000001d9d066cce0_0, 0, 8;
    %jmp T_15.256;
T_15.89 ;
    %pushi/vec4 203, 0, 8;
    %store/vec4 v000001d9d066cce0_0, 0, 8;
    %jmp T_15.256;
T_15.90 ;
    %pushi/vec4 190, 0, 8;
    %store/vec4 v000001d9d066cce0_0, 0, 8;
    %jmp T_15.256;
T_15.91 ;
    %pushi/vec4 57, 0, 8;
    %store/vec4 v000001d9d066cce0_0, 0, 8;
    %jmp T_15.256;
T_15.92 ;
    %pushi/vec4 74, 0, 8;
    %store/vec4 v000001d9d066cce0_0, 0, 8;
    %jmp T_15.256;
T_15.93 ;
    %pushi/vec4 76, 0, 8;
    %store/vec4 v000001d9d066cce0_0, 0, 8;
    %jmp T_15.256;
T_15.94 ;
    %pushi/vec4 88, 0, 8;
    %store/vec4 v000001d9d066cce0_0, 0, 8;
    %jmp T_15.256;
T_15.95 ;
    %pushi/vec4 207, 0, 8;
    %store/vec4 v000001d9d066cce0_0, 0, 8;
    %jmp T_15.256;
T_15.96 ;
    %pushi/vec4 208, 0, 8;
    %store/vec4 v000001d9d066cce0_0, 0, 8;
    %jmp T_15.256;
T_15.97 ;
    %pushi/vec4 239, 0, 8;
    %store/vec4 v000001d9d066cce0_0, 0, 8;
    %jmp T_15.256;
T_15.98 ;
    %pushi/vec4 170, 0, 8;
    %store/vec4 v000001d9d066cce0_0, 0, 8;
    %jmp T_15.256;
T_15.99 ;
    %pushi/vec4 251, 0, 8;
    %store/vec4 v000001d9d066cce0_0, 0, 8;
    %jmp T_15.256;
T_15.100 ;
    %pushi/vec4 67, 0, 8;
    %store/vec4 v000001d9d066cce0_0, 0, 8;
    %jmp T_15.256;
T_15.101 ;
    %pushi/vec4 77, 0, 8;
    %store/vec4 v000001d9d066cce0_0, 0, 8;
    %jmp T_15.256;
T_15.102 ;
    %pushi/vec4 51, 0, 8;
    %store/vec4 v000001d9d066cce0_0, 0, 8;
    %jmp T_15.256;
T_15.103 ;
    %pushi/vec4 133, 0, 8;
    %store/vec4 v000001d9d066cce0_0, 0, 8;
    %jmp T_15.256;
T_15.104 ;
    %pushi/vec4 69, 0, 8;
    %store/vec4 v000001d9d066cce0_0, 0, 8;
    %jmp T_15.256;
T_15.105 ;
    %pushi/vec4 249, 0, 8;
    %store/vec4 v000001d9d066cce0_0, 0, 8;
    %jmp T_15.256;
T_15.106 ;
    %pushi/vec4 2, 0, 8;
    %store/vec4 v000001d9d066cce0_0, 0, 8;
    %jmp T_15.256;
T_15.107 ;
    %pushi/vec4 127, 0, 8;
    %store/vec4 v000001d9d066cce0_0, 0, 8;
    %jmp T_15.256;
T_15.108 ;
    %pushi/vec4 80, 0, 8;
    %store/vec4 v000001d9d066cce0_0, 0, 8;
    %jmp T_15.256;
T_15.109 ;
    %pushi/vec4 60, 0, 8;
    %store/vec4 v000001d9d066cce0_0, 0, 8;
    %jmp T_15.256;
T_15.110 ;
    %pushi/vec4 159, 0, 8;
    %store/vec4 v000001d9d066cce0_0, 0, 8;
    %jmp T_15.256;
T_15.111 ;
    %pushi/vec4 168, 0, 8;
    %store/vec4 v000001d9d066cce0_0, 0, 8;
    %jmp T_15.256;
T_15.112 ;
    %pushi/vec4 81, 0, 8;
    %store/vec4 v000001d9d066cce0_0, 0, 8;
    %jmp T_15.256;
T_15.113 ;
    %pushi/vec4 163, 0, 8;
    %store/vec4 v000001d9d066cce0_0, 0, 8;
    %jmp T_15.256;
T_15.114 ;
    %pushi/vec4 64, 0, 8;
    %store/vec4 v000001d9d066cce0_0, 0, 8;
    %jmp T_15.256;
T_15.115 ;
    %pushi/vec4 143, 0, 8;
    %store/vec4 v000001d9d066cce0_0, 0, 8;
    %jmp T_15.256;
T_15.116 ;
    %pushi/vec4 146, 0, 8;
    %store/vec4 v000001d9d066cce0_0, 0, 8;
    %jmp T_15.256;
T_15.117 ;
    %pushi/vec4 157, 0, 8;
    %store/vec4 v000001d9d066cce0_0, 0, 8;
    %jmp T_15.256;
T_15.118 ;
    %pushi/vec4 56, 0, 8;
    %store/vec4 v000001d9d066cce0_0, 0, 8;
    %jmp T_15.256;
T_15.119 ;
    %pushi/vec4 245, 0, 8;
    %store/vec4 v000001d9d066cce0_0, 0, 8;
    %jmp T_15.256;
T_15.120 ;
    %pushi/vec4 188, 0, 8;
    %store/vec4 v000001d9d066cce0_0, 0, 8;
    %jmp T_15.256;
T_15.121 ;
    %pushi/vec4 182, 0, 8;
    %store/vec4 v000001d9d066cce0_0, 0, 8;
    %jmp T_15.256;
T_15.122 ;
    %pushi/vec4 218, 0, 8;
    %store/vec4 v000001d9d066cce0_0, 0, 8;
    %jmp T_15.256;
T_15.123 ;
    %pushi/vec4 33, 0, 8;
    %store/vec4 v000001d9d066cce0_0, 0, 8;
    %jmp T_15.256;
T_15.124 ;
    %pushi/vec4 16, 0, 8;
    %store/vec4 v000001d9d066cce0_0, 0, 8;
    %jmp T_15.256;
T_15.125 ;
    %pushi/vec4 255, 0, 8;
    %store/vec4 v000001d9d066cce0_0, 0, 8;
    %jmp T_15.256;
T_15.126 ;
    %pushi/vec4 243, 0, 8;
    %store/vec4 v000001d9d066cce0_0, 0, 8;
    %jmp T_15.256;
T_15.127 ;
    %pushi/vec4 210, 0, 8;
    %store/vec4 v000001d9d066cce0_0, 0, 8;
    %jmp T_15.256;
T_15.128 ;
    %pushi/vec4 205, 0, 8;
    %store/vec4 v000001d9d066cce0_0, 0, 8;
    %jmp T_15.256;
T_15.129 ;
    %pushi/vec4 12, 0, 8;
    %store/vec4 v000001d9d066cce0_0, 0, 8;
    %jmp T_15.256;
T_15.130 ;
    %pushi/vec4 19, 0, 8;
    %store/vec4 v000001d9d066cce0_0, 0, 8;
    %jmp T_15.256;
T_15.131 ;
    %pushi/vec4 236, 0, 8;
    %store/vec4 v000001d9d066cce0_0, 0, 8;
    %jmp T_15.256;
T_15.132 ;
    %pushi/vec4 95, 0, 8;
    %store/vec4 v000001d9d066cce0_0, 0, 8;
    %jmp T_15.256;
T_15.133 ;
    %pushi/vec4 151, 0, 8;
    %store/vec4 v000001d9d066cce0_0, 0, 8;
    %jmp T_15.256;
T_15.134 ;
    %pushi/vec4 68, 0, 8;
    %store/vec4 v000001d9d066cce0_0, 0, 8;
    %jmp T_15.256;
T_15.135 ;
    %pushi/vec4 23, 0, 8;
    %store/vec4 v000001d9d066cce0_0, 0, 8;
    %jmp T_15.256;
T_15.136 ;
    %pushi/vec4 196, 0, 8;
    %store/vec4 v000001d9d066cce0_0, 0, 8;
    %jmp T_15.256;
T_15.137 ;
    %pushi/vec4 167, 0, 8;
    %store/vec4 v000001d9d066cce0_0, 0, 8;
    %jmp T_15.256;
T_15.138 ;
    %pushi/vec4 126, 0, 8;
    %store/vec4 v000001d9d066cce0_0, 0, 8;
    %jmp T_15.256;
T_15.139 ;
    %pushi/vec4 61, 0, 8;
    %store/vec4 v000001d9d066cce0_0, 0, 8;
    %jmp T_15.256;
T_15.140 ;
    %pushi/vec4 100, 0, 8;
    %store/vec4 v000001d9d066cce0_0, 0, 8;
    %jmp T_15.256;
T_15.141 ;
    %pushi/vec4 93, 0, 8;
    %store/vec4 v000001d9d066cce0_0, 0, 8;
    %jmp T_15.256;
T_15.142 ;
    %pushi/vec4 25, 0, 8;
    %store/vec4 v000001d9d066cce0_0, 0, 8;
    %jmp T_15.256;
T_15.143 ;
    %pushi/vec4 115, 0, 8;
    %store/vec4 v000001d9d066cce0_0, 0, 8;
    %jmp T_15.256;
T_15.144 ;
    %pushi/vec4 96, 0, 8;
    %store/vec4 v000001d9d066cce0_0, 0, 8;
    %jmp T_15.256;
T_15.145 ;
    %pushi/vec4 129, 0, 8;
    %store/vec4 v000001d9d066cce0_0, 0, 8;
    %jmp T_15.256;
T_15.146 ;
    %pushi/vec4 79, 0, 8;
    %store/vec4 v000001d9d066cce0_0, 0, 8;
    %jmp T_15.256;
T_15.147 ;
    %pushi/vec4 220, 0, 8;
    %store/vec4 v000001d9d066cce0_0, 0, 8;
    %jmp T_15.256;
T_15.148 ;
    %pushi/vec4 34, 0, 8;
    %store/vec4 v000001d9d066cce0_0, 0, 8;
    %jmp T_15.256;
T_15.149 ;
    %pushi/vec4 42, 0, 8;
    %store/vec4 v000001d9d066cce0_0, 0, 8;
    %jmp T_15.256;
T_15.150 ;
    %pushi/vec4 144, 0, 8;
    %store/vec4 v000001d9d066cce0_0, 0, 8;
    %jmp T_15.256;
T_15.151 ;
    %pushi/vec4 136, 0, 8;
    %store/vec4 v000001d9d066cce0_0, 0, 8;
    %jmp T_15.256;
T_15.152 ;
    %pushi/vec4 70, 0, 8;
    %store/vec4 v000001d9d066cce0_0, 0, 8;
    %jmp T_15.256;
T_15.153 ;
    %pushi/vec4 238, 0, 8;
    %store/vec4 v000001d9d066cce0_0, 0, 8;
    %jmp T_15.256;
T_15.154 ;
    %pushi/vec4 184, 0, 8;
    %store/vec4 v000001d9d066cce0_0, 0, 8;
    %jmp T_15.256;
T_15.155 ;
    %pushi/vec4 20, 0, 8;
    %store/vec4 v000001d9d066cce0_0, 0, 8;
    %jmp T_15.256;
T_15.156 ;
    %pushi/vec4 222, 0, 8;
    %store/vec4 v000001d9d066cce0_0, 0, 8;
    %jmp T_15.256;
T_15.157 ;
    %pushi/vec4 94, 0, 8;
    %store/vec4 v000001d9d066cce0_0, 0, 8;
    %jmp T_15.256;
T_15.158 ;
    %pushi/vec4 11, 0, 8;
    %store/vec4 v000001d9d066cce0_0, 0, 8;
    %jmp T_15.256;
T_15.159 ;
    %pushi/vec4 219, 0, 8;
    %store/vec4 v000001d9d066cce0_0, 0, 8;
    %jmp T_15.256;
T_15.160 ;
    %pushi/vec4 224, 0, 8;
    %store/vec4 v000001d9d066cce0_0, 0, 8;
    %jmp T_15.256;
T_15.161 ;
    %pushi/vec4 50, 0, 8;
    %store/vec4 v000001d9d066cce0_0, 0, 8;
    %jmp T_15.256;
T_15.162 ;
    %pushi/vec4 58, 0, 8;
    %store/vec4 v000001d9d066cce0_0, 0, 8;
    %jmp T_15.256;
T_15.163 ;
    %pushi/vec4 10, 0, 8;
    %store/vec4 v000001d9d066cce0_0, 0, 8;
    %jmp T_15.256;
T_15.164 ;
    %pushi/vec4 73, 0, 8;
    %store/vec4 v000001d9d066cce0_0, 0, 8;
    %jmp T_15.256;
T_15.165 ;
    %pushi/vec4 6, 0, 8;
    %store/vec4 v000001d9d066cce0_0, 0, 8;
    %jmp T_15.256;
T_15.166 ;
    %pushi/vec4 36, 0, 8;
    %store/vec4 v000001d9d066cce0_0, 0, 8;
    %jmp T_15.256;
T_15.167 ;
    %pushi/vec4 92, 0, 8;
    %store/vec4 v000001d9d066cce0_0, 0, 8;
    %jmp T_15.256;
T_15.168 ;
    %pushi/vec4 194, 0, 8;
    %store/vec4 v000001d9d066cce0_0, 0, 8;
    %jmp T_15.256;
T_15.169 ;
    %pushi/vec4 211, 0, 8;
    %store/vec4 v000001d9d066cce0_0, 0, 8;
    %jmp T_15.256;
T_15.170 ;
    %pushi/vec4 172, 0, 8;
    %store/vec4 v000001d9d066cce0_0, 0, 8;
    %jmp T_15.256;
T_15.171 ;
    %pushi/vec4 98, 0, 8;
    %store/vec4 v000001d9d066cce0_0, 0, 8;
    %jmp T_15.256;
T_15.172 ;
    %pushi/vec4 145, 0, 8;
    %store/vec4 v000001d9d066cce0_0, 0, 8;
    %jmp T_15.256;
T_15.173 ;
    %pushi/vec4 149, 0, 8;
    %store/vec4 v000001d9d066cce0_0, 0, 8;
    %jmp T_15.256;
T_15.174 ;
    %pushi/vec4 228, 0, 8;
    %store/vec4 v000001d9d066cce0_0, 0, 8;
    %jmp T_15.256;
T_15.175 ;
    %pushi/vec4 121, 0, 8;
    %store/vec4 v000001d9d066cce0_0, 0, 8;
    %jmp T_15.256;
T_15.176 ;
    %pushi/vec4 231, 0, 8;
    %store/vec4 v000001d9d066cce0_0, 0, 8;
    %jmp T_15.256;
T_15.177 ;
    %pushi/vec4 200, 0, 8;
    %store/vec4 v000001d9d066cce0_0, 0, 8;
    %jmp T_15.256;
T_15.178 ;
    %pushi/vec4 55, 0, 8;
    %store/vec4 v000001d9d066cce0_0, 0, 8;
    %jmp T_15.256;
T_15.179 ;
    %pushi/vec4 109, 0, 8;
    %store/vec4 v000001d9d066cce0_0, 0, 8;
    %jmp T_15.256;
T_15.180 ;
    %pushi/vec4 141, 0, 8;
    %store/vec4 v000001d9d066cce0_0, 0, 8;
    %jmp T_15.256;
T_15.181 ;
    %pushi/vec4 213, 0, 8;
    %store/vec4 v000001d9d066cce0_0, 0, 8;
    %jmp T_15.256;
T_15.182 ;
    %pushi/vec4 78, 0, 8;
    %store/vec4 v000001d9d066cce0_0, 0, 8;
    %jmp T_15.256;
T_15.183 ;
    %pushi/vec4 169, 0, 8;
    %store/vec4 v000001d9d066cce0_0, 0, 8;
    %jmp T_15.256;
T_15.184 ;
    %pushi/vec4 108, 0, 8;
    %store/vec4 v000001d9d066cce0_0, 0, 8;
    %jmp T_15.256;
T_15.185 ;
    %pushi/vec4 86, 0, 8;
    %store/vec4 v000001d9d066cce0_0, 0, 8;
    %jmp T_15.256;
T_15.186 ;
    %pushi/vec4 244, 0, 8;
    %store/vec4 v000001d9d066cce0_0, 0, 8;
    %jmp T_15.256;
T_15.187 ;
    %pushi/vec4 234, 0, 8;
    %store/vec4 v000001d9d066cce0_0, 0, 8;
    %jmp T_15.256;
T_15.188 ;
    %pushi/vec4 101, 0, 8;
    %store/vec4 v000001d9d066cce0_0, 0, 8;
    %jmp T_15.256;
T_15.189 ;
    %pushi/vec4 122, 0, 8;
    %store/vec4 v000001d9d066cce0_0, 0, 8;
    %jmp T_15.256;
T_15.190 ;
    %pushi/vec4 174, 0, 8;
    %store/vec4 v000001d9d066cce0_0, 0, 8;
    %jmp T_15.256;
T_15.191 ;
    %pushi/vec4 8, 0, 8;
    %store/vec4 v000001d9d066cce0_0, 0, 8;
    %jmp T_15.256;
T_15.192 ;
    %pushi/vec4 186, 0, 8;
    %store/vec4 v000001d9d066cce0_0, 0, 8;
    %jmp T_15.256;
T_15.193 ;
    %pushi/vec4 120, 0, 8;
    %store/vec4 v000001d9d066cce0_0, 0, 8;
    %jmp T_15.256;
T_15.194 ;
    %pushi/vec4 37, 0, 8;
    %store/vec4 v000001d9d066cce0_0, 0, 8;
    %jmp T_15.256;
T_15.195 ;
    %pushi/vec4 46, 0, 8;
    %store/vec4 v000001d9d066cce0_0, 0, 8;
    %jmp T_15.256;
T_15.196 ;
    %pushi/vec4 28, 0, 8;
    %store/vec4 v000001d9d066cce0_0, 0, 8;
    %jmp T_15.256;
T_15.197 ;
    %pushi/vec4 166, 0, 8;
    %store/vec4 v000001d9d066cce0_0, 0, 8;
    %jmp T_15.256;
T_15.198 ;
    %pushi/vec4 180, 0, 8;
    %store/vec4 v000001d9d066cce0_0, 0, 8;
    %jmp T_15.256;
T_15.199 ;
    %pushi/vec4 198, 0, 8;
    %store/vec4 v000001d9d066cce0_0, 0, 8;
    %jmp T_15.256;
T_15.200 ;
    %pushi/vec4 232, 0, 8;
    %store/vec4 v000001d9d066cce0_0, 0, 8;
    %jmp T_15.256;
T_15.201 ;
    %pushi/vec4 221, 0, 8;
    %store/vec4 v000001d9d066cce0_0, 0, 8;
    %jmp T_15.256;
T_15.202 ;
    %pushi/vec4 116, 0, 8;
    %store/vec4 v000001d9d066cce0_0, 0, 8;
    %jmp T_15.256;
T_15.203 ;
    %pushi/vec4 31, 0, 8;
    %store/vec4 v000001d9d066cce0_0, 0, 8;
    %jmp T_15.256;
T_15.204 ;
    %pushi/vec4 75, 0, 8;
    %store/vec4 v000001d9d066cce0_0, 0, 8;
    %jmp T_15.256;
T_15.205 ;
    %pushi/vec4 189, 0, 8;
    %store/vec4 v000001d9d066cce0_0, 0, 8;
    %jmp T_15.256;
T_15.206 ;
    %pushi/vec4 139, 0, 8;
    %store/vec4 v000001d9d066cce0_0, 0, 8;
    %jmp T_15.256;
T_15.207 ;
    %pushi/vec4 138, 0, 8;
    %store/vec4 v000001d9d066cce0_0, 0, 8;
    %jmp T_15.256;
T_15.208 ;
    %pushi/vec4 112, 0, 8;
    %store/vec4 v000001d9d066cce0_0, 0, 8;
    %jmp T_15.256;
T_15.209 ;
    %pushi/vec4 62, 0, 8;
    %store/vec4 v000001d9d066cce0_0, 0, 8;
    %jmp T_15.256;
T_15.210 ;
    %pushi/vec4 181, 0, 8;
    %store/vec4 v000001d9d066cce0_0, 0, 8;
    %jmp T_15.256;
T_15.211 ;
    %pushi/vec4 102, 0, 8;
    %store/vec4 v000001d9d066cce0_0, 0, 8;
    %jmp T_15.256;
T_15.212 ;
    %pushi/vec4 72, 0, 8;
    %store/vec4 v000001d9d066cce0_0, 0, 8;
    %jmp T_15.256;
T_15.213 ;
    %pushi/vec4 3, 0, 8;
    %store/vec4 v000001d9d066cce0_0, 0, 8;
    %jmp T_15.256;
T_15.214 ;
    %pushi/vec4 246, 0, 8;
    %store/vec4 v000001d9d066cce0_0, 0, 8;
    %jmp T_15.256;
T_15.215 ;
    %pushi/vec4 14, 0, 8;
    %store/vec4 v000001d9d066cce0_0, 0, 8;
    %jmp T_15.256;
T_15.216 ;
    %pushi/vec4 97, 0, 8;
    %store/vec4 v000001d9d066cce0_0, 0, 8;
    %jmp T_15.256;
T_15.217 ;
    %pushi/vec4 53, 0, 8;
    %store/vec4 v000001d9d066cce0_0, 0, 8;
    %jmp T_15.256;
T_15.218 ;
    %pushi/vec4 87, 0, 8;
    %store/vec4 v000001d9d066cce0_0, 0, 8;
    %jmp T_15.256;
T_15.219 ;
    %pushi/vec4 185, 0, 8;
    %store/vec4 v000001d9d066cce0_0, 0, 8;
    %jmp T_15.256;
T_15.220 ;
    %pushi/vec4 134, 0, 8;
    %store/vec4 v000001d9d066cce0_0, 0, 8;
    %jmp T_15.256;
T_15.221 ;
    %pushi/vec4 193, 0, 8;
    %store/vec4 v000001d9d066cce0_0, 0, 8;
    %jmp T_15.256;
T_15.222 ;
    %pushi/vec4 29, 0, 8;
    %store/vec4 v000001d9d066cce0_0, 0, 8;
    %jmp T_15.256;
T_15.223 ;
    %pushi/vec4 158, 0, 8;
    %store/vec4 v000001d9d066cce0_0, 0, 8;
    %jmp T_15.256;
T_15.224 ;
    %pushi/vec4 225, 0, 8;
    %store/vec4 v000001d9d066cce0_0, 0, 8;
    %jmp T_15.256;
T_15.225 ;
    %pushi/vec4 248, 0, 8;
    %store/vec4 v000001d9d066cce0_0, 0, 8;
    %jmp T_15.256;
T_15.226 ;
    %pushi/vec4 152, 0, 8;
    %store/vec4 v000001d9d066cce0_0, 0, 8;
    %jmp T_15.256;
T_15.227 ;
    %pushi/vec4 17, 0, 8;
    %store/vec4 v000001d9d066cce0_0, 0, 8;
    %jmp T_15.256;
T_15.228 ;
    %pushi/vec4 105, 0, 8;
    %store/vec4 v000001d9d066cce0_0, 0, 8;
    %jmp T_15.256;
T_15.229 ;
    %pushi/vec4 217, 0, 8;
    %store/vec4 v000001d9d066cce0_0, 0, 8;
    %jmp T_15.256;
T_15.230 ;
    %pushi/vec4 142, 0, 8;
    %store/vec4 v000001d9d066cce0_0, 0, 8;
    %jmp T_15.256;
T_15.231 ;
    %pushi/vec4 148, 0, 8;
    %store/vec4 v000001d9d066cce0_0, 0, 8;
    %jmp T_15.256;
T_15.232 ;
    %pushi/vec4 155, 0, 8;
    %store/vec4 v000001d9d066cce0_0, 0, 8;
    %jmp T_15.256;
T_15.233 ;
    %pushi/vec4 30, 0, 8;
    %store/vec4 v000001d9d066cce0_0, 0, 8;
    %jmp T_15.256;
T_15.234 ;
    %pushi/vec4 135, 0, 8;
    %store/vec4 v000001d9d066cce0_0, 0, 8;
    %jmp T_15.256;
T_15.235 ;
    %pushi/vec4 233, 0, 8;
    %store/vec4 v000001d9d066cce0_0, 0, 8;
    %jmp T_15.256;
T_15.236 ;
    %pushi/vec4 206, 0, 8;
    %store/vec4 v000001d9d066cce0_0, 0, 8;
    %jmp T_15.256;
T_15.237 ;
    %pushi/vec4 85, 0, 8;
    %store/vec4 v000001d9d066cce0_0, 0, 8;
    %jmp T_15.256;
T_15.238 ;
    %pushi/vec4 40, 0, 8;
    %store/vec4 v000001d9d066cce0_0, 0, 8;
    %jmp T_15.256;
T_15.239 ;
    %pushi/vec4 223, 0, 8;
    %store/vec4 v000001d9d066cce0_0, 0, 8;
    %jmp T_15.256;
T_15.240 ;
    %pushi/vec4 140, 0, 8;
    %store/vec4 v000001d9d066cce0_0, 0, 8;
    %jmp T_15.256;
T_15.241 ;
    %pushi/vec4 161, 0, 8;
    %store/vec4 v000001d9d066cce0_0, 0, 8;
    %jmp T_15.256;
T_15.242 ;
    %pushi/vec4 137, 0, 8;
    %store/vec4 v000001d9d066cce0_0, 0, 8;
    %jmp T_15.256;
T_15.243 ;
    %pushi/vec4 13, 0, 8;
    %store/vec4 v000001d9d066cce0_0, 0, 8;
    %jmp T_15.256;
T_15.244 ;
    %pushi/vec4 191, 0, 8;
    %store/vec4 v000001d9d066cce0_0, 0, 8;
    %jmp T_15.256;
T_15.245 ;
    %pushi/vec4 230, 0, 8;
    %store/vec4 v000001d9d066cce0_0, 0, 8;
    %jmp T_15.256;
T_15.246 ;
    %pushi/vec4 66, 0, 8;
    %store/vec4 v000001d9d066cce0_0, 0, 8;
    %jmp T_15.256;
T_15.247 ;
    %pushi/vec4 104, 0, 8;
    %store/vec4 v000001d9d066cce0_0, 0, 8;
    %jmp T_15.256;
T_15.248 ;
    %pushi/vec4 65, 0, 8;
    %store/vec4 v000001d9d066cce0_0, 0, 8;
    %jmp T_15.256;
T_15.249 ;
    %pushi/vec4 153, 0, 8;
    %store/vec4 v000001d9d066cce0_0, 0, 8;
    %jmp T_15.256;
T_15.250 ;
    %pushi/vec4 45, 0, 8;
    %store/vec4 v000001d9d066cce0_0, 0, 8;
    %jmp T_15.256;
T_15.251 ;
    %pushi/vec4 15, 0, 8;
    %store/vec4 v000001d9d066cce0_0, 0, 8;
    %jmp T_15.256;
T_15.252 ;
    %pushi/vec4 176, 0, 8;
    %store/vec4 v000001d9d066cce0_0, 0, 8;
    %jmp T_15.256;
T_15.253 ;
    %pushi/vec4 84, 0, 8;
    %store/vec4 v000001d9d066cce0_0, 0, 8;
    %jmp T_15.256;
T_15.254 ;
    %pushi/vec4 187, 0, 8;
    %store/vec4 v000001d9d066cce0_0, 0, 8;
    %jmp T_15.256;
T_15.255 ;
    %pushi/vec4 22, 0, 8;
    %store/vec4 v000001d9d066cce0_0, 0, 8;
    %jmp T_15.256;
T_15.256 ;
    %pop/vec4 1;
    %jmp T_15;
    .thread T_15, $push;
    .scope S_000001d9d06753c0;
T_16 ;
    %wait E_000001d9d05b7be0;
    %load/vec4 v000001d9d066e040_0;
    %dup/vec4;
    %pushi/vec4 0, 0, 8;
    %cmp/u;
    %jmp/1 T_16.0, 6;
    %dup/vec4;
    %pushi/vec4 1, 0, 8;
    %cmp/u;
    %jmp/1 T_16.1, 6;
    %dup/vec4;
    %pushi/vec4 2, 0, 8;
    %cmp/u;
    %jmp/1 T_16.2, 6;
    %dup/vec4;
    %pushi/vec4 3, 0, 8;
    %cmp/u;
    %jmp/1 T_16.3, 6;
    %dup/vec4;
    %pushi/vec4 4, 0, 8;
    %cmp/u;
    %jmp/1 T_16.4, 6;
    %dup/vec4;
    %pushi/vec4 5, 0, 8;
    %cmp/u;
    %jmp/1 T_16.5, 6;
    %dup/vec4;
    %pushi/vec4 6, 0, 8;
    %cmp/u;
    %jmp/1 T_16.6, 6;
    %dup/vec4;
    %pushi/vec4 7, 0, 8;
    %cmp/u;
    %jmp/1 T_16.7, 6;
    %dup/vec4;
    %pushi/vec4 8, 0, 8;
    %cmp/u;
    %jmp/1 T_16.8, 6;
    %dup/vec4;
    %pushi/vec4 9, 0, 8;
    %cmp/u;
    %jmp/1 T_16.9, 6;
    %dup/vec4;
    %pushi/vec4 10, 0, 8;
    %cmp/u;
    %jmp/1 T_16.10, 6;
    %dup/vec4;
    %pushi/vec4 11, 0, 8;
    %cmp/u;
    %jmp/1 T_16.11, 6;
    %dup/vec4;
    %pushi/vec4 12, 0, 8;
    %cmp/u;
    %jmp/1 T_16.12, 6;
    %dup/vec4;
    %pushi/vec4 13, 0, 8;
    %cmp/u;
    %jmp/1 T_16.13, 6;
    %dup/vec4;
    %pushi/vec4 14, 0, 8;
    %cmp/u;
    %jmp/1 T_16.14, 6;
    %dup/vec4;
    %pushi/vec4 15, 0, 8;
    %cmp/u;
    %jmp/1 T_16.15, 6;
    %dup/vec4;
    %pushi/vec4 16, 0, 8;
    %cmp/u;
    %jmp/1 T_16.16, 6;
    %dup/vec4;
    %pushi/vec4 17, 0, 8;
    %cmp/u;
    %jmp/1 T_16.17, 6;
    %dup/vec4;
    %pushi/vec4 18, 0, 8;
    %cmp/u;
    %jmp/1 T_16.18, 6;
    %dup/vec4;
    %pushi/vec4 19, 0, 8;
    %cmp/u;
    %jmp/1 T_16.19, 6;
    %dup/vec4;
    %pushi/vec4 20, 0, 8;
    %cmp/u;
    %jmp/1 T_16.20, 6;
    %dup/vec4;
    %pushi/vec4 21, 0, 8;
    %cmp/u;
    %jmp/1 T_16.21, 6;
    %dup/vec4;
    %pushi/vec4 22, 0, 8;
    %cmp/u;
    %jmp/1 T_16.22, 6;
    %dup/vec4;
    %pushi/vec4 23, 0, 8;
    %cmp/u;
    %jmp/1 T_16.23, 6;
    %dup/vec4;
    %pushi/vec4 24, 0, 8;
    %cmp/u;
    %jmp/1 T_16.24, 6;
    %dup/vec4;
    %pushi/vec4 25, 0, 8;
    %cmp/u;
    %jmp/1 T_16.25, 6;
    %dup/vec4;
    %pushi/vec4 26, 0, 8;
    %cmp/u;
    %jmp/1 T_16.26, 6;
    %dup/vec4;
    %pushi/vec4 27, 0, 8;
    %cmp/u;
    %jmp/1 T_16.27, 6;
    %dup/vec4;
    %pushi/vec4 28, 0, 8;
    %cmp/u;
    %jmp/1 T_16.28, 6;
    %dup/vec4;
    %pushi/vec4 29, 0, 8;
    %cmp/u;
    %jmp/1 T_16.29, 6;
    %dup/vec4;
    %pushi/vec4 30, 0, 8;
    %cmp/u;
    %jmp/1 T_16.30, 6;
    %dup/vec4;
    %pushi/vec4 31, 0, 8;
    %cmp/u;
    %jmp/1 T_16.31, 6;
    %dup/vec4;
    %pushi/vec4 32, 0, 8;
    %cmp/u;
    %jmp/1 T_16.32, 6;
    %dup/vec4;
    %pushi/vec4 33, 0, 8;
    %cmp/u;
    %jmp/1 T_16.33, 6;
    %dup/vec4;
    %pushi/vec4 34, 0, 8;
    %cmp/u;
    %jmp/1 T_16.34, 6;
    %dup/vec4;
    %pushi/vec4 35, 0, 8;
    %cmp/u;
    %jmp/1 T_16.35, 6;
    %dup/vec4;
    %pushi/vec4 36, 0, 8;
    %cmp/u;
    %jmp/1 T_16.36, 6;
    %dup/vec4;
    %pushi/vec4 37, 0, 8;
    %cmp/u;
    %jmp/1 T_16.37, 6;
    %dup/vec4;
    %pushi/vec4 38, 0, 8;
    %cmp/u;
    %jmp/1 T_16.38, 6;
    %dup/vec4;
    %pushi/vec4 39, 0, 8;
    %cmp/u;
    %jmp/1 T_16.39, 6;
    %dup/vec4;
    %pushi/vec4 40, 0, 8;
    %cmp/u;
    %jmp/1 T_16.40, 6;
    %dup/vec4;
    %pushi/vec4 41, 0, 8;
    %cmp/u;
    %jmp/1 T_16.41, 6;
    %dup/vec4;
    %pushi/vec4 42, 0, 8;
    %cmp/u;
    %jmp/1 T_16.42, 6;
    %dup/vec4;
    %pushi/vec4 43, 0, 8;
    %cmp/u;
    %jmp/1 T_16.43, 6;
    %dup/vec4;
    %pushi/vec4 44, 0, 8;
    %cmp/u;
    %jmp/1 T_16.44, 6;
    %dup/vec4;
    %pushi/vec4 45, 0, 8;
    %cmp/u;
    %jmp/1 T_16.45, 6;
    %dup/vec4;
    %pushi/vec4 46, 0, 8;
    %cmp/u;
    %jmp/1 T_16.46, 6;
    %dup/vec4;
    %pushi/vec4 47, 0, 8;
    %cmp/u;
    %jmp/1 T_16.47, 6;
    %dup/vec4;
    %pushi/vec4 48, 0, 8;
    %cmp/u;
    %jmp/1 T_16.48, 6;
    %dup/vec4;
    %pushi/vec4 49, 0, 8;
    %cmp/u;
    %jmp/1 T_16.49, 6;
    %dup/vec4;
    %pushi/vec4 50, 0, 8;
    %cmp/u;
    %jmp/1 T_16.50, 6;
    %dup/vec4;
    %pushi/vec4 51, 0, 8;
    %cmp/u;
    %jmp/1 T_16.51, 6;
    %dup/vec4;
    %pushi/vec4 52, 0, 8;
    %cmp/u;
    %jmp/1 T_16.52, 6;
    %dup/vec4;
    %pushi/vec4 53, 0, 8;
    %cmp/u;
    %jmp/1 T_16.53, 6;
    %dup/vec4;
    %pushi/vec4 54, 0, 8;
    %cmp/u;
    %jmp/1 T_16.54, 6;
    %dup/vec4;
    %pushi/vec4 55, 0, 8;
    %cmp/u;
    %jmp/1 T_16.55, 6;
    %dup/vec4;
    %pushi/vec4 56, 0, 8;
    %cmp/u;
    %jmp/1 T_16.56, 6;
    %dup/vec4;
    %pushi/vec4 57, 0, 8;
    %cmp/u;
    %jmp/1 T_16.57, 6;
    %dup/vec4;
    %pushi/vec4 58, 0, 8;
    %cmp/u;
    %jmp/1 T_16.58, 6;
    %dup/vec4;
    %pushi/vec4 59, 0, 8;
    %cmp/u;
    %jmp/1 T_16.59, 6;
    %dup/vec4;
    %pushi/vec4 60, 0, 8;
    %cmp/u;
    %jmp/1 T_16.60, 6;
    %dup/vec4;
    %pushi/vec4 61, 0, 8;
    %cmp/u;
    %jmp/1 T_16.61, 6;
    %dup/vec4;
    %pushi/vec4 62, 0, 8;
    %cmp/u;
    %jmp/1 T_16.62, 6;
    %dup/vec4;
    %pushi/vec4 63, 0, 8;
    %cmp/u;
    %jmp/1 T_16.63, 6;
    %dup/vec4;
    %pushi/vec4 64, 0, 8;
    %cmp/u;
    %jmp/1 T_16.64, 6;
    %dup/vec4;
    %pushi/vec4 65, 0, 8;
    %cmp/u;
    %jmp/1 T_16.65, 6;
    %dup/vec4;
    %pushi/vec4 66, 0, 8;
    %cmp/u;
    %jmp/1 T_16.66, 6;
    %dup/vec4;
    %pushi/vec4 67, 0, 8;
    %cmp/u;
    %jmp/1 T_16.67, 6;
    %dup/vec4;
    %pushi/vec4 68, 0, 8;
    %cmp/u;
    %jmp/1 T_16.68, 6;
    %dup/vec4;
    %pushi/vec4 69, 0, 8;
    %cmp/u;
    %jmp/1 T_16.69, 6;
    %dup/vec4;
    %pushi/vec4 70, 0, 8;
    %cmp/u;
    %jmp/1 T_16.70, 6;
    %dup/vec4;
    %pushi/vec4 71, 0, 8;
    %cmp/u;
    %jmp/1 T_16.71, 6;
    %dup/vec4;
    %pushi/vec4 72, 0, 8;
    %cmp/u;
    %jmp/1 T_16.72, 6;
    %dup/vec4;
    %pushi/vec4 73, 0, 8;
    %cmp/u;
    %jmp/1 T_16.73, 6;
    %dup/vec4;
    %pushi/vec4 74, 0, 8;
    %cmp/u;
    %jmp/1 T_16.74, 6;
    %dup/vec4;
    %pushi/vec4 75, 0, 8;
    %cmp/u;
    %jmp/1 T_16.75, 6;
    %dup/vec4;
    %pushi/vec4 76, 0, 8;
    %cmp/u;
    %jmp/1 T_16.76, 6;
    %dup/vec4;
    %pushi/vec4 77, 0, 8;
    %cmp/u;
    %jmp/1 T_16.77, 6;
    %dup/vec4;
    %pushi/vec4 78, 0, 8;
    %cmp/u;
    %jmp/1 T_16.78, 6;
    %dup/vec4;
    %pushi/vec4 79, 0, 8;
    %cmp/u;
    %jmp/1 T_16.79, 6;
    %dup/vec4;
    %pushi/vec4 80, 0, 8;
    %cmp/u;
    %jmp/1 T_16.80, 6;
    %dup/vec4;
    %pushi/vec4 81, 0, 8;
    %cmp/u;
    %jmp/1 T_16.81, 6;
    %dup/vec4;
    %pushi/vec4 82, 0, 8;
    %cmp/u;
    %jmp/1 T_16.82, 6;
    %dup/vec4;
    %pushi/vec4 83, 0, 8;
    %cmp/u;
    %jmp/1 T_16.83, 6;
    %dup/vec4;
    %pushi/vec4 84, 0, 8;
    %cmp/u;
    %jmp/1 T_16.84, 6;
    %dup/vec4;
    %pushi/vec4 85, 0, 8;
    %cmp/u;
    %jmp/1 T_16.85, 6;
    %dup/vec4;
    %pushi/vec4 86, 0, 8;
    %cmp/u;
    %jmp/1 T_16.86, 6;
    %dup/vec4;
    %pushi/vec4 87, 0, 8;
    %cmp/u;
    %jmp/1 T_16.87, 6;
    %dup/vec4;
    %pushi/vec4 88, 0, 8;
    %cmp/u;
    %jmp/1 T_16.88, 6;
    %dup/vec4;
    %pushi/vec4 89, 0, 8;
    %cmp/u;
    %jmp/1 T_16.89, 6;
    %dup/vec4;
    %pushi/vec4 90, 0, 8;
    %cmp/u;
    %jmp/1 T_16.90, 6;
    %dup/vec4;
    %pushi/vec4 91, 0, 8;
    %cmp/u;
    %jmp/1 T_16.91, 6;
    %dup/vec4;
    %pushi/vec4 92, 0, 8;
    %cmp/u;
    %jmp/1 T_16.92, 6;
    %dup/vec4;
    %pushi/vec4 93, 0, 8;
    %cmp/u;
    %jmp/1 T_16.93, 6;
    %dup/vec4;
    %pushi/vec4 94, 0, 8;
    %cmp/u;
    %jmp/1 T_16.94, 6;
    %dup/vec4;
    %pushi/vec4 95, 0, 8;
    %cmp/u;
    %jmp/1 T_16.95, 6;
    %dup/vec4;
    %pushi/vec4 96, 0, 8;
    %cmp/u;
    %jmp/1 T_16.96, 6;
    %dup/vec4;
    %pushi/vec4 97, 0, 8;
    %cmp/u;
    %jmp/1 T_16.97, 6;
    %dup/vec4;
    %pushi/vec4 98, 0, 8;
    %cmp/u;
    %jmp/1 T_16.98, 6;
    %dup/vec4;
    %pushi/vec4 99, 0, 8;
    %cmp/u;
    %jmp/1 T_16.99, 6;
    %dup/vec4;
    %pushi/vec4 100, 0, 8;
    %cmp/u;
    %jmp/1 T_16.100, 6;
    %dup/vec4;
    %pushi/vec4 101, 0, 8;
    %cmp/u;
    %jmp/1 T_16.101, 6;
    %dup/vec4;
    %pushi/vec4 102, 0, 8;
    %cmp/u;
    %jmp/1 T_16.102, 6;
    %dup/vec4;
    %pushi/vec4 103, 0, 8;
    %cmp/u;
    %jmp/1 T_16.103, 6;
    %dup/vec4;
    %pushi/vec4 104, 0, 8;
    %cmp/u;
    %jmp/1 T_16.104, 6;
    %dup/vec4;
    %pushi/vec4 105, 0, 8;
    %cmp/u;
    %jmp/1 T_16.105, 6;
    %dup/vec4;
    %pushi/vec4 106, 0, 8;
    %cmp/u;
    %jmp/1 T_16.106, 6;
    %dup/vec4;
    %pushi/vec4 107, 0, 8;
    %cmp/u;
    %jmp/1 T_16.107, 6;
    %dup/vec4;
    %pushi/vec4 108, 0, 8;
    %cmp/u;
    %jmp/1 T_16.108, 6;
    %dup/vec4;
    %pushi/vec4 109, 0, 8;
    %cmp/u;
    %jmp/1 T_16.109, 6;
    %dup/vec4;
    %pushi/vec4 110, 0, 8;
    %cmp/u;
    %jmp/1 T_16.110, 6;
    %dup/vec4;
    %pushi/vec4 111, 0, 8;
    %cmp/u;
    %jmp/1 T_16.111, 6;
    %dup/vec4;
    %pushi/vec4 112, 0, 8;
    %cmp/u;
    %jmp/1 T_16.112, 6;
    %dup/vec4;
    %pushi/vec4 113, 0, 8;
    %cmp/u;
    %jmp/1 T_16.113, 6;
    %dup/vec4;
    %pushi/vec4 114, 0, 8;
    %cmp/u;
    %jmp/1 T_16.114, 6;
    %dup/vec4;
    %pushi/vec4 115, 0, 8;
    %cmp/u;
    %jmp/1 T_16.115, 6;
    %dup/vec4;
    %pushi/vec4 116, 0, 8;
    %cmp/u;
    %jmp/1 T_16.116, 6;
    %dup/vec4;
    %pushi/vec4 117, 0, 8;
    %cmp/u;
    %jmp/1 T_16.117, 6;
    %dup/vec4;
    %pushi/vec4 118, 0, 8;
    %cmp/u;
    %jmp/1 T_16.118, 6;
    %dup/vec4;
    %pushi/vec4 119, 0, 8;
    %cmp/u;
    %jmp/1 T_16.119, 6;
    %dup/vec4;
    %pushi/vec4 120, 0, 8;
    %cmp/u;
    %jmp/1 T_16.120, 6;
    %dup/vec4;
    %pushi/vec4 121, 0, 8;
    %cmp/u;
    %jmp/1 T_16.121, 6;
    %dup/vec4;
    %pushi/vec4 122, 0, 8;
    %cmp/u;
    %jmp/1 T_16.122, 6;
    %dup/vec4;
    %pushi/vec4 123, 0, 8;
    %cmp/u;
    %jmp/1 T_16.123, 6;
    %dup/vec4;
    %pushi/vec4 124, 0, 8;
    %cmp/u;
    %jmp/1 T_16.124, 6;
    %dup/vec4;
    %pushi/vec4 125, 0, 8;
    %cmp/u;
    %jmp/1 T_16.125, 6;
    %dup/vec4;
    %pushi/vec4 126, 0, 8;
    %cmp/u;
    %jmp/1 T_16.126, 6;
    %dup/vec4;
    %pushi/vec4 127, 0, 8;
    %cmp/u;
    %jmp/1 T_16.127, 6;
    %dup/vec4;
    %pushi/vec4 128, 0, 8;
    %cmp/u;
    %jmp/1 T_16.128, 6;
    %dup/vec4;
    %pushi/vec4 129, 0, 8;
    %cmp/u;
    %jmp/1 T_16.129, 6;
    %dup/vec4;
    %pushi/vec4 130, 0, 8;
    %cmp/u;
    %jmp/1 T_16.130, 6;
    %dup/vec4;
    %pushi/vec4 131, 0, 8;
    %cmp/u;
    %jmp/1 T_16.131, 6;
    %dup/vec4;
    %pushi/vec4 132, 0, 8;
    %cmp/u;
    %jmp/1 T_16.132, 6;
    %dup/vec4;
    %pushi/vec4 133, 0, 8;
    %cmp/u;
    %jmp/1 T_16.133, 6;
    %dup/vec4;
    %pushi/vec4 134, 0, 8;
    %cmp/u;
    %jmp/1 T_16.134, 6;
    %dup/vec4;
    %pushi/vec4 135, 0, 8;
    %cmp/u;
    %jmp/1 T_16.135, 6;
    %dup/vec4;
    %pushi/vec4 136, 0, 8;
    %cmp/u;
    %jmp/1 T_16.136, 6;
    %dup/vec4;
    %pushi/vec4 137, 0, 8;
    %cmp/u;
    %jmp/1 T_16.137, 6;
    %dup/vec4;
    %pushi/vec4 138, 0, 8;
    %cmp/u;
    %jmp/1 T_16.138, 6;
    %dup/vec4;
    %pushi/vec4 139, 0, 8;
    %cmp/u;
    %jmp/1 T_16.139, 6;
    %dup/vec4;
    %pushi/vec4 140, 0, 8;
    %cmp/u;
    %jmp/1 T_16.140, 6;
    %dup/vec4;
    %pushi/vec4 141, 0, 8;
    %cmp/u;
    %jmp/1 T_16.141, 6;
    %dup/vec4;
    %pushi/vec4 142, 0, 8;
    %cmp/u;
    %jmp/1 T_16.142, 6;
    %dup/vec4;
    %pushi/vec4 143, 0, 8;
    %cmp/u;
    %jmp/1 T_16.143, 6;
    %dup/vec4;
    %pushi/vec4 144, 0, 8;
    %cmp/u;
    %jmp/1 T_16.144, 6;
    %dup/vec4;
    %pushi/vec4 145, 0, 8;
    %cmp/u;
    %jmp/1 T_16.145, 6;
    %dup/vec4;
    %pushi/vec4 146, 0, 8;
    %cmp/u;
    %jmp/1 T_16.146, 6;
    %dup/vec4;
    %pushi/vec4 147, 0, 8;
    %cmp/u;
    %jmp/1 T_16.147, 6;
    %dup/vec4;
    %pushi/vec4 148, 0, 8;
    %cmp/u;
    %jmp/1 T_16.148, 6;
    %dup/vec4;
    %pushi/vec4 149, 0, 8;
    %cmp/u;
    %jmp/1 T_16.149, 6;
    %dup/vec4;
    %pushi/vec4 150, 0, 8;
    %cmp/u;
    %jmp/1 T_16.150, 6;
    %dup/vec4;
    %pushi/vec4 151, 0, 8;
    %cmp/u;
    %jmp/1 T_16.151, 6;
    %dup/vec4;
    %pushi/vec4 152, 0, 8;
    %cmp/u;
    %jmp/1 T_16.152, 6;
    %dup/vec4;
    %pushi/vec4 153, 0, 8;
    %cmp/u;
    %jmp/1 T_16.153, 6;
    %dup/vec4;
    %pushi/vec4 154, 0, 8;
    %cmp/u;
    %jmp/1 T_16.154, 6;
    %dup/vec4;
    %pushi/vec4 155, 0, 8;
    %cmp/u;
    %jmp/1 T_16.155, 6;
    %dup/vec4;
    %pushi/vec4 156, 0, 8;
    %cmp/u;
    %jmp/1 T_16.156, 6;
    %dup/vec4;
    %pushi/vec4 157, 0, 8;
    %cmp/u;
    %jmp/1 T_16.157, 6;
    %dup/vec4;
    %pushi/vec4 158, 0, 8;
    %cmp/u;
    %jmp/1 T_16.158, 6;
    %dup/vec4;
    %pushi/vec4 159, 0, 8;
    %cmp/u;
    %jmp/1 T_16.159, 6;
    %dup/vec4;
    %pushi/vec4 160, 0, 8;
    %cmp/u;
    %jmp/1 T_16.160, 6;
    %dup/vec4;
    %pushi/vec4 161, 0, 8;
    %cmp/u;
    %jmp/1 T_16.161, 6;
    %dup/vec4;
    %pushi/vec4 162, 0, 8;
    %cmp/u;
    %jmp/1 T_16.162, 6;
    %dup/vec4;
    %pushi/vec4 163, 0, 8;
    %cmp/u;
    %jmp/1 T_16.163, 6;
    %dup/vec4;
    %pushi/vec4 164, 0, 8;
    %cmp/u;
    %jmp/1 T_16.164, 6;
    %dup/vec4;
    %pushi/vec4 165, 0, 8;
    %cmp/u;
    %jmp/1 T_16.165, 6;
    %dup/vec4;
    %pushi/vec4 166, 0, 8;
    %cmp/u;
    %jmp/1 T_16.166, 6;
    %dup/vec4;
    %pushi/vec4 167, 0, 8;
    %cmp/u;
    %jmp/1 T_16.167, 6;
    %dup/vec4;
    %pushi/vec4 168, 0, 8;
    %cmp/u;
    %jmp/1 T_16.168, 6;
    %dup/vec4;
    %pushi/vec4 169, 0, 8;
    %cmp/u;
    %jmp/1 T_16.169, 6;
    %dup/vec4;
    %pushi/vec4 170, 0, 8;
    %cmp/u;
    %jmp/1 T_16.170, 6;
    %dup/vec4;
    %pushi/vec4 171, 0, 8;
    %cmp/u;
    %jmp/1 T_16.171, 6;
    %dup/vec4;
    %pushi/vec4 172, 0, 8;
    %cmp/u;
    %jmp/1 T_16.172, 6;
    %dup/vec4;
    %pushi/vec4 173, 0, 8;
    %cmp/u;
    %jmp/1 T_16.173, 6;
    %dup/vec4;
    %pushi/vec4 174, 0, 8;
    %cmp/u;
    %jmp/1 T_16.174, 6;
    %dup/vec4;
    %pushi/vec4 175, 0, 8;
    %cmp/u;
    %jmp/1 T_16.175, 6;
    %dup/vec4;
    %pushi/vec4 176, 0, 8;
    %cmp/u;
    %jmp/1 T_16.176, 6;
    %dup/vec4;
    %pushi/vec4 177, 0, 8;
    %cmp/u;
    %jmp/1 T_16.177, 6;
    %dup/vec4;
    %pushi/vec4 178, 0, 8;
    %cmp/u;
    %jmp/1 T_16.178, 6;
    %dup/vec4;
    %pushi/vec4 179, 0, 8;
    %cmp/u;
    %jmp/1 T_16.179, 6;
    %dup/vec4;
    %pushi/vec4 180, 0, 8;
    %cmp/u;
    %jmp/1 T_16.180, 6;
    %dup/vec4;
    %pushi/vec4 181, 0, 8;
    %cmp/u;
    %jmp/1 T_16.181, 6;
    %dup/vec4;
    %pushi/vec4 182, 0, 8;
    %cmp/u;
    %jmp/1 T_16.182, 6;
    %dup/vec4;
    %pushi/vec4 183, 0, 8;
    %cmp/u;
    %jmp/1 T_16.183, 6;
    %dup/vec4;
    %pushi/vec4 184, 0, 8;
    %cmp/u;
    %jmp/1 T_16.184, 6;
    %dup/vec4;
    %pushi/vec4 185, 0, 8;
    %cmp/u;
    %jmp/1 T_16.185, 6;
    %dup/vec4;
    %pushi/vec4 186, 0, 8;
    %cmp/u;
    %jmp/1 T_16.186, 6;
    %dup/vec4;
    %pushi/vec4 187, 0, 8;
    %cmp/u;
    %jmp/1 T_16.187, 6;
    %dup/vec4;
    %pushi/vec4 188, 0, 8;
    %cmp/u;
    %jmp/1 T_16.188, 6;
    %dup/vec4;
    %pushi/vec4 189, 0, 8;
    %cmp/u;
    %jmp/1 T_16.189, 6;
    %dup/vec4;
    %pushi/vec4 190, 0, 8;
    %cmp/u;
    %jmp/1 T_16.190, 6;
    %dup/vec4;
    %pushi/vec4 191, 0, 8;
    %cmp/u;
    %jmp/1 T_16.191, 6;
    %dup/vec4;
    %pushi/vec4 192, 0, 8;
    %cmp/u;
    %jmp/1 T_16.192, 6;
    %dup/vec4;
    %pushi/vec4 193, 0, 8;
    %cmp/u;
    %jmp/1 T_16.193, 6;
    %dup/vec4;
    %pushi/vec4 194, 0, 8;
    %cmp/u;
    %jmp/1 T_16.194, 6;
    %dup/vec4;
    %pushi/vec4 195, 0, 8;
    %cmp/u;
    %jmp/1 T_16.195, 6;
    %dup/vec4;
    %pushi/vec4 196, 0, 8;
    %cmp/u;
    %jmp/1 T_16.196, 6;
    %dup/vec4;
    %pushi/vec4 197, 0, 8;
    %cmp/u;
    %jmp/1 T_16.197, 6;
    %dup/vec4;
    %pushi/vec4 198, 0, 8;
    %cmp/u;
    %jmp/1 T_16.198, 6;
    %dup/vec4;
    %pushi/vec4 199, 0, 8;
    %cmp/u;
    %jmp/1 T_16.199, 6;
    %dup/vec4;
    %pushi/vec4 200, 0, 8;
    %cmp/u;
    %jmp/1 T_16.200, 6;
    %dup/vec4;
    %pushi/vec4 201, 0, 8;
    %cmp/u;
    %jmp/1 T_16.201, 6;
    %dup/vec4;
    %pushi/vec4 202, 0, 8;
    %cmp/u;
    %jmp/1 T_16.202, 6;
    %dup/vec4;
    %pushi/vec4 203, 0, 8;
    %cmp/u;
    %jmp/1 T_16.203, 6;
    %dup/vec4;
    %pushi/vec4 204, 0, 8;
    %cmp/u;
    %jmp/1 T_16.204, 6;
    %dup/vec4;
    %pushi/vec4 205, 0, 8;
    %cmp/u;
    %jmp/1 T_16.205, 6;
    %dup/vec4;
    %pushi/vec4 206, 0, 8;
    %cmp/u;
    %jmp/1 T_16.206, 6;
    %dup/vec4;
    %pushi/vec4 207, 0, 8;
    %cmp/u;
    %jmp/1 T_16.207, 6;
    %dup/vec4;
    %pushi/vec4 208, 0, 8;
    %cmp/u;
    %jmp/1 T_16.208, 6;
    %dup/vec4;
    %pushi/vec4 209, 0, 8;
    %cmp/u;
    %jmp/1 T_16.209, 6;
    %dup/vec4;
    %pushi/vec4 210, 0, 8;
    %cmp/u;
    %jmp/1 T_16.210, 6;
    %dup/vec4;
    %pushi/vec4 211, 0, 8;
    %cmp/u;
    %jmp/1 T_16.211, 6;
    %dup/vec4;
    %pushi/vec4 212, 0, 8;
    %cmp/u;
    %jmp/1 T_16.212, 6;
    %dup/vec4;
    %pushi/vec4 213, 0, 8;
    %cmp/u;
    %jmp/1 T_16.213, 6;
    %dup/vec4;
    %pushi/vec4 214, 0, 8;
    %cmp/u;
    %jmp/1 T_16.214, 6;
    %dup/vec4;
    %pushi/vec4 215, 0, 8;
    %cmp/u;
    %jmp/1 T_16.215, 6;
    %dup/vec4;
    %pushi/vec4 216, 0, 8;
    %cmp/u;
    %jmp/1 T_16.216, 6;
    %dup/vec4;
    %pushi/vec4 217, 0, 8;
    %cmp/u;
    %jmp/1 T_16.217, 6;
    %dup/vec4;
    %pushi/vec4 218, 0, 8;
    %cmp/u;
    %jmp/1 T_16.218, 6;
    %dup/vec4;
    %pushi/vec4 219, 0, 8;
    %cmp/u;
    %jmp/1 T_16.219, 6;
    %dup/vec4;
    %pushi/vec4 220, 0, 8;
    %cmp/u;
    %jmp/1 T_16.220, 6;
    %dup/vec4;
    %pushi/vec4 221, 0, 8;
    %cmp/u;
    %jmp/1 T_16.221, 6;
    %dup/vec4;
    %pushi/vec4 222, 0, 8;
    %cmp/u;
    %jmp/1 T_16.222, 6;
    %dup/vec4;
    %pushi/vec4 223, 0, 8;
    %cmp/u;
    %jmp/1 T_16.223, 6;
    %dup/vec4;
    %pushi/vec4 224, 0, 8;
    %cmp/u;
    %jmp/1 T_16.224, 6;
    %dup/vec4;
    %pushi/vec4 225, 0, 8;
    %cmp/u;
    %jmp/1 T_16.225, 6;
    %dup/vec4;
    %pushi/vec4 226, 0, 8;
    %cmp/u;
    %jmp/1 T_16.226, 6;
    %dup/vec4;
    %pushi/vec4 227, 0, 8;
    %cmp/u;
    %jmp/1 T_16.227, 6;
    %dup/vec4;
    %pushi/vec4 228, 0, 8;
    %cmp/u;
    %jmp/1 T_16.228, 6;
    %dup/vec4;
    %pushi/vec4 229, 0, 8;
    %cmp/u;
    %jmp/1 T_16.229, 6;
    %dup/vec4;
    %pushi/vec4 230, 0, 8;
    %cmp/u;
    %jmp/1 T_16.230, 6;
    %dup/vec4;
    %pushi/vec4 231, 0, 8;
    %cmp/u;
    %jmp/1 T_16.231, 6;
    %dup/vec4;
    %pushi/vec4 232, 0, 8;
    %cmp/u;
    %jmp/1 T_16.232, 6;
    %dup/vec4;
    %pushi/vec4 233, 0, 8;
    %cmp/u;
    %jmp/1 T_16.233, 6;
    %dup/vec4;
    %pushi/vec4 234, 0, 8;
    %cmp/u;
    %jmp/1 T_16.234, 6;
    %dup/vec4;
    %pushi/vec4 235, 0, 8;
    %cmp/u;
    %jmp/1 T_16.235, 6;
    %dup/vec4;
    %pushi/vec4 236, 0, 8;
    %cmp/u;
    %jmp/1 T_16.236, 6;
    %dup/vec4;
    %pushi/vec4 237, 0, 8;
    %cmp/u;
    %jmp/1 T_16.237, 6;
    %dup/vec4;
    %pushi/vec4 238, 0, 8;
    %cmp/u;
    %jmp/1 T_16.238, 6;
    %dup/vec4;
    %pushi/vec4 239, 0, 8;
    %cmp/u;
    %jmp/1 T_16.239, 6;
    %dup/vec4;
    %pushi/vec4 240, 0, 8;
    %cmp/u;
    %jmp/1 T_16.240, 6;
    %dup/vec4;
    %pushi/vec4 241, 0, 8;
    %cmp/u;
    %jmp/1 T_16.241, 6;
    %dup/vec4;
    %pushi/vec4 242, 0, 8;
    %cmp/u;
    %jmp/1 T_16.242, 6;
    %dup/vec4;
    %pushi/vec4 243, 0, 8;
    %cmp/u;
    %jmp/1 T_16.243, 6;
    %dup/vec4;
    %pushi/vec4 244, 0, 8;
    %cmp/u;
    %jmp/1 T_16.244, 6;
    %dup/vec4;
    %pushi/vec4 245, 0, 8;
    %cmp/u;
    %jmp/1 T_16.245, 6;
    %dup/vec4;
    %pushi/vec4 246, 0, 8;
    %cmp/u;
    %jmp/1 T_16.246, 6;
    %dup/vec4;
    %pushi/vec4 247, 0, 8;
    %cmp/u;
    %jmp/1 T_16.247, 6;
    %dup/vec4;
    %pushi/vec4 248, 0, 8;
    %cmp/u;
    %jmp/1 T_16.248, 6;
    %dup/vec4;
    %pushi/vec4 249, 0, 8;
    %cmp/u;
    %jmp/1 T_16.249, 6;
    %dup/vec4;
    %pushi/vec4 250, 0, 8;
    %cmp/u;
    %jmp/1 T_16.250, 6;
    %dup/vec4;
    %pushi/vec4 251, 0, 8;
    %cmp/u;
    %jmp/1 T_16.251, 6;
    %dup/vec4;
    %pushi/vec4 252, 0, 8;
    %cmp/u;
    %jmp/1 T_16.252, 6;
    %dup/vec4;
    %pushi/vec4 253, 0, 8;
    %cmp/u;
    %jmp/1 T_16.253, 6;
    %dup/vec4;
    %pushi/vec4 254, 0, 8;
    %cmp/u;
    %jmp/1 T_16.254, 6;
    %dup/vec4;
    %pushi/vec4 255, 0, 8;
    %cmp/u;
    %jmp/1 T_16.255, 6;
    %jmp T_16.256;
T_16.0 ;
    %pushi/vec4 99, 0, 8;
    %store/vec4 v000001d9d066cec0_0, 0, 8;
    %jmp T_16.256;
T_16.1 ;
    %pushi/vec4 124, 0, 8;
    %store/vec4 v000001d9d066cec0_0, 0, 8;
    %jmp T_16.256;
T_16.2 ;
    %pushi/vec4 119, 0, 8;
    %store/vec4 v000001d9d066cec0_0, 0, 8;
    %jmp T_16.256;
T_16.3 ;
    %pushi/vec4 123, 0, 8;
    %store/vec4 v000001d9d066cec0_0, 0, 8;
    %jmp T_16.256;
T_16.4 ;
    %pushi/vec4 242, 0, 8;
    %store/vec4 v000001d9d066cec0_0, 0, 8;
    %jmp T_16.256;
T_16.5 ;
    %pushi/vec4 107, 0, 8;
    %store/vec4 v000001d9d066cec0_0, 0, 8;
    %jmp T_16.256;
T_16.6 ;
    %pushi/vec4 111, 0, 8;
    %store/vec4 v000001d9d066cec0_0, 0, 8;
    %jmp T_16.256;
T_16.7 ;
    %pushi/vec4 197, 0, 8;
    %store/vec4 v000001d9d066cec0_0, 0, 8;
    %jmp T_16.256;
T_16.8 ;
    %pushi/vec4 48, 0, 8;
    %store/vec4 v000001d9d066cec0_0, 0, 8;
    %jmp T_16.256;
T_16.9 ;
    %pushi/vec4 1, 0, 8;
    %store/vec4 v000001d9d066cec0_0, 0, 8;
    %jmp T_16.256;
T_16.10 ;
    %pushi/vec4 103, 0, 8;
    %store/vec4 v000001d9d066cec0_0, 0, 8;
    %jmp T_16.256;
T_16.11 ;
    %pushi/vec4 43, 0, 8;
    %store/vec4 v000001d9d066cec0_0, 0, 8;
    %jmp T_16.256;
T_16.12 ;
    %pushi/vec4 254, 0, 8;
    %store/vec4 v000001d9d066cec0_0, 0, 8;
    %jmp T_16.256;
T_16.13 ;
    %pushi/vec4 215, 0, 8;
    %store/vec4 v000001d9d066cec0_0, 0, 8;
    %jmp T_16.256;
T_16.14 ;
    %pushi/vec4 171, 0, 8;
    %store/vec4 v000001d9d066cec0_0, 0, 8;
    %jmp T_16.256;
T_16.15 ;
    %pushi/vec4 118, 0, 8;
    %store/vec4 v000001d9d066cec0_0, 0, 8;
    %jmp T_16.256;
T_16.16 ;
    %pushi/vec4 202, 0, 8;
    %store/vec4 v000001d9d066cec0_0, 0, 8;
    %jmp T_16.256;
T_16.17 ;
    %pushi/vec4 130, 0, 8;
    %store/vec4 v000001d9d066cec0_0, 0, 8;
    %jmp T_16.256;
T_16.18 ;
    %pushi/vec4 201, 0, 8;
    %store/vec4 v000001d9d066cec0_0, 0, 8;
    %jmp T_16.256;
T_16.19 ;
    %pushi/vec4 125, 0, 8;
    %store/vec4 v000001d9d066cec0_0, 0, 8;
    %jmp T_16.256;
T_16.20 ;
    %pushi/vec4 250, 0, 8;
    %store/vec4 v000001d9d066cec0_0, 0, 8;
    %jmp T_16.256;
T_16.21 ;
    %pushi/vec4 89, 0, 8;
    %store/vec4 v000001d9d066cec0_0, 0, 8;
    %jmp T_16.256;
T_16.22 ;
    %pushi/vec4 71, 0, 8;
    %store/vec4 v000001d9d066cec0_0, 0, 8;
    %jmp T_16.256;
T_16.23 ;
    %pushi/vec4 240, 0, 8;
    %store/vec4 v000001d9d066cec0_0, 0, 8;
    %jmp T_16.256;
T_16.24 ;
    %pushi/vec4 173, 0, 8;
    %store/vec4 v000001d9d066cec0_0, 0, 8;
    %jmp T_16.256;
T_16.25 ;
    %pushi/vec4 212, 0, 8;
    %store/vec4 v000001d9d066cec0_0, 0, 8;
    %jmp T_16.256;
T_16.26 ;
    %pushi/vec4 162, 0, 8;
    %store/vec4 v000001d9d066cec0_0, 0, 8;
    %jmp T_16.256;
T_16.27 ;
    %pushi/vec4 175, 0, 8;
    %store/vec4 v000001d9d066cec0_0, 0, 8;
    %jmp T_16.256;
T_16.28 ;
    %pushi/vec4 156, 0, 8;
    %store/vec4 v000001d9d066cec0_0, 0, 8;
    %jmp T_16.256;
T_16.29 ;
    %pushi/vec4 164, 0, 8;
    %store/vec4 v000001d9d066cec0_0, 0, 8;
    %jmp T_16.256;
T_16.30 ;
    %pushi/vec4 114, 0, 8;
    %store/vec4 v000001d9d066cec0_0, 0, 8;
    %jmp T_16.256;
T_16.31 ;
    %pushi/vec4 192, 0, 8;
    %store/vec4 v000001d9d066cec0_0, 0, 8;
    %jmp T_16.256;
T_16.32 ;
    %pushi/vec4 183, 0, 8;
    %store/vec4 v000001d9d066cec0_0, 0, 8;
    %jmp T_16.256;
T_16.33 ;
    %pushi/vec4 253, 0, 8;
    %store/vec4 v000001d9d066cec0_0, 0, 8;
    %jmp T_16.256;
T_16.34 ;
    %pushi/vec4 147, 0, 8;
    %store/vec4 v000001d9d066cec0_0, 0, 8;
    %jmp T_16.256;
T_16.35 ;
    %pushi/vec4 38, 0, 8;
    %store/vec4 v000001d9d066cec0_0, 0, 8;
    %jmp T_16.256;
T_16.36 ;
    %pushi/vec4 54, 0, 8;
    %store/vec4 v000001d9d066cec0_0, 0, 8;
    %jmp T_16.256;
T_16.37 ;
    %pushi/vec4 63, 0, 8;
    %store/vec4 v000001d9d066cec0_0, 0, 8;
    %jmp T_16.256;
T_16.38 ;
    %pushi/vec4 247, 0, 8;
    %store/vec4 v000001d9d066cec0_0, 0, 8;
    %jmp T_16.256;
T_16.39 ;
    %pushi/vec4 204, 0, 8;
    %store/vec4 v000001d9d066cec0_0, 0, 8;
    %jmp T_16.256;
T_16.40 ;
    %pushi/vec4 52, 0, 8;
    %store/vec4 v000001d9d066cec0_0, 0, 8;
    %jmp T_16.256;
T_16.41 ;
    %pushi/vec4 165, 0, 8;
    %store/vec4 v000001d9d066cec0_0, 0, 8;
    %jmp T_16.256;
T_16.42 ;
    %pushi/vec4 229, 0, 8;
    %store/vec4 v000001d9d066cec0_0, 0, 8;
    %jmp T_16.256;
T_16.43 ;
    %pushi/vec4 241, 0, 8;
    %store/vec4 v000001d9d066cec0_0, 0, 8;
    %jmp T_16.256;
T_16.44 ;
    %pushi/vec4 113, 0, 8;
    %store/vec4 v000001d9d066cec0_0, 0, 8;
    %jmp T_16.256;
T_16.45 ;
    %pushi/vec4 216, 0, 8;
    %store/vec4 v000001d9d066cec0_0, 0, 8;
    %jmp T_16.256;
T_16.46 ;
    %pushi/vec4 49, 0, 8;
    %store/vec4 v000001d9d066cec0_0, 0, 8;
    %jmp T_16.256;
T_16.47 ;
    %pushi/vec4 21, 0, 8;
    %store/vec4 v000001d9d066cec0_0, 0, 8;
    %jmp T_16.256;
T_16.48 ;
    %pushi/vec4 4, 0, 8;
    %store/vec4 v000001d9d066cec0_0, 0, 8;
    %jmp T_16.256;
T_16.49 ;
    %pushi/vec4 199, 0, 8;
    %store/vec4 v000001d9d066cec0_0, 0, 8;
    %jmp T_16.256;
T_16.50 ;
    %pushi/vec4 35, 0, 8;
    %store/vec4 v000001d9d066cec0_0, 0, 8;
    %jmp T_16.256;
T_16.51 ;
    %pushi/vec4 195, 0, 8;
    %store/vec4 v000001d9d066cec0_0, 0, 8;
    %jmp T_16.256;
T_16.52 ;
    %pushi/vec4 24, 0, 8;
    %store/vec4 v000001d9d066cec0_0, 0, 8;
    %jmp T_16.256;
T_16.53 ;
    %pushi/vec4 150, 0, 8;
    %store/vec4 v000001d9d066cec0_0, 0, 8;
    %jmp T_16.256;
T_16.54 ;
    %pushi/vec4 5, 0, 8;
    %store/vec4 v000001d9d066cec0_0, 0, 8;
    %jmp T_16.256;
T_16.55 ;
    %pushi/vec4 154, 0, 8;
    %store/vec4 v000001d9d066cec0_0, 0, 8;
    %jmp T_16.256;
T_16.56 ;
    %pushi/vec4 7, 0, 8;
    %store/vec4 v000001d9d066cec0_0, 0, 8;
    %jmp T_16.256;
T_16.57 ;
    %pushi/vec4 18, 0, 8;
    %store/vec4 v000001d9d066cec0_0, 0, 8;
    %jmp T_16.256;
T_16.58 ;
    %pushi/vec4 128, 0, 8;
    %store/vec4 v000001d9d066cec0_0, 0, 8;
    %jmp T_16.256;
T_16.59 ;
    %pushi/vec4 226, 0, 8;
    %store/vec4 v000001d9d066cec0_0, 0, 8;
    %jmp T_16.256;
T_16.60 ;
    %pushi/vec4 235, 0, 8;
    %store/vec4 v000001d9d066cec0_0, 0, 8;
    %jmp T_16.256;
T_16.61 ;
    %pushi/vec4 39, 0, 8;
    %store/vec4 v000001d9d066cec0_0, 0, 8;
    %jmp T_16.256;
T_16.62 ;
    %pushi/vec4 178, 0, 8;
    %store/vec4 v000001d9d066cec0_0, 0, 8;
    %jmp T_16.256;
T_16.63 ;
    %pushi/vec4 117, 0, 8;
    %store/vec4 v000001d9d066cec0_0, 0, 8;
    %jmp T_16.256;
T_16.64 ;
    %pushi/vec4 9, 0, 8;
    %store/vec4 v000001d9d066cec0_0, 0, 8;
    %jmp T_16.256;
T_16.65 ;
    %pushi/vec4 131, 0, 8;
    %store/vec4 v000001d9d066cec0_0, 0, 8;
    %jmp T_16.256;
T_16.66 ;
    %pushi/vec4 44, 0, 8;
    %store/vec4 v000001d9d066cec0_0, 0, 8;
    %jmp T_16.256;
T_16.67 ;
    %pushi/vec4 26, 0, 8;
    %store/vec4 v000001d9d066cec0_0, 0, 8;
    %jmp T_16.256;
T_16.68 ;
    %pushi/vec4 27, 0, 8;
    %store/vec4 v000001d9d066cec0_0, 0, 8;
    %jmp T_16.256;
T_16.69 ;
    %pushi/vec4 110, 0, 8;
    %store/vec4 v000001d9d066cec0_0, 0, 8;
    %jmp T_16.256;
T_16.70 ;
    %pushi/vec4 90, 0, 8;
    %store/vec4 v000001d9d066cec0_0, 0, 8;
    %jmp T_16.256;
T_16.71 ;
    %pushi/vec4 160, 0, 8;
    %store/vec4 v000001d9d066cec0_0, 0, 8;
    %jmp T_16.256;
T_16.72 ;
    %pushi/vec4 82, 0, 8;
    %store/vec4 v000001d9d066cec0_0, 0, 8;
    %jmp T_16.256;
T_16.73 ;
    %pushi/vec4 59, 0, 8;
    %store/vec4 v000001d9d066cec0_0, 0, 8;
    %jmp T_16.256;
T_16.74 ;
    %pushi/vec4 214, 0, 8;
    %store/vec4 v000001d9d066cec0_0, 0, 8;
    %jmp T_16.256;
T_16.75 ;
    %pushi/vec4 179, 0, 8;
    %store/vec4 v000001d9d066cec0_0, 0, 8;
    %jmp T_16.256;
T_16.76 ;
    %pushi/vec4 41, 0, 8;
    %store/vec4 v000001d9d066cec0_0, 0, 8;
    %jmp T_16.256;
T_16.77 ;
    %pushi/vec4 227, 0, 8;
    %store/vec4 v000001d9d066cec0_0, 0, 8;
    %jmp T_16.256;
T_16.78 ;
    %pushi/vec4 47, 0, 8;
    %store/vec4 v000001d9d066cec0_0, 0, 8;
    %jmp T_16.256;
T_16.79 ;
    %pushi/vec4 132, 0, 8;
    %store/vec4 v000001d9d066cec0_0, 0, 8;
    %jmp T_16.256;
T_16.80 ;
    %pushi/vec4 83, 0, 8;
    %store/vec4 v000001d9d066cec0_0, 0, 8;
    %jmp T_16.256;
T_16.81 ;
    %pushi/vec4 209, 0, 8;
    %store/vec4 v000001d9d066cec0_0, 0, 8;
    %jmp T_16.256;
T_16.82 ;
    %pushi/vec4 0, 0, 8;
    %store/vec4 v000001d9d066cec0_0, 0, 8;
    %jmp T_16.256;
T_16.83 ;
    %pushi/vec4 237, 0, 8;
    %store/vec4 v000001d9d066cec0_0, 0, 8;
    %jmp T_16.256;
T_16.84 ;
    %pushi/vec4 32, 0, 8;
    %store/vec4 v000001d9d066cec0_0, 0, 8;
    %jmp T_16.256;
T_16.85 ;
    %pushi/vec4 252, 0, 8;
    %store/vec4 v000001d9d066cec0_0, 0, 8;
    %jmp T_16.256;
T_16.86 ;
    %pushi/vec4 177, 0, 8;
    %store/vec4 v000001d9d066cec0_0, 0, 8;
    %jmp T_16.256;
T_16.87 ;
    %pushi/vec4 91, 0, 8;
    %store/vec4 v000001d9d066cec0_0, 0, 8;
    %jmp T_16.256;
T_16.88 ;
    %pushi/vec4 106, 0, 8;
    %store/vec4 v000001d9d066cec0_0, 0, 8;
    %jmp T_16.256;
T_16.89 ;
    %pushi/vec4 203, 0, 8;
    %store/vec4 v000001d9d066cec0_0, 0, 8;
    %jmp T_16.256;
T_16.90 ;
    %pushi/vec4 190, 0, 8;
    %store/vec4 v000001d9d066cec0_0, 0, 8;
    %jmp T_16.256;
T_16.91 ;
    %pushi/vec4 57, 0, 8;
    %store/vec4 v000001d9d066cec0_0, 0, 8;
    %jmp T_16.256;
T_16.92 ;
    %pushi/vec4 74, 0, 8;
    %store/vec4 v000001d9d066cec0_0, 0, 8;
    %jmp T_16.256;
T_16.93 ;
    %pushi/vec4 76, 0, 8;
    %store/vec4 v000001d9d066cec0_0, 0, 8;
    %jmp T_16.256;
T_16.94 ;
    %pushi/vec4 88, 0, 8;
    %store/vec4 v000001d9d066cec0_0, 0, 8;
    %jmp T_16.256;
T_16.95 ;
    %pushi/vec4 207, 0, 8;
    %store/vec4 v000001d9d066cec0_0, 0, 8;
    %jmp T_16.256;
T_16.96 ;
    %pushi/vec4 208, 0, 8;
    %store/vec4 v000001d9d066cec0_0, 0, 8;
    %jmp T_16.256;
T_16.97 ;
    %pushi/vec4 239, 0, 8;
    %store/vec4 v000001d9d066cec0_0, 0, 8;
    %jmp T_16.256;
T_16.98 ;
    %pushi/vec4 170, 0, 8;
    %store/vec4 v000001d9d066cec0_0, 0, 8;
    %jmp T_16.256;
T_16.99 ;
    %pushi/vec4 251, 0, 8;
    %store/vec4 v000001d9d066cec0_0, 0, 8;
    %jmp T_16.256;
T_16.100 ;
    %pushi/vec4 67, 0, 8;
    %store/vec4 v000001d9d066cec0_0, 0, 8;
    %jmp T_16.256;
T_16.101 ;
    %pushi/vec4 77, 0, 8;
    %store/vec4 v000001d9d066cec0_0, 0, 8;
    %jmp T_16.256;
T_16.102 ;
    %pushi/vec4 51, 0, 8;
    %store/vec4 v000001d9d066cec0_0, 0, 8;
    %jmp T_16.256;
T_16.103 ;
    %pushi/vec4 133, 0, 8;
    %store/vec4 v000001d9d066cec0_0, 0, 8;
    %jmp T_16.256;
T_16.104 ;
    %pushi/vec4 69, 0, 8;
    %store/vec4 v000001d9d066cec0_0, 0, 8;
    %jmp T_16.256;
T_16.105 ;
    %pushi/vec4 249, 0, 8;
    %store/vec4 v000001d9d066cec0_0, 0, 8;
    %jmp T_16.256;
T_16.106 ;
    %pushi/vec4 2, 0, 8;
    %store/vec4 v000001d9d066cec0_0, 0, 8;
    %jmp T_16.256;
T_16.107 ;
    %pushi/vec4 127, 0, 8;
    %store/vec4 v000001d9d066cec0_0, 0, 8;
    %jmp T_16.256;
T_16.108 ;
    %pushi/vec4 80, 0, 8;
    %store/vec4 v000001d9d066cec0_0, 0, 8;
    %jmp T_16.256;
T_16.109 ;
    %pushi/vec4 60, 0, 8;
    %store/vec4 v000001d9d066cec0_0, 0, 8;
    %jmp T_16.256;
T_16.110 ;
    %pushi/vec4 159, 0, 8;
    %store/vec4 v000001d9d066cec0_0, 0, 8;
    %jmp T_16.256;
T_16.111 ;
    %pushi/vec4 168, 0, 8;
    %store/vec4 v000001d9d066cec0_0, 0, 8;
    %jmp T_16.256;
T_16.112 ;
    %pushi/vec4 81, 0, 8;
    %store/vec4 v000001d9d066cec0_0, 0, 8;
    %jmp T_16.256;
T_16.113 ;
    %pushi/vec4 163, 0, 8;
    %store/vec4 v000001d9d066cec0_0, 0, 8;
    %jmp T_16.256;
T_16.114 ;
    %pushi/vec4 64, 0, 8;
    %store/vec4 v000001d9d066cec0_0, 0, 8;
    %jmp T_16.256;
T_16.115 ;
    %pushi/vec4 143, 0, 8;
    %store/vec4 v000001d9d066cec0_0, 0, 8;
    %jmp T_16.256;
T_16.116 ;
    %pushi/vec4 146, 0, 8;
    %store/vec4 v000001d9d066cec0_0, 0, 8;
    %jmp T_16.256;
T_16.117 ;
    %pushi/vec4 157, 0, 8;
    %store/vec4 v000001d9d066cec0_0, 0, 8;
    %jmp T_16.256;
T_16.118 ;
    %pushi/vec4 56, 0, 8;
    %store/vec4 v000001d9d066cec0_0, 0, 8;
    %jmp T_16.256;
T_16.119 ;
    %pushi/vec4 245, 0, 8;
    %store/vec4 v000001d9d066cec0_0, 0, 8;
    %jmp T_16.256;
T_16.120 ;
    %pushi/vec4 188, 0, 8;
    %store/vec4 v000001d9d066cec0_0, 0, 8;
    %jmp T_16.256;
T_16.121 ;
    %pushi/vec4 182, 0, 8;
    %store/vec4 v000001d9d066cec0_0, 0, 8;
    %jmp T_16.256;
T_16.122 ;
    %pushi/vec4 218, 0, 8;
    %store/vec4 v000001d9d066cec0_0, 0, 8;
    %jmp T_16.256;
T_16.123 ;
    %pushi/vec4 33, 0, 8;
    %store/vec4 v000001d9d066cec0_0, 0, 8;
    %jmp T_16.256;
T_16.124 ;
    %pushi/vec4 16, 0, 8;
    %store/vec4 v000001d9d066cec0_0, 0, 8;
    %jmp T_16.256;
T_16.125 ;
    %pushi/vec4 255, 0, 8;
    %store/vec4 v000001d9d066cec0_0, 0, 8;
    %jmp T_16.256;
T_16.126 ;
    %pushi/vec4 243, 0, 8;
    %store/vec4 v000001d9d066cec0_0, 0, 8;
    %jmp T_16.256;
T_16.127 ;
    %pushi/vec4 210, 0, 8;
    %store/vec4 v000001d9d066cec0_0, 0, 8;
    %jmp T_16.256;
T_16.128 ;
    %pushi/vec4 205, 0, 8;
    %store/vec4 v000001d9d066cec0_0, 0, 8;
    %jmp T_16.256;
T_16.129 ;
    %pushi/vec4 12, 0, 8;
    %store/vec4 v000001d9d066cec0_0, 0, 8;
    %jmp T_16.256;
T_16.130 ;
    %pushi/vec4 19, 0, 8;
    %store/vec4 v000001d9d066cec0_0, 0, 8;
    %jmp T_16.256;
T_16.131 ;
    %pushi/vec4 236, 0, 8;
    %store/vec4 v000001d9d066cec0_0, 0, 8;
    %jmp T_16.256;
T_16.132 ;
    %pushi/vec4 95, 0, 8;
    %store/vec4 v000001d9d066cec0_0, 0, 8;
    %jmp T_16.256;
T_16.133 ;
    %pushi/vec4 151, 0, 8;
    %store/vec4 v000001d9d066cec0_0, 0, 8;
    %jmp T_16.256;
T_16.134 ;
    %pushi/vec4 68, 0, 8;
    %store/vec4 v000001d9d066cec0_0, 0, 8;
    %jmp T_16.256;
T_16.135 ;
    %pushi/vec4 23, 0, 8;
    %store/vec4 v000001d9d066cec0_0, 0, 8;
    %jmp T_16.256;
T_16.136 ;
    %pushi/vec4 196, 0, 8;
    %store/vec4 v000001d9d066cec0_0, 0, 8;
    %jmp T_16.256;
T_16.137 ;
    %pushi/vec4 167, 0, 8;
    %store/vec4 v000001d9d066cec0_0, 0, 8;
    %jmp T_16.256;
T_16.138 ;
    %pushi/vec4 126, 0, 8;
    %store/vec4 v000001d9d066cec0_0, 0, 8;
    %jmp T_16.256;
T_16.139 ;
    %pushi/vec4 61, 0, 8;
    %store/vec4 v000001d9d066cec0_0, 0, 8;
    %jmp T_16.256;
T_16.140 ;
    %pushi/vec4 100, 0, 8;
    %store/vec4 v000001d9d066cec0_0, 0, 8;
    %jmp T_16.256;
T_16.141 ;
    %pushi/vec4 93, 0, 8;
    %store/vec4 v000001d9d066cec0_0, 0, 8;
    %jmp T_16.256;
T_16.142 ;
    %pushi/vec4 25, 0, 8;
    %store/vec4 v000001d9d066cec0_0, 0, 8;
    %jmp T_16.256;
T_16.143 ;
    %pushi/vec4 115, 0, 8;
    %store/vec4 v000001d9d066cec0_0, 0, 8;
    %jmp T_16.256;
T_16.144 ;
    %pushi/vec4 96, 0, 8;
    %store/vec4 v000001d9d066cec0_0, 0, 8;
    %jmp T_16.256;
T_16.145 ;
    %pushi/vec4 129, 0, 8;
    %store/vec4 v000001d9d066cec0_0, 0, 8;
    %jmp T_16.256;
T_16.146 ;
    %pushi/vec4 79, 0, 8;
    %store/vec4 v000001d9d066cec0_0, 0, 8;
    %jmp T_16.256;
T_16.147 ;
    %pushi/vec4 220, 0, 8;
    %store/vec4 v000001d9d066cec0_0, 0, 8;
    %jmp T_16.256;
T_16.148 ;
    %pushi/vec4 34, 0, 8;
    %store/vec4 v000001d9d066cec0_0, 0, 8;
    %jmp T_16.256;
T_16.149 ;
    %pushi/vec4 42, 0, 8;
    %store/vec4 v000001d9d066cec0_0, 0, 8;
    %jmp T_16.256;
T_16.150 ;
    %pushi/vec4 144, 0, 8;
    %store/vec4 v000001d9d066cec0_0, 0, 8;
    %jmp T_16.256;
T_16.151 ;
    %pushi/vec4 136, 0, 8;
    %store/vec4 v000001d9d066cec0_0, 0, 8;
    %jmp T_16.256;
T_16.152 ;
    %pushi/vec4 70, 0, 8;
    %store/vec4 v000001d9d066cec0_0, 0, 8;
    %jmp T_16.256;
T_16.153 ;
    %pushi/vec4 238, 0, 8;
    %store/vec4 v000001d9d066cec0_0, 0, 8;
    %jmp T_16.256;
T_16.154 ;
    %pushi/vec4 184, 0, 8;
    %store/vec4 v000001d9d066cec0_0, 0, 8;
    %jmp T_16.256;
T_16.155 ;
    %pushi/vec4 20, 0, 8;
    %store/vec4 v000001d9d066cec0_0, 0, 8;
    %jmp T_16.256;
T_16.156 ;
    %pushi/vec4 222, 0, 8;
    %store/vec4 v000001d9d066cec0_0, 0, 8;
    %jmp T_16.256;
T_16.157 ;
    %pushi/vec4 94, 0, 8;
    %store/vec4 v000001d9d066cec0_0, 0, 8;
    %jmp T_16.256;
T_16.158 ;
    %pushi/vec4 11, 0, 8;
    %store/vec4 v000001d9d066cec0_0, 0, 8;
    %jmp T_16.256;
T_16.159 ;
    %pushi/vec4 219, 0, 8;
    %store/vec4 v000001d9d066cec0_0, 0, 8;
    %jmp T_16.256;
T_16.160 ;
    %pushi/vec4 224, 0, 8;
    %store/vec4 v000001d9d066cec0_0, 0, 8;
    %jmp T_16.256;
T_16.161 ;
    %pushi/vec4 50, 0, 8;
    %store/vec4 v000001d9d066cec0_0, 0, 8;
    %jmp T_16.256;
T_16.162 ;
    %pushi/vec4 58, 0, 8;
    %store/vec4 v000001d9d066cec0_0, 0, 8;
    %jmp T_16.256;
T_16.163 ;
    %pushi/vec4 10, 0, 8;
    %store/vec4 v000001d9d066cec0_0, 0, 8;
    %jmp T_16.256;
T_16.164 ;
    %pushi/vec4 73, 0, 8;
    %store/vec4 v000001d9d066cec0_0, 0, 8;
    %jmp T_16.256;
T_16.165 ;
    %pushi/vec4 6, 0, 8;
    %store/vec4 v000001d9d066cec0_0, 0, 8;
    %jmp T_16.256;
T_16.166 ;
    %pushi/vec4 36, 0, 8;
    %store/vec4 v000001d9d066cec0_0, 0, 8;
    %jmp T_16.256;
T_16.167 ;
    %pushi/vec4 92, 0, 8;
    %store/vec4 v000001d9d066cec0_0, 0, 8;
    %jmp T_16.256;
T_16.168 ;
    %pushi/vec4 194, 0, 8;
    %store/vec4 v000001d9d066cec0_0, 0, 8;
    %jmp T_16.256;
T_16.169 ;
    %pushi/vec4 211, 0, 8;
    %store/vec4 v000001d9d066cec0_0, 0, 8;
    %jmp T_16.256;
T_16.170 ;
    %pushi/vec4 172, 0, 8;
    %store/vec4 v000001d9d066cec0_0, 0, 8;
    %jmp T_16.256;
T_16.171 ;
    %pushi/vec4 98, 0, 8;
    %store/vec4 v000001d9d066cec0_0, 0, 8;
    %jmp T_16.256;
T_16.172 ;
    %pushi/vec4 145, 0, 8;
    %store/vec4 v000001d9d066cec0_0, 0, 8;
    %jmp T_16.256;
T_16.173 ;
    %pushi/vec4 149, 0, 8;
    %store/vec4 v000001d9d066cec0_0, 0, 8;
    %jmp T_16.256;
T_16.174 ;
    %pushi/vec4 228, 0, 8;
    %store/vec4 v000001d9d066cec0_0, 0, 8;
    %jmp T_16.256;
T_16.175 ;
    %pushi/vec4 121, 0, 8;
    %store/vec4 v000001d9d066cec0_0, 0, 8;
    %jmp T_16.256;
T_16.176 ;
    %pushi/vec4 231, 0, 8;
    %store/vec4 v000001d9d066cec0_0, 0, 8;
    %jmp T_16.256;
T_16.177 ;
    %pushi/vec4 200, 0, 8;
    %store/vec4 v000001d9d066cec0_0, 0, 8;
    %jmp T_16.256;
T_16.178 ;
    %pushi/vec4 55, 0, 8;
    %store/vec4 v000001d9d066cec0_0, 0, 8;
    %jmp T_16.256;
T_16.179 ;
    %pushi/vec4 109, 0, 8;
    %store/vec4 v000001d9d066cec0_0, 0, 8;
    %jmp T_16.256;
T_16.180 ;
    %pushi/vec4 141, 0, 8;
    %store/vec4 v000001d9d066cec0_0, 0, 8;
    %jmp T_16.256;
T_16.181 ;
    %pushi/vec4 213, 0, 8;
    %store/vec4 v000001d9d066cec0_0, 0, 8;
    %jmp T_16.256;
T_16.182 ;
    %pushi/vec4 78, 0, 8;
    %store/vec4 v000001d9d066cec0_0, 0, 8;
    %jmp T_16.256;
T_16.183 ;
    %pushi/vec4 169, 0, 8;
    %store/vec4 v000001d9d066cec0_0, 0, 8;
    %jmp T_16.256;
T_16.184 ;
    %pushi/vec4 108, 0, 8;
    %store/vec4 v000001d9d066cec0_0, 0, 8;
    %jmp T_16.256;
T_16.185 ;
    %pushi/vec4 86, 0, 8;
    %store/vec4 v000001d9d066cec0_0, 0, 8;
    %jmp T_16.256;
T_16.186 ;
    %pushi/vec4 244, 0, 8;
    %store/vec4 v000001d9d066cec0_0, 0, 8;
    %jmp T_16.256;
T_16.187 ;
    %pushi/vec4 234, 0, 8;
    %store/vec4 v000001d9d066cec0_0, 0, 8;
    %jmp T_16.256;
T_16.188 ;
    %pushi/vec4 101, 0, 8;
    %store/vec4 v000001d9d066cec0_0, 0, 8;
    %jmp T_16.256;
T_16.189 ;
    %pushi/vec4 122, 0, 8;
    %store/vec4 v000001d9d066cec0_0, 0, 8;
    %jmp T_16.256;
T_16.190 ;
    %pushi/vec4 174, 0, 8;
    %store/vec4 v000001d9d066cec0_0, 0, 8;
    %jmp T_16.256;
T_16.191 ;
    %pushi/vec4 8, 0, 8;
    %store/vec4 v000001d9d066cec0_0, 0, 8;
    %jmp T_16.256;
T_16.192 ;
    %pushi/vec4 186, 0, 8;
    %store/vec4 v000001d9d066cec0_0, 0, 8;
    %jmp T_16.256;
T_16.193 ;
    %pushi/vec4 120, 0, 8;
    %store/vec4 v000001d9d066cec0_0, 0, 8;
    %jmp T_16.256;
T_16.194 ;
    %pushi/vec4 37, 0, 8;
    %store/vec4 v000001d9d066cec0_0, 0, 8;
    %jmp T_16.256;
T_16.195 ;
    %pushi/vec4 46, 0, 8;
    %store/vec4 v000001d9d066cec0_0, 0, 8;
    %jmp T_16.256;
T_16.196 ;
    %pushi/vec4 28, 0, 8;
    %store/vec4 v000001d9d066cec0_0, 0, 8;
    %jmp T_16.256;
T_16.197 ;
    %pushi/vec4 166, 0, 8;
    %store/vec4 v000001d9d066cec0_0, 0, 8;
    %jmp T_16.256;
T_16.198 ;
    %pushi/vec4 180, 0, 8;
    %store/vec4 v000001d9d066cec0_0, 0, 8;
    %jmp T_16.256;
T_16.199 ;
    %pushi/vec4 198, 0, 8;
    %store/vec4 v000001d9d066cec0_0, 0, 8;
    %jmp T_16.256;
T_16.200 ;
    %pushi/vec4 232, 0, 8;
    %store/vec4 v000001d9d066cec0_0, 0, 8;
    %jmp T_16.256;
T_16.201 ;
    %pushi/vec4 221, 0, 8;
    %store/vec4 v000001d9d066cec0_0, 0, 8;
    %jmp T_16.256;
T_16.202 ;
    %pushi/vec4 116, 0, 8;
    %store/vec4 v000001d9d066cec0_0, 0, 8;
    %jmp T_16.256;
T_16.203 ;
    %pushi/vec4 31, 0, 8;
    %store/vec4 v000001d9d066cec0_0, 0, 8;
    %jmp T_16.256;
T_16.204 ;
    %pushi/vec4 75, 0, 8;
    %store/vec4 v000001d9d066cec0_0, 0, 8;
    %jmp T_16.256;
T_16.205 ;
    %pushi/vec4 189, 0, 8;
    %store/vec4 v000001d9d066cec0_0, 0, 8;
    %jmp T_16.256;
T_16.206 ;
    %pushi/vec4 139, 0, 8;
    %store/vec4 v000001d9d066cec0_0, 0, 8;
    %jmp T_16.256;
T_16.207 ;
    %pushi/vec4 138, 0, 8;
    %store/vec4 v000001d9d066cec0_0, 0, 8;
    %jmp T_16.256;
T_16.208 ;
    %pushi/vec4 112, 0, 8;
    %store/vec4 v000001d9d066cec0_0, 0, 8;
    %jmp T_16.256;
T_16.209 ;
    %pushi/vec4 62, 0, 8;
    %store/vec4 v000001d9d066cec0_0, 0, 8;
    %jmp T_16.256;
T_16.210 ;
    %pushi/vec4 181, 0, 8;
    %store/vec4 v000001d9d066cec0_0, 0, 8;
    %jmp T_16.256;
T_16.211 ;
    %pushi/vec4 102, 0, 8;
    %store/vec4 v000001d9d066cec0_0, 0, 8;
    %jmp T_16.256;
T_16.212 ;
    %pushi/vec4 72, 0, 8;
    %store/vec4 v000001d9d066cec0_0, 0, 8;
    %jmp T_16.256;
T_16.213 ;
    %pushi/vec4 3, 0, 8;
    %store/vec4 v000001d9d066cec0_0, 0, 8;
    %jmp T_16.256;
T_16.214 ;
    %pushi/vec4 246, 0, 8;
    %store/vec4 v000001d9d066cec0_0, 0, 8;
    %jmp T_16.256;
T_16.215 ;
    %pushi/vec4 14, 0, 8;
    %store/vec4 v000001d9d066cec0_0, 0, 8;
    %jmp T_16.256;
T_16.216 ;
    %pushi/vec4 97, 0, 8;
    %store/vec4 v000001d9d066cec0_0, 0, 8;
    %jmp T_16.256;
T_16.217 ;
    %pushi/vec4 53, 0, 8;
    %store/vec4 v000001d9d066cec0_0, 0, 8;
    %jmp T_16.256;
T_16.218 ;
    %pushi/vec4 87, 0, 8;
    %store/vec4 v000001d9d066cec0_0, 0, 8;
    %jmp T_16.256;
T_16.219 ;
    %pushi/vec4 185, 0, 8;
    %store/vec4 v000001d9d066cec0_0, 0, 8;
    %jmp T_16.256;
T_16.220 ;
    %pushi/vec4 134, 0, 8;
    %store/vec4 v000001d9d066cec0_0, 0, 8;
    %jmp T_16.256;
T_16.221 ;
    %pushi/vec4 193, 0, 8;
    %store/vec4 v000001d9d066cec0_0, 0, 8;
    %jmp T_16.256;
T_16.222 ;
    %pushi/vec4 29, 0, 8;
    %store/vec4 v000001d9d066cec0_0, 0, 8;
    %jmp T_16.256;
T_16.223 ;
    %pushi/vec4 158, 0, 8;
    %store/vec4 v000001d9d066cec0_0, 0, 8;
    %jmp T_16.256;
T_16.224 ;
    %pushi/vec4 225, 0, 8;
    %store/vec4 v000001d9d066cec0_0, 0, 8;
    %jmp T_16.256;
T_16.225 ;
    %pushi/vec4 248, 0, 8;
    %store/vec4 v000001d9d066cec0_0, 0, 8;
    %jmp T_16.256;
T_16.226 ;
    %pushi/vec4 152, 0, 8;
    %store/vec4 v000001d9d066cec0_0, 0, 8;
    %jmp T_16.256;
T_16.227 ;
    %pushi/vec4 17, 0, 8;
    %store/vec4 v000001d9d066cec0_0, 0, 8;
    %jmp T_16.256;
T_16.228 ;
    %pushi/vec4 105, 0, 8;
    %store/vec4 v000001d9d066cec0_0, 0, 8;
    %jmp T_16.256;
T_16.229 ;
    %pushi/vec4 217, 0, 8;
    %store/vec4 v000001d9d066cec0_0, 0, 8;
    %jmp T_16.256;
T_16.230 ;
    %pushi/vec4 142, 0, 8;
    %store/vec4 v000001d9d066cec0_0, 0, 8;
    %jmp T_16.256;
T_16.231 ;
    %pushi/vec4 148, 0, 8;
    %store/vec4 v000001d9d066cec0_0, 0, 8;
    %jmp T_16.256;
T_16.232 ;
    %pushi/vec4 155, 0, 8;
    %store/vec4 v000001d9d066cec0_0, 0, 8;
    %jmp T_16.256;
T_16.233 ;
    %pushi/vec4 30, 0, 8;
    %store/vec4 v000001d9d066cec0_0, 0, 8;
    %jmp T_16.256;
T_16.234 ;
    %pushi/vec4 135, 0, 8;
    %store/vec4 v000001d9d066cec0_0, 0, 8;
    %jmp T_16.256;
T_16.235 ;
    %pushi/vec4 233, 0, 8;
    %store/vec4 v000001d9d066cec0_0, 0, 8;
    %jmp T_16.256;
T_16.236 ;
    %pushi/vec4 206, 0, 8;
    %store/vec4 v000001d9d066cec0_0, 0, 8;
    %jmp T_16.256;
T_16.237 ;
    %pushi/vec4 85, 0, 8;
    %store/vec4 v000001d9d066cec0_0, 0, 8;
    %jmp T_16.256;
T_16.238 ;
    %pushi/vec4 40, 0, 8;
    %store/vec4 v000001d9d066cec0_0, 0, 8;
    %jmp T_16.256;
T_16.239 ;
    %pushi/vec4 223, 0, 8;
    %store/vec4 v000001d9d066cec0_0, 0, 8;
    %jmp T_16.256;
T_16.240 ;
    %pushi/vec4 140, 0, 8;
    %store/vec4 v000001d9d066cec0_0, 0, 8;
    %jmp T_16.256;
T_16.241 ;
    %pushi/vec4 161, 0, 8;
    %store/vec4 v000001d9d066cec0_0, 0, 8;
    %jmp T_16.256;
T_16.242 ;
    %pushi/vec4 137, 0, 8;
    %store/vec4 v000001d9d066cec0_0, 0, 8;
    %jmp T_16.256;
T_16.243 ;
    %pushi/vec4 13, 0, 8;
    %store/vec4 v000001d9d066cec0_0, 0, 8;
    %jmp T_16.256;
T_16.244 ;
    %pushi/vec4 191, 0, 8;
    %store/vec4 v000001d9d066cec0_0, 0, 8;
    %jmp T_16.256;
T_16.245 ;
    %pushi/vec4 230, 0, 8;
    %store/vec4 v000001d9d066cec0_0, 0, 8;
    %jmp T_16.256;
T_16.246 ;
    %pushi/vec4 66, 0, 8;
    %store/vec4 v000001d9d066cec0_0, 0, 8;
    %jmp T_16.256;
T_16.247 ;
    %pushi/vec4 104, 0, 8;
    %store/vec4 v000001d9d066cec0_0, 0, 8;
    %jmp T_16.256;
T_16.248 ;
    %pushi/vec4 65, 0, 8;
    %store/vec4 v000001d9d066cec0_0, 0, 8;
    %jmp T_16.256;
T_16.249 ;
    %pushi/vec4 153, 0, 8;
    %store/vec4 v000001d9d066cec0_0, 0, 8;
    %jmp T_16.256;
T_16.250 ;
    %pushi/vec4 45, 0, 8;
    %store/vec4 v000001d9d066cec0_0, 0, 8;
    %jmp T_16.256;
T_16.251 ;
    %pushi/vec4 15, 0, 8;
    %store/vec4 v000001d9d066cec0_0, 0, 8;
    %jmp T_16.256;
T_16.252 ;
    %pushi/vec4 176, 0, 8;
    %store/vec4 v000001d9d066cec0_0, 0, 8;
    %jmp T_16.256;
T_16.253 ;
    %pushi/vec4 84, 0, 8;
    %store/vec4 v000001d9d066cec0_0, 0, 8;
    %jmp T_16.256;
T_16.254 ;
    %pushi/vec4 187, 0, 8;
    %store/vec4 v000001d9d066cec0_0, 0, 8;
    %jmp T_16.256;
T_16.255 ;
    %pushi/vec4 22, 0, 8;
    %store/vec4 v000001d9d066cec0_0, 0, 8;
    %jmp T_16.256;
T_16.256 ;
    %pop/vec4 1;
    %jmp T_16;
    .thread T_16, $push;
    .scope S_000001d9d0675230;
T_17 ;
    %wait E_000001d9d05b71e0;
    %load/vec4 v000001d9d066d820_0;
    %dup/vec4;
    %pushi/vec4 0, 0, 8;
    %cmp/u;
    %jmp/1 T_17.0, 6;
    %dup/vec4;
    %pushi/vec4 1, 0, 8;
    %cmp/u;
    %jmp/1 T_17.1, 6;
    %dup/vec4;
    %pushi/vec4 2, 0, 8;
    %cmp/u;
    %jmp/1 T_17.2, 6;
    %dup/vec4;
    %pushi/vec4 3, 0, 8;
    %cmp/u;
    %jmp/1 T_17.3, 6;
    %dup/vec4;
    %pushi/vec4 4, 0, 8;
    %cmp/u;
    %jmp/1 T_17.4, 6;
    %dup/vec4;
    %pushi/vec4 5, 0, 8;
    %cmp/u;
    %jmp/1 T_17.5, 6;
    %dup/vec4;
    %pushi/vec4 6, 0, 8;
    %cmp/u;
    %jmp/1 T_17.6, 6;
    %dup/vec4;
    %pushi/vec4 7, 0, 8;
    %cmp/u;
    %jmp/1 T_17.7, 6;
    %dup/vec4;
    %pushi/vec4 8, 0, 8;
    %cmp/u;
    %jmp/1 T_17.8, 6;
    %dup/vec4;
    %pushi/vec4 9, 0, 8;
    %cmp/u;
    %jmp/1 T_17.9, 6;
    %dup/vec4;
    %pushi/vec4 10, 0, 8;
    %cmp/u;
    %jmp/1 T_17.10, 6;
    %dup/vec4;
    %pushi/vec4 11, 0, 8;
    %cmp/u;
    %jmp/1 T_17.11, 6;
    %dup/vec4;
    %pushi/vec4 12, 0, 8;
    %cmp/u;
    %jmp/1 T_17.12, 6;
    %dup/vec4;
    %pushi/vec4 13, 0, 8;
    %cmp/u;
    %jmp/1 T_17.13, 6;
    %dup/vec4;
    %pushi/vec4 14, 0, 8;
    %cmp/u;
    %jmp/1 T_17.14, 6;
    %dup/vec4;
    %pushi/vec4 15, 0, 8;
    %cmp/u;
    %jmp/1 T_17.15, 6;
    %dup/vec4;
    %pushi/vec4 16, 0, 8;
    %cmp/u;
    %jmp/1 T_17.16, 6;
    %dup/vec4;
    %pushi/vec4 17, 0, 8;
    %cmp/u;
    %jmp/1 T_17.17, 6;
    %dup/vec4;
    %pushi/vec4 18, 0, 8;
    %cmp/u;
    %jmp/1 T_17.18, 6;
    %dup/vec4;
    %pushi/vec4 19, 0, 8;
    %cmp/u;
    %jmp/1 T_17.19, 6;
    %dup/vec4;
    %pushi/vec4 20, 0, 8;
    %cmp/u;
    %jmp/1 T_17.20, 6;
    %dup/vec4;
    %pushi/vec4 21, 0, 8;
    %cmp/u;
    %jmp/1 T_17.21, 6;
    %dup/vec4;
    %pushi/vec4 22, 0, 8;
    %cmp/u;
    %jmp/1 T_17.22, 6;
    %dup/vec4;
    %pushi/vec4 23, 0, 8;
    %cmp/u;
    %jmp/1 T_17.23, 6;
    %dup/vec4;
    %pushi/vec4 24, 0, 8;
    %cmp/u;
    %jmp/1 T_17.24, 6;
    %dup/vec4;
    %pushi/vec4 25, 0, 8;
    %cmp/u;
    %jmp/1 T_17.25, 6;
    %dup/vec4;
    %pushi/vec4 26, 0, 8;
    %cmp/u;
    %jmp/1 T_17.26, 6;
    %dup/vec4;
    %pushi/vec4 27, 0, 8;
    %cmp/u;
    %jmp/1 T_17.27, 6;
    %dup/vec4;
    %pushi/vec4 28, 0, 8;
    %cmp/u;
    %jmp/1 T_17.28, 6;
    %dup/vec4;
    %pushi/vec4 29, 0, 8;
    %cmp/u;
    %jmp/1 T_17.29, 6;
    %dup/vec4;
    %pushi/vec4 30, 0, 8;
    %cmp/u;
    %jmp/1 T_17.30, 6;
    %dup/vec4;
    %pushi/vec4 31, 0, 8;
    %cmp/u;
    %jmp/1 T_17.31, 6;
    %dup/vec4;
    %pushi/vec4 32, 0, 8;
    %cmp/u;
    %jmp/1 T_17.32, 6;
    %dup/vec4;
    %pushi/vec4 33, 0, 8;
    %cmp/u;
    %jmp/1 T_17.33, 6;
    %dup/vec4;
    %pushi/vec4 34, 0, 8;
    %cmp/u;
    %jmp/1 T_17.34, 6;
    %dup/vec4;
    %pushi/vec4 35, 0, 8;
    %cmp/u;
    %jmp/1 T_17.35, 6;
    %dup/vec4;
    %pushi/vec4 36, 0, 8;
    %cmp/u;
    %jmp/1 T_17.36, 6;
    %dup/vec4;
    %pushi/vec4 37, 0, 8;
    %cmp/u;
    %jmp/1 T_17.37, 6;
    %dup/vec4;
    %pushi/vec4 38, 0, 8;
    %cmp/u;
    %jmp/1 T_17.38, 6;
    %dup/vec4;
    %pushi/vec4 39, 0, 8;
    %cmp/u;
    %jmp/1 T_17.39, 6;
    %dup/vec4;
    %pushi/vec4 40, 0, 8;
    %cmp/u;
    %jmp/1 T_17.40, 6;
    %dup/vec4;
    %pushi/vec4 41, 0, 8;
    %cmp/u;
    %jmp/1 T_17.41, 6;
    %dup/vec4;
    %pushi/vec4 42, 0, 8;
    %cmp/u;
    %jmp/1 T_17.42, 6;
    %dup/vec4;
    %pushi/vec4 43, 0, 8;
    %cmp/u;
    %jmp/1 T_17.43, 6;
    %dup/vec4;
    %pushi/vec4 44, 0, 8;
    %cmp/u;
    %jmp/1 T_17.44, 6;
    %dup/vec4;
    %pushi/vec4 45, 0, 8;
    %cmp/u;
    %jmp/1 T_17.45, 6;
    %dup/vec4;
    %pushi/vec4 46, 0, 8;
    %cmp/u;
    %jmp/1 T_17.46, 6;
    %dup/vec4;
    %pushi/vec4 47, 0, 8;
    %cmp/u;
    %jmp/1 T_17.47, 6;
    %dup/vec4;
    %pushi/vec4 48, 0, 8;
    %cmp/u;
    %jmp/1 T_17.48, 6;
    %dup/vec4;
    %pushi/vec4 49, 0, 8;
    %cmp/u;
    %jmp/1 T_17.49, 6;
    %dup/vec4;
    %pushi/vec4 50, 0, 8;
    %cmp/u;
    %jmp/1 T_17.50, 6;
    %dup/vec4;
    %pushi/vec4 51, 0, 8;
    %cmp/u;
    %jmp/1 T_17.51, 6;
    %dup/vec4;
    %pushi/vec4 52, 0, 8;
    %cmp/u;
    %jmp/1 T_17.52, 6;
    %dup/vec4;
    %pushi/vec4 53, 0, 8;
    %cmp/u;
    %jmp/1 T_17.53, 6;
    %dup/vec4;
    %pushi/vec4 54, 0, 8;
    %cmp/u;
    %jmp/1 T_17.54, 6;
    %dup/vec4;
    %pushi/vec4 55, 0, 8;
    %cmp/u;
    %jmp/1 T_17.55, 6;
    %dup/vec4;
    %pushi/vec4 56, 0, 8;
    %cmp/u;
    %jmp/1 T_17.56, 6;
    %dup/vec4;
    %pushi/vec4 57, 0, 8;
    %cmp/u;
    %jmp/1 T_17.57, 6;
    %dup/vec4;
    %pushi/vec4 58, 0, 8;
    %cmp/u;
    %jmp/1 T_17.58, 6;
    %dup/vec4;
    %pushi/vec4 59, 0, 8;
    %cmp/u;
    %jmp/1 T_17.59, 6;
    %dup/vec4;
    %pushi/vec4 60, 0, 8;
    %cmp/u;
    %jmp/1 T_17.60, 6;
    %dup/vec4;
    %pushi/vec4 61, 0, 8;
    %cmp/u;
    %jmp/1 T_17.61, 6;
    %dup/vec4;
    %pushi/vec4 62, 0, 8;
    %cmp/u;
    %jmp/1 T_17.62, 6;
    %dup/vec4;
    %pushi/vec4 63, 0, 8;
    %cmp/u;
    %jmp/1 T_17.63, 6;
    %dup/vec4;
    %pushi/vec4 64, 0, 8;
    %cmp/u;
    %jmp/1 T_17.64, 6;
    %dup/vec4;
    %pushi/vec4 65, 0, 8;
    %cmp/u;
    %jmp/1 T_17.65, 6;
    %dup/vec4;
    %pushi/vec4 66, 0, 8;
    %cmp/u;
    %jmp/1 T_17.66, 6;
    %dup/vec4;
    %pushi/vec4 67, 0, 8;
    %cmp/u;
    %jmp/1 T_17.67, 6;
    %dup/vec4;
    %pushi/vec4 68, 0, 8;
    %cmp/u;
    %jmp/1 T_17.68, 6;
    %dup/vec4;
    %pushi/vec4 69, 0, 8;
    %cmp/u;
    %jmp/1 T_17.69, 6;
    %dup/vec4;
    %pushi/vec4 70, 0, 8;
    %cmp/u;
    %jmp/1 T_17.70, 6;
    %dup/vec4;
    %pushi/vec4 71, 0, 8;
    %cmp/u;
    %jmp/1 T_17.71, 6;
    %dup/vec4;
    %pushi/vec4 72, 0, 8;
    %cmp/u;
    %jmp/1 T_17.72, 6;
    %dup/vec4;
    %pushi/vec4 73, 0, 8;
    %cmp/u;
    %jmp/1 T_17.73, 6;
    %dup/vec4;
    %pushi/vec4 74, 0, 8;
    %cmp/u;
    %jmp/1 T_17.74, 6;
    %dup/vec4;
    %pushi/vec4 75, 0, 8;
    %cmp/u;
    %jmp/1 T_17.75, 6;
    %dup/vec4;
    %pushi/vec4 76, 0, 8;
    %cmp/u;
    %jmp/1 T_17.76, 6;
    %dup/vec4;
    %pushi/vec4 77, 0, 8;
    %cmp/u;
    %jmp/1 T_17.77, 6;
    %dup/vec4;
    %pushi/vec4 78, 0, 8;
    %cmp/u;
    %jmp/1 T_17.78, 6;
    %dup/vec4;
    %pushi/vec4 79, 0, 8;
    %cmp/u;
    %jmp/1 T_17.79, 6;
    %dup/vec4;
    %pushi/vec4 80, 0, 8;
    %cmp/u;
    %jmp/1 T_17.80, 6;
    %dup/vec4;
    %pushi/vec4 81, 0, 8;
    %cmp/u;
    %jmp/1 T_17.81, 6;
    %dup/vec4;
    %pushi/vec4 82, 0, 8;
    %cmp/u;
    %jmp/1 T_17.82, 6;
    %dup/vec4;
    %pushi/vec4 83, 0, 8;
    %cmp/u;
    %jmp/1 T_17.83, 6;
    %dup/vec4;
    %pushi/vec4 84, 0, 8;
    %cmp/u;
    %jmp/1 T_17.84, 6;
    %dup/vec4;
    %pushi/vec4 85, 0, 8;
    %cmp/u;
    %jmp/1 T_17.85, 6;
    %dup/vec4;
    %pushi/vec4 86, 0, 8;
    %cmp/u;
    %jmp/1 T_17.86, 6;
    %dup/vec4;
    %pushi/vec4 87, 0, 8;
    %cmp/u;
    %jmp/1 T_17.87, 6;
    %dup/vec4;
    %pushi/vec4 88, 0, 8;
    %cmp/u;
    %jmp/1 T_17.88, 6;
    %dup/vec4;
    %pushi/vec4 89, 0, 8;
    %cmp/u;
    %jmp/1 T_17.89, 6;
    %dup/vec4;
    %pushi/vec4 90, 0, 8;
    %cmp/u;
    %jmp/1 T_17.90, 6;
    %dup/vec4;
    %pushi/vec4 91, 0, 8;
    %cmp/u;
    %jmp/1 T_17.91, 6;
    %dup/vec4;
    %pushi/vec4 92, 0, 8;
    %cmp/u;
    %jmp/1 T_17.92, 6;
    %dup/vec4;
    %pushi/vec4 93, 0, 8;
    %cmp/u;
    %jmp/1 T_17.93, 6;
    %dup/vec4;
    %pushi/vec4 94, 0, 8;
    %cmp/u;
    %jmp/1 T_17.94, 6;
    %dup/vec4;
    %pushi/vec4 95, 0, 8;
    %cmp/u;
    %jmp/1 T_17.95, 6;
    %dup/vec4;
    %pushi/vec4 96, 0, 8;
    %cmp/u;
    %jmp/1 T_17.96, 6;
    %dup/vec4;
    %pushi/vec4 97, 0, 8;
    %cmp/u;
    %jmp/1 T_17.97, 6;
    %dup/vec4;
    %pushi/vec4 98, 0, 8;
    %cmp/u;
    %jmp/1 T_17.98, 6;
    %dup/vec4;
    %pushi/vec4 99, 0, 8;
    %cmp/u;
    %jmp/1 T_17.99, 6;
    %dup/vec4;
    %pushi/vec4 100, 0, 8;
    %cmp/u;
    %jmp/1 T_17.100, 6;
    %dup/vec4;
    %pushi/vec4 101, 0, 8;
    %cmp/u;
    %jmp/1 T_17.101, 6;
    %dup/vec4;
    %pushi/vec4 102, 0, 8;
    %cmp/u;
    %jmp/1 T_17.102, 6;
    %dup/vec4;
    %pushi/vec4 103, 0, 8;
    %cmp/u;
    %jmp/1 T_17.103, 6;
    %dup/vec4;
    %pushi/vec4 104, 0, 8;
    %cmp/u;
    %jmp/1 T_17.104, 6;
    %dup/vec4;
    %pushi/vec4 105, 0, 8;
    %cmp/u;
    %jmp/1 T_17.105, 6;
    %dup/vec4;
    %pushi/vec4 106, 0, 8;
    %cmp/u;
    %jmp/1 T_17.106, 6;
    %dup/vec4;
    %pushi/vec4 107, 0, 8;
    %cmp/u;
    %jmp/1 T_17.107, 6;
    %dup/vec4;
    %pushi/vec4 108, 0, 8;
    %cmp/u;
    %jmp/1 T_17.108, 6;
    %dup/vec4;
    %pushi/vec4 109, 0, 8;
    %cmp/u;
    %jmp/1 T_17.109, 6;
    %dup/vec4;
    %pushi/vec4 110, 0, 8;
    %cmp/u;
    %jmp/1 T_17.110, 6;
    %dup/vec4;
    %pushi/vec4 111, 0, 8;
    %cmp/u;
    %jmp/1 T_17.111, 6;
    %dup/vec4;
    %pushi/vec4 112, 0, 8;
    %cmp/u;
    %jmp/1 T_17.112, 6;
    %dup/vec4;
    %pushi/vec4 113, 0, 8;
    %cmp/u;
    %jmp/1 T_17.113, 6;
    %dup/vec4;
    %pushi/vec4 114, 0, 8;
    %cmp/u;
    %jmp/1 T_17.114, 6;
    %dup/vec4;
    %pushi/vec4 115, 0, 8;
    %cmp/u;
    %jmp/1 T_17.115, 6;
    %dup/vec4;
    %pushi/vec4 116, 0, 8;
    %cmp/u;
    %jmp/1 T_17.116, 6;
    %dup/vec4;
    %pushi/vec4 117, 0, 8;
    %cmp/u;
    %jmp/1 T_17.117, 6;
    %dup/vec4;
    %pushi/vec4 118, 0, 8;
    %cmp/u;
    %jmp/1 T_17.118, 6;
    %dup/vec4;
    %pushi/vec4 119, 0, 8;
    %cmp/u;
    %jmp/1 T_17.119, 6;
    %dup/vec4;
    %pushi/vec4 120, 0, 8;
    %cmp/u;
    %jmp/1 T_17.120, 6;
    %dup/vec4;
    %pushi/vec4 121, 0, 8;
    %cmp/u;
    %jmp/1 T_17.121, 6;
    %dup/vec4;
    %pushi/vec4 122, 0, 8;
    %cmp/u;
    %jmp/1 T_17.122, 6;
    %dup/vec4;
    %pushi/vec4 123, 0, 8;
    %cmp/u;
    %jmp/1 T_17.123, 6;
    %dup/vec4;
    %pushi/vec4 124, 0, 8;
    %cmp/u;
    %jmp/1 T_17.124, 6;
    %dup/vec4;
    %pushi/vec4 125, 0, 8;
    %cmp/u;
    %jmp/1 T_17.125, 6;
    %dup/vec4;
    %pushi/vec4 126, 0, 8;
    %cmp/u;
    %jmp/1 T_17.126, 6;
    %dup/vec4;
    %pushi/vec4 127, 0, 8;
    %cmp/u;
    %jmp/1 T_17.127, 6;
    %dup/vec4;
    %pushi/vec4 128, 0, 8;
    %cmp/u;
    %jmp/1 T_17.128, 6;
    %dup/vec4;
    %pushi/vec4 129, 0, 8;
    %cmp/u;
    %jmp/1 T_17.129, 6;
    %dup/vec4;
    %pushi/vec4 130, 0, 8;
    %cmp/u;
    %jmp/1 T_17.130, 6;
    %dup/vec4;
    %pushi/vec4 131, 0, 8;
    %cmp/u;
    %jmp/1 T_17.131, 6;
    %dup/vec4;
    %pushi/vec4 132, 0, 8;
    %cmp/u;
    %jmp/1 T_17.132, 6;
    %dup/vec4;
    %pushi/vec4 133, 0, 8;
    %cmp/u;
    %jmp/1 T_17.133, 6;
    %dup/vec4;
    %pushi/vec4 134, 0, 8;
    %cmp/u;
    %jmp/1 T_17.134, 6;
    %dup/vec4;
    %pushi/vec4 135, 0, 8;
    %cmp/u;
    %jmp/1 T_17.135, 6;
    %dup/vec4;
    %pushi/vec4 136, 0, 8;
    %cmp/u;
    %jmp/1 T_17.136, 6;
    %dup/vec4;
    %pushi/vec4 137, 0, 8;
    %cmp/u;
    %jmp/1 T_17.137, 6;
    %dup/vec4;
    %pushi/vec4 138, 0, 8;
    %cmp/u;
    %jmp/1 T_17.138, 6;
    %dup/vec4;
    %pushi/vec4 139, 0, 8;
    %cmp/u;
    %jmp/1 T_17.139, 6;
    %dup/vec4;
    %pushi/vec4 140, 0, 8;
    %cmp/u;
    %jmp/1 T_17.140, 6;
    %dup/vec4;
    %pushi/vec4 141, 0, 8;
    %cmp/u;
    %jmp/1 T_17.141, 6;
    %dup/vec4;
    %pushi/vec4 142, 0, 8;
    %cmp/u;
    %jmp/1 T_17.142, 6;
    %dup/vec4;
    %pushi/vec4 143, 0, 8;
    %cmp/u;
    %jmp/1 T_17.143, 6;
    %dup/vec4;
    %pushi/vec4 144, 0, 8;
    %cmp/u;
    %jmp/1 T_17.144, 6;
    %dup/vec4;
    %pushi/vec4 145, 0, 8;
    %cmp/u;
    %jmp/1 T_17.145, 6;
    %dup/vec4;
    %pushi/vec4 146, 0, 8;
    %cmp/u;
    %jmp/1 T_17.146, 6;
    %dup/vec4;
    %pushi/vec4 147, 0, 8;
    %cmp/u;
    %jmp/1 T_17.147, 6;
    %dup/vec4;
    %pushi/vec4 148, 0, 8;
    %cmp/u;
    %jmp/1 T_17.148, 6;
    %dup/vec4;
    %pushi/vec4 149, 0, 8;
    %cmp/u;
    %jmp/1 T_17.149, 6;
    %dup/vec4;
    %pushi/vec4 150, 0, 8;
    %cmp/u;
    %jmp/1 T_17.150, 6;
    %dup/vec4;
    %pushi/vec4 151, 0, 8;
    %cmp/u;
    %jmp/1 T_17.151, 6;
    %dup/vec4;
    %pushi/vec4 152, 0, 8;
    %cmp/u;
    %jmp/1 T_17.152, 6;
    %dup/vec4;
    %pushi/vec4 153, 0, 8;
    %cmp/u;
    %jmp/1 T_17.153, 6;
    %dup/vec4;
    %pushi/vec4 154, 0, 8;
    %cmp/u;
    %jmp/1 T_17.154, 6;
    %dup/vec4;
    %pushi/vec4 155, 0, 8;
    %cmp/u;
    %jmp/1 T_17.155, 6;
    %dup/vec4;
    %pushi/vec4 156, 0, 8;
    %cmp/u;
    %jmp/1 T_17.156, 6;
    %dup/vec4;
    %pushi/vec4 157, 0, 8;
    %cmp/u;
    %jmp/1 T_17.157, 6;
    %dup/vec4;
    %pushi/vec4 158, 0, 8;
    %cmp/u;
    %jmp/1 T_17.158, 6;
    %dup/vec4;
    %pushi/vec4 159, 0, 8;
    %cmp/u;
    %jmp/1 T_17.159, 6;
    %dup/vec4;
    %pushi/vec4 160, 0, 8;
    %cmp/u;
    %jmp/1 T_17.160, 6;
    %dup/vec4;
    %pushi/vec4 161, 0, 8;
    %cmp/u;
    %jmp/1 T_17.161, 6;
    %dup/vec4;
    %pushi/vec4 162, 0, 8;
    %cmp/u;
    %jmp/1 T_17.162, 6;
    %dup/vec4;
    %pushi/vec4 163, 0, 8;
    %cmp/u;
    %jmp/1 T_17.163, 6;
    %dup/vec4;
    %pushi/vec4 164, 0, 8;
    %cmp/u;
    %jmp/1 T_17.164, 6;
    %dup/vec4;
    %pushi/vec4 165, 0, 8;
    %cmp/u;
    %jmp/1 T_17.165, 6;
    %dup/vec4;
    %pushi/vec4 166, 0, 8;
    %cmp/u;
    %jmp/1 T_17.166, 6;
    %dup/vec4;
    %pushi/vec4 167, 0, 8;
    %cmp/u;
    %jmp/1 T_17.167, 6;
    %dup/vec4;
    %pushi/vec4 168, 0, 8;
    %cmp/u;
    %jmp/1 T_17.168, 6;
    %dup/vec4;
    %pushi/vec4 169, 0, 8;
    %cmp/u;
    %jmp/1 T_17.169, 6;
    %dup/vec4;
    %pushi/vec4 170, 0, 8;
    %cmp/u;
    %jmp/1 T_17.170, 6;
    %dup/vec4;
    %pushi/vec4 171, 0, 8;
    %cmp/u;
    %jmp/1 T_17.171, 6;
    %dup/vec4;
    %pushi/vec4 172, 0, 8;
    %cmp/u;
    %jmp/1 T_17.172, 6;
    %dup/vec4;
    %pushi/vec4 173, 0, 8;
    %cmp/u;
    %jmp/1 T_17.173, 6;
    %dup/vec4;
    %pushi/vec4 174, 0, 8;
    %cmp/u;
    %jmp/1 T_17.174, 6;
    %dup/vec4;
    %pushi/vec4 175, 0, 8;
    %cmp/u;
    %jmp/1 T_17.175, 6;
    %dup/vec4;
    %pushi/vec4 176, 0, 8;
    %cmp/u;
    %jmp/1 T_17.176, 6;
    %dup/vec4;
    %pushi/vec4 177, 0, 8;
    %cmp/u;
    %jmp/1 T_17.177, 6;
    %dup/vec4;
    %pushi/vec4 178, 0, 8;
    %cmp/u;
    %jmp/1 T_17.178, 6;
    %dup/vec4;
    %pushi/vec4 179, 0, 8;
    %cmp/u;
    %jmp/1 T_17.179, 6;
    %dup/vec4;
    %pushi/vec4 180, 0, 8;
    %cmp/u;
    %jmp/1 T_17.180, 6;
    %dup/vec4;
    %pushi/vec4 181, 0, 8;
    %cmp/u;
    %jmp/1 T_17.181, 6;
    %dup/vec4;
    %pushi/vec4 182, 0, 8;
    %cmp/u;
    %jmp/1 T_17.182, 6;
    %dup/vec4;
    %pushi/vec4 183, 0, 8;
    %cmp/u;
    %jmp/1 T_17.183, 6;
    %dup/vec4;
    %pushi/vec4 184, 0, 8;
    %cmp/u;
    %jmp/1 T_17.184, 6;
    %dup/vec4;
    %pushi/vec4 185, 0, 8;
    %cmp/u;
    %jmp/1 T_17.185, 6;
    %dup/vec4;
    %pushi/vec4 186, 0, 8;
    %cmp/u;
    %jmp/1 T_17.186, 6;
    %dup/vec4;
    %pushi/vec4 187, 0, 8;
    %cmp/u;
    %jmp/1 T_17.187, 6;
    %dup/vec4;
    %pushi/vec4 188, 0, 8;
    %cmp/u;
    %jmp/1 T_17.188, 6;
    %dup/vec4;
    %pushi/vec4 189, 0, 8;
    %cmp/u;
    %jmp/1 T_17.189, 6;
    %dup/vec4;
    %pushi/vec4 190, 0, 8;
    %cmp/u;
    %jmp/1 T_17.190, 6;
    %dup/vec4;
    %pushi/vec4 191, 0, 8;
    %cmp/u;
    %jmp/1 T_17.191, 6;
    %dup/vec4;
    %pushi/vec4 192, 0, 8;
    %cmp/u;
    %jmp/1 T_17.192, 6;
    %dup/vec4;
    %pushi/vec4 193, 0, 8;
    %cmp/u;
    %jmp/1 T_17.193, 6;
    %dup/vec4;
    %pushi/vec4 194, 0, 8;
    %cmp/u;
    %jmp/1 T_17.194, 6;
    %dup/vec4;
    %pushi/vec4 195, 0, 8;
    %cmp/u;
    %jmp/1 T_17.195, 6;
    %dup/vec4;
    %pushi/vec4 196, 0, 8;
    %cmp/u;
    %jmp/1 T_17.196, 6;
    %dup/vec4;
    %pushi/vec4 197, 0, 8;
    %cmp/u;
    %jmp/1 T_17.197, 6;
    %dup/vec4;
    %pushi/vec4 198, 0, 8;
    %cmp/u;
    %jmp/1 T_17.198, 6;
    %dup/vec4;
    %pushi/vec4 199, 0, 8;
    %cmp/u;
    %jmp/1 T_17.199, 6;
    %dup/vec4;
    %pushi/vec4 200, 0, 8;
    %cmp/u;
    %jmp/1 T_17.200, 6;
    %dup/vec4;
    %pushi/vec4 201, 0, 8;
    %cmp/u;
    %jmp/1 T_17.201, 6;
    %dup/vec4;
    %pushi/vec4 202, 0, 8;
    %cmp/u;
    %jmp/1 T_17.202, 6;
    %dup/vec4;
    %pushi/vec4 203, 0, 8;
    %cmp/u;
    %jmp/1 T_17.203, 6;
    %dup/vec4;
    %pushi/vec4 204, 0, 8;
    %cmp/u;
    %jmp/1 T_17.204, 6;
    %dup/vec4;
    %pushi/vec4 205, 0, 8;
    %cmp/u;
    %jmp/1 T_17.205, 6;
    %dup/vec4;
    %pushi/vec4 206, 0, 8;
    %cmp/u;
    %jmp/1 T_17.206, 6;
    %dup/vec4;
    %pushi/vec4 207, 0, 8;
    %cmp/u;
    %jmp/1 T_17.207, 6;
    %dup/vec4;
    %pushi/vec4 208, 0, 8;
    %cmp/u;
    %jmp/1 T_17.208, 6;
    %dup/vec4;
    %pushi/vec4 209, 0, 8;
    %cmp/u;
    %jmp/1 T_17.209, 6;
    %dup/vec4;
    %pushi/vec4 210, 0, 8;
    %cmp/u;
    %jmp/1 T_17.210, 6;
    %dup/vec4;
    %pushi/vec4 211, 0, 8;
    %cmp/u;
    %jmp/1 T_17.211, 6;
    %dup/vec4;
    %pushi/vec4 212, 0, 8;
    %cmp/u;
    %jmp/1 T_17.212, 6;
    %dup/vec4;
    %pushi/vec4 213, 0, 8;
    %cmp/u;
    %jmp/1 T_17.213, 6;
    %dup/vec4;
    %pushi/vec4 214, 0, 8;
    %cmp/u;
    %jmp/1 T_17.214, 6;
    %dup/vec4;
    %pushi/vec4 215, 0, 8;
    %cmp/u;
    %jmp/1 T_17.215, 6;
    %dup/vec4;
    %pushi/vec4 216, 0, 8;
    %cmp/u;
    %jmp/1 T_17.216, 6;
    %dup/vec4;
    %pushi/vec4 217, 0, 8;
    %cmp/u;
    %jmp/1 T_17.217, 6;
    %dup/vec4;
    %pushi/vec4 218, 0, 8;
    %cmp/u;
    %jmp/1 T_17.218, 6;
    %dup/vec4;
    %pushi/vec4 219, 0, 8;
    %cmp/u;
    %jmp/1 T_17.219, 6;
    %dup/vec4;
    %pushi/vec4 220, 0, 8;
    %cmp/u;
    %jmp/1 T_17.220, 6;
    %dup/vec4;
    %pushi/vec4 221, 0, 8;
    %cmp/u;
    %jmp/1 T_17.221, 6;
    %dup/vec4;
    %pushi/vec4 222, 0, 8;
    %cmp/u;
    %jmp/1 T_17.222, 6;
    %dup/vec4;
    %pushi/vec4 223, 0, 8;
    %cmp/u;
    %jmp/1 T_17.223, 6;
    %dup/vec4;
    %pushi/vec4 224, 0, 8;
    %cmp/u;
    %jmp/1 T_17.224, 6;
    %dup/vec4;
    %pushi/vec4 225, 0, 8;
    %cmp/u;
    %jmp/1 T_17.225, 6;
    %dup/vec4;
    %pushi/vec4 226, 0, 8;
    %cmp/u;
    %jmp/1 T_17.226, 6;
    %dup/vec4;
    %pushi/vec4 227, 0, 8;
    %cmp/u;
    %jmp/1 T_17.227, 6;
    %dup/vec4;
    %pushi/vec4 228, 0, 8;
    %cmp/u;
    %jmp/1 T_17.228, 6;
    %dup/vec4;
    %pushi/vec4 229, 0, 8;
    %cmp/u;
    %jmp/1 T_17.229, 6;
    %dup/vec4;
    %pushi/vec4 230, 0, 8;
    %cmp/u;
    %jmp/1 T_17.230, 6;
    %dup/vec4;
    %pushi/vec4 231, 0, 8;
    %cmp/u;
    %jmp/1 T_17.231, 6;
    %dup/vec4;
    %pushi/vec4 232, 0, 8;
    %cmp/u;
    %jmp/1 T_17.232, 6;
    %dup/vec4;
    %pushi/vec4 233, 0, 8;
    %cmp/u;
    %jmp/1 T_17.233, 6;
    %dup/vec4;
    %pushi/vec4 234, 0, 8;
    %cmp/u;
    %jmp/1 T_17.234, 6;
    %dup/vec4;
    %pushi/vec4 235, 0, 8;
    %cmp/u;
    %jmp/1 T_17.235, 6;
    %dup/vec4;
    %pushi/vec4 236, 0, 8;
    %cmp/u;
    %jmp/1 T_17.236, 6;
    %dup/vec4;
    %pushi/vec4 237, 0, 8;
    %cmp/u;
    %jmp/1 T_17.237, 6;
    %dup/vec4;
    %pushi/vec4 238, 0, 8;
    %cmp/u;
    %jmp/1 T_17.238, 6;
    %dup/vec4;
    %pushi/vec4 239, 0, 8;
    %cmp/u;
    %jmp/1 T_17.239, 6;
    %dup/vec4;
    %pushi/vec4 240, 0, 8;
    %cmp/u;
    %jmp/1 T_17.240, 6;
    %dup/vec4;
    %pushi/vec4 241, 0, 8;
    %cmp/u;
    %jmp/1 T_17.241, 6;
    %dup/vec4;
    %pushi/vec4 242, 0, 8;
    %cmp/u;
    %jmp/1 T_17.242, 6;
    %dup/vec4;
    %pushi/vec4 243, 0, 8;
    %cmp/u;
    %jmp/1 T_17.243, 6;
    %dup/vec4;
    %pushi/vec4 244, 0, 8;
    %cmp/u;
    %jmp/1 T_17.244, 6;
    %dup/vec4;
    %pushi/vec4 245, 0, 8;
    %cmp/u;
    %jmp/1 T_17.245, 6;
    %dup/vec4;
    %pushi/vec4 246, 0, 8;
    %cmp/u;
    %jmp/1 T_17.246, 6;
    %dup/vec4;
    %pushi/vec4 247, 0, 8;
    %cmp/u;
    %jmp/1 T_17.247, 6;
    %dup/vec4;
    %pushi/vec4 248, 0, 8;
    %cmp/u;
    %jmp/1 T_17.248, 6;
    %dup/vec4;
    %pushi/vec4 249, 0, 8;
    %cmp/u;
    %jmp/1 T_17.249, 6;
    %dup/vec4;
    %pushi/vec4 250, 0, 8;
    %cmp/u;
    %jmp/1 T_17.250, 6;
    %dup/vec4;
    %pushi/vec4 251, 0, 8;
    %cmp/u;
    %jmp/1 T_17.251, 6;
    %dup/vec4;
    %pushi/vec4 252, 0, 8;
    %cmp/u;
    %jmp/1 T_17.252, 6;
    %dup/vec4;
    %pushi/vec4 253, 0, 8;
    %cmp/u;
    %jmp/1 T_17.253, 6;
    %dup/vec4;
    %pushi/vec4 254, 0, 8;
    %cmp/u;
    %jmp/1 T_17.254, 6;
    %dup/vec4;
    %pushi/vec4 255, 0, 8;
    %cmp/u;
    %jmp/1 T_17.255, 6;
    %jmp T_17.256;
T_17.0 ;
    %pushi/vec4 99, 0, 8;
    %store/vec4 v000001d9d066c6a0_0, 0, 8;
    %jmp T_17.256;
T_17.1 ;
    %pushi/vec4 124, 0, 8;
    %store/vec4 v000001d9d066c6a0_0, 0, 8;
    %jmp T_17.256;
T_17.2 ;
    %pushi/vec4 119, 0, 8;
    %store/vec4 v000001d9d066c6a0_0, 0, 8;
    %jmp T_17.256;
T_17.3 ;
    %pushi/vec4 123, 0, 8;
    %store/vec4 v000001d9d066c6a0_0, 0, 8;
    %jmp T_17.256;
T_17.4 ;
    %pushi/vec4 242, 0, 8;
    %store/vec4 v000001d9d066c6a0_0, 0, 8;
    %jmp T_17.256;
T_17.5 ;
    %pushi/vec4 107, 0, 8;
    %store/vec4 v000001d9d066c6a0_0, 0, 8;
    %jmp T_17.256;
T_17.6 ;
    %pushi/vec4 111, 0, 8;
    %store/vec4 v000001d9d066c6a0_0, 0, 8;
    %jmp T_17.256;
T_17.7 ;
    %pushi/vec4 197, 0, 8;
    %store/vec4 v000001d9d066c6a0_0, 0, 8;
    %jmp T_17.256;
T_17.8 ;
    %pushi/vec4 48, 0, 8;
    %store/vec4 v000001d9d066c6a0_0, 0, 8;
    %jmp T_17.256;
T_17.9 ;
    %pushi/vec4 1, 0, 8;
    %store/vec4 v000001d9d066c6a0_0, 0, 8;
    %jmp T_17.256;
T_17.10 ;
    %pushi/vec4 103, 0, 8;
    %store/vec4 v000001d9d066c6a0_0, 0, 8;
    %jmp T_17.256;
T_17.11 ;
    %pushi/vec4 43, 0, 8;
    %store/vec4 v000001d9d066c6a0_0, 0, 8;
    %jmp T_17.256;
T_17.12 ;
    %pushi/vec4 254, 0, 8;
    %store/vec4 v000001d9d066c6a0_0, 0, 8;
    %jmp T_17.256;
T_17.13 ;
    %pushi/vec4 215, 0, 8;
    %store/vec4 v000001d9d066c6a0_0, 0, 8;
    %jmp T_17.256;
T_17.14 ;
    %pushi/vec4 171, 0, 8;
    %store/vec4 v000001d9d066c6a0_0, 0, 8;
    %jmp T_17.256;
T_17.15 ;
    %pushi/vec4 118, 0, 8;
    %store/vec4 v000001d9d066c6a0_0, 0, 8;
    %jmp T_17.256;
T_17.16 ;
    %pushi/vec4 202, 0, 8;
    %store/vec4 v000001d9d066c6a0_0, 0, 8;
    %jmp T_17.256;
T_17.17 ;
    %pushi/vec4 130, 0, 8;
    %store/vec4 v000001d9d066c6a0_0, 0, 8;
    %jmp T_17.256;
T_17.18 ;
    %pushi/vec4 201, 0, 8;
    %store/vec4 v000001d9d066c6a0_0, 0, 8;
    %jmp T_17.256;
T_17.19 ;
    %pushi/vec4 125, 0, 8;
    %store/vec4 v000001d9d066c6a0_0, 0, 8;
    %jmp T_17.256;
T_17.20 ;
    %pushi/vec4 250, 0, 8;
    %store/vec4 v000001d9d066c6a0_0, 0, 8;
    %jmp T_17.256;
T_17.21 ;
    %pushi/vec4 89, 0, 8;
    %store/vec4 v000001d9d066c6a0_0, 0, 8;
    %jmp T_17.256;
T_17.22 ;
    %pushi/vec4 71, 0, 8;
    %store/vec4 v000001d9d066c6a0_0, 0, 8;
    %jmp T_17.256;
T_17.23 ;
    %pushi/vec4 240, 0, 8;
    %store/vec4 v000001d9d066c6a0_0, 0, 8;
    %jmp T_17.256;
T_17.24 ;
    %pushi/vec4 173, 0, 8;
    %store/vec4 v000001d9d066c6a0_0, 0, 8;
    %jmp T_17.256;
T_17.25 ;
    %pushi/vec4 212, 0, 8;
    %store/vec4 v000001d9d066c6a0_0, 0, 8;
    %jmp T_17.256;
T_17.26 ;
    %pushi/vec4 162, 0, 8;
    %store/vec4 v000001d9d066c6a0_0, 0, 8;
    %jmp T_17.256;
T_17.27 ;
    %pushi/vec4 175, 0, 8;
    %store/vec4 v000001d9d066c6a0_0, 0, 8;
    %jmp T_17.256;
T_17.28 ;
    %pushi/vec4 156, 0, 8;
    %store/vec4 v000001d9d066c6a0_0, 0, 8;
    %jmp T_17.256;
T_17.29 ;
    %pushi/vec4 164, 0, 8;
    %store/vec4 v000001d9d066c6a0_0, 0, 8;
    %jmp T_17.256;
T_17.30 ;
    %pushi/vec4 114, 0, 8;
    %store/vec4 v000001d9d066c6a0_0, 0, 8;
    %jmp T_17.256;
T_17.31 ;
    %pushi/vec4 192, 0, 8;
    %store/vec4 v000001d9d066c6a0_0, 0, 8;
    %jmp T_17.256;
T_17.32 ;
    %pushi/vec4 183, 0, 8;
    %store/vec4 v000001d9d066c6a0_0, 0, 8;
    %jmp T_17.256;
T_17.33 ;
    %pushi/vec4 253, 0, 8;
    %store/vec4 v000001d9d066c6a0_0, 0, 8;
    %jmp T_17.256;
T_17.34 ;
    %pushi/vec4 147, 0, 8;
    %store/vec4 v000001d9d066c6a0_0, 0, 8;
    %jmp T_17.256;
T_17.35 ;
    %pushi/vec4 38, 0, 8;
    %store/vec4 v000001d9d066c6a0_0, 0, 8;
    %jmp T_17.256;
T_17.36 ;
    %pushi/vec4 54, 0, 8;
    %store/vec4 v000001d9d066c6a0_0, 0, 8;
    %jmp T_17.256;
T_17.37 ;
    %pushi/vec4 63, 0, 8;
    %store/vec4 v000001d9d066c6a0_0, 0, 8;
    %jmp T_17.256;
T_17.38 ;
    %pushi/vec4 247, 0, 8;
    %store/vec4 v000001d9d066c6a0_0, 0, 8;
    %jmp T_17.256;
T_17.39 ;
    %pushi/vec4 204, 0, 8;
    %store/vec4 v000001d9d066c6a0_0, 0, 8;
    %jmp T_17.256;
T_17.40 ;
    %pushi/vec4 52, 0, 8;
    %store/vec4 v000001d9d066c6a0_0, 0, 8;
    %jmp T_17.256;
T_17.41 ;
    %pushi/vec4 165, 0, 8;
    %store/vec4 v000001d9d066c6a0_0, 0, 8;
    %jmp T_17.256;
T_17.42 ;
    %pushi/vec4 229, 0, 8;
    %store/vec4 v000001d9d066c6a0_0, 0, 8;
    %jmp T_17.256;
T_17.43 ;
    %pushi/vec4 241, 0, 8;
    %store/vec4 v000001d9d066c6a0_0, 0, 8;
    %jmp T_17.256;
T_17.44 ;
    %pushi/vec4 113, 0, 8;
    %store/vec4 v000001d9d066c6a0_0, 0, 8;
    %jmp T_17.256;
T_17.45 ;
    %pushi/vec4 216, 0, 8;
    %store/vec4 v000001d9d066c6a0_0, 0, 8;
    %jmp T_17.256;
T_17.46 ;
    %pushi/vec4 49, 0, 8;
    %store/vec4 v000001d9d066c6a0_0, 0, 8;
    %jmp T_17.256;
T_17.47 ;
    %pushi/vec4 21, 0, 8;
    %store/vec4 v000001d9d066c6a0_0, 0, 8;
    %jmp T_17.256;
T_17.48 ;
    %pushi/vec4 4, 0, 8;
    %store/vec4 v000001d9d066c6a0_0, 0, 8;
    %jmp T_17.256;
T_17.49 ;
    %pushi/vec4 199, 0, 8;
    %store/vec4 v000001d9d066c6a0_0, 0, 8;
    %jmp T_17.256;
T_17.50 ;
    %pushi/vec4 35, 0, 8;
    %store/vec4 v000001d9d066c6a0_0, 0, 8;
    %jmp T_17.256;
T_17.51 ;
    %pushi/vec4 195, 0, 8;
    %store/vec4 v000001d9d066c6a0_0, 0, 8;
    %jmp T_17.256;
T_17.52 ;
    %pushi/vec4 24, 0, 8;
    %store/vec4 v000001d9d066c6a0_0, 0, 8;
    %jmp T_17.256;
T_17.53 ;
    %pushi/vec4 150, 0, 8;
    %store/vec4 v000001d9d066c6a0_0, 0, 8;
    %jmp T_17.256;
T_17.54 ;
    %pushi/vec4 5, 0, 8;
    %store/vec4 v000001d9d066c6a0_0, 0, 8;
    %jmp T_17.256;
T_17.55 ;
    %pushi/vec4 154, 0, 8;
    %store/vec4 v000001d9d066c6a0_0, 0, 8;
    %jmp T_17.256;
T_17.56 ;
    %pushi/vec4 7, 0, 8;
    %store/vec4 v000001d9d066c6a0_0, 0, 8;
    %jmp T_17.256;
T_17.57 ;
    %pushi/vec4 18, 0, 8;
    %store/vec4 v000001d9d066c6a0_0, 0, 8;
    %jmp T_17.256;
T_17.58 ;
    %pushi/vec4 128, 0, 8;
    %store/vec4 v000001d9d066c6a0_0, 0, 8;
    %jmp T_17.256;
T_17.59 ;
    %pushi/vec4 226, 0, 8;
    %store/vec4 v000001d9d066c6a0_0, 0, 8;
    %jmp T_17.256;
T_17.60 ;
    %pushi/vec4 235, 0, 8;
    %store/vec4 v000001d9d066c6a0_0, 0, 8;
    %jmp T_17.256;
T_17.61 ;
    %pushi/vec4 39, 0, 8;
    %store/vec4 v000001d9d066c6a0_0, 0, 8;
    %jmp T_17.256;
T_17.62 ;
    %pushi/vec4 178, 0, 8;
    %store/vec4 v000001d9d066c6a0_0, 0, 8;
    %jmp T_17.256;
T_17.63 ;
    %pushi/vec4 117, 0, 8;
    %store/vec4 v000001d9d066c6a0_0, 0, 8;
    %jmp T_17.256;
T_17.64 ;
    %pushi/vec4 9, 0, 8;
    %store/vec4 v000001d9d066c6a0_0, 0, 8;
    %jmp T_17.256;
T_17.65 ;
    %pushi/vec4 131, 0, 8;
    %store/vec4 v000001d9d066c6a0_0, 0, 8;
    %jmp T_17.256;
T_17.66 ;
    %pushi/vec4 44, 0, 8;
    %store/vec4 v000001d9d066c6a0_0, 0, 8;
    %jmp T_17.256;
T_17.67 ;
    %pushi/vec4 26, 0, 8;
    %store/vec4 v000001d9d066c6a0_0, 0, 8;
    %jmp T_17.256;
T_17.68 ;
    %pushi/vec4 27, 0, 8;
    %store/vec4 v000001d9d066c6a0_0, 0, 8;
    %jmp T_17.256;
T_17.69 ;
    %pushi/vec4 110, 0, 8;
    %store/vec4 v000001d9d066c6a0_0, 0, 8;
    %jmp T_17.256;
T_17.70 ;
    %pushi/vec4 90, 0, 8;
    %store/vec4 v000001d9d066c6a0_0, 0, 8;
    %jmp T_17.256;
T_17.71 ;
    %pushi/vec4 160, 0, 8;
    %store/vec4 v000001d9d066c6a0_0, 0, 8;
    %jmp T_17.256;
T_17.72 ;
    %pushi/vec4 82, 0, 8;
    %store/vec4 v000001d9d066c6a0_0, 0, 8;
    %jmp T_17.256;
T_17.73 ;
    %pushi/vec4 59, 0, 8;
    %store/vec4 v000001d9d066c6a0_0, 0, 8;
    %jmp T_17.256;
T_17.74 ;
    %pushi/vec4 214, 0, 8;
    %store/vec4 v000001d9d066c6a0_0, 0, 8;
    %jmp T_17.256;
T_17.75 ;
    %pushi/vec4 179, 0, 8;
    %store/vec4 v000001d9d066c6a0_0, 0, 8;
    %jmp T_17.256;
T_17.76 ;
    %pushi/vec4 41, 0, 8;
    %store/vec4 v000001d9d066c6a0_0, 0, 8;
    %jmp T_17.256;
T_17.77 ;
    %pushi/vec4 227, 0, 8;
    %store/vec4 v000001d9d066c6a0_0, 0, 8;
    %jmp T_17.256;
T_17.78 ;
    %pushi/vec4 47, 0, 8;
    %store/vec4 v000001d9d066c6a0_0, 0, 8;
    %jmp T_17.256;
T_17.79 ;
    %pushi/vec4 132, 0, 8;
    %store/vec4 v000001d9d066c6a0_0, 0, 8;
    %jmp T_17.256;
T_17.80 ;
    %pushi/vec4 83, 0, 8;
    %store/vec4 v000001d9d066c6a0_0, 0, 8;
    %jmp T_17.256;
T_17.81 ;
    %pushi/vec4 209, 0, 8;
    %store/vec4 v000001d9d066c6a0_0, 0, 8;
    %jmp T_17.256;
T_17.82 ;
    %pushi/vec4 0, 0, 8;
    %store/vec4 v000001d9d066c6a0_0, 0, 8;
    %jmp T_17.256;
T_17.83 ;
    %pushi/vec4 237, 0, 8;
    %store/vec4 v000001d9d066c6a0_0, 0, 8;
    %jmp T_17.256;
T_17.84 ;
    %pushi/vec4 32, 0, 8;
    %store/vec4 v000001d9d066c6a0_0, 0, 8;
    %jmp T_17.256;
T_17.85 ;
    %pushi/vec4 252, 0, 8;
    %store/vec4 v000001d9d066c6a0_0, 0, 8;
    %jmp T_17.256;
T_17.86 ;
    %pushi/vec4 177, 0, 8;
    %store/vec4 v000001d9d066c6a0_0, 0, 8;
    %jmp T_17.256;
T_17.87 ;
    %pushi/vec4 91, 0, 8;
    %store/vec4 v000001d9d066c6a0_0, 0, 8;
    %jmp T_17.256;
T_17.88 ;
    %pushi/vec4 106, 0, 8;
    %store/vec4 v000001d9d066c6a0_0, 0, 8;
    %jmp T_17.256;
T_17.89 ;
    %pushi/vec4 203, 0, 8;
    %store/vec4 v000001d9d066c6a0_0, 0, 8;
    %jmp T_17.256;
T_17.90 ;
    %pushi/vec4 190, 0, 8;
    %store/vec4 v000001d9d066c6a0_0, 0, 8;
    %jmp T_17.256;
T_17.91 ;
    %pushi/vec4 57, 0, 8;
    %store/vec4 v000001d9d066c6a0_0, 0, 8;
    %jmp T_17.256;
T_17.92 ;
    %pushi/vec4 74, 0, 8;
    %store/vec4 v000001d9d066c6a0_0, 0, 8;
    %jmp T_17.256;
T_17.93 ;
    %pushi/vec4 76, 0, 8;
    %store/vec4 v000001d9d066c6a0_0, 0, 8;
    %jmp T_17.256;
T_17.94 ;
    %pushi/vec4 88, 0, 8;
    %store/vec4 v000001d9d066c6a0_0, 0, 8;
    %jmp T_17.256;
T_17.95 ;
    %pushi/vec4 207, 0, 8;
    %store/vec4 v000001d9d066c6a0_0, 0, 8;
    %jmp T_17.256;
T_17.96 ;
    %pushi/vec4 208, 0, 8;
    %store/vec4 v000001d9d066c6a0_0, 0, 8;
    %jmp T_17.256;
T_17.97 ;
    %pushi/vec4 239, 0, 8;
    %store/vec4 v000001d9d066c6a0_0, 0, 8;
    %jmp T_17.256;
T_17.98 ;
    %pushi/vec4 170, 0, 8;
    %store/vec4 v000001d9d066c6a0_0, 0, 8;
    %jmp T_17.256;
T_17.99 ;
    %pushi/vec4 251, 0, 8;
    %store/vec4 v000001d9d066c6a0_0, 0, 8;
    %jmp T_17.256;
T_17.100 ;
    %pushi/vec4 67, 0, 8;
    %store/vec4 v000001d9d066c6a0_0, 0, 8;
    %jmp T_17.256;
T_17.101 ;
    %pushi/vec4 77, 0, 8;
    %store/vec4 v000001d9d066c6a0_0, 0, 8;
    %jmp T_17.256;
T_17.102 ;
    %pushi/vec4 51, 0, 8;
    %store/vec4 v000001d9d066c6a0_0, 0, 8;
    %jmp T_17.256;
T_17.103 ;
    %pushi/vec4 133, 0, 8;
    %store/vec4 v000001d9d066c6a0_0, 0, 8;
    %jmp T_17.256;
T_17.104 ;
    %pushi/vec4 69, 0, 8;
    %store/vec4 v000001d9d066c6a0_0, 0, 8;
    %jmp T_17.256;
T_17.105 ;
    %pushi/vec4 249, 0, 8;
    %store/vec4 v000001d9d066c6a0_0, 0, 8;
    %jmp T_17.256;
T_17.106 ;
    %pushi/vec4 2, 0, 8;
    %store/vec4 v000001d9d066c6a0_0, 0, 8;
    %jmp T_17.256;
T_17.107 ;
    %pushi/vec4 127, 0, 8;
    %store/vec4 v000001d9d066c6a0_0, 0, 8;
    %jmp T_17.256;
T_17.108 ;
    %pushi/vec4 80, 0, 8;
    %store/vec4 v000001d9d066c6a0_0, 0, 8;
    %jmp T_17.256;
T_17.109 ;
    %pushi/vec4 60, 0, 8;
    %store/vec4 v000001d9d066c6a0_0, 0, 8;
    %jmp T_17.256;
T_17.110 ;
    %pushi/vec4 159, 0, 8;
    %store/vec4 v000001d9d066c6a0_0, 0, 8;
    %jmp T_17.256;
T_17.111 ;
    %pushi/vec4 168, 0, 8;
    %store/vec4 v000001d9d066c6a0_0, 0, 8;
    %jmp T_17.256;
T_17.112 ;
    %pushi/vec4 81, 0, 8;
    %store/vec4 v000001d9d066c6a0_0, 0, 8;
    %jmp T_17.256;
T_17.113 ;
    %pushi/vec4 163, 0, 8;
    %store/vec4 v000001d9d066c6a0_0, 0, 8;
    %jmp T_17.256;
T_17.114 ;
    %pushi/vec4 64, 0, 8;
    %store/vec4 v000001d9d066c6a0_0, 0, 8;
    %jmp T_17.256;
T_17.115 ;
    %pushi/vec4 143, 0, 8;
    %store/vec4 v000001d9d066c6a0_0, 0, 8;
    %jmp T_17.256;
T_17.116 ;
    %pushi/vec4 146, 0, 8;
    %store/vec4 v000001d9d066c6a0_0, 0, 8;
    %jmp T_17.256;
T_17.117 ;
    %pushi/vec4 157, 0, 8;
    %store/vec4 v000001d9d066c6a0_0, 0, 8;
    %jmp T_17.256;
T_17.118 ;
    %pushi/vec4 56, 0, 8;
    %store/vec4 v000001d9d066c6a0_0, 0, 8;
    %jmp T_17.256;
T_17.119 ;
    %pushi/vec4 245, 0, 8;
    %store/vec4 v000001d9d066c6a0_0, 0, 8;
    %jmp T_17.256;
T_17.120 ;
    %pushi/vec4 188, 0, 8;
    %store/vec4 v000001d9d066c6a0_0, 0, 8;
    %jmp T_17.256;
T_17.121 ;
    %pushi/vec4 182, 0, 8;
    %store/vec4 v000001d9d066c6a0_0, 0, 8;
    %jmp T_17.256;
T_17.122 ;
    %pushi/vec4 218, 0, 8;
    %store/vec4 v000001d9d066c6a0_0, 0, 8;
    %jmp T_17.256;
T_17.123 ;
    %pushi/vec4 33, 0, 8;
    %store/vec4 v000001d9d066c6a0_0, 0, 8;
    %jmp T_17.256;
T_17.124 ;
    %pushi/vec4 16, 0, 8;
    %store/vec4 v000001d9d066c6a0_0, 0, 8;
    %jmp T_17.256;
T_17.125 ;
    %pushi/vec4 255, 0, 8;
    %store/vec4 v000001d9d066c6a0_0, 0, 8;
    %jmp T_17.256;
T_17.126 ;
    %pushi/vec4 243, 0, 8;
    %store/vec4 v000001d9d066c6a0_0, 0, 8;
    %jmp T_17.256;
T_17.127 ;
    %pushi/vec4 210, 0, 8;
    %store/vec4 v000001d9d066c6a0_0, 0, 8;
    %jmp T_17.256;
T_17.128 ;
    %pushi/vec4 205, 0, 8;
    %store/vec4 v000001d9d066c6a0_0, 0, 8;
    %jmp T_17.256;
T_17.129 ;
    %pushi/vec4 12, 0, 8;
    %store/vec4 v000001d9d066c6a0_0, 0, 8;
    %jmp T_17.256;
T_17.130 ;
    %pushi/vec4 19, 0, 8;
    %store/vec4 v000001d9d066c6a0_0, 0, 8;
    %jmp T_17.256;
T_17.131 ;
    %pushi/vec4 236, 0, 8;
    %store/vec4 v000001d9d066c6a0_0, 0, 8;
    %jmp T_17.256;
T_17.132 ;
    %pushi/vec4 95, 0, 8;
    %store/vec4 v000001d9d066c6a0_0, 0, 8;
    %jmp T_17.256;
T_17.133 ;
    %pushi/vec4 151, 0, 8;
    %store/vec4 v000001d9d066c6a0_0, 0, 8;
    %jmp T_17.256;
T_17.134 ;
    %pushi/vec4 68, 0, 8;
    %store/vec4 v000001d9d066c6a0_0, 0, 8;
    %jmp T_17.256;
T_17.135 ;
    %pushi/vec4 23, 0, 8;
    %store/vec4 v000001d9d066c6a0_0, 0, 8;
    %jmp T_17.256;
T_17.136 ;
    %pushi/vec4 196, 0, 8;
    %store/vec4 v000001d9d066c6a0_0, 0, 8;
    %jmp T_17.256;
T_17.137 ;
    %pushi/vec4 167, 0, 8;
    %store/vec4 v000001d9d066c6a0_0, 0, 8;
    %jmp T_17.256;
T_17.138 ;
    %pushi/vec4 126, 0, 8;
    %store/vec4 v000001d9d066c6a0_0, 0, 8;
    %jmp T_17.256;
T_17.139 ;
    %pushi/vec4 61, 0, 8;
    %store/vec4 v000001d9d066c6a0_0, 0, 8;
    %jmp T_17.256;
T_17.140 ;
    %pushi/vec4 100, 0, 8;
    %store/vec4 v000001d9d066c6a0_0, 0, 8;
    %jmp T_17.256;
T_17.141 ;
    %pushi/vec4 93, 0, 8;
    %store/vec4 v000001d9d066c6a0_0, 0, 8;
    %jmp T_17.256;
T_17.142 ;
    %pushi/vec4 25, 0, 8;
    %store/vec4 v000001d9d066c6a0_0, 0, 8;
    %jmp T_17.256;
T_17.143 ;
    %pushi/vec4 115, 0, 8;
    %store/vec4 v000001d9d066c6a0_0, 0, 8;
    %jmp T_17.256;
T_17.144 ;
    %pushi/vec4 96, 0, 8;
    %store/vec4 v000001d9d066c6a0_0, 0, 8;
    %jmp T_17.256;
T_17.145 ;
    %pushi/vec4 129, 0, 8;
    %store/vec4 v000001d9d066c6a0_0, 0, 8;
    %jmp T_17.256;
T_17.146 ;
    %pushi/vec4 79, 0, 8;
    %store/vec4 v000001d9d066c6a0_0, 0, 8;
    %jmp T_17.256;
T_17.147 ;
    %pushi/vec4 220, 0, 8;
    %store/vec4 v000001d9d066c6a0_0, 0, 8;
    %jmp T_17.256;
T_17.148 ;
    %pushi/vec4 34, 0, 8;
    %store/vec4 v000001d9d066c6a0_0, 0, 8;
    %jmp T_17.256;
T_17.149 ;
    %pushi/vec4 42, 0, 8;
    %store/vec4 v000001d9d066c6a0_0, 0, 8;
    %jmp T_17.256;
T_17.150 ;
    %pushi/vec4 144, 0, 8;
    %store/vec4 v000001d9d066c6a0_0, 0, 8;
    %jmp T_17.256;
T_17.151 ;
    %pushi/vec4 136, 0, 8;
    %store/vec4 v000001d9d066c6a0_0, 0, 8;
    %jmp T_17.256;
T_17.152 ;
    %pushi/vec4 70, 0, 8;
    %store/vec4 v000001d9d066c6a0_0, 0, 8;
    %jmp T_17.256;
T_17.153 ;
    %pushi/vec4 238, 0, 8;
    %store/vec4 v000001d9d066c6a0_0, 0, 8;
    %jmp T_17.256;
T_17.154 ;
    %pushi/vec4 184, 0, 8;
    %store/vec4 v000001d9d066c6a0_0, 0, 8;
    %jmp T_17.256;
T_17.155 ;
    %pushi/vec4 20, 0, 8;
    %store/vec4 v000001d9d066c6a0_0, 0, 8;
    %jmp T_17.256;
T_17.156 ;
    %pushi/vec4 222, 0, 8;
    %store/vec4 v000001d9d066c6a0_0, 0, 8;
    %jmp T_17.256;
T_17.157 ;
    %pushi/vec4 94, 0, 8;
    %store/vec4 v000001d9d066c6a0_0, 0, 8;
    %jmp T_17.256;
T_17.158 ;
    %pushi/vec4 11, 0, 8;
    %store/vec4 v000001d9d066c6a0_0, 0, 8;
    %jmp T_17.256;
T_17.159 ;
    %pushi/vec4 219, 0, 8;
    %store/vec4 v000001d9d066c6a0_0, 0, 8;
    %jmp T_17.256;
T_17.160 ;
    %pushi/vec4 224, 0, 8;
    %store/vec4 v000001d9d066c6a0_0, 0, 8;
    %jmp T_17.256;
T_17.161 ;
    %pushi/vec4 50, 0, 8;
    %store/vec4 v000001d9d066c6a0_0, 0, 8;
    %jmp T_17.256;
T_17.162 ;
    %pushi/vec4 58, 0, 8;
    %store/vec4 v000001d9d066c6a0_0, 0, 8;
    %jmp T_17.256;
T_17.163 ;
    %pushi/vec4 10, 0, 8;
    %store/vec4 v000001d9d066c6a0_0, 0, 8;
    %jmp T_17.256;
T_17.164 ;
    %pushi/vec4 73, 0, 8;
    %store/vec4 v000001d9d066c6a0_0, 0, 8;
    %jmp T_17.256;
T_17.165 ;
    %pushi/vec4 6, 0, 8;
    %store/vec4 v000001d9d066c6a0_0, 0, 8;
    %jmp T_17.256;
T_17.166 ;
    %pushi/vec4 36, 0, 8;
    %store/vec4 v000001d9d066c6a0_0, 0, 8;
    %jmp T_17.256;
T_17.167 ;
    %pushi/vec4 92, 0, 8;
    %store/vec4 v000001d9d066c6a0_0, 0, 8;
    %jmp T_17.256;
T_17.168 ;
    %pushi/vec4 194, 0, 8;
    %store/vec4 v000001d9d066c6a0_0, 0, 8;
    %jmp T_17.256;
T_17.169 ;
    %pushi/vec4 211, 0, 8;
    %store/vec4 v000001d9d066c6a0_0, 0, 8;
    %jmp T_17.256;
T_17.170 ;
    %pushi/vec4 172, 0, 8;
    %store/vec4 v000001d9d066c6a0_0, 0, 8;
    %jmp T_17.256;
T_17.171 ;
    %pushi/vec4 98, 0, 8;
    %store/vec4 v000001d9d066c6a0_0, 0, 8;
    %jmp T_17.256;
T_17.172 ;
    %pushi/vec4 145, 0, 8;
    %store/vec4 v000001d9d066c6a0_0, 0, 8;
    %jmp T_17.256;
T_17.173 ;
    %pushi/vec4 149, 0, 8;
    %store/vec4 v000001d9d066c6a0_0, 0, 8;
    %jmp T_17.256;
T_17.174 ;
    %pushi/vec4 228, 0, 8;
    %store/vec4 v000001d9d066c6a0_0, 0, 8;
    %jmp T_17.256;
T_17.175 ;
    %pushi/vec4 121, 0, 8;
    %store/vec4 v000001d9d066c6a0_0, 0, 8;
    %jmp T_17.256;
T_17.176 ;
    %pushi/vec4 231, 0, 8;
    %store/vec4 v000001d9d066c6a0_0, 0, 8;
    %jmp T_17.256;
T_17.177 ;
    %pushi/vec4 200, 0, 8;
    %store/vec4 v000001d9d066c6a0_0, 0, 8;
    %jmp T_17.256;
T_17.178 ;
    %pushi/vec4 55, 0, 8;
    %store/vec4 v000001d9d066c6a0_0, 0, 8;
    %jmp T_17.256;
T_17.179 ;
    %pushi/vec4 109, 0, 8;
    %store/vec4 v000001d9d066c6a0_0, 0, 8;
    %jmp T_17.256;
T_17.180 ;
    %pushi/vec4 141, 0, 8;
    %store/vec4 v000001d9d066c6a0_0, 0, 8;
    %jmp T_17.256;
T_17.181 ;
    %pushi/vec4 213, 0, 8;
    %store/vec4 v000001d9d066c6a0_0, 0, 8;
    %jmp T_17.256;
T_17.182 ;
    %pushi/vec4 78, 0, 8;
    %store/vec4 v000001d9d066c6a0_0, 0, 8;
    %jmp T_17.256;
T_17.183 ;
    %pushi/vec4 169, 0, 8;
    %store/vec4 v000001d9d066c6a0_0, 0, 8;
    %jmp T_17.256;
T_17.184 ;
    %pushi/vec4 108, 0, 8;
    %store/vec4 v000001d9d066c6a0_0, 0, 8;
    %jmp T_17.256;
T_17.185 ;
    %pushi/vec4 86, 0, 8;
    %store/vec4 v000001d9d066c6a0_0, 0, 8;
    %jmp T_17.256;
T_17.186 ;
    %pushi/vec4 244, 0, 8;
    %store/vec4 v000001d9d066c6a0_0, 0, 8;
    %jmp T_17.256;
T_17.187 ;
    %pushi/vec4 234, 0, 8;
    %store/vec4 v000001d9d066c6a0_0, 0, 8;
    %jmp T_17.256;
T_17.188 ;
    %pushi/vec4 101, 0, 8;
    %store/vec4 v000001d9d066c6a0_0, 0, 8;
    %jmp T_17.256;
T_17.189 ;
    %pushi/vec4 122, 0, 8;
    %store/vec4 v000001d9d066c6a0_0, 0, 8;
    %jmp T_17.256;
T_17.190 ;
    %pushi/vec4 174, 0, 8;
    %store/vec4 v000001d9d066c6a0_0, 0, 8;
    %jmp T_17.256;
T_17.191 ;
    %pushi/vec4 8, 0, 8;
    %store/vec4 v000001d9d066c6a0_0, 0, 8;
    %jmp T_17.256;
T_17.192 ;
    %pushi/vec4 186, 0, 8;
    %store/vec4 v000001d9d066c6a0_0, 0, 8;
    %jmp T_17.256;
T_17.193 ;
    %pushi/vec4 120, 0, 8;
    %store/vec4 v000001d9d066c6a0_0, 0, 8;
    %jmp T_17.256;
T_17.194 ;
    %pushi/vec4 37, 0, 8;
    %store/vec4 v000001d9d066c6a0_0, 0, 8;
    %jmp T_17.256;
T_17.195 ;
    %pushi/vec4 46, 0, 8;
    %store/vec4 v000001d9d066c6a0_0, 0, 8;
    %jmp T_17.256;
T_17.196 ;
    %pushi/vec4 28, 0, 8;
    %store/vec4 v000001d9d066c6a0_0, 0, 8;
    %jmp T_17.256;
T_17.197 ;
    %pushi/vec4 166, 0, 8;
    %store/vec4 v000001d9d066c6a0_0, 0, 8;
    %jmp T_17.256;
T_17.198 ;
    %pushi/vec4 180, 0, 8;
    %store/vec4 v000001d9d066c6a0_0, 0, 8;
    %jmp T_17.256;
T_17.199 ;
    %pushi/vec4 198, 0, 8;
    %store/vec4 v000001d9d066c6a0_0, 0, 8;
    %jmp T_17.256;
T_17.200 ;
    %pushi/vec4 232, 0, 8;
    %store/vec4 v000001d9d066c6a0_0, 0, 8;
    %jmp T_17.256;
T_17.201 ;
    %pushi/vec4 221, 0, 8;
    %store/vec4 v000001d9d066c6a0_0, 0, 8;
    %jmp T_17.256;
T_17.202 ;
    %pushi/vec4 116, 0, 8;
    %store/vec4 v000001d9d066c6a0_0, 0, 8;
    %jmp T_17.256;
T_17.203 ;
    %pushi/vec4 31, 0, 8;
    %store/vec4 v000001d9d066c6a0_0, 0, 8;
    %jmp T_17.256;
T_17.204 ;
    %pushi/vec4 75, 0, 8;
    %store/vec4 v000001d9d066c6a0_0, 0, 8;
    %jmp T_17.256;
T_17.205 ;
    %pushi/vec4 189, 0, 8;
    %store/vec4 v000001d9d066c6a0_0, 0, 8;
    %jmp T_17.256;
T_17.206 ;
    %pushi/vec4 139, 0, 8;
    %store/vec4 v000001d9d066c6a0_0, 0, 8;
    %jmp T_17.256;
T_17.207 ;
    %pushi/vec4 138, 0, 8;
    %store/vec4 v000001d9d066c6a0_0, 0, 8;
    %jmp T_17.256;
T_17.208 ;
    %pushi/vec4 112, 0, 8;
    %store/vec4 v000001d9d066c6a0_0, 0, 8;
    %jmp T_17.256;
T_17.209 ;
    %pushi/vec4 62, 0, 8;
    %store/vec4 v000001d9d066c6a0_0, 0, 8;
    %jmp T_17.256;
T_17.210 ;
    %pushi/vec4 181, 0, 8;
    %store/vec4 v000001d9d066c6a0_0, 0, 8;
    %jmp T_17.256;
T_17.211 ;
    %pushi/vec4 102, 0, 8;
    %store/vec4 v000001d9d066c6a0_0, 0, 8;
    %jmp T_17.256;
T_17.212 ;
    %pushi/vec4 72, 0, 8;
    %store/vec4 v000001d9d066c6a0_0, 0, 8;
    %jmp T_17.256;
T_17.213 ;
    %pushi/vec4 3, 0, 8;
    %store/vec4 v000001d9d066c6a0_0, 0, 8;
    %jmp T_17.256;
T_17.214 ;
    %pushi/vec4 246, 0, 8;
    %store/vec4 v000001d9d066c6a0_0, 0, 8;
    %jmp T_17.256;
T_17.215 ;
    %pushi/vec4 14, 0, 8;
    %store/vec4 v000001d9d066c6a0_0, 0, 8;
    %jmp T_17.256;
T_17.216 ;
    %pushi/vec4 97, 0, 8;
    %store/vec4 v000001d9d066c6a0_0, 0, 8;
    %jmp T_17.256;
T_17.217 ;
    %pushi/vec4 53, 0, 8;
    %store/vec4 v000001d9d066c6a0_0, 0, 8;
    %jmp T_17.256;
T_17.218 ;
    %pushi/vec4 87, 0, 8;
    %store/vec4 v000001d9d066c6a0_0, 0, 8;
    %jmp T_17.256;
T_17.219 ;
    %pushi/vec4 185, 0, 8;
    %store/vec4 v000001d9d066c6a0_0, 0, 8;
    %jmp T_17.256;
T_17.220 ;
    %pushi/vec4 134, 0, 8;
    %store/vec4 v000001d9d066c6a0_0, 0, 8;
    %jmp T_17.256;
T_17.221 ;
    %pushi/vec4 193, 0, 8;
    %store/vec4 v000001d9d066c6a0_0, 0, 8;
    %jmp T_17.256;
T_17.222 ;
    %pushi/vec4 29, 0, 8;
    %store/vec4 v000001d9d066c6a0_0, 0, 8;
    %jmp T_17.256;
T_17.223 ;
    %pushi/vec4 158, 0, 8;
    %store/vec4 v000001d9d066c6a0_0, 0, 8;
    %jmp T_17.256;
T_17.224 ;
    %pushi/vec4 225, 0, 8;
    %store/vec4 v000001d9d066c6a0_0, 0, 8;
    %jmp T_17.256;
T_17.225 ;
    %pushi/vec4 248, 0, 8;
    %store/vec4 v000001d9d066c6a0_0, 0, 8;
    %jmp T_17.256;
T_17.226 ;
    %pushi/vec4 152, 0, 8;
    %store/vec4 v000001d9d066c6a0_0, 0, 8;
    %jmp T_17.256;
T_17.227 ;
    %pushi/vec4 17, 0, 8;
    %store/vec4 v000001d9d066c6a0_0, 0, 8;
    %jmp T_17.256;
T_17.228 ;
    %pushi/vec4 105, 0, 8;
    %store/vec4 v000001d9d066c6a0_0, 0, 8;
    %jmp T_17.256;
T_17.229 ;
    %pushi/vec4 217, 0, 8;
    %store/vec4 v000001d9d066c6a0_0, 0, 8;
    %jmp T_17.256;
T_17.230 ;
    %pushi/vec4 142, 0, 8;
    %store/vec4 v000001d9d066c6a0_0, 0, 8;
    %jmp T_17.256;
T_17.231 ;
    %pushi/vec4 148, 0, 8;
    %store/vec4 v000001d9d066c6a0_0, 0, 8;
    %jmp T_17.256;
T_17.232 ;
    %pushi/vec4 155, 0, 8;
    %store/vec4 v000001d9d066c6a0_0, 0, 8;
    %jmp T_17.256;
T_17.233 ;
    %pushi/vec4 30, 0, 8;
    %store/vec4 v000001d9d066c6a0_0, 0, 8;
    %jmp T_17.256;
T_17.234 ;
    %pushi/vec4 135, 0, 8;
    %store/vec4 v000001d9d066c6a0_0, 0, 8;
    %jmp T_17.256;
T_17.235 ;
    %pushi/vec4 233, 0, 8;
    %store/vec4 v000001d9d066c6a0_0, 0, 8;
    %jmp T_17.256;
T_17.236 ;
    %pushi/vec4 206, 0, 8;
    %store/vec4 v000001d9d066c6a0_0, 0, 8;
    %jmp T_17.256;
T_17.237 ;
    %pushi/vec4 85, 0, 8;
    %store/vec4 v000001d9d066c6a0_0, 0, 8;
    %jmp T_17.256;
T_17.238 ;
    %pushi/vec4 40, 0, 8;
    %store/vec4 v000001d9d066c6a0_0, 0, 8;
    %jmp T_17.256;
T_17.239 ;
    %pushi/vec4 223, 0, 8;
    %store/vec4 v000001d9d066c6a0_0, 0, 8;
    %jmp T_17.256;
T_17.240 ;
    %pushi/vec4 140, 0, 8;
    %store/vec4 v000001d9d066c6a0_0, 0, 8;
    %jmp T_17.256;
T_17.241 ;
    %pushi/vec4 161, 0, 8;
    %store/vec4 v000001d9d066c6a0_0, 0, 8;
    %jmp T_17.256;
T_17.242 ;
    %pushi/vec4 137, 0, 8;
    %store/vec4 v000001d9d066c6a0_0, 0, 8;
    %jmp T_17.256;
T_17.243 ;
    %pushi/vec4 13, 0, 8;
    %store/vec4 v000001d9d066c6a0_0, 0, 8;
    %jmp T_17.256;
T_17.244 ;
    %pushi/vec4 191, 0, 8;
    %store/vec4 v000001d9d066c6a0_0, 0, 8;
    %jmp T_17.256;
T_17.245 ;
    %pushi/vec4 230, 0, 8;
    %store/vec4 v000001d9d066c6a0_0, 0, 8;
    %jmp T_17.256;
T_17.246 ;
    %pushi/vec4 66, 0, 8;
    %store/vec4 v000001d9d066c6a0_0, 0, 8;
    %jmp T_17.256;
T_17.247 ;
    %pushi/vec4 104, 0, 8;
    %store/vec4 v000001d9d066c6a0_0, 0, 8;
    %jmp T_17.256;
T_17.248 ;
    %pushi/vec4 65, 0, 8;
    %store/vec4 v000001d9d066c6a0_0, 0, 8;
    %jmp T_17.256;
T_17.249 ;
    %pushi/vec4 153, 0, 8;
    %store/vec4 v000001d9d066c6a0_0, 0, 8;
    %jmp T_17.256;
T_17.250 ;
    %pushi/vec4 45, 0, 8;
    %store/vec4 v000001d9d066c6a0_0, 0, 8;
    %jmp T_17.256;
T_17.251 ;
    %pushi/vec4 15, 0, 8;
    %store/vec4 v000001d9d066c6a0_0, 0, 8;
    %jmp T_17.256;
T_17.252 ;
    %pushi/vec4 176, 0, 8;
    %store/vec4 v000001d9d066c6a0_0, 0, 8;
    %jmp T_17.256;
T_17.253 ;
    %pushi/vec4 84, 0, 8;
    %store/vec4 v000001d9d066c6a0_0, 0, 8;
    %jmp T_17.256;
T_17.254 ;
    %pushi/vec4 187, 0, 8;
    %store/vec4 v000001d9d066c6a0_0, 0, 8;
    %jmp T_17.256;
T_17.255 ;
    %pushi/vec4 22, 0, 8;
    %store/vec4 v000001d9d066c6a0_0, 0, 8;
    %jmp T_17.256;
T_17.256 ;
    %pop/vec4 1;
    %jmp T_17;
    .thread T_17, $push;
    .scope S_000001d9d0675b90;
T_18 ;
    %wait E_000001d9d05b7d20;
    %load/vec4 v000001d9d066be80_0;
    %dup/vec4;
    %pushi/vec4 0, 0, 8;
    %cmp/u;
    %jmp/1 T_18.0, 6;
    %dup/vec4;
    %pushi/vec4 1, 0, 8;
    %cmp/u;
    %jmp/1 T_18.1, 6;
    %dup/vec4;
    %pushi/vec4 2, 0, 8;
    %cmp/u;
    %jmp/1 T_18.2, 6;
    %dup/vec4;
    %pushi/vec4 3, 0, 8;
    %cmp/u;
    %jmp/1 T_18.3, 6;
    %dup/vec4;
    %pushi/vec4 4, 0, 8;
    %cmp/u;
    %jmp/1 T_18.4, 6;
    %dup/vec4;
    %pushi/vec4 5, 0, 8;
    %cmp/u;
    %jmp/1 T_18.5, 6;
    %dup/vec4;
    %pushi/vec4 6, 0, 8;
    %cmp/u;
    %jmp/1 T_18.6, 6;
    %dup/vec4;
    %pushi/vec4 7, 0, 8;
    %cmp/u;
    %jmp/1 T_18.7, 6;
    %dup/vec4;
    %pushi/vec4 8, 0, 8;
    %cmp/u;
    %jmp/1 T_18.8, 6;
    %dup/vec4;
    %pushi/vec4 9, 0, 8;
    %cmp/u;
    %jmp/1 T_18.9, 6;
    %dup/vec4;
    %pushi/vec4 10, 0, 8;
    %cmp/u;
    %jmp/1 T_18.10, 6;
    %dup/vec4;
    %pushi/vec4 11, 0, 8;
    %cmp/u;
    %jmp/1 T_18.11, 6;
    %dup/vec4;
    %pushi/vec4 12, 0, 8;
    %cmp/u;
    %jmp/1 T_18.12, 6;
    %dup/vec4;
    %pushi/vec4 13, 0, 8;
    %cmp/u;
    %jmp/1 T_18.13, 6;
    %dup/vec4;
    %pushi/vec4 14, 0, 8;
    %cmp/u;
    %jmp/1 T_18.14, 6;
    %dup/vec4;
    %pushi/vec4 15, 0, 8;
    %cmp/u;
    %jmp/1 T_18.15, 6;
    %dup/vec4;
    %pushi/vec4 16, 0, 8;
    %cmp/u;
    %jmp/1 T_18.16, 6;
    %dup/vec4;
    %pushi/vec4 17, 0, 8;
    %cmp/u;
    %jmp/1 T_18.17, 6;
    %dup/vec4;
    %pushi/vec4 18, 0, 8;
    %cmp/u;
    %jmp/1 T_18.18, 6;
    %dup/vec4;
    %pushi/vec4 19, 0, 8;
    %cmp/u;
    %jmp/1 T_18.19, 6;
    %dup/vec4;
    %pushi/vec4 20, 0, 8;
    %cmp/u;
    %jmp/1 T_18.20, 6;
    %dup/vec4;
    %pushi/vec4 21, 0, 8;
    %cmp/u;
    %jmp/1 T_18.21, 6;
    %dup/vec4;
    %pushi/vec4 22, 0, 8;
    %cmp/u;
    %jmp/1 T_18.22, 6;
    %dup/vec4;
    %pushi/vec4 23, 0, 8;
    %cmp/u;
    %jmp/1 T_18.23, 6;
    %dup/vec4;
    %pushi/vec4 24, 0, 8;
    %cmp/u;
    %jmp/1 T_18.24, 6;
    %dup/vec4;
    %pushi/vec4 25, 0, 8;
    %cmp/u;
    %jmp/1 T_18.25, 6;
    %dup/vec4;
    %pushi/vec4 26, 0, 8;
    %cmp/u;
    %jmp/1 T_18.26, 6;
    %dup/vec4;
    %pushi/vec4 27, 0, 8;
    %cmp/u;
    %jmp/1 T_18.27, 6;
    %dup/vec4;
    %pushi/vec4 28, 0, 8;
    %cmp/u;
    %jmp/1 T_18.28, 6;
    %dup/vec4;
    %pushi/vec4 29, 0, 8;
    %cmp/u;
    %jmp/1 T_18.29, 6;
    %dup/vec4;
    %pushi/vec4 30, 0, 8;
    %cmp/u;
    %jmp/1 T_18.30, 6;
    %dup/vec4;
    %pushi/vec4 31, 0, 8;
    %cmp/u;
    %jmp/1 T_18.31, 6;
    %dup/vec4;
    %pushi/vec4 32, 0, 8;
    %cmp/u;
    %jmp/1 T_18.32, 6;
    %dup/vec4;
    %pushi/vec4 33, 0, 8;
    %cmp/u;
    %jmp/1 T_18.33, 6;
    %dup/vec4;
    %pushi/vec4 34, 0, 8;
    %cmp/u;
    %jmp/1 T_18.34, 6;
    %dup/vec4;
    %pushi/vec4 35, 0, 8;
    %cmp/u;
    %jmp/1 T_18.35, 6;
    %dup/vec4;
    %pushi/vec4 36, 0, 8;
    %cmp/u;
    %jmp/1 T_18.36, 6;
    %dup/vec4;
    %pushi/vec4 37, 0, 8;
    %cmp/u;
    %jmp/1 T_18.37, 6;
    %dup/vec4;
    %pushi/vec4 38, 0, 8;
    %cmp/u;
    %jmp/1 T_18.38, 6;
    %dup/vec4;
    %pushi/vec4 39, 0, 8;
    %cmp/u;
    %jmp/1 T_18.39, 6;
    %dup/vec4;
    %pushi/vec4 40, 0, 8;
    %cmp/u;
    %jmp/1 T_18.40, 6;
    %dup/vec4;
    %pushi/vec4 41, 0, 8;
    %cmp/u;
    %jmp/1 T_18.41, 6;
    %dup/vec4;
    %pushi/vec4 42, 0, 8;
    %cmp/u;
    %jmp/1 T_18.42, 6;
    %dup/vec4;
    %pushi/vec4 43, 0, 8;
    %cmp/u;
    %jmp/1 T_18.43, 6;
    %dup/vec4;
    %pushi/vec4 44, 0, 8;
    %cmp/u;
    %jmp/1 T_18.44, 6;
    %dup/vec4;
    %pushi/vec4 45, 0, 8;
    %cmp/u;
    %jmp/1 T_18.45, 6;
    %dup/vec4;
    %pushi/vec4 46, 0, 8;
    %cmp/u;
    %jmp/1 T_18.46, 6;
    %dup/vec4;
    %pushi/vec4 47, 0, 8;
    %cmp/u;
    %jmp/1 T_18.47, 6;
    %dup/vec4;
    %pushi/vec4 48, 0, 8;
    %cmp/u;
    %jmp/1 T_18.48, 6;
    %dup/vec4;
    %pushi/vec4 49, 0, 8;
    %cmp/u;
    %jmp/1 T_18.49, 6;
    %dup/vec4;
    %pushi/vec4 50, 0, 8;
    %cmp/u;
    %jmp/1 T_18.50, 6;
    %dup/vec4;
    %pushi/vec4 51, 0, 8;
    %cmp/u;
    %jmp/1 T_18.51, 6;
    %dup/vec4;
    %pushi/vec4 52, 0, 8;
    %cmp/u;
    %jmp/1 T_18.52, 6;
    %dup/vec4;
    %pushi/vec4 53, 0, 8;
    %cmp/u;
    %jmp/1 T_18.53, 6;
    %dup/vec4;
    %pushi/vec4 54, 0, 8;
    %cmp/u;
    %jmp/1 T_18.54, 6;
    %dup/vec4;
    %pushi/vec4 55, 0, 8;
    %cmp/u;
    %jmp/1 T_18.55, 6;
    %dup/vec4;
    %pushi/vec4 56, 0, 8;
    %cmp/u;
    %jmp/1 T_18.56, 6;
    %dup/vec4;
    %pushi/vec4 57, 0, 8;
    %cmp/u;
    %jmp/1 T_18.57, 6;
    %dup/vec4;
    %pushi/vec4 58, 0, 8;
    %cmp/u;
    %jmp/1 T_18.58, 6;
    %dup/vec4;
    %pushi/vec4 59, 0, 8;
    %cmp/u;
    %jmp/1 T_18.59, 6;
    %dup/vec4;
    %pushi/vec4 60, 0, 8;
    %cmp/u;
    %jmp/1 T_18.60, 6;
    %dup/vec4;
    %pushi/vec4 61, 0, 8;
    %cmp/u;
    %jmp/1 T_18.61, 6;
    %dup/vec4;
    %pushi/vec4 62, 0, 8;
    %cmp/u;
    %jmp/1 T_18.62, 6;
    %dup/vec4;
    %pushi/vec4 63, 0, 8;
    %cmp/u;
    %jmp/1 T_18.63, 6;
    %dup/vec4;
    %pushi/vec4 64, 0, 8;
    %cmp/u;
    %jmp/1 T_18.64, 6;
    %dup/vec4;
    %pushi/vec4 65, 0, 8;
    %cmp/u;
    %jmp/1 T_18.65, 6;
    %dup/vec4;
    %pushi/vec4 66, 0, 8;
    %cmp/u;
    %jmp/1 T_18.66, 6;
    %dup/vec4;
    %pushi/vec4 67, 0, 8;
    %cmp/u;
    %jmp/1 T_18.67, 6;
    %dup/vec4;
    %pushi/vec4 68, 0, 8;
    %cmp/u;
    %jmp/1 T_18.68, 6;
    %dup/vec4;
    %pushi/vec4 69, 0, 8;
    %cmp/u;
    %jmp/1 T_18.69, 6;
    %dup/vec4;
    %pushi/vec4 70, 0, 8;
    %cmp/u;
    %jmp/1 T_18.70, 6;
    %dup/vec4;
    %pushi/vec4 71, 0, 8;
    %cmp/u;
    %jmp/1 T_18.71, 6;
    %dup/vec4;
    %pushi/vec4 72, 0, 8;
    %cmp/u;
    %jmp/1 T_18.72, 6;
    %dup/vec4;
    %pushi/vec4 73, 0, 8;
    %cmp/u;
    %jmp/1 T_18.73, 6;
    %dup/vec4;
    %pushi/vec4 74, 0, 8;
    %cmp/u;
    %jmp/1 T_18.74, 6;
    %dup/vec4;
    %pushi/vec4 75, 0, 8;
    %cmp/u;
    %jmp/1 T_18.75, 6;
    %dup/vec4;
    %pushi/vec4 76, 0, 8;
    %cmp/u;
    %jmp/1 T_18.76, 6;
    %dup/vec4;
    %pushi/vec4 77, 0, 8;
    %cmp/u;
    %jmp/1 T_18.77, 6;
    %dup/vec4;
    %pushi/vec4 78, 0, 8;
    %cmp/u;
    %jmp/1 T_18.78, 6;
    %dup/vec4;
    %pushi/vec4 79, 0, 8;
    %cmp/u;
    %jmp/1 T_18.79, 6;
    %dup/vec4;
    %pushi/vec4 80, 0, 8;
    %cmp/u;
    %jmp/1 T_18.80, 6;
    %dup/vec4;
    %pushi/vec4 81, 0, 8;
    %cmp/u;
    %jmp/1 T_18.81, 6;
    %dup/vec4;
    %pushi/vec4 82, 0, 8;
    %cmp/u;
    %jmp/1 T_18.82, 6;
    %dup/vec4;
    %pushi/vec4 83, 0, 8;
    %cmp/u;
    %jmp/1 T_18.83, 6;
    %dup/vec4;
    %pushi/vec4 84, 0, 8;
    %cmp/u;
    %jmp/1 T_18.84, 6;
    %dup/vec4;
    %pushi/vec4 85, 0, 8;
    %cmp/u;
    %jmp/1 T_18.85, 6;
    %dup/vec4;
    %pushi/vec4 86, 0, 8;
    %cmp/u;
    %jmp/1 T_18.86, 6;
    %dup/vec4;
    %pushi/vec4 87, 0, 8;
    %cmp/u;
    %jmp/1 T_18.87, 6;
    %dup/vec4;
    %pushi/vec4 88, 0, 8;
    %cmp/u;
    %jmp/1 T_18.88, 6;
    %dup/vec4;
    %pushi/vec4 89, 0, 8;
    %cmp/u;
    %jmp/1 T_18.89, 6;
    %dup/vec4;
    %pushi/vec4 90, 0, 8;
    %cmp/u;
    %jmp/1 T_18.90, 6;
    %dup/vec4;
    %pushi/vec4 91, 0, 8;
    %cmp/u;
    %jmp/1 T_18.91, 6;
    %dup/vec4;
    %pushi/vec4 92, 0, 8;
    %cmp/u;
    %jmp/1 T_18.92, 6;
    %dup/vec4;
    %pushi/vec4 93, 0, 8;
    %cmp/u;
    %jmp/1 T_18.93, 6;
    %dup/vec4;
    %pushi/vec4 94, 0, 8;
    %cmp/u;
    %jmp/1 T_18.94, 6;
    %dup/vec4;
    %pushi/vec4 95, 0, 8;
    %cmp/u;
    %jmp/1 T_18.95, 6;
    %dup/vec4;
    %pushi/vec4 96, 0, 8;
    %cmp/u;
    %jmp/1 T_18.96, 6;
    %dup/vec4;
    %pushi/vec4 97, 0, 8;
    %cmp/u;
    %jmp/1 T_18.97, 6;
    %dup/vec4;
    %pushi/vec4 98, 0, 8;
    %cmp/u;
    %jmp/1 T_18.98, 6;
    %dup/vec4;
    %pushi/vec4 99, 0, 8;
    %cmp/u;
    %jmp/1 T_18.99, 6;
    %dup/vec4;
    %pushi/vec4 100, 0, 8;
    %cmp/u;
    %jmp/1 T_18.100, 6;
    %dup/vec4;
    %pushi/vec4 101, 0, 8;
    %cmp/u;
    %jmp/1 T_18.101, 6;
    %dup/vec4;
    %pushi/vec4 102, 0, 8;
    %cmp/u;
    %jmp/1 T_18.102, 6;
    %dup/vec4;
    %pushi/vec4 103, 0, 8;
    %cmp/u;
    %jmp/1 T_18.103, 6;
    %dup/vec4;
    %pushi/vec4 104, 0, 8;
    %cmp/u;
    %jmp/1 T_18.104, 6;
    %dup/vec4;
    %pushi/vec4 105, 0, 8;
    %cmp/u;
    %jmp/1 T_18.105, 6;
    %dup/vec4;
    %pushi/vec4 106, 0, 8;
    %cmp/u;
    %jmp/1 T_18.106, 6;
    %dup/vec4;
    %pushi/vec4 107, 0, 8;
    %cmp/u;
    %jmp/1 T_18.107, 6;
    %dup/vec4;
    %pushi/vec4 108, 0, 8;
    %cmp/u;
    %jmp/1 T_18.108, 6;
    %dup/vec4;
    %pushi/vec4 109, 0, 8;
    %cmp/u;
    %jmp/1 T_18.109, 6;
    %dup/vec4;
    %pushi/vec4 110, 0, 8;
    %cmp/u;
    %jmp/1 T_18.110, 6;
    %dup/vec4;
    %pushi/vec4 111, 0, 8;
    %cmp/u;
    %jmp/1 T_18.111, 6;
    %dup/vec4;
    %pushi/vec4 112, 0, 8;
    %cmp/u;
    %jmp/1 T_18.112, 6;
    %dup/vec4;
    %pushi/vec4 113, 0, 8;
    %cmp/u;
    %jmp/1 T_18.113, 6;
    %dup/vec4;
    %pushi/vec4 114, 0, 8;
    %cmp/u;
    %jmp/1 T_18.114, 6;
    %dup/vec4;
    %pushi/vec4 115, 0, 8;
    %cmp/u;
    %jmp/1 T_18.115, 6;
    %dup/vec4;
    %pushi/vec4 116, 0, 8;
    %cmp/u;
    %jmp/1 T_18.116, 6;
    %dup/vec4;
    %pushi/vec4 117, 0, 8;
    %cmp/u;
    %jmp/1 T_18.117, 6;
    %dup/vec4;
    %pushi/vec4 118, 0, 8;
    %cmp/u;
    %jmp/1 T_18.118, 6;
    %dup/vec4;
    %pushi/vec4 119, 0, 8;
    %cmp/u;
    %jmp/1 T_18.119, 6;
    %dup/vec4;
    %pushi/vec4 120, 0, 8;
    %cmp/u;
    %jmp/1 T_18.120, 6;
    %dup/vec4;
    %pushi/vec4 121, 0, 8;
    %cmp/u;
    %jmp/1 T_18.121, 6;
    %dup/vec4;
    %pushi/vec4 122, 0, 8;
    %cmp/u;
    %jmp/1 T_18.122, 6;
    %dup/vec4;
    %pushi/vec4 123, 0, 8;
    %cmp/u;
    %jmp/1 T_18.123, 6;
    %dup/vec4;
    %pushi/vec4 124, 0, 8;
    %cmp/u;
    %jmp/1 T_18.124, 6;
    %dup/vec4;
    %pushi/vec4 125, 0, 8;
    %cmp/u;
    %jmp/1 T_18.125, 6;
    %dup/vec4;
    %pushi/vec4 126, 0, 8;
    %cmp/u;
    %jmp/1 T_18.126, 6;
    %dup/vec4;
    %pushi/vec4 127, 0, 8;
    %cmp/u;
    %jmp/1 T_18.127, 6;
    %dup/vec4;
    %pushi/vec4 128, 0, 8;
    %cmp/u;
    %jmp/1 T_18.128, 6;
    %dup/vec4;
    %pushi/vec4 129, 0, 8;
    %cmp/u;
    %jmp/1 T_18.129, 6;
    %dup/vec4;
    %pushi/vec4 130, 0, 8;
    %cmp/u;
    %jmp/1 T_18.130, 6;
    %dup/vec4;
    %pushi/vec4 131, 0, 8;
    %cmp/u;
    %jmp/1 T_18.131, 6;
    %dup/vec4;
    %pushi/vec4 132, 0, 8;
    %cmp/u;
    %jmp/1 T_18.132, 6;
    %dup/vec4;
    %pushi/vec4 133, 0, 8;
    %cmp/u;
    %jmp/1 T_18.133, 6;
    %dup/vec4;
    %pushi/vec4 134, 0, 8;
    %cmp/u;
    %jmp/1 T_18.134, 6;
    %dup/vec4;
    %pushi/vec4 135, 0, 8;
    %cmp/u;
    %jmp/1 T_18.135, 6;
    %dup/vec4;
    %pushi/vec4 136, 0, 8;
    %cmp/u;
    %jmp/1 T_18.136, 6;
    %dup/vec4;
    %pushi/vec4 137, 0, 8;
    %cmp/u;
    %jmp/1 T_18.137, 6;
    %dup/vec4;
    %pushi/vec4 138, 0, 8;
    %cmp/u;
    %jmp/1 T_18.138, 6;
    %dup/vec4;
    %pushi/vec4 139, 0, 8;
    %cmp/u;
    %jmp/1 T_18.139, 6;
    %dup/vec4;
    %pushi/vec4 140, 0, 8;
    %cmp/u;
    %jmp/1 T_18.140, 6;
    %dup/vec4;
    %pushi/vec4 141, 0, 8;
    %cmp/u;
    %jmp/1 T_18.141, 6;
    %dup/vec4;
    %pushi/vec4 142, 0, 8;
    %cmp/u;
    %jmp/1 T_18.142, 6;
    %dup/vec4;
    %pushi/vec4 143, 0, 8;
    %cmp/u;
    %jmp/1 T_18.143, 6;
    %dup/vec4;
    %pushi/vec4 144, 0, 8;
    %cmp/u;
    %jmp/1 T_18.144, 6;
    %dup/vec4;
    %pushi/vec4 145, 0, 8;
    %cmp/u;
    %jmp/1 T_18.145, 6;
    %dup/vec4;
    %pushi/vec4 146, 0, 8;
    %cmp/u;
    %jmp/1 T_18.146, 6;
    %dup/vec4;
    %pushi/vec4 147, 0, 8;
    %cmp/u;
    %jmp/1 T_18.147, 6;
    %dup/vec4;
    %pushi/vec4 148, 0, 8;
    %cmp/u;
    %jmp/1 T_18.148, 6;
    %dup/vec4;
    %pushi/vec4 149, 0, 8;
    %cmp/u;
    %jmp/1 T_18.149, 6;
    %dup/vec4;
    %pushi/vec4 150, 0, 8;
    %cmp/u;
    %jmp/1 T_18.150, 6;
    %dup/vec4;
    %pushi/vec4 151, 0, 8;
    %cmp/u;
    %jmp/1 T_18.151, 6;
    %dup/vec4;
    %pushi/vec4 152, 0, 8;
    %cmp/u;
    %jmp/1 T_18.152, 6;
    %dup/vec4;
    %pushi/vec4 153, 0, 8;
    %cmp/u;
    %jmp/1 T_18.153, 6;
    %dup/vec4;
    %pushi/vec4 154, 0, 8;
    %cmp/u;
    %jmp/1 T_18.154, 6;
    %dup/vec4;
    %pushi/vec4 155, 0, 8;
    %cmp/u;
    %jmp/1 T_18.155, 6;
    %dup/vec4;
    %pushi/vec4 156, 0, 8;
    %cmp/u;
    %jmp/1 T_18.156, 6;
    %dup/vec4;
    %pushi/vec4 157, 0, 8;
    %cmp/u;
    %jmp/1 T_18.157, 6;
    %dup/vec4;
    %pushi/vec4 158, 0, 8;
    %cmp/u;
    %jmp/1 T_18.158, 6;
    %dup/vec4;
    %pushi/vec4 159, 0, 8;
    %cmp/u;
    %jmp/1 T_18.159, 6;
    %dup/vec4;
    %pushi/vec4 160, 0, 8;
    %cmp/u;
    %jmp/1 T_18.160, 6;
    %dup/vec4;
    %pushi/vec4 161, 0, 8;
    %cmp/u;
    %jmp/1 T_18.161, 6;
    %dup/vec4;
    %pushi/vec4 162, 0, 8;
    %cmp/u;
    %jmp/1 T_18.162, 6;
    %dup/vec4;
    %pushi/vec4 163, 0, 8;
    %cmp/u;
    %jmp/1 T_18.163, 6;
    %dup/vec4;
    %pushi/vec4 164, 0, 8;
    %cmp/u;
    %jmp/1 T_18.164, 6;
    %dup/vec4;
    %pushi/vec4 165, 0, 8;
    %cmp/u;
    %jmp/1 T_18.165, 6;
    %dup/vec4;
    %pushi/vec4 166, 0, 8;
    %cmp/u;
    %jmp/1 T_18.166, 6;
    %dup/vec4;
    %pushi/vec4 167, 0, 8;
    %cmp/u;
    %jmp/1 T_18.167, 6;
    %dup/vec4;
    %pushi/vec4 168, 0, 8;
    %cmp/u;
    %jmp/1 T_18.168, 6;
    %dup/vec4;
    %pushi/vec4 169, 0, 8;
    %cmp/u;
    %jmp/1 T_18.169, 6;
    %dup/vec4;
    %pushi/vec4 170, 0, 8;
    %cmp/u;
    %jmp/1 T_18.170, 6;
    %dup/vec4;
    %pushi/vec4 171, 0, 8;
    %cmp/u;
    %jmp/1 T_18.171, 6;
    %dup/vec4;
    %pushi/vec4 172, 0, 8;
    %cmp/u;
    %jmp/1 T_18.172, 6;
    %dup/vec4;
    %pushi/vec4 173, 0, 8;
    %cmp/u;
    %jmp/1 T_18.173, 6;
    %dup/vec4;
    %pushi/vec4 174, 0, 8;
    %cmp/u;
    %jmp/1 T_18.174, 6;
    %dup/vec4;
    %pushi/vec4 175, 0, 8;
    %cmp/u;
    %jmp/1 T_18.175, 6;
    %dup/vec4;
    %pushi/vec4 176, 0, 8;
    %cmp/u;
    %jmp/1 T_18.176, 6;
    %dup/vec4;
    %pushi/vec4 177, 0, 8;
    %cmp/u;
    %jmp/1 T_18.177, 6;
    %dup/vec4;
    %pushi/vec4 178, 0, 8;
    %cmp/u;
    %jmp/1 T_18.178, 6;
    %dup/vec4;
    %pushi/vec4 179, 0, 8;
    %cmp/u;
    %jmp/1 T_18.179, 6;
    %dup/vec4;
    %pushi/vec4 180, 0, 8;
    %cmp/u;
    %jmp/1 T_18.180, 6;
    %dup/vec4;
    %pushi/vec4 181, 0, 8;
    %cmp/u;
    %jmp/1 T_18.181, 6;
    %dup/vec4;
    %pushi/vec4 182, 0, 8;
    %cmp/u;
    %jmp/1 T_18.182, 6;
    %dup/vec4;
    %pushi/vec4 183, 0, 8;
    %cmp/u;
    %jmp/1 T_18.183, 6;
    %dup/vec4;
    %pushi/vec4 184, 0, 8;
    %cmp/u;
    %jmp/1 T_18.184, 6;
    %dup/vec4;
    %pushi/vec4 185, 0, 8;
    %cmp/u;
    %jmp/1 T_18.185, 6;
    %dup/vec4;
    %pushi/vec4 186, 0, 8;
    %cmp/u;
    %jmp/1 T_18.186, 6;
    %dup/vec4;
    %pushi/vec4 187, 0, 8;
    %cmp/u;
    %jmp/1 T_18.187, 6;
    %dup/vec4;
    %pushi/vec4 188, 0, 8;
    %cmp/u;
    %jmp/1 T_18.188, 6;
    %dup/vec4;
    %pushi/vec4 189, 0, 8;
    %cmp/u;
    %jmp/1 T_18.189, 6;
    %dup/vec4;
    %pushi/vec4 190, 0, 8;
    %cmp/u;
    %jmp/1 T_18.190, 6;
    %dup/vec4;
    %pushi/vec4 191, 0, 8;
    %cmp/u;
    %jmp/1 T_18.191, 6;
    %dup/vec4;
    %pushi/vec4 192, 0, 8;
    %cmp/u;
    %jmp/1 T_18.192, 6;
    %dup/vec4;
    %pushi/vec4 193, 0, 8;
    %cmp/u;
    %jmp/1 T_18.193, 6;
    %dup/vec4;
    %pushi/vec4 194, 0, 8;
    %cmp/u;
    %jmp/1 T_18.194, 6;
    %dup/vec4;
    %pushi/vec4 195, 0, 8;
    %cmp/u;
    %jmp/1 T_18.195, 6;
    %dup/vec4;
    %pushi/vec4 196, 0, 8;
    %cmp/u;
    %jmp/1 T_18.196, 6;
    %dup/vec4;
    %pushi/vec4 197, 0, 8;
    %cmp/u;
    %jmp/1 T_18.197, 6;
    %dup/vec4;
    %pushi/vec4 198, 0, 8;
    %cmp/u;
    %jmp/1 T_18.198, 6;
    %dup/vec4;
    %pushi/vec4 199, 0, 8;
    %cmp/u;
    %jmp/1 T_18.199, 6;
    %dup/vec4;
    %pushi/vec4 200, 0, 8;
    %cmp/u;
    %jmp/1 T_18.200, 6;
    %dup/vec4;
    %pushi/vec4 201, 0, 8;
    %cmp/u;
    %jmp/1 T_18.201, 6;
    %dup/vec4;
    %pushi/vec4 202, 0, 8;
    %cmp/u;
    %jmp/1 T_18.202, 6;
    %dup/vec4;
    %pushi/vec4 203, 0, 8;
    %cmp/u;
    %jmp/1 T_18.203, 6;
    %dup/vec4;
    %pushi/vec4 204, 0, 8;
    %cmp/u;
    %jmp/1 T_18.204, 6;
    %dup/vec4;
    %pushi/vec4 205, 0, 8;
    %cmp/u;
    %jmp/1 T_18.205, 6;
    %dup/vec4;
    %pushi/vec4 206, 0, 8;
    %cmp/u;
    %jmp/1 T_18.206, 6;
    %dup/vec4;
    %pushi/vec4 207, 0, 8;
    %cmp/u;
    %jmp/1 T_18.207, 6;
    %dup/vec4;
    %pushi/vec4 208, 0, 8;
    %cmp/u;
    %jmp/1 T_18.208, 6;
    %dup/vec4;
    %pushi/vec4 209, 0, 8;
    %cmp/u;
    %jmp/1 T_18.209, 6;
    %dup/vec4;
    %pushi/vec4 210, 0, 8;
    %cmp/u;
    %jmp/1 T_18.210, 6;
    %dup/vec4;
    %pushi/vec4 211, 0, 8;
    %cmp/u;
    %jmp/1 T_18.211, 6;
    %dup/vec4;
    %pushi/vec4 212, 0, 8;
    %cmp/u;
    %jmp/1 T_18.212, 6;
    %dup/vec4;
    %pushi/vec4 213, 0, 8;
    %cmp/u;
    %jmp/1 T_18.213, 6;
    %dup/vec4;
    %pushi/vec4 214, 0, 8;
    %cmp/u;
    %jmp/1 T_18.214, 6;
    %dup/vec4;
    %pushi/vec4 215, 0, 8;
    %cmp/u;
    %jmp/1 T_18.215, 6;
    %dup/vec4;
    %pushi/vec4 216, 0, 8;
    %cmp/u;
    %jmp/1 T_18.216, 6;
    %dup/vec4;
    %pushi/vec4 217, 0, 8;
    %cmp/u;
    %jmp/1 T_18.217, 6;
    %dup/vec4;
    %pushi/vec4 218, 0, 8;
    %cmp/u;
    %jmp/1 T_18.218, 6;
    %dup/vec4;
    %pushi/vec4 219, 0, 8;
    %cmp/u;
    %jmp/1 T_18.219, 6;
    %dup/vec4;
    %pushi/vec4 220, 0, 8;
    %cmp/u;
    %jmp/1 T_18.220, 6;
    %dup/vec4;
    %pushi/vec4 221, 0, 8;
    %cmp/u;
    %jmp/1 T_18.221, 6;
    %dup/vec4;
    %pushi/vec4 222, 0, 8;
    %cmp/u;
    %jmp/1 T_18.222, 6;
    %dup/vec4;
    %pushi/vec4 223, 0, 8;
    %cmp/u;
    %jmp/1 T_18.223, 6;
    %dup/vec4;
    %pushi/vec4 224, 0, 8;
    %cmp/u;
    %jmp/1 T_18.224, 6;
    %dup/vec4;
    %pushi/vec4 225, 0, 8;
    %cmp/u;
    %jmp/1 T_18.225, 6;
    %dup/vec4;
    %pushi/vec4 226, 0, 8;
    %cmp/u;
    %jmp/1 T_18.226, 6;
    %dup/vec4;
    %pushi/vec4 227, 0, 8;
    %cmp/u;
    %jmp/1 T_18.227, 6;
    %dup/vec4;
    %pushi/vec4 228, 0, 8;
    %cmp/u;
    %jmp/1 T_18.228, 6;
    %dup/vec4;
    %pushi/vec4 229, 0, 8;
    %cmp/u;
    %jmp/1 T_18.229, 6;
    %dup/vec4;
    %pushi/vec4 230, 0, 8;
    %cmp/u;
    %jmp/1 T_18.230, 6;
    %dup/vec4;
    %pushi/vec4 231, 0, 8;
    %cmp/u;
    %jmp/1 T_18.231, 6;
    %dup/vec4;
    %pushi/vec4 232, 0, 8;
    %cmp/u;
    %jmp/1 T_18.232, 6;
    %dup/vec4;
    %pushi/vec4 233, 0, 8;
    %cmp/u;
    %jmp/1 T_18.233, 6;
    %dup/vec4;
    %pushi/vec4 234, 0, 8;
    %cmp/u;
    %jmp/1 T_18.234, 6;
    %dup/vec4;
    %pushi/vec4 235, 0, 8;
    %cmp/u;
    %jmp/1 T_18.235, 6;
    %dup/vec4;
    %pushi/vec4 236, 0, 8;
    %cmp/u;
    %jmp/1 T_18.236, 6;
    %dup/vec4;
    %pushi/vec4 237, 0, 8;
    %cmp/u;
    %jmp/1 T_18.237, 6;
    %dup/vec4;
    %pushi/vec4 238, 0, 8;
    %cmp/u;
    %jmp/1 T_18.238, 6;
    %dup/vec4;
    %pushi/vec4 239, 0, 8;
    %cmp/u;
    %jmp/1 T_18.239, 6;
    %dup/vec4;
    %pushi/vec4 240, 0, 8;
    %cmp/u;
    %jmp/1 T_18.240, 6;
    %dup/vec4;
    %pushi/vec4 241, 0, 8;
    %cmp/u;
    %jmp/1 T_18.241, 6;
    %dup/vec4;
    %pushi/vec4 242, 0, 8;
    %cmp/u;
    %jmp/1 T_18.242, 6;
    %dup/vec4;
    %pushi/vec4 243, 0, 8;
    %cmp/u;
    %jmp/1 T_18.243, 6;
    %dup/vec4;
    %pushi/vec4 244, 0, 8;
    %cmp/u;
    %jmp/1 T_18.244, 6;
    %dup/vec4;
    %pushi/vec4 245, 0, 8;
    %cmp/u;
    %jmp/1 T_18.245, 6;
    %dup/vec4;
    %pushi/vec4 246, 0, 8;
    %cmp/u;
    %jmp/1 T_18.246, 6;
    %dup/vec4;
    %pushi/vec4 247, 0, 8;
    %cmp/u;
    %jmp/1 T_18.247, 6;
    %dup/vec4;
    %pushi/vec4 248, 0, 8;
    %cmp/u;
    %jmp/1 T_18.248, 6;
    %dup/vec4;
    %pushi/vec4 249, 0, 8;
    %cmp/u;
    %jmp/1 T_18.249, 6;
    %dup/vec4;
    %pushi/vec4 250, 0, 8;
    %cmp/u;
    %jmp/1 T_18.250, 6;
    %dup/vec4;
    %pushi/vec4 251, 0, 8;
    %cmp/u;
    %jmp/1 T_18.251, 6;
    %dup/vec4;
    %pushi/vec4 252, 0, 8;
    %cmp/u;
    %jmp/1 T_18.252, 6;
    %dup/vec4;
    %pushi/vec4 253, 0, 8;
    %cmp/u;
    %jmp/1 T_18.253, 6;
    %dup/vec4;
    %pushi/vec4 254, 0, 8;
    %cmp/u;
    %jmp/1 T_18.254, 6;
    %dup/vec4;
    %pushi/vec4 255, 0, 8;
    %cmp/u;
    %jmp/1 T_18.255, 6;
    %jmp T_18.256;
T_18.0 ;
    %pushi/vec4 99, 0, 8;
    %store/vec4 v000001d9d066df00_0, 0, 8;
    %jmp T_18.256;
T_18.1 ;
    %pushi/vec4 124, 0, 8;
    %store/vec4 v000001d9d066df00_0, 0, 8;
    %jmp T_18.256;
T_18.2 ;
    %pushi/vec4 119, 0, 8;
    %store/vec4 v000001d9d066df00_0, 0, 8;
    %jmp T_18.256;
T_18.3 ;
    %pushi/vec4 123, 0, 8;
    %store/vec4 v000001d9d066df00_0, 0, 8;
    %jmp T_18.256;
T_18.4 ;
    %pushi/vec4 242, 0, 8;
    %store/vec4 v000001d9d066df00_0, 0, 8;
    %jmp T_18.256;
T_18.5 ;
    %pushi/vec4 107, 0, 8;
    %store/vec4 v000001d9d066df00_0, 0, 8;
    %jmp T_18.256;
T_18.6 ;
    %pushi/vec4 111, 0, 8;
    %store/vec4 v000001d9d066df00_0, 0, 8;
    %jmp T_18.256;
T_18.7 ;
    %pushi/vec4 197, 0, 8;
    %store/vec4 v000001d9d066df00_0, 0, 8;
    %jmp T_18.256;
T_18.8 ;
    %pushi/vec4 48, 0, 8;
    %store/vec4 v000001d9d066df00_0, 0, 8;
    %jmp T_18.256;
T_18.9 ;
    %pushi/vec4 1, 0, 8;
    %store/vec4 v000001d9d066df00_0, 0, 8;
    %jmp T_18.256;
T_18.10 ;
    %pushi/vec4 103, 0, 8;
    %store/vec4 v000001d9d066df00_0, 0, 8;
    %jmp T_18.256;
T_18.11 ;
    %pushi/vec4 43, 0, 8;
    %store/vec4 v000001d9d066df00_0, 0, 8;
    %jmp T_18.256;
T_18.12 ;
    %pushi/vec4 254, 0, 8;
    %store/vec4 v000001d9d066df00_0, 0, 8;
    %jmp T_18.256;
T_18.13 ;
    %pushi/vec4 215, 0, 8;
    %store/vec4 v000001d9d066df00_0, 0, 8;
    %jmp T_18.256;
T_18.14 ;
    %pushi/vec4 171, 0, 8;
    %store/vec4 v000001d9d066df00_0, 0, 8;
    %jmp T_18.256;
T_18.15 ;
    %pushi/vec4 118, 0, 8;
    %store/vec4 v000001d9d066df00_0, 0, 8;
    %jmp T_18.256;
T_18.16 ;
    %pushi/vec4 202, 0, 8;
    %store/vec4 v000001d9d066df00_0, 0, 8;
    %jmp T_18.256;
T_18.17 ;
    %pushi/vec4 130, 0, 8;
    %store/vec4 v000001d9d066df00_0, 0, 8;
    %jmp T_18.256;
T_18.18 ;
    %pushi/vec4 201, 0, 8;
    %store/vec4 v000001d9d066df00_0, 0, 8;
    %jmp T_18.256;
T_18.19 ;
    %pushi/vec4 125, 0, 8;
    %store/vec4 v000001d9d066df00_0, 0, 8;
    %jmp T_18.256;
T_18.20 ;
    %pushi/vec4 250, 0, 8;
    %store/vec4 v000001d9d066df00_0, 0, 8;
    %jmp T_18.256;
T_18.21 ;
    %pushi/vec4 89, 0, 8;
    %store/vec4 v000001d9d066df00_0, 0, 8;
    %jmp T_18.256;
T_18.22 ;
    %pushi/vec4 71, 0, 8;
    %store/vec4 v000001d9d066df00_0, 0, 8;
    %jmp T_18.256;
T_18.23 ;
    %pushi/vec4 240, 0, 8;
    %store/vec4 v000001d9d066df00_0, 0, 8;
    %jmp T_18.256;
T_18.24 ;
    %pushi/vec4 173, 0, 8;
    %store/vec4 v000001d9d066df00_0, 0, 8;
    %jmp T_18.256;
T_18.25 ;
    %pushi/vec4 212, 0, 8;
    %store/vec4 v000001d9d066df00_0, 0, 8;
    %jmp T_18.256;
T_18.26 ;
    %pushi/vec4 162, 0, 8;
    %store/vec4 v000001d9d066df00_0, 0, 8;
    %jmp T_18.256;
T_18.27 ;
    %pushi/vec4 175, 0, 8;
    %store/vec4 v000001d9d066df00_0, 0, 8;
    %jmp T_18.256;
T_18.28 ;
    %pushi/vec4 156, 0, 8;
    %store/vec4 v000001d9d066df00_0, 0, 8;
    %jmp T_18.256;
T_18.29 ;
    %pushi/vec4 164, 0, 8;
    %store/vec4 v000001d9d066df00_0, 0, 8;
    %jmp T_18.256;
T_18.30 ;
    %pushi/vec4 114, 0, 8;
    %store/vec4 v000001d9d066df00_0, 0, 8;
    %jmp T_18.256;
T_18.31 ;
    %pushi/vec4 192, 0, 8;
    %store/vec4 v000001d9d066df00_0, 0, 8;
    %jmp T_18.256;
T_18.32 ;
    %pushi/vec4 183, 0, 8;
    %store/vec4 v000001d9d066df00_0, 0, 8;
    %jmp T_18.256;
T_18.33 ;
    %pushi/vec4 253, 0, 8;
    %store/vec4 v000001d9d066df00_0, 0, 8;
    %jmp T_18.256;
T_18.34 ;
    %pushi/vec4 147, 0, 8;
    %store/vec4 v000001d9d066df00_0, 0, 8;
    %jmp T_18.256;
T_18.35 ;
    %pushi/vec4 38, 0, 8;
    %store/vec4 v000001d9d066df00_0, 0, 8;
    %jmp T_18.256;
T_18.36 ;
    %pushi/vec4 54, 0, 8;
    %store/vec4 v000001d9d066df00_0, 0, 8;
    %jmp T_18.256;
T_18.37 ;
    %pushi/vec4 63, 0, 8;
    %store/vec4 v000001d9d066df00_0, 0, 8;
    %jmp T_18.256;
T_18.38 ;
    %pushi/vec4 247, 0, 8;
    %store/vec4 v000001d9d066df00_0, 0, 8;
    %jmp T_18.256;
T_18.39 ;
    %pushi/vec4 204, 0, 8;
    %store/vec4 v000001d9d066df00_0, 0, 8;
    %jmp T_18.256;
T_18.40 ;
    %pushi/vec4 52, 0, 8;
    %store/vec4 v000001d9d066df00_0, 0, 8;
    %jmp T_18.256;
T_18.41 ;
    %pushi/vec4 165, 0, 8;
    %store/vec4 v000001d9d066df00_0, 0, 8;
    %jmp T_18.256;
T_18.42 ;
    %pushi/vec4 229, 0, 8;
    %store/vec4 v000001d9d066df00_0, 0, 8;
    %jmp T_18.256;
T_18.43 ;
    %pushi/vec4 241, 0, 8;
    %store/vec4 v000001d9d066df00_0, 0, 8;
    %jmp T_18.256;
T_18.44 ;
    %pushi/vec4 113, 0, 8;
    %store/vec4 v000001d9d066df00_0, 0, 8;
    %jmp T_18.256;
T_18.45 ;
    %pushi/vec4 216, 0, 8;
    %store/vec4 v000001d9d066df00_0, 0, 8;
    %jmp T_18.256;
T_18.46 ;
    %pushi/vec4 49, 0, 8;
    %store/vec4 v000001d9d066df00_0, 0, 8;
    %jmp T_18.256;
T_18.47 ;
    %pushi/vec4 21, 0, 8;
    %store/vec4 v000001d9d066df00_0, 0, 8;
    %jmp T_18.256;
T_18.48 ;
    %pushi/vec4 4, 0, 8;
    %store/vec4 v000001d9d066df00_0, 0, 8;
    %jmp T_18.256;
T_18.49 ;
    %pushi/vec4 199, 0, 8;
    %store/vec4 v000001d9d066df00_0, 0, 8;
    %jmp T_18.256;
T_18.50 ;
    %pushi/vec4 35, 0, 8;
    %store/vec4 v000001d9d066df00_0, 0, 8;
    %jmp T_18.256;
T_18.51 ;
    %pushi/vec4 195, 0, 8;
    %store/vec4 v000001d9d066df00_0, 0, 8;
    %jmp T_18.256;
T_18.52 ;
    %pushi/vec4 24, 0, 8;
    %store/vec4 v000001d9d066df00_0, 0, 8;
    %jmp T_18.256;
T_18.53 ;
    %pushi/vec4 150, 0, 8;
    %store/vec4 v000001d9d066df00_0, 0, 8;
    %jmp T_18.256;
T_18.54 ;
    %pushi/vec4 5, 0, 8;
    %store/vec4 v000001d9d066df00_0, 0, 8;
    %jmp T_18.256;
T_18.55 ;
    %pushi/vec4 154, 0, 8;
    %store/vec4 v000001d9d066df00_0, 0, 8;
    %jmp T_18.256;
T_18.56 ;
    %pushi/vec4 7, 0, 8;
    %store/vec4 v000001d9d066df00_0, 0, 8;
    %jmp T_18.256;
T_18.57 ;
    %pushi/vec4 18, 0, 8;
    %store/vec4 v000001d9d066df00_0, 0, 8;
    %jmp T_18.256;
T_18.58 ;
    %pushi/vec4 128, 0, 8;
    %store/vec4 v000001d9d066df00_0, 0, 8;
    %jmp T_18.256;
T_18.59 ;
    %pushi/vec4 226, 0, 8;
    %store/vec4 v000001d9d066df00_0, 0, 8;
    %jmp T_18.256;
T_18.60 ;
    %pushi/vec4 235, 0, 8;
    %store/vec4 v000001d9d066df00_0, 0, 8;
    %jmp T_18.256;
T_18.61 ;
    %pushi/vec4 39, 0, 8;
    %store/vec4 v000001d9d066df00_0, 0, 8;
    %jmp T_18.256;
T_18.62 ;
    %pushi/vec4 178, 0, 8;
    %store/vec4 v000001d9d066df00_0, 0, 8;
    %jmp T_18.256;
T_18.63 ;
    %pushi/vec4 117, 0, 8;
    %store/vec4 v000001d9d066df00_0, 0, 8;
    %jmp T_18.256;
T_18.64 ;
    %pushi/vec4 9, 0, 8;
    %store/vec4 v000001d9d066df00_0, 0, 8;
    %jmp T_18.256;
T_18.65 ;
    %pushi/vec4 131, 0, 8;
    %store/vec4 v000001d9d066df00_0, 0, 8;
    %jmp T_18.256;
T_18.66 ;
    %pushi/vec4 44, 0, 8;
    %store/vec4 v000001d9d066df00_0, 0, 8;
    %jmp T_18.256;
T_18.67 ;
    %pushi/vec4 26, 0, 8;
    %store/vec4 v000001d9d066df00_0, 0, 8;
    %jmp T_18.256;
T_18.68 ;
    %pushi/vec4 27, 0, 8;
    %store/vec4 v000001d9d066df00_0, 0, 8;
    %jmp T_18.256;
T_18.69 ;
    %pushi/vec4 110, 0, 8;
    %store/vec4 v000001d9d066df00_0, 0, 8;
    %jmp T_18.256;
T_18.70 ;
    %pushi/vec4 90, 0, 8;
    %store/vec4 v000001d9d066df00_0, 0, 8;
    %jmp T_18.256;
T_18.71 ;
    %pushi/vec4 160, 0, 8;
    %store/vec4 v000001d9d066df00_0, 0, 8;
    %jmp T_18.256;
T_18.72 ;
    %pushi/vec4 82, 0, 8;
    %store/vec4 v000001d9d066df00_0, 0, 8;
    %jmp T_18.256;
T_18.73 ;
    %pushi/vec4 59, 0, 8;
    %store/vec4 v000001d9d066df00_0, 0, 8;
    %jmp T_18.256;
T_18.74 ;
    %pushi/vec4 214, 0, 8;
    %store/vec4 v000001d9d066df00_0, 0, 8;
    %jmp T_18.256;
T_18.75 ;
    %pushi/vec4 179, 0, 8;
    %store/vec4 v000001d9d066df00_0, 0, 8;
    %jmp T_18.256;
T_18.76 ;
    %pushi/vec4 41, 0, 8;
    %store/vec4 v000001d9d066df00_0, 0, 8;
    %jmp T_18.256;
T_18.77 ;
    %pushi/vec4 227, 0, 8;
    %store/vec4 v000001d9d066df00_0, 0, 8;
    %jmp T_18.256;
T_18.78 ;
    %pushi/vec4 47, 0, 8;
    %store/vec4 v000001d9d066df00_0, 0, 8;
    %jmp T_18.256;
T_18.79 ;
    %pushi/vec4 132, 0, 8;
    %store/vec4 v000001d9d066df00_0, 0, 8;
    %jmp T_18.256;
T_18.80 ;
    %pushi/vec4 83, 0, 8;
    %store/vec4 v000001d9d066df00_0, 0, 8;
    %jmp T_18.256;
T_18.81 ;
    %pushi/vec4 209, 0, 8;
    %store/vec4 v000001d9d066df00_0, 0, 8;
    %jmp T_18.256;
T_18.82 ;
    %pushi/vec4 0, 0, 8;
    %store/vec4 v000001d9d066df00_0, 0, 8;
    %jmp T_18.256;
T_18.83 ;
    %pushi/vec4 237, 0, 8;
    %store/vec4 v000001d9d066df00_0, 0, 8;
    %jmp T_18.256;
T_18.84 ;
    %pushi/vec4 32, 0, 8;
    %store/vec4 v000001d9d066df00_0, 0, 8;
    %jmp T_18.256;
T_18.85 ;
    %pushi/vec4 252, 0, 8;
    %store/vec4 v000001d9d066df00_0, 0, 8;
    %jmp T_18.256;
T_18.86 ;
    %pushi/vec4 177, 0, 8;
    %store/vec4 v000001d9d066df00_0, 0, 8;
    %jmp T_18.256;
T_18.87 ;
    %pushi/vec4 91, 0, 8;
    %store/vec4 v000001d9d066df00_0, 0, 8;
    %jmp T_18.256;
T_18.88 ;
    %pushi/vec4 106, 0, 8;
    %store/vec4 v000001d9d066df00_0, 0, 8;
    %jmp T_18.256;
T_18.89 ;
    %pushi/vec4 203, 0, 8;
    %store/vec4 v000001d9d066df00_0, 0, 8;
    %jmp T_18.256;
T_18.90 ;
    %pushi/vec4 190, 0, 8;
    %store/vec4 v000001d9d066df00_0, 0, 8;
    %jmp T_18.256;
T_18.91 ;
    %pushi/vec4 57, 0, 8;
    %store/vec4 v000001d9d066df00_0, 0, 8;
    %jmp T_18.256;
T_18.92 ;
    %pushi/vec4 74, 0, 8;
    %store/vec4 v000001d9d066df00_0, 0, 8;
    %jmp T_18.256;
T_18.93 ;
    %pushi/vec4 76, 0, 8;
    %store/vec4 v000001d9d066df00_0, 0, 8;
    %jmp T_18.256;
T_18.94 ;
    %pushi/vec4 88, 0, 8;
    %store/vec4 v000001d9d066df00_0, 0, 8;
    %jmp T_18.256;
T_18.95 ;
    %pushi/vec4 207, 0, 8;
    %store/vec4 v000001d9d066df00_0, 0, 8;
    %jmp T_18.256;
T_18.96 ;
    %pushi/vec4 208, 0, 8;
    %store/vec4 v000001d9d066df00_0, 0, 8;
    %jmp T_18.256;
T_18.97 ;
    %pushi/vec4 239, 0, 8;
    %store/vec4 v000001d9d066df00_0, 0, 8;
    %jmp T_18.256;
T_18.98 ;
    %pushi/vec4 170, 0, 8;
    %store/vec4 v000001d9d066df00_0, 0, 8;
    %jmp T_18.256;
T_18.99 ;
    %pushi/vec4 251, 0, 8;
    %store/vec4 v000001d9d066df00_0, 0, 8;
    %jmp T_18.256;
T_18.100 ;
    %pushi/vec4 67, 0, 8;
    %store/vec4 v000001d9d066df00_0, 0, 8;
    %jmp T_18.256;
T_18.101 ;
    %pushi/vec4 77, 0, 8;
    %store/vec4 v000001d9d066df00_0, 0, 8;
    %jmp T_18.256;
T_18.102 ;
    %pushi/vec4 51, 0, 8;
    %store/vec4 v000001d9d066df00_0, 0, 8;
    %jmp T_18.256;
T_18.103 ;
    %pushi/vec4 133, 0, 8;
    %store/vec4 v000001d9d066df00_0, 0, 8;
    %jmp T_18.256;
T_18.104 ;
    %pushi/vec4 69, 0, 8;
    %store/vec4 v000001d9d066df00_0, 0, 8;
    %jmp T_18.256;
T_18.105 ;
    %pushi/vec4 249, 0, 8;
    %store/vec4 v000001d9d066df00_0, 0, 8;
    %jmp T_18.256;
T_18.106 ;
    %pushi/vec4 2, 0, 8;
    %store/vec4 v000001d9d066df00_0, 0, 8;
    %jmp T_18.256;
T_18.107 ;
    %pushi/vec4 127, 0, 8;
    %store/vec4 v000001d9d066df00_0, 0, 8;
    %jmp T_18.256;
T_18.108 ;
    %pushi/vec4 80, 0, 8;
    %store/vec4 v000001d9d066df00_0, 0, 8;
    %jmp T_18.256;
T_18.109 ;
    %pushi/vec4 60, 0, 8;
    %store/vec4 v000001d9d066df00_0, 0, 8;
    %jmp T_18.256;
T_18.110 ;
    %pushi/vec4 159, 0, 8;
    %store/vec4 v000001d9d066df00_0, 0, 8;
    %jmp T_18.256;
T_18.111 ;
    %pushi/vec4 168, 0, 8;
    %store/vec4 v000001d9d066df00_0, 0, 8;
    %jmp T_18.256;
T_18.112 ;
    %pushi/vec4 81, 0, 8;
    %store/vec4 v000001d9d066df00_0, 0, 8;
    %jmp T_18.256;
T_18.113 ;
    %pushi/vec4 163, 0, 8;
    %store/vec4 v000001d9d066df00_0, 0, 8;
    %jmp T_18.256;
T_18.114 ;
    %pushi/vec4 64, 0, 8;
    %store/vec4 v000001d9d066df00_0, 0, 8;
    %jmp T_18.256;
T_18.115 ;
    %pushi/vec4 143, 0, 8;
    %store/vec4 v000001d9d066df00_0, 0, 8;
    %jmp T_18.256;
T_18.116 ;
    %pushi/vec4 146, 0, 8;
    %store/vec4 v000001d9d066df00_0, 0, 8;
    %jmp T_18.256;
T_18.117 ;
    %pushi/vec4 157, 0, 8;
    %store/vec4 v000001d9d066df00_0, 0, 8;
    %jmp T_18.256;
T_18.118 ;
    %pushi/vec4 56, 0, 8;
    %store/vec4 v000001d9d066df00_0, 0, 8;
    %jmp T_18.256;
T_18.119 ;
    %pushi/vec4 245, 0, 8;
    %store/vec4 v000001d9d066df00_0, 0, 8;
    %jmp T_18.256;
T_18.120 ;
    %pushi/vec4 188, 0, 8;
    %store/vec4 v000001d9d066df00_0, 0, 8;
    %jmp T_18.256;
T_18.121 ;
    %pushi/vec4 182, 0, 8;
    %store/vec4 v000001d9d066df00_0, 0, 8;
    %jmp T_18.256;
T_18.122 ;
    %pushi/vec4 218, 0, 8;
    %store/vec4 v000001d9d066df00_0, 0, 8;
    %jmp T_18.256;
T_18.123 ;
    %pushi/vec4 33, 0, 8;
    %store/vec4 v000001d9d066df00_0, 0, 8;
    %jmp T_18.256;
T_18.124 ;
    %pushi/vec4 16, 0, 8;
    %store/vec4 v000001d9d066df00_0, 0, 8;
    %jmp T_18.256;
T_18.125 ;
    %pushi/vec4 255, 0, 8;
    %store/vec4 v000001d9d066df00_0, 0, 8;
    %jmp T_18.256;
T_18.126 ;
    %pushi/vec4 243, 0, 8;
    %store/vec4 v000001d9d066df00_0, 0, 8;
    %jmp T_18.256;
T_18.127 ;
    %pushi/vec4 210, 0, 8;
    %store/vec4 v000001d9d066df00_0, 0, 8;
    %jmp T_18.256;
T_18.128 ;
    %pushi/vec4 205, 0, 8;
    %store/vec4 v000001d9d066df00_0, 0, 8;
    %jmp T_18.256;
T_18.129 ;
    %pushi/vec4 12, 0, 8;
    %store/vec4 v000001d9d066df00_0, 0, 8;
    %jmp T_18.256;
T_18.130 ;
    %pushi/vec4 19, 0, 8;
    %store/vec4 v000001d9d066df00_0, 0, 8;
    %jmp T_18.256;
T_18.131 ;
    %pushi/vec4 236, 0, 8;
    %store/vec4 v000001d9d066df00_0, 0, 8;
    %jmp T_18.256;
T_18.132 ;
    %pushi/vec4 95, 0, 8;
    %store/vec4 v000001d9d066df00_0, 0, 8;
    %jmp T_18.256;
T_18.133 ;
    %pushi/vec4 151, 0, 8;
    %store/vec4 v000001d9d066df00_0, 0, 8;
    %jmp T_18.256;
T_18.134 ;
    %pushi/vec4 68, 0, 8;
    %store/vec4 v000001d9d066df00_0, 0, 8;
    %jmp T_18.256;
T_18.135 ;
    %pushi/vec4 23, 0, 8;
    %store/vec4 v000001d9d066df00_0, 0, 8;
    %jmp T_18.256;
T_18.136 ;
    %pushi/vec4 196, 0, 8;
    %store/vec4 v000001d9d066df00_0, 0, 8;
    %jmp T_18.256;
T_18.137 ;
    %pushi/vec4 167, 0, 8;
    %store/vec4 v000001d9d066df00_0, 0, 8;
    %jmp T_18.256;
T_18.138 ;
    %pushi/vec4 126, 0, 8;
    %store/vec4 v000001d9d066df00_0, 0, 8;
    %jmp T_18.256;
T_18.139 ;
    %pushi/vec4 61, 0, 8;
    %store/vec4 v000001d9d066df00_0, 0, 8;
    %jmp T_18.256;
T_18.140 ;
    %pushi/vec4 100, 0, 8;
    %store/vec4 v000001d9d066df00_0, 0, 8;
    %jmp T_18.256;
T_18.141 ;
    %pushi/vec4 93, 0, 8;
    %store/vec4 v000001d9d066df00_0, 0, 8;
    %jmp T_18.256;
T_18.142 ;
    %pushi/vec4 25, 0, 8;
    %store/vec4 v000001d9d066df00_0, 0, 8;
    %jmp T_18.256;
T_18.143 ;
    %pushi/vec4 115, 0, 8;
    %store/vec4 v000001d9d066df00_0, 0, 8;
    %jmp T_18.256;
T_18.144 ;
    %pushi/vec4 96, 0, 8;
    %store/vec4 v000001d9d066df00_0, 0, 8;
    %jmp T_18.256;
T_18.145 ;
    %pushi/vec4 129, 0, 8;
    %store/vec4 v000001d9d066df00_0, 0, 8;
    %jmp T_18.256;
T_18.146 ;
    %pushi/vec4 79, 0, 8;
    %store/vec4 v000001d9d066df00_0, 0, 8;
    %jmp T_18.256;
T_18.147 ;
    %pushi/vec4 220, 0, 8;
    %store/vec4 v000001d9d066df00_0, 0, 8;
    %jmp T_18.256;
T_18.148 ;
    %pushi/vec4 34, 0, 8;
    %store/vec4 v000001d9d066df00_0, 0, 8;
    %jmp T_18.256;
T_18.149 ;
    %pushi/vec4 42, 0, 8;
    %store/vec4 v000001d9d066df00_0, 0, 8;
    %jmp T_18.256;
T_18.150 ;
    %pushi/vec4 144, 0, 8;
    %store/vec4 v000001d9d066df00_0, 0, 8;
    %jmp T_18.256;
T_18.151 ;
    %pushi/vec4 136, 0, 8;
    %store/vec4 v000001d9d066df00_0, 0, 8;
    %jmp T_18.256;
T_18.152 ;
    %pushi/vec4 70, 0, 8;
    %store/vec4 v000001d9d066df00_0, 0, 8;
    %jmp T_18.256;
T_18.153 ;
    %pushi/vec4 238, 0, 8;
    %store/vec4 v000001d9d066df00_0, 0, 8;
    %jmp T_18.256;
T_18.154 ;
    %pushi/vec4 184, 0, 8;
    %store/vec4 v000001d9d066df00_0, 0, 8;
    %jmp T_18.256;
T_18.155 ;
    %pushi/vec4 20, 0, 8;
    %store/vec4 v000001d9d066df00_0, 0, 8;
    %jmp T_18.256;
T_18.156 ;
    %pushi/vec4 222, 0, 8;
    %store/vec4 v000001d9d066df00_0, 0, 8;
    %jmp T_18.256;
T_18.157 ;
    %pushi/vec4 94, 0, 8;
    %store/vec4 v000001d9d066df00_0, 0, 8;
    %jmp T_18.256;
T_18.158 ;
    %pushi/vec4 11, 0, 8;
    %store/vec4 v000001d9d066df00_0, 0, 8;
    %jmp T_18.256;
T_18.159 ;
    %pushi/vec4 219, 0, 8;
    %store/vec4 v000001d9d066df00_0, 0, 8;
    %jmp T_18.256;
T_18.160 ;
    %pushi/vec4 224, 0, 8;
    %store/vec4 v000001d9d066df00_0, 0, 8;
    %jmp T_18.256;
T_18.161 ;
    %pushi/vec4 50, 0, 8;
    %store/vec4 v000001d9d066df00_0, 0, 8;
    %jmp T_18.256;
T_18.162 ;
    %pushi/vec4 58, 0, 8;
    %store/vec4 v000001d9d066df00_0, 0, 8;
    %jmp T_18.256;
T_18.163 ;
    %pushi/vec4 10, 0, 8;
    %store/vec4 v000001d9d066df00_0, 0, 8;
    %jmp T_18.256;
T_18.164 ;
    %pushi/vec4 73, 0, 8;
    %store/vec4 v000001d9d066df00_0, 0, 8;
    %jmp T_18.256;
T_18.165 ;
    %pushi/vec4 6, 0, 8;
    %store/vec4 v000001d9d066df00_0, 0, 8;
    %jmp T_18.256;
T_18.166 ;
    %pushi/vec4 36, 0, 8;
    %store/vec4 v000001d9d066df00_0, 0, 8;
    %jmp T_18.256;
T_18.167 ;
    %pushi/vec4 92, 0, 8;
    %store/vec4 v000001d9d066df00_0, 0, 8;
    %jmp T_18.256;
T_18.168 ;
    %pushi/vec4 194, 0, 8;
    %store/vec4 v000001d9d066df00_0, 0, 8;
    %jmp T_18.256;
T_18.169 ;
    %pushi/vec4 211, 0, 8;
    %store/vec4 v000001d9d066df00_0, 0, 8;
    %jmp T_18.256;
T_18.170 ;
    %pushi/vec4 172, 0, 8;
    %store/vec4 v000001d9d066df00_0, 0, 8;
    %jmp T_18.256;
T_18.171 ;
    %pushi/vec4 98, 0, 8;
    %store/vec4 v000001d9d066df00_0, 0, 8;
    %jmp T_18.256;
T_18.172 ;
    %pushi/vec4 145, 0, 8;
    %store/vec4 v000001d9d066df00_0, 0, 8;
    %jmp T_18.256;
T_18.173 ;
    %pushi/vec4 149, 0, 8;
    %store/vec4 v000001d9d066df00_0, 0, 8;
    %jmp T_18.256;
T_18.174 ;
    %pushi/vec4 228, 0, 8;
    %store/vec4 v000001d9d066df00_0, 0, 8;
    %jmp T_18.256;
T_18.175 ;
    %pushi/vec4 121, 0, 8;
    %store/vec4 v000001d9d066df00_0, 0, 8;
    %jmp T_18.256;
T_18.176 ;
    %pushi/vec4 231, 0, 8;
    %store/vec4 v000001d9d066df00_0, 0, 8;
    %jmp T_18.256;
T_18.177 ;
    %pushi/vec4 200, 0, 8;
    %store/vec4 v000001d9d066df00_0, 0, 8;
    %jmp T_18.256;
T_18.178 ;
    %pushi/vec4 55, 0, 8;
    %store/vec4 v000001d9d066df00_0, 0, 8;
    %jmp T_18.256;
T_18.179 ;
    %pushi/vec4 109, 0, 8;
    %store/vec4 v000001d9d066df00_0, 0, 8;
    %jmp T_18.256;
T_18.180 ;
    %pushi/vec4 141, 0, 8;
    %store/vec4 v000001d9d066df00_0, 0, 8;
    %jmp T_18.256;
T_18.181 ;
    %pushi/vec4 213, 0, 8;
    %store/vec4 v000001d9d066df00_0, 0, 8;
    %jmp T_18.256;
T_18.182 ;
    %pushi/vec4 78, 0, 8;
    %store/vec4 v000001d9d066df00_0, 0, 8;
    %jmp T_18.256;
T_18.183 ;
    %pushi/vec4 169, 0, 8;
    %store/vec4 v000001d9d066df00_0, 0, 8;
    %jmp T_18.256;
T_18.184 ;
    %pushi/vec4 108, 0, 8;
    %store/vec4 v000001d9d066df00_0, 0, 8;
    %jmp T_18.256;
T_18.185 ;
    %pushi/vec4 86, 0, 8;
    %store/vec4 v000001d9d066df00_0, 0, 8;
    %jmp T_18.256;
T_18.186 ;
    %pushi/vec4 244, 0, 8;
    %store/vec4 v000001d9d066df00_0, 0, 8;
    %jmp T_18.256;
T_18.187 ;
    %pushi/vec4 234, 0, 8;
    %store/vec4 v000001d9d066df00_0, 0, 8;
    %jmp T_18.256;
T_18.188 ;
    %pushi/vec4 101, 0, 8;
    %store/vec4 v000001d9d066df00_0, 0, 8;
    %jmp T_18.256;
T_18.189 ;
    %pushi/vec4 122, 0, 8;
    %store/vec4 v000001d9d066df00_0, 0, 8;
    %jmp T_18.256;
T_18.190 ;
    %pushi/vec4 174, 0, 8;
    %store/vec4 v000001d9d066df00_0, 0, 8;
    %jmp T_18.256;
T_18.191 ;
    %pushi/vec4 8, 0, 8;
    %store/vec4 v000001d9d066df00_0, 0, 8;
    %jmp T_18.256;
T_18.192 ;
    %pushi/vec4 186, 0, 8;
    %store/vec4 v000001d9d066df00_0, 0, 8;
    %jmp T_18.256;
T_18.193 ;
    %pushi/vec4 120, 0, 8;
    %store/vec4 v000001d9d066df00_0, 0, 8;
    %jmp T_18.256;
T_18.194 ;
    %pushi/vec4 37, 0, 8;
    %store/vec4 v000001d9d066df00_0, 0, 8;
    %jmp T_18.256;
T_18.195 ;
    %pushi/vec4 46, 0, 8;
    %store/vec4 v000001d9d066df00_0, 0, 8;
    %jmp T_18.256;
T_18.196 ;
    %pushi/vec4 28, 0, 8;
    %store/vec4 v000001d9d066df00_0, 0, 8;
    %jmp T_18.256;
T_18.197 ;
    %pushi/vec4 166, 0, 8;
    %store/vec4 v000001d9d066df00_0, 0, 8;
    %jmp T_18.256;
T_18.198 ;
    %pushi/vec4 180, 0, 8;
    %store/vec4 v000001d9d066df00_0, 0, 8;
    %jmp T_18.256;
T_18.199 ;
    %pushi/vec4 198, 0, 8;
    %store/vec4 v000001d9d066df00_0, 0, 8;
    %jmp T_18.256;
T_18.200 ;
    %pushi/vec4 232, 0, 8;
    %store/vec4 v000001d9d066df00_0, 0, 8;
    %jmp T_18.256;
T_18.201 ;
    %pushi/vec4 221, 0, 8;
    %store/vec4 v000001d9d066df00_0, 0, 8;
    %jmp T_18.256;
T_18.202 ;
    %pushi/vec4 116, 0, 8;
    %store/vec4 v000001d9d066df00_0, 0, 8;
    %jmp T_18.256;
T_18.203 ;
    %pushi/vec4 31, 0, 8;
    %store/vec4 v000001d9d066df00_0, 0, 8;
    %jmp T_18.256;
T_18.204 ;
    %pushi/vec4 75, 0, 8;
    %store/vec4 v000001d9d066df00_0, 0, 8;
    %jmp T_18.256;
T_18.205 ;
    %pushi/vec4 189, 0, 8;
    %store/vec4 v000001d9d066df00_0, 0, 8;
    %jmp T_18.256;
T_18.206 ;
    %pushi/vec4 139, 0, 8;
    %store/vec4 v000001d9d066df00_0, 0, 8;
    %jmp T_18.256;
T_18.207 ;
    %pushi/vec4 138, 0, 8;
    %store/vec4 v000001d9d066df00_0, 0, 8;
    %jmp T_18.256;
T_18.208 ;
    %pushi/vec4 112, 0, 8;
    %store/vec4 v000001d9d066df00_0, 0, 8;
    %jmp T_18.256;
T_18.209 ;
    %pushi/vec4 62, 0, 8;
    %store/vec4 v000001d9d066df00_0, 0, 8;
    %jmp T_18.256;
T_18.210 ;
    %pushi/vec4 181, 0, 8;
    %store/vec4 v000001d9d066df00_0, 0, 8;
    %jmp T_18.256;
T_18.211 ;
    %pushi/vec4 102, 0, 8;
    %store/vec4 v000001d9d066df00_0, 0, 8;
    %jmp T_18.256;
T_18.212 ;
    %pushi/vec4 72, 0, 8;
    %store/vec4 v000001d9d066df00_0, 0, 8;
    %jmp T_18.256;
T_18.213 ;
    %pushi/vec4 3, 0, 8;
    %store/vec4 v000001d9d066df00_0, 0, 8;
    %jmp T_18.256;
T_18.214 ;
    %pushi/vec4 246, 0, 8;
    %store/vec4 v000001d9d066df00_0, 0, 8;
    %jmp T_18.256;
T_18.215 ;
    %pushi/vec4 14, 0, 8;
    %store/vec4 v000001d9d066df00_0, 0, 8;
    %jmp T_18.256;
T_18.216 ;
    %pushi/vec4 97, 0, 8;
    %store/vec4 v000001d9d066df00_0, 0, 8;
    %jmp T_18.256;
T_18.217 ;
    %pushi/vec4 53, 0, 8;
    %store/vec4 v000001d9d066df00_0, 0, 8;
    %jmp T_18.256;
T_18.218 ;
    %pushi/vec4 87, 0, 8;
    %store/vec4 v000001d9d066df00_0, 0, 8;
    %jmp T_18.256;
T_18.219 ;
    %pushi/vec4 185, 0, 8;
    %store/vec4 v000001d9d066df00_0, 0, 8;
    %jmp T_18.256;
T_18.220 ;
    %pushi/vec4 134, 0, 8;
    %store/vec4 v000001d9d066df00_0, 0, 8;
    %jmp T_18.256;
T_18.221 ;
    %pushi/vec4 193, 0, 8;
    %store/vec4 v000001d9d066df00_0, 0, 8;
    %jmp T_18.256;
T_18.222 ;
    %pushi/vec4 29, 0, 8;
    %store/vec4 v000001d9d066df00_0, 0, 8;
    %jmp T_18.256;
T_18.223 ;
    %pushi/vec4 158, 0, 8;
    %store/vec4 v000001d9d066df00_0, 0, 8;
    %jmp T_18.256;
T_18.224 ;
    %pushi/vec4 225, 0, 8;
    %store/vec4 v000001d9d066df00_0, 0, 8;
    %jmp T_18.256;
T_18.225 ;
    %pushi/vec4 248, 0, 8;
    %store/vec4 v000001d9d066df00_0, 0, 8;
    %jmp T_18.256;
T_18.226 ;
    %pushi/vec4 152, 0, 8;
    %store/vec4 v000001d9d066df00_0, 0, 8;
    %jmp T_18.256;
T_18.227 ;
    %pushi/vec4 17, 0, 8;
    %store/vec4 v000001d9d066df00_0, 0, 8;
    %jmp T_18.256;
T_18.228 ;
    %pushi/vec4 105, 0, 8;
    %store/vec4 v000001d9d066df00_0, 0, 8;
    %jmp T_18.256;
T_18.229 ;
    %pushi/vec4 217, 0, 8;
    %store/vec4 v000001d9d066df00_0, 0, 8;
    %jmp T_18.256;
T_18.230 ;
    %pushi/vec4 142, 0, 8;
    %store/vec4 v000001d9d066df00_0, 0, 8;
    %jmp T_18.256;
T_18.231 ;
    %pushi/vec4 148, 0, 8;
    %store/vec4 v000001d9d066df00_0, 0, 8;
    %jmp T_18.256;
T_18.232 ;
    %pushi/vec4 155, 0, 8;
    %store/vec4 v000001d9d066df00_0, 0, 8;
    %jmp T_18.256;
T_18.233 ;
    %pushi/vec4 30, 0, 8;
    %store/vec4 v000001d9d066df00_0, 0, 8;
    %jmp T_18.256;
T_18.234 ;
    %pushi/vec4 135, 0, 8;
    %store/vec4 v000001d9d066df00_0, 0, 8;
    %jmp T_18.256;
T_18.235 ;
    %pushi/vec4 233, 0, 8;
    %store/vec4 v000001d9d066df00_0, 0, 8;
    %jmp T_18.256;
T_18.236 ;
    %pushi/vec4 206, 0, 8;
    %store/vec4 v000001d9d066df00_0, 0, 8;
    %jmp T_18.256;
T_18.237 ;
    %pushi/vec4 85, 0, 8;
    %store/vec4 v000001d9d066df00_0, 0, 8;
    %jmp T_18.256;
T_18.238 ;
    %pushi/vec4 40, 0, 8;
    %store/vec4 v000001d9d066df00_0, 0, 8;
    %jmp T_18.256;
T_18.239 ;
    %pushi/vec4 223, 0, 8;
    %store/vec4 v000001d9d066df00_0, 0, 8;
    %jmp T_18.256;
T_18.240 ;
    %pushi/vec4 140, 0, 8;
    %store/vec4 v000001d9d066df00_0, 0, 8;
    %jmp T_18.256;
T_18.241 ;
    %pushi/vec4 161, 0, 8;
    %store/vec4 v000001d9d066df00_0, 0, 8;
    %jmp T_18.256;
T_18.242 ;
    %pushi/vec4 137, 0, 8;
    %store/vec4 v000001d9d066df00_0, 0, 8;
    %jmp T_18.256;
T_18.243 ;
    %pushi/vec4 13, 0, 8;
    %store/vec4 v000001d9d066df00_0, 0, 8;
    %jmp T_18.256;
T_18.244 ;
    %pushi/vec4 191, 0, 8;
    %store/vec4 v000001d9d066df00_0, 0, 8;
    %jmp T_18.256;
T_18.245 ;
    %pushi/vec4 230, 0, 8;
    %store/vec4 v000001d9d066df00_0, 0, 8;
    %jmp T_18.256;
T_18.246 ;
    %pushi/vec4 66, 0, 8;
    %store/vec4 v000001d9d066df00_0, 0, 8;
    %jmp T_18.256;
T_18.247 ;
    %pushi/vec4 104, 0, 8;
    %store/vec4 v000001d9d066df00_0, 0, 8;
    %jmp T_18.256;
T_18.248 ;
    %pushi/vec4 65, 0, 8;
    %store/vec4 v000001d9d066df00_0, 0, 8;
    %jmp T_18.256;
T_18.249 ;
    %pushi/vec4 153, 0, 8;
    %store/vec4 v000001d9d066df00_0, 0, 8;
    %jmp T_18.256;
T_18.250 ;
    %pushi/vec4 45, 0, 8;
    %store/vec4 v000001d9d066df00_0, 0, 8;
    %jmp T_18.256;
T_18.251 ;
    %pushi/vec4 15, 0, 8;
    %store/vec4 v000001d9d066df00_0, 0, 8;
    %jmp T_18.256;
T_18.252 ;
    %pushi/vec4 176, 0, 8;
    %store/vec4 v000001d9d066df00_0, 0, 8;
    %jmp T_18.256;
T_18.253 ;
    %pushi/vec4 84, 0, 8;
    %store/vec4 v000001d9d066df00_0, 0, 8;
    %jmp T_18.256;
T_18.254 ;
    %pushi/vec4 187, 0, 8;
    %store/vec4 v000001d9d066df00_0, 0, 8;
    %jmp T_18.256;
T_18.255 ;
    %pushi/vec4 22, 0, 8;
    %store/vec4 v000001d9d066df00_0, 0, 8;
    %jmp T_18.256;
T_18.256 ;
    %pop/vec4 1;
    %jmp T_18;
    .thread T_18, $push;
    .scope S_000001d9d06745b0;
T_19 ;
    %wait E_000001d9d05b7da0;
    %load/vec4 v000001d9d066d000_0;
    %dup/vec4;
    %pushi/vec4 0, 0, 8;
    %cmp/u;
    %jmp/1 T_19.0, 6;
    %dup/vec4;
    %pushi/vec4 1, 0, 8;
    %cmp/u;
    %jmp/1 T_19.1, 6;
    %dup/vec4;
    %pushi/vec4 2, 0, 8;
    %cmp/u;
    %jmp/1 T_19.2, 6;
    %dup/vec4;
    %pushi/vec4 3, 0, 8;
    %cmp/u;
    %jmp/1 T_19.3, 6;
    %dup/vec4;
    %pushi/vec4 4, 0, 8;
    %cmp/u;
    %jmp/1 T_19.4, 6;
    %dup/vec4;
    %pushi/vec4 5, 0, 8;
    %cmp/u;
    %jmp/1 T_19.5, 6;
    %dup/vec4;
    %pushi/vec4 6, 0, 8;
    %cmp/u;
    %jmp/1 T_19.6, 6;
    %dup/vec4;
    %pushi/vec4 7, 0, 8;
    %cmp/u;
    %jmp/1 T_19.7, 6;
    %dup/vec4;
    %pushi/vec4 8, 0, 8;
    %cmp/u;
    %jmp/1 T_19.8, 6;
    %dup/vec4;
    %pushi/vec4 9, 0, 8;
    %cmp/u;
    %jmp/1 T_19.9, 6;
    %dup/vec4;
    %pushi/vec4 10, 0, 8;
    %cmp/u;
    %jmp/1 T_19.10, 6;
    %dup/vec4;
    %pushi/vec4 11, 0, 8;
    %cmp/u;
    %jmp/1 T_19.11, 6;
    %dup/vec4;
    %pushi/vec4 12, 0, 8;
    %cmp/u;
    %jmp/1 T_19.12, 6;
    %dup/vec4;
    %pushi/vec4 13, 0, 8;
    %cmp/u;
    %jmp/1 T_19.13, 6;
    %dup/vec4;
    %pushi/vec4 14, 0, 8;
    %cmp/u;
    %jmp/1 T_19.14, 6;
    %dup/vec4;
    %pushi/vec4 15, 0, 8;
    %cmp/u;
    %jmp/1 T_19.15, 6;
    %dup/vec4;
    %pushi/vec4 16, 0, 8;
    %cmp/u;
    %jmp/1 T_19.16, 6;
    %dup/vec4;
    %pushi/vec4 17, 0, 8;
    %cmp/u;
    %jmp/1 T_19.17, 6;
    %dup/vec4;
    %pushi/vec4 18, 0, 8;
    %cmp/u;
    %jmp/1 T_19.18, 6;
    %dup/vec4;
    %pushi/vec4 19, 0, 8;
    %cmp/u;
    %jmp/1 T_19.19, 6;
    %dup/vec4;
    %pushi/vec4 20, 0, 8;
    %cmp/u;
    %jmp/1 T_19.20, 6;
    %dup/vec4;
    %pushi/vec4 21, 0, 8;
    %cmp/u;
    %jmp/1 T_19.21, 6;
    %dup/vec4;
    %pushi/vec4 22, 0, 8;
    %cmp/u;
    %jmp/1 T_19.22, 6;
    %dup/vec4;
    %pushi/vec4 23, 0, 8;
    %cmp/u;
    %jmp/1 T_19.23, 6;
    %dup/vec4;
    %pushi/vec4 24, 0, 8;
    %cmp/u;
    %jmp/1 T_19.24, 6;
    %dup/vec4;
    %pushi/vec4 25, 0, 8;
    %cmp/u;
    %jmp/1 T_19.25, 6;
    %dup/vec4;
    %pushi/vec4 26, 0, 8;
    %cmp/u;
    %jmp/1 T_19.26, 6;
    %dup/vec4;
    %pushi/vec4 27, 0, 8;
    %cmp/u;
    %jmp/1 T_19.27, 6;
    %dup/vec4;
    %pushi/vec4 28, 0, 8;
    %cmp/u;
    %jmp/1 T_19.28, 6;
    %dup/vec4;
    %pushi/vec4 29, 0, 8;
    %cmp/u;
    %jmp/1 T_19.29, 6;
    %dup/vec4;
    %pushi/vec4 30, 0, 8;
    %cmp/u;
    %jmp/1 T_19.30, 6;
    %dup/vec4;
    %pushi/vec4 31, 0, 8;
    %cmp/u;
    %jmp/1 T_19.31, 6;
    %dup/vec4;
    %pushi/vec4 32, 0, 8;
    %cmp/u;
    %jmp/1 T_19.32, 6;
    %dup/vec4;
    %pushi/vec4 33, 0, 8;
    %cmp/u;
    %jmp/1 T_19.33, 6;
    %dup/vec4;
    %pushi/vec4 34, 0, 8;
    %cmp/u;
    %jmp/1 T_19.34, 6;
    %dup/vec4;
    %pushi/vec4 35, 0, 8;
    %cmp/u;
    %jmp/1 T_19.35, 6;
    %dup/vec4;
    %pushi/vec4 36, 0, 8;
    %cmp/u;
    %jmp/1 T_19.36, 6;
    %dup/vec4;
    %pushi/vec4 37, 0, 8;
    %cmp/u;
    %jmp/1 T_19.37, 6;
    %dup/vec4;
    %pushi/vec4 38, 0, 8;
    %cmp/u;
    %jmp/1 T_19.38, 6;
    %dup/vec4;
    %pushi/vec4 39, 0, 8;
    %cmp/u;
    %jmp/1 T_19.39, 6;
    %dup/vec4;
    %pushi/vec4 40, 0, 8;
    %cmp/u;
    %jmp/1 T_19.40, 6;
    %dup/vec4;
    %pushi/vec4 41, 0, 8;
    %cmp/u;
    %jmp/1 T_19.41, 6;
    %dup/vec4;
    %pushi/vec4 42, 0, 8;
    %cmp/u;
    %jmp/1 T_19.42, 6;
    %dup/vec4;
    %pushi/vec4 43, 0, 8;
    %cmp/u;
    %jmp/1 T_19.43, 6;
    %dup/vec4;
    %pushi/vec4 44, 0, 8;
    %cmp/u;
    %jmp/1 T_19.44, 6;
    %dup/vec4;
    %pushi/vec4 45, 0, 8;
    %cmp/u;
    %jmp/1 T_19.45, 6;
    %dup/vec4;
    %pushi/vec4 46, 0, 8;
    %cmp/u;
    %jmp/1 T_19.46, 6;
    %dup/vec4;
    %pushi/vec4 47, 0, 8;
    %cmp/u;
    %jmp/1 T_19.47, 6;
    %dup/vec4;
    %pushi/vec4 48, 0, 8;
    %cmp/u;
    %jmp/1 T_19.48, 6;
    %dup/vec4;
    %pushi/vec4 49, 0, 8;
    %cmp/u;
    %jmp/1 T_19.49, 6;
    %dup/vec4;
    %pushi/vec4 50, 0, 8;
    %cmp/u;
    %jmp/1 T_19.50, 6;
    %dup/vec4;
    %pushi/vec4 51, 0, 8;
    %cmp/u;
    %jmp/1 T_19.51, 6;
    %dup/vec4;
    %pushi/vec4 52, 0, 8;
    %cmp/u;
    %jmp/1 T_19.52, 6;
    %dup/vec4;
    %pushi/vec4 53, 0, 8;
    %cmp/u;
    %jmp/1 T_19.53, 6;
    %dup/vec4;
    %pushi/vec4 54, 0, 8;
    %cmp/u;
    %jmp/1 T_19.54, 6;
    %dup/vec4;
    %pushi/vec4 55, 0, 8;
    %cmp/u;
    %jmp/1 T_19.55, 6;
    %dup/vec4;
    %pushi/vec4 56, 0, 8;
    %cmp/u;
    %jmp/1 T_19.56, 6;
    %dup/vec4;
    %pushi/vec4 57, 0, 8;
    %cmp/u;
    %jmp/1 T_19.57, 6;
    %dup/vec4;
    %pushi/vec4 58, 0, 8;
    %cmp/u;
    %jmp/1 T_19.58, 6;
    %dup/vec4;
    %pushi/vec4 59, 0, 8;
    %cmp/u;
    %jmp/1 T_19.59, 6;
    %dup/vec4;
    %pushi/vec4 60, 0, 8;
    %cmp/u;
    %jmp/1 T_19.60, 6;
    %dup/vec4;
    %pushi/vec4 61, 0, 8;
    %cmp/u;
    %jmp/1 T_19.61, 6;
    %dup/vec4;
    %pushi/vec4 62, 0, 8;
    %cmp/u;
    %jmp/1 T_19.62, 6;
    %dup/vec4;
    %pushi/vec4 63, 0, 8;
    %cmp/u;
    %jmp/1 T_19.63, 6;
    %dup/vec4;
    %pushi/vec4 64, 0, 8;
    %cmp/u;
    %jmp/1 T_19.64, 6;
    %dup/vec4;
    %pushi/vec4 65, 0, 8;
    %cmp/u;
    %jmp/1 T_19.65, 6;
    %dup/vec4;
    %pushi/vec4 66, 0, 8;
    %cmp/u;
    %jmp/1 T_19.66, 6;
    %dup/vec4;
    %pushi/vec4 67, 0, 8;
    %cmp/u;
    %jmp/1 T_19.67, 6;
    %dup/vec4;
    %pushi/vec4 68, 0, 8;
    %cmp/u;
    %jmp/1 T_19.68, 6;
    %dup/vec4;
    %pushi/vec4 69, 0, 8;
    %cmp/u;
    %jmp/1 T_19.69, 6;
    %dup/vec4;
    %pushi/vec4 70, 0, 8;
    %cmp/u;
    %jmp/1 T_19.70, 6;
    %dup/vec4;
    %pushi/vec4 71, 0, 8;
    %cmp/u;
    %jmp/1 T_19.71, 6;
    %dup/vec4;
    %pushi/vec4 72, 0, 8;
    %cmp/u;
    %jmp/1 T_19.72, 6;
    %dup/vec4;
    %pushi/vec4 73, 0, 8;
    %cmp/u;
    %jmp/1 T_19.73, 6;
    %dup/vec4;
    %pushi/vec4 74, 0, 8;
    %cmp/u;
    %jmp/1 T_19.74, 6;
    %dup/vec4;
    %pushi/vec4 75, 0, 8;
    %cmp/u;
    %jmp/1 T_19.75, 6;
    %dup/vec4;
    %pushi/vec4 76, 0, 8;
    %cmp/u;
    %jmp/1 T_19.76, 6;
    %dup/vec4;
    %pushi/vec4 77, 0, 8;
    %cmp/u;
    %jmp/1 T_19.77, 6;
    %dup/vec4;
    %pushi/vec4 78, 0, 8;
    %cmp/u;
    %jmp/1 T_19.78, 6;
    %dup/vec4;
    %pushi/vec4 79, 0, 8;
    %cmp/u;
    %jmp/1 T_19.79, 6;
    %dup/vec4;
    %pushi/vec4 80, 0, 8;
    %cmp/u;
    %jmp/1 T_19.80, 6;
    %dup/vec4;
    %pushi/vec4 81, 0, 8;
    %cmp/u;
    %jmp/1 T_19.81, 6;
    %dup/vec4;
    %pushi/vec4 82, 0, 8;
    %cmp/u;
    %jmp/1 T_19.82, 6;
    %dup/vec4;
    %pushi/vec4 83, 0, 8;
    %cmp/u;
    %jmp/1 T_19.83, 6;
    %dup/vec4;
    %pushi/vec4 84, 0, 8;
    %cmp/u;
    %jmp/1 T_19.84, 6;
    %dup/vec4;
    %pushi/vec4 85, 0, 8;
    %cmp/u;
    %jmp/1 T_19.85, 6;
    %dup/vec4;
    %pushi/vec4 86, 0, 8;
    %cmp/u;
    %jmp/1 T_19.86, 6;
    %dup/vec4;
    %pushi/vec4 87, 0, 8;
    %cmp/u;
    %jmp/1 T_19.87, 6;
    %dup/vec4;
    %pushi/vec4 88, 0, 8;
    %cmp/u;
    %jmp/1 T_19.88, 6;
    %dup/vec4;
    %pushi/vec4 89, 0, 8;
    %cmp/u;
    %jmp/1 T_19.89, 6;
    %dup/vec4;
    %pushi/vec4 90, 0, 8;
    %cmp/u;
    %jmp/1 T_19.90, 6;
    %dup/vec4;
    %pushi/vec4 91, 0, 8;
    %cmp/u;
    %jmp/1 T_19.91, 6;
    %dup/vec4;
    %pushi/vec4 92, 0, 8;
    %cmp/u;
    %jmp/1 T_19.92, 6;
    %dup/vec4;
    %pushi/vec4 93, 0, 8;
    %cmp/u;
    %jmp/1 T_19.93, 6;
    %dup/vec4;
    %pushi/vec4 94, 0, 8;
    %cmp/u;
    %jmp/1 T_19.94, 6;
    %dup/vec4;
    %pushi/vec4 95, 0, 8;
    %cmp/u;
    %jmp/1 T_19.95, 6;
    %dup/vec4;
    %pushi/vec4 96, 0, 8;
    %cmp/u;
    %jmp/1 T_19.96, 6;
    %dup/vec4;
    %pushi/vec4 97, 0, 8;
    %cmp/u;
    %jmp/1 T_19.97, 6;
    %dup/vec4;
    %pushi/vec4 98, 0, 8;
    %cmp/u;
    %jmp/1 T_19.98, 6;
    %dup/vec4;
    %pushi/vec4 99, 0, 8;
    %cmp/u;
    %jmp/1 T_19.99, 6;
    %dup/vec4;
    %pushi/vec4 100, 0, 8;
    %cmp/u;
    %jmp/1 T_19.100, 6;
    %dup/vec4;
    %pushi/vec4 101, 0, 8;
    %cmp/u;
    %jmp/1 T_19.101, 6;
    %dup/vec4;
    %pushi/vec4 102, 0, 8;
    %cmp/u;
    %jmp/1 T_19.102, 6;
    %dup/vec4;
    %pushi/vec4 103, 0, 8;
    %cmp/u;
    %jmp/1 T_19.103, 6;
    %dup/vec4;
    %pushi/vec4 104, 0, 8;
    %cmp/u;
    %jmp/1 T_19.104, 6;
    %dup/vec4;
    %pushi/vec4 105, 0, 8;
    %cmp/u;
    %jmp/1 T_19.105, 6;
    %dup/vec4;
    %pushi/vec4 106, 0, 8;
    %cmp/u;
    %jmp/1 T_19.106, 6;
    %dup/vec4;
    %pushi/vec4 107, 0, 8;
    %cmp/u;
    %jmp/1 T_19.107, 6;
    %dup/vec4;
    %pushi/vec4 108, 0, 8;
    %cmp/u;
    %jmp/1 T_19.108, 6;
    %dup/vec4;
    %pushi/vec4 109, 0, 8;
    %cmp/u;
    %jmp/1 T_19.109, 6;
    %dup/vec4;
    %pushi/vec4 110, 0, 8;
    %cmp/u;
    %jmp/1 T_19.110, 6;
    %dup/vec4;
    %pushi/vec4 111, 0, 8;
    %cmp/u;
    %jmp/1 T_19.111, 6;
    %dup/vec4;
    %pushi/vec4 112, 0, 8;
    %cmp/u;
    %jmp/1 T_19.112, 6;
    %dup/vec4;
    %pushi/vec4 113, 0, 8;
    %cmp/u;
    %jmp/1 T_19.113, 6;
    %dup/vec4;
    %pushi/vec4 114, 0, 8;
    %cmp/u;
    %jmp/1 T_19.114, 6;
    %dup/vec4;
    %pushi/vec4 115, 0, 8;
    %cmp/u;
    %jmp/1 T_19.115, 6;
    %dup/vec4;
    %pushi/vec4 116, 0, 8;
    %cmp/u;
    %jmp/1 T_19.116, 6;
    %dup/vec4;
    %pushi/vec4 117, 0, 8;
    %cmp/u;
    %jmp/1 T_19.117, 6;
    %dup/vec4;
    %pushi/vec4 118, 0, 8;
    %cmp/u;
    %jmp/1 T_19.118, 6;
    %dup/vec4;
    %pushi/vec4 119, 0, 8;
    %cmp/u;
    %jmp/1 T_19.119, 6;
    %dup/vec4;
    %pushi/vec4 120, 0, 8;
    %cmp/u;
    %jmp/1 T_19.120, 6;
    %dup/vec4;
    %pushi/vec4 121, 0, 8;
    %cmp/u;
    %jmp/1 T_19.121, 6;
    %dup/vec4;
    %pushi/vec4 122, 0, 8;
    %cmp/u;
    %jmp/1 T_19.122, 6;
    %dup/vec4;
    %pushi/vec4 123, 0, 8;
    %cmp/u;
    %jmp/1 T_19.123, 6;
    %dup/vec4;
    %pushi/vec4 124, 0, 8;
    %cmp/u;
    %jmp/1 T_19.124, 6;
    %dup/vec4;
    %pushi/vec4 125, 0, 8;
    %cmp/u;
    %jmp/1 T_19.125, 6;
    %dup/vec4;
    %pushi/vec4 126, 0, 8;
    %cmp/u;
    %jmp/1 T_19.126, 6;
    %dup/vec4;
    %pushi/vec4 127, 0, 8;
    %cmp/u;
    %jmp/1 T_19.127, 6;
    %dup/vec4;
    %pushi/vec4 128, 0, 8;
    %cmp/u;
    %jmp/1 T_19.128, 6;
    %dup/vec4;
    %pushi/vec4 129, 0, 8;
    %cmp/u;
    %jmp/1 T_19.129, 6;
    %dup/vec4;
    %pushi/vec4 130, 0, 8;
    %cmp/u;
    %jmp/1 T_19.130, 6;
    %dup/vec4;
    %pushi/vec4 131, 0, 8;
    %cmp/u;
    %jmp/1 T_19.131, 6;
    %dup/vec4;
    %pushi/vec4 132, 0, 8;
    %cmp/u;
    %jmp/1 T_19.132, 6;
    %dup/vec4;
    %pushi/vec4 133, 0, 8;
    %cmp/u;
    %jmp/1 T_19.133, 6;
    %dup/vec4;
    %pushi/vec4 134, 0, 8;
    %cmp/u;
    %jmp/1 T_19.134, 6;
    %dup/vec4;
    %pushi/vec4 135, 0, 8;
    %cmp/u;
    %jmp/1 T_19.135, 6;
    %dup/vec4;
    %pushi/vec4 136, 0, 8;
    %cmp/u;
    %jmp/1 T_19.136, 6;
    %dup/vec4;
    %pushi/vec4 137, 0, 8;
    %cmp/u;
    %jmp/1 T_19.137, 6;
    %dup/vec4;
    %pushi/vec4 138, 0, 8;
    %cmp/u;
    %jmp/1 T_19.138, 6;
    %dup/vec4;
    %pushi/vec4 139, 0, 8;
    %cmp/u;
    %jmp/1 T_19.139, 6;
    %dup/vec4;
    %pushi/vec4 140, 0, 8;
    %cmp/u;
    %jmp/1 T_19.140, 6;
    %dup/vec4;
    %pushi/vec4 141, 0, 8;
    %cmp/u;
    %jmp/1 T_19.141, 6;
    %dup/vec4;
    %pushi/vec4 142, 0, 8;
    %cmp/u;
    %jmp/1 T_19.142, 6;
    %dup/vec4;
    %pushi/vec4 143, 0, 8;
    %cmp/u;
    %jmp/1 T_19.143, 6;
    %dup/vec4;
    %pushi/vec4 144, 0, 8;
    %cmp/u;
    %jmp/1 T_19.144, 6;
    %dup/vec4;
    %pushi/vec4 145, 0, 8;
    %cmp/u;
    %jmp/1 T_19.145, 6;
    %dup/vec4;
    %pushi/vec4 146, 0, 8;
    %cmp/u;
    %jmp/1 T_19.146, 6;
    %dup/vec4;
    %pushi/vec4 147, 0, 8;
    %cmp/u;
    %jmp/1 T_19.147, 6;
    %dup/vec4;
    %pushi/vec4 148, 0, 8;
    %cmp/u;
    %jmp/1 T_19.148, 6;
    %dup/vec4;
    %pushi/vec4 149, 0, 8;
    %cmp/u;
    %jmp/1 T_19.149, 6;
    %dup/vec4;
    %pushi/vec4 150, 0, 8;
    %cmp/u;
    %jmp/1 T_19.150, 6;
    %dup/vec4;
    %pushi/vec4 151, 0, 8;
    %cmp/u;
    %jmp/1 T_19.151, 6;
    %dup/vec4;
    %pushi/vec4 152, 0, 8;
    %cmp/u;
    %jmp/1 T_19.152, 6;
    %dup/vec4;
    %pushi/vec4 153, 0, 8;
    %cmp/u;
    %jmp/1 T_19.153, 6;
    %dup/vec4;
    %pushi/vec4 154, 0, 8;
    %cmp/u;
    %jmp/1 T_19.154, 6;
    %dup/vec4;
    %pushi/vec4 155, 0, 8;
    %cmp/u;
    %jmp/1 T_19.155, 6;
    %dup/vec4;
    %pushi/vec4 156, 0, 8;
    %cmp/u;
    %jmp/1 T_19.156, 6;
    %dup/vec4;
    %pushi/vec4 157, 0, 8;
    %cmp/u;
    %jmp/1 T_19.157, 6;
    %dup/vec4;
    %pushi/vec4 158, 0, 8;
    %cmp/u;
    %jmp/1 T_19.158, 6;
    %dup/vec4;
    %pushi/vec4 159, 0, 8;
    %cmp/u;
    %jmp/1 T_19.159, 6;
    %dup/vec4;
    %pushi/vec4 160, 0, 8;
    %cmp/u;
    %jmp/1 T_19.160, 6;
    %dup/vec4;
    %pushi/vec4 161, 0, 8;
    %cmp/u;
    %jmp/1 T_19.161, 6;
    %dup/vec4;
    %pushi/vec4 162, 0, 8;
    %cmp/u;
    %jmp/1 T_19.162, 6;
    %dup/vec4;
    %pushi/vec4 163, 0, 8;
    %cmp/u;
    %jmp/1 T_19.163, 6;
    %dup/vec4;
    %pushi/vec4 164, 0, 8;
    %cmp/u;
    %jmp/1 T_19.164, 6;
    %dup/vec4;
    %pushi/vec4 165, 0, 8;
    %cmp/u;
    %jmp/1 T_19.165, 6;
    %dup/vec4;
    %pushi/vec4 166, 0, 8;
    %cmp/u;
    %jmp/1 T_19.166, 6;
    %dup/vec4;
    %pushi/vec4 167, 0, 8;
    %cmp/u;
    %jmp/1 T_19.167, 6;
    %dup/vec4;
    %pushi/vec4 168, 0, 8;
    %cmp/u;
    %jmp/1 T_19.168, 6;
    %dup/vec4;
    %pushi/vec4 169, 0, 8;
    %cmp/u;
    %jmp/1 T_19.169, 6;
    %dup/vec4;
    %pushi/vec4 170, 0, 8;
    %cmp/u;
    %jmp/1 T_19.170, 6;
    %dup/vec4;
    %pushi/vec4 171, 0, 8;
    %cmp/u;
    %jmp/1 T_19.171, 6;
    %dup/vec4;
    %pushi/vec4 172, 0, 8;
    %cmp/u;
    %jmp/1 T_19.172, 6;
    %dup/vec4;
    %pushi/vec4 173, 0, 8;
    %cmp/u;
    %jmp/1 T_19.173, 6;
    %dup/vec4;
    %pushi/vec4 174, 0, 8;
    %cmp/u;
    %jmp/1 T_19.174, 6;
    %dup/vec4;
    %pushi/vec4 175, 0, 8;
    %cmp/u;
    %jmp/1 T_19.175, 6;
    %dup/vec4;
    %pushi/vec4 176, 0, 8;
    %cmp/u;
    %jmp/1 T_19.176, 6;
    %dup/vec4;
    %pushi/vec4 177, 0, 8;
    %cmp/u;
    %jmp/1 T_19.177, 6;
    %dup/vec4;
    %pushi/vec4 178, 0, 8;
    %cmp/u;
    %jmp/1 T_19.178, 6;
    %dup/vec4;
    %pushi/vec4 179, 0, 8;
    %cmp/u;
    %jmp/1 T_19.179, 6;
    %dup/vec4;
    %pushi/vec4 180, 0, 8;
    %cmp/u;
    %jmp/1 T_19.180, 6;
    %dup/vec4;
    %pushi/vec4 181, 0, 8;
    %cmp/u;
    %jmp/1 T_19.181, 6;
    %dup/vec4;
    %pushi/vec4 182, 0, 8;
    %cmp/u;
    %jmp/1 T_19.182, 6;
    %dup/vec4;
    %pushi/vec4 183, 0, 8;
    %cmp/u;
    %jmp/1 T_19.183, 6;
    %dup/vec4;
    %pushi/vec4 184, 0, 8;
    %cmp/u;
    %jmp/1 T_19.184, 6;
    %dup/vec4;
    %pushi/vec4 185, 0, 8;
    %cmp/u;
    %jmp/1 T_19.185, 6;
    %dup/vec4;
    %pushi/vec4 186, 0, 8;
    %cmp/u;
    %jmp/1 T_19.186, 6;
    %dup/vec4;
    %pushi/vec4 187, 0, 8;
    %cmp/u;
    %jmp/1 T_19.187, 6;
    %dup/vec4;
    %pushi/vec4 188, 0, 8;
    %cmp/u;
    %jmp/1 T_19.188, 6;
    %dup/vec4;
    %pushi/vec4 189, 0, 8;
    %cmp/u;
    %jmp/1 T_19.189, 6;
    %dup/vec4;
    %pushi/vec4 190, 0, 8;
    %cmp/u;
    %jmp/1 T_19.190, 6;
    %dup/vec4;
    %pushi/vec4 191, 0, 8;
    %cmp/u;
    %jmp/1 T_19.191, 6;
    %dup/vec4;
    %pushi/vec4 192, 0, 8;
    %cmp/u;
    %jmp/1 T_19.192, 6;
    %dup/vec4;
    %pushi/vec4 193, 0, 8;
    %cmp/u;
    %jmp/1 T_19.193, 6;
    %dup/vec4;
    %pushi/vec4 194, 0, 8;
    %cmp/u;
    %jmp/1 T_19.194, 6;
    %dup/vec4;
    %pushi/vec4 195, 0, 8;
    %cmp/u;
    %jmp/1 T_19.195, 6;
    %dup/vec4;
    %pushi/vec4 196, 0, 8;
    %cmp/u;
    %jmp/1 T_19.196, 6;
    %dup/vec4;
    %pushi/vec4 197, 0, 8;
    %cmp/u;
    %jmp/1 T_19.197, 6;
    %dup/vec4;
    %pushi/vec4 198, 0, 8;
    %cmp/u;
    %jmp/1 T_19.198, 6;
    %dup/vec4;
    %pushi/vec4 199, 0, 8;
    %cmp/u;
    %jmp/1 T_19.199, 6;
    %dup/vec4;
    %pushi/vec4 200, 0, 8;
    %cmp/u;
    %jmp/1 T_19.200, 6;
    %dup/vec4;
    %pushi/vec4 201, 0, 8;
    %cmp/u;
    %jmp/1 T_19.201, 6;
    %dup/vec4;
    %pushi/vec4 202, 0, 8;
    %cmp/u;
    %jmp/1 T_19.202, 6;
    %dup/vec4;
    %pushi/vec4 203, 0, 8;
    %cmp/u;
    %jmp/1 T_19.203, 6;
    %dup/vec4;
    %pushi/vec4 204, 0, 8;
    %cmp/u;
    %jmp/1 T_19.204, 6;
    %dup/vec4;
    %pushi/vec4 205, 0, 8;
    %cmp/u;
    %jmp/1 T_19.205, 6;
    %dup/vec4;
    %pushi/vec4 206, 0, 8;
    %cmp/u;
    %jmp/1 T_19.206, 6;
    %dup/vec4;
    %pushi/vec4 207, 0, 8;
    %cmp/u;
    %jmp/1 T_19.207, 6;
    %dup/vec4;
    %pushi/vec4 208, 0, 8;
    %cmp/u;
    %jmp/1 T_19.208, 6;
    %dup/vec4;
    %pushi/vec4 209, 0, 8;
    %cmp/u;
    %jmp/1 T_19.209, 6;
    %dup/vec4;
    %pushi/vec4 210, 0, 8;
    %cmp/u;
    %jmp/1 T_19.210, 6;
    %dup/vec4;
    %pushi/vec4 211, 0, 8;
    %cmp/u;
    %jmp/1 T_19.211, 6;
    %dup/vec4;
    %pushi/vec4 212, 0, 8;
    %cmp/u;
    %jmp/1 T_19.212, 6;
    %dup/vec4;
    %pushi/vec4 213, 0, 8;
    %cmp/u;
    %jmp/1 T_19.213, 6;
    %dup/vec4;
    %pushi/vec4 214, 0, 8;
    %cmp/u;
    %jmp/1 T_19.214, 6;
    %dup/vec4;
    %pushi/vec4 215, 0, 8;
    %cmp/u;
    %jmp/1 T_19.215, 6;
    %dup/vec4;
    %pushi/vec4 216, 0, 8;
    %cmp/u;
    %jmp/1 T_19.216, 6;
    %dup/vec4;
    %pushi/vec4 217, 0, 8;
    %cmp/u;
    %jmp/1 T_19.217, 6;
    %dup/vec4;
    %pushi/vec4 218, 0, 8;
    %cmp/u;
    %jmp/1 T_19.218, 6;
    %dup/vec4;
    %pushi/vec4 219, 0, 8;
    %cmp/u;
    %jmp/1 T_19.219, 6;
    %dup/vec4;
    %pushi/vec4 220, 0, 8;
    %cmp/u;
    %jmp/1 T_19.220, 6;
    %dup/vec4;
    %pushi/vec4 221, 0, 8;
    %cmp/u;
    %jmp/1 T_19.221, 6;
    %dup/vec4;
    %pushi/vec4 222, 0, 8;
    %cmp/u;
    %jmp/1 T_19.222, 6;
    %dup/vec4;
    %pushi/vec4 223, 0, 8;
    %cmp/u;
    %jmp/1 T_19.223, 6;
    %dup/vec4;
    %pushi/vec4 224, 0, 8;
    %cmp/u;
    %jmp/1 T_19.224, 6;
    %dup/vec4;
    %pushi/vec4 225, 0, 8;
    %cmp/u;
    %jmp/1 T_19.225, 6;
    %dup/vec4;
    %pushi/vec4 226, 0, 8;
    %cmp/u;
    %jmp/1 T_19.226, 6;
    %dup/vec4;
    %pushi/vec4 227, 0, 8;
    %cmp/u;
    %jmp/1 T_19.227, 6;
    %dup/vec4;
    %pushi/vec4 228, 0, 8;
    %cmp/u;
    %jmp/1 T_19.228, 6;
    %dup/vec4;
    %pushi/vec4 229, 0, 8;
    %cmp/u;
    %jmp/1 T_19.229, 6;
    %dup/vec4;
    %pushi/vec4 230, 0, 8;
    %cmp/u;
    %jmp/1 T_19.230, 6;
    %dup/vec4;
    %pushi/vec4 231, 0, 8;
    %cmp/u;
    %jmp/1 T_19.231, 6;
    %dup/vec4;
    %pushi/vec4 232, 0, 8;
    %cmp/u;
    %jmp/1 T_19.232, 6;
    %dup/vec4;
    %pushi/vec4 233, 0, 8;
    %cmp/u;
    %jmp/1 T_19.233, 6;
    %dup/vec4;
    %pushi/vec4 234, 0, 8;
    %cmp/u;
    %jmp/1 T_19.234, 6;
    %dup/vec4;
    %pushi/vec4 235, 0, 8;
    %cmp/u;
    %jmp/1 T_19.235, 6;
    %dup/vec4;
    %pushi/vec4 236, 0, 8;
    %cmp/u;
    %jmp/1 T_19.236, 6;
    %dup/vec4;
    %pushi/vec4 237, 0, 8;
    %cmp/u;
    %jmp/1 T_19.237, 6;
    %dup/vec4;
    %pushi/vec4 238, 0, 8;
    %cmp/u;
    %jmp/1 T_19.238, 6;
    %dup/vec4;
    %pushi/vec4 239, 0, 8;
    %cmp/u;
    %jmp/1 T_19.239, 6;
    %dup/vec4;
    %pushi/vec4 240, 0, 8;
    %cmp/u;
    %jmp/1 T_19.240, 6;
    %dup/vec4;
    %pushi/vec4 241, 0, 8;
    %cmp/u;
    %jmp/1 T_19.241, 6;
    %dup/vec4;
    %pushi/vec4 242, 0, 8;
    %cmp/u;
    %jmp/1 T_19.242, 6;
    %dup/vec4;
    %pushi/vec4 243, 0, 8;
    %cmp/u;
    %jmp/1 T_19.243, 6;
    %dup/vec4;
    %pushi/vec4 244, 0, 8;
    %cmp/u;
    %jmp/1 T_19.244, 6;
    %dup/vec4;
    %pushi/vec4 245, 0, 8;
    %cmp/u;
    %jmp/1 T_19.245, 6;
    %dup/vec4;
    %pushi/vec4 246, 0, 8;
    %cmp/u;
    %jmp/1 T_19.246, 6;
    %dup/vec4;
    %pushi/vec4 247, 0, 8;
    %cmp/u;
    %jmp/1 T_19.247, 6;
    %dup/vec4;
    %pushi/vec4 248, 0, 8;
    %cmp/u;
    %jmp/1 T_19.248, 6;
    %dup/vec4;
    %pushi/vec4 249, 0, 8;
    %cmp/u;
    %jmp/1 T_19.249, 6;
    %dup/vec4;
    %pushi/vec4 250, 0, 8;
    %cmp/u;
    %jmp/1 T_19.250, 6;
    %dup/vec4;
    %pushi/vec4 251, 0, 8;
    %cmp/u;
    %jmp/1 T_19.251, 6;
    %dup/vec4;
    %pushi/vec4 252, 0, 8;
    %cmp/u;
    %jmp/1 T_19.252, 6;
    %dup/vec4;
    %pushi/vec4 253, 0, 8;
    %cmp/u;
    %jmp/1 T_19.253, 6;
    %dup/vec4;
    %pushi/vec4 254, 0, 8;
    %cmp/u;
    %jmp/1 T_19.254, 6;
    %dup/vec4;
    %pushi/vec4 255, 0, 8;
    %cmp/u;
    %jmp/1 T_19.255, 6;
    %jmp T_19.256;
T_19.0 ;
    %pushi/vec4 99, 0, 8;
    %store/vec4 v000001d9d066dbe0_0, 0, 8;
    %jmp T_19.256;
T_19.1 ;
    %pushi/vec4 124, 0, 8;
    %store/vec4 v000001d9d066dbe0_0, 0, 8;
    %jmp T_19.256;
T_19.2 ;
    %pushi/vec4 119, 0, 8;
    %store/vec4 v000001d9d066dbe0_0, 0, 8;
    %jmp T_19.256;
T_19.3 ;
    %pushi/vec4 123, 0, 8;
    %store/vec4 v000001d9d066dbe0_0, 0, 8;
    %jmp T_19.256;
T_19.4 ;
    %pushi/vec4 242, 0, 8;
    %store/vec4 v000001d9d066dbe0_0, 0, 8;
    %jmp T_19.256;
T_19.5 ;
    %pushi/vec4 107, 0, 8;
    %store/vec4 v000001d9d066dbe0_0, 0, 8;
    %jmp T_19.256;
T_19.6 ;
    %pushi/vec4 111, 0, 8;
    %store/vec4 v000001d9d066dbe0_0, 0, 8;
    %jmp T_19.256;
T_19.7 ;
    %pushi/vec4 197, 0, 8;
    %store/vec4 v000001d9d066dbe0_0, 0, 8;
    %jmp T_19.256;
T_19.8 ;
    %pushi/vec4 48, 0, 8;
    %store/vec4 v000001d9d066dbe0_0, 0, 8;
    %jmp T_19.256;
T_19.9 ;
    %pushi/vec4 1, 0, 8;
    %store/vec4 v000001d9d066dbe0_0, 0, 8;
    %jmp T_19.256;
T_19.10 ;
    %pushi/vec4 103, 0, 8;
    %store/vec4 v000001d9d066dbe0_0, 0, 8;
    %jmp T_19.256;
T_19.11 ;
    %pushi/vec4 43, 0, 8;
    %store/vec4 v000001d9d066dbe0_0, 0, 8;
    %jmp T_19.256;
T_19.12 ;
    %pushi/vec4 254, 0, 8;
    %store/vec4 v000001d9d066dbe0_0, 0, 8;
    %jmp T_19.256;
T_19.13 ;
    %pushi/vec4 215, 0, 8;
    %store/vec4 v000001d9d066dbe0_0, 0, 8;
    %jmp T_19.256;
T_19.14 ;
    %pushi/vec4 171, 0, 8;
    %store/vec4 v000001d9d066dbe0_0, 0, 8;
    %jmp T_19.256;
T_19.15 ;
    %pushi/vec4 118, 0, 8;
    %store/vec4 v000001d9d066dbe0_0, 0, 8;
    %jmp T_19.256;
T_19.16 ;
    %pushi/vec4 202, 0, 8;
    %store/vec4 v000001d9d066dbe0_0, 0, 8;
    %jmp T_19.256;
T_19.17 ;
    %pushi/vec4 130, 0, 8;
    %store/vec4 v000001d9d066dbe0_0, 0, 8;
    %jmp T_19.256;
T_19.18 ;
    %pushi/vec4 201, 0, 8;
    %store/vec4 v000001d9d066dbe0_0, 0, 8;
    %jmp T_19.256;
T_19.19 ;
    %pushi/vec4 125, 0, 8;
    %store/vec4 v000001d9d066dbe0_0, 0, 8;
    %jmp T_19.256;
T_19.20 ;
    %pushi/vec4 250, 0, 8;
    %store/vec4 v000001d9d066dbe0_0, 0, 8;
    %jmp T_19.256;
T_19.21 ;
    %pushi/vec4 89, 0, 8;
    %store/vec4 v000001d9d066dbe0_0, 0, 8;
    %jmp T_19.256;
T_19.22 ;
    %pushi/vec4 71, 0, 8;
    %store/vec4 v000001d9d066dbe0_0, 0, 8;
    %jmp T_19.256;
T_19.23 ;
    %pushi/vec4 240, 0, 8;
    %store/vec4 v000001d9d066dbe0_0, 0, 8;
    %jmp T_19.256;
T_19.24 ;
    %pushi/vec4 173, 0, 8;
    %store/vec4 v000001d9d066dbe0_0, 0, 8;
    %jmp T_19.256;
T_19.25 ;
    %pushi/vec4 212, 0, 8;
    %store/vec4 v000001d9d066dbe0_0, 0, 8;
    %jmp T_19.256;
T_19.26 ;
    %pushi/vec4 162, 0, 8;
    %store/vec4 v000001d9d066dbe0_0, 0, 8;
    %jmp T_19.256;
T_19.27 ;
    %pushi/vec4 175, 0, 8;
    %store/vec4 v000001d9d066dbe0_0, 0, 8;
    %jmp T_19.256;
T_19.28 ;
    %pushi/vec4 156, 0, 8;
    %store/vec4 v000001d9d066dbe0_0, 0, 8;
    %jmp T_19.256;
T_19.29 ;
    %pushi/vec4 164, 0, 8;
    %store/vec4 v000001d9d066dbe0_0, 0, 8;
    %jmp T_19.256;
T_19.30 ;
    %pushi/vec4 114, 0, 8;
    %store/vec4 v000001d9d066dbe0_0, 0, 8;
    %jmp T_19.256;
T_19.31 ;
    %pushi/vec4 192, 0, 8;
    %store/vec4 v000001d9d066dbe0_0, 0, 8;
    %jmp T_19.256;
T_19.32 ;
    %pushi/vec4 183, 0, 8;
    %store/vec4 v000001d9d066dbe0_0, 0, 8;
    %jmp T_19.256;
T_19.33 ;
    %pushi/vec4 253, 0, 8;
    %store/vec4 v000001d9d066dbe0_0, 0, 8;
    %jmp T_19.256;
T_19.34 ;
    %pushi/vec4 147, 0, 8;
    %store/vec4 v000001d9d066dbe0_0, 0, 8;
    %jmp T_19.256;
T_19.35 ;
    %pushi/vec4 38, 0, 8;
    %store/vec4 v000001d9d066dbe0_0, 0, 8;
    %jmp T_19.256;
T_19.36 ;
    %pushi/vec4 54, 0, 8;
    %store/vec4 v000001d9d066dbe0_0, 0, 8;
    %jmp T_19.256;
T_19.37 ;
    %pushi/vec4 63, 0, 8;
    %store/vec4 v000001d9d066dbe0_0, 0, 8;
    %jmp T_19.256;
T_19.38 ;
    %pushi/vec4 247, 0, 8;
    %store/vec4 v000001d9d066dbe0_0, 0, 8;
    %jmp T_19.256;
T_19.39 ;
    %pushi/vec4 204, 0, 8;
    %store/vec4 v000001d9d066dbe0_0, 0, 8;
    %jmp T_19.256;
T_19.40 ;
    %pushi/vec4 52, 0, 8;
    %store/vec4 v000001d9d066dbe0_0, 0, 8;
    %jmp T_19.256;
T_19.41 ;
    %pushi/vec4 165, 0, 8;
    %store/vec4 v000001d9d066dbe0_0, 0, 8;
    %jmp T_19.256;
T_19.42 ;
    %pushi/vec4 229, 0, 8;
    %store/vec4 v000001d9d066dbe0_0, 0, 8;
    %jmp T_19.256;
T_19.43 ;
    %pushi/vec4 241, 0, 8;
    %store/vec4 v000001d9d066dbe0_0, 0, 8;
    %jmp T_19.256;
T_19.44 ;
    %pushi/vec4 113, 0, 8;
    %store/vec4 v000001d9d066dbe0_0, 0, 8;
    %jmp T_19.256;
T_19.45 ;
    %pushi/vec4 216, 0, 8;
    %store/vec4 v000001d9d066dbe0_0, 0, 8;
    %jmp T_19.256;
T_19.46 ;
    %pushi/vec4 49, 0, 8;
    %store/vec4 v000001d9d066dbe0_0, 0, 8;
    %jmp T_19.256;
T_19.47 ;
    %pushi/vec4 21, 0, 8;
    %store/vec4 v000001d9d066dbe0_0, 0, 8;
    %jmp T_19.256;
T_19.48 ;
    %pushi/vec4 4, 0, 8;
    %store/vec4 v000001d9d066dbe0_0, 0, 8;
    %jmp T_19.256;
T_19.49 ;
    %pushi/vec4 199, 0, 8;
    %store/vec4 v000001d9d066dbe0_0, 0, 8;
    %jmp T_19.256;
T_19.50 ;
    %pushi/vec4 35, 0, 8;
    %store/vec4 v000001d9d066dbe0_0, 0, 8;
    %jmp T_19.256;
T_19.51 ;
    %pushi/vec4 195, 0, 8;
    %store/vec4 v000001d9d066dbe0_0, 0, 8;
    %jmp T_19.256;
T_19.52 ;
    %pushi/vec4 24, 0, 8;
    %store/vec4 v000001d9d066dbe0_0, 0, 8;
    %jmp T_19.256;
T_19.53 ;
    %pushi/vec4 150, 0, 8;
    %store/vec4 v000001d9d066dbe0_0, 0, 8;
    %jmp T_19.256;
T_19.54 ;
    %pushi/vec4 5, 0, 8;
    %store/vec4 v000001d9d066dbe0_0, 0, 8;
    %jmp T_19.256;
T_19.55 ;
    %pushi/vec4 154, 0, 8;
    %store/vec4 v000001d9d066dbe0_0, 0, 8;
    %jmp T_19.256;
T_19.56 ;
    %pushi/vec4 7, 0, 8;
    %store/vec4 v000001d9d066dbe0_0, 0, 8;
    %jmp T_19.256;
T_19.57 ;
    %pushi/vec4 18, 0, 8;
    %store/vec4 v000001d9d066dbe0_0, 0, 8;
    %jmp T_19.256;
T_19.58 ;
    %pushi/vec4 128, 0, 8;
    %store/vec4 v000001d9d066dbe0_0, 0, 8;
    %jmp T_19.256;
T_19.59 ;
    %pushi/vec4 226, 0, 8;
    %store/vec4 v000001d9d066dbe0_0, 0, 8;
    %jmp T_19.256;
T_19.60 ;
    %pushi/vec4 235, 0, 8;
    %store/vec4 v000001d9d066dbe0_0, 0, 8;
    %jmp T_19.256;
T_19.61 ;
    %pushi/vec4 39, 0, 8;
    %store/vec4 v000001d9d066dbe0_0, 0, 8;
    %jmp T_19.256;
T_19.62 ;
    %pushi/vec4 178, 0, 8;
    %store/vec4 v000001d9d066dbe0_0, 0, 8;
    %jmp T_19.256;
T_19.63 ;
    %pushi/vec4 117, 0, 8;
    %store/vec4 v000001d9d066dbe0_0, 0, 8;
    %jmp T_19.256;
T_19.64 ;
    %pushi/vec4 9, 0, 8;
    %store/vec4 v000001d9d066dbe0_0, 0, 8;
    %jmp T_19.256;
T_19.65 ;
    %pushi/vec4 131, 0, 8;
    %store/vec4 v000001d9d066dbe0_0, 0, 8;
    %jmp T_19.256;
T_19.66 ;
    %pushi/vec4 44, 0, 8;
    %store/vec4 v000001d9d066dbe0_0, 0, 8;
    %jmp T_19.256;
T_19.67 ;
    %pushi/vec4 26, 0, 8;
    %store/vec4 v000001d9d066dbe0_0, 0, 8;
    %jmp T_19.256;
T_19.68 ;
    %pushi/vec4 27, 0, 8;
    %store/vec4 v000001d9d066dbe0_0, 0, 8;
    %jmp T_19.256;
T_19.69 ;
    %pushi/vec4 110, 0, 8;
    %store/vec4 v000001d9d066dbe0_0, 0, 8;
    %jmp T_19.256;
T_19.70 ;
    %pushi/vec4 90, 0, 8;
    %store/vec4 v000001d9d066dbe0_0, 0, 8;
    %jmp T_19.256;
T_19.71 ;
    %pushi/vec4 160, 0, 8;
    %store/vec4 v000001d9d066dbe0_0, 0, 8;
    %jmp T_19.256;
T_19.72 ;
    %pushi/vec4 82, 0, 8;
    %store/vec4 v000001d9d066dbe0_0, 0, 8;
    %jmp T_19.256;
T_19.73 ;
    %pushi/vec4 59, 0, 8;
    %store/vec4 v000001d9d066dbe0_0, 0, 8;
    %jmp T_19.256;
T_19.74 ;
    %pushi/vec4 214, 0, 8;
    %store/vec4 v000001d9d066dbe0_0, 0, 8;
    %jmp T_19.256;
T_19.75 ;
    %pushi/vec4 179, 0, 8;
    %store/vec4 v000001d9d066dbe0_0, 0, 8;
    %jmp T_19.256;
T_19.76 ;
    %pushi/vec4 41, 0, 8;
    %store/vec4 v000001d9d066dbe0_0, 0, 8;
    %jmp T_19.256;
T_19.77 ;
    %pushi/vec4 227, 0, 8;
    %store/vec4 v000001d9d066dbe0_0, 0, 8;
    %jmp T_19.256;
T_19.78 ;
    %pushi/vec4 47, 0, 8;
    %store/vec4 v000001d9d066dbe0_0, 0, 8;
    %jmp T_19.256;
T_19.79 ;
    %pushi/vec4 132, 0, 8;
    %store/vec4 v000001d9d066dbe0_0, 0, 8;
    %jmp T_19.256;
T_19.80 ;
    %pushi/vec4 83, 0, 8;
    %store/vec4 v000001d9d066dbe0_0, 0, 8;
    %jmp T_19.256;
T_19.81 ;
    %pushi/vec4 209, 0, 8;
    %store/vec4 v000001d9d066dbe0_0, 0, 8;
    %jmp T_19.256;
T_19.82 ;
    %pushi/vec4 0, 0, 8;
    %store/vec4 v000001d9d066dbe0_0, 0, 8;
    %jmp T_19.256;
T_19.83 ;
    %pushi/vec4 237, 0, 8;
    %store/vec4 v000001d9d066dbe0_0, 0, 8;
    %jmp T_19.256;
T_19.84 ;
    %pushi/vec4 32, 0, 8;
    %store/vec4 v000001d9d066dbe0_0, 0, 8;
    %jmp T_19.256;
T_19.85 ;
    %pushi/vec4 252, 0, 8;
    %store/vec4 v000001d9d066dbe0_0, 0, 8;
    %jmp T_19.256;
T_19.86 ;
    %pushi/vec4 177, 0, 8;
    %store/vec4 v000001d9d066dbe0_0, 0, 8;
    %jmp T_19.256;
T_19.87 ;
    %pushi/vec4 91, 0, 8;
    %store/vec4 v000001d9d066dbe0_0, 0, 8;
    %jmp T_19.256;
T_19.88 ;
    %pushi/vec4 106, 0, 8;
    %store/vec4 v000001d9d066dbe0_0, 0, 8;
    %jmp T_19.256;
T_19.89 ;
    %pushi/vec4 203, 0, 8;
    %store/vec4 v000001d9d066dbe0_0, 0, 8;
    %jmp T_19.256;
T_19.90 ;
    %pushi/vec4 190, 0, 8;
    %store/vec4 v000001d9d066dbe0_0, 0, 8;
    %jmp T_19.256;
T_19.91 ;
    %pushi/vec4 57, 0, 8;
    %store/vec4 v000001d9d066dbe0_0, 0, 8;
    %jmp T_19.256;
T_19.92 ;
    %pushi/vec4 74, 0, 8;
    %store/vec4 v000001d9d066dbe0_0, 0, 8;
    %jmp T_19.256;
T_19.93 ;
    %pushi/vec4 76, 0, 8;
    %store/vec4 v000001d9d066dbe0_0, 0, 8;
    %jmp T_19.256;
T_19.94 ;
    %pushi/vec4 88, 0, 8;
    %store/vec4 v000001d9d066dbe0_0, 0, 8;
    %jmp T_19.256;
T_19.95 ;
    %pushi/vec4 207, 0, 8;
    %store/vec4 v000001d9d066dbe0_0, 0, 8;
    %jmp T_19.256;
T_19.96 ;
    %pushi/vec4 208, 0, 8;
    %store/vec4 v000001d9d066dbe0_0, 0, 8;
    %jmp T_19.256;
T_19.97 ;
    %pushi/vec4 239, 0, 8;
    %store/vec4 v000001d9d066dbe0_0, 0, 8;
    %jmp T_19.256;
T_19.98 ;
    %pushi/vec4 170, 0, 8;
    %store/vec4 v000001d9d066dbe0_0, 0, 8;
    %jmp T_19.256;
T_19.99 ;
    %pushi/vec4 251, 0, 8;
    %store/vec4 v000001d9d066dbe0_0, 0, 8;
    %jmp T_19.256;
T_19.100 ;
    %pushi/vec4 67, 0, 8;
    %store/vec4 v000001d9d066dbe0_0, 0, 8;
    %jmp T_19.256;
T_19.101 ;
    %pushi/vec4 77, 0, 8;
    %store/vec4 v000001d9d066dbe0_0, 0, 8;
    %jmp T_19.256;
T_19.102 ;
    %pushi/vec4 51, 0, 8;
    %store/vec4 v000001d9d066dbe0_0, 0, 8;
    %jmp T_19.256;
T_19.103 ;
    %pushi/vec4 133, 0, 8;
    %store/vec4 v000001d9d066dbe0_0, 0, 8;
    %jmp T_19.256;
T_19.104 ;
    %pushi/vec4 69, 0, 8;
    %store/vec4 v000001d9d066dbe0_0, 0, 8;
    %jmp T_19.256;
T_19.105 ;
    %pushi/vec4 249, 0, 8;
    %store/vec4 v000001d9d066dbe0_0, 0, 8;
    %jmp T_19.256;
T_19.106 ;
    %pushi/vec4 2, 0, 8;
    %store/vec4 v000001d9d066dbe0_0, 0, 8;
    %jmp T_19.256;
T_19.107 ;
    %pushi/vec4 127, 0, 8;
    %store/vec4 v000001d9d066dbe0_0, 0, 8;
    %jmp T_19.256;
T_19.108 ;
    %pushi/vec4 80, 0, 8;
    %store/vec4 v000001d9d066dbe0_0, 0, 8;
    %jmp T_19.256;
T_19.109 ;
    %pushi/vec4 60, 0, 8;
    %store/vec4 v000001d9d066dbe0_0, 0, 8;
    %jmp T_19.256;
T_19.110 ;
    %pushi/vec4 159, 0, 8;
    %store/vec4 v000001d9d066dbe0_0, 0, 8;
    %jmp T_19.256;
T_19.111 ;
    %pushi/vec4 168, 0, 8;
    %store/vec4 v000001d9d066dbe0_0, 0, 8;
    %jmp T_19.256;
T_19.112 ;
    %pushi/vec4 81, 0, 8;
    %store/vec4 v000001d9d066dbe0_0, 0, 8;
    %jmp T_19.256;
T_19.113 ;
    %pushi/vec4 163, 0, 8;
    %store/vec4 v000001d9d066dbe0_0, 0, 8;
    %jmp T_19.256;
T_19.114 ;
    %pushi/vec4 64, 0, 8;
    %store/vec4 v000001d9d066dbe0_0, 0, 8;
    %jmp T_19.256;
T_19.115 ;
    %pushi/vec4 143, 0, 8;
    %store/vec4 v000001d9d066dbe0_0, 0, 8;
    %jmp T_19.256;
T_19.116 ;
    %pushi/vec4 146, 0, 8;
    %store/vec4 v000001d9d066dbe0_0, 0, 8;
    %jmp T_19.256;
T_19.117 ;
    %pushi/vec4 157, 0, 8;
    %store/vec4 v000001d9d066dbe0_0, 0, 8;
    %jmp T_19.256;
T_19.118 ;
    %pushi/vec4 56, 0, 8;
    %store/vec4 v000001d9d066dbe0_0, 0, 8;
    %jmp T_19.256;
T_19.119 ;
    %pushi/vec4 245, 0, 8;
    %store/vec4 v000001d9d066dbe0_0, 0, 8;
    %jmp T_19.256;
T_19.120 ;
    %pushi/vec4 188, 0, 8;
    %store/vec4 v000001d9d066dbe0_0, 0, 8;
    %jmp T_19.256;
T_19.121 ;
    %pushi/vec4 182, 0, 8;
    %store/vec4 v000001d9d066dbe0_0, 0, 8;
    %jmp T_19.256;
T_19.122 ;
    %pushi/vec4 218, 0, 8;
    %store/vec4 v000001d9d066dbe0_0, 0, 8;
    %jmp T_19.256;
T_19.123 ;
    %pushi/vec4 33, 0, 8;
    %store/vec4 v000001d9d066dbe0_0, 0, 8;
    %jmp T_19.256;
T_19.124 ;
    %pushi/vec4 16, 0, 8;
    %store/vec4 v000001d9d066dbe0_0, 0, 8;
    %jmp T_19.256;
T_19.125 ;
    %pushi/vec4 255, 0, 8;
    %store/vec4 v000001d9d066dbe0_0, 0, 8;
    %jmp T_19.256;
T_19.126 ;
    %pushi/vec4 243, 0, 8;
    %store/vec4 v000001d9d066dbe0_0, 0, 8;
    %jmp T_19.256;
T_19.127 ;
    %pushi/vec4 210, 0, 8;
    %store/vec4 v000001d9d066dbe0_0, 0, 8;
    %jmp T_19.256;
T_19.128 ;
    %pushi/vec4 205, 0, 8;
    %store/vec4 v000001d9d066dbe0_0, 0, 8;
    %jmp T_19.256;
T_19.129 ;
    %pushi/vec4 12, 0, 8;
    %store/vec4 v000001d9d066dbe0_0, 0, 8;
    %jmp T_19.256;
T_19.130 ;
    %pushi/vec4 19, 0, 8;
    %store/vec4 v000001d9d066dbe0_0, 0, 8;
    %jmp T_19.256;
T_19.131 ;
    %pushi/vec4 236, 0, 8;
    %store/vec4 v000001d9d066dbe0_0, 0, 8;
    %jmp T_19.256;
T_19.132 ;
    %pushi/vec4 95, 0, 8;
    %store/vec4 v000001d9d066dbe0_0, 0, 8;
    %jmp T_19.256;
T_19.133 ;
    %pushi/vec4 151, 0, 8;
    %store/vec4 v000001d9d066dbe0_0, 0, 8;
    %jmp T_19.256;
T_19.134 ;
    %pushi/vec4 68, 0, 8;
    %store/vec4 v000001d9d066dbe0_0, 0, 8;
    %jmp T_19.256;
T_19.135 ;
    %pushi/vec4 23, 0, 8;
    %store/vec4 v000001d9d066dbe0_0, 0, 8;
    %jmp T_19.256;
T_19.136 ;
    %pushi/vec4 196, 0, 8;
    %store/vec4 v000001d9d066dbe0_0, 0, 8;
    %jmp T_19.256;
T_19.137 ;
    %pushi/vec4 167, 0, 8;
    %store/vec4 v000001d9d066dbe0_0, 0, 8;
    %jmp T_19.256;
T_19.138 ;
    %pushi/vec4 126, 0, 8;
    %store/vec4 v000001d9d066dbe0_0, 0, 8;
    %jmp T_19.256;
T_19.139 ;
    %pushi/vec4 61, 0, 8;
    %store/vec4 v000001d9d066dbe0_0, 0, 8;
    %jmp T_19.256;
T_19.140 ;
    %pushi/vec4 100, 0, 8;
    %store/vec4 v000001d9d066dbe0_0, 0, 8;
    %jmp T_19.256;
T_19.141 ;
    %pushi/vec4 93, 0, 8;
    %store/vec4 v000001d9d066dbe0_0, 0, 8;
    %jmp T_19.256;
T_19.142 ;
    %pushi/vec4 25, 0, 8;
    %store/vec4 v000001d9d066dbe0_0, 0, 8;
    %jmp T_19.256;
T_19.143 ;
    %pushi/vec4 115, 0, 8;
    %store/vec4 v000001d9d066dbe0_0, 0, 8;
    %jmp T_19.256;
T_19.144 ;
    %pushi/vec4 96, 0, 8;
    %store/vec4 v000001d9d066dbe0_0, 0, 8;
    %jmp T_19.256;
T_19.145 ;
    %pushi/vec4 129, 0, 8;
    %store/vec4 v000001d9d066dbe0_0, 0, 8;
    %jmp T_19.256;
T_19.146 ;
    %pushi/vec4 79, 0, 8;
    %store/vec4 v000001d9d066dbe0_0, 0, 8;
    %jmp T_19.256;
T_19.147 ;
    %pushi/vec4 220, 0, 8;
    %store/vec4 v000001d9d066dbe0_0, 0, 8;
    %jmp T_19.256;
T_19.148 ;
    %pushi/vec4 34, 0, 8;
    %store/vec4 v000001d9d066dbe0_0, 0, 8;
    %jmp T_19.256;
T_19.149 ;
    %pushi/vec4 42, 0, 8;
    %store/vec4 v000001d9d066dbe0_0, 0, 8;
    %jmp T_19.256;
T_19.150 ;
    %pushi/vec4 144, 0, 8;
    %store/vec4 v000001d9d066dbe0_0, 0, 8;
    %jmp T_19.256;
T_19.151 ;
    %pushi/vec4 136, 0, 8;
    %store/vec4 v000001d9d066dbe0_0, 0, 8;
    %jmp T_19.256;
T_19.152 ;
    %pushi/vec4 70, 0, 8;
    %store/vec4 v000001d9d066dbe0_0, 0, 8;
    %jmp T_19.256;
T_19.153 ;
    %pushi/vec4 238, 0, 8;
    %store/vec4 v000001d9d066dbe0_0, 0, 8;
    %jmp T_19.256;
T_19.154 ;
    %pushi/vec4 184, 0, 8;
    %store/vec4 v000001d9d066dbe0_0, 0, 8;
    %jmp T_19.256;
T_19.155 ;
    %pushi/vec4 20, 0, 8;
    %store/vec4 v000001d9d066dbe0_0, 0, 8;
    %jmp T_19.256;
T_19.156 ;
    %pushi/vec4 222, 0, 8;
    %store/vec4 v000001d9d066dbe0_0, 0, 8;
    %jmp T_19.256;
T_19.157 ;
    %pushi/vec4 94, 0, 8;
    %store/vec4 v000001d9d066dbe0_0, 0, 8;
    %jmp T_19.256;
T_19.158 ;
    %pushi/vec4 11, 0, 8;
    %store/vec4 v000001d9d066dbe0_0, 0, 8;
    %jmp T_19.256;
T_19.159 ;
    %pushi/vec4 219, 0, 8;
    %store/vec4 v000001d9d066dbe0_0, 0, 8;
    %jmp T_19.256;
T_19.160 ;
    %pushi/vec4 224, 0, 8;
    %store/vec4 v000001d9d066dbe0_0, 0, 8;
    %jmp T_19.256;
T_19.161 ;
    %pushi/vec4 50, 0, 8;
    %store/vec4 v000001d9d066dbe0_0, 0, 8;
    %jmp T_19.256;
T_19.162 ;
    %pushi/vec4 58, 0, 8;
    %store/vec4 v000001d9d066dbe0_0, 0, 8;
    %jmp T_19.256;
T_19.163 ;
    %pushi/vec4 10, 0, 8;
    %store/vec4 v000001d9d066dbe0_0, 0, 8;
    %jmp T_19.256;
T_19.164 ;
    %pushi/vec4 73, 0, 8;
    %store/vec4 v000001d9d066dbe0_0, 0, 8;
    %jmp T_19.256;
T_19.165 ;
    %pushi/vec4 6, 0, 8;
    %store/vec4 v000001d9d066dbe0_0, 0, 8;
    %jmp T_19.256;
T_19.166 ;
    %pushi/vec4 36, 0, 8;
    %store/vec4 v000001d9d066dbe0_0, 0, 8;
    %jmp T_19.256;
T_19.167 ;
    %pushi/vec4 92, 0, 8;
    %store/vec4 v000001d9d066dbe0_0, 0, 8;
    %jmp T_19.256;
T_19.168 ;
    %pushi/vec4 194, 0, 8;
    %store/vec4 v000001d9d066dbe0_0, 0, 8;
    %jmp T_19.256;
T_19.169 ;
    %pushi/vec4 211, 0, 8;
    %store/vec4 v000001d9d066dbe0_0, 0, 8;
    %jmp T_19.256;
T_19.170 ;
    %pushi/vec4 172, 0, 8;
    %store/vec4 v000001d9d066dbe0_0, 0, 8;
    %jmp T_19.256;
T_19.171 ;
    %pushi/vec4 98, 0, 8;
    %store/vec4 v000001d9d066dbe0_0, 0, 8;
    %jmp T_19.256;
T_19.172 ;
    %pushi/vec4 145, 0, 8;
    %store/vec4 v000001d9d066dbe0_0, 0, 8;
    %jmp T_19.256;
T_19.173 ;
    %pushi/vec4 149, 0, 8;
    %store/vec4 v000001d9d066dbe0_0, 0, 8;
    %jmp T_19.256;
T_19.174 ;
    %pushi/vec4 228, 0, 8;
    %store/vec4 v000001d9d066dbe0_0, 0, 8;
    %jmp T_19.256;
T_19.175 ;
    %pushi/vec4 121, 0, 8;
    %store/vec4 v000001d9d066dbe0_0, 0, 8;
    %jmp T_19.256;
T_19.176 ;
    %pushi/vec4 231, 0, 8;
    %store/vec4 v000001d9d066dbe0_0, 0, 8;
    %jmp T_19.256;
T_19.177 ;
    %pushi/vec4 200, 0, 8;
    %store/vec4 v000001d9d066dbe0_0, 0, 8;
    %jmp T_19.256;
T_19.178 ;
    %pushi/vec4 55, 0, 8;
    %store/vec4 v000001d9d066dbe0_0, 0, 8;
    %jmp T_19.256;
T_19.179 ;
    %pushi/vec4 109, 0, 8;
    %store/vec4 v000001d9d066dbe0_0, 0, 8;
    %jmp T_19.256;
T_19.180 ;
    %pushi/vec4 141, 0, 8;
    %store/vec4 v000001d9d066dbe0_0, 0, 8;
    %jmp T_19.256;
T_19.181 ;
    %pushi/vec4 213, 0, 8;
    %store/vec4 v000001d9d066dbe0_0, 0, 8;
    %jmp T_19.256;
T_19.182 ;
    %pushi/vec4 78, 0, 8;
    %store/vec4 v000001d9d066dbe0_0, 0, 8;
    %jmp T_19.256;
T_19.183 ;
    %pushi/vec4 169, 0, 8;
    %store/vec4 v000001d9d066dbe0_0, 0, 8;
    %jmp T_19.256;
T_19.184 ;
    %pushi/vec4 108, 0, 8;
    %store/vec4 v000001d9d066dbe0_0, 0, 8;
    %jmp T_19.256;
T_19.185 ;
    %pushi/vec4 86, 0, 8;
    %store/vec4 v000001d9d066dbe0_0, 0, 8;
    %jmp T_19.256;
T_19.186 ;
    %pushi/vec4 244, 0, 8;
    %store/vec4 v000001d9d066dbe0_0, 0, 8;
    %jmp T_19.256;
T_19.187 ;
    %pushi/vec4 234, 0, 8;
    %store/vec4 v000001d9d066dbe0_0, 0, 8;
    %jmp T_19.256;
T_19.188 ;
    %pushi/vec4 101, 0, 8;
    %store/vec4 v000001d9d066dbe0_0, 0, 8;
    %jmp T_19.256;
T_19.189 ;
    %pushi/vec4 122, 0, 8;
    %store/vec4 v000001d9d066dbe0_0, 0, 8;
    %jmp T_19.256;
T_19.190 ;
    %pushi/vec4 174, 0, 8;
    %store/vec4 v000001d9d066dbe0_0, 0, 8;
    %jmp T_19.256;
T_19.191 ;
    %pushi/vec4 8, 0, 8;
    %store/vec4 v000001d9d066dbe0_0, 0, 8;
    %jmp T_19.256;
T_19.192 ;
    %pushi/vec4 186, 0, 8;
    %store/vec4 v000001d9d066dbe0_0, 0, 8;
    %jmp T_19.256;
T_19.193 ;
    %pushi/vec4 120, 0, 8;
    %store/vec4 v000001d9d066dbe0_0, 0, 8;
    %jmp T_19.256;
T_19.194 ;
    %pushi/vec4 37, 0, 8;
    %store/vec4 v000001d9d066dbe0_0, 0, 8;
    %jmp T_19.256;
T_19.195 ;
    %pushi/vec4 46, 0, 8;
    %store/vec4 v000001d9d066dbe0_0, 0, 8;
    %jmp T_19.256;
T_19.196 ;
    %pushi/vec4 28, 0, 8;
    %store/vec4 v000001d9d066dbe0_0, 0, 8;
    %jmp T_19.256;
T_19.197 ;
    %pushi/vec4 166, 0, 8;
    %store/vec4 v000001d9d066dbe0_0, 0, 8;
    %jmp T_19.256;
T_19.198 ;
    %pushi/vec4 180, 0, 8;
    %store/vec4 v000001d9d066dbe0_0, 0, 8;
    %jmp T_19.256;
T_19.199 ;
    %pushi/vec4 198, 0, 8;
    %store/vec4 v000001d9d066dbe0_0, 0, 8;
    %jmp T_19.256;
T_19.200 ;
    %pushi/vec4 232, 0, 8;
    %store/vec4 v000001d9d066dbe0_0, 0, 8;
    %jmp T_19.256;
T_19.201 ;
    %pushi/vec4 221, 0, 8;
    %store/vec4 v000001d9d066dbe0_0, 0, 8;
    %jmp T_19.256;
T_19.202 ;
    %pushi/vec4 116, 0, 8;
    %store/vec4 v000001d9d066dbe0_0, 0, 8;
    %jmp T_19.256;
T_19.203 ;
    %pushi/vec4 31, 0, 8;
    %store/vec4 v000001d9d066dbe0_0, 0, 8;
    %jmp T_19.256;
T_19.204 ;
    %pushi/vec4 75, 0, 8;
    %store/vec4 v000001d9d066dbe0_0, 0, 8;
    %jmp T_19.256;
T_19.205 ;
    %pushi/vec4 189, 0, 8;
    %store/vec4 v000001d9d066dbe0_0, 0, 8;
    %jmp T_19.256;
T_19.206 ;
    %pushi/vec4 139, 0, 8;
    %store/vec4 v000001d9d066dbe0_0, 0, 8;
    %jmp T_19.256;
T_19.207 ;
    %pushi/vec4 138, 0, 8;
    %store/vec4 v000001d9d066dbe0_0, 0, 8;
    %jmp T_19.256;
T_19.208 ;
    %pushi/vec4 112, 0, 8;
    %store/vec4 v000001d9d066dbe0_0, 0, 8;
    %jmp T_19.256;
T_19.209 ;
    %pushi/vec4 62, 0, 8;
    %store/vec4 v000001d9d066dbe0_0, 0, 8;
    %jmp T_19.256;
T_19.210 ;
    %pushi/vec4 181, 0, 8;
    %store/vec4 v000001d9d066dbe0_0, 0, 8;
    %jmp T_19.256;
T_19.211 ;
    %pushi/vec4 102, 0, 8;
    %store/vec4 v000001d9d066dbe0_0, 0, 8;
    %jmp T_19.256;
T_19.212 ;
    %pushi/vec4 72, 0, 8;
    %store/vec4 v000001d9d066dbe0_0, 0, 8;
    %jmp T_19.256;
T_19.213 ;
    %pushi/vec4 3, 0, 8;
    %store/vec4 v000001d9d066dbe0_0, 0, 8;
    %jmp T_19.256;
T_19.214 ;
    %pushi/vec4 246, 0, 8;
    %store/vec4 v000001d9d066dbe0_0, 0, 8;
    %jmp T_19.256;
T_19.215 ;
    %pushi/vec4 14, 0, 8;
    %store/vec4 v000001d9d066dbe0_0, 0, 8;
    %jmp T_19.256;
T_19.216 ;
    %pushi/vec4 97, 0, 8;
    %store/vec4 v000001d9d066dbe0_0, 0, 8;
    %jmp T_19.256;
T_19.217 ;
    %pushi/vec4 53, 0, 8;
    %store/vec4 v000001d9d066dbe0_0, 0, 8;
    %jmp T_19.256;
T_19.218 ;
    %pushi/vec4 87, 0, 8;
    %store/vec4 v000001d9d066dbe0_0, 0, 8;
    %jmp T_19.256;
T_19.219 ;
    %pushi/vec4 185, 0, 8;
    %store/vec4 v000001d9d066dbe0_0, 0, 8;
    %jmp T_19.256;
T_19.220 ;
    %pushi/vec4 134, 0, 8;
    %store/vec4 v000001d9d066dbe0_0, 0, 8;
    %jmp T_19.256;
T_19.221 ;
    %pushi/vec4 193, 0, 8;
    %store/vec4 v000001d9d066dbe0_0, 0, 8;
    %jmp T_19.256;
T_19.222 ;
    %pushi/vec4 29, 0, 8;
    %store/vec4 v000001d9d066dbe0_0, 0, 8;
    %jmp T_19.256;
T_19.223 ;
    %pushi/vec4 158, 0, 8;
    %store/vec4 v000001d9d066dbe0_0, 0, 8;
    %jmp T_19.256;
T_19.224 ;
    %pushi/vec4 225, 0, 8;
    %store/vec4 v000001d9d066dbe0_0, 0, 8;
    %jmp T_19.256;
T_19.225 ;
    %pushi/vec4 248, 0, 8;
    %store/vec4 v000001d9d066dbe0_0, 0, 8;
    %jmp T_19.256;
T_19.226 ;
    %pushi/vec4 152, 0, 8;
    %store/vec4 v000001d9d066dbe0_0, 0, 8;
    %jmp T_19.256;
T_19.227 ;
    %pushi/vec4 17, 0, 8;
    %store/vec4 v000001d9d066dbe0_0, 0, 8;
    %jmp T_19.256;
T_19.228 ;
    %pushi/vec4 105, 0, 8;
    %store/vec4 v000001d9d066dbe0_0, 0, 8;
    %jmp T_19.256;
T_19.229 ;
    %pushi/vec4 217, 0, 8;
    %store/vec4 v000001d9d066dbe0_0, 0, 8;
    %jmp T_19.256;
T_19.230 ;
    %pushi/vec4 142, 0, 8;
    %store/vec4 v000001d9d066dbe0_0, 0, 8;
    %jmp T_19.256;
T_19.231 ;
    %pushi/vec4 148, 0, 8;
    %store/vec4 v000001d9d066dbe0_0, 0, 8;
    %jmp T_19.256;
T_19.232 ;
    %pushi/vec4 155, 0, 8;
    %store/vec4 v000001d9d066dbe0_0, 0, 8;
    %jmp T_19.256;
T_19.233 ;
    %pushi/vec4 30, 0, 8;
    %store/vec4 v000001d9d066dbe0_0, 0, 8;
    %jmp T_19.256;
T_19.234 ;
    %pushi/vec4 135, 0, 8;
    %store/vec4 v000001d9d066dbe0_0, 0, 8;
    %jmp T_19.256;
T_19.235 ;
    %pushi/vec4 233, 0, 8;
    %store/vec4 v000001d9d066dbe0_0, 0, 8;
    %jmp T_19.256;
T_19.236 ;
    %pushi/vec4 206, 0, 8;
    %store/vec4 v000001d9d066dbe0_0, 0, 8;
    %jmp T_19.256;
T_19.237 ;
    %pushi/vec4 85, 0, 8;
    %store/vec4 v000001d9d066dbe0_0, 0, 8;
    %jmp T_19.256;
T_19.238 ;
    %pushi/vec4 40, 0, 8;
    %store/vec4 v000001d9d066dbe0_0, 0, 8;
    %jmp T_19.256;
T_19.239 ;
    %pushi/vec4 223, 0, 8;
    %store/vec4 v000001d9d066dbe0_0, 0, 8;
    %jmp T_19.256;
T_19.240 ;
    %pushi/vec4 140, 0, 8;
    %store/vec4 v000001d9d066dbe0_0, 0, 8;
    %jmp T_19.256;
T_19.241 ;
    %pushi/vec4 161, 0, 8;
    %store/vec4 v000001d9d066dbe0_0, 0, 8;
    %jmp T_19.256;
T_19.242 ;
    %pushi/vec4 137, 0, 8;
    %store/vec4 v000001d9d066dbe0_0, 0, 8;
    %jmp T_19.256;
T_19.243 ;
    %pushi/vec4 13, 0, 8;
    %store/vec4 v000001d9d066dbe0_0, 0, 8;
    %jmp T_19.256;
T_19.244 ;
    %pushi/vec4 191, 0, 8;
    %store/vec4 v000001d9d066dbe0_0, 0, 8;
    %jmp T_19.256;
T_19.245 ;
    %pushi/vec4 230, 0, 8;
    %store/vec4 v000001d9d066dbe0_0, 0, 8;
    %jmp T_19.256;
T_19.246 ;
    %pushi/vec4 66, 0, 8;
    %store/vec4 v000001d9d066dbe0_0, 0, 8;
    %jmp T_19.256;
T_19.247 ;
    %pushi/vec4 104, 0, 8;
    %store/vec4 v000001d9d066dbe0_0, 0, 8;
    %jmp T_19.256;
T_19.248 ;
    %pushi/vec4 65, 0, 8;
    %store/vec4 v000001d9d066dbe0_0, 0, 8;
    %jmp T_19.256;
T_19.249 ;
    %pushi/vec4 153, 0, 8;
    %store/vec4 v000001d9d066dbe0_0, 0, 8;
    %jmp T_19.256;
T_19.250 ;
    %pushi/vec4 45, 0, 8;
    %store/vec4 v000001d9d066dbe0_0, 0, 8;
    %jmp T_19.256;
T_19.251 ;
    %pushi/vec4 15, 0, 8;
    %store/vec4 v000001d9d066dbe0_0, 0, 8;
    %jmp T_19.256;
T_19.252 ;
    %pushi/vec4 176, 0, 8;
    %store/vec4 v000001d9d066dbe0_0, 0, 8;
    %jmp T_19.256;
T_19.253 ;
    %pushi/vec4 84, 0, 8;
    %store/vec4 v000001d9d066dbe0_0, 0, 8;
    %jmp T_19.256;
T_19.254 ;
    %pushi/vec4 187, 0, 8;
    %store/vec4 v000001d9d066dbe0_0, 0, 8;
    %jmp T_19.256;
T_19.255 ;
    %pushi/vec4 22, 0, 8;
    %store/vec4 v000001d9d066dbe0_0, 0, 8;
    %jmp T_19.256;
T_19.256 ;
    %pop/vec4 1;
    %jmp T_19;
    .thread T_19, $push;
    .scope S_000001d9d06773d0;
T_20 ;
    %wait E_000001d9d05b7ea0;
    %load/vec4 v000001d9d066c240_0;
    %dup/vec4;
    %pushi/vec4 0, 0, 8;
    %cmp/u;
    %jmp/1 T_20.0, 6;
    %dup/vec4;
    %pushi/vec4 1, 0, 8;
    %cmp/u;
    %jmp/1 T_20.1, 6;
    %dup/vec4;
    %pushi/vec4 2, 0, 8;
    %cmp/u;
    %jmp/1 T_20.2, 6;
    %dup/vec4;
    %pushi/vec4 3, 0, 8;
    %cmp/u;
    %jmp/1 T_20.3, 6;
    %dup/vec4;
    %pushi/vec4 4, 0, 8;
    %cmp/u;
    %jmp/1 T_20.4, 6;
    %dup/vec4;
    %pushi/vec4 5, 0, 8;
    %cmp/u;
    %jmp/1 T_20.5, 6;
    %dup/vec4;
    %pushi/vec4 6, 0, 8;
    %cmp/u;
    %jmp/1 T_20.6, 6;
    %dup/vec4;
    %pushi/vec4 7, 0, 8;
    %cmp/u;
    %jmp/1 T_20.7, 6;
    %dup/vec4;
    %pushi/vec4 8, 0, 8;
    %cmp/u;
    %jmp/1 T_20.8, 6;
    %dup/vec4;
    %pushi/vec4 9, 0, 8;
    %cmp/u;
    %jmp/1 T_20.9, 6;
    %dup/vec4;
    %pushi/vec4 10, 0, 8;
    %cmp/u;
    %jmp/1 T_20.10, 6;
    %dup/vec4;
    %pushi/vec4 11, 0, 8;
    %cmp/u;
    %jmp/1 T_20.11, 6;
    %dup/vec4;
    %pushi/vec4 12, 0, 8;
    %cmp/u;
    %jmp/1 T_20.12, 6;
    %dup/vec4;
    %pushi/vec4 13, 0, 8;
    %cmp/u;
    %jmp/1 T_20.13, 6;
    %dup/vec4;
    %pushi/vec4 14, 0, 8;
    %cmp/u;
    %jmp/1 T_20.14, 6;
    %dup/vec4;
    %pushi/vec4 15, 0, 8;
    %cmp/u;
    %jmp/1 T_20.15, 6;
    %dup/vec4;
    %pushi/vec4 16, 0, 8;
    %cmp/u;
    %jmp/1 T_20.16, 6;
    %dup/vec4;
    %pushi/vec4 17, 0, 8;
    %cmp/u;
    %jmp/1 T_20.17, 6;
    %dup/vec4;
    %pushi/vec4 18, 0, 8;
    %cmp/u;
    %jmp/1 T_20.18, 6;
    %dup/vec4;
    %pushi/vec4 19, 0, 8;
    %cmp/u;
    %jmp/1 T_20.19, 6;
    %dup/vec4;
    %pushi/vec4 20, 0, 8;
    %cmp/u;
    %jmp/1 T_20.20, 6;
    %dup/vec4;
    %pushi/vec4 21, 0, 8;
    %cmp/u;
    %jmp/1 T_20.21, 6;
    %dup/vec4;
    %pushi/vec4 22, 0, 8;
    %cmp/u;
    %jmp/1 T_20.22, 6;
    %dup/vec4;
    %pushi/vec4 23, 0, 8;
    %cmp/u;
    %jmp/1 T_20.23, 6;
    %dup/vec4;
    %pushi/vec4 24, 0, 8;
    %cmp/u;
    %jmp/1 T_20.24, 6;
    %dup/vec4;
    %pushi/vec4 25, 0, 8;
    %cmp/u;
    %jmp/1 T_20.25, 6;
    %dup/vec4;
    %pushi/vec4 26, 0, 8;
    %cmp/u;
    %jmp/1 T_20.26, 6;
    %dup/vec4;
    %pushi/vec4 27, 0, 8;
    %cmp/u;
    %jmp/1 T_20.27, 6;
    %dup/vec4;
    %pushi/vec4 28, 0, 8;
    %cmp/u;
    %jmp/1 T_20.28, 6;
    %dup/vec4;
    %pushi/vec4 29, 0, 8;
    %cmp/u;
    %jmp/1 T_20.29, 6;
    %dup/vec4;
    %pushi/vec4 30, 0, 8;
    %cmp/u;
    %jmp/1 T_20.30, 6;
    %dup/vec4;
    %pushi/vec4 31, 0, 8;
    %cmp/u;
    %jmp/1 T_20.31, 6;
    %dup/vec4;
    %pushi/vec4 32, 0, 8;
    %cmp/u;
    %jmp/1 T_20.32, 6;
    %dup/vec4;
    %pushi/vec4 33, 0, 8;
    %cmp/u;
    %jmp/1 T_20.33, 6;
    %dup/vec4;
    %pushi/vec4 34, 0, 8;
    %cmp/u;
    %jmp/1 T_20.34, 6;
    %dup/vec4;
    %pushi/vec4 35, 0, 8;
    %cmp/u;
    %jmp/1 T_20.35, 6;
    %dup/vec4;
    %pushi/vec4 36, 0, 8;
    %cmp/u;
    %jmp/1 T_20.36, 6;
    %dup/vec4;
    %pushi/vec4 37, 0, 8;
    %cmp/u;
    %jmp/1 T_20.37, 6;
    %dup/vec4;
    %pushi/vec4 38, 0, 8;
    %cmp/u;
    %jmp/1 T_20.38, 6;
    %dup/vec4;
    %pushi/vec4 39, 0, 8;
    %cmp/u;
    %jmp/1 T_20.39, 6;
    %dup/vec4;
    %pushi/vec4 40, 0, 8;
    %cmp/u;
    %jmp/1 T_20.40, 6;
    %dup/vec4;
    %pushi/vec4 41, 0, 8;
    %cmp/u;
    %jmp/1 T_20.41, 6;
    %dup/vec4;
    %pushi/vec4 42, 0, 8;
    %cmp/u;
    %jmp/1 T_20.42, 6;
    %dup/vec4;
    %pushi/vec4 43, 0, 8;
    %cmp/u;
    %jmp/1 T_20.43, 6;
    %dup/vec4;
    %pushi/vec4 44, 0, 8;
    %cmp/u;
    %jmp/1 T_20.44, 6;
    %dup/vec4;
    %pushi/vec4 45, 0, 8;
    %cmp/u;
    %jmp/1 T_20.45, 6;
    %dup/vec4;
    %pushi/vec4 46, 0, 8;
    %cmp/u;
    %jmp/1 T_20.46, 6;
    %dup/vec4;
    %pushi/vec4 47, 0, 8;
    %cmp/u;
    %jmp/1 T_20.47, 6;
    %dup/vec4;
    %pushi/vec4 48, 0, 8;
    %cmp/u;
    %jmp/1 T_20.48, 6;
    %dup/vec4;
    %pushi/vec4 49, 0, 8;
    %cmp/u;
    %jmp/1 T_20.49, 6;
    %dup/vec4;
    %pushi/vec4 50, 0, 8;
    %cmp/u;
    %jmp/1 T_20.50, 6;
    %dup/vec4;
    %pushi/vec4 51, 0, 8;
    %cmp/u;
    %jmp/1 T_20.51, 6;
    %dup/vec4;
    %pushi/vec4 52, 0, 8;
    %cmp/u;
    %jmp/1 T_20.52, 6;
    %dup/vec4;
    %pushi/vec4 53, 0, 8;
    %cmp/u;
    %jmp/1 T_20.53, 6;
    %dup/vec4;
    %pushi/vec4 54, 0, 8;
    %cmp/u;
    %jmp/1 T_20.54, 6;
    %dup/vec4;
    %pushi/vec4 55, 0, 8;
    %cmp/u;
    %jmp/1 T_20.55, 6;
    %dup/vec4;
    %pushi/vec4 56, 0, 8;
    %cmp/u;
    %jmp/1 T_20.56, 6;
    %dup/vec4;
    %pushi/vec4 57, 0, 8;
    %cmp/u;
    %jmp/1 T_20.57, 6;
    %dup/vec4;
    %pushi/vec4 58, 0, 8;
    %cmp/u;
    %jmp/1 T_20.58, 6;
    %dup/vec4;
    %pushi/vec4 59, 0, 8;
    %cmp/u;
    %jmp/1 T_20.59, 6;
    %dup/vec4;
    %pushi/vec4 60, 0, 8;
    %cmp/u;
    %jmp/1 T_20.60, 6;
    %dup/vec4;
    %pushi/vec4 61, 0, 8;
    %cmp/u;
    %jmp/1 T_20.61, 6;
    %dup/vec4;
    %pushi/vec4 62, 0, 8;
    %cmp/u;
    %jmp/1 T_20.62, 6;
    %dup/vec4;
    %pushi/vec4 63, 0, 8;
    %cmp/u;
    %jmp/1 T_20.63, 6;
    %dup/vec4;
    %pushi/vec4 64, 0, 8;
    %cmp/u;
    %jmp/1 T_20.64, 6;
    %dup/vec4;
    %pushi/vec4 65, 0, 8;
    %cmp/u;
    %jmp/1 T_20.65, 6;
    %dup/vec4;
    %pushi/vec4 66, 0, 8;
    %cmp/u;
    %jmp/1 T_20.66, 6;
    %dup/vec4;
    %pushi/vec4 67, 0, 8;
    %cmp/u;
    %jmp/1 T_20.67, 6;
    %dup/vec4;
    %pushi/vec4 68, 0, 8;
    %cmp/u;
    %jmp/1 T_20.68, 6;
    %dup/vec4;
    %pushi/vec4 69, 0, 8;
    %cmp/u;
    %jmp/1 T_20.69, 6;
    %dup/vec4;
    %pushi/vec4 70, 0, 8;
    %cmp/u;
    %jmp/1 T_20.70, 6;
    %dup/vec4;
    %pushi/vec4 71, 0, 8;
    %cmp/u;
    %jmp/1 T_20.71, 6;
    %dup/vec4;
    %pushi/vec4 72, 0, 8;
    %cmp/u;
    %jmp/1 T_20.72, 6;
    %dup/vec4;
    %pushi/vec4 73, 0, 8;
    %cmp/u;
    %jmp/1 T_20.73, 6;
    %dup/vec4;
    %pushi/vec4 74, 0, 8;
    %cmp/u;
    %jmp/1 T_20.74, 6;
    %dup/vec4;
    %pushi/vec4 75, 0, 8;
    %cmp/u;
    %jmp/1 T_20.75, 6;
    %dup/vec4;
    %pushi/vec4 76, 0, 8;
    %cmp/u;
    %jmp/1 T_20.76, 6;
    %dup/vec4;
    %pushi/vec4 77, 0, 8;
    %cmp/u;
    %jmp/1 T_20.77, 6;
    %dup/vec4;
    %pushi/vec4 78, 0, 8;
    %cmp/u;
    %jmp/1 T_20.78, 6;
    %dup/vec4;
    %pushi/vec4 79, 0, 8;
    %cmp/u;
    %jmp/1 T_20.79, 6;
    %dup/vec4;
    %pushi/vec4 80, 0, 8;
    %cmp/u;
    %jmp/1 T_20.80, 6;
    %dup/vec4;
    %pushi/vec4 81, 0, 8;
    %cmp/u;
    %jmp/1 T_20.81, 6;
    %dup/vec4;
    %pushi/vec4 82, 0, 8;
    %cmp/u;
    %jmp/1 T_20.82, 6;
    %dup/vec4;
    %pushi/vec4 83, 0, 8;
    %cmp/u;
    %jmp/1 T_20.83, 6;
    %dup/vec4;
    %pushi/vec4 84, 0, 8;
    %cmp/u;
    %jmp/1 T_20.84, 6;
    %dup/vec4;
    %pushi/vec4 85, 0, 8;
    %cmp/u;
    %jmp/1 T_20.85, 6;
    %dup/vec4;
    %pushi/vec4 86, 0, 8;
    %cmp/u;
    %jmp/1 T_20.86, 6;
    %dup/vec4;
    %pushi/vec4 87, 0, 8;
    %cmp/u;
    %jmp/1 T_20.87, 6;
    %dup/vec4;
    %pushi/vec4 88, 0, 8;
    %cmp/u;
    %jmp/1 T_20.88, 6;
    %dup/vec4;
    %pushi/vec4 89, 0, 8;
    %cmp/u;
    %jmp/1 T_20.89, 6;
    %dup/vec4;
    %pushi/vec4 90, 0, 8;
    %cmp/u;
    %jmp/1 T_20.90, 6;
    %dup/vec4;
    %pushi/vec4 91, 0, 8;
    %cmp/u;
    %jmp/1 T_20.91, 6;
    %dup/vec4;
    %pushi/vec4 92, 0, 8;
    %cmp/u;
    %jmp/1 T_20.92, 6;
    %dup/vec4;
    %pushi/vec4 93, 0, 8;
    %cmp/u;
    %jmp/1 T_20.93, 6;
    %dup/vec4;
    %pushi/vec4 94, 0, 8;
    %cmp/u;
    %jmp/1 T_20.94, 6;
    %dup/vec4;
    %pushi/vec4 95, 0, 8;
    %cmp/u;
    %jmp/1 T_20.95, 6;
    %dup/vec4;
    %pushi/vec4 96, 0, 8;
    %cmp/u;
    %jmp/1 T_20.96, 6;
    %dup/vec4;
    %pushi/vec4 97, 0, 8;
    %cmp/u;
    %jmp/1 T_20.97, 6;
    %dup/vec4;
    %pushi/vec4 98, 0, 8;
    %cmp/u;
    %jmp/1 T_20.98, 6;
    %dup/vec4;
    %pushi/vec4 99, 0, 8;
    %cmp/u;
    %jmp/1 T_20.99, 6;
    %dup/vec4;
    %pushi/vec4 100, 0, 8;
    %cmp/u;
    %jmp/1 T_20.100, 6;
    %dup/vec4;
    %pushi/vec4 101, 0, 8;
    %cmp/u;
    %jmp/1 T_20.101, 6;
    %dup/vec4;
    %pushi/vec4 102, 0, 8;
    %cmp/u;
    %jmp/1 T_20.102, 6;
    %dup/vec4;
    %pushi/vec4 103, 0, 8;
    %cmp/u;
    %jmp/1 T_20.103, 6;
    %dup/vec4;
    %pushi/vec4 104, 0, 8;
    %cmp/u;
    %jmp/1 T_20.104, 6;
    %dup/vec4;
    %pushi/vec4 105, 0, 8;
    %cmp/u;
    %jmp/1 T_20.105, 6;
    %dup/vec4;
    %pushi/vec4 106, 0, 8;
    %cmp/u;
    %jmp/1 T_20.106, 6;
    %dup/vec4;
    %pushi/vec4 107, 0, 8;
    %cmp/u;
    %jmp/1 T_20.107, 6;
    %dup/vec4;
    %pushi/vec4 108, 0, 8;
    %cmp/u;
    %jmp/1 T_20.108, 6;
    %dup/vec4;
    %pushi/vec4 109, 0, 8;
    %cmp/u;
    %jmp/1 T_20.109, 6;
    %dup/vec4;
    %pushi/vec4 110, 0, 8;
    %cmp/u;
    %jmp/1 T_20.110, 6;
    %dup/vec4;
    %pushi/vec4 111, 0, 8;
    %cmp/u;
    %jmp/1 T_20.111, 6;
    %dup/vec4;
    %pushi/vec4 112, 0, 8;
    %cmp/u;
    %jmp/1 T_20.112, 6;
    %dup/vec4;
    %pushi/vec4 113, 0, 8;
    %cmp/u;
    %jmp/1 T_20.113, 6;
    %dup/vec4;
    %pushi/vec4 114, 0, 8;
    %cmp/u;
    %jmp/1 T_20.114, 6;
    %dup/vec4;
    %pushi/vec4 115, 0, 8;
    %cmp/u;
    %jmp/1 T_20.115, 6;
    %dup/vec4;
    %pushi/vec4 116, 0, 8;
    %cmp/u;
    %jmp/1 T_20.116, 6;
    %dup/vec4;
    %pushi/vec4 117, 0, 8;
    %cmp/u;
    %jmp/1 T_20.117, 6;
    %dup/vec4;
    %pushi/vec4 118, 0, 8;
    %cmp/u;
    %jmp/1 T_20.118, 6;
    %dup/vec4;
    %pushi/vec4 119, 0, 8;
    %cmp/u;
    %jmp/1 T_20.119, 6;
    %dup/vec4;
    %pushi/vec4 120, 0, 8;
    %cmp/u;
    %jmp/1 T_20.120, 6;
    %dup/vec4;
    %pushi/vec4 121, 0, 8;
    %cmp/u;
    %jmp/1 T_20.121, 6;
    %dup/vec4;
    %pushi/vec4 122, 0, 8;
    %cmp/u;
    %jmp/1 T_20.122, 6;
    %dup/vec4;
    %pushi/vec4 123, 0, 8;
    %cmp/u;
    %jmp/1 T_20.123, 6;
    %dup/vec4;
    %pushi/vec4 124, 0, 8;
    %cmp/u;
    %jmp/1 T_20.124, 6;
    %dup/vec4;
    %pushi/vec4 125, 0, 8;
    %cmp/u;
    %jmp/1 T_20.125, 6;
    %dup/vec4;
    %pushi/vec4 126, 0, 8;
    %cmp/u;
    %jmp/1 T_20.126, 6;
    %dup/vec4;
    %pushi/vec4 127, 0, 8;
    %cmp/u;
    %jmp/1 T_20.127, 6;
    %dup/vec4;
    %pushi/vec4 128, 0, 8;
    %cmp/u;
    %jmp/1 T_20.128, 6;
    %dup/vec4;
    %pushi/vec4 129, 0, 8;
    %cmp/u;
    %jmp/1 T_20.129, 6;
    %dup/vec4;
    %pushi/vec4 130, 0, 8;
    %cmp/u;
    %jmp/1 T_20.130, 6;
    %dup/vec4;
    %pushi/vec4 131, 0, 8;
    %cmp/u;
    %jmp/1 T_20.131, 6;
    %dup/vec4;
    %pushi/vec4 132, 0, 8;
    %cmp/u;
    %jmp/1 T_20.132, 6;
    %dup/vec4;
    %pushi/vec4 133, 0, 8;
    %cmp/u;
    %jmp/1 T_20.133, 6;
    %dup/vec4;
    %pushi/vec4 134, 0, 8;
    %cmp/u;
    %jmp/1 T_20.134, 6;
    %dup/vec4;
    %pushi/vec4 135, 0, 8;
    %cmp/u;
    %jmp/1 T_20.135, 6;
    %dup/vec4;
    %pushi/vec4 136, 0, 8;
    %cmp/u;
    %jmp/1 T_20.136, 6;
    %dup/vec4;
    %pushi/vec4 137, 0, 8;
    %cmp/u;
    %jmp/1 T_20.137, 6;
    %dup/vec4;
    %pushi/vec4 138, 0, 8;
    %cmp/u;
    %jmp/1 T_20.138, 6;
    %dup/vec4;
    %pushi/vec4 139, 0, 8;
    %cmp/u;
    %jmp/1 T_20.139, 6;
    %dup/vec4;
    %pushi/vec4 140, 0, 8;
    %cmp/u;
    %jmp/1 T_20.140, 6;
    %dup/vec4;
    %pushi/vec4 141, 0, 8;
    %cmp/u;
    %jmp/1 T_20.141, 6;
    %dup/vec4;
    %pushi/vec4 142, 0, 8;
    %cmp/u;
    %jmp/1 T_20.142, 6;
    %dup/vec4;
    %pushi/vec4 143, 0, 8;
    %cmp/u;
    %jmp/1 T_20.143, 6;
    %dup/vec4;
    %pushi/vec4 144, 0, 8;
    %cmp/u;
    %jmp/1 T_20.144, 6;
    %dup/vec4;
    %pushi/vec4 145, 0, 8;
    %cmp/u;
    %jmp/1 T_20.145, 6;
    %dup/vec4;
    %pushi/vec4 146, 0, 8;
    %cmp/u;
    %jmp/1 T_20.146, 6;
    %dup/vec4;
    %pushi/vec4 147, 0, 8;
    %cmp/u;
    %jmp/1 T_20.147, 6;
    %dup/vec4;
    %pushi/vec4 148, 0, 8;
    %cmp/u;
    %jmp/1 T_20.148, 6;
    %dup/vec4;
    %pushi/vec4 149, 0, 8;
    %cmp/u;
    %jmp/1 T_20.149, 6;
    %dup/vec4;
    %pushi/vec4 150, 0, 8;
    %cmp/u;
    %jmp/1 T_20.150, 6;
    %dup/vec4;
    %pushi/vec4 151, 0, 8;
    %cmp/u;
    %jmp/1 T_20.151, 6;
    %dup/vec4;
    %pushi/vec4 152, 0, 8;
    %cmp/u;
    %jmp/1 T_20.152, 6;
    %dup/vec4;
    %pushi/vec4 153, 0, 8;
    %cmp/u;
    %jmp/1 T_20.153, 6;
    %dup/vec4;
    %pushi/vec4 154, 0, 8;
    %cmp/u;
    %jmp/1 T_20.154, 6;
    %dup/vec4;
    %pushi/vec4 155, 0, 8;
    %cmp/u;
    %jmp/1 T_20.155, 6;
    %dup/vec4;
    %pushi/vec4 156, 0, 8;
    %cmp/u;
    %jmp/1 T_20.156, 6;
    %dup/vec4;
    %pushi/vec4 157, 0, 8;
    %cmp/u;
    %jmp/1 T_20.157, 6;
    %dup/vec4;
    %pushi/vec4 158, 0, 8;
    %cmp/u;
    %jmp/1 T_20.158, 6;
    %dup/vec4;
    %pushi/vec4 159, 0, 8;
    %cmp/u;
    %jmp/1 T_20.159, 6;
    %dup/vec4;
    %pushi/vec4 160, 0, 8;
    %cmp/u;
    %jmp/1 T_20.160, 6;
    %dup/vec4;
    %pushi/vec4 161, 0, 8;
    %cmp/u;
    %jmp/1 T_20.161, 6;
    %dup/vec4;
    %pushi/vec4 162, 0, 8;
    %cmp/u;
    %jmp/1 T_20.162, 6;
    %dup/vec4;
    %pushi/vec4 163, 0, 8;
    %cmp/u;
    %jmp/1 T_20.163, 6;
    %dup/vec4;
    %pushi/vec4 164, 0, 8;
    %cmp/u;
    %jmp/1 T_20.164, 6;
    %dup/vec4;
    %pushi/vec4 165, 0, 8;
    %cmp/u;
    %jmp/1 T_20.165, 6;
    %dup/vec4;
    %pushi/vec4 166, 0, 8;
    %cmp/u;
    %jmp/1 T_20.166, 6;
    %dup/vec4;
    %pushi/vec4 167, 0, 8;
    %cmp/u;
    %jmp/1 T_20.167, 6;
    %dup/vec4;
    %pushi/vec4 168, 0, 8;
    %cmp/u;
    %jmp/1 T_20.168, 6;
    %dup/vec4;
    %pushi/vec4 169, 0, 8;
    %cmp/u;
    %jmp/1 T_20.169, 6;
    %dup/vec4;
    %pushi/vec4 170, 0, 8;
    %cmp/u;
    %jmp/1 T_20.170, 6;
    %dup/vec4;
    %pushi/vec4 171, 0, 8;
    %cmp/u;
    %jmp/1 T_20.171, 6;
    %dup/vec4;
    %pushi/vec4 172, 0, 8;
    %cmp/u;
    %jmp/1 T_20.172, 6;
    %dup/vec4;
    %pushi/vec4 173, 0, 8;
    %cmp/u;
    %jmp/1 T_20.173, 6;
    %dup/vec4;
    %pushi/vec4 174, 0, 8;
    %cmp/u;
    %jmp/1 T_20.174, 6;
    %dup/vec4;
    %pushi/vec4 175, 0, 8;
    %cmp/u;
    %jmp/1 T_20.175, 6;
    %dup/vec4;
    %pushi/vec4 176, 0, 8;
    %cmp/u;
    %jmp/1 T_20.176, 6;
    %dup/vec4;
    %pushi/vec4 177, 0, 8;
    %cmp/u;
    %jmp/1 T_20.177, 6;
    %dup/vec4;
    %pushi/vec4 178, 0, 8;
    %cmp/u;
    %jmp/1 T_20.178, 6;
    %dup/vec4;
    %pushi/vec4 179, 0, 8;
    %cmp/u;
    %jmp/1 T_20.179, 6;
    %dup/vec4;
    %pushi/vec4 180, 0, 8;
    %cmp/u;
    %jmp/1 T_20.180, 6;
    %dup/vec4;
    %pushi/vec4 181, 0, 8;
    %cmp/u;
    %jmp/1 T_20.181, 6;
    %dup/vec4;
    %pushi/vec4 182, 0, 8;
    %cmp/u;
    %jmp/1 T_20.182, 6;
    %dup/vec4;
    %pushi/vec4 183, 0, 8;
    %cmp/u;
    %jmp/1 T_20.183, 6;
    %dup/vec4;
    %pushi/vec4 184, 0, 8;
    %cmp/u;
    %jmp/1 T_20.184, 6;
    %dup/vec4;
    %pushi/vec4 185, 0, 8;
    %cmp/u;
    %jmp/1 T_20.185, 6;
    %dup/vec4;
    %pushi/vec4 186, 0, 8;
    %cmp/u;
    %jmp/1 T_20.186, 6;
    %dup/vec4;
    %pushi/vec4 187, 0, 8;
    %cmp/u;
    %jmp/1 T_20.187, 6;
    %dup/vec4;
    %pushi/vec4 188, 0, 8;
    %cmp/u;
    %jmp/1 T_20.188, 6;
    %dup/vec4;
    %pushi/vec4 189, 0, 8;
    %cmp/u;
    %jmp/1 T_20.189, 6;
    %dup/vec4;
    %pushi/vec4 190, 0, 8;
    %cmp/u;
    %jmp/1 T_20.190, 6;
    %dup/vec4;
    %pushi/vec4 191, 0, 8;
    %cmp/u;
    %jmp/1 T_20.191, 6;
    %dup/vec4;
    %pushi/vec4 192, 0, 8;
    %cmp/u;
    %jmp/1 T_20.192, 6;
    %dup/vec4;
    %pushi/vec4 193, 0, 8;
    %cmp/u;
    %jmp/1 T_20.193, 6;
    %dup/vec4;
    %pushi/vec4 194, 0, 8;
    %cmp/u;
    %jmp/1 T_20.194, 6;
    %dup/vec4;
    %pushi/vec4 195, 0, 8;
    %cmp/u;
    %jmp/1 T_20.195, 6;
    %dup/vec4;
    %pushi/vec4 196, 0, 8;
    %cmp/u;
    %jmp/1 T_20.196, 6;
    %dup/vec4;
    %pushi/vec4 197, 0, 8;
    %cmp/u;
    %jmp/1 T_20.197, 6;
    %dup/vec4;
    %pushi/vec4 198, 0, 8;
    %cmp/u;
    %jmp/1 T_20.198, 6;
    %dup/vec4;
    %pushi/vec4 199, 0, 8;
    %cmp/u;
    %jmp/1 T_20.199, 6;
    %dup/vec4;
    %pushi/vec4 200, 0, 8;
    %cmp/u;
    %jmp/1 T_20.200, 6;
    %dup/vec4;
    %pushi/vec4 201, 0, 8;
    %cmp/u;
    %jmp/1 T_20.201, 6;
    %dup/vec4;
    %pushi/vec4 202, 0, 8;
    %cmp/u;
    %jmp/1 T_20.202, 6;
    %dup/vec4;
    %pushi/vec4 203, 0, 8;
    %cmp/u;
    %jmp/1 T_20.203, 6;
    %dup/vec4;
    %pushi/vec4 204, 0, 8;
    %cmp/u;
    %jmp/1 T_20.204, 6;
    %dup/vec4;
    %pushi/vec4 205, 0, 8;
    %cmp/u;
    %jmp/1 T_20.205, 6;
    %dup/vec4;
    %pushi/vec4 206, 0, 8;
    %cmp/u;
    %jmp/1 T_20.206, 6;
    %dup/vec4;
    %pushi/vec4 207, 0, 8;
    %cmp/u;
    %jmp/1 T_20.207, 6;
    %dup/vec4;
    %pushi/vec4 208, 0, 8;
    %cmp/u;
    %jmp/1 T_20.208, 6;
    %dup/vec4;
    %pushi/vec4 209, 0, 8;
    %cmp/u;
    %jmp/1 T_20.209, 6;
    %dup/vec4;
    %pushi/vec4 210, 0, 8;
    %cmp/u;
    %jmp/1 T_20.210, 6;
    %dup/vec4;
    %pushi/vec4 211, 0, 8;
    %cmp/u;
    %jmp/1 T_20.211, 6;
    %dup/vec4;
    %pushi/vec4 212, 0, 8;
    %cmp/u;
    %jmp/1 T_20.212, 6;
    %dup/vec4;
    %pushi/vec4 213, 0, 8;
    %cmp/u;
    %jmp/1 T_20.213, 6;
    %dup/vec4;
    %pushi/vec4 214, 0, 8;
    %cmp/u;
    %jmp/1 T_20.214, 6;
    %dup/vec4;
    %pushi/vec4 215, 0, 8;
    %cmp/u;
    %jmp/1 T_20.215, 6;
    %dup/vec4;
    %pushi/vec4 216, 0, 8;
    %cmp/u;
    %jmp/1 T_20.216, 6;
    %dup/vec4;
    %pushi/vec4 217, 0, 8;
    %cmp/u;
    %jmp/1 T_20.217, 6;
    %dup/vec4;
    %pushi/vec4 218, 0, 8;
    %cmp/u;
    %jmp/1 T_20.218, 6;
    %dup/vec4;
    %pushi/vec4 219, 0, 8;
    %cmp/u;
    %jmp/1 T_20.219, 6;
    %dup/vec4;
    %pushi/vec4 220, 0, 8;
    %cmp/u;
    %jmp/1 T_20.220, 6;
    %dup/vec4;
    %pushi/vec4 221, 0, 8;
    %cmp/u;
    %jmp/1 T_20.221, 6;
    %dup/vec4;
    %pushi/vec4 222, 0, 8;
    %cmp/u;
    %jmp/1 T_20.222, 6;
    %dup/vec4;
    %pushi/vec4 223, 0, 8;
    %cmp/u;
    %jmp/1 T_20.223, 6;
    %dup/vec4;
    %pushi/vec4 224, 0, 8;
    %cmp/u;
    %jmp/1 T_20.224, 6;
    %dup/vec4;
    %pushi/vec4 225, 0, 8;
    %cmp/u;
    %jmp/1 T_20.225, 6;
    %dup/vec4;
    %pushi/vec4 226, 0, 8;
    %cmp/u;
    %jmp/1 T_20.226, 6;
    %dup/vec4;
    %pushi/vec4 227, 0, 8;
    %cmp/u;
    %jmp/1 T_20.227, 6;
    %dup/vec4;
    %pushi/vec4 228, 0, 8;
    %cmp/u;
    %jmp/1 T_20.228, 6;
    %dup/vec4;
    %pushi/vec4 229, 0, 8;
    %cmp/u;
    %jmp/1 T_20.229, 6;
    %dup/vec4;
    %pushi/vec4 230, 0, 8;
    %cmp/u;
    %jmp/1 T_20.230, 6;
    %dup/vec4;
    %pushi/vec4 231, 0, 8;
    %cmp/u;
    %jmp/1 T_20.231, 6;
    %dup/vec4;
    %pushi/vec4 232, 0, 8;
    %cmp/u;
    %jmp/1 T_20.232, 6;
    %dup/vec4;
    %pushi/vec4 233, 0, 8;
    %cmp/u;
    %jmp/1 T_20.233, 6;
    %dup/vec4;
    %pushi/vec4 234, 0, 8;
    %cmp/u;
    %jmp/1 T_20.234, 6;
    %dup/vec4;
    %pushi/vec4 235, 0, 8;
    %cmp/u;
    %jmp/1 T_20.235, 6;
    %dup/vec4;
    %pushi/vec4 236, 0, 8;
    %cmp/u;
    %jmp/1 T_20.236, 6;
    %dup/vec4;
    %pushi/vec4 237, 0, 8;
    %cmp/u;
    %jmp/1 T_20.237, 6;
    %dup/vec4;
    %pushi/vec4 238, 0, 8;
    %cmp/u;
    %jmp/1 T_20.238, 6;
    %dup/vec4;
    %pushi/vec4 239, 0, 8;
    %cmp/u;
    %jmp/1 T_20.239, 6;
    %dup/vec4;
    %pushi/vec4 240, 0, 8;
    %cmp/u;
    %jmp/1 T_20.240, 6;
    %dup/vec4;
    %pushi/vec4 241, 0, 8;
    %cmp/u;
    %jmp/1 T_20.241, 6;
    %dup/vec4;
    %pushi/vec4 242, 0, 8;
    %cmp/u;
    %jmp/1 T_20.242, 6;
    %dup/vec4;
    %pushi/vec4 243, 0, 8;
    %cmp/u;
    %jmp/1 T_20.243, 6;
    %dup/vec4;
    %pushi/vec4 244, 0, 8;
    %cmp/u;
    %jmp/1 T_20.244, 6;
    %dup/vec4;
    %pushi/vec4 245, 0, 8;
    %cmp/u;
    %jmp/1 T_20.245, 6;
    %dup/vec4;
    %pushi/vec4 246, 0, 8;
    %cmp/u;
    %jmp/1 T_20.246, 6;
    %dup/vec4;
    %pushi/vec4 247, 0, 8;
    %cmp/u;
    %jmp/1 T_20.247, 6;
    %dup/vec4;
    %pushi/vec4 248, 0, 8;
    %cmp/u;
    %jmp/1 T_20.248, 6;
    %dup/vec4;
    %pushi/vec4 249, 0, 8;
    %cmp/u;
    %jmp/1 T_20.249, 6;
    %dup/vec4;
    %pushi/vec4 250, 0, 8;
    %cmp/u;
    %jmp/1 T_20.250, 6;
    %dup/vec4;
    %pushi/vec4 251, 0, 8;
    %cmp/u;
    %jmp/1 T_20.251, 6;
    %dup/vec4;
    %pushi/vec4 252, 0, 8;
    %cmp/u;
    %jmp/1 T_20.252, 6;
    %dup/vec4;
    %pushi/vec4 253, 0, 8;
    %cmp/u;
    %jmp/1 T_20.253, 6;
    %dup/vec4;
    %pushi/vec4 254, 0, 8;
    %cmp/u;
    %jmp/1 T_20.254, 6;
    %dup/vec4;
    %pushi/vec4 255, 0, 8;
    %cmp/u;
    %jmp/1 T_20.255, 6;
    %jmp T_20.256;
T_20.0 ;
    %pushi/vec4 99, 0, 8;
    %store/vec4 v000001d9d066ca60_0, 0, 8;
    %jmp T_20.256;
T_20.1 ;
    %pushi/vec4 124, 0, 8;
    %store/vec4 v000001d9d066ca60_0, 0, 8;
    %jmp T_20.256;
T_20.2 ;
    %pushi/vec4 119, 0, 8;
    %store/vec4 v000001d9d066ca60_0, 0, 8;
    %jmp T_20.256;
T_20.3 ;
    %pushi/vec4 123, 0, 8;
    %store/vec4 v000001d9d066ca60_0, 0, 8;
    %jmp T_20.256;
T_20.4 ;
    %pushi/vec4 242, 0, 8;
    %store/vec4 v000001d9d066ca60_0, 0, 8;
    %jmp T_20.256;
T_20.5 ;
    %pushi/vec4 107, 0, 8;
    %store/vec4 v000001d9d066ca60_0, 0, 8;
    %jmp T_20.256;
T_20.6 ;
    %pushi/vec4 111, 0, 8;
    %store/vec4 v000001d9d066ca60_0, 0, 8;
    %jmp T_20.256;
T_20.7 ;
    %pushi/vec4 197, 0, 8;
    %store/vec4 v000001d9d066ca60_0, 0, 8;
    %jmp T_20.256;
T_20.8 ;
    %pushi/vec4 48, 0, 8;
    %store/vec4 v000001d9d066ca60_0, 0, 8;
    %jmp T_20.256;
T_20.9 ;
    %pushi/vec4 1, 0, 8;
    %store/vec4 v000001d9d066ca60_0, 0, 8;
    %jmp T_20.256;
T_20.10 ;
    %pushi/vec4 103, 0, 8;
    %store/vec4 v000001d9d066ca60_0, 0, 8;
    %jmp T_20.256;
T_20.11 ;
    %pushi/vec4 43, 0, 8;
    %store/vec4 v000001d9d066ca60_0, 0, 8;
    %jmp T_20.256;
T_20.12 ;
    %pushi/vec4 254, 0, 8;
    %store/vec4 v000001d9d066ca60_0, 0, 8;
    %jmp T_20.256;
T_20.13 ;
    %pushi/vec4 215, 0, 8;
    %store/vec4 v000001d9d066ca60_0, 0, 8;
    %jmp T_20.256;
T_20.14 ;
    %pushi/vec4 171, 0, 8;
    %store/vec4 v000001d9d066ca60_0, 0, 8;
    %jmp T_20.256;
T_20.15 ;
    %pushi/vec4 118, 0, 8;
    %store/vec4 v000001d9d066ca60_0, 0, 8;
    %jmp T_20.256;
T_20.16 ;
    %pushi/vec4 202, 0, 8;
    %store/vec4 v000001d9d066ca60_0, 0, 8;
    %jmp T_20.256;
T_20.17 ;
    %pushi/vec4 130, 0, 8;
    %store/vec4 v000001d9d066ca60_0, 0, 8;
    %jmp T_20.256;
T_20.18 ;
    %pushi/vec4 201, 0, 8;
    %store/vec4 v000001d9d066ca60_0, 0, 8;
    %jmp T_20.256;
T_20.19 ;
    %pushi/vec4 125, 0, 8;
    %store/vec4 v000001d9d066ca60_0, 0, 8;
    %jmp T_20.256;
T_20.20 ;
    %pushi/vec4 250, 0, 8;
    %store/vec4 v000001d9d066ca60_0, 0, 8;
    %jmp T_20.256;
T_20.21 ;
    %pushi/vec4 89, 0, 8;
    %store/vec4 v000001d9d066ca60_0, 0, 8;
    %jmp T_20.256;
T_20.22 ;
    %pushi/vec4 71, 0, 8;
    %store/vec4 v000001d9d066ca60_0, 0, 8;
    %jmp T_20.256;
T_20.23 ;
    %pushi/vec4 240, 0, 8;
    %store/vec4 v000001d9d066ca60_0, 0, 8;
    %jmp T_20.256;
T_20.24 ;
    %pushi/vec4 173, 0, 8;
    %store/vec4 v000001d9d066ca60_0, 0, 8;
    %jmp T_20.256;
T_20.25 ;
    %pushi/vec4 212, 0, 8;
    %store/vec4 v000001d9d066ca60_0, 0, 8;
    %jmp T_20.256;
T_20.26 ;
    %pushi/vec4 162, 0, 8;
    %store/vec4 v000001d9d066ca60_0, 0, 8;
    %jmp T_20.256;
T_20.27 ;
    %pushi/vec4 175, 0, 8;
    %store/vec4 v000001d9d066ca60_0, 0, 8;
    %jmp T_20.256;
T_20.28 ;
    %pushi/vec4 156, 0, 8;
    %store/vec4 v000001d9d066ca60_0, 0, 8;
    %jmp T_20.256;
T_20.29 ;
    %pushi/vec4 164, 0, 8;
    %store/vec4 v000001d9d066ca60_0, 0, 8;
    %jmp T_20.256;
T_20.30 ;
    %pushi/vec4 114, 0, 8;
    %store/vec4 v000001d9d066ca60_0, 0, 8;
    %jmp T_20.256;
T_20.31 ;
    %pushi/vec4 192, 0, 8;
    %store/vec4 v000001d9d066ca60_0, 0, 8;
    %jmp T_20.256;
T_20.32 ;
    %pushi/vec4 183, 0, 8;
    %store/vec4 v000001d9d066ca60_0, 0, 8;
    %jmp T_20.256;
T_20.33 ;
    %pushi/vec4 253, 0, 8;
    %store/vec4 v000001d9d066ca60_0, 0, 8;
    %jmp T_20.256;
T_20.34 ;
    %pushi/vec4 147, 0, 8;
    %store/vec4 v000001d9d066ca60_0, 0, 8;
    %jmp T_20.256;
T_20.35 ;
    %pushi/vec4 38, 0, 8;
    %store/vec4 v000001d9d066ca60_0, 0, 8;
    %jmp T_20.256;
T_20.36 ;
    %pushi/vec4 54, 0, 8;
    %store/vec4 v000001d9d066ca60_0, 0, 8;
    %jmp T_20.256;
T_20.37 ;
    %pushi/vec4 63, 0, 8;
    %store/vec4 v000001d9d066ca60_0, 0, 8;
    %jmp T_20.256;
T_20.38 ;
    %pushi/vec4 247, 0, 8;
    %store/vec4 v000001d9d066ca60_0, 0, 8;
    %jmp T_20.256;
T_20.39 ;
    %pushi/vec4 204, 0, 8;
    %store/vec4 v000001d9d066ca60_0, 0, 8;
    %jmp T_20.256;
T_20.40 ;
    %pushi/vec4 52, 0, 8;
    %store/vec4 v000001d9d066ca60_0, 0, 8;
    %jmp T_20.256;
T_20.41 ;
    %pushi/vec4 165, 0, 8;
    %store/vec4 v000001d9d066ca60_0, 0, 8;
    %jmp T_20.256;
T_20.42 ;
    %pushi/vec4 229, 0, 8;
    %store/vec4 v000001d9d066ca60_0, 0, 8;
    %jmp T_20.256;
T_20.43 ;
    %pushi/vec4 241, 0, 8;
    %store/vec4 v000001d9d066ca60_0, 0, 8;
    %jmp T_20.256;
T_20.44 ;
    %pushi/vec4 113, 0, 8;
    %store/vec4 v000001d9d066ca60_0, 0, 8;
    %jmp T_20.256;
T_20.45 ;
    %pushi/vec4 216, 0, 8;
    %store/vec4 v000001d9d066ca60_0, 0, 8;
    %jmp T_20.256;
T_20.46 ;
    %pushi/vec4 49, 0, 8;
    %store/vec4 v000001d9d066ca60_0, 0, 8;
    %jmp T_20.256;
T_20.47 ;
    %pushi/vec4 21, 0, 8;
    %store/vec4 v000001d9d066ca60_0, 0, 8;
    %jmp T_20.256;
T_20.48 ;
    %pushi/vec4 4, 0, 8;
    %store/vec4 v000001d9d066ca60_0, 0, 8;
    %jmp T_20.256;
T_20.49 ;
    %pushi/vec4 199, 0, 8;
    %store/vec4 v000001d9d066ca60_0, 0, 8;
    %jmp T_20.256;
T_20.50 ;
    %pushi/vec4 35, 0, 8;
    %store/vec4 v000001d9d066ca60_0, 0, 8;
    %jmp T_20.256;
T_20.51 ;
    %pushi/vec4 195, 0, 8;
    %store/vec4 v000001d9d066ca60_0, 0, 8;
    %jmp T_20.256;
T_20.52 ;
    %pushi/vec4 24, 0, 8;
    %store/vec4 v000001d9d066ca60_0, 0, 8;
    %jmp T_20.256;
T_20.53 ;
    %pushi/vec4 150, 0, 8;
    %store/vec4 v000001d9d066ca60_0, 0, 8;
    %jmp T_20.256;
T_20.54 ;
    %pushi/vec4 5, 0, 8;
    %store/vec4 v000001d9d066ca60_0, 0, 8;
    %jmp T_20.256;
T_20.55 ;
    %pushi/vec4 154, 0, 8;
    %store/vec4 v000001d9d066ca60_0, 0, 8;
    %jmp T_20.256;
T_20.56 ;
    %pushi/vec4 7, 0, 8;
    %store/vec4 v000001d9d066ca60_0, 0, 8;
    %jmp T_20.256;
T_20.57 ;
    %pushi/vec4 18, 0, 8;
    %store/vec4 v000001d9d066ca60_0, 0, 8;
    %jmp T_20.256;
T_20.58 ;
    %pushi/vec4 128, 0, 8;
    %store/vec4 v000001d9d066ca60_0, 0, 8;
    %jmp T_20.256;
T_20.59 ;
    %pushi/vec4 226, 0, 8;
    %store/vec4 v000001d9d066ca60_0, 0, 8;
    %jmp T_20.256;
T_20.60 ;
    %pushi/vec4 235, 0, 8;
    %store/vec4 v000001d9d066ca60_0, 0, 8;
    %jmp T_20.256;
T_20.61 ;
    %pushi/vec4 39, 0, 8;
    %store/vec4 v000001d9d066ca60_0, 0, 8;
    %jmp T_20.256;
T_20.62 ;
    %pushi/vec4 178, 0, 8;
    %store/vec4 v000001d9d066ca60_0, 0, 8;
    %jmp T_20.256;
T_20.63 ;
    %pushi/vec4 117, 0, 8;
    %store/vec4 v000001d9d066ca60_0, 0, 8;
    %jmp T_20.256;
T_20.64 ;
    %pushi/vec4 9, 0, 8;
    %store/vec4 v000001d9d066ca60_0, 0, 8;
    %jmp T_20.256;
T_20.65 ;
    %pushi/vec4 131, 0, 8;
    %store/vec4 v000001d9d066ca60_0, 0, 8;
    %jmp T_20.256;
T_20.66 ;
    %pushi/vec4 44, 0, 8;
    %store/vec4 v000001d9d066ca60_0, 0, 8;
    %jmp T_20.256;
T_20.67 ;
    %pushi/vec4 26, 0, 8;
    %store/vec4 v000001d9d066ca60_0, 0, 8;
    %jmp T_20.256;
T_20.68 ;
    %pushi/vec4 27, 0, 8;
    %store/vec4 v000001d9d066ca60_0, 0, 8;
    %jmp T_20.256;
T_20.69 ;
    %pushi/vec4 110, 0, 8;
    %store/vec4 v000001d9d066ca60_0, 0, 8;
    %jmp T_20.256;
T_20.70 ;
    %pushi/vec4 90, 0, 8;
    %store/vec4 v000001d9d066ca60_0, 0, 8;
    %jmp T_20.256;
T_20.71 ;
    %pushi/vec4 160, 0, 8;
    %store/vec4 v000001d9d066ca60_0, 0, 8;
    %jmp T_20.256;
T_20.72 ;
    %pushi/vec4 82, 0, 8;
    %store/vec4 v000001d9d066ca60_0, 0, 8;
    %jmp T_20.256;
T_20.73 ;
    %pushi/vec4 59, 0, 8;
    %store/vec4 v000001d9d066ca60_0, 0, 8;
    %jmp T_20.256;
T_20.74 ;
    %pushi/vec4 214, 0, 8;
    %store/vec4 v000001d9d066ca60_0, 0, 8;
    %jmp T_20.256;
T_20.75 ;
    %pushi/vec4 179, 0, 8;
    %store/vec4 v000001d9d066ca60_0, 0, 8;
    %jmp T_20.256;
T_20.76 ;
    %pushi/vec4 41, 0, 8;
    %store/vec4 v000001d9d066ca60_0, 0, 8;
    %jmp T_20.256;
T_20.77 ;
    %pushi/vec4 227, 0, 8;
    %store/vec4 v000001d9d066ca60_0, 0, 8;
    %jmp T_20.256;
T_20.78 ;
    %pushi/vec4 47, 0, 8;
    %store/vec4 v000001d9d066ca60_0, 0, 8;
    %jmp T_20.256;
T_20.79 ;
    %pushi/vec4 132, 0, 8;
    %store/vec4 v000001d9d066ca60_0, 0, 8;
    %jmp T_20.256;
T_20.80 ;
    %pushi/vec4 83, 0, 8;
    %store/vec4 v000001d9d066ca60_0, 0, 8;
    %jmp T_20.256;
T_20.81 ;
    %pushi/vec4 209, 0, 8;
    %store/vec4 v000001d9d066ca60_0, 0, 8;
    %jmp T_20.256;
T_20.82 ;
    %pushi/vec4 0, 0, 8;
    %store/vec4 v000001d9d066ca60_0, 0, 8;
    %jmp T_20.256;
T_20.83 ;
    %pushi/vec4 237, 0, 8;
    %store/vec4 v000001d9d066ca60_0, 0, 8;
    %jmp T_20.256;
T_20.84 ;
    %pushi/vec4 32, 0, 8;
    %store/vec4 v000001d9d066ca60_0, 0, 8;
    %jmp T_20.256;
T_20.85 ;
    %pushi/vec4 252, 0, 8;
    %store/vec4 v000001d9d066ca60_0, 0, 8;
    %jmp T_20.256;
T_20.86 ;
    %pushi/vec4 177, 0, 8;
    %store/vec4 v000001d9d066ca60_0, 0, 8;
    %jmp T_20.256;
T_20.87 ;
    %pushi/vec4 91, 0, 8;
    %store/vec4 v000001d9d066ca60_0, 0, 8;
    %jmp T_20.256;
T_20.88 ;
    %pushi/vec4 106, 0, 8;
    %store/vec4 v000001d9d066ca60_0, 0, 8;
    %jmp T_20.256;
T_20.89 ;
    %pushi/vec4 203, 0, 8;
    %store/vec4 v000001d9d066ca60_0, 0, 8;
    %jmp T_20.256;
T_20.90 ;
    %pushi/vec4 190, 0, 8;
    %store/vec4 v000001d9d066ca60_0, 0, 8;
    %jmp T_20.256;
T_20.91 ;
    %pushi/vec4 57, 0, 8;
    %store/vec4 v000001d9d066ca60_0, 0, 8;
    %jmp T_20.256;
T_20.92 ;
    %pushi/vec4 74, 0, 8;
    %store/vec4 v000001d9d066ca60_0, 0, 8;
    %jmp T_20.256;
T_20.93 ;
    %pushi/vec4 76, 0, 8;
    %store/vec4 v000001d9d066ca60_0, 0, 8;
    %jmp T_20.256;
T_20.94 ;
    %pushi/vec4 88, 0, 8;
    %store/vec4 v000001d9d066ca60_0, 0, 8;
    %jmp T_20.256;
T_20.95 ;
    %pushi/vec4 207, 0, 8;
    %store/vec4 v000001d9d066ca60_0, 0, 8;
    %jmp T_20.256;
T_20.96 ;
    %pushi/vec4 208, 0, 8;
    %store/vec4 v000001d9d066ca60_0, 0, 8;
    %jmp T_20.256;
T_20.97 ;
    %pushi/vec4 239, 0, 8;
    %store/vec4 v000001d9d066ca60_0, 0, 8;
    %jmp T_20.256;
T_20.98 ;
    %pushi/vec4 170, 0, 8;
    %store/vec4 v000001d9d066ca60_0, 0, 8;
    %jmp T_20.256;
T_20.99 ;
    %pushi/vec4 251, 0, 8;
    %store/vec4 v000001d9d066ca60_0, 0, 8;
    %jmp T_20.256;
T_20.100 ;
    %pushi/vec4 67, 0, 8;
    %store/vec4 v000001d9d066ca60_0, 0, 8;
    %jmp T_20.256;
T_20.101 ;
    %pushi/vec4 77, 0, 8;
    %store/vec4 v000001d9d066ca60_0, 0, 8;
    %jmp T_20.256;
T_20.102 ;
    %pushi/vec4 51, 0, 8;
    %store/vec4 v000001d9d066ca60_0, 0, 8;
    %jmp T_20.256;
T_20.103 ;
    %pushi/vec4 133, 0, 8;
    %store/vec4 v000001d9d066ca60_0, 0, 8;
    %jmp T_20.256;
T_20.104 ;
    %pushi/vec4 69, 0, 8;
    %store/vec4 v000001d9d066ca60_0, 0, 8;
    %jmp T_20.256;
T_20.105 ;
    %pushi/vec4 249, 0, 8;
    %store/vec4 v000001d9d066ca60_0, 0, 8;
    %jmp T_20.256;
T_20.106 ;
    %pushi/vec4 2, 0, 8;
    %store/vec4 v000001d9d066ca60_0, 0, 8;
    %jmp T_20.256;
T_20.107 ;
    %pushi/vec4 127, 0, 8;
    %store/vec4 v000001d9d066ca60_0, 0, 8;
    %jmp T_20.256;
T_20.108 ;
    %pushi/vec4 80, 0, 8;
    %store/vec4 v000001d9d066ca60_0, 0, 8;
    %jmp T_20.256;
T_20.109 ;
    %pushi/vec4 60, 0, 8;
    %store/vec4 v000001d9d066ca60_0, 0, 8;
    %jmp T_20.256;
T_20.110 ;
    %pushi/vec4 159, 0, 8;
    %store/vec4 v000001d9d066ca60_0, 0, 8;
    %jmp T_20.256;
T_20.111 ;
    %pushi/vec4 168, 0, 8;
    %store/vec4 v000001d9d066ca60_0, 0, 8;
    %jmp T_20.256;
T_20.112 ;
    %pushi/vec4 81, 0, 8;
    %store/vec4 v000001d9d066ca60_0, 0, 8;
    %jmp T_20.256;
T_20.113 ;
    %pushi/vec4 163, 0, 8;
    %store/vec4 v000001d9d066ca60_0, 0, 8;
    %jmp T_20.256;
T_20.114 ;
    %pushi/vec4 64, 0, 8;
    %store/vec4 v000001d9d066ca60_0, 0, 8;
    %jmp T_20.256;
T_20.115 ;
    %pushi/vec4 143, 0, 8;
    %store/vec4 v000001d9d066ca60_0, 0, 8;
    %jmp T_20.256;
T_20.116 ;
    %pushi/vec4 146, 0, 8;
    %store/vec4 v000001d9d066ca60_0, 0, 8;
    %jmp T_20.256;
T_20.117 ;
    %pushi/vec4 157, 0, 8;
    %store/vec4 v000001d9d066ca60_0, 0, 8;
    %jmp T_20.256;
T_20.118 ;
    %pushi/vec4 56, 0, 8;
    %store/vec4 v000001d9d066ca60_0, 0, 8;
    %jmp T_20.256;
T_20.119 ;
    %pushi/vec4 245, 0, 8;
    %store/vec4 v000001d9d066ca60_0, 0, 8;
    %jmp T_20.256;
T_20.120 ;
    %pushi/vec4 188, 0, 8;
    %store/vec4 v000001d9d066ca60_0, 0, 8;
    %jmp T_20.256;
T_20.121 ;
    %pushi/vec4 182, 0, 8;
    %store/vec4 v000001d9d066ca60_0, 0, 8;
    %jmp T_20.256;
T_20.122 ;
    %pushi/vec4 218, 0, 8;
    %store/vec4 v000001d9d066ca60_0, 0, 8;
    %jmp T_20.256;
T_20.123 ;
    %pushi/vec4 33, 0, 8;
    %store/vec4 v000001d9d066ca60_0, 0, 8;
    %jmp T_20.256;
T_20.124 ;
    %pushi/vec4 16, 0, 8;
    %store/vec4 v000001d9d066ca60_0, 0, 8;
    %jmp T_20.256;
T_20.125 ;
    %pushi/vec4 255, 0, 8;
    %store/vec4 v000001d9d066ca60_0, 0, 8;
    %jmp T_20.256;
T_20.126 ;
    %pushi/vec4 243, 0, 8;
    %store/vec4 v000001d9d066ca60_0, 0, 8;
    %jmp T_20.256;
T_20.127 ;
    %pushi/vec4 210, 0, 8;
    %store/vec4 v000001d9d066ca60_0, 0, 8;
    %jmp T_20.256;
T_20.128 ;
    %pushi/vec4 205, 0, 8;
    %store/vec4 v000001d9d066ca60_0, 0, 8;
    %jmp T_20.256;
T_20.129 ;
    %pushi/vec4 12, 0, 8;
    %store/vec4 v000001d9d066ca60_0, 0, 8;
    %jmp T_20.256;
T_20.130 ;
    %pushi/vec4 19, 0, 8;
    %store/vec4 v000001d9d066ca60_0, 0, 8;
    %jmp T_20.256;
T_20.131 ;
    %pushi/vec4 236, 0, 8;
    %store/vec4 v000001d9d066ca60_0, 0, 8;
    %jmp T_20.256;
T_20.132 ;
    %pushi/vec4 95, 0, 8;
    %store/vec4 v000001d9d066ca60_0, 0, 8;
    %jmp T_20.256;
T_20.133 ;
    %pushi/vec4 151, 0, 8;
    %store/vec4 v000001d9d066ca60_0, 0, 8;
    %jmp T_20.256;
T_20.134 ;
    %pushi/vec4 68, 0, 8;
    %store/vec4 v000001d9d066ca60_0, 0, 8;
    %jmp T_20.256;
T_20.135 ;
    %pushi/vec4 23, 0, 8;
    %store/vec4 v000001d9d066ca60_0, 0, 8;
    %jmp T_20.256;
T_20.136 ;
    %pushi/vec4 196, 0, 8;
    %store/vec4 v000001d9d066ca60_0, 0, 8;
    %jmp T_20.256;
T_20.137 ;
    %pushi/vec4 167, 0, 8;
    %store/vec4 v000001d9d066ca60_0, 0, 8;
    %jmp T_20.256;
T_20.138 ;
    %pushi/vec4 126, 0, 8;
    %store/vec4 v000001d9d066ca60_0, 0, 8;
    %jmp T_20.256;
T_20.139 ;
    %pushi/vec4 61, 0, 8;
    %store/vec4 v000001d9d066ca60_0, 0, 8;
    %jmp T_20.256;
T_20.140 ;
    %pushi/vec4 100, 0, 8;
    %store/vec4 v000001d9d066ca60_0, 0, 8;
    %jmp T_20.256;
T_20.141 ;
    %pushi/vec4 93, 0, 8;
    %store/vec4 v000001d9d066ca60_0, 0, 8;
    %jmp T_20.256;
T_20.142 ;
    %pushi/vec4 25, 0, 8;
    %store/vec4 v000001d9d066ca60_0, 0, 8;
    %jmp T_20.256;
T_20.143 ;
    %pushi/vec4 115, 0, 8;
    %store/vec4 v000001d9d066ca60_0, 0, 8;
    %jmp T_20.256;
T_20.144 ;
    %pushi/vec4 96, 0, 8;
    %store/vec4 v000001d9d066ca60_0, 0, 8;
    %jmp T_20.256;
T_20.145 ;
    %pushi/vec4 129, 0, 8;
    %store/vec4 v000001d9d066ca60_0, 0, 8;
    %jmp T_20.256;
T_20.146 ;
    %pushi/vec4 79, 0, 8;
    %store/vec4 v000001d9d066ca60_0, 0, 8;
    %jmp T_20.256;
T_20.147 ;
    %pushi/vec4 220, 0, 8;
    %store/vec4 v000001d9d066ca60_0, 0, 8;
    %jmp T_20.256;
T_20.148 ;
    %pushi/vec4 34, 0, 8;
    %store/vec4 v000001d9d066ca60_0, 0, 8;
    %jmp T_20.256;
T_20.149 ;
    %pushi/vec4 42, 0, 8;
    %store/vec4 v000001d9d066ca60_0, 0, 8;
    %jmp T_20.256;
T_20.150 ;
    %pushi/vec4 144, 0, 8;
    %store/vec4 v000001d9d066ca60_0, 0, 8;
    %jmp T_20.256;
T_20.151 ;
    %pushi/vec4 136, 0, 8;
    %store/vec4 v000001d9d066ca60_0, 0, 8;
    %jmp T_20.256;
T_20.152 ;
    %pushi/vec4 70, 0, 8;
    %store/vec4 v000001d9d066ca60_0, 0, 8;
    %jmp T_20.256;
T_20.153 ;
    %pushi/vec4 238, 0, 8;
    %store/vec4 v000001d9d066ca60_0, 0, 8;
    %jmp T_20.256;
T_20.154 ;
    %pushi/vec4 184, 0, 8;
    %store/vec4 v000001d9d066ca60_0, 0, 8;
    %jmp T_20.256;
T_20.155 ;
    %pushi/vec4 20, 0, 8;
    %store/vec4 v000001d9d066ca60_0, 0, 8;
    %jmp T_20.256;
T_20.156 ;
    %pushi/vec4 222, 0, 8;
    %store/vec4 v000001d9d066ca60_0, 0, 8;
    %jmp T_20.256;
T_20.157 ;
    %pushi/vec4 94, 0, 8;
    %store/vec4 v000001d9d066ca60_0, 0, 8;
    %jmp T_20.256;
T_20.158 ;
    %pushi/vec4 11, 0, 8;
    %store/vec4 v000001d9d066ca60_0, 0, 8;
    %jmp T_20.256;
T_20.159 ;
    %pushi/vec4 219, 0, 8;
    %store/vec4 v000001d9d066ca60_0, 0, 8;
    %jmp T_20.256;
T_20.160 ;
    %pushi/vec4 224, 0, 8;
    %store/vec4 v000001d9d066ca60_0, 0, 8;
    %jmp T_20.256;
T_20.161 ;
    %pushi/vec4 50, 0, 8;
    %store/vec4 v000001d9d066ca60_0, 0, 8;
    %jmp T_20.256;
T_20.162 ;
    %pushi/vec4 58, 0, 8;
    %store/vec4 v000001d9d066ca60_0, 0, 8;
    %jmp T_20.256;
T_20.163 ;
    %pushi/vec4 10, 0, 8;
    %store/vec4 v000001d9d066ca60_0, 0, 8;
    %jmp T_20.256;
T_20.164 ;
    %pushi/vec4 73, 0, 8;
    %store/vec4 v000001d9d066ca60_0, 0, 8;
    %jmp T_20.256;
T_20.165 ;
    %pushi/vec4 6, 0, 8;
    %store/vec4 v000001d9d066ca60_0, 0, 8;
    %jmp T_20.256;
T_20.166 ;
    %pushi/vec4 36, 0, 8;
    %store/vec4 v000001d9d066ca60_0, 0, 8;
    %jmp T_20.256;
T_20.167 ;
    %pushi/vec4 92, 0, 8;
    %store/vec4 v000001d9d066ca60_0, 0, 8;
    %jmp T_20.256;
T_20.168 ;
    %pushi/vec4 194, 0, 8;
    %store/vec4 v000001d9d066ca60_0, 0, 8;
    %jmp T_20.256;
T_20.169 ;
    %pushi/vec4 211, 0, 8;
    %store/vec4 v000001d9d066ca60_0, 0, 8;
    %jmp T_20.256;
T_20.170 ;
    %pushi/vec4 172, 0, 8;
    %store/vec4 v000001d9d066ca60_0, 0, 8;
    %jmp T_20.256;
T_20.171 ;
    %pushi/vec4 98, 0, 8;
    %store/vec4 v000001d9d066ca60_0, 0, 8;
    %jmp T_20.256;
T_20.172 ;
    %pushi/vec4 145, 0, 8;
    %store/vec4 v000001d9d066ca60_0, 0, 8;
    %jmp T_20.256;
T_20.173 ;
    %pushi/vec4 149, 0, 8;
    %store/vec4 v000001d9d066ca60_0, 0, 8;
    %jmp T_20.256;
T_20.174 ;
    %pushi/vec4 228, 0, 8;
    %store/vec4 v000001d9d066ca60_0, 0, 8;
    %jmp T_20.256;
T_20.175 ;
    %pushi/vec4 121, 0, 8;
    %store/vec4 v000001d9d066ca60_0, 0, 8;
    %jmp T_20.256;
T_20.176 ;
    %pushi/vec4 231, 0, 8;
    %store/vec4 v000001d9d066ca60_0, 0, 8;
    %jmp T_20.256;
T_20.177 ;
    %pushi/vec4 200, 0, 8;
    %store/vec4 v000001d9d066ca60_0, 0, 8;
    %jmp T_20.256;
T_20.178 ;
    %pushi/vec4 55, 0, 8;
    %store/vec4 v000001d9d066ca60_0, 0, 8;
    %jmp T_20.256;
T_20.179 ;
    %pushi/vec4 109, 0, 8;
    %store/vec4 v000001d9d066ca60_0, 0, 8;
    %jmp T_20.256;
T_20.180 ;
    %pushi/vec4 141, 0, 8;
    %store/vec4 v000001d9d066ca60_0, 0, 8;
    %jmp T_20.256;
T_20.181 ;
    %pushi/vec4 213, 0, 8;
    %store/vec4 v000001d9d066ca60_0, 0, 8;
    %jmp T_20.256;
T_20.182 ;
    %pushi/vec4 78, 0, 8;
    %store/vec4 v000001d9d066ca60_0, 0, 8;
    %jmp T_20.256;
T_20.183 ;
    %pushi/vec4 169, 0, 8;
    %store/vec4 v000001d9d066ca60_0, 0, 8;
    %jmp T_20.256;
T_20.184 ;
    %pushi/vec4 108, 0, 8;
    %store/vec4 v000001d9d066ca60_0, 0, 8;
    %jmp T_20.256;
T_20.185 ;
    %pushi/vec4 86, 0, 8;
    %store/vec4 v000001d9d066ca60_0, 0, 8;
    %jmp T_20.256;
T_20.186 ;
    %pushi/vec4 244, 0, 8;
    %store/vec4 v000001d9d066ca60_0, 0, 8;
    %jmp T_20.256;
T_20.187 ;
    %pushi/vec4 234, 0, 8;
    %store/vec4 v000001d9d066ca60_0, 0, 8;
    %jmp T_20.256;
T_20.188 ;
    %pushi/vec4 101, 0, 8;
    %store/vec4 v000001d9d066ca60_0, 0, 8;
    %jmp T_20.256;
T_20.189 ;
    %pushi/vec4 122, 0, 8;
    %store/vec4 v000001d9d066ca60_0, 0, 8;
    %jmp T_20.256;
T_20.190 ;
    %pushi/vec4 174, 0, 8;
    %store/vec4 v000001d9d066ca60_0, 0, 8;
    %jmp T_20.256;
T_20.191 ;
    %pushi/vec4 8, 0, 8;
    %store/vec4 v000001d9d066ca60_0, 0, 8;
    %jmp T_20.256;
T_20.192 ;
    %pushi/vec4 186, 0, 8;
    %store/vec4 v000001d9d066ca60_0, 0, 8;
    %jmp T_20.256;
T_20.193 ;
    %pushi/vec4 120, 0, 8;
    %store/vec4 v000001d9d066ca60_0, 0, 8;
    %jmp T_20.256;
T_20.194 ;
    %pushi/vec4 37, 0, 8;
    %store/vec4 v000001d9d066ca60_0, 0, 8;
    %jmp T_20.256;
T_20.195 ;
    %pushi/vec4 46, 0, 8;
    %store/vec4 v000001d9d066ca60_0, 0, 8;
    %jmp T_20.256;
T_20.196 ;
    %pushi/vec4 28, 0, 8;
    %store/vec4 v000001d9d066ca60_0, 0, 8;
    %jmp T_20.256;
T_20.197 ;
    %pushi/vec4 166, 0, 8;
    %store/vec4 v000001d9d066ca60_0, 0, 8;
    %jmp T_20.256;
T_20.198 ;
    %pushi/vec4 180, 0, 8;
    %store/vec4 v000001d9d066ca60_0, 0, 8;
    %jmp T_20.256;
T_20.199 ;
    %pushi/vec4 198, 0, 8;
    %store/vec4 v000001d9d066ca60_0, 0, 8;
    %jmp T_20.256;
T_20.200 ;
    %pushi/vec4 232, 0, 8;
    %store/vec4 v000001d9d066ca60_0, 0, 8;
    %jmp T_20.256;
T_20.201 ;
    %pushi/vec4 221, 0, 8;
    %store/vec4 v000001d9d066ca60_0, 0, 8;
    %jmp T_20.256;
T_20.202 ;
    %pushi/vec4 116, 0, 8;
    %store/vec4 v000001d9d066ca60_0, 0, 8;
    %jmp T_20.256;
T_20.203 ;
    %pushi/vec4 31, 0, 8;
    %store/vec4 v000001d9d066ca60_0, 0, 8;
    %jmp T_20.256;
T_20.204 ;
    %pushi/vec4 75, 0, 8;
    %store/vec4 v000001d9d066ca60_0, 0, 8;
    %jmp T_20.256;
T_20.205 ;
    %pushi/vec4 189, 0, 8;
    %store/vec4 v000001d9d066ca60_0, 0, 8;
    %jmp T_20.256;
T_20.206 ;
    %pushi/vec4 139, 0, 8;
    %store/vec4 v000001d9d066ca60_0, 0, 8;
    %jmp T_20.256;
T_20.207 ;
    %pushi/vec4 138, 0, 8;
    %store/vec4 v000001d9d066ca60_0, 0, 8;
    %jmp T_20.256;
T_20.208 ;
    %pushi/vec4 112, 0, 8;
    %store/vec4 v000001d9d066ca60_0, 0, 8;
    %jmp T_20.256;
T_20.209 ;
    %pushi/vec4 62, 0, 8;
    %store/vec4 v000001d9d066ca60_0, 0, 8;
    %jmp T_20.256;
T_20.210 ;
    %pushi/vec4 181, 0, 8;
    %store/vec4 v000001d9d066ca60_0, 0, 8;
    %jmp T_20.256;
T_20.211 ;
    %pushi/vec4 102, 0, 8;
    %store/vec4 v000001d9d066ca60_0, 0, 8;
    %jmp T_20.256;
T_20.212 ;
    %pushi/vec4 72, 0, 8;
    %store/vec4 v000001d9d066ca60_0, 0, 8;
    %jmp T_20.256;
T_20.213 ;
    %pushi/vec4 3, 0, 8;
    %store/vec4 v000001d9d066ca60_0, 0, 8;
    %jmp T_20.256;
T_20.214 ;
    %pushi/vec4 246, 0, 8;
    %store/vec4 v000001d9d066ca60_0, 0, 8;
    %jmp T_20.256;
T_20.215 ;
    %pushi/vec4 14, 0, 8;
    %store/vec4 v000001d9d066ca60_0, 0, 8;
    %jmp T_20.256;
T_20.216 ;
    %pushi/vec4 97, 0, 8;
    %store/vec4 v000001d9d066ca60_0, 0, 8;
    %jmp T_20.256;
T_20.217 ;
    %pushi/vec4 53, 0, 8;
    %store/vec4 v000001d9d066ca60_0, 0, 8;
    %jmp T_20.256;
T_20.218 ;
    %pushi/vec4 87, 0, 8;
    %store/vec4 v000001d9d066ca60_0, 0, 8;
    %jmp T_20.256;
T_20.219 ;
    %pushi/vec4 185, 0, 8;
    %store/vec4 v000001d9d066ca60_0, 0, 8;
    %jmp T_20.256;
T_20.220 ;
    %pushi/vec4 134, 0, 8;
    %store/vec4 v000001d9d066ca60_0, 0, 8;
    %jmp T_20.256;
T_20.221 ;
    %pushi/vec4 193, 0, 8;
    %store/vec4 v000001d9d066ca60_0, 0, 8;
    %jmp T_20.256;
T_20.222 ;
    %pushi/vec4 29, 0, 8;
    %store/vec4 v000001d9d066ca60_0, 0, 8;
    %jmp T_20.256;
T_20.223 ;
    %pushi/vec4 158, 0, 8;
    %store/vec4 v000001d9d066ca60_0, 0, 8;
    %jmp T_20.256;
T_20.224 ;
    %pushi/vec4 225, 0, 8;
    %store/vec4 v000001d9d066ca60_0, 0, 8;
    %jmp T_20.256;
T_20.225 ;
    %pushi/vec4 248, 0, 8;
    %store/vec4 v000001d9d066ca60_0, 0, 8;
    %jmp T_20.256;
T_20.226 ;
    %pushi/vec4 152, 0, 8;
    %store/vec4 v000001d9d066ca60_0, 0, 8;
    %jmp T_20.256;
T_20.227 ;
    %pushi/vec4 17, 0, 8;
    %store/vec4 v000001d9d066ca60_0, 0, 8;
    %jmp T_20.256;
T_20.228 ;
    %pushi/vec4 105, 0, 8;
    %store/vec4 v000001d9d066ca60_0, 0, 8;
    %jmp T_20.256;
T_20.229 ;
    %pushi/vec4 217, 0, 8;
    %store/vec4 v000001d9d066ca60_0, 0, 8;
    %jmp T_20.256;
T_20.230 ;
    %pushi/vec4 142, 0, 8;
    %store/vec4 v000001d9d066ca60_0, 0, 8;
    %jmp T_20.256;
T_20.231 ;
    %pushi/vec4 148, 0, 8;
    %store/vec4 v000001d9d066ca60_0, 0, 8;
    %jmp T_20.256;
T_20.232 ;
    %pushi/vec4 155, 0, 8;
    %store/vec4 v000001d9d066ca60_0, 0, 8;
    %jmp T_20.256;
T_20.233 ;
    %pushi/vec4 30, 0, 8;
    %store/vec4 v000001d9d066ca60_0, 0, 8;
    %jmp T_20.256;
T_20.234 ;
    %pushi/vec4 135, 0, 8;
    %store/vec4 v000001d9d066ca60_0, 0, 8;
    %jmp T_20.256;
T_20.235 ;
    %pushi/vec4 233, 0, 8;
    %store/vec4 v000001d9d066ca60_0, 0, 8;
    %jmp T_20.256;
T_20.236 ;
    %pushi/vec4 206, 0, 8;
    %store/vec4 v000001d9d066ca60_0, 0, 8;
    %jmp T_20.256;
T_20.237 ;
    %pushi/vec4 85, 0, 8;
    %store/vec4 v000001d9d066ca60_0, 0, 8;
    %jmp T_20.256;
T_20.238 ;
    %pushi/vec4 40, 0, 8;
    %store/vec4 v000001d9d066ca60_0, 0, 8;
    %jmp T_20.256;
T_20.239 ;
    %pushi/vec4 223, 0, 8;
    %store/vec4 v000001d9d066ca60_0, 0, 8;
    %jmp T_20.256;
T_20.240 ;
    %pushi/vec4 140, 0, 8;
    %store/vec4 v000001d9d066ca60_0, 0, 8;
    %jmp T_20.256;
T_20.241 ;
    %pushi/vec4 161, 0, 8;
    %store/vec4 v000001d9d066ca60_0, 0, 8;
    %jmp T_20.256;
T_20.242 ;
    %pushi/vec4 137, 0, 8;
    %store/vec4 v000001d9d066ca60_0, 0, 8;
    %jmp T_20.256;
T_20.243 ;
    %pushi/vec4 13, 0, 8;
    %store/vec4 v000001d9d066ca60_0, 0, 8;
    %jmp T_20.256;
T_20.244 ;
    %pushi/vec4 191, 0, 8;
    %store/vec4 v000001d9d066ca60_0, 0, 8;
    %jmp T_20.256;
T_20.245 ;
    %pushi/vec4 230, 0, 8;
    %store/vec4 v000001d9d066ca60_0, 0, 8;
    %jmp T_20.256;
T_20.246 ;
    %pushi/vec4 66, 0, 8;
    %store/vec4 v000001d9d066ca60_0, 0, 8;
    %jmp T_20.256;
T_20.247 ;
    %pushi/vec4 104, 0, 8;
    %store/vec4 v000001d9d066ca60_0, 0, 8;
    %jmp T_20.256;
T_20.248 ;
    %pushi/vec4 65, 0, 8;
    %store/vec4 v000001d9d066ca60_0, 0, 8;
    %jmp T_20.256;
T_20.249 ;
    %pushi/vec4 153, 0, 8;
    %store/vec4 v000001d9d066ca60_0, 0, 8;
    %jmp T_20.256;
T_20.250 ;
    %pushi/vec4 45, 0, 8;
    %store/vec4 v000001d9d066ca60_0, 0, 8;
    %jmp T_20.256;
T_20.251 ;
    %pushi/vec4 15, 0, 8;
    %store/vec4 v000001d9d066ca60_0, 0, 8;
    %jmp T_20.256;
T_20.252 ;
    %pushi/vec4 176, 0, 8;
    %store/vec4 v000001d9d066ca60_0, 0, 8;
    %jmp T_20.256;
T_20.253 ;
    %pushi/vec4 84, 0, 8;
    %store/vec4 v000001d9d066ca60_0, 0, 8;
    %jmp T_20.256;
T_20.254 ;
    %pushi/vec4 187, 0, 8;
    %store/vec4 v000001d9d066ca60_0, 0, 8;
    %jmp T_20.256;
T_20.255 ;
    %pushi/vec4 22, 0, 8;
    %store/vec4 v000001d9d066ca60_0, 0, 8;
    %jmp T_20.256;
T_20.256 ;
    %pop/vec4 1;
    %jmp T_20;
    .thread T_20, $push;
    .scope S_000001d9d06762a0;
T_21 ;
    %wait E_000001d9d05b7ee0;
    %load/vec4 v000001d9d066d780_0;
    %dup/vec4;
    %pushi/vec4 0, 0, 8;
    %cmp/u;
    %jmp/1 T_21.0, 6;
    %dup/vec4;
    %pushi/vec4 1, 0, 8;
    %cmp/u;
    %jmp/1 T_21.1, 6;
    %dup/vec4;
    %pushi/vec4 2, 0, 8;
    %cmp/u;
    %jmp/1 T_21.2, 6;
    %dup/vec4;
    %pushi/vec4 3, 0, 8;
    %cmp/u;
    %jmp/1 T_21.3, 6;
    %dup/vec4;
    %pushi/vec4 4, 0, 8;
    %cmp/u;
    %jmp/1 T_21.4, 6;
    %dup/vec4;
    %pushi/vec4 5, 0, 8;
    %cmp/u;
    %jmp/1 T_21.5, 6;
    %dup/vec4;
    %pushi/vec4 6, 0, 8;
    %cmp/u;
    %jmp/1 T_21.6, 6;
    %dup/vec4;
    %pushi/vec4 7, 0, 8;
    %cmp/u;
    %jmp/1 T_21.7, 6;
    %dup/vec4;
    %pushi/vec4 8, 0, 8;
    %cmp/u;
    %jmp/1 T_21.8, 6;
    %dup/vec4;
    %pushi/vec4 9, 0, 8;
    %cmp/u;
    %jmp/1 T_21.9, 6;
    %dup/vec4;
    %pushi/vec4 10, 0, 8;
    %cmp/u;
    %jmp/1 T_21.10, 6;
    %dup/vec4;
    %pushi/vec4 11, 0, 8;
    %cmp/u;
    %jmp/1 T_21.11, 6;
    %dup/vec4;
    %pushi/vec4 12, 0, 8;
    %cmp/u;
    %jmp/1 T_21.12, 6;
    %dup/vec4;
    %pushi/vec4 13, 0, 8;
    %cmp/u;
    %jmp/1 T_21.13, 6;
    %dup/vec4;
    %pushi/vec4 14, 0, 8;
    %cmp/u;
    %jmp/1 T_21.14, 6;
    %dup/vec4;
    %pushi/vec4 15, 0, 8;
    %cmp/u;
    %jmp/1 T_21.15, 6;
    %dup/vec4;
    %pushi/vec4 16, 0, 8;
    %cmp/u;
    %jmp/1 T_21.16, 6;
    %dup/vec4;
    %pushi/vec4 17, 0, 8;
    %cmp/u;
    %jmp/1 T_21.17, 6;
    %dup/vec4;
    %pushi/vec4 18, 0, 8;
    %cmp/u;
    %jmp/1 T_21.18, 6;
    %dup/vec4;
    %pushi/vec4 19, 0, 8;
    %cmp/u;
    %jmp/1 T_21.19, 6;
    %dup/vec4;
    %pushi/vec4 20, 0, 8;
    %cmp/u;
    %jmp/1 T_21.20, 6;
    %dup/vec4;
    %pushi/vec4 21, 0, 8;
    %cmp/u;
    %jmp/1 T_21.21, 6;
    %dup/vec4;
    %pushi/vec4 22, 0, 8;
    %cmp/u;
    %jmp/1 T_21.22, 6;
    %dup/vec4;
    %pushi/vec4 23, 0, 8;
    %cmp/u;
    %jmp/1 T_21.23, 6;
    %dup/vec4;
    %pushi/vec4 24, 0, 8;
    %cmp/u;
    %jmp/1 T_21.24, 6;
    %dup/vec4;
    %pushi/vec4 25, 0, 8;
    %cmp/u;
    %jmp/1 T_21.25, 6;
    %dup/vec4;
    %pushi/vec4 26, 0, 8;
    %cmp/u;
    %jmp/1 T_21.26, 6;
    %dup/vec4;
    %pushi/vec4 27, 0, 8;
    %cmp/u;
    %jmp/1 T_21.27, 6;
    %dup/vec4;
    %pushi/vec4 28, 0, 8;
    %cmp/u;
    %jmp/1 T_21.28, 6;
    %dup/vec4;
    %pushi/vec4 29, 0, 8;
    %cmp/u;
    %jmp/1 T_21.29, 6;
    %dup/vec4;
    %pushi/vec4 30, 0, 8;
    %cmp/u;
    %jmp/1 T_21.30, 6;
    %dup/vec4;
    %pushi/vec4 31, 0, 8;
    %cmp/u;
    %jmp/1 T_21.31, 6;
    %dup/vec4;
    %pushi/vec4 32, 0, 8;
    %cmp/u;
    %jmp/1 T_21.32, 6;
    %dup/vec4;
    %pushi/vec4 33, 0, 8;
    %cmp/u;
    %jmp/1 T_21.33, 6;
    %dup/vec4;
    %pushi/vec4 34, 0, 8;
    %cmp/u;
    %jmp/1 T_21.34, 6;
    %dup/vec4;
    %pushi/vec4 35, 0, 8;
    %cmp/u;
    %jmp/1 T_21.35, 6;
    %dup/vec4;
    %pushi/vec4 36, 0, 8;
    %cmp/u;
    %jmp/1 T_21.36, 6;
    %dup/vec4;
    %pushi/vec4 37, 0, 8;
    %cmp/u;
    %jmp/1 T_21.37, 6;
    %dup/vec4;
    %pushi/vec4 38, 0, 8;
    %cmp/u;
    %jmp/1 T_21.38, 6;
    %dup/vec4;
    %pushi/vec4 39, 0, 8;
    %cmp/u;
    %jmp/1 T_21.39, 6;
    %dup/vec4;
    %pushi/vec4 40, 0, 8;
    %cmp/u;
    %jmp/1 T_21.40, 6;
    %dup/vec4;
    %pushi/vec4 41, 0, 8;
    %cmp/u;
    %jmp/1 T_21.41, 6;
    %dup/vec4;
    %pushi/vec4 42, 0, 8;
    %cmp/u;
    %jmp/1 T_21.42, 6;
    %dup/vec4;
    %pushi/vec4 43, 0, 8;
    %cmp/u;
    %jmp/1 T_21.43, 6;
    %dup/vec4;
    %pushi/vec4 44, 0, 8;
    %cmp/u;
    %jmp/1 T_21.44, 6;
    %dup/vec4;
    %pushi/vec4 45, 0, 8;
    %cmp/u;
    %jmp/1 T_21.45, 6;
    %dup/vec4;
    %pushi/vec4 46, 0, 8;
    %cmp/u;
    %jmp/1 T_21.46, 6;
    %dup/vec4;
    %pushi/vec4 47, 0, 8;
    %cmp/u;
    %jmp/1 T_21.47, 6;
    %dup/vec4;
    %pushi/vec4 48, 0, 8;
    %cmp/u;
    %jmp/1 T_21.48, 6;
    %dup/vec4;
    %pushi/vec4 49, 0, 8;
    %cmp/u;
    %jmp/1 T_21.49, 6;
    %dup/vec4;
    %pushi/vec4 50, 0, 8;
    %cmp/u;
    %jmp/1 T_21.50, 6;
    %dup/vec4;
    %pushi/vec4 51, 0, 8;
    %cmp/u;
    %jmp/1 T_21.51, 6;
    %dup/vec4;
    %pushi/vec4 52, 0, 8;
    %cmp/u;
    %jmp/1 T_21.52, 6;
    %dup/vec4;
    %pushi/vec4 53, 0, 8;
    %cmp/u;
    %jmp/1 T_21.53, 6;
    %dup/vec4;
    %pushi/vec4 54, 0, 8;
    %cmp/u;
    %jmp/1 T_21.54, 6;
    %dup/vec4;
    %pushi/vec4 55, 0, 8;
    %cmp/u;
    %jmp/1 T_21.55, 6;
    %dup/vec4;
    %pushi/vec4 56, 0, 8;
    %cmp/u;
    %jmp/1 T_21.56, 6;
    %dup/vec4;
    %pushi/vec4 57, 0, 8;
    %cmp/u;
    %jmp/1 T_21.57, 6;
    %dup/vec4;
    %pushi/vec4 58, 0, 8;
    %cmp/u;
    %jmp/1 T_21.58, 6;
    %dup/vec4;
    %pushi/vec4 59, 0, 8;
    %cmp/u;
    %jmp/1 T_21.59, 6;
    %dup/vec4;
    %pushi/vec4 60, 0, 8;
    %cmp/u;
    %jmp/1 T_21.60, 6;
    %dup/vec4;
    %pushi/vec4 61, 0, 8;
    %cmp/u;
    %jmp/1 T_21.61, 6;
    %dup/vec4;
    %pushi/vec4 62, 0, 8;
    %cmp/u;
    %jmp/1 T_21.62, 6;
    %dup/vec4;
    %pushi/vec4 63, 0, 8;
    %cmp/u;
    %jmp/1 T_21.63, 6;
    %dup/vec4;
    %pushi/vec4 64, 0, 8;
    %cmp/u;
    %jmp/1 T_21.64, 6;
    %dup/vec4;
    %pushi/vec4 65, 0, 8;
    %cmp/u;
    %jmp/1 T_21.65, 6;
    %dup/vec4;
    %pushi/vec4 66, 0, 8;
    %cmp/u;
    %jmp/1 T_21.66, 6;
    %dup/vec4;
    %pushi/vec4 67, 0, 8;
    %cmp/u;
    %jmp/1 T_21.67, 6;
    %dup/vec4;
    %pushi/vec4 68, 0, 8;
    %cmp/u;
    %jmp/1 T_21.68, 6;
    %dup/vec4;
    %pushi/vec4 69, 0, 8;
    %cmp/u;
    %jmp/1 T_21.69, 6;
    %dup/vec4;
    %pushi/vec4 70, 0, 8;
    %cmp/u;
    %jmp/1 T_21.70, 6;
    %dup/vec4;
    %pushi/vec4 71, 0, 8;
    %cmp/u;
    %jmp/1 T_21.71, 6;
    %dup/vec4;
    %pushi/vec4 72, 0, 8;
    %cmp/u;
    %jmp/1 T_21.72, 6;
    %dup/vec4;
    %pushi/vec4 73, 0, 8;
    %cmp/u;
    %jmp/1 T_21.73, 6;
    %dup/vec4;
    %pushi/vec4 74, 0, 8;
    %cmp/u;
    %jmp/1 T_21.74, 6;
    %dup/vec4;
    %pushi/vec4 75, 0, 8;
    %cmp/u;
    %jmp/1 T_21.75, 6;
    %dup/vec4;
    %pushi/vec4 76, 0, 8;
    %cmp/u;
    %jmp/1 T_21.76, 6;
    %dup/vec4;
    %pushi/vec4 77, 0, 8;
    %cmp/u;
    %jmp/1 T_21.77, 6;
    %dup/vec4;
    %pushi/vec4 78, 0, 8;
    %cmp/u;
    %jmp/1 T_21.78, 6;
    %dup/vec4;
    %pushi/vec4 79, 0, 8;
    %cmp/u;
    %jmp/1 T_21.79, 6;
    %dup/vec4;
    %pushi/vec4 80, 0, 8;
    %cmp/u;
    %jmp/1 T_21.80, 6;
    %dup/vec4;
    %pushi/vec4 81, 0, 8;
    %cmp/u;
    %jmp/1 T_21.81, 6;
    %dup/vec4;
    %pushi/vec4 82, 0, 8;
    %cmp/u;
    %jmp/1 T_21.82, 6;
    %dup/vec4;
    %pushi/vec4 83, 0, 8;
    %cmp/u;
    %jmp/1 T_21.83, 6;
    %dup/vec4;
    %pushi/vec4 84, 0, 8;
    %cmp/u;
    %jmp/1 T_21.84, 6;
    %dup/vec4;
    %pushi/vec4 85, 0, 8;
    %cmp/u;
    %jmp/1 T_21.85, 6;
    %dup/vec4;
    %pushi/vec4 86, 0, 8;
    %cmp/u;
    %jmp/1 T_21.86, 6;
    %dup/vec4;
    %pushi/vec4 87, 0, 8;
    %cmp/u;
    %jmp/1 T_21.87, 6;
    %dup/vec4;
    %pushi/vec4 88, 0, 8;
    %cmp/u;
    %jmp/1 T_21.88, 6;
    %dup/vec4;
    %pushi/vec4 89, 0, 8;
    %cmp/u;
    %jmp/1 T_21.89, 6;
    %dup/vec4;
    %pushi/vec4 90, 0, 8;
    %cmp/u;
    %jmp/1 T_21.90, 6;
    %dup/vec4;
    %pushi/vec4 91, 0, 8;
    %cmp/u;
    %jmp/1 T_21.91, 6;
    %dup/vec4;
    %pushi/vec4 92, 0, 8;
    %cmp/u;
    %jmp/1 T_21.92, 6;
    %dup/vec4;
    %pushi/vec4 93, 0, 8;
    %cmp/u;
    %jmp/1 T_21.93, 6;
    %dup/vec4;
    %pushi/vec4 94, 0, 8;
    %cmp/u;
    %jmp/1 T_21.94, 6;
    %dup/vec4;
    %pushi/vec4 95, 0, 8;
    %cmp/u;
    %jmp/1 T_21.95, 6;
    %dup/vec4;
    %pushi/vec4 96, 0, 8;
    %cmp/u;
    %jmp/1 T_21.96, 6;
    %dup/vec4;
    %pushi/vec4 97, 0, 8;
    %cmp/u;
    %jmp/1 T_21.97, 6;
    %dup/vec4;
    %pushi/vec4 98, 0, 8;
    %cmp/u;
    %jmp/1 T_21.98, 6;
    %dup/vec4;
    %pushi/vec4 99, 0, 8;
    %cmp/u;
    %jmp/1 T_21.99, 6;
    %dup/vec4;
    %pushi/vec4 100, 0, 8;
    %cmp/u;
    %jmp/1 T_21.100, 6;
    %dup/vec4;
    %pushi/vec4 101, 0, 8;
    %cmp/u;
    %jmp/1 T_21.101, 6;
    %dup/vec4;
    %pushi/vec4 102, 0, 8;
    %cmp/u;
    %jmp/1 T_21.102, 6;
    %dup/vec4;
    %pushi/vec4 103, 0, 8;
    %cmp/u;
    %jmp/1 T_21.103, 6;
    %dup/vec4;
    %pushi/vec4 104, 0, 8;
    %cmp/u;
    %jmp/1 T_21.104, 6;
    %dup/vec4;
    %pushi/vec4 105, 0, 8;
    %cmp/u;
    %jmp/1 T_21.105, 6;
    %dup/vec4;
    %pushi/vec4 106, 0, 8;
    %cmp/u;
    %jmp/1 T_21.106, 6;
    %dup/vec4;
    %pushi/vec4 107, 0, 8;
    %cmp/u;
    %jmp/1 T_21.107, 6;
    %dup/vec4;
    %pushi/vec4 108, 0, 8;
    %cmp/u;
    %jmp/1 T_21.108, 6;
    %dup/vec4;
    %pushi/vec4 109, 0, 8;
    %cmp/u;
    %jmp/1 T_21.109, 6;
    %dup/vec4;
    %pushi/vec4 110, 0, 8;
    %cmp/u;
    %jmp/1 T_21.110, 6;
    %dup/vec4;
    %pushi/vec4 111, 0, 8;
    %cmp/u;
    %jmp/1 T_21.111, 6;
    %dup/vec4;
    %pushi/vec4 112, 0, 8;
    %cmp/u;
    %jmp/1 T_21.112, 6;
    %dup/vec4;
    %pushi/vec4 113, 0, 8;
    %cmp/u;
    %jmp/1 T_21.113, 6;
    %dup/vec4;
    %pushi/vec4 114, 0, 8;
    %cmp/u;
    %jmp/1 T_21.114, 6;
    %dup/vec4;
    %pushi/vec4 115, 0, 8;
    %cmp/u;
    %jmp/1 T_21.115, 6;
    %dup/vec4;
    %pushi/vec4 116, 0, 8;
    %cmp/u;
    %jmp/1 T_21.116, 6;
    %dup/vec4;
    %pushi/vec4 117, 0, 8;
    %cmp/u;
    %jmp/1 T_21.117, 6;
    %dup/vec4;
    %pushi/vec4 118, 0, 8;
    %cmp/u;
    %jmp/1 T_21.118, 6;
    %dup/vec4;
    %pushi/vec4 119, 0, 8;
    %cmp/u;
    %jmp/1 T_21.119, 6;
    %dup/vec4;
    %pushi/vec4 120, 0, 8;
    %cmp/u;
    %jmp/1 T_21.120, 6;
    %dup/vec4;
    %pushi/vec4 121, 0, 8;
    %cmp/u;
    %jmp/1 T_21.121, 6;
    %dup/vec4;
    %pushi/vec4 122, 0, 8;
    %cmp/u;
    %jmp/1 T_21.122, 6;
    %dup/vec4;
    %pushi/vec4 123, 0, 8;
    %cmp/u;
    %jmp/1 T_21.123, 6;
    %dup/vec4;
    %pushi/vec4 124, 0, 8;
    %cmp/u;
    %jmp/1 T_21.124, 6;
    %dup/vec4;
    %pushi/vec4 125, 0, 8;
    %cmp/u;
    %jmp/1 T_21.125, 6;
    %dup/vec4;
    %pushi/vec4 126, 0, 8;
    %cmp/u;
    %jmp/1 T_21.126, 6;
    %dup/vec4;
    %pushi/vec4 127, 0, 8;
    %cmp/u;
    %jmp/1 T_21.127, 6;
    %dup/vec4;
    %pushi/vec4 128, 0, 8;
    %cmp/u;
    %jmp/1 T_21.128, 6;
    %dup/vec4;
    %pushi/vec4 129, 0, 8;
    %cmp/u;
    %jmp/1 T_21.129, 6;
    %dup/vec4;
    %pushi/vec4 130, 0, 8;
    %cmp/u;
    %jmp/1 T_21.130, 6;
    %dup/vec4;
    %pushi/vec4 131, 0, 8;
    %cmp/u;
    %jmp/1 T_21.131, 6;
    %dup/vec4;
    %pushi/vec4 132, 0, 8;
    %cmp/u;
    %jmp/1 T_21.132, 6;
    %dup/vec4;
    %pushi/vec4 133, 0, 8;
    %cmp/u;
    %jmp/1 T_21.133, 6;
    %dup/vec4;
    %pushi/vec4 134, 0, 8;
    %cmp/u;
    %jmp/1 T_21.134, 6;
    %dup/vec4;
    %pushi/vec4 135, 0, 8;
    %cmp/u;
    %jmp/1 T_21.135, 6;
    %dup/vec4;
    %pushi/vec4 136, 0, 8;
    %cmp/u;
    %jmp/1 T_21.136, 6;
    %dup/vec4;
    %pushi/vec4 137, 0, 8;
    %cmp/u;
    %jmp/1 T_21.137, 6;
    %dup/vec4;
    %pushi/vec4 138, 0, 8;
    %cmp/u;
    %jmp/1 T_21.138, 6;
    %dup/vec4;
    %pushi/vec4 139, 0, 8;
    %cmp/u;
    %jmp/1 T_21.139, 6;
    %dup/vec4;
    %pushi/vec4 140, 0, 8;
    %cmp/u;
    %jmp/1 T_21.140, 6;
    %dup/vec4;
    %pushi/vec4 141, 0, 8;
    %cmp/u;
    %jmp/1 T_21.141, 6;
    %dup/vec4;
    %pushi/vec4 142, 0, 8;
    %cmp/u;
    %jmp/1 T_21.142, 6;
    %dup/vec4;
    %pushi/vec4 143, 0, 8;
    %cmp/u;
    %jmp/1 T_21.143, 6;
    %dup/vec4;
    %pushi/vec4 144, 0, 8;
    %cmp/u;
    %jmp/1 T_21.144, 6;
    %dup/vec4;
    %pushi/vec4 145, 0, 8;
    %cmp/u;
    %jmp/1 T_21.145, 6;
    %dup/vec4;
    %pushi/vec4 146, 0, 8;
    %cmp/u;
    %jmp/1 T_21.146, 6;
    %dup/vec4;
    %pushi/vec4 147, 0, 8;
    %cmp/u;
    %jmp/1 T_21.147, 6;
    %dup/vec4;
    %pushi/vec4 148, 0, 8;
    %cmp/u;
    %jmp/1 T_21.148, 6;
    %dup/vec4;
    %pushi/vec4 149, 0, 8;
    %cmp/u;
    %jmp/1 T_21.149, 6;
    %dup/vec4;
    %pushi/vec4 150, 0, 8;
    %cmp/u;
    %jmp/1 T_21.150, 6;
    %dup/vec4;
    %pushi/vec4 151, 0, 8;
    %cmp/u;
    %jmp/1 T_21.151, 6;
    %dup/vec4;
    %pushi/vec4 152, 0, 8;
    %cmp/u;
    %jmp/1 T_21.152, 6;
    %dup/vec4;
    %pushi/vec4 153, 0, 8;
    %cmp/u;
    %jmp/1 T_21.153, 6;
    %dup/vec4;
    %pushi/vec4 154, 0, 8;
    %cmp/u;
    %jmp/1 T_21.154, 6;
    %dup/vec4;
    %pushi/vec4 155, 0, 8;
    %cmp/u;
    %jmp/1 T_21.155, 6;
    %dup/vec4;
    %pushi/vec4 156, 0, 8;
    %cmp/u;
    %jmp/1 T_21.156, 6;
    %dup/vec4;
    %pushi/vec4 157, 0, 8;
    %cmp/u;
    %jmp/1 T_21.157, 6;
    %dup/vec4;
    %pushi/vec4 158, 0, 8;
    %cmp/u;
    %jmp/1 T_21.158, 6;
    %dup/vec4;
    %pushi/vec4 159, 0, 8;
    %cmp/u;
    %jmp/1 T_21.159, 6;
    %dup/vec4;
    %pushi/vec4 160, 0, 8;
    %cmp/u;
    %jmp/1 T_21.160, 6;
    %dup/vec4;
    %pushi/vec4 161, 0, 8;
    %cmp/u;
    %jmp/1 T_21.161, 6;
    %dup/vec4;
    %pushi/vec4 162, 0, 8;
    %cmp/u;
    %jmp/1 T_21.162, 6;
    %dup/vec4;
    %pushi/vec4 163, 0, 8;
    %cmp/u;
    %jmp/1 T_21.163, 6;
    %dup/vec4;
    %pushi/vec4 164, 0, 8;
    %cmp/u;
    %jmp/1 T_21.164, 6;
    %dup/vec4;
    %pushi/vec4 165, 0, 8;
    %cmp/u;
    %jmp/1 T_21.165, 6;
    %dup/vec4;
    %pushi/vec4 166, 0, 8;
    %cmp/u;
    %jmp/1 T_21.166, 6;
    %dup/vec4;
    %pushi/vec4 167, 0, 8;
    %cmp/u;
    %jmp/1 T_21.167, 6;
    %dup/vec4;
    %pushi/vec4 168, 0, 8;
    %cmp/u;
    %jmp/1 T_21.168, 6;
    %dup/vec4;
    %pushi/vec4 169, 0, 8;
    %cmp/u;
    %jmp/1 T_21.169, 6;
    %dup/vec4;
    %pushi/vec4 170, 0, 8;
    %cmp/u;
    %jmp/1 T_21.170, 6;
    %dup/vec4;
    %pushi/vec4 171, 0, 8;
    %cmp/u;
    %jmp/1 T_21.171, 6;
    %dup/vec4;
    %pushi/vec4 172, 0, 8;
    %cmp/u;
    %jmp/1 T_21.172, 6;
    %dup/vec4;
    %pushi/vec4 173, 0, 8;
    %cmp/u;
    %jmp/1 T_21.173, 6;
    %dup/vec4;
    %pushi/vec4 174, 0, 8;
    %cmp/u;
    %jmp/1 T_21.174, 6;
    %dup/vec4;
    %pushi/vec4 175, 0, 8;
    %cmp/u;
    %jmp/1 T_21.175, 6;
    %dup/vec4;
    %pushi/vec4 176, 0, 8;
    %cmp/u;
    %jmp/1 T_21.176, 6;
    %dup/vec4;
    %pushi/vec4 177, 0, 8;
    %cmp/u;
    %jmp/1 T_21.177, 6;
    %dup/vec4;
    %pushi/vec4 178, 0, 8;
    %cmp/u;
    %jmp/1 T_21.178, 6;
    %dup/vec4;
    %pushi/vec4 179, 0, 8;
    %cmp/u;
    %jmp/1 T_21.179, 6;
    %dup/vec4;
    %pushi/vec4 180, 0, 8;
    %cmp/u;
    %jmp/1 T_21.180, 6;
    %dup/vec4;
    %pushi/vec4 181, 0, 8;
    %cmp/u;
    %jmp/1 T_21.181, 6;
    %dup/vec4;
    %pushi/vec4 182, 0, 8;
    %cmp/u;
    %jmp/1 T_21.182, 6;
    %dup/vec4;
    %pushi/vec4 183, 0, 8;
    %cmp/u;
    %jmp/1 T_21.183, 6;
    %dup/vec4;
    %pushi/vec4 184, 0, 8;
    %cmp/u;
    %jmp/1 T_21.184, 6;
    %dup/vec4;
    %pushi/vec4 185, 0, 8;
    %cmp/u;
    %jmp/1 T_21.185, 6;
    %dup/vec4;
    %pushi/vec4 186, 0, 8;
    %cmp/u;
    %jmp/1 T_21.186, 6;
    %dup/vec4;
    %pushi/vec4 187, 0, 8;
    %cmp/u;
    %jmp/1 T_21.187, 6;
    %dup/vec4;
    %pushi/vec4 188, 0, 8;
    %cmp/u;
    %jmp/1 T_21.188, 6;
    %dup/vec4;
    %pushi/vec4 189, 0, 8;
    %cmp/u;
    %jmp/1 T_21.189, 6;
    %dup/vec4;
    %pushi/vec4 190, 0, 8;
    %cmp/u;
    %jmp/1 T_21.190, 6;
    %dup/vec4;
    %pushi/vec4 191, 0, 8;
    %cmp/u;
    %jmp/1 T_21.191, 6;
    %dup/vec4;
    %pushi/vec4 192, 0, 8;
    %cmp/u;
    %jmp/1 T_21.192, 6;
    %dup/vec4;
    %pushi/vec4 193, 0, 8;
    %cmp/u;
    %jmp/1 T_21.193, 6;
    %dup/vec4;
    %pushi/vec4 194, 0, 8;
    %cmp/u;
    %jmp/1 T_21.194, 6;
    %dup/vec4;
    %pushi/vec4 195, 0, 8;
    %cmp/u;
    %jmp/1 T_21.195, 6;
    %dup/vec4;
    %pushi/vec4 196, 0, 8;
    %cmp/u;
    %jmp/1 T_21.196, 6;
    %dup/vec4;
    %pushi/vec4 197, 0, 8;
    %cmp/u;
    %jmp/1 T_21.197, 6;
    %dup/vec4;
    %pushi/vec4 198, 0, 8;
    %cmp/u;
    %jmp/1 T_21.198, 6;
    %dup/vec4;
    %pushi/vec4 199, 0, 8;
    %cmp/u;
    %jmp/1 T_21.199, 6;
    %dup/vec4;
    %pushi/vec4 200, 0, 8;
    %cmp/u;
    %jmp/1 T_21.200, 6;
    %dup/vec4;
    %pushi/vec4 201, 0, 8;
    %cmp/u;
    %jmp/1 T_21.201, 6;
    %dup/vec4;
    %pushi/vec4 202, 0, 8;
    %cmp/u;
    %jmp/1 T_21.202, 6;
    %dup/vec4;
    %pushi/vec4 203, 0, 8;
    %cmp/u;
    %jmp/1 T_21.203, 6;
    %dup/vec4;
    %pushi/vec4 204, 0, 8;
    %cmp/u;
    %jmp/1 T_21.204, 6;
    %dup/vec4;
    %pushi/vec4 205, 0, 8;
    %cmp/u;
    %jmp/1 T_21.205, 6;
    %dup/vec4;
    %pushi/vec4 206, 0, 8;
    %cmp/u;
    %jmp/1 T_21.206, 6;
    %dup/vec4;
    %pushi/vec4 207, 0, 8;
    %cmp/u;
    %jmp/1 T_21.207, 6;
    %dup/vec4;
    %pushi/vec4 208, 0, 8;
    %cmp/u;
    %jmp/1 T_21.208, 6;
    %dup/vec4;
    %pushi/vec4 209, 0, 8;
    %cmp/u;
    %jmp/1 T_21.209, 6;
    %dup/vec4;
    %pushi/vec4 210, 0, 8;
    %cmp/u;
    %jmp/1 T_21.210, 6;
    %dup/vec4;
    %pushi/vec4 211, 0, 8;
    %cmp/u;
    %jmp/1 T_21.211, 6;
    %dup/vec4;
    %pushi/vec4 212, 0, 8;
    %cmp/u;
    %jmp/1 T_21.212, 6;
    %dup/vec4;
    %pushi/vec4 213, 0, 8;
    %cmp/u;
    %jmp/1 T_21.213, 6;
    %dup/vec4;
    %pushi/vec4 214, 0, 8;
    %cmp/u;
    %jmp/1 T_21.214, 6;
    %dup/vec4;
    %pushi/vec4 215, 0, 8;
    %cmp/u;
    %jmp/1 T_21.215, 6;
    %dup/vec4;
    %pushi/vec4 216, 0, 8;
    %cmp/u;
    %jmp/1 T_21.216, 6;
    %dup/vec4;
    %pushi/vec4 217, 0, 8;
    %cmp/u;
    %jmp/1 T_21.217, 6;
    %dup/vec4;
    %pushi/vec4 218, 0, 8;
    %cmp/u;
    %jmp/1 T_21.218, 6;
    %dup/vec4;
    %pushi/vec4 219, 0, 8;
    %cmp/u;
    %jmp/1 T_21.219, 6;
    %dup/vec4;
    %pushi/vec4 220, 0, 8;
    %cmp/u;
    %jmp/1 T_21.220, 6;
    %dup/vec4;
    %pushi/vec4 221, 0, 8;
    %cmp/u;
    %jmp/1 T_21.221, 6;
    %dup/vec4;
    %pushi/vec4 222, 0, 8;
    %cmp/u;
    %jmp/1 T_21.222, 6;
    %dup/vec4;
    %pushi/vec4 223, 0, 8;
    %cmp/u;
    %jmp/1 T_21.223, 6;
    %dup/vec4;
    %pushi/vec4 224, 0, 8;
    %cmp/u;
    %jmp/1 T_21.224, 6;
    %dup/vec4;
    %pushi/vec4 225, 0, 8;
    %cmp/u;
    %jmp/1 T_21.225, 6;
    %dup/vec4;
    %pushi/vec4 226, 0, 8;
    %cmp/u;
    %jmp/1 T_21.226, 6;
    %dup/vec4;
    %pushi/vec4 227, 0, 8;
    %cmp/u;
    %jmp/1 T_21.227, 6;
    %dup/vec4;
    %pushi/vec4 228, 0, 8;
    %cmp/u;
    %jmp/1 T_21.228, 6;
    %dup/vec4;
    %pushi/vec4 229, 0, 8;
    %cmp/u;
    %jmp/1 T_21.229, 6;
    %dup/vec4;
    %pushi/vec4 230, 0, 8;
    %cmp/u;
    %jmp/1 T_21.230, 6;
    %dup/vec4;
    %pushi/vec4 231, 0, 8;
    %cmp/u;
    %jmp/1 T_21.231, 6;
    %dup/vec4;
    %pushi/vec4 232, 0, 8;
    %cmp/u;
    %jmp/1 T_21.232, 6;
    %dup/vec4;
    %pushi/vec4 233, 0, 8;
    %cmp/u;
    %jmp/1 T_21.233, 6;
    %dup/vec4;
    %pushi/vec4 234, 0, 8;
    %cmp/u;
    %jmp/1 T_21.234, 6;
    %dup/vec4;
    %pushi/vec4 235, 0, 8;
    %cmp/u;
    %jmp/1 T_21.235, 6;
    %dup/vec4;
    %pushi/vec4 236, 0, 8;
    %cmp/u;
    %jmp/1 T_21.236, 6;
    %dup/vec4;
    %pushi/vec4 237, 0, 8;
    %cmp/u;
    %jmp/1 T_21.237, 6;
    %dup/vec4;
    %pushi/vec4 238, 0, 8;
    %cmp/u;
    %jmp/1 T_21.238, 6;
    %dup/vec4;
    %pushi/vec4 239, 0, 8;
    %cmp/u;
    %jmp/1 T_21.239, 6;
    %dup/vec4;
    %pushi/vec4 240, 0, 8;
    %cmp/u;
    %jmp/1 T_21.240, 6;
    %dup/vec4;
    %pushi/vec4 241, 0, 8;
    %cmp/u;
    %jmp/1 T_21.241, 6;
    %dup/vec4;
    %pushi/vec4 242, 0, 8;
    %cmp/u;
    %jmp/1 T_21.242, 6;
    %dup/vec4;
    %pushi/vec4 243, 0, 8;
    %cmp/u;
    %jmp/1 T_21.243, 6;
    %dup/vec4;
    %pushi/vec4 244, 0, 8;
    %cmp/u;
    %jmp/1 T_21.244, 6;
    %dup/vec4;
    %pushi/vec4 245, 0, 8;
    %cmp/u;
    %jmp/1 T_21.245, 6;
    %dup/vec4;
    %pushi/vec4 246, 0, 8;
    %cmp/u;
    %jmp/1 T_21.246, 6;
    %dup/vec4;
    %pushi/vec4 247, 0, 8;
    %cmp/u;
    %jmp/1 T_21.247, 6;
    %dup/vec4;
    %pushi/vec4 248, 0, 8;
    %cmp/u;
    %jmp/1 T_21.248, 6;
    %dup/vec4;
    %pushi/vec4 249, 0, 8;
    %cmp/u;
    %jmp/1 T_21.249, 6;
    %dup/vec4;
    %pushi/vec4 250, 0, 8;
    %cmp/u;
    %jmp/1 T_21.250, 6;
    %dup/vec4;
    %pushi/vec4 251, 0, 8;
    %cmp/u;
    %jmp/1 T_21.251, 6;
    %dup/vec4;
    %pushi/vec4 252, 0, 8;
    %cmp/u;
    %jmp/1 T_21.252, 6;
    %dup/vec4;
    %pushi/vec4 253, 0, 8;
    %cmp/u;
    %jmp/1 T_21.253, 6;
    %dup/vec4;
    %pushi/vec4 254, 0, 8;
    %cmp/u;
    %jmp/1 T_21.254, 6;
    %dup/vec4;
    %pushi/vec4 255, 0, 8;
    %cmp/u;
    %jmp/1 T_21.255, 6;
    %jmp T_21.256;
T_21.0 ;
    %pushi/vec4 99, 0, 8;
    %store/vec4 v000001d9d066d8c0_0, 0, 8;
    %jmp T_21.256;
T_21.1 ;
    %pushi/vec4 124, 0, 8;
    %store/vec4 v000001d9d066d8c0_0, 0, 8;
    %jmp T_21.256;
T_21.2 ;
    %pushi/vec4 119, 0, 8;
    %store/vec4 v000001d9d066d8c0_0, 0, 8;
    %jmp T_21.256;
T_21.3 ;
    %pushi/vec4 123, 0, 8;
    %store/vec4 v000001d9d066d8c0_0, 0, 8;
    %jmp T_21.256;
T_21.4 ;
    %pushi/vec4 242, 0, 8;
    %store/vec4 v000001d9d066d8c0_0, 0, 8;
    %jmp T_21.256;
T_21.5 ;
    %pushi/vec4 107, 0, 8;
    %store/vec4 v000001d9d066d8c0_0, 0, 8;
    %jmp T_21.256;
T_21.6 ;
    %pushi/vec4 111, 0, 8;
    %store/vec4 v000001d9d066d8c0_0, 0, 8;
    %jmp T_21.256;
T_21.7 ;
    %pushi/vec4 197, 0, 8;
    %store/vec4 v000001d9d066d8c0_0, 0, 8;
    %jmp T_21.256;
T_21.8 ;
    %pushi/vec4 48, 0, 8;
    %store/vec4 v000001d9d066d8c0_0, 0, 8;
    %jmp T_21.256;
T_21.9 ;
    %pushi/vec4 1, 0, 8;
    %store/vec4 v000001d9d066d8c0_0, 0, 8;
    %jmp T_21.256;
T_21.10 ;
    %pushi/vec4 103, 0, 8;
    %store/vec4 v000001d9d066d8c0_0, 0, 8;
    %jmp T_21.256;
T_21.11 ;
    %pushi/vec4 43, 0, 8;
    %store/vec4 v000001d9d066d8c0_0, 0, 8;
    %jmp T_21.256;
T_21.12 ;
    %pushi/vec4 254, 0, 8;
    %store/vec4 v000001d9d066d8c0_0, 0, 8;
    %jmp T_21.256;
T_21.13 ;
    %pushi/vec4 215, 0, 8;
    %store/vec4 v000001d9d066d8c0_0, 0, 8;
    %jmp T_21.256;
T_21.14 ;
    %pushi/vec4 171, 0, 8;
    %store/vec4 v000001d9d066d8c0_0, 0, 8;
    %jmp T_21.256;
T_21.15 ;
    %pushi/vec4 118, 0, 8;
    %store/vec4 v000001d9d066d8c0_0, 0, 8;
    %jmp T_21.256;
T_21.16 ;
    %pushi/vec4 202, 0, 8;
    %store/vec4 v000001d9d066d8c0_0, 0, 8;
    %jmp T_21.256;
T_21.17 ;
    %pushi/vec4 130, 0, 8;
    %store/vec4 v000001d9d066d8c0_0, 0, 8;
    %jmp T_21.256;
T_21.18 ;
    %pushi/vec4 201, 0, 8;
    %store/vec4 v000001d9d066d8c0_0, 0, 8;
    %jmp T_21.256;
T_21.19 ;
    %pushi/vec4 125, 0, 8;
    %store/vec4 v000001d9d066d8c0_0, 0, 8;
    %jmp T_21.256;
T_21.20 ;
    %pushi/vec4 250, 0, 8;
    %store/vec4 v000001d9d066d8c0_0, 0, 8;
    %jmp T_21.256;
T_21.21 ;
    %pushi/vec4 89, 0, 8;
    %store/vec4 v000001d9d066d8c0_0, 0, 8;
    %jmp T_21.256;
T_21.22 ;
    %pushi/vec4 71, 0, 8;
    %store/vec4 v000001d9d066d8c0_0, 0, 8;
    %jmp T_21.256;
T_21.23 ;
    %pushi/vec4 240, 0, 8;
    %store/vec4 v000001d9d066d8c0_0, 0, 8;
    %jmp T_21.256;
T_21.24 ;
    %pushi/vec4 173, 0, 8;
    %store/vec4 v000001d9d066d8c0_0, 0, 8;
    %jmp T_21.256;
T_21.25 ;
    %pushi/vec4 212, 0, 8;
    %store/vec4 v000001d9d066d8c0_0, 0, 8;
    %jmp T_21.256;
T_21.26 ;
    %pushi/vec4 162, 0, 8;
    %store/vec4 v000001d9d066d8c0_0, 0, 8;
    %jmp T_21.256;
T_21.27 ;
    %pushi/vec4 175, 0, 8;
    %store/vec4 v000001d9d066d8c0_0, 0, 8;
    %jmp T_21.256;
T_21.28 ;
    %pushi/vec4 156, 0, 8;
    %store/vec4 v000001d9d066d8c0_0, 0, 8;
    %jmp T_21.256;
T_21.29 ;
    %pushi/vec4 164, 0, 8;
    %store/vec4 v000001d9d066d8c0_0, 0, 8;
    %jmp T_21.256;
T_21.30 ;
    %pushi/vec4 114, 0, 8;
    %store/vec4 v000001d9d066d8c0_0, 0, 8;
    %jmp T_21.256;
T_21.31 ;
    %pushi/vec4 192, 0, 8;
    %store/vec4 v000001d9d066d8c0_0, 0, 8;
    %jmp T_21.256;
T_21.32 ;
    %pushi/vec4 183, 0, 8;
    %store/vec4 v000001d9d066d8c0_0, 0, 8;
    %jmp T_21.256;
T_21.33 ;
    %pushi/vec4 253, 0, 8;
    %store/vec4 v000001d9d066d8c0_0, 0, 8;
    %jmp T_21.256;
T_21.34 ;
    %pushi/vec4 147, 0, 8;
    %store/vec4 v000001d9d066d8c0_0, 0, 8;
    %jmp T_21.256;
T_21.35 ;
    %pushi/vec4 38, 0, 8;
    %store/vec4 v000001d9d066d8c0_0, 0, 8;
    %jmp T_21.256;
T_21.36 ;
    %pushi/vec4 54, 0, 8;
    %store/vec4 v000001d9d066d8c0_0, 0, 8;
    %jmp T_21.256;
T_21.37 ;
    %pushi/vec4 63, 0, 8;
    %store/vec4 v000001d9d066d8c0_0, 0, 8;
    %jmp T_21.256;
T_21.38 ;
    %pushi/vec4 247, 0, 8;
    %store/vec4 v000001d9d066d8c0_0, 0, 8;
    %jmp T_21.256;
T_21.39 ;
    %pushi/vec4 204, 0, 8;
    %store/vec4 v000001d9d066d8c0_0, 0, 8;
    %jmp T_21.256;
T_21.40 ;
    %pushi/vec4 52, 0, 8;
    %store/vec4 v000001d9d066d8c0_0, 0, 8;
    %jmp T_21.256;
T_21.41 ;
    %pushi/vec4 165, 0, 8;
    %store/vec4 v000001d9d066d8c0_0, 0, 8;
    %jmp T_21.256;
T_21.42 ;
    %pushi/vec4 229, 0, 8;
    %store/vec4 v000001d9d066d8c0_0, 0, 8;
    %jmp T_21.256;
T_21.43 ;
    %pushi/vec4 241, 0, 8;
    %store/vec4 v000001d9d066d8c0_0, 0, 8;
    %jmp T_21.256;
T_21.44 ;
    %pushi/vec4 113, 0, 8;
    %store/vec4 v000001d9d066d8c0_0, 0, 8;
    %jmp T_21.256;
T_21.45 ;
    %pushi/vec4 216, 0, 8;
    %store/vec4 v000001d9d066d8c0_0, 0, 8;
    %jmp T_21.256;
T_21.46 ;
    %pushi/vec4 49, 0, 8;
    %store/vec4 v000001d9d066d8c0_0, 0, 8;
    %jmp T_21.256;
T_21.47 ;
    %pushi/vec4 21, 0, 8;
    %store/vec4 v000001d9d066d8c0_0, 0, 8;
    %jmp T_21.256;
T_21.48 ;
    %pushi/vec4 4, 0, 8;
    %store/vec4 v000001d9d066d8c0_0, 0, 8;
    %jmp T_21.256;
T_21.49 ;
    %pushi/vec4 199, 0, 8;
    %store/vec4 v000001d9d066d8c0_0, 0, 8;
    %jmp T_21.256;
T_21.50 ;
    %pushi/vec4 35, 0, 8;
    %store/vec4 v000001d9d066d8c0_0, 0, 8;
    %jmp T_21.256;
T_21.51 ;
    %pushi/vec4 195, 0, 8;
    %store/vec4 v000001d9d066d8c0_0, 0, 8;
    %jmp T_21.256;
T_21.52 ;
    %pushi/vec4 24, 0, 8;
    %store/vec4 v000001d9d066d8c0_0, 0, 8;
    %jmp T_21.256;
T_21.53 ;
    %pushi/vec4 150, 0, 8;
    %store/vec4 v000001d9d066d8c0_0, 0, 8;
    %jmp T_21.256;
T_21.54 ;
    %pushi/vec4 5, 0, 8;
    %store/vec4 v000001d9d066d8c0_0, 0, 8;
    %jmp T_21.256;
T_21.55 ;
    %pushi/vec4 154, 0, 8;
    %store/vec4 v000001d9d066d8c0_0, 0, 8;
    %jmp T_21.256;
T_21.56 ;
    %pushi/vec4 7, 0, 8;
    %store/vec4 v000001d9d066d8c0_0, 0, 8;
    %jmp T_21.256;
T_21.57 ;
    %pushi/vec4 18, 0, 8;
    %store/vec4 v000001d9d066d8c0_0, 0, 8;
    %jmp T_21.256;
T_21.58 ;
    %pushi/vec4 128, 0, 8;
    %store/vec4 v000001d9d066d8c0_0, 0, 8;
    %jmp T_21.256;
T_21.59 ;
    %pushi/vec4 226, 0, 8;
    %store/vec4 v000001d9d066d8c0_0, 0, 8;
    %jmp T_21.256;
T_21.60 ;
    %pushi/vec4 235, 0, 8;
    %store/vec4 v000001d9d066d8c0_0, 0, 8;
    %jmp T_21.256;
T_21.61 ;
    %pushi/vec4 39, 0, 8;
    %store/vec4 v000001d9d066d8c0_0, 0, 8;
    %jmp T_21.256;
T_21.62 ;
    %pushi/vec4 178, 0, 8;
    %store/vec4 v000001d9d066d8c0_0, 0, 8;
    %jmp T_21.256;
T_21.63 ;
    %pushi/vec4 117, 0, 8;
    %store/vec4 v000001d9d066d8c0_0, 0, 8;
    %jmp T_21.256;
T_21.64 ;
    %pushi/vec4 9, 0, 8;
    %store/vec4 v000001d9d066d8c0_0, 0, 8;
    %jmp T_21.256;
T_21.65 ;
    %pushi/vec4 131, 0, 8;
    %store/vec4 v000001d9d066d8c0_0, 0, 8;
    %jmp T_21.256;
T_21.66 ;
    %pushi/vec4 44, 0, 8;
    %store/vec4 v000001d9d066d8c0_0, 0, 8;
    %jmp T_21.256;
T_21.67 ;
    %pushi/vec4 26, 0, 8;
    %store/vec4 v000001d9d066d8c0_0, 0, 8;
    %jmp T_21.256;
T_21.68 ;
    %pushi/vec4 27, 0, 8;
    %store/vec4 v000001d9d066d8c0_0, 0, 8;
    %jmp T_21.256;
T_21.69 ;
    %pushi/vec4 110, 0, 8;
    %store/vec4 v000001d9d066d8c0_0, 0, 8;
    %jmp T_21.256;
T_21.70 ;
    %pushi/vec4 90, 0, 8;
    %store/vec4 v000001d9d066d8c0_0, 0, 8;
    %jmp T_21.256;
T_21.71 ;
    %pushi/vec4 160, 0, 8;
    %store/vec4 v000001d9d066d8c0_0, 0, 8;
    %jmp T_21.256;
T_21.72 ;
    %pushi/vec4 82, 0, 8;
    %store/vec4 v000001d9d066d8c0_0, 0, 8;
    %jmp T_21.256;
T_21.73 ;
    %pushi/vec4 59, 0, 8;
    %store/vec4 v000001d9d066d8c0_0, 0, 8;
    %jmp T_21.256;
T_21.74 ;
    %pushi/vec4 214, 0, 8;
    %store/vec4 v000001d9d066d8c0_0, 0, 8;
    %jmp T_21.256;
T_21.75 ;
    %pushi/vec4 179, 0, 8;
    %store/vec4 v000001d9d066d8c0_0, 0, 8;
    %jmp T_21.256;
T_21.76 ;
    %pushi/vec4 41, 0, 8;
    %store/vec4 v000001d9d066d8c0_0, 0, 8;
    %jmp T_21.256;
T_21.77 ;
    %pushi/vec4 227, 0, 8;
    %store/vec4 v000001d9d066d8c0_0, 0, 8;
    %jmp T_21.256;
T_21.78 ;
    %pushi/vec4 47, 0, 8;
    %store/vec4 v000001d9d066d8c0_0, 0, 8;
    %jmp T_21.256;
T_21.79 ;
    %pushi/vec4 132, 0, 8;
    %store/vec4 v000001d9d066d8c0_0, 0, 8;
    %jmp T_21.256;
T_21.80 ;
    %pushi/vec4 83, 0, 8;
    %store/vec4 v000001d9d066d8c0_0, 0, 8;
    %jmp T_21.256;
T_21.81 ;
    %pushi/vec4 209, 0, 8;
    %store/vec4 v000001d9d066d8c0_0, 0, 8;
    %jmp T_21.256;
T_21.82 ;
    %pushi/vec4 0, 0, 8;
    %store/vec4 v000001d9d066d8c0_0, 0, 8;
    %jmp T_21.256;
T_21.83 ;
    %pushi/vec4 237, 0, 8;
    %store/vec4 v000001d9d066d8c0_0, 0, 8;
    %jmp T_21.256;
T_21.84 ;
    %pushi/vec4 32, 0, 8;
    %store/vec4 v000001d9d066d8c0_0, 0, 8;
    %jmp T_21.256;
T_21.85 ;
    %pushi/vec4 252, 0, 8;
    %store/vec4 v000001d9d066d8c0_0, 0, 8;
    %jmp T_21.256;
T_21.86 ;
    %pushi/vec4 177, 0, 8;
    %store/vec4 v000001d9d066d8c0_0, 0, 8;
    %jmp T_21.256;
T_21.87 ;
    %pushi/vec4 91, 0, 8;
    %store/vec4 v000001d9d066d8c0_0, 0, 8;
    %jmp T_21.256;
T_21.88 ;
    %pushi/vec4 106, 0, 8;
    %store/vec4 v000001d9d066d8c0_0, 0, 8;
    %jmp T_21.256;
T_21.89 ;
    %pushi/vec4 203, 0, 8;
    %store/vec4 v000001d9d066d8c0_0, 0, 8;
    %jmp T_21.256;
T_21.90 ;
    %pushi/vec4 190, 0, 8;
    %store/vec4 v000001d9d066d8c0_0, 0, 8;
    %jmp T_21.256;
T_21.91 ;
    %pushi/vec4 57, 0, 8;
    %store/vec4 v000001d9d066d8c0_0, 0, 8;
    %jmp T_21.256;
T_21.92 ;
    %pushi/vec4 74, 0, 8;
    %store/vec4 v000001d9d066d8c0_0, 0, 8;
    %jmp T_21.256;
T_21.93 ;
    %pushi/vec4 76, 0, 8;
    %store/vec4 v000001d9d066d8c0_0, 0, 8;
    %jmp T_21.256;
T_21.94 ;
    %pushi/vec4 88, 0, 8;
    %store/vec4 v000001d9d066d8c0_0, 0, 8;
    %jmp T_21.256;
T_21.95 ;
    %pushi/vec4 207, 0, 8;
    %store/vec4 v000001d9d066d8c0_0, 0, 8;
    %jmp T_21.256;
T_21.96 ;
    %pushi/vec4 208, 0, 8;
    %store/vec4 v000001d9d066d8c0_0, 0, 8;
    %jmp T_21.256;
T_21.97 ;
    %pushi/vec4 239, 0, 8;
    %store/vec4 v000001d9d066d8c0_0, 0, 8;
    %jmp T_21.256;
T_21.98 ;
    %pushi/vec4 170, 0, 8;
    %store/vec4 v000001d9d066d8c0_0, 0, 8;
    %jmp T_21.256;
T_21.99 ;
    %pushi/vec4 251, 0, 8;
    %store/vec4 v000001d9d066d8c0_0, 0, 8;
    %jmp T_21.256;
T_21.100 ;
    %pushi/vec4 67, 0, 8;
    %store/vec4 v000001d9d066d8c0_0, 0, 8;
    %jmp T_21.256;
T_21.101 ;
    %pushi/vec4 77, 0, 8;
    %store/vec4 v000001d9d066d8c0_0, 0, 8;
    %jmp T_21.256;
T_21.102 ;
    %pushi/vec4 51, 0, 8;
    %store/vec4 v000001d9d066d8c0_0, 0, 8;
    %jmp T_21.256;
T_21.103 ;
    %pushi/vec4 133, 0, 8;
    %store/vec4 v000001d9d066d8c0_0, 0, 8;
    %jmp T_21.256;
T_21.104 ;
    %pushi/vec4 69, 0, 8;
    %store/vec4 v000001d9d066d8c0_0, 0, 8;
    %jmp T_21.256;
T_21.105 ;
    %pushi/vec4 249, 0, 8;
    %store/vec4 v000001d9d066d8c0_0, 0, 8;
    %jmp T_21.256;
T_21.106 ;
    %pushi/vec4 2, 0, 8;
    %store/vec4 v000001d9d066d8c0_0, 0, 8;
    %jmp T_21.256;
T_21.107 ;
    %pushi/vec4 127, 0, 8;
    %store/vec4 v000001d9d066d8c0_0, 0, 8;
    %jmp T_21.256;
T_21.108 ;
    %pushi/vec4 80, 0, 8;
    %store/vec4 v000001d9d066d8c0_0, 0, 8;
    %jmp T_21.256;
T_21.109 ;
    %pushi/vec4 60, 0, 8;
    %store/vec4 v000001d9d066d8c0_0, 0, 8;
    %jmp T_21.256;
T_21.110 ;
    %pushi/vec4 159, 0, 8;
    %store/vec4 v000001d9d066d8c0_0, 0, 8;
    %jmp T_21.256;
T_21.111 ;
    %pushi/vec4 168, 0, 8;
    %store/vec4 v000001d9d066d8c0_0, 0, 8;
    %jmp T_21.256;
T_21.112 ;
    %pushi/vec4 81, 0, 8;
    %store/vec4 v000001d9d066d8c0_0, 0, 8;
    %jmp T_21.256;
T_21.113 ;
    %pushi/vec4 163, 0, 8;
    %store/vec4 v000001d9d066d8c0_0, 0, 8;
    %jmp T_21.256;
T_21.114 ;
    %pushi/vec4 64, 0, 8;
    %store/vec4 v000001d9d066d8c0_0, 0, 8;
    %jmp T_21.256;
T_21.115 ;
    %pushi/vec4 143, 0, 8;
    %store/vec4 v000001d9d066d8c0_0, 0, 8;
    %jmp T_21.256;
T_21.116 ;
    %pushi/vec4 146, 0, 8;
    %store/vec4 v000001d9d066d8c0_0, 0, 8;
    %jmp T_21.256;
T_21.117 ;
    %pushi/vec4 157, 0, 8;
    %store/vec4 v000001d9d066d8c0_0, 0, 8;
    %jmp T_21.256;
T_21.118 ;
    %pushi/vec4 56, 0, 8;
    %store/vec4 v000001d9d066d8c0_0, 0, 8;
    %jmp T_21.256;
T_21.119 ;
    %pushi/vec4 245, 0, 8;
    %store/vec4 v000001d9d066d8c0_0, 0, 8;
    %jmp T_21.256;
T_21.120 ;
    %pushi/vec4 188, 0, 8;
    %store/vec4 v000001d9d066d8c0_0, 0, 8;
    %jmp T_21.256;
T_21.121 ;
    %pushi/vec4 182, 0, 8;
    %store/vec4 v000001d9d066d8c0_0, 0, 8;
    %jmp T_21.256;
T_21.122 ;
    %pushi/vec4 218, 0, 8;
    %store/vec4 v000001d9d066d8c0_0, 0, 8;
    %jmp T_21.256;
T_21.123 ;
    %pushi/vec4 33, 0, 8;
    %store/vec4 v000001d9d066d8c0_0, 0, 8;
    %jmp T_21.256;
T_21.124 ;
    %pushi/vec4 16, 0, 8;
    %store/vec4 v000001d9d066d8c0_0, 0, 8;
    %jmp T_21.256;
T_21.125 ;
    %pushi/vec4 255, 0, 8;
    %store/vec4 v000001d9d066d8c0_0, 0, 8;
    %jmp T_21.256;
T_21.126 ;
    %pushi/vec4 243, 0, 8;
    %store/vec4 v000001d9d066d8c0_0, 0, 8;
    %jmp T_21.256;
T_21.127 ;
    %pushi/vec4 210, 0, 8;
    %store/vec4 v000001d9d066d8c0_0, 0, 8;
    %jmp T_21.256;
T_21.128 ;
    %pushi/vec4 205, 0, 8;
    %store/vec4 v000001d9d066d8c0_0, 0, 8;
    %jmp T_21.256;
T_21.129 ;
    %pushi/vec4 12, 0, 8;
    %store/vec4 v000001d9d066d8c0_0, 0, 8;
    %jmp T_21.256;
T_21.130 ;
    %pushi/vec4 19, 0, 8;
    %store/vec4 v000001d9d066d8c0_0, 0, 8;
    %jmp T_21.256;
T_21.131 ;
    %pushi/vec4 236, 0, 8;
    %store/vec4 v000001d9d066d8c0_0, 0, 8;
    %jmp T_21.256;
T_21.132 ;
    %pushi/vec4 95, 0, 8;
    %store/vec4 v000001d9d066d8c0_0, 0, 8;
    %jmp T_21.256;
T_21.133 ;
    %pushi/vec4 151, 0, 8;
    %store/vec4 v000001d9d066d8c0_0, 0, 8;
    %jmp T_21.256;
T_21.134 ;
    %pushi/vec4 68, 0, 8;
    %store/vec4 v000001d9d066d8c0_0, 0, 8;
    %jmp T_21.256;
T_21.135 ;
    %pushi/vec4 23, 0, 8;
    %store/vec4 v000001d9d066d8c0_0, 0, 8;
    %jmp T_21.256;
T_21.136 ;
    %pushi/vec4 196, 0, 8;
    %store/vec4 v000001d9d066d8c0_0, 0, 8;
    %jmp T_21.256;
T_21.137 ;
    %pushi/vec4 167, 0, 8;
    %store/vec4 v000001d9d066d8c0_0, 0, 8;
    %jmp T_21.256;
T_21.138 ;
    %pushi/vec4 126, 0, 8;
    %store/vec4 v000001d9d066d8c0_0, 0, 8;
    %jmp T_21.256;
T_21.139 ;
    %pushi/vec4 61, 0, 8;
    %store/vec4 v000001d9d066d8c0_0, 0, 8;
    %jmp T_21.256;
T_21.140 ;
    %pushi/vec4 100, 0, 8;
    %store/vec4 v000001d9d066d8c0_0, 0, 8;
    %jmp T_21.256;
T_21.141 ;
    %pushi/vec4 93, 0, 8;
    %store/vec4 v000001d9d066d8c0_0, 0, 8;
    %jmp T_21.256;
T_21.142 ;
    %pushi/vec4 25, 0, 8;
    %store/vec4 v000001d9d066d8c0_0, 0, 8;
    %jmp T_21.256;
T_21.143 ;
    %pushi/vec4 115, 0, 8;
    %store/vec4 v000001d9d066d8c0_0, 0, 8;
    %jmp T_21.256;
T_21.144 ;
    %pushi/vec4 96, 0, 8;
    %store/vec4 v000001d9d066d8c0_0, 0, 8;
    %jmp T_21.256;
T_21.145 ;
    %pushi/vec4 129, 0, 8;
    %store/vec4 v000001d9d066d8c0_0, 0, 8;
    %jmp T_21.256;
T_21.146 ;
    %pushi/vec4 79, 0, 8;
    %store/vec4 v000001d9d066d8c0_0, 0, 8;
    %jmp T_21.256;
T_21.147 ;
    %pushi/vec4 220, 0, 8;
    %store/vec4 v000001d9d066d8c0_0, 0, 8;
    %jmp T_21.256;
T_21.148 ;
    %pushi/vec4 34, 0, 8;
    %store/vec4 v000001d9d066d8c0_0, 0, 8;
    %jmp T_21.256;
T_21.149 ;
    %pushi/vec4 42, 0, 8;
    %store/vec4 v000001d9d066d8c0_0, 0, 8;
    %jmp T_21.256;
T_21.150 ;
    %pushi/vec4 144, 0, 8;
    %store/vec4 v000001d9d066d8c0_0, 0, 8;
    %jmp T_21.256;
T_21.151 ;
    %pushi/vec4 136, 0, 8;
    %store/vec4 v000001d9d066d8c0_0, 0, 8;
    %jmp T_21.256;
T_21.152 ;
    %pushi/vec4 70, 0, 8;
    %store/vec4 v000001d9d066d8c0_0, 0, 8;
    %jmp T_21.256;
T_21.153 ;
    %pushi/vec4 238, 0, 8;
    %store/vec4 v000001d9d066d8c0_0, 0, 8;
    %jmp T_21.256;
T_21.154 ;
    %pushi/vec4 184, 0, 8;
    %store/vec4 v000001d9d066d8c0_0, 0, 8;
    %jmp T_21.256;
T_21.155 ;
    %pushi/vec4 20, 0, 8;
    %store/vec4 v000001d9d066d8c0_0, 0, 8;
    %jmp T_21.256;
T_21.156 ;
    %pushi/vec4 222, 0, 8;
    %store/vec4 v000001d9d066d8c0_0, 0, 8;
    %jmp T_21.256;
T_21.157 ;
    %pushi/vec4 94, 0, 8;
    %store/vec4 v000001d9d066d8c0_0, 0, 8;
    %jmp T_21.256;
T_21.158 ;
    %pushi/vec4 11, 0, 8;
    %store/vec4 v000001d9d066d8c0_0, 0, 8;
    %jmp T_21.256;
T_21.159 ;
    %pushi/vec4 219, 0, 8;
    %store/vec4 v000001d9d066d8c0_0, 0, 8;
    %jmp T_21.256;
T_21.160 ;
    %pushi/vec4 224, 0, 8;
    %store/vec4 v000001d9d066d8c0_0, 0, 8;
    %jmp T_21.256;
T_21.161 ;
    %pushi/vec4 50, 0, 8;
    %store/vec4 v000001d9d066d8c0_0, 0, 8;
    %jmp T_21.256;
T_21.162 ;
    %pushi/vec4 58, 0, 8;
    %store/vec4 v000001d9d066d8c0_0, 0, 8;
    %jmp T_21.256;
T_21.163 ;
    %pushi/vec4 10, 0, 8;
    %store/vec4 v000001d9d066d8c0_0, 0, 8;
    %jmp T_21.256;
T_21.164 ;
    %pushi/vec4 73, 0, 8;
    %store/vec4 v000001d9d066d8c0_0, 0, 8;
    %jmp T_21.256;
T_21.165 ;
    %pushi/vec4 6, 0, 8;
    %store/vec4 v000001d9d066d8c0_0, 0, 8;
    %jmp T_21.256;
T_21.166 ;
    %pushi/vec4 36, 0, 8;
    %store/vec4 v000001d9d066d8c0_0, 0, 8;
    %jmp T_21.256;
T_21.167 ;
    %pushi/vec4 92, 0, 8;
    %store/vec4 v000001d9d066d8c0_0, 0, 8;
    %jmp T_21.256;
T_21.168 ;
    %pushi/vec4 194, 0, 8;
    %store/vec4 v000001d9d066d8c0_0, 0, 8;
    %jmp T_21.256;
T_21.169 ;
    %pushi/vec4 211, 0, 8;
    %store/vec4 v000001d9d066d8c0_0, 0, 8;
    %jmp T_21.256;
T_21.170 ;
    %pushi/vec4 172, 0, 8;
    %store/vec4 v000001d9d066d8c0_0, 0, 8;
    %jmp T_21.256;
T_21.171 ;
    %pushi/vec4 98, 0, 8;
    %store/vec4 v000001d9d066d8c0_0, 0, 8;
    %jmp T_21.256;
T_21.172 ;
    %pushi/vec4 145, 0, 8;
    %store/vec4 v000001d9d066d8c0_0, 0, 8;
    %jmp T_21.256;
T_21.173 ;
    %pushi/vec4 149, 0, 8;
    %store/vec4 v000001d9d066d8c0_0, 0, 8;
    %jmp T_21.256;
T_21.174 ;
    %pushi/vec4 228, 0, 8;
    %store/vec4 v000001d9d066d8c0_0, 0, 8;
    %jmp T_21.256;
T_21.175 ;
    %pushi/vec4 121, 0, 8;
    %store/vec4 v000001d9d066d8c0_0, 0, 8;
    %jmp T_21.256;
T_21.176 ;
    %pushi/vec4 231, 0, 8;
    %store/vec4 v000001d9d066d8c0_0, 0, 8;
    %jmp T_21.256;
T_21.177 ;
    %pushi/vec4 200, 0, 8;
    %store/vec4 v000001d9d066d8c0_0, 0, 8;
    %jmp T_21.256;
T_21.178 ;
    %pushi/vec4 55, 0, 8;
    %store/vec4 v000001d9d066d8c0_0, 0, 8;
    %jmp T_21.256;
T_21.179 ;
    %pushi/vec4 109, 0, 8;
    %store/vec4 v000001d9d066d8c0_0, 0, 8;
    %jmp T_21.256;
T_21.180 ;
    %pushi/vec4 141, 0, 8;
    %store/vec4 v000001d9d066d8c0_0, 0, 8;
    %jmp T_21.256;
T_21.181 ;
    %pushi/vec4 213, 0, 8;
    %store/vec4 v000001d9d066d8c0_0, 0, 8;
    %jmp T_21.256;
T_21.182 ;
    %pushi/vec4 78, 0, 8;
    %store/vec4 v000001d9d066d8c0_0, 0, 8;
    %jmp T_21.256;
T_21.183 ;
    %pushi/vec4 169, 0, 8;
    %store/vec4 v000001d9d066d8c0_0, 0, 8;
    %jmp T_21.256;
T_21.184 ;
    %pushi/vec4 108, 0, 8;
    %store/vec4 v000001d9d066d8c0_0, 0, 8;
    %jmp T_21.256;
T_21.185 ;
    %pushi/vec4 86, 0, 8;
    %store/vec4 v000001d9d066d8c0_0, 0, 8;
    %jmp T_21.256;
T_21.186 ;
    %pushi/vec4 244, 0, 8;
    %store/vec4 v000001d9d066d8c0_0, 0, 8;
    %jmp T_21.256;
T_21.187 ;
    %pushi/vec4 234, 0, 8;
    %store/vec4 v000001d9d066d8c0_0, 0, 8;
    %jmp T_21.256;
T_21.188 ;
    %pushi/vec4 101, 0, 8;
    %store/vec4 v000001d9d066d8c0_0, 0, 8;
    %jmp T_21.256;
T_21.189 ;
    %pushi/vec4 122, 0, 8;
    %store/vec4 v000001d9d066d8c0_0, 0, 8;
    %jmp T_21.256;
T_21.190 ;
    %pushi/vec4 174, 0, 8;
    %store/vec4 v000001d9d066d8c0_0, 0, 8;
    %jmp T_21.256;
T_21.191 ;
    %pushi/vec4 8, 0, 8;
    %store/vec4 v000001d9d066d8c0_0, 0, 8;
    %jmp T_21.256;
T_21.192 ;
    %pushi/vec4 186, 0, 8;
    %store/vec4 v000001d9d066d8c0_0, 0, 8;
    %jmp T_21.256;
T_21.193 ;
    %pushi/vec4 120, 0, 8;
    %store/vec4 v000001d9d066d8c0_0, 0, 8;
    %jmp T_21.256;
T_21.194 ;
    %pushi/vec4 37, 0, 8;
    %store/vec4 v000001d9d066d8c0_0, 0, 8;
    %jmp T_21.256;
T_21.195 ;
    %pushi/vec4 46, 0, 8;
    %store/vec4 v000001d9d066d8c0_0, 0, 8;
    %jmp T_21.256;
T_21.196 ;
    %pushi/vec4 28, 0, 8;
    %store/vec4 v000001d9d066d8c0_0, 0, 8;
    %jmp T_21.256;
T_21.197 ;
    %pushi/vec4 166, 0, 8;
    %store/vec4 v000001d9d066d8c0_0, 0, 8;
    %jmp T_21.256;
T_21.198 ;
    %pushi/vec4 180, 0, 8;
    %store/vec4 v000001d9d066d8c0_0, 0, 8;
    %jmp T_21.256;
T_21.199 ;
    %pushi/vec4 198, 0, 8;
    %store/vec4 v000001d9d066d8c0_0, 0, 8;
    %jmp T_21.256;
T_21.200 ;
    %pushi/vec4 232, 0, 8;
    %store/vec4 v000001d9d066d8c0_0, 0, 8;
    %jmp T_21.256;
T_21.201 ;
    %pushi/vec4 221, 0, 8;
    %store/vec4 v000001d9d066d8c0_0, 0, 8;
    %jmp T_21.256;
T_21.202 ;
    %pushi/vec4 116, 0, 8;
    %store/vec4 v000001d9d066d8c0_0, 0, 8;
    %jmp T_21.256;
T_21.203 ;
    %pushi/vec4 31, 0, 8;
    %store/vec4 v000001d9d066d8c0_0, 0, 8;
    %jmp T_21.256;
T_21.204 ;
    %pushi/vec4 75, 0, 8;
    %store/vec4 v000001d9d066d8c0_0, 0, 8;
    %jmp T_21.256;
T_21.205 ;
    %pushi/vec4 189, 0, 8;
    %store/vec4 v000001d9d066d8c0_0, 0, 8;
    %jmp T_21.256;
T_21.206 ;
    %pushi/vec4 139, 0, 8;
    %store/vec4 v000001d9d066d8c0_0, 0, 8;
    %jmp T_21.256;
T_21.207 ;
    %pushi/vec4 138, 0, 8;
    %store/vec4 v000001d9d066d8c0_0, 0, 8;
    %jmp T_21.256;
T_21.208 ;
    %pushi/vec4 112, 0, 8;
    %store/vec4 v000001d9d066d8c0_0, 0, 8;
    %jmp T_21.256;
T_21.209 ;
    %pushi/vec4 62, 0, 8;
    %store/vec4 v000001d9d066d8c0_0, 0, 8;
    %jmp T_21.256;
T_21.210 ;
    %pushi/vec4 181, 0, 8;
    %store/vec4 v000001d9d066d8c0_0, 0, 8;
    %jmp T_21.256;
T_21.211 ;
    %pushi/vec4 102, 0, 8;
    %store/vec4 v000001d9d066d8c0_0, 0, 8;
    %jmp T_21.256;
T_21.212 ;
    %pushi/vec4 72, 0, 8;
    %store/vec4 v000001d9d066d8c0_0, 0, 8;
    %jmp T_21.256;
T_21.213 ;
    %pushi/vec4 3, 0, 8;
    %store/vec4 v000001d9d066d8c0_0, 0, 8;
    %jmp T_21.256;
T_21.214 ;
    %pushi/vec4 246, 0, 8;
    %store/vec4 v000001d9d066d8c0_0, 0, 8;
    %jmp T_21.256;
T_21.215 ;
    %pushi/vec4 14, 0, 8;
    %store/vec4 v000001d9d066d8c0_0, 0, 8;
    %jmp T_21.256;
T_21.216 ;
    %pushi/vec4 97, 0, 8;
    %store/vec4 v000001d9d066d8c0_0, 0, 8;
    %jmp T_21.256;
T_21.217 ;
    %pushi/vec4 53, 0, 8;
    %store/vec4 v000001d9d066d8c0_0, 0, 8;
    %jmp T_21.256;
T_21.218 ;
    %pushi/vec4 87, 0, 8;
    %store/vec4 v000001d9d066d8c0_0, 0, 8;
    %jmp T_21.256;
T_21.219 ;
    %pushi/vec4 185, 0, 8;
    %store/vec4 v000001d9d066d8c0_0, 0, 8;
    %jmp T_21.256;
T_21.220 ;
    %pushi/vec4 134, 0, 8;
    %store/vec4 v000001d9d066d8c0_0, 0, 8;
    %jmp T_21.256;
T_21.221 ;
    %pushi/vec4 193, 0, 8;
    %store/vec4 v000001d9d066d8c0_0, 0, 8;
    %jmp T_21.256;
T_21.222 ;
    %pushi/vec4 29, 0, 8;
    %store/vec4 v000001d9d066d8c0_0, 0, 8;
    %jmp T_21.256;
T_21.223 ;
    %pushi/vec4 158, 0, 8;
    %store/vec4 v000001d9d066d8c0_0, 0, 8;
    %jmp T_21.256;
T_21.224 ;
    %pushi/vec4 225, 0, 8;
    %store/vec4 v000001d9d066d8c0_0, 0, 8;
    %jmp T_21.256;
T_21.225 ;
    %pushi/vec4 248, 0, 8;
    %store/vec4 v000001d9d066d8c0_0, 0, 8;
    %jmp T_21.256;
T_21.226 ;
    %pushi/vec4 152, 0, 8;
    %store/vec4 v000001d9d066d8c0_0, 0, 8;
    %jmp T_21.256;
T_21.227 ;
    %pushi/vec4 17, 0, 8;
    %store/vec4 v000001d9d066d8c0_0, 0, 8;
    %jmp T_21.256;
T_21.228 ;
    %pushi/vec4 105, 0, 8;
    %store/vec4 v000001d9d066d8c0_0, 0, 8;
    %jmp T_21.256;
T_21.229 ;
    %pushi/vec4 217, 0, 8;
    %store/vec4 v000001d9d066d8c0_0, 0, 8;
    %jmp T_21.256;
T_21.230 ;
    %pushi/vec4 142, 0, 8;
    %store/vec4 v000001d9d066d8c0_0, 0, 8;
    %jmp T_21.256;
T_21.231 ;
    %pushi/vec4 148, 0, 8;
    %store/vec4 v000001d9d066d8c0_0, 0, 8;
    %jmp T_21.256;
T_21.232 ;
    %pushi/vec4 155, 0, 8;
    %store/vec4 v000001d9d066d8c0_0, 0, 8;
    %jmp T_21.256;
T_21.233 ;
    %pushi/vec4 30, 0, 8;
    %store/vec4 v000001d9d066d8c0_0, 0, 8;
    %jmp T_21.256;
T_21.234 ;
    %pushi/vec4 135, 0, 8;
    %store/vec4 v000001d9d066d8c0_0, 0, 8;
    %jmp T_21.256;
T_21.235 ;
    %pushi/vec4 233, 0, 8;
    %store/vec4 v000001d9d066d8c0_0, 0, 8;
    %jmp T_21.256;
T_21.236 ;
    %pushi/vec4 206, 0, 8;
    %store/vec4 v000001d9d066d8c0_0, 0, 8;
    %jmp T_21.256;
T_21.237 ;
    %pushi/vec4 85, 0, 8;
    %store/vec4 v000001d9d066d8c0_0, 0, 8;
    %jmp T_21.256;
T_21.238 ;
    %pushi/vec4 40, 0, 8;
    %store/vec4 v000001d9d066d8c0_0, 0, 8;
    %jmp T_21.256;
T_21.239 ;
    %pushi/vec4 223, 0, 8;
    %store/vec4 v000001d9d066d8c0_0, 0, 8;
    %jmp T_21.256;
T_21.240 ;
    %pushi/vec4 140, 0, 8;
    %store/vec4 v000001d9d066d8c0_0, 0, 8;
    %jmp T_21.256;
T_21.241 ;
    %pushi/vec4 161, 0, 8;
    %store/vec4 v000001d9d066d8c0_0, 0, 8;
    %jmp T_21.256;
T_21.242 ;
    %pushi/vec4 137, 0, 8;
    %store/vec4 v000001d9d066d8c0_0, 0, 8;
    %jmp T_21.256;
T_21.243 ;
    %pushi/vec4 13, 0, 8;
    %store/vec4 v000001d9d066d8c0_0, 0, 8;
    %jmp T_21.256;
T_21.244 ;
    %pushi/vec4 191, 0, 8;
    %store/vec4 v000001d9d066d8c0_0, 0, 8;
    %jmp T_21.256;
T_21.245 ;
    %pushi/vec4 230, 0, 8;
    %store/vec4 v000001d9d066d8c0_0, 0, 8;
    %jmp T_21.256;
T_21.246 ;
    %pushi/vec4 66, 0, 8;
    %store/vec4 v000001d9d066d8c0_0, 0, 8;
    %jmp T_21.256;
T_21.247 ;
    %pushi/vec4 104, 0, 8;
    %store/vec4 v000001d9d066d8c0_0, 0, 8;
    %jmp T_21.256;
T_21.248 ;
    %pushi/vec4 65, 0, 8;
    %store/vec4 v000001d9d066d8c0_0, 0, 8;
    %jmp T_21.256;
T_21.249 ;
    %pushi/vec4 153, 0, 8;
    %store/vec4 v000001d9d066d8c0_0, 0, 8;
    %jmp T_21.256;
T_21.250 ;
    %pushi/vec4 45, 0, 8;
    %store/vec4 v000001d9d066d8c0_0, 0, 8;
    %jmp T_21.256;
T_21.251 ;
    %pushi/vec4 15, 0, 8;
    %store/vec4 v000001d9d066d8c0_0, 0, 8;
    %jmp T_21.256;
T_21.252 ;
    %pushi/vec4 176, 0, 8;
    %store/vec4 v000001d9d066d8c0_0, 0, 8;
    %jmp T_21.256;
T_21.253 ;
    %pushi/vec4 84, 0, 8;
    %store/vec4 v000001d9d066d8c0_0, 0, 8;
    %jmp T_21.256;
T_21.254 ;
    %pushi/vec4 187, 0, 8;
    %store/vec4 v000001d9d066d8c0_0, 0, 8;
    %jmp T_21.256;
T_21.255 ;
    %pushi/vec4 22, 0, 8;
    %store/vec4 v000001d9d066d8c0_0, 0, 8;
    %jmp T_21.256;
T_21.256 ;
    %pop/vec4 1;
    %jmp T_21;
    .thread T_21, $push;
    .scope S_000001d9d06768e0;
T_22 ;
    %wait E_000001d9d05b7fa0;
    %load/vec4 v000001d9d066c1a0_0;
    %dup/vec4;
    %pushi/vec4 0, 0, 8;
    %cmp/u;
    %jmp/1 T_22.0, 6;
    %dup/vec4;
    %pushi/vec4 1, 0, 8;
    %cmp/u;
    %jmp/1 T_22.1, 6;
    %dup/vec4;
    %pushi/vec4 2, 0, 8;
    %cmp/u;
    %jmp/1 T_22.2, 6;
    %dup/vec4;
    %pushi/vec4 3, 0, 8;
    %cmp/u;
    %jmp/1 T_22.3, 6;
    %dup/vec4;
    %pushi/vec4 4, 0, 8;
    %cmp/u;
    %jmp/1 T_22.4, 6;
    %dup/vec4;
    %pushi/vec4 5, 0, 8;
    %cmp/u;
    %jmp/1 T_22.5, 6;
    %dup/vec4;
    %pushi/vec4 6, 0, 8;
    %cmp/u;
    %jmp/1 T_22.6, 6;
    %dup/vec4;
    %pushi/vec4 7, 0, 8;
    %cmp/u;
    %jmp/1 T_22.7, 6;
    %dup/vec4;
    %pushi/vec4 8, 0, 8;
    %cmp/u;
    %jmp/1 T_22.8, 6;
    %dup/vec4;
    %pushi/vec4 9, 0, 8;
    %cmp/u;
    %jmp/1 T_22.9, 6;
    %dup/vec4;
    %pushi/vec4 10, 0, 8;
    %cmp/u;
    %jmp/1 T_22.10, 6;
    %dup/vec4;
    %pushi/vec4 11, 0, 8;
    %cmp/u;
    %jmp/1 T_22.11, 6;
    %dup/vec4;
    %pushi/vec4 12, 0, 8;
    %cmp/u;
    %jmp/1 T_22.12, 6;
    %dup/vec4;
    %pushi/vec4 13, 0, 8;
    %cmp/u;
    %jmp/1 T_22.13, 6;
    %dup/vec4;
    %pushi/vec4 14, 0, 8;
    %cmp/u;
    %jmp/1 T_22.14, 6;
    %dup/vec4;
    %pushi/vec4 15, 0, 8;
    %cmp/u;
    %jmp/1 T_22.15, 6;
    %dup/vec4;
    %pushi/vec4 16, 0, 8;
    %cmp/u;
    %jmp/1 T_22.16, 6;
    %dup/vec4;
    %pushi/vec4 17, 0, 8;
    %cmp/u;
    %jmp/1 T_22.17, 6;
    %dup/vec4;
    %pushi/vec4 18, 0, 8;
    %cmp/u;
    %jmp/1 T_22.18, 6;
    %dup/vec4;
    %pushi/vec4 19, 0, 8;
    %cmp/u;
    %jmp/1 T_22.19, 6;
    %dup/vec4;
    %pushi/vec4 20, 0, 8;
    %cmp/u;
    %jmp/1 T_22.20, 6;
    %dup/vec4;
    %pushi/vec4 21, 0, 8;
    %cmp/u;
    %jmp/1 T_22.21, 6;
    %dup/vec4;
    %pushi/vec4 22, 0, 8;
    %cmp/u;
    %jmp/1 T_22.22, 6;
    %dup/vec4;
    %pushi/vec4 23, 0, 8;
    %cmp/u;
    %jmp/1 T_22.23, 6;
    %dup/vec4;
    %pushi/vec4 24, 0, 8;
    %cmp/u;
    %jmp/1 T_22.24, 6;
    %dup/vec4;
    %pushi/vec4 25, 0, 8;
    %cmp/u;
    %jmp/1 T_22.25, 6;
    %dup/vec4;
    %pushi/vec4 26, 0, 8;
    %cmp/u;
    %jmp/1 T_22.26, 6;
    %dup/vec4;
    %pushi/vec4 27, 0, 8;
    %cmp/u;
    %jmp/1 T_22.27, 6;
    %dup/vec4;
    %pushi/vec4 28, 0, 8;
    %cmp/u;
    %jmp/1 T_22.28, 6;
    %dup/vec4;
    %pushi/vec4 29, 0, 8;
    %cmp/u;
    %jmp/1 T_22.29, 6;
    %dup/vec4;
    %pushi/vec4 30, 0, 8;
    %cmp/u;
    %jmp/1 T_22.30, 6;
    %dup/vec4;
    %pushi/vec4 31, 0, 8;
    %cmp/u;
    %jmp/1 T_22.31, 6;
    %dup/vec4;
    %pushi/vec4 32, 0, 8;
    %cmp/u;
    %jmp/1 T_22.32, 6;
    %dup/vec4;
    %pushi/vec4 33, 0, 8;
    %cmp/u;
    %jmp/1 T_22.33, 6;
    %dup/vec4;
    %pushi/vec4 34, 0, 8;
    %cmp/u;
    %jmp/1 T_22.34, 6;
    %dup/vec4;
    %pushi/vec4 35, 0, 8;
    %cmp/u;
    %jmp/1 T_22.35, 6;
    %dup/vec4;
    %pushi/vec4 36, 0, 8;
    %cmp/u;
    %jmp/1 T_22.36, 6;
    %dup/vec4;
    %pushi/vec4 37, 0, 8;
    %cmp/u;
    %jmp/1 T_22.37, 6;
    %dup/vec4;
    %pushi/vec4 38, 0, 8;
    %cmp/u;
    %jmp/1 T_22.38, 6;
    %dup/vec4;
    %pushi/vec4 39, 0, 8;
    %cmp/u;
    %jmp/1 T_22.39, 6;
    %dup/vec4;
    %pushi/vec4 40, 0, 8;
    %cmp/u;
    %jmp/1 T_22.40, 6;
    %dup/vec4;
    %pushi/vec4 41, 0, 8;
    %cmp/u;
    %jmp/1 T_22.41, 6;
    %dup/vec4;
    %pushi/vec4 42, 0, 8;
    %cmp/u;
    %jmp/1 T_22.42, 6;
    %dup/vec4;
    %pushi/vec4 43, 0, 8;
    %cmp/u;
    %jmp/1 T_22.43, 6;
    %dup/vec4;
    %pushi/vec4 44, 0, 8;
    %cmp/u;
    %jmp/1 T_22.44, 6;
    %dup/vec4;
    %pushi/vec4 45, 0, 8;
    %cmp/u;
    %jmp/1 T_22.45, 6;
    %dup/vec4;
    %pushi/vec4 46, 0, 8;
    %cmp/u;
    %jmp/1 T_22.46, 6;
    %dup/vec4;
    %pushi/vec4 47, 0, 8;
    %cmp/u;
    %jmp/1 T_22.47, 6;
    %dup/vec4;
    %pushi/vec4 48, 0, 8;
    %cmp/u;
    %jmp/1 T_22.48, 6;
    %dup/vec4;
    %pushi/vec4 49, 0, 8;
    %cmp/u;
    %jmp/1 T_22.49, 6;
    %dup/vec4;
    %pushi/vec4 50, 0, 8;
    %cmp/u;
    %jmp/1 T_22.50, 6;
    %dup/vec4;
    %pushi/vec4 51, 0, 8;
    %cmp/u;
    %jmp/1 T_22.51, 6;
    %dup/vec4;
    %pushi/vec4 52, 0, 8;
    %cmp/u;
    %jmp/1 T_22.52, 6;
    %dup/vec4;
    %pushi/vec4 53, 0, 8;
    %cmp/u;
    %jmp/1 T_22.53, 6;
    %dup/vec4;
    %pushi/vec4 54, 0, 8;
    %cmp/u;
    %jmp/1 T_22.54, 6;
    %dup/vec4;
    %pushi/vec4 55, 0, 8;
    %cmp/u;
    %jmp/1 T_22.55, 6;
    %dup/vec4;
    %pushi/vec4 56, 0, 8;
    %cmp/u;
    %jmp/1 T_22.56, 6;
    %dup/vec4;
    %pushi/vec4 57, 0, 8;
    %cmp/u;
    %jmp/1 T_22.57, 6;
    %dup/vec4;
    %pushi/vec4 58, 0, 8;
    %cmp/u;
    %jmp/1 T_22.58, 6;
    %dup/vec4;
    %pushi/vec4 59, 0, 8;
    %cmp/u;
    %jmp/1 T_22.59, 6;
    %dup/vec4;
    %pushi/vec4 60, 0, 8;
    %cmp/u;
    %jmp/1 T_22.60, 6;
    %dup/vec4;
    %pushi/vec4 61, 0, 8;
    %cmp/u;
    %jmp/1 T_22.61, 6;
    %dup/vec4;
    %pushi/vec4 62, 0, 8;
    %cmp/u;
    %jmp/1 T_22.62, 6;
    %dup/vec4;
    %pushi/vec4 63, 0, 8;
    %cmp/u;
    %jmp/1 T_22.63, 6;
    %dup/vec4;
    %pushi/vec4 64, 0, 8;
    %cmp/u;
    %jmp/1 T_22.64, 6;
    %dup/vec4;
    %pushi/vec4 65, 0, 8;
    %cmp/u;
    %jmp/1 T_22.65, 6;
    %dup/vec4;
    %pushi/vec4 66, 0, 8;
    %cmp/u;
    %jmp/1 T_22.66, 6;
    %dup/vec4;
    %pushi/vec4 67, 0, 8;
    %cmp/u;
    %jmp/1 T_22.67, 6;
    %dup/vec4;
    %pushi/vec4 68, 0, 8;
    %cmp/u;
    %jmp/1 T_22.68, 6;
    %dup/vec4;
    %pushi/vec4 69, 0, 8;
    %cmp/u;
    %jmp/1 T_22.69, 6;
    %dup/vec4;
    %pushi/vec4 70, 0, 8;
    %cmp/u;
    %jmp/1 T_22.70, 6;
    %dup/vec4;
    %pushi/vec4 71, 0, 8;
    %cmp/u;
    %jmp/1 T_22.71, 6;
    %dup/vec4;
    %pushi/vec4 72, 0, 8;
    %cmp/u;
    %jmp/1 T_22.72, 6;
    %dup/vec4;
    %pushi/vec4 73, 0, 8;
    %cmp/u;
    %jmp/1 T_22.73, 6;
    %dup/vec4;
    %pushi/vec4 74, 0, 8;
    %cmp/u;
    %jmp/1 T_22.74, 6;
    %dup/vec4;
    %pushi/vec4 75, 0, 8;
    %cmp/u;
    %jmp/1 T_22.75, 6;
    %dup/vec4;
    %pushi/vec4 76, 0, 8;
    %cmp/u;
    %jmp/1 T_22.76, 6;
    %dup/vec4;
    %pushi/vec4 77, 0, 8;
    %cmp/u;
    %jmp/1 T_22.77, 6;
    %dup/vec4;
    %pushi/vec4 78, 0, 8;
    %cmp/u;
    %jmp/1 T_22.78, 6;
    %dup/vec4;
    %pushi/vec4 79, 0, 8;
    %cmp/u;
    %jmp/1 T_22.79, 6;
    %dup/vec4;
    %pushi/vec4 80, 0, 8;
    %cmp/u;
    %jmp/1 T_22.80, 6;
    %dup/vec4;
    %pushi/vec4 81, 0, 8;
    %cmp/u;
    %jmp/1 T_22.81, 6;
    %dup/vec4;
    %pushi/vec4 82, 0, 8;
    %cmp/u;
    %jmp/1 T_22.82, 6;
    %dup/vec4;
    %pushi/vec4 83, 0, 8;
    %cmp/u;
    %jmp/1 T_22.83, 6;
    %dup/vec4;
    %pushi/vec4 84, 0, 8;
    %cmp/u;
    %jmp/1 T_22.84, 6;
    %dup/vec4;
    %pushi/vec4 85, 0, 8;
    %cmp/u;
    %jmp/1 T_22.85, 6;
    %dup/vec4;
    %pushi/vec4 86, 0, 8;
    %cmp/u;
    %jmp/1 T_22.86, 6;
    %dup/vec4;
    %pushi/vec4 87, 0, 8;
    %cmp/u;
    %jmp/1 T_22.87, 6;
    %dup/vec4;
    %pushi/vec4 88, 0, 8;
    %cmp/u;
    %jmp/1 T_22.88, 6;
    %dup/vec4;
    %pushi/vec4 89, 0, 8;
    %cmp/u;
    %jmp/1 T_22.89, 6;
    %dup/vec4;
    %pushi/vec4 90, 0, 8;
    %cmp/u;
    %jmp/1 T_22.90, 6;
    %dup/vec4;
    %pushi/vec4 91, 0, 8;
    %cmp/u;
    %jmp/1 T_22.91, 6;
    %dup/vec4;
    %pushi/vec4 92, 0, 8;
    %cmp/u;
    %jmp/1 T_22.92, 6;
    %dup/vec4;
    %pushi/vec4 93, 0, 8;
    %cmp/u;
    %jmp/1 T_22.93, 6;
    %dup/vec4;
    %pushi/vec4 94, 0, 8;
    %cmp/u;
    %jmp/1 T_22.94, 6;
    %dup/vec4;
    %pushi/vec4 95, 0, 8;
    %cmp/u;
    %jmp/1 T_22.95, 6;
    %dup/vec4;
    %pushi/vec4 96, 0, 8;
    %cmp/u;
    %jmp/1 T_22.96, 6;
    %dup/vec4;
    %pushi/vec4 97, 0, 8;
    %cmp/u;
    %jmp/1 T_22.97, 6;
    %dup/vec4;
    %pushi/vec4 98, 0, 8;
    %cmp/u;
    %jmp/1 T_22.98, 6;
    %dup/vec4;
    %pushi/vec4 99, 0, 8;
    %cmp/u;
    %jmp/1 T_22.99, 6;
    %dup/vec4;
    %pushi/vec4 100, 0, 8;
    %cmp/u;
    %jmp/1 T_22.100, 6;
    %dup/vec4;
    %pushi/vec4 101, 0, 8;
    %cmp/u;
    %jmp/1 T_22.101, 6;
    %dup/vec4;
    %pushi/vec4 102, 0, 8;
    %cmp/u;
    %jmp/1 T_22.102, 6;
    %dup/vec4;
    %pushi/vec4 103, 0, 8;
    %cmp/u;
    %jmp/1 T_22.103, 6;
    %dup/vec4;
    %pushi/vec4 104, 0, 8;
    %cmp/u;
    %jmp/1 T_22.104, 6;
    %dup/vec4;
    %pushi/vec4 105, 0, 8;
    %cmp/u;
    %jmp/1 T_22.105, 6;
    %dup/vec4;
    %pushi/vec4 106, 0, 8;
    %cmp/u;
    %jmp/1 T_22.106, 6;
    %dup/vec4;
    %pushi/vec4 107, 0, 8;
    %cmp/u;
    %jmp/1 T_22.107, 6;
    %dup/vec4;
    %pushi/vec4 108, 0, 8;
    %cmp/u;
    %jmp/1 T_22.108, 6;
    %dup/vec4;
    %pushi/vec4 109, 0, 8;
    %cmp/u;
    %jmp/1 T_22.109, 6;
    %dup/vec4;
    %pushi/vec4 110, 0, 8;
    %cmp/u;
    %jmp/1 T_22.110, 6;
    %dup/vec4;
    %pushi/vec4 111, 0, 8;
    %cmp/u;
    %jmp/1 T_22.111, 6;
    %dup/vec4;
    %pushi/vec4 112, 0, 8;
    %cmp/u;
    %jmp/1 T_22.112, 6;
    %dup/vec4;
    %pushi/vec4 113, 0, 8;
    %cmp/u;
    %jmp/1 T_22.113, 6;
    %dup/vec4;
    %pushi/vec4 114, 0, 8;
    %cmp/u;
    %jmp/1 T_22.114, 6;
    %dup/vec4;
    %pushi/vec4 115, 0, 8;
    %cmp/u;
    %jmp/1 T_22.115, 6;
    %dup/vec4;
    %pushi/vec4 116, 0, 8;
    %cmp/u;
    %jmp/1 T_22.116, 6;
    %dup/vec4;
    %pushi/vec4 117, 0, 8;
    %cmp/u;
    %jmp/1 T_22.117, 6;
    %dup/vec4;
    %pushi/vec4 118, 0, 8;
    %cmp/u;
    %jmp/1 T_22.118, 6;
    %dup/vec4;
    %pushi/vec4 119, 0, 8;
    %cmp/u;
    %jmp/1 T_22.119, 6;
    %dup/vec4;
    %pushi/vec4 120, 0, 8;
    %cmp/u;
    %jmp/1 T_22.120, 6;
    %dup/vec4;
    %pushi/vec4 121, 0, 8;
    %cmp/u;
    %jmp/1 T_22.121, 6;
    %dup/vec4;
    %pushi/vec4 122, 0, 8;
    %cmp/u;
    %jmp/1 T_22.122, 6;
    %dup/vec4;
    %pushi/vec4 123, 0, 8;
    %cmp/u;
    %jmp/1 T_22.123, 6;
    %dup/vec4;
    %pushi/vec4 124, 0, 8;
    %cmp/u;
    %jmp/1 T_22.124, 6;
    %dup/vec4;
    %pushi/vec4 125, 0, 8;
    %cmp/u;
    %jmp/1 T_22.125, 6;
    %dup/vec4;
    %pushi/vec4 126, 0, 8;
    %cmp/u;
    %jmp/1 T_22.126, 6;
    %dup/vec4;
    %pushi/vec4 127, 0, 8;
    %cmp/u;
    %jmp/1 T_22.127, 6;
    %dup/vec4;
    %pushi/vec4 128, 0, 8;
    %cmp/u;
    %jmp/1 T_22.128, 6;
    %dup/vec4;
    %pushi/vec4 129, 0, 8;
    %cmp/u;
    %jmp/1 T_22.129, 6;
    %dup/vec4;
    %pushi/vec4 130, 0, 8;
    %cmp/u;
    %jmp/1 T_22.130, 6;
    %dup/vec4;
    %pushi/vec4 131, 0, 8;
    %cmp/u;
    %jmp/1 T_22.131, 6;
    %dup/vec4;
    %pushi/vec4 132, 0, 8;
    %cmp/u;
    %jmp/1 T_22.132, 6;
    %dup/vec4;
    %pushi/vec4 133, 0, 8;
    %cmp/u;
    %jmp/1 T_22.133, 6;
    %dup/vec4;
    %pushi/vec4 134, 0, 8;
    %cmp/u;
    %jmp/1 T_22.134, 6;
    %dup/vec4;
    %pushi/vec4 135, 0, 8;
    %cmp/u;
    %jmp/1 T_22.135, 6;
    %dup/vec4;
    %pushi/vec4 136, 0, 8;
    %cmp/u;
    %jmp/1 T_22.136, 6;
    %dup/vec4;
    %pushi/vec4 137, 0, 8;
    %cmp/u;
    %jmp/1 T_22.137, 6;
    %dup/vec4;
    %pushi/vec4 138, 0, 8;
    %cmp/u;
    %jmp/1 T_22.138, 6;
    %dup/vec4;
    %pushi/vec4 139, 0, 8;
    %cmp/u;
    %jmp/1 T_22.139, 6;
    %dup/vec4;
    %pushi/vec4 140, 0, 8;
    %cmp/u;
    %jmp/1 T_22.140, 6;
    %dup/vec4;
    %pushi/vec4 141, 0, 8;
    %cmp/u;
    %jmp/1 T_22.141, 6;
    %dup/vec4;
    %pushi/vec4 142, 0, 8;
    %cmp/u;
    %jmp/1 T_22.142, 6;
    %dup/vec4;
    %pushi/vec4 143, 0, 8;
    %cmp/u;
    %jmp/1 T_22.143, 6;
    %dup/vec4;
    %pushi/vec4 144, 0, 8;
    %cmp/u;
    %jmp/1 T_22.144, 6;
    %dup/vec4;
    %pushi/vec4 145, 0, 8;
    %cmp/u;
    %jmp/1 T_22.145, 6;
    %dup/vec4;
    %pushi/vec4 146, 0, 8;
    %cmp/u;
    %jmp/1 T_22.146, 6;
    %dup/vec4;
    %pushi/vec4 147, 0, 8;
    %cmp/u;
    %jmp/1 T_22.147, 6;
    %dup/vec4;
    %pushi/vec4 148, 0, 8;
    %cmp/u;
    %jmp/1 T_22.148, 6;
    %dup/vec4;
    %pushi/vec4 149, 0, 8;
    %cmp/u;
    %jmp/1 T_22.149, 6;
    %dup/vec4;
    %pushi/vec4 150, 0, 8;
    %cmp/u;
    %jmp/1 T_22.150, 6;
    %dup/vec4;
    %pushi/vec4 151, 0, 8;
    %cmp/u;
    %jmp/1 T_22.151, 6;
    %dup/vec4;
    %pushi/vec4 152, 0, 8;
    %cmp/u;
    %jmp/1 T_22.152, 6;
    %dup/vec4;
    %pushi/vec4 153, 0, 8;
    %cmp/u;
    %jmp/1 T_22.153, 6;
    %dup/vec4;
    %pushi/vec4 154, 0, 8;
    %cmp/u;
    %jmp/1 T_22.154, 6;
    %dup/vec4;
    %pushi/vec4 155, 0, 8;
    %cmp/u;
    %jmp/1 T_22.155, 6;
    %dup/vec4;
    %pushi/vec4 156, 0, 8;
    %cmp/u;
    %jmp/1 T_22.156, 6;
    %dup/vec4;
    %pushi/vec4 157, 0, 8;
    %cmp/u;
    %jmp/1 T_22.157, 6;
    %dup/vec4;
    %pushi/vec4 158, 0, 8;
    %cmp/u;
    %jmp/1 T_22.158, 6;
    %dup/vec4;
    %pushi/vec4 159, 0, 8;
    %cmp/u;
    %jmp/1 T_22.159, 6;
    %dup/vec4;
    %pushi/vec4 160, 0, 8;
    %cmp/u;
    %jmp/1 T_22.160, 6;
    %dup/vec4;
    %pushi/vec4 161, 0, 8;
    %cmp/u;
    %jmp/1 T_22.161, 6;
    %dup/vec4;
    %pushi/vec4 162, 0, 8;
    %cmp/u;
    %jmp/1 T_22.162, 6;
    %dup/vec4;
    %pushi/vec4 163, 0, 8;
    %cmp/u;
    %jmp/1 T_22.163, 6;
    %dup/vec4;
    %pushi/vec4 164, 0, 8;
    %cmp/u;
    %jmp/1 T_22.164, 6;
    %dup/vec4;
    %pushi/vec4 165, 0, 8;
    %cmp/u;
    %jmp/1 T_22.165, 6;
    %dup/vec4;
    %pushi/vec4 166, 0, 8;
    %cmp/u;
    %jmp/1 T_22.166, 6;
    %dup/vec4;
    %pushi/vec4 167, 0, 8;
    %cmp/u;
    %jmp/1 T_22.167, 6;
    %dup/vec4;
    %pushi/vec4 168, 0, 8;
    %cmp/u;
    %jmp/1 T_22.168, 6;
    %dup/vec4;
    %pushi/vec4 169, 0, 8;
    %cmp/u;
    %jmp/1 T_22.169, 6;
    %dup/vec4;
    %pushi/vec4 170, 0, 8;
    %cmp/u;
    %jmp/1 T_22.170, 6;
    %dup/vec4;
    %pushi/vec4 171, 0, 8;
    %cmp/u;
    %jmp/1 T_22.171, 6;
    %dup/vec4;
    %pushi/vec4 172, 0, 8;
    %cmp/u;
    %jmp/1 T_22.172, 6;
    %dup/vec4;
    %pushi/vec4 173, 0, 8;
    %cmp/u;
    %jmp/1 T_22.173, 6;
    %dup/vec4;
    %pushi/vec4 174, 0, 8;
    %cmp/u;
    %jmp/1 T_22.174, 6;
    %dup/vec4;
    %pushi/vec4 175, 0, 8;
    %cmp/u;
    %jmp/1 T_22.175, 6;
    %dup/vec4;
    %pushi/vec4 176, 0, 8;
    %cmp/u;
    %jmp/1 T_22.176, 6;
    %dup/vec4;
    %pushi/vec4 177, 0, 8;
    %cmp/u;
    %jmp/1 T_22.177, 6;
    %dup/vec4;
    %pushi/vec4 178, 0, 8;
    %cmp/u;
    %jmp/1 T_22.178, 6;
    %dup/vec4;
    %pushi/vec4 179, 0, 8;
    %cmp/u;
    %jmp/1 T_22.179, 6;
    %dup/vec4;
    %pushi/vec4 180, 0, 8;
    %cmp/u;
    %jmp/1 T_22.180, 6;
    %dup/vec4;
    %pushi/vec4 181, 0, 8;
    %cmp/u;
    %jmp/1 T_22.181, 6;
    %dup/vec4;
    %pushi/vec4 182, 0, 8;
    %cmp/u;
    %jmp/1 T_22.182, 6;
    %dup/vec4;
    %pushi/vec4 183, 0, 8;
    %cmp/u;
    %jmp/1 T_22.183, 6;
    %dup/vec4;
    %pushi/vec4 184, 0, 8;
    %cmp/u;
    %jmp/1 T_22.184, 6;
    %dup/vec4;
    %pushi/vec4 185, 0, 8;
    %cmp/u;
    %jmp/1 T_22.185, 6;
    %dup/vec4;
    %pushi/vec4 186, 0, 8;
    %cmp/u;
    %jmp/1 T_22.186, 6;
    %dup/vec4;
    %pushi/vec4 187, 0, 8;
    %cmp/u;
    %jmp/1 T_22.187, 6;
    %dup/vec4;
    %pushi/vec4 188, 0, 8;
    %cmp/u;
    %jmp/1 T_22.188, 6;
    %dup/vec4;
    %pushi/vec4 189, 0, 8;
    %cmp/u;
    %jmp/1 T_22.189, 6;
    %dup/vec4;
    %pushi/vec4 190, 0, 8;
    %cmp/u;
    %jmp/1 T_22.190, 6;
    %dup/vec4;
    %pushi/vec4 191, 0, 8;
    %cmp/u;
    %jmp/1 T_22.191, 6;
    %dup/vec4;
    %pushi/vec4 192, 0, 8;
    %cmp/u;
    %jmp/1 T_22.192, 6;
    %dup/vec4;
    %pushi/vec4 193, 0, 8;
    %cmp/u;
    %jmp/1 T_22.193, 6;
    %dup/vec4;
    %pushi/vec4 194, 0, 8;
    %cmp/u;
    %jmp/1 T_22.194, 6;
    %dup/vec4;
    %pushi/vec4 195, 0, 8;
    %cmp/u;
    %jmp/1 T_22.195, 6;
    %dup/vec4;
    %pushi/vec4 196, 0, 8;
    %cmp/u;
    %jmp/1 T_22.196, 6;
    %dup/vec4;
    %pushi/vec4 197, 0, 8;
    %cmp/u;
    %jmp/1 T_22.197, 6;
    %dup/vec4;
    %pushi/vec4 198, 0, 8;
    %cmp/u;
    %jmp/1 T_22.198, 6;
    %dup/vec4;
    %pushi/vec4 199, 0, 8;
    %cmp/u;
    %jmp/1 T_22.199, 6;
    %dup/vec4;
    %pushi/vec4 200, 0, 8;
    %cmp/u;
    %jmp/1 T_22.200, 6;
    %dup/vec4;
    %pushi/vec4 201, 0, 8;
    %cmp/u;
    %jmp/1 T_22.201, 6;
    %dup/vec4;
    %pushi/vec4 202, 0, 8;
    %cmp/u;
    %jmp/1 T_22.202, 6;
    %dup/vec4;
    %pushi/vec4 203, 0, 8;
    %cmp/u;
    %jmp/1 T_22.203, 6;
    %dup/vec4;
    %pushi/vec4 204, 0, 8;
    %cmp/u;
    %jmp/1 T_22.204, 6;
    %dup/vec4;
    %pushi/vec4 205, 0, 8;
    %cmp/u;
    %jmp/1 T_22.205, 6;
    %dup/vec4;
    %pushi/vec4 206, 0, 8;
    %cmp/u;
    %jmp/1 T_22.206, 6;
    %dup/vec4;
    %pushi/vec4 207, 0, 8;
    %cmp/u;
    %jmp/1 T_22.207, 6;
    %dup/vec4;
    %pushi/vec4 208, 0, 8;
    %cmp/u;
    %jmp/1 T_22.208, 6;
    %dup/vec4;
    %pushi/vec4 209, 0, 8;
    %cmp/u;
    %jmp/1 T_22.209, 6;
    %dup/vec4;
    %pushi/vec4 210, 0, 8;
    %cmp/u;
    %jmp/1 T_22.210, 6;
    %dup/vec4;
    %pushi/vec4 211, 0, 8;
    %cmp/u;
    %jmp/1 T_22.211, 6;
    %dup/vec4;
    %pushi/vec4 212, 0, 8;
    %cmp/u;
    %jmp/1 T_22.212, 6;
    %dup/vec4;
    %pushi/vec4 213, 0, 8;
    %cmp/u;
    %jmp/1 T_22.213, 6;
    %dup/vec4;
    %pushi/vec4 214, 0, 8;
    %cmp/u;
    %jmp/1 T_22.214, 6;
    %dup/vec4;
    %pushi/vec4 215, 0, 8;
    %cmp/u;
    %jmp/1 T_22.215, 6;
    %dup/vec4;
    %pushi/vec4 216, 0, 8;
    %cmp/u;
    %jmp/1 T_22.216, 6;
    %dup/vec4;
    %pushi/vec4 217, 0, 8;
    %cmp/u;
    %jmp/1 T_22.217, 6;
    %dup/vec4;
    %pushi/vec4 218, 0, 8;
    %cmp/u;
    %jmp/1 T_22.218, 6;
    %dup/vec4;
    %pushi/vec4 219, 0, 8;
    %cmp/u;
    %jmp/1 T_22.219, 6;
    %dup/vec4;
    %pushi/vec4 220, 0, 8;
    %cmp/u;
    %jmp/1 T_22.220, 6;
    %dup/vec4;
    %pushi/vec4 221, 0, 8;
    %cmp/u;
    %jmp/1 T_22.221, 6;
    %dup/vec4;
    %pushi/vec4 222, 0, 8;
    %cmp/u;
    %jmp/1 T_22.222, 6;
    %dup/vec4;
    %pushi/vec4 223, 0, 8;
    %cmp/u;
    %jmp/1 T_22.223, 6;
    %dup/vec4;
    %pushi/vec4 224, 0, 8;
    %cmp/u;
    %jmp/1 T_22.224, 6;
    %dup/vec4;
    %pushi/vec4 225, 0, 8;
    %cmp/u;
    %jmp/1 T_22.225, 6;
    %dup/vec4;
    %pushi/vec4 226, 0, 8;
    %cmp/u;
    %jmp/1 T_22.226, 6;
    %dup/vec4;
    %pushi/vec4 227, 0, 8;
    %cmp/u;
    %jmp/1 T_22.227, 6;
    %dup/vec4;
    %pushi/vec4 228, 0, 8;
    %cmp/u;
    %jmp/1 T_22.228, 6;
    %dup/vec4;
    %pushi/vec4 229, 0, 8;
    %cmp/u;
    %jmp/1 T_22.229, 6;
    %dup/vec4;
    %pushi/vec4 230, 0, 8;
    %cmp/u;
    %jmp/1 T_22.230, 6;
    %dup/vec4;
    %pushi/vec4 231, 0, 8;
    %cmp/u;
    %jmp/1 T_22.231, 6;
    %dup/vec4;
    %pushi/vec4 232, 0, 8;
    %cmp/u;
    %jmp/1 T_22.232, 6;
    %dup/vec4;
    %pushi/vec4 233, 0, 8;
    %cmp/u;
    %jmp/1 T_22.233, 6;
    %dup/vec4;
    %pushi/vec4 234, 0, 8;
    %cmp/u;
    %jmp/1 T_22.234, 6;
    %dup/vec4;
    %pushi/vec4 235, 0, 8;
    %cmp/u;
    %jmp/1 T_22.235, 6;
    %dup/vec4;
    %pushi/vec4 236, 0, 8;
    %cmp/u;
    %jmp/1 T_22.236, 6;
    %dup/vec4;
    %pushi/vec4 237, 0, 8;
    %cmp/u;
    %jmp/1 T_22.237, 6;
    %dup/vec4;
    %pushi/vec4 238, 0, 8;
    %cmp/u;
    %jmp/1 T_22.238, 6;
    %dup/vec4;
    %pushi/vec4 239, 0, 8;
    %cmp/u;
    %jmp/1 T_22.239, 6;
    %dup/vec4;
    %pushi/vec4 240, 0, 8;
    %cmp/u;
    %jmp/1 T_22.240, 6;
    %dup/vec4;
    %pushi/vec4 241, 0, 8;
    %cmp/u;
    %jmp/1 T_22.241, 6;
    %dup/vec4;
    %pushi/vec4 242, 0, 8;
    %cmp/u;
    %jmp/1 T_22.242, 6;
    %dup/vec4;
    %pushi/vec4 243, 0, 8;
    %cmp/u;
    %jmp/1 T_22.243, 6;
    %dup/vec4;
    %pushi/vec4 244, 0, 8;
    %cmp/u;
    %jmp/1 T_22.244, 6;
    %dup/vec4;
    %pushi/vec4 245, 0, 8;
    %cmp/u;
    %jmp/1 T_22.245, 6;
    %dup/vec4;
    %pushi/vec4 246, 0, 8;
    %cmp/u;
    %jmp/1 T_22.246, 6;
    %dup/vec4;
    %pushi/vec4 247, 0, 8;
    %cmp/u;
    %jmp/1 T_22.247, 6;
    %dup/vec4;
    %pushi/vec4 248, 0, 8;
    %cmp/u;
    %jmp/1 T_22.248, 6;
    %dup/vec4;
    %pushi/vec4 249, 0, 8;
    %cmp/u;
    %jmp/1 T_22.249, 6;
    %dup/vec4;
    %pushi/vec4 250, 0, 8;
    %cmp/u;
    %jmp/1 T_22.250, 6;
    %dup/vec4;
    %pushi/vec4 251, 0, 8;
    %cmp/u;
    %jmp/1 T_22.251, 6;
    %dup/vec4;
    %pushi/vec4 252, 0, 8;
    %cmp/u;
    %jmp/1 T_22.252, 6;
    %dup/vec4;
    %pushi/vec4 253, 0, 8;
    %cmp/u;
    %jmp/1 T_22.253, 6;
    %dup/vec4;
    %pushi/vec4 254, 0, 8;
    %cmp/u;
    %jmp/1 T_22.254, 6;
    %dup/vec4;
    %pushi/vec4 255, 0, 8;
    %cmp/u;
    %jmp/1 T_22.255, 6;
    %jmp T_22.256;
T_22.0 ;
    %pushi/vec4 99, 0, 8;
    %store/vec4 v000001d9d066c2e0_0, 0, 8;
    %jmp T_22.256;
T_22.1 ;
    %pushi/vec4 124, 0, 8;
    %store/vec4 v000001d9d066c2e0_0, 0, 8;
    %jmp T_22.256;
T_22.2 ;
    %pushi/vec4 119, 0, 8;
    %store/vec4 v000001d9d066c2e0_0, 0, 8;
    %jmp T_22.256;
T_22.3 ;
    %pushi/vec4 123, 0, 8;
    %store/vec4 v000001d9d066c2e0_0, 0, 8;
    %jmp T_22.256;
T_22.4 ;
    %pushi/vec4 242, 0, 8;
    %store/vec4 v000001d9d066c2e0_0, 0, 8;
    %jmp T_22.256;
T_22.5 ;
    %pushi/vec4 107, 0, 8;
    %store/vec4 v000001d9d066c2e0_0, 0, 8;
    %jmp T_22.256;
T_22.6 ;
    %pushi/vec4 111, 0, 8;
    %store/vec4 v000001d9d066c2e0_0, 0, 8;
    %jmp T_22.256;
T_22.7 ;
    %pushi/vec4 197, 0, 8;
    %store/vec4 v000001d9d066c2e0_0, 0, 8;
    %jmp T_22.256;
T_22.8 ;
    %pushi/vec4 48, 0, 8;
    %store/vec4 v000001d9d066c2e0_0, 0, 8;
    %jmp T_22.256;
T_22.9 ;
    %pushi/vec4 1, 0, 8;
    %store/vec4 v000001d9d066c2e0_0, 0, 8;
    %jmp T_22.256;
T_22.10 ;
    %pushi/vec4 103, 0, 8;
    %store/vec4 v000001d9d066c2e0_0, 0, 8;
    %jmp T_22.256;
T_22.11 ;
    %pushi/vec4 43, 0, 8;
    %store/vec4 v000001d9d066c2e0_0, 0, 8;
    %jmp T_22.256;
T_22.12 ;
    %pushi/vec4 254, 0, 8;
    %store/vec4 v000001d9d066c2e0_0, 0, 8;
    %jmp T_22.256;
T_22.13 ;
    %pushi/vec4 215, 0, 8;
    %store/vec4 v000001d9d066c2e0_0, 0, 8;
    %jmp T_22.256;
T_22.14 ;
    %pushi/vec4 171, 0, 8;
    %store/vec4 v000001d9d066c2e0_0, 0, 8;
    %jmp T_22.256;
T_22.15 ;
    %pushi/vec4 118, 0, 8;
    %store/vec4 v000001d9d066c2e0_0, 0, 8;
    %jmp T_22.256;
T_22.16 ;
    %pushi/vec4 202, 0, 8;
    %store/vec4 v000001d9d066c2e0_0, 0, 8;
    %jmp T_22.256;
T_22.17 ;
    %pushi/vec4 130, 0, 8;
    %store/vec4 v000001d9d066c2e0_0, 0, 8;
    %jmp T_22.256;
T_22.18 ;
    %pushi/vec4 201, 0, 8;
    %store/vec4 v000001d9d066c2e0_0, 0, 8;
    %jmp T_22.256;
T_22.19 ;
    %pushi/vec4 125, 0, 8;
    %store/vec4 v000001d9d066c2e0_0, 0, 8;
    %jmp T_22.256;
T_22.20 ;
    %pushi/vec4 250, 0, 8;
    %store/vec4 v000001d9d066c2e0_0, 0, 8;
    %jmp T_22.256;
T_22.21 ;
    %pushi/vec4 89, 0, 8;
    %store/vec4 v000001d9d066c2e0_0, 0, 8;
    %jmp T_22.256;
T_22.22 ;
    %pushi/vec4 71, 0, 8;
    %store/vec4 v000001d9d066c2e0_0, 0, 8;
    %jmp T_22.256;
T_22.23 ;
    %pushi/vec4 240, 0, 8;
    %store/vec4 v000001d9d066c2e0_0, 0, 8;
    %jmp T_22.256;
T_22.24 ;
    %pushi/vec4 173, 0, 8;
    %store/vec4 v000001d9d066c2e0_0, 0, 8;
    %jmp T_22.256;
T_22.25 ;
    %pushi/vec4 212, 0, 8;
    %store/vec4 v000001d9d066c2e0_0, 0, 8;
    %jmp T_22.256;
T_22.26 ;
    %pushi/vec4 162, 0, 8;
    %store/vec4 v000001d9d066c2e0_0, 0, 8;
    %jmp T_22.256;
T_22.27 ;
    %pushi/vec4 175, 0, 8;
    %store/vec4 v000001d9d066c2e0_0, 0, 8;
    %jmp T_22.256;
T_22.28 ;
    %pushi/vec4 156, 0, 8;
    %store/vec4 v000001d9d066c2e0_0, 0, 8;
    %jmp T_22.256;
T_22.29 ;
    %pushi/vec4 164, 0, 8;
    %store/vec4 v000001d9d066c2e0_0, 0, 8;
    %jmp T_22.256;
T_22.30 ;
    %pushi/vec4 114, 0, 8;
    %store/vec4 v000001d9d066c2e0_0, 0, 8;
    %jmp T_22.256;
T_22.31 ;
    %pushi/vec4 192, 0, 8;
    %store/vec4 v000001d9d066c2e0_0, 0, 8;
    %jmp T_22.256;
T_22.32 ;
    %pushi/vec4 183, 0, 8;
    %store/vec4 v000001d9d066c2e0_0, 0, 8;
    %jmp T_22.256;
T_22.33 ;
    %pushi/vec4 253, 0, 8;
    %store/vec4 v000001d9d066c2e0_0, 0, 8;
    %jmp T_22.256;
T_22.34 ;
    %pushi/vec4 147, 0, 8;
    %store/vec4 v000001d9d066c2e0_0, 0, 8;
    %jmp T_22.256;
T_22.35 ;
    %pushi/vec4 38, 0, 8;
    %store/vec4 v000001d9d066c2e0_0, 0, 8;
    %jmp T_22.256;
T_22.36 ;
    %pushi/vec4 54, 0, 8;
    %store/vec4 v000001d9d066c2e0_0, 0, 8;
    %jmp T_22.256;
T_22.37 ;
    %pushi/vec4 63, 0, 8;
    %store/vec4 v000001d9d066c2e0_0, 0, 8;
    %jmp T_22.256;
T_22.38 ;
    %pushi/vec4 247, 0, 8;
    %store/vec4 v000001d9d066c2e0_0, 0, 8;
    %jmp T_22.256;
T_22.39 ;
    %pushi/vec4 204, 0, 8;
    %store/vec4 v000001d9d066c2e0_0, 0, 8;
    %jmp T_22.256;
T_22.40 ;
    %pushi/vec4 52, 0, 8;
    %store/vec4 v000001d9d066c2e0_0, 0, 8;
    %jmp T_22.256;
T_22.41 ;
    %pushi/vec4 165, 0, 8;
    %store/vec4 v000001d9d066c2e0_0, 0, 8;
    %jmp T_22.256;
T_22.42 ;
    %pushi/vec4 229, 0, 8;
    %store/vec4 v000001d9d066c2e0_0, 0, 8;
    %jmp T_22.256;
T_22.43 ;
    %pushi/vec4 241, 0, 8;
    %store/vec4 v000001d9d066c2e0_0, 0, 8;
    %jmp T_22.256;
T_22.44 ;
    %pushi/vec4 113, 0, 8;
    %store/vec4 v000001d9d066c2e0_0, 0, 8;
    %jmp T_22.256;
T_22.45 ;
    %pushi/vec4 216, 0, 8;
    %store/vec4 v000001d9d066c2e0_0, 0, 8;
    %jmp T_22.256;
T_22.46 ;
    %pushi/vec4 49, 0, 8;
    %store/vec4 v000001d9d066c2e0_0, 0, 8;
    %jmp T_22.256;
T_22.47 ;
    %pushi/vec4 21, 0, 8;
    %store/vec4 v000001d9d066c2e0_0, 0, 8;
    %jmp T_22.256;
T_22.48 ;
    %pushi/vec4 4, 0, 8;
    %store/vec4 v000001d9d066c2e0_0, 0, 8;
    %jmp T_22.256;
T_22.49 ;
    %pushi/vec4 199, 0, 8;
    %store/vec4 v000001d9d066c2e0_0, 0, 8;
    %jmp T_22.256;
T_22.50 ;
    %pushi/vec4 35, 0, 8;
    %store/vec4 v000001d9d066c2e0_0, 0, 8;
    %jmp T_22.256;
T_22.51 ;
    %pushi/vec4 195, 0, 8;
    %store/vec4 v000001d9d066c2e0_0, 0, 8;
    %jmp T_22.256;
T_22.52 ;
    %pushi/vec4 24, 0, 8;
    %store/vec4 v000001d9d066c2e0_0, 0, 8;
    %jmp T_22.256;
T_22.53 ;
    %pushi/vec4 150, 0, 8;
    %store/vec4 v000001d9d066c2e0_0, 0, 8;
    %jmp T_22.256;
T_22.54 ;
    %pushi/vec4 5, 0, 8;
    %store/vec4 v000001d9d066c2e0_0, 0, 8;
    %jmp T_22.256;
T_22.55 ;
    %pushi/vec4 154, 0, 8;
    %store/vec4 v000001d9d066c2e0_0, 0, 8;
    %jmp T_22.256;
T_22.56 ;
    %pushi/vec4 7, 0, 8;
    %store/vec4 v000001d9d066c2e0_0, 0, 8;
    %jmp T_22.256;
T_22.57 ;
    %pushi/vec4 18, 0, 8;
    %store/vec4 v000001d9d066c2e0_0, 0, 8;
    %jmp T_22.256;
T_22.58 ;
    %pushi/vec4 128, 0, 8;
    %store/vec4 v000001d9d066c2e0_0, 0, 8;
    %jmp T_22.256;
T_22.59 ;
    %pushi/vec4 226, 0, 8;
    %store/vec4 v000001d9d066c2e0_0, 0, 8;
    %jmp T_22.256;
T_22.60 ;
    %pushi/vec4 235, 0, 8;
    %store/vec4 v000001d9d066c2e0_0, 0, 8;
    %jmp T_22.256;
T_22.61 ;
    %pushi/vec4 39, 0, 8;
    %store/vec4 v000001d9d066c2e0_0, 0, 8;
    %jmp T_22.256;
T_22.62 ;
    %pushi/vec4 178, 0, 8;
    %store/vec4 v000001d9d066c2e0_0, 0, 8;
    %jmp T_22.256;
T_22.63 ;
    %pushi/vec4 117, 0, 8;
    %store/vec4 v000001d9d066c2e0_0, 0, 8;
    %jmp T_22.256;
T_22.64 ;
    %pushi/vec4 9, 0, 8;
    %store/vec4 v000001d9d066c2e0_0, 0, 8;
    %jmp T_22.256;
T_22.65 ;
    %pushi/vec4 131, 0, 8;
    %store/vec4 v000001d9d066c2e0_0, 0, 8;
    %jmp T_22.256;
T_22.66 ;
    %pushi/vec4 44, 0, 8;
    %store/vec4 v000001d9d066c2e0_0, 0, 8;
    %jmp T_22.256;
T_22.67 ;
    %pushi/vec4 26, 0, 8;
    %store/vec4 v000001d9d066c2e0_0, 0, 8;
    %jmp T_22.256;
T_22.68 ;
    %pushi/vec4 27, 0, 8;
    %store/vec4 v000001d9d066c2e0_0, 0, 8;
    %jmp T_22.256;
T_22.69 ;
    %pushi/vec4 110, 0, 8;
    %store/vec4 v000001d9d066c2e0_0, 0, 8;
    %jmp T_22.256;
T_22.70 ;
    %pushi/vec4 90, 0, 8;
    %store/vec4 v000001d9d066c2e0_0, 0, 8;
    %jmp T_22.256;
T_22.71 ;
    %pushi/vec4 160, 0, 8;
    %store/vec4 v000001d9d066c2e0_0, 0, 8;
    %jmp T_22.256;
T_22.72 ;
    %pushi/vec4 82, 0, 8;
    %store/vec4 v000001d9d066c2e0_0, 0, 8;
    %jmp T_22.256;
T_22.73 ;
    %pushi/vec4 59, 0, 8;
    %store/vec4 v000001d9d066c2e0_0, 0, 8;
    %jmp T_22.256;
T_22.74 ;
    %pushi/vec4 214, 0, 8;
    %store/vec4 v000001d9d066c2e0_0, 0, 8;
    %jmp T_22.256;
T_22.75 ;
    %pushi/vec4 179, 0, 8;
    %store/vec4 v000001d9d066c2e0_0, 0, 8;
    %jmp T_22.256;
T_22.76 ;
    %pushi/vec4 41, 0, 8;
    %store/vec4 v000001d9d066c2e0_0, 0, 8;
    %jmp T_22.256;
T_22.77 ;
    %pushi/vec4 227, 0, 8;
    %store/vec4 v000001d9d066c2e0_0, 0, 8;
    %jmp T_22.256;
T_22.78 ;
    %pushi/vec4 47, 0, 8;
    %store/vec4 v000001d9d066c2e0_0, 0, 8;
    %jmp T_22.256;
T_22.79 ;
    %pushi/vec4 132, 0, 8;
    %store/vec4 v000001d9d066c2e0_0, 0, 8;
    %jmp T_22.256;
T_22.80 ;
    %pushi/vec4 83, 0, 8;
    %store/vec4 v000001d9d066c2e0_0, 0, 8;
    %jmp T_22.256;
T_22.81 ;
    %pushi/vec4 209, 0, 8;
    %store/vec4 v000001d9d066c2e0_0, 0, 8;
    %jmp T_22.256;
T_22.82 ;
    %pushi/vec4 0, 0, 8;
    %store/vec4 v000001d9d066c2e0_0, 0, 8;
    %jmp T_22.256;
T_22.83 ;
    %pushi/vec4 237, 0, 8;
    %store/vec4 v000001d9d066c2e0_0, 0, 8;
    %jmp T_22.256;
T_22.84 ;
    %pushi/vec4 32, 0, 8;
    %store/vec4 v000001d9d066c2e0_0, 0, 8;
    %jmp T_22.256;
T_22.85 ;
    %pushi/vec4 252, 0, 8;
    %store/vec4 v000001d9d066c2e0_0, 0, 8;
    %jmp T_22.256;
T_22.86 ;
    %pushi/vec4 177, 0, 8;
    %store/vec4 v000001d9d066c2e0_0, 0, 8;
    %jmp T_22.256;
T_22.87 ;
    %pushi/vec4 91, 0, 8;
    %store/vec4 v000001d9d066c2e0_0, 0, 8;
    %jmp T_22.256;
T_22.88 ;
    %pushi/vec4 106, 0, 8;
    %store/vec4 v000001d9d066c2e0_0, 0, 8;
    %jmp T_22.256;
T_22.89 ;
    %pushi/vec4 203, 0, 8;
    %store/vec4 v000001d9d066c2e0_0, 0, 8;
    %jmp T_22.256;
T_22.90 ;
    %pushi/vec4 190, 0, 8;
    %store/vec4 v000001d9d066c2e0_0, 0, 8;
    %jmp T_22.256;
T_22.91 ;
    %pushi/vec4 57, 0, 8;
    %store/vec4 v000001d9d066c2e0_0, 0, 8;
    %jmp T_22.256;
T_22.92 ;
    %pushi/vec4 74, 0, 8;
    %store/vec4 v000001d9d066c2e0_0, 0, 8;
    %jmp T_22.256;
T_22.93 ;
    %pushi/vec4 76, 0, 8;
    %store/vec4 v000001d9d066c2e0_0, 0, 8;
    %jmp T_22.256;
T_22.94 ;
    %pushi/vec4 88, 0, 8;
    %store/vec4 v000001d9d066c2e0_0, 0, 8;
    %jmp T_22.256;
T_22.95 ;
    %pushi/vec4 207, 0, 8;
    %store/vec4 v000001d9d066c2e0_0, 0, 8;
    %jmp T_22.256;
T_22.96 ;
    %pushi/vec4 208, 0, 8;
    %store/vec4 v000001d9d066c2e0_0, 0, 8;
    %jmp T_22.256;
T_22.97 ;
    %pushi/vec4 239, 0, 8;
    %store/vec4 v000001d9d066c2e0_0, 0, 8;
    %jmp T_22.256;
T_22.98 ;
    %pushi/vec4 170, 0, 8;
    %store/vec4 v000001d9d066c2e0_0, 0, 8;
    %jmp T_22.256;
T_22.99 ;
    %pushi/vec4 251, 0, 8;
    %store/vec4 v000001d9d066c2e0_0, 0, 8;
    %jmp T_22.256;
T_22.100 ;
    %pushi/vec4 67, 0, 8;
    %store/vec4 v000001d9d066c2e0_0, 0, 8;
    %jmp T_22.256;
T_22.101 ;
    %pushi/vec4 77, 0, 8;
    %store/vec4 v000001d9d066c2e0_0, 0, 8;
    %jmp T_22.256;
T_22.102 ;
    %pushi/vec4 51, 0, 8;
    %store/vec4 v000001d9d066c2e0_0, 0, 8;
    %jmp T_22.256;
T_22.103 ;
    %pushi/vec4 133, 0, 8;
    %store/vec4 v000001d9d066c2e0_0, 0, 8;
    %jmp T_22.256;
T_22.104 ;
    %pushi/vec4 69, 0, 8;
    %store/vec4 v000001d9d066c2e0_0, 0, 8;
    %jmp T_22.256;
T_22.105 ;
    %pushi/vec4 249, 0, 8;
    %store/vec4 v000001d9d066c2e0_0, 0, 8;
    %jmp T_22.256;
T_22.106 ;
    %pushi/vec4 2, 0, 8;
    %store/vec4 v000001d9d066c2e0_0, 0, 8;
    %jmp T_22.256;
T_22.107 ;
    %pushi/vec4 127, 0, 8;
    %store/vec4 v000001d9d066c2e0_0, 0, 8;
    %jmp T_22.256;
T_22.108 ;
    %pushi/vec4 80, 0, 8;
    %store/vec4 v000001d9d066c2e0_0, 0, 8;
    %jmp T_22.256;
T_22.109 ;
    %pushi/vec4 60, 0, 8;
    %store/vec4 v000001d9d066c2e0_0, 0, 8;
    %jmp T_22.256;
T_22.110 ;
    %pushi/vec4 159, 0, 8;
    %store/vec4 v000001d9d066c2e0_0, 0, 8;
    %jmp T_22.256;
T_22.111 ;
    %pushi/vec4 168, 0, 8;
    %store/vec4 v000001d9d066c2e0_0, 0, 8;
    %jmp T_22.256;
T_22.112 ;
    %pushi/vec4 81, 0, 8;
    %store/vec4 v000001d9d066c2e0_0, 0, 8;
    %jmp T_22.256;
T_22.113 ;
    %pushi/vec4 163, 0, 8;
    %store/vec4 v000001d9d066c2e0_0, 0, 8;
    %jmp T_22.256;
T_22.114 ;
    %pushi/vec4 64, 0, 8;
    %store/vec4 v000001d9d066c2e0_0, 0, 8;
    %jmp T_22.256;
T_22.115 ;
    %pushi/vec4 143, 0, 8;
    %store/vec4 v000001d9d066c2e0_0, 0, 8;
    %jmp T_22.256;
T_22.116 ;
    %pushi/vec4 146, 0, 8;
    %store/vec4 v000001d9d066c2e0_0, 0, 8;
    %jmp T_22.256;
T_22.117 ;
    %pushi/vec4 157, 0, 8;
    %store/vec4 v000001d9d066c2e0_0, 0, 8;
    %jmp T_22.256;
T_22.118 ;
    %pushi/vec4 56, 0, 8;
    %store/vec4 v000001d9d066c2e0_0, 0, 8;
    %jmp T_22.256;
T_22.119 ;
    %pushi/vec4 245, 0, 8;
    %store/vec4 v000001d9d066c2e0_0, 0, 8;
    %jmp T_22.256;
T_22.120 ;
    %pushi/vec4 188, 0, 8;
    %store/vec4 v000001d9d066c2e0_0, 0, 8;
    %jmp T_22.256;
T_22.121 ;
    %pushi/vec4 182, 0, 8;
    %store/vec4 v000001d9d066c2e0_0, 0, 8;
    %jmp T_22.256;
T_22.122 ;
    %pushi/vec4 218, 0, 8;
    %store/vec4 v000001d9d066c2e0_0, 0, 8;
    %jmp T_22.256;
T_22.123 ;
    %pushi/vec4 33, 0, 8;
    %store/vec4 v000001d9d066c2e0_0, 0, 8;
    %jmp T_22.256;
T_22.124 ;
    %pushi/vec4 16, 0, 8;
    %store/vec4 v000001d9d066c2e0_0, 0, 8;
    %jmp T_22.256;
T_22.125 ;
    %pushi/vec4 255, 0, 8;
    %store/vec4 v000001d9d066c2e0_0, 0, 8;
    %jmp T_22.256;
T_22.126 ;
    %pushi/vec4 243, 0, 8;
    %store/vec4 v000001d9d066c2e0_0, 0, 8;
    %jmp T_22.256;
T_22.127 ;
    %pushi/vec4 210, 0, 8;
    %store/vec4 v000001d9d066c2e0_0, 0, 8;
    %jmp T_22.256;
T_22.128 ;
    %pushi/vec4 205, 0, 8;
    %store/vec4 v000001d9d066c2e0_0, 0, 8;
    %jmp T_22.256;
T_22.129 ;
    %pushi/vec4 12, 0, 8;
    %store/vec4 v000001d9d066c2e0_0, 0, 8;
    %jmp T_22.256;
T_22.130 ;
    %pushi/vec4 19, 0, 8;
    %store/vec4 v000001d9d066c2e0_0, 0, 8;
    %jmp T_22.256;
T_22.131 ;
    %pushi/vec4 236, 0, 8;
    %store/vec4 v000001d9d066c2e0_0, 0, 8;
    %jmp T_22.256;
T_22.132 ;
    %pushi/vec4 95, 0, 8;
    %store/vec4 v000001d9d066c2e0_0, 0, 8;
    %jmp T_22.256;
T_22.133 ;
    %pushi/vec4 151, 0, 8;
    %store/vec4 v000001d9d066c2e0_0, 0, 8;
    %jmp T_22.256;
T_22.134 ;
    %pushi/vec4 68, 0, 8;
    %store/vec4 v000001d9d066c2e0_0, 0, 8;
    %jmp T_22.256;
T_22.135 ;
    %pushi/vec4 23, 0, 8;
    %store/vec4 v000001d9d066c2e0_0, 0, 8;
    %jmp T_22.256;
T_22.136 ;
    %pushi/vec4 196, 0, 8;
    %store/vec4 v000001d9d066c2e0_0, 0, 8;
    %jmp T_22.256;
T_22.137 ;
    %pushi/vec4 167, 0, 8;
    %store/vec4 v000001d9d066c2e0_0, 0, 8;
    %jmp T_22.256;
T_22.138 ;
    %pushi/vec4 126, 0, 8;
    %store/vec4 v000001d9d066c2e0_0, 0, 8;
    %jmp T_22.256;
T_22.139 ;
    %pushi/vec4 61, 0, 8;
    %store/vec4 v000001d9d066c2e0_0, 0, 8;
    %jmp T_22.256;
T_22.140 ;
    %pushi/vec4 100, 0, 8;
    %store/vec4 v000001d9d066c2e0_0, 0, 8;
    %jmp T_22.256;
T_22.141 ;
    %pushi/vec4 93, 0, 8;
    %store/vec4 v000001d9d066c2e0_0, 0, 8;
    %jmp T_22.256;
T_22.142 ;
    %pushi/vec4 25, 0, 8;
    %store/vec4 v000001d9d066c2e0_0, 0, 8;
    %jmp T_22.256;
T_22.143 ;
    %pushi/vec4 115, 0, 8;
    %store/vec4 v000001d9d066c2e0_0, 0, 8;
    %jmp T_22.256;
T_22.144 ;
    %pushi/vec4 96, 0, 8;
    %store/vec4 v000001d9d066c2e0_0, 0, 8;
    %jmp T_22.256;
T_22.145 ;
    %pushi/vec4 129, 0, 8;
    %store/vec4 v000001d9d066c2e0_0, 0, 8;
    %jmp T_22.256;
T_22.146 ;
    %pushi/vec4 79, 0, 8;
    %store/vec4 v000001d9d066c2e0_0, 0, 8;
    %jmp T_22.256;
T_22.147 ;
    %pushi/vec4 220, 0, 8;
    %store/vec4 v000001d9d066c2e0_0, 0, 8;
    %jmp T_22.256;
T_22.148 ;
    %pushi/vec4 34, 0, 8;
    %store/vec4 v000001d9d066c2e0_0, 0, 8;
    %jmp T_22.256;
T_22.149 ;
    %pushi/vec4 42, 0, 8;
    %store/vec4 v000001d9d066c2e0_0, 0, 8;
    %jmp T_22.256;
T_22.150 ;
    %pushi/vec4 144, 0, 8;
    %store/vec4 v000001d9d066c2e0_0, 0, 8;
    %jmp T_22.256;
T_22.151 ;
    %pushi/vec4 136, 0, 8;
    %store/vec4 v000001d9d066c2e0_0, 0, 8;
    %jmp T_22.256;
T_22.152 ;
    %pushi/vec4 70, 0, 8;
    %store/vec4 v000001d9d066c2e0_0, 0, 8;
    %jmp T_22.256;
T_22.153 ;
    %pushi/vec4 238, 0, 8;
    %store/vec4 v000001d9d066c2e0_0, 0, 8;
    %jmp T_22.256;
T_22.154 ;
    %pushi/vec4 184, 0, 8;
    %store/vec4 v000001d9d066c2e0_0, 0, 8;
    %jmp T_22.256;
T_22.155 ;
    %pushi/vec4 20, 0, 8;
    %store/vec4 v000001d9d066c2e0_0, 0, 8;
    %jmp T_22.256;
T_22.156 ;
    %pushi/vec4 222, 0, 8;
    %store/vec4 v000001d9d066c2e0_0, 0, 8;
    %jmp T_22.256;
T_22.157 ;
    %pushi/vec4 94, 0, 8;
    %store/vec4 v000001d9d066c2e0_0, 0, 8;
    %jmp T_22.256;
T_22.158 ;
    %pushi/vec4 11, 0, 8;
    %store/vec4 v000001d9d066c2e0_0, 0, 8;
    %jmp T_22.256;
T_22.159 ;
    %pushi/vec4 219, 0, 8;
    %store/vec4 v000001d9d066c2e0_0, 0, 8;
    %jmp T_22.256;
T_22.160 ;
    %pushi/vec4 224, 0, 8;
    %store/vec4 v000001d9d066c2e0_0, 0, 8;
    %jmp T_22.256;
T_22.161 ;
    %pushi/vec4 50, 0, 8;
    %store/vec4 v000001d9d066c2e0_0, 0, 8;
    %jmp T_22.256;
T_22.162 ;
    %pushi/vec4 58, 0, 8;
    %store/vec4 v000001d9d066c2e0_0, 0, 8;
    %jmp T_22.256;
T_22.163 ;
    %pushi/vec4 10, 0, 8;
    %store/vec4 v000001d9d066c2e0_0, 0, 8;
    %jmp T_22.256;
T_22.164 ;
    %pushi/vec4 73, 0, 8;
    %store/vec4 v000001d9d066c2e0_0, 0, 8;
    %jmp T_22.256;
T_22.165 ;
    %pushi/vec4 6, 0, 8;
    %store/vec4 v000001d9d066c2e0_0, 0, 8;
    %jmp T_22.256;
T_22.166 ;
    %pushi/vec4 36, 0, 8;
    %store/vec4 v000001d9d066c2e0_0, 0, 8;
    %jmp T_22.256;
T_22.167 ;
    %pushi/vec4 92, 0, 8;
    %store/vec4 v000001d9d066c2e0_0, 0, 8;
    %jmp T_22.256;
T_22.168 ;
    %pushi/vec4 194, 0, 8;
    %store/vec4 v000001d9d066c2e0_0, 0, 8;
    %jmp T_22.256;
T_22.169 ;
    %pushi/vec4 211, 0, 8;
    %store/vec4 v000001d9d066c2e0_0, 0, 8;
    %jmp T_22.256;
T_22.170 ;
    %pushi/vec4 172, 0, 8;
    %store/vec4 v000001d9d066c2e0_0, 0, 8;
    %jmp T_22.256;
T_22.171 ;
    %pushi/vec4 98, 0, 8;
    %store/vec4 v000001d9d066c2e0_0, 0, 8;
    %jmp T_22.256;
T_22.172 ;
    %pushi/vec4 145, 0, 8;
    %store/vec4 v000001d9d066c2e0_0, 0, 8;
    %jmp T_22.256;
T_22.173 ;
    %pushi/vec4 149, 0, 8;
    %store/vec4 v000001d9d066c2e0_0, 0, 8;
    %jmp T_22.256;
T_22.174 ;
    %pushi/vec4 228, 0, 8;
    %store/vec4 v000001d9d066c2e0_0, 0, 8;
    %jmp T_22.256;
T_22.175 ;
    %pushi/vec4 121, 0, 8;
    %store/vec4 v000001d9d066c2e0_0, 0, 8;
    %jmp T_22.256;
T_22.176 ;
    %pushi/vec4 231, 0, 8;
    %store/vec4 v000001d9d066c2e0_0, 0, 8;
    %jmp T_22.256;
T_22.177 ;
    %pushi/vec4 200, 0, 8;
    %store/vec4 v000001d9d066c2e0_0, 0, 8;
    %jmp T_22.256;
T_22.178 ;
    %pushi/vec4 55, 0, 8;
    %store/vec4 v000001d9d066c2e0_0, 0, 8;
    %jmp T_22.256;
T_22.179 ;
    %pushi/vec4 109, 0, 8;
    %store/vec4 v000001d9d066c2e0_0, 0, 8;
    %jmp T_22.256;
T_22.180 ;
    %pushi/vec4 141, 0, 8;
    %store/vec4 v000001d9d066c2e0_0, 0, 8;
    %jmp T_22.256;
T_22.181 ;
    %pushi/vec4 213, 0, 8;
    %store/vec4 v000001d9d066c2e0_0, 0, 8;
    %jmp T_22.256;
T_22.182 ;
    %pushi/vec4 78, 0, 8;
    %store/vec4 v000001d9d066c2e0_0, 0, 8;
    %jmp T_22.256;
T_22.183 ;
    %pushi/vec4 169, 0, 8;
    %store/vec4 v000001d9d066c2e0_0, 0, 8;
    %jmp T_22.256;
T_22.184 ;
    %pushi/vec4 108, 0, 8;
    %store/vec4 v000001d9d066c2e0_0, 0, 8;
    %jmp T_22.256;
T_22.185 ;
    %pushi/vec4 86, 0, 8;
    %store/vec4 v000001d9d066c2e0_0, 0, 8;
    %jmp T_22.256;
T_22.186 ;
    %pushi/vec4 244, 0, 8;
    %store/vec4 v000001d9d066c2e0_0, 0, 8;
    %jmp T_22.256;
T_22.187 ;
    %pushi/vec4 234, 0, 8;
    %store/vec4 v000001d9d066c2e0_0, 0, 8;
    %jmp T_22.256;
T_22.188 ;
    %pushi/vec4 101, 0, 8;
    %store/vec4 v000001d9d066c2e0_0, 0, 8;
    %jmp T_22.256;
T_22.189 ;
    %pushi/vec4 122, 0, 8;
    %store/vec4 v000001d9d066c2e0_0, 0, 8;
    %jmp T_22.256;
T_22.190 ;
    %pushi/vec4 174, 0, 8;
    %store/vec4 v000001d9d066c2e0_0, 0, 8;
    %jmp T_22.256;
T_22.191 ;
    %pushi/vec4 8, 0, 8;
    %store/vec4 v000001d9d066c2e0_0, 0, 8;
    %jmp T_22.256;
T_22.192 ;
    %pushi/vec4 186, 0, 8;
    %store/vec4 v000001d9d066c2e0_0, 0, 8;
    %jmp T_22.256;
T_22.193 ;
    %pushi/vec4 120, 0, 8;
    %store/vec4 v000001d9d066c2e0_0, 0, 8;
    %jmp T_22.256;
T_22.194 ;
    %pushi/vec4 37, 0, 8;
    %store/vec4 v000001d9d066c2e0_0, 0, 8;
    %jmp T_22.256;
T_22.195 ;
    %pushi/vec4 46, 0, 8;
    %store/vec4 v000001d9d066c2e0_0, 0, 8;
    %jmp T_22.256;
T_22.196 ;
    %pushi/vec4 28, 0, 8;
    %store/vec4 v000001d9d066c2e0_0, 0, 8;
    %jmp T_22.256;
T_22.197 ;
    %pushi/vec4 166, 0, 8;
    %store/vec4 v000001d9d066c2e0_0, 0, 8;
    %jmp T_22.256;
T_22.198 ;
    %pushi/vec4 180, 0, 8;
    %store/vec4 v000001d9d066c2e0_0, 0, 8;
    %jmp T_22.256;
T_22.199 ;
    %pushi/vec4 198, 0, 8;
    %store/vec4 v000001d9d066c2e0_0, 0, 8;
    %jmp T_22.256;
T_22.200 ;
    %pushi/vec4 232, 0, 8;
    %store/vec4 v000001d9d066c2e0_0, 0, 8;
    %jmp T_22.256;
T_22.201 ;
    %pushi/vec4 221, 0, 8;
    %store/vec4 v000001d9d066c2e0_0, 0, 8;
    %jmp T_22.256;
T_22.202 ;
    %pushi/vec4 116, 0, 8;
    %store/vec4 v000001d9d066c2e0_0, 0, 8;
    %jmp T_22.256;
T_22.203 ;
    %pushi/vec4 31, 0, 8;
    %store/vec4 v000001d9d066c2e0_0, 0, 8;
    %jmp T_22.256;
T_22.204 ;
    %pushi/vec4 75, 0, 8;
    %store/vec4 v000001d9d066c2e0_0, 0, 8;
    %jmp T_22.256;
T_22.205 ;
    %pushi/vec4 189, 0, 8;
    %store/vec4 v000001d9d066c2e0_0, 0, 8;
    %jmp T_22.256;
T_22.206 ;
    %pushi/vec4 139, 0, 8;
    %store/vec4 v000001d9d066c2e0_0, 0, 8;
    %jmp T_22.256;
T_22.207 ;
    %pushi/vec4 138, 0, 8;
    %store/vec4 v000001d9d066c2e0_0, 0, 8;
    %jmp T_22.256;
T_22.208 ;
    %pushi/vec4 112, 0, 8;
    %store/vec4 v000001d9d066c2e0_0, 0, 8;
    %jmp T_22.256;
T_22.209 ;
    %pushi/vec4 62, 0, 8;
    %store/vec4 v000001d9d066c2e0_0, 0, 8;
    %jmp T_22.256;
T_22.210 ;
    %pushi/vec4 181, 0, 8;
    %store/vec4 v000001d9d066c2e0_0, 0, 8;
    %jmp T_22.256;
T_22.211 ;
    %pushi/vec4 102, 0, 8;
    %store/vec4 v000001d9d066c2e0_0, 0, 8;
    %jmp T_22.256;
T_22.212 ;
    %pushi/vec4 72, 0, 8;
    %store/vec4 v000001d9d066c2e0_0, 0, 8;
    %jmp T_22.256;
T_22.213 ;
    %pushi/vec4 3, 0, 8;
    %store/vec4 v000001d9d066c2e0_0, 0, 8;
    %jmp T_22.256;
T_22.214 ;
    %pushi/vec4 246, 0, 8;
    %store/vec4 v000001d9d066c2e0_0, 0, 8;
    %jmp T_22.256;
T_22.215 ;
    %pushi/vec4 14, 0, 8;
    %store/vec4 v000001d9d066c2e0_0, 0, 8;
    %jmp T_22.256;
T_22.216 ;
    %pushi/vec4 97, 0, 8;
    %store/vec4 v000001d9d066c2e0_0, 0, 8;
    %jmp T_22.256;
T_22.217 ;
    %pushi/vec4 53, 0, 8;
    %store/vec4 v000001d9d066c2e0_0, 0, 8;
    %jmp T_22.256;
T_22.218 ;
    %pushi/vec4 87, 0, 8;
    %store/vec4 v000001d9d066c2e0_0, 0, 8;
    %jmp T_22.256;
T_22.219 ;
    %pushi/vec4 185, 0, 8;
    %store/vec4 v000001d9d066c2e0_0, 0, 8;
    %jmp T_22.256;
T_22.220 ;
    %pushi/vec4 134, 0, 8;
    %store/vec4 v000001d9d066c2e0_0, 0, 8;
    %jmp T_22.256;
T_22.221 ;
    %pushi/vec4 193, 0, 8;
    %store/vec4 v000001d9d066c2e0_0, 0, 8;
    %jmp T_22.256;
T_22.222 ;
    %pushi/vec4 29, 0, 8;
    %store/vec4 v000001d9d066c2e0_0, 0, 8;
    %jmp T_22.256;
T_22.223 ;
    %pushi/vec4 158, 0, 8;
    %store/vec4 v000001d9d066c2e0_0, 0, 8;
    %jmp T_22.256;
T_22.224 ;
    %pushi/vec4 225, 0, 8;
    %store/vec4 v000001d9d066c2e0_0, 0, 8;
    %jmp T_22.256;
T_22.225 ;
    %pushi/vec4 248, 0, 8;
    %store/vec4 v000001d9d066c2e0_0, 0, 8;
    %jmp T_22.256;
T_22.226 ;
    %pushi/vec4 152, 0, 8;
    %store/vec4 v000001d9d066c2e0_0, 0, 8;
    %jmp T_22.256;
T_22.227 ;
    %pushi/vec4 17, 0, 8;
    %store/vec4 v000001d9d066c2e0_0, 0, 8;
    %jmp T_22.256;
T_22.228 ;
    %pushi/vec4 105, 0, 8;
    %store/vec4 v000001d9d066c2e0_0, 0, 8;
    %jmp T_22.256;
T_22.229 ;
    %pushi/vec4 217, 0, 8;
    %store/vec4 v000001d9d066c2e0_0, 0, 8;
    %jmp T_22.256;
T_22.230 ;
    %pushi/vec4 142, 0, 8;
    %store/vec4 v000001d9d066c2e0_0, 0, 8;
    %jmp T_22.256;
T_22.231 ;
    %pushi/vec4 148, 0, 8;
    %store/vec4 v000001d9d066c2e0_0, 0, 8;
    %jmp T_22.256;
T_22.232 ;
    %pushi/vec4 155, 0, 8;
    %store/vec4 v000001d9d066c2e0_0, 0, 8;
    %jmp T_22.256;
T_22.233 ;
    %pushi/vec4 30, 0, 8;
    %store/vec4 v000001d9d066c2e0_0, 0, 8;
    %jmp T_22.256;
T_22.234 ;
    %pushi/vec4 135, 0, 8;
    %store/vec4 v000001d9d066c2e0_0, 0, 8;
    %jmp T_22.256;
T_22.235 ;
    %pushi/vec4 233, 0, 8;
    %store/vec4 v000001d9d066c2e0_0, 0, 8;
    %jmp T_22.256;
T_22.236 ;
    %pushi/vec4 206, 0, 8;
    %store/vec4 v000001d9d066c2e0_0, 0, 8;
    %jmp T_22.256;
T_22.237 ;
    %pushi/vec4 85, 0, 8;
    %store/vec4 v000001d9d066c2e0_0, 0, 8;
    %jmp T_22.256;
T_22.238 ;
    %pushi/vec4 40, 0, 8;
    %store/vec4 v000001d9d066c2e0_0, 0, 8;
    %jmp T_22.256;
T_22.239 ;
    %pushi/vec4 223, 0, 8;
    %store/vec4 v000001d9d066c2e0_0, 0, 8;
    %jmp T_22.256;
T_22.240 ;
    %pushi/vec4 140, 0, 8;
    %store/vec4 v000001d9d066c2e0_0, 0, 8;
    %jmp T_22.256;
T_22.241 ;
    %pushi/vec4 161, 0, 8;
    %store/vec4 v000001d9d066c2e0_0, 0, 8;
    %jmp T_22.256;
T_22.242 ;
    %pushi/vec4 137, 0, 8;
    %store/vec4 v000001d9d066c2e0_0, 0, 8;
    %jmp T_22.256;
T_22.243 ;
    %pushi/vec4 13, 0, 8;
    %store/vec4 v000001d9d066c2e0_0, 0, 8;
    %jmp T_22.256;
T_22.244 ;
    %pushi/vec4 191, 0, 8;
    %store/vec4 v000001d9d066c2e0_0, 0, 8;
    %jmp T_22.256;
T_22.245 ;
    %pushi/vec4 230, 0, 8;
    %store/vec4 v000001d9d066c2e0_0, 0, 8;
    %jmp T_22.256;
T_22.246 ;
    %pushi/vec4 66, 0, 8;
    %store/vec4 v000001d9d066c2e0_0, 0, 8;
    %jmp T_22.256;
T_22.247 ;
    %pushi/vec4 104, 0, 8;
    %store/vec4 v000001d9d066c2e0_0, 0, 8;
    %jmp T_22.256;
T_22.248 ;
    %pushi/vec4 65, 0, 8;
    %store/vec4 v000001d9d066c2e0_0, 0, 8;
    %jmp T_22.256;
T_22.249 ;
    %pushi/vec4 153, 0, 8;
    %store/vec4 v000001d9d066c2e0_0, 0, 8;
    %jmp T_22.256;
T_22.250 ;
    %pushi/vec4 45, 0, 8;
    %store/vec4 v000001d9d066c2e0_0, 0, 8;
    %jmp T_22.256;
T_22.251 ;
    %pushi/vec4 15, 0, 8;
    %store/vec4 v000001d9d066c2e0_0, 0, 8;
    %jmp T_22.256;
T_22.252 ;
    %pushi/vec4 176, 0, 8;
    %store/vec4 v000001d9d066c2e0_0, 0, 8;
    %jmp T_22.256;
T_22.253 ;
    %pushi/vec4 84, 0, 8;
    %store/vec4 v000001d9d066c2e0_0, 0, 8;
    %jmp T_22.256;
T_22.254 ;
    %pushi/vec4 187, 0, 8;
    %store/vec4 v000001d9d066c2e0_0, 0, 8;
    %jmp T_22.256;
T_22.255 ;
    %pushi/vec4 22, 0, 8;
    %store/vec4 v000001d9d066c2e0_0, 0, 8;
    %jmp T_22.256;
T_22.256 ;
    %pop/vec4 1;
    %jmp T_22;
    .thread T_22, $push;
    .scope S_000001d9d06770b0;
T_23 ;
    %wait E_000001d9d05b8020;
    %load/vec4 v000001d9d066bf20_0;
    %dup/vec4;
    %pushi/vec4 0, 0, 8;
    %cmp/u;
    %jmp/1 T_23.0, 6;
    %dup/vec4;
    %pushi/vec4 1, 0, 8;
    %cmp/u;
    %jmp/1 T_23.1, 6;
    %dup/vec4;
    %pushi/vec4 2, 0, 8;
    %cmp/u;
    %jmp/1 T_23.2, 6;
    %dup/vec4;
    %pushi/vec4 3, 0, 8;
    %cmp/u;
    %jmp/1 T_23.3, 6;
    %dup/vec4;
    %pushi/vec4 4, 0, 8;
    %cmp/u;
    %jmp/1 T_23.4, 6;
    %dup/vec4;
    %pushi/vec4 5, 0, 8;
    %cmp/u;
    %jmp/1 T_23.5, 6;
    %dup/vec4;
    %pushi/vec4 6, 0, 8;
    %cmp/u;
    %jmp/1 T_23.6, 6;
    %dup/vec4;
    %pushi/vec4 7, 0, 8;
    %cmp/u;
    %jmp/1 T_23.7, 6;
    %dup/vec4;
    %pushi/vec4 8, 0, 8;
    %cmp/u;
    %jmp/1 T_23.8, 6;
    %dup/vec4;
    %pushi/vec4 9, 0, 8;
    %cmp/u;
    %jmp/1 T_23.9, 6;
    %dup/vec4;
    %pushi/vec4 10, 0, 8;
    %cmp/u;
    %jmp/1 T_23.10, 6;
    %dup/vec4;
    %pushi/vec4 11, 0, 8;
    %cmp/u;
    %jmp/1 T_23.11, 6;
    %dup/vec4;
    %pushi/vec4 12, 0, 8;
    %cmp/u;
    %jmp/1 T_23.12, 6;
    %dup/vec4;
    %pushi/vec4 13, 0, 8;
    %cmp/u;
    %jmp/1 T_23.13, 6;
    %dup/vec4;
    %pushi/vec4 14, 0, 8;
    %cmp/u;
    %jmp/1 T_23.14, 6;
    %dup/vec4;
    %pushi/vec4 15, 0, 8;
    %cmp/u;
    %jmp/1 T_23.15, 6;
    %dup/vec4;
    %pushi/vec4 16, 0, 8;
    %cmp/u;
    %jmp/1 T_23.16, 6;
    %dup/vec4;
    %pushi/vec4 17, 0, 8;
    %cmp/u;
    %jmp/1 T_23.17, 6;
    %dup/vec4;
    %pushi/vec4 18, 0, 8;
    %cmp/u;
    %jmp/1 T_23.18, 6;
    %dup/vec4;
    %pushi/vec4 19, 0, 8;
    %cmp/u;
    %jmp/1 T_23.19, 6;
    %dup/vec4;
    %pushi/vec4 20, 0, 8;
    %cmp/u;
    %jmp/1 T_23.20, 6;
    %dup/vec4;
    %pushi/vec4 21, 0, 8;
    %cmp/u;
    %jmp/1 T_23.21, 6;
    %dup/vec4;
    %pushi/vec4 22, 0, 8;
    %cmp/u;
    %jmp/1 T_23.22, 6;
    %dup/vec4;
    %pushi/vec4 23, 0, 8;
    %cmp/u;
    %jmp/1 T_23.23, 6;
    %dup/vec4;
    %pushi/vec4 24, 0, 8;
    %cmp/u;
    %jmp/1 T_23.24, 6;
    %dup/vec4;
    %pushi/vec4 25, 0, 8;
    %cmp/u;
    %jmp/1 T_23.25, 6;
    %dup/vec4;
    %pushi/vec4 26, 0, 8;
    %cmp/u;
    %jmp/1 T_23.26, 6;
    %dup/vec4;
    %pushi/vec4 27, 0, 8;
    %cmp/u;
    %jmp/1 T_23.27, 6;
    %dup/vec4;
    %pushi/vec4 28, 0, 8;
    %cmp/u;
    %jmp/1 T_23.28, 6;
    %dup/vec4;
    %pushi/vec4 29, 0, 8;
    %cmp/u;
    %jmp/1 T_23.29, 6;
    %dup/vec4;
    %pushi/vec4 30, 0, 8;
    %cmp/u;
    %jmp/1 T_23.30, 6;
    %dup/vec4;
    %pushi/vec4 31, 0, 8;
    %cmp/u;
    %jmp/1 T_23.31, 6;
    %dup/vec4;
    %pushi/vec4 32, 0, 8;
    %cmp/u;
    %jmp/1 T_23.32, 6;
    %dup/vec4;
    %pushi/vec4 33, 0, 8;
    %cmp/u;
    %jmp/1 T_23.33, 6;
    %dup/vec4;
    %pushi/vec4 34, 0, 8;
    %cmp/u;
    %jmp/1 T_23.34, 6;
    %dup/vec4;
    %pushi/vec4 35, 0, 8;
    %cmp/u;
    %jmp/1 T_23.35, 6;
    %dup/vec4;
    %pushi/vec4 36, 0, 8;
    %cmp/u;
    %jmp/1 T_23.36, 6;
    %dup/vec4;
    %pushi/vec4 37, 0, 8;
    %cmp/u;
    %jmp/1 T_23.37, 6;
    %dup/vec4;
    %pushi/vec4 38, 0, 8;
    %cmp/u;
    %jmp/1 T_23.38, 6;
    %dup/vec4;
    %pushi/vec4 39, 0, 8;
    %cmp/u;
    %jmp/1 T_23.39, 6;
    %dup/vec4;
    %pushi/vec4 40, 0, 8;
    %cmp/u;
    %jmp/1 T_23.40, 6;
    %dup/vec4;
    %pushi/vec4 41, 0, 8;
    %cmp/u;
    %jmp/1 T_23.41, 6;
    %dup/vec4;
    %pushi/vec4 42, 0, 8;
    %cmp/u;
    %jmp/1 T_23.42, 6;
    %dup/vec4;
    %pushi/vec4 43, 0, 8;
    %cmp/u;
    %jmp/1 T_23.43, 6;
    %dup/vec4;
    %pushi/vec4 44, 0, 8;
    %cmp/u;
    %jmp/1 T_23.44, 6;
    %dup/vec4;
    %pushi/vec4 45, 0, 8;
    %cmp/u;
    %jmp/1 T_23.45, 6;
    %dup/vec4;
    %pushi/vec4 46, 0, 8;
    %cmp/u;
    %jmp/1 T_23.46, 6;
    %dup/vec4;
    %pushi/vec4 47, 0, 8;
    %cmp/u;
    %jmp/1 T_23.47, 6;
    %dup/vec4;
    %pushi/vec4 48, 0, 8;
    %cmp/u;
    %jmp/1 T_23.48, 6;
    %dup/vec4;
    %pushi/vec4 49, 0, 8;
    %cmp/u;
    %jmp/1 T_23.49, 6;
    %dup/vec4;
    %pushi/vec4 50, 0, 8;
    %cmp/u;
    %jmp/1 T_23.50, 6;
    %dup/vec4;
    %pushi/vec4 51, 0, 8;
    %cmp/u;
    %jmp/1 T_23.51, 6;
    %dup/vec4;
    %pushi/vec4 52, 0, 8;
    %cmp/u;
    %jmp/1 T_23.52, 6;
    %dup/vec4;
    %pushi/vec4 53, 0, 8;
    %cmp/u;
    %jmp/1 T_23.53, 6;
    %dup/vec4;
    %pushi/vec4 54, 0, 8;
    %cmp/u;
    %jmp/1 T_23.54, 6;
    %dup/vec4;
    %pushi/vec4 55, 0, 8;
    %cmp/u;
    %jmp/1 T_23.55, 6;
    %dup/vec4;
    %pushi/vec4 56, 0, 8;
    %cmp/u;
    %jmp/1 T_23.56, 6;
    %dup/vec4;
    %pushi/vec4 57, 0, 8;
    %cmp/u;
    %jmp/1 T_23.57, 6;
    %dup/vec4;
    %pushi/vec4 58, 0, 8;
    %cmp/u;
    %jmp/1 T_23.58, 6;
    %dup/vec4;
    %pushi/vec4 59, 0, 8;
    %cmp/u;
    %jmp/1 T_23.59, 6;
    %dup/vec4;
    %pushi/vec4 60, 0, 8;
    %cmp/u;
    %jmp/1 T_23.60, 6;
    %dup/vec4;
    %pushi/vec4 61, 0, 8;
    %cmp/u;
    %jmp/1 T_23.61, 6;
    %dup/vec4;
    %pushi/vec4 62, 0, 8;
    %cmp/u;
    %jmp/1 T_23.62, 6;
    %dup/vec4;
    %pushi/vec4 63, 0, 8;
    %cmp/u;
    %jmp/1 T_23.63, 6;
    %dup/vec4;
    %pushi/vec4 64, 0, 8;
    %cmp/u;
    %jmp/1 T_23.64, 6;
    %dup/vec4;
    %pushi/vec4 65, 0, 8;
    %cmp/u;
    %jmp/1 T_23.65, 6;
    %dup/vec4;
    %pushi/vec4 66, 0, 8;
    %cmp/u;
    %jmp/1 T_23.66, 6;
    %dup/vec4;
    %pushi/vec4 67, 0, 8;
    %cmp/u;
    %jmp/1 T_23.67, 6;
    %dup/vec4;
    %pushi/vec4 68, 0, 8;
    %cmp/u;
    %jmp/1 T_23.68, 6;
    %dup/vec4;
    %pushi/vec4 69, 0, 8;
    %cmp/u;
    %jmp/1 T_23.69, 6;
    %dup/vec4;
    %pushi/vec4 70, 0, 8;
    %cmp/u;
    %jmp/1 T_23.70, 6;
    %dup/vec4;
    %pushi/vec4 71, 0, 8;
    %cmp/u;
    %jmp/1 T_23.71, 6;
    %dup/vec4;
    %pushi/vec4 72, 0, 8;
    %cmp/u;
    %jmp/1 T_23.72, 6;
    %dup/vec4;
    %pushi/vec4 73, 0, 8;
    %cmp/u;
    %jmp/1 T_23.73, 6;
    %dup/vec4;
    %pushi/vec4 74, 0, 8;
    %cmp/u;
    %jmp/1 T_23.74, 6;
    %dup/vec4;
    %pushi/vec4 75, 0, 8;
    %cmp/u;
    %jmp/1 T_23.75, 6;
    %dup/vec4;
    %pushi/vec4 76, 0, 8;
    %cmp/u;
    %jmp/1 T_23.76, 6;
    %dup/vec4;
    %pushi/vec4 77, 0, 8;
    %cmp/u;
    %jmp/1 T_23.77, 6;
    %dup/vec4;
    %pushi/vec4 78, 0, 8;
    %cmp/u;
    %jmp/1 T_23.78, 6;
    %dup/vec4;
    %pushi/vec4 79, 0, 8;
    %cmp/u;
    %jmp/1 T_23.79, 6;
    %dup/vec4;
    %pushi/vec4 80, 0, 8;
    %cmp/u;
    %jmp/1 T_23.80, 6;
    %dup/vec4;
    %pushi/vec4 81, 0, 8;
    %cmp/u;
    %jmp/1 T_23.81, 6;
    %dup/vec4;
    %pushi/vec4 82, 0, 8;
    %cmp/u;
    %jmp/1 T_23.82, 6;
    %dup/vec4;
    %pushi/vec4 83, 0, 8;
    %cmp/u;
    %jmp/1 T_23.83, 6;
    %dup/vec4;
    %pushi/vec4 84, 0, 8;
    %cmp/u;
    %jmp/1 T_23.84, 6;
    %dup/vec4;
    %pushi/vec4 85, 0, 8;
    %cmp/u;
    %jmp/1 T_23.85, 6;
    %dup/vec4;
    %pushi/vec4 86, 0, 8;
    %cmp/u;
    %jmp/1 T_23.86, 6;
    %dup/vec4;
    %pushi/vec4 87, 0, 8;
    %cmp/u;
    %jmp/1 T_23.87, 6;
    %dup/vec4;
    %pushi/vec4 88, 0, 8;
    %cmp/u;
    %jmp/1 T_23.88, 6;
    %dup/vec4;
    %pushi/vec4 89, 0, 8;
    %cmp/u;
    %jmp/1 T_23.89, 6;
    %dup/vec4;
    %pushi/vec4 90, 0, 8;
    %cmp/u;
    %jmp/1 T_23.90, 6;
    %dup/vec4;
    %pushi/vec4 91, 0, 8;
    %cmp/u;
    %jmp/1 T_23.91, 6;
    %dup/vec4;
    %pushi/vec4 92, 0, 8;
    %cmp/u;
    %jmp/1 T_23.92, 6;
    %dup/vec4;
    %pushi/vec4 93, 0, 8;
    %cmp/u;
    %jmp/1 T_23.93, 6;
    %dup/vec4;
    %pushi/vec4 94, 0, 8;
    %cmp/u;
    %jmp/1 T_23.94, 6;
    %dup/vec4;
    %pushi/vec4 95, 0, 8;
    %cmp/u;
    %jmp/1 T_23.95, 6;
    %dup/vec4;
    %pushi/vec4 96, 0, 8;
    %cmp/u;
    %jmp/1 T_23.96, 6;
    %dup/vec4;
    %pushi/vec4 97, 0, 8;
    %cmp/u;
    %jmp/1 T_23.97, 6;
    %dup/vec4;
    %pushi/vec4 98, 0, 8;
    %cmp/u;
    %jmp/1 T_23.98, 6;
    %dup/vec4;
    %pushi/vec4 99, 0, 8;
    %cmp/u;
    %jmp/1 T_23.99, 6;
    %dup/vec4;
    %pushi/vec4 100, 0, 8;
    %cmp/u;
    %jmp/1 T_23.100, 6;
    %dup/vec4;
    %pushi/vec4 101, 0, 8;
    %cmp/u;
    %jmp/1 T_23.101, 6;
    %dup/vec4;
    %pushi/vec4 102, 0, 8;
    %cmp/u;
    %jmp/1 T_23.102, 6;
    %dup/vec4;
    %pushi/vec4 103, 0, 8;
    %cmp/u;
    %jmp/1 T_23.103, 6;
    %dup/vec4;
    %pushi/vec4 104, 0, 8;
    %cmp/u;
    %jmp/1 T_23.104, 6;
    %dup/vec4;
    %pushi/vec4 105, 0, 8;
    %cmp/u;
    %jmp/1 T_23.105, 6;
    %dup/vec4;
    %pushi/vec4 106, 0, 8;
    %cmp/u;
    %jmp/1 T_23.106, 6;
    %dup/vec4;
    %pushi/vec4 107, 0, 8;
    %cmp/u;
    %jmp/1 T_23.107, 6;
    %dup/vec4;
    %pushi/vec4 108, 0, 8;
    %cmp/u;
    %jmp/1 T_23.108, 6;
    %dup/vec4;
    %pushi/vec4 109, 0, 8;
    %cmp/u;
    %jmp/1 T_23.109, 6;
    %dup/vec4;
    %pushi/vec4 110, 0, 8;
    %cmp/u;
    %jmp/1 T_23.110, 6;
    %dup/vec4;
    %pushi/vec4 111, 0, 8;
    %cmp/u;
    %jmp/1 T_23.111, 6;
    %dup/vec4;
    %pushi/vec4 112, 0, 8;
    %cmp/u;
    %jmp/1 T_23.112, 6;
    %dup/vec4;
    %pushi/vec4 113, 0, 8;
    %cmp/u;
    %jmp/1 T_23.113, 6;
    %dup/vec4;
    %pushi/vec4 114, 0, 8;
    %cmp/u;
    %jmp/1 T_23.114, 6;
    %dup/vec4;
    %pushi/vec4 115, 0, 8;
    %cmp/u;
    %jmp/1 T_23.115, 6;
    %dup/vec4;
    %pushi/vec4 116, 0, 8;
    %cmp/u;
    %jmp/1 T_23.116, 6;
    %dup/vec4;
    %pushi/vec4 117, 0, 8;
    %cmp/u;
    %jmp/1 T_23.117, 6;
    %dup/vec4;
    %pushi/vec4 118, 0, 8;
    %cmp/u;
    %jmp/1 T_23.118, 6;
    %dup/vec4;
    %pushi/vec4 119, 0, 8;
    %cmp/u;
    %jmp/1 T_23.119, 6;
    %dup/vec4;
    %pushi/vec4 120, 0, 8;
    %cmp/u;
    %jmp/1 T_23.120, 6;
    %dup/vec4;
    %pushi/vec4 121, 0, 8;
    %cmp/u;
    %jmp/1 T_23.121, 6;
    %dup/vec4;
    %pushi/vec4 122, 0, 8;
    %cmp/u;
    %jmp/1 T_23.122, 6;
    %dup/vec4;
    %pushi/vec4 123, 0, 8;
    %cmp/u;
    %jmp/1 T_23.123, 6;
    %dup/vec4;
    %pushi/vec4 124, 0, 8;
    %cmp/u;
    %jmp/1 T_23.124, 6;
    %dup/vec4;
    %pushi/vec4 125, 0, 8;
    %cmp/u;
    %jmp/1 T_23.125, 6;
    %dup/vec4;
    %pushi/vec4 126, 0, 8;
    %cmp/u;
    %jmp/1 T_23.126, 6;
    %dup/vec4;
    %pushi/vec4 127, 0, 8;
    %cmp/u;
    %jmp/1 T_23.127, 6;
    %dup/vec4;
    %pushi/vec4 128, 0, 8;
    %cmp/u;
    %jmp/1 T_23.128, 6;
    %dup/vec4;
    %pushi/vec4 129, 0, 8;
    %cmp/u;
    %jmp/1 T_23.129, 6;
    %dup/vec4;
    %pushi/vec4 130, 0, 8;
    %cmp/u;
    %jmp/1 T_23.130, 6;
    %dup/vec4;
    %pushi/vec4 131, 0, 8;
    %cmp/u;
    %jmp/1 T_23.131, 6;
    %dup/vec4;
    %pushi/vec4 132, 0, 8;
    %cmp/u;
    %jmp/1 T_23.132, 6;
    %dup/vec4;
    %pushi/vec4 133, 0, 8;
    %cmp/u;
    %jmp/1 T_23.133, 6;
    %dup/vec4;
    %pushi/vec4 134, 0, 8;
    %cmp/u;
    %jmp/1 T_23.134, 6;
    %dup/vec4;
    %pushi/vec4 135, 0, 8;
    %cmp/u;
    %jmp/1 T_23.135, 6;
    %dup/vec4;
    %pushi/vec4 136, 0, 8;
    %cmp/u;
    %jmp/1 T_23.136, 6;
    %dup/vec4;
    %pushi/vec4 137, 0, 8;
    %cmp/u;
    %jmp/1 T_23.137, 6;
    %dup/vec4;
    %pushi/vec4 138, 0, 8;
    %cmp/u;
    %jmp/1 T_23.138, 6;
    %dup/vec4;
    %pushi/vec4 139, 0, 8;
    %cmp/u;
    %jmp/1 T_23.139, 6;
    %dup/vec4;
    %pushi/vec4 140, 0, 8;
    %cmp/u;
    %jmp/1 T_23.140, 6;
    %dup/vec4;
    %pushi/vec4 141, 0, 8;
    %cmp/u;
    %jmp/1 T_23.141, 6;
    %dup/vec4;
    %pushi/vec4 142, 0, 8;
    %cmp/u;
    %jmp/1 T_23.142, 6;
    %dup/vec4;
    %pushi/vec4 143, 0, 8;
    %cmp/u;
    %jmp/1 T_23.143, 6;
    %dup/vec4;
    %pushi/vec4 144, 0, 8;
    %cmp/u;
    %jmp/1 T_23.144, 6;
    %dup/vec4;
    %pushi/vec4 145, 0, 8;
    %cmp/u;
    %jmp/1 T_23.145, 6;
    %dup/vec4;
    %pushi/vec4 146, 0, 8;
    %cmp/u;
    %jmp/1 T_23.146, 6;
    %dup/vec4;
    %pushi/vec4 147, 0, 8;
    %cmp/u;
    %jmp/1 T_23.147, 6;
    %dup/vec4;
    %pushi/vec4 148, 0, 8;
    %cmp/u;
    %jmp/1 T_23.148, 6;
    %dup/vec4;
    %pushi/vec4 149, 0, 8;
    %cmp/u;
    %jmp/1 T_23.149, 6;
    %dup/vec4;
    %pushi/vec4 150, 0, 8;
    %cmp/u;
    %jmp/1 T_23.150, 6;
    %dup/vec4;
    %pushi/vec4 151, 0, 8;
    %cmp/u;
    %jmp/1 T_23.151, 6;
    %dup/vec4;
    %pushi/vec4 152, 0, 8;
    %cmp/u;
    %jmp/1 T_23.152, 6;
    %dup/vec4;
    %pushi/vec4 153, 0, 8;
    %cmp/u;
    %jmp/1 T_23.153, 6;
    %dup/vec4;
    %pushi/vec4 154, 0, 8;
    %cmp/u;
    %jmp/1 T_23.154, 6;
    %dup/vec4;
    %pushi/vec4 155, 0, 8;
    %cmp/u;
    %jmp/1 T_23.155, 6;
    %dup/vec4;
    %pushi/vec4 156, 0, 8;
    %cmp/u;
    %jmp/1 T_23.156, 6;
    %dup/vec4;
    %pushi/vec4 157, 0, 8;
    %cmp/u;
    %jmp/1 T_23.157, 6;
    %dup/vec4;
    %pushi/vec4 158, 0, 8;
    %cmp/u;
    %jmp/1 T_23.158, 6;
    %dup/vec4;
    %pushi/vec4 159, 0, 8;
    %cmp/u;
    %jmp/1 T_23.159, 6;
    %dup/vec4;
    %pushi/vec4 160, 0, 8;
    %cmp/u;
    %jmp/1 T_23.160, 6;
    %dup/vec4;
    %pushi/vec4 161, 0, 8;
    %cmp/u;
    %jmp/1 T_23.161, 6;
    %dup/vec4;
    %pushi/vec4 162, 0, 8;
    %cmp/u;
    %jmp/1 T_23.162, 6;
    %dup/vec4;
    %pushi/vec4 163, 0, 8;
    %cmp/u;
    %jmp/1 T_23.163, 6;
    %dup/vec4;
    %pushi/vec4 164, 0, 8;
    %cmp/u;
    %jmp/1 T_23.164, 6;
    %dup/vec4;
    %pushi/vec4 165, 0, 8;
    %cmp/u;
    %jmp/1 T_23.165, 6;
    %dup/vec4;
    %pushi/vec4 166, 0, 8;
    %cmp/u;
    %jmp/1 T_23.166, 6;
    %dup/vec4;
    %pushi/vec4 167, 0, 8;
    %cmp/u;
    %jmp/1 T_23.167, 6;
    %dup/vec4;
    %pushi/vec4 168, 0, 8;
    %cmp/u;
    %jmp/1 T_23.168, 6;
    %dup/vec4;
    %pushi/vec4 169, 0, 8;
    %cmp/u;
    %jmp/1 T_23.169, 6;
    %dup/vec4;
    %pushi/vec4 170, 0, 8;
    %cmp/u;
    %jmp/1 T_23.170, 6;
    %dup/vec4;
    %pushi/vec4 171, 0, 8;
    %cmp/u;
    %jmp/1 T_23.171, 6;
    %dup/vec4;
    %pushi/vec4 172, 0, 8;
    %cmp/u;
    %jmp/1 T_23.172, 6;
    %dup/vec4;
    %pushi/vec4 173, 0, 8;
    %cmp/u;
    %jmp/1 T_23.173, 6;
    %dup/vec4;
    %pushi/vec4 174, 0, 8;
    %cmp/u;
    %jmp/1 T_23.174, 6;
    %dup/vec4;
    %pushi/vec4 175, 0, 8;
    %cmp/u;
    %jmp/1 T_23.175, 6;
    %dup/vec4;
    %pushi/vec4 176, 0, 8;
    %cmp/u;
    %jmp/1 T_23.176, 6;
    %dup/vec4;
    %pushi/vec4 177, 0, 8;
    %cmp/u;
    %jmp/1 T_23.177, 6;
    %dup/vec4;
    %pushi/vec4 178, 0, 8;
    %cmp/u;
    %jmp/1 T_23.178, 6;
    %dup/vec4;
    %pushi/vec4 179, 0, 8;
    %cmp/u;
    %jmp/1 T_23.179, 6;
    %dup/vec4;
    %pushi/vec4 180, 0, 8;
    %cmp/u;
    %jmp/1 T_23.180, 6;
    %dup/vec4;
    %pushi/vec4 181, 0, 8;
    %cmp/u;
    %jmp/1 T_23.181, 6;
    %dup/vec4;
    %pushi/vec4 182, 0, 8;
    %cmp/u;
    %jmp/1 T_23.182, 6;
    %dup/vec4;
    %pushi/vec4 183, 0, 8;
    %cmp/u;
    %jmp/1 T_23.183, 6;
    %dup/vec4;
    %pushi/vec4 184, 0, 8;
    %cmp/u;
    %jmp/1 T_23.184, 6;
    %dup/vec4;
    %pushi/vec4 185, 0, 8;
    %cmp/u;
    %jmp/1 T_23.185, 6;
    %dup/vec4;
    %pushi/vec4 186, 0, 8;
    %cmp/u;
    %jmp/1 T_23.186, 6;
    %dup/vec4;
    %pushi/vec4 187, 0, 8;
    %cmp/u;
    %jmp/1 T_23.187, 6;
    %dup/vec4;
    %pushi/vec4 188, 0, 8;
    %cmp/u;
    %jmp/1 T_23.188, 6;
    %dup/vec4;
    %pushi/vec4 189, 0, 8;
    %cmp/u;
    %jmp/1 T_23.189, 6;
    %dup/vec4;
    %pushi/vec4 190, 0, 8;
    %cmp/u;
    %jmp/1 T_23.190, 6;
    %dup/vec4;
    %pushi/vec4 191, 0, 8;
    %cmp/u;
    %jmp/1 T_23.191, 6;
    %dup/vec4;
    %pushi/vec4 192, 0, 8;
    %cmp/u;
    %jmp/1 T_23.192, 6;
    %dup/vec4;
    %pushi/vec4 193, 0, 8;
    %cmp/u;
    %jmp/1 T_23.193, 6;
    %dup/vec4;
    %pushi/vec4 194, 0, 8;
    %cmp/u;
    %jmp/1 T_23.194, 6;
    %dup/vec4;
    %pushi/vec4 195, 0, 8;
    %cmp/u;
    %jmp/1 T_23.195, 6;
    %dup/vec4;
    %pushi/vec4 196, 0, 8;
    %cmp/u;
    %jmp/1 T_23.196, 6;
    %dup/vec4;
    %pushi/vec4 197, 0, 8;
    %cmp/u;
    %jmp/1 T_23.197, 6;
    %dup/vec4;
    %pushi/vec4 198, 0, 8;
    %cmp/u;
    %jmp/1 T_23.198, 6;
    %dup/vec4;
    %pushi/vec4 199, 0, 8;
    %cmp/u;
    %jmp/1 T_23.199, 6;
    %dup/vec4;
    %pushi/vec4 200, 0, 8;
    %cmp/u;
    %jmp/1 T_23.200, 6;
    %dup/vec4;
    %pushi/vec4 201, 0, 8;
    %cmp/u;
    %jmp/1 T_23.201, 6;
    %dup/vec4;
    %pushi/vec4 202, 0, 8;
    %cmp/u;
    %jmp/1 T_23.202, 6;
    %dup/vec4;
    %pushi/vec4 203, 0, 8;
    %cmp/u;
    %jmp/1 T_23.203, 6;
    %dup/vec4;
    %pushi/vec4 204, 0, 8;
    %cmp/u;
    %jmp/1 T_23.204, 6;
    %dup/vec4;
    %pushi/vec4 205, 0, 8;
    %cmp/u;
    %jmp/1 T_23.205, 6;
    %dup/vec4;
    %pushi/vec4 206, 0, 8;
    %cmp/u;
    %jmp/1 T_23.206, 6;
    %dup/vec4;
    %pushi/vec4 207, 0, 8;
    %cmp/u;
    %jmp/1 T_23.207, 6;
    %dup/vec4;
    %pushi/vec4 208, 0, 8;
    %cmp/u;
    %jmp/1 T_23.208, 6;
    %dup/vec4;
    %pushi/vec4 209, 0, 8;
    %cmp/u;
    %jmp/1 T_23.209, 6;
    %dup/vec4;
    %pushi/vec4 210, 0, 8;
    %cmp/u;
    %jmp/1 T_23.210, 6;
    %dup/vec4;
    %pushi/vec4 211, 0, 8;
    %cmp/u;
    %jmp/1 T_23.211, 6;
    %dup/vec4;
    %pushi/vec4 212, 0, 8;
    %cmp/u;
    %jmp/1 T_23.212, 6;
    %dup/vec4;
    %pushi/vec4 213, 0, 8;
    %cmp/u;
    %jmp/1 T_23.213, 6;
    %dup/vec4;
    %pushi/vec4 214, 0, 8;
    %cmp/u;
    %jmp/1 T_23.214, 6;
    %dup/vec4;
    %pushi/vec4 215, 0, 8;
    %cmp/u;
    %jmp/1 T_23.215, 6;
    %dup/vec4;
    %pushi/vec4 216, 0, 8;
    %cmp/u;
    %jmp/1 T_23.216, 6;
    %dup/vec4;
    %pushi/vec4 217, 0, 8;
    %cmp/u;
    %jmp/1 T_23.217, 6;
    %dup/vec4;
    %pushi/vec4 218, 0, 8;
    %cmp/u;
    %jmp/1 T_23.218, 6;
    %dup/vec4;
    %pushi/vec4 219, 0, 8;
    %cmp/u;
    %jmp/1 T_23.219, 6;
    %dup/vec4;
    %pushi/vec4 220, 0, 8;
    %cmp/u;
    %jmp/1 T_23.220, 6;
    %dup/vec4;
    %pushi/vec4 221, 0, 8;
    %cmp/u;
    %jmp/1 T_23.221, 6;
    %dup/vec4;
    %pushi/vec4 222, 0, 8;
    %cmp/u;
    %jmp/1 T_23.222, 6;
    %dup/vec4;
    %pushi/vec4 223, 0, 8;
    %cmp/u;
    %jmp/1 T_23.223, 6;
    %dup/vec4;
    %pushi/vec4 224, 0, 8;
    %cmp/u;
    %jmp/1 T_23.224, 6;
    %dup/vec4;
    %pushi/vec4 225, 0, 8;
    %cmp/u;
    %jmp/1 T_23.225, 6;
    %dup/vec4;
    %pushi/vec4 226, 0, 8;
    %cmp/u;
    %jmp/1 T_23.226, 6;
    %dup/vec4;
    %pushi/vec4 227, 0, 8;
    %cmp/u;
    %jmp/1 T_23.227, 6;
    %dup/vec4;
    %pushi/vec4 228, 0, 8;
    %cmp/u;
    %jmp/1 T_23.228, 6;
    %dup/vec4;
    %pushi/vec4 229, 0, 8;
    %cmp/u;
    %jmp/1 T_23.229, 6;
    %dup/vec4;
    %pushi/vec4 230, 0, 8;
    %cmp/u;
    %jmp/1 T_23.230, 6;
    %dup/vec4;
    %pushi/vec4 231, 0, 8;
    %cmp/u;
    %jmp/1 T_23.231, 6;
    %dup/vec4;
    %pushi/vec4 232, 0, 8;
    %cmp/u;
    %jmp/1 T_23.232, 6;
    %dup/vec4;
    %pushi/vec4 233, 0, 8;
    %cmp/u;
    %jmp/1 T_23.233, 6;
    %dup/vec4;
    %pushi/vec4 234, 0, 8;
    %cmp/u;
    %jmp/1 T_23.234, 6;
    %dup/vec4;
    %pushi/vec4 235, 0, 8;
    %cmp/u;
    %jmp/1 T_23.235, 6;
    %dup/vec4;
    %pushi/vec4 236, 0, 8;
    %cmp/u;
    %jmp/1 T_23.236, 6;
    %dup/vec4;
    %pushi/vec4 237, 0, 8;
    %cmp/u;
    %jmp/1 T_23.237, 6;
    %dup/vec4;
    %pushi/vec4 238, 0, 8;
    %cmp/u;
    %jmp/1 T_23.238, 6;
    %dup/vec4;
    %pushi/vec4 239, 0, 8;
    %cmp/u;
    %jmp/1 T_23.239, 6;
    %dup/vec4;
    %pushi/vec4 240, 0, 8;
    %cmp/u;
    %jmp/1 T_23.240, 6;
    %dup/vec4;
    %pushi/vec4 241, 0, 8;
    %cmp/u;
    %jmp/1 T_23.241, 6;
    %dup/vec4;
    %pushi/vec4 242, 0, 8;
    %cmp/u;
    %jmp/1 T_23.242, 6;
    %dup/vec4;
    %pushi/vec4 243, 0, 8;
    %cmp/u;
    %jmp/1 T_23.243, 6;
    %dup/vec4;
    %pushi/vec4 244, 0, 8;
    %cmp/u;
    %jmp/1 T_23.244, 6;
    %dup/vec4;
    %pushi/vec4 245, 0, 8;
    %cmp/u;
    %jmp/1 T_23.245, 6;
    %dup/vec4;
    %pushi/vec4 246, 0, 8;
    %cmp/u;
    %jmp/1 T_23.246, 6;
    %dup/vec4;
    %pushi/vec4 247, 0, 8;
    %cmp/u;
    %jmp/1 T_23.247, 6;
    %dup/vec4;
    %pushi/vec4 248, 0, 8;
    %cmp/u;
    %jmp/1 T_23.248, 6;
    %dup/vec4;
    %pushi/vec4 249, 0, 8;
    %cmp/u;
    %jmp/1 T_23.249, 6;
    %dup/vec4;
    %pushi/vec4 250, 0, 8;
    %cmp/u;
    %jmp/1 T_23.250, 6;
    %dup/vec4;
    %pushi/vec4 251, 0, 8;
    %cmp/u;
    %jmp/1 T_23.251, 6;
    %dup/vec4;
    %pushi/vec4 252, 0, 8;
    %cmp/u;
    %jmp/1 T_23.252, 6;
    %dup/vec4;
    %pushi/vec4 253, 0, 8;
    %cmp/u;
    %jmp/1 T_23.253, 6;
    %dup/vec4;
    %pushi/vec4 254, 0, 8;
    %cmp/u;
    %jmp/1 T_23.254, 6;
    %dup/vec4;
    %pushi/vec4 255, 0, 8;
    %cmp/u;
    %jmp/1 T_23.255, 6;
    %jmp T_23.256;
T_23.0 ;
    %pushi/vec4 99, 0, 8;
    %store/vec4 v000001d9d066e0e0_0, 0, 8;
    %jmp T_23.256;
T_23.1 ;
    %pushi/vec4 124, 0, 8;
    %store/vec4 v000001d9d066e0e0_0, 0, 8;
    %jmp T_23.256;
T_23.2 ;
    %pushi/vec4 119, 0, 8;
    %store/vec4 v000001d9d066e0e0_0, 0, 8;
    %jmp T_23.256;
T_23.3 ;
    %pushi/vec4 123, 0, 8;
    %store/vec4 v000001d9d066e0e0_0, 0, 8;
    %jmp T_23.256;
T_23.4 ;
    %pushi/vec4 242, 0, 8;
    %store/vec4 v000001d9d066e0e0_0, 0, 8;
    %jmp T_23.256;
T_23.5 ;
    %pushi/vec4 107, 0, 8;
    %store/vec4 v000001d9d066e0e0_0, 0, 8;
    %jmp T_23.256;
T_23.6 ;
    %pushi/vec4 111, 0, 8;
    %store/vec4 v000001d9d066e0e0_0, 0, 8;
    %jmp T_23.256;
T_23.7 ;
    %pushi/vec4 197, 0, 8;
    %store/vec4 v000001d9d066e0e0_0, 0, 8;
    %jmp T_23.256;
T_23.8 ;
    %pushi/vec4 48, 0, 8;
    %store/vec4 v000001d9d066e0e0_0, 0, 8;
    %jmp T_23.256;
T_23.9 ;
    %pushi/vec4 1, 0, 8;
    %store/vec4 v000001d9d066e0e0_0, 0, 8;
    %jmp T_23.256;
T_23.10 ;
    %pushi/vec4 103, 0, 8;
    %store/vec4 v000001d9d066e0e0_0, 0, 8;
    %jmp T_23.256;
T_23.11 ;
    %pushi/vec4 43, 0, 8;
    %store/vec4 v000001d9d066e0e0_0, 0, 8;
    %jmp T_23.256;
T_23.12 ;
    %pushi/vec4 254, 0, 8;
    %store/vec4 v000001d9d066e0e0_0, 0, 8;
    %jmp T_23.256;
T_23.13 ;
    %pushi/vec4 215, 0, 8;
    %store/vec4 v000001d9d066e0e0_0, 0, 8;
    %jmp T_23.256;
T_23.14 ;
    %pushi/vec4 171, 0, 8;
    %store/vec4 v000001d9d066e0e0_0, 0, 8;
    %jmp T_23.256;
T_23.15 ;
    %pushi/vec4 118, 0, 8;
    %store/vec4 v000001d9d066e0e0_0, 0, 8;
    %jmp T_23.256;
T_23.16 ;
    %pushi/vec4 202, 0, 8;
    %store/vec4 v000001d9d066e0e0_0, 0, 8;
    %jmp T_23.256;
T_23.17 ;
    %pushi/vec4 130, 0, 8;
    %store/vec4 v000001d9d066e0e0_0, 0, 8;
    %jmp T_23.256;
T_23.18 ;
    %pushi/vec4 201, 0, 8;
    %store/vec4 v000001d9d066e0e0_0, 0, 8;
    %jmp T_23.256;
T_23.19 ;
    %pushi/vec4 125, 0, 8;
    %store/vec4 v000001d9d066e0e0_0, 0, 8;
    %jmp T_23.256;
T_23.20 ;
    %pushi/vec4 250, 0, 8;
    %store/vec4 v000001d9d066e0e0_0, 0, 8;
    %jmp T_23.256;
T_23.21 ;
    %pushi/vec4 89, 0, 8;
    %store/vec4 v000001d9d066e0e0_0, 0, 8;
    %jmp T_23.256;
T_23.22 ;
    %pushi/vec4 71, 0, 8;
    %store/vec4 v000001d9d066e0e0_0, 0, 8;
    %jmp T_23.256;
T_23.23 ;
    %pushi/vec4 240, 0, 8;
    %store/vec4 v000001d9d066e0e0_0, 0, 8;
    %jmp T_23.256;
T_23.24 ;
    %pushi/vec4 173, 0, 8;
    %store/vec4 v000001d9d066e0e0_0, 0, 8;
    %jmp T_23.256;
T_23.25 ;
    %pushi/vec4 212, 0, 8;
    %store/vec4 v000001d9d066e0e0_0, 0, 8;
    %jmp T_23.256;
T_23.26 ;
    %pushi/vec4 162, 0, 8;
    %store/vec4 v000001d9d066e0e0_0, 0, 8;
    %jmp T_23.256;
T_23.27 ;
    %pushi/vec4 175, 0, 8;
    %store/vec4 v000001d9d066e0e0_0, 0, 8;
    %jmp T_23.256;
T_23.28 ;
    %pushi/vec4 156, 0, 8;
    %store/vec4 v000001d9d066e0e0_0, 0, 8;
    %jmp T_23.256;
T_23.29 ;
    %pushi/vec4 164, 0, 8;
    %store/vec4 v000001d9d066e0e0_0, 0, 8;
    %jmp T_23.256;
T_23.30 ;
    %pushi/vec4 114, 0, 8;
    %store/vec4 v000001d9d066e0e0_0, 0, 8;
    %jmp T_23.256;
T_23.31 ;
    %pushi/vec4 192, 0, 8;
    %store/vec4 v000001d9d066e0e0_0, 0, 8;
    %jmp T_23.256;
T_23.32 ;
    %pushi/vec4 183, 0, 8;
    %store/vec4 v000001d9d066e0e0_0, 0, 8;
    %jmp T_23.256;
T_23.33 ;
    %pushi/vec4 253, 0, 8;
    %store/vec4 v000001d9d066e0e0_0, 0, 8;
    %jmp T_23.256;
T_23.34 ;
    %pushi/vec4 147, 0, 8;
    %store/vec4 v000001d9d066e0e0_0, 0, 8;
    %jmp T_23.256;
T_23.35 ;
    %pushi/vec4 38, 0, 8;
    %store/vec4 v000001d9d066e0e0_0, 0, 8;
    %jmp T_23.256;
T_23.36 ;
    %pushi/vec4 54, 0, 8;
    %store/vec4 v000001d9d066e0e0_0, 0, 8;
    %jmp T_23.256;
T_23.37 ;
    %pushi/vec4 63, 0, 8;
    %store/vec4 v000001d9d066e0e0_0, 0, 8;
    %jmp T_23.256;
T_23.38 ;
    %pushi/vec4 247, 0, 8;
    %store/vec4 v000001d9d066e0e0_0, 0, 8;
    %jmp T_23.256;
T_23.39 ;
    %pushi/vec4 204, 0, 8;
    %store/vec4 v000001d9d066e0e0_0, 0, 8;
    %jmp T_23.256;
T_23.40 ;
    %pushi/vec4 52, 0, 8;
    %store/vec4 v000001d9d066e0e0_0, 0, 8;
    %jmp T_23.256;
T_23.41 ;
    %pushi/vec4 165, 0, 8;
    %store/vec4 v000001d9d066e0e0_0, 0, 8;
    %jmp T_23.256;
T_23.42 ;
    %pushi/vec4 229, 0, 8;
    %store/vec4 v000001d9d066e0e0_0, 0, 8;
    %jmp T_23.256;
T_23.43 ;
    %pushi/vec4 241, 0, 8;
    %store/vec4 v000001d9d066e0e0_0, 0, 8;
    %jmp T_23.256;
T_23.44 ;
    %pushi/vec4 113, 0, 8;
    %store/vec4 v000001d9d066e0e0_0, 0, 8;
    %jmp T_23.256;
T_23.45 ;
    %pushi/vec4 216, 0, 8;
    %store/vec4 v000001d9d066e0e0_0, 0, 8;
    %jmp T_23.256;
T_23.46 ;
    %pushi/vec4 49, 0, 8;
    %store/vec4 v000001d9d066e0e0_0, 0, 8;
    %jmp T_23.256;
T_23.47 ;
    %pushi/vec4 21, 0, 8;
    %store/vec4 v000001d9d066e0e0_0, 0, 8;
    %jmp T_23.256;
T_23.48 ;
    %pushi/vec4 4, 0, 8;
    %store/vec4 v000001d9d066e0e0_0, 0, 8;
    %jmp T_23.256;
T_23.49 ;
    %pushi/vec4 199, 0, 8;
    %store/vec4 v000001d9d066e0e0_0, 0, 8;
    %jmp T_23.256;
T_23.50 ;
    %pushi/vec4 35, 0, 8;
    %store/vec4 v000001d9d066e0e0_0, 0, 8;
    %jmp T_23.256;
T_23.51 ;
    %pushi/vec4 195, 0, 8;
    %store/vec4 v000001d9d066e0e0_0, 0, 8;
    %jmp T_23.256;
T_23.52 ;
    %pushi/vec4 24, 0, 8;
    %store/vec4 v000001d9d066e0e0_0, 0, 8;
    %jmp T_23.256;
T_23.53 ;
    %pushi/vec4 150, 0, 8;
    %store/vec4 v000001d9d066e0e0_0, 0, 8;
    %jmp T_23.256;
T_23.54 ;
    %pushi/vec4 5, 0, 8;
    %store/vec4 v000001d9d066e0e0_0, 0, 8;
    %jmp T_23.256;
T_23.55 ;
    %pushi/vec4 154, 0, 8;
    %store/vec4 v000001d9d066e0e0_0, 0, 8;
    %jmp T_23.256;
T_23.56 ;
    %pushi/vec4 7, 0, 8;
    %store/vec4 v000001d9d066e0e0_0, 0, 8;
    %jmp T_23.256;
T_23.57 ;
    %pushi/vec4 18, 0, 8;
    %store/vec4 v000001d9d066e0e0_0, 0, 8;
    %jmp T_23.256;
T_23.58 ;
    %pushi/vec4 128, 0, 8;
    %store/vec4 v000001d9d066e0e0_0, 0, 8;
    %jmp T_23.256;
T_23.59 ;
    %pushi/vec4 226, 0, 8;
    %store/vec4 v000001d9d066e0e0_0, 0, 8;
    %jmp T_23.256;
T_23.60 ;
    %pushi/vec4 235, 0, 8;
    %store/vec4 v000001d9d066e0e0_0, 0, 8;
    %jmp T_23.256;
T_23.61 ;
    %pushi/vec4 39, 0, 8;
    %store/vec4 v000001d9d066e0e0_0, 0, 8;
    %jmp T_23.256;
T_23.62 ;
    %pushi/vec4 178, 0, 8;
    %store/vec4 v000001d9d066e0e0_0, 0, 8;
    %jmp T_23.256;
T_23.63 ;
    %pushi/vec4 117, 0, 8;
    %store/vec4 v000001d9d066e0e0_0, 0, 8;
    %jmp T_23.256;
T_23.64 ;
    %pushi/vec4 9, 0, 8;
    %store/vec4 v000001d9d066e0e0_0, 0, 8;
    %jmp T_23.256;
T_23.65 ;
    %pushi/vec4 131, 0, 8;
    %store/vec4 v000001d9d066e0e0_0, 0, 8;
    %jmp T_23.256;
T_23.66 ;
    %pushi/vec4 44, 0, 8;
    %store/vec4 v000001d9d066e0e0_0, 0, 8;
    %jmp T_23.256;
T_23.67 ;
    %pushi/vec4 26, 0, 8;
    %store/vec4 v000001d9d066e0e0_0, 0, 8;
    %jmp T_23.256;
T_23.68 ;
    %pushi/vec4 27, 0, 8;
    %store/vec4 v000001d9d066e0e0_0, 0, 8;
    %jmp T_23.256;
T_23.69 ;
    %pushi/vec4 110, 0, 8;
    %store/vec4 v000001d9d066e0e0_0, 0, 8;
    %jmp T_23.256;
T_23.70 ;
    %pushi/vec4 90, 0, 8;
    %store/vec4 v000001d9d066e0e0_0, 0, 8;
    %jmp T_23.256;
T_23.71 ;
    %pushi/vec4 160, 0, 8;
    %store/vec4 v000001d9d066e0e0_0, 0, 8;
    %jmp T_23.256;
T_23.72 ;
    %pushi/vec4 82, 0, 8;
    %store/vec4 v000001d9d066e0e0_0, 0, 8;
    %jmp T_23.256;
T_23.73 ;
    %pushi/vec4 59, 0, 8;
    %store/vec4 v000001d9d066e0e0_0, 0, 8;
    %jmp T_23.256;
T_23.74 ;
    %pushi/vec4 214, 0, 8;
    %store/vec4 v000001d9d066e0e0_0, 0, 8;
    %jmp T_23.256;
T_23.75 ;
    %pushi/vec4 179, 0, 8;
    %store/vec4 v000001d9d066e0e0_0, 0, 8;
    %jmp T_23.256;
T_23.76 ;
    %pushi/vec4 41, 0, 8;
    %store/vec4 v000001d9d066e0e0_0, 0, 8;
    %jmp T_23.256;
T_23.77 ;
    %pushi/vec4 227, 0, 8;
    %store/vec4 v000001d9d066e0e0_0, 0, 8;
    %jmp T_23.256;
T_23.78 ;
    %pushi/vec4 47, 0, 8;
    %store/vec4 v000001d9d066e0e0_0, 0, 8;
    %jmp T_23.256;
T_23.79 ;
    %pushi/vec4 132, 0, 8;
    %store/vec4 v000001d9d066e0e0_0, 0, 8;
    %jmp T_23.256;
T_23.80 ;
    %pushi/vec4 83, 0, 8;
    %store/vec4 v000001d9d066e0e0_0, 0, 8;
    %jmp T_23.256;
T_23.81 ;
    %pushi/vec4 209, 0, 8;
    %store/vec4 v000001d9d066e0e0_0, 0, 8;
    %jmp T_23.256;
T_23.82 ;
    %pushi/vec4 0, 0, 8;
    %store/vec4 v000001d9d066e0e0_0, 0, 8;
    %jmp T_23.256;
T_23.83 ;
    %pushi/vec4 237, 0, 8;
    %store/vec4 v000001d9d066e0e0_0, 0, 8;
    %jmp T_23.256;
T_23.84 ;
    %pushi/vec4 32, 0, 8;
    %store/vec4 v000001d9d066e0e0_0, 0, 8;
    %jmp T_23.256;
T_23.85 ;
    %pushi/vec4 252, 0, 8;
    %store/vec4 v000001d9d066e0e0_0, 0, 8;
    %jmp T_23.256;
T_23.86 ;
    %pushi/vec4 177, 0, 8;
    %store/vec4 v000001d9d066e0e0_0, 0, 8;
    %jmp T_23.256;
T_23.87 ;
    %pushi/vec4 91, 0, 8;
    %store/vec4 v000001d9d066e0e0_0, 0, 8;
    %jmp T_23.256;
T_23.88 ;
    %pushi/vec4 106, 0, 8;
    %store/vec4 v000001d9d066e0e0_0, 0, 8;
    %jmp T_23.256;
T_23.89 ;
    %pushi/vec4 203, 0, 8;
    %store/vec4 v000001d9d066e0e0_0, 0, 8;
    %jmp T_23.256;
T_23.90 ;
    %pushi/vec4 190, 0, 8;
    %store/vec4 v000001d9d066e0e0_0, 0, 8;
    %jmp T_23.256;
T_23.91 ;
    %pushi/vec4 57, 0, 8;
    %store/vec4 v000001d9d066e0e0_0, 0, 8;
    %jmp T_23.256;
T_23.92 ;
    %pushi/vec4 74, 0, 8;
    %store/vec4 v000001d9d066e0e0_0, 0, 8;
    %jmp T_23.256;
T_23.93 ;
    %pushi/vec4 76, 0, 8;
    %store/vec4 v000001d9d066e0e0_0, 0, 8;
    %jmp T_23.256;
T_23.94 ;
    %pushi/vec4 88, 0, 8;
    %store/vec4 v000001d9d066e0e0_0, 0, 8;
    %jmp T_23.256;
T_23.95 ;
    %pushi/vec4 207, 0, 8;
    %store/vec4 v000001d9d066e0e0_0, 0, 8;
    %jmp T_23.256;
T_23.96 ;
    %pushi/vec4 208, 0, 8;
    %store/vec4 v000001d9d066e0e0_0, 0, 8;
    %jmp T_23.256;
T_23.97 ;
    %pushi/vec4 239, 0, 8;
    %store/vec4 v000001d9d066e0e0_0, 0, 8;
    %jmp T_23.256;
T_23.98 ;
    %pushi/vec4 170, 0, 8;
    %store/vec4 v000001d9d066e0e0_0, 0, 8;
    %jmp T_23.256;
T_23.99 ;
    %pushi/vec4 251, 0, 8;
    %store/vec4 v000001d9d066e0e0_0, 0, 8;
    %jmp T_23.256;
T_23.100 ;
    %pushi/vec4 67, 0, 8;
    %store/vec4 v000001d9d066e0e0_0, 0, 8;
    %jmp T_23.256;
T_23.101 ;
    %pushi/vec4 77, 0, 8;
    %store/vec4 v000001d9d066e0e0_0, 0, 8;
    %jmp T_23.256;
T_23.102 ;
    %pushi/vec4 51, 0, 8;
    %store/vec4 v000001d9d066e0e0_0, 0, 8;
    %jmp T_23.256;
T_23.103 ;
    %pushi/vec4 133, 0, 8;
    %store/vec4 v000001d9d066e0e0_0, 0, 8;
    %jmp T_23.256;
T_23.104 ;
    %pushi/vec4 69, 0, 8;
    %store/vec4 v000001d9d066e0e0_0, 0, 8;
    %jmp T_23.256;
T_23.105 ;
    %pushi/vec4 249, 0, 8;
    %store/vec4 v000001d9d066e0e0_0, 0, 8;
    %jmp T_23.256;
T_23.106 ;
    %pushi/vec4 2, 0, 8;
    %store/vec4 v000001d9d066e0e0_0, 0, 8;
    %jmp T_23.256;
T_23.107 ;
    %pushi/vec4 127, 0, 8;
    %store/vec4 v000001d9d066e0e0_0, 0, 8;
    %jmp T_23.256;
T_23.108 ;
    %pushi/vec4 80, 0, 8;
    %store/vec4 v000001d9d066e0e0_0, 0, 8;
    %jmp T_23.256;
T_23.109 ;
    %pushi/vec4 60, 0, 8;
    %store/vec4 v000001d9d066e0e0_0, 0, 8;
    %jmp T_23.256;
T_23.110 ;
    %pushi/vec4 159, 0, 8;
    %store/vec4 v000001d9d066e0e0_0, 0, 8;
    %jmp T_23.256;
T_23.111 ;
    %pushi/vec4 168, 0, 8;
    %store/vec4 v000001d9d066e0e0_0, 0, 8;
    %jmp T_23.256;
T_23.112 ;
    %pushi/vec4 81, 0, 8;
    %store/vec4 v000001d9d066e0e0_0, 0, 8;
    %jmp T_23.256;
T_23.113 ;
    %pushi/vec4 163, 0, 8;
    %store/vec4 v000001d9d066e0e0_0, 0, 8;
    %jmp T_23.256;
T_23.114 ;
    %pushi/vec4 64, 0, 8;
    %store/vec4 v000001d9d066e0e0_0, 0, 8;
    %jmp T_23.256;
T_23.115 ;
    %pushi/vec4 143, 0, 8;
    %store/vec4 v000001d9d066e0e0_0, 0, 8;
    %jmp T_23.256;
T_23.116 ;
    %pushi/vec4 146, 0, 8;
    %store/vec4 v000001d9d066e0e0_0, 0, 8;
    %jmp T_23.256;
T_23.117 ;
    %pushi/vec4 157, 0, 8;
    %store/vec4 v000001d9d066e0e0_0, 0, 8;
    %jmp T_23.256;
T_23.118 ;
    %pushi/vec4 56, 0, 8;
    %store/vec4 v000001d9d066e0e0_0, 0, 8;
    %jmp T_23.256;
T_23.119 ;
    %pushi/vec4 245, 0, 8;
    %store/vec4 v000001d9d066e0e0_0, 0, 8;
    %jmp T_23.256;
T_23.120 ;
    %pushi/vec4 188, 0, 8;
    %store/vec4 v000001d9d066e0e0_0, 0, 8;
    %jmp T_23.256;
T_23.121 ;
    %pushi/vec4 182, 0, 8;
    %store/vec4 v000001d9d066e0e0_0, 0, 8;
    %jmp T_23.256;
T_23.122 ;
    %pushi/vec4 218, 0, 8;
    %store/vec4 v000001d9d066e0e0_0, 0, 8;
    %jmp T_23.256;
T_23.123 ;
    %pushi/vec4 33, 0, 8;
    %store/vec4 v000001d9d066e0e0_0, 0, 8;
    %jmp T_23.256;
T_23.124 ;
    %pushi/vec4 16, 0, 8;
    %store/vec4 v000001d9d066e0e0_0, 0, 8;
    %jmp T_23.256;
T_23.125 ;
    %pushi/vec4 255, 0, 8;
    %store/vec4 v000001d9d066e0e0_0, 0, 8;
    %jmp T_23.256;
T_23.126 ;
    %pushi/vec4 243, 0, 8;
    %store/vec4 v000001d9d066e0e0_0, 0, 8;
    %jmp T_23.256;
T_23.127 ;
    %pushi/vec4 210, 0, 8;
    %store/vec4 v000001d9d066e0e0_0, 0, 8;
    %jmp T_23.256;
T_23.128 ;
    %pushi/vec4 205, 0, 8;
    %store/vec4 v000001d9d066e0e0_0, 0, 8;
    %jmp T_23.256;
T_23.129 ;
    %pushi/vec4 12, 0, 8;
    %store/vec4 v000001d9d066e0e0_0, 0, 8;
    %jmp T_23.256;
T_23.130 ;
    %pushi/vec4 19, 0, 8;
    %store/vec4 v000001d9d066e0e0_0, 0, 8;
    %jmp T_23.256;
T_23.131 ;
    %pushi/vec4 236, 0, 8;
    %store/vec4 v000001d9d066e0e0_0, 0, 8;
    %jmp T_23.256;
T_23.132 ;
    %pushi/vec4 95, 0, 8;
    %store/vec4 v000001d9d066e0e0_0, 0, 8;
    %jmp T_23.256;
T_23.133 ;
    %pushi/vec4 151, 0, 8;
    %store/vec4 v000001d9d066e0e0_0, 0, 8;
    %jmp T_23.256;
T_23.134 ;
    %pushi/vec4 68, 0, 8;
    %store/vec4 v000001d9d066e0e0_0, 0, 8;
    %jmp T_23.256;
T_23.135 ;
    %pushi/vec4 23, 0, 8;
    %store/vec4 v000001d9d066e0e0_0, 0, 8;
    %jmp T_23.256;
T_23.136 ;
    %pushi/vec4 196, 0, 8;
    %store/vec4 v000001d9d066e0e0_0, 0, 8;
    %jmp T_23.256;
T_23.137 ;
    %pushi/vec4 167, 0, 8;
    %store/vec4 v000001d9d066e0e0_0, 0, 8;
    %jmp T_23.256;
T_23.138 ;
    %pushi/vec4 126, 0, 8;
    %store/vec4 v000001d9d066e0e0_0, 0, 8;
    %jmp T_23.256;
T_23.139 ;
    %pushi/vec4 61, 0, 8;
    %store/vec4 v000001d9d066e0e0_0, 0, 8;
    %jmp T_23.256;
T_23.140 ;
    %pushi/vec4 100, 0, 8;
    %store/vec4 v000001d9d066e0e0_0, 0, 8;
    %jmp T_23.256;
T_23.141 ;
    %pushi/vec4 93, 0, 8;
    %store/vec4 v000001d9d066e0e0_0, 0, 8;
    %jmp T_23.256;
T_23.142 ;
    %pushi/vec4 25, 0, 8;
    %store/vec4 v000001d9d066e0e0_0, 0, 8;
    %jmp T_23.256;
T_23.143 ;
    %pushi/vec4 115, 0, 8;
    %store/vec4 v000001d9d066e0e0_0, 0, 8;
    %jmp T_23.256;
T_23.144 ;
    %pushi/vec4 96, 0, 8;
    %store/vec4 v000001d9d066e0e0_0, 0, 8;
    %jmp T_23.256;
T_23.145 ;
    %pushi/vec4 129, 0, 8;
    %store/vec4 v000001d9d066e0e0_0, 0, 8;
    %jmp T_23.256;
T_23.146 ;
    %pushi/vec4 79, 0, 8;
    %store/vec4 v000001d9d066e0e0_0, 0, 8;
    %jmp T_23.256;
T_23.147 ;
    %pushi/vec4 220, 0, 8;
    %store/vec4 v000001d9d066e0e0_0, 0, 8;
    %jmp T_23.256;
T_23.148 ;
    %pushi/vec4 34, 0, 8;
    %store/vec4 v000001d9d066e0e0_0, 0, 8;
    %jmp T_23.256;
T_23.149 ;
    %pushi/vec4 42, 0, 8;
    %store/vec4 v000001d9d066e0e0_0, 0, 8;
    %jmp T_23.256;
T_23.150 ;
    %pushi/vec4 144, 0, 8;
    %store/vec4 v000001d9d066e0e0_0, 0, 8;
    %jmp T_23.256;
T_23.151 ;
    %pushi/vec4 136, 0, 8;
    %store/vec4 v000001d9d066e0e0_0, 0, 8;
    %jmp T_23.256;
T_23.152 ;
    %pushi/vec4 70, 0, 8;
    %store/vec4 v000001d9d066e0e0_0, 0, 8;
    %jmp T_23.256;
T_23.153 ;
    %pushi/vec4 238, 0, 8;
    %store/vec4 v000001d9d066e0e0_0, 0, 8;
    %jmp T_23.256;
T_23.154 ;
    %pushi/vec4 184, 0, 8;
    %store/vec4 v000001d9d066e0e0_0, 0, 8;
    %jmp T_23.256;
T_23.155 ;
    %pushi/vec4 20, 0, 8;
    %store/vec4 v000001d9d066e0e0_0, 0, 8;
    %jmp T_23.256;
T_23.156 ;
    %pushi/vec4 222, 0, 8;
    %store/vec4 v000001d9d066e0e0_0, 0, 8;
    %jmp T_23.256;
T_23.157 ;
    %pushi/vec4 94, 0, 8;
    %store/vec4 v000001d9d066e0e0_0, 0, 8;
    %jmp T_23.256;
T_23.158 ;
    %pushi/vec4 11, 0, 8;
    %store/vec4 v000001d9d066e0e0_0, 0, 8;
    %jmp T_23.256;
T_23.159 ;
    %pushi/vec4 219, 0, 8;
    %store/vec4 v000001d9d066e0e0_0, 0, 8;
    %jmp T_23.256;
T_23.160 ;
    %pushi/vec4 224, 0, 8;
    %store/vec4 v000001d9d066e0e0_0, 0, 8;
    %jmp T_23.256;
T_23.161 ;
    %pushi/vec4 50, 0, 8;
    %store/vec4 v000001d9d066e0e0_0, 0, 8;
    %jmp T_23.256;
T_23.162 ;
    %pushi/vec4 58, 0, 8;
    %store/vec4 v000001d9d066e0e0_0, 0, 8;
    %jmp T_23.256;
T_23.163 ;
    %pushi/vec4 10, 0, 8;
    %store/vec4 v000001d9d066e0e0_0, 0, 8;
    %jmp T_23.256;
T_23.164 ;
    %pushi/vec4 73, 0, 8;
    %store/vec4 v000001d9d066e0e0_0, 0, 8;
    %jmp T_23.256;
T_23.165 ;
    %pushi/vec4 6, 0, 8;
    %store/vec4 v000001d9d066e0e0_0, 0, 8;
    %jmp T_23.256;
T_23.166 ;
    %pushi/vec4 36, 0, 8;
    %store/vec4 v000001d9d066e0e0_0, 0, 8;
    %jmp T_23.256;
T_23.167 ;
    %pushi/vec4 92, 0, 8;
    %store/vec4 v000001d9d066e0e0_0, 0, 8;
    %jmp T_23.256;
T_23.168 ;
    %pushi/vec4 194, 0, 8;
    %store/vec4 v000001d9d066e0e0_0, 0, 8;
    %jmp T_23.256;
T_23.169 ;
    %pushi/vec4 211, 0, 8;
    %store/vec4 v000001d9d066e0e0_0, 0, 8;
    %jmp T_23.256;
T_23.170 ;
    %pushi/vec4 172, 0, 8;
    %store/vec4 v000001d9d066e0e0_0, 0, 8;
    %jmp T_23.256;
T_23.171 ;
    %pushi/vec4 98, 0, 8;
    %store/vec4 v000001d9d066e0e0_0, 0, 8;
    %jmp T_23.256;
T_23.172 ;
    %pushi/vec4 145, 0, 8;
    %store/vec4 v000001d9d066e0e0_0, 0, 8;
    %jmp T_23.256;
T_23.173 ;
    %pushi/vec4 149, 0, 8;
    %store/vec4 v000001d9d066e0e0_0, 0, 8;
    %jmp T_23.256;
T_23.174 ;
    %pushi/vec4 228, 0, 8;
    %store/vec4 v000001d9d066e0e0_0, 0, 8;
    %jmp T_23.256;
T_23.175 ;
    %pushi/vec4 121, 0, 8;
    %store/vec4 v000001d9d066e0e0_0, 0, 8;
    %jmp T_23.256;
T_23.176 ;
    %pushi/vec4 231, 0, 8;
    %store/vec4 v000001d9d066e0e0_0, 0, 8;
    %jmp T_23.256;
T_23.177 ;
    %pushi/vec4 200, 0, 8;
    %store/vec4 v000001d9d066e0e0_0, 0, 8;
    %jmp T_23.256;
T_23.178 ;
    %pushi/vec4 55, 0, 8;
    %store/vec4 v000001d9d066e0e0_0, 0, 8;
    %jmp T_23.256;
T_23.179 ;
    %pushi/vec4 109, 0, 8;
    %store/vec4 v000001d9d066e0e0_0, 0, 8;
    %jmp T_23.256;
T_23.180 ;
    %pushi/vec4 141, 0, 8;
    %store/vec4 v000001d9d066e0e0_0, 0, 8;
    %jmp T_23.256;
T_23.181 ;
    %pushi/vec4 213, 0, 8;
    %store/vec4 v000001d9d066e0e0_0, 0, 8;
    %jmp T_23.256;
T_23.182 ;
    %pushi/vec4 78, 0, 8;
    %store/vec4 v000001d9d066e0e0_0, 0, 8;
    %jmp T_23.256;
T_23.183 ;
    %pushi/vec4 169, 0, 8;
    %store/vec4 v000001d9d066e0e0_0, 0, 8;
    %jmp T_23.256;
T_23.184 ;
    %pushi/vec4 108, 0, 8;
    %store/vec4 v000001d9d066e0e0_0, 0, 8;
    %jmp T_23.256;
T_23.185 ;
    %pushi/vec4 86, 0, 8;
    %store/vec4 v000001d9d066e0e0_0, 0, 8;
    %jmp T_23.256;
T_23.186 ;
    %pushi/vec4 244, 0, 8;
    %store/vec4 v000001d9d066e0e0_0, 0, 8;
    %jmp T_23.256;
T_23.187 ;
    %pushi/vec4 234, 0, 8;
    %store/vec4 v000001d9d066e0e0_0, 0, 8;
    %jmp T_23.256;
T_23.188 ;
    %pushi/vec4 101, 0, 8;
    %store/vec4 v000001d9d066e0e0_0, 0, 8;
    %jmp T_23.256;
T_23.189 ;
    %pushi/vec4 122, 0, 8;
    %store/vec4 v000001d9d066e0e0_0, 0, 8;
    %jmp T_23.256;
T_23.190 ;
    %pushi/vec4 174, 0, 8;
    %store/vec4 v000001d9d066e0e0_0, 0, 8;
    %jmp T_23.256;
T_23.191 ;
    %pushi/vec4 8, 0, 8;
    %store/vec4 v000001d9d066e0e0_0, 0, 8;
    %jmp T_23.256;
T_23.192 ;
    %pushi/vec4 186, 0, 8;
    %store/vec4 v000001d9d066e0e0_0, 0, 8;
    %jmp T_23.256;
T_23.193 ;
    %pushi/vec4 120, 0, 8;
    %store/vec4 v000001d9d066e0e0_0, 0, 8;
    %jmp T_23.256;
T_23.194 ;
    %pushi/vec4 37, 0, 8;
    %store/vec4 v000001d9d066e0e0_0, 0, 8;
    %jmp T_23.256;
T_23.195 ;
    %pushi/vec4 46, 0, 8;
    %store/vec4 v000001d9d066e0e0_0, 0, 8;
    %jmp T_23.256;
T_23.196 ;
    %pushi/vec4 28, 0, 8;
    %store/vec4 v000001d9d066e0e0_0, 0, 8;
    %jmp T_23.256;
T_23.197 ;
    %pushi/vec4 166, 0, 8;
    %store/vec4 v000001d9d066e0e0_0, 0, 8;
    %jmp T_23.256;
T_23.198 ;
    %pushi/vec4 180, 0, 8;
    %store/vec4 v000001d9d066e0e0_0, 0, 8;
    %jmp T_23.256;
T_23.199 ;
    %pushi/vec4 198, 0, 8;
    %store/vec4 v000001d9d066e0e0_0, 0, 8;
    %jmp T_23.256;
T_23.200 ;
    %pushi/vec4 232, 0, 8;
    %store/vec4 v000001d9d066e0e0_0, 0, 8;
    %jmp T_23.256;
T_23.201 ;
    %pushi/vec4 221, 0, 8;
    %store/vec4 v000001d9d066e0e0_0, 0, 8;
    %jmp T_23.256;
T_23.202 ;
    %pushi/vec4 116, 0, 8;
    %store/vec4 v000001d9d066e0e0_0, 0, 8;
    %jmp T_23.256;
T_23.203 ;
    %pushi/vec4 31, 0, 8;
    %store/vec4 v000001d9d066e0e0_0, 0, 8;
    %jmp T_23.256;
T_23.204 ;
    %pushi/vec4 75, 0, 8;
    %store/vec4 v000001d9d066e0e0_0, 0, 8;
    %jmp T_23.256;
T_23.205 ;
    %pushi/vec4 189, 0, 8;
    %store/vec4 v000001d9d066e0e0_0, 0, 8;
    %jmp T_23.256;
T_23.206 ;
    %pushi/vec4 139, 0, 8;
    %store/vec4 v000001d9d066e0e0_0, 0, 8;
    %jmp T_23.256;
T_23.207 ;
    %pushi/vec4 138, 0, 8;
    %store/vec4 v000001d9d066e0e0_0, 0, 8;
    %jmp T_23.256;
T_23.208 ;
    %pushi/vec4 112, 0, 8;
    %store/vec4 v000001d9d066e0e0_0, 0, 8;
    %jmp T_23.256;
T_23.209 ;
    %pushi/vec4 62, 0, 8;
    %store/vec4 v000001d9d066e0e0_0, 0, 8;
    %jmp T_23.256;
T_23.210 ;
    %pushi/vec4 181, 0, 8;
    %store/vec4 v000001d9d066e0e0_0, 0, 8;
    %jmp T_23.256;
T_23.211 ;
    %pushi/vec4 102, 0, 8;
    %store/vec4 v000001d9d066e0e0_0, 0, 8;
    %jmp T_23.256;
T_23.212 ;
    %pushi/vec4 72, 0, 8;
    %store/vec4 v000001d9d066e0e0_0, 0, 8;
    %jmp T_23.256;
T_23.213 ;
    %pushi/vec4 3, 0, 8;
    %store/vec4 v000001d9d066e0e0_0, 0, 8;
    %jmp T_23.256;
T_23.214 ;
    %pushi/vec4 246, 0, 8;
    %store/vec4 v000001d9d066e0e0_0, 0, 8;
    %jmp T_23.256;
T_23.215 ;
    %pushi/vec4 14, 0, 8;
    %store/vec4 v000001d9d066e0e0_0, 0, 8;
    %jmp T_23.256;
T_23.216 ;
    %pushi/vec4 97, 0, 8;
    %store/vec4 v000001d9d066e0e0_0, 0, 8;
    %jmp T_23.256;
T_23.217 ;
    %pushi/vec4 53, 0, 8;
    %store/vec4 v000001d9d066e0e0_0, 0, 8;
    %jmp T_23.256;
T_23.218 ;
    %pushi/vec4 87, 0, 8;
    %store/vec4 v000001d9d066e0e0_0, 0, 8;
    %jmp T_23.256;
T_23.219 ;
    %pushi/vec4 185, 0, 8;
    %store/vec4 v000001d9d066e0e0_0, 0, 8;
    %jmp T_23.256;
T_23.220 ;
    %pushi/vec4 134, 0, 8;
    %store/vec4 v000001d9d066e0e0_0, 0, 8;
    %jmp T_23.256;
T_23.221 ;
    %pushi/vec4 193, 0, 8;
    %store/vec4 v000001d9d066e0e0_0, 0, 8;
    %jmp T_23.256;
T_23.222 ;
    %pushi/vec4 29, 0, 8;
    %store/vec4 v000001d9d066e0e0_0, 0, 8;
    %jmp T_23.256;
T_23.223 ;
    %pushi/vec4 158, 0, 8;
    %store/vec4 v000001d9d066e0e0_0, 0, 8;
    %jmp T_23.256;
T_23.224 ;
    %pushi/vec4 225, 0, 8;
    %store/vec4 v000001d9d066e0e0_0, 0, 8;
    %jmp T_23.256;
T_23.225 ;
    %pushi/vec4 248, 0, 8;
    %store/vec4 v000001d9d066e0e0_0, 0, 8;
    %jmp T_23.256;
T_23.226 ;
    %pushi/vec4 152, 0, 8;
    %store/vec4 v000001d9d066e0e0_0, 0, 8;
    %jmp T_23.256;
T_23.227 ;
    %pushi/vec4 17, 0, 8;
    %store/vec4 v000001d9d066e0e0_0, 0, 8;
    %jmp T_23.256;
T_23.228 ;
    %pushi/vec4 105, 0, 8;
    %store/vec4 v000001d9d066e0e0_0, 0, 8;
    %jmp T_23.256;
T_23.229 ;
    %pushi/vec4 217, 0, 8;
    %store/vec4 v000001d9d066e0e0_0, 0, 8;
    %jmp T_23.256;
T_23.230 ;
    %pushi/vec4 142, 0, 8;
    %store/vec4 v000001d9d066e0e0_0, 0, 8;
    %jmp T_23.256;
T_23.231 ;
    %pushi/vec4 148, 0, 8;
    %store/vec4 v000001d9d066e0e0_0, 0, 8;
    %jmp T_23.256;
T_23.232 ;
    %pushi/vec4 155, 0, 8;
    %store/vec4 v000001d9d066e0e0_0, 0, 8;
    %jmp T_23.256;
T_23.233 ;
    %pushi/vec4 30, 0, 8;
    %store/vec4 v000001d9d066e0e0_0, 0, 8;
    %jmp T_23.256;
T_23.234 ;
    %pushi/vec4 135, 0, 8;
    %store/vec4 v000001d9d066e0e0_0, 0, 8;
    %jmp T_23.256;
T_23.235 ;
    %pushi/vec4 233, 0, 8;
    %store/vec4 v000001d9d066e0e0_0, 0, 8;
    %jmp T_23.256;
T_23.236 ;
    %pushi/vec4 206, 0, 8;
    %store/vec4 v000001d9d066e0e0_0, 0, 8;
    %jmp T_23.256;
T_23.237 ;
    %pushi/vec4 85, 0, 8;
    %store/vec4 v000001d9d066e0e0_0, 0, 8;
    %jmp T_23.256;
T_23.238 ;
    %pushi/vec4 40, 0, 8;
    %store/vec4 v000001d9d066e0e0_0, 0, 8;
    %jmp T_23.256;
T_23.239 ;
    %pushi/vec4 223, 0, 8;
    %store/vec4 v000001d9d066e0e0_0, 0, 8;
    %jmp T_23.256;
T_23.240 ;
    %pushi/vec4 140, 0, 8;
    %store/vec4 v000001d9d066e0e0_0, 0, 8;
    %jmp T_23.256;
T_23.241 ;
    %pushi/vec4 161, 0, 8;
    %store/vec4 v000001d9d066e0e0_0, 0, 8;
    %jmp T_23.256;
T_23.242 ;
    %pushi/vec4 137, 0, 8;
    %store/vec4 v000001d9d066e0e0_0, 0, 8;
    %jmp T_23.256;
T_23.243 ;
    %pushi/vec4 13, 0, 8;
    %store/vec4 v000001d9d066e0e0_0, 0, 8;
    %jmp T_23.256;
T_23.244 ;
    %pushi/vec4 191, 0, 8;
    %store/vec4 v000001d9d066e0e0_0, 0, 8;
    %jmp T_23.256;
T_23.245 ;
    %pushi/vec4 230, 0, 8;
    %store/vec4 v000001d9d066e0e0_0, 0, 8;
    %jmp T_23.256;
T_23.246 ;
    %pushi/vec4 66, 0, 8;
    %store/vec4 v000001d9d066e0e0_0, 0, 8;
    %jmp T_23.256;
T_23.247 ;
    %pushi/vec4 104, 0, 8;
    %store/vec4 v000001d9d066e0e0_0, 0, 8;
    %jmp T_23.256;
T_23.248 ;
    %pushi/vec4 65, 0, 8;
    %store/vec4 v000001d9d066e0e0_0, 0, 8;
    %jmp T_23.256;
T_23.249 ;
    %pushi/vec4 153, 0, 8;
    %store/vec4 v000001d9d066e0e0_0, 0, 8;
    %jmp T_23.256;
T_23.250 ;
    %pushi/vec4 45, 0, 8;
    %store/vec4 v000001d9d066e0e0_0, 0, 8;
    %jmp T_23.256;
T_23.251 ;
    %pushi/vec4 15, 0, 8;
    %store/vec4 v000001d9d066e0e0_0, 0, 8;
    %jmp T_23.256;
T_23.252 ;
    %pushi/vec4 176, 0, 8;
    %store/vec4 v000001d9d066e0e0_0, 0, 8;
    %jmp T_23.256;
T_23.253 ;
    %pushi/vec4 84, 0, 8;
    %store/vec4 v000001d9d066e0e0_0, 0, 8;
    %jmp T_23.256;
T_23.254 ;
    %pushi/vec4 187, 0, 8;
    %store/vec4 v000001d9d066e0e0_0, 0, 8;
    %jmp T_23.256;
T_23.255 ;
    %pushi/vec4 22, 0, 8;
    %store/vec4 v000001d9d066e0e0_0, 0, 8;
    %jmp T_23.256;
T_23.256 ;
    %pop/vec4 1;
    %jmp T_23;
    .thread T_23, $push;
    .scope S_000001d9d06765c0;
T_24 ;
    %wait E_000001d9d05b84e0;
    %load/vec4 v000001d9d066d960_0;
    %dup/vec4;
    %pushi/vec4 0, 0, 8;
    %cmp/u;
    %jmp/1 T_24.0, 6;
    %dup/vec4;
    %pushi/vec4 1, 0, 8;
    %cmp/u;
    %jmp/1 T_24.1, 6;
    %dup/vec4;
    %pushi/vec4 2, 0, 8;
    %cmp/u;
    %jmp/1 T_24.2, 6;
    %dup/vec4;
    %pushi/vec4 3, 0, 8;
    %cmp/u;
    %jmp/1 T_24.3, 6;
    %dup/vec4;
    %pushi/vec4 4, 0, 8;
    %cmp/u;
    %jmp/1 T_24.4, 6;
    %dup/vec4;
    %pushi/vec4 5, 0, 8;
    %cmp/u;
    %jmp/1 T_24.5, 6;
    %dup/vec4;
    %pushi/vec4 6, 0, 8;
    %cmp/u;
    %jmp/1 T_24.6, 6;
    %dup/vec4;
    %pushi/vec4 7, 0, 8;
    %cmp/u;
    %jmp/1 T_24.7, 6;
    %dup/vec4;
    %pushi/vec4 8, 0, 8;
    %cmp/u;
    %jmp/1 T_24.8, 6;
    %dup/vec4;
    %pushi/vec4 9, 0, 8;
    %cmp/u;
    %jmp/1 T_24.9, 6;
    %dup/vec4;
    %pushi/vec4 10, 0, 8;
    %cmp/u;
    %jmp/1 T_24.10, 6;
    %dup/vec4;
    %pushi/vec4 11, 0, 8;
    %cmp/u;
    %jmp/1 T_24.11, 6;
    %dup/vec4;
    %pushi/vec4 12, 0, 8;
    %cmp/u;
    %jmp/1 T_24.12, 6;
    %dup/vec4;
    %pushi/vec4 13, 0, 8;
    %cmp/u;
    %jmp/1 T_24.13, 6;
    %dup/vec4;
    %pushi/vec4 14, 0, 8;
    %cmp/u;
    %jmp/1 T_24.14, 6;
    %dup/vec4;
    %pushi/vec4 15, 0, 8;
    %cmp/u;
    %jmp/1 T_24.15, 6;
    %dup/vec4;
    %pushi/vec4 16, 0, 8;
    %cmp/u;
    %jmp/1 T_24.16, 6;
    %dup/vec4;
    %pushi/vec4 17, 0, 8;
    %cmp/u;
    %jmp/1 T_24.17, 6;
    %dup/vec4;
    %pushi/vec4 18, 0, 8;
    %cmp/u;
    %jmp/1 T_24.18, 6;
    %dup/vec4;
    %pushi/vec4 19, 0, 8;
    %cmp/u;
    %jmp/1 T_24.19, 6;
    %dup/vec4;
    %pushi/vec4 20, 0, 8;
    %cmp/u;
    %jmp/1 T_24.20, 6;
    %dup/vec4;
    %pushi/vec4 21, 0, 8;
    %cmp/u;
    %jmp/1 T_24.21, 6;
    %dup/vec4;
    %pushi/vec4 22, 0, 8;
    %cmp/u;
    %jmp/1 T_24.22, 6;
    %dup/vec4;
    %pushi/vec4 23, 0, 8;
    %cmp/u;
    %jmp/1 T_24.23, 6;
    %dup/vec4;
    %pushi/vec4 24, 0, 8;
    %cmp/u;
    %jmp/1 T_24.24, 6;
    %dup/vec4;
    %pushi/vec4 25, 0, 8;
    %cmp/u;
    %jmp/1 T_24.25, 6;
    %dup/vec4;
    %pushi/vec4 26, 0, 8;
    %cmp/u;
    %jmp/1 T_24.26, 6;
    %dup/vec4;
    %pushi/vec4 27, 0, 8;
    %cmp/u;
    %jmp/1 T_24.27, 6;
    %dup/vec4;
    %pushi/vec4 28, 0, 8;
    %cmp/u;
    %jmp/1 T_24.28, 6;
    %dup/vec4;
    %pushi/vec4 29, 0, 8;
    %cmp/u;
    %jmp/1 T_24.29, 6;
    %dup/vec4;
    %pushi/vec4 30, 0, 8;
    %cmp/u;
    %jmp/1 T_24.30, 6;
    %dup/vec4;
    %pushi/vec4 31, 0, 8;
    %cmp/u;
    %jmp/1 T_24.31, 6;
    %dup/vec4;
    %pushi/vec4 32, 0, 8;
    %cmp/u;
    %jmp/1 T_24.32, 6;
    %dup/vec4;
    %pushi/vec4 33, 0, 8;
    %cmp/u;
    %jmp/1 T_24.33, 6;
    %dup/vec4;
    %pushi/vec4 34, 0, 8;
    %cmp/u;
    %jmp/1 T_24.34, 6;
    %dup/vec4;
    %pushi/vec4 35, 0, 8;
    %cmp/u;
    %jmp/1 T_24.35, 6;
    %dup/vec4;
    %pushi/vec4 36, 0, 8;
    %cmp/u;
    %jmp/1 T_24.36, 6;
    %dup/vec4;
    %pushi/vec4 37, 0, 8;
    %cmp/u;
    %jmp/1 T_24.37, 6;
    %dup/vec4;
    %pushi/vec4 38, 0, 8;
    %cmp/u;
    %jmp/1 T_24.38, 6;
    %dup/vec4;
    %pushi/vec4 39, 0, 8;
    %cmp/u;
    %jmp/1 T_24.39, 6;
    %dup/vec4;
    %pushi/vec4 40, 0, 8;
    %cmp/u;
    %jmp/1 T_24.40, 6;
    %dup/vec4;
    %pushi/vec4 41, 0, 8;
    %cmp/u;
    %jmp/1 T_24.41, 6;
    %dup/vec4;
    %pushi/vec4 42, 0, 8;
    %cmp/u;
    %jmp/1 T_24.42, 6;
    %dup/vec4;
    %pushi/vec4 43, 0, 8;
    %cmp/u;
    %jmp/1 T_24.43, 6;
    %dup/vec4;
    %pushi/vec4 44, 0, 8;
    %cmp/u;
    %jmp/1 T_24.44, 6;
    %dup/vec4;
    %pushi/vec4 45, 0, 8;
    %cmp/u;
    %jmp/1 T_24.45, 6;
    %dup/vec4;
    %pushi/vec4 46, 0, 8;
    %cmp/u;
    %jmp/1 T_24.46, 6;
    %dup/vec4;
    %pushi/vec4 47, 0, 8;
    %cmp/u;
    %jmp/1 T_24.47, 6;
    %dup/vec4;
    %pushi/vec4 48, 0, 8;
    %cmp/u;
    %jmp/1 T_24.48, 6;
    %dup/vec4;
    %pushi/vec4 49, 0, 8;
    %cmp/u;
    %jmp/1 T_24.49, 6;
    %dup/vec4;
    %pushi/vec4 50, 0, 8;
    %cmp/u;
    %jmp/1 T_24.50, 6;
    %dup/vec4;
    %pushi/vec4 51, 0, 8;
    %cmp/u;
    %jmp/1 T_24.51, 6;
    %dup/vec4;
    %pushi/vec4 52, 0, 8;
    %cmp/u;
    %jmp/1 T_24.52, 6;
    %dup/vec4;
    %pushi/vec4 53, 0, 8;
    %cmp/u;
    %jmp/1 T_24.53, 6;
    %dup/vec4;
    %pushi/vec4 54, 0, 8;
    %cmp/u;
    %jmp/1 T_24.54, 6;
    %dup/vec4;
    %pushi/vec4 55, 0, 8;
    %cmp/u;
    %jmp/1 T_24.55, 6;
    %dup/vec4;
    %pushi/vec4 56, 0, 8;
    %cmp/u;
    %jmp/1 T_24.56, 6;
    %dup/vec4;
    %pushi/vec4 57, 0, 8;
    %cmp/u;
    %jmp/1 T_24.57, 6;
    %dup/vec4;
    %pushi/vec4 58, 0, 8;
    %cmp/u;
    %jmp/1 T_24.58, 6;
    %dup/vec4;
    %pushi/vec4 59, 0, 8;
    %cmp/u;
    %jmp/1 T_24.59, 6;
    %dup/vec4;
    %pushi/vec4 60, 0, 8;
    %cmp/u;
    %jmp/1 T_24.60, 6;
    %dup/vec4;
    %pushi/vec4 61, 0, 8;
    %cmp/u;
    %jmp/1 T_24.61, 6;
    %dup/vec4;
    %pushi/vec4 62, 0, 8;
    %cmp/u;
    %jmp/1 T_24.62, 6;
    %dup/vec4;
    %pushi/vec4 63, 0, 8;
    %cmp/u;
    %jmp/1 T_24.63, 6;
    %dup/vec4;
    %pushi/vec4 64, 0, 8;
    %cmp/u;
    %jmp/1 T_24.64, 6;
    %dup/vec4;
    %pushi/vec4 65, 0, 8;
    %cmp/u;
    %jmp/1 T_24.65, 6;
    %dup/vec4;
    %pushi/vec4 66, 0, 8;
    %cmp/u;
    %jmp/1 T_24.66, 6;
    %dup/vec4;
    %pushi/vec4 67, 0, 8;
    %cmp/u;
    %jmp/1 T_24.67, 6;
    %dup/vec4;
    %pushi/vec4 68, 0, 8;
    %cmp/u;
    %jmp/1 T_24.68, 6;
    %dup/vec4;
    %pushi/vec4 69, 0, 8;
    %cmp/u;
    %jmp/1 T_24.69, 6;
    %dup/vec4;
    %pushi/vec4 70, 0, 8;
    %cmp/u;
    %jmp/1 T_24.70, 6;
    %dup/vec4;
    %pushi/vec4 71, 0, 8;
    %cmp/u;
    %jmp/1 T_24.71, 6;
    %dup/vec4;
    %pushi/vec4 72, 0, 8;
    %cmp/u;
    %jmp/1 T_24.72, 6;
    %dup/vec4;
    %pushi/vec4 73, 0, 8;
    %cmp/u;
    %jmp/1 T_24.73, 6;
    %dup/vec4;
    %pushi/vec4 74, 0, 8;
    %cmp/u;
    %jmp/1 T_24.74, 6;
    %dup/vec4;
    %pushi/vec4 75, 0, 8;
    %cmp/u;
    %jmp/1 T_24.75, 6;
    %dup/vec4;
    %pushi/vec4 76, 0, 8;
    %cmp/u;
    %jmp/1 T_24.76, 6;
    %dup/vec4;
    %pushi/vec4 77, 0, 8;
    %cmp/u;
    %jmp/1 T_24.77, 6;
    %dup/vec4;
    %pushi/vec4 78, 0, 8;
    %cmp/u;
    %jmp/1 T_24.78, 6;
    %dup/vec4;
    %pushi/vec4 79, 0, 8;
    %cmp/u;
    %jmp/1 T_24.79, 6;
    %dup/vec4;
    %pushi/vec4 80, 0, 8;
    %cmp/u;
    %jmp/1 T_24.80, 6;
    %dup/vec4;
    %pushi/vec4 81, 0, 8;
    %cmp/u;
    %jmp/1 T_24.81, 6;
    %dup/vec4;
    %pushi/vec4 82, 0, 8;
    %cmp/u;
    %jmp/1 T_24.82, 6;
    %dup/vec4;
    %pushi/vec4 83, 0, 8;
    %cmp/u;
    %jmp/1 T_24.83, 6;
    %dup/vec4;
    %pushi/vec4 84, 0, 8;
    %cmp/u;
    %jmp/1 T_24.84, 6;
    %dup/vec4;
    %pushi/vec4 85, 0, 8;
    %cmp/u;
    %jmp/1 T_24.85, 6;
    %dup/vec4;
    %pushi/vec4 86, 0, 8;
    %cmp/u;
    %jmp/1 T_24.86, 6;
    %dup/vec4;
    %pushi/vec4 87, 0, 8;
    %cmp/u;
    %jmp/1 T_24.87, 6;
    %dup/vec4;
    %pushi/vec4 88, 0, 8;
    %cmp/u;
    %jmp/1 T_24.88, 6;
    %dup/vec4;
    %pushi/vec4 89, 0, 8;
    %cmp/u;
    %jmp/1 T_24.89, 6;
    %dup/vec4;
    %pushi/vec4 90, 0, 8;
    %cmp/u;
    %jmp/1 T_24.90, 6;
    %dup/vec4;
    %pushi/vec4 91, 0, 8;
    %cmp/u;
    %jmp/1 T_24.91, 6;
    %dup/vec4;
    %pushi/vec4 92, 0, 8;
    %cmp/u;
    %jmp/1 T_24.92, 6;
    %dup/vec4;
    %pushi/vec4 93, 0, 8;
    %cmp/u;
    %jmp/1 T_24.93, 6;
    %dup/vec4;
    %pushi/vec4 94, 0, 8;
    %cmp/u;
    %jmp/1 T_24.94, 6;
    %dup/vec4;
    %pushi/vec4 95, 0, 8;
    %cmp/u;
    %jmp/1 T_24.95, 6;
    %dup/vec4;
    %pushi/vec4 96, 0, 8;
    %cmp/u;
    %jmp/1 T_24.96, 6;
    %dup/vec4;
    %pushi/vec4 97, 0, 8;
    %cmp/u;
    %jmp/1 T_24.97, 6;
    %dup/vec4;
    %pushi/vec4 98, 0, 8;
    %cmp/u;
    %jmp/1 T_24.98, 6;
    %dup/vec4;
    %pushi/vec4 99, 0, 8;
    %cmp/u;
    %jmp/1 T_24.99, 6;
    %dup/vec4;
    %pushi/vec4 100, 0, 8;
    %cmp/u;
    %jmp/1 T_24.100, 6;
    %dup/vec4;
    %pushi/vec4 101, 0, 8;
    %cmp/u;
    %jmp/1 T_24.101, 6;
    %dup/vec4;
    %pushi/vec4 102, 0, 8;
    %cmp/u;
    %jmp/1 T_24.102, 6;
    %dup/vec4;
    %pushi/vec4 103, 0, 8;
    %cmp/u;
    %jmp/1 T_24.103, 6;
    %dup/vec4;
    %pushi/vec4 104, 0, 8;
    %cmp/u;
    %jmp/1 T_24.104, 6;
    %dup/vec4;
    %pushi/vec4 105, 0, 8;
    %cmp/u;
    %jmp/1 T_24.105, 6;
    %dup/vec4;
    %pushi/vec4 106, 0, 8;
    %cmp/u;
    %jmp/1 T_24.106, 6;
    %dup/vec4;
    %pushi/vec4 107, 0, 8;
    %cmp/u;
    %jmp/1 T_24.107, 6;
    %dup/vec4;
    %pushi/vec4 108, 0, 8;
    %cmp/u;
    %jmp/1 T_24.108, 6;
    %dup/vec4;
    %pushi/vec4 109, 0, 8;
    %cmp/u;
    %jmp/1 T_24.109, 6;
    %dup/vec4;
    %pushi/vec4 110, 0, 8;
    %cmp/u;
    %jmp/1 T_24.110, 6;
    %dup/vec4;
    %pushi/vec4 111, 0, 8;
    %cmp/u;
    %jmp/1 T_24.111, 6;
    %dup/vec4;
    %pushi/vec4 112, 0, 8;
    %cmp/u;
    %jmp/1 T_24.112, 6;
    %dup/vec4;
    %pushi/vec4 113, 0, 8;
    %cmp/u;
    %jmp/1 T_24.113, 6;
    %dup/vec4;
    %pushi/vec4 114, 0, 8;
    %cmp/u;
    %jmp/1 T_24.114, 6;
    %dup/vec4;
    %pushi/vec4 115, 0, 8;
    %cmp/u;
    %jmp/1 T_24.115, 6;
    %dup/vec4;
    %pushi/vec4 116, 0, 8;
    %cmp/u;
    %jmp/1 T_24.116, 6;
    %dup/vec4;
    %pushi/vec4 117, 0, 8;
    %cmp/u;
    %jmp/1 T_24.117, 6;
    %dup/vec4;
    %pushi/vec4 118, 0, 8;
    %cmp/u;
    %jmp/1 T_24.118, 6;
    %dup/vec4;
    %pushi/vec4 119, 0, 8;
    %cmp/u;
    %jmp/1 T_24.119, 6;
    %dup/vec4;
    %pushi/vec4 120, 0, 8;
    %cmp/u;
    %jmp/1 T_24.120, 6;
    %dup/vec4;
    %pushi/vec4 121, 0, 8;
    %cmp/u;
    %jmp/1 T_24.121, 6;
    %dup/vec4;
    %pushi/vec4 122, 0, 8;
    %cmp/u;
    %jmp/1 T_24.122, 6;
    %dup/vec4;
    %pushi/vec4 123, 0, 8;
    %cmp/u;
    %jmp/1 T_24.123, 6;
    %dup/vec4;
    %pushi/vec4 124, 0, 8;
    %cmp/u;
    %jmp/1 T_24.124, 6;
    %dup/vec4;
    %pushi/vec4 125, 0, 8;
    %cmp/u;
    %jmp/1 T_24.125, 6;
    %dup/vec4;
    %pushi/vec4 126, 0, 8;
    %cmp/u;
    %jmp/1 T_24.126, 6;
    %dup/vec4;
    %pushi/vec4 127, 0, 8;
    %cmp/u;
    %jmp/1 T_24.127, 6;
    %dup/vec4;
    %pushi/vec4 128, 0, 8;
    %cmp/u;
    %jmp/1 T_24.128, 6;
    %dup/vec4;
    %pushi/vec4 129, 0, 8;
    %cmp/u;
    %jmp/1 T_24.129, 6;
    %dup/vec4;
    %pushi/vec4 130, 0, 8;
    %cmp/u;
    %jmp/1 T_24.130, 6;
    %dup/vec4;
    %pushi/vec4 131, 0, 8;
    %cmp/u;
    %jmp/1 T_24.131, 6;
    %dup/vec4;
    %pushi/vec4 132, 0, 8;
    %cmp/u;
    %jmp/1 T_24.132, 6;
    %dup/vec4;
    %pushi/vec4 133, 0, 8;
    %cmp/u;
    %jmp/1 T_24.133, 6;
    %dup/vec4;
    %pushi/vec4 134, 0, 8;
    %cmp/u;
    %jmp/1 T_24.134, 6;
    %dup/vec4;
    %pushi/vec4 135, 0, 8;
    %cmp/u;
    %jmp/1 T_24.135, 6;
    %dup/vec4;
    %pushi/vec4 136, 0, 8;
    %cmp/u;
    %jmp/1 T_24.136, 6;
    %dup/vec4;
    %pushi/vec4 137, 0, 8;
    %cmp/u;
    %jmp/1 T_24.137, 6;
    %dup/vec4;
    %pushi/vec4 138, 0, 8;
    %cmp/u;
    %jmp/1 T_24.138, 6;
    %dup/vec4;
    %pushi/vec4 139, 0, 8;
    %cmp/u;
    %jmp/1 T_24.139, 6;
    %dup/vec4;
    %pushi/vec4 140, 0, 8;
    %cmp/u;
    %jmp/1 T_24.140, 6;
    %dup/vec4;
    %pushi/vec4 141, 0, 8;
    %cmp/u;
    %jmp/1 T_24.141, 6;
    %dup/vec4;
    %pushi/vec4 142, 0, 8;
    %cmp/u;
    %jmp/1 T_24.142, 6;
    %dup/vec4;
    %pushi/vec4 143, 0, 8;
    %cmp/u;
    %jmp/1 T_24.143, 6;
    %dup/vec4;
    %pushi/vec4 144, 0, 8;
    %cmp/u;
    %jmp/1 T_24.144, 6;
    %dup/vec4;
    %pushi/vec4 145, 0, 8;
    %cmp/u;
    %jmp/1 T_24.145, 6;
    %dup/vec4;
    %pushi/vec4 146, 0, 8;
    %cmp/u;
    %jmp/1 T_24.146, 6;
    %dup/vec4;
    %pushi/vec4 147, 0, 8;
    %cmp/u;
    %jmp/1 T_24.147, 6;
    %dup/vec4;
    %pushi/vec4 148, 0, 8;
    %cmp/u;
    %jmp/1 T_24.148, 6;
    %dup/vec4;
    %pushi/vec4 149, 0, 8;
    %cmp/u;
    %jmp/1 T_24.149, 6;
    %dup/vec4;
    %pushi/vec4 150, 0, 8;
    %cmp/u;
    %jmp/1 T_24.150, 6;
    %dup/vec4;
    %pushi/vec4 151, 0, 8;
    %cmp/u;
    %jmp/1 T_24.151, 6;
    %dup/vec4;
    %pushi/vec4 152, 0, 8;
    %cmp/u;
    %jmp/1 T_24.152, 6;
    %dup/vec4;
    %pushi/vec4 153, 0, 8;
    %cmp/u;
    %jmp/1 T_24.153, 6;
    %dup/vec4;
    %pushi/vec4 154, 0, 8;
    %cmp/u;
    %jmp/1 T_24.154, 6;
    %dup/vec4;
    %pushi/vec4 155, 0, 8;
    %cmp/u;
    %jmp/1 T_24.155, 6;
    %dup/vec4;
    %pushi/vec4 156, 0, 8;
    %cmp/u;
    %jmp/1 T_24.156, 6;
    %dup/vec4;
    %pushi/vec4 157, 0, 8;
    %cmp/u;
    %jmp/1 T_24.157, 6;
    %dup/vec4;
    %pushi/vec4 158, 0, 8;
    %cmp/u;
    %jmp/1 T_24.158, 6;
    %dup/vec4;
    %pushi/vec4 159, 0, 8;
    %cmp/u;
    %jmp/1 T_24.159, 6;
    %dup/vec4;
    %pushi/vec4 160, 0, 8;
    %cmp/u;
    %jmp/1 T_24.160, 6;
    %dup/vec4;
    %pushi/vec4 161, 0, 8;
    %cmp/u;
    %jmp/1 T_24.161, 6;
    %dup/vec4;
    %pushi/vec4 162, 0, 8;
    %cmp/u;
    %jmp/1 T_24.162, 6;
    %dup/vec4;
    %pushi/vec4 163, 0, 8;
    %cmp/u;
    %jmp/1 T_24.163, 6;
    %dup/vec4;
    %pushi/vec4 164, 0, 8;
    %cmp/u;
    %jmp/1 T_24.164, 6;
    %dup/vec4;
    %pushi/vec4 165, 0, 8;
    %cmp/u;
    %jmp/1 T_24.165, 6;
    %dup/vec4;
    %pushi/vec4 166, 0, 8;
    %cmp/u;
    %jmp/1 T_24.166, 6;
    %dup/vec4;
    %pushi/vec4 167, 0, 8;
    %cmp/u;
    %jmp/1 T_24.167, 6;
    %dup/vec4;
    %pushi/vec4 168, 0, 8;
    %cmp/u;
    %jmp/1 T_24.168, 6;
    %dup/vec4;
    %pushi/vec4 169, 0, 8;
    %cmp/u;
    %jmp/1 T_24.169, 6;
    %dup/vec4;
    %pushi/vec4 170, 0, 8;
    %cmp/u;
    %jmp/1 T_24.170, 6;
    %dup/vec4;
    %pushi/vec4 171, 0, 8;
    %cmp/u;
    %jmp/1 T_24.171, 6;
    %dup/vec4;
    %pushi/vec4 172, 0, 8;
    %cmp/u;
    %jmp/1 T_24.172, 6;
    %dup/vec4;
    %pushi/vec4 173, 0, 8;
    %cmp/u;
    %jmp/1 T_24.173, 6;
    %dup/vec4;
    %pushi/vec4 174, 0, 8;
    %cmp/u;
    %jmp/1 T_24.174, 6;
    %dup/vec4;
    %pushi/vec4 175, 0, 8;
    %cmp/u;
    %jmp/1 T_24.175, 6;
    %dup/vec4;
    %pushi/vec4 176, 0, 8;
    %cmp/u;
    %jmp/1 T_24.176, 6;
    %dup/vec4;
    %pushi/vec4 177, 0, 8;
    %cmp/u;
    %jmp/1 T_24.177, 6;
    %dup/vec4;
    %pushi/vec4 178, 0, 8;
    %cmp/u;
    %jmp/1 T_24.178, 6;
    %dup/vec4;
    %pushi/vec4 179, 0, 8;
    %cmp/u;
    %jmp/1 T_24.179, 6;
    %dup/vec4;
    %pushi/vec4 180, 0, 8;
    %cmp/u;
    %jmp/1 T_24.180, 6;
    %dup/vec4;
    %pushi/vec4 181, 0, 8;
    %cmp/u;
    %jmp/1 T_24.181, 6;
    %dup/vec4;
    %pushi/vec4 182, 0, 8;
    %cmp/u;
    %jmp/1 T_24.182, 6;
    %dup/vec4;
    %pushi/vec4 183, 0, 8;
    %cmp/u;
    %jmp/1 T_24.183, 6;
    %dup/vec4;
    %pushi/vec4 184, 0, 8;
    %cmp/u;
    %jmp/1 T_24.184, 6;
    %dup/vec4;
    %pushi/vec4 185, 0, 8;
    %cmp/u;
    %jmp/1 T_24.185, 6;
    %dup/vec4;
    %pushi/vec4 186, 0, 8;
    %cmp/u;
    %jmp/1 T_24.186, 6;
    %dup/vec4;
    %pushi/vec4 187, 0, 8;
    %cmp/u;
    %jmp/1 T_24.187, 6;
    %dup/vec4;
    %pushi/vec4 188, 0, 8;
    %cmp/u;
    %jmp/1 T_24.188, 6;
    %dup/vec4;
    %pushi/vec4 189, 0, 8;
    %cmp/u;
    %jmp/1 T_24.189, 6;
    %dup/vec4;
    %pushi/vec4 190, 0, 8;
    %cmp/u;
    %jmp/1 T_24.190, 6;
    %dup/vec4;
    %pushi/vec4 191, 0, 8;
    %cmp/u;
    %jmp/1 T_24.191, 6;
    %dup/vec4;
    %pushi/vec4 192, 0, 8;
    %cmp/u;
    %jmp/1 T_24.192, 6;
    %dup/vec4;
    %pushi/vec4 193, 0, 8;
    %cmp/u;
    %jmp/1 T_24.193, 6;
    %dup/vec4;
    %pushi/vec4 194, 0, 8;
    %cmp/u;
    %jmp/1 T_24.194, 6;
    %dup/vec4;
    %pushi/vec4 195, 0, 8;
    %cmp/u;
    %jmp/1 T_24.195, 6;
    %dup/vec4;
    %pushi/vec4 196, 0, 8;
    %cmp/u;
    %jmp/1 T_24.196, 6;
    %dup/vec4;
    %pushi/vec4 197, 0, 8;
    %cmp/u;
    %jmp/1 T_24.197, 6;
    %dup/vec4;
    %pushi/vec4 198, 0, 8;
    %cmp/u;
    %jmp/1 T_24.198, 6;
    %dup/vec4;
    %pushi/vec4 199, 0, 8;
    %cmp/u;
    %jmp/1 T_24.199, 6;
    %dup/vec4;
    %pushi/vec4 200, 0, 8;
    %cmp/u;
    %jmp/1 T_24.200, 6;
    %dup/vec4;
    %pushi/vec4 201, 0, 8;
    %cmp/u;
    %jmp/1 T_24.201, 6;
    %dup/vec4;
    %pushi/vec4 202, 0, 8;
    %cmp/u;
    %jmp/1 T_24.202, 6;
    %dup/vec4;
    %pushi/vec4 203, 0, 8;
    %cmp/u;
    %jmp/1 T_24.203, 6;
    %dup/vec4;
    %pushi/vec4 204, 0, 8;
    %cmp/u;
    %jmp/1 T_24.204, 6;
    %dup/vec4;
    %pushi/vec4 205, 0, 8;
    %cmp/u;
    %jmp/1 T_24.205, 6;
    %dup/vec4;
    %pushi/vec4 206, 0, 8;
    %cmp/u;
    %jmp/1 T_24.206, 6;
    %dup/vec4;
    %pushi/vec4 207, 0, 8;
    %cmp/u;
    %jmp/1 T_24.207, 6;
    %dup/vec4;
    %pushi/vec4 208, 0, 8;
    %cmp/u;
    %jmp/1 T_24.208, 6;
    %dup/vec4;
    %pushi/vec4 209, 0, 8;
    %cmp/u;
    %jmp/1 T_24.209, 6;
    %dup/vec4;
    %pushi/vec4 210, 0, 8;
    %cmp/u;
    %jmp/1 T_24.210, 6;
    %dup/vec4;
    %pushi/vec4 211, 0, 8;
    %cmp/u;
    %jmp/1 T_24.211, 6;
    %dup/vec4;
    %pushi/vec4 212, 0, 8;
    %cmp/u;
    %jmp/1 T_24.212, 6;
    %dup/vec4;
    %pushi/vec4 213, 0, 8;
    %cmp/u;
    %jmp/1 T_24.213, 6;
    %dup/vec4;
    %pushi/vec4 214, 0, 8;
    %cmp/u;
    %jmp/1 T_24.214, 6;
    %dup/vec4;
    %pushi/vec4 215, 0, 8;
    %cmp/u;
    %jmp/1 T_24.215, 6;
    %dup/vec4;
    %pushi/vec4 216, 0, 8;
    %cmp/u;
    %jmp/1 T_24.216, 6;
    %dup/vec4;
    %pushi/vec4 217, 0, 8;
    %cmp/u;
    %jmp/1 T_24.217, 6;
    %dup/vec4;
    %pushi/vec4 218, 0, 8;
    %cmp/u;
    %jmp/1 T_24.218, 6;
    %dup/vec4;
    %pushi/vec4 219, 0, 8;
    %cmp/u;
    %jmp/1 T_24.219, 6;
    %dup/vec4;
    %pushi/vec4 220, 0, 8;
    %cmp/u;
    %jmp/1 T_24.220, 6;
    %dup/vec4;
    %pushi/vec4 221, 0, 8;
    %cmp/u;
    %jmp/1 T_24.221, 6;
    %dup/vec4;
    %pushi/vec4 222, 0, 8;
    %cmp/u;
    %jmp/1 T_24.222, 6;
    %dup/vec4;
    %pushi/vec4 223, 0, 8;
    %cmp/u;
    %jmp/1 T_24.223, 6;
    %dup/vec4;
    %pushi/vec4 224, 0, 8;
    %cmp/u;
    %jmp/1 T_24.224, 6;
    %dup/vec4;
    %pushi/vec4 225, 0, 8;
    %cmp/u;
    %jmp/1 T_24.225, 6;
    %dup/vec4;
    %pushi/vec4 226, 0, 8;
    %cmp/u;
    %jmp/1 T_24.226, 6;
    %dup/vec4;
    %pushi/vec4 227, 0, 8;
    %cmp/u;
    %jmp/1 T_24.227, 6;
    %dup/vec4;
    %pushi/vec4 228, 0, 8;
    %cmp/u;
    %jmp/1 T_24.228, 6;
    %dup/vec4;
    %pushi/vec4 229, 0, 8;
    %cmp/u;
    %jmp/1 T_24.229, 6;
    %dup/vec4;
    %pushi/vec4 230, 0, 8;
    %cmp/u;
    %jmp/1 T_24.230, 6;
    %dup/vec4;
    %pushi/vec4 231, 0, 8;
    %cmp/u;
    %jmp/1 T_24.231, 6;
    %dup/vec4;
    %pushi/vec4 232, 0, 8;
    %cmp/u;
    %jmp/1 T_24.232, 6;
    %dup/vec4;
    %pushi/vec4 233, 0, 8;
    %cmp/u;
    %jmp/1 T_24.233, 6;
    %dup/vec4;
    %pushi/vec4 234, 0, 8;
    %cmp/u;
    %jmp/1 T_24.234, 6;
    %dup/vec4;
    %pushi/vec4 235, 0, 8;
    %cmp/u;
    %jmp/1 T_24.235, 6;
    %dup/vec4;
    %pushi/vec4 236, 0, 8;
    %cmp/u;
    %jmp/1 T_24.236, 6;
    %dup/vec4;
    %pushi/vec4 237, 0, 8;
    %cmp/u;
    %jmp/1 T_24.237, 6;
    %dup/vec4;
    %pushi/vec4 238, 0, 8;
    %cmp/u;
    %jmp/1 T_24.238, 6;
    %dup/vec4;
    %pushi/vec4 239, 0, 8;
    %cmp/u;
    %jmp/1 T_24.239, 6;
    %dup/vec4;
    %pushi/vec4 240, 0, 8;
    %cmp/u;
    %jmp/1 T_24.240, 6;
    %dup/vec4;
    %pushi/vec4 241, 0, 8;
    %cmp/u;
    %jmp/1 T_24.241, 6;
    %dup/vec4;
    %pushi/vec4 242, 0, 8;
    %cmp/u;
    %jmp/1 T_24.242, 6;
    %dup/vec4;
    %pushi/vec4 243, 0, 8;
    %cmp/u;
    %jmp/1 T_24.243, 6;
    %dup/vec4;
    %pushi/vec4 244, 0, 8;
    %cmp/u;
    %jmp/1 T_24.244, 6;
    %dup/vec4;
    %pushi/vec4 245, 0, 8;
    %cmp/u;
    %jmp/1 T_24.245, 6;
    %dup/vec4;
    %pushi/vec4 246, 0, 8;
    %cmp/u;
    %jmp/1 T_24.246, 6;
    %dup/vec4;
    %pushi/vec4 247, 0, 8;
    %cmp/u;
    %jmp/1 T_24.247, 6;
    %dup/vec4;
    %pushi/vec4 248, 0, 8;
    %cmp/u;
    %jmp/1 T_24.248, 6;
    %dup/vec4;
    %pushi/vec4 249, 0, 8;
    %cmp/u;
    %jmp/1 T_24.249, 6;
    %dup/vec4;
    %pushi/vec4 250, 0, 8;
    %cmp/u;
    %jmp/1 T_24.250, 6;
    %dup/vec4;
    %pushi/vec4 251, 0, 8;
    %cmp/u;
    %jmp/1 T_24.251, 6;
    %dup/vec4;
    %pushi/vec4 252, 0, 8;
    %cmp/u;
    %jmp/1 T_24.252, 6;
    %dup/vec4;
    %pushi/vec4 253, 0, 8;
    %cmp/u;
    %jmp/1 T_24.253, 6;
    %dup/vec4;
    %pushi/vec4 254, 0, 8;
    %cmp/u;
    %jmp/1 T_24.254, 6;
    %dup/vec4;
    %pushi/vec4 255, 0, 8;
    %cmp/u;
    %jmp/1 T_24.255, 6;
    %jmp T_24.256;
T_24.0 ;
    %pushi/vec4 99, 0, 8;
    %store/vec4 v000001d9d066da00_0, 0, 8;
    %jmp T_24.256;
T_24.1 ;
    %pushi/vec4 124, 0, 8;
    %store/vec4 v000001d9d066da00_0, 0, 8;
    %jmp T_24.256;
T_24.2 ;
    %pushi/vec4 119, 0, 8;
    %store/vec4 v000001d9d066da00_0, 0, 8;
    %jmp T_24.256;
T_24.3 ;
    %pushi/vec4 123, 0, 8;
    %store/vec4 v000001d9d066da00_0, 0, 8;
    %jmp T_24.256;
T_24.4 ;
    %pushi/vec4 242, 0, 8;
    %store/vec4 v000001d9d066da00_0, 0, 8;
    %jmp T_24.256;
T_24.5 ;
    %pushi/vec4 107, 0, 8;
    %store/vec4 v000001d9d066da00_0, 0, 8;
    %jmp T_24.256;
T_24.6 ;
    %pushi/vec4 111, 0, 8;
    %store/vec4 v000001d9d066da00_0, 0, 8;
    %jmp T_24.256;
T_24.7 ;
    %pushi/vec4 197, 0, 8;
    %store/vec4 v000001d9d066da00_0, 0, 8;
    %jmp T_24.256;
T_24.8 ;
    %pushi/vec4 48, 0, 8;
    %store/vec4 v000001d9d066da00_0, 0, 8;
    %jmp T_24.256;
T_24.9 ;
    %pushi/vec4 1, 0, 8;
    %store/vec4 v000001d9d066da00_0, 0, 8;
    %jmp T_24.256;
T_24.10 ;
    %pushi/vec4 103, 0, 8;
    %store/vec4 v000001d9d066da00_0, 0, 8;
    %jmp T_24.256;
T_24.11 ;
    %pushi/vec4 43, 0, 8;
    %store/vec4 v000001d9d066da00_0, 0, 8;
    %jmp T_24.256;
T_24.12 ;
    %pushi/vec4 254, 0, 8;
    %store/vec4 v000001d9d066da00_0, 0, 8;
    %jmp T_24.256;
T_24.13 ;
    %pushi/vec4 215, 0, 8;
    %store/vec4 v000001d9d066da00_0, 0, 8;
    %jmp T_24.256;
T_24.14 ;
    %pushi/vec4 171, 0, 8;
    %store/vec4 v000001d9d066da00_0, 0, 8;
    %jmp T_24.256;
T_24.15 ;
    %pushi/vec4 118, 0, 8;
    %store/vec4 v000001d9d066da00_0, 0, 8;
    %jmp T_24.256;
T_24.16 ;
    %pushi/vec4 202, 0, 8;
    %store/vec4 v000001d9d066da00_0, 0, 8;
    %jmp T_24.256;
T_24.17 ;
    %pushi/vec4 130, 0, 8;
    %store/vec4 v000001d9d066da00_0, 0, 8;
    %jmp T_24.256;
T_24.18 ;
    %pushi/vec4 201, 0, 8;
    %store/vec4 v000001d9d066da00_0, 0, 8;
    %jmp T_24.256;
T_24.19 ;
    %pushi/vec4 125, 0, 8;
    %store/vec4 v000001d9d066da00_0, 0, 8;
    %jmp T_24.256;
T_24.20 ;
    %pushi/vec4 250, 0, 8;
    %store/vec4 v000001d9d066da00_0, 0, 8;
    %jmp T_24.256;
T_24.21 ;
    %pushi/vec4 89, 0, 8;
    %store/vec4 v000001d9d066da00_0, 0, 8;
    %jmp T_24.256;
T_24.22 ;
    %pushi/vec4 71, 0, 8;
    %store/vec4 v000001d9d066da00_0, 0, 8;
    %jmp T_24.256;
T_24.23 ;
    %pushi/vec4 240, 0, 8;
    %store/vec4 v000001d9d066da00_0, 0, 8;
    %jmp T_24.256;
T_24.24 ;
    %pushi/vec4 173, 0, 8;
    %store/vec4 v000001d9d066da00_0, 0, 8;
    %jmp T_24.256;
T_24.25 ;
    %pushi/vec4 212, 0, 8;
    %store/vec4 v000001d9d066da00_0, 0, 8;
    %jmp T_24.256;
T_24.26 ;
    %pushi/vec4 162, 0, 8;
    %store/vec4 v000001d9d066da00_0, 0, 8;
    %jmp T_24.256;
T_24.27 ;
    %pushi/vec4 175, 0, 8;
    %store/vec4 v000001d9d066da00_0, 0, 8;
    %jmp T_24.256;
T_24.28 ;
    %pushi/vec4 156, 0, 8;
    %store/vec4 v000001d9d066da00_0, 0, 8;
    %jmp T_24.256;
T_24.29 ;
    %pushi/vec4 164, 0, 8;
    %store/vec4 v000001d9d066da00_0, 0, 8;
    %jmp T_24.256;
T_24.30 ;
    %pushi/vec4 114, 0, 8;
    %store/vec4 v000001d9d066da00_0, 0, 8;
    %jmp T_24.256;
T_24.31 ;
    %pushi/vec4 192, 0, 8;
    %store/vec4 v000001d9d066da00_0, 0, 8;
    %jmp T_24.256;
T_24.32 ;
    %pushi/vec4 183, 0, 8;
    %store/vec4 v000001d9d066da00_0, 0, 8;
    %jmp T_24.256;
T_24.33 ;
    %pushi/vec4 253, 0, 8;
    %store/vec4 v000001d9d066da00_0, 0, 8;
    %jmp T_24.256;
T_24.34 ;
    %pushi/vec4 147, 0, 8;
    %store/vec4 v000001d9d066da00_0, 0, 8;
    %jmp T_24.256;
T_24.35 ;
    %pushi/vec4 38, 0, 8;
    %store/vec4 v000001d9d066da00_0, 0, 8;
    %jmp T_24.256;
T_24.36 ;
    %pushi/vec4 54, 0, 8;
    %store/vec4 v000001d9d066da00_0, 0, 8;
    %jmp T_24.256;
T_24.37 ;
    %pushi/vec4 63, 0, 8;
    %store/vec4 v000001d9d066da00_0, 0, 8;
    %jmp T_24.256;
T_24.38 ;
    %pushi/vec4 247, 0, 8;
    %store/vec4 v000001d9d066da00_0, 0, 8;
    %jmp T_24.256;
T_24.39 ;
    %pushi/vec4 204, 0, 8;
    %store/vec4 v000001d9d066da00_0, 0, 8;
    %jmp T_24.256;
T_24.40 ;
    %pushi/vec4 52, 0, 8;
    %store/vec4 v000001d9d066da00_0, 0, 8;
    %jmp T_24.256;
T_24.41 ;
    %pushi/vec4 165, 0, 8;
    %store/vec4 v000001d9d066da00_0, 0, 8;
    %jmp T_24.256;
T_24.42 ;
    %pushi/vec4 229, 0, 8;
    %store/vec4 v000001d9d066da00_0, 0, 8;
    %jmp T_24.256;
T_24.43 ;
    %pushi/vec4 241, 0, 8;
    %store/vec4 v000001d9d066da00_0, 0, 8;
    %jmp T_24.256;
T_24.44 ;
    %pushi/vec4 113, 0, 8;
    %store/vec4 v000001d9d066da00_0, 0, 8;
    %jmp T_24.256;
T_24.45 ;
    %pushi/vec4 216, 0, 8;
    %store/vec4 v000001d9d066da00_0, 0, 8;
    %jmp T_24.256;
T_24.46 ;
    %pushi/vec4 49, 0, 8;
    %store/vec4 v000001d9d066da00_0, 0, 8;
    %jmp T_24.256;
T_24.47 ;
    %pushi/vec4 21, 0, 8;
    %store/vec4 v000001d9d066da00_0, 0, 8;
    %jmp T_24.256;
T_24.48 ;
    %pushi/vec4 4, 0, 8;
    %store/vec4 v000001d9d066da00_0, 0, 8;
    %jmp T_24.256;
T_24.49 ;
    %pushi/vec4 199, 0, 8;
    %store/vec4 v000001d9d066da00_0, 0, 8;
    %jmp T_24.256;
T_24.50 ;
    %pushi/vec4 35, 0, 8;
    %store/vec4 v000001d9d066da00_0, 0, 8;
    %jmp T_24.256;
T_24.51 ;
    %pushi/vec4 195, 0, 8;
    %store/vec4 v000001d9d066da00_0, 0, 8;
    %jmp T_24.256;
T_24.52 ;
    %pushi/vec4 24, 0, 8;
    %store/vec4 v000001d9d066da00_0, 0, 8;
    %jmp T_24.256;
T_24.53 ;
    %pushi/vec4 150, 0, 8;
    %store/vec4 v000001d9d066da00_0, 0, 8;
    %jmp T_24.256;
T_24.54 ;
    %pushi/vec4 5, 0, 8;
    %store/vec4 v000001d9d066da00_0, 0, 8;
    %jmp T_24.256;
T_24.55 ;
    %pushi/vec4 154, 0, 8;
    %store/vec4 v000001d9d066da00_0, 0, 8;
    %jmp T_24.256;
T_24.56 ;
    %pushi/vec4 7, 0, 8;
    %store/vec4 v000001d9d066da00_0, 0, 8;
    %jmp T_24.256;
T_24.57 ;
    %pushi/vec4 18, 0, 8;
    %store/vec4 v000001d9d066da00_0, 0, 8;
    %jmp T_24.256;
T_24.58 ;
    %pushi/vec4 128, 0, 8;
    %store/vec4 v000001d9d066da00_0, 0, 8;
    %jmp T_24.256;
T_24.59 ;
    %pushi/vec4 226, 0, 8;
    %store/vec4 v000001d9d066da00_0, 0, 8;
    %jmp T_24.256;
T_24.60 ;
    %pushi/vec4 235, 0, 8;
    %store/vec4 v000001d9d066da00_0, 0, 8;
    %jmp T_24.256;
T_24.61 ;
    %pushi/vec4 39, 0, 8;
    %store/vec4 v000001d9d066da00_0, 0, 8;
    %jmp T_24.256;
T_24.62 ;
    %pushi/vec4 178, 0, 8;
    %store/vec4 v000001d9d066da00_0, 0, 8;
    %jmp T_24.256;
T_24.63 ;
    %pushi/vec4 117, 0, 8;
    %store/vec4 v000001d9d066da00_0, 0, 8;
    %jmp T_24.256;
T_24.64 ;
    %pushi/vec4 9, 0, 8;
    %store/vec4 v000001d9d066da00_0, 0, 8;
    %jmp T_24.256;
T_24.65 ;
    %pushi/vec4 131, 0, 8;
    %store/vec4 v000001d9d066da00_0, 0, 8;
    %jmp T_24.256;
T_24.66 ;
    %pushi/vec4 44, 0, 8;
    %store/vec4 v000001d9d066da00_0, 0, 8;
    %jmp T_24.256;
T_24.67 ;
    %pushi/vec4 26, 0, 8;
    %store/vec4 v000001d9d066da00_0, 0, 8;
    %jmp T_24.256;
T_24.68 ;
    %pushi/vec4 27, 0, 8;
    %store/vec4 v000001d9d066da00_0, 0, 8;
    %jmp T_24.256;
T_24.69 ;
    %pushi/vec4 110, 0, 8;
    %store/vec4 v000001d9d066da00_0, 0, 8;
    %jmp T_24.256;
T_24.70 ;
    %pushi/vec4 90, 0, 8;
    %store/vec4 v000001d9d066da00_0, 0, 8;
    %jmp T_24.256;
T_24.71 ;
    %pushi/vec4 160, 0, 8;
    %store/vec4 v000001d9d066da00_0, 0, 8;
    %jmp T_24.256;
T_24.72 ;
    %pushi/vec4 82, 0, 8;
    %store/vec4 v000001d9d066da00_0, 0, 8;
    %jmp T_24.256;
T_24.73 ;
    %pushi/vec4 59, 0, 8;
    %store/vec4 v000001d9d066da00_0, 0, 8;
    %jmp T_24.256;
T_24.74 ;
    %pushi/vec4 214, 0, 8;
    %store/vec4 v000001d9d066da00_0, 0, 8;
    %jmp T_24.256;
T_24.75 ;
    %pushi/vec4 179, 0, 8;
    %store/vec4 v000001d9d066da00_0, 0, 8;
    %jmp T_24.256;
T_24.76 ;
    %pushi/vec4 41, 0, 8;
    %store/vec4 v000001d9d066da00_0, 0, 8;
    %jmp T_24.256;
T_24.77 ;
    %pushi/vec4 227, 0, 8;
    %store/vec4 v000001d9d066da00_0, 0, 8;
    %jmp T_24.256;
T_24.78 ;
    %pushi/vec4 47, 0, 8;
    %store/vec4 v000001d9d066da00_0, 0, 8;
    %jmp T_24.256;
T_24.79 ;
    %pushi/vec4 132, 0, 8;
    %store/vec4 v000001d9d066da00_0, 0, 8;
    %jmp T_24.256;
T_24.80 ;
    %pushi/vec4 83, 0, 8;
    %store/vec4 v000001d9d066da00_0, 0, 8;
    %jmp T_24.256;
T_24.81 ;
    %pushi/vec4 209, 0, 8;
    %store/vec4 v000001d9d066da00_0, 0, 8;
    %jmp T_24.256;
T_24.82 ;
    %pushi/vec4 0, 0, 8;
    %store/vec4 v000001d9d066da00_0, 0, 8;
    %jmp T_24.256;
T_24.83 ;
    %pushi/vec4 237, 0, 8;
    %store/vec4 v000001d9d066da00_0, 0, 8;
    %jmp T_24.256;
T_24.84 ;
    %pushi/vec4 32, 0, 8;
    %store/vec4 v000001d9d066da00_0, 0, 8;
    %jmp T_24.256;
T_24.85 ;
    %pushi/vec4 252, 0, 8;
    %store/vec4 v000001d9d066da00_0, 0, 8;
    %jmp T_24.256;
T_24.86 ;
    %pushi/vec4 177, 0, 8;
    %store/vec4 v000001d9d066da00_0, 0, 8;
    %jmp T_24.256;
T_24.87 ;
    %pushi/vec4 91, 0, 8;
    %store/vec4 v000001d9d066da00_0, 0, 8;
    %jmp T_24.256;
T_24.88 ;
    %pushi/vec4 106, 0, 8;
    %store/vec4 v000001d9d066da00_0, 0, 8;
    %jmp T_24.256;
T_24.89 ;
    %pushi/vec4 203, 0, 8;
    %store/vec4 v000001d9d066da00_0, 0, 8;
    %jmp T_24.256;
T_24.90 ;
    %pushi/vec4 190, 0, 8;
    %store/vec4 v000001d9d066da00_0, 0, 8;
    %jmp T_24.256;
T_24.91 ;
    %pushi/vec4 57, 0, 8;
    %store/vec4 v000001d9d066da00_0, 0, 8;
    %jmp T_24.256;
T_24.92 ;
    %pushi/vec4 74, 0, 8;
    %store/vec4 v000001d9d066da00_0, 0, 8;
    %jmp T_24.256;
T_24.93 ;
    %pushi/vec4 76, 0, 8;
    %store/vec4 v000001d9d066da00_0, 0, 8;
    %jmp T_24.256;
T_24.94 ;
    %pushi/vec4 88, 0, 8;
    %store/vec4 v000001d9d066da00_0, 0, 8;
    %jmp T_24.256;
T_24.95 ;
    %pushi/vec4 207, 0, 8;
    %store/vec4 v000001d9d066da00_0, 0, 8;
    %jmp T_24.256;
T_24.96 ;
    %pushi/vec4 208, 0, 8;
    %store/vec4 v000001d9d066da00_0, 0, 8;
    %jmp T_24.256;
T_24.97 ;
    %pushi/vec4 239, 0, 8;
    %store/vec4 v000001d9d066da00_0, 0, 8;
    %jmp T_24.256;
T_24.98 ;
    %pushi/vec4 170, 0, 8;
    %store/vec4 v000001d9d066da00_0, 0, 8;
    %jmp T_24.256;
T_24.99 ;
    %pushi/vec4 251, 0, 8;
    %store/vec4 v000001d9d066da00_0, 0, 8;
    %jmp T_24.256;
T_24.100 ;
    %pushi/vec4 67, 0, 8;
    %store/vec4 v000001d9d066da00_0, 0, 8;
    %jmp T_24.256;
T_24.101 ;
    %pushi/vec4 77, 0, 8;
    %store/vec4 v000001d9d066da00_0, 0, 8;
    %jmp T_24.256;
T_24.102 ;
    %pushi/vec4 51, 0, 8;
    %store/vec4 v000001d9d066da00_0, 0, 8;
    %jmp T_24.256;
T_24.103 ;
    %pushi/vec4 133, 0, 8;
    %store/vec4 v000001d9d066da00_0, 0, 8;
    %jmp T_24.256;
T_24.104 ;
    %pushi/vec4 69, 0, 8;
    %store/vec4 v000001d9d066da00_0, 0, 8;
    %jmp T_24.256;
T_24.105 ;
    %pushi/vec4 249, 0, 8;
    %store/vec4 v000001d9d066da00_0, 0, 8;
    %jmp T_24.256;
T_24.106 ;
    %pushi/vec4 2, 0, 8;
    %store/vec4 v000001d9d066da00_0, 0, 8;
    %jmp T_24.256;
T_24.107 ;
    %pushi/vec4 127, 0, 8;
    %store/vec4 v000001d9d066da00_0, 0, 8;
    %jmp T_24.256;
T_24.108 ;
    %pushi/vec4 80, 0, 8;
    %store/vec4 v000001d9d066da00_0, 0, 8;
    %jmp T_24.256;
T_24.109 ;
    %pushi/vec4 60, 0, 8;
    %store/vec4 v000001d9d066da00_0, 0, 8;
    %jmp T_24.256;
T_24.110 ;
    %pushi/vec4 159, 0, 8;
    %store/vec4 v000001d9d066da00_0, 0, 8;
    %jmp T_24.256;
T_24.111 ;
    %pushi/vec4 168, 0, 8;
    %store/vec4 v000001d9d066da00_0, 0, 8;
    %jmp T_24.256;
T_24.112 ;
    %pushi/vec4 81, 0, 8;
    %store/vec4 v000001d9d066da00_0, 0, 8;
    %jmp T_24.256;
T_24.113 ;
    %pushi/vec4 163, 0, 8;
    %store/vec4 v000001d9d066da00_0, 0, 8;
    %jmp T_24.256;
T_24.114 ;
    %pushi/vec4 64, 0, 8;
    %store/vec4 v000001d9d066da00_0, 0, 8;
    %jmp T_24.256;
T_24.115 ;
    %pushi/vec4 143, 0, 8;
    %store/vec4 v000001d9d066da00_0, 0, 8;
    %jmp T_24.256;
T_24.116 ;
    %pushi/vec4 146, 0, 8;
    %store/vec4 v000001d9d066da00_0, 0, 8;
    %jmp T_24.256;
T_24.117 ;
    %pushi/vec4 157, 0, 8;
    %store/vec4 v000001d9d066da00_0, 0, 8;
    %jmp T_24.256;
T_24.118 ;
    %pushi/vec4 56, 0, 8;
    %store/vec4 v000001d9d066da00_0, 0, 8;
    %jmp T_24.256;
T_24.119 ;
    %pushi/vec4 245, 0, 8;
    %store/vec4 v000001d9d066da00_0, 0, 8;
    %jmp T_24.256;
T_24.120 ;
    %pushi/vec4 188, 0, 8;
    %store/vec4 v000001d9d066da00_0, 0, 8;
    %jmp T_24.256;
T_24.121 ;
    %pushi/vec4 182, 0, 8;
    %store/vec4 v000001d9d066da00_0, 0, 8;
    %jmp T_24.256;
T_24.122 ;
    %pushi/vec4 218, 0, 8;
    %store/vec4 v000001d9d066da00_0, 0, 8;
    %jmp T_24.256;
T_24.123 ;
    %pushi/vec4 33, 0, 8;
    %store/vec4 v000001d9d066da00_0, 0, 8;
    %jmp T_24.256;
T_24.124 ;
    %pushi/vec4 16, 0, 8;
    %store/vec4 v000001d9d066da00_0, 0, 8;
    %jmp T_24.256;
T_24.125 ;
    %pushi/vec4 255, 0, 8;
    %store/vec4 v000001d9d066da00_0, 0, 8;
    %jmp T_24.256;
T_24.126 ;
    %pushi/vec4 243, 0, 8;
    %store/vec4 v000001d9d066da00_0, 0, 8;
    %jmp T_24.256;
T_24.127 ;
    %pushi/vec4 210, 0, 8;
    %store/vec4 v000001d9d066da00_0, 0, 8;
    %jmp T_24.256;
T_24.128 ;
    %pushi/vec4 205, 0, 8;
    %store/vec4 v000001d9d066da00_0, 0, 8;
    %jmp T_24.256;
T_24.129 ;
    %pushi/vec4 12, 0, 8;
    %store/vec4 v000001d9d066da00_0, 0, 8;
    %jmp T_24.256;
T_24.130 ;
    %pushi/vec4 19, 0, 8;
    %store/vec4 v000001d9d066da00_0, 0, 8;
    %jmp T_24.256;
T_24.131 ;
    %pushi/vec4 236, 0, 8;
    %store/vec4 v000001d9d066da00_0, 0, 8;
    %jmp T_24.256;
T_24.132 ;
    %pushi/vec4 95, 0, 8;
    %store/vec4 v000001d9d066da00_0, 0, 8;
    %jmp T_24.256;
T_24.133 ;
    %pushi/vec4 151, 0, 8;
    %store/vec4 v000001d9d066da00_0, 0, 8;
    %jmp T_24.256;
T_24.134 ;
    %pushi/vec4 68, 0, 8;
    %store/vec4 v000001d9d066da00_0, 0, 8;
    %jmp T_24.256;
T_24.135 ;
    %pushi/vec4 23, 0, 8;
    %store/vec4 v000001d9d066da00_0, 0, 8;
    %jmp T_24.256;
T_24.136 ;
    %pushi/vec4 196, 0, 8;
    %store/vec4 v000001d9d066da00_0, 0, 8;
    %jmp T_24.256;
T_24.137 ;
    %pushi/vec4 167, 0, 8;
    %store/vec4 v000001d9d066da00_0, 0, 8;
    %jmp T_24.256;
T_24.138 ;
    %pushi/vec4 126, 0, 8;
    %store/vec4 v000001d9d066da00_0, 0, 8;
    %jmp T_24.256;
T_24.139 ;
    %pushi/vec4 61, 0, 8;
    %store/vec4 v000001d9d066da00_0, 0, 8;
    %jmp T_24.256;
T_24.140 ;
    %pushi/vec4 100, 0, 8;
    %store/vec4 v000001d9d066da00_0, 0, 8;
    %jmp T_24.256;
T_24.141 ;
    %pushi/vec4 93, 0, 8;
    %store/vec4 v000001d9d066da00_0, 0, 8;
    %jmp T_24.256;
T_24.142 ;
    %pushi/vec4 25, 0, 8;
    %store/vec4 v000001d9d066da00_0, 0, 8;
    %jmp T_24.256;
T_24.143 ;
    %pushi/vec4 115, 0, 8;
    %store/vec4 v000001d9d066da00_0, 0, 8;
    %jmp T_24.256;
T_24.144 ;
    %pushi/vec4 96, 0, 8;
    %store/vec4 v000001d9d066da00_0, 0, 8;
    %jmp T_24.256;
T_24.145 ;
    %pushi/vec4 129, 0, 8;
    %store/vec4 v000001d9d066da00_0, 0, 8;
    %jmp T_24.256;
T_24.146 ;
    %pushi/vec4 79, 0, 8;
    %store/vec4 v000001d9d066da00_0, 0, 8;
    %jmp T_24.256;
T_24.147 ;
    %pushi/vec4 220, 0, 8;
    %store/vec4 v000001d9d066da00_0, 0, 8;
    %jmp T_24.256;
T_24.148 ;
    %pushi/vec4 34, 0, 8;
    %store/vec4 v000001d9d066da00_0, 0, 8;
    %jmp T_24.256;
T_24.149 ;
    %pushi/vec4 42, 0, 8;
    %store/vec4 v000001d9d066da00_0, 0, 8;
    %jmp T_24.256;
T_24.150 ;
    %pushi/vec4 144, 0, 8;
    %store/vec4 v000001d9d066da00_0, 0, 8;
    %jmp T_24.256;
T_24.151 ;
    %pushi/vec4 136, 0, 8;
    %store/vec4 v000001d9d066da00_0, 0, 8;
    %jmp T_24.256;
T_24.152 ;
    %pushi/vec4 70, 0, 8;
    %store/vec4 v000001d9d066da00_0, 0, 8;
    %jmp T_24.256;
T_24.153 ;
    %pushi/vec4 238, 0, 8;
    %store/vec4 v000001d9d066da00_0, 0, 8;
    %jmp T_24.256;
T_24.154 ;
    %pushi/vec4 184, 0, 8;
    %store/vec4 v000001d9d066da00_0, 0, 8;
    %jmp T_24.256;
T_24.155 ;
    %pushi/vec4 20, 0, 8;
    %store/vec4 v000001d9d066da00_0, 0, 8;
    %jmp T_24.256;
T_24.156 ;
    %pushi/vec4 222, 0, 8;
    %store/vec4 v000001d9d066da00_0, 0, 8;
    %jmp T_24.256;
T_24.157 ;
    %pushi/vec4 94, 0, 8;
    %store/vec4 v000001d9d066da00_0, 0, 8;
    %jmp T_24.256;
T_24.158 ;
    %pushi/vec4 11, 0, 8;
    %store/vec4 v000001d9d066da00_0, 0, 8;
    %jmp T_24.256;
T_24.159 ;
    %pushi/vec4 219, 0, 8;
    %store/vec4 v000001d9d066da00_0, 0, 8;
    %jmp T_24.256;
T_24.160 ;
    %pushi/vec4 224, 0, 8;
    %store/vec4 v000001d9d066da00_0, 0, 8;
    %jmp T_24.256;
T_24.161 ;
    %pushi/vec4 50, 0, 8;
    %store/vec4 v000001d9d066da00_0, 0, 8;
    %jmp T_24.256;
T_24.162 ;
    %pushi/vec4 58, 0, 8;
    %store/vec4 v000001d9d066da00_0, 0, 8;
    %jmp T_24.256;
T_24.163 ;
    %pushi/vec4 10, 0, 8;
    %store/vec4 v000001d9d066da00_0, 0, 8;
    %jmp T_24.256;
T_24.164 ;
    %pushi/vec4 73, 0, 8;
    %store/vec4 v000001d9d066da00_0, 0, 8;
    %jmp T_24.256;
T_24.165 ;
    %pushi/vec4 6, 0, 8;
    %store/vec4 v000001d9d066da00_0, 0, 8;
    %jmp T_24.256;
T_24.166 ;
    %pushi/vec4 36, 0, 8;
    %store/vec4 v000001d9d066da00_0, 0, 8;
    %jmp T_24.256;
T_24.167 ;
    %pushi/vec4 92, 0, 8;
    %store/vec4 v000001d9d066da00_0, 0, 8;
    %jmp T_24.256;
T_24.168 ;
    %pushi/vec4 194, 0, 8;
    %store/vec4 v000001d9d066da00_0, 0, 8;
    %jmp T_24.256;
T_24.169 ;
    %pushi/vec4 211, 0, 8;
    %store/vec4 v000001d9d066da00_0, 0, 8;
    %jmp T_24.256;
T_24.170 ;
    %pushi/vec4 172, 0, 8;
    %store/vec4 v000001d9d066da00_0, 0, 8;
    %jmp T_24.256;
T_24.171 ;
    %pushi/vec4 98, 0, 8;
    %store/vec4 v000001d9d066da00_0, 0, 8;
    %jmp T_24.256;
T_24.172 ;
    %pushi/vec4 145, 0, 8;
    %store/vec4 v000001d9d066da00_0, 0, 8;
    %jmp T_24.256;
T_24.173 ;
    %pushi/vec4 149, 0, 8;
    %store/vec4 v000001d9d066da00_0, 0, 8;
    %jmp T_24.256;
T_24.174 ;
    %pushi/vec4 228, 0, 8;
    %store/vec4 v000001d9d066da00_0, 0, 8;
    %jmp T_24.256;
T_24.175 ;
    %pushi/vec4 121, 0, 8;
    %store/vec4 v000001d9d066da00_0, 0, 8;
    %jmp T_24.256;
T_24.176 ;
    %pushi/vec4 231, 0, 8;
    %store/vec4 v000001d9d066da00_0, 0, 8;
    %jmp T_24.256;
T_24.177 ;
    %pushi/vec4 200, 0, 8;
    %store/vec4 v000001d9d066da00_0, 0, 8;
    %jmp T_24.256;
T_24.178 ;
    %pushi/vec4 55, 0, 8;
    %store/vec4 v000001d9d066da00_0, 0, 8;
    %jmp T_24.256;
T_24.179 ;
    %pushi/vec4 109, 0, 8;
    %store/vec4 v000001d9d066da00_0, 0, 8;
    %jmp T_24.256;
T_24.180 ;
    %pushi/vec4 141, 0, 8;
    %store/vec4 v000001d9d066da00_0, 0, 8;
    %jmp T_24.256;
T_24.181 ;
    %pushi/vec4 213, 0, 8;
    %store/vec4 v000001d9d066da00_0, 0, 8;
    %jmp T_24.256;
T_24.182 ;
    %pushi/vec4 78, 0, 8;
    %store/vec4 v000001d9d066da00_0, 0, 8;
    %jmp T_24.256;
T_24.183 ;
    %pushi/vec4 169, 0, 8;
    %store/vec4 v000001d9d066da00_0, 0, 8;
    %jmp T_24.256;
T_24.184 ;
    %pushi/vec4 108, 0, 8;
    %store/vec4 v000001d9d066da00_0, 0, 8;
    %jmp T_24.256;
T_24.185 ;
    %pushi/vec4 86, 0, 8;
    %store/vec4 v000001d9d066da00_0, 0, 8;
    %jmp T_24.256;
T_24.186 ;
    %pushi/vec4 244, 0, 8;
    %store/vec4 v000001d9d066da00_0, 0, 8;
    %jmp T_24.256;
T_24.187 ;
    %pushi/vec4 234, 0, 8;
    %store/vec4 v000001d9d066da00_0, 0, 8;
    %jmp T_24.256;
T_24.188 ;
    %pushi/vec4 101, 0, 8;
    %store/vec4 v000001d9d066da00_0, 0, 8;
    %jmp T_24.256;
T_24.189 ;
    %pushi/vec4 122, 0, 8;
    %store/vec4 v000001d9d066da00_0, 0, 8;
    %jmp T_24.256;
T_24.190 ;
    %pushi/vec4 174, 0, 8;
    %store/vec4 v000001d9d066da00_0, 0, 8;
    %jmp T_24.256;
T_24.191 ;
    %pushi/vec4 8, 0, 8;
    %store/vec4 v000001d9d066da00_0, 0, 8;
    %jmp T_24.256;
T_24.192 ;
    %pushi/vec4 186, 0, 8;
    %store/vec4 v000001d9d066da00_0, 0, 8;
    %jmp T_24.256;
T_24.193 ;
    %pushi/vec4 120, 0, 8;
    %store/vec4 v000001d9d066da00_0, 0, 8;
    %jmp T_24.256;
T_24.194 ;
    %pushi/vec4 37, 0, 8;
    %store/vec4 v000001d9d066da00_0, 0, 8;
    %jmp T_24.256;
T_24.195 ;
    %pushi/vec4 46, 0, 8;
    %store/vec4 v000001d9d066da00_0, 0, 8;
    %jmp T_24.256;
T_24.196 ;
    %pushi/vec4 28, 0, 8;
    %store/vec4 v000001d9d066da00_0, 0, 8;
    %jmp T_24.256;
T_24.197 ;
    %pushi/vec4 166, 0, 8;
    %store/vec4 v000001d9d066da00_0, 0, 8;
    %jmp T_24.256;
T_24.198 ;
    %pushi/vec4 180, 0, 8;
    %store/vec4 v000001d9d066da00_0, 0, 8;
    %jmp T_24.256;
T_24.199 ;
    %pushi/vec4 198, 0, 8;
    %store/vec4 v000001d9d066da00_0, 0, 8;
    %jmp T_24.256;
T_24.200 ;
    %pushi/vec4 232, 0, 8;
    %store/vec4 v000001d9d066da00_0, 0, 8;
    %jmp T_24.256;
T_24.201 ;
    %pushi/vec4 221, 0, 8;
    %store/vec4 v000001d9d066da00_0, 0, 8;
    %jmp T_24.256;
T_24.202 ;
    %pushi/vec4 116, 0, 8;
    %store/vec4 v000001d9d066da00_0, 0, 8;
    %jmp T_24.256;
T_24.203 ;
    %pushi/vec4 31, 0, 8;
    %store/vec4 v000001d9d066da00_0, 0, 8;
    %jmp T_24.256;
T_24.204 ;
    %pushi/vec4 75, 0, 8;
    %store/vec4 v000001d9d066da00_0, 0, 8;
    %jmp T_24.256;
T_24.205 ;
    %pushi/vec4 189, 0, 8;
    %store/vec4 v000001d9d066da00_0, 0, 8;
    %jmp T_24.256;
T_24.206 ;
    %pushi/vec4 139, 0, 8;
    %store/vec4 v000001d9d066da00_0, 0, 8;
    %jmp T_24.256;
T_24.207 ;
    %pushi/vec4 138, 0, 8;
    %store/vec4 v000001d9d066da00_0, 0, 8;
    %jmp T_24.256;
T_24.208 ;
    %pushi/vec4 112, 0, 8;
    %store/vec4 v000001d9d066da00_0, 0, 8;
    %jmp T_24.256;
T_24.209 ;
    %pushi/vec4 62, 0, 8;
    %store/vec4 v000001d9d066da00_0, 0, 8;
    %jmp T_24.256;
T_24.210 ;
    %pushi/vec4 181, 0, 8;
    %store/vec4 v000001d9d066da00_0, 0, 8;
    %jmp T_24.256;
T_24.211 ;
    %pushi/vec4 102, 0, 8;
    %store/vec4 v000001d9d066da00_0, 0, 8;
    %jmp T_24.256;
T_24.212 ;
    %pushi/vec4 72, 0, 8;
    %store/vec4 v000001d9d066da00_0, 0, 8;
    %jmp T_24.256;
T_24.213 ;
    %pushi/vec4 3, 0, 8;
    %store/vec4 v000001d9d066da00_0, 0, 8;
    %jmp T_24.256;
T_24.214 ;
    %pushi/vec4 246, 0, 8;
    %store/vec4 v000001d9d066da00_0, 0, 8;
    %jmp T_24.256;
T_24.215 ;
    %pushi/vec4 14, 0, 8;
    %store/vec4 v000001d9d066da00_0, 0, 8;
    %jmp T_24.256;
T_24.216 ;
    %pushi/vec4 97, 0, 8;
    %store/vec4 v000001d9d066da00_0, 0, 8;
    %jmp T_24.256;
T_24.217 ;
    %pushi/vec4 53, 0, 8;
    %store/vec4 v000001d9d066da00_0, 0, 8;
    %jmp T_24.256;
T_24.218 ;
    %pushi/vec4 87, 0, 8;
    %store/vec4 v000001d9d066da00_0, 0, 8;
    %jmp T_24.256;
T_24.219 ;
    %pushi/vec4 185, 0, 8;
    %store/vec4 v000001d9d066da00_0, 0, 8;
    %jmp T_24.256;
T_24.220 ;
    %pushi/vec4 134, 0, 8;
    %store/vec4 v000001d9d066da00_0, 0, 8;
    %jmp T_24.256;
T_24.221 ;
    %pushi/vec4 193, 0, 8;
    %store/vec4 v000001d9d066da00_0, 0, 8;
    %jmp T_24.256;
T_24.222 ;
    %pushi/vec4 29, 0, 8;
    %store/vec4 v000001d9d066da00_0, 0, 8;
    %jmp T_24.256;
T_24.223 ;
    %pushi/vec4 158, 0, 8;
    %store/vec4 v000001d9d066da00_0, 0, 8;
    %jmp T_24.256;
T_24.224 ;
    %pushi/vec4 225, 0, 8;
    %store/vec4 v000001d9d066da00_0, 0, 8;
    %jmp T_24.256;
T_24.225 ;
    %pushi/vec4 248, 0, 8;
    %store/vec4 v000001d9d066da00_0, 0, 8;
    %jmp T_24.256;
T_24.226 ;
    %pushi/vec4 152, 0, 8;
    %store/vec4 v000001d9d066da00_0, 0, 8;
    %jmp T_24.256;
T_24.227 ;
    %pushi/vec4 17, 0, 8;
    %store/vec4 v000001d9d066da00_0, 0, 8;
    %jmp T_24.256;
T_24.228 ;
    %pushi/vec4 105, 0, 8;
    %store/vec4 v000001d9d066da00_0, 0, 8;
    %jmp T_24.256;
T_24.229 ;
    %pushi/vec4 217, 0, 8;
    %store/vec4 v000001d9d066da00_0, 0, 8;
    %jmp T_24.256;
T_24.230 ;
    %pushi/vec4 142, 0, 8;
    %store/vec4 v000001d9d066da00_0, 0, 8;
    %jmp T_24.256;
T_24.231 ;
    %pushi/vec4 148, 0, 8;
    %store/vec4 v000001d9d066da00_0, 0, 8;
    %jmp T_24.256;
T_24.232 ;
    %pushi/vec4 155, 0, 8;
    %store/vec4 v000001d9d066da00_0, 0, 8;
    %jmp T_24.256;
T_24.233 ;
    %pushi/vec4 30, 0, 8;
    %store/vec4 v000001d9d066da00_0, 0, 8;
    %jmp T_24.256;
T_24.234 ;
    %pushi/vec4 135, 0, 8;
    %store/vec4 v000001d9d066da00_0, 0, 8;
    %jmp T_24.256;
T_24.235 ;
    %pushi/vec4 233, 0, 8;
    %store/vec4 v000001d9d066da00_0, 0, 8;
    %jmp T_24.256;
T_24.236 ;
    %pushi/vec4 206, 0, 8;
    %store/vec4 v000001d9d066da00_0, 0, 8;
    %jmp T_24.256;
T_24.237 ;
    %pushi/vec4 85, 0, 8;
    %store/vec4 v000001d9d066da00_0, 0, 8;
    %jmp T_24.256;
T_24.238 ;
    %pushi/vec4 40, 0, 8;
    %store/vec4 v000001d9d066da00_0, 0, 8;
    %jmp T_24.256;
T_24.239 ;
    %pushi/vec4 223, 0, 8;
    %store/vec4 v000001d9d066da00_0, 0, 8;
    %jmp T_24.256;
T_24.240 ;
    %pushi/vec4 140, 0, 8;
    %store/vec4 v000001d9d066da00_0, 0, 8;
    %jmp T_24.256;
T_24.241 ;
    %pushi/vec4 161, 0, 8;
    %store/vec4 v000001d9d066da00_0, 0, 8;
    %jmp T_24.256;
T_24.242 ;
    %pushi/vec4 137, 0, 8;
    %store/vec4 v000001d9d066da00_0, 0, 8;
    %jmp T_24.256;
T_24.243 ;
    %pushi/vec4 13, 0, 8;
    %store/vec4 v000001d9d066da00_0, 0, 8;
    %jmp T_24.256;
T_24.244 ;
    %pushi/vec4 191, 0, 8;
    %store/vec4 v000001d9d066da00_0, 0, 8;
    %jmp T_24.256;
T_24.245 ;
    %pushi/vec4 230, 0, 8;
    %store/vec4 v000001d9d066da00_0, 0, 8;
    %jmp T_24.256;
T_24.246 ;
    %pushi/vec4 66, 0, 8;
    %store/vec4 v000001d9d066da00_0, 0, 8;
    %jmp T_24.256;
T_24.247 ;
    %pushi/vec4 104, 0, 8;
    %store/vec4 v000001d9d066da00_0, 0, 8;
    %jmp T_24.256;
T_24.248 ;
    %pushi/vec4 65, 0, 8;
    %store/vec4 v000001d9d066da00_0, 0, 8;
    %jmp T_24.256;
T_24.249 ;
    %pushi/vec4 153, 0, 8;
    %store/vec4 v000001d9d066da00_0, 0, 8;
    %jmp T_24.256;
T_24.250 ;
    %pushi/vec4 45, 0, 8;
    %store/vec4 v000001d9d066da00_0, 0, 8;
    %jmp T_24.256;
T_24.251 ;
    %pushi/vec4 15, 0, 8;
    %store/vec4 v000001d9d066da00_0, 0, 8;
    %jmp T_24.256;
T_24.252 ;
    %pushi/vec4 176, 0, 8;
    %store/vec4 v000001d9d066da00_0, 0, 8;
    %jmp T_24.256;
T_24.253 ;
    %pushi/vec4 84, 0, 8;
    %store/vec4 v000001d9d066da00_0, 0, 8;
    %jmp T_24.256;
T_24.254 ;
    %pushi/vec4 187, 0, 8;
    %store/vec4 v000001d9d066da00_0, 0, 8;
    %jmp T_24.256;
T_24.255 ;
    %pushi/vec4 22, 0, 8;
    %store/vec4 v000001d9d066da00_0, 0, 8;
    %jmp T_24.256;
T_24.256 ;
    %pop/vec4 1;
    %jmp T_24;
    .thread T_24, $push;
    .scope S_000001d9d0677560;
T_25 ;
    %wait E_000001d9d05b8720;
    %load/vec4 v000001d9d066cb00_0;
    %dup/vec4;
    %pushi/vec4 0, 0, 8;
    %cmp/u;
    %jmp/1 T_25.0, 6;
    %dup/vec4;
    %pushi/vec4 1, 0, 8;
    %cmp/u;
    %jmp/1 T_25.1, 6;
    %dup/vec4;
    %pushi/vec4 2, 0, 8;
    %cmp/u;
    %jmp/1 T_25.2, 6;
    %dup/vec4;
    %pushi/vec4 3, 0, 8;
    %cmp/u;
    %jmp/1 T_25.3, 6;
    %dup/vec4;
    %pushi/vec4 4, 0, 8;
    %cmp/u;
    %jmp/1 T_25.4, 6;
    %dup/vec4;
    %pushi/vec4 5, 0, 8;
    %cmp/u;
    %jmp/1 T_25.5, 6;
    %dup/vec4;
    %pushi/vec4 6, 0, 8;
    %cmp/u;
    %jmp/1 T_25.6, 6;
    %dup/vec4;
    %pushi/vec4 7, 0, 8;
    %cmp/u;
    %jmp/1 T_25.7, 6;
    %dup/vec4;
    %pushi/vec4 8, 0, 8;
    %cmp/u;
    %jmp/1 T_25.8, 6;
    %dup/vec4;
    %pushi/vec4 9, 0, 8;
    %cmp/u;
    %jmp/1 T_25.9, 6;
    %dup/vec4;
    %pushi/vec4 10, 0, 8;
    %cmp/u;
    %jmp/1 T_25.10, 6;
    %dup/vec4;
    %pushi/vec4 11, 0, 8;
    %cmp/u;
    %jmp/1 T_25.11, 6;
    %dup/vec4;
    %pushi/vec4 12, 0, 8;
    %cmp/u;
    %jmp/1 T_25.12, 6;
    %dup/vec4;
    %pushi/vec4 13, 0, 8;
    %cmp/u;
    %jmp/1 T_25.13, 6;
    %dup/vec4;
    %pushi/vec4 14, 0, 8;
    %cmp/u;
    %jmp/1 T_25.14, 6;
    %dup/vec4;
    %pushi/vec4 15, 0, 8;
    %cmp/u;
    %jmp/1 T_25.15, 6;
    %dup/vec4;
    %pushi/vec4 16, 0, 8;
    %cmp/u;
    %jmp/1 T_25.16, 6;
    %dup/vec4;
    %pushi/vec4 17, 0, 8;
    %cmp/u;
    %jmp/1 T_25.17, 6;
    %dup/vec4;
    %pushi/vec4 18, 0, 8;
    %cmp/u;
    %jmp/1 T_25.18, 6;
    %dup/vec4;
    %pushi/vec4 19, 0, 8;
    %cmp/u;
    %jmp/1 T_25.19, 6;
    %dup/vec4;
    %pushi/vec4 20, 0, 8;
    %cmp/u;
    %jmp/1 T_25.20, 6;
    %dup/vec4;
    %pushi/vec4 21, 0, 8;
    %cmp/u;
    %jmp/1 T_25.21, 6;
    %dup/vec4;
    %pushi/vec4 22, 0, 8;
    %cmp/u;
    %jmp/1 T_25.22, 6;
    %dup/vec4;
    %pushi/vec4 23, 0, 8;
    %cmp/u;
    %jmp/1 T_25.23, 6;
    %dup/vec4;
    %pushi/vec4 24, 0, 8;
    %cmp/u;
    %jmp/1 T_25.24, 6;
    %dup/vec4;
    %pushi/vec4 25, 0, 8;
    %cmp/u;
    %jmp/1 T_25.25, 6;
    %dup/vec4;
    %pushi/vec4 26, 0, 8;
    %cmp/u;
    %jmp/1 T_25.26, 6;
    %dup/vec4;
    %pushi/vec4 27, 0, 8;
    %cmp/u;
    %jmp/1 T_25.27, 6;
    %dup/vec4;
    %pushi/vec4 28, 0, 8;
    %cmp/u;
    %jmp/1 T_25.28, 6;
    %dup/vec4;
    %pushi/vec4 29, 0, 8;
    %cmp/u;
    %jmp/1 T_25.29, 6;
    %dup/vec4;
    %pushi/vec4 30, 0, 8;
    %cmp/u;
    %jmp/1 T_25.30, 6;
    %dup/vec4;
    %pushi/vec4 31, 0, 8;
    %cmp/u;
    %jmp/1 T_25.31, 6;
    %dup/vec4;
    %pushi/vec4 32, 0, 8;
    %cmp/u;
    %jmp/1 T_25.32, 6;
    %dup/vec4;
    %pushi/vec4 33, 0, 8;
    %cmp/u;
    %jmp/1 T_25.33, 6;
    %dup/vec4;
    %pushi/vec4 34, 0, 8;
    %cmp/u;
    %jmp/1 T_25.34, 6;
    %dup/vec4;
    %pushi/vec4 35, 0, 8;
    %cmp/u;
    %jmp/1 T_25.35, 6;
    %dup/vec4;
    %pushi/vec4 36, 0, 8;
    %cmp/u;
    %jmp/1 T_25.36, 6;
    %dup/vec4;
    %pushi/vec4 37, 0, 8;
    %cmp/u;
    %jmp/1 T_25.37, 6;
    %dup/vec4;
    %pushi/vec4 38, 0, 8;
    %cmp/u;
    %jmp/1 T_25.38, 6;
    %dup/vec4;
    %pushi/vec4 39, 0, 8;
    %cmp/u;
    %jmp/1 T_25.39, 6;
    %dup/vec4;
    %pushi/vec4 40, 0, 8;
    %cmp/u;
    %jmp/1 T_25.40, 6;
    %dup/vec4;
    %pushi/vec4 41, 0, 8;
    %cmp/u;
    %jmp/1 T_25.41, 6;
    %dup/vec4;
    %pushi/vec4 42, 0, 8;
    %cmp/u;
    %jmp/1 T_25.42, 6;
    %dup/vec4;
    %pushi/vec4 43, 0, 8;
    %cmp/u;
    %jmp/1 T_25.43, 6;
    %dup/vec4;
    %pushi/vec4 44, 0, 8;
    %cmp/u;
    %jmp/1 T_25.44, 6;
    %dup/vec4;
    %pushi/vec4 45, 0, 8;
    %cmp/u;
    %jmp/1 T_25.45, 6;
    %dup/vec4;
    %pushi/vec4 46, 0, 8;
    %cmp/u;
    %jmp/1 T_25.46, 6;
    %dup/vec4;
    %pushi/vec4 47, 0, 8;
    %cmp/u;
    %jmp/1 T_25.47, 6;
    %dup/vec4;
    %pushi/vec4 48, 0, 8;
    %cmp/u;
    %jmp/1 T_25.48, 6;
    %dup/vec4;
    %pushi/vec4 49, 0, 8;
    %cmp/u;
    %jmp/1 T_25.49, 6;
    %dup/vec4;
    %pushi/vec4 50, 0, 8;
    %cmp/u;
    %jmp/1 T_25.50, 6;
    %dup/vec4;
    %pushi/vec4 51, 0, 8;
    %cmp/u;
    %jmp/1 T_25.51, 6;
    %dup/vec4;
    %pushi/vec4 52, 0, 8;
    %cmp/u;
    %jmp/1 T_25.52, 6;
    %dup/vec4;
    %pushi/vec4 53, 0, 8;
    %cmp/u;
    %jmp/1 T_25.53, 6;
    %dup/vec4;
    %pushi/vec4 54, 0, 8;
    %cmp/u;
    %jmp/1 T_25.54, 6;
    %dup/vec4;
    %pushi/vec4 55, 0, 8;
    %cmp/u;
    %jmp/1 T_25.55, 6;
    %dup/vec4;
    %pushi/vec4 56, 0, 8;
    %cmp/u;
    %jmp/1 T_25.56, 6;
    %dup/vec4;
    %pushi/vec4 57, 0, 8;
    %cmp/u;
    %jmp/1 T_25.57, 6;
    %dup/vec4;
    %pushi/vec4 58, 0, 8;
    %cmp/u;
    %jmp/1 T_25.58, 6;
    %dup/vec4;
    %pushi/vec4 59, 0, 8;
    %cmp/u;
    %jmp/1 T_25.59, 6;
    %dup/vec4;
    %pushi/vec4 60, 0, 8;
    %cmp/u;
    %jmp/1 T_25.60, 6;
    %dup/vec4;
    %pushi/vec4 61, 0, 8;
    %cmp/u;
    %jmp/1 T_25.61, 6;
    %dup/vec4;
    %pushi/vec4 62, 0, 8;
    %cmp/u;
    %jmp/1 T_25.62, 6;
    %dup/vec4;
    %pushi/vec4 63, 0, 8;
    %cmp/u;
    %jmp/1 T_25.63, 6;
    %dup/vec4;
    %pushi/vec4 64, 0, 8;
    %cmp/u;
    %jmp/1 T_25.64, 6;
    %dup/vec4;
    %pushi/vec4 65, 0, 8;
    %cmp/u;
    %jmp/1 T_25.65, 6;
    %dup/vec4;
    %pushi/vec4 66, 0, 8;
    %cmp/u;
    %jmp/1 T_25.66, 6;
    %dup/vec4;
    %pushi/vec4 67, 0, 8;
    %cmp/u;
    %jmp/1 T_25.67, 6;
    %dup/vec4;
    %pushi/vec4 68, 0, 8;
    %cmp/u;
    %jmp/1 T_25.68, 6;
    %dup/vec4;
    %pushi/vec4 69, 0, 8;
    %cmp/u;
    %jmp/1 T_25.69, 6;
    %dup/vec4;
    %pushi/vec4 70, 0, 8;
    %cmp/u;
    %jmp/1 T_25.70, 6;
    %dup/vec4;
    %pushi/vec4 71, 0, 8;
    %cmp/u;
    %jmp/1 T_25.71, 6;
    %dup/vec4;
    %pushi/vec4 72, 0, 8;
    %cmp/u;
    %jmp/1 T_25.72, 6;
    %dup/vec4;
    %pushi/vec4 73, 0, 8;
    %cmp/u;
    %jmp/1 T_25.73, 6;
    %dup/vec4;
    %pushi/vec4 74, 0, 8;
    %cmp/u;
    %jmp/1 T_25.74, 6;
    %dup/vec4;
    %pushi/vec4 75, 0, 8;
    %cmp/u;
    %jmp/1 T_25.75, 6;
    %dup/vec4;
    %pushi/vec4 76, 0, 8;
    %cmp/u;
    %jmp/1 T_25.76, 6;
    %dup/vec4;
    %pushi/vec4 77, 0, 8;
    %cmp/u;
    %jmp/1 T_25.77, 6;
    %dup/vec4;
    %pushi/vec4 78, 0, 8;
    %cmp/u;
    %jmp/1 T_25.78, 6;
    %dup/vec4;
    %pushi/vec4 79, 0, 8;
    %cmp/u;
    %jmp/1 T_25.79, 6;
    %dup/vec4;
    %pushi/vec4 80, 0, 8;
    %cmp/u;
    %jmp/1 T_25.80, 6;
    %dup/vec4;
    %pushi/vec4 81, 0, 8;
    %cmp/u;
    %jmp/1 T_25.81, 6;
    %dup/vec4;
    %pushi/vec4 82, 0, 8;
    %cmp/u;
    %jmp/1 T_25.82, 6;
    %dup/vec4;
    %pushi/vec4 83, 0, 8;
    %cmp/u;
    %jmp/1 T_25.83, 6;
    %dup/vec4;
    %pushi/vec4 84, 0, 8;
    %cmp/u;
    %jmp/1 T_25.84, 6;
    %dup/vec4;
    %pushi/vec4 85, 0, 8;
    %cmp/u;
    %jmp/1 T_25.85, 6;
    %dup/vec4;
    %pushi/vec4 86, 0, 8;
    %cmp/u;
    %jmp/1 T_25.86, 6;
    %dup/vec4;
    %pushi/vec4 87, 0, 8;
    %cmp/u;
    %jmp/1 T_25.87, 6;
    %dup/vec4;
    %pushi/vec4 88, 0, 8;
    %cmp/u;
    %jmp/1 T_25.88, 6;
    %dup/vec4;
    %pushi/vec4 89, 0, 8;
    %cmp/u;
    %jmp/1 T_25.89, 6;
    %dup/vec4;
    %pushi/vec4 90, 0, 8;
    %cmp/u;
    %jmp/1 T_25.90, 6;
    %dup/vec4;
    %pushi/vec4 91, 0, 8;
    %cmp/u;
    %jmp/1 T_25.91, 6;
    %dup/vec4;
    %pushi/vec4 92, 0, 8;
    %cmp/u;
    %jmp/1 T_25.92, 6;
    %dup/vec4;
    %pushi/vec4 93, 0, 8;
    %cmp/u;
    %jmp/1 T_25.93, 6;
    %dup/vec4;
    %pushi/vec4 94, 0, 8;
    %cmp/u;
    %jmp/1 T_25.94, 6;
    %dup/vec4;
    %pushi/vec4 95, 0, 8;
    %cmp/u;
    %jmp/1 T_25.95, 6;
    %dup/vec4;
    %pushi/vec4 96, 0, 8;
    %cmp/u;
    %jmp/1 T_25.96, 6;
    %dup/vec4;
    %pushi/vec4 97, 0, 8;
    %cmp/u;
    %jmp/1 T_25.97, 6;
    %dup/vec4;
    %pushi/vec4 98, 0, 8;
    %cmp/u;
    %jmp/1 T_25.98, 6;
    %dup/vec4;
    %pushi/vec4 99, 0, 8;
    %cmp/u;
    %jmp/1 T_25.99, 6;
    %dup/vec4;
    %pushi/vec4 100, 0, 8;
    %cmp/u;
    %jmp/1 T_25.100, 6;
    %dup/vec4;
    %pushi/vec4 101, 0, 8;
    %cmp/u;
    %jmp/1 T_25.101, 6;
    %dup/vec4;
    %pushi/vec4 102, 0, 8;
    %cmp/u;
    %jmp/1 T_25.102, 6;
    %dup/vec4;
    %pushi/vec4 103, 0, 8;
    %cmp/u;
    %jmp/1 T_25.103, 6;
    %dup/vec4;
    %pushi/vec4 104, 0, 8;
    %cmp/u;
    %jmp/1 T_25.104, 6;
    %dup/vec4;
    %pushi/vec4 105, 0, 8;
    %cmp/u;
    %jmp/1 T_25.105, 6;
    %dup/vec4;
    %pushi/vec4 106, 0, 8;
    %cmp/u;
    %jmp/1 T_25.106, 6;
    %dup/vec4;
    %pushi/vec4 107, 0, 8;
    %cmp/u;
    %jmp/1 T_25.107, 6;
    %dup/vec4;
    %pushi/vec4 108, 0, 8;
    %cmp/u;
    %jmp/1 T_25.108, 6;
    %dup/vec4;
    %pushi/vec4 109, 0, 8;
    %cmp/u;
    %jmp/1 T_25.109, 6;
    %dup/vec4;
    %pushi/vec4 110, 0, 8;
    %cmp/u;
    %jmp/1 T_25.110, 6;
    %dup/vec4;
    %pushi/vec4 111, 0, 8;
    %cmp/u;
    %jmp/1 T_25.111, 6;
    %dup/vec4;
    %pushi/vec4 112, 0, 8;
    %cmp/u;
    %jmp/1 T_25.112, 6;
    %dup/vec4;
    %pushi/vec4 113, 0, 8;
    %cmp/u;
    %jmp/1 T_25.113, 6;
    %dup/vec4;
    %pushi/vec4 114, 0, 8;
    %cmp/u;
    %jmp/1 T_25.114, 6;
    %dup/vec4;
    %pushi/vec4 115, 0, 8;
    %cmp/u;
    %jmp/1 T_25.115, 6;
    %dup/vec4;
    %pushi/vec4 116, 0, 8;
    %cmp/u;
    %jmp/1 T_25.116, 6;
    %dup/vec4;
    %pushi/vec4 117, 0, 8;
    %cmp/u;
    %jmp/1 T_25.117, 6;
    %dup/vec4;
    %pushi/vec4 118, 0, 8;
    %cmp/u;
    %jmp/1 T_25.118, 6;
    %dup/vec4;
    %pushi/vec4 119, 0, 8;
    %cmp/u;
    %jmp/1 T_25.119, 6;
    %dup/vec4;
    %pushi/vec4 120, 0, 8;
    %cmp/u;
    %jmp/1 T_25.120, 6;
    %dup/vec4;
    %pushi/vec4 121, 0, 8;
    %cmp/u;
    %jmp/1 T_25.121, 6;
    %dup/vec4;
    %pushi/vec4 122, 0, 8;
    %cmp/u;
    %jmp/1 T_25.122, 6;
    %dup/vec4;
    %pushi/vec4 123, 0, 8;
    %cmp/u;
    %jmp/1 T_25.123, 6;
    %dup/vec4;
    %pushi/vec4 124, 0, 8;
    %cmp/u;
    %jmp/1 T_25.124, 6;
    %dup/vec4;
    %pushi/vec4 125, 0, 8;
    %cmp/u;
    %jmp/1 T_25.125, 6;
    %dup/vec4;
    %pushi/vec4 126, 0, 8;
    %cmp/u;
    %jmp/1 T_25.126, 6;
    %dup/vec4;
    %pushi/vec4 127, 0, 8;
    %cmp/u;
    %jmp/1 T_25.127, 6;
    %dup/vec4;
    %pushi/vec4 128, 0, 8;
    %cmp/u;
    %jmp/1 T_25.128, 6;
    %dup/vec4;
    %pushi/vec4 129, 0, 8;
    %cmp/u;
    %jmp/1 T_25.129, 6;
    %dup/vec4;
    %pushi/vec4 130, 0, 8;
    %cmp/u;
    %jmp/1 T_25.130, 6;
    %dup/vec4;
    %pushi/vec4 131, 0, 8;
    %cmp/u;
    %jmp/1 T_25.131, 6;
    %dup/vec4;
    %pushi/vec4 132, 0, 8;
    %cmp/u;
    %jmp/1 T_25.132, 6;
    %dup/vec4;
    %pushi/vec4 133, 0, 8;
    %cmp/u;
    %jmp/1 T_25.133, 6;
    %dup/vec4;
    %pushi/vec4 134, 0, 8;
    %cmp/u;
    %jmp/1 T_25.134, 6;
    %dup/vec4;
    %pushi/vec4 135, 0, 8;
    %cmp/u;
    %jmp/1 T_25.135, 6;
    %dup/vec4;
    %pushi/vec4 136, 0, 8;
    %cmp/u;
    %jmp/1 T_25.136, 6;
    %dup/vec4;
    %pushi/vec4 137, 0, 8;
    %cmp/u;
    %jmp/1 T_25.137, 6;
    %dup/vec4;
    %pushi/vec4 138, 0, 8;
    %cmp/u;
    %jmp/1 T_25.138, 6;
    %dup/vec4;
    %pushi/vec4 139, 0, 8;
    %cmp/u;
    %jmp/1 T_25.139, 6;
    %dup/vec4;
    %pushi/vec4 140, 0, 8;
    %cmp/u;
    %jmp/1 T_25.140, 6;
    %dup/vec4;
    %pushi/vec4 141, 0, 8;
    %cmp/u;
    %jmp/1 T_25.141, 6;
    %dup/vec4;
    %pushi/vec4 142, 0, 8;
    %cmp/u;
    %jmp/1 T_25.142, 6;
    %dup/vec4;
    %pushi/vec4 143, 0, 8;
    %cmp/u;
    %jmp/1 T_25.143, 6;
    %dup/vec4;
    %pushi/vec4 144, 0, 8;
    %cmp/u;
    %jmp/1 T_25.144, 6;
    %dup/vec4;
    %pushi/vec4 145, 0, 8;
    %cmp/u;
    %jmp/1 T_25.145, 6;
    %dup/vec4;
    %pushi/vec4 146, 0, 8;
    %cmp/u;
    %jmp/1 T_25.146, 6;
    %dup/vec4;
    %pushi/vec4 147, 0, 8;
    %cmp/u;
    %jmp/1 T_25.147, 6;
    %dup/vec4;
    %pushi/vec4 148, 0, 8;
    %cmp/u;
    %jmp/1 T_25.148, 6;
    %dup/vec4;
    %pushi/vec4 149, 0, 8;
    %cmp/u;
    %jmp/1 T_25.149, 6;
    %dup/vec4;
    %pushi/vec4 150, 0, 8;
    %cmp/u;
    %jmp/1 T_25.150, 6;
    %dup/vec4;
    %pushi/vec4 151, 0, 8;
    %cmp/u;
    %jmp/1 T_25.151, 6;
    %dup/vec4;
    %pushi/vec4 152, 0, 8;
    %cmp/u;
    %jmp/1 T_25.152, 6;
    %dup/vec4;
    %pushi/vec4 153, 0, 8;
    %cmp/u;
    %jmp/1 T_25.153, 6;
    %dup/vec4;
    %pushi/vec4 154, 0, 8;
    %cmp/u;
    %jmp/1 T_25.154, 6;
    %dup/vec4;
    %pushi/vec4 155, 0, 8;
    %cmp/u;
    %jmp/1 T_25.155, 6;
    %dup/vec4;
    %pushi/vec4 156, 0, 8;
    %cmp/u;
    %jmp/1 T_25.156, 6;
    %dup/vec4;
    %pushi/vec4 157, 0, 8;
    %cmp/u;
    %jmp/1 T_25.157, 6;
    %dup/vec4;
    %pushi/vec4 158, 0, 8;
    %cmp/u;
    %jmp/1 T_25.158, 6;
    %dup/vec4;
    %pushi/vec4 159, 0, 8;
    %cmp/u;
    %jmp/1 T_25.159, 6;
    %dup/vec4;
    %pushi/vec4 160, 0, 8;
    %cmp/u;
    %jmp/1 T_25.160, 6;
    %dup/vec4;
    %pushi/vec4 161, 0, 8;
    %cmp/u;
    %jmp/1 T_25.161, 6;
    %dup/vec4;
    %pushi/vec4 162, 0, 8;
    %cmp/u;
    %jmp/1 T_25.162, 6;
    %dup/vec4;
    %pushi/vec4 163, 0, 8;
    %cmp/u;
    %jmp/1 T_25.163, 6;
    %dup/vec4;
    %pushi/vec4 164, 0, 8;
    %cmp/u;
    %jmp/1 T_25.164, 6;
    %dup/vec4;
    %pushi/vec4 165, 0, 8;
    %cmp/u;
    %jmp/1 T_25.165, 6;
    %dup/vec4;
    %pushi/vec4 166, 0, 8;
    %cmp/u;
    %jmp/1 T_25.166, 6;
    %dup/vec4;
    %pushi/vec4 167, 0, 8;
    %cmp/u;
    %jmp/1 T_25.167, 6;
    %dup/vec4;
    %pushi/vec4 168, 0, 8;
    %cmp/u;
    %jmp/1 T_25.168, 6;
    %dup/vec4;
    %pushi/vec4 169, 0, 8;
    %cmp/u;
    %jmp/1 T_25.169, 6;
    %dup/vec4;
    %pushi/vec4 170, 0, 8;
    %cmp/u;
    %jmp/1 T_25.170, 6;
    %dup/vec4;
    %pushi/vec4 171, 0, 8;
    %cmp/u;
    %jmp/1 T_25.171, 6;
    %dup/vec4;
    %pushi/vec4 172, 0, 8;
    %cmp/u;
    %jmp/1 T_25.172, 6;
    %dup/vec4;
    %pushi/vec4 173, 0, 8;
    %cmp/u;
    %jmp/1 T_25.173, 6;
    %dup/vec4;
    %pushi/vec4 174, 0, 8;
    %cmp/u;
    %jmp/1 T_25.174, 6;
    %dup/vec4;
    %pushi/vec4 175, 0, 8;
    %cmp/u;
    %jmp/1 T_25.175, 6;
    %dup/vec4;
    %pushi/vec4 176, 0, 8;
    %cmp/u;
    %jmp/1 T_25.176, 6;
    %dup/vec4;
    %pushi/vec4 177, 0, 8;
    %cmp/u;
    %jmp/1 T_25.177, 6;
    %dup/vec4;
    %pushi/vec4 178, 0, 8;
    %cmp/u;
    %jmp/1 T_25.178, 6;
    %dup/vec4;
    %pushi/vec4 179, 0, 8;
    %cmp/u;
    %jmp/1 T_25.179, 6;
    %dup/vec4;
    %pushi/vec4 180, 0, 8;
    %cmp/u;
    %jmp/1 T_25.180, 6;
    %dup/vec4;
    %pushi/vec4 181, 0, 8;
    %cmp/u;
    %jmp/1 T_25.181, 6;
    %dup/vec4;
    %pushi/vec4 182, 0, 8;
    %cmp/u;
    %jmp/1 T_25.182, 6;
    %dup/vec4;
    %pushi/vec4 183, 0, 8;
    %cmp/u;
    %jmp/1 T_25.183, 6;
    %dup/vec4;
    %pushi/vec4 184, 0, 8;
    %cmp/u;
    %jmp/1 T_25.184, 6;
    %dup/vec4;
    %pushi/vec4 185, 0, 8;
    %cmp/u;
    %jmp/1 T_25.185, 6;
    %dup/vec4;
    %pushi/vec4 186, 0, 8;
    %cmp/u;
    %jmp/1 T_25.186, 6;
    %dup/vec4;
    %pushi/vec4 187, 0, 8;
    %cmp/u;
    %jmp/1 T_25.187, 6;
    %dup/vec4;
    %pushi/vec4 188, 0, 8;
    %cmp/u;
    %jmp/1 T_25.188, 6;
    %dup/vec4;
    %pushi/vec4 189, 0, 8;
    %cmp/u;
    %jmp/1 T_25.189, 6;
    %dup/vec4;
    %pushi/vec4 190, 0, 8;
    %cmp/u;
    %jmp/1 T_25.190, 6;
    %dup/vec4;
    %pushi/vec4 191, 0, 8;
    %cmp/u;
    %jmp/1 T_25.191, 6;
    %dup/vec4;
    %pushi/vec4 192, 0, 8;
    %cmp/u;
    %jmp/1 T_25.192, 6;
    %dup/vec4;
    %pushi/vec4 193, 0, 8;
    %cmp/u;
    %jmp/1 T_25.193, 6;
    %dup/vec4;
    %pushi/vec4 194, 0, 8;
    %cmp/u;
    %jmp/1 T_25.194, 6;
    %dup/vec4;
    %pushi/vec4 195, 0, 8;
    %cmp/u;
    %jmp/1 T_25.195, 6;
    %dup/vec4;
    %pushi/vec4 196, 0, 8;
    %cmp/u;
    %jmp/1 T_25.196, 6;
    %dup/vec4;
    %pushi/vec4 197, 0, 8;
    %cmp/u;
    %jmp/1 T_25.197, 6;
    %dup/vec4;
    %pushi/vec4 198, 0, 8;
    %cmp/u;
    %jmp/1 T_25.198, 6;
    %dup/vec4;
    %pushi/vec4 199, 0, 8;
    %cmp/u;
    %jmp/1 T_25.199, 6;
    %dup/vec4;
    %pushi/vec4 200, 0, 8;
    %cmp/u;
    %jmp/1 T_25.200, 6;
    %dup/vec4;
    %pushi/vec4 201, 0, 8;
    %cmp/u;
    %jmp/1 T_25.201, 6;
    %dup/vec4;
    %pushi/vec4 202, 0, 8;
    %cmp/u;
    %jmp/1 T_25.202, 6;
    %dup/vec4;
    %pushi/vec4 203, 0, 8;
    %cmp/u;
    %jmp/1 T_25.203, 6;
    %dup/vec4;
    %pushi/vec4 204, 0, 8;
    %cmp/u;
    %jmp/1 T_25.204, 6;
    %dup/vec4;
    %pushi/vec4 205, 0, 8;
    %cmp/u;
    %jmp/1 T_25.205, 6;
    %dup/vec4;
    %pushi/vec4 206, 0, 8;
    %cmp/u;
    %jmp/1 T_25.206, 6;
    %dup/vec4;
    %pushi/vec4 207, 0, 8;
    %cmp/u;
    %jmp/1 T_25.207, 6;
    %dup/vec4;
    %pushi/vec4 208, 0, 8;
    %cmp/u;
    %jmp/1 T_25.208, 6;
    %dup/vec4;
    %pushi/vec4 209, 0, 8;
    %cmp/u;
    %jmp/1 T_25.209, 6;
    %dup/vec4;
    %pushi/vec4 210, 0, 8;
    %cmp/u;
    %jmp/1 T_25.210, 6;
    %dup/vec4;
    %pushi/vec4 211, 0, 8;
    %cmp/u;
    %jmp/1 T_25.211, 6;
    %dup/vec4;
    %pushi/vec4 212, 0, 8;
    %cmp/u;
    %jmp/1 T_25.212, 6;
    %dup/vec4;
    %pushi/vec4 213, 0, 8;
    %cmp/u;
    %jmp/1 T_25.213, 6;
    %dup/vec4;
    %pushi/vec4 214, 0, 8;
    %cmp/u;
    %jmp/1 T_25.214, 6;
    %dup/vec4;
    %pushi/vec4 215, 0, 8;
    %cmp/u;
    %jmp/1 T_25.215, 6;
    %dup/vec4;
    %pushi/vec4 216, 0, 8;
    %cmp/u;
    %jmp/1 T_25.216, 6;
    %dup/vec4;
    %pushi/vec4 217, 0, 8;
    %cmp/u;
    %jmp/1 T_25.217, 6;
    %dup/vec4;
    %pushi/vec4 218, 0, 8;
    %cmp/u;
    %jmp/1 T_25.218, 6;
    %dup/vec4;
    %pushi/vec4 219, 0, 8;
    %cmp/u;
    %jmp/1 T_25.219, 6;
    %dup/vec4;
    %pushi/vec4 220, 0, 8;
    %cmp/u;
    %jmp/1 T_25.220, 6;
    %dup/vec4;
    %pushi/vec4 221, 0, 8;
    %cmp/u;
    %jmp/1 T_25.221, 6;
    %dup/vec4;
    %pushi/vec4 222, 0, 8;
    %cmp/u;
    %jmp/1 T_25.222, 6;
    %dup/vec4;
    %pushi/vec4 223, 0, 8;
    %cmp/u;
    %jmp/1 T_25.223, 6;
    %dup/vec4;
    %pushi/vec4 224, 0, 8;
    %cmp/u;
    %jmp/1 T_25.224, 6;
    %dup/vec4;
    %pushi/vec4 225, 0, 8;
    %cmp/u;
    %jmp/1 T_25.225, 6;
    %dup/vec4;
    %pushi/vec4 226, 0, 8;
    %cmp/u;
    %jmp/1 T_25.226, 6;
    %dup/vec4;
    %pushi/vec4 227, 0, 8;
    %cmp/u;
    %jmp/1 T_25.227, 6;
    %dup/vec4;
    %pushi/vec4 228, 0, 8;
    %cmp/u;
    %jmp/1 T_25.228, 6;
    %dup/vec4;
    %pushi/vec4 229, 0, 8;
    %cmp/u;
    %jmp/1 T_25.229, 6;
    %dup/vec4;
    %pushi/vec4 230, 0, 8;
    %cmp/u;
    %jmp/1 T_25.230, 6;
    %dup/vec4;
    %pushi/vec4 231, 0, 8;
    %cmp/u;
    %jmp/1 T_25.231, 6;
    %dup/vec4;
    %pushi/vec4 232, 0, 8;
    %cmp/u;
    %jmp/1 T_25.232, 6;
    %dup/vec4;
    %pushi/vec4 233, 0, 8;
    %cmp/u;
    %jmp/1 T_25.233, 6;
    %dup/vec4;
    %pushi/vec4 234, 0, 8;
    %cmp/u;
    %jmp/1 T_25.234, 6;
    %dup/vec4;
    %pushi/vec4 235, 0, 8;
    %cmp/u;
    %jmp/1 T_25.235, 6;
    %dup/vec4;
    %pushi/vec4 236, 0, 8;
    %cmp/u;
    %jmp/1 T_25.236, 6;
    %dup/vec4;
    %pushi/vec4 237, 0, 8;
    %cmp/u;
    %jmp/1 T_25.237, 6;
    %dup/vec4;
    %pushi/vec4 238, 0, 8;
    %cmp/u;
    %jmp/1 T_25.238, 6;
    %dup/vec4;
    %pushi/vec4 239, 0, 8;
    %cmp/u;
    %jmp/1 T_25.239, 6;
    %dup/vec4;
    %pushi/vec4 240, 0, 8;
    %cmp/u;
    %jmp/1 T_25.240, 6;
    %dup/vec4;
    %pushi/vec4 241, 0, 8;
    %cmp/u;
    %jmp/1 T_25.241, 6;
    %dup/vec4;
    %pushi/vec4 242, 0, 8;
    %cmp/u;
    %jmp/1 T_25.242, 6;
    %dup/vec4;
    %pushi/vec4 243, 0, 8;
    %cmp/u;
    %jmp/1 T_25.243, 6;
    %dup/vec4;
    %pushi/vec4 244, 0, 8;
    %cmp/u;
    %jmp/1 T_25.244, 6;
    %dup/vec4;
    %pushi/vec4 245, 0, 8;
    %cmp/u;
    %jmp/1 T_25.245, 6;
    %dup/vec4;
    %pushi/vec4 246, 0, 8;
    %cmp/u;
    %jmp/1 T_25.246, 6;
    %dup/vec4;
    %pushi/vec4 247, 0, 8;
    %cmp/u;
    %jmp/1 T_25.247, 6;
    %dup/vec4;
    %pushi/vec4 248, 0, 8;
    %cmp/u;
    %jmp/1 T_25.248, 6;
    %dup/vec4;
    %pushi/vec4 249, 0, 8;
    %cmp/u;
    %jmp/1 T_25.249, 6;
    %dup/vec4;
    %pushi/vec4 250, 0, 8;
    %cmp/u;
    %jmp/1 T_25.250, 6;
    %dup/vec4;
    %pushi/vec4 251, 0, 8;
    %cmp/u;
    %jmp/1 T_25.251, 6;
    %dup/vec4;
    %pushi/vec4 252, 0, 8;
    %cmp/u;
    %jmp/1 T_25.252, 6;
    %dup/vec4;
    %pushi/vec4 253, 0, 8;
    %cmp/u;
    %jmp/1 T_25.253, 6;
    %dup/vec4;
    %pushi/vec4 254, 0, 8;
    %cmp/u;
    %jmp/1 T_25.254, 6;
    %dup/vec4;
    %pushi/vec4 255, 0, 8;
    %cmp/u;
    %jmp/1 T_25.255, 6;
    %jmp T_25.256;
T_25.0 ;
    %pushi/vec4 99, 0, 8;
    %store/vec4 v000001d9d066cf60_0, 0, 8;
    %jmp T_25.256;
T_25.1 ;
    %pushi/vec4 124, 0, 8;
    %store/vec4 v000001d9d066cf60_0, 0, 8;
    %jmp T_25.256;
T_25.2 ;
    %pushi/vec4 119, 0, 8;
    %store/vec4 v000001d9d066cf60_0, 0, 8;
    %jmp T_25.256;
T_25.3 ;
    %pushi/vec4 123, 0, 8;
    %store/vec4 v000001d9d066cf60_0, 0, 8;
    %jmp T_25.256;
T_25.4 ;
    %pushi/vec4 242, 0, 8;
    %store/vec4 v000001d9d066cf60_0, 0, 8;
    %jmp T_25.256;
T_25.5 ;
    %pushi/vec4 107, 0, 8;
    %store/vec4 v000001d9d066cf60_0, 0, 8;
    %jmp T_25.256;
T_25.6 ;
    %pushi/vec4 111, 0, 8;
    %store/vec4 v000001d9d066cf60_0, 0, 8;
    %jmp T_25.256;
T_25.7 ;
    %pushi/vec4 197, 0, 8;
    %store/vec4 v000001d9d066cf60_0, 0, 8;
    %jmp T_25.256;
T_25.8 ;
    %pushi/vec4 48, 0, 8;
    %store/vec4 v000001d9d066cf60_0, 0, 8;
    %jmp T_25.256;
T_25.9 ;
    %pushi/vec4 1, 0, 8;
    %store/vec4 v000001d9d066cf60_0, 0, 8;
    %jmp T_25.256;
T_25.10 ;
    %pushi/vec4 103, 0, 8;
    %store/vec4 v000001d9d066cf60_0, 0, 8;
    %jmp T_25.256;
T_25.11 ;
    %pushi/vec4 43, 0, 8;
    %store/vec4 v000001d9d066cf60_0, 0, 8;
    %jmp T_25.256;
T_25.12 ;
    %pushi/vec4 254, 0, 8;
    %store/vec4 v000001d9d066cf60_0, 0, 8;
    %jmp T_25.256;
T_25.13 ;
    %pushi/vec4 215, 0, 8;
    %store/vec4 v000001d9d066cf60_0, 0, 8;
    %jmp T_25.256;
T_25.14 ;
    %pushi/vec4 171, 0, 8;
    %store/vec4 v000001d9d066cf60_0, 0, 8;
    %jmp T_25.256;
T_25.15 ;
    %pushi/vec4 118, 0, 8;
    %store/vec4 v000001d9d066cf60_0, 0, 8;
    %jmp T_25.256;
T_25.16 ;
    %pushi/vec4 202, 0, 8;
    %store/vec4 v000001d9d066cf60_0, 0, 8;
    %jmp T_25.256;
T_25.17 ;
    %pushi/vec4 130, 0, 8;
    %store/vec4 v000001d9d066cf60_0, 0, 8;
    %jmp T_25.256;
T_25.18 ;
    %pushi/vec4 201, 0, 8;
    %store/vec4 v000001d9d066cf60_0, 0, 8;
    %jmp T_25.256;
T_25.19 ;
    %pushi/vec4 125, 0, 8;
    %store/vec4 v000001d9d066cf60_0, 0, 8;
    %jmp T_25.256;
T_25.20 ;
    %pushi/vec4 250, 0, 8;
    %store/vec4 v000001d9d066cf60_0, 0, 8;
    %jmp T_25.256;
T_25.21 ;
    %pushi/vec4 89, 0, 8;
    %store/vec4 v000001d9d066cf60_0, 0, 8;
    %jmp T_25.256;
T_25.22 ;
    %pushi/vec4 71, 0, 8;
    %store/vec4 v000001d9d066cf60_0, 0, 8;
    %jmp T_25.256;
T_25.23 ;
    %pushi/vec4 240, 0, 8;
    %store/vec4 v000001d9d066cf60_0, 0, 8;
    %jmp T_25.256;
T_25.24 ;
    %pushi/vec4 173, 0, 8;
    %store/vec4 v000001d9d066cf60_0, 0, 8;
    %jmp T_25.256;
T_25.25 ;
    %pushi/vec4 212, 0, 8;
    %store/vec4 v000001d9d066cf60_0, 0, 8;
    %jmp T_25.256;
T_25.26 ;
    %pushi/vec4 162, 0, 8;
    %store/vec4 v000001d9d066cf60_0, 0, 8;
    %jmp T_25.256;
T_25.27 ;
    %pushi/vec4 175, 0, 8;
    %store/vec4 v000001d9d066cf60_0, 0, 8;
    %jmp T_25.256;
T_25.28 ;
    %pushi/vec4 156, 0, 8;
    %store/vec4 v000001d9d066cf60_0, 0, 8;
    %jmp T_25.256;
T_25.29 ;
    %pushi/vec4 164, 0, 8;
    %store/vec4 v000001d9d066cf60_0, 0, 8;
    %jmp T_25.256;
T_25.30 ;
    %pushi/vec4 114, 0, 8;
    %store/vec4 v000001d9d066cf60_0, 0, 8;
    %jmp T_25.256;
T_25.31 ;
    %pushi/vec4 192, 0, 8;
    %store/vec4 v000001d9d066cf60_0, 0, 8;
    %jmp T_25.256;
T_25.32 ;
    %pushi/vec4 183, 0, 8;
    %store/vec4 v000001d9d066cf60_0, 0, 8;
    %jmp T_25.256;
T_25.33 ;
    %pushi/vec4 253, 0, 8;
    %store/vec4 v000001d9d066cf60_0, 0, 8;
    %jmp T_25.256;
T_25.34 ;
    %pushi/vec4 147, 0, 8;
    %store/vec4 v000001d9d066cf60_0, 0, 8;
    %jmp T_25.256;
T_25.35 ;
    %pushi/vec4 38, 0, 8;
    %store/vec4 v000001d9d066cf60_0, 0, 8;
    %jmp T_25.256;
T_25.36 ;
    %pushi/vec4 54, 0, 8;
    %store/vec4 v000001d9d066cf60_0, 0, 8;
    %jmp T_25.256;
T_25.37 ;
    %pushi/vec4 63, 0, 8;
    %store/vec4 v000001d9d066cf60_0, 0, 8;
    %jmp T_25.256;
T_25.38 ;
    %pushi/vec4 247, 0, 8;
    %store/vec4 v000001d9d066cf60_0, 0, 8;
    %jmp T_25.256;
T_25.39 ;
    %pushi/vec4 204, 0, 8;
    %store/vec4 v000001d9d066cf60_0, 0, 8;
    %jmp T_25.256;
T_25.40 ;
    %pushi/vec4 52, 0, 8;
    %store/vec4 v000001d9d066cf60_0, 0, 8;
    %jmp T_25.256;
T_25.41 ;
    %pushi/vec4 165, 0, 8;
    %store/vec4 v000001d9d066cf60_0, 0, 8;
    %jmp T_25.256;
T_25.42 ;
    %pushi/vec4 229, 0, 8;
    %store/vec4 v000001d9d066cf60_0, 0, 8;
    %jmp T_25.256;
T_25.43 ;
    %pushi/vec4 241, 0, 8;
    %store/vec4 v000001d9d066cf60_0, 0, 8;
    %jmp T_25.256;
T_25.44 ;
    %pushi/vec4 113, 0, 8;
    %store/vec4 v000001d9d066cf60_0, 0, 8;
    %jmp T_25.256;
T_25.45 ;
    %pushi/vec4 216, 0, 8;
    %store/vec4 v000001d9d066cf60_0, 0, 8;
    %jmp T_25.256;
T_25.46 ;
    %pushi/vec4 49, 0, 8;
    %store/vec4 v000001d9d066cf60_0, 0, 8;
    %jmp T_25.256;
T_25.47 ;
    %pushi/vec4 21, 0, 8;
    %store/vec4 v000001d9d066cf60_0, 0, 8;
    %jmp T_25.256;
T_25.48 ;
    %pushi/vec4 4, 0, 8;
    %store/vec4 v000001d9d066cf60_0, 0, 8;
    %jmp T_25.256;
T_25.49 ;
    %pushi/vec4 199, 0, 8;
    %store/vec4 v000001d9d066cf60_0, 0, 8;
    %jmp T_25.256;
T_25.50 ;
    %pushi/vec4 35, 0, 8;
    %store/vec4 v000001d9d066cf60_0, 0, 8;
    %jmp T_25.256;
T_25.51 ;
    %pushi/vec4 195, 0, 8;
    %store/vec4 v000001d9d066cf60_0, 0, 8;
    %jmp T_25.256;
T_25.52 ;
    %pushi/vec4 24, 0, 8;
    %store/vec4 v000001d9d066cf60_0, 0, 8;
    %jmp T_25.256;
T_25.53 ;
    %pushi/vec4 150, 0, 8;
    %store/vec4 v000001d9d066cf60_0, 0, 8;
    %jmp T_25.256;
T_25.54 ;
    %pushi/vec4 5, 0, 8;
    %store/vec4 v000001d9d066cf60_0, 0, 8;
    %jmp T_25.256;
T_25.55 ;
    %pushi/vec4 154, 0, 8;
    %store/vec4 v000001d9d066cf60_0, 0, 8;
    %jmp T_25.256;
T_25.56 ;
    %pushi/vec4 7, 0, 8;
    %store/vec4 v000001d9d066cf60_0, 0, 8;
    %jmp T_25.256;
T_25.57 ;
    %pushi/vec4 18, 0, 8;
    %store/vec4 v000001d9d066cf60_0, 0, 8;
    %jmp T_25.256;
T_25.58 ;
    %pushi/vec4 128, 0, 8;
    %store/vec4 v000001d9d066cf60_0, 0, 8;
    %jmp T_25.256;
T_25.59 ;
    %pushi/vec4 226, 0, 8;
    %store/vec4 v000001d9d066cf60_0, 0, 8;
    %jmp T_25.256;
T_25.60 ;
    %pushi/vec4 235, 0, 8;
    %store/vec4 v000001d9d066cf60_0, 0, 8;
    %jmp T_25.256;
T_25.61 ;
    %pushi/vec4 39, 0, 8;
    %store/vec4 v000001d9d066cf60_0, 0, 8;
    %jmp T_25.256;
T_25.62 ;
    %pushi/vec4 178, 0, 8;
    %store/vec4 v000001d9d066cf60_0, 0, 8;
    %jmp T_25.256;
T_25.63 ;
    %pushi/vec4 117, 0, 8;
    %store/vec4 v000001d9d066cf60_0, 0, 8;
    %jmp T_25.256;
T_25.64 ;
    %pushi/vec4 9, 0, 8;
    %store/vec4 v000001d9d066cf60_0, 0, 8;
    %jmp T_25.256;
T_25.65 ;
    %pushi/vec4 131, 0, 8;
    %store/vec4 v000001d9d066cf60_0, 0, 8;
    %jmp T_25.256;
T_25.66 ;
    %pushi/vec4 44, 0, 8;
    %store/vec4 v000001d9d066cf60_0, 0, 8;
    %jmp T_25.256;
T_25.67 ;
    %pushi/vec4 26, 0, 8;
    %store/vec4 v000001d9d066cf60_0, 0, 8;
    %jmp T_25.256;
T_25.68 ;
    %pushi/vec4 27, 0, 8;
    %store/vec4 v000001d9d066cf60_0, 0, 8;
    %jmp T_25.256;
T_25.69 ;
    %pushi/vec4 110, 0, 8;
    %store/vec4 v000001d9d066cf60_0, 0, 8;
    %jmp T_25.256;
T_25.70 ;
    %pushi/vec4 90, 0, 8;
    %store/vec4 v000001d9d066cf60_0, 0, 8;
    %jmp T_25.256;
T_25.71 ;
    %pushi/vec4 160, 0, 8;
    %store/vec4 v000001d9d066cf60_0, 0, 8;
    %jmp T_25.256;
T_25.72 ;
    %pushi/vec4 82, 0, 8;
    %store/vec4 v000001d9d066cf60_0, 0, 8;
    %jmp T_25.256;
T_25.73 ;
    %pushi/vec4 59, 0, 8;
    %store/vec4 v000001d9d066cf60_0, 0, 8;
    %jmp T_25.256;
T_25.74 ;
    %pushi/vec4 214, 0, 8;
    %store/vec4 v000001d9d066cf60_0, 0, 8;
    %jmp T_25.256;
T_25.75 ;
    %pushi/vec4 179, 0, 8;
    %store/vec4 v000001d9d066cf60_0, 0, 8;
    %jmp T_25.256;
T_25.76 ;
    %pushi/vec4 41, 0, 8;
    %store/vec4 v000001d9d066cf60_0, 0, 8;
    %jmp T_25.256;
T_25.77 ;
    %pushi/vec4 227, 0, 8;
    %store/vec4 v000001d9d066cf60_0, 0, 8;
    %jmp T_25.256;
T_25.78 ;
    %pushi/vec4 47, 0, 8;
    %store/vec4 v000001d9d066cf60_0, 0, 8;
    %jmp T_25.256;
T_25.79 ;
    %pushi/vec4 132, 0, 8;
    %store/vec4 v000001d9d066cf60_0, 0, 8;
    %jmp T_25.256;
T_25.80 ;
    %pushi/vec4 83, 0, 8;
    %store/vec4 v000001d9d066cf60_0, 0, 8;
    %jmp T_25.256;
T_25.81 ;
    %pushi/vec4 209, 0, 8;
    %store/vec4 v000001d9d066cf60_0, 0, 8;
    %jmp T_25.256;
T_25.82 ;
    %pushi/vec4 0, 0, 8;
    %store/vec4 v000001d9d066cf60_0, 0, 8;
    %jmp T_25.256;
T_25.83 ;
    %pushi/vec4 237, 0, 8;
    %store/vec4 v000001d9d066cf60_0, 0, 8;
    %jmp T_25.256;
T_25.84 ;
    %pushi/vec4 32, 0, 8;
    %store/vec4 v000001d9d066cf60_0, 0, 8;
    %jmp T_25.256;
T_25.85 ;
    %pushi/vec4 252, 0, 8;
    %store/vec4 v000001d9d066cf60_0, 0, 8;
    %jmp T_25.256;
T_25.86 ;
    %pushi/vec4 177, 0, 8;
    %store/vec4 v000001d9d066cf60_0, 0, 8;
    %jmp T_25.256;
T_25.87 ;
    %pushi/vec4 91, 0, 8;
    %store/vec4 v000001d9d066cf60_0, 0, 8;
    %jmp T_25.256;
T_25.88 ;
    %pushi/vec4 106, 0, 8;
    %store/vec4 v000001d9d066cf60_0, 0, 8;
    %jmp T_25.256;
T_25.89 ;
    %pushi/vec4 203, 0, 8;
    %store/vec4 v000001d9d066cf60_0, 0, 8;
    %jmp T_25.256;
T_25.90 ;
    %pushi/vec4 190, 0, 8;
    %store/vec4 v000001d9d066cf60_0, 0, 8;
    %jmp T_25.256;
T_25.91 ;
    %pushi/vec4 57, 0, 8;
    %store/vec4 v000001d9d066cf60_0, 0, 8;
    %jmp T_25.256;
T_25.92 ;
    %pushi/vec4 74, 0, 8;
    %store/vec4 v000001d9d066cf60_0, 0, 8;
    %jmp T_25.256;
T_25.93 ;
    %pushi/vec4 76, 0, 8;
    %store/vec4 v000001d9d066cf60_0, 0, 8;
    %jmp T_25.256;
T_25.94 ;
    %pushi/vec4 88, 0, 8;
    %store/vec4 v000001d9d066cf60_0, 0, 8;
    %jmp T_25.256;
T_25.95 ;
    %pushi/vec4 207, 0, 8;
    %store/vec4 v000001d9d066cf60_0, 0, 8;
    %jmp T_25.256;
T_25.96 ;
    %pushi/vec4 208, 0, 8;
    %store/vec4 v000001d9d066cf60_0, 0, 8;
    %jmp T_25.256;
T_25.97 ;
    %pushi/vec4 239, 0, 8;
    %store/vec4 v000001d9d066cf60_0, 0, 8;
    %jmp T_25.256;
T_25.98 ;
    %pushi/vec4 170, 0, 8;
    %store/vec4 v000001d9d066cf60_0, 0, 8;
    %jmp T_25.256;
T_25.99 ;
    %pushi/vec4 251, 0, 8;
    %store/vec4 v000001d9d066cf60_0, 0, 8;
    %jmp T_25.256;
T_25.100 ;
    %pushi/vec4 67, 0, 8;
    %store/vec4 v000001d9d066cf60_0, 0, 8;
    %jmp T_25.256;
T_25.101 ;
    %pushi/vec4 77, 0, 8;
    %store/vec4 v000001d9d066cf60_0, 0, 8;
    %jmp T_25.256;
T_25.102 ;
    %pushi/vec4 51, 0, 8;
    %store/vec4 v000001d9d066cf60_0, 0, 8;
    %jmp T_25.256;
T_25.103 ;
    %pushi/vec4 133, 0, 8;
    %store/vec4 v000001d9d066cf60_0, 0, 8;
    %jmp T_25.256;
T_25.104 ;
    %pushi/vec4 69, 0, 8;
    %store/vec4 v000001d9d066cf60_0, 0, 8;
    %jmp T_25.256;
T_25.105 ;
    %pushi/vec4 249, 0, 8;
    %store/vec4 v000001d9d066cf60_0, 0, 8;
    %jmp T_25.256;
T_25.106 ;
    %pushi/vec4 2, 0, 8;
    %store/vec4 v000001d9d066cf60_0, 0, 8;
    %jmp T_25.256;
T_25.107 ;
    %pushi/vec4 127, 0, 8;
    %store/vec4 v000001d9d066cf60_0, 0, 8;
    %jmp T_25.256;
T_25.108 ;
    %pushi/vec4 80, 0, 8;
    %store/vec4 v000001d9d066cf60_0, 0, 8;
    %jmp T_25.256;
T_25.109 ;
    %pushi/vec4 60, 0, 8;
    %store/vec4 v000001d9d066cf60_0, 0, 8;
    %jmp T_25.256;
T_25.110 ;
    %pushi/vec4 159, 0, 8;
    %store/vec4 v000001d9d066cf60_0, 0, 8;
    %jmp T_25.256;
T_25.111 ;
    %pushi/vec4 168, 0, 8;
    %store/vec4 v000001d9d066cf60_0, 0, 8;
    %jmp T_25.256;
T_25.112 ;
    %pushi/vec4 81, 0, 8;
    %store/vec4 v000001d9d066cf60_0, 0, 8;
    %jmp T_25.256;
T_25.113 ;
    %pushi/vec4 163, 0, 8;
    %store/vec4 v000001d9d066cf60_0, 0, 8;
    %jmp T_25.256;
T_25.114 ;
    %pushi/vec4 64, 0, 8;
    %store/vec4 v000001d9d066cf60_0, 0, 8;
    %jmp T_25.256;
T_25.115 ;
    %pushi/vec4 143, 0, 8;
    %store/vec4 v000001d9d066cf60_0, 0, 8;
    %jmp T_25.256;
T_25.116 ;
    %pushi/vec4 146, 0, 8;
    %store/vec4 v000001d9d066cf60_0, 0, 8;
    %jmp T_25.256;
T_25.117 ;
    %pushi/vec4 157, 0, 8;
    %store/vec4 v000001d9d066cf60_0, 0, 8;
    %jmp T_25.256;
T_25.118 ;
    %pushi/vec4 56, 0, 8;
    %store/vec4 v000001d9d066cf60_0, 0, 8;
    %jmp T_25.256;
T_25.119 ;
    %pushi/vec4 245, 0, 8;
    %store/vec4 v000001d9d066cf60_0, 0, 8;
    %jmp T_25.256;
T_25.120 ;
    %pushi/vec4 188, 0, 8;
    %store/vec4 v000001d9d066cf60_0, 0, 8;
    %jmp T_25.256;
T_25.121 ;
    %pushi/vec4 182, 0, 8;
    %store/vec4 v000001d9d066cf60_0, 0, 8;
    %jmp T_25.256;
T_25.122 ;
    %pushi/vec4 218, 0, 8;
    %store/vec4 v000001d9d066cf60_0, 0, 8;
    %jmp T_25.256;
T_25.123 ;
    %pushi/vec4 33, 0, 8;
    %store/vec4 v000001d9d066cf60_0, 0, 8;
    %jmp T_25.256;
T_25.124 ;
    %pushi/vec4 16, 0, 8;
    %store/vec4 v000001d9d066cf60_0, 0, 8;
    %jmp T_25.256;
T_25.125 ;
    %pushi/vec4 255, 0, 8;
    %store/vec4 v000001d9d066cf60_0, 0, 8;
    %jmp T_25.256;
T_25.126 ;
    %pushi/vec4 243, 0, 8;
    %store/vec4 v000001d9d066cf60_0, 0, 8;
    %jmp T_25.256;
T_25.127 ;
    %pushi/vec4 210, 0, 8;
    %store/vec4 v000001d9d066cf60_0, 0, 8;
    %jmp T_25.256;
T_25.128 ;
    %pushi/vec4 205, 0, 8;
    %store/vec4 v000001d9d066cf60_0, 0, 8;
    %jmp T_25.256;
T_25.129 ;
    %pushi/vec4 12, 0, 8;
    %store/vec4 v000001d9d066cf60_0, 0, 8;
    %jmp T_25.256;
T_25.130 ;
    %pushi/vec4 19, 0, 8;
    %store/vec4 v000001d9d066cf60_0, 0, 8;
    %jmp T_25.256;
T_25.131 ;
    %pushi/vec4 236, 0, 8;
    %store/vec4 v000001d9d066cf60_0, 0, 8;
    %jmp T_25.256;
T_25.132 ;
    %pushi/vec4 95, 0, 8;
    %store/vec4 v000001d9d066cf60_0, 0, 8;
    %jmp T_25.256;
T_25.133 ;
    %pushi/vec4 151, 0, 8;
    %store/vec4 v000001d9d066cf60_0, 0, 8;
    %jmp T_25.256;
T_25.134 ;
    %pushi/vec4 68, 0, 8;
    %store/vec4 v000001d9d066cf60_0, 0, 8;
    %jmp T_25.256;
T_25.135 ;
    %pushi/vec4 23, 0, 8;
    %store/vec4 v000001d9d066cf60_0, 0, 8;
    %jmp T_25.256;
T_25.136 ;
    %pushi/vec4 196, 0, 8;
    %store/vec4 v000001d9d066cf60_0, 0, 8;
    %jmp T_25.256;
T_25.137 ;
    %pushi/vec4 167, 0, 8;
    %store/vec4 v000001d9d066cf60_0, 0, 8;
    %jmp T_25.256;
T_25.138 ;
    %pushi/vec4 126, 0, 8;
    %store/vec4 v000001d9d066cf60_0, 0, 8;
    %jmp T_25.256;
T_25.139 ;
    %pushi/vec4 61, 0, 8;
    %store/vec4 v000001d9d066cf60_0, 0, 8;
    %jmp T_25.256;
T_25.140 ;
    %pushi/vec4 100, 0, 8;
    %store/vec4 v000001d9d066cf60_0, 0, 8;
    %jmp T_25.256;
T_25.141 ;
    %pushi/vec4 93, 0, 8;
    %store/vec4 v000001d9d066cf60_0, 0, 8;
    %jmp T_25.256;
T_25.142 ;
    %pushi/vec4 25, 0, 8;
    %store/vec4 v000001d9d066cf60_0, 0, 8;
    %jmp T_25.256;
T_25.143 ;
    %pushi/vec4 115, 0, 8;
    %store/vec4 v000001d9d066cf60_0, 0, 8;
    %jmp T_25.256;
T_25.144 ;
    %pushi/vec4 96, 0, 8;
    %store/vec4 v000001d9d066cf60_0, 0, 8;
    %jmp T_25.256;
T_25.145 ;
    %pushi/vec4 129, 0, 8;
    %store/vec4 v000001d9d066cf60_0, 0, 8;
    %jmp T_25.256;
T_25.146 ;
    %pushi/vec4 79, 0, 8;
    %store/vec4 v000001d9d066cf60_0, 0, 8;
    %jmp T_25.256;
T_25.147 ;
    %pushi/vec4 220, 0, 8;
    %store/vec4 v000001d9d066cf60_0, 0, 8;
    %jmp T_25.256;
T_25.148 ;
    %pushi/vec4 34, 0, 8;
    %store/vec4 v000001d9d066cf60_0, 0, 8;
    %jmp T_25.256;
T_25.149 ;
    %pushi/vec4 42, 0, 8;
    %store/vec4 v000001d9d066cf60_0, 0, 8;
    %jmp T_25.256;
T_25.150 ;
    %pushi/vec4 144, 0, 8;
    %store/vec4 v000001d9d066cf60_0, 0, 8;
    %jmp T_25.256;
T_25.151 ;
    %pushi/vec4 136, 0, 8;
    %store/vec4 v000001d9d066cf60_0, 0, 8;
    %jmp T_25.256;
T_25.152 ;
    %pushi/vec4 70, 0, 8;
    %store/vec4 v000001d9d066cf60_0, 0, 8;
    %jmp T_25.256;
T_25.153 ;
    %pushi/vec4 238, 0, 8;
    %store/vec4 v000001d9d066cf60_0, 0, 8;
    %jmp T_25.256;
T_25.154 ;
    %pushi/vec4 184, 0, 8;
    %store/vec4 v000001d9d066cf60_0, 0, 8;
    %jmp T_25.256;
T_25.155 ;
    %pushi/vec4 20, 0, 8;
    %store/vec4 v000001d9d066cf60_0, 0, 8;
    %jmp T_25.256;
T_25.156 ;
    %pushi/vec4 222, 0, 8;
    %store/vec4 v000001d9d066cf60_0, 0, 8;
    %jmp T_25.256;
T_25.157 ;
    %pushi/vec4 94, 0, 8;
    %store/vec4 v000001d9d066cf60_0, 0, 8;
    %jmp T_25.256;
T_25.158 ;
    %pushi/vec4 11, 0, 8;
    %store/vec4 v000001d9d066cf60_0, 0, 8;
    %jmp T_25.256;
T_25.159 ;
    %pushi/vec4 219, 0, 8;
    %store/vec4 v000001d9d066cf60_0, 0, 8;
    %jmp T_25.256;
T_25.160 ;
    %pushi/vec4 224, 0, 8;
    %store/vec4 v000001d9d066cf60_0, 0, 8;
    %jmp T_25.256;
T_25.161 ;
    %pushi/vec4 50, 0, 8;
    %store/vec4 v000001d9d066cf60_0, 0, 8;
    %jmp T_25.256;
T_25.162 ;
    %pushi/vec4 58, 0, 8;
    %store/vec4 v000001d9d066cf60_0, 0, 8;
    %jmp T_25.256;
T_25.163 ;
    %pushi/vec4 10, 0, 8;
    %store/vec4 v000001d9d066cf60_0, 0, 8;
    %jmp T_25.256;
T_25.164 ;
    %pushi/vec4 73, 0, 8;
    %store/vec4 v000001d9d066cf60_0, 0, 8;
    %jmp T_25.256;
T_25.165 ;
    %pushi/vec4 6, 0, 8;
    %store/vec4 v000001d9d066cf60_0, 0, 8;
    %jmp T_25.256;
T_25.166 ;
    %pushi/vec4 36, 0, 8;
    %store/vec4 v000001d9d066cf60_0, 0, 8;
    %jmp T_25.256;
T_25.167 ;
    %pushi/vec4 92, 0, 8;
    %store/vec4 v000001d9d066cf60_0, 0, 8;
    %jmp T_25.256;
T_25.168 ;
    %pushi/vec4 194, 0, 8;
    %store/vec4 v000001d9d066cf60_0, 0, 8;
    %jmp T_25.256;
T_25.169 ;
    %pushi/vec4 211, 0, 8;
    %store/vec4 v000001d9d066cf60_0, 0, 8;
    %jmp T_25.256;
T_25.170 ;
    %pushi/vec4 172, 0, 8;
    %store/vec4 v000001d9d066cf60_0, 0, 8;
    %jmp T_25.256;
T_25.171 ;
    %pushi/vec4 98, 0, 8;
    %store/vec4 v000001d9d066cf60_0, 0, 8;
    %jmp T_25.256;
T_25.172 ;
    %pushi/vec4 145, 0, 8;
    %store/vec4 v000001d9d066cf60_0, 0, 8;
    %jmp T_25.256;
T_25.173 ;
    %pushi/vec4 149, 0, 8;
    %store/vec4 v000001d9d066cf60_0, 0, 8;
    %jmp T_25.256;
T_25.174 ;
    %pushi/vec4 228, 0, 8;
    %store/vec4 v000001d9d066cf60_0, 0, 8;
    %jmp T_25.256;
T_25.175 ;
    %pushi/vec4 121, 0, 8;
    %store/vec4 v000001d9d066cf60_0, 0, 8;
    %jmp T_25.256;
T_25.176 ;
    %pushi/vec4 231, 0, 8;
    %store/vec4 v000001d9d066cf60_0, 0, 8;
    %jmp T_25.256;
T_25.177 ;
    %pushi/vec4 200, 0, 8;
    %store/vec4 v000001d9d066cf60_0, 0, 8;
    %jmp T_25.256;
T_25.178 ;
    %pushi/vec4 55, 0, 8;
    %store/vec4 v000001d9d066cf60_0, 0, 8;
    %jmp T_25.256;
T_25.179 ;
    %pushi/vec4 109, 0, 8;
    %store/vec4 v000001d9d066cf60_0, 0, 8;
    %jmp T_25.256;
T_25.180 ;
    %pushi/vec4 141, 0, 8;
    %store/vec4 v000001d9d066cf60_0, 0, 8;
    %jmp T_25.256;
T_25.181 ;
    %pushi/vec4 213, 0, 8;
    %store/vec4 v000001d9d066cf60_0, 0, 8;
    %jmp T_25.256;
T_25.182 ;
    %pushi/vec4 78, 0, 8;
    %store/vec4 v000001d9d066cf60_0, 0, 8;
    %jmp T_25.256;
T_25.183 ;
    %pushi/vec4 169, 0, 8;
    %store/vec4 v000001d9d066cf60_0, 0, 8;
    %jmp T_25.256;
T_25.184 ;
    %pushi/vec4 108, 0, 8;
    %store/vec4 v000001d9d066cf60_0, 0, 8;
    %jmp T_25.256;
T_25.185 ;
    %pushi/vec4 86, 0, 8;
    %store/vec4 v000001d9d066cf60_0, 0, 8;
    %jmp T_25.256;
T_25.186 ;
    %pushi/vec4 244, 0, 8;
    %store/vec4 v000001d9d066cf60_0, 0, 8;
    %jmp T_25.256;
T_25.187 ;
    %pushi/vec4 234, 0, 8;
    %store/vec4 v000001d9d066cf60_0, 0, 8;
    %jmp T_25.256;
T_25.188 ;
    %pushi/vec4 101, 0, 8;
    %store/vec4 v000001d9d066cf60_0, 0, 8;
    %jmp T_25.256;
T_25.189 ;
    %pushi/vec4 122, 0, 8;
    %store/vec4 v000001d9d066cf60_0, 0, 8;
    %jmp T_25.256;
T_25.190 ;
    %pushi/vec4 174, 0, 8;
    %store/vec4 v000001d9d066cf60_0, 0, 8;
    %jmp T_25.256;
T_25.191 ;
    %pushi/vec4 8, 0, 8;
    %store/vec4 v000001d9d066cf60_0, 0, 8;
    %jmp T_25.256;
T_25.192 ;
    %pushi/vec4 186, 0, 8;
    %store/vec4 v000001d9d066cf60_0, 0, 8;
    %jmp T_25.256;
T_25.193 ;
    %pushi/vec4 120, 0, 8;
    %store/vec4 v000001d9d066cf60_0, 0, 8;
    %jmp T_25.256;
T_25.194 ;
    %pushi/vec4 37, 0, 8;
    %store/vec4 v000001d9d066cf60_0, 0, 8;
    %jmp T_25.256;
T_25.195 ;
    %pushi/vec4 46, 0, 8;
    %store/vec4 v000001d9d066cf60_0, 0, 8;
    %jmp T_25.256;
T_25.196 ;
    %pushi/vec4 28, 0, 8;
    %store/vec4 v000001d9d066cf60_0, 0, 8;
    %jmp T_25.256;
T_25.197 ;
    %pushi/vec4 166, 0, 8;
    %store/vec4 v000001d9d066cf60_0, 0, 8;
    %jmp T_25.256;
T_25.198 ;
    %pushi/vec4 180, 0, 8;
    %store/vec4 v000001d9d066cf60_0, 0, 8;
    %jmp T_25.256;
T_25.199 ;
    %pushi/vec4 198, 0, 8;
    %store/vec4 v000001d9d066cf60_0, 0, 8;
    %jmp T_25.256;
T_25.200 ;
    %pushi/vec4 232, 0, 8;
    %store/vec4 v000001d9d066cf60_0, 0, 8;
    %jmp T_25.256;
T_25.201 ;
    %pushi/vec4 221, 0, 8;
    %store/vec4 v000001d9d066cf60_0, 0, 8;
    %jmp T_25.256;
T_25.202 ;
    %pushi/vec4 116, 0, 8;
    %store/vec4 v000001d9d066cf60_0, 0, 8;
    %jmp T_25.256;
T_25.203 ;
    %pushi/vec4 31, 0, 8;
    %store/vec4 v000001d9d066cf60_0, 0, 8;
    %jmp T_25.256;
T_25.204 ;
    %pushi/vec4 75, 0, 8;
    %store/vec4 v000001d9d066cf60_0, 0, 8;
    %jmp T_25.256;
T_25.205 ;
    %pushi/vec4 189, 0, 8;
    %store/vec4 v000001d9d066cf60_0, 0, 8;
    %jmp T_25.256;
T_25.206 ;
    %pushi/vec4 139, 0, 8;
    %store/vec4 v000001d9d066cf60_0, 0, 8;
    %jmp T_25.256;
T_25.207 ;
    %pushi/vec4 138, 0, 8;
    %store/vec4 v000001d9d066cf60_0, 0, 8;
    %jmp T_25.256;
T_25.208 ;
    %pushi/vec4 112, 0, 8;
    %store/vec4 v000001d9d066cf60_0, 0, 8;
    %jmp T_25.256;
T_25.209 ;
    %pushi/vec4 62, 0, 8;
    %store/vec4 v000001d9d066cf60_0, 0, 8;
    %jmp T_25.256;
T_25.210 ;
    %pushi/vec4 181, 0, 8;
    %store/vec4 v000001d9d066cf60_0, 0, 8;
    %jmp T_25.256;
T_25.211 ;
    %pushi/vec4 102, 0, 8;
    %store/vec4 v000001d9d066cf60_0, 0, 8;
    %jmp T_25.256;
T_25.212 ;
    %pushi/vec4 72, 0, 8;
    %store/vec4 v000001d9d066cf60_0, 0, 8;
    %jmp T_25.256;
T_25.213 ;
    %pushi/vec4 3, 0, 8;
    %store/vec4 v000001d9d066cf60_0, 0, 8;
    %jmp T_25.256;
T_25.214 ;
    %pushi/vec4 246, 0, 8;
    %store/vec4 v000001d9d066cf60_0, 0, 8;
    %jmp T_25.256;
T_25.215 ;
    %pushi/vec4 14, 0, 8;
    %store/vec4 v000001d9d066cf60_0, 0, 8;
    %jmp T_25.256;
T_25.216 ;
    %pushi/vec4 97, 0, 8;
    %store/vec4 v000001d9d066cf60_0, 0, 8;
    %jmp T_25.256;
T_25.217 ;
    %pushi/vec4 53, 0, 8;
    %store/vec4 v000001d9d066cf60_0, 0, 8;
    %jmp T_25.256;
T_25.218 ;
    %pushi/vec4 87, 0, 8;
    %store/vec4 v000001d9d066cf60_0, 0, 8;
    %jmp T_25.256;
T_25.219 ;
    %pushi/vec4 185, 0, 8;
    %store/vec4 v000001d9d066cf60_0, 0, 8;
    %jmp T_25.256;
T_25.220 ;
    %pushi/vec4 134, 0, 8;
    %store/vec4 v000001d9d066cf60_0, 0, 8;
    %jmp T_25.256;
T_25.221 ;
    %pushi/vec4 193, 0, 8;
    %store/vec4 v000001d9d066cf60_0, 0, 8;
    %jmp T_25.256;
T_25.222 ;
    %pushi/vec4 29, 0, 8;
    %store/vec4 v000001d9d066cf60_0, 0, 8;
    %jmp T_25.256;
T_25.223 ;
    %pushi/vec4 158, 0, 8;
    %store/vec4 v000001d9d066cf60_0, 0, 8;
    %jmp T_25.256;
T_25.224 ;
    %pushi/vec4 225, 0, 8;
    %store/vec4 v000001d9d066cf60_0, 0, 8;
    %jmp T_25.256;
T_25.225 ;
    %pushi/vec4 248, 0, 8;
    %store/vec4 v000001d9d066cf60_0, 0, 8;
    %jmp T_25.256;
T_25.226 ;
    %pushi/vec4 152, 0, 8;
    %store/vec4 v000001d9d066cf60_0, 0, 8;
    %jmp T_25.256;
T_25.227 ;
    %pushi/vec4 17, 0, 8;
    %store/vec4 v000001d9d066cf60_0, 0, 8;
    %jmp T_25.256;
T_25.228 ;
    %pushi/vec4 105, 0, 8;
    %store/vec4 v000001d9d066cf60_0, 0, 8;
    %jmp T_25.256;
T_25.229 ;
    %pushi/vec4 217, 0, 8;
    %store/vec4 v000001d9d066cf60_0, 0, 8;
    %jmp T_25.256;
T_25.230 ;
    %pushi/vec4 142, 0, 8;
    %store/vec4 v000001d9d066cf60_0, 0, 8;
    %jmp T_25.256;
T_25.231 ;
    %pushi/vec4 148, 0, 8;
    %store/vec4 v000001d9d066cf60_0, 0, 8;
    %jmp T_25.256;
T_25.232 ;
    %pushi/vec4 155, 0, 8;
    %store/vec4 v000001d9d066cf60_0, 0, 8;
    %jmp T_25.256;
T_25.233 ;
    %pushi/vec4 30, 0, 8;
    %store/vec4 v000001d9d066cf60_0, 0, 8;
    %jmp T_25.256;
T_25.234 ;
    %pushi/vec4 135, 0, 8;
    %store/vec4 v000001d9d066cf60_0, 0, 8;
    %jmp T_25.256;
T_25.235 ;
    %pushi/vec4 233, 0, 8;
    %store/vec4 v000001d9d066cf60_0, 0, 8;
    %jmp T_25.256;
T_25.236 ;
    %pushi/vec4 206, 0, 8;
    %store/vec4 v000001d9d066cf60_0, 0, 8;
    %jmp T_25.256;
T_25.237 ;
    %pushi/vec4 85, 0, 8;
    %store/vec4 v000001d9d066cf60_0, 0, 8;
    %jmp T_25.256;
T_25.238 ;
    %pushi/vec4 40, 0, 8;
    %store/vec4 v000001d9d066cf60_0, 0, 8;
    %jmp T_25.256;
T_25.239 ;
    %pushi/vec4 223, 0, 8;
    %store/vec4 v000001d9d066cf60_0, 0, 8;
    %jmp T_25.256;
T_25.240 ;
    %pushi/vec4 140, 0, 8;
    %store/vec4 v000001d9d066cf60_0, 0, 8;
    %jmp T_25.256;
T_25.241 ;
    %pushi/vec4 161, 0, 8;
    %store/vec4 v000001d9d066cf60_0, 0, 8;
    %jmp T_25.256;
T_25.242 ;
    %pushi/vec4 137, 0, 8;
    %store/vec4 v000001d9d066cf60_0, 0, 8;
    %jmp T_25.256;
T_25.243 ;
    %pushi/vec4 13, 0, 8;
    %store/vec4 v000001d9d066cf60_0, 0, 8;
    %jmp T_25.256;
T_25.244 ;
    %pushi/vec4 191, 0, 8;
    %store/vec4 v000001d9d066cf60_0, 0, 8;
    %jmp T_25.256;
T_25.245 ;
    %pushi/vec4 230, 0, 8;
    %store/vec4 v000001d9d066cf60_0, 0, 8;
    %jmp T_25.256;
T_25.246 ;
    %pushi/vec4 66, 0, 8;
    %store/vec4 v000001d9d066cf60_0, 0, 8;
    %jmp T_25.256;
T_25.247 ;
    %pushi/vec4 104, 0, 8;
    %store/vec4 v000001d9d066cf60_0, 0, 8;
    %jmp T_25.256;
T_25.248 ;
    %pushi/vec4 65, 0, 8;
    %store/vec4 v000001d9d066cf60_0, 0, 8;
    %jmp T_25.256;
T_25.249 ;
    %pushi/vec4 153, 0, 8;
    %store/vec4 v000001d9d066cf60_0, 0, 8;
    %jmp T_25.256;
T_25.250 ;
    %pushi/vec4 45, 0, 8;
    %store/vec4 v000001d9d066cf60_0, 0, 8;
    %jmp T_25.256;
T_25.251 ;
    %pushi/vec4 15, 0, 8;
    %store/vec4 v000001d9d066cf60_0, 0, 8;
    %jmp T_25.256;
T_25.252 ;
    %pushi/vec4 176, 0, 8;
    %store/vec4 v000001d9d066cf60_0, 0, 8;
    %jmp T_25.256;
T_25.253 ;
    %pushi/vec4 84, 0, 8;
    %store/vec4 v000001d9d066cf60_0, 0, 8;
    %jmp T_25.256;
T_25.254 ;
    %pushi/vec4 187, 0, 8;
    %store/vec4 v000001d9d066cf60_0, 0, 8;
    %jmp T_25.256;
T_25.255 ;
    %pushi/vec4 22, 0, 8;
    %store/vec4 v000001d9d066cf60_0, 0, 8;
    %jmp T_25.256;
T_25.256 ;
    %pop/vec4 1;
    %jmp T_25;
    .thread T_25, $push;
    .scope S_000001d9d0676a70;
T_26 ;
    %wait E_000001d9d05b8320;
    %load/vec4 v000001d9d066c4c0_0;
    %dup/vec4;
    %pushi/vec4 0, 0, 8;
    %cmp/u;
    %jmp/1 T_26.0, 6;
    %dup/vec4;
    %pushi/vec4 1, 0, 8;
    %cmp/u;
    %jmp/1 T_26.1, 6;
    %dup/vec4;
    %pushi/vec4 2, 0, 8;
    %cmp/u;
    %jmp/1 T_26.2, 6;
    %dup/vec4;
    %pushi/vec4 3, 0, 8;
    %cmp/u;
    %jmp/1 T_26.3, 6;
    %dup/vec4;
    %pushi/vec4 4, 0, 8;
    %cmp/u;
    %jmp/1 T_26.4, 6;
    %dup/vec4;
    %pushi/vec4 5, 0, 8;
    %cmp/u;
    %jmp/1 T_26.5, 6;
    %dup/vec4;
    %pushi/vec4 6, 0, 8;
    %cmp/u;
    %jmp/1 T_26.6, 6;
    %dup/vec4;
    %pushi/vec4 7, 0, 8;
    %cmp/u;
    %jmp/1 T_26.7, 6;
    %dup/vec4;
    %pushi/vec4 8, 0, 8;
    %cmp/u;
    %jmp/1 T_26.8, 6;
    %dup/vec4;
    %pushi/vec4 9, 0, 8;
    %cmp/u;
    %jmp/1 T_26.9, 6;
    %dup/vec4;
    %pushi/vec4 10, 0, 8;
    %cmp/u;
    %jmp/1 T_26.10, 6;
    %dup/vec4;
    %pushi/vec4 11, 0, 8;
    %cmp/u;
    %jmp/1 T_26.11, 6;
    %dup/vec4;
    %pushi/vec4 12, 0, 8;
    %cmp/u;
    %jmp/1 T_26.12, 6;
    %dup/vec4;
    %pushi/vec4 13, 0, 8;
    %cmp/u;
    %jmp/1 T_26.13, 6;
    %dup/vec4;
    %pushi/vec4 14, 0, 8;
    %cmp/u;
    %jmp/1 T_26.14, 6;
    %dup/vec4;
    %pushi/vec4 15, 0, 8;
    %cmp/u;
    %jmp/1 T_26.15, 6;
    %dup/vec4;
    %pushi/vec4 16, 0, 8;
    %cmp/u;
    %jmp/1 T_26.16, 6;
    %dup/vec4;
    %pushi/vec4 17, 0, 8;
    %cmp/u;
    %jmp/1 T_26.17, 6;
    %dup/vec4;
    %pushi/vec4 18, 0, 8;
    %cmp/u;
    %jmp/1 T_26.18, 6;
    %dup/vec4;
    %pushi/vec4 19, 0, 8;
    %cmp/u;
    %jmp/1 T_26.19, 6;
    %dup/vec4;
    %pushi/vec4 20, 0, 8;
    %cmp/u;
    %jmp/1 T_26.20, 6;
    %dup/vec4;
    %pushi/vec4 21, 0, 8;
    %cmp/u;
    %jmp/1 T_26.21, 6;
    %dup/vec4;
    %pushi/vec4 22, 0, 8;
    %cmp/u;
    %jmp/1 T_26.22, 6;
    %dup/vec4;
    %pushi/vec4 23, 0, 8;
    %cmp/u;
    %jmp/1 T_26.23, 6;
    %dup/vec4;
    %pushi/vec4 24, 0, 8;
    %cmp/u;
    %jmp/1 T_26.24, 6;
    %dup/vec4;
    %pushi/vec4 25, 0, 8;
    %cmp/u;
    %jmp/1 T_26.25, 6;
    %dup/vec4;
    %pushi/vec4 26, 0, 8;
    %cmp/u;
    %jmp/1 T_26.26, 6;
    %dup/vec4;
    %pushi/vec4 27, 0, 8;
    %cmp/u;
    %jmp/1 T_26.27, 6;
    %dup/vec4;
    %pushi/vec4 28, 0, 8;
    %cmp/u;
    %jmp/1 T_26.28, 6;
    %dup/vec4;
    %pushi/vec4 29, 0, 8;
    %cmp/u;
    %jmp/1 T_26.29, 6;
    %dup/vec4;
    %pushi/vec4 30, 0, 8;
    %cmp/u;
    %jmp/1 T_26.30, 6;
    %dup/vec4;
    %pushi/vec4 31, 0, 8;
    %cmp/u;
    %jmp/1 T_26.31, 6;
    %dup/vec4;
    %pushi/vec4 32, 0, 8;
    %cmp/u;
    %jmp/1 T_26.32, 6;
    %dup/vec4;
    %pushi/vec4 33, 0, 8;
    %cmp/u;
    %jmp/1 T_26.33, 6;
    %dup/vec4;
    %pushi/vec4 34, 0, 8;
    %cmp/u;
    %jmp/1 T_26.34, 6;
    %dup/vec4;
    %pushi/vec4 35, 0, 8;
    %cmp/u;
    %jmp/1 T_26.35, 6;
    %dup/vec4;
    %pushi/vec4 36, 0, 8;
    %cmp/u;
    %jmp/1 T_26.36, 6;
    %dup/vec4;
    %pushi/vec4 37, 0, 8;
    %cmp/u;
    %jmp/1 T_26.37, 6;
    %dup/vec4;
    %pushi/vec4 38, 0, 8;
    %cmp/u;
    %jmp/1 T_26.38, 6;
    %dup/vec4;
    %pushi/vec4 39, 0, 8;
    %cmp/u;
    %jmp/1 T_26.39, 6;
    %dup/vec4;
    %pushi/vec4 40, 0, 8;
    %cmp/u;
    %jmp/1 T_26.40, 6;
    %dup/vec4;
    %pushi/vec4 41, 0, 8;
    %cmp/u;
    %jmp/1 T_26.41, 6;
    %dup/vec4;
    %pushi/vec4 42, 0, 8;
    %cmp/u;
    %jmp/1 T_26.42, 6;
    %dup/vec4;
    %pushi/vec4 43, 0, 8;
    %cmp/u;
    %jmp/1 T_26.43, 6;
    %dup/vec4;
    %pushi/vec4 44, 0, 8;
    %cmp/u;
    %jmp/1 T_26.44, 6;
    %dup/vec4;
    %pushi/vec4 45, 0, 8;
    %cmp/u;
    %jmp/1 T_26.45, 6;
    %dup/vec4;
    %pushi/vec4 46, 0, 8;
    %cmp/u;
    %jmp/1 T_26.46, 6;
    %dup/vec4;
    %pushi/vec4 47, 0, 8;
    %cmp/u;
    %jmp/1 T_26.47, 6;
    %dup/vec4;
    %pushi/vec4 48, 0, 8;
    %cmp/u;
    %jmp/1 T_26.48, 6;
    %dup/vec4;
    %pushi/vec4 49, 0, 8;
    %cmp/u;
    %jmp/1 T_26.49, 6;
    %dup/vec4;
    %pushi/vec4 50, 0, 8;
    %cmp/u;
    %jmp/1 T_26.50, 6;
    %dup/vec4;
    %pushi/vec4 51, 0, 8;
    %cmp/u;
    %jmp/1 T_26.51, 6;
    %dup/vec4;
    %pushi/vec4 52, 0, 8;
    %cmp/u;
    %jmp/1 T_26.52, 6;
    %dup/vec4;
    %pushi/vec4 53, 0, 8;
    %cmp/u;
    %jmp/1 T_26.53, 6;
    %dup/vec4;
    %pushi/vec4 54, 0, 8;
    %cmp/u;
    %jmp/1 T_26.54, 6;
    %dup/vec4;
    %pushi/vec4 55, 0, 8;
    %cmp/u;
    %jmp/1 T_26.55, 6;
    %dup/vec4;
    %pushi/vec4 56, 0, 8;
    %cmp/u;
    %jmp/1 T_26.56, 6;
    %dup/vec4;
    %pushi/vec4 57, 0, 8;
    %cmp/u;
    %jmp/1 T_26.57, 6;
    %dup/vec4;
    %pushi/vec4 58, 0, 8;
    %cmp/u;
    %jmp/1 T_26.58, 6;
    %dup/vec4;
    %pushi/vec4 59, 0, 8;
    %cmp/u;
    %jmp/1 T_26.59, 6;
    %dup/vec4;
    %pushi/vec4 60, 0, 8;
    %cmp/u;
    %jmp/1 T_26.60, 6;
    %dup/vec4;
    %pushi/vec4 61, 0, 8;
    %cmp/u;
    %jmp/1 T_26.61, 6;
    %dup/vec4;
    %pushi/vec4 62, 0, 8;
    %cmp/u;
    %jmp/1 T_26.62, 6;
    %dup/vec4;
    %pushi/vec4 63, 0, 8;
    %cmp/u;
    %jmp/1 T_26.63, 6;
    %dup/vec4;
    %pushi/vec4 64, 0, 8;
    %cmp/u;
    %jmp/1 T_26.64, 6;
    %dup/vec4;
    %pushi/vec4 65, 0, 8;
    %cmp/u;
    %jmp/1 T_26.65, 6;
    %dup/vec4;
    %pushi/vec4 66, 0, 8;
    %cmp/u;
    %jmp/1 T_26.66, 6;
    %dup/vec4;
    %pushi/vec4 67, 0, 8;
    %cmp/u;
    %jmp/1 T_26.67, 6;
    %dup/vec4;
    %pushi/vec4 68, 0, 8;
    %cmp/u;
    %jmp/1 T_26.68, 6;
    %dup/vec4;
    %pushi/vec4 69, 0, 8;
    %cmp/u;
    %jmp/1 T_26.69, 6;
    %dup/vec4;
    %pushi/vec4 70, 0, 8;
    %cmp/u;
    %jmp/1 T_26.70, 6;
    %dup/vec4;
    %pushi/vec4 71, 0, 8;
    %cmp/u;
    %jmp/1 T_26.71, 6;
    %dup/vec4;
    %pushi/vec4 72, 0, 8;
    %cmp/u;
    %jmp/1 T_26.72, 6;
    %dup/vec4;
    %pushi/vec4 73, 0, 8;
    %cmp/u;
    %jmp/1 T_26.73, 6;
    %dup/vec4;
    %pushi/vec4 74, 0, 8;
    %cmp/u;
    %jmp/1 T_26.74, 6;
    %dup/vec4;
    %pushi/vec4 75, 0, 8;
    %cmp/u;
    %jmp/1 T_26.75, 6;
    %dup/vec4;
    %pushi/vec4 76, 0, 8;
    %cmp/u;
    %jmp/1 T_26.76, 6;
    %dup/vec4;
    %pushi/vec4 77, 0, 8;
    %cmp/u;
    %jmp/1 T_26.77, 6;
    %dup/vec4;
    %pushi/vec4 78, 0, 8;
    %cmp/u;
    %jmp/1 T_26.78, 6;
    %dup/vec4;
    %pushi/vec4 79, 0, 8;
    %cmp/u;
    %jmp/1 T_26.79, 6;
    %dup/vec4;
    %pushi/vec4 80, 0, 8;
    %cmp/u;
    %jmp/1 T_26.80, 6;
    %dup/vec4;
    %pushi/vec4 81, 0, 8;
    %cmp/u;
    %jmp/1 T_26.81, 6;
    %dup/vec4;
    %pushi/vec4 82, 0, 8;
    %cmp/u;
    %jmp/1 T_26.82, 6;
    %dup/vec4;
    %pushi/vec4 83, 0, 8;
    %cmp/u;
    %jmp/1 T_26.83, 6;
    %dup/vec4;
    %pushi/vec4 84, 0, 8;
    %cmp/u;
    %jmp/1 T_26.84, 6;
    %dup/vec4;
    %pushi/vec4 85, 0, 8;
    %cmp/u;
    %jmp/1 T_26.85, 6;
    %dup/vec4;
    %pushi/vec4 86, 0, 8;
    %cmp/u;
    %jmp/1 T_26.86, 6;
    %dup/vec4;
    %pushi/vec4 87, 0, 8;
    %cmp/u;
    %jmp/1 T_26.87, 6;
    %dup/vec4;
    %pushi/vec4 88, 0, 8;
    %cmp/u;
    %jmp/1 T_26.88, 6;
    %dup/vec4;
    %pushi/vec4 89, 0, 8;
    %cmp/u;
    %jmp/1 T_26.89, 6;
    %dup/vec4;
    %pushi/vec4 90, 0, 8;
    %cmp/u;
    %jmp/1 T_26.90, 6;
    %dup/vec4;
    %pushi/vec4 91, 0, 8;
    %cmp/u;
    %jmp/1 T_26.91, 6;
    %dup/vec4;
    %pushi/vec4 92, 0, 8;
    %cmp/u;
    %jmp/1 T_26.92, 6;
    %dup/vec4;
    %pushi/vec4 93, 0, 8;
    %cmp/u;
    %jmp/1 T_26.93, 6;
    %dup/vec4;
    %pushi/vec4 94, 0, 8;
    %cmp/u;
    %jmp/1 T_26.94, 6;
    %dup/vec4;
    %pushi/vec4 95, 0, 8;
    %cmp/u;
    %jmp/1 T_26.95, 6;
    %dup/vec4;
    %pushi/vec4 96, 0, 8;
    %cmp/u;
    %jmp/1 T_26.96, 6;
    %dup/vec4;
    %pushi/vec4 97, 0, 8;
    %cmp/u;
    %jmp/1 T_26.97, 6;
    %dup/vec4;
    %pushi/vec4 98, 0, 8;
    %cmp/u;
    %jmp/1 T_26.98, 6;
    %dup/vec4;
    %pushi/vec4 99, 0, 8;
    %cmp/u;
    %jmp/1 T_26.99, 6;
    %dup/vec4;
    %pushi/vec4 100, 0, 8;
    %cmp/u;
    %jmp/1 T_26.100, 6;
    %dup/vec4;
    %pushi/vec4 101, 0, 8;
    %cmp/u;
    %jmp/1 T_26.101, 6;
    %dup/vec4;
    %pushi/vec4 102, 0, 8;
    %cmp/u;
    %jmp/1 T_26.102, 6;
    %dup/vec4;
    %pushi/vec4 103, 0, 8;
    %cmp/u;
    %jmp/1 T_26.103, 6;
    %dup/vec4;
    %pushi/vec4 104, 0, 8;
    %cmp/u;
    %jmp/1 T_26.104, 6;
    %dup/vec4;
    %pushi/vec4 105, 0, 8;
    %cmp/u;
    %jmp/1 T_26.105, 6;
    %dup/vec4;
    %pushi/vec4 106, 0, 8;
    %cmp/u;
    %jmp/1 T_26.106, 6;
    %dup/vec4;
    %pushi/vec4 107, 0, 8;
    %cmp/u;
    %jmp/1 T_26.107, 6;
    %dup/vec4;
    %pushi/vec4 108, 0, 8;
    %cmp/u;
    %jmp/1 T_26.108, 6;
    %dup/vec4;
    %pushi/vec4 109, 0, 8;
    %cmp/u;
    %jmp/1 T_26.109, 6;
    %dup/vec4;
    %pushi/vec4 110, 0, 8;
    %cmp/u;
    %jmp/1 T_26.110, 6;
    %dup/vec4;
    %pushi/vec4 111, 0, 8;
    %cmp/u;
    %jmp/1 T_26.111, 6;
    %dup/vec4;
    %pushi/vec4 112, 0, 8;
    %cmp/u;
    %jmp/1 T_26.112, 6;
    %dup/vec4;
    %pushi/vec4 113, 0, 8;
    %cmp/u;
    %jmp/1 T_26.113, 6;
    %dup/vec4;
    %pushi/vec4 114, 0, 8;
    %cmp/u;
    %jmp/1 T_26.114, 6;
    %dup/vec4;
    %pushi/vec4 115, 0, 8;
    %cmp/u;
    %jmp/1 T_26.115, 6;
    %dup/vec4;
    %pushi/vec4 116, 0, 8;
    %cmp/u;
    %jmp/1 T_26.116, 6;
    %dup/vec4;
    %pushi/vec4 117, 0, 8;
    %cmp/u;
    %jmp/1 T_26.117, 6;
    %dup/vec4;
    %pushi/vec4 118, 0, 8;
    %cmp/u;
    %jmp/1 T_26.118, 6;
    %dup/vec4;
    %pushi/vec4 119, 0, 8;
    %cmp/u;
    %jmp/1 T_26.119, 6;
    %dup/vec4;
    %pushi/vec4 120, 0, 8;
    %cmp/u;
    %jmp/1 T_26.120, 6;
    %dup/vec4;
    %pushi/vec4 121, 0, 8;
    %cmp/u;
    %jmp/1 T_26.121, 6;
    %dup/vec4;
    %pushi/vec4 122, 0, 8;
    %cmp/u;
    %jmp/1 T_26.122, 6;
    %dup/vec4;
    %pushi/vec4 123, 0, 8;
    %cmp/u;
    %jmp/1 T_26.123, 6;
    %dup/vec4;
    %pushi/vec4 124, 0, 8;
    %cmp/u;
    %jmp/1 T_26.124, 6;
    %dup/vec4;
    %pushi/vec4 125, 0, 8;
    %cmp/u;
    %jmp/1 T_26.125, 6;
    %dup/vec4;
    %pushi/vec4 126, 0, 8;
    %cmp/u;
    %jmp/1 T_26.126, 6;
    %dup/vec4;
    %pushi/vec4 127, 0, 8;
    %cmp/u;
    %jmp/1 T_26.127, 6;
    %dup/vec4;
    %pushi/vec4 128, 0, 8;
    %cmp/u;
    %jmp/1 T_26.128, 6;
    %dup/vec4;
    %pushi/vec4 129, 0, 8;
    %cmp/u;
    %jmp/1 T_26.129, 6;
    %dup/vec4;
    %pushi/vec4 130, 0, 8;
    %cmp/u;
    %jmp/1 T_26.130, 6;
    %dup/vec4;
    %pushi/vec4 131, 0, 8;
    %cmp/u;
    %jmp/1 T_26.131, 6;
    %dup/vec4;
    %pushi/vec4 132, 0, 8;
    %cmp/u;
    %jmp/1 T_26.132, 6;
    %dup/vec4;
    %pushi/vec4 133, 0, 8;
    %cmp/u;
    %jmp/1 T_26.133, 6;
    %dup/vec4;
    %pushi/vec4 134, 0, 8;
    %cmp/u;
    %jmp/1 T_26.134, 6;
    %dup/vec4;
    %pushi/vec4 135, 0, 8;
    %cmp/u;
    %jmp/1 T_26.135, 6;
    %dup/vec4;
    %pushi/vec4 136, 0, 8;
    %cmp/u;
    %jmp/1 T_26.136, 6;
    %dup/vec4;
    %pushi/vec4 137, 0, 8;
    %cmp/u;
    %jmp/1 T_26.137, 6;
    %dup/vec4;
    %pushi/vec4 138, 0, 8;
    %cmp/u;
    %jmp/1 T_26.138, 6;
    %dup/vec4;
    %pushi/vec4 139, 0, 8;
    %cmp/u;
    %jmp/1 T_26.139, 6;
    %dup/vec4;
    %pushi/vec4 140, 0, 8;
    %cmp/u;
    %jmp/1 T_26.140, 6;
    %dup/vec4;
    %pushi/vec4 141, 0, 8;
    %cmp/u;
    %jmp/1 T_26.141, 6;
    %dup/vec4;
    %pushi/vec4 142, 0, 8;
    %cmp/u;
    %jmp/1 T_26.142, 6;
    %dup/vec4;
    %pushi/vec4 143, 0, 8;
    %cmp/u;
    %jmp/1 T_26.143, 6;
    %dup/vec4;
    %pushi/vec4 144, 0, 8;
    %cmp/u;
    %jmp/1 T_26.144, 6;
    %dup/vec4;
    %pushi/vec4 145, 0, 8;
    %cmp/u;
    %jmp/1 T_26.145, 6;
    %dup/vec4;
    %pushi/vec4 146, 0, 8;
    %cmp/u;
    %jmp/1 T_26.146, 6;
    %dup/vec4;
    %pushi/vec4 147, 0, 8;
    %cmp/u;
    %jmp/1 T_26.147, 6;
    %dup/vec4;
    %pushi/vec4 148, 0, 8;
    %cmp/u;
    %jmp/1 T_26.148, 6;
    %dup/vec4;
    %pushi/vec4 149, 0, 8;
    %cmp/u;
    %jmp/1 T_26.149, 6;
    %dup/vec4;
    %pushi/vec4 150, 0, 8;
    %cmp/u;
    %jmp/1 T_26.150, 6;
    %dup/vec4;
    %pushi/vec4 151, 0, 8;
    %cmp/u;
    %jmp/1 T_26.151, 6;
    %dup/vec4;
    %pushi/vec4 152, 0, 8;
    %cmp/u;
    %jmp/1 T_26.152, 6;
    %dup/vec4;
    %pushi/vec4 153, 0, 8;
    %cmp/u;
    %jmp/1 T_26.153, 6;
    %dup/vec4;
    %pushi/vec4 154, 0, 8;
    %cmp/u;
    %jmp/1 T_26.154, 6;
    %dup/vec4;
    %pushi/vec4 155, 0, 8;
    %cmp/u;
    %jmp/1 T_26.155, 6;
    %dup/vec4;
    %pushi/vec4 156, 0, 8;
    %cmp/u;
    %jmp/1 T_26.156, 6;
    %dup/vec4;
    %pushi/vec4 157, 0, 8;
    %cmp/u;
    %jmp/1 T_26.157, 6;
    %dup/vec4;
    %pushi/vec4 158, 0, 8;
    %cmp/u;
    %jmp/1 T_26.158, 6;
    %dup/vec4;
    %pushi/vec4 159, 0, 8;
    %cmp/u;
    %jmp/1 T_26.159, 6;
    %dup/vec4;
    %pushi/vec4 160, 0, 8;
    %cmp/u;
    %jmp/1 T_26.160, 6;
    %dup/vec4;
    %pushi/vec4 161, 0, 8;
    %cmp/u;
    %jmp/1 T_26.161, 6;
    %dup/vec4;
    %pushi/vec4 162, 0, 8;
    %cmp/u;
    %jmp/1 T_26.162, 6;
    %dup/vec4;
    %pushi/vec4 163, 0, 8;
    %cmp/u;
    %jmp/1 T_26.163, 6;
    %dup/vec4;
    %pushi/vec4 164, 0, 8;
    %cmp/u;
    %jmp/1 T_26.164, 6;
    %dup/vec4;
    %pushi/vec4 165, 0, 8;
    %cmp/u;
    %jmp/1 T_26.165, 6;
    %dup/vec4;
    %pushi/vec4 166, 0, 8;
    %cmp/u;
    %jmp/1 T_26.166, 6;
    %dup/vec4;
    %pushi/vec4 167, 0, 8;
    %cmp/u;
    %jmp/1 T_26.167, 6;
    %dup/vec4;
    %pushi/vec4 168, 0, 8;
    %cmp/u;
    %jmp/1 T_26.168, 6;
    %dup/vec4;
    %pushi/vec4 169, 0, 8;
    %cmp/u;
    %jmp/1 T_26.169, 6;
    %dup/vec4;
    %pushi/vec4 170, 0, 8;
    %cmp/u;
    %jmp/1 T_26.170, 6;
    %dup/vec4;
    %pushi/vec4 171, 0, 8;
    %cmp/u;
    %jmp/1 T_26.171, 6;
    %dup/vec4;
    %pushi/vec4 172, 0, 8;
    %cmp/u;
    %jmp/1 T_26.172, 6;
    %dup/vec4;
    %pushi/vec4 173, 0, 8;
    %cmp/u;
    %jmp/1 T_26.173, 6;
    %dup/vec4;
    %pushi/vec4 174, 0, 8;
    %cmp/u;
    %jmp/1 T_26.174, 6;
    %dup/vec4;
    %pushi/vec4 175, 0, 8;
    %cmp/u;
    %jmp/1 T_26.175, 6;
    %dup/vec4;
    %pushi/vec4 176, 0, 8;
    %cmp/u;
    %jmp/1 T_26.176, 6;
    %dup/vec4;
    %pushi/vec4 177, 0, 8;
    %cmp/u;
    %jmp/1 T_26.177, 6;
    %dup/vec4;
    %pushi/vec4 178, 0, 8;
    %cmp/u;
    %jmp/1 T_26.178, 6;
    %dup/vec4;
    %pushi/vec4 179, 0, 8;
    %cmp/u;
    %jmp/1 T_26.179, 6;
    %dup/vec4;
    %pushi/vec4 180, 0, 8;
    %cmp/u;
    %jmp/1 T_26.180, 6;
    %dup/vec4;
    %pushi/vec4 181, 0, 8;
    %cmp/u;
    %jmp/1 T_26.181, 6;
    %dup/vec4;
    %pushi/vec4 182, 0, 8;
    %cmp/u;
    %jmp/1 T_26.182, 6;
    %dup/vec4;
    %pushi/vec4 183, 0, 8;
    %cmp/u;
    %jmp/1 T_26.183, 6;
    %dup/vec4;
    %pushi/vec4 184, 0, 8;
    %cmp/u;
    %jmp/1 T_26.184, 6;
    %dup/vec4;
    %pushi/vec4 185, 0, 8;
    %cmp/u;
    %jmp/1 T_26.185, 6;
    %dup/vec4;
    %pushi/vec4 186, 0, 8;
    %cmp/u;
    %jmp/1 T_26.186, 6;
    %dup/vec4;
    %pushi/vec4 187, 0, 8;
    %cmp/u;
    %jmp/1 T_26.187, 6;
    %dup/vec4;
    %pushi/vec4 188, 0, 8;
    %cmp/u;
    %jmp/1 T_26.188, 6;
    %dup/vec4;
    %pushi/vec4 189, 0, 8;
    %cmp/u;
    %jmp/1 T_26.189, 6;
    %dup/vec4;
    %pushi/vec4 190, 0, 8;
    %cmp/u;
    %jmp/1 T_26.190, 6;
    %dup/vec4;
    %pushi/vec4 191, 0, 8;
    %cmp/u;
    %jmp/1 T_26.191, 6;
    %dup/vec4;
    %pushi/vec4 192, 0, 8;
    %cmp/u;
    %jmp/1 T_26.192, 6;
    %dup/vec4;
    %pushi/vec4 193, 0, 8;
    %cmp/u;
    %jmp/1 T_26.193, 6;
    %dup/vec4;
    %pushi/vec4 194, 0, 8;
    %cmp/u;
    %jmp/1 T_26.194, 6;
    %dup/vec4;
    %pushi/vec4 195, 0, 8;
    %cmp/u;
    %jmp/1 T_26.195, 6;
    %dup/vec4;
    %pushi/vec4 196, 0, 8;
    %cmp/u;
    %jmp/1 T_26.196, 6;
    %dup/vec4;
    %pushi/vec4 197, 0, 8;
    %cmp/u;
    %jmp/1 T_26.197, 6;
    %dup/vec4;
    %pushi/vec4 198, 0, 8;
    %cmp/u;
    %jmp/1 T_26.198, 6;
    %dup/vec4;
    %pushi/vec4 199, 0, 8;
    %cmp/u;
    %jmp/1 T_26.199, 6;
    %dup/vec4;
    %pushi/vec4 200, 0, 8;
    %cmp/u;
    %jmp/1 T_26.200, 6;
    %dup/vec4;
    %pushi/vec4 201, 0, 8;
    %cmp/u;
    %jmp/1 T_26.201, 6;
    %dup/vec4;
    %pushi/vec4 202, 0, 8;
    %cmp/u;
    %jmp/1 T_26.202, 6;
    %dup/vec4;
    %pushi/vec4 203, 0, 8;
    %cmp/u;
    %jmp/1 T_26.203, 6;
    %dup/vec4;
    %pushi/vec4 204, 0, 8;
    %cmp/u;
    %jmp/1 T_26.204, 6;
    %dup/vec4;
    %pushi/vec4 205, 0, 8;
    %cmp/u;
    %jmp/1 T_26.205, 6;
    %dup/vec4;
    %pushi/vec4 206, 0, 8;
    %cmp/u;
    %jmp/1 T_26.206, 6;
    %dup/vec4;
    %pushi/vec4 207, 0, 8;
    %cmp/u;
    %jmp/1 T_26.207, 6;
    %dup/vec4;
    %pushi/vec4 208, 0, 8;
    %cmp/u;
    %jmp/1 T_26.208, 6;
    %dup/vec4;
    %pushi/vec4 209, 0, 8;
    %cmp/u;
    %jmp/1 T_26.209, 6;
    %dup/vec4;
    %pushi/vec4 210, 0, 8;
    %cmp/u;
    %jmp/1 T_26.210, 6;
    %dup/vec4;
    %pushi/vec4 211, 0, 8;
    %cmp/u;
    %jmp/1 T_26.211, 6;
    %dup/vec4;
    %pushi/vec4 212, 0, 8;
    %cmp/u;
    %jmp/1 T_26.212, 6;
    %dup/vec4;
    %pushi/vec4 213, 0, 8;
    %cmp/u;
    %jmp/1 T_26.213, 6;
    %dup/vec4;
    %pushi/vec4 214, 0, 8;
    %cmp/u;
    %jmp/1 T_26.214, 6;
    %dup/vec4;
    %pushi/vec4 215, 0, 8;
    %cmp/u;
    %jmp/1 T_26.215, 6;
    %dup/vec4;
    %pushi/vec4 216, 0, 8;
    %cmp/u;
    %jmp/1 T_26.216, 6;
    %dup/vec4;
    %pushi/vec4 217, 0, 8;
    %cmp/u;
    %jmp/1 T_26.217, 6;
    %dup/vec4;
    %pushi/vec4 218, 0, 8;
    %cmp/u;
    %jmp/1 T_26.218, 6;
    %dup/vec4;
    %pushi/vec4 219, 0, 8;
    %cmp/u;
    %jmp/1 T_26.219, 6;
    %dup/vec4;
    %pushi/vec4 220, 0, 8;
    %cmp/u;
    %jmp/1 T_26.220, 6;
    %dup/vec4;
    %pushi/vec4 221, 0, 8;
    %cmp/u;
    %jmp/1 T_26.221, 6;
    %dup/vec4;
    %pushi/vec4 222, 0, 8;
    %cmp/u;
    %jmp/1 T_26.222, 6;
    %dup/vec4;
    %pushi/vec4 223, 0, 8;
    %cmp/u;
    %jmp/1 T_26.223, 6;
    %dup/vec4;
    %pushi/vec4 224, 0, 8;
    %cmp/u;
    %jmp/1 T_26.224, 6;
    %dup/vec4;
    %pushi/vec4 225, 0, 8;
    %cmp/u;
    %jmp/1 T_26.225, 6;
    %dup/vec4;
    %pushi/vec4 226, 0, 8;
    %cmp/u;
    %jmp/1 T_26.226, 6;
    %dup/vec4;
    %pushi/vec4 227, 0, 8;
    %cmp/u;
    %jmp/1 T_26.227, 6;
    %dup/vec4;
    %pushi/vec4 228, 0, 8;
    %cmp/u;
    %jmp/1 T_26.228, 6;
    %dup/vec4;
    %pushi/vec4 229, 0, 8;
    %cmp/u;
    %jmp/1 T_26.229, 6;
    %dup/vec4;
    %pushi/vec4 230, 0, 8;
    %cmp/u;
    %jmp/1 T_26.230, 6;
    %dup/vec4;
    %pushi/vec4 231, 0, 8;
    %cmp/u;
    %jmp/1 T_26.231, 6;
    %dup/vec4;
    %pushi/vec4 232, 0, 8;
    %cmp/u;
    %jmp/1 T_26.232, 6;
    %dup/vec4;
    %pushi/vec4 233, 0, 8;
    %cmp/u;
    %jmp/1 T_26.233, 6;
    %dup/vec4;
    %pushi/vec4 234, 0, 8;
    %cmp/u;
    %jmp/1 T_26.234, 6;
    %dup/vec4;
    %pushi/vec4 235, 0, 8;
    %cmp/u;
    %jmp/1 T_26.235, 6;
    %dup/vec4;
    %pushi/vec4 236, 0, 8;
    %cmp/u;
    %jmp/1 T_26.236, 6;
    %dup/vec4;
    %pushi/vec4 237, 0, 8;
    %cmp/u;
    %jmp/1 T_26.237, 6;
    %dup/vec4;
    %pushi/vec4 238, 0, 8;
    %cmp/u;
    %jmp/1 T_26.238, 6;
    %dup/vec4;
    %pushi/vec4 239, 0, 8;
    %cmp/u;
    %jmp/1 T_26.239, 6;
    %dup/vec4;
    %pushi/vec4 240, 0, 8;
    %cmp/u;
    %jmp/1 T_26.240, 6;
    %dup/vec4;
    %pushi/vec4 241, 0, 8;
    %cmp/u;
    %jmp/1 T_26.241, 6;
    %dup/vec4;
    %pushi/vec4 242, 0, 8;
    %cmp/u;
    %jmp/1 T_26.242, 6;
    %dup/vec4;
    %pushi/vec4 243, 0, 8;
    %cmp/u;
    %jmp/1 T_26.243, 6;
    %dup/vec4;
    %pushi/vec4 244, 0, 8;
    %cmp/u;
    %jmp/1 T_26.244, 6;
    %dup/vec4;
    %pushi/vec4 245, 0, 8;
    %cmp/u;
    %jmp/1 T_26.245, 6;
    %dup/vec4;
    %pushi/vec4 246, 0, 8;
    %cmp/u;
    %jmp/1 T_26.246, 6;
    %dup/vec4;
    %pushi/vec4 247, 0, 8;
    %cmp/u;
    %jmp/1 T_26.247, 6;
    %dup/vec4;
    %pushi/vec4 248, 0, 8;
    %cmp/u;
    %jmp/1 T_26.248, 6;
    %dup/vec4;
    %pushi/vec4 249, 0, 8;
    %cmp/u;
    %jmp/1 T_26.249, 6;
    %dup/vec4;
    %pushi/vec4 250, 0, 8;
    %cmp/u;
    %jmp/1 T_26.250, 6;
    %dup/vec4;
    %pushi/vec4 251, 0, 8;
    %cmp/u;
    %jmp/1 T_26.251, 6;
    %dup/vec4;
    %pushi/vec4 252, 0, 8;
    %cmp/u;
    %jmp/1 T_26.252, 6;
    %dup/vec4;
    %pushi/vec4 253, 0, 8;
    %cmp/u;
    %jmp/1 T_26.253, 6;
    %dup/vec4;
    %pushi/vec4 254, 0, 8;
    %cmp/u;
    %jmp/1 T_26.254, 6;
    %dup/vec4;
    %pushi/vec4 255, 0, 8;
    %cmp/u;
    %jmp/1 T_26.255, 6;
    %jmp T_26.256;
T_26.0 ;
    %pushi/vec4 99, 0, 8;
    %store/vec4 v000001d9d066c920_0, 0, 8;
    %jmp T_26.256;
T_26.1 ;
    %pushi/vec4 124, 0, 8;
    %store/vec4 v000001d9d066c920_0, 0, 8;
    %jmp T_26.256;
T_26.2 ;
    %pushi/vec4 119, 0, 8;
    %store/vec4 v000001d9d066c920_0, 0, 8;
    %jmp T_26.256;
T_26.3 ;
    %pushi/vec4 123, 0, 8;
    %store/vec4 v000001d9d066c920_0, 0, 8;
    %jmp T_26.256;
T_26.4 ;
    %pushi/vec4 242, 0, 8;
    %store/vec4 v000001d9d066c920_0, 0, 8;
    %jmp T_26.256;
T_26.5 ;
    %pushi/vec4 107, 0, 8;
    %store/vec4 v000001d9d066c920_0, 0, 8;
    %jmp T_26.256;
T_26.6 ;
    %pushi/vec4 111, 0, 8;
    %store/vec4 v000001d9d066c920_0, 0, 8;
    %jmp T_26.256;
T_26.7 ;
    %pushi/vec4 197, 0, 8;
    %store/vec4 v000001d9d066c920_0, 0, 8;
    %jmp T_26.256;
T_26.8 ;
    %pushi/vec4 48, 0, 8;
    %store/vec4 v000001d9d066c920_0, 0, 8;
    %jmp T_26.256;
T_26.9 ;
    %pushi/vec4 1, 0, 8;
    %store/vec4 v000001d9d066c920_0, 0, 8;
    %jmp T_26.256;
T_26.10 ;
    %pushi/vec4 103, 0, 8;
    %store/vec4 v000001d9d066c920_0, 0, 8;
    %jmp T_26.256;
T_26.11 ;
    %pushi/vec4 43, 0, 8;
    %store/vec4 v000001d9d066c920_0, 0, 8;
    %jmp T_26.256;
T_26.12 ;
    %pushi/vec4 254, 0, 8;
    %store/vec4 v000001d9d066c920_0, 0, 8;
    %jmp T_26.256;
T_26.13 ;
    %pushi/vec4 215, 0, 8;
    %store/vec4 v000001d9d066c920_0, 0, 8;
    %jmp T_26.256;
T_26.14 ;
    %pushi/vec4 171, 0, 8;
    %store/vec4 v000001d9d066c920_0, 0, 8;
    %jmp T_26.256;
T_26.15 ;
    %pushi/vec4 118, 0, 8;
    %store/vec4 v000001d9d066c920_0, 0, 8;
    %jmp T_26.256;
T_26.16 ;
    %pushi/vec4 202, 0, 8;
    %store/vec4 v000001d9d066c920_0, 0, 8;
    %jmp T_26.256;
T_26.17 ;
    %pushi/vec4 130, 0, 8;
    %store/vec4 v000001d9d066c920_0, 0, 8;
    %jmp T_26.256;
T_26.18 ;
    %pushi/vec4 201, 0, 8;
    %store/vec4 v000001d9d066c920_0, 0, 8;
    %jmp T_26.256;
T_26.19 ;
    %pushi/vec4 125, 0, 8;
    %store/vec4 v000001d9d066c920_0, 0, 8;
    %jmp T_26.256;
T_26.20 ;
    %pushi/vec4 250, 0, 8;
    %store/vec4 v000001d9d066c920_0, 0, 8;
    %jmp T_26.256;
T_26.21 ;
    %pushi/vec4 89, 0, 8;
    %store/vec4 v000001d9d066c920_0, 0, 8;
    %jmp T_26.256;
T_26.22 ;
    %pushi/vec4 71, 0, 8;
    %store/vec4 v000001d9d066c920_0, 0, 8;
    %jmp T_26.256;
T_26.23 ;
    %pushi/vec4 240, 0, 8;
    %store/vec4 v000001d9d066c920_0, 0, 8;
    %jmp T_26.256;
T_26.24 ;
    %pushi/vec4 173, 0, 8;
    %store/vec4 v000001d9d066c920_0, 0, 8;
    %jmp T_26.256;
T_26.25 ;
    %pushi/vec4 212, 0, 8;
    %store/vec4 v000001d9d066c920_0, 0, 8;
    %jmp T_26.256;
T_26.26 ;
    %pushi/vec4 162, 0, 8;
    %store/vec4 v000001d9d066c920_0, 0, 8;
    %jmp T_26.256;
T_26.27 ;
    %pushi/vec4 175, 0, 8;
    %store/vec4 v000001d9d066c920_0, 0, 8;
    %jmp T_26.256;
T_26.28 ;
    %pushi/vec4 156, 0, 8;
    %store/vec4 v000001d9d066c920_0, 0, 8;
    %jmp T_26.256;
T_26.29 ;
    %pushi/vec4 164, 0, 8;
    %store/vec4 v000001d9d066c920_0, 0, 8;
    %jmp T_26.256;
T_26.30 ;
    %pushi/vec4 114, 0, 8;
    %store/vec4 v000001d9d066c920_0, 0, 8;
    %jmp T_26.256;
T_26.31 ;
    %pushi/vec4 192, 0, 8;
    %store/vec4 v000001d9d066c920_0, 0, 8;
    %jmp T_26.256;
T_26.32 ;
    %pushi/vec4 183, 0, 8;
    %store/vec4 v000001d9d066c920_0, 0, 8;
    %jmp T_26.256;
T_26.33 ;
    %pushi/vec4 253, 0, 8;
    %store/vec4 v000001d9d066c920_0, 0, 8;
    %jmp T_26.256;
T_26.34 ;
    %pushi/vec4 147, 0, 8;
    %store/vec4 v000001d9d066c920_0, 0, 8;
    %jmp T_26.256;
T_26.35 ;
    %pushi/vec4 38, 0, 8;
    %store/vec4 v000001d9d066c920_0, 0, 8;
    %jmp T_26.256;
T_26.36 ;
    %pushi/vec4 54, 0, 8;
    %store/vec4 v000001d9d066c920_0, 0, 8;
    %jmp T_26.256;
T_26.37 ;
    %pushi/vec4 63, 0, 8;
    %store/vec4 v000001d9d066c920_0, 0, 8;
    %jmp T_26.256;
T_26.38 ;
    %pushi/vec4 247, 0, 8;
    %store/vec4 v000001d9d066c920_0, 0, 8;
    %jmp T_26.256;
T_26.39 ;
    %pushi/vec4 204, 0, 8;
    %store/vec4 v000001d9d066c920_0, 0, 8;
    %jmp T_26.256;
T_26.40 ;
    %pushi/vec4 52, 0, 8;
    %store/vec4 v000001d9d066c920_0, 0, 8;
    %jmp T_26.256;
T_26.41 ;
    %pushi/vec4 165, 0, 8;
    %store/vec4 v000001d9d066c920_0, 0, 8;
    %jmp T_26.256;
T_26.42 ;
    %pushi/vec4 229, 0, 8;
    %store/vec4 v000001d9d066c920_0, 0, 8;
    %jmp T_26.256;
T_26.43 ;
    %pushi/vec4 241, 0, 8;
    %store/vec4 v000001d9d066c920_0, 0, 8;
    %jmp T_26.256;
T_26.44 ;
    %pushi/vec4 113, 0, 8;
    %store/vec4 v000001d9d066c920_0, 0, 8;
    %jmp T_26.256;
T_26.45 ;
    %pushi/vec4 216, 0, 8;
    %store/vec4 v000001d9d066c920_0, 0, 8;
    %jmp T_26.256;
T_26.46 ;
    %pushi/vec4 49, 0, 8;
    %store/vec4 v000001d9d066c920_0, 0, 8;
    %jmp T_26.256;
T_26.47 ;
    %pushi/vec4 21, 0, 8;
    %store/vec4 v000001d9d066c920_0, 0, 8;
    %jmp T_26.256;
T_26.48 ;
    %pushi/vec4 4, 0, 8;
    %store/vec4 v000001d9d066c920_0, 0, 8;
    %jmp T_26.256;
T_26.49 ;
    %pushi/vec4 199, 0, 8;
    %store/vec4 v000001d9d066c920_0, 0, 8;
    %jmp T_26.256;
T_26.50 ;
    %pushi/vec4 35, 0, 8;
    %store/vec4 v000001d9d066c920_0, 0, 8;
    %jmp T_26.256;
T_26.51 ;
    %pushi/vec4 195, 0, 8;
    %store/vec4 v000001d9d066c920_0, 0, 8;
    %jmp T_26.256;
T_26.52 ;
    %pushi/vec4 24, 0, 8;
    %store/vec4 v000001d9d066c920_0, 0, 8;
    %jmp T_26.256;
T_26.53 ;
    %pushi/vec4 150, 0, 8;
    %store/vec4 v000001d9d066c920_0, 0, 8;
    %jmp T_26.256;
T_26.54 ;
    %pushi/vec4 5, 0, 8;
    %store/vec4 v000001d9d066c920_0, 0, 8;
    %jmp T_26.256;
T_26.55 ;
    %pushi/vec4 154, 0, 8;
    %store/vec4 v000001d9d066c920_0, 0, 8;
    %jmp T_26.256;
T_26.56 ;
    %pushi/vec4 7, 0, 8;
    %store/vec4 v000001d9d066c920_0, 0, 8;
    %jmp T_26.256;
T_26.57 ;
    %pushi/vec4 18, 0, 8;
    %store/vec4 v000001d9d066c920_0, 0, 8;
    %jmp T_26.256;
T_26.58 ;
    %pushi/vec4 128, 0, 8;
    %store/vec4 v000001d9d066c920_0, 0, 8;
    %jmp T_26.256;
T_26.59 ;
    %pushi/vec4 226, 0, 8;
    %store/vec4 v000001d9d066c920_0, 0, 8;
    %jmp T_26.256;
T_26.60 ;
    %pushi/vec4 235, 0, 8;
    %store/vec4 v000001d9d066c920_0, 0, 8;
    %jmp T_26.256;
T_26.61 ;
    %pushi/vec4 39, 0, 8;
    %store/vec4 v000001d9d066c920_0, 0, 8;
    %jmp T_26.256;
T_26.62 ;
    %pushi/vec4 178, 0, 8;
    %store/vec4 v000001d9d066c920_0, 0, 8;
    %jmp T_26.256;
T_26.63 ;
    %pushi/vec4 117, 0, 8;
    %store/vec4 v000001d9d066c920_0, 0, 8;
    %jmp T_26.256;
T_26.64 ;
    %pushi/vec4 9, 0, 8;
    %store/vec4 v000001d9d066c920_0, 0, 8;
    %jmp T_26.256;
T_26.65 ;
    %pushi/vec4 131, 0, 8;
    %store/vec4 v000001d9d066c920_0, 0, 8;
    %jmp T_26.256;
T_26.66 ;
    %pushi/vec4 44, 0, 8;
    %store/vec4 v000001d9d066c920_0, 0, 8;
    %jmp T_26.256;
T_26.67 ;
    %pushi/vec4 26, 0, 8;
    %store/vec4 v000001d9d066c920_0, 0, 8;
    %jmp T_26.256;
T_26.68 ;
    %pushi/vec4 27, 0, 8;
    %store/vec4 v000001d9d066c920_0, 0, 8;
    %jmp T_26.256;
T_26.69 ;
    %pushi/vec4 110, 0, 8;
    %store/vec4 v000001d9d066c920_0, 0, 8;
    %jmp T_26.256;
T_26.70 ;
    %pushi/vec4 90, 0, 8;
    %store/vec4 v000001d9d066c920_0, 0, 8;
    %jmp T_26.256;
T_26.71 ;
    %pushi/vec4 160, 0, 8;
    %store/vec4 v000001d9d066c920_0, 0, 8;
    %jmp T_26.256;
T_26.72 ;
    %pushi/vec4 82, 0, 8;
    %store/vec4 v000001d9d066c920_0, 0, 8;
    %jmp T_26.256;
T_26.73 ;
    %pushi/vec4 59, 0, 8;
    %store/vec4 v000001d9d066c920_0, 0, 8;
    %jmp T_26.256;
T_26.74 ;
    %pushi/vec4 214, 0, 8;
    %store/vec4 v000001d9d066c920_0, 0, 8;
    %jmp T_26.256;
T_26.75 ;
    %pushi/vec4 179, 0, 8;
    %store/vec4 v000001d9d066c920_0, 0, 8;
    %jmp T_26.256;
T_26.76 ;
    %pushi/vec4 41, 0, 8;
    %store/vec4 v000001d9d066c920_0, 0, 8;
    %jmp T_26.256;
T_26.77 ;
    %pushi/vec4 227, 0, 8;
    %store/vec4 v000001d9d066c920_0, 0, 8;
    %jmp T_26.256;
T_26.78 ;
    %pushi/vec4 47, 0, 8;
    %store/vec4 v000001d9d066c920_0, 0, 8;
    %jmp T_26.256;
T_26.79 ;
    %pushi/vec4 132, 0, 8;
    %store/vec4 v000001d9d066c920_0, 0, 8;
    %jmp T_26.256;
T_26.80 ;
    %pushi/vec4 83, 0, 8;
    %store/vec4 v000001d9d066c920_0, 0, 8;
    %jmp T_26.256;
T_26.81 ;
    %pushi/vec4 209, 0, 8;
    %store/vec4 v000001d9d066c920_0, 0, 8;
    %jmp T_26.256;
T_26.82 ;
    %pushi/vec4 0, 0, 8;
    %store/vec4 v000001d9d066c920_0, 0, 8;
    %jmp T_26.256;
T_26.83 ;
    %pushi/vec4 237, 0, 8;
    %store/vec4 v000001d9d066c920_0, 0, 8;
    %jmp T_26.256;
T_26.84 ;
    %pushi/vec4 32, 0, 8;
    %store/vec4 v000001d9d066c920_0, 0, 8;
    %jmp T_26.256;
T_26.85 ;
    %pushi/vec4 252, 0, 8;
    %store/vec4 v000001d9d066c920_0, 0, 8;
    %jmp T_26.256;
T_26.86 ;
    %pushi/vec4 177, 0, 8;
    %store/vec4 v000001d9d066c920_0, 0, 8;
    %jmp T_26.256;
T_26.87 ;
    %pushi/vec4 91, 0, 8;
    %store/vec4 v000001d9d066c920_0, 0, 8;
    %jmp T_26.256;
T_26.88 ;
    %pushi/vec4 106, 0, 8;
    %store/vec4 v000001d9d066c920_0, 0, 8;
    %jmp T_26.256;
T_26.89 ;
    %pushi/vec4 203, 0, 8;
    %store/vec4 v000001d9d066c920_0, 0, 8;
    %jmp T_26.256;
T_26.90 ;
    %pushi/vec4 190, 0, 8;
    %store/vec4 v000001d9d066c920_0, 0, 8;
    %jmp T_26.256;
T_26.91 ;
    %pushi/vec4 57, 0, 8;
    %store/vec4 v000001d9d066c920_0, 0, 8;
    %jmp T_26.256;
T_26.92 ;
    %pushi/vec4 74, 0, 8;
    %store/vec4 v000001d9d066c920_0, 0, 8;
    %jmp T_26.256;
T_26.93 ;
    %pushi/vec4 76, 0, 8;
    %store/vec4 v000001d9d066c920_0, 0, 8;
    %jmp T_26.256;
T_26.94 ;
    %pushi/vec4 88, 0, 8;
    %store/vec4 v000001d9d066c920_0, 0, 8;
    %jmp T_26.256;
T_26.95 ;
    %pushi/vec4 207, 0, 8;
    %store/vec4 v000001d9d066c920_0, 0, 8;
    %jmp T_26.256;
T_26.96 ;
    %pushi/vec4 208, 0, 8;
    %store/vec4 v000001d9d066c920_0, 0, 8;
    %jmp T_26.256;
T_26.97 ;
    %pushi/vec4 239, 0, 8;
    %store/vec4 v000001d9d066c920_0, 0, 8;
    %jmp T_26.256;
T_26.98 ;
    %pushi/vec4 170, 0, 8;
    %store/vec4 v000001d9d066c920_0, 0, 8;
    %jmp T_26.256;
T_26.99 ;
    %pushi/vec4 251, 0, 8;
    %store/vec4 v000001d9d066c920_0, 0, 8;
    %jmp T_26.256;
T_26.100 ;
    %pushi/vec4 67, 0, 8;
    %store/vec4 v000001d9d066c920_0, 0, 8;
    %jmp T_26.256;
T_26.101 ;
    %pushi/vec4 77, 0, 8;
    %store/vec4 v000001d9d066c920_0, 0, 8;
    %jmp T_26.256;
T_26.102 ;
    %pushi/vec4 51, 0, 8;
    %store/vec4 v000001d9d066c920_0, 0, 8;
    %jmp T_26.256;
T_26.103 ;
    %pushi/vec4 133, 0, 8;
    %store/vec4 v000001d9d066c920_0, 0, 8;
    %jmp T_26.256;
T_26.104 ;
    %pushi/vec4 69, 0, 8;
    %store/vec4 v000001d9d066c920_0, 0, 8;
    %jmp T_26.256;
T_26.105 ;
    %pushi/vec4 249, 0, 8;
    %store/vec4 v000001d9d066c920_0, 0, 8;
    %jmp T_26.256;
T_26.106 ;
    %pushi/vec4 2, 0, 8;
    %store/vec4 v000001d9d066c920_0, 0, 8;
    %jmp T_26.256;
T_26.107 ;
    %pushi/vec4 127, 0, 8;
    %store/vec4 v000001d9d066c920_0, 0, 8;
    %jmp T_26.256;
T_26.108 ;
    %pushi/vec4 80, 0, 8;
    %store/vec4 v000001d9d066c920_0, 0, 8;
    %jmp T_26.256;
T_26.109 ;
    %pushi/vec4 60, 0, 8;
    %store/vec4 v000001d9d066c920_0, 0, 8;
    %jmp T_26.256;
T_26.110 ;
    %pushi/vec4 159, 0, 8;
    %store/vec4 v000001d9d066c920_0, 0, 8;
    %jmp T_26.256;
T_26.111 ;
    %pushi/vec4 168, 0, 8;
    %store/vec4 v000001d9d066c920_0, 0, 8;
    %jmp T_26.256;
T_26.112 ;
    %pushi/vec4 81, 0, 8;
    %store/vec4 v000001d9d066c920_0, 0, 8;
    %jmp T_26.256;
T_26.113 ;
    %pushi/vec4 163, 0, 8;
    %store/vec4 v000001d9d066c920_0, 0, 8;
    %jmp T_26.256;
T_26.114 ;
    %pushi/vec4 64, 0, 8;
    %store/vec4 v000001d9d066c920_0, 0, 8;
    %jmp T_26.256;
T_26.115 ;
    %pushi/vec4 143, 0, 8;
    %store/vec4 v000001d9d066c920_0, 0, 8;
    %jmp T_26.256;
T_26.116 ;
    %pushi/vec4 146, 0, 8;
    %store/vec4 v000001d9d066c920_0, 0, 8;
    %jmp T_26.256;
T_26.117 ;
    %pushi/vec4 157, 0, 8;
    %store/vec4 v000001d9d066c920_0, 0, 8;
    %jmp T_26.256;
T_26.118 ;
    %pushi/vec4 56, 0, 8;
    %store/vec4 v000001d9d066c920_0, 0, 8;
    %jmp T_26.256;
T_26.119 ;
    %pushi/vec4 245, 0, 8;
    %store/vec4 v000001d9d066c920_0, 0, 8;
    %jmp T_26.256;
T_26.120 ;
    %pushi/vec4 188, 0, 8;
    %store/vec4 v000001d9d066c920_0, 0, 8;
    %jmp T_26.256;
T_26.121 ;
    %pushi/vec4 182, 0, 8;
    %store/vec4 v000001d9d066c920_0, 0, 8;
    %jmp T_26.256;
T_26.122 ;
    %pushi/vec4 218, 0, 8;
    %store/vec4 v000001d9d066c920_0, 0, 8;
    %jmp T_26.256;
T_26.123 ;
    %pushi/vec4 33, 0, 8;
    %store/vec4 v000001d9d066c920_0, 0, 8;
    %jmp T_26.256;
T_26.124 ;
    %pushi/vec4 16, 0, 8;
    %store/vec4 v000001d9d066c920_0, 0, 8;
    %jmp T_26.256;
T_26.125 ;
    %pushi/vec4 255, 0, 8;
    %store/vec4 v000001d9d066c920_0, 0, 8;
    %jmp T_26.256;
T_26.126 ;
    %pushi/vec4 243, 0, 8;
    %store/vec4 v000001d9d066c920_0, 0, 8;
    %jmp T_26.256;
T_26.127 ;
    %pushi/vec4 210, 0, 8;
    %store/vec4 v000001d9d066c920_0, 0, 8;
    %jmp T_26.256;
T_26.128 ;
    %pushi/vec4 205, 0, 8;
    %store/vec4 v000001d9d066c920_0, 0, 8;
    %jmp T_26.256;
T_26.129 ;
    %pushi/vec4 12, 0, 8;
    %store/vec4 v000001d9d066c920_0, 0, 8;
    %jmp T_26.256;
T_26.130 ;
    %pushi/vec4 19, 0, 8;
    %store/vec4 v000001d9d066c920_0, 0, 8;
    %jmp T_26.256;
T_26.131 ;
    %pushi/vec4 236, 0, 8;
    %store/vec4 v000001d9d066c920_0, 0, 8;
    %jmp T_26.256;
T_26.132 ;
    %pushi/vec4 95, 0, 8;
    %store/vec4 v000001d9d066c920_0, 0, 8;
    %jmp T_26.256;
T_26.133 ;
    %pushi/vec4 151, 0, 8;
    %store/vec4 v000001d9d066c920_0, 0, 8;
    %jmp T_26.256;
T_26.134 ;
    %pushi/vec4 68, 0, 8;
    %store/vec4 v000001d9d066c920_0, 0, 8;
    %jmp T_26.256;
T_26.135 ;
    %pushi/vec4 23, 0, 8;
    %store/vec4 v000001d9d066c920_0, 0, 8;
    %jmp T_26.256;
T_26.136 ;
    %pushi/vec4 196, 0, 8;
    %store/vec4 v000001d9d066c920_0, 0, 8;
    %jmp T_26.256;
T_26.137 ;
    %pushi/vec4 167, 0, 8;
    %store/vec4 v000001d9d066c920_0, 0, 8;
    %jmp T_26.256;
T_26.138 ;
    %pushi/vec4 126, 0, 8;
    %store/vec4 v000001d9d066c920_0, 0, 8;
    %jmp T_26.256;
T_26.139 ;
    %pushi/vec4 61, 0, 8;
    %store/vec4 v000001d9d066c920_0, 0, 8;
    %jmp T_26.256;
T_26.140 ;
    %pushi/vec4 100, 0, 8;
    %store/vec4 v000001d9d066c920_0, 0, 8;
    %jmp T_26.256;
T_26.141 ;
    %pushi/vec4 93, 0, 8;
    %store/vec4 v000001d9d066c920_0, 0, 8;
    %jmp T_26.256;
T_26.142 ;
    %pushi/vec4 25, 0, 8;
    %store/vec4 v000001d9d066c920_0, 0, 8;
    %jmp T_26.256;
T_26.143 ;
    %pushi/vec4 115, 0, 8;
    %store/vec4 v000001d9d066c920_0, 0, 8;
    %jmp T_26.256;
T_26.144 ;
    %pushi/vec4 96, 0, 8;
    %store/vec4 v000001d9d066c920_0, 0, 8;
    %jmp T_26.256;
T_26.145 ;
    %pushi/vec4 129, 0, 8;
    %store/vec4 v000001d9d066c920_0, 0, 8;
    %jmp T_26.256;
T_26.146 ;
    %pushi/vec4 79, 0, 8;
    %store/vec4 v000001d9d066c920_0, 0, 8;
    %jmp T_26.256;
T_26.147 ;
    %pushi/vec4 220, 0, 8;
    %store/vec4 v000001d9d066c920_0, 0, 8;
    %jmp T_26.256;
T_26.148 ;
    %pushi/vec4 34, 0, 8;
    %store/vec4 v000001d9d066c920_0, 0, 8;
    %jmp T_26.256;
T_26.149 ;
    %pushi/vec4 42, 0, 8;
    %store/vec4 v000001d9d066c920_0, 0, 8;
    %jmp T_26.256;
T_26.150 ;
    %pushi/vec4 144, 0, 8;
    %store/vec4 v000001d9d066c920_0, 0, 8;
    %jmp T_26.256;
T_26.151 ;
    %pushi/vec4 136, 0, 8;
    %store/vec4 v000001d9d066c920_0, 0, 8;
    %jmp T_26.256;
T_26.152 ;
    %pushi/vec4 70, 0, 8;
    %store/vec4 v000001d9d066c920_0, 0, 8;
    %jmp T_26.256;
T_26.153 ;
    %pushi/vec4 238, 0, 8;
    %store/vec4 v000001d9d066c920_0, 0, 8;
    %jmp T_26.256;
T_26.154 ;
    %pushi/vec4 184, 0, 8;
    %store/vec4 v000001d9d066c920_0, 0, 8;
    %jmp T_26.256;
T_26.155 ;
    %pushi/vec4 20, 0, 8;
    %store/vec4 v000001d9d066c920_0, 0, 8;
    %jmp T_26.256;
T_26.156 ;
    %pushi/vec4 222, 0, 8;
    %store/vec4 v000001d9d066c920_0, 0, 8;
    %jmp T_26.256;
T_26.157 ;
    %pushi/vec4 94, 0, 8;
    %store/vec4 v000001d9d066c920_0, 0, 8;
    %jmp T_26.256;
T_26.158 ;
    %pushi/vec4 11, 0, 8;
    %store/vec4 v000001d9d066c920_0, 0, 8;
    %jmp T_26.256;
T_26.159 ;
    %pushi/vec4 219, 0, 8;
    %store/vec4 v000001d9d066c920_0, 0, 8;
    %jmp T_26.256;
T_26.160 ;
    %pushi/vec4 224, 0, 8;
    %store/vec4 v000001d9d066c920_0, 0, 8;
    %jmp T_26.256;
T_26.161 ;
    %pushi/vec4 50, 0, 8;
    %store/vec4 v000001d9d066c920_0, 0, 8;
    %jmp T_26.256;
T_26.162 ;
    %pushi/vec4 58, 0, 8;
    %store/vec4 v000001d9d066c920_0, 0, 8;
    %jmp T_26.256;
T_26.163 ;
    %pushi/vec4 10, 0, 8;
    %store/vec4 v000001d9d066c920_0, 0, 8;
    %jmp T_26.256;
T_26.164 ;
    %pushi/vec4 73, 0, 8;
    %store/vec4 v000001d9d066c920_0, 0, 8;
    %jmp T_26.256;
T_26.165 ;
    %pushi/vec4 6, 0, 8;
    %store/vec4 v000001d9d066c920_0, 0, 8;
    %jmp T_26.256;
T_26.166 ;
    %pushi/vec4 36, 0, 8;
    %store/vec4 v000001d9d066c920_0, 0, 8;
    %jmp T_26.256;
T_26.167 ;
    %pushi/vec4 92, 0, 8;
    %store/vec4 v000001d9d066c920_0, 0, 8;
    %jmp T_26.256;
T_26.168 ;
    %pushi/vec4 194, 0, 8;
    %store/vec4 v000001d9d066c920_0, 0, 8;
    %jmp T_26.256;
T_26.169 ;
    %pushi/vec4 211, 0, 8;
    %store/vec4 v000001d9d066c920_0, 0, 8;
    %jmp T_26.256;
T_26.170 ;
    %pushi/vec4 172, 0, 8;
    %store/vec4 v000001d9d066c920_0, 0, 8;
    %jmp T_26.256;
T_26.171 ;
    %pushi/vec4 98, 0, 8;
    %store/vec4 v000001d9d066c920_0, 0, 8;
    %jmp T_26.256;
T_26.172 ;
    %pushi/vec4 145, 0, 8;
    %store/vec4 v000001d9d066c920_0, 0, 8;
    %jmp T_26.256;
T_26.173 ;
    %pushi/vec4 149, 0, 8;
    %store/vec4 v000001d9d066c920_0, 0, 8;
    %jmp T_26.256;
T_26.174 ;
    %pushi/vec4 228, 0, 8;
    %store/vec4 v000001d9d066c920_0, 0, 8;
    %jmp T_26.256;
T_26.175 ;
    %pushi/vec4 121, 0, 8;
    %store/vec4 v000001d9d066c920_0, 0, 8;
    %jmp T_26.256;
T_26.176 ;
    %pushi/vec4 231, 0, 8;
    %store/vec4 v000001d9d066c920_0, 0, 8;
    %jmp T_26.256;
T_26.177 ;
    %pushi/vec4 200, 0, 8;
    %store/vec4 v000001d9d066c920_0, 0, 8;
    %jmp T_26.256;
T_26.178 ;
    %pushi/vec4 55, 0, 8;
    %store/vec4 v000001d9d066c920_0, 0, 8;
    %jmp T_26.256;
T_26.179 ;
    %pushi/vec4 109, 0, 8;
    %store/vec4 v000001d9d066c920_0, 0, 8;
    %jmp T_26.256;
T_26.180 ;
    %pushi/vec4 141, 0, 8;
    %store/vec4 v000001d9d066c920_0, 0, 8;
    %jmp T_26.256;
T_26.181 ;
    %pushi/vec4 213, 0, 8;
    %store/vec4 v000001d9d066c920_0, 0, 8;
    %jmp T_26.256;
T_26.182 ;
    %pushi/vec4 78, 0, 8;
    %store/vec4 v000001d9d066c920_0, 0, 8;
    %jmp T_26.256;
T_26.183 ;
    %pushi/vec4 169, 0, 8;
    %store/vec4 v000001d9d066c920_0, 0, 8;
    %jmp T_26.256;
T_26.184 ;
    %pushi/vec4 108, 0, 8;
    %store/vec4 v000001d9d066c920_0, 0, 8;
    %jmp T_26.256;
T_26.185 ;
    %pushi/vec4 86, 0, 8;
    %store/vec4 v000001d9d066c920_0, 0, 8;
    %jmp T_26.256;
T_26.186 ;
    %pushi/vec4 244, 0, 8;
    %store/vec4 v000001d9d066c920_0, 0, 8;
    %jmp T_26.256;
T_26.187 ;
    %pushi/vec4 234, 0, 8;
    %store/vec4 v000001d9d066c920_0, 0, 8;
    %jmp T_26.256;
T_26.188 ;
    %pushi/vec4 101, 0, 8;
    %store/vec4 v000001d9d066c920_0, 0, 8;
    %jmp T_26.256;
T_26.189 ;
    %pushi/vec4 122, 0, 8;
    %store/vec4 v000001d9d066c920_0, 0, 8;
    %jmp T_26.256;
T_26.190 ;
    %pushi/vec4 174, 0, 8;
    %store/vec4 v000001d9d066c920_0, 0, 8;
    %jmp T_26.256;
T_26.191 ;
    %pushi/vec4 8, 0, 8;
    %store/vec4 v000001d9d066c920_0, 0, 8;
    %jmp T_26.256;
T_26.192 ;
    %pushi/vec4 186, 0, 8;
    %store/vec4 v000001d9d066c920_0, 0, 8;
    %jmp T_26.256;
T_26.193 ;
    %pushi/vec4 120, 0, 8;
    %store/vec4 v000001d9d066c920_0, 0, 8;
    %jmp T_26.256;
T_26.194 ;
    %pushi/vec4 37, 0, 8;
    %store/vec4 v000001d9d066c920_0, 0, 8;
    %jmp T_26.256;
T_26.195 ;
    %pushi/vec4 46, 0, 8;
    %store/vec4 v000001d9d066c920_0, 0, 8;
    %jmp T_26.256;
T_26.196 ;
    %pushi/vec4 28, 0, 8;
    %store/vec4 v000001d9d066c920_0, 0, 8;
    %jmp T_26.256;
T_26.197 ;
    %pushi/vec4 166, 0, 8;
    %store/vec4 v000001d9d066c920_0, 0, 8;
    %jmp T_26.256;
T_26.198 ;
    %pushi/vec4 180, 0, 8;
    %store/vec4 v000001d9d066c920_0, 0, 8;
    %jmp T_26.256;
T_26.199 ;
    %pushi/vec4 198, 0, 8;
    %store/vec4 v000001d9d066c920_0, 0, 8;
    %jmp T_26.256;
T_26.200 ;
    %pushi/vec4 232, 0, 8;
    %store/vec4 v000001d9d066c920_0, 0, 8;
    %jmp T_26.256;
T_26.201 ;
    %pushi/vec4 221, 0, 8;
    %store/vec4 v000001d9d066c920_0, 0, 8;
    %jmp T_26.256;
T_26.202 ;
    %pushi/vec4 116, 0, 8;
    %store/vec4 v000001d9d066c920_0, 0, 8;
    %jmp T_26.256;
T_26.203 ;
    %pushi/vec4 31, 0, 8;
    %store/vec4 v000001d9d066c920_0, 0, 8;
    %jmp T_26.256;
T_26.204 ;
    %pushi/vec4 75, 0, 8;
    %store/vec4 v000001d9d066c920_0, 0, 8;
    %jmp T_26.256;
T_26.205 ;
    %pushi/vec4 189, 0, 8;
    %store/vec4 v000001d9d066c920_0, 0, 8;
    %jmp T_26.256;
T_26.206 ;
    %pushi/vec4 139, 0, 8;
    %store/vec4 v000001d9d066c920_0, 0, 8;
    %jmp T_26.256;
T_26.207 ;
    %pushi/vec4 138, 0, 8;
    %store/vec4 v000001d9d066c920_0, 0, 8;
    %jmp T_26.256;
T_26.208 ;
    %pushi/vec4 112, 0, 8;
    %store/vec4 v000001d9d066c920_0, 0, 8;
    %jmp T_26.256;
T_26.209 ;
    %pushi/vec4 62, 0, 8;
    %store/vec4 v000001d9d066c920_0, 0, 8;
    %jmp T_26.256;
T_26.210 ;
    %pushi/vec4 181, 0, 8;
    %store/vec4 v000001d9d066c920_0, 0, 8;
    %jmp T_26.256;
T_26.211 ;
    %pushi/vec4 102, 0, 8;
    %store/vec4 v000001d9d066c920_0, 0, 8;
    %jmp T_26.256;
T_26.212 ;
    %pushi/vec4 72, 0, 8;
    %store/vec4 v000001d9d066c920_0, 0, 8;
    %jmp T_26.256;
T_26.213 ;
    %pushi/vec4 3, 0, 8;
    %store/vec4 v000001d9d066c920_0, 0, 8;
    %jmp T_26.256;
T_26.214 ;
    %pushi/vec4 246, 0, 8;
    %store/vec4 v000001d9d066c920_0, 0, 8;
    %jmp T_26.256;
T_26.215 ;
    %pushi/vec4 14, 0, 8;
    %store/vec4 v000001d9d066c920_0, 0, 8;
    %jmp T_26.256;
T_26.216 ;
    %pushi/vec4 97, 0, 8;
    %store/vec4 v000001d9d066c920_0, 0, 8;
    %jmp T_26.256;
T_26.217 ;
    %pushi/vec4 53, 0, 8;
    %store/vec4 v000001d9d066c920_0, 0, 8;
    %jmp T_26.256;
T_26.218 ;
    %pushi/vec4 87, 0, 8;
    %store/vec4 v000001d9d066c920_0, 0, 8;
    %jmp T_26.256;
T_26.219 ;
    %pushi/vec4 185, 0, 8;
    %store/vec4 v000001d9d066c920_0, 0, 8;
    %jmp T_26.256;
T_26.220 ;
    %pushi/vec4 134, 0, 8;
    %store/vec4 v000001d9d066c920_0, 0, 8;
    %jmp T_26.256;
T_26.221 ;
    %pushi/vec4 193, 0, 8;
    %store/vec4 v000001d9d066c920_0, 0, 8;
    %jmp T_26.256;
T_26.222 ;
    %pushi/vec4 29, 0, 8;
    %store/vec4 v000001d9d066c920_0, 0, 8;
    %jmp T_26.256;
T_26.223 ;
    %pushi/vec4 158, 0, 8;
    %store/vec4 v000001d9d066c920_0, 0, 8;
    %jmp T_26.256;
T_26.224 ;
    %pushi/vec4 225, 0, 8;
    %store/vec4 v000001d9d066c920_0, 0, 8;
    %jmp T_26.256;
T_26.225 ;
    %pushi/vec4 248, 0, 8;
    %store/vec4 v000001d9d066c920_0, 0, 8;
    %jmp T_26.256;
T_26.226 ;
    %pushi/vec4 152, 0, 8;
    %store/vec4 v000001d9d066c920_0, 0, 8;
    %jmp T_26.256;
T_26.227 ;
    %pushi/vec4 17, 0, 8;
    %store/vec4 v000001d9d066c920_0, 0, 8;
    %jmp T_26.256;
T_26.228 ;
    %pushi/vec4 105, 0, 8;
    %store/vec4 v000001d9d066c920_0, 0, 8;
    %jmp T_26.256;
T_26.229 ;
    %pushi/vec4 217, 0, 8;
    %store/vec4 v000001d9d066c920_0, 0, 8;
    %jmp T_26.256;
T_26.230 ;
    %pushi/vec4 142, 0, 8;
    %store/vec4 v000001d9d066c920_0, 0, 8;
    %jmp T_26.256;
T_26.231 ;
    %pushi/vec4 148, 0, 8;
    %store/vec4 v000001d9d066c920_0, 0, 8;
    %jmp T_26.256;
T_26.232 ;
    %pushi/vec4 155, 0, 8;
    %store/vec4 v000001d9d066c920_0, 0, 8;
    %jmp T_26.256;
T_26.233 ;
    %pushi/vec4 30, 0, 8;
    %store/vec4 v000001d9d066c920_0, 0, 8;
    %jmp T_26.256;
T_26.234 ;
    %pushi/vec4 135, 0, 8;
    %store/vec4 v000001d9d066c920_0, 0, 8;
    %jmp T_26.256;
T_26.235 ;
    %pushi/vec4 233, 0, 8;
    %store/vec4 v000001d9d066c920_0, 0, 8;
    %jmp T_26.256;
T_26.236 ;
    %pushi/vec4 206, 0, 8;
    %store/vec4 v000001d9d066c920_0, 0, 8;
    %jmp T_26.256;
T_26.237 ;
    %pushi/vec4 85, 0, 8;
    %store/vec4 v000001d9d066c920_0, 0, 8;
    %jmp T_26.256;
T_26.238 ;
    %pushi/vec4 40, 0, 8;
    %store/vec4 v000001d9d066c920_0, 0, 8;
    %jmp T_26.256;
T_26.239 ;
    %pushi/vec4 223, 0, 8;
    %store/vec4 v000001d9d066c920_0, 0, 8;
    %jmp T_26.256;
T_26.240 ;
    %pushi/vec4 140, 0, 8;
    %store/vec4 v000001d9d066c920_0, 0, 8;
    %jmp T_26.256;
T_26.241 ;
    %pushi/vec4 161, 0, 8;
    %store/vec4 v000001d9d066c920_0, 0, 8;
    %jmp T_26.256;
T_26.242 ;
    %pushi/vec4 137, 0, 8;
    %store/vec4 v000001d9d066c920_0, 0, 8;
    %jmp T_26.256;
T_26.243 ;
    %pushi/vec4 13, 0, 8;
    %store/vec4 v000001d9d066c920_0, 0, 8;
    %jmp T_26.256;
T_26.244 ;
    %pushi/vec4 191, 0, 8;
    %store/vec4 v000001d9d066c920_0, 0, 8;
    %jmp T_26.256;
T_26.245 ;
    %pushi/vec4 230, 0, 8;
    %store/vec4 v000001d9d066c920_0, 0, 8;
    %jmp T_26.256;
T_26.246 ;
    %pushi/vec4 66, 0, 8;
    %store/vec4 v000001d9d066c920_0, 0, 8;
    %jmp T_26.256;
T_26.247 ;
    %pushi/vec4 104, 0, 8;
    %store/vec4 v000001d9d066c920_0, 0, 8;
    %jmp T_26.256;
T_26.248 ;
    %pushi/vec4 65, 0, 8;
    %store/vec4 v000001d9d066c920_0, 0, 8;
    %jmp T_26.256;
T_26.249 ;
    %pushi/vec4 153, 0, 8;
    %store/vec4 v000001d9d066c920_0, 0, 8;
    %jmp T_26.256;
T_26.250 ;
    %pushi/vec4 45, 0, 8;
    %store/vec4 v000001d9d066c920_0, 0, 8;
    %jmp T_26.256;
T_26.251 ;
    %pushi/vec4 15, 0, 8;
    %store/vec4 v000001d9d066c920_0, 0, 8;
    %jmp T_26.256;
T_26.252 ;
    %pushi/vec4 176, 0, 8;
    %store/vec4 v000001d9d066c920_0, 0, 8;
    %jmp T_26.256;
T_26.253 ;
    %pushi/vec4 84, 0, 8;
    %store/vec4 v000001d9d066c920_0, 0, 8;
    %jmp T_26.256;
T_26.254 ;
    %pushi/vec4 187, 0, 8;
    %store/vec4 v000001d9d066c920_0, 0, 8;
    %jmp T_26.256;
T_26.255 ;
    %pushi/vec4 22, 0, 8;
    %store/vec4 v000001d9d066c920_0, 0, 8;
    %jmp T_26.256;
T_26.256 ;
    %pop/vec4 1;
    %jmp T_26;
    .thread T_26, $push;
    .scope S_000001d9d0676750;
T_27 ;
    %wait E_000001d9d05b85e0;
    %load/vec4 v000001d9d066dc80_0;
    %dup/vec4;
    %pushi/vec4 0, 0, 8;
    %cmp/u;
    %jmp/1 T_27.0, 6;
    %dup/vec4;
    %pushi/vec4 1, 0, 8;
    %cmp/u;
    %jmp/1 T_27.1, 6;
    %dup/vec4;
    %pushi/vec4 2, 0, 8;
    %cmp/u;
    %jmp/1 T_27.2, 6;
    %dup/vec4;
    %pushi/vec4 3, 0, 8;
    %cmp/u;
    %jmp/1 T_27.3, 6;
    %dup/vec4;
    %pushi/vec4 4, 0, 8;
    %cmp/u;
    %jmp/1 T_27.4, 6;
    %dup/vec4;
    %pushi/vec4 5, 0, 8;
    %cmp/u;
    %jmp/1 T_27.5, 6;
    %dup/vec4;
    %pushi/vec4 6, 0, 8;
    %cmp/u;
    %jmp/1 T_27.6, 6;
    %dup/vec4;
    %pushi/vec4 7, 0, 8;
    %cmp/u;
    %jmp/1 T_27.7, 6;
    %dup/vec4;
    %pushi/vec4 8, 0, 8;
    %cmp/u;
    %jmp/1 T_27.8, 6;
    %dup/vec4;
    %pushi/vec4 9, 0, 8;
    %cmp/u;
    %jmp/1 T_27.9, 6;
    %dup/vec4;
    %pushi/vec4 10, 0, 8;
    %cmp/u;
    %jmp/1 T_27.10, 6;
    %dup/vec4;
    %pushi/vec4 11, 0, 8;
    %cmp/u;
    %jmp/1 T_27.11, 6;
    %dup/vec4;
    %pushi/vec4 12, 0, 8;
    %cmp/u;
    %jmp/1 T_27.12, 6;
    %dup/vec4;
    %pushi/vec4 13, 0, 8;
    %cmp/u;
    %jmp/1 T_27.13, 6;
    %dup/vec4;
    %pushi/vec4 14, 0, 8;
    %cmp/u;
    %jmp/1 T_27.14, 6;
    %dup/vec4;
    %pushi/vec4 15, 0, 8;
    %cmp/u;
    %jmp/1 T_27.15, 6;
    %dup/vec4;
    %pushi/vec4 16, 0, 8;
    %cmp/u;
    %jmp/1 T_27.16, 6;
    %dup/vec4;
    %pushi/vec4 17, 0, 8;
    %cmp/u;
    %jmp/1 T_27.17, 6;
    %dup/vec4;
    %pushi/vec4 18, 0, 8;
    %cmp/u;
    %jmp/1 T_27.18, 6;
    %dup/vec4;
    %pushi/vec4 19, 0, 8;
    %cmp/u;
    %jmp/1 T_27.19, 6;
    %dup/vec4;
    %pushi/vec4 20, 0, 8;
    %cmp/u;
    %jmp/1 T_27.20, 6;
    %dup/vec4;
    %pushi/vec4 21, 0, 8;
    %cmp/u;
    %jmp/1 T_27.21, 6;
    %dup/vec4;
    %pushi/vec4 22, 0, 8;
    %cmp/u;
    %jmp/1 T_27.22, 6;
    %dup/vec4;
    %pushi/vec4 23, 0, 8;
    %cmp/u;
    %jmp/1 T_27.23, 6;
    %dup/vec4;
    %pushi/vec4 24, 0, 8;
    %cmp/u;
    %jmp/1 T_27.24, 6;
    %dup/vec4;
    %pushi/vec4 25, 0, 8;
    %cmp/u;
    %jmp/1 T_27.25, 6;
    %dup/vec4;
    %pushi/vec4 26, 0, 8;
    %cmp/u;
    %jmp/1 T_27.26, 6;
    %dup/vec4;
    %pushi/vec4 27, 0, 8;
    %cmp/u;
    %jmp/1 T_27.27, 6;
    %dup/vec4;
    %pushi/vec4 28, 0, 8;
    %cmp/u;
    %jmp/1 T_27.28, 6;
    %dup/vec4;
    %pushi/vec4 29, 0, 8;
    %cmp/u;
    %jmp/1 T_27.29, 6;
    %dup/vec4;
    %pushi/vec4 30, 0, 8;
    %cmp/u;
    %jmp/1 T_27.30, 6;
    %dup/vec4;
    %pushi/vec4 31, 0, 8;
    %cmp/u;
    %jmp/1 T_27.31, 6;
    %dup/vec4;
    %pushi/vec4 32, 0, 8;
    %cmp/u;
    %jmp/1 T_27.32, 6;
    %dup/vec4;
    %pushi/vec4 33, 0, 8;
    %cmp/u;
    %jmp/1 T_27.33, 6;
    %dup/vec4;
    %pushi/vec4 34, 0, 8;
    %cmp/u;
    %jmp/1 T_27.34, 6;
    %dup/vec4;
    %pushi/vec4 35, 0, 8;
    %cmp/u;
    %jmp/1 T_27.35, 6;
    %dup/vec4;
    %pushi/vec4 36, 0, 8;
    %cmp/u;
    %jmp/1 T_27.36, 6;
    %dup/vec4;
    %pushi/vec4 37, 0, 8;
    %cmp/u;
    %jmp/1 T_27.37, 6;
    %dup/vec4;
    %pushi/vec4 38, 0, 8;
    %cmp/u;
    %jmp/1 T_27.38, 6;
    %dup/vec4;
    %pushi/vec4 39, 0, 8;
    %cmp/u;
    %jmp/1 T_27.39, 6;
    %dup/vec4;
    %pushi/vec4 40, 0, 8;
    %cmp/u;
    %jmp/1 T_27.40, 6;
    %dup/vec4;
    %pushi/vec4 41, 0, 8;
    %cmp/u;
    %jmp/1 T_27.41, 6;
    %dup/vec4;
    %pushi/vec4 42, 0, 8;
    %cmp/u;
    %jmp/1 T_27.42, 6;
    %dup/vec4;
    %pushi/vec4 43, 0, 8;
    %cmp/u;
    %jmp/1 T_27.43, 6;
    %dup/vec4;
    %pushi/vec4 44, 0, 8;
    %cmp/u;
    %jmp/1 T_27.44, 6;
    %dup/vec4;
    %pushi/vec4 45, 0, 8;
    %cmp/u;
    %jmp/1 T_27.45, 6;
    %dup/vec4;
    %pushi/vec4 46, 0, 8;
    %cmp/u;
    %jmp/1 T_27.46, 6;
    %dup/vec4;
    %pushi/vec4 47, 0, 8;
    %cmp/u;
    %jmp/1 T_27.47, 6;
    %dup/vec4;
    %pushi/vec4 48, 0, 8;
    %cmp/u;
    %jmp/1 T_27.48, 6;
    %dup/vec4;
    %pushi/vec4 49, 0, 8;
    %cmp/u;
    %jmp/1 T_27.49, 6;
    %dup/vec4;
    %pushi/vec4 50, 0, 8;
    %cmp/u;
    %jmp/1 T_27.50, 6;
    %dup/vec4;
    %pushi/vec4 51, 0, 8;
    %cmp/u;
    %jmp/1 T_27.51, 6;
    %dup/vec4;
    %pushi/vec4 52, 0, 8;
    %cmp/u;
    %jmp/1 T_27.52, 6;
    %dup/vec4;
    %pushi/vec4 53, 0, 8;
    %cmp/u;
    %jmp/1 T_27.53, 6;
    %dup/vec4;
    %pushi/vec4 54, 0, 8;
    %cmp/u;
    %jmp/1 T_27.54, 6;
    %dup/vec4;
    %pushi/vec4 55, 0, 8;
    %cmp/u;
    %jmp/1 T_27.55, 6;
    %dup/vec4;
    %pushi/vec4 56, 0, 8;
    %cmp/u;
    %jmp/1 T_27.56, 6;
    %dup/vec4;
    %pushi/vec4 57, 0, 8;
    %cmp/u;
    %jmp/1 T_27.57, 6;
    %dup/vec4;
    %pushi/vec4 58, 0, 8;
    %cmp/u;
    %jmp/1 T_27.58, 6;
    %dup/vec4;
    %pushi/vec4 59, 0, 8;
    %cmp/u;
    %jmp/1 T_27.59, 6;
    %dup/vec4;
    %pushi/vec4 60, 0, 8;
    %cmp/u;
    %jmp/1 T_27.60, 6;
    %dup/vec4;
    %pushi/vec4 61, 0, 8;
    %cmp/u;
    %jmp/1 T_27.61, 6;
    %dup/vec4;
    %pushi/vec4 62, 0, 8;
    %cmp/u;
    %jmp/1 T_27.62, 6;
    %dup/vec4;
    %pushi/vec4 63, 0, 8;
    %cmp/u;
    %jmp/1 T_27.63, 6;
    %dup/vec4;
    %pushi/vec4 64, 0, 8;
    %cmp/u;
    %jmp/1 T_27.64, 6;
    %dup/vec4;
    %pushi/vec4 65, 0, 8;
    %cmp/u;
    %jmp/1 T_27.65, 6;
    %dup/vec4;
    %pushi/vec4 66, 0, 8;
    %cmp/u;
    %jmp/1 T_27.66, 6;
    %dup/vec4;
    %pushi/vec4 67, 0, 8;
    %cmp/u;
    %jmp/1 T_27.67, 6;
    %dup/vec4;
    %pushi/vec4 68, 0, 8;
    %cmp/u;
    %jmp/1 T_27.68, 6;
    %dup/vec4;
    %pushi/vec4 69, 0, 8;
    %cmp/u;
    %jmp/1 T_27.69, 6;
    %dup/vec4;
    %pushi/vec4 70, 0, 8;
    %cmp/u;
    %jmp/1 T_27.70, 6;
    %dup/vec4;
    %pushi/vec4 71, 0, 8;
    %cmp/u;
    %jmp/1 T_27.71, 6;
    %dup/vec4;
    %pushi/vec4 72, 0, 8;
    %cmp/u;
    %jmp/1 T_27.72, 6;
    %dup/vec4;
    %pushi/vec4 73, 0, 8;
    %cmp/u;
    %jmp/1 T_27.73, 6;
    %dup/vec4;
    %pushi/vec4 74, 0, 8;
    %cmp/u;
    %jmp/1 T_27.74, 6;
    %dup/vec4;
    %pushi/vec4 75, 0, 8;
    %cmp/u;
    %jmp/1 T_27.75, 6;
    %dup/vec4;
    %pushi/vec4 76, 0, 8;
    %cmp/u;
    %jmp/1 T_27.76, 6;
    %dup/vec4;
    %pushi/vec4 77, 0, 8;
    %cmp/u;
    %jmp/1 T_27.77, 6;
    %dup/vec4;
    %pushi/vec4 78, 0, 8;
    %cmp/u;
    %jmp/1 T_27.78, 6;
    %dup/vec4;
    %pushi/vec4 79, 0, 8;
    %cmp/u;
    %jmp/1 T_27.79, 6;
    %dup/vec4;
    %pushi/vec4 80, 0, 8;
    %cmp/u;
    %jmp/1 T_27.80, 6;
    %dup/vec4;
    %pushi/vec4 81, 0, 8;
    %cmp/u;
    %jmp/1 T_27.81, 6;
    %dup/vec4;
    %pushi/vec4 82, 0, 8;
    %cmp/u;
    %jmp/1 T_27.82, 6;
    %dup/vec4;
    %pushi/vec4 83, 0, 8;
    %cmp/u;
    %jmp/1 T_27.83, 6;
    %dup/vec4;
    %pushi/vec4 84, 0, 8;
    %cmp/u;
    %jmp/1 T_27.84, 6;
    %dup/vec4;
    %pushi/vec4 85, 0, 8;
    %cmp/u;
    %jmp/1 T_27.85, 6;
    %dup/vec4;
    %pushi/vec4 86, 0, 8;
    %cmp/u;
    %jmp/1 T_27.86, 6;
    %dup/vec4;
    %pushi/vec4 87, 0, 8;
    %cmp/u;
    %jmp/1 T_27.87, 6;
    %dup/vec4;
    %pushi/vec4 88, 0, 8;
    %cmp/u;
    %jmp/1 T_27.88, 6;
    %dup/vec4;
    %pushi/vec4 89, 0, 8;
    %cmp/u;
    %jmp/1 T_27.89, 6;
    %dup/vec4;
    %pushi/vec4 90, 0, 8;
    %cmp/u;
    %jmp/1 T_27.90, 6;
    %dup/vec4;
    %pushi/vec4 91, 0, 8;
    %cmp/u;
    %jmp/1 T_27.91, 6;
    %dup/vec4;
    %pushi/vec4 92, 0, 8;
    %cmp/u;
    %jmp/1 T_27.92, 6;
    %dup/vec4;
    %pushi/vec4 93, 0, 8;
    %cmp/u;
    %jmp/1 T_27.93, 6;
    %dup/vec4;
    %pushi/vec4 94, 0, 8;
    %cmp/u;
    %jmp/1 T_27.94, 6;
    %dup/vec4;
    %pushi/vec4 95, 0, 8;
    %cmp/u;
    %jmp/1 T_27.95, 6;
    %dup/vec4;
    %pushi/vec4 96, 0, 8;
    %cmp/u;
    %jmp/1 T_27.96, 6;
    %dup/vec4;
    %pushi/vec4 97, 0, 8;
    %cmp/u;
    %jmp/1 T_27.97, 6;
    %dup/vec4;
    %pushi/vec4 98, 0, 8;
    %cmp/u;
    %jmp/1 T_27.98, 6;
    %dup/vec4;
    %pushi/vec4 99, 0, 8;
    %cmp/u;
    %jmp/1 T_27.99, 6;
    %dup/vec4;
    %pushi/vec4 100, 0, 8;
    %cmp/u;
    %jmp/1 T_27.100, 6;
    %dup/vec4;
    %pushi/vec4 101, 0, 8;
    %cmp/u;
    %jmp/1 T_27.101, 6;
    %dup/vec4;
    %pushi/vec4 102, 0, 8;
    %cmp/u;
    %jmp/1 T_27.102, 6;
    %dup/vec4;
    %pushi/vec4 103, 0, 8;
    %cmp/u;
    %jmp/1 T_27.103, 6;
    %dup/vec4;
    %pushi/vec4 104, 0, 8;
    %cmp/u;
    %jmp/1 T_27.104, 6;
    %dup/vec4;
    %pushi/vec4 105, 0, 8;
    %cmp/u;
    %jmp/1 T_27.105, 6;
    %dup/vec4;
    %pushi/vec4 106, 0, 8;
    %cmp/u;
    %jmp/1 T_27.106, 6;
    %dup/vec4;
    %pushi/vec4 107, 0, 8;
    %cmp/u;
    %jmp/1 T_27.107, 6;
    %dup/vec4;
    %pushi/vec4 108, 0, 8;
    %cmp/u;
    %jmp/1 T_27.108, 6;
    %dup/vec4;
    %pushi/vec4 109, 0, 8;
    %cmp/u;
    %jmp/1 T_27.109, 6;
    %dup/vec4;
    %pushi/vec4 110, 0, 8;
    %cmp/u;
    %jmp/1 T_27.110, 6;
    %dup/vec4;
    %pushi/vec4 111, 0, 8;
    %cmp/u;
    %jmp/1 T_27.111, 6;
    %dup/vec4;
    %pushi/vec4 112, 0, 8;
    %cmp/u;
    %jmp/1 T_27.112, 6;
    %dup/vec4;
    %pushi/vec4 113, 0, 8;
    %cmp/u;
    %jmp/1 T_27.113, 6;
    %dup/vec4;
    %pushi/vec4 114, 0, 8;
    %cmp/u;
    %jmp/1 T_27.114, 6;
    %dup/vec4;
    %pushi/vec4 115, 0, 8;
    %cmp/u;
    %jmp/1 T_27.115, 6;
    %dup/vec4;
    %pushi/vec4 116, 0, 8;
    %cmp/u;
    %jmp/1 T_27.116, 6;
    %dup/vec4;
    %pushi/vec4 117, 0, 8;
    %cmp/u;
    %jmp/1 T_27.117, 6;
    %dup/vec4;
    %pushi/vec4 118, 0, 8;
    %cmp/u;
    %jmp/1 T_27.118, 6;
    %dup/vec4;
    %pushi/vec4 119, 0, 8;
    %cmp/u;
    %jmp/1 T_27.119, 6;
    %dup/vec4;
    %pushi/vec4 120, 0, 8;
    %cmp/u;
    %jmp/1 T_27.120, 6;
    %dup/vec4;
    %pushi/vec4 121, 0, 8;
    %cmp/u;
    %jmp/1 T_27.121, 6;
    %dup/vec4;
    %pushi/vec4 122, 0, 8;
    %cmp/u;
    %jmp/1 T_27.122, 6;
    %dup/vec4;
    %pushi/vec4 123, 0, 8;
    %cmp/u;
    %jmp/1 T_27.123, 6;
    %dup/vec4;
    %pushi/vec4 124, 0, 8;
    %cmp/u;
    %jmp/1 T_27.124, 6;
    %dup/vec4;
    %pushi/vec4 125, 0, 8;
    %cmp/u;
    %jmp/1 T_27.125, 6;
    %dup/vec4;
    %pushi/vec4 126, 0, 8;
    %cmp/u;
    %jmp/1 T_27.126, 6;
    %dup/vec4;
    %pushi/vec4 127, 0, 8;
    %cmp/u;
    %jmp/1 T_27.127, 6;
    %dup/vec4;
    %pushi/vec4 128, 0, 8;
    %cmp/u;
    %jmp/1 T_27.128, 6;
    %dup/vec4;
    %pushi/vec4 129, 0, 8;
    %cmp/u;
    %jmp/1 T_27.129, 6;
    %dup/vec4;
    %pushi/vec4 130, 0, 8;
    %cmp/u;
    %jmp/1 T_27.130, 6;
    %dup/vec4;
    %pushi/vec4 131, 0, 8;
    %cmp/u;
    %jmp/1 T_27.131, 6;
    %dup/vec4;
    %pushi/vec4 132, 0, 8;
    %cmp/u;
    %jmp/1 T_27.132, 6;
    %dup/vec4;
    %pushi/vec4 133, 0, 8;
    %cmp/u;
    %jmp/1 T_27.133, 6;
    %dup/vec4;
    %pushi/vec4 134, 0, 8;
    %cmp/u;
    %jmp/1 T_27.134, 6;
    %dup/vec4;
    %pushi/vec4 135, 0, 8;
    %cmp/u;
    %jmp/1 T_27.135, 6;
    %dup/vec4;
    %pushi/vec4 136, 0, 8;
    %cmp/u;
    %jmp/1 T_27.136, 6;
    %dup/vec4;
    %pushi/vec4 137, 0, 8;
    %cmp/u;
    %jmp/1 T_27.137, 6;
    %dup/vec4;
    %pushi/vec4 138, 0, 8;
    %cmp/u;
    %jmp/1 T_27.138, 6;
    %dup/vec4;
    %pushi/vec4 139, 0, 8;
    %cmp/u;
    %jmp/1 T_27.139, 6;
    %dup/vec4;
    %pushi/vec4 140, 0, 8;
    %cmp/u;
    %jmp/1 T_27.140, 6;
    %dup/vec4;
    %pushi/vec4 141, 0, 8;
    %cmp/u;
    %jmp/1 T_27.141, 6;
    %dup/vec4;
    %pushi/vec4 142, 0, 8;
    %cmp/u;
    %jmp/1 T_27.142, 6;
    %dup/vec4;
    %pushi/vec4 143, 0, 8;
    %cmp/u;
    %jmp/1 T_27.143, 6;
    %dup/vec4;
    %pushi/vec4 144, 0, 8;
    %cmp/u;
    %jmp/1 T_27.144, 6;
    %dup/vec4;
    %pushi/vec4 145, 0, 8;
    %cmp/u;
    %jmp/1 T_27.145, 6;
    %dup/vec4;
    %pushi/vec4 146, 0, 8;
    %cmp/u;
    %jmp/1 T_27.146, 6;
    %dup/vec4;
    %pushi/vec4 147, 0, 8;
    %cmp/u;
    %jmp/1 T_27.147, 6;
    %dup/vec4;
    %pushi/vec4 148, 0, 8;
    %cmp/u;
    %jmp/1 T_27.148, 6;
    %dup/vec4;
    %pushi/vec4 149, 0, 8;
    %cmp/u;
    %jmp/1 T_27.149, 6;
    %dup/vec4;
    %pushi/vec4 150, 0, 8;
    %cmp/u;
    %jmp/1 T_27.150, 6;
    %dup/vec4;
    %pushi/vec4 151, 0, 8;
    %cmp/u;
    %jmp/1 T_27.151, 6;
    %dup/vec4;
    %pushi/vec4 152, 0, 8;
    %cmp/u;
    %jmp/1 T_27.152, 6;
    %dup/vec4;
    %pushi/vec4 153, 0, 8;
    %cmp/u;
    %jmp/1 T_27.153, 6;
    %dup/vec4;
    %pushi/vec4 154, 0, 8;
    %cmp/u;
    %jmp/1 T_27.154, 6;
    %dup/vec4;
    %pushi/vec4 155, 0, 8;
    %cmp/u;
    %jmp/1 T_27.155, 6;
    %dup/vec4;
    %pushi/vec4 156, 0, 8;
    %cmp/u;
    %jmp/1 T_27.156, 6;
    %dup/vec4;
    %pushi/vec4 157, 0, 8;
    %cmp/u;
    %jmp/1 T_27.157, 6;
    %dup/vec4;
    %pushi/vec4 158, 0, 8;
    %cmp/u;
    %jmp/1 T_27.158, 6;
    %dup/vec4;
    %pushi/vec4 159, 0, 8;
    %cmp/u;
    %jmp/1 T_27.159, 6;
    %dup/vec4;
    %pushi/vec4 160, 0, 8;
    %cmp/u;
    %jmp/1 T_27.160, 6;
    %dup/vec4;
    %pushi/vec4 161, 0, 8;
    %cmp/u;
    %jmp/1 T_27.161, 6;
    %dup/vec4;
    %pushi/vec4 162, 0, 8;
    %cmp/u;
    %jmp/1 T_27.162, 6;
    %dup/vec4;
    %pushi/vec4 163, 0, 8;
    %cmp/u;
    %jmp/1 T_27.163, 6;
    %dup/vec4;
    %pushi/vec4 164, 0, 8;
    %cmp/u;
    %jmp/1 T_27.164, 6;
    %dup/vec4;
    %pushi/vec4 165, 0, 8;
    %cmp/u;
    %jmp/1 T_27.165, 6;
    %dup/vec4;
    %pushi/vec4 166, 0, 8;
    %cmp/u;
    %jmp/1 T_27.166, 6;
    %dup/vec4;
    %pushi/vec4 167, 0, 8;
    %cmp/u;
    %jmp/1 T_27.167, 6;
    %dup/vec4;
    %pushi/vec4 168, 0, 8;
    %cmp/u;
    %jmp/1 T_27.168, 6;
    %dup/vec4;
    %pushi/vec4 169, 0, 8;
    %cmp/u;
    %jmp/1 T_27.169, 6;
    %dup/vec4;
    %pushi/vec4 170, 0, 8;
    %cmp/u;
    %jmp/1 T_27.170, 6;
    %dup/vec4;
    %pushi/vec4 171, 0, 8;
    %cmp/u;
    %jmp/1 T_27.171, 6;
    %dup/vec4;
    %pushi/vec4 172, 0, 8;
    %cmp/u;
    %jmp/1 T_27.172, 6;
    %dup/vec4;
    %pushi/vec4 173, 0, 8;
    %cmp/u;
    %jmp/1 T_27.173, 6;
    %dup/vec4;
    %pushi/vec4 174, 0, 8;
    %cmp/u;
    %jmp/1 T_27.174, 6;
    %dup/vec4;
    %pushi/vec4 175, 0, 8;
    %cmp/u;
    %jmp/1 T_27.175, 6;
    %dup/vec4;
    %pushi/vec4 176, 0, 8;
    %cmp/u;
    %jmp/1 T_27.176, 6;
    %dup/vec4;
    %pushi/vec4 177, 0, 8;
    %cmp/u;
    %jmp/1 T_27.177, 6;
    %dup/vec4;
    %pushi/vec4 178, 0, 8;
    %cmp/u;
    %jmp/1 T_27.178, 6;
    %dup/vec4;
    %pushi/vec4 179, 0, 8;
    %cmp/u;
    %jmp/1 T_27.179, 6;
    %dup/vec4;
    %pushi/vec4 180, 0, 8;
    %cmp/u;
    %jmp/1 T_27.180, 6;
    %dup/vec4;
    %pushi/vec4 181, 0, 8;
    %cmp/u;
    %jmp/1 T_27.181, 6;
    %dup/vec4;
    %pushi/vec4 182, 0, 8;
    %cmp/u;
    %jmp/1 T_27.182, 6;
    %dup/vec4;
    %pushi/vec4 183, 0, 8;
    %cmp/u;
    %jmp/1 T_27.183, 6;
    %dup/vec4;
    %pushi/vec4 184, 0, 8;
    %cmp/u;
    %jmp/1 T_27.184, 6;
    %dup/vec4;
    %pushi/vec4 185, 0, 8;
    %cmp/u;
    %jmp/1 T_27.185, 6;
    %dup/vec4;
    %pushi/vec4 186, 0, 8;
    %cmp/u;
    %jmp/1 T_27.186, 6;
    %dup/vec4;
    %pushi/vec4 187, 0, 8;
    %cmp/u;
    %jmp/1 T_27.187, 6;
    %dup/vec4;
    %pushi/vec4 188, 0, 8;
    %cmp/u;
    %jmp/1 T_27.188, 6;
    %dup/vec4;
    %pushi/vec4 189, 0, 8;
    %cmp/u;
    %jmp/1 T_27.189, 6;
    %dup/vec4;
    %pushi/vec4 190, 0, 8;
    %cmp/u;
    %jmp/1 T_27.190, 6;
    %dup/vec4;
    %pushi/vec4 191, 0, 8;
    %cmp/u;
    %jmp/1 T_27.191, 6;
    %dup/vec4;
    %pushi/vec4 192, 0, 8;
    %cmp/u;
    %jmp/1 T_27.192, 6;
    %dup/vec4;
    %pushi/vec4 193, 0, 8;
    %cmp/u;
    %jmp/1 T_27.193, 6;
    %dup/vec4;
    %pushi/vec4 194, 0, 8;
    %cmp/u;
    %jmp/1 T_27.194, 6;
    %dup/vec4;
    %pushi/vec4 195, 0, 8;
    %cmp/u;
    %jmp/1 T_27.195, 6;
    %dup/vec4;
    %pushi/vec4 196, 0, 8;
    %cmp/u;
    %jmp/1 T_27.196, 6;
    %dup/vec4;
    %pushi/vec4 197, 0, 8;
    %cmp/u;
    %jmp/1 T_27.197, 6;
    %dup/vec4;
    %pushi/vec4 198, 0, 8;
    %cmp/u;
    %jmp/1 T_27.198, 6;
    %dup/vec4;
    %pushi/vec4 199, 0, 8;
    %cmp/u;
    %jmp/1 T_27.199, 6;
    %dup/vec4;
    %pushi/vec4 200, 0, 8;
    %cmp/u;
    %jmp/1 T_27.200, 6;
    %dup/vec4;
    %pushi/vec4 201, 0, 8;
    %cmp/u;
    %jmp/1 T_27.201, 6;
    %dup/vec4;
    %pushi/vec4 202, 0, 8;
    %cmp/u;
    %jmp/1 T_27.202, 6;
    %dup/vec4;
    %pushi/vec4 203, 0, 8;
    %cmp/u;
    %jmp/1 T_27.203, 6;
    %dup/vec4;
    %pushi/vec4 204, 0, 8;
    %cmp/u;
    %jmp/1 T_27.204, 6;
    %dup/vec4;
    %pushi/vec4 205, 0, 8;
    %cmp/u;
    %jmp/1 T_27.205, 6;
    %dup/vec4;
    %pushi/vec4 206, 0, 8;
    %cmp/u;
    %jmp/1 T_27.206, 6;
    %dup/vec4;
    %pushi/vec4 207, 0, 8;
    %cmp/u;
    %jmp/1 T_27.207, 6;
    %dup/vec4;
    %pushi/vec4 208, 0, 8;
    %cmp/u;
    %jmp/1 T_27.208, 6;
    %dup/vec4;
    %pushi/vec4 209, 0, 8;
    %cmp/u;
    %jmp/1 T_27.209, 6;
    %dup/vec4;
    %pushi/vec4 210, 0, 8;
    %cmp/u;
    %jmp/1 T_27.210, 6;
    %dup/vec4;
    %pushi/vec4 211, 0, 8;
    %cmp/u;
    %jmp/1 T_27.211, 6;
    %dup/vec4;
    %pushi/vec4 212, 0, 8;
    %cmp/u;
    %jmp/1 T_27.212, 6;
    %dup/vec4;
    %pushi/vec4 213, 0, 8;
    %cmp/u;
    %jmp/1 T_27.213, 6;
    %dup/vec4;
    %pushi/vec4 214, 0, 8;
    %cmp/u;
    %jmp/1 T_27.214, 6;
    %dup/vec4;
    %pushi/vec4 215, 0, 8;
    %cmp/u;
    %jmp/1 T_27.215, 6;
    %dup/vec4;
    %pushi/vec4 216, 0, 8;
    %cmp/u;
    %jmp/1 T_27.216, 6;
    %dup/vec4;
    %pushi/vec4 217, 0, 8;
    %cmp/u;
    %jmp/1 T_27.217, 6;
    %dup/vec4;
    %pushi/vec4 218, 0, 8;
    %cmp/u;
    %jmp/1 T_27.218, 6;
    %dup/vec4;
    %pushi/vec4 219, 0, 8;
    %cmp/u;
    %jmp/1 T_27.219, 6;
    %dup/vec4;
    %pushi/vec4 220, 0, 8;
    %cmp/u;
    %jmp/1 T_27.220, 6;
    %dup/vec4;
    %pushi/vec4 221, 0, 8;
    %cmp/u;
    %jmp/1 T_27.221, 6;
    %dup/vec4;
    %pushi/vec4 222, 0, 8;
    %cmp/u;
    %jmp/1 T_27.222, 6;
    %dup/vec4;
    %pushi/vec4 223, 0, 8;
    %cmp/u;
    %jmp/1 T_27.223, 6;
    %dup/vec4;
    %pushi/vec4 224, 0, 8;
    %cmp/u;
    %jmp/1 T_27.224, 6;
    %dup/vec4;
    %pushi/vec4 225, 0, 8;
    %cmp/u;
    %jmp/1 T_27.225, 6;
    %dup/vec4;
    %pushi/vec4 226, 0, 8;
    %cmp/u;
    %jmp/1 T_27.226, 6;
    %dup/vec4;
    %pushi/vec4 227, 0, 8;
    %cmp/u;
    %jmp/1 T_27.227, 6;
    %dup/vec4;
    %pushi/vec4 228, 0, 8;
    %cmp/u;
    %jmp/1 T_27.228, 6;
    %dup/vec4;
    %pushi/vec4 229, 0, 8;
    %cmp/u;
    %jmp/1 T_27.229, 6;
    %dup/vec4;
    %pushi/vec4 230, 0, 8;
    %cmp/u;
    %jmp/1 T_27.230, 6;
    %dup/vec4;
    %pushi/vec4 231, 0, 8;
    %cmp/u;
    %jmp/1 T_27.231, 6;
    %dup/vec4;
    %pushi/vec4 232, 0, 8;
    %cmp/u;
    %jmp/1 T_27.232, 6;
    %dup/vec4;
    %pushi/vec4 233, 0, 8;
    %cmp/u;
    %jmp/1 T_27.233, 6;
    %dup/vec4;
    %pushi/vec4 234, 0, 8;
    %cmp/u;
    %jmp/1 T_27.234, 6;
    %dup/vec4;
    %pushi/vec4 235, 0, 8;
    %cmp/u;
    %jmp/1 T_27.235, 6;
    %dup/vec4;
    %pushi/vec4 236, 0, 8;
    %cmp/u;
    %jmp/1 T_27.236, 6;
    %dup/vec4;
    %pushi/vec4 237, 0, 8;
    %cmp/u;
    %jmp/1 T_27.237, 6;
    %dup/vec4;
    %pushi/vec4 238, 0, 8;
    %cmp/u;
    %jmp/1 T_27.238, 6;
    %dup/vec4;
    %pushi/vec4 239, 0, 8;
    %cmp/u;
    %jmp/1 T_27.239, 6;
    %dup/vec4;
    %pushi/vec4 240, 0, 8;
    %cmp/u;
    %jmp/1 T_27.240, 6;
    %dup/vec4;
    %pushi/vec4 241, 0, 8;
    %cmp/u;
    %jmp/1 T_27.241, 6;
    %dup/vec4;
    %pushi/vec4 242, 0, 8;
    %cmp/u;
    %jmp/1 T_27.242, 6;
    %dup/vec4;
    %pushi/vec4 243, 0, 8;
    %cmp/u;
    %jmp/1 T_27.243, 6;
    %dup/vec4;
    %pushi/vec4 244, 0, 8;
    %cmp/u;
    %jmp/1 T_27.244, 6;
    %dup/vec4;
    %pushi/vec4 245, 0, 8;
    %cmp/u;
    %jmp/1 T_27.245, 6;
    %dup/vec4;
    %pushi/vec4 246, 0, 8;
    %cmp/u;
    %jmp/1 T_27.246, 6;
    %dup/vec4;
    %pushi/vec4 247, 0, 8;
    %cmp/u;
    %jmp/1 T_27.247, 6;
    %dup/vec4;
    %pushi/vec4 248, 0, 8;
    %cmp/u;
    %jmp/1 T_27.248, 6;
    %dup/vec4;
    %pushi/vec4 249, 0, 8;
    %cmp/u;
    %jmp/1 T_27.249, 6;
    %dup/vec4;
    %pushi/vec4 250, 0, 8;
    %cmp/u;
    %jmp/1 T_27.250, 6;
    %dup/vec4;
    %pushi/vec4 251, 0, 8;
    %cmp/u;
    %jmp/1 T_27.251, 6;
    %dup/vec4;
    %pushi/vec4 252, 0, 8;
    %cmp/u;
    %jmp/1 T_27.252, 6;
    %dup/vec4;
    %pushi/vec4 253, 0, 8;
    %cmp/u;
    %jmp/1 T_27.253, 6;
    %dup/vec4;
    %pushi/vec4 254, 0, 8;
    %cmp/u;
    %jmp/1 T_27.254, 6;
    %dup/vec4;
    %pushi/vec4 255, 0, 8;
    %cmp/u;
    %jmp/1 T_27.255, 6;
    %jmp T_27.256;
T_27.0 ;
    %pushi/vec4 99, 0, 8;
    %store/vec4 v000001d9d066c380_0, 0, 8;
    %jmp T_27.256;
T_27.1 ;
    %pushi/vec4 124, 0, 8;
    %store/vec4 v000001d9d066c380_0, 0, 8;
    %jmp T_27.256;
T_27.2 ;
    %pushi/vec4 119, 0, 8;
    %store/vec4 v000001d9d066c380_0, 0, 8;
    %jmp T_27.256;
T_27.3 ;
    %pushi/vec4 123, 0, 8;
    %store/vec4 v000001d9d066c380_0, 0, 8;
    %jmp T_27.256;
T_27.4 ;
    %pushi/vec4 242, 0, 8;
    %store/vec4 v000001d9d066c380_0, 0, 8;
    %jmp T_27.256;
T_27.5 ;
    %pushi/vec4 107, 0, 8;
    %store/vec4 v000001d9d066c380_0, 0, 8;
    %jmp T_27.256;
T_27.6 ;
    %pushi/vec4 111, 0, 8;
    %store/vec4 v000001d9d066c380_0, 0, 8;
    %jmp T_27.256;
T_27.7 ;
    %pushi/vec4 197, 0, 8;
    %store/vec4 v000001d9d066c380_0, 0, 8;
    %jmp T_27.256;
T_27.8 ;
    %pushi/vec4 48, 0, 8;
    %store/vec4 v000001d9d066c380_0, 0, 8;
    %jmp T_27.256;
T_27.9 ;
    %pushi/vec4 1, 0, 8;
    %store/vec4 v000001d9d066c380_0, 0, 8;
    %jmp T_27.256;
T_27.10 ;
    %pushi/vec4 103, 0, 8;
    %store/vec4 v000001d9d066c380_0, 0, 8;
    %jmp T_27.256;
T_27.11 ;
    %pushi/vec4 43, 0, 8;
    %store/vec4 v000001d9d066c380_0, 0, 8;
    %jmp T_27.256;
T_27.12 ;
    %pushi/vec4 254, 0, 8;
    %store/vec4 v000001d9d066c380_0, 0, 8;
    %jmp T_27.256;
T_27.13 ;
    %pushi/vec4 215, 0, 8;
    %store/vec4 v000001d9d066c380_0, 0, 8;
    %jmp T_27.256;
T_27.14 ;
    %pushi/vec4 171, 0, 8;
    %store/vec4 v000001d9d066c380_0, 0, 8;
    %jmp T_27.256;
T_27.15 ;
    %pushi/vec4 118, 0, 8;
    %store/vec4 v000001d9d066c380_0, 0, 8;
    %jmp T_27.256;
T_27.16 ;
    %pushi/vec4 202, 0, 8;
    %store/vec4 v000001d9d066c380_0, 0, 8;
    %jmp T_27.256;
T_27.17 ;
    %pushi/vec4 130, 0, 8;
    %store/vec4 v000001d9d066c380_0, 0, 8;
    %jmp T_27.256;
T_27.18 ;
    %pushi/vec4 201, 0, 8;
    %store/vec4 v000001d9d066c380_0, 0, 8;
    %jmp T_27.256;
T_27.19 ;
    %pushi/vec4 125, 0, 8;
    %store/vec4 v000001d9d066c380_0, 0, 8;
    %jmp T_27.256;
T_27.20 ;
    %pushi/vec4 250, 0, 8;
    %store/vec4 v000001d9d066c380_0, 0, 8;
    %jmp T_27.256;
T_27.21 ;
    %pushi/vec4 89, 0, 8;
    %store/vec4 v000001d9d066c380_0, 0, 8;
    %jmp T_27.256;
T_27.22 ;
    %pushi/vec4 71, 0, 8;
    %store/vec4 v000001d9d066c380_0, 0, 8;
    %jmp T_27.256;
T_27.23 ;
    %pushi/vec4 240, 0, 8;
    %store/vec4 v000001d9d066c380_0, 0, 8;
    %jmp T_27.256;
T_27.24 ;
    %pushi/vec4 173, 0, 8;
    %store/vec4 v000001d9d066c380_0, 0, 8;
    %jmp T_27.256;
T_27.25 ;
    %pushi/vec4 212, 0, 8;
    %store/vec4 v000001d9d066c380_0, 0, 8;
    %jmp T_27.256;
T_27.26 ;
    %pushi/vec4 162, 0, 8;
    %store/vec4 v000001d9d066c380_0, 0, 8;
    %jmp T_27.256;
T_27.27 ;
    %pushi/vec4 175, 0, 8;
    %store/vec4 v000001d9d066c380_0, 0, 8;
    %jmp T_27.256;
T_27.28 ;
    %pushi/vec4 156, 0, 8;
    %store/vec4 v000001d9d066c380_0, 0, 8;
    %jmp T_27.256;
T_27.29 ;
    %pushi/vec4 164, 0, 8;
    %store/vec4 v000001d9d066c380_0, 0, 8;
    %jmp T_27.256;
T_27.30 ;
    %pushi/vec4 114, 0, 8;
    %store/vec4 v000001d9d066c380_0, 0, 8;
    %jmp T_27.256;
T_27.31 ;
    %pushi/vec4 192, 0, 8;
    %store/vec4 v000001d9d066c380_0, 0, 8;
    %jmp T_27.256;
T_27.32 ;
    %pushi/vec4 183, 0, 8;
    %store/vec4 v000001d9d066c380_0, 0, 8;
    %jmp T_27.256;
T_27.33 ;
    %pushi/vec4 253, 0, 8;
    %store/vec4 v000001d9d066c380_0, 0, 8;
    %jmp T_27.256;
T_27.34 ;
    %pushi/vec4 147, 0, 8;
    %store/vec4 v000001d9d066c380_0, 0, 8;
    %jmp T_27.256;
T_27.35 ;
    %pushi/vec4 38, 0, 8;
    %store/vec4 v000001d9d066c380_0, 0, 8;
    %jmp T_27.256;
T_27.36 ;
    %pushi/vec4 54, 0, 8;
    %store/vec4 v000001d9d066c380_0, 0, 8;
    %jmp T_27.256;
T_27.37 ;
    %pushi/vec4 63, 0, 8;
    %store/vec4 v000001d9d066c380_0, 0, 8;
    %jmp T_27.256;
T_27.38 ;
    %pushi/vec4 247, 0, 8;
    %store/vec4 v000001d9d066c380_0, 0, 8;
    %jmp T_27.256;
T_27.39 ;
    %pushi/vec4 204, 0, 8;
    %store/vec4 v000001d9d066c380_0, 0, 8;
    %jmp T_27.256;
T_27.40 ;
    %pushi/vec4 52, 0, 8;
    %store/vec4 v000001d9d066c380_0, 0, 8;
    %jmp T_27.256;
T_27.41 ;
    %pushi/vec4 165, 0, 8;
    %store/vec4 v000001d9d066c380_0, 0, 8;
    %jmp T_27.256;
T_27.42 ;
    %pushi/vec4 229, 0, 8;
    %store/vec4 v000001d9d066c380_0, 0, 8;
    %jmp T_27.256;
T_27.43 ;
    %pushi/vec4 241, 0, 8;
    %store/vec4 v000001d9d066c380_0, 0, 8;
    %jmp T_27.256;
T_27.44 ;
    %pushi/vec4 113, 0, 8;
    %store/vec4 v000001d9d066c380_0, 0, 8;
    %jmp T_27.256;
T_27.45 ;
    %pushi/vec4 216, 0, 8;
    %store/vec4 v000001d9d066c380_0, 0, 8;
    %jmp T_27.256;
T_27.46 ;
    %pushi/vec4 49, 0, 8;
    %store/vec4 v000001d9d066c380_0, 0, 8;
    %jmp T_27.256;
T_27.47 ;
    %pushi/vec4 21, 0, 8;
    %store/vec4 v000001d9d066c380_0, 0, 8;
    %jmp T_27.256;
T_27.48 ;
    %pushi/vec4 4, 0, 8;
    %store/vec4 v000001d9d066c380_0, 0, 8;
    %jmp T_27.256;
T_27.49 ;
    %pushi/vec4 199, 0, 8;
    %store/vec4 v000001d9d066c380_0, 0, 8;
    %jmp T_27.256;
T_27.50 ;
    %pushi/vec4 35, 0, 8;
    %store/vec4 v000001d9d066c380_0, 0, 8;
    %jmp T_27.256;
T_27.51 ;
    %pushi/vec4 195, 0, 8;
    %store/vec4 v000001d9d066c380_0, 0, 8;
    %jmp T_27.256;
T_27.52 ;
    %pushi/vec4 24, 0, 8;
    %store/vec4 v000001d9d066c380_0, 0, 8;
    %jmp T_27.256;
T_27.53 ;
    %pushi/vec4 150, 0, 8;
    %store/vec4 v000001d9d066c380_0, 0, 8;
    %jmp T_27.256;
T_27.54 ;
    %pushi/vec4 5, 0, 8;
    %store/vec4 v000001d9d066c380_0, 0, 8;
    %jmp T_27.256;
T_27.55 ;
    %pushi/vec4 154, 0, 8;
    %store/vec4 v000001d9d066c380_0, 0, 8;
    %jmp T_27.256;
T_27.56 ;
    %pushi/vec4 7, 0, 8;
    %store/vec4 v000001d9d066c380_0, 0, 8;
    %jmp T_27.256;
T_27.57 ;
    %pushi/vec4 18, 0, 8;
    %store/vec4 v000001d9d066c380_0, 0, 8;
    %jmp T_27.256;
T_27.58 ;
    %pushi/vec4 128, 0, 8;
    %store/vec4 v000001d9d066c380_0, 0, 8;
    %jmp T_27.256;
T_27.59 ;
    %pushi/vec4 226, 0, 8;
    %store/vec4 v000001d9d066c380_0, 0, 8;
    %jmp T_27.256;
T_27.60 ;
    %pushi/vec4 235, 0, 8;
    %store/vec4 v000001d9d066c380_0, 0, 8;
    %jmp T_27.256;
T_27.61 ;
    %pushi/vec4 39, 0, 8;
    %store/vec4 v000001d9d066c380_0, 0, 8;
    %jmp T_27.256;
T_27.62 ;
    %pushi/vec4 178, 0, 8;
    %store/vec4 v000001d9d066c380_0, 0, 8;
    %jmp T_27.256;
T_27.63 ;
    %pushi/vec4 117, 0, 8;
    %store/vec4 v000001d9d066c380_0, 0, 8;
    %jmp T_27.256;
T_27.64 ;
    %pushi/vec4 9, 0, 8;
    %store/vec4 v000001d9d066c380_0, 0, 8;
    %jmp T_27.256;
T_27.65 ;
    %pushi/vec4 131, 0, 8;
    %store/vec4 v000001d9d066c380_0, 0, 8;
    %jmp T_27.256;
T_27.66 ;
    %pushi/vec4 44, 0, 8;
    %store/vec4 v000001d9d066c380_0, 0, 8;
    %jmp T_27.256;
T_27.67 ;
    %pushi/vec4 26, 0, 8;
    %store/vec4 v000001d9d066c380_0, 0, 8;
    %jmp T_27.256;
T_27.68 ;
    %pushi/vec4 27, 0, 8;
    %store/vec4 v000001d9d066c380_0, 0, 8;
    %jmp T_27.256;
T_27.69 ;
    %pushi/vec4 110, 0, 8;
    %store/vec4 v000001d9d066c380_0, 0, 8;
    %jmp T_27.256;
T_27.70 ;
    %pushi/vec4 90, 0, 8;
    %store/vec4 v000001d9d066c380_0, 0, 8;
    %jmp T_27.256;
T_27.71 ;
    %pushi/vec4 160, 0, 8;
    %store/vec4 v000001d9d066c380_0, 0, 8;
    %jmp T_27.256;
T_27.72 ;
    %pushi/vec4 82, 0, 8;
    %store/vec4 v000001d9d066c380_0, 0, 8;
    %jmp T_27.256;
T_27.73 ;
    %pushi/vec4 59, 0, 8;
    %store/vec4 v000001d9d066c380_0, 0, 8;
    %jmp T_27.256;
T_27.74 ;
    %pushi/vec4 214, 0, 8;
    %store/vec4 v000001d9d066c380_0, 0, 8;
    %jmp T_27.256;
T_27.75 ;
    %pushi/vec4 179, 0, 8;
    %store/vec4 v000001d9d066c380_0, 0, 8;
    %jmp T_27.256;
T_27.76 ;
    %pushi/vec4 41, 0, 8;
    %store/vec4 v000001d9d066c380_0, 0, 8;
    %jmp T_27.256;
T_27.77 ;
    %pushi/vec4 227, 0, 8;
    %store/vec4 v000001d9d066c380_0, 0, 8;
    %jmp T_27.256;
T_27.78 ;
    %pushi/vec4 47, 0, 8;
    %store/vec4 v000001d9d066c380_0, 0, 8;
    %jmp T_27.256;
T_27.79 ;
    %pushi/vec4 132, 0, 8;
    %store/vec4 v000001d9d066c380_0, 0, 8;
    %jmp T_27.256;
T_27.80 ;
    %pushi/vec4 83, 0, 8;
    %store/vec4 v000001d9d066c380_0, 0, 8;
    %jmp T_27.256;
T_27.81 ;
    %pushi/vec4 209, 0, 8;
    %store/vec4 v000001d9d066c380_0, 0, 8;
    %jmp T_27.256;
T_27.82 ;
    %pushi/vec4 0, 0, 8;
    %store/vec4 v000001d9d066c380_0, 0, 8;
    %jmp T_27.256;
T_27.83 ;
    %pushi/vec4 237, 0, 8;
    %store/vec4 v000001d9d066c380_0, 0, 8;
    %jmp T_27.256;
T_27.84 ;
    %pushi/vec4 32, 0, 8;
    %store/vec4 v000001d9d066c380_0, 0, 8;
    %jmp T_27.256;
T_27.85 ;
    %pushi/vec4 252, 0, 8;
    %store/vec4 v000001d9d066c380_0, 0, 8;
    %jmp T_27.256;
T_27.86 ;
    %pushi/vec4 177, 0, 8;
    %store/vec4 v000001d9d066c380_0, 0, 8;
    %jmp T_27.256;
T_27.87 ;
    %pushi/vec4 91, 0, 8;
    %store/vec4 v000001d9d066c380_0, 0, 8;
    %jmp T_27.256;
T_27.88 ;
    %pushi/vec4 106, 0, 8;
    %store/vec4 v000001d9d066c380_0, 0, 8;
    %jmp T_27.256;
T_27.89 ;
    %pushi/vec4 203, 0, 8;
    %store/vec4 v000001d9d066c380_0, 0, 8;
    %jmp T_27.256;
T_27.90 ;
    %pushi/vec4 190, 0, 8;
    %store/vec4 v000001d9d066c380_0, 0, 8;
    %jmp T_27.256;
T_27.91 ;
    %pushi/vec4 57, 0, 8;
    %store/vec4 v000001d9d066c380_0, 0, 8;
    %jmp T_27.256;
T_27.92 ;
    %pushi/vec4 74, 0, 8;
    %store/vec4 v000001d9d066c380_0, 0, 8;
    %jmp T_27.256;
T_27.93 ;
    %pushi/vec4 76, 0, 8;
    %store/vec4 v000001d9d066c380_0, 0, 8;
    %jmp T_27.256;
T_27.94 ;
    %pushi/vec4 88, 0, 8;
    %store/vec4 v000001d9d066c380_0, 0, 8;
    %jmp T_27.256;
T_27.95 ;
    %pushi/vec4 207, 0, 8;
    %store/vec4 v000001d9d066c380_0, 0, 8;
    %jmp T_27.256;
T_27.96 ;
    %pushi/vec4 208, 0, 8;
    %store/vec4 v000001d9d066c380_0, 0, 8;
    %jmp T_27.256;
T_27.97 ;
    %pushi/vec4 239, 0, 8;
    %store/vec4 v000001d9d066c380_0, 0, 8;
    %jmp T_27.256;
T_27.98 ;
    %pushi/vec4 170, 0, 8;
    %store/vec4 v000001d9d066c380_0, 0, 8;
    %jmp T_27.256;
T_27.99 ;
    %pushi/vec4 251, 0, 8;
    %store/vec4 v000001d9d066c380_0, 0, 8;
    %jmp T_27.256;
T_27.100 ;
    %pushi/vec4 67, 0, 8;
    %store/vec4 v000001d9d066c380_0, 0, 8;
    %jmp T_27.256;
T_27.101 ;
    %pushi/vec4 77, 0, 8;
    %store/vec4 v000001d9d066c380_0, 0, 8;
    %jmp T_27.256;
T_27.102 ;
    %pushi/vec4 51, 0, 8;
    %store/vec4 v000001d9d066c380_0, 0, 8;
    %jmp T_27.256;
T_27.103 ;
    %pushi/vec4 133, 0, 8;
    %store/vec4 v000001d9d066c380_0, 0, 8;
    %jmp T_27.256;
T_27.104 ;
    %pushi/vec4 69, 0, 8;
    %store/vec4 v000001d9d066c380_0, 0, 8;
    %jmp T_27.256;
T_27.105 ;
    %pushi/vec4 249, 0, 8;
    %store/vec4 v000001d9d066c380_0, 0, 8;
    %jmp T_27.256;
T_27.106 ;
    %pushi/vec4 2, 0, 8;
    %store/vec4 v000001d9d066c380_0, 0, 8;
    %jmp T_27.256;
T_27.107 ;
    %pushi/vec4 127, 0, 8;
    %store/vec4 v000001d9d066c380_0, 0, 8;
    %jmp T_27.256;
T_27.108 ;
    %pushi/vec4 80, 0, 8;
    %store/vec4 v000001d9d066c380_0, 0, 8;
    %jmp T_27.256;
T_27.109 ;
    %pushi/vec4 60, 0, 8;
    %store/vec4 v000001d9d066c380_0, 0, 8;
    %jmp T_27.256;
T_27.110 ;
    %pushi/vec4 159, 0, 8;
    %store/vec4 v000001d9d066c380_0, 0, 8;
    %jmp T_27.256;
T_27.111 ;
    %pushi/vec4 168, 0, 8;
    %store/vec4 v000001d9d066c380_0, 0, 8;
    %jmp T_27.256;
T_27.112 ;
    %pushi/vec4 81, 0, 8;
    %store/vec4 v000001d9d066c380_0, 0, 8;
    %jmp T_27.256;
T_27.113 ;
    %pushi/vec4 163, 0, 8;
    %store/vec4 v000001d9d066c380_0, 0, 8;
    %jmp T_27.256;
T_27.114 ;
    %pushi/vec4 64, 0, 8;
    %store/vec4 v000001d9d066c380_0, 0, 8;
    %jmp T_27.256;
T_27.115 ;
    %pushi/vec4 143, 0, 8;
    %store/vec4 v000001d9d066c380_0, 0, 8;
    %jmp T_27.256;
T_27.116 ;
    %pushi/vec4 146, 0, 8;
    %store/vec4 v000001d9d066c380_0, 0, 8;
    %jmp T_27.256;
T_27.117 ;
    %pushi/vec4 157, 0, 8;
    %store/vec4 v000001d9d066c380_0, 0, 8;
    %jmp T_27.256;
T_27.118 ;
    %pushi/vec4 56, 0, 8;
    %store/vec4 v000001d9d066c380_0, 0, 8;
    %jmp T_27.256;
T_27.119 ;
    %pushi/vec4 245, 0, 8;
    %store/vec4 v000001d9d066c380_0, 0, 8;
    %jmp T_27.256;
T_27.120 ;
    %pushi/vec4 188, 0, 8;
    %store/vec4 v000001d9d066c380_0, 0, 8;
    %jmp T_27.256;
T_27.121 ;
    %pushi/vec4 182, 0, 8;
    %store/vec4 v000001d9d066c380_0, 0, 8;
    %jmp T_27.256;
T_27.122 ;
    %pushi/vec4 218, 0, 8;
    %store/vec4 v000001d9d066c380_0, 0, 8;
    %jmp T_27.256;
T_27.123 ;
    %pushi/vec4 33, 0, 8;
    %store/vec4 v000001d9d066c380_0, 0, 8;
    %jmp T_27.256;
T_27.124 ;
    %pushi/vec4 16, 0, 8;
    %store/vec4 v000001d9d066c380_0, 0, 8;
    %jmp T_27.256;
T_27.125 ;
    %pushi/vec4 255, 0, 8;
    %store/vec4 v000001d9d066c380_0, 0, 8;
    %jmp T_27.256;
T_27.126 ;
    %pushi/vec4 243, 0, 8;
    %store/vec4 v000001d9d066c380_0, 0, 8;
    %jmp T_27.256;
T_27.127 ;
    %pushi/vec4 210, 0, 8;
    %store/vec4 v000001d9d066c380_0, 0, 8;
    %jmp T_27.256;
T_27.128 ;
    %pushi/vec4 205, 0, 8;
    %store/vec4 v000001d9d066c380_0, 0, 8;
    %jmp T_27.256;
T_27.129 ;
    %pushi/vec4 12, 0, 8;
    %store/vec4 v000001d9d066c380_0, 0, 8;
    %jmp T_27.256;
T_27.130 ;
    %pushi/vec4 19, 0, 8;
    %store/vec4 v000001d9d066c380_0, 0, 8;
    %jmp T_27.256;
T_27.131 ;
    %pushi/vec4 236, 0, 8;
    %store/vec4 v000001d9d066c380_0, 0, 8;
    %jmp T_27.256;
T_27.132 ;
    %pushi/vec4 95, 0, 8;
    %store/vec4 v000001d9d066c380_0, 0, 8;
    %jmp T_27.256;
T_27.133 ;
    %pushi/vec4 151, 0, 8;
    %store/vec4 v000001d9d066c380_0, 0, 8;
    %jmp T_27.256;
T_27.134 ;
    %pushi/vec4 68, 0, 8;
    %store/vec4 v000001d9d066c380_0, 0, 8;
    %jmp T_27.256;
T_27.135 ;
    %pushi/vec4 23, 0, 8;
    %store/vec4 v000001d9d066c380_0, 0, 8;
    %jmp T_27.256;
T_27.136 ;
    %pushi/vec4 196, 0, 8;
    %store/vec4 v000001d9d066c380_0, 0, 8;
    %jmp T_27.256;
T_27.137 ;
    %pushi/vec4 167, 0, 8;
    %store/vec4 v000001d9d066c380_0, 0, 8;
    %jmp T_27.256;
T_27.138 ;
    %pushi/vec4 126, 0, 8;
    %store/vec4 v000001d9d066c380_0, 0, 8;
    %jmp T_27.256;
T_27.139 ;
    %pushi/vec4 61, 0, 8;
    %store/vec4 v000001d9d066c380_0, 0, 8;
    %jmp T_27.256;
T_27.140 ;
    %pushi/vec4 100, 0, 8;
    %store/vec4 v000001d9d066c380_0, 0, 8;
    %jmp T_27.256;
T_27.141 ;
    %pushi/vec4 93, 0, 8;
    %store/vec4 v000001d9d066c380_0, 0, 8;
    %jmp T_27.256;
T_27.142 ;
    %pushi/vec4 25, 0, 8;
    %store/vec4 v000001d9d066c380_0, 0, 8;
    %jmp T_27.256;
T_27.143 ;
    %pushi/vec4 115, 0, 8;
    %store/vec4 v000001d9d066c380_0, 0, 8;
    %jmp T_27.256;
T_27.144 ;
    %pushi/vec4 96, 0, 8;
    %store/vec4 v000001d9d066c380_0, 0, 8;
    %jmp T_27.256;
T_27.145 ;
    %pushi/vec4 129, 0, 8;
    %store/vec4 v000001d9d066c380_0, 0, 8;
    %jmp T_27.256;
T_27.146 ;
    %pushi/vec4 79, 0, 8;
    %store/vec4 v000001d9d066c380_0, 0, 8;
    %jmp T_27.256;
T_27.147 ;
    %pushi/vec4 220, 0, 8;
    %store/vec4 v000001d9d066c380_0, 0, 8;
    %jmp T_27.256;
T_27.148 ;
    %pushi/vec4 34, 0, 8;
    %store/vec4 v000001d9d066c380_0, 0, 8;
    %jmp T_27.256;
T_27.149 ;
    %pushi/vec4 42, 0, 8;
    %store/vec4 v000001d9d066c380_0, 0, 8;
    %jmp T_27.256;
T_27.150 ;
    %pushi/vec4 144, 0, 8;
    %store/vec4 v000001d9d066c380_0, 0, 8;
    %jmp T_27.256;
T_27.151 ;
    %pushi/vec4 136, 0, 8;
    %store/vec4 v000001d9d066c380_0, 0, 8;
    %jmp T_27.256;
T_27.152 ;
    %pushi/vec4 70, 0, 8;
    %store/vec4 v000001d9d066c380_0, 0, 8;
    %jmp T_27.256;
T_27.153 ;
    %pushi/vec4 238, 0, 8;
    %store/vec4 v000001d9d066c380_0, 0, 8;
    %jmp T_27.256;
T_27.154 ;
    %pushi/vec4 184, 0, 8;
    %store/vec4 v000001d9d066c380_0, 0, 8;
    %jmp T_27.256;
T_27.155 ;
    %pushi/vec4 20, 0, 8;
    %store/vec4 v000001d9d066c380_0, 0, 8;
    %jmp T_27.256;
T_27.156 ;
    %pushi/vec4 222, 0, 8;
    %store/vec4 v000001d9d066c380_0, 0, 8;
    %jmp T_27.256;
T_27.157 ;
    %pushi/vec4 94, 0, 8;
    %store/vec4 v000001d9d066c380_0, 0, 8;
    %jmp T_27.256;
T_27.158 ;
    %pushi/vec4 11, 0, 8;
    %store/vec4 v000001d9d066c380_0, 0, 8;
    %jmp T_27.256;
T_27.159 ;
    %pushi/vec4 219, 0, 8;
    %store/vec4 v000001d9d066c380_0, 0, 8;
    %jmp T_27.256;
T_27.160 ;
    %pushi/vec4 224, 0, 8;
    %store/vec4 v000001d9d066c380_0, 0, 8;
    %jmp T_27.256;
T_27.161 ;
    %pushi/vec4 50, 0, 8;
    %store/vec4 v000001d9d066c380_0, 0, 8;
    %jmp T_27.256;
T_27.162 ;
    %pushi/vec4 58, 0, 8;
    %store/vec4 v000001d9d066c380_0, 0, 8;
    %jmp T_27.256;
T_27.163 ;
    %pushi/vec4 10, 0, 8;
    %store/vec4 v000001d9d066c380_0, 0, 8;
    %jmp T_27.256;
T_27.164 ;
    %pushi/vec4 73, 0, 8;
    %store/vec4 v000001d9d066c380_0, 0, 8;
    %jmp T_27.256;
T_27.165 ;
    %pushi/vec4 6, 0, 8;
    %store/vec4 v000001d9d066c380_0, 0, 8;
    %jmp T_27.256;
T_27.166 ;
    %pushi/vec4 36, 0, 8;
    %store/vec4 v000001d9d066c380_0, 0, 8;
    %jmp T_27.256;
T_27.167 ;
    %pushi/vec4 92, 0, 8;
    %store/vec4 v000001d9d066c380_0, 0, 8;
    %jmp T_27.256;
T_27.168 ;
    %pushi/vec4 194, 0, 8;
    %store/vec4 v000001d9d066c380_0, 0, 8;
    %jmp T_27.256;
T_27.169 ;
    %pushi/vec4 211, 0, 8;
    %store/vec4 v000001d9d066c380_0, 0, 8;
    %jmp T_27.256;
T_27.170 ;
    %pushi/vec4 172, 0, 8;
    %store/vec4 v000001d9d066c380_0, 0, 8;
    %jmp T_27.256;
T_27.171 ;
    %pushi/vec4 98, 0, 8;
    %store/vec4 v000001d9d066c380_0, 0, 8;
    %jmp T_27.256;
T_27.172 ;
    %pushi/vec4 145, 0, 8;
    %store/vec4 v000001d9d066c380_0, 0, 8;
    %jmp T_27.256;
T_27.173 ;
    %pushi/vec4 149, 0, 8;
    %store/vec4 v000001d9d066c380_0, 0, 8;
    %jmp T_27.256;
T_27.174 ;
    %pushi/vec4 228, 0, 8;
    %store/vec4 v000001d9d066c380_0, 0, 8;
    %jmp T_27.256;
T_27.175 ;
    %pushi/vec4 121, 0, 8;
    %store/vec4 v000001d9d066c380_0, 0, 8;
    %jmp T_27.256;
T_27.176 ;
    %pushi/vec4 231, 0, 8;
    %store/vec4 v000001d9d066c380_0, 0, 8;
    %jmp T_27.256;
T_27.177 ;
    %pushi/vec4 200, 0, 8;
    %store/vec4 v000001d9d066c380_0, 0, 8;
    %jmp T_27.256;
T_27.178 ;
    %pushi/vec4 55, 0, 8;
    %store/vec4 v000001d9d066c380_0, 0, 8;
    %jmp T_27.256;
T_27.179 ;
    %pushi/vec4 109, 0, 8;
    %store/vec4 v000001d9d066c380_0, 0, 8;
    %jmp T_27.256;
T_27.180 ;
    %pushi/vec4 141, 0, 8;
    %store/vec4 v000001d9d066c380_0, 0, 8;
    %jmp T_27.256;
T_27.181 ;
    %pushi/vec4 213, 0, 8;
    %store/vec4 v000001d9d066c380_0, 0, 8;
    %jmp T_27.256;
T_27.182 ;
    %pushi/vec4 78, 0, 8;
    %store/vec4 v000001d9d066c380_0, 0, 8;
    %jmp T_27.256;
T_27.183 ;
    %pushi/vec4 169, 0, 8;
    %store/vec4 v000001d9d066c380_0, 0, 8;
    %jmp T_27.256;
T_27.184 ;
    %pushi/vec4 108, 0, 8;
    %store/vec4 v000001d9d066c380_0, 0, 8;
    %jmp T_27.256;
T_27.185 ;
    %pushi/vec4 86, 0, 8;
    %store/vec4 v000001d9d066c380_0, 0, 8;
    %jmp T_27.256;
T_27.186 ;
    %pushi/vec4 244, 0, 8;
    %store/vec4 v000001d9d066c380_0, 0, 8;
    %jmp T_27.256;
T_27.187 ;
    %pushi/vec4 234, 0, 8;
    %store/vec4 v000001d9d066c380_0, 0, 8;
    %jmp T_27.256;
T_27.188 ;
    %pushi/vec4 101, 0, 8;
    %store/vec4 v000001d9d066c380_0, 0, 8;
    %jmp T_27.256;
T_27.189 ;
    %pushi/vec4 122, 0, 8;
    %store/vec4 v000001d9d066c380_0, 0, 8;
    %jmp T_27.256;
T_27.190 ;
    %pushi/vec4 174, 0, 8;
    %store/vec4 v000001d9d066c380_0, 0, 8;
    %jmp T_27.256;
T_27.191 ;
    %pushi/vec4 8, 0, 8;
    %store/vec4 v000001d9d066c380_0, 0, 8;
    %jmp T_27.256;
T_27.192 ;
    %pushi/vec4 186, 0, 8;
    %store/vec4 v000001d9d066c380_0, 0, 8;
    %jmp T_27.256;
T_27.193 ;
    %pushi/vec4 120, 0, 8;
    %store/vec4 v000001d9d066c380_0, 0, 8;
    %jmp T_27.256;
T_27.194 ;
    %pushi/vec4 37, 0, 8;
    %store/vec4 v000001d9d066c380_0, 0, 8;
    %jmp T_27.256;
T_27.195 ;
    %pushi/vec4 46, 0, 8;
    %store/vec4 v000001d9d066c380_0, 0, 8;
    %jmp T_27.256;
T_27.196 ;
    %pushi/vec4 28, 0, 8;
    %store/vec4 v000001d9d066c380_0, 0, 8;
    %jmp T_27.256;
T_27.197 ;
    %pushi/vec4 166, 0, 8;
    %store/vec4 v000001d9d066c380_0, 0, 8;
    %jmp T_27.256;
T_27.198 ;
    %pushi/vec4 180, 0, 8;
    %store/vec4 v000001d9d066c380_0, 0, 8;
    %jmp T_27.256;
T_27.199 ;
    %pushi/vec4 198, 0, 8;
    %store/vec4 v000001d9d066c380_0, 0, 8;
    %jmp T_27.256;
T_27.200 ;
    %pushi/vec4 232, 0, 8;
    %store/vec4 v000001d9d066c380_0, 0, 8;
    %jmp T_27.256;
T_27.201 ;
    %pushi/vec4 221, 0, 8;
    %store/vec4 v000001d9d066c380_0, 0, 8;
    %jmp T_27.256;
T_27.202 ;
    %pushi/vec4 116, 0, 8;
    %store/vec4 v000001d9d066c380_0, 0, 8;
    %jmp T_27.256;
T_27.203 ;
    %pushi/vec4 31, 0, 8;
    %store/vec4 v000001d9d066c380_0, 0, 8;
    %jmp T_27.256;
T_27.204 ;
    %pushi/vec4 75, 0, 8;
    %store/vec4 v000001d9d066c380_0, 0, 8;
    %jmp T_27.256;
T_27.205 ;
    %pushi/vec4 189, 0, 8;
    %store/vec4 v000001d9d066c380_0, 0, 8;
    %jmp T_27.256;
T_27.206 ;
    %pushi/vec4 139, 0, 8;
    %store/vec4 v000001d9d066c380_0, 0, 8;
    %jmp T_27.256;
T_27.207 ;
    %pushi/vec4 138, 0, 8;
    %store/vec4 v000001d9d066c380_0, 0, 8;
    %jmp T_27.256;
T_27.208 ;
    %pushi/vec4 112, 0, 8;
    %store/vec4 v000001d9d066c380_0, 0, 8;
    %jmp T_27.256;
T_27.209 ;
    %pushi/vec4 62, 0, 8;
    %store/vec4 v000001d9d066c380_0, 0, 8;
    %jmp T_27.256;
T_27.210 ;
    %pushi/vec4 181, 0, 8;
    %store/vec4 v000001d9d066c380_0, 0, 8;
    %jmp T_27.256;
T_27.211 ;
    %pushi/vec4 102, 0, 8;
    %store/vec4 v000001d9d066c380_0, 0, 8;
    %jmp T_27.256;
T_27.212 ;
    %pushi/vec4 72, 0, 8;
    %store/vec4 v000001d9d066c380_0, 0, 8;
    %jmp T_27.256;
T_27.213 ;
    %pushi/vec4 3, 0, 8;
    %store/vec4 v000001d9d066c380_0, 0, 8;
    %jmp T_27.256;
T_27.214 ;
    %pushi/vec4 246, 0, 8;
    %store/vec4 v000001d9d066c380_0, 0, 8;
    %jmp T_27.256;
T_27.215 ;
    %pushi/vec4 14, 0, 8;
    %store/vec4 v000001d9d066c380_0, 0, 8;
    %jmp T_27.256;
T_27.216 ;
    %pushi/vec4 97, 0, 8;
    %store/vec4 v000001d9d066c380_0, 0, 8;
    %jmp T_27.256;
T_27.217 ;
    %pushi/vec4 53, 0, 8;
    %store/vec4 v000001d9d066c380_0, 0, 8;
    %jmp T_27.256;
T_27.218 ;
    %pushi/vec4 87, 0, 8;
    %store/vec4 v000001d9d066c380_0, 0, 8;
    %jmp T_27.256;
T_27.219 ;
    %pushi/vec4 185, 0, 8;
    %store/vec4 v000001d9d066c380_0, 0, 8;
    %jmp T_27.256;
T_27.220 ;
    %pushi/vec4 134, 0, 8;
    %store/vec4 v000001d9d066c380_0, 0, 8;
    %jmp T_27.256;
T_27.221 ;
    %pushi/vec4 193, 0, 8;
    %store/vec4 v000001d9d066c380_0, 0, 8;
    %jmp T_27.256;
T_27.222 ;
    %pushi/vec4 29, 0, 8;
    %store/vec4 v000001d9d066c380_0, 0, 8;
    %jmp T_27.256;
T_27.223 ;
    %pushi/vec4 158, 0, 8;
    %store/vec4 v000001d9d066c380_0, 0, 8;
    %jmp T_27.256;
T_27.224 ;
    %pushi/vec4 225, 0, 8;
    %store/vec4 v000001d9d066c380_0, 0, 8;
    %jmp T_27.256;
T_27.225 ;
    %pushi/vec4 248, 0, 8;
    %store/vec4 v000001d9d066c380_0, 0, 8;
    %jmp T_27.256;
T_27.226 ;
    %pushi/vec4 152, 0, 8;
    %store/vec4 v000001d9d066c380_0, 0, 8;
    %jmp T_27.256;
T_27.227 ;
    %pushi/vec4 17, 0, 8;
    %store/vec4 v000001d9d066c380_0, 0, 8;
    %jmp T_27.256;
T_27.228 ;
    %pushi/vec4 105, 0, 8;
    %store/vec4 v000001d9d066c380_0, 0, 8;
    %jmp T_27.256;
T_27.229 ;
    %pushi/vec4 217, 0, 8;
    %store/vec4 v000001d9d066c380_0, 0, 8;
    %jmp T_27.256;
T_27.230 ;
    %pushi/vec4 142, 0, 8;
    %store/vec4 v000001d9d066c380_0, 0, 8;
    %jmp T_27.256;
T_27.231 ;
    %pushi/vec4 148, 0, 8;
    %store/vec4 v000001d9d066c380_0, 0, 8;
    %jmp T_27.256;
T_27.232 ;
    %pushi/vec4 155, 0, 8;
    %store/vec4 v000001d9d066c380_0, 0, 8;
    %jmp T_27.256;
T_27.233 ;
    %pushi/vec4 30, 0, 8;
    %store/vec4 v000001d9d066c380_0, 0, 8;
    %jmp T_27.256;
T_27.234 ;
    %pushi/vec4 135, 0, 8;
    %store/vec4 v000001d9d066c380_0, 0, 8;
    %jmp T_27.256;
T_27.235 ;
    %pushi/vec4 233, 0, 8;
    %store/vec4 v000001d9d066c380_0, 0, 8;
    %jmp T_27.256;
T_27.236 ;
    %pushi/vec4 206, 0, 8;
    %store/vec4 v000001d9d066c380_0, 0, 8;
    %jmp T_27.256;
T_27.237 ;
    %pushi/vec4 85, 0, 8;
    %store/vec4 v000001d9d066c380_0, 0, 8;
    %jmp T_27.256;
T_27.238 ;
    %pushi/vec4 40, 0, 8;
    %store/vec4 v000001d9d066c380_0, 0, 8;
    %jmp T_27.256;
T_27.239 ;
    %pushi/vec4 223, 0, 8;
    %store/vec4 v000001d9d066c380_0, 0, 8;
    %jmp T_27.256;
T_27.240 ;
    %pushi/vec4 140, 0, 8;
    %store/vec4 v000001d9d066c380_0, 0, 8;
    %jmp T_27.256;
T_27.241 ;
    %pushi/vec4 161, 0, 8;
    %store/vec4 v000001d9d066c380_0, 0, 8;
    %jmp T_27.256;
T_27.242 ;
    %pushi/vec4 137, 0, 8;
    %store/vec4 v000001d9d066c380_0, 0, 8;
    %jmp T_27.256;
T_27.243 ;
    %pushi/vec4 13, 0, 8;
    %store/vec4 v000001d9d066c380_0, 0, 8;
    %jmp T_27.256;
T_27.244 ;
    %pushi/vec4 191, 0, 8;
    %store/vec4 v000001d9d066c380_0, 0, 8;
    %jmp T_27.256;
T_27.245 ;
    %pushi/vec4 230, 0, 8;
    %store/vec4 v000001d9d066c380_0, 0, 8;
    %jmp T_27.256;
T_27.246 ;
    %pushi/vec4 66, 0, 8;
    %store/vec4 v000001d9d066c380_0, 0, 8;
    %jmp T_27.256;
T_27.247 ;
    %pushi/vec4 104, 0, 8;
    %store/vec4 v000001d9d066c380_0, 0, 8;
    %jmp T_27.256;
T_27.248 ;
    %pushi/vec4 65, 0, 8;
    %store/vec4 v000001d9d066c380_0, 0, 8;
    %jmp T_27.256;
T_27.249 ;
    %pushi/vec4 153, 0, 8;
    %store/vec4 v000001d9d066c380_0, 0, 8;
    %jmp T_27.256;
T_27.250 ;
    %pushi/vec4 45, 0, 8;
    %store/vec4 v000001d9d066c380_0, 0, 8;
    %jmp T_27.256;
T_27.251 ;
    %pushi/vec4 15, 0, 8;
    %store/vec4 v000001d9d066c380_0, 0, 8;
    %jmp T_27.256;
T_27.252 ;
    %pushi/vec4 176, 0, 8;
    %store/vec4 v000001d9d066c380_0, 0, 8;
    %jmp T_27.256;
T_27.253 ;
    %pushi/vec4 84, 0, 8;
    %store/vec4 v000001d9d066c380_0, 0, 8;
    %jmp T_27.256;
T_27.254 ;
    %pushi/vec4 187, 0, 8;
    %store/vec4 v000001d9d066c380_0, 0, 8;
    %jmp T_27.256;
T_27.255 ;
    %pushi/vec4 22, 0, 8;
    %store/vec4 v000001d9d066c380_0, 0, 8;
    %jmp T_27.256;
T_27.256 ;
    %pop/vec4 1;
    %jmp T_27;
    .thread T_27, $push;
    .scope S_000001d9d0673f70;
T_28 ;
    %wait E_000001d9d05b6920;
    %load/vec4 v000001d9d066c9c0_0;
    %nor/r;
    %flag_set/vec4 8;
    %jmp/0xz  T_28.0, 8;
    %pushi/vec4 0, 0, 128;
    %assign/vec4 v000001d9d066bfc0_0, 0;
    %jmp T_28.1;
T_28.0 ;
    %ix/load 4, 15, 0;
    %flag_set/imm 4, 0;
    %load/vec4a v000001d9d066c560, 4;
    %ix/load 4, 14, 0;
    %flag_set/imm 4, 0;
    %load/vec4a v000001d9d066c560, 4;
    %concat/vec4; draw_concat_vec4
    %ix/load 4, 13, 0;
    %flag_set/imm 4, 0;
    %load/vec4a v000001d9d066c560, 4;
    %concat/vec4; draw_concat_vec4
    %ix/load 4, 12, 0;
    %flag_set/imm 4, 0;
    %load/vec4a v000001d9d066c560, 4;
    %concat/vec4; draw_concat_vec4
    %ix/load 4, 11, 0;
    %flag_set/imm 4, 0;
    %load/vec4a v000001d9d066c560, 4;
    %concat/vec4; draw_concat_vec4
    %ix/load 4, 10, 0;
    %flag_set/imm 4, 0;
    %load/vec4a v000001d9d066c560, 4;
    %concat/vec4; draw_concat_vec4
    %ix/load 4, 9, 0;
    %flag_set/imm 4, 0;
    %load/vec4a v000001d9d066c560, 4;
    %concat/vec4; draw_concat_vec4
    %ix/load 4, 8, 0;
    %flag_set/imm 4, 0;
    %load/vec4a v000001d9d066c560, 4;
    %concat/vec4; draw_concat_vec4
    %ix/load 4, 7, 0;
    %flag_set/imm 4, 0;
    %load/vec4a v000001d9d066c560, 4;
    %concat/vec4; draw_concat_vec4
    %ix/load 4, 6, 0;
    %flag_set/imm 4, 0;
    %load/vec4a v000001d9d066c560, 4;
    %concat/vec4; draw_concat_vec4
    %ix/load 4, 5, 0;
    %flag_set/imm 4, 0;
    %load/vec4a v000001d9d066c560, 4;
    %concat/vec4; draw_concat_vec4
    %ix/load 4, 4, 0;
    %flag_set/imm 4, 0;
    %load/vec4a v000001d9d066c560, 4;
    %concat/vec4; draw_concat_vec4
    %ix/load 4, 3, 0;
    %flag_set/imm 4, 0;
    %load/vec4a v000001d9d066c560, 4;
    %concat/vec4; draw_concat_vec4
    %ix/load 4, 2, 0;
    %flag_set/imm 4, 0;
    %load/vec4a v000001d9d066c560, 4;
    %concat/vec4; draw_concat_vec4
    %ix/load 4, 1, 0;
    %flag_set/imm 4, 0;
    %load/vec4a v000001d9d066c560, 4;
    %concat/vec4; draw_concat_vec4
    %ix/load 4, 0, 0;
    %flag_set/imm 4, 0;
    %load/vec4a v000001d9d066c560, 4;
    %concat/vec4; draw_concat_vec4
    %assign/vec4 v000001d9d066bfc0_0, 0;
T_28.1 ;
    %jmp T_28;
    .thread T_28;
    .scope S_000001d9d0676c00;
T_29 ;
    %wait E_000001d9d05b8760;
    %load/vec4 v000001d9d066d6e0_0;
    %dup/vec4;
    %pushi/vec4 0, 0, 3;
    %cmp/u;
    %jmp/1 T_29.0, 6;
    %dup/vec4;
    %pushi/vec4 1, 0, 3;
    %cmp/u;
    %jmp/1 T_29.1, 6;
    %dup/vec4;
    %pushi/vec4 2, 0, 3;
    %cmp/u;
    %jmp/1 T_29.2, 6;
    %dup/vec4;
    %pushi/vec4 3, 0, 3;
    %cmp/u;
    %jmp/1 T_29.3, 6;
    %dup/vec4;
    %pushi/vec4 4, 0, 3;
    %cmp/u;
    %jmp/1 T_29.4, 6;
    %dup/vec4;
    %pushi/vec4 5, 0, 3;
    %cmp/u;
    %jmp/1 T_29.5, 6;
    %jmp T_29.6;
T_29.0 ;
    %load/vec4 v000001d9d066c600_0;
    %load/vec4 v000001d9d066c880_0;
    %and;
    %flag_set/vec4 8;
    %jmp/0xz  T_29.7, 8;
    %pushi/vec4 1, 0, 3;
    %store/vec4 v000001d9d066cd80_0, 0, 3;
    %jmp T_29.8;
T_29.7 ;
    %load/vec4 v000001d9d066c740_0;
    %flag_set/vec4 8;
    %jmp/0xz  T_29.9, 8;
    %pushi/vec4 3, 0, 3;
    %store/vec4 v000001d9d066cd80_0, 0, 3;
    %jmp T_29.10;
T_29.9 ;
    %pushi/vec4 0, 0, 3;
    %store/vec4 v000001d9d066cd80_0, 0, 3;
T_29.10 ;
T_29.8 ;
    %jmp T_29.6;
T_29.1 ;
    %pushi/vec4 2, 0, 3;
    %store/vec4 v000001d9d066cd80_0, 0, 3;
    %jmp T_29.6;
T_29.2 ;
    %load/vec4 v000001d9d066c7e0_0;
    %flag_set/vec4 8;
    %jmp/0 T_29.11, 8;
    %pushi/vec4 3, 0, 32;
    %jmp/1 T_29.12, 8;
T_29.11 ; End of true expr.
    %pushi/vec4 2, 0, 32;
    %jmp/0 T_29.12, 8;
 ; End of false expr.
    %blend;
T_29.12;
    %pad/s 3;
    %store/vec4 v000001d9d066cd80_0, 0, 3;
    %jmp T_29.6;
T_29.3 ;
    %load/vec4 v000001d9d066e360_0;
    %flag_set/vec4 8;
    %jmp/0 T_29.13, 8;
    %pushi/vec4 4, 0, 32;
    %jmp/1 T_29.14, 8;
T_29.13 ; End of true expr.
    %pushi/vec4 0, 0, 32;
    %jmp/0 T_29.14, 8;
 ; End of false expr.
    %blend;
T_29.14;
    %pad/s 3;
    %store/vec4 v000001d9d066cd80_0, 0, 3;
    %jmp T_29.6;
T_29.4 ;
    %load/vec4 v000001d9d066e400_0;
    %flag_set/vec4 8;
    %jmp/0 T_29.15, 8;
    %pushi/vec4 5, 0, 32;
    %jmp/1 T_29.16, 8;
T_29.15 ; End of true expr.
    %pushi/vec4 4, 0, 32;
    %jmp/0 T_29.16, 8;
 ; End of false expr.
    %blend;
T_29.16;
    %pad/s 3;
    %store/vec4 v000001d9d066cd80_0, 0, 3;
    %jmp T_29.6;
T_29.5 ;
    %pushi/vec4 0, 0, 3;
    %store/vec4 v000001d9d066cd80_0, 0, 3;
    %jmp T_29.6;
T_29.6 ;
    %pop/vec4 1;
    %jmp T_29;
    .thread T_29, $push;
    .scope S_000001d9d0676c00;
T_30 ;
    %wait E_000001d9d05b6920;
    %load/vec4 v000001d9d066d1e0_0;
    %inv;
    %flag_set/vec4 8;
    %jmp/0xz  T_30.0, 8;
    %pushi/vec4 0, 0, 3;
    %assign/vec4 v000001d9d066d6e0_0, 0;
    %jmp T_30.1;
T_30.0 ;
    %load/vec4 v000001d9d066cd80_0;
    %assign/vec4 v000001d9d066d6e0_0, 0;
    %load/vec4 v000001d9d066c740_0;
    %flag_set/vec4 8;
    %jmp/0xz  T_30.2, 8;
    %pushi/vec4 1, 0, 1;
    %assign/vec4 v000001d9d066e360_0, 0;
    %jmp T_30.3;
T_30.2 ;
    %load/vec4 v000001d9d066d6e0_0;
    %pad/u 32;
    %cmpi/e 5, 0, 32;
    %jmp/0xz  T_30.4, 4;
    %pushi/vec4 0, 0, 1;
    %assign/vec4 v000001d9d066e360_0, 0;
T_30.4 ;
T_30.3 ;
T_30.1 ;
    %jmp T_30;
    .thread T_30;
    .scope S_000001d9d0676c00;
T_31 ;
    %wait E_000001d9d05b8a60;
    %pushi/vec4 0, 0, 1;
    %store/vec4 v000001d9d066d280_0, 0, 1;
    %pushi/vec4 0, 0, 1;
    %store/vec4 v000001d9d066cc40_0, 0, 1;
    %pushi/vec4 0, 0, 1;
    %store/vec4 v000001d9d066c100_0, 0, 1;
    %pushi/vec4 0, 0, 1;
    %store/vec4 v000001d9d066d140_0, 0, 1;
    %pushi/vec4 0, 0, 1;
    %store/vec4 v000001d9d066d3c0_0, 0, 1;
    %pushi/vec4 0, 0, 1;
    %store/vec4 v000001d9d066cba0_0, 0, 1;
    %pushi/vec4 0, 0, 1;
    %store/vec4 v000001d9d066d640_0, 0, 1;
    %pushi/vec4 0, 0, 1;
    %store/vec4 v000001d9d066d5a0_0, 0, 1;
    %load/vec4 v000001d9d066d6e0_0;
    %dup/vec4;
    %pushi/vec4 0, 0, 3;
    %cmp/u;
    %jmp/1 T_31.0, 6;
    %dup/vec4;
    %pushi/vec4 1, 0, 3;
    %cmp/u;
    %jmp/1 T_31.1, 6;
    %dup/vec4;
    %pushi/vec4 3, 0, 3;
    %cmp/u;
    %jmp/1 T_31.2, 6;
    %dup/vec4;
    %pushi/vec4 5, 0, 3;
    %cmp/u;
    %jmp/1 T_31.3, 6;
    %jmp T_31.4;
T_31.0 ;
    %pushi/vec4 0, 0, 1;
    %store/vec4 v000001d9d066d280_0, 0, 1;
    %pushi/vec4 0, 0, 1;
    %store/vec4 v000001d9d066cc40_0, 0, 1;
    %pushi/vec4 0, 0, 1;
    %store/vec4 v000001d9d066c100_0, 0, 1;
    %pushi/vec4 0, 0, 1;
    %store/vec4 v000001d9d066d140_0, 0, 1;
    %pushi/vec4 0, 0, 1;
    %store/vec4 v000001d9d066d3c0_0, 0, 1;
    %pushi/vec4 0, 0, 1;
    %store/vec4 v000001d9d066cba0_0, 0, 1;
    %pushi/vec4 0, 0, 1;
    %store/vec4 v000001d9d066d640_0, 0, 1;
    %pushi/vec4 0, 0, 1;
    %store/vec4 v000001d9d066d5a0_0, 0, 1;
    %jmp T_31.4;
T_31.1 ;
    %pushi/vec4 0, 0, 1;
    %store/vec4 v000001d9d066d280_0, 0, 1;
    %pushi/vec4 1, 0, 1;
    %store/vec4 v000001d9d066cc40_0, 0, 1;
    %pushi/vec4 1, 0, 1;
    %store/vec4 v000001d9d066d3c0_0, 0, 1;
    %jmp T_31.4;
T_31.2 ;
    %load/vec4 v000001d9d066e360_0;
    %flag_set/vec4 8;
    %jmp/0xz  T_31.5, 8;
    %pushi/vec4 1, 0, 1;
    %store/vec4 v000001d9d066d280_0, 0, 1;
    %pushi/vec4 1, 0, 1;
    %store/vec4 v000001d9d066c100_0, 0, 1;
    %pushi/vec4 1, 0, 1;
    %store/vec4 v000001d9d066d140_0, 0, 1;
T_31.5 ;
    %jmp T_31.4;
T_31.3 ;
    %pushi/vec4 1, 0, 1;
    %store/vec4 v000001d9d066d5a0_0, 0, 1;
    %jmp T_31.4;
T_31.4 ;
    %pop/vec4 1;
    %jmp T_31;
    .thread T_31, $push;
    .scope S_000001d9d05fc6e0;
T_32 ;
    %delay 5, 0;
    %load/vec4 v000001d9d06702a0_0;
    %inv;
    %store/vec4 v000001d9d06702a0_0, 0, 1;
    %jmp T_32;
    .thread T_32;
    .scope S_000001d9d05fc6e0;
T_33 ;
    %vpi_call 2 28 "$dumpfile", "AES_tb.vcd" {0 0 0};
    %vpi_call 2 29 "$dumpvars", 32'sb00000000000000000000000000000000, S_000001d9d05fc6e0 {0 0 0};
    %pushi/vec4 0, 0, 1;
    %store/vec4 v000001d9d06702a0_0, 0, 1;
    %pushi/vec4 0, 0, 1;
    %store/vec4 v000001d9d066fb20_0, 0, 1;
    %pushi/vec4 0, 0, 128;
    %store/vec4 v000001d9d066ec20_0, 0, 128;
    %pushi/vec4 0, 0, 1;
    %store/vec4 v000001d9d066f580_0, 0, 1;
    %pushi/vec4 0, 0, 1;
    %store/vec4 v000001d9d066fe40_0, 0, 1;
    %delay 10, 0;
    %pushi/vec4 1, 0, 1;
    %store/vec4 v000001d9d066fb20_0, 0, 1;
    %delay 10, 0;
    %pushi/vec4 1, 0, 1;
    %store/vec4 v000001d9d066fe40_0, 0, 1;
    %pushi/vec4 2832253672, 0, 33;
    %concati/vec4 3863010034, 0, 32;
    %concati/vec4 2167264697, 0, 33;
    %concati/vec4 656426613, 0, 30;
    %store/vec4 v000001d9d066ec20_0, 0, 128;
    %delay 10, 0;
    %pushi/vec4 0, 0, 1;
    %store/vec4 v000001d9d066fe40_0, 0, 1;
    %pushi/vec4 1, 0, 1;
    %store/vec4 v000001d9d066f580_0, 0, 1;
    %pushi/vec4 2834226752, 0, 33;
    %concati/vec4 2665269824, 0, 32;
    %concati/vec4 2631064778, 0, 32;
    %concati/vec4 542406511, 0, 31;
    %store/vec4 v000001d9d066ec20_0, 0, 128;
    %delay 10, 0;
    %pushi/vec4 0, 0, 1;
    %store/vec4 v000001d9d066f580_0, 0, 1;
    %delay 500, 0;
    %vpi_call 2 49 "$finish" {0 0 0};
    %end;
    .thread T_33;
# The file index is used to find the file name in the following table.
:file_names 23;
    "N/A";
    "<interactive>";
    "AES128_tb.v";
    "./AES128.v";
    "./InputInterface.v";
    "./KeyLogic.v";
    "./KeyLogic_Controller.v";
    "./Mux2.v";
    "./Registerfile.v";
    "./RotWord.v";
    "./Xorr.v";
    "./Rcon.v";
    "./ProcessingCore.v";
    "./AddRoundKey.v";
    "./MixColumns_AddRoundKey.v";
    "./MixColumns.v";
    "./mul2.v";
    "./mul3.v";
    "./ProcessingCore_Controller.v";
    "./ShiftRows.v";
    "./Sbox_wrapper.v";
    "./sbox.v";
    "./SystemController.v";
