#! /c/Source/iverilog-install/bin/vvp
:ivl_version "12.0 (devel)" "(s20150603-1110-g18392a46)";
:ivl_delay_selection "TYPICAL";
:vpi_time_precision + 0;
:vpi_module "D:\iverilog\iverilog\lib\ivl\system.vpi";
:vpi_module "D:\iverilog\iverilog\lib\ivl\vhdl_sys.vpi";
:vpi_module "D:\iverilog\iverilog\lib\ivl\vhdl_textio.vpi";
:vpi_module "D:\iverilog\iverilog\lib\ivl\v2005_math.vpi";
:vpi_module "D:\iverilog\iverilog\lib\ivl\va_math.vpi";
S_00000174f7d173a0 .scope module, "AES128_Pipelinev1_tb" "AES128_Pipelinev1_tb" 2 3;
 .timescale 0 0;
v00000174f7e96c00_0 .net "ciphertext", 127 0, L_00000174f7eef3e0;  1 drivers
v00000174f7e97f60_0 .var "clk", 0 0;
v00000174f7e962a0_0 .net "ctvalid_sc", 0 0, L_00000174f7eee340;  1 drivers
v00000174f7e97b00_0 .var "key_plaintext", 127 0;
v00000174f7e980a0_0 .var "loaddata", 0 0;
v00000174f7e96d40_0 .var "loadkey", 0 0;
v00000174f7e974c0_0 .net "ready_new_input", 0 0, L_00000174f7eeff40;  1 drivers
v00000174f7e97740_0 .net "ready_new_key", 0 0, v00000174f7e909c0_0;  1 drivers
v00000174f7e97c40_0 .var "rst_n", 0 0;
S_00000174f7a9afd0 .scope module, "dut" "AES128_Pipelinev1" 2 15, 3 8 0, S_00000174f7d173a0;
 .timescale 0 0;
    .port_info 0 /INPUT 1 "clk";
    .port_info 1 /INPUT 1 "rst_n";
    .port_info 2 /INPUT 128 "key_plaintext";
    .port_info 3 /INPUT 1 "loadkey";
    .port_info 4 /INPUT 1 "loaddata";
    .port_info 5 /OUTPUT 1 "ready_new_input";
    .port_info 6 /OUTPUT 1 "ready_new_key";
    .port_info 7 /OUTPUT 128 "ciphertext";
    .port_info 8 /OUTPUT 1 "ctvalid_sc";
L_00000174f7eee260 .functor BUFZ 128, v00000174f7e8f840_0, C4<00000000000000000000000000000000000000000000000000000000000000000000000000000000000000000000000000000000000000000000000000000000>, C4<00000000000000000000000000000000000000000000000000000000000000000000000000000000000000000000000000000000000000000000000000000000>, C4<00000000000000000000000000000000000000000000000000000000000000000000000000000000000000000000000000000000000000000000000000000000>;
L_00000174f7eeff40 .functor BUFZ 1, v00000174f7e90a60_0, C4<0>, C4<0>, C4<0>;
v00000174f7e96e80_0 .net "InputBlk", 127 0, L_00000174f7e97920;  1 drivers
v00000174f7e977e0_0 .net "Key_data", 127 0, L_00000174f7c2e2a0;  1 drivers
v00000174f7e96f20_0 .net "Key_rd_kl", 0 0, v00000174f7e902e0_0;  1 drivers
L_00000174f7e9fea0 .functor BUFT 1, C4<000000000000000000000000000000000000000000000000000000000000000000000000000000000000000000000000>, C4<0>, C4<0>, C4<0>;
v00000174f7e98280_0 .net/2u *"_ivl_0", 95 0, L_00000174f7e9fea0;  1 drivers
v00000174f7e98320_0 .net "addr_data", 1 0, v00000174f7e907e0_0;  1 drivers
v00000174f7e96700_0 .net "addr_key_kl", 3 0, v00000174f7e8c780_0;  1 drivers
v00000174f7e979c0_0 .net "ciphertext", 127 0, L_00000174f7eef3e0;  alias, 1 drivers
v00000174f7e967a0_0 .net "clk", 0 0, v00000174f7e97f60_0;  1 drivers
v00000174f7e983c0_0 .net "ctvalid1", 0 0, v00000174f7e8d180_0;  1 drivers
v00000174f7e97e20_0 .net "ctvalid2", 0 0, v00000174f7e8bc40_0;  1 drivers
v00000174f7e97ba0_0 .net "ctvalid_sc", 0 0, L_00000174f7eee340;  alias, 1 drivers
v00000174f7e97a60_0 .net "data_rd_pc", 0 0, v00000174f7e90b00_0;  1 drivers
v00000174f7e972e0_0 .net "datard_if", 0 0, v00000174f7d11a60_0;  1 drivers
v00000174f7e97240_0 .net "done_kl", 0 0, v00000174f7d11ce0_0;  1 drivers
v00000174f7e96980_0 .net "key_plaintext", 127 0, v00000174f7e97b00_0;  1 drivers
v00000174f7e97420_0 .net "keynewinput_if", 0 0, v00000174f7d11c40_0;  1 drivers
v00000174f7e971a0_0 .net "keyrd_if", 0 0, v00000174f7d123c0_0;  1 drivers
v00000174f7e98640_0 .net "loaddata", 0 0, v00000174f7e980a0_0;  1 drivers
v00000174f7e96480_0 .net "loadkey", 0 0, v00000174f7e96d40_0;  1 drivers
v00000174f7e97380_0 .net "readdata", 0 0, v00000174f7e91000_0;  1 drivers
v00000174f7e96520_0 .net "readkey", 0 0, v00000174f7e90c40_0;  1 drivers
v00000174f7e96660_0 .net "ready_new_input", 0 0, L_00000174f7eeff40;  alias, 1 drivers
v00000174f7e96fc0_0 .net "ready_new_input_pc", 0 0, L_00000174f7eee180;  1 drivers
v00000174f7e97060_0 .net "ready_new_input_sc", 0 0, v00000174f7e90a60_0;  1 drivers
v00000174f7e97100_0 .net "ready_new_key", 0 0, v00000174f7e909c0_0;  alias, 1 drivers
v00000174f7e96840_0 .net "ready_new_key_pc", 0 0, L_00000174f7ee79e0;  1 drivers
v00000174f7e968e0_0 .net "rot_out", 31 0, L_00000174f7e97d80;  1 drivers
v00000174f7e97600_0 .net "rot_out_tmp", 127 0, L_00000174f7ee73a0;  1 drivers
v00000174f7e97ec0_0 .net "rst_n", 0 0, v00000174f7e97c40_0;  1 drivers
v00000174f7e96a20_0 .net "sbox_in", 127 0, L_00000174f7e99a40;  1 drivers
v00000174f7e98500_0 .net "sbox_out", 127 0, L_00000174f7eee260;  1 drivers
v00000174f7e986e0_0 .net "src_sbox", 0 0, v00000174f7e965c0_0;  1 drivers
v00000174f7e98780_0 .net "state_in", 127 0, L_00000174f7ee6a40;  1 drivers
v00000174f7e96b60_0 .net "state_out", 127 0, v00000174f7e8f840_0;  1 drivers
v00000174f7e98000_0 .net "sub_in", 31 0, L_00000174f7ee7940;  1 drivers
L_00000174f7ee73a0 .concat [ 32 96 0 0], L_00000174f7e97d80, L_00000174f7e9fea0;
L_00000174f7ee7940 .part v00000174f7e8f840_0, 0, 32;
S_00000174f7a9b160 .scope module, "InputInterface_Pipeline_inst" "InputInterface_Pipeline" 3 26, 4 1 0, S_00000174f7a9afd0;
 .timescale 0 0;
    .port_info 0 /INPUT 1 "clk";
    .port_info 1 /INPUT 1 "rst_n";
    .port_info 2 /INPUT 128 "key_plaintext";
    .port_info 3 /INPUT 1 "loadkey";
    .port_info 4 /INPUT 1 "loaddata";
    .port_info 5 /INPUT 1 "readkey";
    .port_info 6 /INPUT 1 "readdata";
    .port_info 7 /INPUT 2 "addr_data";
    .port_info 8 /OUTPUT 1 "keyrd";
    .port_info 9 /OUTPUT 1 "datard";
    .port_info 10 /OUTPUT 128 "InputBlk";
    .port_info 11 /OUTPUT 1 "keynewinput";
v00000174f7d12e60_0 .net "InputBlk", 127 0, L_00000174f7e97920;  alias, 1 drivers
v00000174f7d12000_0 .var "InputBlk_reg", 127 0;
v00000174f7d121e0_0 .net *"_ivl_0", 127 0, L_00000174f7e98820;  1 drivers
v00000174f7d12d20_0 .net *"_ivl_2", 2 0, L_00000174f7e97880;  1 drivers
L_00000174f7e9e118 .functor BUFT 1, C4<0>, C4<0>, C4<0>, C4<0>;
v00000174f7d12140_0 .net *"_ivl_5", 0 0, L_00000174f7e9e118;  1 drivers
v00000174f7d11e20_0 .net *"_ivl_6", 127 0, L_00000174f7e96ac0;  1 drivers
v00000174f7d12a00_0 .net "addr_data", 1 0, v00000174f7e907e0_0;  alias, 1 drivers
v00000174f7d12dc0_0 .net "clk", 0 0, v00000174f7e97f60_0;  alias, 1 drivers
v00000174f7d11ec0_0 .var "cnt", 1 0;
v00000174f7d12f00 .array "data", 1 0, 127 0;
v00000174f7d11a60_0 .var "datard", 0 0;
v00000174f7d11d80_0 .var "key", 127 0;
v00000174f7d12be0_0 .net "key_plaintext", 127 0, v00000174f7e97b00_0;  alias, 1 drivers
v00000174f7d11c40_0 .var "keynewinput", 0 0;
v00000174f7d123c0_0 .var "keyrd", 0 0;
v00000174f7d12460_0 .net "loaddata", 0 0, v00000174f7e980a0_0;  alias, 1 drivers
v00000174f7d12780_0 .net "loadkey", 0 0, v00000174f7e96d40_0;  alias, 1 drivers
v00000174f7d11f60_0 .net "readdata", 0 0, v00000174f7e91000_0;  alias, 1 drivers
v00000174f7d12280_0 .net "readkey", 0 0, v00000174f7e90c40_0;  alias, 1 drivers
v00000174f7d12320_0 .net "rst_n", 0 0, v00000174f7e97c40_0;  alias, 1 drivers
E_00000174f7e05bd0/0 .event negedge, v00000174f7d12320_0;
E_00000174f7e05bd0/1 .event posedge, v00000174f7d12dc0_0;
E_00000174f7e05bd0 .event/or E_00000174f7e05bd0/0, E_00000174f7e05bd0/1;
L_00000174f7e98820 .array/port v00000174f7d12f00, L_00000174f7e97880;
L_00000174f7e97880 .concat [ 2 1 0 0], v00000174f7e907e0_0, L_00000174f7e9e118;
L_00000174f7e96ac0 .functor MUXZ 128, v00000174f7d12000_0, L_00000174f7e98820, v00000174f7e91000_0, C4<>;
L_00000174f7e97920 .functor MUXZ 128, L_00000174f7e96ac0, v00000174f7d11d80_0, v00000174f7e90c40_0, C4<>;
S_00000174f7a99bf0 .scope module, "KeyLogic_inst" "KeyLogic" 3 48, 5 7 0, S_00000174f7a9afd0;
 .timescale 0 0;
    .port_info 0 /INPUT 1 "clk";
    .port_info 1 /INPUT 1 "rst_n";
    .port_info 2 /INPUT 1 "Key_rd";
    .port_info 3 /INPUT 4 "addr_key";
    .port_info 4 /INPUT 128 "InputBlk";
    .port_info 5 /OUTPUT 1 "done";
    .port_info 6 /OUTPUT 1 "mode";
    .port_info 7 /OUTPUT 128 "Key_data";
    .port_info 8 /INPUT 32 "sub_in";
    .port_info 9 /OUTPUT 32 "rot_out";
L_00000174f7c2e2a0 .functor BUFZ 128, L_00000174f7c2deb0, C4<00000000000000000000000000000000000000000000000000000000000000000000000000000000000000000000000000000000000000000000000000000000>, C4<00000000000000000000000000000000000000000000000000000000000000000000000000000000000000000000000000000000000000000000000000000000>, C4<00000000000000000000000000000000000000000000000000000000000000000000000000000000000000000000000000000000000000000000000000000000>;
v00000174f7d0f300_0 .net "InputBlk", 127 0, L_00000174f7e97920;  alias, 1 drivers
v00000174f7d11060_0 .net "Key_data", 127 0, L_00000174f7c2e2a0;  alias, 1 drivers
v00000174f7d10f20_0 .net "Key_rd", 0 0, v00000174f7e902e0_0;  alias, 1 drivers
v00000174f7d0fc60_0 .net "addr_key", 3 0, v00000174f7e8c780_0;  alias, 1 drivers
v00000174f7d0f120_0 .net "clk", 0 0, v00000174f7e97f60_0;  alias, 1 drivers
v00000174f7d0f1c0_0 .net "din", 127 0, L_00000174f7e988c0;  1 drivers
v00000174f7d100c0_0 .net "done", 0 0, v00000174f7d11ce0_0;  alias, 1 drivers
v00000174f7d0f3a0_0 .net "dout", 127 0, L_00000174f7c2deb0;  1 drivers
v00000174f7d0f8a0_0 .net "key_new", 127 0, L_00000174f7e98960;  1 drivers
v00000174f7d11100_0 .net "mode", 0 0, v00000174f7d12640_0;  1 drivers
v00000174f7d0f940_0 .net "raddr", 3 0, v00000174f7d128c0_0;  1 drivers
v00000174f7d0f9e0_0 .net "rot_out", 31 0, L_00000174f7e97d80;  alias, 1 drivers
v00000174f7d0fb20_0 .net "round", 3 0, v00000174f7d12960_0;  1 drivers
v00000174f7d102a0_0 .net "rst_n", 0 0, v00000174f7e97c40_0;  alias, 1 drivers
v00000174f7d0fe40_0 .net "src_rf", 0 0, v00000174f7d11ba0_0;  1 drivers
v00000174f7d0fee0_0 .net "sub_in", 31 0, L_00000174f7ee7940;  alias, 1 drivers
v00000174f7d0ff80_0 .net "waddr", 3 0, v00000174f7d11920_0;  1 drivers
v00000174f7d10980_0 .net "wen", 0 0, v00000174f7d119c0_0;  1 drivers
L_00000174f7e98140 .part L_00000174f7c2deb0, 0, 32;
S_00000174f7a99d80 .scope module, "KeyLogic_Contronller_inst" "KeyLogic_Controller" 5 63, 6 1 0, S_00000174f7a99bf0;
 .timescale 0 0;
    .port_info 0 /INPUT 1 "clk";
    .port_info 1 /INPUT 1 "rst_n";
    .port_info 2 /INPUT 1 "Key_rd";
    .port_info 3 /INPUT 4 "addr_key";
    .port_info 4 /OUTPUT 1 "done";
    .port_info 5 /OUTPUT 1 "mode";
    .port_info 6 /OUTPUT 4 "round";
    .port_info 7 /OUTPUT 4 "raddr";
    .port_info 8 /OUTPUT 4 "waddr";
    .port_info 9 /OUTPUT 1 "wen";
    .port_info 10 /OUTPUT 1 "src_rf";
P_00000174f7c1b990 .param/l "DONE" 1 6 20, +C4<00000000000000000000000000000100>;
P_00000174f7c1b9c8 .param/l "IDLE" 1 6 16, +C4<00000000000000000000000000000000>;
P_00000174f7c1ba00 .param/l "LOAD_KEY" 1 6 17, +C4<00000000000000000000000000000001>;
P_00000174f7c1ba38 .param/l "ROTWORD_SUBWORD" 1 6 18, +C4<00000000000000000000000000000010>;
P_00000174f7c1ba70 .param/l "XORR_WRITE_RF" 1 6 19, +C4<00000000000000000000000000000011>;
v00000174f7d12500_0 .net "Key_rd", 0 0, v00000174f7e902e0_0;  alias, 1 drivers
v00000174f7d125a0_0 .net "addr_key", 3 0, v00000174f7e8c780_0;  alias, 1 drivers
v00000174f7d12c80_0 .net "clk", 0 0, v00000174f7e97f60_0;  alias, 1 drivers
v00000174f7d11ce0_0 .var "done", 0 0;
v00000174f7d12640_0 .var "mode", 0 0;
v00000174f7d12820_0 .var "next_state", 2 0;
v00000174f7d128c0_0 .var "raddr", 3 0;
v00000174f7d12960_0 .var "round", 3 0;
v00000174f7d12b40_0 .net "rst_n", 0 0, v00000174f7e97c40_0;  alias, 1 drivers
v00000174f7d11ba0_0 .var "src_rf", 0 0;
v00000174f7d11880_0 .var "state", 2 0;
v00000174f7d11920_0 .var "waddr", 3 0;
v00000174f7d119c0_0 .var "wen", 0 0;
E_00000174f7e05f50 .event anyedge, v00000174f7d11880_0, v00000174f7d12500_0, v00000174f7d11920_0;
S_00000174f7a79450 .scope module, "Mux2_inst" "Mux2" 5 31, 7 1 0, S_00000174f7a99bf0;
 .timescale 0 0;
    .port_info 0 /INPUT 128 "a";
    .port_info 1 /INPUT 128 "b";
    .port_info 2 /INPUT 1 "select";
    .port_info 3 /OUTPUT 128 "c";
v00000174f7d11b00_0 .net "a", 127 0, L_00000174f7e98960;  alias, 1 drivers
v00000174f7d112e0_0 .net "b", 127 0, L_00000174f7e97920;  alias, 1 drivers
v00000174f7d10160_0 .net "c", 127 0, L_00000174f7e988c0;  alias, 1 drivers
v00000174f7d10340_0 .net "select", 0 0, v00000174f7d11ba0_0;  alias, 1 drivers
L_00000174f7e988c0 .functor MUXZ 128, L_00000174f7e98960, L_00000174f7e97920, v00000174f7d11ba0_0, C4<>;
S_00000174f7a795e0 .scope module, "Registerfile_inst" "Registerfile" 5 38, 8 1 0, S_00000174f7a99bf0;
 .timescale 0 0;
    .port_info 0 /INPUT 1 "clk";
    .port_info 1 /INPUT 1 "rst_n";
    .port_info 2 /INPUT 1 "wen";
    .port_info 3 /INPUT 4 "waddr";
    .port_info 4 /INPUT 128 "din";
    .port_info 5 /INPUT 4 "raddr";
    .port_info 6 /OUTPUT 128 "dout";
L_00000174f7c2deb0 .functor BUFZ 128, L_00000174f7e97560, C4<00000000000000000000000000000000000000000000000000000000000000000000000000000000000000000000000000000000000000000000000000000000>, C4<00000000000000000000000000000000000000000000000000000000000000000000000000000000000000000000000000000000000000000000000000000000>, C4<00000000000000000000000000000000000000000000000000000000000000000000000000000000000000000000000000000000000000000000000000000000>;
v00000174f7d0f440_0 .net *"_ivl_0", 127 0, L_00000174f7e97560;  1 drivers
v00000174f7d0fd00_0 .net *"_ivl_2", 4 0, L_00000174f7e96ca0;  1 drivers
L_00000174f7e9e160 .functor BUFT 1, C4<0>, C4<0>, C4<0>, C4<0>;
v00000174f7d103e0_0 .net *"_ivl_5", 0 0, L_00000174f7e9e160;  1 drivers
v00000174f7d10200_0 .net "clk", 0 0, v00000174f7e97f60_0;  alias, 1 drivers
v00000174f7d0f6c0_0 .net "din", 127 0, L_00000174f7e988c0;  alias, 1 drivers
v00000174f7d11420_0 .net "dout", 127 0, L_00000174f7c2deb0;  alias, 1 drivers
v00000174f7d10480_0 .var/i "i", 31 0;
v00000174f7d11560_0 .net "raddr", 3 0, v00000174f7d128c0_0;  alias, 1 drivers
v00000174f7d117e0 .array "regs", 10 0, 127 0;
v00000174f7d11380_0 .net "rst_n", 0 0, v00000174f7e97c40_0;  alias, 1 drivers
v00000174f7d0f620_0 .net "waddr", 3 0, v00000174f7d11920_0;  alias, 1 drivers
v00000174f7d114c0_0 .net "wen", 0 0, v00000174f7d119c0_0;  alias, 1 drivers
L_00000174f7e97560 .array/port v00000174f7d117e0, L_00000174f7e96ca0;
L_00000174f7e96ca0 .concat [ 4 1 0 0], v00000174f7d128c0_0, L_00000174f7e9e160;
S_00000174f7a921d0 .scope module, "RotWord_inst" "RotWord" 5 49, 9 1 0, S_00000174f7a99bf0;
 .timescale 0 0;
    .port_info 0 /INPUT 32 "rot_in";
    .port_info 1 /OUTPUT 32 "rot_out";
v00000174f7d10a20_0 .net *"_ivl_1", 23 0, L_00000174f7e97ce0;  1 drivers
v00000174f7d0f580_0 .net *"_ivl_3", 7 0, L_00000174f7e96160;  1 drivers
v00000174f7d116a0_0 .net "rot_in", 31 0, L_00000174f7e98140;  1 drivers
v00000174f7d0fda0_0 .net "rot_out", 31 0, L_00000174f7e97d80;  alias, 1 drivers
L_00000174f7e97ce0 .part L_00000174f7e98140, 0, 24;
L_00000174f7e96160 .part L_00000174f7e98140, 24, 8;
L_00000174f7e97d80 .concat [ 8 24 0 0], L_00000174f7e96160, L_00000174f7e97ce0;
S_00000174f7a92360 .scope module, "Xorr_inst" "Xorr" 5 56, 10 4 0, S_00000174f7a99bf0;
 .timescale 0 0;
    .port_info 0 /INPUT 128 "key_prev";
    .port_info 1 /INPUT 32 "sub_in";
    .port_info 2 /INPUT 4 "round";
    .port_info 3 /OUTPUT 128 "key_new";
L_00000174f7c2e3f0 .functor BUFZ 128, L_00000174f7c2deb0, C4<00000000000000000000000000000000000000000000000000000000000000000000000000000000000000000000000000000000000000000000000000000000>, C4<00000000000000000000000000000000000000000000000000000000000000000000000000000000000000000000000000000000000000000000000000000000>, C4<00000000000000000000000000000000000000000000000000000000000000000000000000000000000000000000000000000000000000000000000000000000>;
L_00000174f7c2df20 .functor XOR 32, L_00000174f7ee7940, v00000174f7d10fc0_0, C4<00000000000000000000000000000000>, C4<00000000000000000000000000000000>;
L_00000174f7c2f0a0 .functor XOR 32, L_00000174f7e981e0, L_00000174f7c2df20, C4<00000000000000000000000000000000>, C4<00000000000000000000000000000000>;
L_00000174f7c2e930 .functor XOR 32, L_00000174f7e96340, L_00000174f7c2f0a0, C4<00000000000000000000000000000000>, C4<00000000000000000000000000000000>;
L_00000174f7c2ea10 .functor XOR 32, L_00000174f7e963e0, L_00000174f7c2e930, C4<00000000000000000000000000000000>, C4<00000000000000000000000000000000>;
L_00000174f7c2f110 .functor XOR 32, L_00000174f7e9a1c0, L_00000174f7c2ea10, C4<00000000000000000000000000000000>, C4<00000000000000000000000000000000>;
v00000174f7d11600_0 .net *"_ivl_6", 127 0, L_00000174f7c2e3f0;  1 drivers
v00000174f7d10ac0_0 .net "key_new", 127 0, L_00000174f7e98960;  alias, 1 drivers
v00000174f7d10e80_0 .net "key_prev", 127 0, L_00000174f7c2deb0;  alias, 1 drivers
v00000174f7d0fa80_0 .net "rcon", 31 0, v00000174f7d10fc0_0;  1 drivers
v00000174f7d0fbc0_0 .net "round", 3 0, v00000174f7d12960_0;  alias, 1 drivers
v00000174f7d11740_0 .net "sub_in", 31 0, L_00000174f7ee7940;  alias, 1 drivers
v00000174f7d108e0_0 .net "temp", 31 0, L_00000174f7c2df20;  1 drivers
v00000174f7d0f760_0 .net "w0", 31 0, L_00000174f7e981e0;  1 drivers
v00000174f7d0f4e0_0 .net "w1", 31 0, L_00000174f7e96340;  1 drivers
v00000174f7d0f080_0 .net "w2", 31 0, L_00000174f7e963e0;  1 drivers
v00000174f7d10b60_0 .net "w3", 31 0, L_00000174f7e9a1c0;  1 drivers
v00000174f7d0f260_0 .net "w4", 31 0, L_00000174f7c2f0a0;  1 drivers
v00000174f7d10520_0 .net "w5", 31 0, L_00000174f7c2e930;  1 drivers
v00000174f7d105c0_0 .net "w6", 31 0, L_00000174f7c2ea10;  1 drivers
v00000174f7d111a0_0 .net "w7", 31 0, L_00000174f7c2f110;  1 drivers
L_00000174f7e981e0 .part L_00000174f7c2e3f0, 96, 32;
L_00000174f7e96340 .part L_00000174f7c2e3f0, 64, 32;
L_00000174f7e963e0 .part L_00000174f7c2e3f0, 32, 32;
L_00000174f7e9a1c0 .part L_00000174f7c2e3f0, 0, 32;
L_00000174f7e98960 .concat [ 32 32 32 32], L_00000174f7c2f110, L_00000174f7c2ea10, L_00000174f7c2e930, L_00000174f7c2f0a0;
S_00000174f7a924f0 .scope module, "u_rcon" "Rcon" 10 19, 11 1 0, S_00000174f7a92360;
 .timescale 0 0;
    .port_info 0 /INPUT 4 "round";
    .port_info 1 /OUTPUT 32 "rcon_out";
v00000174f7d10fc0_0 .var "rcon_out", 31 0;
v00000174f7d0f800_0 .net "round", 3 0, v00000174f7d12960_0;  alias, 1 drivers
E_00000174f7e06510 .event anyedge, v00000174f7d12960_0;
S_00000174f7a74170 .scope module, "Mux2_inst" "Mux2" 3 90, 7 1 0, S_00000174f7a9afd0;
 .timescale 0 0;
    .port_info 0 /INPUT 128 "a";
    .port_info 1 /INPUT 128 "b";
    .port_info 2 /INPUT 1 "select";
    .port_info 3 /OUTPUT 128 "c";
v00000174f7d10020_0 .net "a", 127 0, L_00000174f7ee73a0;  alias, 1 drivers
v00000174f7d10c00_0 .net "b", 127 0, L_00000174f7e99a40;  alias, 1 drivers
v00000174f7d10700_0 .net "c", 127 0, L_00000174f7ee6a40;  alias, 1 drivers
v00000174f7d10660_0 .net "select", 0 0, v00000174f7e965c0_0;  alias, 1 drivers
L_00000174f7ee6a40 .functor MUXZ 128, L_00000174f7ee73a0, L_00000174f7e99a40, v00000174f7e965c0_0, C4<>;
S_00000174f7a74300 .scope module, "ProcessingCore_Pipelinev1_inst" "ProcessingCore_Pipelinev1" 3 66, 12 7 0, S_00000174f7a9afd0;
 .timescale 0 0;
    .port_info 0 /INPUT 1 "clk";
    .port_info 1 /INPUT 1 "rst_n";
    .port_info 2 /INPUT 1 "datard";
    .port_info 3 /INPUT 128 "InputBlk";
    .port_info 4 /OUTPUT 4 "addr_key";
    .port_info 5 /INPUT 128 "key";
    .port_info 6 /OUTPUT 1 "ctvalid1";
    .port_info 7 /OUTPUT 1 "ctvalid2";
    .port_info 8 /OUTPUT 1 "ready_new_input";
    .port_info 9 /OUTPUT 1 "ready_new_key";
    .port_info 10 /OUTPUT 128 "sbox_in";
    .port_info 11 /INPUT 128 "sbox_out";
    .port_info 12 /OUTPUT 128 "ciphertext";
v00000174f7e8ba60_0 .net "InputBlk", 127 0, L_00000174f7e97920;  alias, 1 drivers
v00000174f7e8f2a0_0 .net "addr_key", 3 0, v00000174f7e8c780_0;  alias, 1 drivers
v00000174f7e8e760_0 .net "b_in", 127 0, L_00000174f7ee7760;  1 drivers
v00000174f7e8ea80_0 .net "ciphertext", 127 0, L_00000174f7eef3e0;  alias, 1 drivers
v00000174f7e8ee40_0 .net "clk", 0 0, v00000174f7e97f60_0;  alias, 1 drivers
v00000174f7e8f980_0 .net "ctvalid1", 0 0, v00000174f7e8d180_0;  alias, 1 drivers
v00000174f7e90380_0 .net "ctvalid2", 0 0, v00000174f7e8bc40_0;  alias, 1 drivers
v00000174f7e8f160_0 .net "datard", 0 0, v00000174f7e90b00_0;  alias, 1 drivers
v00000174f7e8e4e0_0 .net "dout_rf", 127 0, L_00000174f7eef300;  1 drivers
v00000174f7e8eb20_0 .net "key", 127 0, L_00000174f7c2e2a0;  alias, 1 drivers
v00000174f7e8eee0_0 .net "out_MA", 127 0, v00000174f7e891c0_0;  1 drivers
v00000174f7e8fa20_0 .net "raddr", 0 0, v00000174f7e8cdc0_0;  1 drivers
v00000174f7e90560_0 .net "ready_new_input", 0 0, L_00000174f7eee180;  alias, 1 drivers
v00000174f7e8f700_0 .net "ready_new_key", 0 0, L_00000174f7ee79e0;  alias, 1 drivers
v00000174f7e8e300_0 .net "rst_n", 0 0, v00000174f7e97c40_0;  alias, 1 drivers
v00000174f7e8e800_0 .net "sbox_in", 127 0, L_00000174f7e99a40;  alias, 1 drivers
v00000174f7e8f340_0 .net "sbox_out", 127 0, L_00000174f7eee260;  alias, 1 drivers
v00000174f7e8f8e0_0 .net "src_input", 0 0, v00000174f7e8de00_0;  1 drivers
v00000174f7e8fde0_0 .net "waddr", 0 0, v00000174f7e8c0a0_0;  1 drivers
v00000174f7e90600_0 .net "wen", 0 0, v00000174f7e8d7c0_0;  1 drivers
S_00000174f7ac1f60 .scope module, "AddRoundKey_inst" "AddRoundKey" 12 40, 13 1 0, S_00000174f7a74300;
 .timescale 0 0;
    .port_info 0 /INPUT 128 "din";
    .port_info 1 /INPUT 128 "key";
    .port_info 2 /OUTPUT 128 "dout";
L_00000174f7eef3e0 .functor XOR 128, L_00000174f7eee260, L_00000174f7c2e2a0, C4<00000000000000000000000000000000000000000000000000000000000000000000000000000000000000000000000000000000000000000000000000000000>, C4<00000000000000000000000000000000000000000000000000000000000000000000000000000000000000000000000000000000000000000000000000000000>;
v00000174f7d10ca0_0 .net "din", 127 0, L_00000174f7eee260;  alias, 1 drivers
v00000174f7d107a0_0 .net "dout", 127 0, L_00000174f7eef3e0;  alias, 1 drivers
v00000174f7d10840_0 .net "key", 127 0, L_00000174f7c2e2a0;  alias, 1 drivers
S_00000174f7ac20f0 .scope module, "MixColumns_AddRoundKey_inst" "MixColumns_AddRoundKey" 12 32, 14 4 0, S_00000174f7a74300;
 .timescale 0 0;
    .port_info 0 /INPUT 1 "clk";
    .port_info 1 /INPUT 1 "rst_n";
    .port_info 2 /INPUT 128 "din";
    .port_info 3 /INPUT 128 "key";
    .port_info 4 /OUTPUT 128 "dout";
v00000174f7e8b1a0_0 .net "clk", 0 0, v00000174f7e97f60_0;  alias, 1 drivers
v00000174f7e89940_0 .net "din", 127 0, L_00000174f7eee260;  alias, 1 drivers
v00000174f7e891c0_0 .var "dout", 127 0;
v00000174f7e89c60_0 .net "dout_tmp", 127 0, L_00000174f7eef4c0;  1 drivers
v00000174f7e89a80_0 .net "key", 127 0, L_00000174f7c2e2a0;  alias, 1 drivers
v00000174f7e89b20_0 .net "rst_n", 0 0, v00000174f7e97c40_0;  alias, 1 drivers
v00000174f7e89bc0_0 .net "state_out", 127 0, L_00000174f7ee7ee0;  1 drivers
S_00000174f7d1bdc0 .scope module, "AddRoundKey_inst" "AddRoundKey" 14 16, 13 1 0, S_00000174f7ac20f0;
 .timescale 0 0;
    .port_info 0 /INPUT 128 "din";
    .port_info 1 /INPUT 128 "key";
    .port_info 2 /OUTPUT 128 "dout";
L_00000174f7eef4c0 .functor XOR 128, L_00000174f7ee7ee0, L_00000174f7c2e2a0, C4<00000000000000000000000000000000000000000000000000000000000000000000000000000000000000000000000000000000000000000000000000000000>, C4<00000000000000000000000000000000000000000000000000000000000000000000000000000000000000000000000000000000000000000000000000000000>;
v00000174f7d10d40_0 .net "din", 127 0, L_00000174f7ee7ee0;  alias, 1 drivers
v00000174f7d10de0_0 .net "dout", 127 0, L_00000174f7eef4c0;  alias, 1 drivers
v00000174f7d11240_0 .net "key", 127 0, L_00000174f7c2e2a0;  alias, 1 drivers
S_00000174f7d1c400 .scope module, "MixColumns_inst" "MixColumns" 14 12, 15 3 0, S_00000174f7ac20f0;
 .timescale 0 0;
    .port_info 0 /INPUT 128 "state_in";
    .port_info 1 /OUTPUT 128 "state_out";
L_00000174f7eef6f0 .functor XOR 8, L_00000174f7e99360, L_00000174f7c2f730, C4<00000000>, C4<00000000>;
L_00000174f7eefa00 .functor XOR 8, L_00000174f7eef6f0, L_00000174f7e98fa0, C4<00000000>, C4<00000000>;
L_00000174f7eef610 .functor XOR 8, L_00000174f7eefa00, L_00000174f7e99220, C4<00000000>, C4<00000000>;
L_00000174f7eef920 .functor XOR 8, L_00000174f7e99c20, L_00000174f7e99900, C4<00000000>, C4<00000000>;
L_00000174f7eee1f0 .functor XOR 8, L_00000174f7eef920, L_00000174f7c2f8f0, C4<00000000>, C4<00000000>;
L_00000174f7eeec70 .functor XOR 8, L_00000174f7eee1f0, L_00000174f7e99220, C4<00000000>, C4<00000000>;
L_00000174f7eef450 .functor XOR 8, L_00000174f7e99c20, L_00000174f7e9a3a0, C4<00000000>, C4<00000000>;
L_00000174f7eefc30 .functor XOR 8, L_00000174f7eef450, L_00000174f7e994a0, C4<00000000>, C4<00000000>;
L_00000174f7eee880 .functor XOR 8, L_00000174f7eefc30, L_00000174f7c2f9d0, C4<00000000>, C4<00000000>;
L_00000174f7eeedc0 .functor XOR 8, L_00000174f7c2f420, L_00000174f7e9a3a0, C4<00000000>, C4<00000000>;
L_00000174f7eee490 .functor XOR 8, L_00000174f7eeedc0, L_00000174f7e98fa0, C4<00000000>, C4<00000000>;
L_00000174f7eeeab0 .functor XOR 8, L_00000174f7eee490, L_00000174f7e99f40, C4<00000000>, C4<00000000>;
L_00000174f7eefa70 .functor XOR 8, L_00000174f7e9d3c0, L_00000174f7c2fc70, C4<00000000>, C4<00000000>;
L_00000174f7eeeb90 .functor XOR 8, L_00000174f7eefa70, L_00000174f7e9b0c0, C4<00000000>, C4<00000000>;
L_00000174f7eee8f0 .functor XOR 8, L_00000174f7eeeb90, L_00000174f7e9ac60, C4<00000000>, C4<00000000>;
L_00000174f7eee6c0 .functor XOR 8, L_00000174f7e99cc0, L_00000174f7e9b660, C4<00000000>, C4<00000000>;
L_00000174f7eefae0 .functor XOR 8, L_00000174f7eee6c0, L_00000174f7c2fa40, C4<00000000>, C4<00000000>;
L_00000174f7eef290 .functor XOR 8, L_00000174f7eefae0, L_00000174f7e9ac60, C4<00000000>, C4<00000000>;
L_00000174f7eee960 .functor XOR 8, L_00000174f7e99cc0, L_00000174f7e9ae40, C4<00000000>, C4<00000000>;
L_00000174f7eefb50 .functor XOR 8, L_00000174f7eee960, L_00000174f7e9d5a0, C4<00000000>, C4<00000000>;
L_00000174f7eef760 .functor XOR 8, L_00000174f7eefb50, L_00000174f7ba96b0, C4<00000000>, C4<00000000>;
L_00000174f7eeec00 .functor XOR 8, L_00000174f7c2f960, L_00000174f7e9ae40, C4<00000000>, C4<00000000>;
L_00000174f7eeeb20 .functor XOR 8, L_00000174f7eeec00, L_00000174f7e9b0c0, C4<00000000>, C4<00000000>;
L_00000174f7eefbc0 .functor XOR 8, L_00000174f7eeeb20, L_00000174f7e9d000, C4<00000000>, C4<00000000>;
L_00000174f7eee500 .functor XOR 8, L_00000174f7e9bb60, L_00000174f7b4c120, C4<00000000>, C4<00000000>;
L_00000174f7eee9d0 .functor XOR 8, L_00000174f7eee500, L_00000174f7e98dc0, C4<00000000>, C4<00000000>;
L_00000174f7eee7a0 .functor XOR 8, L_00000174f7eee9d0, L_00000174f7e99040, C4<00000000>, C4<00000000>;
L_00000174f7eee650 .functor XOR 8, L_00000174f7e9a580, L_00000174f7e9d640, C4<00000000>, C4<00000000>;
L_00000174f7eeece0 .functor XOR 8, L_00000174f7eee650, L_00000174f7ab8b90, C4<00000000>, C4<00000000>;
L_00000174f7eeeea0 .functor XOR 8, L_00000174f7eeece0, L_00000174f7e99040, C4<00000000>, C4<00000000>;
L_00000174f7eeef10 .functor XOR 8, L_00000174f7e9a580, L_00000174f7e992c0, C4<00000000>, C4<00000000>;
L_00000174f7eee2d0 .functor XOR 8, L_00000174f7eeef10, L_00000174f7e9bc00, C4<00000000>, C4<00000000>;
L_00000174f7eeef80 .functor XOR 8, L_00000174f7eee2d0, L_00000174f7c071a0, C4<00000000>, C4<00000000>;
L_00000174f7eeeff0 .functor XOR 8, L_00000174f7ba9020, L_00000174f7e992c0, C4<00000000>, C4<00000000>;
L_00000174f7eee570 .functor XOR 8, L_00000174f7eeeff0, L_00000174f7e98dc0, C4<00000000>, C4<00000000>;
L_00000174f7eef7d0 .functor XOR 8, L_00000174f7eee570, L_00000174f7e9ce20, C4<00000000>, C4<00000000>;
L_00000174f7eee3b0 .functor XOR 8, L_00000174f7e9c380, L_00000174f7eef530, C4<00000000>, C4<00000000>;
L_00000174f7eef060 .functor XOR 8, L_00000174f7eee3b0, L_00000174f7e9a4e0, C4<00000000>, C4<00000000>;
L_00000174f7eef990 .functor XOR 8, L_00000174f7eef060, L_00000174f7e9a6c0, C4<00000000>, C4<00000000>;
L_00000174f7eef0d0 .functor XOR 8, L_00000174f7e9a440, L_00000174f7e9d500, C4<00000000>, C4<00000000>;
L_00000174f7eee5e0 .functor XOR 8, L_00000174f7eef0d0, L_00000174f7eeed50, C4<00000000>, C4<00000000>;
L_00000174f7eee730 .functor XOR 8, L_00000174f7eee5e0, L_00000174f7e9a6c0, C4<00000000>, C4<00000000>;
L_00000174f7eefca0 .functor XOR 8, L_00000174f7e9a440, L_00000174f7e98a00, C4<00000000>, C4<00000000>;
L_00000174f7eef1b0 .functor XOR 8, L_00000174f7eefca0, L_00000174f7e9b2a0, C4<00000000>, C4<00000000>;
L_00000174f7eef840 .functor XOR 8, L_00000174f7eef1b0, L_00000174f7eefd10, C4<00000000>, C4<00000000>;
L_00000174f7eee420 .functor XOR 8, L_00000174f7eeee30, L_00000174f7e98a00, C4<00000000>, C4<00000000>;
L_00000174f7eee810 .functor XOR 8, L_00000174f7eee420, L_00000174f7e9a4e0, C4<00000000>, C4<00000000>;
L_00000174f7eef220 .functor XOR 8, L_00000174f7eee810, L_00000174f7e9db40, C4<00000000>, C4<00000000>;
v00000174f7e82c60_0 .net *"_ivl_100", 7 0, L_00000174f7eee570;  1 drivers
v00000174f7e83de0_0 .net *"_ivl_104", 7 0, L_00000174f7eee3b0;  1 drivers
v00000174f7e81900_0 .net *"_ivl_106", 7 0, L_00000174f7eef060;  1 drivers
v00000174f7e82580_0 .net *"_ivl_110", 7 0, L_00000174f7eef0d0;  1 drivers
v00000174f7e83b60_0 .net *"_ivl_112", 7 0, L_00000174f7eee5e0;  1 drivers
v00000174f7e81a40_0 .net *"_ivl_116", 7 0, L_00000174f7eefca0;  1 drivers
v00000174f7e83340_0 .net *"_ivl_118", 7 0, L_00000174f7eef1b0;  1 drivers
v00000174f7e821c0_0 .net *"_ivl_122", 7 0, L_00000174f7eee420;  1 drivers
v00000174f7e81ae0_0 .net *"_ivl_124", 7 0, L_00000174f7eee810;  1 drivers
v00000174f7e81b80_0 .net *"_ivl_32", 7 0, L_00000174f7eef6f0;  1 drivers
v00000174f7e83d40_0 .net *"_ivl_34", 7 0, L_00000174f7eefa00;  1 drivers
v00000174f7e82300_0 .net *"_ivl_38", 7 0, L_00000174f7eef920;  1 drivers
v00000174f7e823a0_0 .net *"_ivl_40", 7 0, L_00000174f7eee1f0;  1 drivers
v00000174f7e83e80_0 .net *"_ivl_44", 7 0, L_00000174f7eef450;  1 drivers
v00000174f7e82440_0 .net *"_ivl_46", 7 0, L_00000174f7eefc30;  1 drivers
v00000174f7e83f20_0 .net *"_ivl_50", 7 0, L_00000174f7eeedc0;  1 drivers
v00000174f7e83480_0 .net *"_ivl_52", 7 0, L_00000174f7eee490;  1 drivers
v00000174f7e81c20_0 .net *"_ivl_56", 7 0, L_00000174f7eefa70;  1 drivers
v00000174f7e82bc0_0 .net *"_ivl_58", 7 0, L_00000174f7eeeb90;  1 drivers
v00000174f7e82e40_0 .net *"_ivl_62", 7 0, L_00000174f7eee6c0;  1 drivers
v00000174f7e838e0_0 .net *"_ivl_64", 7 0, L_00000174f7eefae0;  1 drivers
v00000174f7e824e0_0 .net *"_ivl_68", 7 0, L_00000174f7eee960;  1 drivers
v00000174f7e82620_0 .net *"_ivl_70", 7 0, L_00000174f7eefb50;  1 drivers
v00000174f7e830c0_0 .net *"_ivl_74", 7 0, L_00000174f7eeec00;  1 drivers
v00000174f7e83980_0 .net *"_ivl_76", 7 0, L_00000174f7eeeb20;  1 drivers
v00000174f7e83a20_0 .net *"_ivl_80", 7 0, L_00000174f7eee500;  1 drivers
v00000174f7e82b20_0 .net *"_ivl_82", 7 0, L_00000174f7eee9d0;  1 drivers
v00000174f7e82760_0 .net *"_ivl_86", 7 0, L_00000174f7eee650;  1 drivers
v00000174f7e83020_0 .net *"_ivl_88", 7 0, L_00000174f7eeece0;  1 drivers
v00000174f7e82d00_0 .net *"_ivl_92", 7 0, L_00000174f7eeef10;  1 drivers
v00000174f7e82800_0 .net *"_ivl_94", 7 0, L_00000174f7eee2d0;  1 drivers
v00000174f7e828a0_0 .net *"_ivl_98", 7 0, L_00000174f7eeeff0;  1 drivers
v00000174f7e837a0_0 .net "m0", 7 0, L_00000174f7eef610;  1 drivers
v00000174f7e83700_0 .net "m1", 7 0, L_00000174f7eeec70;  1 drivers
v00000174f7e82940_0 .net "m10", 7 0, L_00000174f7eeef80;  1 drivers
v00000174f7e82da0_0 .net "m11", 7 0, L_00000174f7eef7d0;  1 drivers
v00000174f7e829e0_0 .net "m12", 7 0, L_00000174f7eef990;  1 drivers
v00000174f7e82ee0_0 .net "m13", 7 0, L_00000174f7eee730;  1 drivers
v00000174f7e832a0_0 .net "m14", 7 0, L_00000174f7eef840;  1 drivers
v00000174f7e82f80_0 .net "m15", 7 0, L_00000174f7eef220;  1 drivers
v00000174f7e83840_0 .net "m2", 7 0, L_00000174f7eee880;  1 drivers
v00000174f7e83ac0_0 .net "m3", 7 0, L_00000174f7eeeab0;  1 drivers
v00000174f7e83fc0_0 .net "m4", 7 0, L_00000174f7eee8f0;  1 drivers
v00000174f7e84060_0 .net "m5", 7 0, L_00000174f7eef290;  1 drivers
v00000174f7e89d00_0 .net "m6", 7 0, L_00000174f7eef760;  1 drivers
v00000174f7e8a660_0 .net "m7", 7 0, L_00000174f7eefbc0;  1 drivers
v00000174f7e8b240_0 .net "m8", 7 0, L_00000174f7eee7a0;  1 drivers
v00000174f7e8b2e0_0 .net "m9", 7 0, L_00000174f7eeeea0;  1 drivers
v00000174f7e8b100_0 .net "s0", 7 0, L_00000174f7e99c20;  1 drivers
v00000174f7e89300_0 .net "s0_2", 7 0, L_00000174f7e99360;  1 drivers
v00000174f7e896c0_0 .net "s0_3", 7 0, L_00000174f7c2f420;  1 drivers
v00000174f7e8a980_0 .net "s1", 7 0, L_00000174f7e9a3a0;  1 drivers
v00000174f7e8a520_0 .net "s10", 7 0, L_00000174f7e98dc0;  1 drivers
v00000174f7e8b380_0 .net "s10_2", 7 0, L_00000174f7e9bc00;  1 drivers
v00000174f7e8ab60_0 .net "s10_3", 7 0, L_00000174f7ab8b90;  1 drivers
v00000174f7e8a2a0_0 .net "s11", 7 0, L_00000174f7e99040;  1 drivers
v00000174f7e8a200_0 .net "s11_2", 7 0, L_00000174f7e9ce20;  1 drivers
v00000174f7e89800_0 .net "s11_3", 7 0, L_00000174f7c071a0;  1 drivers
v00000174f7e8a160_0 .net "s12", 7 0, L_00000174f7e9a440;  1 drivers
v00000174f7e89da0_0 .net "s12_2", 7 0, L_00000174f7e9c380;  1 drivers
v00000174f7e89440_0 .net "s12_3", 7 0, L_00000174f7eeee30;  1 drivers
v00000174f7e8a3e0_0 .net "s13", 7 0, L_00000174f7e98a00;  1 drivers
v00000174f7e8a340_0 .net "s13_2", 7 0, L_00000174f7e9d500;  1 drivers
v00000174f7e8b560_0 .net "s13_3", 7 0, L_00000174f7eef530;  1 drivers
v00000174f7e8ac00_0 .net "s14", 7 0, L_00000174f7e9a4e0;  1 drivers
v00000174f7e8a480_0 .net "s14_2", 7 0, L_00000174f7e9b2a0;  1 drivers
v00000174f7e894e0_0 .net "s14_3", 7 0, L_00000174f7eeed50;  1 drivers
v00000174f7e8a020_0 .net "s15", 7 0, L_00000174f7e9a6c0;  1 drivers
v00000174f7e89e40_0 .net "s15_2", 7 0, L_00000174f7e9db40;  1 drivers
v00000174f7e89580_0 .net "s15_3", 7 0, L_00000174f7eefd10;  1 drivers
v00000174f7e8a5c0_0 .net "s1_2", 7 0, L_00000174f7e99900;  1 drivers
v00000174f7e8ade0_0 .net "s1_3", 7 0, L_00000174f7c2f730;  1 drivers
v00000174f7e8b4c0_0 .net "s2", 7 0, L_00000174f7e98fa0;  1 drivers
v00000174f7e8a700_0 .net "s2_2", 7 0, L_00000174f7e994a0;  1 drivers
v00000174f7e8b600_0 .net "s2_3", 7 0, L_00000174f7c2f8f0;  1 drivers
v00000174f7e8b880_0 .net "s3", 7 0, L_00000174f7e99220;  1 drivers
v00000174f7e89620_0 .net "s3_2", 7 0, L_00000174f7e99f40;  1 drivers
v00000174f7e89760_0 .net "s3_3", 7 0, L_00000174f7c2f9d0;  1 drivers
v00000174f7e8b420_0 .net "s4", 7 0, L_00000174f7e99cc0;  1 drivers
v00000174f7e8a840_0 .net "s4_2", 7 0, L_00000174f7e9d3c0;  1 drivers
v00000174f7e8ae80_0 .net "s4_3", 7 0, L_00000174f7c2f960;  1 drivers
v00000174f7e8a7a0_0 .net "s5", 7 0, L_00000174f7e9ae40;  1 drivers
v00000174f7e8b6a0_0 .net "s5_2", 7 0, L_00000174f7e9b660;  1 drivers
v00000174f7e89ee0_0 .net "s5_3", 7 0, L_00000174f7c2fc70;  1 drivers
v00000174f7e8afc0_0 .net "s6", 7 0, L_00000174f7e9b0c0;  1 drivers
v00000174f7e8a8e0_0 .net "s6_2", 7 0, L_00000174f7e9d5a0;  1 drivers
v00000174f7e8b740_0 .net "s6_3", 7 0, L_00000174f7c2fa40;  1 drivers
v00000174f7e8aca0_0 .net "s7", 7 0, L_00000174f7e9ac60;  1 drivers
v00000174f7e8aa20_0 .net "s7_2", 7 0, L_00000174f7e9d000;  1 drivers
v00000174f7e8ad40_0 .net "s7_3", 7 0, L_00000174f7ba96b0;  1 drivers
v00000174f7e899e0_0 .net "s8", 7 0, L_00000174f7e9a580;  1 drivers
v00000174f7e898a0_0 .net "s8_2", 7 0, L_00000174f7e9bb60;  1 drivers
v00000174f7e8b7e0_0 .net "s8_3", 7 0, L_00000174f7ba9020;  1 drivers
v00000174f7e8af20_0 .net "s9", 7 0, L_00000174f7e992c0;  1 drivers
v00000174f7e8b060_0 .net "s9_2", 7 0, L_00000174f7e9d640;  1 drivers
v00000174f7e89f80_0 .net "s9_3", 7 0, L_00000174f7b4c120;  1 drivers
v00000174f7e8aac0_0 .net "state_in", 127 0, L_00000174f7eee260;  alias, 1 drivers
v00000174f7e89120_0 .net "state_out", 127 0, L_00000174f7ee7ee0;  alias, 1 drivers
L_00000174f7e99c20 .part L_00000174f7eee260, 120, 8;
L_00000174f7e9a3a0 .part L_00000174f7eee260, 112, 8;
L_00000174f7e98fa0 .part L_00000174f7eee260, 104, 8;
L_00000174f7e99220 .part L_00000174f7eee260, 96, 8;
L_00000174f7e99cc0 .part L_00000174f7eee260, 88, 8;
L_00000174f7e9ae40 .part L_00000174f7eee260, 80, 8;
L_00000174f7e9b0c0 .part L_00000174f7eee260, 72, 8;
L_00000174f7e9ac60 .part L_00000174f7eee260, 64, 8;
L_00000174f7e9a580 .part L_00000174f7eee260, 56, 8;
L_00000174f7e992c0 .part L_00000174f7eee260, 48, 8;
L_00000174f7e98dc0 .part L_00000174f7eee260, 40, 8;
L_00000174f7e99040 .part L_00000174f7eee260, 32, 8;
L_00000174f7e9a440 .part L_00000174f7eee260, 24, 8;
L_00000174f7e98a00 .part L_00000174f7eee260, 16, 8;
L_00000174f7e9a4e0 .part L_00000174f7eee260, 8, 8;
L_00000174f7e9a6c0 .part L_00000174f7eee260, 0, 8;
LS_00000174f7ee7ee0_0_0 .concat [ 8 8 8 8], L_00000174f7eef220, L_00000174f7eef840, L_00000174f7eee730, L_00000174f7eef990;
LS_00000174f7ee7ee0_0_4 .concat [ 8 8 8 8], L_00000174f7eef7d0, L_00000174f7eeef80, L_00000174f7eeeea0, L_00000174f7eee7a0;
LS_00000174f7ee7ee0_0_8 .concat [ 8 8 8 8], L_00000174f7eefbc0, L_00000174f7eef760, L_00000174f7eef290, L_00000174f7eee8f0;
LS_00000174f7ee7ee0_0_12 .concat [ 8 8 8 8], L_00000174f7eeeab0, L_00000174f7eee880, L_00000174f7eeec70, L_00000174f7eef610;
L_00000174f7ee7ee0 .concat [ 32 32 32 32], LS_00000174f7ee7ee0_0_0, LS_00000174f7ee7ee0_0_4, LS_00000174f7ee7ee0_0_8, LS_00000174f7ee7ee0_0_12;
S_00000174f7d1bf50 .scope module, "u0_mul2" "mul2" 15 34, 16 1 0, S_00000174f7d1c400;
 .timescale 0 0;
    .port_info 0 /INPUT 8 "a";
    .port_info 1 /OUTPUT 8 "result";
L_00000174f7e9e1f0 .functor BUFT 1, C4<00011011>, C4<0>, C4<0>, C4<0>;
L_00000174f7c2eb60 .functor XOR 8, L_00000174f7e9af80, L_00000174f7e9e1f0, C4<00000000>, C4<00000000>;
v00000174f7c10f70_0 .net *"_ivl_1", 0 0, L_00000174f7e995e0;  1 drivers
v00000174f7c0fb70_0 .net *"_ivl_10", 7 0, L_00000174f7c2eb60;  1 drivers
v00000174f7c0fc10_0 .net *"_ivl_12", 7 0, L_00000174f7e999a0;  1 drivers
v00000174f7c0fcb0_0 .net *"_ivl_14", 6 0, L_00000174f7e9a120;  1 drivers
L_00000174f7e9e238 .functor BUFT 1, C4<0>, C4<0>, C4<0>, C4<0>;
v00000174f7c10750_0 .net *"_ivl_16", 0 0, L_00000174f7e9e238;  1 drivers
v00000174f7c0ff30_0 .net *"_ivl_2", 7 0, L_00000174f7e9af80;  1 drivers
v00000174f7c0ffd0_0 .net *"_ivl_4", 6 0, L_00000174f7e9a080;  1 drivers
L_00000174f7e9e1a8 .functor BUFT 1, C4<0>, C4<0>, C4<0>, C4<0>;
v00000174f7c10070_0 .net *"_ivl_6", 0 0, L_00000174f7e9e1a8;  1 drivers
v00000174f7c101b0_0 .net/2u *"_ivl_8", 7 0, L_00000174f7e9e1f0;  1 drivers
v00000174f7c0dcd0_0 .net "a", 7 0, L_00000174f7e99c20;  alias, 1 drivers
v00000174f7c0f710_0 .net "result", 7 0, L_00000174f7e99360;  alias, 1 drivers
L_00000174f7e995e0 .part L_00000174f7e99c20, 7, 1;
L_00000174f7e9a080 .part L_00000174f7e99c20, 0, 7;
L_00000174f7e9af80 .concat [ 1 7 0 0], L_00000174f7e9e1a8, L_00000174f7e9a080;
L_00000174f7e9a120 .part L_00000174f7e99c20, 0, 7;
L_00000174f7e999a0 .concat [ 1 7 0 0], L_00000174f7e9e238, L_00000174f7e9a120;
L_00000174f7e99360 .functor MUXZ 8, L_00000174f7e999a0, L_00000174f7c2eb60, L_00000174f7e995e0, C4<>;
S_00000174f7d1b910 .scope module, "u0_mul3" "mul3" 15 52, 17 3 0, S_00000174f7d1c400;
 .timescale 0 0;
    .port_info 0 /INPUT 8 "a";
    .port_info 1 /OUTPUT 8 "result";
L_00000174f7c2f420 .functor XOR 8, L_00000174f7e9d960, L_00000174f7e99c20, C4<00000000>, C4<00000000>;
v00000174f7c0dff0_0 .net "a", 7 0, L_00000174f7e99c20;  alias, 1 drivers
v00000174f7c0e4f0_0 .net "mul2_result", 7 0, L_00000174f7e9d960;  1 drivers
v00000174f7c0df50_0 .net "result", 7 0, L_00000174f7c2f420;  alias, 1 drivers
S_00000174f7d1bc30 .scope module, "u_mul2" "mul2" 17 9, 16 1 0, S_00000174f7d1b910;
 .timescale 0 0;
    .port_info 0 /INPUT 8 "a";
    .port_info 1 /OUTPUT 8 "result";
L_00000174f7e9ef70 .functor BUFT 1, C4<00011011>, C4<0>, C4<0>, C4<0>;
L_00000174f7c2f3b0 .functor XOR 8, L_00000174f7e9dc80, L_00000174f7e9ef70, C4<00000000>, C4<00000000>;
v00000174f7c0f350_0 .net *"_ivl_1", 0 0, L_00000174f7e9dbe0;  1 drivers
v00000174f7c0edb0_0 .net *"_ivl_10", 7 0, L_00000174f7c2f3b0;  1 drivers
v00000174f7c0ee50_0 .net *"_ivl_12", 7 0, L_00000174f7e9dd20;  1 drivers
v00000174f7c0ef90_0 .net *"_ivl_14", 6 0, L_00000174f7e9da00;  1 drivers
L_00000174f7e9efb8 .functor BUFT 1, C4<0>, C4<0>, C4<0>, C4<0>;
v00000174f7c0f8f0_0 .net *"_ivl_16", 0 0, L_00000174f7e9efb8;  1 drivers
v00000174f7c0f030_0 .net *"_ivl_2", 7 0, L_00000174f7e9dc80;  1 drivers
v00000174f7c0d690_0 .net *"_ivl_4", 6 0, L_00000174f7e9e040;  1 drivers
L_00000174f7e9ef28 .functor BUFT 1, C4<0>, C4<0>, C4<0>, C4<0>;
v00000174f7c0deb0_0 .net *"_ivl_6", 0 0, L_00000174f7e9ef28;  1 drivers
v00000174f7c0d730_0 .net/2u *"_ivl_8", 7 0, L_00000174f7e9ef70;  1 drivers
v00000174f7c0dd70_0 .net "a", 7 0, L_00000174f7e99c20;  alias, 1 drivers
v00000174f7c0d910_0 .net "result", 7 0, L_00000174f7e9d960;  alias, 1 drivers
L_00000174f7e9dbe0 .part L_00000174f7e99c20, 7, 1;
L_00000174f7e9e040 .part L_00000174f7e99c20, 0, 7;
L_00000174f7e9dc80 .concat [ 1 7 0 0], L_00000174f7e9ef28, L_00000174f7e9e040;
L_00000174f7e9da00 .part L_00000174f7e99c20, 0, 7;
L_00000174f7e9dd20 .concat [ 1 7 0 0], L_00000174f7e9efb8, L_00000174f7e9da00;
L_00000174f7e9d960 .functor MUXZ 8, L_00000174f7e9dd20, L_00000174f7c2f3b0, L_00000174f7e9dbe0, C4<>;
S_00000174f7d1c0e0 .scope module, "u10_mul2" "mul2" 15 44, 16 1 0, S_00000174f7d1c400;
 .timescale 0 0;
    .port_info 0 /INPUT 8 "a";
    .port_info 1 /OUTPUT 8 "result";
L_00000174f7e9ea60 .functor BUFT 1, C4<00011011>, C4<0>, C4<0>, C4<0>;
L_00000174f7c2ec40 .functor XOR 8, L_00000174f7e9d820, L_00000174f7e9ea60, C4<00000000>, C4<00000000>;
v00000174f7c0e130_0 .net *"_ivl_1", 0 0, L_00000174f7e9c560;  1 drivers
v00000174f7c0e270_0 .net *"_ivl_10", 7 0, L_00000174f7c2ec40;  1 drivers
v00000174f7aa44d0_0 .net *"_ivl_12", 7 0, L_00000174f7e9ba20;  1 drivers
v00000174f7aa2c70_0 .net *"_ivl_14", 6 0, L_00000174f7e9d8c0;  1 drivers
L_00000174f7e9eaa8 .functor BUFT 1, C4<0>, C4<0>, C4<0>, C4<0>;
v00000174f7aa2ef0_0 .net *"_ivl_16", 0 0, L_00000174f7e9eaa8;  1 drivers
v00000174f7aa3e90_0 .net *"_ivl_2", 7 0, L_00000174f7e9d820;  1 drivers
v00000174f7aa35d0_0 .net *"_ivl_4", 6 0, L_00000174f7e9d6e0;  1 drivers
L_00000174f7e9ea18 .functor BUFT 1, C4<0>, C4<0>, C4<0>, C4<0>;
v00000174f7aa4750_0 .net *"_ivl_6", 0 0, L_00000174f7e9ea18;  1 drivers
v00000174f7aa47f0_0 .net/2u *"_ivl_8", 7 0, L_00000174f7e9ea60;  1 drivers
v00000174f7bab530_0 .net "a", 7 0, L_00000174f7e98dc0;  alias, 1 drivers
v00000174f7baa4f0_0 .net "result", 7 0, L_00000174f7e9bc00;  alias, 1 drivers
L_00000174f7e9c560 .part L_00000174f7e98dc0, 7, 1;
L_00000174f7e9d6e0 .part L_00000174f7e98dc0, 0, 7;
L_00000174f7e9d820 .concat [ 1 7 0 0], L_00000174f7e9ea18, L_00000174f7e9d6e0;
L_00000174f7e9d8c0 .part L_00000174f7e98dc0, 0, 7;
L_00000174f7e9ba20 .concat [ 1 7 0 0], L_00000174f7e9eaa8, L_00000174f7e9d8c0;
L_00000174f7e9bc00 .functor MUXZ 8, L_00000174f7e9ba20, L_00000174f7c2ec40, L_00000174f7e9c560, C4<>;
S_00000174f7d1c590 .scope module, "u10_mul3" "mul3" 15 62, 17 3 0, S_00000174f7d1c400;
 .timescale 0 0;
    .port_info 0 /INPUT 8 "a";
    .port_info 1 /OUTPUT 8 "result";
L_00000174f7ab8b90 .functor XOR 8, L_00000174f7eebb80, L_00000174f7e98dc0, C4<00000000>, C4<00000000>;
v00000174f7e704a0_0 .net "a", 7 0, L_00000174f7e98dc0;  alias, 1 drivers
v00000174f7e709a0_0 .net "mul2_result", 7 0, L_00000174f7eebb80;  1 drivers
v00000174f7e70720_0 .net "result", 7 0, L_00000174f7ab8b90;  alias, 1 drivers
S_00000174f7d1c270 .scope module, "u_mul2" "mul2" 17 9, 16 1 0, S_00000174f7d1c590;
 .timescale 0 0;
    .port_info 0 /INPUT 8 "a";
    .port_info 1 /OUTPUT 8 "result";
L_00000174f7e9f7e0 .functor BUFT 1, C4<00011011>, C4<0>, C4<0>, C4<0>;
L_00000174f7b4c190 .functor XOR 8, L_00000174f7eec8a0, L_00000174f7e9f7e0, C4<00000000>, C4<00000000>;
v00000174f7ba9ff0_0 .net *"_ivl_1", 0 0, L_00000174f7eecb20;  1 drivers
v00000174f7baab30_0 .net *"_ivl_10", 7 0, L_00000174f7b4c190;  1 drivers
v00000174f7e70860_0 .net *"_ivl_12", 7 0, L_00000174f7eeb2c0;  1 drivers
v00000174f7e6ff00_0 .net *"_ivl_14", 6 0, L_00000174f7eed8e0;  1 drivers
L_00000174f7e9f828 .functor BUFT 1, C4<0>, C4<0>, C4<0>, C4<0>;
v00000174f7e6fd20_0 .net *"_ivl_16", 0 0, L_00000174f7e9f828;  1 drivers
v00000174f7e70680_0 .net *"_ivl_2", 7 0, L_00000174f7eec8a0;  1 drivers
v00000174f7e6fc80_0 .net *"_ivl_4", 6 0, L_00000174f7eecc60;  1 drivers
L_00000174f7e9f798 .functor BUFT 1, C4<0>, C4<0>, C4<0>, C4<0>;
v00000174f7e6fb40_0 .net *"_ivl_6", 0 0, L_00000174f7e9f798;  1 drivers
v00000174f7e70400_0 .net/2u *"_ivl_8", 7 0, L_00000174f7e9f7e0;  1 drivers
v00000174f7e707c0_0 .net "a", 7 0, L_00000174f7e98dc0;  alias, 1 drivers
v00000174f7e6f960_0 .net "result", 7 0, L_00000174f7eebb80;  alias, 1 drivers
L_00000174f7eecb20 .part L_00000174f7e98dc0, 7, 1;
L_00000174f7eecc60 .part L_00000174f7e98dc0, 0, 7;
L_00000174f7eec8a0 .concat [ 1 7 0 0], L_00000174f7e9f798, L_00000174f7eecc60;
L_00000174f7eed8e0 .part L_00000174f7e98dc0, 0, 7;
L_00000174f7eeb2c0 .concat [ 1 7 0 0], L_00000174f7e9f828, L_00000174f7eed8e0;
L_00000174f7eebb80 .functor MUXZ 8, L_00000174f7eeb2c0, L_00000174f7b4c190, L_00000174f7eecb20, C4<>;
S_00000174f7d1c720 .scope module, "u11_mul2" "mul2" 15 45, 16 1 0, S_00000174f7d1c400;
 .timescale 0 0;
    .port_info 0 /INPUT 8 "a";
    .port_info 1 /OUTPUT 8 "result";
L_00000174f7e9eb38 .functor BUFT 1, C4<00011011>, C4<0>, C4<0>, C4<0>;
L_00000174f7c2ecb0 .functor XOR 8, L_00000174f7e9c2e0, L_00000174f7e9eb38, C4<00000000>, C4<00000000>;
v00000174f7e70180_0 .net *"_ivl_1", 0 0, L_00000174f7e9b8e0;  1 drivers
v00000174f7e6ffa0_0 .net *"_ivl_10", 7 0, L_00000174f7c2ecb0;  1 drivers
v00000174f7e70e00_0 .net *"_ivl_12", 7 0, L_00000174f7e9c920;  1 drivers
v00000174f7e6faa0_0 .net *"_ivl_14", 6 0, L_00000174f7e9c740;  1 drivers
L_00000174f7e9eb80 .functor BUFT 1, C4<0>, C4<0>, C4<0>, C4<0>;
v00000174f7e6fdc0_0 .net *"_ivl_16", 0 0, L_00000174f7e9eb80;  1 drivers
v00000174f7e70a40_0 .net *"_ivl_2", 7 0, L_00000174f7e9c2e0;  1 drivers
v00000174f7e70900_0 .net *"_ivl_4", 6 0, L_00000174f7e9bf20;  1 drivers
L_00000174f7e9eaf0 .functor BUFT 1, C4<0>, C4<0>, C4<0>, C4<0>;
v00000174f7e70040_0 .net *"_ivl_6", 0 0, L_00000174f7e9eaf0;  1 drivers
v00000174f7e6fbe0_0 .net/2u *"_ivl_8", 7 0, L_00000174f7e9eb38;  1 drivers
v00000174f7e6fe60_0 .net "a", 7 0, L_00000174f7e99040;  alias, 1 drivers
v00000174f7e700e0_0 .net "result", 7 0, L_00000174f7e9ce20;  alias, 1 drivers
L_00000174f7e9b8e0 .part L_00000174f7e99040, 7, 1;
L_00000174f7e9bf20 .part L_00000174f7e99040, 0, 7;
L_00000174f7e9c2e0 .concat [ 1 7 0 0], L_00000174f7e9eaf0, L_00000174f7e9bf20;
L_00000174f7e9c740 .part L_00000174f7e99040, 0, 7;
L_00000174f7e9c920 .concat [ 1 7 0 0], L_00000174f7e9eb80, L_00000174f7e9c740;
L_00000174f7e9ce20 .functor MUXZ 8, L_00000174f7e9c920, L_00000174f7c2ecb0, L_00000174f7e9b8e0, C4<>;
S_00000174f7d1baa0 .scope module, "u11_mul3" "mul3" 15 63, 17 3 0, S_00000174f7d1c400;
 .timescale 0 0;
    .port_info 0 /INPUT 8 "a";
    .port_info 1 /OUTPUT 8 "result";
L_00000174f7c071a0 .functor XOR 8, L_00000174f7eeb400, L_00000174f7e99040, C4<00000000>, C4<00000000>;
v00000174f7e70d60_0 .net "a", 7 0, L_00000174f7e99040;  alias, 1 drivers
v00000174f7e70f40_0 .net "mul2_result", 7 0, L_00000174f7eeb400;  1 drivers
v00000174f7e6f8c0_0 .net "result", 7 0, L_00000174f7c071a0;  alias, 1 drivers
S_00000174f7d1d730 .scope module, "u_mul2" "mul2" 17 9, 16 1 0, S_00000174f7d1baa0;
 .timescale 0 0;
    .port_info 0 /INPUT 8 "a";
    .port_info 1 /OUTPUT 8 "result";
L_00000174f7e9f8b8 .functor BUFT 1, C4<00011011>, C4<0>, C4<0>, C4<0>;
L_00000174f7ae80f0 .functor XOR 8, L_00000174f7eebc20, L_00000174f7e9f8b8, C4<00000000>, C4<00000000>;
v00000174f7e70220_0 .net *"_ivl_1", 0 0, L_00000174f7eeb360;  1 drivers
v00000174f7e702c0_0 .net *"_ivl_10", 7 0, L_00000174f7ae80f0;  1 drivers
v00000174f7e70540_0 .net *"_ivl_12", 7 0, L_00000174f7eec940;  1 drivers
v00000174f7e70c20_0 .net *"_ivl_14", 6 0, L_00000174f7eeb4a0;  1 drivers
L_00000174f7e9f900 .functor BUFT 1, C4<0>, C4<0>, C4<0>, C4<0>;
v00000174f7e70b80_0 .net *"_ivl_16", 0 0, L_00000174f7e9f900;  1 drivers
v00000174f7e70cc0_0 .net *"_ivl_2", 7 0, L_00000174f7eebc20;  1 drivers
v00000174f7e70360_0 .net *"_ivl_4", 6 0, L_00000174f7eecd00;  1 drivers
L_00000174f7e9f870 .functor BUFT 1, C4<0>, C4<0>, C4<0>, C4<0>;
v00000174f7e70ea0_0 .net *"_ivl_6", 0 0, L_00000174f7e9f870;  1 drivers
v00000174f7e6fa00_0 .net/2u *"_ivl_8", 7 0, L_00000174f7e9f8b8;  1 drivers
v00000174f7e705e0_0 .net "a", 7 0, L_00000174f7e99040;  alias, 1 drivers
v00000174f7e70ae0_0 .net "result", 7 0, L_00000174f7eeb400;  alias, 1 drivers
L_00000174f7eeb360 .part L_00000174f7e99040, 7, 1;
L_00000174f7eecd00 .part L_00000174f7e99040, 0, 7;
L_00000174f7eebc20 .concat [ 1 7 0 0], L_00000174f7e9f870, L_00000174f7eecd00;
L_00000174f7eeb4a0 .part L_00000174f7e99040, 0, 7;
L_00000174f7eec940 .concat [ 1 7 0 0], L_00000174f7e9f900, L_00000174f7eeb4a0;
L_00000174f7eeb400 .functor MUXZ 8, L_00000174f7eec940, L_00000174f7ae80f0, L_00000174f7eeb360, C4<>;
S_00000174f7d1e220 .scope module, "u12_mul2" "mul2" 15 46, 16 1 0, S_00000174f7d1c400;
 .timescale 0 0;
    .port_info 0 /INPUT 8 "a";
    .port_info 1 /OUTPUT 8 "result";
L_00000174f7e9ec10 .functor BUFT 1, C4<00011011>, C4<0>, C4<0>, C4<0>;
L_00000174f7c2ee70 .functor XOR 8, L_00000174f7e9d280, L_00000174f7e9ec10, C4<00000000>, C4<00000000>;
v00000174f7e6dde0_0 .net *"_ivl_1", 0 0, L_00000174f7e9bfc0;  1 drivers
v00000174f7e6ea60_0 .net *"_ivl_10", 7 0, L_00000174f7c2ee70;  1 drivers
v00000174f7e6e740_0 .net *"_ivl_12", 7 0, L_00000174f7e9cf60;  1 drivers
v00000174f7e6f460_0 .net *"_ivl_14", 6 0, L_00000174f7e9c600;  1 drivers
L_00000174f7e9ec58 .functor BUFT 1, C4<0>, C4<0>, C4<0>, C4<0>;
v00000174f7e6f3c0_0 .net *"_ivl_16", 0 0, L_00000174f7e9ec58;  1 drivers
v00000174f7e6d480_0 .net *"_ivl_2", 7 0, L_00000174f7e9d280;  1 drivers
v00000174f7e6d520_0 .net *"_ivl_4", 6 0, L_00000174f7e9c880;  1 drivers
L_00000174f7e9ebc8 .functor BUFT 1, C4<0>, C4<0>, C4<0>, C4<0>;
v00000174f7e6d660_0 .net *"_ivl_6", 0 0, L_00000174f7e9ebc8;  1 drivers
v00000174f7e6f500_0 .net/2u *"_ivl_8", 7 0, L_00000174f7e9ec10;  1 drivers
v00000174f7e6d160_0 .net "a", 7 0, L_00000174f7e9a440;  alias, 1 drivers
v00000174f7e6e420_0 .net "result", 7 0, L_00000174f7e9c380;  alias, 1 drivers
L_00000174f7e9bfc0 .part L_00000174f7e9a440, 7, 1;
L_00000174f7e9c880 .part L_00000174f7e9a440, 0, 7;
L_00000174f7e9d280 .concat [ 1 7 0 0], L_00000174f7e9ebc8, L_00000174f7e9c880;
L_00000174f7e9c600 .part L_00000174f7e9a440, 0, 7;
L_00000174f7e9cf60 .concat [ 1 7 0 0], L_00000174f7e9ec58, L_00000174f7e9c600;
L_00000174f7e9c380 .functor MUXZ 8, L_00000174f7e9cf60, L_00000174f7c2ee70, L_00000174f7e9bfc0, C4<>;
S_00000174f7d1d280 .scope module, "u12_mul3" "mul3" 15 64, 17 3 0, S_00000174f7d1c400;
 .timescale 0 0;
    .port_info 0 /INPUT 8 "a";
    .port_info 1 /OUTPUT 8 "result";
L_00000174f7eeee30 .functor XOR 8, L_00000174f7eedca0, L_00000174f7e9a440, C4<00000000>, C4<00000000>;
v00000174f7e6d840_0 .net "a", 7 0, L_00000174f7e9a440;  alias, 1 drivers
v00000174f7e6f640_0 .net "mul2_result", 7 0, L_00000174f7eedca0;  1 drivers
v00000174f7e6d8e0_0 .net "result", 7 0, L_00000174f7eeee30;  alias, 1 drivers
S_00000174f7d1dbe0 .scope module, "u_mul2" "mul2" 17 9, 16 1 0, S_00000174f7d1d280;
 .timescale 0 0;
    .port_info 0 /INPUT 8 "a";
    .port_info 1 /OUTPUT 8 "result";
L_00000174f7e9f990 .functor BUFT 1, C4<00011011>, C4<0>, C4<0>, C4<0>;
L_00000174f7eef140 .functor XOR 8, L_00000174f7eeda20, L_00000174f7e9f990, C4<00000000>, C4<00000000>;
v00000174f7e6e2e0_0 .net *"_ivl_1", 0 0, L_00000174f7eebfe0;  1 drivers
v00000174f7e6e7e0_0 .net *"_ivl_10", 7 0, L_00000174f7eef140;  1 drivers
v00000174f7e6d5c0_0 .net *"_ivl_12", 7 0, L_00000174f7eedb60;  1 drivers
v00000174f7e6d3e0_0 .net *"_ivl_14", 6 0, L_00000174f7eedc00;  1 drivers
L_00000174f7e9f9d8 .functor BUFT 1, C4<0>, C4<0>, C4<0>, C4<0>;
v00000174f7e6f320_0 .net *"_ivl_16", 0 0, L_00000174f7e9f9d8;  1 drivers
v00000174f7e6d700_0 .net *"_ivl_2", 7 0, L_00000174f7eeda20;  1 drivers
v00000174f7e6e880_0 .net *"_ivl_4", 6 0, L_00000174f7eec080;  1 drivers
L_00000174f7e9f948 .functor BUFT 1, C4<0>, C4<0>, C4<0>, C4<0>;
v00000174f7e6dd40_0 .net *"_ivl_6", 0 0, L_00000174f7e9f948;  1 drivers
v00000174f7e6f5a0_0 .net/2u *"_ivl_8", 7 0, L_00000174f7e9f990;  1 drivers
v00000174f7e6d200_0 .net "a", 7 0, L_00000174f7e9a440;  alias, 1 drivers
v00000174f7e6d7a0_0 .net "result", 7 0, L_00000174f7eedca0;  alias, 1 drivers
L_00000174f7eebfe0 .part L_00000174f7e9a440, 7, 1;
L_00000174f7eec080 .part L_00000174f7e9a440, 0, 7;
L_00000174f7eeda20 .concat [ 1 7 0 0], L_00000174f7e9f948, L_00000174f7eec080;
L_00000174f7eedc00 .part L_00000174f7e9a440, 0, 7;
L_00000174f7eedb60 .concat [ 1 7 0 0], L_00000174f7e9f9d8, L_00000174f7eedc00;
L_00000174f7eedca0 .functor MUXZ 8, L_00000174f7eedb60, L_00000174f7eef140, L_00000174f7eebfe0, C4<>;
S_00000174f7d1cc40 .scope module, "u13_mul2" "mul2" 15 47, 16 1 0, S_00000174f7d1c400;
 .timescale 0 0;
    .port_info 0 /INPUT 8 "a";
    .port_info 1 /OUTPUT 8 "result";
L_00000174f7e9ece8 .functor BUFT 1, C4<00011011>, C4<0>, C4<0>, C4<0>;
L_00000174f7c2f260 .functor XOR 8, L_00000174f7e9ca60, L_00000174f7e9ece8, C4<00000000>, C4<00000000>;
v00000174f7e6e4c0_0 .net *"_ivl_1", 0 0, L_00000174f7e9d0a0;  1 drivers
v00000174f7e6dc00_0 .net *"_ivl_10", 7 0, L_00000174f7c2f260;  1 drivers
v00000174f7e6e380_0 .net *"_ivl_12", 7 0, L_00000174f7e9d460;  1 drivers
v00000174f7e6d0c0_0 .net *"_ivl_14", 6 0, L_00000174f7e9cba0;  1 drivers
L_00000174f7e9ed30 .functor BUFT 1, C4<0>, C4<0>, C4<0>, C4<0>;
v00000174f7e6eec0_0 .net *"_ivl_16", 0 0, L_00000174f7e9ed30;  1 drivers
v00000174f7e6e920_0 .net *"_ivl_2", 7 0, L_00000174f7e9ca60;  1 drivers
v00000174f7e6d2a0_0 .net *"_ivl_4", 6 0, L_00000174f7e9d1e0;  1 drivers
L_00000174f7e9eca0 .functor BUFT 1, C4<0>, C4<0>, C4<0>, C4<0>;
v00000174f7e6de80_0 .net *"_ivl_6", 0 0, L_00000174f7e9eca0;  1 drivers
v00000174f7e6d340_0 .net/2u *"_ivl_8", 7 0, L_00000174f7e9ece8;  1 drivers
v00000174f7e6e560_0 .net "a", 7 0, L_00000174f7e98a00;  alias, 1 drivers
v00000174f7e6db60_0 .net "result", 7 0, L_00000174f7e9d500;  alias, 1 drivers
L_00000174f7e9d0a0 .part L_00000174f7e98a00, 7, 1;
L_00000174f7e9d1e0 .part L_00000174f7e98a00, 0, 7;
L_00000174f7e9ca60 .concat [ 1 7 0 0], L_00000174f7e9eca0, L_00000174f7e9d1e0;
L_00000174f7e9cba0 .part L_00000174f7e98a00, 0, 7;
L_00000174f7e9d460 .concat [ 1 7 0 0], L_00000174f7e9ed30, L_00000174f7e9cba0;
L_00000174f7e9d500 .functor MUXZ 8, L_00000174f7e9d460, L_00000174f7c2f260, L_00000174f7e9d0a0, C4<>;
S_00000174f7d1d5a0 .scope module, "u13_mul3" "mul3" 15 65, 17 3 0, S_00000174f7d1c400;
 .timescale 0 0;
    .port_info 0 /INPUT 8 "a";
    .port_info 1 /OUTPUT 8 "result";
L_00000174f7eef530 .functor XOR 8, L_00000174f7eedd40, L_00000174f7e98a00, C4<00000000>, C4<00000000>;
v00000174f7e6f820_0 .net "a", 7 0, L_00000174f7e98a00;  alias, 1 drivers
v00000174f7e6df20_0 .net "mul2_result", 7 0, L_00000174f7eedd40;  1 drivers
v00000174f7e6ec40_0 .net "result", 7 0, L_00000174f7eef530;  alias, 1 drivers
S_00000174f7d1da50 .scope module, "u_mul2" "mul2" 17 9, 16 1 0, S_00000174f7d1d5a0;
 .timescale 0 0;
    .port_info 0 /INPUT 8 "a";
    .port_info 1 /OUTPUT 8 "result";
L_00000174f7e9fa68 .functor BUFT 1, C4<00011011>, C4<0>, C4<0>, C4<0>;
L_00000174f7eef680 .functor XOR 8, L_00000174f7eed980, L_00000174f7e9fa68, C4<00000000>, C4<00000000>;
v00000174f7e6ef60_0 .net *"_ivl_1", 0 0, L_00000174f7eedfc0;  1 drivers
v00000174f7e6ee20_0 .net *"_ivl_10", 7 0, L_00000174f7eef680;  1 drivers
v00000174f7e6d980_0 .net *"_ivl_12", 7 0, L_00000174f7eedde0;  1 drivers
v00000174f7e6da20_0 .net *"_ivl_14", 6 0, L_00000174f7eedac0;  1 drivers
L_00000174f7e9fab0 .functor BUFT 1, C4<0>, C4<0>, C4<0>, C4<0>;
v00000174f7e6dac0_0 .net *"_ivl_16", 0 0, L_00000174f7e9fab0;  1 drivers
v00000174f7e6e9c0_0 .net *"_ivl_2", 7 0, L_00000174f7eed980;  1 drivers
v00000174f7e6f000_0 .net *"_ivl_4", 6 0, L_00000174f7eedf20;  1 drivers
L_00000174f7e9fa20 .functor BUFT 1, C4<0>, C4<0>, C4<0>, C4<0>;
v00000174f7e6f780_0 .net *"_ivl_6", 0 0, L_00000174f7e9fa20;  1 drivers
v00000174f7e6ece0_0 .net/2u *"_ivl_8", 7 0, L_00000174f7e9fa68;  1 drivers
v00000174f7e6dca0_0 .net "a", 7 0, L_00000174f7e98a00;  alias, 1 drivers
v00000174f7e6f6e0_0 .net "result", 7 0, L_00000174f7eedd40;  alias, 1 drivers
L_00000174f7eedfc0 .part L_00000174f7e98a00, 7, 1;
L_00000174f7eedf20 .part L_00000174f7e98a00, 0, 7;
L_00000174f7eed980 .concat [ 1 7 0 0], L_00000174f7e9fa20, L_00000174f7eedf20;
L_00000174f7eedac0 .part L_00000174f7e98a00, 0, 7;
L_00000174f7eedde0 .concat [ 1 7 0 0], L_00000174f7e9fab0, L_00000174f7eedac0;
L_00000174f7eedd40 .functor MUXZ 8, L_00000174f7eedde0, L_00000174f7eef680, L_00000174f7eedfc0, C4<>;
S_00000174f7d1d8c0 .scope module, "u14_mul2" "mul2" 15 48, 16 1 0, S_00000174f7d1c400;
 .timescale 0 0;
    .port_info 0 /INPUT 8 "a";
    .port_info 1 /OUTPUT 8 "result";
L_00000174f7e9edc0 .functor BUFT 1, C4<00011011>, C4<0>, C4<0>, C4<0>;
L_00000174f7c2f2d0 .functor XOR 8, L_00000174f7e9bca0, L_00000174f7e9edc0, C4<00000000>, C4<00000000>;
v00000174f7e6dfc0_0 .net *"_ivl_1", 0 0, L_00000174f7e9b520;  1 drivers
v00000174f7e6eb00_0 .net *"_ivl_10", 7 0, L_00000174f7c2f2d0;  1 drivers
v00000174f7e6e060_0 .net *"_ivl_12", 7 0, L_00000174f7e9cd80;  1 drivers
v00000174f7e6e100_0 .net *"_ivl_14", 6 0, L_00000174f7e9b200;  1 drivers
L_00000174f7e9ee08 .functor BUFT 1, C4<0>, C4<0>, C4<0>, C4<0>;
v00000174f7e6e1a0_0 .net *"_ivl_16", 0 0, L_00000174f7e9ee08;  1 drivers
v00000174f7e6f0a0_0 .net *"_ivl_2", 7 0, L_00000174f7e9bca0;  1 drivers
v00000174f7e6e240_0 .net *"_ivl_4", 6 0, L_00000174f7e9bac0;  1 drivers
L_00000174f7e9ed78 .functor BUFT 1, C4<0>, C4<0>, C4<0>, C4<0>;
v00000174f7e6e600_0 .net *"_ivl_6", 0 0, L_00000174f7e9ed78;  1 drivers
v00000174f7e6e6a0_0 .net/2u *"_ivl_8", 7 0, L_00000174f7e9edc0;  1 drivers
v00000174f7e6eba0_0 .net "a", 7 0, L_00000174f7e9a4e0;  alias, 1 drivers
v00000174f7e6ed80_0 .net "result", 7 0, L_00000174f7e9b2a0;  alias, 1 drivers
L_00000174f7e9b520 .part L_00000174f7e9a4e0, 7, 1;
L_00000174f7e9bac0 .part L_00000174f7e9a4e0, 0, 7;
L_00000174f7e9bca0 .concat [ 1 7 0 0], L_00000174f7e9ed78, L_00000174f7e9bac0;
L_00000174f7e9b200 .part L_00000174f7e9a4e0, 0, 7;
L_00000174f7e9cd80 .concat [ 1 7 0 0], L_00000174f7e9ee08, L_00000174f7e9b200;
L_00000174f7e9b2a0 .functor MUXZ 8, L_00000174f7e9cd80, L_00000174f7c2f2d0, L_00000174f7e9b520, C4<>;
S_00000174f7d1cf60 .scope module, "u14_mul3" "mul3" 15 66, 17 3 0, S_00000174f7d1c400;
 .timescale 0 0;
    .port_info 0 /INPUT 8 "a";
    .port_info 1 /OUTPUT 8 "result";
L_00000174f7eeed50 .functor XOR 8, L_00000174f7ee7b20, L_00000174f7e9a4e0, C4<00000000>, C4<00000000>;
v00000174f7e7c600_0 .net "a", 7 0, L_00000174f7e9a4e0;  alias, 1 drivers
v00000174f7e7cc40_0 .net "mul2_result", 7 0, L_00000174f7ee7b20;  1 drivers
v00000174f7e7bca0_0 .net "result", 7 0, L_00000174f7eeed50;  alias, 1 drivers
S_00000174f7d1dd70 .scope module, "u_mul2" "mul2" 17 9, 16 1 0, S_00000174f7d1cf60;
 .timescale 0 0;
    .port_info 0 /INPUT 8 "a";
    .port_info 1 /OUTPUT 8 "result";
L_00000174f7e9fb40 .functor BUFT 1, C4<00011011>, C4<0>, C4<0>, C4<0>;
L_00000174f7eef8b0 .functor XOR 8, L_00000174f7ee6e00, L_00000174f7e9fb40, C4<00000000>, C4<00000000>;
v00000174f7e6f140_0 .net *"_ivl_1", 0 0, L_00000174f7eee060;  1 drivers
v00000174f7e6f1e0_0 .net *"_ivl_10", 7 0, L_00000174f7eef8b0;  1 drivers
v00000174f7e6f280_0 .net *"_ivl_12", 7 0, L_00000174f7ee8840;  1 drivers
v00000174f7e7bb60_0 .net *"_ivl_14", 6 0, L_00000174f7ee6900;  1 drivers
L_00000174f7e9fb88 .functor BUFT 1, C4<0>, C4<0>, C4<0>, C4<0>;
v00000174f7e7bc00_0 .net *"_ivl_16", 0 0, L_00000174f7e9fb88;  1 drivers
v00000174f7e7c740_0 .net *"_ivl_2", 7 0, L_00000174f7ee6e00;  1 drivers
v00000174f7e7b980_0 .net *"_ivl_4", 6 0, L_00000174f7eede80;  1 drivers
L_00000174f7e9faf8 .functor BUFT 1, C4<0>, C4<0>, C4<0>, C4<0>;
v00000174f7e7c7e0_0 .net *"_ivl_6", 0 0, L_00000174f7e9faf8;  1 drivers
v00000174f7e7c9c0_0 .net/2u *"_ivl_8", 7 0, L_00000174f7e9fb40;  1 drivers
v00000174f7e7c880_0 .net "a", 7 0, L_00000174f7e9a4e0;  alias, 1 drivers
v00000174f7e7c560_0 .net "result", 7 0, L_00000174f7ee7b20;  alias, 1 drivers
L_00000174f7eee060 .part L_00000174f7e9a4e0, 7, 1;
L_00000174f7eede80 .part L_00000174f7e9a4e0, 0, 7;
L_00000174f7ee6e00 .concat [ 1 7 0 0], L_00000174f7e9faf8, L_00000174f7eede80;
L_00000174f7ee6900 .part L_00000174f7e9a4e0, 0, 7;
L_00000174f7ee8840 .concat [ 1 7 0 0], L_00000174f7e9fb88, L_00000174f7ee6900;
L_00000174f7ee7b20 .functor MUXZ 8, L_00000174f7ee8840, L_00000174f7eef8b0, L_00000174f7eee060, C4<>;
S_00000174f7d1df00 .scope module, "u15_mul2" "mul2" 15 49, 16 1 0, S_00000174f7d1c400;
 .timescale 0 0;
    .port_info 0 /INPUT 8 "a";
    .port_info 1 /OUTPUT 8 "result";
L_00000174f7e9ee98 .functor BUFT 1, C4<00011011>, C4<0>, C4<0>, C4<0>;
L_00000174f7c2f340 .functor XOR 8, L_00000174f7e9c100, L_00000174f7e9ee98, C4<00000000>, C4<00000000>;
v00000174f7e7cce0_0 .net *"_ivl_1", 0 0, L_00000174f7e9b3e0;  1 drivers
v00000174f7e7c100_0 .net *"_ivl_10", 7 0, L_00000174f7c2f340;  1 drivers
v00000174f7e7c380_0 .net *"_ivl_12", 7 0, L_00000174f7e9daa0;  1 drivers
v00000174f7e7cd80_0 .net *"_ivl_14", 6 0, L_00000174f7e9dfa0;  1 drivers
L_00000174f7e9eee0 .functor BUFT 1, C4<0>, C4<0>, C4<0>, C4<0>;
v00000174f7e7c920_0 .net *"_ivl_16", 0 0, L_00000174f7e9eee0;  1 drivers
v00000174f7e7c240_0 .net *"_ivl_2", 7 0, L_00000174f7e9c100;  1 drivers
v00000174f7e7bfc0_0 .net *"_ivl_4", 6 0, L_00000174f7e9c060;  1 drivers
L_00000174f7e9ee50 .functor BUFT 1, C4<0>, C4<0>, C4<0>, C4<0>;
v00000174f7e7c060_0 .net *"_ivl_6", 0 0, L_00000174f7e9ee50;  1 drivers
v00000174f7e7bd40_0 .net/2u *"_ivl_8", 7 0, L_00000174f7e9ee98;  1 drivers
v00000174f7e7bde0_0 .net "a", 7 0, L_00000174f7e9a6c0;  alias, 1 drivers
v00000174f7e7be80_0 .net "result", 7 0, L_00000174f7e9db40;  alias, 1 drivers
L_00000174f7e9b3e0 .part L_00000174f7e9a6c0, 7, 1;
L_00000174f7e9c060 .part L_00000174f7e9a6c0, 0, 7;
L_00000174f7e9c100 .concat [ 1 7 0 0], L_00000174f7e9ee50, L_00000174f7e9c060;
L_00000174f7e9dfa0 .part L_00000174f7e9a6c0, 0, 7;
L_00000174f7e9daa0 .concat [ 1 7 0 0], L_00000174f7e9eee0, L_00000174f7e9dfa0;
L_00000174f7e9db40 .functor MUXZ 8, L_00000174f7e9daa0, L_00000174f7c2f340, L_00000174f7e9b3e0, C4<>;
S_00000174f7d1e090 .scope module, "u15_mul3" "mul3" 15 67, 17 3 0, S_00000174f7d1c400;
 .timescale 0 0;
    .port_info 0 /INPUT 8 "a";
    .port_info 1 /OUTPUT 8 "result";
L_00000174f7eefd10 .functor XOR 8, L_00000174f7ee6ae0, L_00000174f7e9a6c0, C4<00000000>, C4<00000000>;
v00000174f7e7cf60_0 .net "a", 7 0, L_00000174f7e9a6c0;  alias, 1 drivers
v00000174f7e7b8e0_0 .net "mul2_result", 7 0, L_00000174f7ee6ae0;  1 drivers
v00000174f7e7ba20_0 .net "result", 7 0, L_00000174f7eefd10;  alias, 1 drivers
S_00000174f7d1e6d0 .scope module, "u_mul2" "mul2" 17 9, 16 1 0, S_00000174f7d1e090;
 .timescale 0 0;
    .port_info 0 /INPUT 8 "a";
    .port_info 1 /OUTPUT 8 "result";
L_00000174f7e9fc18 .functor BUFT 1, C4<00011011>, C4<0>, C4<0>, C4<0>;
L_00000174f7eeea40 .functor XOR 8, L_00000174f7ee7bc0, L_00000174f7e9fc18, C4<00000000>, C4<00000000>;
v00000174f7e7bf20_0 .net *"_ivl_1", 0 0, L_00000174f7ee7440;  1 drivers
v00000174f7e7c1a0_0 .net *"_ivl_10", 7 0, L_00000174f7eeea40;  1 drivers
v00000174f7e7ca60_0 .net *"_ivl_12", 7 0, L_00000174f7ee67c0;  1 drivers
v00000174f7e7c2e0_0 .net *"_ivl_14", 6 0, L_00000174f7ee65e0;  1 drivers
L_00000174f7e9fc60 .functor BUFT 1, C4<0>, C4<0>, C4<0>, C4<0>;
v00000174f7e7cb00_0 .net *"_ivl_16", 0 0, L_00000174f7e9fc60;  1 drivers
v00000174f7e7cba0_0 .net *"_ivl_2", 7 0, L_00000174f7ee7bc0;  1 drivers
v00000174f7e7c420_0 .net *"_ivl_4", 6 0, L_00000174f7ee6d60;  1 drivers
L_00000174f7e9fbd0 .functor BUFT 1, C4<0>, C4<0>, C4<0>, C4<0>;
v00000174f7e7c4c0_0 .net *"_ivl_6", 0 0, L_00000174f7e9fbd0;  1 drivers
v00000174f7e7c6a0_0 .net/2u *"_ivl_8", 7 0, L_00000174f7e9fc18;  1 drivers
v00000174f7e7ce20_0 .net "a", 7 0, L_00000174f7e9a6c0;  alias, 1 drivers
v00000174f7e7cec0_0 .net "result", 7 0, L_00000174f7ee6ae0;  alias, 1 drivers
L_00000174f7ee7440 .part L_00000174f7e9a6c0, 7, 1;
L_00000174f7ee6d60 .part L_00000174f7e9a6c0, 0, 7;
L_00000174f7ee7bc0 .concat [ 1 7 0 0], L_00000174f7e9fbd0, L_00000174f7ee6d60;
L_00000174f7ee65e0 .part L_00000174f7e9a6c0, 0, 7;
L_00000174f7ee67c0 .concat [ 1 7 0 0], L_00000174f7e9fc60, L_00000174f7ee65e0;
L_00000174f7ee6ae0 .functor MUXZ 8, L_00000174f7ee67c0, L_00000174f7eeea40, L_00000174f7ee7440, C4<>;
S_00000174f7d1e540 .scope module, "u1_mul2" "mul2" 15 35, 16 1 0, S_00000174f7d1c400;
 .timescale 0 0;
    .port_info 0 /INPUT 8 "a";
    .port_info 1 /OUTPUT 8 "result";
L_00000174f7e9e2c8 .functor BUFT 1, C4<00011011>, C4<0>, C4<0>, C4<0>;
L_00000174f7c2e460 .functor XOR 8, L_00000174f7e9a760, L_00000174f7e9e2c8, C4<00000000>, C4<00000000>;
v00000174f7e7bac0_0 .net *"_ivl_1", 0 0, L_00000174f7e99400;  1 drivers
v00000174f7e79ae0_0 .net *"_ivl_10", 7 0, L_00000174f7c2e460;  1 drivers
v00000174f7e7a9e0_0 .net *"_ivl_12", 7 0, L_00000174f7e99ae0;  1 drivers
v00000174f7e7a940_0 .net *"_ivl_14", 6 0, L_00000174f7e990e0;  1 drivers
L_00000174f7e9e310 .functor BUFT 1, C4<0>, C4<0>, C4<0>, C4<0>;
v00000174f7e7b7a0_0 .net *"_ivl_16", 0 0, L_00000174f7e9e310;  1 drivers
v00000174f7e799a0_0 .net *"_ivl_2", 7 0, L_00000174f7e9a760;  1 drivers
v00000174f7e7b340_0 .net *"_ivl_4", 6 0, L_00000174f7e9a620;  1 drivers
L_00000174f7e9e280 .functor BUFT 1, C4<0>, C4<0>, C4<0>, C4<0>;
v00000174f7e797c0_0 .net *"_ivl_6", 0 0, L_00000174f7e9e280;  1 drivers
v00000174f7e7b3e0_0 .net/2u *"_ivl_8", 7 0, L_00000174f7e9e2c8;  1 drivers
v00000174f7e7abc0_0 .net "a", 7 0, L_00000174f7e9a3a0;  alias, 1 drivers
v00000174f7e79f40_0 .net "result", 7 0, L_00000174f7e99900;  alias, 1 drivers
L_00000174f7e99400 .part L_00000174f7e9a3a0, 7, 1;
L_00000174f7e9a620 .part L_00000174f7e9a3a0, 0, 7;
L_00000174f7e9a760 .concat [ 1 7 0 0], L_00000174f7e9e280, L_00000174f7e9a620;
L_00000174f7e990e0 .part L_00000174f7e9a3a0, 0, 7;
L_00000174f7e99ae0 .concat [ 1 7 0 0], L_00000174f7e9e310, L_00000174f7e990e0;
L_00000174f7e99900 .functor MUXZ 8, L_00000174f7e99ae0, L_00000174f7c2e460, L_00000174f7e99400, C4<>;
S_00000174f7d1c920 .scope module, "u1_mul3" "mul3" 15 53, 17 3 0, S_00000174f7d1c400;
 .timescale 0 0;
    .port_info 0 /INPUT 8 "a";
    .port_info 1 /OUTPUT 8 "result";
L_00000174f7c2f730 .functor XOR 8, L_00000174f7eed520, L_00000174f7e9a3a0, C4<00000000>, C4<00000000>;
v00000174f7e79540_0 .net "a", 7 0, L_00000174f7e9a3a0;  alias, 1 drivers
v00000174f7e79fe0_0 .net "mul2_result", 7 0, L_00000174f7eed520;  1 drivers
v00000174f7e7ab20_0 .net "result", 7 0, L_00000174f7c2f730;  alias, 1 drivers
S_00000174f7d1d0f0 .scope module, "u_mul2" "mul2" 17 9, 16 1 0, S_00000174f7d1c920;
 .timescale 0 0;
    .port_info 0 /INPUT 8 "a";
    .port_info 1 /OUTPUT 8 "result";
L_00000174f7e9f048 .functor BUFT 1, C4<00011011>, C4<0>, C4<0>, C4<0>;
L_00000174f7c2f500 .functor XOR 8, L_00000174f7e9df00, L_00000174f7e9f048, C4<00000000>, C4<00000000>;
v00000174f7e7a300_0 .net *"_ivl_1", 0 0, L_00000174f7e9ddc0;  1 drivers
v00000174f7e79e00_0 .net *"_ivl_10", 7 0, L_00000174f7c2f500;  1 drivers
v00000174f7e7b0c0_0 .net *"_ivl_12", 7 0, L_00000174f7eec120;  1 drivers
v00000174f7e79cc0_0 .net *"_ivl_14", 6 0, L_00000174f7e90240;  1 drivers
L_00000174f7e9f090 .functor BUFT 1, C4<0>, C4<0>, C4<0>, C4<0>;
v00000174f7e7b5c0_0 .net *"_ivl_16", 0 0, L_00000174f7e9f090;  1 drivers
v00000174f7e79d60_0 .net *"_ivl_2", 7 0, L_00000174f7e9df00;  1 drivers
v00000174f7e79400_0 .net *"_ivl_4", 6 0, L_00000174f7e9de60;  1 drivers
L_00000174f7e9f000 .functor BUFT 1, C4<0>, C4<0>, C4<0>, C4<0>;
v00000174f7e79860_0 .net *"_ivl_6", 0 0, L_00000174f7e9f000;  1 drivers
v00000174f7e7b020_0 .net/2u *"_ivl_8", 7 0, L_00000174f7e9f048;  1 drivers
v00000174f7e7aa80_0 .net "a", 7 0, L_00000174f7e9a3a0;  alias, 1 drivers
v00000174f7e79ea0_0 .net "result", 7 0, L_00000174f7eed520;  alias, 1 drivers
L_00000174f7e9ddc0 .part L_00000174f7e9a3a0, 7, 1;
L_00000174f7e9de60 .part L_00000174f7e9a3a0, 0, 7;
L_00000174f7e9df00 .concat [ 1 7 0 0], L_00000174f7e9f000, L_00000174f7e9de60;
L_00000174f7e90240 .part L_00000174f7e9a3a0, 0, 7;
L_00000174f7eec120 .concat [ 1 7 0 0], L_00000174f7e9f090, L_00000174f7e90240;
L_00000174f7eed520 .functor MUXZ 8, L_00000174f7eec120, L_00000174f7c2f500, L_00000174f7e9ddc0, C4<>;
S_00000174f7d1e3b0 .scope module, "u2_mul2" "mul2" 15 36, 16 1 0, S_00000174f7d1c400;
 .timescale 0 0;
    .port_info 0 /INPUT 8 "a";
    .port_info 1 /OUTPUT 8 "result";
L_00000174f7e9e3a0 .functor BUFT 1, C4<00011011>, C4<0>, C4<0>, C4<0>;
L_00000174f7c2e000 .functor XOR 8, L_00000174f7e99ea0, L_00000174f7e9e3a0, C4<00000000>, C4<00000000>;
v00000174f7e7a8a0_0 .net *"_ivl_1", 0 0, L_00000174f7e9ad00;  1 drivers
v00000174f7e7b520_0 .net *"_ivl_10", 7 0, L_00000174f7c2e000;  1 drivers
v00000174f7e7a3a0_0 .net *"_ivl_12", 7 0, L_00000174f7e9a8a0;  1 drivers
v00000174f7e79b80_0 .net *"_ivl_14", 6 0, L_00000174f7e9a800;  1 drivers
L_00000174f7e9e3e8 .functor BUFT 1, C4<0>, C4<0>, C4<0>, C4<0>;
v00000174f7e7a080_0 .net *"_ivl_16", 0 0, L_00000174f7e9e3e8;  1 drivers
v00000174f7e7b160_0 .net *"_ivl_2", 7 0, L_00000174f7e99ea0;  1 drivers
v00000174f7e79900_0 .net *"_ivl_4", 6 0, L_00000174f7e99e00;  1 drivers
L_00000174f7e9e358 .functor BUFT 1, C4<0>, C4<0>, C4<0>, C4<0>;
v00000174f7e7a120_0 .net *"_ivl_6", 0 0, L_00000174f7e9e358;  1 drivers
v00000174f7e79a40_0 .net/2u *"_ivl_8", 7 0, L_00000174f7e9e3a0;  1 drivers
v00000174f7e7ac60_0 .net "a", 7 0, L_00000174f7e98fa0;  alias, 1 drivers
v00000174f7e7b2a0_0 .net "result", 7 0, L_00000174f7e994a0;  alias, 1 drivers
L_00000174f7e9ad00 .part L_00000174f7e98fa0, 7, 1;
L_00000174f7e99e00 .part L_00000174f7e98fa0, 0, 7;
L_00000174f7e99ea0 .concat [ 1 7 0 0], L_00000174f7e9e358, L_00000174f7e99e00;
L_00000174f7e9a800 .part L_00000174f7e98fa0, 0, 7;
L_00000174f7e9a8a0 .concat [ 1 7 0 0], L_00000174f7e9e3e8, L_00000174f7e9a800;
L_00000174f7e994a0 .functor MUXZ 8, L_00000174f7e9a8a0, L_00000174f7c2e000, L_00000174f7e9ad00, C4<>;
S_00000174f7d1d410 .scope module, "u2_mul3" "mul3" 15 54, 17 3 0, S_00000174f7d1c400;
 .timescale 0 0;
    .port_info 0 /INPUT 8 "a";
    .port_info 1 /OUTPUT 8 "result";
L_00000174f7c2f8f0 .functor XOR 8, L_00000174f7eeba40, L_00000174f7e98fa0, C4<00000000>, C4<00000000>;
v00000174f7e7a440_0 .net "a", 7 0, L_00000174f7e98fa0;  alias, 1 drivers
v00000174f7e7a580_0 .net "mul2_result", 7 0, L_00000174f7eeba40;  1 drivers
v00000174f7e7b480_0 .net "result", 7 0, L_00000174f7c2f8f0;  alias, 1 drivers
S_00000174f7d1cab0 .scope module, "u_mul2" "mul2" 17 9, 16 1 0, S_00000174f7d1d410;
 .timescale 0 0;
    .port_info 0 /INPUT 8 "a";
    .port_info 1 /OUTPUT 8 "result";
L_00000174f7e9f120 .functor BUFT 1, C4<00011011>, C4<0>, C4<0>, C4<0>;
L_00000174f7c2f880 .functor XOR 8, L_00000174f7eeb5e0, L_00000174f7e9f120, C4<00000000>, C4<00000000>;
v00000174f7e795e0_0 .net *"_ivl_1", 0 0, L_00000174f7eebe00;  1 drivers
v00000174f7e7a4e0_0 .net *"_ivl_10", 7 0, L_00000174f7c2f880;  1 drivers
v00000174f7e7ada0_0 .net *"_ivl_12", 7 0, L_00000174f7eecee0;  1 drivers
v00000174f7e7af80_0 .net *"_ivl_14", 6 0, L_00000174f7eed020;  1 drivers
L_00000174f7e9f168 .functor BUFT 1, C4<0>, C4<0>, C4<0>, C4<0>;
v00000174f7e7a1c0_0 .net *"_ivl_16", 0 0, L_00000174f7e9f168;  1 drivers
v00000174f7e7a260_0 .net *"_ivl_2", 7 0, L_00000174f7eeb5e0;  1 drivers
v00000174f7e7a800_0 .net *"_ivl_4", 6 0, L_00000174f7eed480;  1 drivers
L_00000174f7e9f0d8 .functor BUFT 1, C4<0>, C4<0>, C4<0>, C4<0>;
v00000174f7e7ad00_0 .net *"_ivl_6", 0 0, L_00000174f7e9f0d8;  1 drivers
v00000174f7e79c20_0 .net/2u *"_ivl_8", 7 0, L_00000174f7e9f120;  1 drivers
v00000174f7e7b200_0 .net "a", 7 0, L_00000174f7e98fa0;  alias, 1 drivers
v00000174f7e7b660_0 .net "result", 7 0, L_00000174f7eeba40;  alias, 1 drivers
L_00000174f7eebe00 .part L_00000174f7e98fa0, 7, 1;
L_00000174f7eed480 .part L_00000174f7e98fa0, 0, 7;
L_00000174f7eeb5e0 .concat [ 1 7 0 0], L_00000174f7e9f0d8, L_00000174f7eed480;
L_00000174f7eed020 .part L_00000174f7e98fa0, 0, 7;
L_00000174f7eecee0 .concat [ 1 7 0 0], L_00000174f7e9f168, L_00000174f7eed020;
L_00000174f7eeba40 .functor MUXZ 8, L_00000174f7eecee0, L_00000174f7c2f880, L_00000174f7eebe00, C4<>;
S_00000174f7d1cdd0 .scope module, "u3_mul2" "mul2" 15 37, 16 1 0, S_00000174f7d1c400;
 .timescale 0 0;
    .port_info 0 /INPUT 8 "a";
    .port_info 1 /OUTPUT 8 "result";
L_00000174f7e9e478 .functor BUFT 1, C4<00011011>, C4<0>, C4<0>, C4<0>;
L_00000174f7c2e310 .functor XOR 8, L_00000174f7e99720, L_00000174f7e9e478, C4<00000000>, C4<00000000>;
v00000174f7e7ae40_0 .net *"_ivl_1", 0 0, L_00000174f7e98aa0;  1 drivers
v00000174f7e7a620_0 .net *"_ivl_10", 7 0, L_00000174f7c2e310;  1 drivers
v00000174f7e7b840_0 .net *"_ivl_12", 7 0, L_00000174f7e98b40;  1 drivers
v00000174f7e7a6c0_0 .net *"_ivl_14", 6 0, L_00000174f7e9aee0;  1 drivers
L_00000174f7e9e4c0 .functor BUFT 1, C4<0>, C4<0>, C4<0>, C4<0>;
v00000174f7e7b700_0 .net *"_ivl_16", 0 0, L_00000174f7e9e4c0;  1 drivers
v00000174f7e7aee0_0 .net *"_ivl_2", 7 0, L_00000174f7e99720;  1 drivers
v00000174f7e7a760_0 .net *"_ivl_4", 6 0, L_00000174f7e9a940;  1 drivers
L_00000174f7e9e430 .functor BUFT 1, C4<0>, C4<0>, C4<0>, C4<0>;
v00000174f7e790e0_0 .net *"_ivl_6", 0 0, L_00000174f7e9e430;  1 drivers
v00000174f7e79180_0 .net/2u *"_ivl_8", 7 0, L_00000174f7e9e478;  1 drivers
v00000174f7e79720_0 .net "a", 7 0, L_00000174f7e99220;  alias, 1 drivers
v00000174f7e79220_0 .net "result", 7 0, L_00000174f7e99f40;  alias, 1 drivers
L_00000174f7e98aa0 .part L_00000174f7e99220, 7, 1;
L_00000174f7e9a940 .part L_00000174f7e99220, 0, 7;
L_00000174f7e99720 .concat [ 1 7 0 0], L_00000174f7e9e430, L_00000174f7e9a940;
L_00000174f7e9aee0 .part L_00000174f7e99220, 0, 7;
L_00000174f7e98b40 .concat [ 1 7 0 0], L_00000174f7e9e4c0, L_00000174f7e9aee0;
L_00000174f7e99f40 .functor MUXZ 8, L_00000174f7e98b40, L_00000174f7c2e310, L_00000174f7e98aa0, C4<>;
S_00000174f7e7d8b0 .scope module, "u3_mul3" "mul3" 15 55, 17 3 0, S_00000174f7d1c400;
 .timescale 0 0;
    .port_info 0 /INPUT 8 "a";
    .port_info 1 /OUTPUT 8 "result";
L_00000174f7c2f9d0 .functor XOR 8, L_00000174f7eeb9a0, L_00000174f7e99220, C4<00000000>, C4<00000000>;
v00000174f7e84100_0 .net "a", 7 0, L_00000174f7e99220;  alias, 1 drivers
v00000174f7e867c0_0 .net "mul2_result", 7 0, L_00000174f7eeb9a0;  1 drivers
v00000174f7e85320_0 .net "result", 7 0, L_00000174f7c2f9d0;  alias, 1 drivers
S_00000174f7e7e6c0 .scope module, "u_mul2" "mul2" 17 9, 16 1 0, S_00000174f7e7d8b0;
 .timescale 0 0;
    .port_info 0 /INPUT 8 "a";
    .port_info 1 /OUTPUT 8 "result";
L_00000174f7e9f1f8 .functor BUFT 1, C4<00011011>, C4<0>, C4<0>, C4<0>;
L_00000174f7c2dd60 .functor XOR 8, L_00000174f7eeb540, L_00000174f7e9f1f8, C4<00000000>, C4<00000000>;
v00000174f7e792c0_0 .net *"_ivl_1", 0 0, L_00000174f7eeb180;  1 drivers
v00000174f7e79360_0 .net *"_ivl_10", 7 0, L_00000174f7c2dd60;  1 drivers
v00000174f7e794a0_0 .net *"_ivl_12", 7 0, L_00000174f7eeb860;  1 drivers
v00000174f7e79680_0 .net *"_ivl_14", 6 0, L_00000174f7eec580;  1 drivers
L_00000174f7e9f240 .functor BUFT 1, C4<0>, C4<0>, C4<0>, C4<0>;
v00000174f7e85b40_0 .net *"_ivl_16", 0 0, L_00000174f7e9f240;  1 drivers
v00000174f7e86040_0 .net *"_ivl_2", 7 0, L_00000174f7eeb540;  1 drivers
v00000174f7e86680_0 .net *"_ivl_4", 6 0, L_00000174f7eed3e0;  1 drivers
L_00000174f7e9f1b0 .functor BUFT 1, C4<0>, C4<0>, C4<0>, C4<0>;
v00000174f7e86360_0 .net *"_ivl_6", 0 0, L_00000174f7e9f1b0;  1 drivers
v00000174f7e84740_0 .net/2u *"_ivl_8", 7 0, L_00000174f7e9f1f8;  1 drivers
v00000174f7e84560_0 .net "a", 7 0, L_00000174f7e99220;  alias, 1 drivers
v00000174f7e846a0_0 .net "result", 7 0, L_00000174f7eeb9a0;  alias, 1 drivers
L_00000174f7eeb180 .part L_00000174f7e99220, 7, 1;
L_00000174f7eed3e0 .part L_00000174f7e99220, 0, 7;
L_00000174f7eeb540 .concat [ 1 7 0 0], L_00000174f7e9f1b0, L_00000174f7eed3e0;
L_00000174f7eec580 .part L_00000174f7e99220, 0, 7;
L_00000174f7eeb860 .concat [ 1 7 0 0], L_00000174f7e9f240, L_00000174f7eec580;
L_00000174f7eeb9a0 .functor MUXZ 8, L_00000174f7eeb860, L_00000174f7c2dd60, L_00000174f7eeb180, C4<>;
S_00000174f7e7d400 .scope module, "u4_mul2" "mul2" 15 38, 16 1 0, S_00000174f7d1c400;
 .timescale 0 0;
    .port_info 0 /INPUT 8 "a";
    .port_info 1 /OUTPUT 8 "result";
L_00000174f7e9e550 .functor BUFT 1, C4<00011011>, C4<0>, C4<0>, C4<0>;
L_00000174f7c2ee00 .functor XOR 8, L_00000174f7e99fe0, L_00000174f7e9e550, C4<00000000>, C4<00000000>;
v00000174f7e85500_0 .net *"_ivl_1", 0 0, L_00000174f7e9a9e0;  1 drivers
v00000174f7e86220_0 .net *"_ivl_10", 7 0, L_00000174f7c2ee00;  1 drivers
v00000174f7e862c0_0 .net *"_ivl_12", 7 0, L_00000174f7e98c80;  1 drivers
v00000174f7e842e0_0 .net *"_ivl_14", 6 0, L_00000174f7e98be0;  1 drivers
L_00000174f7e9e598 .functor BUFT 1, C4<0>, C4<0>, C4<0>, C4<0>;
v00000174f7e847e0_0 .net *"_ivl_16", 0 0, L_00000174f7e9e598;  1 drivers
v00000174f7e84a60_0 .net *"_ivl_2", 7 0, L_00000174f7e99fe0;  1 drivers
v00000174f7e86400_0 .net *"_ivl_4", 6 0, L_00000174f7e9abc0;  1 drivers
L_00000174f7e9e508 .functor BUFT 1, C4<0>, C4<0>, C4<0>, C4<0>;
v00000174f7e85be0_0 .net *"_ivl_6", 0 0, L_00000174f7e9e508;  1 drivers
v00000174f7e85280_0 .net/2u *"_ivl_8", 7 0, L_00000174f7e9e550;  1 drivers
v00000174f7e84c40_0 .net "a", 7 0, L_00000174f7e99cc0;  alias, 1 drivers
v00000174f7e853c0_0 .net "result", 7 0, L_00000174f7e9d3c0;  alias, 1 drivers
L_00000174f7e9a9e0 .part L_00000174f7e99cc0, 7, 1;
L_00000174f7e9abc0 .part L_00000174f7e99cc0, 0, 7;
L_00000174f7e99fe0 .concat [ 1 7 0 0], L_00000174f7e9e508, L_00000174f7e9abc0;
L_00000174f7e98be0 .part L_00000174f7e99cc0, 0, 7;
L_00000174f7e98c80 .concat [ 1 7 0 0], L_00000174f7e9e598, L_00000174f7e98be0;
L_00000174f7e9d3c0 .functor MUXZ 8, L_00000174f7e98c80, L_00000174f7c2ee00, L_00000174f7e9a9e0, C4<>;
S_00000174f7e7d270 .scope module, "u4_mul3" "mul3" 15 56, 17 3 0, S_00000174f7d1c400;
 .timescale 0 0;
    .port_info 0 /INPUT 8 "a";
    .port_info 1 /OUTPUT 8 "result";
L_00000174f7c2f960 .functor XOR 8, L_00000174f7eec440, L_00000174f7e99cc0, C4<00000000>, C4<00000000>;
v00000174f7e84ba0_0 .net "a", 7 0, L_00000174f7e99cc0;  alias, 1 drivers
v00000174f7e85c80_0 .net "mul2_result", 7 0, L_00000174f7eec440;  1 drivers
v00000174f7e84420_0 .net "result", 7 0, L_00000174f7c2f960;  alias, 1 drivers
S_00000174f7e7d590 .scope module, "u_mul2" "mul2" 17 9, 16 1 0, S_00000174f7e7d270;
 .timescale 0 0;
    .port_info 0 /INPUT 8 "a";
    .port_info 1 /OUTPUT 8 "result";
L_00000174f7e9f2d0 .functor BUFT 1, C4<00011011>, C4<0>, C4<0>, C4<0>;
L_00000174f7c2fb20 .functor XOR 8, L_00000174f7eed340, L_00000174f7e9f2d0, C4<00000000>, C4<00000000>;
v00000174f7e85000_0 .net *"_ivl_1", 0 0, L_00000174f7eec800;  1 drivers
v00000174f7e84880_0 .net *"_ivl_10", 7 0, L_00000174f7c2fb20;  1 drivers
v00000174f7e855a0_0 .net *"_ivl_12", 7 0, L_00000174f7eec300;  1 drivers
v00000174f7e84920_0 .net *"_ivl_14", 6 0, L_00000174f7eece40;  1 drivers
L_00000174f7e9f318 .functor BUFT 1, C4<0>, C4<0>, C4<0>, C4<0>;
v00000174f7e84b00_0 .net *"_ivl_16", 0 0, L_00000174f7e9f318;  1 drivers
v00000174f7e865e0_0 .net *"_ivl_2", 7 0, L_00000174f7eed340;  1 drivers
v00000174f7e86860_0 .net *"_ivl_4", 6 0, L_00000174f7eed2a0;  1 drivers
L_00000174f7e9f288 .functor BUFT 1, C4<0>, C4<0>, C4<0>, C4<0>;
v00000174f7e864a0_0 .net *"_ivl_6", 0 0, L_00000174f7e9f288;  1 drivers
v00000174f7e86540_0 .net/2u *"_ivl_8", 7 0, L_00000174f7e9f2d0;  1 drivers
v00000174f7e84380_0 .net "a", 7 0, L_00000174f7e99cc0;  alias, 1 drivers
v00000174f7e849c0_0 .net "result", 7 0, L_00000174f7eec440;  alias, 1 drivers
L_00000174f7eec800 .part L_00000174f7e99cc0, 7, 1;
L_00000174f7eed2a0 .part L_00000174f7e99cc0, 0, 7;
L_00000174f7eed340 .concat [ 1 7 0 0], L_00000174f7e9f288, L_00000174f7eed2a0;
L_00000174f7eece40 .part L_00000174f7e99cc0, 0, 7;
L_00000174f7eec300 .concat [ 1 7 0 0], L_00000174f7e9f318, L_00000174f7eece40;
L_00000174f7eec440 .functor MUXZ 8, L_00000174f7eec300, L_00000174f7c2fb20, L_00000174f7eec800, C4<>;
S_00000174f7e7dd60 .scope module, "u5_mul2" "mul2" 15 39, 16 1 0, S_00000174f7d1c400;
 .timescale 0 0;
    .port_info 0 /INPUT 8 "a";
    .port_info 1 /OUTPUT 8 "result";
L_00000174f7e9e628 .functor BUFT 1, C4<00011011>, C4<0>, C4<0>, C4<0>;
L_00000174f7c2e4d0 .functor XOR 8, L_00000174f7e9c9c0, L_00000174f7e9e628, C4<00000000>, C4<00000000>;
v00000174f7e85fa0_0 .net *"_ivl_1", 0 0, L_00000174f7e9b5c0;  1 drivers
v00000174f7e85460_0 .net *"_ivl_10", 7 0, L_00000174f7c2e4d0;  1 drivers
v00000174f7e86720_0 .net *"_ivl_12", 7 0, L_00000174f7e9b160;  1 drivers
v00000174f7e84e20_0 .net *"_ivl_14", 6 0, L_00000174f7e9b980;  1 drivers
L_00000174f7e9e670 .functor BUFT 1, C4<0>, C4<0>, C4<0>, C4<0>;
v00000174f7e84600_0 .net *"_ivl_16", 0 0, L_00000174f7e9e670;  1 drivers
v00000174f7e84ce0_0 .net *"_ivl_2", 7 0, L_00000174f7e9c9c0;  1 drivers
v00000174f7e84d80_0 .net *"_ivl_4", 6 0, L_00000174f7e9b700;  1 drivers
L_00000174f7e9e5e0 .functor BUFT 1, C4<0>, C4<0>, C4<0>, C4<0>;
v00000174f7e84ec0_0 .net *"_ivl_6", 0 0, L_00000174f7e9e5e0;  1 drivers
v00000174f7e85aa0_0 .net/2u *"_ivl_8", 7 0, L_00000174f7e9e628;  1 drivers
v00000174f7e841a0_0 .net "a", 7 0, L_00000174f7e9ae40;  alias, 1 drivers
v00000174f7e84240_0 .net "result", 7 0, L_00000174f7e9b660;  alias, 1 drivers
L_00000174f7e9b5c0 .part L_00000174f7e9ae40, 7, 1;
L_00000174f7e9b700 .part L_00000174f7e9ae40, 0, 7;
L_00000174f7e9c9c0 .concat [ 1 7 0 0], L_00000174f7e9e5e0, L_00000174f7e9b700;
L_00000174f7e9b980 .part L_00000174f7e9ae40, 0, 7;
L_00000174f7e9b160 .concat [ 1 7 0 0], L_00000174f7e9e670, L_00000174f7e9b980;
L_00000174f7e9b660 .functor MUXZ 8, L_00000174f7e9b160, L_00000174f7c2e4d0, L_00000174f7e9b5c0, C4<>;
S_00000174f7e7d720 .scope module, "u5_mul3" "mul3" 15 57, 17 3 0, S_00000174f7d1c400;
 .timescale 0 0;
    .port_info 0 /INPUT 8 "a";
    .port_info 1 /OUTPUT 8 "result";
L_00000174f7c2fc70 .functor XOR 8, L_00000174f7eed0c0, L_00000174f7e9ae40, C4<00000000>, C4<00000000>;
v00000174f7e85820_0 .net "a", 7 0, L_00000174f7e9ae40;  alias, 1 drivers
v00000174f7e85960_0 .net "mul2_result", 7 0, L_00000174f7eed0c0;  1 drivers
v00000174f7e85a00_0 .net "result", 7 0, L_00000174f7c2fc70;  alias, 1 drivers
S_00000174f7e7e850 .scope module, "u_mul2" "mul2" 17 9, 16 1 0, S_00000174f7e7d720;
 .timescale 0 0;
    .port_info 0 /INPUT 8 "a";
    .port_info 1 /OUTPUT 8 "result";
L_00000174f7e9f3a8 .functor BUFT 1, C4<00011011>, C4<0>, C4<0>, C4<0>;
L_00000174f7c2fc00 .functor XOR 8, L_00000174f7eec4e0, L_00000174f7e9f3a8, C4<00000000>, C4<00000000>;
v00000174f7e844c0_0 .net *"_ivl_1", 0 0, L_00000174f7eeb680;  1 drivers
v00000174f7e84f60_0 .net *"_ivl_10", 7 0, L_00000174f7c2fc00;  1 drivers
v00000174f7e858c0_0 .net *"_ivl_12", 7 0, L_00000174f7eecf80;  1 drivers
v00000174f7e85640_0 .net *"_ivl_14", 6 0, L_00000174f7eec620;  1 drivers
L_00000174f7e9f3f0 .functor BUFT 1, C4<0>, C4<0>, C4<0>, C4<0>;
v00000174f7e850a0_0 .net *"_ivl_16", 0 0, L_00000174f7e9f3f0;  1 drivers
v00000174f7e85d20_0 .net *"_ivl_2", 7 0, L_00000174f7eec4e0;  1 drivers
v00000174f7e85140_0 .net *"_ivl_4", 6 0, L_00000174f7eebea0;  1 drivers
L_00000174f7e9f360 .functor BUFT 1, C4<0>, C4<0>, C4<0>, C4<0>;
v00000174f7e856e0_0 .net *"_ivl_6", 0 0, L_00000174f7e9f360;  1 drivers
v00000174f7e851e0_0 .net/2u *"_ivl_8", 7 0, L_00000174f7e9f3a8;  1 drivers
v00000174f7e860e0_0 .net "a", 7 0, L_00000174f7e9ae40;  alias, 1 drivers
v00000174f7e85780_0 .net "result", 7 0, L_00000174f7eed0c0;  alias, 1 drivers
L_00000174f7eeb680 .part L_00000174f7e9ae40, 7, 1;
L_00000174f7eebea0 .part L_00000174f7e9ae40, 0, 7;
L_00000174f7eec4e0 .concat [ 1 7 0 0], L_00000174f7e9f360, L_00000174f7eebea0;
L_00000174f7eec620 .part L_00000174f7e9ae40, 0, 7;
L_00000174f7eecf80 .concat [ 1 7 0 0], L_00000174f7e9f3f0, L_00000174f7eec620;
L_00000174f7eed0c0 .functor MUXZ 8, L_00000174f7eecf80, L_00000174f7c2fc00, L_00000174f7eeb680, C4<>;
S_00000174f7e7da40 .scope module, "u6_mul2" "mul2" 15 40, 16 1 0, S_00000174f7d1c400;
 .timescale 0 0;
    .port_info 0 /INPUT 8 "a";
    .port_info 1 /OUTPUT 8 "result";
L_00000174f7e9e700 .functor BUFT 1, C4<00011011>, C4<0>, C4<0>, C4<0>;
L_00000174f7c2ef50 .functor XOR 8, L_00000174f7e9c1a0, L_00000174f7e9e700, C4<00000000>, C4<00000000>;
v00000174f7e85dc0_0 .net *"_ivl_1", 0 0, L_00000174f7e9cce0;  1 drivers
v00000174f7e85e60_0 .net *"_ivl_10", 7 0, L_00000174f7c2ef50;  1 drivers
v00000174f7e85f00_0 .net *"_ivl_12", 7 0, L_00000174f7e9b840;  1 drivers
v00000174f7e86180_0 .net *"_ivl_14", 6 0, L_00000174f7e9b480;  1 drivers
L_00000174f7e9e748 .functor BUFT 1, C4<0>, C4<0>, C4<0>, C4<0>;
v00000174f7e86f40_0 .net *"_ivl_16", 0 0, L_00000174f7e9e748;  1 drivers
v00000174f7e86e00_0 .net *"_ivl_2", 7 0, L_00000174f7e9c1a0;  1 drivers
v00000174f7e86b80_0 .net *"_ivl_4", 6 0, L_00000174f7e9b340;  1 drivers
L_00000174f7e9e6b8 .functor BUFT 1, C4<0>, C4<0>, C4<0>, C4<0>;
v00000174f7e86ae0_0 .net *"_ivl_6", 0 0, L_00000174f7e9e6b8;  1 drivers
v00000174f7e86900_0 .net/2u *"_ivl_8", 7 0, L_00000174f7e9e700;  1 drivers
v00000174f7e86c20_0 .net "a", 7 0, L_00000174f7e9b0c0;  alias, 1 drivers
v00000174f7e86cc0_0 .net "result", 7 0, L_00000174f7e9d5a0;  alias, 1 drivers
L_00000174f7e9cce0 .part L_00000174f7e9b0c0, 7, 1;
L_00000174f7e9b340 .part L_00000174f7e9b0c0, 0, 7;
L_00000174f7e9c1a0 .concat [ 1 7 0 0], L_00000174f7e9e6b8, L_00000174f7e9b340;
L_00000174f7e9b480 .part L_00000174f7e9b0c0, 0, 7;
L_00000174f7e9b840 .concat [ 1 7 0 0], L_00000174f7e9e748, L_00000174f7e9b480;
L_00000174f7e9d5a0 .functor MUXZ 8, L_00000174f7e9b840, L_00000174f7c2ef50, L_00000174f7e9cce0, C4<>;
S_00000174f7e7dbd0 .scope module, "u6_mul3" "mul3" 15 58, 17 3 0, S_00000174f7d1c400;
 .timescale 0 0;
    .port_info 0 /INPUT 8 "a";
    .port_info 1 /OUTPUT 8 "result";
L_00000174f7c2fa40 .functor XOR 8, L_00000174f7eec3a0, L_00000174f7e9b0c0, C4<00000000>, C4<00000000>;
v00000174f7e817c0_0 .net "a", 7 0, L_00000174f7e9b0c0;  alias, 1 drivers
v00000174f7e80320_0 .net "mul2_result", 7 0, L_00000174f7eec3a0;  1 drivers
v00000174f7e80dc0_0 .net "result", 7 0, L_00000174f7c2fa40;  alias, 1 drivers
S_00000174f7e7e9e0 .scope module, "u_mul2" "mul2" 17 9, 16 1 0, S_00000174f7e7dbd0;
 .timescale 0 0;
    .port_info 0 /INPUT 8 "a";
    .port_info 1 /OUTPUT 8 "result";
L_00000174f7e9f480 .functor BUFT 1, C4<00011011>, C4<0>, C4<0>, C4<0>;
L_00000174f7c2fb90 .functor XOR 8, L_00000174f7eec9e0, L_00000174f7e9f480, C4<00000000>, C4<00000000>;
v00000174f7e86ea0_0 .net *"_ivl_1", 0 0, L_00000174f7eeb7c0;  1 drivers
v00000174f7e86fe0_0 .net *"_ivl_10", 7 0, L_00000174f7c2fb90;  1 drivers
v00000174f7e869a0_0 .net *"_ivl_12", 7 0, L_00000174f7eed160;  1 drivers
v00000174f7e86d60_0 .net *"_ivl_14", 6 0, L_00000174f7eed7a0;  1 drivers
L_00000174f7e9f4c8 .functor BUFT 1, C4<0>, C4<0>, C4<0>, C4<0>;
v00000174f7e86a40_0 .net *"_ivl_16", 0 0, L_00000174f7e9f4c8;  1 drivers
v00000174f7e80960_0 .net *"_ivl_2", 7 0, L_00000174f7eec9e0;  1 drivers
v00000174f7e7fe20_0 .net *"_ivl_4", 6 0, L_00000174f7eeca80;  1 drivers
L_00000174f7e9f438 .functor BUFT 1, C4<0>, C4<0>, C4<0>, C4<0>;
v00000174f7e7f4c0_0 .net *"_ivl_6", 0 0, L_00000174f7e9f438;  1 drivers
v00000174f7e7f560_0 .net/2u *"_ivl_8", 7 0, L_00000174f7e9f480;  1 drivers
v00000174f7e7fec0_0 .net "a", 7 0, L_00000174f7e9b0c0;  alias, 1 drivers
v00000174f7e80a00_0 .net "result", 7 0, L_00000174f7eec3a0;  alias, 1 drivers
L_00000174f7eeb7c0 .part L_00000174f7e9b0c0, 7, 1;
L_00000174f7eeca80 .part L_00000174f7e9b0c0, 0, 7;
L_00000174f7eec9e0 .concat [ 1 7 0 0], L_00000174f7e9f438, L_00000174f7eeca80;
L_00000174f7eed7a0 .part L_00000174f7e9b0c0, 0, 7;
L_00000174f7eed160 .concat [ 1 7 0 0], L_00000174f7e9f4c8, L_00000174f7eed7a0;
L_00000174f7eec3a0 .functor MUXZ 8, L_00000174f7eed160, L_00000174f7c2fb90, L_00000174f7eeb7c0, C4<>;
S_00000174f7e7e080 .scope module, "u7_mul2" "mul2" 15 41, 16 1 0, S_00000174f7d1c400;
 .timescale 0 0;
    .port_info 0 /INPUT 8 "a";
    .port_info 1 /OUTPUT 8 "result";
L_00000174f7e9e7d8 .functor BUFT 1, C4<00011011>, C4<0>, C4<0>, C4<0>;
L_00000174f7c2ed20 .functor XOR 8, L_00000174f7e9c420, L_00000174f7e9e7d8, C4<00000000>, C4<00000000>;
v00000174f7e81220_0 .net *"_ivl_1", 0 0, L_00000174f7e9c240;  1 drivers
v00000174f7e803c0_0 .net *"_ivl_10", 7 0, L_00000174f7c2ed20;  1 drivers
v00000174f7e81540_0 .net *"_ivl_12", 7 0, L_00000174f7e9cec0;  1 drivers
v00000174f7e80280_0 .net *"_ivl_14", 6 0, L_00000174f7e9c4c0;  1 drivers
L_00000174f7e9e820 .functor BUFT 1, C4<0>, C4<0>, C4<0>, C4<0>;
v00000174f7e80140_0 .net *"_ivl_16", 0 0, L_00000174f7e9e820;  1 drivers
v00000174f7e80000_0 .net *"_ivl_2", 7 0, L_00000174f7e9c420;  1 drivers
v00000174f7e80460_0 .net *"_ivl_4", 6 0, L_00000174f7e9bde0;  1 drivers
L_00000174f7e9e790 .functor BUFT 1, C4<0>, C4<0>, C4<0>, C4<0>;
v00000174f7e80aa0_0 .net *"_ivl_6", 0 0, L_00000174f7e9e790;  1 drivers
v00000174f7e7f740_0 .net/2u *"_ivl_8", 7 0, L_00000174f7e9e7d8;  1 drivers
v00000174f7e814a0_0 .net "a", 7 0, L_00000174f7e9ac60;  alias, 1 drivers
v00000174f7e80500_0 .net "result", 7 0, L_00000174f7e9d000;  alias, 1 drivers
L_00000174f7e9c240 .part L_00000174f7e9ac60, 7, 1;
L_00000174f7e9bde0 .part L_00000174f7e9ac60, 0, 7;
L_00000174f7e9c420 .concat [ 1 7 0 0], L_00000174f7e9e790, L_00000174f7e9bde0;
L_00000174f7e9c4c0 .part L_00000174f7e9ac60, 0, 7;
L_00000174f7e9cec0 .concat [ 1 7 0 0], L_00000174f7e9e820, L_00000174f7e9c4c0;
L_00000174f7e9d000 .functor MUXZ 8, L_00000174f7e9cec0, L_00000174f7c2ed20, L_00000174f7e9c240, C4<>;
S_00000174f7e7ee90 .scope module, "u7_mul3" "mul3" 15 59, 17 3 0, S_00000174f7d1c400;
 .timescale 0 0;
    .port_info 0 /INPUT 8 "a";
    .port_info 1 /OUTPUT 8 "result";
L_00000174f7ba96b0 .functor XOR 8, L_00000174f7eeb220, L_00000174f7e9ac60, C4<00000000>, C4<00000000>;
v00000174f7e81040_0 .net "a", 7 0, L_00000174f7e9ac60;  alias, 1 drivers
v00000174f7e7f880_0 .net "mul2_result", 7 0, L_00000174f7eeb220;  1 drivers
v00000174f7e81360_0 .net "result", 7 0, L_00000174f7ba96b0;  alias, 1 drivers
S_00000174f7e7eb70 .scope module, "u_mul2" "mul2" 17 9, 16 1 0, S_00000174f7e7ee90;
 .timescale 0 0;
    .port_info 0 /INPUT 8 "a";
    .port_info 1 /OUTPUT 8 "result";
L_00000174f7e9f558 .functor BUFT 1, C4<00011011>, C4<0>, C4<0>, C4<0>;
L_00000174f7c2fab0 .functor XOR 8, L_00000174f7eecbc0, L_00000174f7e9f558, C4<00000000>, C4<00000000>;
v00000174f7e7fa60_0 .net *"_ivl_1", 0 0, L_00000174f7eec1c0;  1 drivers
v00000174f7e80e60_0 .net *"_ivl_10", 7 0, L_00000174f7c2fab0;  1 drivers
v00000174f7e7fba0_0 .net *"_ivl_12", 7 0, L_00000174f7eecda0;  1 drivers
v00000174f7e7ff60_0 .net *"_ivl_14", 6 0, L_00000174f7eeb900;  1 drivers
L_00000174f7e9f5a0 .functor BUFT 1, C4<0>, C4<0>, C4<0>, C4<0>;
v00000174f7e80fa0_0 .net *"_ivl_16", 0 0, L_00000174f7e9f5a0;  1 drivers
v00000174f7e80f00_0 .net *"_ivl_2", 7 0, L_00000174f7eecbc0;  1 drivers
v00000174f7e7fce0_0 .net *"_ivl_4", 6 0, L_00000174f7eed5c0;  1 drivers
L_00000174f7e9f510 .functor BUFT 1, C4<0>, C4<0>, C4<0>, C4<0>;
v00000174f7e80820_0 .net *"_ivl_6", 0 0, L_00000174f7e9f510;  1 drivers
v00000174f7e80be0_0 .net/2u *"_ivl_8", 7 0, L_00000174f7e9f558;  1 drivers
v00000174f7e806e0_0 .net "a", 7 0, L_00000174f7e9ac60;  alias, 1 drivers
v00000174f7e81180_0 .net "result", 7 0, L_00000174f7eeb220;  alias, 1 drivers
L_00000174f7eec1c0 .part L_00000174f7e9ac60, 7, 1;
L_00000174f7eed5c0 .part L_00000174f7e9ac60, 0, 7;
L_00000174f7eecbc0 .concat [ 1 7 0 0], L_00000174f7e9f510, L_00000174f7eed5c0;
L_00000174f7eeb900 .part L_00000174f7e9ac60, 0, 7;
L_00000174f7eecda0 .concat [ 1 7 0 0], L_00000174f7e9f5a0, L_00000174f7eeb900;
L_00000174f7eeb220 .functor MUXZ 8, L_00000174f7eecda0, L_00000174f7c2fab0, L_00000174f7eec1c0, C4<>;
S_00000174f7e7e530 .scope module, "u8_mul2" "mul2" 15 42, 16 1 0, S_00000174f7d1c400;
 .timescale 0 0;
    .port_info 0 /INPUT 8 "a";
    .port_info 1 /OUTPUT 8 "result";
L_00000174f7e9e8b0 .functor BUFT 1, C4<00011011>, C4<0>, C4<0>, C4<0>;
L_00000174f7c2eee0 .functor XOR 8, L_00000174f7e9d320, L_00000174f7e9e8b0, C4<00000000>, C4<00000000>;
v00000174f7e7fb00_0 .net *"_ivl_1", 0 0, L_00000174f7e9cb00;  1 drivers
v00000174f7e80b40_0 .net *"_ivl_10", 7 0, L_00000174f7c2eee0;  1 drivers
v00000174f7e80c80_0 .net *"_ivl_12", 7 0, L_00000174f7e9c6a0;  1 drivers
v00000174f7e7f7e0_0 .net *"_ivl_14", 6 0, L_00000174f7e9bd40;  1 drivers
L_00000174f7e9e8f8 .functor BUFT 1, C4<0>, C4<0>, C4<0>, C4<0>;
v00000174f7e7f9c0_0 .net *"_ivl_16", 0 0, L_00000174f7e9e8f8;  1 drivers
v00000174f7e81680_0 .net *"_ivl_2", 7 0, L_00000174f7e9d320;  1 drivers
v00000174f7e80d20_0 .net *"_ivl_4", 6 0, L_00000174f7e9d780;  1 drivers
L_00000174f7e9e868 .functor BUFT 1, C4<0>, C4<0>, C4<0>, C4<0>;
v00000174f7e805a0_0 .net *"_ivl_6", 0 0, L_00000174f7e9e868;  1 drivers
v00000174f7e810e0_0 .net/2u *"_ivl_8", 7 0, L_00000174f7e9e8b0;  1 drivers
v00000174f7e80640_0 .net "a", 7 0, L_00000174f7e9a580;  alias, 1 drivers
v00000174f7e7f920_0 .net "result", 7 0, L_00000174f7e9bb60;  alias, 1 drivers
L_00000174f7e9cb00 .part L_00000174f7e9a580, 7, 1;
L_00000174f7e9d780 .part L_00000174f7e9a580, 0, 7;
L_00000174f7e9d320 .concat [ 1 7 0 0], L_00000174f7e9e868, L_00000174f7e9d780;
L_00000174f7e9bd40 .part L_00000174f7e9a580, 0, 7;
L_00000174f7e9c6a0 .concat [ 1 7 0 0], L_00000174f7e9e8f8, L_00000174f7e9bd40;
L_00000174f7e9bb60 .functor MUXZ 8, L_00000174f7e9c6a0, L_00000174f7c2eee0, L_00000174f7e9cb00, C4<>;
S_00000174f7e7def0 .scope module, "u8_mul3" "mul3" 15 60, 17 3 0, S_00000174f7d1c400;
 .timescale 0 0;
    .port_info 0 /INPUT 8 "a";
    .port_info 1 /OUTPUT 8 "result";
L_00000174f7ba9020 .functor XOR 8, L_00000174f7eebd60, L_00000174f7e9a580, C4<00000000>, C4<00000000>;
v00000174f7e7f100_0 .net "a", 7 0, L_00000174f7e9a580;  alias, 1 drivers
v00000174f7e7f1a0_0 .net "mul2_result", 7 0, L_00000174f7eebd60;  1 drivers
v00000174f7e7f240_0 .net "result", 7 0, L_00000174f7ba9020;  alias, 1 drivers
S_00000174f7e7e210 .scope module, "u_mul2" "mul2" 17 9, 16 1 0, S_00000174f7e7def0;
 .timescale 0 0;
    .port_info 0 /INPUT 8 "a";
    .port_info 1 /OUTPUT 8 "result";
L_00000174f7e9f630 .functor BUFT 1, C4<00011011>, C4<0>, C4<0>, C4<0>;
L_00000174f7ba98e0 .functor XOR 8, L_00000174f7eeb720, L_00000174f7e9f630, C4<00000000>, C4<00000000>;
v00000174f7e800a0_0 .net *"_ivl_1", 0 0, L_00000174f7eed660;  1 drivers
v00000174f7e812c0_0 .net *"_ivl_10", 7 0, L_00000174f7ba98e0;  1 drivers
v00000174f7e7fd80_0 .net *"_ivl_12", 7 0, L_00000174f7eebcc0;  1 drivers
v00000174f7e81400_0 .net *"_ivl_14", 6 0, L_00000174f7eec6c0;  1 drivers
L_00000174f7e9f678 .functor BUFT 1, C4<0>, C4<0>, C4<0>, C4<0>;
v00000174f7e7fc40_0 .net *"_ivl_16", 0 0, L_00000174f7e9f678;  1 drivers
v00000174f7e801e0_0 .net *"_ivl_2", 7 0, L_00000174f7eeb720;  1 drivers
v00000174f7e80780_0 .net *"_ivl_4", 6 0, L_00000174f7eed700;  1 drivers
L_00000174f7e9f5e8 .functor BUFT 1, C4<0>, C4<0>, C4<0>, C4<0>;
v00000174f7e815e0_0 .net *"_ivl_6", 0 0, L_00000174f7e9f5e8;  1 drivers
v00000174f7e81720_0 .net/2u *"_ivl_8", 7 0, L_00000174f7e9f630;  1 drivers
v00000174f7e808c0_0 .net "a", 7 0, L_00000174f7e9a580;  alias, 1 drivers
v00000174f7e81860_0 .net "result", 7 0, L_00000174f7eebd60;  alias, 1 drivers
L_00000174f7eed660 .part L_00000174f7e9a580, 7, 1;
L_00000174f7eed700 .part L_00000174f7e9a580, 0, 7;
L_00000174f7eeb720 .concat [ 1 7 0 0], L_00000174f7e9f5e8, L_00000174f7eed700;
L_00000174f7eec6c0 .part L_00000174f7e9a580, 0, 7;
L_00000174f7eebcc0 .concat [ 1 7 0 0], L_00000174f7e9f678, L_00000174f7eec6c0;
L_00000174f7eebd60 .functor MUXZ 8, L_00000174f7eebcc0, L_00000174f7ba98e0, L_00000174f7eed660, C4<>;
S_00000174f7e7e3a0 .scope module, "u9_mul2" "mul2" 15 43, 16 1 0, S_00000174f7d1c400;
 .timescale 0 0;
    .port_info 0 /INPUT 8 "a";
    .port_info 1 /OUTPUT 8 "result";
L_00000174f7e9e988 .functor BUFT 1, C4<00011011>, C4<0>, C4<0>, C4<0>;
L_00000174f7c2ddd0 .functor XOR 8, L_00000174f7e9be80, L_00000174f7e9e988, C4<00000000>, C4<00000000>;
v00000174f7e7f6a0_0 .net *"_ivl_1", 0 0, L_00000174f7e9c7e0;  1 drivers
v00000174f7e7f2e0_0 .net *"_ivl_10", 7 0, L_00000174f7c2ddd0;  1 drivers
v00000174f7e7f380_0 .net *"_ivl_12", 7 0, L_00000174f7e9cc40;  1 drivers
v00000174f7e7f420_0 .net *"_ivl_14", 6 0, L_00000174f7e9b7a0;  1 drivers
L_00000174f7e9e9d0 .functor BUFT 1, C4<0>, C4<0>, C4<0>, C4<0>;
v00000174f7e7f600_0 .net *"_ivl_16", 0 0, L_00000174f7e9e9d0;  1 drivers
v00000174f7e81ea0_0 .net *"_ivl_2", 7 0, L_00000174f7e9be80;  1 drivers
v00000174f7e83160_0 .net *"_ivl_4", 6 0, L_00000174f7e9d140;  1 drivers
L_00000174f7e9e940 .functor BUFT 1, C4<0>, C4<0>, C4<0>, C4<0>;
v00000174f7e81f40_0 .net *"_ivl_6", 0 0, L_00000174f7e9e940;  1 drivers
v00000174f7e835c0_0 .net/2u *"_ivl_8", 7 0, L_00000174f7e9e988;  1 drivers
v00000174f7e82a80_0 .net "a", 7 0, L_00000174f7e992c0;  alias, 1 drivers
v00000174f7e82120_0 .net "result", 7 0, L_00000174f7e9d640;  alias, 1 drivers
L_00000174f7e9c7e0 .part L_00000174f7e992c0, 7, 1;
L_00000174f7e9d140 .part L_00000174f7e992c0, 0, 7;
L_00000174f7e9be80 .concat [ 1 7 0 0], L_00000174f7e9e940, L_00000174f7e9d140;
L_00000174f7e9b7a0 .part L_00000174f7e992c0, 0, 7;
L_00000174f7e9cc40 .concat [ 1 7 0 0], L_00000174f7e9e9d0, L_00000174f7e9b7a0;
L_00000174f7e9d640 .functor MUXZ 8, L_00000174f7e9cc40, L_00000174f7c2ddd0, L_00000174f7e9c7e0, C4<>;
S_00000174f7e7ed00 .scope module, "u9_mul3" "mul3" 15 61, 17 3 0, S_00000174f7d1c400;
 .timescale 0 0;
    .port_info 0 /INPUT 8 "a";
    .port_info 1 /OUTPUT 8 "result";
L_00000174f7b4c120 .functor XOR 8, L_00000174f7eed840, L_00000174f7e992c0, C4<00000000>, C4<00000000>;
v00000174f7e83660_0 .net "a", 7 0, L_00000174f7e992c0;  alias, 1 drivers
v00000174f7e833e0_0 .net "mul2_result", 7 0, L_00000174f7eed840;  1 drivers
v00000174f7e826c0_0 .net "result", 7 0, L_00000174f7b4c120;  alias, 1 drivers
S_00000174f7e7d0e0 .scope module, "u_mul2" "mul2" 17 9, 16 1 0, S_00000174f7e7ed00;
 .timescale 0 0;
    .port_info 0 /INPUT 8 "a";
    .port_info 1 /OUTPUT 8 "result";
L_00000174f7e9f708 .functor BUFT 1, C4<00011011>, C4<0>, C4<0>, C4<0>;
L_00000174f7ba8bc0 .functor XOR 8, L_00000174f7eec260, L_00000174f7e9f708, C4<00000000>, C4<00000000>;
v00000174f7e81fe0_0 .net *"_ivl_1", 0 0, L_00000174f7eebf40;  1 drivers
v00000174f7e83ca0_0 .net *"_ivl_10", 7 0, L_00000174f7ba8bc0;  1 drivers
v00000174f7e83c00_0 .net *"_ivl_12", 7 0, L_00000174f7eebae0;  1 drivers
v00000174f7e81cc0_0 .net *"_ivl_14", 6 0, L_00000174f7eed200;  1 drivers
L_00000174f7e9f750 .functor BUFT 1, C4<0>, C4<0>, C4<0>, C4<0>;
v00000174f7e81d60_0 .net *"_ivl_16", 0 0, L_00000174f7e9f750;  1 drivers
v00000174f7e83520_0 .net *"_ivl_2", 7 0, L_00000174f7eec260;  1 drivers
v00000174f7e82260_0 .net *"_ivl_4", 6 0, L_00000174f7eec760;  1 drivers
L_00000174f7e9f6c0 .functor BUFT 1, C4<0>, C4<0>, C4<0>, C4<0>;
v00000174f7e81e00_0 .net *"_ivl_6", 0 0, L_00000174f7e9f6c0;  1 drivers
v00000174f7e82080_0 .net/2u *"_ivl_8", 7 0, L_00000174f7e9f708;  1 drivers
v00000174f7e83200_0 .net "a", 7 0, L_00000174f7e992c0;  alias, 1 drivers
v00000174f7e819a0_0 .net "result", 7 0, L_00000174f7eed840;  alias, 1 drivers
L_00000174f7eebf40 .part L_00000174f7e992c0, 7, 1;
L_00000174f7eec760 .part L_00000174f7e992c0, 0, 7;
L_00000174f7eec260 .concat [ 1 7 0 0], L_00000174f7e9f6c0, L_00000174f7eec760;
L_00000174f7eed200 .part L_00000174f7e992c0, 0, 7;
L_00000174f7eebae0 .concat [ 1 7 0 0], L_00000174f7e9f750, L_00000174f7eed200;
L_00000174f7eed840 .functor MUXZ 8, L_00000174f7eebae0, L_00000174f7ba8bc0, L_00000174f7eebf40, C4<>;
S_00000174f7e91da0 .scope module, "Mux2_inst" "Mux2" 12 60, 7 1 0, S_00000174f7a74300;
 .timescale 0 0;
    .port_info 0 /INPUT 128 "a";
    .port_info 1 /INPUT 128 "b";
    .port_info 2 /INPUT 1 "select";
    .port_info 3 /OUTPUT 128 "c";
v00000174f7e89260_0 .net "a", 127 0, v00000174f7e891c0_0;  alias, 1 drivers
v00000174f7e8a0c0_0 .net "b", 127 0, L_00000174f7eef300;  alias, 1 drivers
v00000174f7e893a0_0 .net "c", 127 0, L_00000174f7ee7760;  alias, 1 drivers
v00000174f7e8bd80_0 .net "select", 0 0, v00000174f7e8de00_0;  alias, 1 drivers
L_00000174f7ee7760 .functor MUXZ 128, v00000174f7e891c0_0, L_00000174f7eef300, v00000174f7e8de00_0, C4<>;
S_00000174f7e92700 .scope module, "PCore_Controller_Pipeline_inst" "PCore_Controller_Pipeline" 12 68, 18 1 0, S_00000174f7a74300;
 .timescale 0 0;
    .port_info 0 /INPUT 1 "clk";
    .port_info 1 /INPUT 1 "rst_n";
    .port_info 2 /INPUT 1 "datard";
    .port_info 3 /OUTPUT 1 "wen";
    .port_info 4 /OUTPUT 1 "waddr";
    .port_info 5 /OUTPUT 1 "raddr";
    .port_info 6 /OUTPUT 4 "addr_key";
    .port_info 7 /OUTPUT 1 "ctvalid1";
    .port_info 8 /OUTPUT 1 "ctvalid2";
    .port_info 9 /OUTPUT 1 "ready_new_input";
    .port_info 10 /OUTPUT 1 "ready_new_key";
    .port_info 11 /OUTPUT 1 "src_input";
P_00000174f7ae70e0 .param/l "DONE1" 1 18 23, +C4<00000000000000000000000000000100>;
P_00000174f7ae7118 .param/l "DONE2" 1 18 30, +C4<00000000000000000000000000000100>;
P_00000174f7ae7150 .param/l "IDLE1" 1 18 19, +C4<00000000000000000000000000000000>;
P_00000174f7ae7188 .param/l "IDLE2" 1 18 26, +C4<00000000000000000000000000000000>;
P_00000174f7ae71c0 .param/l "LOAD_DATA1" 1 18 20, +C4<00000000000000000000000000000001>;
P_00000174f7ae71f8 .param/l "LOAD_DATA2" 1 18 27, +C4<00000000000000000000000000000001>;
P_00000174f7ae7230 .param/l "MIXCOLUMNS_ADDROUNDKEY1" 1 18 22, +C4<00000000000000000000000000000011>;
P_00000174f7ae7268 .param/l "MIXCOLUMNS_ADDROUNDKEY2" 1 18 29, +C4<00000000000000000000000000000011>;
P_00000174f7ae72a0 .param/l "SHIFTROWS_SUBBYTES1" 1 18 21, +C4<00000000000000000000000000000010>;
P_00000174f7ae72d8 .param/l "SHIFTROWS_SUBBYTES2" 1 18 28, +C4<00000000000000000000000000000010>;
L_00000174f7eee180 .functor OR 1, v00000174f7e8c1e0_0, v00000174f7e8dcc0_0, C4<0>, C4<0>;
L_00000174f7eef370 .functor AND 1, L_00000174f7ee6cc0, L_00000174f7ee6c20, C4<1>, C4<1>;
v00000174f7e8c6e0_0 .net *"_ivl_10", 31 0, L_00000174f7ee6860;  1 drivers
L_00000174f7e9fd80 .functor BUFT 1, C4<00000000000000000000000000000>, C4<0>, C4<0>, C4<0>;
v00000174f7e8c5a0_0 .net *"_ivl_13", 28 0, L_00000174f7e9fd80;  1 drivers
L_00000174f7e9fdc8 .functor BUFT 1, C4<00000000000000000000000000000000>, C4<0>, C4<0>, C4<0>;
v00000174f7e8cb40_0 .net/2u *"_ivl_14", 31 0, L_00000174f7e9fdc8;  1 drivers
v00000174f7e8d540_0 .net *"_ivl_16", 0 0, L_00000174f7ee6c20;  1 drivers
v00000174f7e8d5e0_0 .net *"_ivl_19", 0 0, L_00000174f7eef370;  1 drivers
v00000174f7e8d680_0 .net *"_ivl_2", 31 0, L_00000174f7ee7c60;  1 drivers
L_00000174f7e9fe10 .functor BUFT 1, C4<01>, C4<0>, C4<0>, C4<0>;
v00000174f7e8b920_0 .net/2s *"_ivl_20", 1 0, L_00000174f7e9fe10;  1 drivers
L_00000174f7e9fe58 .functor BUFT 1, C4<00>, C4<0>, C4<0>, C4<0>;
v00000174f7e8be20_0 .net/2s *"_ivl_22", 1 0, L_00000174f7e9fe58;  1 drivers
v00000174f7e8bec0_0 .net *"_ivl_24", 1 0, L_00000174f7ee74e0;  1 drivers
L_00000174f7e9fcf0 .functor BUFT 1, C4<00000000000000000000000000000>, C4<0>, C4<0>, C4<0>;
v00000174f7e8c640_0 .net *"_ivl_5", 28 0, L_00000174f7e9fcf0;  1 drivers
L_00000174f7e9fd38 .functor BUFT 1, C4<00000000000000000000000000000000>, C4<0>, C4<0>, C4<0>;
v00000174f7e8d4a0_0 .net/2u *"_ivl_6", 31 0, L_00000174f7e9fd38;  1 drivers
v00000174f7e8bb00_0 .net *"_ivl_8", 0 0, L_00000174f7ee6cc0;  1 drivers
v00000174f7e8c780_0 .var "addr_key", 3 0;
v00000174f7e8dfe0_0 .var "addr_key1", 3 0;
v00000174f7e8cd20_0 .var "addr_key2", 3 0;
v00000174f7e8d2c0_0 .net "clk", 0 0, v00000174f7e97f60_0;  alias, 1 drivers
v00000174f7e8d720_0 .var "cnt", 1 0;
v00000174f7e8d180_0 .var "ctvalid1", 0 0;
v00000174f7e8bc40_0 .var "ctvalid2", 0 0;
v00000174f7e8c140_0 .net "datard", 0 0, v00000174f7e90b00_0;  alias, 1 drivers
v00000174f7e8c000_0 .var "next_state1", 2 0;
v00000174f7e8c960_0 .var "next_state2", 2 0;
v00000174f7e8cdc0_0 .var "raddr", 0 0;
v00000174f7e8cfa0_0 .net "ready_new_input", 0 0, L_00000174f7eee180;  alias, 1 drivers
v00000174f7e8c1e0_0 .var "ready_new_input1", 0 0;
v00000174f7e8dcc0_0 .var "ready_new_input2", 0 0;
v00000174f7e8cbe0_0 .net "ready_new_key", 0 0, L_00000174f7ee79e0;  alias, 1 drivers
v00000174f7e8d360_0 .net "rst_n", 0 0, v00000174f7e97c40_0;  alias, 1 drivers
v00000174f7e8de00_0 .var "src_input", 0 0;
v00000174f7e8bce0_0 .var "state1", 2 0;
v00000174f7e8bf60_0 .var "state2", 2 0;
v00000174f7e8c0a0_0 .var "waddr", 0 0;
v00000174f7e8d7c0_0 .var "wen", 0 0;
E_00000174f7e05cd0 .event anyedge, v00000174f7e8bce0_0, v00000174f7e8c140_0, v00000174f7e8d720_0, v00000174f7e8bf60_0;
E_00000174f7e05d50/0 .event anyedge, v00000174f7e8bf60_0, v00000174f7e8c140_0, v00000174f7e8d720_0, v00000174f7e8bce0_0;
E_00000174f7e05d50/1 .event anyedge, v00000174f7e8cd20_0;
E_00000174f7e05d50 .event/or E_00000174f7e05d50/0, E_00000174f7e05d50/1;
E_00000174f7e05a50/0 .event anyedge, v00000174f7e8bce0_0, v00000174f7e8c140_0, v00000174f7e8d720_0, v00000174f7e8bf60_0;
E_00000174f7e05a50/1 .event anyedge, v00000174f7e8dfe0_0;
E_00000174f7e05a50 .event/or E_00000174f7e05a50/0, E_00000174f7e05a50/1;
L_00000174f7ee7c60 .concat [ 3 29 0 0], v00000174f7e8bce0_0, L_00000174f7e9fcf0;
L_00000174f7ee6cc0 .cmp/eq 32, L_00000174f7ee7c60, L_00000174f7e9fd38;
L_00000174f7ee6860 .concat [ 3 29 0 0], v00000174f7e8bf60_0, L_00000174f7e9fd80;
L_00000174f7ee6c20 .cmp/eq 32, L_00000174f7ee6860, L_00000174f7e9fdc8;
L_00000174f7ee74e0 .functor MUXZ 2, L_00000174f7e9fe58, L_00000174f7e9fe10, L_00000174f7eef370, C4<>;
L_00000174f7ee79e0 .part L_00000174f7ee74e0, 0, 1;
S_00000174f7e923e0 .scope module, "Registerfile_Data_inst" "Registerfile_Data" 12 49, 19 1 0, S_00000174f7a74300;
 .timescale 0 0;
    .port_info 0 /INPUT 1 "clk";
    .port_info 1 /INPUT 1 "rst_n";
    .port_info 2 /INPUT 1 "wen";
    .port_info 3 /INPUT 1 "waddr";
    .port_info 4 /INPUT 1 "raddr";
    .port_info 5 /INPUT 128 "din";
    .port_info 6 /OUTPUT 128 "dout";
L_00000174f7eef300 .functor BUFZ 128, L_00000174f7ee6680, C4<00000000000000000000000000000000000000000000000000000000000000000000000000000000000000000000000000000000000000000000000000000000>, C4<00000000000000000000000000000000000000000000000000000000000000000000000000000000000000000000000000000000000000000000000000000000>, C4<00000000000000000000000000000000000000000000000000000000000000000000000000000000000000000000000000000000000000000000000000000000>;
v00000174f7e8d860_0 .net *"_ivl_0", 127 0, L_00000174f7ee6680;  1 drivers
v00000174f7e8d400_0 .net *"_ivl_2", 2 0, L_00000174f7ee7300;  1 drivers
L_00000174f7e9fca8 .functor BUFT 1, C4<00>, C4<0>, C4<0>, C4<0>;
v00000174f7e8c820_0 .net *"_ivl_5", 1 0, L_00000174f7e9fca8;  1 drivers
v00000174f7e8c280_0 .net "clk", 0 0, v00000174f7e97f60_0;  alias, 1 drivers
v00000174f7e8cf00_0 .net "din", 127 0, L_00000174f7e97920;  alias, 1 drivers
v00000174f7e8d9a0_0 .net "dout", 127 0, L_00000174f7eef300;  alias, 1 drivers
v00000174f7e8dea0 .array "mem", 1 0, 127 0;
v00000174f7e8c320_0 .net "raddr", 0 0, v00000174f7e8cdc0_0;  alias, 1 drivers
v00000174f7e8b9c0_0 .net "rst_n", 0 0, v00000174f7e97c40_0;  alias, 1 drivers
v00000174f7e8c8c0_0 .net "waddr", 0 0, v00000174f7e8c0a0_0;  alias, 1 drivers
v00000174f7e8ca00_0 .net "wen", 0 0, v00000174f7e8d7c0_0;  alias, 1 drivers
L_00000174f7ee6680 .array/port v00000174f7e8dea0, L_00000174f7ee7300;
L_00000174f7ee7300 .concat [ 1 2 0 0], v00000174f7e8cdc0_0, L_00000174f7e9fca8;
S_00000174f7e92570 .scope module, "ShiftRows_inst" "ShiftRows" 12 26, 20 1 0, S_00000174f7a74300;
 .timescale 0 0;
    .port_info 0 /INPUT 128 "b_in";
    .port_info 1 /OUTPUT 128 "b_out";
v00000174f7e8c3c0_0 .net *"_ivl_11", 7 0, L_00000174f7e99b80;  1 drivers
v00000174f7e8d220_0 .net *"_ivl_15", 7 0, L_00000174f7e99180;  1 drivers
v00000174f7e8d900_0 .net *"_ivl_19", 7 0, L_00000174f7e9ada0;  1 drivers
v00000174f7e8c460_0 .net *"_ivl_23", 7 0, L_00000174f7e99540;  1 drivers
v00000174f7e8c500_0 .net *"_ivl_27", 7 0, L_00000174f7e98e60;  1 drivers
v00000174f7e8df40_0 .net *"_ivl_3", 7 0, L_00000174f7e99680;  1 drivers
v00000174f7e8da40_0 .net *"_ivl_31", 7 0, L_00000174f7e98f00;  1 drivers
v00000174f7e8caa0_0 .net *"_ivl_35", 7 0, L_00000174f7e9aa80;  1 drivers
v00000174f7e8cc80_0 .net *"_ivl_39", 7 0, L_00000174f7e9ab20;  1 drivers
v00000174f7e8ce60_0 .net *"_ivl_43", 7 0, L_00000174f7e997c0;  1 drivers
v00000174f7e8d040_0 .net *"_ivl_47", 7 0, L_00000174f7e9b020;  1 drivers
v00000174f7e8dc20_0 .net *"_ivl_51", 7 0, L_00000174f7e99d60;  1 drivers
v00000174f7e8d0e0_0 .net *"_ivl_55", 7 0, L_00000174f7e9a300;  1 drivers
v00000174f7e8dae0_0 .net *"_ivl_59", 7 0, L_00000174f7e9a260;  1 drivers
v00000174f7e8bba0_0 .net *"_ivl_64", 7 0, L_00000174f7e99860;  1 drivers
v00000174f7e8db80_0 .net *"_ivl_7", 7 0, L_00000174f7e98d20;  1 drivers
v00000174f7e8dd60_0 .net "b_in", 127 0, L_00000174f7ee7760;  alias, 1 drivers
v00000174f7e8e080_0 .net "b_out", 127 0, L_00000174f7e99a40;  alias, 1 drivers
L_00000174f7e99680 .part L_00000174f7ee7760, 120, 8;
L_00000174f7e98d20 .part L_00000174f7ee7760, 80, 8;
L_00000174f7e99b80 .part L_00000174f7ee7760, 40, 8;
L_00000174f7e99180 .part L_00000174f7ee7760, 0, 8;
L_00000174f7e9ada0 .part L_00000174f7ee7760, 88, 8;
L_00000174f7e99540 .part L_00000174f7ee7760, 48, 8;
L_00000174f7e98e60 .part L_00000174f7ee7760, 8, 8;
L_00000174f7e98f00 .part L_00000174f7ee7760, 96, 8;
L_00000174f7e9aa80 .part L_00000174f7ee7760, 56, 8;
L_00000174f7e9ab20 .part L_00000174f7ee7760, 16, 8;
L_00000174f7e997c0 .part L_00000174f7ee7760, 104, 8;
L_00000174f7e9b020 .part L_00000174f7ee7760, 64, 8;
L_00000174f7e99d60 .part L_00000174f7ee7760, 24, 8;
L_00000174f7e9a300 .part L_00000174f7ee7760, 112, 8;
L_00000174f7e9a260 .part L_00000174f7ee7760, 72, 8;
LS_00000174f7e99a40_0_0 .concat8 [ 8 8 8 8], L_00000174f7e99860, L_00000174f7e9a260, L_00000174f7e9a300, L_00000174f7e99d60;
LS_00000174f7e99a40_0_4 .concat8 [ 8 8 8 8], L_00000174f7e9b020, L_00000174f7e997c0, L_00000174f7e9ab20, L_00000174f7e9aa80;
LS_00000174f7e99a40_0_8 .concat8 [ 8 8 8 8], L_00000174f7e98f00, L_00000174f7e98e60, L_00000174f7e99540, L_00000174f7e9ada0;
LS_00000174f7e99a40_0_12 .concat8 [ 8 8 8 8], L_00000174f7e99180, L_00000174f7e99b80, L_00000174f7e98d20, L_00000174f7e99680;
L_00000174f7e99a40 .concat8 [ 32 32 32 32], LS_00000174f7e99a40_0_0, LS_00000174f7e99a40_0_4, LS_00000174f7e99a40_0_8, LS_00000174f7e99a40_0_12;
L_00000174f7e99860 .part L_00000174f7ee7760, 32, 8;
S_00000174f7e92a20 .scope module, "Sbox_wrapper_inst" "Sbox_wrapper" 3 98, 21 3 0, S_00000174f7a9afd0;
 .timescale 0 0;
    .port_info 0 /INPUT 1 "clk";
    .port_info 1 /INPUT 1 "rst_n";
    .port_info 2 /INPUT 128 "state_in";
    .port_info 3 /OUTPUT 128 "state_out";
v00000174f7e8f7a0_0 .net "clk", 0 0, v00000174f7e97f60_0;  alias, 1 drivers
v00000174f7e8fd40_0 .net "rst_n", 0 0, v00000174f7e97c40_0;  alias, 1 drivers
v00000174f7e901a0 .array "sbox_out", 0 15;
v00000174f7e901a0_0 .net v00000174f7e901a0 0, 7 0, v00000174f7e8f200_0; 1 drivers
v00000174f7e901a0_1 .net v00000174f7e901a0 1, 7 0, v00000174f7e8fac0_0; 1 drivers
v00000174f7e901a0_2 .net v00000174f7e901a0 2, 7 0, v00000174f7e8fc00_0; 1 drivers
v00000174f7e901a0_3 .net v00000174f7e901a0 3, 7 0, v00000174f7e8e580_0; 1 drivers
v00000174f7e901a0_4 .net v00000174f7e901a0 4, 7 0, v00000174f7e8ed00_0; 1 drivers
v00000174f7e901a0_5 .net v00000174f7e901a0 5, 7 0, v00000174f7e8f3e0_0; 1 drivers
v00000174f7e901a0_6 .net v00000174f7e901a0 6, 7 0, v00000174f7e8fe80_0; 1 drivers
v00000174f7e901a0_7 .net v00000174f7e901a0 7, 7 0, v00000174f7e8e1c0_0; 1 drivers
v00000174f7e901a0_8 .net v00000174f7e901a0 8, 7 0, v00000174f7e8eda0_0; 1 drivers
v00000174f7e901a0_9 .net v00000174f7e901a0 9, 7 0, v00000174f7e90060_0; 1 drivers
v00000174f7e901a0_10 .net v00000174f7e901a0 10, 7 0, v00000174f7e8f020_0; 1 drivers
v00000174f7e901a0_11 .net v00000174f7e901a0 11, 7 0, v00000174f7e8e260_0; 1 drivers
v00000174f7e901a0_12 .net v00000174f7e901a0 12, 7 0, v00000174f7e90740_0; 1 drivers
v00000174f7e901a0_13 .net v00000174f7e901a0 13, 7 0, v00000174f7e8f0c0_0; 1 drivers
v00000174f7e901a0_14 .net v00000174f7e901a0 14, 7 0, v00000174f7e8ebc0_0; 1 drivers
v00000174f7e901a0_15 .net v00000174f7e901a0 15, 7 0, v00000174f7e8f660_0; 1 drivers
v00000174f7e8e940_0 .net "state_in", 127 0, L_00000174f7ee6a40;  alias, 1 drivers
v00000174f7e8f840_0 .var "state_out", 127 0;
L_00000174f7ee8020 .part L_00000174f7ee6a40, 0, 8;
L_00000174f7ee7f80 .part L_00000174f7ee6a40, 8, 8;
L_00000174f7ee7da0 .part L_00000174f7ee6a40, 16, 8;
L_00000174f7ee6b80 .part L_00000174f7ee6a40, 24, 8;
L_00000174f7ee69a0 .part L_00000174f7ee6a40, 32, 8;
L_00000174f7ee6ea0 .part L_00000174f7ee6a40, 40, 8;
L_00000174f7ee7260 .part L_00000174f7ee6a40, 48, 8;
L_00000174f7ee6720 .part L_00000174f7ee6a40, 56, 8;
L_00000174f7ee6540 .part L_00000174f7ee6a40, 64, 8;
L_00000174f7ee6f40 .part L_00000174f7ee6a40, 72, 8;
L_00000174f7ee6fe0 .part L_00000174f7ee6a40, 80, 8;
L_00000174f7ee7080 .part L_00000174f7ee6a40, 88, 8;
L_00000174f7ee80c0 .part L_00000174f7ee6a40, 96, 8;
L_00000174f7ee7580 .part L_00000174f7ee6a40, 104, 8;
L_00000174f7ee6360 .part L_00000174f7ee6a40, 112, 8;
L_00000174f7ee7e40 .part L_00000174f7ee6a40, 120, 8;
S_00000174f7e91f30 .scope generate, "SBOX_LOOP[0]" "SBOX_LOOP[0]" 21 14, 21 14 0, S_00000174f7e92a20;
 .timescale 0 0;
P_00000174f7e05e10 .param/l "i" 0 21 14, +C4<00>;
S_00000174f7e92890 .scope module, "sbox_inst" "sbox" 21 15, 22 1 0, S_00000174f7e91f30;
 .timescale 0 0;
    .port_info 0 /INPUT 8 "a";
    .port_info 1 /OUTPUT 8 "c";
v00000174f7e8ec60_0 .net "a", 7 0, L_00000174f7ee8020;  1 drivers
v00000174f7e8f200_0 .var "c", 7 0;
E_00000174f7e05790 .event anyedge, v00000174f7e8ec60_0;
S_00000174f7e920c0 .scope generate, "SBOX_LOOP[1]" "SBOX_LOOP[1]" 21 14, 21 14 0, S_00000174f7e92a20;
 .timescale 0 0;
P_00000174f7e057d0 .param/l "i" 0 21 14, +C4<01>;
S_00000174f7e92bb0 .scope module, "sbox_inst" "sbox" 21 15, 22 1 0, S_00000174f7e920c0;
 .timescale 0 0;
    .port_info 0 /INPUT 8 "a";
    .port_info 1 /OUTPUT 8 "c";
v00000174f7e904c0_0 .net "a", 7 0, L_00000174f7ee7f80;  1 drivers
v00000174f7e8fac0_0 .var "c", 7 0;
E_00000174f7e06050 .event anyedge, v00000174f7e904c0_0;
S_00000174f7e92d40 .scope generate, "SBOX_LOOP[2]" "SBOX_LOOP[2]" 21 14, 21 14 0, S_00000174f7e92a20;
 .timescale 0 0;
P_00000174f7e061d0 .param/l "i" 0 21 14, +C4<010>;
S_00000174f7e92ed0 .scope module, "sbox_inst" "sbox" 21 15, 22 1 0, S_00000174f7e92d40;
 .timescale 0 0;
    .port_info 0 /INPUT 8 "a";
    .port_info 1 /OUTPUT 8 "c";
v00000174f7e8fb60_0 .net "a", 7 0, L_00000174f7ee7da0;  1 drivers
v00000174f7e8fc00_0 .var "c", 7 0;
E_00000174f7e05e90 .event anyedge, v00000174f7e8fb60_0;
S_00000174f7e92250 .scope generate, "SBOX_LOOP[3]" "SBOX_LOOP[3]" 21 14, 21 14 0, S_00000174f7e92a20;
 .timescale 0 0;
P_00000174f7e05b10 .param/l "i" 0 21 14, +C4<011>;
S_00000174f7e91120 .scope module, "sbox_inst" "sbox" 21 15, 22 1 0, S_00000174f7e92250;
 .timescale 0 0;
    .port_info 0 /INPUT 8 "a";
    .port_info 1 /OUTPUT 8 "c";
v00000174f7e90420_0 .net "a", 7 0, L_00000174f7ee6b80;  1 drivers
v00000174f7e8e580_0 .var "c", 7 0;
E_00000174f7e05810 .event anyedge, v00000174f7e90420_0;
S_00000174f7e912b0 .scope generate, "SBOX_LOOP[4]" "SBOX_LOOP[4]" 21 14, 21 14 0, S_00000174f7e92a20;
 .timescale 0 0;
P_00000174f7e06450 .param/l "i" 0 21 14, +C4<0100>;
S_00000174f7e91440 .scope module, "sbox_inst" "sbox" 21 15, 22 1 0, S_00000174f7e912b0;
 .timescale 0 0;
    .port_info 0 /INPUT 8 "a";
    .port_info 1 /OUTPUT 8 "c";
v00000174f7e8fca0_0 .net "a", 7 0, L_00000174f7ee69a0;  1 drivers
v00000174f7e8ed00_0 .var "c", 7 0;
E_00000174f7e05a90 .event anyedge, v00000174f7e8fca0_0;
S_00000174f7e915d0 .scope generate, "SBOX_LOOP[5]" "SBOX_LOOP[5]" 21 14, 21 14 0, S_00000174f7e92a20;
 .timescale 0 0;
P_00000174f7e058d0 .param/l "i" 0 21 14, +C4<0101>;
S_00000174f7e91c10 .scope module, "sbox_inst" "sbox" 21 15, 22 1 0, S_00000174f7e915d0;
 .timescale 0 0;
    .port_info 0 /INPUT 8 "a";
    .port_info 1 /OUTPUT 8 "c";
v00000174f7e8e8a0_0 .net "a", 7 0, L_00000174f7ee6ea0;  1 drivers
v00000174f7e8f3e0_0 .var "c", 7 0;
E_00000174f7e05ed0 .event anyedge, v00000174f7e8e8a0_0;
S_00000174f7e91760 .scope generate, "SBOX_LOOP[6]" "SBOX_LOOP[6]" 21 14, 21 14 0, S_00000174f7e92a20;
 .timescale 0 0;
P_00000174f7e06550 .param/l "i" 0 21 14, +C4<0110>;
S_00000174f7e91a80 .scope module, "sbox_inst" "sbox" 21 15, 22 1 0, S_00000174f7e91760;
 .timescale 0 0;
    .port_info 0 /INPUT 8 "a";
    .port_info 1 /OUTPUT 8 "c";
v00000174f7e8ffc0_0 .net "a", 7 0, L_00000174f7ee7260;  1 drivers
v00000174f7e8fe80_0 .var "c", 7 0;
E_00000174f7e06190 .event anyedge, v00000174f7e8ffc0_0;
S_00000174f7e918f0 .scope generate, "SBOX_LOOP[7]" "SBOX_LOOP[7]" 21 14, 21 14 0, S_00000174f7e92a20;
 .timescale 0 0;
P_00000174f7e05910 .param/l "i" 0 21 14, +C4<0111>;
S_00000174f7e93a90 .scope module, "sbox_inst" "sbox" 21 15, 22 1 0, S_00000174f7e918f0;
 .timescale 0 0;
    .port_info 0 /INPUT 8 "a";
    .port_info 1 /OUTPUT 8 "c";
v00000174f7e8f480_0 .net "a", 7 0, L_00000174f7ee6720;  1 drivers
v00000174f7e8e1c0_0 .var "c", 7 0;
E_00000174f7e06210 .event anyedge, v00000174f7e8f480_0;
S_00000174f7e948a0 .scope generate, "SBOX_LOOP[8]" "SBOX_LOOP[8]" 21 14, 21 14 0, S_00000174f7e92a20;
 .timescale 0 0;
P_00000174f7e060d0 .param/l "i" 0 21 14, +C4<01000>;
S_00000174f7e935e0 .scope module, "sbox_inst" "sbox" 21 15, 22 1 0, S_00000174f7e948a0;
 .timescale 0 0;
    .port_info 0 /INPUT 8 "a";
    .port_info 1 /OUTPUT 8 "c";
v00000174f7e8ff20_0 .net "a", 7 0, L_00000174f7ee6540;  1 drivers
v00000174f7e8eda0_0 .var "c", 7 0;
E_00000174f7e06290 .event anyedge, v00000174f7e8ff20_0;
S_00000174f7e93450 .scope generate, "SBOX_LOOP[9]" "SBOX_LOOP[9]" 21 14, 21 14 0, S_00000174f7e92a20;
 .timescale 0 0;
P_00000174f7e06590 .param/l "i" 0 21 14, +C4<01001>;
S_00000174f7e932c0 .scope module, "sbox_inst" "sbox" 21 15, 22 1 0, S_00000174f7e93450;
 .timescale 0 0;
    .port_info 0 /INPUT 8 "a";
    .port_info 1 /OUTPUT 8 "c";
v00000174f7e8f520_0 .net "a", 7 0, L_00000174f7ee6f40;  1 drivers
v00000174f7e90060_0 .var "c", 7 0;
E_00000174f7e065d0 .event anyedge, v00000174f7e8f520_0;
S_00000174f7e93770 .scope generate, "SBOX_LOOP[10]" "SBOX_LOOP[10]" 21 14, 21 14 0, S_00000174f7e92a20;
 .timescale 0 0;
P_00000174f7e05dd0 .param/l "i" 0 21 14, +C4<01010>;
S_00000174f7e93c20 .scope module, "sbox_inst" "sbox" 21 15, 22 1 0, S_00000174f7e93770;
 .timescale 0 0;
    .port_info 0 /INPUT 8 "a";
    .port_info 1 /OUTPUT 8 "c";
v00000174f7e8f5c0_0 .net "a", 7 0, L_00000174f7ee6fe0;  1 drivers
v00000174f7e8f020_0 .var "c", 7 0;
E_00000174f7e06310 .event anyedge, v00000174f7e8f5c0_0;
S_00000174f7e93db0 .scope generate, "SBOX_LOOP[11]" "SBOX_LOOP[11]" 21 14, 21 14 0, S_00000174f7e92a20;
 .timescale 0 0;
P_00000174f7e05610 .param/l "i" 0 21 14, +C4<01011>;
S_00000174f7e94a30 .scope module, "sbox_inst" "sbox" 21 15, 22 1 0, S_00000174f7e93db0;
 .timescale 0 0;
    .port_info 0 /INPUT 8 "a";
    .port_info 1 /OUTPUT 8 "c";
v00000174f7e906a0_0 .net "a", 7 0, L_00000174f7ee7080;  1 drivers
v00000174f7e8e260_0 .var "c", 7 0;
E_00000174f7e05b90 .event anyedge, v00000174f7e906a0_0;
S_00000174f7e93900 .scope generate, "SBOX_LOOP[12]" "SBOX_LOOP[12]" 21 14, 21 14 0, S_00000174f7e92a20;
 .timescale 0 0;
P_00000174f7e05650 .param/l "i" 0 21 14, +C4<01100>;
S_00000174f7e93f40 .scope module, "sbox_inst" "sbox" 21 15, 22 1 0, S_00000174f7e93900;
 .timescale 0 0;
    .port_info 0 /INPUT 8 "a";
    .port_info 1 /OUTPUT 8 "c";
v00000174f7e8e9e0_0 .net "a", 7 0, L_00000174f7ee80c0;  1 drivers
v00000174f7e90740_0 .var "c", 7 0;
E_00000174f7e05950 .event anyedge, v00000174f7e8e9e0_0;
S_00000174f7e94260 .scope generate, "SBOX_LOOP[13]" "SBOX_LOOP[13]" 21 14, 21 14 0, S_00000174f7e92a20;
 .timescale 0 0;
P_00000174f7e05990 .param/l "i" 0 21 14, +C4<01101>;
S_00000174f7e940d0 .scope module, "sbox_inst" "sbox" 21 15, 22 1 0, S_00000174f7e94260;
 .timescale 0 0;
    .port_info 0 /INPUT 8 "a";
    .port_info 1 /OUTPUT 8 "c";
v00000174f7e8ef80_0 .net "a", 7 0, L_00000174f7ee7580;  1 drivers
v00000174f7e8f0c0_0 .var "c", 7 0;
E_00000174f7e05690 .event anyedge, v00000174f7e8ef80_0;
S_00000174f7e94580 .scope generate, "SBOX_LOOP[14]" "SBOX_LOOP[14]" 21 14, 21 14 0, S_00000174f7e92a20;
 .timescale 0 0;
P_00000174f7e05c10 .param/l "i" 0 21 14, +C4<01110>;
S_00000174f7e94710 .scope module, "sbox_inst" "sbox" 21 15, 22 1 0, S_00000174f7e94580;
 .timescale 0 0;
    .port_info 0 /INPUT 8 "a";
    .port_info 1 /OUTPUT 8 "c";
v00000174f7e8e3a0_0 .net "a", 7 0, L_00000174f7ee6360;  1 drivers
v00000174f7e8ebc0_0 .var "c", 7 0;
E_00000174f7e06ad0 .event anyedge, v00000174f7e8e3a0_0;
S_00000174f7e943f0 .scope generate, "SBOX_LOOP[15]" "SBOX_LOOP[15]" 21 14, 21 14 0, S_00000174f7e92a20;
 .timescale 0 0;
P_00000174f7e06b50 .param/l "i" 0 21 14, +C4<01111>;
S_00000174f7e94bc0 .scope module, "sbox_inst" "sbox" 21 15, 22 1 0, S_00000174f7e943f0;
 .timescale 0 0;
    .port_info 0 /INPUT 8 "a";
    .port_info 1 /OUTPUT 8 "c";
v00000174f7e90100_0 .net "a", 7 0, L_00000174f7ee7e40;  1 drivers
v00000174f7e8f660_0 .var "c", 7 0;
E_00000174f7e06850 .event anyedge, v00000174f7e90100_0;
S_00000174f7e94d50 .scope module, "SystemController_Pipelinev1_inst" "SystemController_Pipelinev1" 3 113, 23 1 0, S_00000174f7a9afd0;
 .timescale 0 0;
    .port_info 0 /INPUT 1 "clk";
    .port_info 1 /INPUT 1 "rst_n";
    .port_info 2 /INPUT 1 "done_kl";
    .port_info 3 /INPUT 1 "ready_new_input_pc";
    .port_info 4 /INPUT 1 "ready_new_key_pc";
    .port_info 5 /INPUT 1 "ctvalid1";
    .port_info 6 /INPUT 1 "ctvalid2";
    .port_info 7 /INPUT 1 "keynewinput_if";
    .port_info 8 /INPUT 1 "keyrd_if";
    .port_info 9 /INPUT 1 "datard_if";
    .port_info 10 /OUTPUT 1 "readdata";
    .port_info 11 /OUTPUT 2 "addr_data";
    .port_info 12 /OUTPUT 1 "readkey";
    .port_info 13 /OUTPUT 1 "ready_new_input";
    .port_info 14 /OUTPUT 1 "ready_new_key";
    .port_info 15 /OUTPUT 1 "ctvalid";
    .port_info 16 /OUTPUT 1 "src_sbox";
    .port_info 17 /OUTPUT 1 "Key_rd_kl";
    .port_info 18 /OUTPUT 1 "data_rd_pc";
P_00000174f7ac46e0 .param/l "DONE1" 1 23 33, +C4<00000000000000000000000000000110>;
P_00000174f7ac4718 .param/l "DONE2" 1 23 38, +C4<00000000000000000000000000000011>;
P_00000174f7ac4750 .param/l "IDLE1" 1 23 27, +C4<00000000000000000000000000000000>;
P_00000174f7ac4788 .param/l "IDLE2" 1 23 35, +C4<00000000000000000000000000000000>;
P_00000174f7ac47c0 .param/l "KEY_EX_COM" 1 23 29, +C4<00000000000000000000000000000010>;
P_00000174f7ac47f8 .param/l "KEY_EX_START" 1 23 28, +C4<00000000000000000000000000000001>;
P_00000174f7ac4830 .param/l "LOAD_DATA1" 1 23 31, +C4<00000000000000000000000000000100>;
P_00000174f7ac4868 .param/l "LOAD_DATA2" 1 23 36, +C4<00000000000000000000000000000001>;
P_00000174f7ac48a0 .param/l "PCORE_COM1" 1 23 32, +C4<00000000000000000000000000000101>;
P_00000174f7ac48d8 .param/l "PCORE_COM2" 1 23 37, +C4<00000000000000000000000000000010>;
P_00000174f7ac4910 .param/l "PCORE_START" 1 23 30, +C4<00000000000000000000000000000011>;
L_00000174f7eee340 .functor OR 1, v00000174f7e8d180_0, v00000174f7e8bc40_0, C4<0>, C4<0>;
v00000174f7e902e0_0 .var "Key_rd_kl", 0 0;
v00000174f7e907e0_0 .var "addr_data", 1 0;
v00000174f7e8e6c0_0 .net "clk", 0 0, v00000174f7e97f60_0;  alias, 1 drivers
v00000174f7e90880_0 .var "cnt_data", 1 0;
v00000174f7e8e120_0 .net "ctvalid", 0 0, L_00000174f7eee340;  alias, 1 drivers
v00000174f7e8e440_0 .net "ctvalid1", 0 0, v00000174f7e8d180_0;  alias, 1 drivers
v00000174f7e8e620_0 .net "ctvalid2", 0 0, v00000174f7e8bc40_0;  alias, 1 drivers
v00000174f7e90b00_0 .var "data_rd_pc", 0 0;
v00000174f7e90d80_0 .net "datard_if", 0 0, v00000174f7d11a60_0;  alias, 1 drivers
v00000174f7e90920_0 .net "done_kl", 0 0, v00000174f7d11ce0_0;  alias, 1 drivers
v00000174f7e90f60_0 .net "keynewinput_if", 0 0, v00000174f7d11c40_0;  alias, 1 drivers
v00000174f7e90e20_0 .net "keyrd_if", 0 0, v00000174f7d123c0_0;  alias, 1 drivers
v00000174f7e90ec0_0 .var "next_state1", 3 0;
v00000174f7e90ba0_0 .var "next_state2", 3 0;
v00000174f7e91000_0 .var "readdata", 0 0;
v00000174f7e90c40_0 .var "readkey", 0 0;
v00000174f7e90a60_0 .var "ready_new_input", 0 0;
v00000174f7e90ce0_0 .net "ready_new_input_pc", 0 0, L_00000174f7eee180;  alias, 1 drivers
v00000174f7e909c0_0 .var "ready_new_key", 0 0;
v00000174f7e985a0_0 .net "ready_new_key_pc", 0 0, L_00000174f7ee79e0;  alias, 1 drivers
v00000174f7e96200_0 .net "rst_n", 0 0, v00000174f7e97c40_0;  alias, 1 drivers
v00000174f7e965c0_0 .var "src_sbox", 0 0;
v00000174f7e98460_0 .var "state1", 3 0;
v00000174f7e976a0_0 .var "state2", 3 0;
E_00000174f7e07190 .event anyedge, v00000174f7e98460_0, v00000174f7e976a0_0;
E_00000174f7e07450/0 .event anyedge, v00000174f7e976a0_0, v00000174f7e98460_0, v00000174f7e90880_0, v00000174f7d11a60_0;
E_00000174f7e07450/1 .event anyedge, v00000174f7e8bc40_0;
E_00000174f7e07450 .event/or E_00000174f7e07450/0, E_00000174f7e07450/1;
E_00000174f7e07410/0 .event anyedge, v00000174f7e98460_0, v00000174f7d11c40_0, v00000174f7d123c0_0, v00000174f7d11a60_0;
E_00000174f7e07410/1 .event anyedge, v00000174f7e90880_0, v00000174f7d11ce0_0, v00000174f7e8d180_0, v00000174f7e976a0_0;
E_00000174f7e07410 .event/or E_00000174f7e07410/0, E_00000174f7e07410/1;
    .scope S_00000174f7a9b160;
T_0 ;
    %wait E_00000174f7e05bd0;
    %load/vec4 v00000174f7d12320_0;
    %inv;
    %flag_set/vec4 8;
    %jmp/0xz  T_0.0, 8;
    %pushi/vec4 0, 0, 128;
    %assign/vec4 v00000174f7d11d80_0, 0;
    %pushi/vec4 0, 0, 128;
    %ix/load 3, 0, 0;
    %flag_set/imm 4, 0;
    %ix/load 4, 0, 0; Constant delay
    %assign/vec4/a/d v00000174f7d12f00, 0, 4;
    %pushi/vec4 0, 0, 128;
    %ix/load 3, 1, 0;
    %flag_set/imm 4, 0;
    %ix/load 4, 0, 0; Constant delay
    %assign/vec4/a/d v00000174f7d12f00, 0, 4;
    %jmp T_0.1;
T_0.0 ;
    %load/vec4 v00000174f7d12780_0;
    %flag_set/vec4 8;
    %jmp/0xz  T_0.2, 8;
    %load/vec4 v00000174f7d11d80_0;
    %load/vec4 v00000174f7d12be0_0;
    %cmp/ne;
    %jmp/0xz  T_0.4, 4;
    %pushi/vec4 1, 0, 1;
    %assign/vec4 v00000174f7d123c0_0, 0;
    %load/vec4 v00000174f7d12be0_0;
    %assign/vec4 v00000174f7d11d80_0, 0;
    %pushi/vec4 1, 0, 1;
    %assign/vec4 v00000174f7d11c40_0, 0;
    %pushi/vec4 0, 0, 1;
    %assign/vec4 v00000174f7d11a60_0, 0;
T_0.4 ;
    %jmp T_0.3;
T_0.2 ;
    %load/vec4 v00000174f7d12460_0;
    %flag_set/vec4 8;
    %jmp/0xz  T_0.6, 8;
    %load/vec4 v00000174f7d12be0_0;
    %load/vec4 v00000174f7d11d80_0;
    %xor;
    %load/vec4 v00000174f7d11ec0_0;
    %pad/u 3;
    %ix/vec4 3;
    %ix/load 4, 0, 0; Constant delay
    %assign/vec4/a/d v00000174f7d12f00, 0, 4;
    %pushi/vec4 1, 0, 1;
    %assign/vec4 v00000174f7d11a60_0, 0;
    %pushi/vec4 0, 0, 1;
    %assign/vec4 v00000174f7d123c0_0, 0;
    %jmp T_0.7;
T_0.6 ;
    %pushi/vec4 0, 0, 1;
    %assign/vec4 v00000174f7d123c0_0, 0;
    %pushi/vec4 0, 0, 1;
    %assign/vec4 v00000174f7d11a60_0, 0;
    %pushi/vec4 0, 0, 1;
    %assign/vec4 v00000174f7d11c40_0, 0;
T_0.7 ;
T_0.3 ;
T_0.1 ;
    %jmp T_0;
    .thread T_0;
    .scope S_00000174f7a9b160;
T_1 ;
    %wait E_00000174f7e05bd0;
    %load/vec4 v00000174f7d12320_0;
    %inv;
    %flag_set/vec4 8;
    %jmp/0xz  T_1.0, 8;
    %pushi/vec4 0, 0, 2;
    %assign/vec4 v00000174f7d11ec0_0, 0;
    %jmp T_1.1;
T_1.0 ;
    %load/vec4 v00000174f7d12460_0;
    %flag_set/vec4 8;
    %jmp/0xz  T_1.2, 8;
    %load/vec4 v00000174f7d11ec0_0;
    %addi 1, 0, 2;
    %assign/vec4 v00000174f7d11ec0_0, 0;
T_1.2 ;
    %load/vec4 v00000174f7d11f60_0;
    %flag_set/vec4 8;
    %jmp/0xz  T_1.4, 8;
    %load/vec4 v00000174f7d11ec0_0;
    %subi 1, 0, 2;
    %assign/vec4 v00000174f7d11ec0_0, 0;
T_1.4 ;
T_1.1 ;
    %jmp T_1;
    .thread T_1;
    .scope S_00000174f7a9b160;
T_2 ;
    %wait E_00000174f7e05bd0;
    %load/vec4 v00000174f7d12320_0;
    %nor/r;
    %flag_set/vec4 8;
    %jmp/0xz  T_2.0, 8;
    %pushi/vec4 0, 0, 128;
    %assign/vec4 v00000174f7d12000_0, 0;
    %jmp T_2.1;
T_2.0 ;
    %load/vec4 v00000174f7d12e60_0;
    %assign/vec4 v00000174f7d12000_0, 0;
T_2.1 ;
    %jmp T_2;
    .thread T_2;
    .scope S_00000174f7a795e0;
T_3 ;
    %wait E_00000174f7e05bd0;
    %load/vec4 v00000174f7d11380_0;
    %nor/r;
    %flag_set/vec4 8;
    %jmp/0xz  T_3.0, 8;
    %pushi/vec4 0, 0, 32;
    %store/vec4 v00000174f7d10480_0, 0, 32;
T_3.2 ;
    %load/vec4 v00000174f7d10480_0;
    %cmpi/s 11, 0, 32;
    %jmp/0xz T_3.3, 5;
    %pushi/vec4 0, 0, 128;
    %ix/getv/s 3, v00000174f7d10480_0;
    %ix/load 4, 0, 0; Constant delay
    %assign/vec4/a/d v00000174f7d117e0, 0, 4;
    %load/vec4 v00000174f7d10480_0;
    %addi 1, 0, 32;
    %store/vec4 v00000174f7d10480_0, 0, 32;
    %jmp T_3.2;
T_3.3 ;
    %jmp T_3.1;
T_3.0 ;
    %load/vec4 v00000174f7d114c0_0;
    %flag_set/vec4 8;
    %jmp/0xz  T_3.4, 8;
    %load/vec4 v00000174f7d0f6c0_0;
    %load/vec4 v00000174f7d0f620_0;
    %pad/u 5;
    %ix/vec4 3;
    %ix/load 4, 0, 0; Constant delay
    %assign/vec4/a/d v00000174f7d117e0, 0, 4;
T_3.4 ;
T_3.1 ;
    %jmp T_3;
    .thread T_3;
    .scope S_00000174f7a924f0;
T_4 ;
    %wait E_00000174f7e06510;
    %load/vec4 v00000174f7d0f800_0;
    %dup/vec4;
    %pushi/vec4 1, 0, 4;
    %cmp/u;
    %jmp/1 T_4.0, 6;
    %dup/vec4;
    %pushi/vec4 2, 0, 4;
    %cmp/u;
    %jmp/1 T_4.1, 6;
    %dup/vec4;
    %pushi/vec4 3, 0, 4;
    %cmp/u;
    %jmp/1 T_4.2, 6;
    %dup/vec4;
    %pushi/vec4 4, 0, 4;
    %cmp/u;
    %jmp/1 T_4.3, 6;
    %dup/vec4;
    %pushi/vec4 5, 0, 4;
    %cmp/u;
    %jmp/1 T_4.4, 6;
    %dup/vec4;
    %pushi/vec4 6, 0, 4;
    %cmp/u;
    %jmp/1 T_4.5, 6;
    %dup/vec4;
    %pushi/vec4 7, 0, 4;
    %cmp/u;
    %jmp/1 T_4.6, 6;
    %dup/vec4;
    %pushi/vec4 8, 0, 4;
    %cmp/u;
    %jmp/1 T_4.7, 6;
    %dup/vec4;
    %pushi/vec4 9, 0, 4;
    %cmp/u;
    %jmp/1 T_4.8, 6;
    %dup/vec4;
    %pushi/vec4 10, 0, 4;
    %cmp/u;
    %jmp/1 T_4.9, 6;
    %pushi/vec4 0, 0, 32;
    %store/vec4 v00000174f7d10fc0_0, 0, 32;
    %jmp T_4.11;
T_4.0 ;
    %pushi/vec4 16777216, 0, 32;
    %store/vec4 v00000174f7d10fc0_0, 0, 32;
    %jmp T_4.11;
T_4.1 ;
    %pushi/vec4 33554432, 0, 32;
    %store/vec4 v00000174f7d10fc0_0, 0, 32;
    %jmp T_4.11;
T_4.2 ;
    %pushi/vec4 67108864, 0, 32;
    %store/vec4 v00000174f7d10fc0_0, 0, 32;
    %jmp T_4.11;
T_4.3 ;
    %pushi/vec4 134217728, 0, 32;
    %store/vec4 v00000174f7d10fc0_0, 0, 32;
    %jmp T_4.11;
T_4.4 ;
    %pushi/vec4 268435456, 0, 32;
    %store/vec4 v00000174f7d10fc0_0, 0, 32;
    %jmp T_4.11;
T_4.5 ;
    %pushi/vec4 536870912, 0, 32;
    %store/vec4 v00000174f7d10fc0_0, 0, 32;
    %jmp T_4.11;
T_4.6 ;
    %pushi/vec4 1073741824, 0, 32;
    %store/vec4 v00000174f7d10fc0_0, 0, 32;
    %jmp T_4.11;
T_4.7 ;
    %pushi/vec4 2147483648, 0, 32;
    %store/vec4 v00000174f7d10fc0_0, 0, 32;
    %jmp T_4.11;
T_4.8 ;
    %pushi/vec4 452984832, 0, 32;
    %store/vec4 v00000174f7d10fc0_0, 0, 32;
    %jmp T_4.11;
T_4.9 ;
    %pushi/vec4 905969664, 0, 32;
    %store/vec4 v00000174f7d10fc0_0, 0, 32;
    %jmp T_4.11;
T_4.11 ;
    %pop/vec4 1;
    %jmp T_4;
    .thread T_4, $push;
    .scope S_00000174f7a99d80;
T_5 ;
    %wait E_00000174f7e05f50;
    %load/vec4 v00000174f7d11880_0;
    %dup/vec4;
    %pushi/vec4 0, 0, 3;
    %cmp/u;
    %jmp/1 T_5.0, 6;
    %dup/vec4;
    %pushi/vec4 1, 0, 3;
    %cmp/u;
    %jmp/1 T_5.1, 6;
    %dup/vec4;
    %pushi/vec4 2, 0, 3;
    %cmp/u;
    %jmp/1 T_5.2, 6;
    %dup/vec4;
    %pushi/vec4 3, 0, 3;
    %cmp/u;
    %jmp/1 T_5.3, 6;
    %dup/vec4;
    %pushi/vec4 4, 0, 3;
    %cmp/u;
    %jmp/1 T_5.4, 6;
    %pushi/vec4 0, 0, 3;
    %store/vec4 v00000174f7d12820_0, 0, 3;
    %jmp T_5.6;
T_5.0 ;
    %load/vec4 v00000174f7d12500_0;
    %flag_set/vec4 8;
    %jmp/0 T_5.7, 8;
    %pushi/vec4 2, 0, 32;
    %jmp/1 T_5.8, 8;
T_5.7 ; End of true expr.
    %pushi/vec4 0, 0, 32;
    %jmp/0 T_5.8, 8;
 ; End of false expr.
    %blend;
T_5.8;
    %pad/s 3;
    %store/vec4 v00000174f7d12820_0, 0, 3;
    %jmp T_5.6;
T_5.1 ;
    %pushi/vec4 2, 0, 3;
    %store/vec4 v00000174f7d12820_0, 0, 3;
    %jmp T_5.6;
T_5.2 ;
    %pushi/vec4 3, 0, 3;
    %store/vec4 v00000174f7d12820_0, 0, 3;
    %jmp T_5.6;
T_5.3 ;
    %load/vec4 v00000174f7d11920_0;
    %pad/u 32;
    %cmpi/e 10, 0, 32;
    %flag_mov 8, 4;
    %jmp/0 T_5.9, 8;
    %pushi/vec4 4, 0, 32;
    %jmp/1 T_5.10, 8;
T_5.9 ; End of true expr.
    %pushi/vec4 2, 0, 32;
    %jmp/0 T_5.10, 8;
 ; End of false expr.
    %blend;
T_5.10;
    %pad/s 3;
    %store/vec4 v00000174f7d12820_0, 0, 3;
    %jmp T_5.6;
T_5.4 ;
    %pushi/vec4 0, 0, 3;
    %store/vec4 v00000174f7d12820_0, 0, 3;
    %jmp T_5.6;
T_5.6 ;
    %pop/vec4 1;
    %jmp T_5;
    .thread T_5, $push;
    .scope S_00000174f7a99d80;
T_6 ;
    %wait E_00000174f7e05bd0;
    %load/vec4 v00000174f7d12b40_0;
    %inv;
    %flag_set/vec4 8;
    %jmp/0xz  T_6.0, 8;
    %pushi/vec4 0, 0, 3;
    %assign/vec4 v00000174f7d11880_0, 0;
    %jmp T_6.1;
T_6.0 ;
    %load/vec4 v00000174f7d12820_0;
    %assign/vec4 v00000174f7d11880_0, 0;
T_6.1 ;
    %jmp T_6;
    .thread T_6;
    .scope S_00000174f7a99d80;
T_7 ;
    %wait E_00000174f7e05bd0;
    %load/vec4 v00000174f7d12b40_0;
    %inv;
    %flag_set/vec4 8;
    %jmp/0xz  T_7.0, 8;
    %pushi/vec4 0, 0, 1;
    %assign/vec4 v00000174f7d11ce0_0, 0;
    %pushi/vec4 0, 0, 1;
    %assign/vec4 v00000174f7d12640_0, 0;
    %pushi/vec4 0, 0, 1;
    %assign/vec4 v00000174f7d119c0_0, 0;
    %pushi/vec4 0, 0, 1;
    %assign/vec4 v00000174f7d11ba0_0, 0;
    %pushi/vec4 0, 0, 4;
    %assign/vec4 v00000174f7d12960_0, 0;
    %pushi/vec4 0, 0, 4;
    %assign/vec4 v00000174f7d128c0_0, 0;
    %pushi/vec4 0, 0, 4;
    %assign/vec4 v00000174f7d11920_0, 0;
    %jmp T_7.1;
T_7.0 ;
    %pushi/vec4 0, 0, 1;
    %assign/vec4 v00000174f7d11ce0_0, 0;
    %pushi/vec4 0, 0, 1;
    %assign/vec4 v00000174f7d12640_0, 0;
    %pushi/vec4 0, 0, 1;
    %assign/vec4 v00000174f7d119c0_0, 0;
    %pushi/vec4 0, 0, 1;
    %assign/vec4 v00000174f7d11ba0_0, 0;
    %load/vec4 v00000174f7d11880_0;
    %dup/vec4;
    %pushi/vec4 0, 0, 3;
    %cmp/u;
    %jmp/1 T_7.2, 6;
    %dup/vec4;
    %pushi/vec4 1, 0, 3;
    %cmp/u;
    %jmp/1 T_7.3, 6;
    %dup/vec4;
    %pushi/vec4 2, 0, 3;
    %cmp/u;
    %jmp/1 T_7.4, 6;
    %dup/vec4;
    %pushi/vec4 3, 0, 3;
    %cmp/u;
    %jmp/1 T_7.5, 6;
    %dup/vec4;
    %pushi/vec4 4, 0, 3;
    %cmp/u;
    %jmp/1 T_7.6, 6;
    %jmp T_7.8;
T_7.2 ;
    %load/vec4 v00000174f7d125a0_0;
    %assign/vec4 v00000174f7d128c0_0, 0;
    %load/vec4 v00000174f7d12500_0;
    %flag_set/vec4 8;
    %jmp/0 T_7.9, 8;
    %pushi/vec4 1, 0, 2;
    %jmp/1 T_7.10, 8;
T_7.9 ; End of true expr.
    %pushi/vec4 0, 0, 2;
    %jmp/0 T_7.10, 8;
 ; End of false expr.
    %blend;
T_7.10;
    %pad/s 1;
    %assign/vec4 v00000174f7d11ba0_0, 0;
    %load/vec4 v00000174f7d12500_0;
    %flag_set/vec4 8;
    %jmp/0 T_7.11, 8;
    %pushi/vec4 1, 0, 2;
    %jmp/1 T_7.12, 8;
T_7.11 ; End of true expr.
    %pushi/vec4 0, 0, 2;
    %jmp/0 T_7.12, 8;
 ; End of false expr.
    %blend;
T_7.12;
    %pad/s 1;
    %assign/vec4 v00000174f7d119c0_0, 0;
    %pushi/vec4 0, 0, 4;
    %assign/vec4 v00000174f7d11920_0, 0;
    %pushi/vec4 0, 0, 4;
    %assign/vec4 v00000174f7d12960_0, 0;
    %jmp T_7.8;
T_7.3 ;
    %pushi/vec4 0, 0, 4;
    %assign/vec4 v00000174f7d11920_0, 0;
    %pushi/vec4 0, 0, 4;
    %assign/vec4 v00000174f7d12960_0, 0;
    %pushi/vec4 0, 0, 4;
    %assign/vec4 v00000174f7d128c0_0, 0;
    %jmp T_7.8;
T_7.4 ;
    %load/vec4 v00000174f7d11920_0;
    %assign/vec4 v00000174f7d128c0_0, 0;
    %jmp T_7.8;
T_7.5 ;
    %pushi/vec4 1, 0, 1;
    %assign/vec4 v00000174f7d119c0_0, 0;
    %load/vec4 v00000174f7d11920_0;
    %addi 1, 0, 4;
    %assign/vec4 v00000174f7d11920_0, 0;
    %load/vec4 v00000174f7d12960_0;
    %addi 1, 0, 4;
    %assign/vec4 v00000174f7d12960_0, 0;
    %jmp T_7.8;
T_7.6 ;
    %pushi/vec4 1, 0, 1;
    %assign/vec4 v00000174f7d11ce0_0, 0;
    %jmp T_7.8;
T_7.8 ;
    %pop/vec4 1;
T_7.1 ;
    %jmp T_7;
    .thread T_7;
    .scope S_00000174f7ac20f0;
T_8 ;
    %wait E_00000174f7e05bd0;
    %load/vec4 v00000174f7e89b20_0;
    %inv;
    %flag_set/vec4 8;
    %jmp/0xz  T_8.0, 8;
    %pushi/vec4 0, 0, 128;
    %assign/vec4 v00000174f7e891c0_0, 0;
    %jmp T_8.1;
T_8.0 ;
    %load/vec4 v00000174f7e89c60_0;
    %assign/vec4 v00000174f7e891c0_0, 0;
T_8.1 ;
    %jmp T_8;
    .thread T_8;
    .scope S_00000174f7e923e0;
T_9 ;
    %wait E_00000174f7e05bd0;
    %load/vec4 v00000174f7e8b9c0_0;
    %inv;
    %flag_set/vec4 8;
    %jmp/0xz  T_9.0, 8;
    %pushi/vec4 0, 0, 128;
    %ix/load 3, 0, 0;
    %flag_set/imm 4, 0;
    %ix/load 4, 0, 0; Constant delay
    %assign/vec4/a/d v00000174f7e8dea0, 0, 4;
    %pushi/vec4 0, 0, 128;
    %ix/load 3, 1, 0;
    %flag_set/imm 4, 0;
    %ix/load 4, 0, 0; Constant delay
    %assign/vec4/a/d v00000174f7e8dea0, 0, 4;
    %jmp T_9.1;
T_9.0 ;
    %load/vec4 v00000174f7e8ca00_0;
    %flag_set/vec4 8;
    %jmp/0xz  T_9.2, 8;
    %load/vec4 v00000174f7e8cf00_0;
    %load/vec4 v00000174f7e8c8c0_0;
    %pad/u 3;
    %ix/vec4 3;
    %ix/load 4, 0, 0; Constant delay
    %assign/vec4/a/d v00000174f7e8dea0, 0, 4;
T_9.2 ;
T_9.1 ;
    %jmp T_9;
    .thread T_9;
    .scope S_00000174f7e92700;
T_10 ;
    %wait E_00000174f7e05a50;
    %load/vec4 v00000174f7e8bce0_0;
    %dup/vec4;
    %pushi/vec4 0, 0, 3;
    %cmp/u;
    %jmp/1 T_10.0, 6;
    %dup/vec4;
    %pushi/vec4 1, 0, 3;
    %cmp/u;
    %jmp/1 T_10.1, 6;
    %dup/vec4;
    %pushi/vec4 2, 0, 3;
    %cmp/u;
    %jmp/1 T_10.2, 6;
    %dup/vec4;
    %pushi/vec4 3, 0, 3;
    %cmp/u;
    %jmp/1 T_10.3, 6;
    %dup/vec4;
    %pushi/vec4 4, 0, 3;
    %cmp/u;
    %jmp/1 T_10.4, 6;
    %pushi/vec4 0, 0, 3;
    %store/vec4 v00000174f7e8c000_0, 0, 3;
    %jmp T_10.6;
T_10.0 ;
    %load/vec4 v00000174f7e8c140_0;
    %load/vec4 v00000174f7e8d720_0;
    %inv;
    %pushi/vec4 0, 0, 2;
    %cmp/ne;
    %flag_get/vec4 4;
    %and;
    %flag_set/vec4 8;
    %jmp/0xz  T_10.7, 8;
    %pushi/vec4 1, 0, 3;
    %store/vec4 v00000174f7e8c000_0, 0, 3;
    %jmp T_10.8;
T_10.7 ;
    %pushi/vec4 0, 0, 3;
    %store/vec4 v00000174f7e8c000_0, 0, 3;
T_10.8 ;
    %jmp T_10.6;
T_10.1 ;
    %load/vec4 v00000174f7e8bf60_0;
    %pad/u 32;
    %cmpi/e 2, 0, 32;
    %flag_mov 8, 4;
    %load/vec4 v00000174f7e8bf60_0;
    %pad/u 32;
    %cmpi/e 0, 0, 32;
    %flag_or 4, 8;
    %flag_mov 8, 4;
    %jmp/0 T_10.9, 8;
    %pushi/vec4 2, 0, 32;
    %jmp/1 T_10.10, 8;
T_10.9 ; End of true expr.
    %pushi/vec4 1, 0, 32;
    %jmp/0 T_10.10, 8;
 ; End of false expr.
    %blend;
T_10.10;
    %pad/s 3;
    %store/vec4 v00000174f7e8c000_0, 0, 3;
    %jmp T_10.6;
T_10.2 ;
    %pushi/vec4 3, 0, 3;
    %store/vec4 v00000174f7e8c000_0, 0, 3;
    %jmp T_10.6;
T_10.3 ;
    %load/vec4 v00000174f7e8dfe0_0;
    %pad/u 32;
    %cmpi/e 10, 0, 32;
    %flag_mov 8, 4;
    %jmp/0 T_10.11, 8;
    %pushi/vec4 4, 0, 32;
    %jmp/1 T_10.12, 8;
T_10.11 ; End of true expr.
    %pushi/vec4 2, 0, 32;
    %jmp/0 T_10.12, 8;
 ; End of false expr.
    %blend;
T_10.12;
    %pad/s 3;
    %store/vec4 v00000174f7e8c000_0, 0, 3;
    %jmp T_10.6;
T_10.4 ;
    %pushi/vec4 0, 0, 3;
    %store/vec4 v00000174f7e8c000_0, 0, 3;
    %jmp T_10.6;
T_10.6 ;
    %pop/vec4 1;
    %jmp T_10;
    .thread T_10, $push;
    .scope S_00000174f7e92700;
T_11 ;
    %wait E_00000174f7e05d50;
    %load/vec4 v00000174f7e8bf60_0;
    %dup/vec4;
    %pushi/vec4 0, 0, 3;
    %cmp/u;
    %jmp/1 T_11.0, 6;
    %dup/vec4;
    %pushi/vec4 1, 0, 3;
    %cmp/u;
    %jmp/1 T_11.1, 6;
    %dup/vec4;
    %pushi/vec4 2, 0, 3;
    %cmp/u;
    %jmp/1 T_11.2, 6;
    %dup/vec4;
    %pushi/vec4 3, 0, 3;
    %cmp/u;
    %jmp/1 T_11.3, 6;
    %dup/vec4;
    %pushi/vec4 4, 0, 3;
    %cmp/u;
    %jmp/1 T_11.4, 6;
    %pushi/vec4 0, 0, 3;
    %store/vec4 v00000174f7e8c960_0, 0, 3;
    %jmp T_11.6;
T_11.0 ;
    %load/vec4 v00000174f7e8c140_0;
    %load/vec4 v00000174f7e8d720_0;
    %pushi/vec4 0, 0, 2;
    %cmp/ne;
    %flag_get/vec4 4;
    %and;
    %flag_set/vec4 8;
    %jmp/0xz  T_11.7, 8;
    %pushi/vec4 1, 0, 3;
    %store/vec4 v00000174f7e8c960_0, 0, 3;
    %jmp T_11.8;
T_11.7 ;
    %pushi/vec4 0, 0, 3;
    %store/vec4 v00000174f7e8c960_0, 0, 3;
T_11.8 ;
    %jmp T_11.6;
T_11.1 ;
    %load/vec4 v00000174f7e8bce0_0;
    %pad/u 32;
    %cmpi/e 2, 0, 32;
    %flag_mov 8, 4;
    %jmp/0 T_11.9, 8;
    %pushi/vec4 2, 0, 32;
    %jmp/1 T_11.10, 8;
T_11.9 ; End of true expr.
    %pushi/vec4 1, 0, 32;
    %jmp/0 T_11.10, 8;
 ; End of false expr.
    %blend;
T_11.10;
    %pad/s 3;
    %store/vec4 v00000174f7e8c960_0, 0, 3;
    %jmp T_11.6;
T_11.2 ;
    %pushi/vec4 3, 0, 3;
    %store/vec4 v00000174f7e8c960_0, 0, 3;
    %jmp T_11.6;
T_11.3 ;
    %load/vec4 v00000174f7e8cd20_0;
    %pad/u 32;
    %cmpi/e 10, 0, 32;
    %flag_mov 8, 4;
    %jmp/0 T_11.11, 8;
    %pushi/vec4 4, 0, 32;
    %jmp/1 T_11.12, 8;
T_11.11 ; End of true expr.
    %pushi/vec4 2, 0, 32;
    %jmp/0 T_11.12, 8;
 ; End of false expr.
    %blend;
T_11.12;
    %pad/s 3;
    %store/vec4 v00000174f7e8c960_0, 0, 3;
    %jmp T_11.6;
T_11.4 ;
    %pushi/vec4 0, 0, 3;
    %store/vec4 v00000174f7e8c960_0, 0, 3;
    %jmp T_11.6;
T_11.6 ;
    %pop/vec4 1;
    %jmp T_11;
    .thread T_11, $push;
    .scope S_00000174f7e92700;
T_12 ;
    %wait E_00000174f7e05bd0;
    %load/vec4 v00000174f7e8d360_0;
    %inv;
    %flag_set/vec4 8;
    %jmp/0xz  T_12.0, 8;
    %pushi/vec4 0, 0, 3;
    %assign/vec4 v00000174f7e8bce0_0, 0;
    %jmp T_12.1;
T_12.0 ;
    %load/vec4 v00000174f7e8c000_0;
    %assign/vec4 v00000174f7e8bce0_0, 0;
T_12.1 ;
    %jmp T_12;
    .thread T_12;
    .scope S_00000174f7e92700;
T_13 ;
    %wait E_00000174f7e05bd0;
    %load/vec4 v00000174f7e8d360_0;
    %inv;
    %flag_set/vec4 8;
    %jmp/0xz  T_13.0, 8;
    %pushi/vec4 0, 0, 3;
    %assign/vec4 v00000174f7e8bf60_0, 0;
    %jmp T_13.1;
T_13.0 ;
    %load/vec4 v00000174f7e8c960_0;
    %assign/vec4 v00000174f7e8bf60_0, 0;
T_13.1 ;
    %jmp T_13;
    .thread T_13;
    .scope S_00000174f7e92700;
T_14 ;
    %wait E_00000174f7e05bd0;
    %load/vec4 v00000174f7e8d360_0;
    %inv;
    %flag_set/vec4 8;
    %jmp/0xz  T_14.0, 8;
    %pushi/vec4 0, 0, 2;
    %assign/vec4 v00000174f7e8d720_0, 0;
    %jmp T_14.1;
T_14.0 ;
    %load/vec4 v00000174f7e8c140_0;
    %flag_set/vec4 8;
    %jmp/0xz  T_14.2, 8;
    %load/vec4 v00000174f7e8d720_0;
    %addi 1, 0, 2;
    %assign/vec4 v00000174f7e8d720_0, 0;
T_14.2 ;
    %load/vec4 v00000174f7e8bce0_0;
    %pad/u 32;
    %cmpi/e 1, 0, 32;
    %flag_mov 8, 4;
    %load/vec4 v00000174f7e8bf60_0;
    %pad/u 32;
    %cmpi/e 1, 0, 32;
    %flag_or 4, 8;
    %jmp/0xz  T_14.4, 4;
    %load/vec4 v00000174f7e8d720_0;
    %subi 1, 0, 2;
    %assign/vec4 v00000174f7e8d720_0, 0;
T_14.4 ;
T_14.1 ;
    %jmp T_14;
    .thread T_14;
    .scope S_00000174f7e92700;
T_15 ;
    %wait E_00000174f7e05bd0;
    %load/vec4 v00000174f7e8d360_0;
    %inv;
    %flag_set/vec4 8;
    %jmp/0xz  T_15.0, 8;
    %pushi/vec4 1, 0, 4;
    %assign/vec4 v00000174f7e8dfe0_0, 0;
    %jmp T_15.1;
T_15.0 ;
    %load/vec4 v00000174f7e8bce0_0;
    %pad/u 32;
    %cmpi/e 0, 0, 32;
    %jmp/0xz  T_15.2, 4;
    %pushi/vec4 1, 0, 4;
    %assign/vec4 v00000174f7e8dfe0_0, 0;
    %jmp T_15.3;
T_15.2 ;
    %load/vec4 v00000174f7e8bce0_0;
    %pad/u 32;
    %cmpi/e 2, 0, 32;
    %jmp/0xz  T_15.4, 4;
    %load/vec4 v00000174f7e8dfe0_0;
    %addi 1, 0, 4;
    %assign/vec4 v00000174f7e8dfe0_0, 0;
T_15.4 ;
T_15.3 ;
T_15.1 ;
    %jmp T_15;
    .thread T_15;
    .scope S_00000174f7e92700;
T_16 ;
    %wait E_00000174f7e05bd0;
    %load/vec4 v00000174f7e8d360_0;
    %inv;
    %flag_set/vec4 8;
    %jmp/0xz  T_16.0, 8;
    %pushi/vec4 1, 0, 4;
    %assign/vec4 v00000174f7e8cd20_0, 0;
    %jmp T_16.1;
T_16.0 ;
    %load/vec4 v00000174f7e8bf60_0;
    %pad/u 32;
    %cmpi/e 0, 0, 32;
    %jmp/0xz  T_16.2, 4;
    %pushi/vec4 1, 0, 4;
    %assign/vec4 v00000174f7e8cd20_0, 0;
    %jmp T_16.3;
T_16.2 ;
    %load/vec4 v00000174f7e8bf60_0;
    %pad/u 32;
    %cmpi/e 2, 0, 32;
    %jmp/0xz  T_16.4, 4;
    %load/vec4 v00000174f7e8cd20_0;
    %addi 1, 0, 4;
    %assign/vec4 v00000174f7e8cd20_0, 0;
T_16.4 ;
T_16.3 ;
T_16.1 ;
    %jmp T_16;
    .thread T_16;
    .scope S_00000174f7e92700;
T_17 ;
    %wait E_00000174f7e05bd0;
    %load/vec4 v00000174f7e8d360_0;
    %inv;
    %flag_set/vec4 8;
    %jmp/0xz  T_17.0, 8;
    %pushi/vec4 1, 0, 4;
    %assign/vec4 v00000174f7e8c780_0, 0;
    %jmp T_17.1;
T_17.0 ;
    %load/vec4 v00000174f7e8bce0_0;
    %pad/u 32;
    %pushi/vec4 3, 0, 32;
    %cmp/e;
    %flag_get/vec4 4;
    %load/vec4 v00000174f7e8bf60_0;
    %pad/u 32;
    %pushi/vec4 1, 0, 32;
    %cmp/e;
    %flag_get/vec4 4;
    %and;
    %flag_set/vec4 8;
    %jmp/0xz  T_17.2, 8;
    %load/vec4 v00000174f7e8cd20_0;
    %assign/vec4 v00000174f7e8c780_0, 0;
T_17.2 ;
    %load/vec4 v00000174f7e8bce0_0;
    %pad/u 32;
    %pushi/vec4 3, 0, 32;
    %cmp/e;
    %flag_get/vec4 4;
    %load/vec4 v00000174f7e8bf60_0;
    %pad/u 32;
    %pushi/vec4 0, 0, 32;
    %cmp/e;
    %flag_get/vec4 4;
    %and;
    %load/vec4 v00000174f7e8c140_0;
    %and;
    %load/vec4 v00000174f7e8d720_0;
    %pushi/vec4 0, 0, 2;
    %cmp/ne;
    %flag_get/vec4 4;
    %and;
    %flag_set/vec4 8;
    %jmp/0xz  T_17.4, 8;
    %load/vec4 v00000174f7e8cd20_0;
    %assign/vec4 v00000174f7e8c780_0, 0;
T_17.4 ;
    %load/vec4 v00000174f7e8bce0_0;
    %pad/u 32;
    %cmpi/e 2, 0, 32;
    %jmp/0xz  T_17.6, 4;
    %load/vec4 v00000174f7e8dfe0_0;
    %addi 1, 0, 4;
    %assign/vec4 v00000174f7e8c780_0, 0;
    %jmp T_17.7;
T_17.6 ;
    %load/vec4 v00000174f7e8bf60_0;
    %pad/u 32;
    %cmpi/e 2, 0, 32;
    %jmp/0xz  T_17.8, 4;
    %load/vec4 v00000174f7e8cd20_0;
    %addi 1, 0, 4;
    %assign/vec4 v00000174f7e8c780_0, 0;
T_17.8 ;
T_17.7 ;
T_17.1 ;
    %jmp T_17;
    .thread T_17;
    .scope S_00000174f7e92700;
T_18 ;
    %wait E_00000174f7e05bd0;
    %load/vec4 v00000174f7e8d360_0;
    %inv;
    %flag_set/vec4 8;
    %jmp/0xz  T_18.0, 8;
    %pushi/vec4 1, 0, 1;
    %assign/vec4 v00000174f7e8c1e0_0, 0;
    %pushi/vec4 1, 0, 1;
    %assign/vec4 v00000174f7e8dcc0_0, 0;
    %jmp T_18.1;
T_18.0 ;
    %load/vec4 v00000174f7e8bce0_0;
    %pad/u 32;
    %cmpi/e 0, 0, 32;
    %jmp/0xz  T_18.2, 4;
    %load/vec4 v00000174f7e8c140_0;
    %load/vec4 v00000174f7e8d720_0;
    %pad/u 32;
    %pushi/vec4 0, 0, 32;
    %cmp/e;
    %flag_get/vec4 4;
    %and;
    %flag_set/vec4 8;
    %jmp/0xz  T_18.4, 8;
    %pushi/vec4 0, 0, 1;
    %assign/vec4 v00000174f7e8c1e0_0, 0;
    %jmp T_18.5;
T_18.4 ;
    %pushi/vec4 1, 0, 1;
    %assign/vec4 v00000174f7e8c1e0_0, 0;
T_18.5 ;
T_18.2 ;
    %load/vec4 v00000174f7e8bf60_0;
    %pad/u 32;
    %cmpi/e 0, 0, 32;
    %jmp/0xz  T_18.6, 4;
    %load/vec4 v00000174f7e8c140_0;
    %load/vec4 v00000174f7e8d720_0;
    %pad/u 32;
    %pushi/vec4 1, 0, 32;
    %cmp/e;
    %flag_get/vec4 4;
    %and;
    %flag_set/vec4 8;
    %jmp/0xz  T_18.8, 8;
    %pushi/vec4 0, 0, 1;
    %assign/vec4 v00000174f7e8dcc0_0, 0;
    %jmp T_18.9;
T_18.8 ;
    %pushi/vec4 1, 0, 1;
    %assign/vec4 v00000174f7e8dcc0_0, 0;
T_18.9 ;
T_18.6 ;
T_18.1 ;
    %jmp T_18;
    .thread T_18;
    .scope S_00000174f7e92700;
T_19 ;
    %wait E_00000174f7e05cd0;
    %pushi/vec4 0, 0, 1;
    %store/vec4 v00000174f7e8d7c0_0, 0, 1;
    %pushi/vec4 0, 0, 1;
    %store/vec4 v00000174f7e8c0a0_0, 0, 1;
    %pushi/vec4 0, 0, 1;
    %store/vec4 v00000174f7e8cdc0_0, 0, 1;
    %pushi/vec4 0, 0, 1;
    %store/vec4 v00000174f7e8de00_0, 0, 1;
    %pushi/vec4 0, 0, 1;
    %store/vec4 v00000174f7e8d180_0, 0, 1;
    %pushi/vec4 0, 0, 1;
    %store/vec4 v00000174f7e8bc40_0, 0, 1;
    %load/vec4 v00000174f7e8bce0_0;
    %pad/u 32;
    %pushi/vec4 0, 0, 32;
    %cmp/e;
    %flag_get/vec4 4;
    %load/vec4 v00000174f7e8c140_0;
    %and;
    %load/vec4 v00000174f7e8d720_0;
    %pad/u 32;
    %pushi/vec4 0, 0, 32;
    %cmp/e;
    %flag_get/vec4 4;
    %and;
    %flag_set/vec4 8;
    %jmp/0xz  T_19.0, 8;
    %pushi/vec4 1, 0, 1;
    %store/vec4 v00000174f7e8d7c0_0, 0, 1;
    %pushi/vec4 0, 0, 1;
    %store/vec4 v00000174f7e8c0a0_0, 0, 1;
T_19.0 ;
    %load/vec4 v00000174f7e8bce0_0;
    %pad/u 32;
    %pushi/vec4 1, 0, 32;
    %cmp/e;
    %flag_get/vec4 4;
    %load/vec4 v00000174f7e8bf60_0;
    %pad/u 32;
    %pushi/vec4 0, 0, 32;
    %cmp/e;
    %flag_get/vec4 4;
    %load/vec4 v00000174f7e8bf60_0;
    %pad/u 32;
    %pushi/vec4 2, 0, 32;
    %cmp/e;
    %flag_get/vec4 4;
    %or;
    %and;
    %flag_set/vec4 8;
    %jmp/0xz  T_19.2, 8;
    %pushi/vec4 0, 0, 1;
    %store/vec4 v00000174f7e8cdc0_0, 0, 1;
    %pushi/vec4 1, 0, 1;
    %store/vec4 v00000174f7e8de00_0, 0, 1;
    %jmp T_19.3;
T_19.2 ;
    %load/vec4 v00000174f7e8bf60_0;
    %pad/u 32;
    %pushi/vec4 0, 0, 32;
    %cmp/e;
    %flag_get/vec4 4;
    %load/vec4 v00000174f7e8c140_0;
    %and;
    %load/vec4 v00000174f7e8d720_0;
    %pad/u 32;
    %pushi/vec4 1, 0, 32;
    %cmp/e;
    %flag_get/vec4 4;
    %and;
    %flag_set/vec4 8;
    %jmp/0xz  T_19.4, 8;
    %pushi/vec4 1, 0, 1;
    %store/vec4 v00000174f7e8d7c0_0, 0, 1;
    %pushi/vec4 1, 0, 1;
    %store/vec4 v00000174f7e8c0a0_0, 0, 1;
    %jmp T_19.5;
T_19.4 ;
    %load/vec4 v00000174f7e8bf60_0;
    %pad/u 32;
    %cmpi/e 1, 0, 32;
    %jmp/0xz  T_19.6, 4;
    %load/vec4 v00000174f7e8bce0_0;
    %pad/u 32;
    %cmpi/e 2, 0, 32;
    %jmp/0xz  T_19.8, 4;
    %pushi/vec4 1, 0, 1;
    %store/vec4 v00000174f7e8cdc0_0, 0, 1;
    %pushi/vec4 1, 0, 1;
    %store/vec4 v00000174f7e8de00_0, 0, 1;
T_19.8 ;
    %jmp T_19.7;
T_19.6 ;
    %load/vec4 v00000174f7e8bce0_0;
    %pad/u 32;
    %cmpi/e 4, 0, 32;
    %jmp/0xz  T_19.10, 4;
    %pushi/vec4 1, 0, 1;
    %store/vec4 v00000174f7e8d180_0, 0, 1;
    %jmp T_19.11;
T_19.10 ;
    %load/vec4 v00000174f7e8bf60_0;
    %pad/u 32;
    %cmpi/e 4, 0, 32;
    %jmp/0xz  T_19.12, 4;
    %pushi/vec4 1, 0, 1;
    %store/vec4 v00000174f7e8bc40_0, 0, 1;
T_19.12 ;
T_19.11 ;
T_19.7 ;
T_19.5 ;
T_19.3 ;
    %jmp T_19;
    .thread T_19, $push;
    .scope S_00000174f7e92890;
T_20 ;
    %wait E_00000174f7e05790;
    %load/vec4 v00000174f7e8ec60_0;
    %dup/vec4;
    %pushi/vec4 0, 0, 8;
    %cmp/u;
    %jmp/1 T_20.0, 6;
    %dup/vec4;
    %pushi/vec4 1, 0, 8;
    %cmp/u;
    %jmp/1 T_20.1, 6;
    %dup/vec4;
    %pushi/vec4 2, 0, 8;
    %cmp/u;
    %jmp/1 T_20.2, 6;
    %dup/vec4;
    %pushi/vec4 3, 0, 8;
    %cmp/u;
    %jmp/1 T_20.3, 6;
    %dup/vec4;
    %pushi/vec4 4, 0, 8;
    %cmp/u;
    %jmp/1 T_20.4, 6;
    %dup/vec4;
    %pushi/vec4 5, 0, 8;
    %cmp/u;
    %jmp/1 T_20.5, 6;
    %dup/vec4;
    %pushi/vec4 6, 0, 8;
    %cmp/u;
    %jmp/1 T_20.6, 6;
    %dup/vec4;
    %pushi/vec4 7, 0, 8;
    %cmp/u;
    %jmp/1 T_20.7, 6;
    %dup/vec4;
    %pushi/vec4 8, 0, 8;
    %cmp/u;
    %jmp/1 T_20.8, 6;
    %dup/vec4;
    %pushi/vec4 9, 0, 8;
    %cmp/u;
    %jmp/1 T_20.9, 6;
    %dup/vec4;
    %pushi/vec4 10, 0, 8;
    %cmp/u;
    %jmp/1 T_20.10, 6;
    %dup/vec4;
    %pushi/vec4 11, 0, 8;
    %cmp/u;
    %jmp/1 T_20.11, 6;
    %dup/vec4;
    %pushi/vec4 12, 0, 8;
    %cmp/u;
    %jmp/1 T_20.12, 6;
    %dup/vec4;
    %pushi/vec4 13, 0, 8;
    %cmp/u;
    %jmp/1 T_20.13, 6;
    %dup/vec4;
    %pushi/vec4 14, 0, 8;
    %cmp/u;
    %jmp/1 T_20.14, 6;
    %dup/vec4;
    %pushi/vec4 15, 0, 8;
    %cmp/u;
    %jmp/1 T_20.15, 6;
    %dup/vec4;
    %pushi/vec4 16, 0, 8;
    %cmp/u;
    %jmp/1 T_20.16, 6;
    %dup/vec4;
    %pushi/vec4 17, 0, 8;
    %cmp/u;
    %jmp/1 T_20.17, 6;
    %dup/vec4;
    %pushi/vec4 18, 0, 8;
    %cmp/u;
    %jmp/1 T_20.18, 6;
    %dup/vec4;
    %pushi/vec4 19, 0, 8;
    %cmp/u;
    %jmp/1 T_20.19, 6;
    %dup/vec4;
    %pushi/vec4 20, 0, 8;
    %cmp/u;
    %jmp/1 T_20.20, 6;
    %dup/vec4;
    %pushi/vec4 21, 0, 8;
    %cmp/u;
    %jmp/1 T_20.21, 6;
    %dup/vec4;
    %pushi/vec4 22, 0, 8;
    %cmp/u;
    %jmp/1 T_20.22, 6;
    %dup/vec4;
    %pushi/vec4 23, 0, 8;
    %cmp/u;
    %jmp/1 T_20.23, 6;
    %dup/vec4;
    %pushi/vec4 24, 0, 8;
    %cmp/u;
    %jmp/1 T_20.24, 6;
    %dup/vec4;
    %pushi/vec4 25, 0, 8;
    %cmp/u;
    %jmp/1 T_20.25, 6;
    %dup/vec4;
    %pushi/vec4 26, 0, 8;
    %cmp/u;
    %jmp/1 T_20.26, 6;
    %dup/vec4;
    %pushi/vec4 27, 0, 8;
    %cmp/u;
    %jmp/1 T_20.27, 6;
    %dup/vec4;
    %pushi/vec4 28, 0, 8;
    %cmp/u;
    %jmp/1 T_20.28, 6;
    %dup/vec4;
    %pushi/vec4 29, 0, 8;
    %cmp/u;
    %jmp/1 T_20.29, 6;
    %dup/vec4;
    %pushi/vec4 30, 0, 8;
    %cmp/u;
    %jmp/1 T_20.30, 6;
    %dup/vec4;
    %pushi/vec4 31, 0, 8;
    %cmp/u;
    %jmp/1 T_20.31, 6;
    %dup/vec4;
    %pushi/vec4 32, 0, 8;
    %cmp/u;
    %jmp/1 T_20.32, 6;
    %dup/vec4;
    %pushi/vec4 33, 0, 8;
    %cmp/u;
    %jmp/1 T_20.33, 6;
    %dup/vec4;
    %pushi/vec4 34, 0, 8;
    %cmp/u;
    %jmp/1 T_20.34, 6;
    %dup/vec4;
    %pushi/vec4 35, 0, 8;
    %cmp/u;
    %jmp/1 T_20.35, 6;
    %dup/vec4;
    %pushi/vec4 36, 0, 8;
    %cmp/u;
    %jmp/1 T_20.36, 6;
    %dup/vec4;
    %pushi/vec4 37, 0, 8;
    %cmp/u;
    %jmp/1 T_20.37, 6;
    %dup/vec4;
    %pushi/vec4 38, 0, 8;
    %cmp/u;
    %jmp/1 T_20.38, 6;
    %dup/vec4;
    %pushi/vec4 39, 0, 8;
    %cmp/u;
    %jmp/1 T_20.39, 6;
    %dup/vec4;
    %pushi/vec4 40, 0, 8;
    %cmp/u;
    %jmp/1 T_20.40, 6;
    %dup/vec4;
    %pushi/vec4 41, 0, 8;
    %cmp/u;
    %jmp/1 T_20.41, 6;
    %dup/vec4;
    %pushi/vec4 42, 0, 8;
    %cmp/u;
    %jmp/1 T_20.42, 6;
    %dup/vec4;
    %pushi/vec4 43, 0, 8;
    %cmp/u;
    %jmp/1 T_20.43, 6;
    %dup/vec4;
    %pushi/vec4 44, 0, 8;
    %cmp/u;
    %jmp/1 T_20.44, 6;
    %dup/vec4;
    %pushi/vec4 45, 0, 8;
    %cmp/u;
    %jmp/1 T_20.45, 6;
    %dup/vec4;
    %pushi/vec4 46, 0, 8;
    %cmp/u;
    %jmp/1 T_20.46, 6;
    %dup/vec4;
    %pushi/vec4 47, 0, 8;
    %cmp/u;
    %jmp/1 T_20.47, 6;
    %dup/vec4;
    %pushi/vec4 48, 0, 8;
    %cmp/u;
    %jmp/1 T_20.48, 6;
    %dup/vec4;
    %pushi/vec4 49, 0, 8;
    %cmp/u;
    %jmp/1 T_20.49, 6;
    %dup/vec4;
    %pushi/vec4 50, 0, 8;
    %cmp/u;
    %jmp/1 T_20.50, 6;
    %dup/vec4;
    %pushi/vec4 51, 0, 8;
    %cmp/u;
    %jmp/1 T_20.51, 6;
    %dup/vec4;
    %pushi/vec4 52, 0, 8;
    %cmp/u;
    %jmp/1 T_20.52, 6;
    %dup/vec4;
    %pushi/vec4 53, 0, 8;
    %cmp/u;
    %jmp/1 T_20.53, 6;
    %dup/vec4;
    %pushi/vec4 54, 0, 8;
    %cmp/u;
    %jmp/1 T_20.54, 6;
    %dup/vec4;
    %pushi/vec4 55, 0, 8;
    %cmp/u;
    %jmp/1 T_20.55, 6;
    %dup/vec4;
    %pushi/vec4 56, 0, 8;
    %cmp/u;
    %jmp/1 T_20.56, 6;
    %dup/vec4;
    %pushi/vec4 57, 0, 8;
    %cmp/u;
    %jmp/1 T_20.57, 6;
    %dup/vec4;
    %pushi/vec4 58, 0, 8;
    %cmp/u;
    %jmp/1 T_20.58, 6;
    %dup/vec4;
    %pushi/vec4 59, 0, 8;
    %cmp/u;
    %jmp/1 T_20.59, 6;
    %dup/vec4;
    %pushi/vec4 60, 0, 8;
    %cmp/u;
    %jmp/1 T_20.60, 6;
    %dup/vec4;
    %pushi/vec4 61, 0, 8;
    %cmp/u;
    %jmp/1 T_20.61, 6;
    %dup/vec4;
    %pushi/vec4 62, 0, 8;
    %cmp/u;
    %jmp/1 T_20.62, 6;
    %dup/vec4;
    %pushi/vec4 63, 0, 8;
    %cmp/u;
    %jmp/1 T_20.63, 6;
    %dup/vec4;
    %pushi/vec4 64, 0, 8;
    %cmp/u;
    %jmp/1 T_20.64, 6;
    %dup/vec4;
    %pushi/vec4 65, 0, 8;
    %cmp/u;
    %jmp/1 T_20.65, 6;
    %dup/vec4;
    %pushi/vec4 66, 0, 8;
    %cmp/u;
    %jmp/1 T_20.66, 6;
    %dup/vec4;
    %pushi/vec4 67, 0, 8;
    %cmp/u;
    %jmp/1 T_20.67, 6;
    %dup/vec4;
    %pushi/vec4 68, 0, 8;
    %cmp/u;
    %jmp/1 T_20.68, 6;
    %dup/vec4;
    %pushi/vec4 69, 0, 8;
    %cmp/u;
    %jmp/1 T_20.69, 6;
    %dup/vec4;
    %pushi/vec4 70, 0, 8;
    %cmp/u;
    %jmp/1 T_20.70, 6;
    %dup/vec4;
    %pushi/vec4 71, 0, 8;
    %cmp/u;
    %jmp/1 T_20.71, 6;
    %dup/vec4;
    %pushi/vec4 72, 0, 8;
    %cmp/u;
    %jmp/1 T_20.72, 6;
    %dup/vec4;
    %pushi/vec4 73, 0, 8;
    %cmp/u;
    %jmp/1 T_20.73, 6;
    %dup/vec4;
    %pushi/vec4 74, 0, 8;
    %cmp/u;
    %jmp/1 T_20.74, 6;
    %dup/vec4;
    %pushi/vec4 75, 0, 8;
    %cmp/u;
    %jmp/1 T_20.75, 6;
    %dup/vec4;
    %pushi/vec4 76, 0, 8;
    %cmp/u;
    %jmp/1 T_20.76, 6;
    %dup/vec4;
    %pushi/vec4 77, 0, 8;
    %cmp/u;
    %jmp/1 T_20.77, 6;
    %dup/vec4;
    %pushi/vec4 78, 0, 8;
    %cmp/u;
    %jmp/1 T_20.78, 6;
    %dup/vec4;
    %pushi/vec4 79, 0, 8;
    %cmp/u;
    %jmp/1 T_20.79, 6;
    %dup/vec4;
    %pushi/vec4 80, 0, 8;
    %cmp/u;
    %jmp/1 T_20.80, 6;
    %dup/vec4;
    %pushi/vec4 81, 0, 8;
    %cmp/u;
    %jmp/1 T_20.81, 6;
    %dup/vec4;
    %pushi/vec4 82, 0, 8;
    %cmp/u;
    %jmp/1 T_20.82, 6;
    %dup/vec4;
    %pushi/vec4 83, 0, 8;
    %cmp/u;
    %jmp/1 T_20.83, 6;
    %dup/vec4;
    %pushi/vec4 84, 0, 8;
    %cmp/u;
    %jmp/1 T_20.84, 6;
    %dup/vec4;
    %pushi/vec4 85, 0, 8;
    %cmp/u;
    %jmp/1 T_20.85, 6;
    %dup/vec4;
    %pushi/vec4 86, 0, 8;
    %cmp/u;
    %jmp/1 T_20.86, 6;
    %dup/vec4;
    %pushi/vec4 87, 0, 8;
    %cmp/u;
    %jmp/1 T_20.87, 6;
    %dup/vec4;
    %pushi/vec4 88, 0, 8;
    %cmp/u;
    %jmp/1 T_20.88, 6;
    %dup/vec4;
    %pushi/vec4 89, 0, 8;
    %cmp/u;
    %jmp/1 T_20.89, 6;
    %dup/vec4;
    %pushi/vec4 90, 0, 8;
    %cmp/u;
    %jmp/1 T_20.90, 6;
    %dup/vec4;
    %pushi/vec4 91, 0, 8;
    %cmp/u;
    %jmp/1 T_20.91, 6;
    %dup/vec4;
    %pushi/vec4 92, 0, 8;
    %cmp/u;
    %jmp/1 T_20.92, 6;
    %dup/vec4;
    %pushi/vec4 93, 0, 8;
    %cmp/u;
    %jmp/1 T_20.93, 6;
    %dup/vec4;
    %pushi/vec4 94, 0, 8;
    %cmp/u;
    %jmp/1 T_20.94, 6;
    %dup/vec4;
    %pushi/vec4 95, 0, 8;
    %cmp/u;
    %jmp/1 T_20.95, 6;
    %dup/vec4;
    %pushi/vec4 96, 0, 8;
    %cmp/u;
    %jmp/1 T_20.96, 6;
    %dup/vec4;
    %pushi/vec4 97, 0, 8;
    %cmp/u;
    %jmp/1 T_20.97, 6;
    %dup/vec4;
    %pushi/vec4 98, 0, 8;
    %cmp/u;
    %jmp/1 T_20.98, 6;
    %dup/vec4;
    %pushi/vec4 99, 0, 8;
    %cmp/u;
    %jmp/1 T_20.99, 6;
    %dup/vec4;
    %pushi/vec4 100, 0, 8;
    %cmp/u;
    %jmp/1 T_20.100, 6;
    %dup/vec4;
    %pushi/vec4 101, 0, 8;
    %cmp/u;
    %jmp/1 T_20.101, 6;
    %dup/vec4;
    %pushi/vec4 102, 0, 8;
    %cmp/u;
    %jmp/1 T_20.102, 6;
    %dup/vec4;
    %pushi/vec4 103, 0, 8;
    %cmp/u;
    %jmp/1 T_20.103, 6;
    %dup/vec4;
    %pushi/vec4 104, 0, 8;
    %cmp/u;
    %jmp/1 T_20.104, 6;
    %dup/vec4;
    %pushi/vec4 105, 0, 8;
    %cmp/u;
    %jmp/1 T_20.105, 6;
    %dup/vec4;
    %pushi/vec4 106, 0, 8;
    %cmp/u;
    %jmp/1 T_20.106, 6;
    %dup/vec4;
    %pushi/vec4 107, 0, 8;
    %cmp/u;
    %jmp/1 T_20.107, 6;
    %dup/vec4;
    %pushi/vec4 108, 0, 8;
    %cmp/u;
    %jmp/1 T_20.108, 6;
    %dup/vec4;
    %pushi/vec4 109, 0, 8;
    %cmp/u;
    %jmp/1 T_20.109, 6;
    %dup/vec4;
    %pushi/vec4 110, 0, 8;
    %cmp/u;
    %jmp/1 T_20.110, 6;
    %dup/vec4;
    %pushi/vec4 111, 0, 8;
    %cmp/u;
    %jmp/1 T_20.111, 6;
    %dup/vec4;
    %pushi/vec4 112, 0, 8;
    %cmp/u;
    %jmp/1 T_20.112, 6;
    %dup/vec4;
    %pushi/vec4 113, 0, 8;
    %cmp/u;
    %jmp/1 T_20.113, 6;
    %dup/vec4;
    %pushi/vec4 114, 0, 8;
    %cmp/u;
    %jmp/1 T_20.114, 6;
    %dup/vec4;
    %pushi/vec4 115, 0, 8;
    %cmp/u;
    %jmp/1 T_20.115, 6;
    %dup/vec4;
    %pushi/vec4 116, 0, 8;
    %cmp/u;
    %jmp/1 T_20.116, 6;
    %dup/vec4;
    %pushi/vec4 117, 0, 8;
    %cmp/u;
    %jmp/1 T_20.117, 6;
    %dup/vec4;
    %pushi/vec4 118, 0, 8;
    %cmp/u;
    %jmp/1 T_20.118, 6;
    %dup/vec4;
    %pushi/vec4 119, 0, 8;
    %cmp/u;
    %jmp/1 T_20.119, 6;
    %dup/vec4;
    %pushi/vec4 120, 0, 8;
    %cmp/u;
    %jmp/1 T_20.120, 6;
    %dup/vec4;
    %pushi/vec4 121, 0, 8;
    %cmp/u;
    %jmp/1 T_20.121, 6;
    %dup/vec4;
    %pushi/vec4 122, 0, 8;
    %cmp/u;
    %jmp/1 T_20.122, 6;
    %dup/vec4;
    %pushi/vec4 123, 0, 8;
    %cmp/u;
    %jmp/1 T_20.123, 6;
    %dup/vec4;
    %pushi/vec4 124, 0, 8;
    %cmp/u;
    %jmp/1 T_20.124, 6;
    %dup/vec4;
    %pushi/vec4 125, 0, 8;
    %cmp/u;
    %jmp/1 T_20.125, 6;
    %dup/vec4;
    %pushi/vec4 126, 0, 8;
    %cmp/u;
    %jmp/1 T_20.126, 6;
    %dup/vec4;
    %pushi/vec4 127, 0, 8;
    %cmp/u;
    %jmp/1 T_20.127, 6;
    %dup/vec4;
    %pushi/vec4 128, 0, 8;
    %cmp/u;
    %jmp/1 T_20.128, 6;
    %dup/vec4;
    %pushi/vec4 129, 0, 8;
    %cmp/u;
    %jmp/1 T_20.129, 6;
    %dup/vec4;
    %pushi/vec4 130, 0, 8;
    %cmp/u;
    %jmp/1 T_20.130, 6;
    %dup/vec4;
    %pushi/vec4 131, 0, 8;
    %cmp/u;
    %jmp/1 T_20.131, 6;
    %dup/vec4;
    %pushi/vec4 132, 0, 8;
    %cmp/u;
    %jmp/1 T_20.132, 6;
    %dup/vec4;
    %pushi/vec4 133, 0, 8;
    %cmp/u;
    %jmp/1 T_20.133, 6;
    %dup/vec4;
    %pushi/vec4 134, 0, 8;
    %cmp/u;
    %jmp/1 T_20.134, 6;
    %dup/vec4;
    %pushi/vec4 135, 0, 8;
    %cmp/u;
    %jmp/1 T_20.135, 6;
    %dup/vec4;
    %pushi/vec4 136, 0, 8;
    %cmp/u;
    %jmp/1 T_20.136, 6;
    %dup/vec4;
    %pushi/vec4 137, 0, 8;
    %cmp/u;
    %jmp/1 T_20.137, 6;
    %dup/vec4;
    %pushi/vec4 138, 0, 8;
    %cmp/u;
    %jmp/1 T_20.138, 6;
    %dup/vec4;
    %pushi/vec4 139, 0, 8;
    %cmp/u;
    %jmp/1 T_20.139, 6;
    %dup/vec4;
    %pushi/vec4 140, 0, 8;
    %cmp/u;
    %jmp/1 T_20.140, 6;
    %dup/vec4;
    %pushi/vec4 141, 0, 8;
    %cmp/u;
    %jmp/1 T_20.141, 6;
    %dup/vec4;
    %pushi/vec4 142, 0, 8;
    %cmp/u;
    %jmp/1 T_20.142, 6;
    %dup/vec4;
    %pushi/vec4 143, 0, 8;
    %cmp/u;
    %jmp/1 T_20.143, 6;
    %dup/vec4;
    %pushi/vec4 144, 0, 8;
    %cmp/u;
    %jmp/1 T_20.144, 6;
    %dup/vec4;
    %pushi/vec4 145, 0, 8;
    %cmp/u;
    %jmp/1 T_20.145, 6;
    %dup/vec4;
    %pushi/vec4 146, 0, 8;
    %cmp/u;
    %jmp/1 T_20.146, 6;
    %dup/vec4;
    %pushi/vec4 147, 0, 8;
    %cmp/u;
    %jmp/1 T_20.147, 6;
    %dup/vec4;
    %pushi/vec4 148, 0, 8;
    %cmp/u;
    %jmp/1 T_20.148, 6;
    %dup/vec4;
    %pushi/vec4 149, 0, 8;
    %cmp/u;
    %jmp/1 T_20.149, 6;
    %dup/vec4;
    %pushi/vec4 150, 0, 8;
    %cmp/u;
    %jmp/1 T_20.150, 6;
    %dup/vec4;
    %pushi/vec4 151, 0, 8;
    %cmp/u;
    %jmp/1 T_20.151, 6;
    %dup/vec4;
    %pushi/vec4 152, 0, 8;
    %cmp/u;
    %jmp/1 T_20.152, 6;
    %dup/vec4;
    %pushi/vec4 153, 0, 8;
    %cmp/u;
    %jmp/1 T_20.153, 6;
    %dup/vec4;
    %pushi/vec4 154, 0, 8;
    %cmp/u;
    %jmp/1 T_20.154, 6;
    %dup/vec4;
    %pushi/vec4 155, 0, 8;
    %cmp/u;
    %jmp/1 T_20.155, 6;
    %dup/vec4;
    %pushi/vec4 156, 0, 8;
    %cmp/u;
    %jmp/1 T_20.156, 6;
    %dup/vec4;
    %pushi/vec4 157, 0, 8;
    %cmp/u;
    %jmp/1 T_20.157, 6;
    %dup/vec4;
    %pushi/vec4 158, 0, 8;
    %cmp/u;
    %jmp/1 T_20.158, 6;
    %dup/vec4;
    %pushi/vec4 159, 0, 8;
    %cmp/u;
    %jmp/1 T_20.159, 6;
    %dup/vec4;
    %pushi/vec4 160, 0, 8;
    %cmp/u;
    %jmp/1 T_20.160, 6;
    %dup/vec4;
    %pushi/vec4 161, 0, 8;
    %cmp/u;
    %jmp/1 T_20.161, 6;
    %dup/vec4;
    %pushi/vec4 162, 0, 8;
    %cmp/u;
    %jmp/1 T_20.162, 6;
    %dup/vec4;
    %pushi/vec4 163, 0, 8;
    %cmp/u;
    %jmp/1 T_20.163, 6;
    %dup/vec4;
    %pushi/vec4 164, 0, 8;
    %cmp/u;
    %jmp/1 T_20.164, 6;
    %dup/vec4;
    %pushi/vec4 165, 0, 8;
    %cmp/u;
    %jmp/1 T_20.165, 6;
    %dup/vec4;
    %pushi/vec4 166, 0, 8;
    %cmp/u;
    %jmp/1 T_20.166, 6;
    %dup/vec4;
    %pushi/vec4 167, 0, 8;
    %cmp/u;
    %jmp/1 T_20.167, 6;
    %dup/vec4;
    %pushi/vec4 168, 0, 8;
    %cmp/u;
    %jmp/1 T_20.168, 6;
    %dup/vec4;
    %pushi/vec4 169, 0, 8;
    %cmp/u;
    %jmp/1 T_20.169, 6;
    %dup/vec4;
    %pushi/vec4 170, 0, 8;
    %cmp/u;
    %jmp/1 T_20.170, 6;
    %dup/vec4;
    %pushi/vec4 171, 0, 8;
    %cmp/u;
    %jmp/1 T_20.171, 6;
    %dup/vec4;
    %pushi/vec4 172, 0, 8;
    %cmp/u;
    %jmp/1 T_20.172, 6;
    %dup/vec4;
    %pushi/vec4 173, 0, 8;
    %cmp/u;
    %jmp/1 T_20.173, 6;
    %dup/vec4;
    %pushi/vec4 174, 0, 8;
    %cmp/u;
    %jmp/1 T_20.174, 6;
    %dup/vec4;
    %pushi/vec4 175, 0, 8;
    %cmp/u;
    %jmp/1 T_20.175, 6;
    %dup/vec4;
    %pushi/vec4 176, 0, 8;
    %cmp/u;
    %jmp/1 T_20.176, 6;
    %dup/vec4;
    %pushi/vec4 177, 0, 8;
    %cmp/u;
    %jmp/1 T_20.177, 6;
    %dup/vec4;
    %pushi/vec4 178, 0, 8;
    %cmp/u;
    %jmp/1 T_20.178, 6;
    %dup/vec4;
    %pushi/vec4 179, 0, 8;
    %cmp/u;
    %jmp/1 T_20.179, 6;
    %dup/vec4;
    %pushi/vec4 180, 0, 8;
    %cmp/u;
    %jmp/1 T_20.180, 6;
    %dup/vec4;
    %pushi/vec4 181, 0, 8;
    %cmp/u;
    %jmp/1 T_20.181, 6;
    %dup/vec4;
    %pushi/vec4 182, 0, 8;
    %cmp/u;
    %jmp/1 T_20.182, 6;
    %dup/vec4;
    %pushi/vec4 183, 0, 8;
    %cmp/u;
    %jmp/1 T_20.183, 6;
    %dup/vec4;
    %pushi/vec4 184, 0, 8;
    %cmp/u;
    %jmp/1 T_20.184, 6;
    %dup/vec4;
    %pushi/vec4 185, 0, 8;
    %cmp/u;
    %jmp/1 T_20.185, 6;
    %dup/vec4;
    %pushi/vec4 186, 0, 8;
    %cmp/u;
    %jmp/1 T_20.186, 6;
    %dup/vec4;
    %pushi/vec4 187, 0, 8;
    %cmp/u;
    %jmp/1 T_20.187, 6;
    %dup/vec4;
    %pushi/vec4 188, 0, 8;
    %cmp/u;
    %jmp/1 T_20.188, 6;
    %dup/vec4;
    %pushi/vec4 189, 0, 8;
    %cmp/u;
    %jmp/1 T_20.189, 6;
    %dup/vec4;
    %pushi/vec4 190, 0, 8;
    %cmp/u;
    %jmp/1 T_20.190, 6;
    %dup/vec4;
    %pushi/vec4 191, 0, 8;
    %cmp/u;
    %jmp/1 T_20.191, 6;
    %dup/vec4;
    %pushi/vec4 192, 0, 8;
    %cmp/u;
    %jmp/1 T_20.192, 6;
    %dup/vec4;
    %pushi/vec4 193, 0, 8;
    %cmp/u;
    %jmp/1 T_20.193, 6;
    %dup/vec4;
    %pushi/vec4 194, 0, 8;
    %cmp/u;
    %jmp/1 T_20.194, 6;
    %dup/vec4;
    %pushi/vec4 195, 0, 8;
    %cmp/u;
    %jmp/1 T_20.195, 6;
    %dup/vec4;
    %pushi/vec4 196, 0, 8;
    %cmp/u;
    %jmp/1 T_20.196, 6;
    %dup/vec4;
    %pushi/vec4 197, 0, 8;
    %cmp/u;
    %jmp/1 T_20.197, 6;
    %dup/vec4;
    %pushi/vec4 198, 0, 8;
    %cmp/u;
    %jmp/1 T_20.198, 6;
    %dup/vec4;
    %pushi/vec4 199, 0, 8;
    %cmp/u;
    %jmp/1 T_20.199, 6;
    %dup/vec4;
    %pushi/vec4 200, 0, 8;
    %cmp/u;
    %jmp/1 T_20.200, 6;
    %dup/vec4;
    %pushi/vec4 201, 0, 8;
    %cmp/u;
    %jmp/1 T_20.201, 6;
    %dup/vec4;
    %pushi/vec4 202, 0, 8;
    %cmp/u;
    %jmp/1 T_20.202, 6;
    %dup/vec4;
    %pushi/vec4 203, 0, 8;
    %cmp/u;
    %jmp/1 T_20.203, 6;
    %dup/vec4;
    %pushi/vec4 204, 0, 8;
    %cmp/u;
    %jmp/1 T_20.204, 6;
    %dup/vec4;
    %pushi/vec4 205, 0, 8;
    %cmp/u;
    %jmp/1 T_20.205, 6;
    %dup/vec4;
    %pushi/vec4 206, 0, 8;
    %cmp/u;
    %jmp/1 T_20.206, 6;
    %dup/vec4;
    %pushi/vec4 207, 0, 8;
    %cmp/u;
    %jmp/1 T_20.207, 6;
    %dup/vec4;
    %pushi/vec4 208, 0, 8;
    %cmp/u;
    %jmp/1 T_20.208, 6;
    %dup/vec4;
    %pushi/vec4 209, 0, 8;
    %cmp/u;
    %jmp/1 T_20.209, 6;
    %dup/vec4;
    %pushi/vec4 210, 0, 8;
    %cmp/u;
    %jmp/1 T_20.210, 6;
    %dup/vec4;
    %pushi/vec4 211, 0, 8;
    %cmp/u;
    %jmp/1 T_20.211, 6;
    %dup/vec4;
    %pushi/vec4 212, 0, 8;
    %cmp/u;
    %jmp/1 T_20.212, 6;
    %dup/vec4;
    %pushi/vec4 213, 0, 8;
    %cmp/u;
    %jmp/1 T_20.213, 6;
    %dup/vec4;
    %pushi/vec4 214, 0, 8;
    %cmp/u;
    %jmp/1 T_20.214, 6;
    %dup/vec4;
    %pushi/vec4 215, 0, 8;
    %cmp/u;
    %jmp/1 T_20.215, 6;
    %dup/vec4;
    %pushi/vec4 216, 0, 8;
    %cmp/u;
    %jmp/1 T_20.216, 6;
    %dup/vec4;
    %pushi/vec4 217, 0, 8;
    %cmp/u;
    %jmp/1 T_20.217, 6;
    %dup/vec4;
    %pushi/vec4 218, 0, 8;
    %cmp/u;
    %jmp/1 T_20.218, 6;
    %dup/vec4;
    %pushi/vec4 219, 0, 8;
    %cmp/u;
    %jmp/1 T_20.219, 6;
    %dup/vec4;
    %pushi/vec4 220, 0, 8;
    %cmp/u;
    %jmp/1 T_20.220, 6;
    %dup/vec4;
    %pushi/vec4 221, 0, 8;
    %cmp/u;
    %jmp/1 T_20.221, 6;
    %dup/vec4;
    %pushi/vec4 222, 0, 8;
    %cmp/u;
    %jmp/1 T_20.222, 6;
    %dup/vec4;
    %pushi/vec4 223, 0, 8;
    %cmp/u;
    %jmp/1 T_20.223, 6;
    %dup/vec4;
    %pushi/vec4 224, 0, 8;
    %cmp/u;
    %jmp/1 T_20.224, 6;
    %dup/vec4;
    %pushi/vec4 225, 0, 8;
    %cmp/u;
    %jmp/1 T_20.225, 6;
    %dup/vec4;
    %pushi/vec4 226, 0, 8;
    %cmp/u;
    %jmp/1 T_20.226, 6;
    %dup/vec4;
    %pushi/vec4 227, 0, 8;
    %cmp/u;
    %jmp/1 T_20.227, 6;
    %dup/vec4;
    %pushi/vec4 228, 0, 8;
    %cmp/u;
    %jmp/1 T_20.228, 6;
    %dup/vec4;
    %pushi/vec4 229, 0, 8;
    %cmp/u;
    %jmp/1 T_20.229, 6;
    %dup/vec4;
    %pushi/vec4 230, 0, 8;
    %cmp/u;
    %jmp/1 T_20.230, 6;
    %dup/vec4;
    %pushi/vec4 231, 0, 8;
    %cmp/u;
    %jmp/1 T_20.231, 6;
    %dup/vec4;
    %pushi/vec4 232, 0, 8;
    %cmp/u;
    %jmp/1 T_20.232, 6;
    %dup/vec4;
    %pushi/vec4 233, 0, 8;
    %cmp/u;
    %jmp/1 T_20.233, 6;
    %dup/vec4;
    %pushi/vec4 234, 0, 8;
    %cmp/u;
    %jmp/1 T_20.234, 6;
    %dup/vec4;
    %pushi/vec4 235, 0, 8;
    %cmp/u;
    %jmp/1 T_20.235, 6;
    %dup/vec4;
    %pushi/vec4 236, 0, 8;
    %cmp/u;
    %jmp/1 T_20.236, 6;
    %dup/vec4;
    %pushi/vec4 237, 0, 8;
    %cmp/u;
    %jmp/1 T_20.237, 6;
    %dup/vec4;
    %pushi/vec4 238, 0, 8;
    %cmp/u;
    %jmp/1 T_20.238, 6;
    %dup/vec4;
    %pushi/vec4 239, 0, 8;
    %cmp/u;
    %jmp/1 T_20.239, 6;
    %dup/vec4;
    %pushi/vec4 240, 0, 8;
    %cmp/u;
    %jmp/1 T_20.240, 6;
    %dup/vec4;
    %pushi/vec4 241, 0, 8;
    %cmp/u;
    %jmp/1 T_20.241, 6;
    %dup/vec4;
    %pushi/vec4 242, 0, 8;
    %cmp/u;
    %jmp/1 T_20.242, 6;
    %dup/vec4;
    %pushi/vec4 243, 0, 8;
    %cmp/u;
    %jmp/1 T_20.243, 6;
    %dup/vec4;
    %pushi/vec4 244, 0, 8;
    %cmp/u;
    %jmp/1 T_20.244, 6;
    %dup/vec4;
    %pushi/vec4 245, 0, 8;
    %cmp/u;
    %jmp/1 T_20.245, 6;
    %dup/vec4;
    %pushi/vec4 246, 0, 8;
    %cmp/u;
    %jmp/1 T_20.246, 6;
    %dup/vec4;
    %pushi/vec4 247, 0, 8;
    %cmp/u;
    %jmp/1 T_20.247, 6;
    %dup/vec4;
    %pushi/vec4 248, 0, 8;
    %cmp/u;
    %jmp/1 T_20.248, 6;
    %dup/vec4;
    %pushi/vec4 249, 0, 8;
    %cmp/u;
    %jmp/1 T_20.249, 6;
    %dup/vec4;
    %pushi/vec4 250, 0, 8;
    %cmp/u;
    %jmp/1 T_20.250, 6;
    %dup/vec4;
    %pushi/vec4 251, 0, 8;
    %cmp/u;
    %jmp/1 T_20.251, 6;
    %dup/vec4;
    %pushi/vec4 252, 0, 8;
    %cmp/u;
    %jmp/1 T_20.252, 6;
    %dup/vec4;
    %pushi/vec4 253, 0, 8;
    %cmp/u;
    %jmp/1 T_20.253, 6;
    %dup/vec4;
    %pushi/vec4 254, 0, 8;
    %cmp/u;
    %jmp/1 T_20.254, 6;
    %dup/vec4;
    %pushi/vec4 255, 0, 8;
    %cmp/u;
    %jmp/1 T_20.255, 6;
    %jmp T_20.256;
T_20.0 ;
    %pushi/vec4 99, 0, 8;
    %store/vec4 v00000174f7e8f200_0, 0, 8;
    %jmp T_20.256;
T_20.1 ;
    %pushi/vec4 124, 0, 8;
    %store/vec4 v00000174f7e8f200_0, 0, 8;
    %jmp T_20.256;
T_20.2 ;
    %pushi/vec4 119, 0, 8;
    %store/vec4 v00000174f7e8f200_0, 0, 8;
    %jmp T_20.256;
T_20.3 ;
    %pushi/vec4 123, 0, 8;
    %store/vec4 v00000174f7e8f200_0, 0, 8;
    %jmp T_20.256;
T_20.4 ;
    %pushi/vec4 242, 0, 8;
    %store/vec4 v00000174f7e8f200_0, 0, 8;
    %jmp T_20.256;
T_20.5 ;
    %pushi/vec4 107, 0, 8;
    %store/vec4 v00000174f7e8f200_0, 0, 8;
    %jmp T_20.256;
T_20.6 ;
    %pushi/vec4 111, 0, 8;
    %store/vec4 v00000174f7e8f200_0, 0, 8;
    %jmp T_20.256;
T_20.7 ;
    %pushi/vec4 197, 0, 8;
    %store/vec4 v00000174f7e8f200_0, 0, 8;
    %jmp T_20.256;
T_20.8 ;
    %pushi/vec4 48, 0, 8;
    %store/vec4 v00000174f7e8f200_0, 0, 8;
    %jmp T_20.256;
T_20.9 ;
    %pushi/vec4 1, 0, 8;
    %store/vec4 v00000174f7e8f200_0, 0, 8;
    %jmp T_20.256;
T_20.10 ;
    %pushi/vec4 103, 0, 8;
    %store/vec4 v00000174f7e8f200_0, 0, 8;
    %jmp T_20.256;
T_20.11 ;
    %pushi/vec4 43, 0, 8;
    %store/vec4 v00000174f7e8f200_0, 0, 8;
    %jmp T_20.256;
T_20.12 ;
    %pushi/vec4 254, 0, 8;
    %store/vec4 v00000174f7e8f200_0, 0, 8;
    %jmp T_20.256;
T_20.13 ;
    %pushi/vec4 215, 0, 8;
    %store/vec4 v00000174f7e8f200_0, 0, 8;
    %jmp T_20.256;
T_20.14 ;
    %pushi/vec4 171, 0, 8;
    %store/vec4 v00000174f7e8f200_0, 0, 8;
    %jmp T_20.256;
T_20.15 ;
    %pushi/vec4 118, 0, 8;
    %store/vec4 v00000174f7e8f200_0, 0, 8;
    %jmp T_20.256;
T_20.16 ;
    %pushi/vec4 202, 0, 8;
    %store/vec4 v00000174f7e8f200_0, 0, 8;
    %jmp T_20.256;
T_20.17 ;
    %pushi/vec4 130, 0, 8;
    %store/vec4 v00000174f7e8f200_0, 0, 8;
    %jmp T_20.256;
T_20.18 ;
    %pushi/vec4 201, 0, 8;
    %store/vec4 v00000174f7e8f200_0, 0, 8;
    %jmp T_20.256;
T_20.19 ;
    %pushi/vec4 125, 0, 8;
    %store/vec4 v00000174f7e8f200_0, 0, 8;
    %jmp T_20.256;
T_20.20 ;
    %pushi/vec4 250, 0, 8;
    %store/vec4 v00000174f7e8f200_0, 0, 8;
    %jmp T_20.256;
T_20.21 ;
    %pushi/vec4 89, 0, 8;
    %store/vec4 v00000174f7e8f200_0, 0, 8;
    %jmp T_20.256;
T_20.22 ;
    %pushi/vec4 71, 0, 8;
    %store/vec4 v00000174f7e8f200_0, 0, 8;
    %jmp T_20.256;
T_20.23 ;
    %pushi/vec4 240, 0, 8;
    %store/vec4 v00000174f7e8f200_0, 0, 8;
    %jmp T_20.256;
T_20.24 ;
    %pushi/vec4 173, 0, 8;
    %store/vec4 v00000174f7e8f200_0, 0, 8;
    %jmp T_20.256;
T_20.25 ;
    %pushi/vec4 212, 0, 8;
    %store/vec4 v00000174f7e8f200_0, 0, 8;
    %jmp T_20.256;
T_20.26 ;
    %pushi/vec4 162, 0, 8;
    %store/vec4 v00000174f7e8f200_0, 0, 8;
    %jmp T_20.256;
T_20.27 ;
    %pushi/vec4 175, 0, 8;
    %store/vec4 v00000174f7e8f200_0, 0, 8;
    %jmp T_20.256;
T_20.28 ;
    %pushi/vec4 156, 0, 8;
    %store/vec4 v00000174f7e8f200_0, 0, 8;
    %jmp T_20.256;
T_20.29 ;
    %pushi/vec4 164, 0, 8;
    %store/vec4 v00000174f7e8f200_0, 0, 8;
    %jmp T_20.256;
T_20.30 ;
    %pushi/vec4 114, 0, 8;
    %store/vec4 v00000174f7e8f200_0, 0, 8;
    %jmp T_20.256;
T_20.31 ;
    %pushi/vec4 192, 0, 8;
    %store/vec4 v00000174f7e8f200_0, 0, 8;
    %jmp T_20.256;
T_20.32 ;
    %pushi/vec4 183, 0, 8;
    %store/vec4 v00000174f7e8f200_0, 0, 8;
    %jmp T_20.256;
T_20.33 ;
    %pushi/vec4 253, 0, 8;
    %store/vec4 v00000174f7e8f200_0, 0, 8;
    %jmp T_20.256;
T_20.34 ;
    %pushi/vec4 147, 0, 8;
    %store/vec4 v00000174f7e8f200_0, 0, 8;
    %jmp T_20.256;
T_20.35 ;
    %pushi/vec4 38, 0, 8;
    %store/vec4 v00000174f7e8f200_0, 0, 8;
    %jmp T_20.256;
T_20.36 ;
    %pushi/vec4 54, 0, 8;
    %store/vec4 v00000174f7e8f200_0, 0, 8;
    %jmp T_20.256;
T_20.37 ;
    %pushi/vec4 63, 0, 8;
    %store/vec4 v00000174f7e8f200_0, 0, 8;
    %jmp T_20.256;
T_20.38 ;
    %pushi/vec4 247, 0, 8;
    %store/vec4 v00000174f7e8f200_0, 0, 8;
    %jmp T_20.256;
T_20.39 ;
    %pushi/vec4 204, 0, 8;
    %store/vec4 v00000174f7e8f200_0, 0, 8;
    %jmp T_20.256;
T_20.40 ;
    %pushi/vec4 52, 0, 8;
    %store/vec4 v00000174f7e8f200_0, 0, 8;
    %jmp T_20.256;
T_20.41 ;
    %pushi/vec4 165, 0, 8;
    %store/vec4 v00000174f7e8f200_0, 0, 8;
    %jmp T_20.256;
T_20.42 ;
    %pushi/vec4 229, 0, 8;
    %store/vec4 v00000174f7e8f200_0, 0, 8;
    %jmp T_20.256;
T_20.43 ;
    %pushi/vec4 241, 0, 8;
    %store/vec4 v00000174f7e8f200_0, 0, 8;
    %jmp T_20.256;
T_20.44 ;
    %pushi/vec4 113, 0, 8;
    %store/vec4 v00000174f7e8f200_0, 0, 8;
    %jmp T_20.256;
T_20.45 ;
    %pushi/vec4 216, 0, 8;
    %store/vec4 v00000174f7e8f200_0, 0, 8;
    %jmp T_20.256;
T_20.46 ;
    %pushi/vec4 49, 0, 8;
    %store/vec4 v00000174f7e8f200_0, 0, 8;
    %jmp T_20.256;
T_20.47 ;
    %pushi/vec4 21, 0, 8;
    %store/vec4 v00000174f7e8f200_0, 0, 8;
    %jmp T_20.256;
T_20.48 ;
    %pushi/vec4 4, 0, 8;
    %store/vec4 v00000174f7e8f200_0, 0, 8;
    %jmp T_20.256;
T_20.49 ;
    %pushi/vec4 199, 0, 8;
    %store/vec4 v00000174f7e8f200_0, 0, 8;
    %jmp T_20.256;
T_20.50 ;
    %pushi/vec4 35, 0, 8;
    %store/vec4 v00000174f7e8f200_0, 0, 8;
    %jmp T_20.256;
T_20.51 ;
    %pushi/vec4 195, 0, 8;
    %store/vec4 v00000174f7e8f200_0, 0, 8;
    %jmp T_20.256;
T_20.52 ;
    %pushi/vec4 24, 0, 8;
    %store/vec4 v00000174f7e8f200_0, 0, 8;
    %jmp T_20.256;
T_20.53 ;
    %pushi/vec4 150, 0, 8;
    %store/vec4 v00000174f7e8f200_0, 0, 8;
    %jmp T_20.256;
T_20.54 ;
    %pushi/vec4 5, 0, 8;
    %store/vec4 v00000174f7e8f200_0, 0, 8;
    %jmp T_20.256;
T_20.55 ;
    %pushi/vec4 154, 0, 8;
    %store/vec4 v00000174f7e8f200_0, 0, 8;
    %jmp T_20.256;
T_20.56 ;
    %pushi/vec4 7, 0, 8;
    %store/vec4 v00000174f7e8f200_0, 0, 8;
    %jmp T_20.256;
T_20.57 ;
    %pushi/vec4 18, 0, 8;
    %store/vec4 v00000174f7e8f200_0, 0, 8;
    %jmp T_20.256;
T_20.58 ;
    %pushi/vec4 128, 0, 8;
    %store/vec4 v00000174f7e8f200_0, 0, 8;
    %jmp T_20.256;
T_20.59 ;
    %pushi/vec4 226, 0, 8;
    %store/vec4 v00000174f7e8f200_0, 0, 8;
    %jmp T_20.256;
T_20.60 ;
    %pushi/vec4 235, 0, 8;
    %store/vec4 v00000174f7e8f200_0, 0, 8;
    %jmp T_20.256;
T_20.61 ;
    %pushi/vec4 39, 0, 8;
    %store/vec4 v00000174f7e8f200_0, 0, 8;
    %jmp T_20.256;
T_20.62 ;
    %pushi/vec4 178, 0, 8;
    %store/vec4 v00000174f7e8f200_0, 0, 8;
    %jmp T_20.256;
T_20.63 ;
    %pushi/vec4 117, 0, 8;
    %store/vec4 v00000174f7e8f200_0, 0, 8;
    %jmp T_20.256;
T_20.64 ;
    %pushi/vec4 9, 0, 8;
    %store/vec4 v00000174f7e8f200_0, 0, 8;
    %jmp T_20.256;
T_20.65 ;
    %pushi/vec4 131, 0, 8;
    %store/vec4 v00000174f7e8f200_0, 0, 8;
    %jmp T_20.256;
T_20.66 ;
    %pushi/vec4 44, 0, 8;
    %store/vec4 v00000174f7e8f200_0, 0, 8;
    %jmp T_20.256;
T_20.67 ;
    %pushi/vec4 26, 0, 8;
    %store/vec4 v00000174f7e8f200_0, 0, 8;
    %jmp T_20.256;
T_20.68 ;
    %pushi/vec4 27, 0, 8;
    %store/vec4 v00000174f7e8f200_0, 0, 8;
    %jmp T_20.256;
T_20.69 ;
    %pushi/vec4 110, 0, 8;
    %store/vec4 v00000174f7e8f200_0, 0, 8;
    %jmp T_20.256;
T_20.70 ;
    %pushi/vec4 90, 0, 8;
    %store/vec4 v00000174f7e8f200_0, 0, 8;
    %jmp T_20.256;
T_20.71 ;
    %pushi/vec4 160, 0, 8;
    %store/vec4 v00000174f7e8f200_0, 0, 8;
    %jmp T_20.256;
T_20.72 ;
    %pushi/vec4 82, 0, 8;
    %store/vec4 v00000174f7e8f200_0, 0, 8;
    %jmp T_20.256;
T_20.73 ;
    %pushi/vec4 59, 0, 8;
    %store/vec4 v00000174f7e8f200_0, 0, 8;
    %jmp T_20.256;
T_20.74 ;
    %pushi/vec4 214, 0, 8;
    %store/vec4 v00000174f7e8f200_0, 0, 8;
    %jmp T_20.256;
T_20.75 ;
    %pushi/vec4 179, 0, 8;
    %store/vec4 v00000174f7e8f200_0, 0, 8;
    %jmp T_20.256;
T_20.76 ;
    %pushi/vec4 41, 0, 8;
    %store/vec4 v00000174f7e8f200_0, 0, 8;
    %jmp T_20.256;
T_20.77 ;
    %pushi/vec4 227, 0, 8;
    %store/vec4 v00000174f7e8f200_0, 0, 8;
    %jmp T_20.256;
T_20.78 ;
    %pushi/vec4 47, 0, 8;
    %store/vec4 v00000174f7e8f200_0, 0, 8;
    %jmp T_20.256;
T_20.79 ;
    %pushi/vec4 132, 0, 8;
    %store/vec4 v00000174f7e8f200_0, 0, 8;
    %jmp T_20.256;
T_20.80 ;
    %pushi/vec4 83, 0, 8;
    %store/vec4 v00000174f7e8f200_0, 0, 8;
    %jmp T_20.256;
T_20.81 ;
    %pushi/vec4 209, 0, 8;
    %store/vec4 v00000174f7e8f200_0, 0, 8;
    %jmp T_20.256;
T_20.82 ;
    %pushi/vec4 0, 0, 8;
    %store/vec4 v00000174f7e8f200_0, 0, 8;
    %jmp T_20.256;
T_20.83 ;
    %pushi/vec4 237, 0, 8;
    %store/vec4 v00000174f7e8f200_0, 0, 8;
    %jmp T_20.256;
T_20.84 ;
    %pushi/vec4 32, 0, 8;
    %store/vec4 v00000174f7e8f200_0, 0, 8;
    %jmp T_20.256;
T_20.85 ;
    %pushi/vec4 252, 0, 8;
    %store/vec4 v00000174f7e8f200_0, 0, 8;
    %jmp T_20.256;
T_20.86 ;
    %pushi/vec4 177, 0, 8;
    %store/vec4 v00000174f7e8f200_0, 0, 8;
    %jmp T_20.256;
T_20.87 ;
    %pushi/vec4 91, 0, 8;
    %store/vec4 v00000174f7e8f200_0, 0, 8;
    %jmp T_20.256;
T_20.88 ;
    %pushi/vec4 106, 0, 8;
    %store/vec4 v00000174f7e8f200_0, 0, 8;
    %jmp T_20.256;
T_20.89 ;
    %pushi/vec4 203, 0, 8;
    %store/vec4 v00000174f7e8f200_0, 0, 8;
    %jmp T_20.256;
T_20.90 ;
    %pushi/vec4 190, 0, 8;
    %store/vec4 v00000174f7e8f200_0, 0, 8;
    %jmp T_20.256;
T_20.91 ;
    %pushi/vec4 57, 0, 8;
    %store/vec4 v00000174f7e8f200_0, 0, 8;
    %jmp T_20.256;
T_20.92 ;
    %pushi/vec4 74, 0, 8;
    %store/vec4 v00000174f7e8f200_0, 0, 8;
    %jmp T_20.256;
T_20.93 ;
    %pushi/vec4 76, 0, 8;
    %store/vec4 v00000174f7e8f200_0, 0, 8;
    %jmp T_20.256;
T_20.94 ;
    %pushi/vec4 88, 0, 8;
    %store/vec4 v00000174f7e8f200_0, 0, 8;
    %jmp T_20.256;
T_20.95 ;
    %pushi/vec4 207, 0, 8;
    %store/vec4 v00000174f7e8f200_0, 0, 8;
    %jmp T_20.256;
T_20.96 ;
    %pushi/vec4 208, 0, 8;
    %store/vec4 v00000174f7e8f200_0, 0, 8;
    %jmp T_20.256;
T_20.97 ;
    %pushi/vec4 239, 0, 8;
    %store/vec4 v00000174f7e8f200_0, 0, 8;
    %jmp T_20.256;
T_20.98 ;
    %pushi/vec4 170, 0, 8;
    %store/vec4 v00000174f7e8f200_0, 0, 8;
    %jmp T_20.256;
T_20.99 ;
    %pushi/vec4 251, 0, 8;
    %store/vec4 v00000174f7e8f200_0, 0, 8;
    %jmp T_20.256;
T_20.100 ;
    %pushi/vec4 67, 0, 8;
    %store/vec4 v00000174f7e8f200_0, 0, 8;
    %jmp T_20.256;
T_20.101 ;
    %pushi/vec4 77, 0, 8;
    %store/vec4 v00000174f7e8f200_0, 0, 8;
    %jmp T_20.256;
T_20.102 ;
    %pushi/vec4 51, 0, 8;
    %store/vec4 v00000174f7e8f200_0, 0, 8;
    %jmp T_20.256;
T_20.103 ;
    %pushi/vec4 133, 0, 8;
    %store/vec4 v00000174f7e8f200_0, 0, 8;
    %jmp T_20.256;
T_20.104 ;
    %pushi/vec4 69, 0, 8;
    %store/vec4 v00000174f7e8f200_0, 0, 8;
    %jmp T_20.256;
T_20.105 ;
    %pushi/vec4 249, 0, 8;
    %store/vec4 v00000174f7e8f200_0, 0, 8;
    %jmp T_20.256;
T_20.106 ;
    %pushi/vec4 2, 0, 8;
    %store/vec4 v00000174f7e8f200_0, 0, 8;
    %jmp T_20.256;
T_20.107 ;
    %pushi/vec4 127, 0, 8;
    %store/vec4 v00000174f7e8f200_0, 0, 8;
    %jmp T_20.256;
T_20.108 ;
    %pushi/vec4 80, 0, 8;
    %store/vec4 v00000174f7e8f200_0, 0, 8;
    %jmp T_20.256;
T_20.109 ;
    %pushi/vec4 60, 0, 8;
    %store/vec4 v00000174f7e8f200_0, 0, 8;
    %jmp T_20.256;
T_20.110 ;
    %pushi/vec4 159, 0, 8;
    %store/vec4 v00000174f7e8f200_0, 0, 8;
    %jmp T_20.256;
T_20.111 ;
    %pushi/vec4 168, 0, 8;
    %store/vec4 v00000174f7e8f200_0, 0, 8;
    %jmp T_20.256;
T_20.112 ;
    %pushi/vec4 81, 0, 8;
    %store/vec4 v00000174f7e8f200_0, 0, 8;
    %jmp T_20.256;
T_20.113 ;
    %pushi/vec4 163, 0, 8;
    %store/vec4 v00000174f7e8f200_0, 0, 8;
    %jmp T_20.256;
T_20.114 ;
    %pushi/vec4 64, 0, 8;
    %store/vec4 v00000174f7e8f200_0, 0, 8;
    %jmp T_20.256;
T_20.115 ;
    %pushi/vec4 143, 0, 8;
    %store/vec4 v00000174f7e8f200_0, 0, 8;
    %jmp T_20.256;
T_20.116 ;
    %pushi/vec4 146, 0, 8;
    %store/vec4 v00000174f7e8f200_0, 0, 8;
    %jmp T_20.256;
T_20.117 ;
    %pushi/vec4 157, 0, 8;
    %store/vec4 v00000174f7e8f200_0, 0, 8;
    %jmp T_20.256;
T_20.118 ;
    %pushi/vec4 56, 0, 8;
    %store/vec4 v00000174f7e8f200_0, 0, 8;
    %jmp T_20.256;
T_20.119 ;
    %pushi/vec4 245, 0, 8;
    %store/vec4 v00000174f7e8f200_0, 0, 8;
    %jmp T_20.256;
T_20.120 ;
    %pushi/vec4 188, 0, 8;
    %store/vec4 v00000174f7e8f200_0, 0, 8;
    %jmp T_20.256;
T_20.121 ;
    %pushi/vec4 182, 0, 8;
    %store/vec4 v00000174f7e8f200_0, 0, 8;
    %jmp T_20.256;
T_20.122 ;
    %pushi/vec4 218, 0, 8;
    %store/vec4 v00000174f7e8f200_0, 0, 8;
    %jmp T_20.256;
T_20.123 ;
    %pushi/vec4 33, 0, 8;
    %store/vec4 v00000174f7e8f200_0, 0, 8;
    %jmp T_20.256;
T_20.124 ;
    %pushi/vec4 16, 0, 8;
    %store/vec4 v00000174f7e8f200_0, 0, 8;
    %jmp T_20.256;
T_20.125 ;
    %pushi/vec4 255, 0, 8;
    %store/vec4 v00000174f7e8f200_0, 0, 8;
    %jmp T_20.256;
T_20.126 ;
    %pushi/vec4 243, 0, 8;
    %store/vec4 v00000174f7e8f200_0, 0, 8;
    %jmp T_20.256;
T_20.127 ;
    %pushi/vec4 210, 0, 8;
    %store/vec4 v00000174f7e8f200_0, 0, 8;
    %jmp T_20.256;
T_20.128 ;
    %pushi/vec4 205, 0, 8;
    %store/vec4 v00000174f7e8f200_0, 0, 8;
    %jmp T_20.256;
T_20.129 ;
    %pushi/vec4 12, 0, 8;
    %store/vec4 v00000174f7e8f200_0, 0, 8;
    %jmp T_20.256;
T_20.130 ;
    %pushi/vec4 19, 0, 8;
    %store/vec4 v00000174f7e8f200_0, 0, 8;
    %jmp T_20.256;
T_20.131 ;
    %pushi/vec4 236, 0, 8;
    %store/vec4 v00000174f7e8f200_0, 0, 8;
    %jmp T_20.256;
T_20.132 ;
    %pushi/vec4 95, 0, 8;
    %store/vec4 v00000174f7e8f200_0, 0, 8;
    %jmp T_20.256;
T_20.133 ;
    %pushi/vec4 151, 0, 8;
    %store/vec4 v00000174f7e8f200_0, 0, 8;
    %jmp T_20.256;
T_20.134 ;
    %pushi/vec4 68, 0, 8;
    %store/vec4 v00000174f7e8f200_0, 0, 8;
    %jmp T_20.256;
T_20.135 ;
    %pushi/vec4 23, 0, 8;
    %store/vec4 v00000174f7e8f200_0, 0, 8;
    %jmp T_20.256;
T_20.136 ;
    %pushi/vec4 196, 0, 8;
    %store/vec4 v00000174f7e8f200_0, 0, 8;
    %jmp T_20.256;
T_20.137 ;
    %pushi/vec4 167, 0, 8;
    %store/vec4 v00000174f7e8f200_0, 0, 8;
    %jmp T_20.256;
T_20.138 ;
    %pushi/vec4 126, 0, 8;
    %store/vec4 v00000174f7e8f200_0, 0, 8;
    %jmp T_20.256;
T_20.139 ;
    %pushi/vec4 61, 0, 8;
    %store/vec4 v00000174f7e8f200_0, 0, 8;
    %jmp T_20.256;
T_20.140 ;
    %pushi/vec4 100, 0, 8;
    %store/vec4 v00000174f7e8f200_0, 0, 8;
    %jmp T_20.256;
T_20.141 ;
    %pushi/vec4 93, 0, 8;
    %store/vec4 v00000174f7e8f200_0, 0, 8;
    %jmp T_20.256;
T_20.142 ;
    %pushi/vec4 25, 0, 8;
    %store/vec4 v00000174f7e8f200_0, 0, 8;
    %jmp T_20.256;
T_20.143 ;
    %pushi/vec4 115, 0, 8;
    %store/vec4 v00000174f7e8f200_0, 0, 8;
    %jmp T_20.256;
T_20.144 ;
    %pushi/vec4 96, 0, 8;
    %store/vec4 v00000174f7e8f200_0, 0, 8;
    %jmp T_20.256;
T_20.145 ;
    %pushi/vec4 129, 0, 8;
    %store/vec4 v00000174f7e8f200_0, 0, 8;
    %jmp T_20.256;
T_20.146 ;
    %pushi/vec4 79, 0, 8;
    %store/vec4 v00000174f7e8f200_0, 0, 8;
    %jmp T_20.256;
T_20.147 ;
    %pushi/vec4 220, 0, 8;
    %store/vec4 v00000174f7e8f200_0, 0, 8;
    %jmp T_20.256;
T_20.148 ;
    %pushi/vec4 34, 0, 8;
    %store/vec4 v00000174f7e8f200_0, 0, 8;
    %jmp T_20.256;
T_20.149 ;
    %pushi/vec4 42, 0, 8;
    %store/vec4 v00000174f7e8f200_0, 0, 8;
    %jmp T_20.256;
T_20.150 ;
    %pushi/vec4 144, 0, 8;
    %store/vec4 v00000174f7e8f200_0, 0, 8;
    %jmp T_20.256;
T_20.151 ;
    %pushi/vec4 136, 0, 8;
    %store/vec4 v00000174f7e8f200_0, 0, 8;
    %jmp T_20.256;
T_20.152 ;
    %pushi/vec4 70, 0, 8;
    %store/vec4 v00000174f7e8f200_0, 0, 8;
    %jmp T_20.256;
T_20.153 ;
    %pushi/vec4 238, 0, 8;
    %store/vec4 v00000174f7e8f200_0, 0, 8;
    %jmp T_20.256;
T_20.154 ;
    %pushi/vec4 184, 0, 8;
    %store/vec4 v00000174f7e8f200_0, 0, 8;
    %jmp T_20.256;
T_20.155 ;
    %pushi/vec4 20, 0, 8;
    %store/vec4 v00000174f7e8f200_0, 0, 8;
    %jmp T_20.256;
T_20.156 ;
    %pushi/vec4 222, 0, 8;
    %store/vec4 v00000174f7e8f200_0, 0, 8;
    %jmp T_20.256;
T_20.157 ;
    %pushi/vec4 94, 0, 8;
    %store/vec4 v00000174f7e8f200_0, 0, 8;
    %jmp T_20.256;
T_20.158 ;
    %pushi/vec4 11, 0, 8;
    %store/vec4 v00000174f7e8f200_0, 0, 8;
    %jmp T_20.256;
T_20.159 ;
    %pushi/vec4 219, 0, 8;
    %store/vec4 v00000174f7e8f200_0, 0, 8;
    %jmp T_20.256;
T_20.160 ;
    %pushi/vec4 224, 0, 8;
    %store/vec4 v00000174f7e8f200_0, 0, 8;
    %jmp T_20.256;
T_20.161 ;
    %pushi/vec4 50, 0, 8;
    %store/vec4 v00000174f7e8f200_0, 0, 8;
    %jmp T_20.256;
T_20.162 ;
    %pushi/vec4 58, 0, 8;
    %store/vec4 v00000174f7e8f200_0, 0, 8;
    %jmp T_20.256;
T_20.163 ;
    %pushi/vec4 10, 0, 8;
    %store/vec4 v00000174f7e8f200_0, 0, 8;
    %jmp T_20.256;
T_20.164 ;
    %pushi/vec4 73, 0, 8;
    %store/vec4 v00000174f7e8f200_0, 0, 8;
    %jmp T_20.256;
T_20.165 ;
    %pushi/vec4 6, 0, 8;
    %store/vec4 v00000174f7e8f200_0, 0, 8;
    %jmp T_20.256;
T_20.166 ;
    %pushi/vec4 36, 0, 8;
    %store/vec4 v00000174f7e8f200_0, 0, 8;
    %jmp T_20.256;
T_20.167 ;
    %pushi/vec4 92, 0, 8;
    %store/vec4 v00000174f7e8f200_0, 0, 8;
    %jmp T_20.256;
T_20.168 ;
    %pushi/vec4 194, 0, 8;
    %store/vec4 v00000174f7e8f200_0, 0, 8;
    %jmp T_20.256;
T_20.169 ;
    %pushi/vec4 211, 0, 8;
    %store/vec4 v00000174f7e8f200_0, 0, 8;
    %jmp T_20.256;
T_20.170 ;
    %pushi/vec4 172, 0, 8;
    %store/vec4 v00000174f7e8f200_0, 0, 8;
    %jmp T_20.256;
T_20.171 ;
    %pushi/vec4 98, 0, 8;
    %store/vec4 v00000174f7e8f200_0, 0, 8;
    %jmp T_20.256;
T_20.172 ;
    %pushi/vec4 145, 0, 8;
    %store/vec4 v00000174f7e8f200_0, 0, 8;
    %jmp T_20.256;
T_20.173 ;
    %pushi/vec4 149, 0, 8;
    %store/vec4 v00000174f7e8f200_0, 0, 8;
    %jmp T_20.256;
T_20.174 ;
    %pushi/vec4 228, 0, 8;
    %store/vec4 v00000174f7e8f200_0, 0, 8;
    %jmp T_20.256;
T_20.175 ;
    %pushi/vec4 121, 0, 8;
    %store/vec4 v00000174f7e8f200_0, 0, 8;
    %jmp T_20.256;
T_20.176 ;
    %pushi/vec4 231, 0, 8;
    %store/vec4 v00000174f7e8f200_0, 0, 8;
    %jmp T_20.256;
T_20.177 ;
    %pushi/vec4 200, 0, 8;
    %store/vec4 v00000174f7e8f200_0, 0, 8;
    %jmp T_20.256;
T_20.178 ;
    %pushi/vec4 55, 0, 8;
    %store/vec4 v00000174f7e8f200_0, 0, 8;
    %jmp T_20.256;
T_20.179 ;
    %pushi/vec4 109, 0, 8;
    %store/vec4 v00000174f7e8f200_0, 0, 8;
    %jmp T_20.256;
T_20.180 ;
    %pushi/vec4 141, 0, 8;
    %store/vec4 v00000174f7e8f200_0, 0, 8;
    %jmp T_20.256;
T_20.181 ;
    %pushi/vec4 213, 0, 8;
    %store/vec4 v00000174f7e8f200_0, 0, 8;
    %jmp T_20.256;
T_20.182 ;
    %pushi/vec4 78, 0, 8;
    %store/vec4 v00000174f7e8f200_0, 0, 8;
    %jmp T_20.256;
T_20.183 ;
    %pushi/vec4 169, 0, 8;
    %store/vec4 v00000174f7e8f200_0, 0, 8;
    %jmp T_20.256;
T_20.184 ;
    %pushi/vec4 108, 0, 8;
    %store/vec4 v00000174f7e8f200_0, 0, 8;
    %jmp T_20.256;
T_20.185 ;
    %pushi/vec4 86, 0, 8;
    %store/vec4 v00000174f7e8f200_0, 0, 8;
    %jmp T_20.256;
T_20.186 ;
    %pushi/vec4 244, 0, 8;
    %store/vec4 v00000174f7e8f200_0, 0, 8;
    %jmp T_20.256;
T_20.187 ;
    %pushi/vec4 234, 0, 8;
    %store/vec4 v00000174f7e8f200_0, 0, 8;
    %jmp T_20.256;
T_20.188 ;
    %pushi/vec4 101, 0, 8;
    %store/vec4 v00000174f7e8f200_0, 0, 8;
    %jmp T_20.256;
T_20.189 ;
    %pushi/vec4 122, 0, 8;
    %store/vec4 v00000174f7e8f200_0, 0, 8;
    %jmp T_20.256;
T_20.190 ;
    %pushi/vec4 174, 0, 8;
    %store/vec4 v00000174f7e8f200_0, 0, 8;
    %jmp T_20.256;
T_20.191 ;
    %pushi/vec4 8, 0, 8;
    %store/vec4 v00000174f7e8f200_0, 0, 8;
    %jmp T_20.256;
T_20.192 ;
    %pushi/vec4 186, 0, 8;
    %store/vec4 v00000174f7e8f200_0, 0, 8;
    %jmp T_20.256;
T_20.193 ;
    %pushi/vec4 120, 0, 8;
    %store/vec4 v00000174f7e8f200_0, 0, 8;
    %jmp T_20.256;
T_20.194 ;
    %pushi/vec4 37, 0, 8;
    %store/vec4 v00000174f7e8f200_0, 0, 8;
    %jmp T_20.256;
T_20.195 ;
    %pushi/vec4 46, 0, 8;
    %store/vec4 v00000174f7e8f200_0, 0, 8;
    %jmp T_20.256;
T_20.196 ;
    %pushi/vec4 28, 0, 8;
    %store/vec4 v00000174f7e8f200_0, 0, 8;
    %jmp T_20.256;
T_20.197 ;
    %pushi/vec4 166, 0, 8;
    %store/vec4 v00000174f7e8f200_0, 0, 8;
    %jmp T_20.256;
T_20.198 ;
    %pushi/vec4 180, 0, 8;
    %store/vec4 v00000174f7e8f200_0, 0, 8;
    %jmp T_20.256;
T_20.199 ;
    %pushi/vec4 198, 0, 8;
    %store/vec4 v00000174f7e8f200_0, 0, 8;
    %jmp T_20.256;
T_20.200 ;
    %pushi/vec4 232, 0, 8;
    %store/vec4 v00000174f7e8f200_0, 0, 8;
    %jmp T_20.256;
T_20.201 ;
    %pushi/vec4 221, 0, 8;
    %store/vec4 v00000174f7e8f200_0, 0, 8;
    %jmp T_20.256;
T_20.202 ;
    %pushi/vec4 116, 0, 8;
    %store/vec4 v00000174f7e8f200_0, 0, 8;
    %jmp T_20.256;
T_20.203 ;
    %pushi/vec4 31, 0, 8;
    %store/vec4 v00000174f7e8f200_0, 0, 8;
    %jmp T_20.256;
T_20.204 ;
    %pushi/vec4 75, 0, 8;
    %store/vec4 v00000174f7e8f200_0, 0, 8;
    %jmp T_20.256;
T_20.205 ;
    %pushi/vec4 189, 0, 8;
    %store/vec4 v00000174f7e8f200_0, 0, 8;
    %jmp T_20.256;
T_20.206 ;
    %pushi/vec4 139, 0, 8;
    %store/vec4 v00000174f7e8f200_0, 0, 8;
    %jmp T_20.256;
T_20.207 ;
    %pushi/vec4 138, 0, 8;
    %store/vec4 v00000174f7e8f200_0, 0, 8;
    %jmp T_20.256;
T_20.208 ;
    %pushi/vec4 112, 0, 8;
    %store/vec4 v00000174f7e8f200_0, 0, 8;
    %jmp T_20.256;
T_20.209 ;
    %pushi/vec4 62, 0, 8;
    %store/vec4 v00000174f7e8f200_0, 0, 8;
    %jmp T_20.256;
T_20.210 ;
    %pushi/vec4 181, 0, 8;
    %store/vec4 v00000174f7e8f200_0, 0, 8;
    %jmp T_20.256;
T_20.211 ;
    %pushi/vec4 102, 0, 8;
    %store/vec4 v00000174f7e8f200_0, 0, 8;
    %jmp T_20.256;
T_20.212 ;
    %pushi/vec4 72, 0, 8;
    %store/vec4 v00000174f7e8f200_0, 0, 8;
    %jmp T_20.256;
T_20.213 ;
    %pushi/vec4 3, 0, 8;
    %store/vec4 v00000174f7e8f200_0, 0, 8;
    %jmp T_20.256;
T_20.214 ;
    %pushi/vec4 246, 0, 8;
    %store/vec4 v00000174f7e8f200_0, 0, 8;
    %jmp T_20.256;
T_20.215 ;
    %pushi/vec4 14, 0, 8;
    %store/vec4 v00000174f7e8f200_0, 0, 8;
    %jmp T_20.256;
T_20.216 ;
    %pushi/vec4 97, 0, 8;
    %store/vec4 v00000174f7e8f200_0, 0, 8;
    %jmp T_20.256;
T_20.217 ;
    %pushi/vec4 53, 0, 8;
    %store/vec4 v00000174f7e8f200_0, 0, 8;
    %jmp T_20.256;
T_20.218 ;
    %pushi/vec4 87, 0, 8;
    %store/vec4 v00000174f7e8f200_0, 0, 8;
    %jmp T_20.256;
T_20.219 ;
    %pushi/vec4 185, 0, 8;
    %store/vec4 v00000174f7e8f200_0, 0, 8;
    %jmp T_20.256;
T_20.220 ;
    %pushi/vec4 134, 0, 8;
    %store/vec4 v00000174f7e8f200_0, 0, 8;
    %jmp T_20.256;
T_20.221 ;
    %pushi/vec4 193, 0, 8;
    %store/vec4 v00000174f7e8f200_0, 0, 8;
    %jmp T_20.256;
T_20.222 ;
    %pushi/vec4 29, 0, 8;
    %store/vec4 v00000174f7e8f200_0, 0, 8;
    %jmp T_20.256;
T_20.223 ;
    %pushi/vec4 158, 0, 8;
    %store/vec4 v00000174f7e8f200_0, 0, 8;
    %jmp T_20.256;
T_20.224 ;
    %pushi/vec4 225, 0, 8;
    %store/vec4 v00000174f7e8f200_0, 0, 8;
    %jmp T_20.256;
T_20.225 ;
    %pushi/vec4 248, 0, 8;
    %store/vec4 v00000174f7e8f200_0, 0, 8;
    %jmp T_20.256;
T_20.226 ;
    %pushi/vec4 152, 0, 8;
    %store/vec4 v00000174f7e8f200_0, 0, 8;
    %jmp T_20.256;
T_20.227 ;
    %pushi/vec4 17, 0, 8;
    %store/vec4 v00000174f7e8f200_0, 0, 8;
    %jmp T_20.256;
T_20.228 ;
    %pushi/vec4 105, 0, 8;
    %store/vec4 v00000174f7e8f200_0, 0, 8;
    %jmp T_20.256;
T_20.229 ;
    %pushi/vec4 217, 0, 8;
    %store/vec4 v00000174f7e8f200_0, 0, 8;
    %jmp T_20.256;
T_20.230 ;
    %pushi/vec4 142, 0, 8;
    %store/vec4 v00000174f7e8f200_0, 0, 8;
    %jmp T_20.256;
T_20.231 ;
    %pushi/vec4 148, 0, 8;
    %store/vec4 v00000174f7e8f200_0, 0, 8;
    %jmp T_20.256;
T_20.232 ;
    %pushi/vec4 155, 0, 8;
    %store/vec4 v00000174f7e8f200_0, 0, 8;
    %jmp T_20.256;
T_20.233 ;
    %pushi/vec4 30, 0, 8;
    %store/vec4 v00000174f7e8f200_0, 0, 8;
    %jmp T_20.256;
T_20.234 ;
    %pushi/vec4 135, 0, 8;
    %store/vec4 v00000174f7e8f200_0, 0, 8;
    %jmp T_20.256;
T_20.235 ;
    %pushi/vec4 233, 0, 8;
    %store/vec4 v00000174f7e8f200_0, 0, 8;
    %jmp T_20.256;
T_20.236 ;
    %pushi/vec4 206, 0, 8;
    %store/vec4 v00000174f7e8f200_0, 0, 8;
    %jmp T_20.256;
T_20.237 ;
    %pushi/vec4 85, 0, 8;
    %store/vec4 v00000174f7e8f200_0, 0, 8;
    %jmp T_20.256;
T_20.238 ;
    %pushi/vec4 40, 0, 8;
    %store/vec4 v00000174f7e8f200_0, 0, 8;
    %jmp T_20.256;
T_20.239 ;
    %pushi/vec4 223, 0, 8;
    %store/vec4 v00000174f7e8f200_0, 0, 8;
    %jmp T_20.256;
T_20.240 ;
    %pushi/vec4 140, 0, 8;
    %store/vec4 v00000174f7e8f200_0, 0, 8;
    %jmp T_20.256;
T_20.241 ;
    %pushi/vec4 161, 0, 8;
    %store/vec4 v00000174f7e8f200_0, 0, 8;
    %jmp T_20.256;
T_20.242 ;
    %pushi/vec4 137, 0, 8;
    %store/vec4 v00000174f7e8f200_0, 0, 8;
    %jmp T_20.256;
T_20.243 ;
    %pushi/vec4 13, 0, 8;
    %store/vec4 v00000174f7e8f200_0, 0, 8;
    %jmp T_20.256;
T_20.244 ;
    %pushi/vec4 191, 0, 8;
    %store/vec4 v00000174f7e8f200_0, 0, 8;
    %jmp T_20.256;
T_20.245 ;
    %pushi/vec4 230, 0, 8;
    %store/vec4 v00000174f7e8f200_0, 0, 8;
    %jmp T_20.256;
T_20.246 ;
    %pushi/vec4 66, 0, 8;
    %store/vec4 v00000174f7e8f200_0, 0, 8;
    %jmp T_20.256;
T_20.247 ;
    %pushi/vec4 104, 0, 8;
    %store/vec4 v00000174f7e8f200_0, 0, 8;
    %jmp T_20.256;
T_20.248 ;
    %pushi/vec4 65, 0, 8;
    %store/vec4 v00000174f7e8f200_0, 0, 8;
    %jmp T_20.256;
T_20.249 ;
    %pushi/vec4 153, 0, 8;
    %store/vec4 v00000174f7e8f200_0, 0, 8;
    %jmp T_20.256;
T_20.250 ;
    %pushi/vec4 45, 0, 8;
    %store/vec4 v00000174f7e8f200_0, 0, 8;
    %jmp T_20.256;
T_20.251 ;
    %pushi/vec4 15, 0, 8;
    %store/vec4 v00000174f7e8f200_0, 0, 8;
    %jmp T_20.256;
T_20.252 ;
    %pushi/vec4 176, 0, 8;
    %store/vec4 v00000174f7e8f200_0, 0, 8;
    %jmp T_20.256;
T_20.253 ;
    %pushi/vec4 84, 0, 8;
    %store/vec4 v00000174f7e8f200_0, 0, 8;
    %jmp T_20.256;
T_20.254 ;
    %pushi/vec4 187, 0, 8;
    %store/vec4 v00000174f7e8f200_0, 0, 8;
    %jmp T_20.256;
T_20.255 ;
    %pushi/vec4 22, 0, 8;
    %store/vec4 v00000174f7e8f200_0, 0, 8;
    %jmp T_20.256;
T_20.256 ;
    %pop/vec4 1;
    %jmp T_20;
    .thread T_20, $push;
    .scope S_00000174f7e92bb0;
T_21 ;
    %wait E_00000174f7e06050;
    %load/vec4 v00000174f7e904c0_0;
    %dup/vec4;
    %pushi/vec4 0, 0, 8;
    %cmp/u;
    %jmp/1 T_21.0, 6;
    %dup/vec4;
    %pushi/vec4 1, 0, 8;
    %cmp/u;
    %jmp/1 T_21.1, 6;
    %dup/vec4;
    %pushi/vec4 2, 0, 8;
    %cmp/u;
    %jmp/1 T_21.2, 6;
    %dup/vec4;
    %pushi/vec4 3, 0, 8;
    %cmp/u;
    %jmp/1 T_21.3, 6;
    %dup/vec4;
    %pushi/vec4 4, 0, 8;
    %cmp/u;
    %jmp/1 T_21.4, 6;
    %dup/vec4;
    %pushi/vec4 5, 0, 8;
    %cmp/u;
    %jmp/1 T_21.5, 6;
    %dup/vec4;
    %pushi/vec4 6, 0, 8;
    %cmp/u;
    %jmp/1 T_21.6, 6;
    %dup/vec4;
    %pushi/vec4 7, 0, 8;
    %cmp/u;
    %jmp/1 T_21.7, 6;
    %dup/vec4;
    %pushi/vec4 8, 0, 8;
    %cmp/u;
    %jmp/1 T_21.8, 6;
    %dup/vec4;
    %pushi/vec4 9, 0, 8;
    %cmp/u;
    %jmp/1 T_21.9, 6;
    %dup/vec4;
    %pushi/vec4 10, 0, 8;
    %cmp/u;
    %jmp/1 T_21.10, 6;
    %dup/vec4;
    %pushi/vec4 11, 0, 8;
    %cmp/u;
    %jmp/1 T_21.11, 6;
    %dup/vec4;
    %pushi/vec4 12, 0, 8;
    %cmp/u;
    %jmp/1 T_21.12, 6;
    %dup/vec4;
    %pushi/vec4 13, 0, 8;
    %cmp/u;
    %jmp/1 T_21.13, 6;
    %dup/vec4;
    %pushi/vec4 14, 0, 8;
    %cmp/u;
    %jmp/1 T_21.14, 6;
    %dup/vec4;
    %pushi/vec4 15, 0, 8;
    %cmp/u;
    %jmp/1 T_21.15, 6;
    %dup/vec4;
    %pushi/vec4 16, 0, 8;
    %cmp/u;
    %jmp/1 T_21.16, 6;
    %dup/vec4;
    %pushi/vec4 17, 0, 8;
    %cmp/u;
    %jmp/1 T_21.17, 6;
    %dup/vec4;
    %pushi/vec4 18, 0, 8;
    %cmp/u;
    %jmp/1 T_21.18, 6;
    %dup/vec4;
    %pushi/vec4 19, 0, 8;
    %cmp/u;
    %jmp/1 T_21.19, 6;
    %dup/vec4;
    %pushi/vec4 20, 0, 8;
    %cmp/u;
    %jmp/1 T_21.20, 6;
    %dup/vec4;
    %pushi/vec4 21, 0, 8;
    %cmp/u;
    %jmp/1 T_21.21, 6;
    %dup/vec4;
    %pushi/vec4 22, 0, 8;
    %cmp/u;
    %jmp/1 T_21.22, 6;
    %dup/vec4;
    %pushi/vec4 23, 0, 8;
    %cmp/u;
    %jmp/1 T_21.23, 6;
    %dup/vec4;
    %pushi/vec4 24, 0, 8;
    %cmp/u;
    %jmp/1 T_21.24, 6;
    %dup/vec4;
    %pushi/vec4 25, 0, 8;
    %cmp/u;
    %jmp/1 T_21.25, 6;
    %dup/vec4;
    %pushi/vec4 26, 0, 8;
    %cmp/u;
    %jmp/1 T_21.26, 6;
    %dup/vec4;
    %pushi/vec4 27, 0, 8;
    %cmp/u;
    %jmp/1 T_21.27, 6;
    %dup/vec4;
    %pushi/vec4 28, 0, 8;
    %cmp/u;
    %jmp/1 T_21.28, 6;
    %dup/vec4;
    %pushi/vec4 29, 0, 8;
    %cmp/u;
    %jmp/1 T_21.29, 6;
    %dup/vec4;
    %pushi/vec4 30, 0, 8;
    %cmp/u;
    %jmp/1 T_21.30, 6;
    %dup/vec4;
    %pushi/vec4 31, 0, 8;
    %cmp/u;
    %jmp/1 T_21.31, 6;
    %dup/vec4;
    %pushi/vec4 32, 0, 8;
    %cmp/u;
    %jmp/1 T_21.32, 6;
    %dup/vec4;
    %pushi/vec4 33, 0, 8;
    %cmp/u;
    %jmp/1 T_21.33, 6;
    %dup/vec4;
    %pushi/vec4 34, 0, 8;
    %cmp/u;
    %jmp/1 T_21.34, 6;
    %dup/vec4;
    %pushi/vec4 35, 0, 8;
    %cmp/u;
    %jmp/1 T_21.35, 6;
    %dup/vec4;
    %pushi/vec4 36, 0, 8;
    %cmp/u;
    %jmp/1 T_21.36, 6;
    %dup/vec4;
    %pushi/vec4 37, 0, 8;
    %cmp/u;
    %jmp/1 T_21.37, 6;
    %dup/vec4;
    %pushi/vec4 38, 0, 8;
    %cmp/u;
    %jmp/1 T_21.38, 6;
    %dup/vec4;
    %pushi/vec4 39, 0, 8;
    %cmp/u;
    %jmp/1 T_21.39, 6;
    %dup/vec4;
    %pushi/vec4 40, 0, 8;
    %cmp/u;
    %jmp/1 T_21.40, 6;
    %dup/vec4;
    %pushi/vec4 41, 0, 8;
    %cmp/u;
    %jmp/1 T_21.41, 6;
    %dup/vec4;
    %pushi/vec4 42, 0, 8;
    %cmp/u;
    %jmp/1 T_21.42, 6;
    %dup/vec4;
    %pushi/vec4 43, 0, 8;
    %cmp/u;
    %jmp/1 T_21.43, 6;
    %dup/vec4;
    %pushi/vec4 44, 0, 8;
    %cmp/u;
    %jmp/1 T_21.44, 6;
    %dup/vec4;
    %pushi/vec4 45, 0, 8;
    %cmp/u;
    %jmp/1 T_21.45, 6;
    %dup/vec4;
    %pushi/vec4 46, 0, 8;
    %cmp/u;
    %jmp/1 T_21.46, 6;
    %dup/vec4;
    %pushi/vec4 47, 0, 8;
    %cmp/u;
    %jmp/1 T_21.47, 6;
    %dup/vec4;
    %pushi/vec4 48, 0, 8;
    %cmp/u;
    %jmp/1 T_21.48, 6;
    %dup/vec4;
    %pushi/vec4 49, 0, 8;
    %cmp/u;
    %jmp/1 T_21.49, 6;
    %dup/vec4;
    %pushi/vec4 50, 0, 8;
    %cmp/u;
    %jmp/1 T_21.50, 6;
    %dup/vec4;
    %pushi/vec4 51, 0, 8;
    %cmp/u;
    %jmp/1 T_21.51, 6;
    %dup/vec4;
    %pushi/vec4 52, 0, 8;
    %cmp/u;
    %jmp/1 T_21.52, 6;
    %dup/vec4;
    %pushi/vec4 53, 0, 8;
    %cmp/u;
    %jmp/1 T_21.53, 6;
    %dup/vec4;
    %pushi/vec4 54, 0, 8;
    %cmp/u;
    %jmp/1 T_21.54, 6;
    %dup/vec4;
    %pushi/vec4 55, 0, 8;
    %cmp/u;
    %jmp/1 T_21.55, 6;
    %dup/vec4;
    %pushi/vec4 56, 0, 8;
    %cmp/u;
    %jmp/1 T_21.56, 6;
    %dup/vec4;
    %pushi/vec4 57, 0, 8;
    %cmp/u;
    %jmp/1 T_21.57, 6;
    %dup/vec4;
    %pushi/vec4 58, 0, 8;
    %cmp/u;
    %jmp/1 T_21.58, 6;
    %dup/vec4;
    %pushi/vec4 59, 0, 8;
    %cmp/u;
    %jmp/1 T_21.59, 6;
    %dup/vec4;
    %pushi/vec4 60, 0, 8;
    %cmp/u;
    %jmp/1 T_21.60, 6;
    %dup/vec4;
    %pushi/vec4 61, 0, 8;
    %cmp/u;
    %jmp/1 T_21.61, 6;
    %dup/vec4;
    %pushi/vec4 62, 0, 8;
    %cmp/u;
    %jmp/1 T_21.62, 6;
    %dup/vec4;
    %pushi/vec4 63, 0, 8;
    %cmp/u;
    %jmp/1 T_21.63, 6;
    %dup/vec4;
    %pushi/vec4 64, 0, 8;
    %cmp/u;
    %jmp/1 T_21.64, 6;
    %dup/vec4;
    %pushi/vec4 65, 0, 8;
    %cmp/u;
    %jmp/1 T_21.65, 6;
    %dup/vec4;
    %pushi/vec4 66, 0, 8;
    %cmp/u;
    %jmp/1 T_21.66, 6;
    %dup/vec4;
    %pushi/vec4 67, 0, 8;
    %cmp/u;
    %jmp/1 T_21.67, 6;
    %dup/vec4;
    %pushi/vec4 68, 0, 8;
    %cmp/u;
    %jmp/1 T_21.68, 6;
    %dup/vec4;
    %pushi/vec4 69, 0, 8;
    %cmp/u;
    %jmp/1 T_21.69, 6;
    %dup/vec4;
    %pushi/vec4 70, 0, 8;
    %cmp/u;
    %jmp/1 T_21.70, 6;
    %dup/vec4;
    %pushi/vec4 71, 0, 8;
    %cmp/u;
    %jmp/1 T_21.71, 6;
    %dup/vec4;
    %pushi/vec4 72, 0, 8;
    %cmp/u;
    %jmp/1 T_21.72, 6;
    %dup/vec4;
    %pushi/vec4 73, 0, 8;
    %cmp/u;
    %jmp/1 T_21.73, 6;
    %dup/vec4;
    %pushi/vec4 74, 0, 8;
    %cmp/u;
    %jmp/1 T_21.74, 6;
    %dup/vec4;
    %pushi/vec4 75, 0, 8;
    %cmp/u;
    %jmp/1 T_21.75, 6;
    %dup/vec4;
    %pushi/vec4 76, 0, 8;
    %cmp/u;
    %jmp/1 T_21.76, 6;
    %dup/vec4;
    %pushi/vec4 77, 0, 8;
    %cmp/u;
    %jmp/1 T_21.77, 6;
    %dup/vec4;
    %pushi/vec4 78, 0, 8;
    %cmp/u;
    %jmp/1 T_21.78, 6;
    %dup/vec4;
    %pushi/vec4 79, 0, 8;
    %cmp/u;
    %jmp/1 T_21.79, 6;
    %dup/vec4;
    %pushi/vec4 80, 0, 8;
    %cmp/u;
    %jmp/1 T_21.80, 6;
    %dup/vec4;
    %pushi/vec4 81, 0, 8;
    %cmp/u;
    %jmp/1 T_21.81, 6;
    %dup/vec4;
    %pushi/vec4 82, 0, 8;
    %cmp/u;
    %jmp/1 T_21.82, 6;
    %dup/vec4;
    %pushi/vec4 83, 0, 8;
    %cmp/u;
    %jmp/1 T_21.83, 6;
    %dup/vec4;
    %pushi/vec4 84, 0, 8;
    %cmp/u;
    %jmp/1 T_21.84, 6;
    %dup/vec4;
    %pushi/vec4 85, 0, 8;
    %cmp/u;
    %jmp/1 T_21.85, 6;
    %dup/vec4;
    %pushi/vec4 86, 0, 8;
    %cmp/u;
    %jmp/1 T_21.86, 6;
    %dup/vec4;
    %pushi/vec4 87, 0, 8;
    %cmp/u;
    %jmp/1 T_21.87, 6;
    %dup/vec4;
    %pushi/vec4 88, 0, 8;
    %cmp/u;
    %jmp/1 T_21.88, 6;
    %dup/vec4;
    %pushi/vec4 89, 0, 8;
    %cmp/u;
    %jmp/1 T_21.89, 6;
    %dup/vec4;
    %pushi/vec4 90, 0, 8;
    %cmp/u;
    %jmp/1 T_21.90, 6;
    %dup/vec4;
    %pushi/vec4 91, 0, 8;
    %cmp/u;
    %jmp/1 T_21.91, 6;
    %dup/vec4;
    %pushi/vec4 92, 0, 8;
    %cmp/u;
    %jmp/1 T_21.92, 6;
    %dup/vec4;
    %pushi/vec4 93, 0, 8;
    %cmp/u;
    %jmp/1 T_21.93, 6;
    %dup/vec4;
    %pushi/vec4 94, 0, 8;
    %cmp/u;
    %jmp/1 T_21.94, 6;
    %dup/vec4;
    %pushi/vec4 95, 0, 8;
    %cmp/u;
    %jmp/1 T_21.95, 6;
    %dup/vec4;
    %pushi/vec4 96, 0, 8;
    %cmp/u;
    %jmp/1 T_21.96, 6;
    %dup/vec4;
    %pushi/vec4 97, 0, 8;
    %cmp/u;
    %jmp/1 T_21.97, 6;
    %dup/vec4;
    %pushi/vec4 98, 0, 8;
    %cmp/u;
    %jmp/1 T_21.98, 6;
    %dup/vec4;
    %pushi/vec4 99, 0, 8;
    %cmp/u;
    %jmp/1 T_21.99, 6;
    %dup/vec4;
    %pushi/vec4 100, 0, 8;
    %cmp/u;
    %jmp/1 T_21.100, 6;
    %dup/vec4;
    %pushi/vec4 101, 0, 8;
    %cmp/u;
    %jmp/1 T_21.101, 6;
    %dup/vec4;
    %pushi/vec4 102, 0, 8;
    %cmp/u;
    %jmp/1 T_21.102, 6;
    %dup/vec4;
    %pushi/vec4 103, 0, 8;
    %cmp/u;
    %jmp/1 T_21.103, 6;
    %dup/vec4;
    %pushi/vec4 104, 0, 8;
    %cmp/u;
    %jmp/1 T_21.104, 6;
    %dup/vec4;
    %pushi/vec4 105, 0, 8;
    %cmp/u;
    %jmp/1 T_21.105, 6;
    %dup/vec4;
    %pushi/vec4 106, 0, 8;
    %cmp/u;
    %jmp/1 T_21.106, 6;
    %dup/vec4;
    %pushi/vec4 107, 0, 8;
    %cmp/u;
    %jmp/1 T_21.107, 6;
    %dup/vec4;
    %pushi/vec4 108, 0, 8;
    %cmp/u;
    %jmp/1 T_21.108, 6;
    %dup/vec4;
    %pushi/vec4 109, 0, 8;
    %cmp/u;
    %jmp/1 T_21.109, 6;
    %dup/vec4;
    %pushi/vec4 110, 0, 8;
    %cmp/u;
    %jmp/1 T_21.110, 6;
    %dup/vec4;
    %pushi/vec4 111, 0, 8;
    %cmp/u;
    %jmp/1 T_21.111, 6;
    %dup/vec4;
    %pushi/vec4 112, 0, 8;
    %cmp/u;
    %jmp/1 T_21.112, 6;
    %dup/vec4;
    %pushi/vec4 113, 0, 8;
    %cmp/u;
    %jmp/1 T_21.113, 6;
    %dup/vec4;
    %pushi/vec4 114, 0, 8;
    %cmp/u;
    %jmp/1 T_21.114, 6;
    %dup/vec4;
    %pushi/vec4 115, 0, 8;
    %cmp/u;
    %jmp/1 T_21.115, 6;
    %dup/vec4;
    %pushi/vec4 116, 0, 8;
    %cmp/u;
    %jmp/1 T_21.116, 6;
    %dup/vec4;
    %pushi/vec4 117, 0, 8;
    %cmp/u;
    %jmp/1 T_21.117, 6;
    %dup/vec4;
    %pushi/vec4 118, 0, 8;
    %cmp/u;
    %jmp/1 T_21.118, 6;
    %dup/vec4;
    %pushi/vec4 119, 0, 8;
    %cmp/u;
    %jmp/1 T_21.119, 6;
    %dup/vec4;
    %pushi/vec4 120, 0, 8;
    %cmp/u;
    %jmp/1 T_21.120, 6;
    %dup/vec4;
    %pushi/vec4 121, 0, 8;
    %cmp/u;
    %jmp/1 T_21.121, 6;
    %dup/vec4;
    %pushi/vec4 122, 0, 8;
    %cmp/u;
    %jmp/1 T_21.122, 6;
    %dup/vec4;
    %pushi/vec4 123, 0, 8;
    %cmp/u;
    %jmp/1 T_21.123, 6;
    %dup/vec4;
    %pushi/vec4 124, 0, 8;
    %cmp/u;
    %jmp/1 T_21.124, 6;
    %dup/vec4;
    %pushi/vec4 125, 0, 8;
    %cmp/u;
    %jmp/1 T_21.125, 6;
    %dup/vec4;
    %pushi/vec4 126, 0, 8;
    %cmp/u;
    %jmp/1 T_21.126, 6;
    %dup/vec4;
    %pushi/vec4 127, 0, 8;
    %cmp/u;
    %jmp/1 T_21.127, 6;
    %dup/vec4;
    %pushi/vec4 128, 0, 8;
    %cmp/u;
    %jmp/1 T_21.128, 6;
    %dup/vec4;
    %pushi/vec4 129, 0, 8;
    %cmp/u;
    %jmp/1 T_21.129, 6;
    %dup/vec4;
    %pushi/vec4 130, 0, 8;
    %cmp/u;
    %jmp/1 T_21.130, 6;
    %dup/vec4;
    %pushi/vec4 131, 0, 8;
    %cmp/u;
    %jmp/1 T_21.131, 6;
    %dup/vec4;
    %pushi/vec4 132, 0, 8;
    %cmp/u;
    %jmp/1 T_21.132, 6;
    %dup/vec4;
    %pushi/vec4 133, 0, 8;
    %cmp/u;
    %jmp/1 T_21.133, 6;
    %dup/vec4;
    %pushi/vec4 134, 0, 8;
    %cmp/u;
    %jmp/1 T_21.134, 6;
    %dup/vec4;
    %pushi/vec4 135, 0, 8;
    %cmp/u;
    %jmp/1 T_21.135, 6;
    %dup/vec4;
    %pushi/vec4 136, 0, 8;
    %cmp/u;
    %jmp/1 T_21.136, 6;
    %dup/vec4;
    %pushi/vec4 137, 0, 8;
    %cmp/u;
    %jmp/1 T_21.137, 6;
    %dup/vec4;
    %pushi/vec4 138, 0, 8;
    %cmp/u;
    %jmp/1 T_21.138, 6;
    %dup/vec4;
    %pushi/vec4 139, 0, 8;
    %cmp/u;
    %jmp/1 T_21.139, 6;
    %dup/vec4;
    %pushi/vec4 140, 0, 8;
    %cmp/u;
    %jmp/1 T_21.140, 6;
    %dup/vec4;
    %pushi/vec4 141, 0, 8;
    %cmp/u;
    %jmp/1 T_21.141, 6;
    %dup/vec4;
    %pushi/vec4 142, 0, 8;
    %cmp/u;
    %jmp/1 T_21.142, 6;
    %dup/vec4;
    %pushi/vec4 143, 0, 8;
    %cmp/u;
    %jmp/1 T_21.143, 6;
    %dup/vec4;
    %pushi/vec4 144, 0, 8;
    %cmp/u;
    %jmp/1 T_21.144, 6;
    %dup/vec4;
    %pushi/vec4 145, 0, 8;
    %cmp/u;
    %jmp/1 T_21.145, 6;
    %dup/vec4;
    %pushi/vec4 146, 0, 8;
    %cmp/u;
    %jmp/1 T_21.146, 6;
    %dup/vec4;
    %pushi/vec4 147, 0, 8;
    %cmp/u;
    %jmp/1 T_21.147, 6;
    %dup/vec4;
    %pushi/vec4 148, 0, 8;
    %cmp/u;
    %jmp/1 T_21.148, 6;
    %dup/vec4;
    %pushi/vec4 149, 0, 8;
    %cmp/u;
    %jmp/1 T_21.149, 6;
    %dup/vec4;
    %pushi/vec4 150, 0, 8;
    %cmp/u;
    %jmp/1 T_21.150, 6;
    %dup/vec4;
    %pushi/vec4 151, 0, 8;
    %cmp/u;
    %jmp/1 T_21.151, 6;
    %dup/vec4;
    %pushi/vec4 152, 0, 8;
    %cmp/u;
    %jmp/1 T_21.152, 6;
    %dup/vec4;
    %pushi/vec4 153, 0, 8;
    %cmp/u;
    %jmp/1 T_21.153, 6;
    %dup/vec4;
    %pushi/vec4 154, 0, 8;
    %cmp/u;
    %jmp/1 T_21.154, 6;
    %dup/vec4;
    %pushi/vec4 155, 0, 8;
    %cmp/u;
    %jmp/1 T_21.155, 6;
    %dup/vec4;
    %pushi/vec4 156, 0, 8;
    %cmp/u;
    %jmp/1 T_21.156, 6;
    %dup/vec4;
    %pushi/vec4 157, 0, 8;
    %cmp/u;
    %jmp/1 T_21.157, 6;
    %dup/vec4;
    %pushi/vec4 158, 0, 8;
    %cmp/u;
    %jmp/1 T_21.158, 6;
    %dup/vec4;
    %pushi/vec4 159, 0, 8;
    %cmp/u;
    %jmp/1 T_21.159, 6;
    %dup/vec4;
    %pushi/vec4 160, 0, 8;
    %cmp/u;
    %jmp/1 T_21.160, 6;
    %dup/vec4;
    %pushi/vec4 161, 0, 8;
    %cmp/u;
    %jmp/1 T_21.161, 6;
    %dup/vec4;
    %pushi/vec4 162, 0, 8;
    %cmp/u;
    %jmp/1 T_21.162, 6;
    %dup/vec4;
    %pushi/vec4 163, 0, 8;
    %cmp/u;
    %jmp/1 T_21.163, 6;
    %dup/vec4;
    %pushi/vec4 164, 0, 8;
    %cmp/u;
    %jmp/1 T_21.164, 6;
    %dup/vec4;
    %pushi/vec4 165, 0, 8;
    %cmp/u;
    %jmp/1 T_21.165, 6;
    %dup/vec4;
    %pushi/vec4 166, 0, 8;
    %cmp/u;
    %jmp/1 T_21.166, 6;
    %dup/vec4;
    %pushi/vec4 167, 0, 8;
    %cmp/u;
    %jmp/1 T_21.167, 6;
    %dup/vec4;
    %pushi/vec4 168, 0, 8;
    %cmp/u;
    %jmp/1 T_21.168, 6;
    %dup/vec4;
    %pushi/vec4 169, 0, 8;
    %cmp/u;
    %jmp/1 T_21.169, 6;
    %dup/vec4;
    %pushi/vec4 170, 0, 8;
    %cmp/u;
    %jmp/1 T_21.170, 6;
    %dup/vec4;
    %pushi/vec4 171, 0, 8;
    %cmp/u;
    %jmp/1 T_21.171, 6;
    %dup/vec4;
    %pushi/vec4 172, 0, 8;
    %cmp/u;
    %jmp/1 T_21.172, 6;
    %dup/vec4;
    %pushi/vec4 173, 0, 8;
    %cmp/u;
    %jmp/1 T_21.173, 6;
    %dup/vec4;
    %pushi/vec4 174, 0, 8;
    %cmp/u;
    %jmp/1 T_21.174, 6;
    %dup/vec4;
    %pushi/vec4 175, 0, 8;
    %cmp/u;
    %jmp/1 T_21.175, 6;
    %dup/vec4;
    %pushi/vec4 176, 0, 8;
    %cmp/u;
    %jmp/1 T_21.176, 6;
    %dup/vec4;
    %pushi/vec4 177, 0, 8;
    %cmp/u;
    %jmp/1 T_21.177, 6;
    %dup/vec4;
    %pushi/vec4 178, 0, 8;
    %cmp/u;
    %jmp/1 T_21.178, 6;
    %dup/vec4;
    %pushi/vec4 179, 0, 8;
    %cmp/u;
    %jmp/1 T_21.179, 6;
    %dup/vec4;
    %pushi/vec4 180, 0, 8;
    %cmp/u;
    %jmp/1 T_21.180, 6;
    %dup/vec4;
    %pushi/vec4 181, 0, 8;
    %cmp/u;
    %jmp/1 T_21.181, 6;
    %dup/vec4;
    %pushi/vec4 182, 0, 8;
    %cmp/u;
    %jmp/1 T_21.182, 6;
    %dup/vec4;
    %pushi/vec4 183, 0, 8;
    %cmp/u;
    %jmp/1 T_21.183, 6;
    %dup/vec4;
    %pushi/vec4 184, 0, 8;
    %cmp/u;
    %jmp/1 T_21.184, 6;
    %dup/vec4;
    %pushi/vec4 185, 0, 8;
    %cmp/u;
    %jmp/1 T_21.185, 6;
    %dup/vec4;
    %pushi/vec4 186, 0, 8;
    %cmp/u;
    %jmp/1 T_21.186, 6;
    %dup/vec4;
    %pushi/vec4 187, 0, 8;
    %cmp/u;
    %jmp/1 T_21.187, 6;
    %dup/vec4;
    %pushi/vec4 188, 0, 8;
    %cmp/u;
    %jmp/1 T_21.188, 6;
    %dup/vec4;
    %pushi/vec4 189, 0, 8;
    %cmp/u;
    %jmp/1 T_21.189, 6;
    %dup/vec4;
    %pushi/vec4 190, 0, 8;
    %cmp/u;
    %jmp/1 T_21.190, 6;
    %dup/vec4;
    %pushi/vec4 191, 0, 8;
    %cmp/u;
    %jmp/1 T_21.191, 6;
    %dup/vec4;
    %pushi/vec4 192, 0, 8;
    %cmp/u;
    %jmp/1 T_21.192, 6;
    %dup/vec4;
    %pushi/vec4 193, 0, 8;
    %cmp/u;
    %jmp/1 T_21.193, 6;
    %dup/vec4;
    %pushi/vec4 194, 0, 8;
    %cmp/u;
    %jmp/1 T_21.194, 6;
    %dup/vec4;
    %pushi/vec4 195, 0, 8;
    %cmp/u;
    %jmp/1 T_21.195, 6;
    %dup/vec4;
    %pushi/vec4 196, 0, 8;
    %cmp/u;
    %jmp/1 T_21.196, 6;
    %dup/vec4;
    %pushi/vec4 197, 0, 8;
    %cmp/u;
    %jmp/1 T_21.197, 6;
    %dup/vec4;
    %pushi/vec4 198, 0, 8;
    %cmp/u;
    %jmp/1 T_21.198, 6;
    %dup/vec4;
    %pushi/vec4 199, 0, 8;
    %cmp/u;
    %jmp/1 T_21.199, 6;
    %dup/vec4;
    %pushi/vec4 200, 0, 8;
    %cmp/u;
    %jmp/1 T_21.200, 6;
    %dup/vec4;
    %pushi/vec4 201, 0, 8;
    %cmp/u;
    %jmp/1 T_21.201, 6;
    %dup/vec4;
    %pushi/vec4 202, 0, 8;
    %cmp/u;
    %jmp/1 T_21.202, 6;
    %dup/vec4;
    %pushi/vec4 203, 0, 8;
    %cmp/u;
    %jmp/1 T_21.203, 6;
    %dup/vec4;
    %pushi/vec4 204, 0, 8;
    %cmp/u;
    %jmp/1 T_21.204, 6;
    %dup/vec4;
    %pushi/vec4 205, 0, 8;
    %cmp/u;
    %jmp/1 T_21.205, 6;
    %dup/vec4;
    %pushi/vec4 206, 0, 8;
    %cmp/u;
    %jmp/1 T_21.206, 6;
    %dup/vec4;
    %pushi/vec4 207, 0, 8;
    %cmp/u;
    %jmp/1 T_21.207, 6;
    %dup/vec4;
    %pushi/vec4 208, 0, 8;
    %cmp/u;
    %jmp/1 T_21.208, 6;
    %dup/vec4;
    %pushi/vec4 209, 0, 8;
    %cmp/u;
    %jmp/1 T_21.209, 6;
    %dup/vec4;
    %pushi/vec4 210, 0, 8;
    %cmp/u;
    %jmp/1 T_21.210, 6;
    %dup/vec4;
    %pushi/vec4 211, 0, 8;
    %cmp/u;
    %jmp/1 T_21.211, 6;
    %dup/vec4;
    %pushi/vec4 212, 0, 8;
    %cmp/u;
    %jmp/1 T_21.212, 6;
    %dup/vec4;
    %pushi/vec4 213, 0, 8;
    %cmp/u;
    %jmp/1 T_21.213, 6;
    %dup/vec4;
    %pushi/vec4 214, 0, 8;
    %cmp/u;
    %jmp/1 T_21.214, 6;
    %dup/vec4;
    %pushi/vec4 215, 0, 8;
    %cmp/u;
    %jmp/1 T_21.215, 6;
    %dup/vec4;
    %pushi/vec4 216, 0, 8;
    %cmp/u;
    %jmp/1 T_21.216, 6;
    %dup/vec4;
    %pushi/vec4 217, 0, 8;
    %cmp/u;
    %jmp/1 T_21.217, 6;
    %dup/vec4;
    %pushi/vec4 218, 0, 8;
    %cmp/u;
    %jmp/1 T_21.218, 6;
    %dup/vec4;
    %pushi/vec4 219, 0, 8;
    %cmp/u;
    %jmp/1 T_21.219, 6;
    %dup/vec4;
    %pushi/vec4 220, 0, 8;
    %cmp/u;
    %jmp/1 T_21.220, 6;
    %dup/vec4;
    %pushi/vec4 221, 0, 8;
    %cmp/u;
    %jmp/1 T_21.221, 6;
    %dup/vec4;
    %pushi/vec4 222, 0, 8;
    %cmp/u;
    %jmp/1 T_21.222, 6;
    %dup/vec4;
    %pushi/vec4 223, 0, 8;
    %cmp/u;
    %jmp/1 T_21.223, 6;
    %dup/vec4;
    %pushi/vec4 224, 0, 8;
    %cmp/u;
    %jmp/1 T_21.224, 6;
    %dup/vec4;
    %pushi/vec4 225, 0, 8;
    %cmp/u;
    %jmp/1 T_21.225, 6;
    %dup/vec4;
    %pushi/vec4 226, 0, 8;
    %cmp/u;
    %jmp/1 T_21.226, 6;
    %dup/vec4;
    %pushi/vec4 227, 0, 8;
    %cmp/u;
    %jmp/1 T_21.227, 6;
    %dup/vec4;
    %pushi/vec4 228, 0, 8;
    %cmp/u;
    %jmp/1 T_21.228, 6;
    %dup/vec4;
    %pushi/vec4 229, 0, 8;
    %cmp/u;
    %jmp/1 T_21.229, 6;
    %dup/vec4;
    %pushi/vec4 230, 0, 8;
    %cmp/u;
    %jmp/1 T_21.230, 6;
    %dup/vec4;
    %pushi/vec4 231, 0, 8;
    %cmp/u;
    %jmp/1 T_21.231, 6;
    %dup/vec4;
    %pushi/vec4 232, 0, 8;
    %cmp/u;
    %jmp/1 T_21.232, 6;
    %dup/vec4;
    %pushi/vec4 233, 0, 8;
    %cmp/u;
    %jmp/1 T_21.233, 6;
    %dup/vec4;
    %pushi/vec4 234, 0, 8;
    %cmp/u;
    %jmp/1 T_21.234, 6;
    %dup/vec4;
    %pushi/vec4 235, 0, 8;
    %cmp/u;
    %jmp/1 T_21.235, 6;
    %dup/vec4;
    %pushi/vec4 236, 0, 8;
    %cmp/u;
    %jmp/1 T_21.236, 6;
    %dup/vec4;
    %pushi/vec4 237, 0, 8;
    %cmp/u;
    %jmp/1 T_21.237, 6;
    %dup/vec4;
    %pushi/vec4 238, 0, 8;
    %cmp/u;
    %jmp/1 T_21.238, 6;
    %dup/vec4;
    %pushi/vec4 239, 0, 8;
    %cmp/u;
    %jmp/1 T_21.239, 6;
    %dup/vec4;
    %pushi/vec4 240, 0, 8;
    %cmp/u;
    %jmp/1 T_21.240, 6;
    %dup/vec4;
    %pushi/vec4 241, 0, 8;
    %cmp/u;
    %jmp/1 T_21.241, 6;
    %dup/vec4;
    %pushi/vec4 242, 0, 8;
    %cmp/u;
    %jmp/1 T_21.242, 6;
    %dup/vec4;
    %pushi/vec4 243, 0, 8;
    %cmp/u;
    %jmp/1 T_21.243, 6;
    %dup/vec4;
    %pushi/vec4 244, 0, 8;
    %cmp/u;
    %jmp/1 T_21.244, 6;
    %dup/vec4;
    %pushi/vec4 245, 0, 8;
    %cmp/u;
    %jmp/1 T_21.245, 6;
    %dup/vec4;
    %pushi/vec4 246, 0, 8;
    %cmp/u;
    %jmp/1 T_21.246, 6;
    %dup/vec4;
    %pushi/vec4 247, 0, 8;
    %cmp/u;
    %jmp/1 T_21.247, 6;
    %dup/vec4;
    %pushi/vec4 248, 0, 8;
    %cmp/u;
    %jmp/1 T_21.248, 6;
    %dup/vec4;
    %pushi/vec4 249, 0, 8;
    %cmp/u;
    %jmp/1 T_21.249, 6;
    %dup/vec4;
    %pushi/vec4 250, 0, 8;
    %cmp/u;
    %jmp/1 T_21.250, 6;
    %dup/vec4;
    %pushi/vec4 251, 0, 8;
    %cmp/u;
    %jmp/1 T_21.251, 6;
    %dup/vec4;
    %pushi/vec4 252, 0, 8;
    %cmp/u;
    %jmp/1 T_21.252, 6;
    %dup/vec4;
    %pushi/vec4 253, 0, 8;
    %cmp/u;
    %jmp/1 T_21.253, 6;
    %dup/vec4;
    %pushi/vec4 254, 0, 8;
    %cmp/u;
    %jmp/1 T_21.254, 6;
    %dup/vec4;
    %pushi/vec4 255, 0, 8;
    %cmp/u;
    %jmp/1 T_21.255, 6;
    %jmp T_21.256;
T_21.0 ;
    %pushi/vec4 99, 0, 8;
    %store/vec4 v00000174f7e8fac0_0, 0, 8;
    %jmp T_21.256;
T_21.1 ;
    %pushi/vec4 124, 0, 8;
    %store/vec4 v00000174f7e8fac0_0, 0, 8;
    %jmp T_21.256;
T_21.2 ;
    %pushi/vec4 119, 0, 8;
    %store/vec4 v00000174f7e8fac0_0, 0, 8;
    %jmp T_21.256;
T_21.3 ;
    %pushi/vec4 123, 0, 8;
    %store/vec4 v00000174f7e8fac0_0, 0, 8;
    %jmp T_21.256;
T_21.4 ;
    %pushi/vec4 242, 0, 8;
    %store/vec4 v00000174f7e8fac0_0, 0, 8;
    %jmp T_21.256;
T_21.5 ;
    %pushi/vec4 107, 0, 8;
    %store/vec4 v00000174f7e8fac0_0, 0, 8;
    %jmp T_21.256;
T_21.6 ;
    %pushi/vec4 111, 0, 8;
    %store/vec4 v00000174f7e8fac0_0, 0, 8;
    %jmp T_21.256;
T_21.7 ;
    %pushi/vec4 197, 0, 8;
    %store/vec4 v00000174f7e8fac0_0, 0, 8;
    %jmp T_21.256;
T_21.8 ;
    %pushi/vec4 48, 0, 8;
    %store/vec4 v00000174f7e8fac0_0, 0, 8;
    %jmp T_21.256;
T_21.9 ;
    %pushi/vec4 1, 0, 8;
    %store/vec4 v00000174f7e8fac0_0, 0, 8;
    %jmp T_21.256;
T_21.10 ;
    %pushi/vec4 103, 0, 8;
    %store/vec4 v00000174f7e8fac0_0, 0, 8;
    %jmp T_21.256;
T_21.11 ;
    %pushi/vec4 43, 0, 8;
    %store/vec4 v00000174f7e8fac0_0, 0, 8;
    %jmp T_21.256;
T_21.12 ;
    %pushi/vec4 254, 0, 8;
    %store/vec4 v00000174f7e8fac0_0, 0, 8;
    %jmp T_21.256;
T_21.13 ;
    %pushi/vec4 215, 0, 8;
    %store/vec4 v00000174f7e8fac0_0, 0, 8;
    %jmp T_21.256;
T_21.14 ;
    %pushi/vec4 171, 0, 8;
    %store/vec4 v00000174f7e8fac0_0, 0, 8;
    %jmp T_21.256;
T_21.15 ;
    %pushi/vec4 118, 0, 8;
    %store/vec4 v00000174f7e8fac0_0, 0, 8;
    %jmp T_21.256;
T_21.16 ;
    %pushi/vec4 202, 0, 8;
    %store/vec4 v00000174f7e8fac0_0, 0, 8;
    %jmp T_21.256;
T_21.17 ;
    %pushi/vec4 130, 0, 8;
    %store/vec4 v00000174f7e8fac0_0, 0, 8;
    %jmp T_21.256;
T_21.18 ;
    %pushi/vec4 201, 0, 8;
    %store/vec4 v00000174f7e8fac0_0, 0, 8;
    %jmp T_21.256;
T_21.19 ;
    %pushi/vec4 125, 0, 8;
    %store/vec4 v00000174f7e8fac0_0, 0, 8;
    %jmp T_21.256;
T_21.20 ;
    %pushi/vec4 250, 0, 8;
    %store/vec4 v00000174f7e8fac0_0, 0, 8;
    %jmp T_21.256;
T_21.21 ;
    %pushi/vec4 89, 0, 8;
    %store/vec4 v00000174f7e8fac0_0, 0, 8;
    %jmp T_21.256;
T_21.22 ;
    %pushi/vec4 71, 0, 8;
    %store/vec4 v00000174f7e8fac0_0, 0, 8;
    %jmp T_21.256;
T_21.23 ;
    %pushi/vec4 240, 0, 8;
    %store/vec4 v00000174f7e8fac0_0, 0, 8;
    %jmp T_21.256;
T_21.24 ;
    %pushi/vec4 173, 0, 8;
    %store/vec4 v00000174f7e8fac0_0, 0, 8;
    %jmp T_21.256;
T_21.25 ;
    %pushi/vec4 212, 0, 8;
    %store/vec4 v00000174f7e8fac0_0, 0, 8;
    %jmp T_21.256;
T_21.26 ;
    %pushi/vec4 162, 0, 8;
    %store/vec4 v00000174f7e8fac0_0, 0, 8;
    %jmp T_21.256;
T_21.27 ;
    %pushi/vec4 175, 0, 8;
    %store/vec4 v00000174f7e8fac0_0, 0, 8;
    %jmp T_21.256;
T_21.28 ;
    %pushi/vec4 156, 0, 8;
    %store/vec4 v00000174f7e8fac0_0, 0, 8;
    %jmp T_21.256;
T_21.29 ;
    %pushi/vec4 164, 0, 8;
    %store/vec4 v00000174f7e8fac0_0, 0, 8;
    %jmp T_21.256;
T_21.30 ;
    %pushi/vec4 114, 0, 8;
    %store/vec4 v00000174f7e8fac0_0, 0, 8;
    %jmp T_21.256;
T_21.31 ;
    %pushi/vec4 192, 0, 8;
    %store/vec4 v00000174f7e8fac0_0, 0, 8;
    %jmp T_21.256;
T_21.32 ;
    %pushi/vec4 183, 0, 8;
    %store/vec4 v00000174f7e8fac0_0, 0, 8;
    %jmp T_21.256;
T_21.33 ;
    %pushi/vec4 253, 0, 8;
    %store/vec4 v00000174f7e8fac0_0, 0, 8;
    %jmp T_21.256;
T_21.34 ;
    %pushi/vec4 147, 0, 8;
    %store/vec4 v00000174f7e8fac0_0, 0, 8;
    %jmp T_21.256;
T_21.35 ;
    %pushi/vec4 38, 0, 8;
    %store/vec4 v00000174f7e8fac0_0, 0, 8;
    %jmp T_21.256;
T_21.36 ;
    %pushi/vec4 54, 0, 8;
    %store/vec4 v00000174f7e8fac0_0, 0, 8;
    %jmp T_21.256;
T_21.37 ;
    %pushi/vec4 63, 0, 8;
    %store/vec4 v00000174f7e8fac0_0, 0, 8;
    %jmp T_21.256;
T_21.38 ;
    %pushi/vec4 247, 0, 8;
    %store/vec4 v00000174f7e8fac0_0, 0, 8;
    %jmp T_21.256;
T_21.39 ;
    %pushi/vec4 204, 0, 8;
    %store/vec4 v00000174f7e8fac0_0, 0, 8;
    %jmp T_21.256;
T_21.40 ;
    %pushi/vec4 52, 0, 8;
    %store/vec4 v00000174f7e8fac0_0, 0, 8;
    %jmp T_21.256;
T_21.41 ;
    %pushi/vec4 165, 0, 8;
    %store/vec4 v00000174f7e8fac0_0, 0, 8;
    %jmp T_21.256;
T_21.42 ;
    %pushi/vec4 229, 0, 8;
    %store/vec4 v00000174f7e8fac0_0, 0, 8;
    %jmp T_21.256;
T_21.43 ;
    %pushi/vec4 241, 0, 8;
    %store/vec4 v00000174f7e8fac0_0, 0, 8;
    %jmp T_21.256;
T_21.44 ;
    %pushi/vec4 113, 0, 8;
    %store/vec4 v00000174f7e8fac0_0, 0, 8;
    %jmp T_21.256;
T_21.45 ;
    %pushi/vec4 216, 0, 8;
    %store/vec4 v00000174f7e8fac0_0, 0, 8;
    %jmp T_21.256;
T_21.46 ;
    %pushi/vec4 49, 0, 8;
    %store/vec4 v00000174f7e8fac0_0, 0, 8;
    %jmp T_21.256;
T_21.47 ;
    %pushi/vec4 21, 0, 8;
    %store/vec4 v00000174f7e8fac0_0, 0, 8;
    %jmp T_21.256;
T_21.48 ;
    %pushi/vec4 4, 0, 8;
    %store/vec4 v00000174f7e8fac0_0, 0, 8;
    %jmp T_21.256;
T_21.49 ;
    %pushi/vec4 199, 0, 8;
    %store/vec4 v00000174f7e8fac0_0, 0, 8;
    %jmp T_21.256;
T_21.50 ;
    %pushi/vec4 35, 0, 8;
    %store/vec4 v00000174f7e8fac0_0, 0, 8;
    %jmp T_21.256;
T_21.51 ;
    %pushi/vec4 195, 0, 8;
    %store/vec4 v00000174f7e8fac0_0, 0, 8;
    %jmp T_21.256;
T_21.52 ;
    %pushi/vec4 24, 0, 8;
    %store/vec4 v00000174f7e8fac0_0, 0, 8;
    %jmp T_21.256;
T_21.53 ;
    %pushi/vec4 150, 0, 8;
    %store/vec4 v00000174f7e8fac0_0, 0, 8;
    %jmp T_21.256;
T_21.54 ;
    %pushi/vec4 5, 0, 8;
    %store/vec4 v00000174f7e8fac0_0, 0, 8;
    %jmp T_21.256;
T_21.55 ;
    %pushi/vec4 154, 0, 8;
    %store/vec4 v00000174f7e8fac0_0, 0, 8;
    %jmp T_21.256;
T_21.56 ;
    %pushi/vec4 7, 0, 8;
    %store/vec4 v00000174f7e8fac0_0, 0, 8;
    %jmp T_21.256;
T_21.57 ;
    %pushi/vec4 18, 0, 8;
    %store/vec4 v00000174f7e8fac0_0, 0, 8;
    %jmp T_21.256;
T_21.58 ;
    %pushi/vec4 128, 0, 8;
    %store/vec4 v00000174f7e8fac0_0, 0, 8;
    %jmp T_21.256;
T_21.59 ;
    %pushi/vec4 226, 0, 8;
    %store/vec4 v00000174f7e8fac0_0, 0, 8;
    %jmp T_21.256;
T_21.60 ;
    %pushi/vec4 235, 0, 8;
    %store/vec4 v00000174f7e8fac0_0, 0, 8;
    %jmp T_21.256;
T_21.61 ;
    %pushi/vec4 39, 0, 8;
    %store/vec4 v00000174f7e8fac0_0, 0, 8;
    %jmp T_21.256;
T_21.62 ;
    %pushi/vec4 178, 0, 8;
    %store/vec4 v00000174f7e8fac0_0, 0, 8;
    %jmp T_21.256;
T_21.63 ;
    %pushi/vec4 117, 0, 8;
    %store/vec4 v00000174f7e8fac0_0, 0, 8;
    %jmp T_21.256;
T_21.64 ;
    %pushi/vec4 9, 0, 8;
    %store/vec4 v00000174f7e8fac0_0, 0, 8;
    %jmp T_21.256;
T_21.65 ;
    %pushi/vec4 131, 0, 8;
    %store/vec4 v00000174f7e8fac0_0, 0, 8;
    %jmp T_21.256;
T_21.66 ;
    %pushi/vec4 44, 0, 8;
    %store/vec4 v00000174f7e8fac0_0, 0, 8;
    %jmp T_21.256;
T_21.67 ;
    %pushi/vec4 26, 0, 8;
    %store/vec4 v00000174f7e8fac0_0, 0, 8;
    %jmp T_21.256;
T_21.68 ;
    %pushi/vec4 27, 0, 8;
    %store/vec4 v00000174f7e8fac0_0, 0, 8;
    %jmp T_21.256;
T_21.69 ;
    %pushi/vec4 110, 0, 8;
    %store/vec4 v00000174f7e8fac0_0, 0, 8;
    %jmp T_21.256;
T_21.70 ;
    %pushi/vec4 90, 0, 8;
    %store/vec4 v00000174f7e8fac0_0, 0, 8;
    %jmp T_21.256;
T_21.71 ;
    %pushi/vec4 160, 0, 8;
    %store/vec4 v00000174f7e8fac0_0, 0, 8;
    %jmp T_21.256;
T_21.72 ;
    %pushi/vec4 82, 0, 8;
    %store/vec4 v00000174f7e8fac0_0, 0, 8;
    %jmp T_21.256;
T_21.73 ;
    %pushi/vec4 59, 0, 8;
    %store/vec4 v00000174f7e8fac0_0, 0, 8;
    %jmp T_21.256;
T_21.74 ;
    %pushi/vec4 214, 0, 8;
    %store/vec4 v00000174f7e8fac0_0, 0, 8;
    %jmp T_21.256;
T_21.75 ;
    %pushi/vec4 179, 0, 8;
    %store/vec4 v00000174f7e8fac0_0, 0, 8;
    %jmp T_21.256;
T_21.76 ;
    %pushi/vec4 41, 0, 8;
    %store/vec4 v00000174f7e8fac0_0, 0, 8;
    %jmp T_21.256;
T_21.77 ;
    %pushi/vec4 227, 0, 8;
    %store/vec4 v00000174f7e8fac0_0, 0, 8;
    %jmp T_21.256;
T_21.78 ;
    %pushi/vec4 47, 0, 8;
    %store/vec4 v00000174f7e8fac0_0, 0, 8;
    %jmp T_21.256;
T_21.79 ;
    %pushi/vec4 132, 0, 8;
    %store/vec4 v00000174f7e8fac0_0, 0, 8;
    %jmp T_21.256;
T_21.80 ;
    %pushi/vec4 83, 0, 8;
    %store/vec4 v00000174f7e8fac0_0, 0, 8;
    %jmp T_21.256;
T_21.81 ;
    %pushi/vec4 209, 0, 8;
    %store/vec4 v00000174f7e8fac0_0, 0, 8;
    %jmp T_21.256;
T_21.82 ;
    %pushi/vec4 0, 0, 8;
    %store/vec4 v00000174f7e8fac0_0, 0, 8;
    %jmp T_21.256;
T_21.83 ;
    %pushi/vec4 237, 0, 8;
    %store/vec4 v00000174f7e8fac0_0, 0, 8;
    %jmp T_21.256;
T_21.84 ;
    %pushi/vec4 32, 0, 8;
    %store/vec4 v00000174f7e8fac0_0, 0, 8;
    %jmp T_21.256;
T_21.85 ;
    %pushi/vec4 252, 0, 8;
    %store/vec4 v00000174f7e8fac0_0, 0, 8;
    %jmp T_21.256;
T_21.86 ;
    %pushi/vec4 177, 0, 8;
    %store/vec4 v00000174f7e8fac0_0, 0, 8;
    %jmp T_21.256;
T_21.87 ;
    %pushi/vec4 91, 0, 8;
    %store/vec4 v00000174f7e8fac0_0, 0, 8;
    %jmp T_21.256;
T_21.88 ;
    %pushi/vec4 106, 0, 8;
    %store/vec4 v00000174f7e8fac0_0, 0, 8;
    %jmp T_21.256;
T_21.89 ;
    %pushi/vec4 203, 0, 8;
    %store/vec4 v00000174f7e8fac0_0, 0, 8;
    %jmp T_21.256;
T_21.90 ;
    %pushi/vec4 190, 0, 8;
    %store/vec4 v00000174f7e8fac0_0, 0, 8;
    %jmp T_21.256;
T_21.91 ;
    %pushi/vec4 57, 0, 8;
    %store/vec4 v00000174f7e8fac0_0, 0, 8;
    %jmp T_21.256;
T_21.92 ;
    %pushi/vec4 74, 0, 8;
    %store/vec4 v00000174f7e8fac0_0, 0, 8;
    %jmp T_21.256;
T_21.93 ;
    %pushi/vec4 76, 0, 8;
    %store/vec4 v00000174f7e8fac0_0, 0, 8;
    %jmp T_21.256;
T_21.94 ;
    %pushi/vec4 88, 0, 8;
    %store/vec4 v00000174f7e8fac0_0, 0, 8;
    %jmp T_21.256;
T_21.95 ;
    %pushi/vec4 207, 0, 8;
    %store/vec4 v00000174f7e8fac0_0, 0, 8;
    %jmp T_21.256;
T_21.96 ;
    %pushi/vec4 208, 0, 8;
    %store/vec4 v00000174f7e8fac0_0, 0, 8;
    %jmp T_21.256;
T_21.97 ;
    %pushi/vec4 239, 0, 8;
    %store/vec4 v00000174f7e8fac0_0, 0, 8;
    %jmp T_21.256;
T_21.98 ;
    %pushi/vec4 170, 0, 8;
    %store/vec4 v00000174f7e8fac0_0, 0, 8;
    %jmp T_21.256;
T_21.99 ;
    %pushi/vec4 251, 0, 8;
    %store/vec4 v00000174f7e8fac0_0, 0, 8;
    %jmp T_21.256;
T_21.100 ;
    %pushi/vec4 67, 0, 8;
    %store/vec4 v00000174f7e8fac0_0, 0, 8;
    %jmp T_21.256;
T_21.101 ;
    %pushi/vec4 77, 0, 8;
    %store/vec4 v00000174f7e8fac0_0, 0, 8;
    %jmp T_21.256;
T_21.102 ;
    %pushi/vec4 51, 0, 8;
    %store/vec4 v00000174f7e8fac0_0, 0, 8;
    %jmp T_21.256;
T_21.103 ;
    %pushi/vec4 133, 0, 8;
    %store/vec4 v00000174f7e8fac0_0, 0, 8;
    %jmp T_21.256;
T_21.104 ;
    %pushi/vec4 69, 0, 8;
    %store/vec4 v00000174f7e8fac0_0, 0, 8;
    %jmp T_21.256;
T_21.105 ;
    %pushi/vec4 249, 0, 8;
    %store/vec4 v00000174f7e8fac0_0, 0, 8;
    %jmp T_21.256;
T_21.106 ;
    %pushi/vec4 2, 0, 8;
    %store/vec4 v00000174f7e8fac0_0, 0, 8;
    %jmp T_21.256;
T_21.107 ;
    %pushi/vec4 127, 0, 8;
    %store/vec4 v00000174f7e8fac0_0, 0, 8;
    %jmp T_21.256;
T_21.108 ;
    %pushi/vec4 80, 0, 8;
    %store/vec4 v00000174f7e8fac0_0, 0, 8;
    %jmp T_21.256;
T_21.109 ;
    %pushi/vec4 60, 0, 8;
    %store/vec4 v00000174f7e8fac0_0, 0, 8;
    %jmp T_21.256;
T_21.110 ;
    %pushi/vec4 159, 0, 8;
    %store/vec4 v00000174f7e8fac0_0, 0, 8;
    %jmp T_21.256;
T_21.111 ;
    %pushi/vec4 168, 0, 8;
    %store/vec4 v00000174f7e8fac0_0, 0, 8;
    %jmp T_21.256;
T_21.112 ;
    %pushi/vec4 81, 0, 8;
    %store/vec4 v00000174f7e8fac0_0, 0, 8;
    %jmp T_21.256;
T_21.113 ;
    %pushi/vec4 163, 0, 8;
    %store/vec4 v00000174f7e8fac0_0, 0, 8;
    %jmp T_21.256;
T_21.114 ;
    %pushi/vec4 64, 0, 8;
    %store/vec4 v00000174f7e8fac0_0, 0, 8;
    %jmp T_21.256;
T_21.115 ;
    %pushi/vec4 143, 0, 8;
    %store/vec4 v00000174f7e8fac0_0, 0, 8;
    %jmp T_21.256;
T_21.116 ;
    %pushi/vec4 146, 0, 8;
    %store/vec4 v00000174f7e8fac0_0, 0, 8;
    %jmp T_21.256;
T_21.117 ;
    %pushi/vec4 157, 0, 8;
    %store/vec4 v00000174f7e8fac0_0, 0, 8;
    %jmp T_21.256;
T_21.118 ;
    %pushi/vec4 56, 0, 8;
    %store/vec4 v00000174f7e8fac0_0, 0, 8;
    %jmp T_21.256;
T_21.119 ;
    %pushi/vec4 245, 0, 8;
    %store/vec4 v00000174f7e8fac0_0, 0, 8;
    %jmp T_21.256;
T_21.120 ;
    %pushi/vec4 188, 0, 8;
    %store/vec4 v00000174f7e8fac0_0, 0, 8;
    %jmp T_21.256;
T_21.121 ;
    %pushi/vec4 182, 0, 8;
    %store/vec4 v00000174f7e8fac0_0, 0, 8;
    %jmp T_21.256;
T_21.122 ;
    %pushi/vec4 218, 0, 8;
    %store/vec4 v00000174f7e8fac0_0, 0, 8;
    %jmp T_21.256;
T_21.123 ;
    %pushi/vec4 33, 0, 8;
    %store/vec4 v00000174f7e8fac0_0, 0, 8;
    %jmp T_21.256;
T_21.124 ;
    %pushi/vec4 16, 0, 8;
    %store/vec4 v00000174f7e8fac0_0, 0, 8;
    %jmp T_21.256;
T_21.125 ;
    %pushi/vec4 255, 0, 8;
    %store/vec4 v00000174f7e8fac0_0, 0, 8;
    %jmp T_21.256;
T_21.126 ;
    %pushi/vec4 243, 0, 8;
    %store/vec4 v00000174f7e8fac0_0, 0, 8;
    %jmp T_21.256;
T_21.127 ;
    %pushi/vec4 210, 0, 8;
    %store/vec4 v00000174f7e8fac0_0, 0, 8;
    %jmp T_21.256;
T_21.128 ;
    %pushi/vec4 205, 0, 8;
    %store/vec4 v00000174f7e8fac0_0, 0, 8;
    %jmp T_21.256;
T_21.129 ;
    %pushi/vec4 12, 0, 8;
    %store/vec4 v00000174f7e8fac0_0, 0, 8;
    %jmp T_21.256;
T_21.130 ;
    %pushi/vec4 19, 0, 8;
    %store/vec4 v00000174f7e8fac0_0, 0, 8;
    %jmp T_21.256;
T_21.131 ;
    %pushi/vec4 236, 0, 8;
    %store/vec4 v00000174f7e8fac0_0, 0, 8;
    %jmp T_21.256;
T_21.132 ;
    %pushi/vec4 95, 0, 8;
    %store/vec4 v00000174f7e8fac0_0, 0, 8;
    %jmp T_21.256;
T_21.133 ;
    %pushi/vec4 151, 0, 8;
    %store/vec4 v00000174f7e8fac0_0, 0, 8;
    %jmp T_21.256;
T_21.134 ;
    %pushi/vec4 68, 0, 8;
    %store/vec4 v00000174f7e8fac0_0, 0, 8;
    %jmp T_21.256;
T_21.135 ;
    %pushi/vec4 23, 0, 8;
    %store/vec4 v00000174f7e8fac0_0, 0, 8;
    %jmp T_21.256;
T_21.136 ;
    %pushi/vec4 196, 0, 8;
    %store/vec4 v00000174f7e8fac0_0, 0, 8;
    %jmp T_21.256;
T_21.137 ;
    %pushi/vec4 167, 0, 8;
    %store/vec4 v00000174f7e8fac0_0, 0, 8;
    %jmp T_21.256;
T_21.138 ;
    %pushi/vec4 126, 0, 8;
    %store/vec4 v00000174f7e8fac0_0, 0, 8;
    %jmp T_21.256;
T_21.139 ;
    %pushi/vec4 61, 0, 8;
    %store/vec4 v00000174f7e8fac0_0, 0, 8;
    %jmp T_21.256;
T_21.140 ;
    %pushi/vec4 100, 0, 8;
    %store/vec4 v00000174f7e8fac0_0, 0, 8;
    %jmp T_21.256;
T_21.141 ;
    %pushi/vec4 93, 0, 8;
    %store/vec4 v00000174f7e8fac0_0, 0, 8;
    %jmp T_21.256;
T_21.142 ;
    %pushi/vec4 25, 0, 8;
    %store/vec4 v00000174f7e8fac0_0, 0, 8;
    %jmp T_21.256;
T_21.143 ;
    %pushi/vec4 115, 0, 8;
    %store/vec4 v00000174f7e8fac0_0, 0, 8;
    %jmp T_21.256;
T_21.144 ;
    %pushi/vec4 96, 0, 8;
    %store/vec4 v00000174f7e8fac0_0, 0, 8;
    %jmp T_21.256;
T_21.145 ;
    %pushi/vec4 129, 0, 8;
    %store/vec4 v00000174f7e8fac0_0, 0, 8;
    %jmp T_21.256;
T_21.146 ;
    %pushi/vec4 79, 0, 8;
    %store/vec4 v00000174f7e8fac0_0, 0, 8;
    %jmp T_21.256;
T_21.147 ;
    %pushi/vec4 220, 0, 8;
    %store/vec4 v00000174f7e8fac0_0, 0, 8;
    %jmp T_21.256;
T_21.148 ;
    %pushi/vec4 34, 0, 8;
    %store/vec4 v00000174f7e8fac0_0, 0, 8;
    %jmp T_21.256;
T_21.149 ;
    %pushi/vec4 42, 0, 8;
    %store/vec4 v00000174f7e8fac0_0, 0, 8;
    %jmp T_21.256;
T_21.150 ;
    %pushi/vec4 144, 0, 8;
    %store/vec4 v00000174f7e8fac0_0, 0, 8;
    %jmp T_21.256;
T_21.151 ;
    %pushi/vec4 136, 0, 8;
    %store/vec4 v00000174f7e8fac0_0, 0, 8;
    %jmp T_21.256;
T_21.152 ;
    %pushi/vec4 70, 0, 8;
    %store/vec4 v00000174f7e8fac0_0, 0, 8;
    %jmp T_21.256;
T_21.153 ;
    %pushi/vec4 238, 0, 8;
    %store/vec4 v00000174f7e8fac0_0, 0, 8;
    %jmp T_21.256;
T_21.154 ;
    %pushi/vec4 184, 0, 8;
    %store/vec4 v00000174f7e8fac0_0, 0, 8;
    %jmp T_21.256;
T_21.155 ;
    %pushi/vec4 20, 0, 8;
    %store/vec4 v00000174f7e8fac0_0, 0, 8;
    %jmp T_21.256;
T_21.156 ;
    %pushi/vec4 222, 0, 8;
    %store/vec4 v00000174f7e8fac0_0, 0, 8;
    %jmp T_21.256;
T_21.157 ;
    %pushi/vec4 94, 0, 8;
    %store/vec4 v00000174f7e8fac0_0, 0, 8;
    %jmp T_21.256;
T_21.158 ;
    %pushi/vec4 11, 0, 8;
    %store/vec4 v00000174f7e8fac0_0, 0, 8;
    %jmp T_21.256;
T_21.159 ;
    %pushi/vec4 219, 0, 8;
    %store/vec4 v00000174f7e8fac0_0, 0, 8;
    %jmp T_21.256;
T_21.160 ;
    %pushi/vec4 224, 0, 8;
    %store/vec4 v00000174f7e8fac0_0, 0, 8;
    %jmp T_21.256;
T_21.161 ;
    %pushi/vec4 50, 0, 8;
    %store/vec4 v00000174f7e8fac0_0, 0, 8;
    %jmp T_21.256;
T_21.162 ;
    %pushi/vec4 58, 0, 8;
    %store/vec4 v00000174f7e8fac0_0, 0, 8;
    %jmp T_21.256;
T_21.163 ;
    %pushi/vec4 10, 0, 8;
    %store/vec4 v00000174f7e8fac0_0, 0, 8;
    %jmp T_21.256;
T_21.164 ;
    %pushi/vec4 73, 0, 8;
    %store/vec4 v00000174f7e8fac0_0, 0, 8;
    %jmp T_21.256;
T_21.165 ;
    %pushi/vec4 6, 0, 8;
    %store/vec4 v00000174f7e8fac0_0, 0, 8;
    %jmp T_21.256;
T_21.166 ;
    %pushi/vec4 36, 0, 8;
    %store/vec4 v00000174f7e8fac0_0, 0, 8;
    %jmp T_21.256;
T_21.167 ;
    %pushi/vec4 92, 0, 8;
    %store/vec4 v00000174f7e8fac0_0, 0, 8;
    %jmp T_21.256;
T_21.168 ;
    %pushi/vec4 194, 0, 8;
    %store/vec4 v00000174f7e8fac0_0, 0, 8;
    %jmp T_21.256;
T_21.169 ;
    %pushi/vec4 211, 0, 8;
    %store/vec4 v00000174f7e8fac0_0, 0, 8;
    %jmp T_21.256;
T_21.170 ;
    %pushi/vec4 172, 0, 8;
    %store/vec4 v00000174f7e8fac0_0, 0, 8;
    %jmp T_21.256;
T_21.171 ;
    %pushi/vec4 98, 0, 8;
    %store/vec4 v00000174f7e8fac0_0, 0, 8;
    %jmp T_21.256;
T_21.172 ;
    %pushi/vec4 145, 0, 8;
    %store/vec4 v00000174f7e8fac0_0, 0, 8;
    %jmp T_21.256;
T_21.173 ;
    %pushi/vec4 149, 0, 8;
    %store/vec4 v00000174f7e8fac0_0, 0, 8;
    %jmp T_21.256;
T_21.174 ;
    %pushi/vec4 228, 0, 8;
    %store/vec4 v00000174f7e8fac0_0, 0, 8;
    %jmp T_21.256;
T_21.175 ;
    %pushi/vec4 121, 0, 8;
    %store/vec4 v00000174f7e8fac0_0, 0, 8;
    %jmp T_21.256;
T_21.176 ;
    %pushi/vec4 231, 0, 8;
    %store/vec4 v00000174f7e8fac0_0, 0, 8;
    %jmp T_21.256;
T_21.177 ;
    %pushi/vec4 200, 0, 8;
    %store/vec4 v00000174f7e8fac0_0, 0, 8;
    %jmp T_21.256;
T_21.178 ;
    %pushi/vec4 55, 0, 8;
    %store/vec4 v00000174f7e8fac0_0, 0, 8;
    %jmp T_21.256;
T_21.179 ;
    %pushi/vec4 109, 0, 8;
    %store/vec4 v00000174f7e8fac0_0, 0, 8;
    %jmp T_21.256;
T_21.180 ;
    %pushi/vec4 141, 0, 8;
    %store/vec4 v00000174f7e8fac0_0, 0, 8;
    %jmp T_21.256;
T_21.181 ;
    %pushi/vec4 213, 0, 8;
    %store/vec4 v00000174f7e8fac0_0, 0, 8;
    %jmp T_21.256;
T_21.182 ;
    %pushi/vec4 78, 0, 8;
    %store/vec4 v00000174f7e8fac0_0, 0, 8;
    %jmp T_21.256;
T_21.183 ;
    %pushi/vec4 169, 0, 8;
    %store/vec4 v00000174f7e8fac0_0, 0, 8;
    %jmp T_21.256;
T_21.184 ;
    %pushi/vec4 108, 0, 8;
    %store/vec4 v00000174f7e8fac0_0, 0, 8;
    %jmp T_21.256;
T_21.185 ;
    %pushi/vec4 86, 0, 8;
    %store/vec4 v00000174f7e8fac0_0, 0, 8;
    %jmp T_21.256;
T_21.186 ;
    %pushi/vec4 244, 0, 8;
    %store/vec4 v00000174f7e8fac0_0, 0, 8;
    %jmp T_21.256;
T_21.187 ;
    %pushi/vec4 234, 0, 8;
    %store/vec4 v00000174f7e8fac0_0, 0, 8;
    %jmp T_21.256;
T_21.188 ;
    %pushi/vec4 101, 0, 8;
    %store/vec4 v00000174f7e8fac0_0, 0, 8;
    %jmp T_21.256;
T_21.189 ;
    %pushi/vec4 122, 0, 8;
    %store/vec4 v00000174f7e8fac0_0, 0, 8;
    %jmp T_21.256;
T_21.190 ;
    %pushi/vec4 174, 0, 8;
    %store/vec4 v00000174f7e8fac0_0, 0, 8;
    %jmp T_21.256;
T_21.191 ;
    %pushi/vec4 8, 0, 8;
    %store/vec4 v00000174f7e8fac0_0, 0, 8;
    %jmp T_21.256;
T_21.192 ;
    %pushi/vec4 186, 0, 8;
    %store/vec4 v00000174f7e8fac0_0, 0, 8;
    %jmp T_21.256;
T_21.193 ;
    %pushi/vec4 120, 0, 8;
    %store/vec4 v00000174f7e8fac0_0, 0, 8;
    %jmp T_21.256;
T_21.194 ;
    %pushi/vec4 37, 0, 8;
    %store/vec4 v00000174f7e8fac0_0, 0, 8;
    %jmp T_21.256;
T_21.195 ;
    %pushi/vec4 46, 0, 8;
    %store/vec4 v00000174f7e8fac0_0, 0, 8;
    %jmp T_21.256;
T_21.196 ;
    %pushi/vec4 28, 0, 8;
    %store/vec4 v00000174f7e8fac0_0, 0, 8;
    %jmp T_21.256;
T_21.197 ;
    %pushi/vec4 166, 0, 8;
    %store/vec4 v00000174f7e8fac0_0, 0, 8;
    %jmp T_21.256;
T_21.198 ;
    %pushi/vec4 180, 0, 8;
    %store/vec4 v00000174f7e8fac0_0, 0, 8;
    %jmp T_21.256;
T_21.199 ;
    %pushi/vec4 198, 0, 8;
    %store/vec4 v00000174f7e8fac0_0, 0, 8;
    %jmp T_21.256;
T_21.200 ;
    %pushi/vec4 232, 0, 8;
    %store/vec4 v00000174f7e8fac0_0, 0, 8;
    %jmp T_21.256;
T_21.201 ;
    %pushi/vec4 221, 0, 8;
    %store/vec4 v00000174f7e8fac0_0, 0, 8;
    %jmp T_21.256;
T_21.202 ;
    %pushi/vec4 116, 0, 8;
    %store/vec4 v00000174f7e8fac0_0, 0, 8;
    %jmp T_21.256;
T_21.203 ;
    %pushi/vec4 31, 0, 8;
    %store/vec4 v00000174f7e8fac0_0, 0, 8;
    %jmp T_21.256;
T_21.204 ;
    %pushi/vec4 75, 0, 8;
    %store/vec4 v00000174f7e8fac0_0, 0, 8;
    %jmp T_21.256;
T_21.205 ;
    %pushi/vec4 189, 0, 8;
    %store/vec4 v00000174f7e8fac0_0, 0, 8;
    %jmp T_21.256;
T_21.206 ;
    %pushi/vec4 139, 0, 8;
    %store/vec4 v00000174f7e8fac0_0, 0, 8;
    %jmp T_21.256;
T_21.207 ;
    %pushi/vec4 138, 0, 8;
    %store/vec4 v00000174f7e8fac0_0, 0, 8;
    %jmp T_21.256;
T_21.208 ;
    %pushi/vec4 112, 0, 8;
    %store/vec4 v00000174f7e8fac0_0, 0, 8;
    %jmp T_21.256;
T_21.209 ;
    %pushi/vec4 62, 0, 8;
    %store/vec4 v00000174f7e8fac0_0, 0, 8;
    %jmp T_21.256;
T_21.210 ;
    %pushi/vec4 181, 0, 8;
    %store/vec4 v00000174f7e8fac0_0, 0, 8;
    %jmp T_21.256;
T_21.211 ;
    %pushi/vec4 102, 0, 8;
    %store/vec4 v00000174f7e8fac0_0, 0, 8;
    %jmp T_21.256;
T_21.212 ;
    %pushi/vec4 72, 0, 8;
    %store/vec4 v00000174f7e8fac0_0, 0, 8;
    %jmp T_21.256;
T_21.213 ;
    %pushi/vec4 3, 0, 8;
    %store/vec4 v00000174f7e8fac0_0, 0, 8;
    %jmp T_21.256;
T_21.214 ;
    %pushi/vec4 246, 0, 8;
    %store/vec4 v00000174f7e8fac0_0, 0, 8;
    %jmp T_21.256;
T_21.215 ;
    %pushi/vec4 14, 0, 8;
    %store/vec4 v00000174f7e8fac0_0, 0, 8;
    %jmp T_21.256;
T_21.216 ;
    %pushi/vec4 97, 0, 8;
    %store/vec4 v00000174f7e8fac0_0, 0, 8;
    %jmp T_21.256;
T_21.217 ;
    %pushi/vec4 53, 0, 8;
    %store/vec4 v00000174f7e8fac0_0, 0, 8;
    %jmp T_21.256;
T_21.218 ;
    %pushi/vec4 87, 0, 8;
    %store/vec4 v00000174f7e8fac0_0, 0, 8;
    %jmp T_21.256;
T_21.219 ;
    %pushi/vec4 185, 0, 8;
    %store/vec4 v00000174f7e8fac0_0, 0, 8;
    %jmp T_21.256;
T_21.220 ;
    %pushi/vec4 134, 0, 8;
    %store/vec4 v00000174f7e8fac0_0, 0, 8;
    %jmp T_21.256;
T_21.221 ;
    %pushi/vec4 193, 0, 8;
    %store/vec4 v00000174f7e8fac0_0, 0, 8;
    %jmp T_21.256;
T_21.222 ;
    %pushi/vec4 29, 0, 8;
    %store/vec4 v00000174f7e8fac0_0, 0, 8;
    %jmp T_21.256;
T_21.223 ;
    %pushi/vec4 158, 0, 8;
    %store/vec4 v00000174f7e8fac0_0, 0, 8;
    %jmp T_21.256;
T_21.224 ;
    %pushi/vec4 225, 0, 8;
    %store/vec4 v00000174f7e8fac0_0, 0, 8;
    %jmp T_21.256;
T_21.225 ;
    %pushi/vec4 248, 0, 8;
    %store/vec4 v00000174f7e8fac0_0, 0, 8;
    %jmp T_21.256;
T_21.226 ;
    %pushi/vec4 152, 0, 8;
    %store/vec4 v00000174f7e8fac0_0, 0, 8;
    %jmp T_21.256;
T_21.227 ;
    %pushi/vec4 17, 0, 8;
    %store/vec4 v00000174f7e8fac0_0, 0, 8;
    %jmp T_21.256;
T_21.228 ;
    %pushi/vec4 105, 0, 8;
    %store/vec4 v00000174f7e8fac0_0, 0, 8;
    %jmp T_21.256;
T_21.229 ;
    %pushi/vec4 217, 0, 8;
    %store/vec4 v00000174f7e8fac0_0, 0, 8;
    %jmp T_21.256;
T_21.230 ;
    %pushi/vec4 142, 0, 8;
    %store/vec4 v00000174f7e8fac0_0, 0, 8;
    %jmp T_21.256;
T_21.231 ;
    %pushi/vec4 148, 0, 8;
    %store/vec4 v00000174f7e8fac0_0, 0, 8;
    %jmp T_21.256;
T_21.232 ;
    %pushi/vec4 155, 0, 8;
    %store/vec4 v00000174f7e8fac0_0, 0, 8;
    %jmp T_21.256;
T_21.233 ;
    %pushi/vec4 30, 0, 8;
    %store/vec4 v00000174f7e8fac0_0, 0, 8;
    %jmp T_21.256;
T_21.234 ;
    %pushi/vec4 135, 0, 8;
    %store/vec4 v00000174f7e8fac0_0, 0, 8;
    %jmp T_21.256;
T_21.235 ;
    %pushi/vec4 233, 0, 8;
    %store/vec4 v00000174f7e8fac0_0, 0, 8;
    %jmp T_21.256;
T_21.236 ;
    %pushi/vec4 206, 0, 8;
    %store/vec4 v00000174f7e8fac0_0, 0, 8;
    %jmp T_21.256;
T_21.237 ;
    %pushi/vec4 85, 0, 8;
    %store/vec4 v00000174f7e8fac0_0, 0, 8;
    %jmp T_21.256;
T_21.238 ;
    %pushi/vec4 40, 0, 8;
    %store/vec4 v00000174f7e8fac0_0, 0, 8;
    %jmp T_21.256;
T_21.239 ;
    %pushi/vec4 223, 0, 8;
    %store/vec4 v00000174f7e8fac0_0, 0, 8;
    %jmp T_21.256;
T_21.240 ;
    %pushi/vec4 140, 0, 8;
    %store/vec4 v00000174f7e8fac0_0, 0, 8;
    %jmp T_21.256;
T_21.241 ;
    %pushi/vec4 161, 0, 8;
    %store/vec4 v00000174f7e8fac0_0, 0, 8;
    %jmp T_21.256;
T_21.242 ;
    %pushi/vec4 137, 0, 8;
    %store/vec4 v00000174f7e8fac0_0, 0, 8;
    %jmp T_21.256;
T_21.243 ;
    %pushi/vec4 13, 0, 8;
    %store/vec4 v00000174f7e8fac0_0, 0, 8;
    %jmp T_21.256;
T_21.244 ;
    %pushi/vec4 191, 0, 8;
    %store/vec4 v00000174f7e8fac0_0, 0, 8;
    %jmp T_21.256;
T_21.245 ;
    %pushi/vec4 230, 0, 8;
    %store/vec4 v00000174f7e8fac0_0, 0, 8;
    %jmp T_21.256;
T_21.246 ;
    %pushi/vec4 66, 0, 8;
    %store/vec4 v00000174f7e8fac0_0, 0, 8;
    %jmp T_21.256;
T_21.247 ;
    %pushi/vec4 104, 0, 8;
    %store/vec4 v00000174f7e8fac0_0, 0, 8;
    %jmp T_21.256;
T_21.248 ;
    %pushi/vec4 65, 0, 8;
    %store/vec4 v00000174f7e8fac0_0, 0, 8;
    %jmp T_21.256;
T_21.249 ;
    %pushi/vec4 153, 0, 8;
    %store/vec4 v00000174f7e8fac0_0, 0, 8;
    %jmp T_21.256;
T_21.250 ;
    %pushi/vec4 45, 0, 8;
    %store/vec4 v00000174f7e8fac0_0, 0, 8;
    %jmp T_21.256;
T_21.251 ;
    %pushi/vec4 15, 0, 8;
    %store/vec4 v00000174f7e8fac0_0, 0, 8;
    %jmp T_21.256;
T_21.252 ;
    %pushi/vec4 176, 0, 8;
    %store/vec4 v00000174f7e8fac0_0, 0, 8;
    %jmp T_21.256;
T_21.253 ;
    %pushi/vec4 84, 0, 8;
    %store/vec4 v00000174f7e8fac0_0, 0, 8;
    %jmp T_21.256;
T_21.254 ;
    %pushi/vec4 187, 0, 8;
    %store/vec4 v00000174f7e8fac0_0, 0, 8;
    %jmp T_21.256;
T_21.255 ;
    %pushi/vec4 22, 0, 8;
    %store/vec4 v00000174f7e8fac0_0, 0, 8;
    %jmp T_21.256;
T_21.256 ;
    %pop/vec4 1;
    %jmp T_21;
    .thread T_21, $push;
    .scope S_00000174f7e92ed0;
T_22 ;
    %wait E_00000174f7e05e90;
    %load/vec4 v00000174f7e8fb60_0;
    %dup/vec4;
    %pushi/vec4 0, 0, 8;
    %cmp/u;
    %jmp/1 T_22.0, 6;
    %dup/vec4;
    %pushi/vec4 1, 0, 8;
    %cmp/u;
    %jmp/1 T_22.1, 6;
    %dup/vec4;
    %pushi/vec4 2, 0, 8;
    %cmp/u;
    %jmp/1 T_22.2, 6;
    %dup/vec4;
    %pushi/vec4 3, 0, 8;
    %cmp/u;
    %jmp/1 T_22.3, 6;
    %dup/vec4;
    %pushi/vec4 4, 0, 8;
    %cmp/u;
    %jmp/1 T_22.4, 6;
    %dup/vec4;
    %pushi/vec4 5, 0, 8;
    %cmp/u;
    %jmp/1 T_22.5, 6;
    %dup/vec4;
    %pushi/vec4 6, 0, 8;
    %cmp/u;
    %jmp/1 T_22.6, 6;
    %dup/vec4;
    %pushi/vec4 7, 0, 8;
    %cmp/u;
    %jmp/1 T_22.7, 6;
    %dup/vec4;
    %pushi/vec4 8, 0, 8;
    %cmp/u;
    %jmp/1 T_22.8, 6;
    %dup/vec4;
    %pushi/vec4 9, 0, 8;
    %cmp/u;
    %jmp/1 T_22.9, 6;
    %dup/vec4;
    %pushi/vec4 10, 0, 8;
    %cmp/u;
    %jmp/1 T_22.10, 6;
    %dup/vec4;
    %pushi/vec4 11, 0, 8;
    %cmp/u;
    %jmp/1 T_22.11, 6;
    %dup/vec4;
    %pushi/vec4 12, 0, 8;
    %cmp/u;
    %jmp/1 T_22.12, 6;
    %dup/vec4;
    %pushi/vec4 13, 0, 8;
    %cmp/u;
    %jmp/1 T_22.13, 6;
    %dup/vec4;
    %pushi/vec4 14, 0, 8;
    %cmp/u;
    %jmp/1 T_22.14, 6;
    %dup/vec4;
    %pushi/vec4 15, 0, 8;
    %cmp/u;
    %jmp/1 T_22.15, 6;
    %dup/vec4;
    %pushi/vec4 16, 0, 8;
    %cmp/u;
    %jmp/1 T_22.16, 6;
    %dup/vec4;
    %pushi/vec4 17, 0, 8;
    %cmp/u;
    %jmp/1 T_22.17, 6;
    %dup/vec4;
    %pushi/vec4 18, 0, 8;
    %cmp/u;
    %jmp/1 T_22.18, 6;
    %dup/vec4;
    %pushi/vec4 19, 0, 8;
    %cmp/u;
    %jmp/1 T_22.19, 6;
    %dup/vec4;
    %pushi/vec4 20, 0, 8;
    %cmp/u;
    %jmp/1 T_22.20, 6;
    %dup/vec4;
    %pushi/vec4 21, 0, 8;
    %cmp/u;
    %jmp/1 T_22.21, 6;
    %dup/vec4;
    %pushi/vec4 22, 0, 8;
    %cmp/u;
    %jmp/1 T_22.22, 6;
    %dup/vec4;
    %pushi/vec4 23, 0, 8;
    %cmp/u;
    %jmp/1 T_22.23, 6;
    %dup/vec4;
    %pushi/vec4 24, 0, 8;
    %cmp/u;
    %jmp/1 T_22.24, 6;
    %dup/vec4;
    %pushi/vec4 25, 0, 8;
    %cmp/u;
    %jmp/1 T_22.25, 6;
    %dup/vec4;
    %pushi/vec4 26, 0, 8;
    %cmp/u;
    %jmp/1 T_22.26, 6;
    %dup/vec4;
    %pushi/vec4 27, 0, 8;
    %cmp/u;
    %jmp/1 T_22.27, 6;
    %dup/vec4;
    %pushi/vec4 28, 0, 8;
    %cmp/u;
    %jmp/1 T_22.28, 6;
    %dup/vec4;
    %pushi/vec4 29, 0, 8;
    %cmp/u;
    %jmp/1 T_22.29, 6;
    %dup/vec4;
    %pushi/vec4 30, 0, 8;
    %cmp/u;
    %jmp/1 T_22.30, 6;
    %dup/vec4;
    %pushi/vec4 31, 0, 8;
    %cmp/u;
    %jmp/1 T_22.31, 6;
    %dup/vec4;
    %pushi/vec4 32, 0, 8;
    %cmp/u;
    %jmp/1 T_22.32, 6;
    %dup/vec4;
    %pushi/vec4 33, 0, 8;
    %cmp/u;
    %jmp/1 T_22.33, 6;
    %dup/vec4;
    %pushi/vec4 34, 0, 8;
    %cmp/u;
    %jmp/1 T_22.34, 6;
    %dup/vec4;
    %pushi/vec4 35, 0, 8;
    %cmp/u;
    %jmp/1 T_22.35, 6;
    %dup/vec4;
    %pushi/vec4 36, 0, 8;
    %cmp/u;
    %jmp/1 T_22.36, 6;
    %dup/vec4;
    %pushi/vec4 37, 0, 8;
    %cmp/u;
    %jmp/1 T_22.37, 6;
    %dup/vec4;
    %pushi/vec4 38, 0, 8;
    %cmp/u;
    %jmp/1 T_22.38, 6;
    %dup/vec4;
    %pushi/vec4 39, 0, 8;
    %cmp/u;
    %jmp/1 T_22.39, 6;
    %dup/vec4;
    %pushi/vec4 40, 0, 8;
    %cmp/u;
    %jmp/1 T_22.40, 6;
    %dup/vec4;
    %pushi/vec4 41, 0, 8;
    %cmp/u;
    %jmp/1 T_22.41, 6;
    %dup/vec4;
    %pushi/vec4 42, 0, 8;
    %cmp/u;
    %jmp/1 T_22.42, 6;
    %dup/vec4;
    %pushi/vec4 43, 0, 8;
    %cmp/u;
    %jmp/1 T_22.43, 6;
    %dup/vec4;
    %pushi/vec4 44, 0, 8;
    %cmp/u;
    %jmp/1 T_22.44, 6;
    %dup/vec4;
    %pushi/vec4 45, 0, 8;
    %cmp/u;
    %jmp/1 T_22.45, 6;
    %dup/vec4;
    %pushi/vec4 46, 0, 8;
    %cmp/u;
    %jmp/1 T_22.46, 6;
    %dup/vec4;
    %pushi/vec4 47, 0, 8;
    %cmp/u;
    %jmp/1 T_22.47, 6;
    %dup/vec4;
    %pushi/vec4 48, 0, 8;
    %cmp/u;
    %jmp/1 T_22.48, 6;
    %dup/vec4;
    %pushi/vec4 49, 0, 8;
    %cmp/u;
    %jmp/1 T_22.49, 6;
    %dup/vec4;
    %pushi/vec4 50, 0, 8;
    %cmp/u;
    %jmp/1 T_22.50, 6;
    %dup/vec4;
    %pushi/vec4 51, 0, 8;
    %cmp/u;
    %jmp/1 T_22.51, 6;
    %dup/vec4;
    %pushi/vec4 52, 0, 8;
    %cmp/u;
    %jmp/1 T_22.52, 6;
    %dup/vec4;
    %pushi/vec4 53, 0, 8;
    %cmp/u;
    %jmp/1 T_22.53, 6;
    %dup/vec4;
    %pushi/vec4 54, 0, 8;
    %cmp/u;
    %jmp/1 T_22.54, 6;
    %dup/vec4;
    %pushi/vec4 55, 0, 8;
    %cmp/u;
    %jmp/1 T_22.55, 6;
    %dup/vec4;
    %pushi/vec4 56, 0, 8;
    %cmp/u;
    %jmp/1 T_22.56, 6;
    %dup/vec4;
    %pushi/vec4 57, 0, 8;
    %cmp/u;
    %jmp/1 T_22.57, 6;
    %dup/vec4;
    %pushi/vec4 58, 0, 8;
    %cmp/u;
    %jmp/1 T_22.58, 6;
    %dup/vec4;
    %pushi/vec4 59, 0, 8;
    %cmp/u;
    %jmp/1 T_22.59, 6;
    %dup/vec4;
    %pushi/vec4 60, 0, 8;
    %cmp/u;
    %jmp/1 T_22.60, 6;
    %dup/vec4;
    %pushi/vec4 61, 0, 8;
    %cmp/u;
    %jmp/1 T_22.61, 6;
    %dup/vec4;
    %pushi/vec4 62, 0, 8;
    %cmp/u;
    %jmp/1 T_22.62, 6;
    %dup/vec4;
    %pushi/vec4 63, 0, 8;
    %cmp/u;
    %jmp/1 T_22.63, 6;
    %dup/vec4;
    %pushi/vec4 64, 0, 8;
    %cmp/u;
    %jmp/1 T_22.64, 6;
    %dup/vec4;
    %pushi/vec4 65, 0, 8;
    %cmp/u;
    %jmp/1 T_22.65, 6;
    %dup/vec4;
    %pushi/vec4 66, 0, 8;
    %cmp/u;
    %jmp/1 T_22.66, 6;
    %dup/vec4;
    %pushi/vec4 67, 0, 8;
    %cmp/u;
    %jmp/1 T_22.67, 6;
    %dup/vec4;
    %pushi/vec4 68, 0, 8;
    %cmp/u;
    %jmp/1 T_22.68, 6;
    %dup/vec4;
    %pushi/vec4 69, 0, 8;
    %cmp/u;
    %jmp/1 T_22.69, 6;
    %dup/vec4;
    %pushi/vec4 70, 0, 8;
    %cmp/u;
    %jmp/1 T_22.70, 6;
    %dup/vec4;
    %pushi/vec4 71, 0, 8;
    %cmp/u;
    %jmp/1 T_22.71, 6;
    %dup/vec4;
    %pushi/vec4 72, 0, 8;
    %cmp/u;
    %jmp/1 T_22.72, 6;
    %dup/vec4;
    %pushi/vec4 73, 0, 8;
    %cmp/u;
    %jmp/1 T_22.73, 6;
    %dup/vec4;
    %pushi/vec4 74, 0, 8;
    %cmp/u;
    %jmp/1 T_22.74, 6;
    %dup/vec4;
    %pushi/vec4 75, 0, 8;
    %cmp/u;
    %jmp/1 T_22.75, 6;
    %dup/vec4;
    %pushi/vec4 76, 0, 8;
    %cmp/u;
    %jmp/1 T_22.76, 6;
    %dup/vec4;
    %pushi/vec4 77, 0, 8;
    %cmp/u;
    %jmp/1 T_22.77, 6;
    %dup/vec4;
    %pushi/vec4 78, 0, 8;
    %cmp/u;
    %jmp/1 T_22.78, 6;
    %dup/vec4;
    %pushi/vec4 79, 0, 8;
    %cmp/u;
    %jmp/1 T_22.79, 6;
    %dup/vec4;
    %pushi/vec4 80, 0, 8;
    %cmp/u;
    %jmp/1 T_22.80, 6;
    %dup/vec4;
    %pushi/vec4 81, 0, 8;
    %cmp/u;
    %jmp/1 T_22.81, 6;
    %dup/vec4;
    %pushi/vec4 82, 0, 8;
    %cmp/u;
    %jmp/1 T_22.82, 6;
    %dup/vec4;
    %pushi/vec4 83, 0, 8;
    %cmp/u;
    %jmp/1 T_22.83, 6;
    %dup/vec4;
    %pushi/vec4 84, 0, 8;
    %cmp/u;
    %jmp/1 T_22.84, 6;
    %dup/vec4;
    %pushi/vec4 85, 0, 8;
    %cmp/u;
    %jmp/1 T_22.85, 6;
    %dup/vec4;
    %pushi/vec4 86, 0, 8;
    %cmp/u;
    %jmp/1 T_22.86, 6;
    %dup/vec4;
    %pushi/vec4 87, 0, 8;
    %cmp/u;
    %jmp/1 T_22.87, 6;
    %dup/vec4;
    %pushi/vec4 88, 0, 8;
    %cmp/u;
    %jmp/1 T_22.88, 6;
    %dup/vec4;
    %pushi/vec4 89, 0, 8;
    %cmp/u;
    %jmp/1 T_22.89, 6;
    %dup/vec4;
    %pushi/vec4 90, 0, 8;
    %cmp/u;
    %jmp/1 T_22.90, 6;
    %dup/vec4;
    %pushi/vec4 91, 0, 8;
    %cmp/u;
    %jmp/1 T_22.91, 6;
    %dup/vec4;
    %pushi/vec4 92, 0, 8;
    %cmp/u;
    %jmp/1 T_22.92, 6;
    %dup/vec4;
    %pushi/vec4 93, 0, 8;
    %cmp/u;
    %jmp/1 T_22.93, 6;
    %dup/vec4;
    %pushi/vec4 94, 0, 8;
    %cmp/u;
    %jmp/1 T_22.94, 6;
    %dup/vec4;
    %pushi/vec4 95, 0, 8;
    %cmp/u;
    %jmp/1 T_22.95, 6;
    %dup/vec4;
    %pushi/vec4 96, 0, 8;
    %cmp/u;
    %jmp/1 T_22.96, 6;
    %dup/vec4;
    %pushi/vec4 97, 0, 8;
    %cmp/u;
    %jmp/1 T_22.97, 6;
    %dup/vec4;
    %pushi/vec4 98, 0, 8;
    %cmp/u;
    %jmp/1 T_22.98, 6;
    %dup/vec4;
    %pushi/vec4 99, 0, 8;
    %cmp/u;
    %jmp/1 T_22.99, 6;
    %dup/vec4;
    %pushi/vec4 100, 0, 8;
    %cmp/u;
    %jmp/1 T_22.100, 6;
    %dup/vec4;
    %pushi/vec4 101, 0, 8;
    %cmp/u;
    %jmp/1 T_22.101, 6;
    %dup/vec4;
    %pushi/vec4 102, 0, 8;
    %cmp/u;
    %jmp/1 T_22.102, 6;
    %dup/vec4;
    %pushi/vec4 103, 0, 8;
    %cmp/u;
    %jmp/1 T_22.103, 6;
    %dup/vec4;
    %pushi/vec4 104, 0, 8;
    %cmp/u;
    %jmp/1 T_22.104, 6;
    %dup/vec4;
    %pushi/vec4 105, 0, 8;
    %cmp/u;
    %jmp/1 T_22.105, 6;
    %dup/vec4;
    %pushi/vec4 106, 0, 8;
    %cmp/u;
    %jmp/1 T_22.106, 6;
    %dup/vec4;
    %pushi/vec4 107, 0, 8;
    %cmp/u;
    %jmp/1 T_22.107, 6;
    %dup/vec4;
    %pushi/vec4 108, 0, 8;
    %cmp/u;
    %jmp/1 T_22.108, 6;
    %dup/vec4;
    %pushi/vec4 109, 0, 8;
    %cmp/u;
    %jmp/1 T_22.109, 6;
    %dup/vec4;
    %pushi/vec4 110, 0, 8;
    %cmp/u;
    %jmp/1 T_22.110, 6;
    %dup/vec4;
    %pushi/vec4 111, 0, 8;
    %cmp/u;
    %jmp/1 T_22.111, 6;
    %dup/vec4;
    %pushi/vec4 112, 0, 8;
    %cmp/u;
    %jmp/1 T_22.112, 6;
    %dup/vec4;
    %pushi/vec4 113, 0, 8;
    %cmp/u;
    %jmp/1 T_22.113, 6;
    %dup/vec4;
    %pushi/vec4 114, 0, 8;
    %cmp/u;
    %jmp/1 T_22.114, 6;
    %dup/vec4;
    %pushi/vec4 115, 0, 8;
    %cmp/u;
    %jmp/1 T_22.115, 6;
    %dup/vec4;
    %pushi/vec4 116, 0, 8;
    %cmp/u;
    %jmp/1 T_22.116, 6;
    %dup/vec4;
    %pushi/vec4 117, 0, 8;
    %cmp/u;
    %jmp/1 T_22.117, 6;
    %dup/vec4;
    %pushi/vec4 118, 0, 8;
    %cmp/u;
    %jmp/1 T_22.118, 6;
    %dup/vec4;
    %pushi/vec4 119, 0, 8;
    %cmp/u;
    %jmp/1 T_22.119, 6;
    %dup/vec4;
    %pushi/vec4 120, 0, 8;
    %cmp/u;
    %jmp/1 T_22.120, 6;
    %dup/vec4;
    %pushi/vec4 121, 0, 8;
    %cmp/u;
    %jmp/1 T_22.121, 6;
    %dup/vec4;
    %pushi/vec4 122, 0, 8;
    %cmp/u;
    %jmp/1 T_22.122, 6;
    %dup/vec4;
    %pushi/vec4 123, 0, 8;
    %cmp/u;
    %jmp/1 T_22.123, 6;
    %dup/vec4;
    %pushi/vec4 124, 0, 8;
    %cmp/u;
    %jmp/1 T_22.124, 6;
    %dup/vec4;
    %pushi/vec4 125, 0, 8;
    %cmp/u;
    %jmp/1 T_22.125, 6;
    %dup/vec4;
    %pushi/vec4 126, 0, 8;
    %cmp/u;
    %jmp/1 T_22.126, 6;
    %dup/vec4;
    %pushi/vec4 127, 0, 8;
    %cmp/u;
    %jmp/1 T_22.127, 6;
    %dup/vec4;
    %pushi/vec4 128, 0, 8;
    %cmp/u;
    %jmp/1 T_22.128, 6;
    %dup/vec4;
    %pushi/vec4 129, 0, 8;
    %cmp/u;
    %jmp/1 T_22.129, 6;
    %dup/vec4;
    %pushi/vec4 130, 0, 8;
    %cmp/u;
    %jmp/1 T_22.130, 6;
    %dup/vec4;
    %pushi/vec4 131, 0, 8;
    %cmp/u;
    %jmp/1 T_22.131, 6;
    %dup/vec4;
    %pushi/vec4 132, 0, 8;
    %cmp/u;
    %jmp/1 T_22.132, 6;
    %dup/vec4;
    %pushi/vec4 133, 0, 8;
    %cmp/u;
    %jmp/1 T_22.133, 6;
    %dup/vec4;
    %pushi/vec4 134, 0, 8;
    %cmp/u;
    %jmp/1 T_22.134, 6;
    %dup/vec4;
    %pushi/vec4 135, 0, 8;
    %cmp/u;
    %jmp/1 T_22.135, 6;
    %dup/vec4;
    %pushi/vec4 136, 0, 8;
    %cmp/u;
    %jmp/1 T_22.136, 6;
    %dup/vec4;
    %pushi/vec4 137, 0, 8;
    %cmp/u;
    %jmp/1 T_22.137, 6;
    %dup/vec4;
    %pushi/vec4 138, 0, 8;
    %cmp/u;
    %jmp/1 T_22.138, 6;
    %dup/vec4;
    %pushi/vec4 139, 0, 8;
    %cmp/u;
    %jmp/1 T_22.139, 6;
    %dup/vec4;
    %pushi/vec4 140, 0, 8;
    %cmp/u;
    %jmp/1 T_22.140, 6;
    %dup/vec4;
    %pushi/vec4 141, 0, 8;
    %cmp/u;
    %jmp/1 T_22.141, 6;
    %dup/vec4;
    %pushi/vec4 142, 0, 8;
    %cmp/u;
    %jmp/1 T_22.142, 6;
    %dup/vec4;
    %pushi/vec4 143, 0, 8;
    %cmp/u;
    %jmp/1 T_22.143, 6;
    %dup/vec4;
    %pushi/vec4 144, 0, 8;
    %cmp/u;
    %jmp/1 T_22.144, 6;
    %dup/vec4;
    %pushi/vec4 145, 0, 8;
    %cmp/u;
    %jmp/1 T_22.145, 6;
    %dup/vec4;
    %pushi/vec4 146, 0, 8;
    %cmp/u;
    %jmp/1 T_22.146, 6;
    %dup/vec4;
    %pushi/vec4 147, 0, 8;
    %cmp/u;
    %jmp/1 T_22.147, 6;
    %dup/vec4;
    %pushi/vec4 148, 0, 8;
    %cmp/u;
    %jmp/1 T_22.148, 6;
    %dup/vec4;
    %pushi/vec4 149, 0, 8;
    %cmp/u;
    %jmp/1 T_22.149, 6;
    %dup/vec4;
    %pushi/vec4 150, 0, 8;
    %cmp/u;
    %jmp/1 T_22.150, 6;
    %dup/vec4;
    %pushi/vec4 151, 0, 8;
    %cmp/u;
    %jmp/1 T_22.151, 6;
    %dup/vec4;
    %pushi/vec4 152, 0, 8;
    %cmp/u;
    %jmp/1 T_22.152, 6;
    %dup/vec4;
    %pushi/vec4 153, 0, 8;
    %cmp/u;
    %jmp/1 T_22.153, 6;
    %dup/vec4;
    %pushi/vec4 154, 0, 8;
    %cmp/u;
    %jmp/1 T_22.154, 6;
    %dup/vec4;
    %pushi/vec4 155, 0, 8;
    %cmp/u;
    %jmp/1 T_22.155, 6;
    %dup/vec4;
    %pushi/vec4 156, 0, 8;
    %cmp/u;
    %jmp/1 T_22.156, 6;
    %dup/vec4;
    %pushi/vec4 157, 0, 8;
    %cmp/u;
    %jmp/1 T_22.157, 6;
    %dup/vec4;
    %pushi/vec4 158, 0, 8;
    %cmp/u;
    %jmp/1 T_22.158, 6;
    %dup/vec4;
    %pushi/vec4 159, 0, 8;
    %cmp/u;
    %jmp/1 T_22.159, 6;
    %dup/vec4;
    %pushi/vec4 160, 0, 8;
    %cmp/u;
    %jmp/1 T_22.160, 6;
    %dup/vec4;
    %pushi/vec4 161, 0, 8;
    %cmp/u;
    %jmp/1 T_22.161, 6;
    %dup/vec4;
    %pushi/vec4 162, 0, 8;
    %cmp/u;
    %jmp/1 T_22.162, 6;
    %dup/vec4;
    %pushi/vec4 163, 0, 8;
    %cmp/u;
    %jmp/1 T_22.163, 6;
    %dup/vec4;
    %pushi/vec4 164, 0, 8;
    %cmp/u;
    %jmp/1 T_22.164, 6;
    %dup/vec4;
    %pushi/vec4 165, 0, 8;
    %cmp/u;
    %jmp/1 T_22.165, 6;
    %dup/vec4;
    %pushi/vec4 166, 0, 8;
    %cmp/u;
    %jmp/1 T_22.166, 6;
    %dup/vec4;
    %pushi/vec4 167, 0, 8;
    %cmp/u;
    %jmp/1 T_22.167, 6;
    %dup/vec4;
    %pushi/vec4 168, 0, 8;
    %cmp/u;
    %jmp/1 T_22.168, 6;
    %dup/vec4;
    %pushi/vec4 169, 0, 8;
    %cmp/u;
    %jmp/1 T_22.169, 6;
    %dup/vec4;
    %pushi/vec4 170, 0, 8;
    %cmp/u;
    %jmp/1 T_22.170, 6;
    %dup/vec4;
    %pushi/vec4 171, 0, 8;
    %cmp/u;
    %jmp/1 T_22.171, 6;
    %dup/vec4;
    %pushi/vec4 172, 0, 8;
    %cmp/u;
    %jmp/1 T_22.172, 6;
    %dup/vec4;
    %pushi/vec4 173, 0, 8;
    %cmp/u;
    %jmp/1 T_22.173, 6;
    %dup/vec4;
    %pushi/vec4 174, 0, 8;
    %cmp/u;
    %jmp/1 T_22.174, 6;
    %dup/vec4;
    %pushi/vec4 175, 0, 8;
    %cmp/u;
    %jmp/1 T_22.175, 6;
    %dup/vec4;
    %pushi/vec4 176, 0, 8;
    %cmp/u;
    %jmp/1 T_22.176, 6;
    %dup/vec4;
    %pushi/vec4 177, 0, 8;
    %cmp/u;
    %jmp/1 T_22.177, 6;
    %dup/vec4;
    %pushi/vec4 178, 0, 8;
    %cmp/u;
    %jmp/1 T_22.178, 6;
    %dup/vec4;
    %pushi/vec4 179, 0, 8;
    %cmp/u;
    %jmp/1 T_22.179, 6;
    %dup/vec4;
    %pushi/vec4 180, 0, 8;
    %cmp/u;
    %jmp/1 T_22.180, 6;
    %dup/vec4;
    %pushi/vec4 181, 0, 8;
    %cmp/u;
    %jmp/1 T_22.181, 6;
    %dup/vec4;
    %pushi/vec4 182, 0, 8;
    %cmp/u;
    %jmp/1 T_22.182, 6;
    %dup/vec4;
    %pushi/vec4 183, 0, 8;
    %cmp/u;
    %jmp/1 T_22.183, 6;
    %dup/vec4;
    %pushi/vec4 184, 0, 8;
    %cmp/u;
    %jmp/1 T_22.184, 6;
    %dup/vec4;
    %pushi/vec4 185, 0, 8;
    %cmp/u;
    %jmp/1 T_22.185, 6;
    %dup/vec4;
    %pushi/vec4 186, 0, 8;
    %cmp/u;
    %jmp/1 T_22.186, 6;
    %dup/vec4;
    %pushi/vec4 187, 0, 8;
    %cmp/u;
    %jmp/1 T_22.187, 6;
    %dup/vec4;
    %pushi/vec4 188, 0, 8;
    %cmp/u;
    %jmp/1 T_22.188, 6;
    %dup/vec4;
    %pushi/vec4 189, 0, 8;
    %cmp/u;
    %jmp/1 T_22.189, 6;
    %dup/vec4;
    %pushi/vec4 190, 0, 8;
    %cmp/u;
    %jmp/1 T_22.190, 6;
    %dup/vec4;
    %pushi/vec4 191, 0, 8;
    %cmp/u;
    %jmp/1 T_22.191, 6;
    %dup/vec4;
    %pushi/vec4 192, 0, 8;
    %cmp/u;
    %jmp/1 T_22.192, 6;
    %dup/vec4;
    %pushi/vec4 193, 0, 8;
    %cmp/u;
    %jmp/1 T_22.193, 6;
    %dup/vec4;
    %pushi/vec4 194, 0, 8;
    %cmp/u;
    %jmp/1 T_22.194, 6;
    %dup/vec4;
    %pushi/vec4 195, 0, 8;
    %cmp/u;
    %jmp/1 T_22.195, 6;
    %dup/vec4;
    %pushi/vec4 196, 0, 8;
    %cmp/u;
    %jmp/1 T_22.196, 6;
    %dup/vec4;
    %pushi/vec4 197, 0, 8;
    %cmp/u;
    %jmp/1 T_22.197, 6;
    %dup/vec4;
    %pushi/vec4 198, 0, 8;
    %cmp/u;
    %jmp/1 T_22.198, 6;
    %dup/vec4;
    %pushi/vec4 199, 0, 8;
    %cmp/u;
    %jmp/1 T_22.199, 6;
    %dup/vec4;
    %pushi/vec4 200, 0, 8;
    %cmp/u;
    %jmp/1 T_22.200, 6;
    %dup/vec4;
    %pushi/vec4 201, 0, 8;
    %cmp/u;
    %jmp/1 T_22.201, 6;
    %dup/vec4;
    %pushi/vec4 202, 0, 8;
    %cmp/u;
    %jmp/1 T_22.202, 6;
    %dup/vec4;
    %pushi/vec4 203, 0, 8;
    %cmp/u;
    %jmp/1 T_22.203, 6;
    %dup/vec4;
    %pushi/vec4 204, 0, 8;
    %cmp/u;
    %jmp/1 T_22.204, 6;
    %dup/vec4;
    %pushi/vec4 205, 0, 8;
    %cmp/u;
    %jmp/1 T_22.205, 6;
    %dup/vec4;
    %pushi/vec4 206, 0, 8;
    %cmp/u;
    %jmp/1 T_22.206, 6;
    %dup/vec4;
    %pushi/vec4 207, 0, 8;
    %cmp/u;
    %jmp/1 T_22.207, 6;
    %dup/vec4;
    %pushi/vec4 208, 0, 8;
    %cmp/u;
    %jmp/1 T_22.208, 6;
    %dup/vec4;
    %pushi/vec4 209, 0, 8;
    %cmp/u;
    %jmp/1 T_22.209, 6;
    %dup/vec4;
    %pushi/vec4 210, 0, 8;
    %cmp/u;
    %jmp/1 T_22.210, 6;
    %dup/vec4;
    %pushi/vec4 211, 0, 8;
    %cmp/u;
    %jmp/1 T_22.211, 6;
    %dup/vec4;
    %pushi/vec4 212, 0, 8;
    %cmp/u;
    %jmp/1 T_22.212, 6;
    %dup/vec4;
    %pushi/vec4 213, 0, 8;
    %cmp/u;
    %jmp/1 T_22.213, 6;
    %dup/vec4;
    %pushi/vec4 214, 0, 8;
    %cmp/u;
    %jmp/1 T_22.214, 6;
    %dup/vec4;
    %pushi/vec4 215, 0, 8;
    %cmp/u;
    %jmp/1 T_22.215, 6;
    %dup/vec4;
    %pushi/vec4 216, 0, 8;
    %cmp/u;
    %jmp/1 T_22.216, 6;
    %dup/vec4;
    %pushi/vec4 217, 0, 8;
    %cmp/u;
    %jmp/1 T_22.217, 6;
    %dup/vec4;
    %pushi/vec4 218, 0, 8;
    %cmp/u;
    %jmp/1 T_22.218, 6;
    %dup/vec4;
    %pushi/vec4 219, 0, 8;
    %cmp/u;
    %jmp/1 T_22.219, 6;
    %dup/vec4;
    %pushi/vec4 220, 0, 8;
    %cmp/u;
    %jmp/1 T_22.220, 6;
    %dup/vec4;
    %pushi/vec4 221, 0, 8;
    %cmp/u;
    %jmp/1 T_22.221, 6;
    %dup/vec4;
    %pushi/vec4 222, 0, 8;
    %cmp/u;
    %jmp/1 T_22.222, 6;
    %dup/vec4;
    %pushi/vec4 223, 0, 8;
    %cmp/u;
    %jmp/1 T_22.223, 6;
    %dup/vec4;
    %pushi/vec4 224, 0, 8;
    %cmp/u;
    %jmp/1 T_22.224, 6;
    %dup/vec4;
    %pushi/vec4 225, 0, 8;
    %cmp/u;
    %jmp/1 T_22.225, 6;
    %dup/vec4;
    %pushi/vec4 226, 0, 8;
    %cmp/u;
    %jmp/1 T_22.226, 6;
    %dup/vec4;
    %pushi/vec4 227, 0, 8;
    %cmp/u;
    %jmp/1 T_22.227, 6;
    %dup/vec4;
    %pushi/vec4 228, 0, 8;
    %cmp/u;
    %jmp/1 T_22.228, 6;
    %dup/vec4;
    %pushi/vec4 229, 0, 8;
    %cmp/u;
    %jmp/1 T_22.229, 6;
    %dup/vec4;
    %pushi/vec4 230, 0, 8;
    %cmp/u;
    %jmp/1 T_22.230, 6;
    %dup/vec4;
    %pushi/vec4 231, 0, 8;
    %cmp/u;
    %jmp/1 T_22.231, 6;
    %dup/vec4;
    %pushi/vec4 232, 0, 8;
    %cmp/u;
    %jmp/1 T_22.232, 6;
    %dup/vec4;
    %pushi/vec4 233, 0, 8;
    %cmp/u;
    %jmp/1 T_22.233, 6;
    %dup/vec4;
    %pushi/vec4 234, 0, 8;
    %cmp/u;
    %jmp/1 T_22.234, 6;
    %dup/vec4;
    %pushi/vec4 235, 0, 8;
    %cmp/u;
    %jmp/1 T_22.235, 6;
    %dup/vec4;
    %pushi/vec4 236, 0, 8;
    %cmp/u;
    %jmp/1 T_22.236, 6;
    %dup/vec4;
    %pushi/vec4 237, 0, 8;
    %cmp/u;
    %jmp/1 T_22.237, 6;
    %dup/vec4;
    %pushi/vec4 238, 0, 8;
    %cmp/u;
    %jmp/1 T_22.238, 6;
    %dup/vec4;
    %pushi/vec4 239, 0, 8;
    %cmp/u;
    %jmp/1 T_22.239, 6;
    %dup/vec4;
    %pushi/vec4 240, 0, 8;
    %cmp/u;
    %jmp/1 T_22.240, 6;
    %dup/vec4;
    %pushi/vec4 241, 0, 8;
    %cmp/u;
    %jmp/1 T_22.241, 6;
    %dup/vec4;
    %pushi/vec4 242, 0, 8;
    %cmp/u;
    %jmp/1 T_22.242, 6;
    %dup/vec4;
    %pushi/vec4 243, 0, 8;
    %cmp/u;
    %jmp/1 T_22.243, 6;
    %dup/vec4;
    %pushi/vec4 244, 0, 8;
    %cmp/u;
    %jmp/1 T_22.244, 6;
    %dup/vec4;
    %pushi/vec4 245, 0, 8;
    %cmp/u;
    %jmp/1 T_22.245, 6;
    %dup/vec4;
    %pushi/vec4 246, 0, 8;
    %cmp/u;
    %jmp/1 T_22.246, 6;
    %dup/vec4;
    %pushi/vec4 247, 0, 8;
    %cmp/u;
    %jmp/1 T_22.247, 6;
    %dup/vec4;
    %pushi/vec4 248, 0, 8;
    %cmp/u;
    %jmp/1 T_22.248, 6;
    %dup/vec4;
    %pushi/vec4 249, 0, 8;
    %cmp/u;
    %jmp/1 T_22.249, 6;
    %dup/vec4;
    %pushi/vec4 250, 0, 8;
    %cmp/u;
    %jmp/1 T_22.250, 6;
    %dup/vec4;
    %pushi/vec4 251, 0, 8;
    %cmp/u;
    %jmp/1 T_22.251, 6;
    %dup/vec4;
    %pushi/vec4 252, 0, 8;
    %cmp/u;
    %jmp/1 T_22.252, 6;
    %dup/vec4;
    %pushi/vec4 253, 0, 8;
    %cmp/u;
    %jmp/1 T_22.253, 6;
    %dup/vec4;
    %pushi/vec4 254, 0, 8;
    %cmp/u;
    %jmp/1 T_22.254, 6;
    %dup/vec4;
    %pushi/vec4 255, 0, 8;
    %cmp/u;
    %jmp/1 T_22.255, 6;
    %jmp T_22.256;
T_22.0 ;
    %pushi/vec4 99, 0, 8;
    %store/vec4 v00000174f7e8fc00_0, 0, 8;
    %jmp T_22.256;
T_22.1 ;
    %pushi/vec4 124, 0, 8;
    %store/vec4 v00000174f7e8fc00_0, 0, 8;
    %jmp T_22.256;
T_22.2 ;
    %pushi/vec4 119, 0, 8;
    %store/vec4 v00000174f7e8fc00_0, 0, 8;
    %jmp T_22.256;
T_22.3 ;
    %pushi/vec4 123, 0, 8;
    %store/vec4 v00000174f7e8fc00_0, 0, 8;
    %jmp T_22.256;
T_22.4 ;
    %pushi/vec4 242, 0, 8;
    %store/vec4 v00000174f7e8fc00_0, 0, 8;
    %jmp T_22.256;
T_22.5 ;
    %pushi/vec4 107, 0, 8;
    %store/vec4 v00000174f7e8fc00_0, 0, 8;
    %jmp T_22.256;
T_22.6 ;
    %pushi/vec4 111, 0, 8;
    %store/vec4 v00000174f7e8fc00_0, 0, 8;
    %jmp T_22.256;
T_22.7 ;
    %pushi/vec4 197, 0, 8;
    %store/vec4 v00000174f7e8fc00_0, 0, 8;
    %jmp T_22.256;
T_22.8 ;
    %pushi/vec4 48, 0, 8;
    %store/vec4 v00000174f7e8fc00_0, 0, 8;
    %jmp T_22.256;
T_22.9 ;
    %pushi/vec4 1, 0, 8;
    %store/vec4 v00000174f7e8fc00_0, 0, 8;
    %jmp T_22.256;
T_22.10 ;
    %pushi/vec4 103, 0, 8;
    %store/vec4 v00000174f7e8fc00_0, 0, 8;
    %jmp T_22.256;
T_22.11 ;
    %pushi/vec4 43, 0, 8;
    %store/vec4 v00000174f7e8fc00_0, 0, 8;
    %jmp T_22.256;
T_22.12 ;
    %pushi/vec4 254, 0, 8;
    %store/vec4 v00000174f7e8fc00_0, 0, 8;
    %jmp T_22.256;
T_22.13 ;
    %pushi/vec4 215, 0, 8;
    %store/vec4 v00000174f7e8fc00_0, 0, 8;
    %jmp T_22.256;
T_22.14 ;
    %pushi/vec4 171, 0, 8;
    %store/vec4 v00000174f7e8fc00_0, 0, 8;
    %jmp T_22.256;
T_22.15 ;
    %pushi/vec4 118, 0, 8;
    %store/vec4 v00000174f7e8fc00_0, 0, 8;
    %jmp T_22.256;
T_22.16 ;
    %pushi/vec4 202, 0, 8;
    %store/vec4 v00000174f7e8fc00_0, 0, 8;
    %jmp T_22.256;
T_22.17 ;
    %pushi/vec4 130, 0, 8;
    %store/vec4 v00000174f7e8fc00_0, 0, 8;
    %jmp T_22.256;
T_22.18 ;
    %pushi/vec4 201, 0, 8;
    %store/vec4 v00000174f7e8fc00_0, 0, 8;
    %jmp T_22.256;
T_22.19 ;
    %pushi/vec4 125, 0, 8;
    %store/vec4 v00000174f7e8fc00_0, 0, 8;
    %jmp T_22.256;
T_22.20 ;
    %pushi/vec4 250, 0, 8;
    %store/vec4 v00000174f7e8fc00_0, 0, 8;
    %jmp T_22.256;
T_22.21 ;
    %pushi/vec4 89, 0, 8;
    %store/vec4 v00000174f7e8fc00_0, 0, 8;
    %jmp T_22.256;
T_22.22 ;
    %pushi/vec4 71, 0, 8;
    %store/vec4 v00000174f7e8fc00_0, 0, 8;
    %jmp T_22.256;
T_22.23 ;
    %pushi/vec4 240, 0, 8;
    %store/vec4 v00000174f7e8fc00_0, 0, 8;
    %jmp T_22.256;
T_22.24 ;
    %pushi/vec4 173, 0, 8;
    %store/vec4 v00000174f7e8fc00_0, 0, 8;
    %jmp T_22.256;
T_22.25 ;
    %pushi/vec4 212, 0, 8;
    %store/vec4 v00000174f7e8fc00_0, 0, 8;
    %jmp T_22.256;
T_22.26 ;
    %pushi/vec4 162, 0, 8;
    %store/vec4 v00000174f7e8fc00_0, 0, 8;
    %jmp T_22.256;
T_22.27 ;
    %pushi/vec4 175, 0, 8;
    %store/vec4 v00000174f7e8fc00_0, 0, 8;
    %jmp T_22.256;
T_22.28 ;
    %pushi/vec4 156, 0, 8;
    %store/vec4 v00000174f7e8fc00_0, 0, 8;
    %jmp T_22.256;
T_22.29 ;
    %pushi/vec4 164, 0, 8;
    %store/vec4 v00000174f7e8fc00_0, 0, 8;
    %jmp T_22.256;
T_22.30 ;
    %pushi/vec4 114, 0, 8;
    %store/vec4 v00000174f7e8fc00_0, 0, 8;
    %jmp T_22.256;
T_22.31 ;
    %pushi/vec4 192, 0, 8;
    %store/vec4 v00000174f7e8fc00_0, 0, 8;
    %jmp T_22.256;
T_22.32 ;
    %pushi/vec4 183, 0, 8;
    %store/vec4 v00000174f7e8fc00_0, 0, 8;
    %jmp T_22.256;
T_22.33 ;
    %pushi/vec4 253, 0, 8;
    %store/vec4 v00000174f7e8fc00_0, 0, 8;
    %jmp T_22.256;
T_22.34 ;
    %pushi/vec4 147, 0, 8;
    %store/vec4 v00000174f7e8fc00_0, 0, 8;
    %jmp T_22.256;
T_22.35 ;
    %pushi/vec4 38, 0, 8;
    %store/vec4 v00000174f7e8fc00_0, 0, 8;
    %jmp T_22.256;
T_22.36 ;
    %pushi/vec4 54, 0, 8;
    %store/vec4 v00000174f7e8fc00_0, 0, 8;
    %jmp T_22.256;
T_22.37 ;
    %pushi/vec4 63, 0, 8;
    %store/vec4 v00000174f7e8fc00_0, 0, 8;
    %jmp T_22.256;
T_22.38 ;
    %pushi/vec4 247, 0, 8;
    %store/vec4 v00000174f7e8fc00_0, 0, 8;
    %jmp T_22.256;
T_22.39 ;
    %pushi/vec4 204, 0, 8;
    %store/vec4 v00000174f7e8fc00_0, 0, 8;
    %jmp T_22.256;
T_22.40 ;
    %pushi/vec4 52, 0, 8;
    %store/vec4 v00000174f7e8fc00_0, 0, 8;
    %jmp T_22.256;
T_22.41 ;
    %pushi/vec4 165, 0, 8;
    %store/vec4 v00000174f7e8fc00_0, 0, 8;
    %jmp T_22.256;
T_22.42 ;
    %pushi/vec4 229, 0, 8;
    %store/vec4 v00000174f7e8fc00_0, 0, 8;
    %jmp T_22.256;
T_22.43 ;
    %pushi/vec4 241, 0, 8;
    %store/vec4 v00000174f7e8fc00_0, 0, 8;
    %jmp T_22.256;
T_22.44 ;
    %pushi/vec4 113, 0, 8;
    %store/vec4 v00000174f7e8fc00_0, 0, 8;
    %jmp T_22.256;
T_22.45 ;
    %pushi/vec4 216, 0, 8;
    %store/vec4 v00000174f7e8fc00_0, 0, 8;
    %jmp T_22.256;
T_22.46 ;
    %pushi/vec4 49, 0, 8;
    %store/vec4 v00000174f7e8fc00_0, 0, 8;
    %jmp T_22.256;
T_22.47 ;
    %pushi/vec4 21, 0, 8;
    %store/vec4 v00000174f7e8fc00_0, 0, 8;
    %jmp T_22.256;
T_22.48 ;
    %pushi/vec4 4, 0, 8;
    %store/vec4 v00000174f7e8fc00_0, 0, 8;
    %jmp T_22.256;
T_22.49 ;
    %pushi/vec4 199, 0, 8;
    %store/vec4 v00000174f7e8fc00_0, 0, 8;
    %jmp T_22.256;
T_22.50 ;
    %pushi/vec4 35, 0, 8;
    %store/vec4 v00000174f7e8fc00_0, 0, 8;
    %jmp T_22.256;
T_22.51 ;
    %pushi/vec4 195, 0, 8;
    %store/vec4 v00000174f7e8fc00_0, 0, 8;
    %jmp T_22.256;
T_22.52 ;
    %pushi/vec4 24, 0, 8;
    %store/vec4 v00000174f7e8fc00_0, 0, 8;
    %jmp T_22.256;
T_22.53 ;
    %pushi/vec4 150, 0, 8;
    %store/vec4 v00000174f7e8fc00_0, 0, 8;
    %jmp T_22.256;
T_22.54 ;
    %pushi/vec4 5, 0, 8;
    %store/vec4 v00000174f7e8fc00_0, 0, 8;
    %jmp T_22.256;
T_22.55 ;
    %pushi/vec4 154, 0, 8;
    %store/vec4 v00000174f7e8fc00_0, 0, 8;
    %jmp T_22.256;
T_22.56 ;
    %pushi/vec4 7, 0, 8;
    %store/vec4 v00000174f7e8fc00_0, 0, 8;
    %jmp T_22.256;
T_22.57 ;
    %pushi/vec4 18, 0, 8;
    %store/vec4 v00000174f7e8fc00_0, 0, 8;
    %jmp T_22.256;
T_22.58 ;
    %pushi/vec4 128, 0, 8;
    %store/vec4 v00000174f7e8fc00_0, 0, 8;
    %jmp T_22.256;
T_22.59 ;
    %pushi/vec4 226, 0, 8;
    %store/vec4 v00000174f7e8fc00_0, 0, 8;
    %jmp T_22.256;
T_22.60 ;
    %pushi/vec4 235, 0, 8;
    %store/vec4 v00000174f7e8fc00_0, 0, 8;
    %jmp T_22.256;
T_22.61 ;
    %pushi/vec4 39, 0, 8;
    %store/vec4 v00000174f7e8fc00_0, 0, 8;
    %jmp T_22.256;
T_22.62 ;
    %pushi/vec4 178, 0, 8;
    %store/vec4 v00000174f7e8fc00_0, 0, 8;
    %jmp T_22.256;
T_22.63 ;
    %pushi/vec4 117, 0, 8;
    %store/vec4 v00000174f7e8fc00_0, 0, 8;
    %jmp T_22.256;
T_22.64 ;
    %pushi/vec4 9, 0, 8;
    %store/vec4 v00000174f7e8fc00_0, 0, 8;
    %jmp T_22.256;
T_22.65 ;
    %pushi/vec4 131, 0, 8;
    %store/vec4 v00000174f7e8fc00_0, 0, 8;
    %jmp T_22.256;
T_22.66 ;
    %pushi/vec4 44, 0, 8;
    %store/vec4 v00000174f7e8fc00_0, 0, 8;
    %jmp T_22.256;
T_22.67 ;
    %pushi/vec4 26, 0, 8;
    %store/vec4 v00000174f7e8fc00_0, 0, 8;
    %jmp T_22.256;
T_22.68 ;
    %pushi/vec4 27, 0, 8;
    %store/vec4 v00000174f7e8fc00_0, 0, 8;
    %jmp T_22.256;
T_22.69 ;
    %pushi/vec4 110, 0, 8;
    %store/vec4 v00000174f7e8fc00_0, 0, 8;
    %jmp T_22.256;
T_22.70 ;
    %pushi/vec4 90, 0, 8;
    %store/vec4 v00000174f7e8fc00_0, 0, 8;
    %jmp T_22.256;
T_22.71 ;
    %pushi/vec4 160, 0, 8;
    %store/vec4 v00000174f7e8fc00_0, 0, 8;
    %jmp T_22.256;
T_22.72 ;
    %pushi/vec4 82, 0, 8;
    %store/vec4 v00000174f7e8fc00_0, 0, 8;
    %jmp T_22.256;
T_22.73 ;
    %pushi/vec4 59, 0, 8;
    %store/vec4 v00000174f7e8fc00_0, 0, 8;
    %jmp T_22.256;
T_22.74 ;
    %pushi/vec4 214, 0, 8;
    %store/vec4 v00000174f7e8fc00_0, 0, 8;
    %jmp T_22.256;
T_22.75 ;
    %pushi/vec4 179, 0, 8;
    %store/vec4 v00000174f7e8fc00_0, 0, 8;
    %jmp T_22.256;
T_22.76 ;
    %pushi/vec4 41, 0, 8;
    %store/vec4 v00000174f7e8fc00_0, 0, 8;
    %jmp T_22.256;
T_22.77 ;
    %pushi/vec4 227, 0, 8;
    %store/vec4 v00000174f7e8fc00_0, 0, 8;
    %jmp T_22.256;
T_22.78 ;
    %pushi/vec4 47, 0, 8;
    %store/vec4 v00000174f7e8fc00_0, 0, 8;
    %jmp T_22.256;
T_22.79 ;
    %pushi/vec4 132, 0, 8;
    %store/vec4 v00000174f7e8fc00_0, 0, 8;
    %jmp T_22.256;
T_22.80 ;
    %pushi/vec4 83, 0, 8;
    %store/vec4 v00000174f7e8fc00_0, 0, 8;
    %jmp T_22.256;
T_22.81 ;
    %pushi/vec4 209, 0, 8;
    %store/vec4 v00000174f7e8fc00_0, 0, 8;
    %jmp T_22.256;
T_22.82 ;
    %pushi/vec4 0, 0, 8;
    %store/vec4 v00000174f7e8fc00_0, 0, 8;
    %jmp T_22.256;
T_22.83 ;
    %pushi/vec4 237, 0, 8;
    %store/vec4 v00000174f7e8fc00_0, 0, 8;
    %jmp T_22.256;
T_22.84 ;
    %pushi/vec4 32, 0, 8;
    %store/vec4 v00000174f7e8fc00_0, 0, 8;
    %jmp T_22.256;
T_22.85 ;
    %pushi/vec4 252, 0, 8;
    %store/vec4 v00000174f7e8fc00_0, 0, 8;
    %jmp T_22.256;
T_22.86 ;
    %pushi/vec4 177, 0, 8;
    %store/vec4 v00000174f7e8fc00_0, 0, 8;
    %jmp T_22.256;
T_22.87 ;
    %pushi/vec4 91, 0, 8;
    %store/vec4 v00000174f7e8fc00_0, 0, 8;
    %jmp T_22.256;
T_22.88 ;
    %pushi/vec4 106, 0, 8;
    %store/vec4 v00000174f7e8fc00_0, 0, 8;
    %jmp T_22.256;
T_22.89 ;
    %pushi/vec4 203, 0, 8;
    %store/vec4 v00000174f7e8fc00_0, 0, 8;
    %jmp T_22.256;
T_22.90 ;
    %pushi/vec4 190, 0, 8;
    %store/vec4 v00000174f7e8fc00_0, 0, 8;
    %jmp T_22.256;
T_22.91 ;
    %pushi/vec4 57, 0, 8;
    %store/vec4 v00000174f7e8fc00_0, 0, 8;
    %jmp T_22.256;
T_22.92 ;
    %pushi/vec4 74, 0, 8;
    %store/vec4 v00000174f7e8fc00_0, 0, 8;
    %jmp T_22.256;
T_22.93 ;
    %pushi/vec4 76, 0, 8;
    %store/vec4 v00000174f7e8fc00_0, 0, 8;
    %jmp T_22.256;
T_22.94 ;
    %pushi/vec4 88, 0, 8;
    %store/vec4 v00000174f7e8fc00_0, 0, 8;
    %jmp T_22.256;
T_22.95 ;
    %pushi/vec4 207, 0, 8;
    %store/vec4 v00000174f7e8fc00_0, 0, 8;
    %jmp T_22.256;
T_22.96 ;
    %pushi/vec4 208, 0, 8;
    %store/vec4 v00000174f7e8fc00_0, 0, 8;
    %jmp T_22.256;
T_22.97 ;
    %pushi/vec4 239, 0, 8;
    %store/vec4 v00000174f7e8fc00_0, 0, 8;
    %jmp T_22.256;
T_22.98 ;
    %pushi/vec4 170, 0, 8;
    %store/vec4 v00000174f7e8fc00_0, 0, 8;
    %jmp T_22.256;
T_22.99 ;
    %pushi/vec4 251, 0, 8;
    %store/vec4 v00000174f7e8fc00_0, 0, 8;
    %jmp T_22.256;
T_22.100 ;
    %pushi/vec4 67, 0, 8;
    %store/vec4 v00000174f7e8fc00_0, 0, 8;
    %jmp T_22.256;
T_22.101 ;
    %pushi/vec4 77, 0, 8;
    %store/vec4 v00000174f7e8fc00_0, 0, 8;
    %jmp T_22.256;
T_22.102 ;
    %pushi/vec4 51, 0, 8;
    %store/vec4 v00000174f7e8fc00_0, 0, 8;
    %jmp T_22.256;
T_22.103 ;
    %pushi/vec4 133, 0, 8;
    %store/vec4 v00000174f7e8fc00_0, 0, 8;
    %jmp T_22.256;
T_22.104 ;
    %pushi/vec4 69, 0, 8;
    %store/vec4 v00000174f7e8fc00_0, 0, 8;
    %jmp T_22.256;
T_22.105 ;
    %pushi/vec4 249, 0, 8;
    %store/vec4 v00000174f7e8fc00_0, 0, 8;
    %jmp T_22.256;
T_22.106 ;
    %pushi/vec4 2, 0, 8;
    %store/vec4 v00000174f7e8fc00_0, 0, 8;
    %jmp T_22.256;
T_22.107 ;
    %pushi/vec4 127, 0, 8;
    %store/vec4 v00000174f7e8fc00_0, 0, 8;
    %jmp T_22.256;
T_22.108 ;
    %pushi/vec4 80, 0, 8;
    %store/vec4 v00000174f7e8fc00_0, 0, 8;
    %jmp T_22.256;
T_22.109 ;
    %pushi/vec4 60, 0, 8;
    %store/vec4 v00000174f7e8fc00_0, 0, 8;
    %jmp T_22.256;
T_22.110 ;
    %pushi/vec4 159, 0, 8;
    %store/vec4 v00000174f7e8fc00_0, 0, 8;
    %jmp T_22.256;
T_22.111 ;
    %pushi/vec4 168, 0, 8;
    %store/vec4 v00000174f7e8fc00_0, 0, 8;
    %jmp T_22.256;
T_22.112 ;
    %pushi/vec4 81, 0, 8;
    %store/vec4 v00000174f7e8fc00_0, 0, 8;
    %jmp T_22.256;
T_22.113 ;
    %pushi/vec4 163, 0, 8;
    %store/vec4 v00000174f7e8fc00_0, 0, 8;
    %jmp T_22.256;
T_22.114 ;
    %pushi/vec4 64, 0, 8;
    %store/vec4 v00000174f7e8fc00_0, 0, 8;
    %jmp T_22.256;
T_22.115 ;
    %pushi/vec4 143, 0, 8;
    %store/vec4 v00000174f7e8fc00_0, 0, 8;
    %jmp T_22.256;
T_22.116 ;
    %pushi/vec4 146, 0, 8;
    %store/vec4 v00000174f7e8fc00_0, 0, 8;
    %jmp T_22.256;
T_22.117 ;
    %pushi/vec4 157, 0, 8;
    %store/vec4 v00000174f7e8fc00_0, 0, 8;
    %jmp T_22.256;
T_22.118 ;
    %pushi/vec4 56, 0, 8;
    %store/vec4 v00000174f7e8fc00_0, 0, 8;
    %jmp T_22.256;
T_22.119 ;
    %pushi/vec4 245, 0, 8;
    %store/vec4 v00000174f7e8fc00_0, 0, 8;
    %jmp T_22.256;
T_22.120 ;
    %pushi/vec4 188, 0, 8;
    %store/vec4 v00000174f7e8fc00_0, 0, 8;
    %jmp T_22.256;
T_22.121 ;
    %pushi/vec4 182, 0, 8;
    %store/vec4 v00000174f7e8fc00_0, 0, 8;
    %jmp T_22.256;
T_22.122 ;
    %pushi/vec4 218, 0, 8;
    %store/vec4 v00000174f7e8fc00_0, 0, 8;
    %jmp T_22.256;
T_22.123 ;
    %pushi/vec4 33, 0, 8;
    %store/vec4 v00000174f7e8fc00_0, 0, 8;
    %jmp T_22.256;
T_22.124 ;
    %pushi/vec4 16, 0, 8;
    %store/vec4 v00000174f7e8fc00_0, 0, 8;
    %jmp T_22.256;
T_22.125 ;
    %pushi/vec4 255, 0, 8;
    %store/vec4 v00000174f7e8fc00_0, 0, 8;
    %jmp T_22.256;
T_22.126 ;
    %pushi/vec4 243, 0, 8;
    %store/vec4 v00000174f7e8fc00_0, 0, 8;
    %jmp T_22.256;
T_22.127 ;
    %pushi/vec4 210, 0, 8;
    %store/vec4 v00000174f7e8fc00_0, 0, 8;
    %jmp T_22.256;
T_22.128 ;
    %pushi/vec4 205, 0, 8;
    %store/vec4 v00000174f7e8fc00_0, 0, 8;
    %jmp T_22.256;
T_22.129 ;
    %pushi/vec4 12, 0, 8;
    %store/vec4 v00000174f7e8fc00_0, 0, 8;
    %jmp T_22.256;
T_22.130 ;
    %pushi/vec4 19, 0, 8;
    %store/vec4 v00000174f7e8fc00_0, 0, 8;
    %jmp T_22.256;
T_22.131 ;
    %pushi/vec4 236, 0, 8;
    %store/vec4 v00000174f7e8fc00_0, 0, 8;
    %jmp T_22.256;
T_22.132 ;
    %pushi/vec4 95, 0, 8;
    %store/vec4 v00000174f7e8fc00_0, 0, 8;
    %jmp T_22.256;
T_22.133 ;
    %pushi/vec4 151, 0, 8;
    %store/vec4 v00000174f7e8fc00_0, 0, 8;
    %jmp T_22.256;
T_22.134 ;
    %pushi/vec4 68, 0, 8;
    %store/vec4 v00000174f7e8fc00_0, 0, 8;
    %jmp T_22.256;
T_22.135 ;
    %pushi/vec4 23, 0, 8;
    %store/vec4 v00000174f7e8fc00_0, 0, 8;
    %jmp T_22.256;
T_22.136 ;
    %pushi/vec4 196, 0, 8;
    %store/vec4 v00000174f7e8fc00_0, 0, 8;
    %jmp T_22.256;
T_22.137 ;
    %pushi/vec4 167, 0, 8;
    %store/vec4 v00000174f7e8fc00_0, 0, 8;
    %jmp T_22.256;
T_22.138 ;
    %pushi/vec4 126, 0, 8;
    %store/vec4 v00000174f7e8fc00_0, 0, 8;
    %jmp T_22.256;
T_22.139 ;
    %pushi/vec4 61, 0, 8;
    %store/vec4 v00000174f7e8fc00_0, 0, 8;
    %jmp T_22.256;
T_22.140 ;
    %pushi/vec4 100, 0, 8;
    %store/vec4 v00000174f7e8fc00_0, 0, 8;
    %jmp T_22.256;
T_22.141 ;
    %pushi/vec4 93, 0, 8;
    %store/vec4 v00000174f7e8fc00_0, 0, 8;
    %jmp T_22.256;
T_22.142 ;
    %pushi/vec4 25, 0, 8;
    %store/vec4 v00000174f7e8fc00_0, 0, 8;
    %jmp T_22.256;
T_22.143 ;
    %pushi/vec4 115, 0, 8;
    %store/vec4 v00000174f7e8fc00_0, 0, 8;
    %jmp T_22.256;
T_22.144 ;
    %pushi/vec4 96, 0, 8;
    %store/vec4 v00000174f7e8fc00_0, 0, 8;
    %jmp T_22.256;
T_22.145 ;
    %pushi/vec4 129, 0, 8;
    %store/vec4 v00000174f7e8fc00_0, 0, 8;
    %jmp T_22.256;
T_22.146 ;
    %pushi/vec4 79, 0, 8;
    %store/vec4 v00000174f7e8fc00_0, 0, 8;
    %jmp T_22.256;
T_22.147 ;
    %pushi/vec4 220, 0, 8;
    %store/vec4 v00000174f7e8fc00_0, 0, 8;
    %jmp T_22.256;
T_22.148 ;
    %pushi/vec4 34, 0, 8;
    %store/vec4 v00000174f7e8fc00_0, 0, 8;
    %jmp T_22.256;
T_22.149 ;
    %pushi/vec4 42, 0, 8;
    %store/vec4 v00000174f7e8fc00_0, 0, 8;
    %jmp T_22.256;
T_22.150 ;
    %pushi/vec4 144, 0, 8;
    %store/vec4 v00000174f7e8fc00_0, 0, 8;
    %jmp T_22.256;
T_22.151 ;
    %pushi/vec4 136, 0, 8;
    %store/vec4 v00000174f7e8fc00_0, 0, 8;
    %jmp T_22.256;
T_22.152 ;
    %pushi/vec4 70, 0, 8;
    %store/vec4 v00000174f7e8fc00_0, 0, 8;
    %jmp T_22.256;
T_22.153 ;
    %pushi/vec4 238, 0, 8;
    %store/vec4 v00000174f7e8fc00_0, 0, 8;
    %jmp T_22.256;
T_22.154 ;
    %pushi/vec4 184, 0, 8;
    %store/vec4 v00000174f7e8fc00_0, 0, 8;
    %jmp T_22.256;
T_22.155 ;
    %pushi/vec4 20, 0, 8;
    %store/vec4 v00000174f7e8fc00_0, 0, 8;
    %jmp T_22.256;
T_22.156 ;
    %pushi/vec4 222, 0, 8;
    %store/vec4 v00000174f7e8fc00_0, 0, 8;
    %jmp T_22.256;
T_22.157 ;
    %pushi/vec4 94, 0, 8;
    %store/vec4 v00000174f7e8fc00_0, 0, 8;
    %jmp T_22.256;
T_22.158 ;
    %pushi/vec4 11, 0, 8;
    %store/vec4 v00000174f7e8fc00_0, 0, 8;
    %jmp T_22.256;
T_22.159 ;
    %pushi/vec4 219, 0, 8;
    %store/vec4 v00000174f7e8fc00_0, 0, 8;
    %jmp T_22.256;
T_22.160 ;
    %pushi/vec4 224, 0, 8;
    %store/vec4 v00000174f7e8fc00_0, 0, 8;
    %jmp T_22.256;
T_22.161 ;
    %pushi/vec4 50, 0, 8;
    %store/vec4 v00000174f7e8fc00_0, 0, 8;
    %jmp T_22.256;
T_22.162 ;
    %pushi/vec4 58, 0, 8;
    %store/vec4 v00000174f7e8fc00_0, 0, 8;
    %jmp T_22.256;
T_22.163 ;
    %pushi/vec4 10, 0, 8;
    %store/vec4 v00000174f7e8fc00_0, 0, 8;
    %jmp T_22.256;
T_22.164 ;
    %pushi/vec4 73, 0, 8;
    %store/vec4 v00000174f7e8fc00_0, 0, 8;
    %jmp T_22.256;
T_22.165 ;
    %pushi/vec4 6, 0, 8;
    %store/vec4 v00000174f7e8fc00_0, 0, 8;
    %jmp T_22.256;
T_22.166 ;
    %pushi/vec4 36, 0, 8;
    %store/vec4 v00000174f7e8fc00_0, 0, 8;
    %jmp T_22.256;
T_22.167 ;
    %pushi/vec4 92, 0, 8;
    %store/vec4 v00000174f7e8fc00_0, 0, 8;
    %jmp T_22.256;
T_22.168 ;
    %pushi/vec4 194, 0, 8;
    %store/vec4 v00000174f7e8fc00_0, 0, 8;
    %jmp T_22.256;
T_22.169 ;
    %pushi/vec4 211, 0, 8;
    %store/vec4 v00000174f7e8fc00_0, 0, 8;
    %jmp T_22.256;
T_22.170 ;
    %pushi/vec4 172, 0, 8;
    %store/vec4 v00000174f7e8fc00_0, 0, 8;
    %jmp T_22.256;
T_22.171 ;
    %pushi/vec4 98, 0, 8;
    %store/vec4 v00000174f7e8fc00_0, 0, 8;
    %jmp T_22.256;
T_22.172 ;
    %pushi/vec4 145, 0, 8;
    %store/vec4 v00000174f7e8fc00_0, 0, 8;
    %jmp T_22.256;
T_22.173 ;
    %pushi/vec4 149, 0, 8;
    %store/vec4 v00000174f7e8fc00_0, 0, 8;
    %jmp T_22.256;
T_22.174 ;
    %pushi/vec4 228, 0, 8;
    %store/vec4 v00000174f7e8fc00_0, 0, 8;
    %jmp T_22.256;
T_22.175 ;
    %pushi/vec4 121, 0, 8;
    %store/vec4 v00000174f7e8fc00_0, 0, 8;
    %jmp T_22.256;
T_22.176 ;
    %pushi/vec4 231, 0, 8;
    %store/vec4 v00000174f7e8fc00_0, 0, 8;
    %jmp T_22.256;
T_22.177 ;
    %pushi/vec4 200, 0, 8;
    %store/vec4 v00000174f7e8fc00_0, 0, 8;
    %jmp T_22.256;
T_22.178 ;
    %pushi/vec4 55, 0, 8;
    %store/vec4 v00000174f7e8fc00_0, 0, 8;
    %jmp T_22.256;
T_22.179 ;
    %pushi/vec4 109, 0, 8;
    %store/vec4 v00000174f7e8fc00_0, 0, 8;
    %jmp T_22.256;
T_22.180 ;
    %pushi/vec4 141, 0, 8;
    %store/vec4 v00000174f7e8fc00_0, 0, 8;
    %jmp T_22.256;
T_22.181 ;
    %pushi/vec4 213, 0, 8;
    %store/vec4 v00000174f7e8fc00_0, 0, 8;
    %jmp T_22.256;
T_22.182 ;
    %pushi/vec4 78, 0, 8;
    %store/vec4 v00000174f7e8fc00_0, 0, 8;
    %jmp T_22.256;
T_22.183 ;
    %pushi/vec4 169, 0, 8;
    %store/vec4 v00000174f7e8fc00_0, 0, 8;
    %jmp T_22.256;
T_22.184 ;
    %pushi/vec4 108, 0, 8;
    %store/vec4 v00000174f7e8fc00_0, 0, 8;
    %jmp T_22.256;
T_22.185 ;
    %pushi/vec4 86, 0, 8;
    %store/vec4 v00000174f7e8fc00_0, 0, 8;
    %jmp T_22.256;
T_22.186 ;
    %pushi/vec4 244, 0, 8;
    %store/vec4 v00000174f7e8fc00_0, 0, 8;
    %jmp T_22.256;
T_22.187 ;
    %pushi/vec4 234, 0, 8;
    %store/vec4 v00000174f7e8fc00_0, 0, 8;
    %jmp T_22.256;
T_22.188 ;
    %pushi/vec4 101, 0, 8;
    %store/vec4 v00000174f7e8fc00_0, 0, 8;
    %jmp T_22.256;
T_22.189 ;
    %pushi/vec4 122, 0, 8;
    %store/vec4 v00000174f7e8fc00_0, 0, 8;
    %jmp T_22.256;
T_22.190 ;
    %pushi/vec4 174, 0, 8;
    %store/vec4 v00000174f7e8fc00_0, 0, 8;
    %jmp T_22.256;
T_22.191 ;
    %pushi/vec4 8, 0, 8;
    %store/vec4 v00000174f7e8fc00_0, 0, 8;
    %jmp T_22.256;
T_22.192 ;
    %pushi/vec4 186, 0, 8;
    %store/vec4 v00000174f7e8fc00_0, 0, 8;
    %jmp T_22.256;
T_22.193 ;
    %pushi/vec4 120, 0, 8;
    %store/vec4 v00000174f7e8fc00_0, 0, 8;
    %jmp T_22.256;
T_22.194 ;
    %pushi/vec4 37, 0, 8;
    %store/vec4 v00000174f7e8fc00_0, 0, 8;
    %jmp T_22.256;
T_22.195 ;
    %pushi/vec4 46, 0, 8;
    %store/vec4 v00000174f7e8fc00_0, 0, 8;
    %jmp T_22.256;
T_22.196 ;
    %pushi/vec4 28, 0, 8;
    %store/vec4 v00000174f7e8fc00_0, 0, 8;
    %jmp T_22.256;
T_22.197 ;
    %pushi/vec4 166, 0, 8;
    %store/vec4 v00000174f7e8fc00_0, 0, 8;
    %jmp T_22.256;
T_22.198 ;
    %pushi/vec4 180, 0, 8;
    %store/vec4 v00000174f7e8fc00_0, 0, 8;
    %jmp T_22.256;
T_22.199 ;
    %pushi/vec4 198, 0, 8;
    %store/vec4 v00000174f7e8fc00_0, 0, 8;
    %jmp T_22.256;
T_22.200 ;
    %pushi/vec4 232, 0, 8;
    %store/vec4 v00000174f7e8fc00_0, 0, 8;
    %jmp T_22.256;
T_22.201 ;
    %pushi/vec4 221, 0, 8;
    %store/vec4 v00000174f7e8fc00_0, 0, 8;
    %jmp T_22.256;
T_22.202 ;
    %pushi/vec4 116, 0, 8;
    %store/vec4 v00000174f7e8fc00_0, 0, 8;
    %jmp T_22.256;
T_22.203 ;
    %pushi/vec4 31, 0, 8;
    %store/vec4 v00000174f7e8fc00_0, 0, 8;
    %jmp T_22.256;
T_22.204 ;
    %pushi/vec4 75, 0, 8;
    %store/vec4 v00000174f7e8fc00_0, 0, 8;
    %jmp T_22.256;
T_22.205 ;
    %pushi/vec4 189, 0, 8;
    %store/vec4 v00000174f7e8fc00_0, 0, 8;
    %jmp T_22.256;
T_22.206 ;
    %pushi/vec4 139, 0, 8;
    %store/vec4 v00000174f7e8fc00_0, 0, 8;
    %jmp T_22.256;
T_22.207 ;
    %pushi/vec4 138, 0, 8;
    %store/vec4 v00000174f7e8fc00_0, 0, 8;
    %jmp T_22.256;
T_22.208 ;
    %pushi/vec4 112, 0, 8;
    %store/vec4 v00000174f7e8fc00_0, 0, 8;
    %jmp T_22.256;
T_22.209 ;
    %pushi/vec4 62, 0, 8;
    %store/vec4 v00000174f7e8fc00_0, 0, 8;
    %jmp T_22.256;
T_22.210 ;
    %pushi/vec4 181, 0, 8;
    %store/vec4 v00000174f7e8fc00_0, 0, 8;
    %jmp T_22.256;
T_22.211 ;
    %pushi/vec4 102, 0, 8;
    %store/vec4 v00000174f7e8fc00_0, 0, 8;
    %jmp T_22.256;
T_22.212 ;
    %pushi/vec4 72, 0, 8;
    %store/vec4 v00000174f7e8fc00_0, 0, 8;
    %jmp T_22.256;
T_22.213 ;
    %pushi/vec4 3, 0, 8;
    %store/vec4 v00000174f7e8fc00_0, 0, 8;
    %jmp T_22.256;
T_22.214 ;
    %pushi/vec4 246, 0, 8;
    %store/vec4 v00000174f7e8fc00_0, 0, 8;
    %jmp T_22.256;
T_22.215 ;
    %pushi/vec4 14, 0, 8;
    %store/vec4 v00000174f7e8fc00_0, 0, 8;
    %jmp T_22.256;
T_22.216 ;
    %pushi/vec4 97, 0, 8;
    %store/vec4 v00000174f7e8fc00_0, 0, 8;
    %jmp T_22.256;
T_22.217 ;
    %pushi/vec4 53, 0, 8;
    %store/vec4 v00000174f7e8fc00_0, 0, 8;
    %jmp T_22.256;
T_22.218 ;
    %pushi/vec4 87, 0, 8;
    %store/vec4 v00000174f7e8fc00_0, 0, 8;
    %jmp T_22.256;
T_22.219 ;
    %pushi/vec4 185, 0, 8;
    %store/vec4 v00000174f7e8fc00_0, 0, 8;
    %jmp T_22.256;
T_22.220 ;
    %pushi/vec4 134, 0, 8;
    %store/vec4 v00000174f7e8fc00_0, 0, 8;
    %jmp T_22.256;
T_22.221 ;
    %pushi/vec4 193, 0, 8;
    %store/vec4 v00000174f7e8fc00_0, 0, 8;
    %jmp T_22.256;
T_22.222 ;
    %pushi/vec4 29, 0, 8;
    %store/vec4 v00000174f7e8fc00_0, 0, 8;
    %jmp T_22.256;
T_22.223 ;
    %pushi/vec4 158, 0, 8;
    %store/vec4 v00000174f7e8fc00_0, 0, 8;
    %jmp T_22.256;
T_22.224 ;
    %pushi/vec4 225, 0, 8;
    %store/vec4 v00000174f7e8fc00_0, 0, 8;
    %jmp T_22.256;
T_22.225 ;
    %pushi/vec4 248, 0, 8;
    %store/vec4 v00000174f7e8fc00_0, 0, 8;
    %jmp T_22.256;
T_22.226 ;
    %pushi/vec4 152, 0, 8;
    %store/vec4 v00000174f7e8fc00_0, 0, 8;
    %jmp T_22.256;
T_22.227 ;
    %pushi/vec4 17, 0, 8;
    %store/vec4 v00000174f7e8fc00_0, 0, 8;
    %jmp T_22.256;
T_22.228 ;
    %pushi/vec4 105, 0, 8;
    %store/vec4 v00000174f7e8fc00_0, 0, 8;
    %jmp T_22.256;
T_22.229 ;
    %pushi/vec4 217, 0, 8;
    %store/vec4 v00000174f7e8fc00_0, 0, 8;
    %jmp T_22.256;
T_22.230 ;
    %pushi/vec4 142, 0, 8;
    %store/vec4 v00000174f7e8fc00_0, 0, 8;
    %jmp T_22.256;
T_22.231 ;
    %pushi/vec4 148, 0, 8;
    %store/vec4 v00000174f7e8fc00_0, 0, 8;
    %jmp T_22.256;
T_22.232 ;
    %pushi/vec4 155, 0, 8;
    %store/vec4 v00000174f7e8fc00_0, 0, 8;
    %jmp T_22.256;
T_22.233 ;
    %pushi/vec4 30, 0, 8;
    %store/vec4 v00000174f7e8fc00_0, 0, 8;
    %jmp T_22.256;
T_22.234 ;
    %pushi/vec4 135, 0, 8;
    %store/vec4 v00000174f7e8fc00_0, 0, 8;
    %jmp T_22.256;
T_22.235 ;
    %pushi/vec4 233, 0, 8;
    %store/vec4 v00000174f7e8fc00_0, 0, 8;
    %jmp T_22.256;
T_22.236 ;
    %pushi/vec4 206, 0, 8;
    %store/vec4 v00000174f7e8fc00_0, 0, 8;
    %jmp T_22.256;
T_22.237 ;
    %pushi/vec4 85, 0, 8;
    %store/vec4 v00000174f7e8fc00_0, 0, 8;
    %jmp T_22.256;
T_22.238 ;
    %pushi/vec4 40, 0, 8;
    %store/vec4 v00000174f7e8fc00_0, 0, 8;
    %jmp T_22.256;
T_22.239 ;
    %pushi/vec4 223, 0, 8;
    %store/vec4 v00000174f7e8fc00_0, 0, 8;
    %jmp T_22.256;
T_22.240 ;
    %pushi/vec4 140, 0, 8;
    %store/vec4 v00000174f7e8fc00_0, 0, 8;
    %jmp T_22.256;
T_22.241 ;
    %pushi/vec4 161, 0, 8;
    %store/vec4 v00000174f7e8fc00_0, 0, 8;
    %jmp T_22.256;
T_22.242 ;
    %pushi/vec4 137, 0, 8;
    %store/vec4 v00000174f7e8fc00_0, 0, 8;
    %jmp T_22.256;
T_22.243 ;
    %pushi/vec4 13, 0, 8;
    %store/vec4 v00000174f7e8fc00_0, 0, 8;
    %jmp T_22.256;
T_22.244 ;
    %pushi/vec4 191, 0, 8;
    %store/vec4 v00000174f7e8fc00_0, 0, 8;
    %jmp T_22.256;
T_22.245 ;
    %pushi/vec4 230, 0, 8;
    %store/vec4 v00000174f7e8fc00_0, 0, 8;
    %jmp T_22.256;
T_22.246 ;
    %pushi/vec4 66, 0, 8;
    %store/vec4 v00000174f7e8fc00_0, 0, 8;
    %jmp T_22.256;
T_22.247 ;
    %pushi/vec4 104, 0, 8;
    %store/vec4 v00000174f7e8fc00_0, 0, 8;
    %jmp T_22.256;
T_22.248 ;
    %pushi/vec4 65, 0, 8;
    %store/vec4 v00000174f7e8fc00_0, 0, 8;
    %jmp T_22.256;
T_22.249 ;
    %pushi/vec4 153, 0, 8;
    %store/vec4 v00000174f7e8fc00_0, 0, 8;
    %jmp T_22.256;
T_22.250 ;
    %pushi/vec4 45, 0, 8;
    %store/vec4 v00000174f7e8fc00_0, 0, 8;
    %jmp T_22.256;
T_22.251 ;
    %pushi/vec4 15, 0, 8;
    %store/vec4 v00000174f7e8fc00_0, 0, 8;
    %jmp T_22.256;
T_22.252 ;
    %pushi/vec4 176, 0, 8;
    %store/vec4 v00000174f7e8fc00_0, 0, 8;
    %jmp T_22.256;
T_22.253 ;
    %pushi/vec4 84, 0, 8;
    %store/vec4 v00000174f7e8fc00_0, 0, 8;
    %jmp T_22.256;
T_22.254 ;
    %pushi/vec4 187, 0, 8;
    %store/vec4 v00000174f7e8fc00_0, 0, 8;
    %jmp T_22.256;
T_22.255 ;
    %pushi/vec4 22, 0, 8;
    %store/vec4 v00000174f7e8fc00_0, 0, 8;
    %jmp T_22.256;
T_22.256 ;
    %pop/vec4 1;
    %jmp T_22;
    .thread T_22, $push;
    .scope S_00000174f7e91120;
T_23 ;
    %wait E_00000174f7e05810;
    %load/vec4 v00000174f7e90420_0;
    %dup/vec4;
    %pushi/vec4 0, 0, 8;
    %cmp/u;
    %jmp/1 T_23.0, 6;
    %dup/vec4;
    %pushi/vec4 1, 0, 8;
    %cmp/u;
    %jmp/1 T_23.1, 6;
    %dup/vec4;
    %pushi/vec4 2, 0, 8;
    %cmp/u;
    %jmp/1 T_23.2, 6;
    %dup/vec4;
    %pushi/vec4 3, 0, 8;
    %cmp/u;
    %jmp/1 T_23.3, 6;
    %dup/vec4;
    %pushi/vec4 4, 0, 8;
    %cmp/u;
    %jmp/1 T_23.4, 6;
    %dup/vec4;
    %pushi/vec4 5, 0, 8;
    %cmp/u;
    %jmp/1 T_23.5, 6;
    %dup/vec4;
    %pushi/vec4 6, 0, 8;
    %cmp/u;
    %jmp/1 T_23.6, 6;
    %dup/vec4;
    %pushi/vec4 7, 0, 8;
    %cmp/u;
    %jmp/1 T_23.7, 6;
    %dup/vec4;
    %pushi/vec4 8, 0, 8;
    %cmp/u;
    %jmp/1 T_23.8, 6;
    %dup/vec4;
    %pushi/vec4 9, 0, 8;
    %cmp/u;
    %jmp/1 T_23.9, 6;
    %dup/vec4;
    %pushi/vec4 10, 0, 8;
    %cmp/u;
    %jmp/1 T_23.10, 6;
    %dup/vec4;
    %pushi/vec4 11, 0, 8;
    %cmp/u;
    %jmp/1 T_23.11, 6;
    %dup/vec4;
    %pushi/vec4 12, 0, 8;
    %cmp/u;
    %jmp/1 T_23.12, 6;
    %dup/vec4;
    %pushi/vec4 13, 0, 8;
    %cmp/u;
    %jmp/1 T_23.13, 6;
    %dup/vec4;
    %pushi/vec4 14, 0, 8;
    %cmp/u;
    %jmp/1 T_23.14, 6;
    %dup/vec4;
    %pushi/vec4 15, 0, 8;
    %cmp/u;
    %jmp/1 T_23.15, 6;
    %dup/vec4;
    %pushi/vec4 16, 0, 8;
    %cmp/u;
    %jmp/1 T_23.16, 6;
    %dup/vec4;
    %pushi/vec4 17, 0, 8;
    %cmp/u;
    %jmp/1 T_23.17, 6;
    %dup/vec4;
    %pushi/vec4 18, 0, 8;
    %cmp/u;
    %jmp/1 T_23.18, 6;
    %dup/vec4;
    %pushi/vec4 19, 0, 8;
    %cmp/u;
    %jmp/1 T_23.19, 6;
    %dup/vec4;
    %pushi/vec4 20, 0, 8;
    %cmp/u;
    %jmp/1 T_23.20, 6;
    %dup/vec4;
    %pushi/vec4 21, 0, 8;
    %cmp/u;
    %jmp/1 T_23.21, 6;
    %dup/vec4;
    %pushi/vec4 22, 0, 8;
    %cmp/u;
    %jmp/1 T_23.22, 6;
    %dup/vec4;
    %pushi/vec4 23, 0, 8;
    %cmp/u;
    %jmp/1 T_23.23, 6;
    %dup/vec4;
    %pushi/vec4 24, 0, 8;
    %cmp/u;
    %jmp/1 T_23.24, 6;
    %dup/vec4;
    %pushi/vec4 25, 0, 8;
    %cmp/u;
    %jmp/1 T_23.25, 6;
    %dup/vec4;
    %pushi/vec4 26, 0, 8;
    %cmp/u;
    %jmp/1 T_23.26, 6;
    %dup/vec4;
    %pushi/vec4 27, 0, 8;
    %cmp/u;
    %jmp/1 T_23.27, 6;
    %dup/vec4;
    %pushi/vec4 28, 0, 8;
    %cmp/u;
    %jmp/1 T_23.28, 6;
    %dup/vec4;
    %pushi/vec4 29, 0, 8;
    %cmp/u;
    %jmp/1 T_23.29, 6;
    %dup/vec4;
    %pushi/vec4 30, 0, 8;
    %cmp/u;
    %jmp/1 T_23.30, 6;
    %dup/vec4;
    %pushi/vec4 31, 0, 8;
    %cmp/u;
    %jmp/1 T_23.31, 6;
    %dup/vec4;
    %pushi/vec4 32, 0, 8;
    %cmp/u;
    %jmp/1 T_23.32, 6;
    %dup/vec4;
    %pushi/vec4 33, 0, 8;
    %cmp/u;
    %jmp/1 T_23.33, 6;
    %dup/vec4;
    %pushi/vec4 34, 0, 8;
    %cmp/u;
    %jmp/1 T_23.34, 6;
    %dup/vec4;
    %pushi/vec4 35, 0, 8;
    %cmp/u;
    %jmp/1 T_23.35, 6;
    %dup/vec4;
    %pushi/vec4 36, 0, 8;
    %cmp/u;
    %jmp/1 T_23.36, 6;
    %dup/vec4;
    %pushi/vec4 37, 0, 8;
    %cmp/u;
    %jmp/1 T_23.37, 6;
    %dup/vec4;
    %pushi/vec4 38, 0, 8;
    %cmp/u;
    %jmp/1 T_23.38, 6;
    %dup/vec4;
    %pushi/vec4 39, 0, 8;
    %cmp/u;
    %jmp/1 T_23.39, 6;
    %dup/vec4;
    %pushi/vec4 40, 0, 8;
    %cmp/u;
    %jmp/1 T_23.40, 6;
    %dup/vec4;
    %pushi/vec4 41, 0, 8;
    %cmp/u;
    %jmp/1 T_23.41, 6;
    %dup/vec4;
    %pushi/vec4 42, 0, 8;
    %cmp/u;
    %jmp/1 T_23.42, 6;
    %dup/vec4;
    %pushi/vec4 43, 0, 8;
    %cmp/u;
    %jmp/1 T_23.43, 6;
    %dup/vec4;
    %pushi/vec4 44, 0, 8;
    %cmp/u;
    %jmp/1 T_23.44, 6;
    %dup/vec4;
    %pushi/vec4 45, 0, 8;
    %cmp/u;
    %jmp/1 T_23.45, 6;
    %dup/vec4;
    %pushi/vec4 46, 0, 8;
    %cmp/u;
    %jmp/1 T_23.46, 6;
    %dup/vec4;
    %pushi/vec4 47, 0, 8;
    %cmp/u;
    %jmp/1 T_23.47, 6;
    %dup/vec4;
    %pushi/vec4 48, 0, 8;
    %cmp/u;
    %jmp/1 T_23.48, 6;
    %dup/vec4;
    %pushi/vec4 49, 0, 8;
    %cmp/u;
    %jmp/1 T_23.49, 6;
    %dup/vec4;
    %pushi/vec4 50, 0, 8;
    %cmp/u;
    %jmp/1 T_23.50, 6;
    %dup/vec4;
    %pushi/vec4 51, 0, 8;
    %cmp/u;
    %jmp/1 T_23.51, 6;
    %dup/vec4;
    %pushi/vec4 52, 0, 8;
    %cmp/u;
    %jmp/1 T_23.52, 6;
    %dup/vec4;
    %pushi/vec4 53, 0, 8;
    %cmp/u;
    %jmp/1 T_23.53, 6;
    %dup/vec4;
    %pushi/vec4 54, 0, 8;
    %cmp/u;
    %jmp/1 T_23.54, 6;
    %dup/vec4;
    %pushi/vec4 55, 0, 8;
    %cmp/u;
    %jmp/1 T_23.55, 6;
    %dup/vec4;
    %pushi/vec4 56, 0, 8;
    %cmp/u;
    %jmp/1 T_23.56, 6;
    %dup/vec4;
    %pushi/vec4 57, 0, 8;
    %cmp/u;
    %jmp/1 T_23.57, 6;
    %dup/vec4;
    %pushi/vec4 58, 0, 8;
    %cmp/u;
    %jmp/1 T_23.58, 6;
    %dup/vec4;
    %pushi/vec4 59, 0, 8;
    %cmp/u;
    %jmp/1 T_23.59, 6;
    %dup/vec4;
    %pushi/vec4 60, 0, 8;
    %cmp/u;
    %jmp/1 T_23.60, 6;
    %dup/vec4;
    %pushi/vec4 61, 0, 8;
    %cmp/u;
    %jmp/1 T_23.61, 6;
    %dup/vec4;
    %pushi/vec4 62, 0, 8;
    %cmp/u;
    %jmp/1 T_23.62, 6;
    %dup/vec4;
    %pushi/vec4 63, 0, 8;
    %cmp/u;
    %jmp/1 T_23.63, 6;
    %dup/vec4;
    %pushi/vec4 64, 0, 8;
    %cmp/u;
    %jmp/1 T_23.64, 6;
    %dup/vec4;
    %pushi/vec4 65, 0, 8;
    %cmp/u;
    %jmp/1 T_23.65, 6;
    %dup/vec4;
    %pushi/vec4 66, 0, 8;
    %cmp/u;
    %jmp/1 T_23.66, 6;
    %dup/vec4;
    %pushi/vec4 67, 0, 8;
    %cmp/u;
    %jmp/1 T_23.67, 6;
    %dup/vec4;
    %pushi/vec4 68, 0, 8;
    %cmp/u;
    %jmp/1 T_23.68, 6;
    %dup/vec4;
    %pushi/vec4 69, 0, 8;
    %cmp/u;
    %jmp/1 T_23.69, 6;
    %dup/vec4;
    %pushi/vec4 70, 0, 8;
    %cmp/u;
    %jmp/1 T_23.70, 6;
    %dup/vec4;
    %pushi/vec4 71, 0, 8;
    %cmp/u;
    %jmp/1 T_23.71, 6;
    %dup/vec4;
    %pushi/vec4 72, 0, 8;
    %cmp/u;
    %jmp/1 T_23.72, 6;
    %dup/vec4;
    %pushi/vec4 73, 0, 8;
    %cmp/u;
    %jmp/1 T_23.73, 6;
    %dup/vec4;
    %pushi/vec4 74, 0, 8;
    %cmp/u;
    %jmp/1 T_23.74, 6;
    %dup/vec4;
    %pushi/vec4 75, 0, 8;
    %cmp/u;
    %jmp/1 T_23.75, 6;
    %dup/vec4;
    %pushi/vec4 76, 0, 8;
    %cmp/u;
    %jmp/1 T_23.76, 6;
    %dup/vec4;
    %pushi/vec4 77, 0, 8;
    %cmp/u;
    %jmp/1 T_23.77, 6;
    %dup/vec4;
    %pushi/vec4 78, 0, 8;
    %cmp/u;
    %jmp/1 T_23.78, 6;
    %dup/vec4;
    %pushi/vec4 79, 0, 8;
    %cmp/u;
    %jmp/1 T_23.79, 6;
    %dup/vec4;
    %pushi/vec4 80, 0, 8;
    %cmp/u;
    %jmp/1 T_23.80, 6;
    %dup/vec4;
    %pushi/vec4 81, 0, 8;
    %cmp/u;
    %jmp/1 T_23.81, 6;
    %dup/vec4;
    %pushi/vec4 82, 0, 8;
    %cmp/u;
    %jmp/1 T_23.82, 6;
    %dup/vec4;
    %pushi/vec4 83, 0, 8;
    %cmp/u;
    %jmp/1 T_23.83, 6;
    %dup/vec4;
    %pushi/vec4 84, 0, 8;
    %cmp/u;
    %jmp/1 T_23.84, 6;
    %dup/vec4;
    %pushi/vec4 85, 0, 8;
    %cmp/u;
    %jmp/1 T_23.85, 6;
    %dup/vec4;
    %pushi/vec4 86, 0, 8;
    %cmp/u;
    %jmp/1 T_23.86, 6;
    %dup/vec4;
    %pushi/vec4 87, 0, 8;
    %cmp/u;
    %jmp/1 T_23.87, 6;
    %dup/vec4;
    %pushi/vec4 88, 0, 8;
    %cmp/u;
    %jmp/1 T_23.88, 6;
    %dup/vec4;
    %pushi/vec4 89, 0, 8;
    %cmp/u;
    %jmp/1 T_23.89, 6;
    %dup/vec4;
    %pushi/vec4 90, 0, 8;
    %cmp/u;
    %jmp/1 T_23.90, 6;
    %dup/vec4;
    %pushi/vec4 91, 0, 8;
    %cmp/u;
    %jmp/1 T_23.91, 6;
    %dup/vec4;
    %pushi/vec4 92, 0, 8;
    %cmp/u;
    %jmp/1 T_23.92, 6;
    %dup/vec4;
    %pushi/vec4 93, 0, 8;
    %cmp/u;
    %jmp/1 T_23.93, 6;
    %dup/vec4;
    %pushi/vec4 94, 0, 8;
    %cmp/u;
    %jmp/1 T_23.94, 6;
    %dup/vec4;
    %pushi/vec4 95, 0, 8;
    %cmp/u;
    %jmp/1 T_23.95, 6;
    %dup/vec4;
    %pushi/vec4 96, 0, 8;
    %cmp/u;
    %jmp/1 T_23.96, 6;
    %dup/vec4;
    %pushi/vec4 97, 0, 8;
    %cmp/u;
    %jmp/1 T_23.97, 6;
    %dup/vec4;
    %pushi/vec4 98, 0, 8;
    %cmp/u;
    %jmp/1 T_23.98, 6;
    %dup/vec4;
    %pushi/vec4 99, 0, 8;
    %cmp/u;
    %jmp/1 T_23.99, 6;
    %dup/vec4;
    %pushi/vec4 100, 0, 8;
    %cmp/u;
    %jmp/1 T_23.100, 6;
    %dup/vec4;
    %pushi/vec4 101, 0, 8;
    %cmp/u;
    %jmp/1 T_23.101, 6;
    %dup/vec4;
    %pushi/vec4 102, 0, 8;
    %cmp/u;
    %jmp/1 T_23.102, 6;
    %dup/vec4;
    %pushi/vec4 103, 0, 8;
    %cmp/u;
    %jmp/1 T_23.103, 6;
    %dup/vec4;
    %pushi/vec4 104, 0, 8;
    %cmp/u;
    %jmp/1 T_23.104, 6;
    %dup/vec4;
    %pushi/vec4 105, 0, 8;
    %cmp/u;
    %jmp/1 T_23.105, 6;
    %dup/vec4;
    %pushi/vec4 106, 0, 8;
    %cmp/u;
    %jmp/1 T_23.106, 6;
    %dup/vec4;
    %pushi/vec4 107, 0, 8;
    %cmp/u;
    %jmp/1 T_23.107, 6;
    %dup/vec4;
    %pushi/vec4 108, 0, 8;
    %cmp/u;
    %jmp/1 T_23.108, 6;
    %dup/vec4;
    %pushi/vec4 109, 0, 8;
    %cmp/u;
    %jmp/1 T_23.109, 6;
    %dup/vec4;
    %pushi/vec4 110, 0, 8;
    %cmp/u;
    %jmp/1 T_23.110, 6;
    %dup/vec4;
    %pushi/vec4 111, 0, 8;
    %cmp/u;
    %jmp/1 T_23.111, 6;
    %dup/vec4;
    %pushi/vec4 112, 0, 8;
    %cmp/u;
    %jmp/1 T_23.112, 6;
    %dup/vec4;
    %pushi/vec4 113, 0, 8;
    %cmp/u;
    %jmp/1 T_23.113, 6;
    %dup/vec4;
    %pushi/vec4 114, 0, 8;
    %cmp/u;
    %jmp/1 T_23.114, 6;
    %dup/vec4;
    %pushi/vec4 115, 0, 8;
    %cmp/u;
    %jmp/1 T_23.115, 6;
    %dup/vec4;
    %pushi/vec4 116, 0, 8;
    %cmp/u;
    %jmp/1 T_23.116, 6;
    %dup/vec4;
    %pushi/vec4 117, 0, 8;
    %cmp/u;
    %jmp/1 T_23.117, 6;
    %dup/vec4;
    %pushi/vec4 118, 0, 8;
    %cmp/u;
    %jmp/1 T_23.118, 6;
    %dup/vec4;
    %pushi/vec4 119, 0, 8;
    %cmp/u;
    %jmp/1 T_23.119, 6;
    %dup/vec4;
    %pushi/vec4 120, 0, 8;
    %cmp/u;
    %jmp/1 T_23.120, 6;
    %dup/vec4;
    %pushi/vec4 121, 0, 8;
    %cmp/u;
    %jmp/1 T_23.121, 6;
    %dup/vec4;
    %pushi/vec4 122, 0, 8;
    %cmp/u;
    %jmp/1 T_23.122, 6;
    %dup/vec4;
    %pushi/vec4 123, 0, 8;
    %cmp/u;
    %jmp/1 T_23.123, 6;
    %dup/vec4;
    %pushi/vec4 124, 0, 8;
    %cmp/u;
    %jmp/1 T_23.124, 6;
    %dup/vec4;
    %pushi/vec4 125, 0, 8;
    %cmp/u;
    %jmp/1 T_23.125, 6;
    %dup/vec4;
    %pushi/vec4 126, 0, 8;
    %cmp/u;
    %jmp/1 T_23.126, 6;
    %dup/vec4;
    %pushi/vec4 127, 0, 8;
    %cmp/u;
    %jmp/1 T_23.127, 6;
    %dup/vec4;
    %pushi/vec4 128, 0, 8;
    %cmp/u;
    %jmp/1 T_23.128, 6;
    %dup/vec4;
    %pushi/vec4 129, 0, 8;
    %cmp/u;
    %jmp/1 T_23.129, 6;
    %dup/vec4;
    %pushi/vec4 130, 0, 8;
    %cmp/u;
    %jmp/1 T_23.130, 6;
    %dup/vec4;
    %pushi/vec4 131, 0, 8;
    %cmp/u;
    %jmp/1 T_23.131, 6;
    %dup/vec4;
    %pushi/vec4 132, 0, 8;
    %cmp/u;
    %jmp/1 T_23.132, 6;
    %dup/vec4;
    %pushi/vec4 133, 0, 8;
    %cmp/u;
    %jmp/1 T_23.133, 6;
    %dup/vec4;
    %pushi/vec4 134, 0, 8;
    %cmp/u;
    %jmp/1 T_23.134, 6;
    %dup/vec4;
    %pushi/vec4 135, 0, 8;
    %cmp/u;
    %jmp/1 T_23.135, 6;
    %dup/vec4;
    %pushi/vec4 136, 0, 8;
    %cmp/u;
    %jmp/1 T_23.136, 6;
    %dup/vec4;
    %pushi/vec4 137, 0, 8;
    %cmp/u;
    %jmp/1 T_23.137, 6;
    %dup/vec4;
    %pushi/vec4 138, 0, 8;
    %cmp/u;
    %jmp/1 T_23.138, 6;
    %dup/vec4;
    %pushi/vec4 139, 0, 8;
    %cmp/u;
    %jmp/1 T_23.139, 6;
    %dup/vec4;
    %pushi/vec4 140, 0, 8;
    %cmp/u;
    %jmp/1 T_23.140, 6;
    %dup/vec4;
    %pushi/vec4 141, 0, 8;
    %cmp/u;
    %jmp/1 T_23.141, 6;
    %dup/vec4;
    %pushi/vec4 142, 0, 8;
    %cmp/u;
    %jmp/1 T_23.142, 6;
    %dup/vec4;
    %pushi/vec4 143, 0, 8;
    %cmp/u;
    %jmp/1 T_23.143, 6;
    %dup/vec4;
    %pushi/vec4 144, 0, 8;
    %cmp/u;
    %jmp/1 T_23.144, 6;
    %dup/vec4;
    %pushi/vec4 145, 0, 8;
    %cmp/u;
    %jmp/1 T_23.145, 6;
    %dup/vec4;
    %pushi/vec4 146, 0, 8;
    %cmp/u;
    %jmp/1 T_23.146, 6;
    %dup/vec4;
    %pushi/vec4 147, 0, 8;
    %cmp/u;
    %jmp/1 T_23.147, 6;
    %dup/vec4;
    %pushi/vec4 148, 0, 8;
    %cmp/u;
    %jmp/1 T_23.148, 6;
    %dup/vec4;
    %pushi/vec4 149, 0, 8;
    %cmp/u;
    %jmp/1 T_23.149, 6;
    %dup/vec4;
    %pushi/vec4 150, 0, 8;
    %cmp/u;
    %jmp/1 T_23.150, 6;
    %dup/vec4;
    %pushi/vec4 151, 0, 8;
    %cmp/u;
    %jmp/1 T_23.151, 6;
    %dup/vec4;
    %pushi/vec4 152, 0, 8;
    %cmp/u;
    %jmp/1 T_23.152, 6;
    %dup/vec4;
    %pushi/vec4 153, 0, 8;
    %cmp/u;
    %jmp/1 T_23.153, 6;
    %dup/vec4;
    %pushi/vec4 154, 0, 8;
    %cmp/u;
    %jmp/1 T_23.154, 6;
    %dup/vec4;
    %pushi/vec4 155, 0, 8;
    %cmp/u;
    %jmp/1 T_23.155, 6;
    %dup/vec4;
    %pushi/vec4 156, 0, 8;
    %cmp/u;
    %jmp/1 T_23.156, 6;
    %dup/vec4;
    %pushi/vec4 157, 0, 8;
    %cmp/u;
    %jmp/1 T_23.157, 6;
    %dup/vec4;
    %pushi/vec4 158, 0, 8;
    %cmp/u;
    %jmp/1 T_23.158, 6;
    %dup/vec4;
    %pushi/vec4 159, 0, 8;
    %cmp/u;
    %jmp/1 T_23.159, 6;
    %dup/vec4;
    %pushi/vec4 160, 0, 8;
    %cmp/u;
    %jmp/1 T_23.160, 6;
    %dup/vec4;
    %pushi/vec4 161, 0, 8;
    %cmp/u;
    %jmp/1 T_23.161, 6;
    %dup/vec4;
    %pushi/vec4 162, 0, 8;
    %cmp/u;
    %jmp/1 T_23.162, 6;
    %dup/vec4;
    %pushi/vec4 163, 0, 8;
    %cmp/u;
    %jmp/1 T_23.163, 6;
    %dup/vec4;
    %pushi/vec4 164, 0, 8;
    %cmp/u;
    %jmp/1 T_23.164, 6;
    %dup/vec4;
    %pushi/vec4 165, 0, 8;
    %cmp/u;
    %jmp/1 T_23.165, 6;
    %dup/vec4;
    %pushi/vec4 166, 0, 8;
    %cmp/u;
    %jmp/1 T_23.166, 6;
    %dup/vec4;
    %pushi/vec4 167, 0, 8;
    %cmp/u;
    %jmp/1 T_23.167, 6;
    %dup/vec4;
    %pushi/vec4 168, 0, 8;
    %cmp/u;
    %jmp/1 T_23.168, 6;
    %dup/vec4;
    %pushi/vec4 169, 0, 8;
    %cmp/u;
    %jmp/1 T_23.169, 6;
    %dup/vec4;
    %pushi/vec4 170, 0, 8;
    %cmp/u;
    %jmp/1 T_23.170, 6;
    %dup/vec4;
    %pushi/vec4 171, 0, 8;
    %cmp/u;
    %jmp/1 T_23.171, 6;
    %dup/vec4;
    %pushi/vec4 172, 0, 8;
    %cmp/u;
    %jmp/1 T_23.172, 6;
    %dup/vec4;
    %pushi/vec4 173, 0, 8;
    %cmp/u;
    %jmp/1 T_23.173, 6;
    %dup/vec4;
    %pushi/vec4 174, 0, 8;
    %cmp/u;
    %jmp/1 T_23.174, 6;
    %dup/vec4;
    %pushi/vec4 175, 0, 8;
    %cmp/u;
    %jmp/1 T_23.175, 6;
    %dup/vec4;
    %pushi/vec4 176, 0, 8;
    %cmp/u;
    %jmp/1 T_23.176, 6;
    %dup/vec4;
    %pushi/vec4 177, 0, 8;
    %cmp/u;
    %jmp/1 T_23.177, 6;
    %dup/vec4;
    %pushi/vec4 178, 0, 8;
    %cmp/u;
    %jmp/1 T_23.178, 6;
    %dup/vec4;
    %pushi/vec4 179, 0, 8;
    %cmp/u;
    %jmp/1 T_23.179, 6;
    %dup/vec4;
    %pushi/vec4 180, 0, 8;
    %cmp/u;
    %jmp/1 T_23.180, 6;
    %dup/vec4;
    %pushi/vec4 181, 0, 8;
    %cmp/u;
    %jmp/1 T_23.181, 6;
    %dup/vec4;
    %pushi/vec4 182, 0, 8;
    %cmp/u;
    %jmp/1 T_23.182, 6;
    %dup/vec4;
    %pushi/vec4 183, 0, 8;
    %cmp/u;
    %jmp/1 T_23.183, 6;
    %dup/vec4;
    %pushi/vec4 184, 0, 8;
    %cmp/u;
    %jmp/1 T_23.184, 6;
    %dup/vec4;
    %pushi/vec4 185, 0, 8;
    %cmp/u;
    %jmp/1 T_23.185, 6;
    %dup/vec4;
    %pushi/vec4 186, 0, 8;
    %cmp/u;
    %jmp/1 T_23.186, 6;
    %dup/vec4;
    %pushi/vec4 187, 0, 8;
    %cmp/u;
    %jmp/1 T_23.187, 6;
    %dup/vec4;
    %pushi/vec4 188, 0, 8;
    %cmp/u;
    %jmp/1 T_23.188, 6;
    %dup/vec4;
    %pushi/vec4 189, 0, 8;
    %cmp/u;
    %jmp/1 T_23.189, 6;
    %dup/vec4;
    %pushi/vec4 190, 0, 8;
    %cmp/u;
    %jmp/1 T_23.190, 6;
    %dup/vec4;
    %pushi/vec4 191, 0, 8;
    %cmp/u;
    %jmp/1 T_23.191, 6;
    %dup/vec4;
    %pushi/vec4 192, 0, 8;
    %cmp/u;
    %jmp/1 T_23.192, 6;
    %dup/vec4;
    %pushi/vec4 193, 0, 8;
    %cmp/u;
    %jmp/1 T_23.193, 6;
    %dup/vec4;
    %pushi/vec4 194, 0, 8;
    %cmp/u;
    %jmp/1 T_23.194, 6;
    %dup/vec4;
    %pushi/vec4 195, 0, 8;
    %cmp/u;
    %jmp/1 T_23.195, 6;
    %dup/vec4;
    %pushi/vec4 196, 0, 8;
    %cmp/u;
    %jmp/1 T_23.196, 6;
    %dup/vec4;
    %pushi/vec4 197, 0, 8;
    %cmp/u;
    %jmp/1 T_23.197, 6;
    %dup/vec4;
    %pushi/vec4 198, 0, 8;
    %cmp/u;
    %jmp/1 T_23.198, 6;
    %dup/vec4;
    %pushi/vec4 199, 0, 8;
    %cmp/u;
    %jmp/1 T_23.199, 6;
    %dup/vec4;
    %pushi/vec4 200, 0, 8;
    %cmp/u;
    %jmp/1 T_23.200, 6;
    %dup/vec4;
    %pushi/vec4 201, 0, 8;
    %cmp/u;
    %jmp/1 T_23.201, 6;
    %dup/vec4;
    %pushi/vec4 202, 0, 8;
    %cmp/u;
    %jmp/1 T_23.202, 6;
    %dup/vec4;
    %pushi/vec4 203, 0, 8;
    %cmp/u;
    %jmp/1 T_23.203, 6;
    %dup/vec4;
    %pushi/vec4 204, 0, 8;
    %cmp/u;
    %jmp/1 T_23.204, 6;
    %dup/vec4;
    %pushi/vec4 205, 0, 8;
    %cmp/u;
    %jmp/1 T_23.205, 6;
    %dup/vec4;
    %pushi/vec4 206, 0, 8;
    %cmp/u;
    %jmp/1 T_23.206, 6;
    %dup/vec4;
    %pushi/vec4 207, 0, 8;
    %cmp/u;
    %jmp/1 T_23.207, 6;
    %dup/vec4;
    %pushi/vec4 208, 0, 8;
    %cmp/u;
    %jmp/1 T_23.208, 6;
    %dup/vec4;
    %pushi/vec4 209, 0, 8;
    %cmp/u;
    %jmp/1 T_23.209, 6;
    %dup/vec4;
    %pushi/vec4 210, 0, 8;
    %cmp/u;
    %jmp/1 T_23.210, 6;
    %dup/vec4;
    %pushi/vec4 211, 0, 8;
    %cmp/u;
    %jmp/1 T_23.211, 6;
    %dup/vec4;
    %pushi/vec4 212, 0, 8;
    %cmp/u;
    %jmp/1 T_23.212, 6;
    %dup/vec4;
    %pushi/vec4 213, 0, 8;
    %cmp/u;
    %jmp/1 T_23.213, 6;
    %dup/vec4;
    %pushi/vec4 214, 0, 8;
    %cmp/u;
    %jmp/1 T_23.214, 6;
    %dup/vec4;
    %pushi/vec4 215, 0, 8;
    %cmp/u;
    %jmp/1 T_23.215, 6;
    %dup/vec4;
    %pushi/vec4 216, 0, 8;
    %cmp/u;
    %jmp/1 T_23.216, 6;
    %dup/vec4;
    %pushi/vec4 217, 0, 8;
    %cmp/u;
    %jmp/1 T_23.217, 6;
    %dup/vec4;
    %pushi/vec4 218, 0, 8;
    %cmp/u;
    %jmp/1 T_23.218, 6;
    %dup/vec4;
    %pushi/vec4 219, 0, 8;
    %cmp/u;
    %jmp/1 T_23.219, 6;
    %dup/vec4;
    %pushi/vec4 220, 0, 8;
    %cmp/u;
    %jmp/1 T_23.220, 6;
    %dup/vec4;
    %pushi/vec4 221, 0, 8;
    %cmp/u;
    %jmp/1 T_23.221, 6;
    %dup/vec4;
    %pushi/vec4 222, 0, 8;
    %cmp/u;
    %jmp/1 T_23.222, 6;
    %dup/vec4;
    %pushi/vec4 223, 0, 8;
    %cmp/u;
    %jmp/1 T_23.223, 6;
    %dup/vec4;
    %pushi/vec4 224, 0, 8;
    %cmp/u;
    %jmp/1 T_23.224, 6;
    %dup/vec4;
    %pushi/vec4 225, 0, 8;
    %cmp/u;
    %jmp/1 T_23.225, 6;
    %dup/vec4;
    %pushi/vec4 226, 0, 8;
    %cmp/u;
    %jmp/1 T_23.226, 6;
    %dup/vec4;
    %pushi/vec4 227, 0, 8;
    %cmp/u;
    %jmp/1 T_23.227, 6;
    %dup/vec4;
    %pushi/vec4 228, 0, 8;
    %cmp/u;
    %jmp/1 T_23.228, 6;
    %dup/vec4;
    %pushi/vec4 229, 0, 8;
    %cmp/u;
    %jmp/1 T_23.229, 6;
    %dup/vec4;
    %pushi/vec4 230, 0, 8;
    %cmp/u;
    %jmp/1 T_23.230, 6;
    %dup/vec4;
    %pushi/vec4 231, 0, 8;
    %cmp/u;
    %jmp/1 T_23.231, 6;
    %dup/vec4;
    %pushi/vec4 232, 0, 8;
    %cmp/u;
    %jmp/1 T_23.232, 6;
    %dup/vec4;
    %pushi/vec4 233, 0, 8;
    %cmp/u;
    %jmp/1 T_23.233, 6;
    %dup/vec4;
    %pushi/vec4 234, 0, 8;
    %cmp/u;
    %jmp/1 T_23.234, 6;
    %dup/vec4;
    %pushi/vec4 235, 0, 8;
    %cmp/u;
    %jmp/1 T_23.235, 6;
    %dup/vec4;
    %pushi/vec4 236, 0, 8;
    %cmp/u;
    %jmp/1 T_23.236, 6;
    %dup/vec4;
    %pushi/vec4 237, 0, 8;
    %cmp/u;
    %jmp/1 T_23.237, 6;
    %dup/vec4;
    %pushi/vec4 238, 0, 8;
    %cmp/u;
    %jmp/1 T_23.238, 6;
    %dup/vec4;
    %pushi/vec4 239, 0, 8;
    %cmp/u;
    %jmp/1 T_23.239, 6;
    %dup/vec4;
    %pushi/vec4 240, 0, 8;
    %cmp/u;
    %jmp/1 T_23.240, 6;
    %dup/vec4;
    %pushi/vec4 241, 0, 8;
    %cmp/u;
    %jmp/1 T_23.241, 6;
    %dup/vec4;
    %pushi/vec4 242, 0, 8;
    %cmp/u;
    %jmp/1 T_23.242, 6;
    %dup/vec4;
    %pushi/vec4 243, 0, 8;
    %cmp/u;
    %jmp/1 T_23.243, 6;
    %dup/vec4;
    %pushi/vec4 244, 0, 8;
    %cmp/u;
    %jmp/1 T_23.244, 6;
    %dup/vec4;
    %pushi/vec4 245, 0, 8;
    %cmp/u;
    %jmp/1 T_23.245, 6;
    %dup/vec4;
    %pushi/vec4 246, 0, 8;
    %cmp/u;
    %jmp/1 T_23.246, 6;
    %dup/vec4;
    %pushi/vec4 247, 0, 8;
    %cmp/u;
    %jmp/1 T_23.247, 6;
    %dup/vec4;
    %pushi/vec4 248, 0, 8;
    %cmp/u;
    %jmp/1 T_23.248, 6;
    %dup/vec4;
    %pushi/vec4 249, 0, 8;
    %cmp/u;
    %jmp/1 T_23.249, 6;
    %dup/vec4;
    %pushi/vec4 250, 0, 8;
    %cmp/u;
    %jmp/1 T_23.250, 6;
    %dup/vec4;
    %pushi/vec4 251, 0, 8;
    %cmp/u;
    %jmp/1 T_23.251, 6;
    %dup/vec4;
    %pushi/vec4 252, 0, 8;
    %cmp/u;
    %jmp/1 T_23.252, 6;
    %dup/vec4;
    %pushi/vec4 253, 0, 8;
    %cmp/u;
    %jmp/1 T_23.253, 6;
    %dup/vec4;
    %pushi/vec4 254, 0, 8;
    %cmp/u;
    %jmp/1 T_23.254, 6;
    %dup/vec4;
    %pushi/vec4 255, 0, 8;
    %cmp/u;
    %jmp/1 T_23.255, 6;
    %jmp T_23.256;
T_23.0 ;
    %pushi/vec4 99, 0, 8;
    %store/vec4 v00000174f7e8e580_0, 0, 8;
    %jmp T_23.256;
T_23.1 ;
    %pushi/vec4 124, 0, 8;
    %store/vec4 v00000174f7e8e580_0, 0, 8;
    %jmp T_23.256;
T_23.2 ;
    %pushi/vec4 119, 0, 8;
    %store/vec4 v00000174f7e8e580_0, 0, 8;
    %jmp T_23.256;
T_23.3 ;
    %pushi/vec4 123, 0, 8;
    %store/vec4 v00000174f7e8e580_0, 0, 8;
    %jmp T_23.256;
T_23.4 ;
    %pushi/vec4 242, 0, 8;
    %store/vec4 v00000174f7e8e580_0, 0, 8;
    %jmp T_23.256;
T_23.5 ;
    %pushi/vec4 107, 0, 8;
    %store/vec4 v00000174f7e8e580_0, 0, 8;
    %jmp T_23.256;
T_23.6 ;
    %pushi/vec4 111, 0, 8;
    %store/vec4 v00000174f7e8e580_0, 0, 8;
    %jmp T_23.256;
T_23.7 ;
    %pushi/vec4 197, 0, 8;
    %store/vec4 v00000174f7e8e580_0, 0, 8;
    %jmp T_23.256;
T_23.8 ;
    %pushi/vec4 48, 0, 8;
    %store/vec4 v00000174f7e8e580_0, 0, 8;
    %jmp T_23.256;
T_23.9 ;
    %pushi/vec4 1, 0, 8;
    %store/vec4 v00000174f7e8e580_0, 0, 8;
    %jmp T_23.256;
T_23.10 ;
    %pushi/vec4 103, 0, 8;
    %store/vec4 v00000174f7e8e580_0, 0, 8;
    %jmp T_23.256;
T_23.11 ;
    %pushi/vec4 43, 0, 8;
    %store/vec4 v00000174f7e8e580_0, 0, 8;
    %jmp T_23.256;
T_23.12 ;
    %pushi/vec4 254, 0, 8;
    %store/vec4 v00000174f7e8e580_0, 0, 8;
    %jmp T_23.256;
T_23.13 ;
    %pushi/vec4 215, 0, 8;
    %store/vec4 v00000174f7e8e580_0, 0, 8;
    %jmp T_23.256;
T_23.14 ;
    %pushi/vec4 171, 0, 8;
    %store/vec4 v00000174f7e8e580_0, 0, 8;
    %jmp T_23.256;
T_23.15 ;
    %pushi/vec4 118, 0, 8;
    %store/vec4 v00000174f7e8e580_0, 0, 8;
    %jmp T_23.256;
T_23.16 ;
    %pushi/vec4 202, 0, 8;
    %store/vec4 v00000174f7e8e580_0, 0, 8;
    %jmp T_23.256;
T_23.17 ;
    %pushi/vec4 130, 0, 8;
    %store/vec4 v00000174f7e8e580_0, 0, 8;
    %jmp T_23.256;
T_23.18 ;
    %pushi/vec4 201, 0, 8;
    %store/vec4 v00000174f7e8e580_0, 0, 8;
    %jmp T_23.256;
T_23.19 ;
    %pushi/vec4 125, 0, 8;
    %store/vec4 v00000174f7e8e580_0, 0, 8;
    %jmp T_23.256;
T_23.20 ;
    %pushi/vec4 250, 0, 8;
    %store/vec4 v00000174f7e8e580_0, 0, 8;
    %jmp T_23.256;
T_23.21 ;
    %pushi/vec4 89, 0, 8;
    %store/vec4 v00000174f7e8e580_0, 0, 8;
    %jmp T_23.256;
T_23.22 ;
    %pushi/vec4 71, 0, 8;
    %store/vec4 v00000174f7e8e580_0, 0, 8;
    %jmp T_23.256;
T_23.23 ;
    %pushi/vec4 240, 0, 8;
    %store/vec4 v00000174f7e8e580_0, 0, 8;
    %jmp T_23.256;
T_23.24 ;
    %pushi/vec4 173, 0, 8;
    %store/vec4 v00000174f7e8e580_0, 0, 8;
    %jmp T_23.256;
T_23.25 ;
    %pushi/vec4 212, 0, 8;
    %store/vec4 v00000174f7e8e580_0, 0, 8;
    %jmp T_23.256;
T_23.26 ;
    %pushi/vec4 162, 0, 8;
    %store/vec4 v00000174f7e8e580_0, 0, 8;
    %jmp T_23.256;
T_23.27 ;
    %pushi/vec4 175, 0, 8;
    %store/vec4 v00000174f7e8e580_0, 0, 8;
    %jmp T_23.256;
T_23.28 ;
    %pushi/vec4 156, 0, 8;
    %store/vec4 v00000174f7e8e580_0, 0, 8;
    %jmp T_23.256;
T_23.29 ;
    %pushi/vec4 164, 0, 8;
    %store/vec4 v00000174f7e8e580_0, 0, 8;
    %jmp T_23.256;
T_23.30 ;
    %pushi/vec4 114, 0, 8;
    %store/vec4 v00000174f7e8e580_0, 0, 8;
    %jmp T_23.256;
T_23.31 ;
    %pushi/vec4 192, 0, 8;
    %store/vec4 v00000174f7e8e580_0, 0, 8;
    %jmp T_23.256;
T_23.32 ;
    %pushi/vec4 183, 0, 8;
    %store/vec4 v00000174f7e8e580_0, 0, 8;
    %jmp T_23.256;
T_23.33 ;
    %pushi/vec4 253, 0, 8;
    %store/vec4 v00000174f7e8e580_0, 0, 8;
    %jmp T_23.256;
T_23.34 ;
    %pushi/vec4 147, 0, 8;
    %store/vec4 v00000174f7e8e580_0, 0, 8;
    %jmp T_23.256;
T_23.35 ;
    %pushi/vec4 38, 0, 8;
    %store/vec4 v00000174f7e8e580_0, 0, 8;
    %jmp T_23.256;
T_23.36 ;
    %pushi/vec4 54, 0, 8;
    %store/vec4 v00000174f7e8e580_0, 0, 8;
    %jmp T_23.256;
T_23.37 ;
    %pushi/vec4 63, 0, 8;
    %store/vec4 v00000174f7e8e580_0, 0, 8;
    %jmp T_23.256;
T_23.38 ;
    %pushi/vec4 247, 0, 8;
    %store/vec4 v00000174f7e8e580_0, 0, 8;
    %jmp T_23.256;
T_23.39 ;
    %pushi/vec4 204, 0, 8;
    %store/vec4 v00000174f7e8e580_0, 0, 8;
    %jmp T_23.256;
T_23.40 ;
    %pushi/vec4 52, 0, 8;
    %store/vec4 v00000174f7e8e580_0, 0, 8;
    %jmp T_23.256;
T_23.41 ;
    %pushi/vec4 165, 0, 8;
    %store/vec4 v00000174f7e8e580_0, 0, 8;
    %jmp T_23.256;
T_23.42 ;
    %pushi/vec4 229, 0, 8;
    %store/vec4 v00000174f7e8e580_0, 0, 8;
    %jmp T_23.256;
T_23.43 ;
    %pushi/vec4 241, 0, 8;
    %store/vec4 v00000174f7e8e580_0, 0, 8;
    %jmp T_23.256;
T_23.44 ;
    %pushi/vec4 113, 0, 8;
    %store/vec4 v00000174f7e8e580_0, 0, 8;
    %jmp T_23.256;
T_23.45 ;
    %pushi/vec4 216, 0, 8;
    %store/vec4 v00000174f7e8e580_0, 0, 8;
    %jmp T_23.256;
T_23.46 ;
    %pushi/vec4 49, 0, 8;
    %store/vec4 v00000174f7e8e580_0, 0, 8;
    %jmp T_23.256;
T_23.47 ;
    %pushi/vec4 21, 0, 8;
    %store/vec4 v00000174f7e8e580_0, 0, 8;
    %jmp T_23.256;
T_23.48 ;
    %pushi/vec4 4, 0, 8;
    %store/vec4 v00000174f7e8e580_0, 0, 8;
    %jmp T_23.256;
T_23.49 ;
    %pushi/vec4 199, 0, 8;
    %store/vec4 v00000174f7e8e580_0, 0, 8;
    %jmp T_23.256;
T_23.50 ;
    %pushi/vec4 35, 0, 8;
    %store/vec4 v00000174f7e8e580_0, 0, 8;
    %jmp T_23.256;
T_23.51 ;
    %pushi/vec4 195, 0, 8;
    %store/vec4 v00000174f7e8e580_0, 0, 8;
    %jmp T_23.256;
T_23.52 ;
    %pushi/vec4 24, 0, 8;
    %store/vec4 v00000174f7e8e580_0, 0, 8;
    %jmp T_23.256;
T_23.53 ;
    %pushi/vec4 150, 0, 8;
    %store/vec4 v00000174f7e8e580_0, 0, 8;
    %jmp T_23.256;
T_23.54 ;
    %pushi/vec4 5, 0, 8;
    %store/vec4 v00000174f7e8e580_0, 0, 8;
    %jmp T_23.256;
T_23.55 ;
    %pushi/vec4 154, 0, 8;
    %store/vec4 v00000174f7e8e580_0, 0, 8;
    %jmp T_23.256;
T_23.56 ;
    %pushi/vec4 7, 0, 8;
    %store/vec4 v00000174f7e8e580_0, 0, 8;
    %jmp T_23.256;
T_23.57 ;
    %pushi/vec4 18, 0, 8;
    %store/vec4 v00000174f7e8e580_0, 0, 8;
    %jmp T_23.256;
T_23.58 ;
    %pushi/vec4 128, 0, 8;
    %store/vec4 v00000174f7e8e580_0, 0, 8;
    %jmp T_23.256;
T_23.59 ;
    %pushi/vec4 226, 0, 8;
    %store/vec4 v00000174f7e8e580_0, 0, 8;
    %jmp T_23.256;
T_23.60 ;
    %pushi/vec4 235, 0, 8;
    %store/vec4 v00000174f7e8e580_0, 0, 8;
    %jmp T_23.256;
T_23.61 ;
    %pushi/vec4 39, 0, 8;
    %store/vec4 v00000174f7e8e580_0, 0, 8;
    %jmp T_23.256;
T_23.62 ;
    %pushi/vec4 178, 0, 8;
    %store/vec4 v00000174f7e8e580_0, 0, 8;
    %jmp T_23.256;
T_23.63 ;
    %pushi/vec4 117, 0, 8;
    %store/vec4 v00000174f7e8e580_0, 0, 8;
    %jmp T_23.256;
T_23.64 ;
    %pushi/vec4 9, 0, 8;
    %store/vec4 v00000174f7e8e580_0, 0, 8;
    %jmp T_23.256;
T_23.65 ;
    %pushi/vec4 131, 0, 8;
    %store/vec4 v00000174f7e8e580_0, 0, 8;
    %jmp T_23.256;
T_23.66 ;
    %pushi/vec4 44, 0, 8;
    %store/vec4 v00000174f7e8e580_0, 0, 8;
    %jmp T_23.256;
T_23.67 ;
    %pushi/vec4 26, 0, 8;
    %store/vec4 v00000174f7e8e580_0, 0, 8;
    %jmp T_23.256;
T_23.68 ;
    %pushi/vec4 27, 0, 8;
    %store/vec4 v00000174f7e8e580_0, 0, 8;
    %jmp T_23.256;
T_23.69 ;
    %pushi/vec4 110, 0, 8;
    %store/vec4 v00000174f7e8e580_0, 0, 8;
    %jmp T_23.256;
T_23.70 ;
    %pushi/vec4 90, 0, 8;
    %store/vec4 v00000174f7e8e580_0, 0, 8;
    %jmp T_23.256;
T_23.71 ;
    %pushi/vec4 160, 0, 8;
    %store/vec4 v00000174f7e8e580_0, 0, 8;
    %jmp T_23.256;
T_23.72 ;
    %pushi/vec4 82, 0, 8;
    %store/vec4 v00000174f7e8e580_0, 0, 8;
    %jmp T_23.256;
T_23.73 ;
    %pushi/vec4 59, 0, 8;
    %store/vec4 v00000174f7e8e580_0, 0, 8;
    %jmp T_23.256;
T_23.74 ;
    %pushi/vec4 214, 0, 8;
    %store/vec4 v00000174f7e8e580_0, 0, 8;
    %jmp T_23.256;
T_23.75 ;
    %pushi/vec4 179, 0, 8;
    %store/vec4 v00000174f7e8e580_0, 0, 8;
    %jmp T_23.256;
T_23.76 ;
    %pushi/vec4 41, 0, 8;
    %store/vec4 v00000174f7e8e580_0, 0, 8;
    %jmp T_23.256;
T_23.77 ;
    %pushi/vec4 227, 0, 8;
    %store/vec4 v00000174f7e8e580_0, 0, 8;
    %jmp T_23.256;
T_23.78 ;
    %pushi/vec4 47, 0, 8;
    %store/vec4 v00000174f7e8e580_0, 0, 8;
    %jmp T_23.256;
T_23.79 ;
    %pushi/vec4 132, 0, 8;
    %store/vec4 v00000174f7e8e580_0, 0, 8;
    %jmp T_23.256;
T_23.80 ;
    %pushi/vec4 83, 0, 8;
    %store/vec4 v00000174f7e8e580_0, 0, 8;
    %jmp T_23.256;
T_23.81 ;
    %pushi/vec4 209, 0, 8;
    %store/vec4 v00000174f7e8e580_0, 0, 8;
    %jmp T_23.256;
T_23.82 ;
    %pushi/vec4 0, 0, 8;
    %store/vec4 v00000174f7e8e580_0, 0, 8;
    %jmp T_23.256;
T_23.83 ;
    %pushi/vec4 237, 0, 8;
    %store/vec4 v00000174f7e8e580_0, 0, 8;
    %jmp T_23.256;
T_23.84 ;
    %pushi/vec4 32, 0, 8;
    %store/vec4 v00000174f7e8e580_0, 0, 8;
    %jmp T_23.256;
T_23.85 ;
    %pushi/vec4 252, 0, 8;
    %store/vec4 v00000174f7e8e580_0, 0, 8;
    %jmp T_23.256;
T_23.86 ;
    %pushi/vec4 177, 0, 8;
    %store/vec4 v00000174f7e8e580_0, 0, 8;
    %jmp T_23.256;
T_23.87 ;
    %pushi/vec4 91, 0, 8;
    %store/vec4 v00000174f7e8e580_0, 0, 8;
    %jmp T_23.256;
T_23.88 ;
    %pushi/vec4 106, 0, 8;
    %store/vec4 v00000174f7e8e580_0, 0, 8;
    %jmp T_23.256;
T_23.89 ;
    %pushi/vec4 203, 0, 8;
    %store/vec4 v00000174f7e8e580_0, 0, 8;
    %jmp T_23.256;
T_23.90 ;
    %pushi/vec4 190, 0, 8;
    %store/vec4 v00000174f7e8e580_0, 0, 8;
    %jmp T_23.256;
T_23.91 ;
    %pushi/vec4 57, 0, 8;
    %store/vec4 v00000174f7e8e580_0, 0, 8;
    %jmp T_23.256;
T_23.92 ;
    %pushi/vec4 74, 0, 8;
    %store/vec4 v00000174f7e8e580_0, 0, 8;
    %jmp T_23.256;
T_23.93 ;
    %pushi/vec4 76, 0, 8;
    %store/vec4 v00000174f7e8e580_0, 0, 8;
    %jmp T_23.256;
T_23.94 ;
    %pushi/vec4 88, 0, 8;
    %store/vec4 v00000174f7e8e580_0, 0, 8;
    %jmp T_23.256;
T_23.95 ;
    %pushi/vec4 207, 0, 8;
    %store/vec4 v00000174f7e8e580_0, 0, 8;
    %jmp T_23.256;
T_23.96 ;
    %pushi/vec4 208, 0, 8;
    %store/vec4 v00000174f7e8e580_0, 0, 8;
    %jmp T_23.256;
T_23.97 ;
    %pushi/vec4 239, 0, 8;
    %store/vec4 v00000174f7e8e580_0, 0, 8;
    %jmp T_23.256;
T_23.98 ;
    %pushi/vec4 170, 0, 8;
    %store/vec4 v00000174f7e8e580_0, 0, 8;
    %jmp T_23.256;
T_23.99 ;
    %pushi/vec4 251, 0, 8;
    %store/vec4 v00000174f7e8e580_0, 0, 8;
    %jmp T_23.256;
T_23.100 ;
    %pushi/vec4 67, 0, 8;
    %store/vec4 v00000174f7e8e580_0, 0, 8;
    %jmp T_23.256;
T_23.101 ;
    %pushi/vec4 77, 0, 8;
    %store/vec4 v00000174f7e8e580_0, 0, 8;
    %jmp T_23.256;
T_23.102 ;
    %pushi/vec4 51, 0, 8;
    %store/vec4 v00000174f7e8e580_0, 0, 8;
    %jmp T_23.256;
T_23.103 ;
    %pushi/vec4 133, 0, 8;
    %store/vec4 v00000174f7e8e580_0, 0, 8;
    %jmp T_23.256;
T_23.104 ;
    %pushi/vec4 69, 0, 8;
    %store/vec4 v00000174f7e8e580_0, 0, 8;
    %jmp T_23.256;
T_23.105 ;
    %pushi/vec4 249, 0, 8;
    %store/vec4 v00000174f7e8e580_0, 0, 8;
    %jmp T_23.256;
T_23.106 ;
    %pushi/vec4 2, 0, 8;
    %store/vec4 v00000174f7e8e580_0, 0, 8;
    %jmp T_23.256;
T_23.107 ;
    %pushi/vec4 127, 0, 8;
    %store/vec4 v00000174f7e8e580_0, 0, 8;
    %jmp T_23.256;
T_23.108 ;
    %pushi/vec4 80, 0, 8;
    %store/vec4 v00000174f7e8e580_0, 0, 8;
    %jmp T_23.256;
T_23.109 ;
    %pushi/vec4 60, 0, 8;
    %store/vec4 v00000174f7e8e580_0, 0, 8;
    %jmp T_23.256;
T_23.110 ;
    %pushi/vec4 159, 0, 8;
    %store/vec4 v00000174f7e8e580_0, 0, 8;
    %jmp T_23.256;
T_23.111 ;
    %pushi/vec4 168, 0, 8;
    %store/vec4 v00000174f7e8e580_0, 0, 8;
    %jmp T_23.256;
T_23.112 ;
    %pushi/vec4 81, 0, 8;
    %store/vec4 v00000174f7e8e580_0, 0, 8;
    %jmp T_23.256;
T_23.113 ;
    %pushi/vec4 163, 0, 8;
    %store/vec4 v00000174f7e8e580_0, 0, 8;
    %jmp T_23.256;
T_23.114 ;
    %pushi/vec4 64, 0, 8;
    %store/vec4 v00000174f7e8e580_0, 0, 8;
    %jmp T_23.256;
T_23.115 ;
    %pushi/vec4 143, 0, 8;
    %store/vec4 v00000174f7e8e580_0, 0, 8;
    %jmp T_23.256;
T_23.116 ;
    %pushi/vec4 146, 0, 8;
    %store/vec4 v00000174f7e8e580_0, 0, 8;
    %jmp T_23.256;
T_23.117 ;
    %pushi/vec4 157, 0, 8;
    %store/vec4 v00000174f7e8e580_0, 0, 8;
    %jmp T_23.256;
T_23.118 ;
    %pushi/vec4 56, 0, 8;
    %store/vec4 v00000174f7e8e580_0, 0, 8;
    %jmp T_23.256;
T_23.119 ;
    %pushi/vec4 245, 0, 8;
    %store/vec4 v00000174f7e8e580_0, 0, 8;
    %jmp T_23.256;
T_23.120 ;
    %pushi/vec4 188, 0, 8;
    %store/vec4 v00000174f7e8e580_0, 0, 8;
    %jmp T_23.256;
T_23.121 ;
    %pushi/vec4 182, 0, 8;
    %store/vec4 v00000174f7e8e580_0, 0, 8;
    %jmp T_23.256;
T_23.122 ;
    %pushi/vec4 218, 0, 8;
    %store/vec4 v00000174f7e8e580_0, 0, 8;
    %jmp T_23.256;
T_23.123 ;
    %pushi/vec4 33, 0, 8;
    %store/vec4 v00000174f7e8e580_0, 0, 8;
    %jmp T_23.256;
T_23.124 ;
    %pushi/vec4 16, 0, 8;
    %store/vec4 v00000174f7e8e580_0, 0, 8;
    %jmp T_23.256;
T_23.125 ;
    %pushi/vec4 255, 0, 8;
    %store/vec4 v00000174f7e8e580_0, 0, 8;
    %jmp T_23.256;
T_23.126 ;
    %pushi/vec4 243, 0, 8;
    %store/vec4 v00000174f7e8e580_0, 0, 8;
    %jmp T_23.256;
T_23.127 ;
    %pushi/vec4 210, 0, 8;
    %store/vec4 v00000174f7e8e580_0, 0, 8;
    %jmp T_23.256;
T_23.128 ;
    %pushi/vec4 205, 0, 8;
    %store/vec4 v00000174f7e8e580_0, 0, 8;
    %jmp T_23.256;
T_23.129 ;
    %pushi/vec4 12, 0, 8;
    %store/vec4 v00000174f7e8e580_0, 0, 8;
    %jmp T_23.256;
T_23.130 ;
    %pushi/vec4 19, 0, 8;
    %store/vec4 v00000174f7e8e580_0, 0, 8;
    %jmp T_23.256;
T_23.131 ;
    %pushi/vec4 236, 0, 8;
    %store/vec4 v00000174f7e8e580_0, 0, 8;
    %jmp T_23.256;
T_23.132 ;
    %pushi/vec4 95, 0, 8;
    %store/vec4 v00000174f7e8e580_0, 0, 8;
    %jmp T_23.256;
T_23.133 ;
    %pushi/vec4 151, 0, 8;
    %store/vec4 v00000174f7e8e580_0, 0, 8;
    %jmp T_23.256;
T_23.134 ;
    %pushi/vec4 68, 0, 8;
    %store/vec4 v00000174f7e8e580_0, 0, 8;
    %jmp T_23.256;
T_23.135 ;
    %pushi/vec4 23, 0, 8;
    %store/vec4 v00000174f7e8e580_0, 0, 8;
    %jmp T_23.256;
T_23.136 ;
    %pushi/vec4 196, 0, 8;
    %store/vec4 v00000174f7e8e580_0, 0, 8;
    %jmp T_23.256;
T_23.137 ;
    %pushi/vec4 167, 0, 8;
    %store/vec4 v00000174f7e8e580_0, 0, 8;
    %jmp T_23.256;
T_23.138 ;
    %pushi/vec4 126, 0, 8;
    %store/vec4 v00000174f7e8e580_0, 0, 8;
    %jmp T_23.256;
T_23.139 ;
    %pushi/vec4 61, 0, 8;
    %store/vec4 v00000174f7e8e580_0, 0, 8;
    %jmp T_23.256;
T_23.140 ;
    %pushi/vec4 100, 0, 8;
    %store/vec4 v00000174f7e8e580_0, 0, 8;
    %jmp T_23.256;
T_23.141 ;
    %pushi/vec4 93, 0, 8;
    %store/vec4 v00000174f7e8e580_0, 0, 8;
    %jmp T_23.256;
T_23.142 ;
    %pushi/vec4 25, 0, 8;
    %store/vec4 v00000174f7e8e580_0, 0, 8;
    %jmp T_23.256;
T_23.143 ;
    %pushi/vec4 115, 0, 8;
    %store/vec4 v00000174f7e8e580_0, 0, 8;
    %jmp T_23.256;
T_23.144 ;
    %pushi/vec4 96, 0, 8;
    %store/vec4 v00000174f7e8e580_0, 0, 8;
    %jmp T_23.256;
T_23.145 ;
    %pushi/vec4 129, 0, 8;
    %store/vec4 v00000174f7e8e580_0, 0, 8;
    %jmp T_23.256;
T_23.146 ;
    %pushi/vec4 79, 0, 8;
    %store/vec4 v00000174f7e8e580_0, 0, 8;
    %jmp T_23.256;
T_23.147 ;
    %pushi/vec4 220, 0, 8;
    %store/vec4 v00000174f7e8e580_0, 0, 8;
    %jmp T_23.256;
T_23.148 ;
    %pushi/vec4 34, 0, 8;
    %store/vec4 v00000174f7e8e580_0, 0, 8;
    %jmp T_23.256;
T_23.149 ;
    %pushi/vec4 42, 0, 8;
    %store/vec4 v00000174f7e8e580_0, 0, 8;
    %jmp T_23.256;
T_23.150 ;
    %pushi/vec4 144, 0, 8;
    %store/vec4 v00000174f7e8e580_0, 0, 8;
    %jmp T_23.256;
T_23.151 ;
    %pushi/vec4 136, 0, 8;
    %store/vec4 v00000174f7e8e580_0, 0, 8;
    %jmp T_23.256;
T_23.152 ;
    %pushi/vec4 70, 0, 8;
    %store/vec4 v00000174f7e8e580_0, 0, 8;
    %jmp T_23.256;
T_23.153 ;
    %pushi/vec4 238, 0, 8;
    %store/vec4 v00000174f7e8e580_0, 0, 8;
    %jmp T_23.256;
T_23.154 ;
    %pushi/vec4 184, 0, 8;
    %store/vec4 v00000174f7e8e580_0, 0, 8;
    %jmp T_23.256;
T_23.155 ;
    %pushi/vec4 20, 0, 8;
    %store/vec4 v00000174f7e8e580_0, 0, 8;
    %jmp T_23.256;
T_23.156 ;
    %pushi/vec4 222, 0, 8;
    %store/vec4 v00000174f7e8e580_0, 0, 8;
    %jmp T_23.256;
T_23.157 ;
    %pushi/vec4 94, 0, 8;
    %store/vec4 v00000174f7e8e580_0, 0, 8;
    %jmp T_23.256;
T_23.158 ;
    %pushi/vec4 11, 0, 8;
    %store/vec4 v00000174f7e8e580_0, 0, 8;
    %jmp T_23.256;
T_23.159 ;
    %pushi/vec4 219, 0, 8;
    %store/vec4 v00000174f7e8e580_0, 0, 8;
    %jmp T_23.256;
T_23.160 ;
    %pushi/vec4 224, 0, 8;
    %store/vec4 v00000174f7e8e580_0, 0, 8;
    %jmp T_23.256;
T_23.161 ;
    %pushi/vec4 50, 0, 8;
    %store/vec4 v00000174f7e8e580_0, 0, 8;
    %jmp T_23.256;
T_23.162 ;
    %pushi/vec4 58, 0, 8;
    %store/vec4 v00000174f7e8e580_0, 0, 8;
    %jmp T_23.256;
T_23.163 ;
    %pushi/vec4 10, 0, 8;
    %store/vec4 v00000174f7e8e580_0, 0, 8;
    %jmp T_23.256;
T_23.164 ;
    %pushi/vec4 73, 0, 8;
    %store/vec4 v00000174f7e8e580_0, 0, 8;
    %jmp T_23.256;
T_23.165 ;
    %pushi/vec4 6, 0, 8;
    %store/vec4 v00000174f7e8e580_0, 0, 8;
    %jmp T_23.256;
T_23.166 ;
    %pushi/vec4 36, 0, 8;
    %store/vec4 v00000174f7e8e580_0, 0, 8;
    %jmp T_23.256;
T_23.167 ;
    %pushi/vec4 92, 0, 8;
    %store/vec4 v00000174f7e8e580_0, 0, 8;
    %jmp T_23.256;
T_23.168 ;
    %pushi/vec4 194, 0, 8;
    %store/vec4 v00000174f7e8e580_0, 0, 8;
    %jmp T_23.256;
T_23.169 ;
    %pushi/vec4 211, 0, 8;
    %store/vec4 v00000174f7e8e580_0, 0, 8;
    %jmp T_23.256;
T_23.170 ;
    %pushi/vec4 172, 0, 8;
    %store/vec4 v00000174f7e8e580_0, 0, 8;
    %jmp T_23.256;
T_23.171 ;
    %pushi/vec4 98, 0, 8;
    %store/vec4 v00000174f7e8e580_0, 0, 8;
    %jmp T_23.256;
T_23.172 ;
    %pushi/vec4 145, 0, 8;
    %store/vec4 v00000174f7e8e580_0, 0, 8;
    %jmp T_23.256;
T_23.173 ;
    %pushi/vec4 149, 0, 8;
    %store/vec4 v00000174f7e8e580_0, 0, 8;
    %jmp T_23.256;
T_23.174 ;
    %pushi/vec4 228, 0, 8;
    %store/vec4 v00000174f7e8e580_0, 0, 8;
    %jmp T_23.256;
T_23.175 ;
    %pushi/vec4 121, 0, 8;
    %store/vec4 v00000174f7e8e580_0, 0, 8;
    %jmp T_23.256;
T_23.176 ;
    %pushi/vec4 231, 0, 8;
    %store/vec4 v00000174f7e8e580_0, 0, 8;
    %jmp T_23.256;
T_23.177 ;
    %pushi/vec4 200, 0, 8;
    %store/vec4 v00000174f7e8e580_0, 0, 8;
    %jmp T_23.256;
T_23.178 ;
    %pushi/vec4 55, 0, 8;
    %store/vec4 v00000174f7e8e580_0, 0, 8;
    %jmp T_23.256;
T_23.179 ;
    %pushi/vec4 109, 0, 8;
    %store/vec4 v00000174f7e8e580_0, 0, 8;
    %jmp T_23.256;
T_23.180 ;
    %pushi/vec4 141, 0, 8;
    %store/vec4 v00000174f7e8e580_0, 0, 8;
    %jmp T_23.256;
T_23.181 ;
    %pushi/vec4 213, 0, 8;
    %store/vec4 v00000174f7e8e580_0, 0, 8;
    %jmp T_23.256;
T_23.182 ;
    %pushi/vec4 78, 0, 8;
    %store/vec4 v00000174f7e8e580_0, 0, 8;
    %jmp T_23.256;
T_23.183 ;
    %pushi/vec4 169, 0, 8;
    %store/vec4 v00000174f7e8e580_0, 0, 8;
    %jmp T_23.256;
T_23.184 ;
    %pushi/vec4 108, 0, 8;
    %store/vec4 v00000174f7e8e580_0, 0, 8;
    %jmp T_23.256;
T_23.185 ;
    %pushi/vec4 86, 0, 8;
    %store/vec4 v00000174f7e8e580_0, 0, 8;
    %jmp T_23.256;
T_23.186 ;
    %pushi/vec4 244, 0, 8;
    %store/vec4 v00000174f7e8e580_0, 0, 8;
    %jmp T_23.256;
T_23.187 ;
    %pushi/vec4 234, 0, 8;
    %store/vec4 v00000174f7e8e580_0, 0, 8;
    %jmp T_23.256;
T_23.188 ;
    %pushi/vec4 101, 0, 8;
    %store/vec4 v00000174f7e8e580_0, 0, 8;
    %jmp T_23.256;
T_23.189 ;
    %pushi/vec4 122, 0, 8;
    %store/vec4 v00000174f7e8e580_0, 0, 8;
    %jmp T_23.256;
T_23.190 ;
    %pushi/vec4 174, 0, 8;
    %store/vec4 v00000174f7e8e580_0, 0, 8;
    %jmp T_23.256;
T_23.191 ;
    %pushi/vec4 8, 0, 8;
    %store/vec4 v00000174f7e8e580_0, 0, 8;
    %jmp T_23.256;
T_23.192 ;
    %pushi/vec4 186, 0, 8;
    %store/vec4 v00000174f7e8e580_0, 0, 8;
    %jmp T_23.256;
T_23.193 ;
    %pushi/vec4 120, 0, 8;
    %store/vec4 v00000174f7e8e580_0, 0, 8;
    %jmp T_23.256;
T_23.194 ;
    %pushi/vec4 37, 0, 8;
    %store/vec4 v00000174f7e8e580_0, 0, 8;
    %jmp T_23.256;
T_23.195 ;
    %pushi/vec4 46, 0, 8;
    %store/vec4 v00000174f7e8e580_0, 0, 8;
    %jmp T_23.256;
T_23.196 ;
    %pushi/vec4 28, 0, 8;
    %store/vec4 v00000174f7e8e580_0, 0, 8;
    %jmp T_23.256;
T_23.197 ;
    %pushi/vec4 166, 0, 8;
    %store/vec4 v00000174f7e8e580_0, 0, 8;
    %jmp T_23.256;
T_23.198 ;
    %pushi/vec4 180, 0, 8;
    %store/vec4 v00000174f7e8e580_0, 0, 8;
    %jmp T_23.256;
T_23.199 ;
    %pushi/vec4 198, 0, 8;
    %store/vec4 v00000174f7e8e580_0, 0, 8;
    %jmp T_23.256;
T_23.200 ;
    %pushi/vec4 232, 0, 8;
    %store/vec4 v00000174f7e8e580_0, 0, 8;
    %jmp T_23.256;
T_23.201 ;
    %pushi/vec4 221, 0, 8;
    %store/vec4 v00000174f7e8e580_0, 0, 8;
    %jmp T_23.256;
T_23.202 ;
    %pushi/vec4 116, 0, 8;
    %store/vec4 v00000174f7e8e580_0, 0, 8;
    %jmp T_23.256;
T_23.203 ;
    %pushi/vec4 31, 0, 8;
    %store/vec4 v00000174f7e8e580_0, 0, 8;
    %jmp T_23.256;
T_23.204 ;
    %pushi/vec4 75, 0, 8;
    %store/vec4 v00000174f7e8e580_0, 0, 8;
    %jmp T_23.256;
T_23.205 ;
    %pushi/vec4 189, 0, 8;
    %store/vec4 v00000174f7e8e580_0, 0, 8;
    %jmp T_23.256;
T_23.206 ;
    %pushi/vec4 139, 0, 8;
    %store/vec4 v00000174f7e8e580_0, 0, 8;
    %jmp T_23.256;
T_23.207 ;
    %pushi/vec4 138, 0, 8;
    %store/vec4 v00000174f7e8e580_0, 0, 8;
    %jmp T_23.256;
T_23.208 ;
    %pushi/vec4 112, 0, 8;
    %store/vec4 v00000174f7e8e580_0, 0, 8;
    %jmp T_23.256;
T_23.209 ;
    %pushi/vec4 62, 0, 8;
    %store/vec4 v00000174f7e8e580_0, 0, 8;
    %jmp T_23.256;
T_23.210 ;
    %pushi/vec4 181, 0, 8;
    %store/vec4 v00000174f7e8e580_0, 0, 8;
    %jmp T_23.256;
T_23.211 ;
    %pushi/vec4 102, 0, 8;
    %store/vec4 v00000174f7e8e580_0, 0, 8;
    %jmp T_23.256;
T_23.212 ;
    %pushi/vec4 72, 0, 8;
    %store/vec4 v00000174f7e8e580_0, 0, 8;
    %jmp T_23.256;
T_23.213 ;
    %pushi/vec4 3, 0, 8;
    %store/vec4 v00000174f7e8e580_0, 0, 8;
    %jmp T_23.256;
T_23.214 ;
    %pushi/vec4 246, 0, 8;
    %store/vec4 v00000174f7e8e580_0, 0, 8;
    %jmp T_23.256;
T_23.215 ;
    %pushi/vec4 14, 0, 8;
    %store/vec4 v00000174f7e8e580_0, 0, 8;
    %jmp T_23.256;
T_23.216 ;
    %pushi/vec4 97, 0, 8;
    %store/vec4 v00000174f7e8e580_0, 0, 8;
    %jmp T_23.256;
T_23.217 ;
    %pushi/vec4 53, 0, 8;
    %store/vec4 v00000174f7e8e580_0, 0, 8;
    %jmp T_23.256;
T_23.218 ;
    %pushi/vec4 87, 0, 8;
    %store/vec4 v00000174f7e8e580_0, 0, 8;
    %jmp T_23.256;
T_23.219 ;
    %pushi/vec4 185, 0, 8;
    %store/vec4 v00000174f7e8e580_0, 0, 8;
    %jmp T_23.256;
T_23.220 ;
    %pushi/vec4 134, 0, 8;
    %store/vec4 v00000174f7e8e580_0, 0, 8;
    %jmp T_23.256;
T_23.221 ;
    %pushi/vec4 193, 0, 8;
    %store/vec4 v00000174f7e8e580_0, 0, 8;
    %jmp T_23.256;
T_23.222 ;
    %pushi/vec4 29, 0, 8;
    %store/vec4 v00000174f7e8e580_0, 0, 8;
    %jmp T_23.256;
T_23.223 ;
    %pushi/vec4 158, 0, 8;
    %store/vec4 v00000174f7e8e580_0, 0, 8;
    %jmp T_23.256;
T_23.224 ;
    %pushi/vec4 225, 0, 8;
    %store/vec4 v00000174f7e8e580_0, 0, 8;
    %jmp T_23.256;
T_23.225 ;
    %pushi/vec4 248, 0, 8;
    %store/vec4 v00000174f7e8e580_0, 0, 8;
    %jmp T_23.256;
T_23.226 ;
    %pushi/vec4 152, 0, 8;
    %store/vec4 v00000174f7e8e580_0, 0, 8;
    %jmp T_23.256;
T_23.227 ;
    %pushi/vec4 17, 0, 8;
    %store/vec4 v00000174f7e8e580_0, 0, 8;
    %jmp T_23.256;
T_23.228 ;
    %pushi/vec4 105, 0, 8;
    %store/vec4 v00000174f7e8e580_0, 0, 8;
    %jmp T_23.256;
T_23.229 ;
    %pushi/vec4 217, 0, 8;
    %store/vec4 v00000174f7e8e580_0, 0, 8;
    %jmp T_23.256;
T_23.230 ;
    %pushi/vec4 142, 0, 8;
    %store/vec4 v00000174f7e8e580_0, 0, 8;
    %jmp T_23.256;
T_23.231 ;
    %pushi/vec4 148, 0, 8;
    %store/vec4 v00000174f7e8e580_0, 0, 8;
    %jmp T_23.256;
T_23.232 ;
    %pushi/vec4 155, 0, 8;
    %store/vec4 v00000174f7e8e580_0, 0, 8;
    %jmp T_23.256;
T_23.233 ;
    %pushi/vec4 30, 0, 8;
    %store/vec4 v00000174f7e8e580_0, 0, 8;
    %jmp T_23.256;
T_23.234 ;
    %pushi/vec4 135, 0, 8;
    %store/vec4 v00000174f7e8e580_0, 0, 8;
    %jmp T_23.256;
T_23.235 ;
    %pushi/vec4 233, 0, 8;
    %store/vec4 v00000174f7e8e580_0, 0, 8;
    %jmp T_23.256;
T_23.236 ;
    %pushi/vec4 206, 0, 8;
    %store/vec4 v00000174f7e8e580_0, 0, 8;
    %jmp T_23.256;
T_23.237 ;
    %pushi/vec4 85, 0, 8;
    %store/vec4 v00000174f7e8e580_0, 0, 8;
    %jmp T_23.256;
T_23.238 ;
    %pushi/vec4 40, 0, 8;
    %store/vec4 v00000174f7e8e580_0, 0, 8;
    %jmp T_23.256;
T_23.239 ;
    %pushi/vec4 223, 0, 8;
    %store/vec4 v00000174f7e8e580_0, 0, 8;
    %jmp T_23.256;
T_23.240 ;
    %pushi/vec4 140, 0, 8;
    %store/vec4 v00000174f7e8e580_0, 0, 8;
    %jmp T_23.256;
T_23.241 ;
    %pushi/vec4 161, 0, 8;
    %store/vec4 v00000174f7e8e580_0, 0, 8;
    %jmp T_23.256;
T_23.242 ;
    %pushi/vec4 137, 0, 8;
    %store/vec4 v00000174f7e8e580_0, 0, 8;
    %jmp T_23.256;
T_23.243 ;
    %pushi/vec4 13, 0, 8;
    %store/vec4 v00000174f7e8e580_0, 0, 8;
    %jmp T_23.256;
T_23.244 ;
    %pushi/vec4 191, 0, 8;
    %store/vec4 v00000174f7e8e580_0, 0, 8;
    %jmp T_23.256;
T_23.245 ;
    %pushi/vec4 230, 0, 8;
    %store/vec4 v00000174f7e8e580_0, 0, 8;
    %jmp T_23.256;
T_23.246 ;
    %pushi/vec4 66, 0, 8;
    %store/vec4 v00000174f7e8e580_0, 0, 8;
    %jmp T_23.256;
T_23.247 ;
    %pushi/vec4 104, 0, 8;
    %store/vec4 v00000174f7e8e580_0, 0, 8;
    %jmp T_23.256;
T_23.248 ;
    %pushi/vec4 65, 0, 8;
    %store/vec4 v00000174f7e8e580_0, 0, 8;
    %jmp T_23.256;
T_23.249 ;
    %pushi/vec4 153, 0, 8;
    %store/vec4 v00000174f7e8e580_0, 0, 8;
    %jmp T_23.256;
T_23.250 ;
    %pushi/vec4 45, 0, 8;
    %store/vec4 v00000174f7e8e580_0, 0, 8;
    %jmp T_23.256;
T_23.251 ;
    %pushi/vec4 15, 0, 8;
    %store/vec4 v00000174f7e8e580_0, 0, 8;
    %jmp T_23.256;
T_23.252 ;
    %pushi/vec4 176, 0, 8;
    %store/vec4 v00000174f7e8e580_0, 0, 8;
    %jmp T_23.256;
T_23.253 ;
    %pushi/vec4 84, 0, 8;
    %store/vec4 v00000174f7e8e580_0, 0, 8;
    %jmp T_23.256;
T_23.254 ;
    %pushi/vec4 187, 0, 8;
    %store/vec4 v00000174f7e8e580_0, 0, 8;
    %jmp T_23.256;
T_23.255 ;
    %pushi/vec4 22, 0, 8;
    %store/vec4 v00000174f7e8e580_0, 0, 8;
    %jmp T_23.256;
T_23.256 ;
    %pop/vec4 1;
    %jmp T_23;
    .thread T_23, $push;
    .scope S_00000174f7e91440;
T_24 ;
    %wait E_00000174f7e05a90;
    %load/vec4 v00000174f7e8fca0_0;
    %dup/vec4;
    %pushi/vec4 0, 0, 8;
    %cmp/u;
    %jmp/1 T_24.0, 6;
    %dup/vec4;
    %pushi/vec4 1, 0, 8;
    %cmp/u;
    %jmp/1 T_24.1, 6;
    %dup/vec4;
    %pushi/vec4 2, 0, 8;
    %cmp/u;
    %jmp/1 T_24.2, 6;
    %dup/vec4;
    %pushi/vec4 3, 0, 8;
    %cmp/u;
    %jmp/1 T_24.3, 6;
    %dup/vec4;
    %pushi/vec4 4, 0, 8;
    %cmp/u;
    %jmp/1 T_24.4, 6;
    %dup/vec4;
    %pushi/vec4 5, 0, 8;
    %cmp/u;
    %jmp/1 T_24.5, 6;
    %dup/vec4;
    %pushi/vec4 6, 0, 8;
    %cmp/u;
    %jmp/1 T_24.6, 6;
    %dup/vec4;
    %pushi/vec4 7, 0, 8;
    %cmp/u;
    %jmp/1 T_24.7, 6;
    %dup/vec4;
    %pushi/vec4 8, 0, 8;
    %cmp/u;
    %jmp/1 T_24.8, 6;
    %dup/vec4;
    %pushi/vec4 9, 0, 8;
    %cmp/u;
    %jmp/1 T_24.9, 6;
    %dup/vec4;
    %pushi/vec4 10, 0, 8;
    %cmp/u;
    %jmp/1 T_24.10, 6;
    %dup/vec4;
    %pushi/vec4 11, 0, 8;
    %cmp/u;
    %jmp/1 T_24.11, 6;
    %dup/vec4;
    %pushi/vec4 12, 0, 8;
    %cmp/u;
    %jmp/1 T_24.12, 6;
    %dup/vec4;
    %pushi/vec4 13, 0, 8;
    %cmp/u;
    %jmp/1 T_24.13, 6;
    %dup/vec4;
    %pushi/vec4 14, 0, 8;
    %cmp/u;
    %jmp/1 T_24.14, 6;
    %dup/vec4;
    %pushi/vec4 15, 0, 8;
    %cmp/u;
    %jmp/1 T_24.15, 6;
    %dup/vec4;
    %pushi/vec4 16, 0, 8;
    %cmp/u;
    %jmp/1 T_24.16, 6;
    %dup/vec4;
    %pushi/vec4 17, 0, 8;
    %cmp/u;
    %jmp/1 T_24.17, 6;
    %dup/vec4;
    %pushi/vec4 18, 0, 8;
    %cmp/u;
    %jmp/1 T_24.18, 6;
    %dup/vec4;
    %pushi/vec4 19, 0, 8;
    %cmp/u;
    %jmp/1 T_24.19, 6;
    %dup/vec4;
    %pushi/vec4 20, 0, 8;
    %cmp/u;
    %jmp/1 T_24.20, 6;
    %dup/vec4;
    %pushi/vec4 21, 0, 8;
    %cmp/u;
    %jmp/1 T_24.21, 6;
    %dup/vec4;
    %pushi/vec4 22, 0, 8;
    %cmp/u;
    %jmp/1 T_24.22, 6;
    %dup/vec4;
    %pushi/vec4 23, 0, 8;
    %cmp/u;
    %jmp/1 T_24.23, 6;
    %dup/vec4;
    %pushi/vec4 24, 0, 8;
    %cmp/u;
    %jmp/1 T_24.24, 6;
    %dup/vec4;
    %pushi/vec4 25, 0, 8;
    %cmp/u;
    %jmp/1 T_24.25, 6;
    %dup/vec4;
    %pushi/vec4 26, 0, 8;
    %cmp/u;
    %jmp/1 T_24.26, 6;
    %dup/vec4;
    %pushi/vec4 27, 0, 8;
    %cmp/u;
    %jmp/1 T_24.27, 6;
    %dup/vec4;
    %pushi/vec4 28, 0, 8;
    %cmp/u;
    %jmp/1 T_24.28, 6;
    %dup/vec4;
    %pushi/vec4 29, 0, 8;
    %cmp/u;
    %jmp/1 T_24.29, 6;
    %dup/vec4;
    %pushi/vec4 30, 0, 8;
    %cmp/u;
    %jmp/1 T_24.30, 6;
    %dup/vec4;
    %pushi/vec4 31, 0, 8;
    %cmp/u;
    %jmp/1 T_24.31, 6;
    %dup/vec4;
    %pushi/vec4 32, 0, 8;
    %cmp/u;
    %jmp/1 T_24.32, 6;
    %dup/vec4;
    %pushi/vec4 33, 0, 8;
    %cmp/u;
    %jmp/1 T_24.33, 6;
    %dup/vec4;
    %pushi/vec4 34, 0, 8;
    %cmp/u;
    %jmp/1 T_24.34, 6;
    %dup/vec4;
    %pushi/vec4 35, 0, 8;
    %cmp/u;
    %jmp/1 T_24.35, 6;
    %dup/vec4;
    %pushi/vec4 36, 0, 8;
    %cmp/u;
    %jmp/1 T_24.36, 6;
    %dup/vec4;
    %pushi/vec4 37, 0, 8;
    %cmp/u;
    %jmp/1 T_24.37, 6;
    %dup/vec4;
    %pushi/vec4 38, 0, 8;
    %cmp/u;
    %jmp/1 T_24.38, 6;
    %dup/vec4;
    %pushi/vec4 39, 0, 8;
    %cmp/u;
    %jmp/1 T_24.39, 6;
    %dup/vec4;
    %pushi/vec4 40, 0, 8;
    %cmp/u;
    %jmp/1 T_24.40, 6;
    %dup/vec4;
    %pushi/vec4 41, 0, 8;
    %cmp/u;
    %jmp/1 T_24.41, 6;
    %dup/vec4;
    %pushi/vec4 42, 0, 8;
    %cmp/u;
    %jmp/1 T_24.42, 6;
    %dup/vec4;
    %pushi/vec4 43, 0, 8;
    %cmp/u;
    %jmp/1 T_24.43, 6;
    %dup/vec4;
    %pushi/vec4 44, 0, 8;
    %cmp/u;
    %jmp/1 T_24.44, 6;
    %dup/vec4;
    %pushi/vec4 45, 0, 8;
    %cmp/u;
    %jmp/1 T_24.45, 6;
    %dup/vec4;
    %pushi/vec4 46, 0, 8;
    %cmp/u;
    %jmp/1 T_24.46, 6;
    %dup/vec4;
    %pushi/vec4 47, 0, 8;
    %cmp/u;
    %jmp/1 T_24.47, 6;
    %dup/vec4;
    %pushi/vec4 48, 0, 8;
    %cmp/u;
    %jmp/1 T_24.48, 6;
    %dup/vec4;
    %pushi/vec4 49, 0, 8;
    %cmp/u;
    %jmp/1 T_24.49, 6;
    %dup/vec4;
    %pushi/vec4 50, 0, 8;
    %cmp/u;
    %jmp/1 T_24.50, 6;
    %dup/vec4;
    %pushi/vec4 51, 0, 8;
    %cmp/u;
    %jmp/1 T_24.51, 6;
    %dup/vec4;
    %pushi/vec4 52, 0, 8;
    %cmp/u;
    %jmp/1 T_24.52, 6;
    %dup/vec4;
    %pushi/vec4 53, 0, 8;
    %cmp/u;
    %jmp/1 T_24.53, 6;
    %dup/vec4;
    %pushi/vec4 54, 0, 8;
    %cmp/u;
    %jmp/1 T_24.54, 6;
    %dup/vec4;
    %pushi/vec4 55, 0, 8;
    %cmp/u;
    %jmp/1 T_24.55, 6;
    %dup/vec4;
    %pushi/vec4 56, 0, 8;
    %cmp/u;
    %jmp/1 T_24.56, 6;
    %dup/vec4;
    %pushi/vec4 57, 0, 8;
    %cmp/u;
    %jmp/1 T_24.57, 6;
    %dup/vec4;
    %pushi/vec4 58, 0, 8;
    %cmp/u;
    %jmp/1 T_24.58, 6;
    %dup/vec4;
    %pushi/vec4 59, 0, 8;
    %cmp/u;
    %jmp/1 T_24.59, 6;
    %dup/vec4;
    %pushi/vec4 60, 0, 8;
    %cmp/u;
    %jmp/1 T_24.60, 6;
    %dup/vec4;
    %pushi/vec4 61, 0, 8;
    %cmp/u;
    %jmp/1 T_24.61, 6;
    %dup/vec4;
    %pushi/vec4 62, 0, 8;
    %cmp/u;
    %jmp/1 T_24.62, 6;
    %dup/vec4;
    %pushi/vec4 63, 0, 8;
    %cmp/u;
    %jmp/1 T_24.63, 6;
    %dup/vec4;
    %pushi/vec4 64, 0, 8;
    %cmp/u;
    %jmp/1 T_24.64, 6;
    %dup/vec4;
    %pushi/vec4 65, 0, 8;
    %cmp/u;
    %jmp/1 T_24.65, 6;
    %dup/vec4;
    %pushi/vec4 66, 0, 8;
    %cmp/u;
    %jmp/1 T_24.66, 6;
    %dup/vec4;
    %pushi/vec4 67, 0, 8;
    %cmp/u;
    %jmp/1 T_24.67, 6;
    %dup/vec4;
    %pushi/vec4 68, 0, 8;
    %cmp/u;
    %jmp/1 T_24.68, 6;
    %dup/vec4;
    %pushi/vec4 69, 0, 8;
    %cmp/u;
    %jmp/1 T_24.69, 6;
    %dup/vec4;
    %pushi/vec4 70, 0, 8;
    %cmp/u;
    %jmp/1 T_24.70, 6;
    %dup/vec4;
    %pushi/vec4 71, 0, 8;
    %cmp/u;
    %jmp/1 T_24.71, 6;
    %dup/vec4;
    %pushi/vec4 72, 0, 8;
    %cmp/u;
    %jmp/1 T_24.72, 6;
    %dup/vec4;
    %pushi/vec4 73, 0, 8;
    %cmp/u;
    %jmp/1 T_24.73, 6;
    %dup/vec4;
    %pushi/vec4 74, 0, 8;
    %cmp/u;
    %jmp/1 T_24.74, 6;
    %dup/vec4;
    %pushi/vec4 75, 0, 8;
    %cmp/u;
    %jmp/1 T_24.75, 6;
    %dup/vec4;
    %pushi/vec4 76, 0, 8;
    %cmp/u;
    %jmp/1 T_24.76, 6;
    %dup/vec4;
    %pushi/vec4 77, 0, 8;
    %cmp/u;
    %jmp/1 T_24.77, 6;
    %dup/vec4;
    %pushi/vec4 78, 0, 8;
    %cmp/u;
    %jmp/1 T_24.78, 6;
    %dup/vec4;
    %pushi/vec4 79, 0, 8;
    %cmp/u;
    %jmp/1 T_24.79, 6;
    %dup/vec4;
    %pushi/vec4 80, 0, 8;
    %cmp/u;
    %jmp/1 T_24.80, 6;
    %dup/vec4;
    %pushi/vec4 81, 0, 8;
    %cmp/u;
    %jmp/1 T_24.81, 6;
    %dup/vec4;
    %pushi/vec4 82, 0, 8;
    %cmp/u;
    %jmp/1 T_24.82, 6;
    %dup/vec4;
    %pushi/vec4 83, 0, 8;
    %cmp/u;
    %jmp/1 T_24.83, 6;
    %dup/vec4;
    %pushi/vec4 84, 0, 8;
    %cmp/u;
    %jmp/1 T_24.84, 6;
    %dup/vec4;
    %pushi/vec4 85, 0, 8;
    %cmp/u;
    %jmp/1 T_24.85, 6;
    %dup/vec4;
    %pushi/vec4 86, 0, 8;
    %cmp/u;
    %jmp/1 T_24.86, 6;
    %dup/vec4;
    %pushi/vec4 87, 0, 8;
    %cmp/u;
    %jmp/1 T_24.87, 6;
    %dup/vec4;
    %pushi/vec4 88, 0, 8;
    %cmp/u;
    %jmp/1 T_24.88, 6;
    %dup/vec4;
    %pushi/vec4 89, 0, 8;
    %cmp/u;
    %jmp/1 T_24.89, 6;
    %dup/vec4;
    %pushi/vec4 90, 0, 8;
    %cmp/u;
    %jmp/1 T_24.90, 6;
    %dup/vec4;
    %pushi/vec4 91, 0, 8;
    %cmp/u;
    %jmp/1 T_24.91, 6;
    %dup/vec4;
    %pushi/vec4 92, 0, 8;
    %cmp/u;
    %jmp/1 T_24.92, 6;
    %dup/vec4;
    %pushi/vec4 93, 0, 8;
    %cmp/u;
    %jmp/1 T_24.93, 6;
    %dup/vec4;
    %pushi/vec4 94, 0, 8;
    %cmp/u;
    %jmp/1 T_24.94, 6;
    %dup/vec4;
    %pushi/vec4 95, 0, 8;
    %cmp/u;
    %jmp/1 T_24.95, 6;
    %dup/vec4;
    %pushi/vec4 96, 0, 8;
    %cmp/u;
    %jmp/1 T_24.96, 6;
    %dup/vec4;
    %pushi/vec4 97, 0, 8;
    %cmp/u;
    %jmp/1 T_24.97, 6;
    %dup/vec4;
    %pushi/vec4 98, 0, 8;
    %cmp/u;
    %jmp/1 T_24.98, 6;
    %dup/vec4;
    %pushi/vec4 99, 0, 8;
    %cmp/u;
    %jmp/1 T_24.99, 6;
    %dup/vec4;
    %pushi/vec4 100, 0, 8;
    %cmp/u;
    %jmp/1 T_24.100, 6;
    %dup/vec4;
    %pushi/vec4 101, 0, 8;
    %cmp/u;
    %jmp/1 T_24.101, 6;
    %dup/vec4;
    %pushi/vec4 102, 0, 8;
    %cmp/u;
    %jmp/1 T_24.102, 6;
    %dup/vec4;
    %pushi/vec4 103, 0, 8;
    %cmp/u;
    %jmp/1 T_24.103, 6;
    %dup/vec4;
    %pushi/vec4 104, 0, 8;
    %cmp/u;
    %jmp/1 T_24.104, 6;
    %dup/vec4;
    %pushi/vec4 105, 0, 8;
    %cmp/u;
    %jmp/1 T_24.105, 6;
    %dup/vec4;
    %pushi/vec4 106, 0, 8;
    %cmp/u;
    %jmp/1 T_24.106, 6;
    %dup/vec4;
    %pushi/vec4 107, 0, 8;
    %cmp/u;
    %jmp/1 T_24.107, 6;
    %dup/vec4;
    %pushi/vec4 108, 0, 8;
    %cmp/u;
    %jmp/1 T_24.108, 6;
    %dup/vec4;
    %pushi/vec4 109, 0, 8;
    %cmp/u;
    %jmp/1 T_24.109, 6;
    %dup/vec4;
    %pushi/vec4 110, 0, 8;
    %cmp/u;
    %jmp/1 T_24.110, 6;
    %dup/vec4;
    %pushi/vec4 111, 0, 8;
    %cmp/u;
    %jmp/1 T_24.111, 6;
    %dup/vec4;
    %pushi/vec4 112, 0, 8;
    %cmp/u;
    %jmp/1 T_24.112, 6;
    %dup/vec4;
    %pushi/vec4 113, 0, 8;
    %cmp/u;
    %jmp/1 T_24.113, 6;
    %dup/vec4;
    %pushi/vec4 114, 0, 8;
    %cmp/u;
    %jmp/1 T_24.114, 6;
    %dup/vec4;
    %pushi/vec4 115, 0, 8;
    %cmp/u;
    %jmp/1 T_24.115, 6;
    %dup/vec4;
    %pushi/vec4 116, 0, 8;
    %cmp/u;
    %jmp/1 T_24.116, 6;
    %dup/vec4;
    %pushi/vec4 117, 0, 8;
    %cmp/u;
    %jmp/1 T_24.117, 6;
    %dup/vec4;
    %pushi/vec4 118, 0, 8;
    %cmp/u;
    %jmp/1 T_24.118, 6;
    %dup/vec4;
    %pushi/vec4 119, 0, 8;
    %cmp/u;
    %jmp/1 T_24.119, 6;
    %dup/vec4;
    %pushi/vec4 120, 0, 8;
    %cmp/u;
    %jmp/1 T_24.120, 6;
    %dup/vec4;
    %pushi/vec4 121, 0, 8;
    %cmp/u;
    %jmp/1 T_24.121, 6;
    %dup/vec4;
    %pushi/vec4 122, 0, 8;
    %cmp/u;
    %jmp/1 T_24.122, 6;
    %dup/vec4;
    %pushi/vec4 123, 0, 8;
    %cmp/u;
    %jmp/1 T_24.123, 6;
    %dup/vec4;
    %pushi/vec4 124, 0, 8;
    %cmp/u;
    %jmp/1 T_24.124, 6;
    %dup/vec4;
    %pushi/vec4 125, 0, 8;
    %cmp/u;
    %jmp/1 T_24.125, 6;
    %dup/vec4;
    %pushi/vec4 126, 0, 8;
    %cmp/u;
    %jmp/1 T_24.126, 6;
    %dup/vec4;
    %pushi/vec4 127, 0, 8;
    %cmp/u;
    %jmp/1 T_24.127, 6;
    %dup/vec4;
    %pushi/vec4 128, 0, 8;
    %cmp/u;
    %jmp/1 T_24.128, 6;
    %dup/vec4;
    %pushi/vec4 129, 0, 8;
    %cmp/u;
    %jmp/1 T_24.129, 6;
    %dup/vec4;
    %pushi/vec4 130, 0, 8;
    %cmp/u;
    %jmp/1 T_24.130, 6;
    %dup/vec4;
    %pushi/vec4 131, 0, 8;
    %cmp/u;
    %jmp/1 T_24.131, 6;
    %dup/vec4;
    %pushi/vec4 132, 0, 8;
    %cmp/u;
    %jmp/1 T_24.132, 6;
    %dup/vec4;
    %pushi/vec4 133, 0, 8;
    %cmp/u;
    %jmp/1 T_24.133, 6;
    %dup/vec4;
    %pushi/vec4 134, 0, 8;
    %cmp/u;
    %jmp/1 T_24.134, 6;
    %dup/vec4;
    %pushi/vec4 135, 0, 8;
    %cmp/u;
    %jmp/1 T_24.135, 6;
    %dup/vec4;
    %pushi/vec4 136, 0, 8;
    %cmp/u;
    %jmp/1 T_24.136, 6;
    %dup/vec4;
    %pushi/vec4 137, 0, 8;
    %cmp/u;
    %jmp/1 T_24.137, 6;
    %dup/vec4;
    %pushi/vec4 138, 0, 8;
    %cmp/u;
    %jmp/1 T_24.138, 6;
    %dup/vec4;
    %pushi/vec4 139, 0, 8;
    %cmp/u;
    %jmp/1 T_24.139, 6;
    %dup/vec4;
    %pushi/vec4 140, 0, 8;
    %cmp/u;
    %jmp/1 T_24.140, 6;
    %dup/vec4;
    %pushi/vec4 141, 0, 8;
    %cmp/u;
    %jmp/1 T_24.141, 6;
    %dup/vec4;
    %pushi/vec4 142, 0, 8;
    %cmp/u;
    %jmp/1 T_24.142, 6;
    %dup/vec4;
    %pushi/vec4 143, 0, 8;
    %cmp/u;
    %jmp/1 T_24.143, 6;
    %dup/vec4;
    %pushi/vec4 144, 0, 8;
    %cmp/u;
    %jmp/1 T_24.144, 6;
    %dup/vec4;
    %pushi/vec4 145, 0, 8;
    %cmp/u;
    %jmp/1 T_24.145, 6;
    %dup/vec4;
    %pushi/vec4 146, 0, 8;
    %cmp/u;
    %jmp/1 T_24.146, 6;
    %dup/vec4;
    %pushi/vec4 147, 0, 8;
    %cmp/u;
    %jmp/1 T_24.147, 6;
    %dup/vec4;
    %pushi/vec4 148, 0, 8;
    %cmp/u;
    %jmp/1 T_24.148, 6;
    %dup/vec4;
    %pushi/vec4 149, 0, 8;
    %cmp/u;
    %jmp/1 T_24.149, 6;
    %dup/vec4;
    %pushi/vec4 150, 0, 8;
    %cmp/u;
    %jmp/1 T_24.150, 6;
    %dup/vec4;
    %pushi/vec4 151, 0, 8;
    %cmp/u;
    %jmp/1 T_24.151, 6;
    %dup/vec4;
    %pushi/vec4 152, 0, 8;
    %cmp/u;
    %jmp/1 T_24.152, 6;
    %dup/vec4;
    %pushi/vec4 153, 0, 8;
    %cmp/u;
    %jmp/1 T_24.153, 6;
    %dup/vec4;
    %pushi/vec4 154, 0, 8;
    %cmp/u;
    %jmp/1 T_24.154, 6;
    %dup/vec4;
    %pushi/vec4 155, 0, 8;
    %cmp/u;
    %jmp/1 T_24.155, 6;
    %dup/vec4;
    %pushi/vec4 156, 0, 8;
    %cmp/u;
    %jmp/1 T_24.156, 6;
    %dup/vec4;
    %pushi/vec4 157, 0, 8;
    %cmp/u;
    %jmp/1 T_24.157, 6;
    %dup/vec4;
    %pushi/vec4 158, 0, 8;
    %cmp/u;
    %jmp/1 T_24.158, 6;
    %dup/vec4;
    %pushi/vec4 159, 0, 8;
    %cmp/u;
    %jmp/1 T_24.159, 6;
    %dup/vec4;
    %pushi/vec4 160, 0, 8;
    %cmp/u;
    %jmp/1 T_24.160, 6;
    %dup/vec4;
    %pushi/vec4 161, 0, 8;
    %cmp/u;
    %jmp/1 T_24.161, 6;
    %dup/vec4;
    %pushi/vec4 162, 0, 8;
    %cmp/u;
    %jmp/1 T_24.162, 6;
    %dup/vec4;
    %pushi/vec4 163, 0, 8;
    %cmp/u;
    %jmp/1 T_24.163, 6;
    %dup/vec4;
    %pushi/vec4 164, 0, 8;
    %cmp/u;
    %jmp/1 T_24.164, 6;
    %dup/vec4;
    %pushi/vec4 165, 0, 8;
    %cmp/u;
    %jmp/1 T_24.165, 6;
    %dup/vec4;
    %pushi/vec4 166, 0, 8;
    %cmp/u;
    %jmp/1 T_24.166, 6;
    %dup/vec4;
    %pushi/vec4 167, 0, 8;
    %cmp/u;
    %jmp/1 T_24.167, 6;
    %dup/vec4;
    %pushi/vec4 168, 0, 8;
    %cmp/u;
    %jmp/1 T_24.168, 6;
    %dup/vec4;
    %pushi/vec4 169, 0, 8;
    %cmp/u;
    %jmp/1 T_24.169, 6;
    %dup/vec4;
    %pushi/vec4 170, 0, 8;
    %cmp/u;
    %jmp/1 T_24.170, 6;
    %dup/vec4;
    %pushi/vec4 171, 0, 8;
    %cmp/u;
    %jmp/1 T_24.171, 6;
    %dup/vec4;
    %pushi/vec4 172, 0, 8;
    %cmp/u;
    %jmp/1 T_24.172, 6;
    %dup/vec4;
    %pushi/vec4 173, 0, 8;
    %cmp/u;
    %jmp/1 T_24.173, 6;
    %dup/vec4;
    %pushi/vec4 174, 0, 8;
    %cmp/u;
    %jmp/1 T_24.174, 6;
    %dup/vec4;
    %pushi/vec4 175, 0, 8;
    %cmp/u;
    %jmp/1 T_24.175, 6;
    %dup/vec4;
    %pushi/vec4 176, 0, 8;
    %cmp/u;
    %jmp/1 T_24.176, 6;
    %dup/vec4;
    %pushi/vec4 177, 0, 8;
    %cmp/u;
    %jmp/1 T_24.177, 6;
    %dup/vec4;
    %pushi/vec4 178, 0, 8;
    %cmp/u;
    %jmp/1 T_24.178, 6;
    %dup/vec4;
    %pushi/vec4 179, 0, 8;
    %cmp/u;
    %jmp/1 T_24.179, 6;
    %dup/vec4;
    %pushi/vec4 180, 0, 8;
    %cmp/u;
    %jmp/1 T_24.180, 6;
    %dup/vec4;
    %pushi/vec4 181, 0, 8;
    %cmp/u;
    %jmp/1 T_24.181, 6;
    %dup/vec4;
    %pushi/vec4 182, 0, 8;
    %cmp/u;
    %jmp/1 T_24.182, 6;
    %dup/vec4;
    %pushi/vec4 183, 0, 8;
    %cmp/u;
    %jmp/1 T_24.183, 6;
    %dup/vec4;
    %pushi/vec4 184, 0, 8;
    %cmp/u;
    %jmp/1 T_24.184, 6;
    %dup/vec4;
    %pushi/vec4 185, 0, 8;
    %cmp/u;
    %jmp/1 T_24.185, 6;
    %dup/vec4;
    %pushi/vec4 186, 0, 8;
    %cmp/u;
    %jmp/1 T_24.186, 6;
    %dup/vec4;
    %pushi/vec4 187, 0, 8;
    %cmp/u;
    %jmp/1 T_24.187, 6;
    %dup/vec4;
    %pushi/vec4 188, 0, 8;
    %cmp/u;
    %jmp/1 T_24.188, 6;
    %dup/vec4;
    %pushi/vec4 189, 0, 8;
    %cmp/u;
    %jmp/1 T_24.189, 6;
    %dup/vec4;
    %pushi/vec4 190, 0, 8;
    %cmp/u;
    %jmp/1 T_24.190, 6;
    %dup/vec4;
    %pushi/vec4 191, 0, 8;
    %cmp/u;
    %jmp/1 T_24.191, 6;
    %dup/vec4;
    %pushi/vec4 192, 0, 8;
    %cmp/u;
    %jmp/1 T_24.192, 6;
    %dup/vec4;
    %pushi/vec4 193, 0, 8;
    %cmp/u;
    %jmp/1 T_24.193, 6;
    %dup/vec4;
    %pushi/vec4 194, 0, 8;
    %cmp/u;
    %jmp/1 T_24.194, 6;
    %dup/vec4;
    %pushi/vec4 195, 0, 8;
    %cmp/u;
    %jmp/1 T_24.195, 6;
    %dup/vec4;
    %pushi/vec4 196, 0, 8;
    %cmp/u;
    %jmp/1 T_24.196, 6;
    %dup/vec4;
    %pushi/vec4 197, 0, 8;
    %cmp/u;
    %jmp/1 T_24.197, 6;
    %dup/vec4;
    %pushi/vec4 198, 0, 8;
    %cmp/u;
    %jmp/1 T_24.198, 6;
    %dup/vec4;
    %pushi/vec4 199, 0, 8;
    %cmp/u;
    %jmp/1 T_24.199, 6;
    %dup/vec4;
    %pushi/vec4 200, 0, 8;
    %cmp/u;
    %jmp/1 T_24.200, 6;
    %dup/vec4;
    %pushi/vec4 201, 0, 8;
    %cmp/u;
    %jmp/1 T_24.201, 6;
    %dup/vec4;
    %pushi/vec4 202, 0, 8;
    %cmp/u;
    %jmp/1 T_24.202, 6;
    %dup/vec4;
    %pushi/vec4 203, 0, 8;
    %cmp/u;
    %jmp/1 T_24.203, 6;
    %dup/vec4;
    %pushi/vec4 204, 0, 8;
    %cmp/u;
    %jmp/1 T_24.204, 6;
    %dup/vec4;
    %pushi/vec4 205, 0, 8;
    %cmp/u;
    %jmp/1 T_24.205, 6;
    %dup/vec4;
    %pushi/vec4 206, 0, 8;
    %cmp/u;
    %jmp/1 T_24.206, 6;
    %dup/vec4;
    %pushi/vec4 207, 0, 8;
    %cmp/u;
    %jmp/1 T_24.207, 6;
    %dup/vec4;
    %pushi/vec4 208, 0, 8;
    %cmp/u;
    %jmp/1 T_24.208, 6;
    %dup/vec4;
    %pushi/vec4 209, 0, 8;
    %cmp/u;
    %jmp/1 T_24.209, 6;
    %dup/vec4;
    %pushi/vec4 210, 0, 8;
    %cmp/u;
    %jmp/1 T_24.210, 6;
    %dup/vec4;
    %pushi/vec4 211, 0, 8;
    %cmp/u;
    %jmp/1 T_24.211, 6;
    %dup/vec4;
    %pushi/vec4 212, 0, 8;
    %cmp/u;
    %jmp/1 T_24.212, 6;
    %dup/vec4;
    %pushi/vec4 213, 0, 8;
    %cmp/u;
    %jmp/1 T_24.213, 6;
    %dup/vec4;
    %pushi/vec4 214, 0, 8;
    %cmp/u;
    %jmp/1 T_24.214, 6;
    %dup/vec4;
    %pushi/vec4 215, 0, 8;
    %cmp/u;
    %jmp/1 T_24.215, 6;
    %dup/vec4;
    %pushi/vec4 216, 0, 8;
    %cmp/u;
    %jmp/1 T_24.216, 6;
    %dup/vec4;
    %pushi/vec4 217, 0, 8;
    %cmp/u;
    %jmp/1 T_24.217, 6;
    %dup/vec4;
    %pushi/vec4 218, 0, 8;
    %cmp/u;
    %jmp/1 T_24.218, 6;
    %dup/vec4;
    %pushi/vec4 219, 0, 8;
    %cmp/u;
    %jmp/1 T_24.219, 6;
    %dup/vec4;
    %pushi/vec4 220, 0, 8;
    %cmp/u;
    %jmp/1 T_24.220, 6;
    %dup/vec4;
    %pushi/vec4 221, 0, 8;
    %cmp/u;
    %jmp/1 T_24.221, 6;
    %dup/vec4;
    %pushi/vec4 222, 0, 8;
    %cmp/u;
    %jmp/1 T_24.222, 6;
    %dup/vec4;
    %pushi/vec4 223, 0, 8;
    %cmp/u;
    %jmp/1 T_24.223, 6;
    %dup/vec4;
    %pushi/vec4 224, 0, 8;
    %cmp/u;
    %jmp/1 T_24.224, 6;
    %dup/vec4;
    %pushi/vec4 225, 0, 8;
    %cmp/u;
    %jmp/1 T_24.225, 6;
    %dup/vec4;
    %pushi/vec4 226, 0, 8;
    %cmp/u;
    %jmp/1 T_24.226, 6;
    %dup/vec4;
    %pushi/vec4 227, 0, 8;
    %cmp/u;
    %jmp/1 T_24.227, 6;
    %dup/vec4;
    %pushi/vec4 228, 0, 8;
    %cmp/u;
    %jmp/1 T_24.228, 6;
    %dup/vec4;
    %pushi/vec4 229, 0, 8;
    %cmp/u;
    %jmp/1 T_24.229, 6;
    %dup/vec4;
    %pushi/vec4 230, 0, 8;
    %cmp/u;
    %jmp/1 T_24.230, 6;
    %dup/vec4;
    %pushi/vec4 231, 0, 8;
    %cmp/u;
    %jmp/1 T_24.231, 6;
    %dup/vec4;
    %pushi/vec4 232, 0, 8;
    %cmp/u;
    %jmp/1 T_24.232, 6;
    %dup/vec4;
    %pushi/vec4 233, 0, 8;
    %cmp/u;
    %jmp/1 T_24.233, 6;
    %dup/vec4;
    %pushi/vec4 234, 0, 8;
    %cmp/u;
    %jmp/1 T_24.234, 6;
    %dup/vec4;
    %pushi/vec4 235, 0, 8;
    %cmp/u;
    %jmp/1 T_24.235, 6;
    %dup/vec4;
    %pushi/vec4 236, 0, 8;
    %cmp/u;
    %jmp/1 T_24.236, 6;
    %dup/vec4;
    %pushi/vec4 237, 0, 8;
    %cmp/u;
    %jmp/1 T_24.237, 6;
    %dup/vec4;
    %pushi/vec4 238, 0, 8;
    %cmp/u;
    %jmp/1 T_24.238, 6;
    %dup/vec4;
    %pushi/vec4 239, 0, 8;
    %cmp/u;
    %jmp/1 T_24.239, 6;
    %dup/vec4;
    %pushi/vec4 240, 0, 8;
    %cmp/u;
    %jmp/1 T_24.240, 6;
    %dup/vec4;
    %pushi/vec4 241, 0, 8;
    %cmp/u;
    %jmp/1 T_24.241, 6;
    %dup/vec4;
    %pushi/vec4 242, 0, 8;
    %cmp/u;
    %jmp/1 T_24.242, 6;
    %dup/vec4;
    %pushi/vec4 243, 0, 8;
    %cmp/u;
    %jmp/1 T_24.243, 6;
    %dup/vec4;
    %pushi/vec4 244, 0, 8;
    %cmp/u;
    %jmp/1 T_24.244, 6;
    %dup/vec4;
    %pushi/vec4 245, 0, 8;
    %cmp/u;
    %jmp/1 T_24.245, 6;
    %dup/vec4;
    %pushi/vec4 246, 0, 8;
    %cmp/u;
    %jmp/1 T_24.246, 6;
    %dup/vec4;
    %pushi/vec4 247, 0, 8;
    %cmp/u;
    %jmp/1 T_24.247, 6;
    %dup/vec4;
    %pushi/vec4 248, 0, 8;
    %cmp/u;
    %jmp/1 T_24.248, 6;
    %dup/vec4;
    %pushi/vec4 249, 0, 8;
    %cmp/u;
    %jmp/1 T_24.249, 6;
    %dup/vec4;
    %pushi/vec4 250, 0, 8;
    %cmp/u;
    %jmp/1 T_24.250, 6;
    %dup/vec4;
    %pushi/vec4 251, 0, 8;
    %cmp/u;
    %jmp/1 T_24.251, 6;
    %dup/vec4;
    %pushi/vec4 252, 0, 8;
    %cmp/u;
    %jmp/1 T_24.252, 6;
    %dup/vec4;
    %pushi/vec4 253, 0, 8;
    %cmp/u;
    %jmp/1 T_24.253, 6;
    %dup/vec4;
    %pushi/vec4 254, 0, 8;
    %cmp/u;
    %jmp/1 T_24.254, 6;
    %dup/vec4;
    %pushi/vec4 255, 0, 8;
    %cmp/u;
    %jmp/1 T_24.255, 6;
    %jmp T_24.256;
T_24.0 ;
    %pushi/vec4 99, 0, 8;
    %store/vec4 v00000174f7e8ed00_0, 0, 8;
    %jmp T_24.256;
T_24.1 ;
    %pushi/vec4 124, 0, 8;
    %store/vec4 v00000174f7e8ed00_0, 0, 8;
    %jmp T_24.256;
T_24.2 ;
    %pushi/vec4 119, 0, 8;
    %store/vec4 v00000174f7e8ed00_0, 0, 8;
    %jmp T_24.256;
T_24.3 ;
    %pushi/vec4 123, 0, 8;
    %store/vec4 v00000174f7e8ed00_0, 0, 8;
    %jmp T_24.256;
T_24.4 ;
    %pushi/vec4 242, 0, 8;
    %store/vec4 v00000174f7e8ed00_0, 0, 8;
    %jmp T_24.256;
T_24.5 ;
    %pushi/vec4 107, 0, 8;
    %store/vec4 v00000174f7e8ed00_0, 0, 8;
    %jmp T_24.256;
T_24.6 ;
    %pushi/vec4 111, 0, 8;
    %store/vec4 v00000174f7e8ed00_0, 0, 8;
    %jmp T_24.256;
T_24.7 ;
    %pushi/vec4 197, 0, 8;
    %store/vec4 v00000174f7e8ed00_0, 0, 8;
    %jmp T_24.256;
T_24.8 ;
    %pushi/vec4 48, 0, 8;
    %store/vec4 v00000174f7e8ed00_0, 0, 8;
    %jmp T_24.256;
T_24.9 ;
    %pushi/vec4 1, 0, 8;
    %store/vec4 v00000174f7e8ed00_0, 0, 8;
    %jmp T_24.256;
T_24.10 ;
    %pushi/vec4 103, 0, 8;
    %store/vec4 v00000174f7e8ed00_0, 0, 8;
    %jmp T_24.256;
T_24.11 ;
    %pushi/vec4 43, 0, 8;
    %store/vec4 v00000174f7e8ed00_0, 0, 8;
    %jmp T_24.256;
T_24.12 ;
    %pushi/vec4 254, 0, 8;
    %store/vec4 v00000174f7e8ed00_0, 0, 8;
    %jmp T_24.256;
T_24.13 ;
    %pushi/vec4 215, 0, 8;
    %store/vec4 v00000174f7e8ed00_0, 0, 8;
    %jmp T_24.256;
T_24.14 ;
    %pushi/vec4 171, 0, 8;
    %store/vec4 v00000174f7e8ed00_0, 0, 8;
    %jmp T_24.256;
T_24.15 ;
    %pushi/vec4 118, 0, 8;
    %store/vec4 v00000174f7e8ed00_0, 0, 8;
    %jmp T_24.256;
T_24.16 ;
    %pushi/vec4 202, 0, 8;
    %store/vec4 v00000174f7e8ed00_0, 0, 8;
    %jmp T_24.256;
T_24.17 ;
    %pushi/vec4 130, 0, 8;
    %store/vec4 v00000174f7e8ed00_0, 0, 8;
    %jmp T_24.256;
T_24.18 ;
    %pushi/vec4 201, 0, 8;
    %store/vec4 v00000174f7e8ed00_0, 0, 8;
    %jmp T_24.256;
T_24.19 ;
    %pushi/vec4 125, 0, 8;
    %store/vec4 v00000174f7e8ed00_0, 0, 8;
    %jmp T_24.256;
T_24.20 ;
    %pushi/vec4 250, 0, 8;
    %store/vec4 v00000174f7e8ed00_0, 0, 8;
    %jmp T_24.256;
T_24.21 ;
    %pushi/vec4 89, 0, 8;
    %store/vec4 v00000174f7e8ed00_0, 0, 8;
    %jmp T_24.256;
T_24.22 ;
    %pushi/vec4 71, 0, 8;
    %store/vec4 v00000174f7e8ed00_0, 0, 8;
    %jmp T_24.256;
T_24.23 ;
    %pushi/vec4 240, 0, 8;
    %store/vec4 v00000174f7e8ed00_0, 0, 8;
    %jmp T_24.256;
T_24.24 ;
    %pushi/vec4 173, 0, 8;
    %store/vec4 v00000174f7e8ed00_0, 0, 8;
    %jmp T_24.256;
T_24.25 ;
    %pushi/vec4 212, 0, 8;
    %store/vec4 v00000174f7e8ed00_0, 0, 8;
    %jmp T_24.256;
T_24.26 ;
    %pushi/vec4 162, 0, 8;
    %store/vec4 v00000174f7e8ed00_0, 0, 8;
    %jmp T_24.256;
T_24.27 ;
    %pushi/vec4 175, 0, 8;
    %store/vec4 v00000174f7e8ed00_0, 0, 8;
    %jmp T_24.256;
T_24.28 ;
    %pushi/vec4 156, 0, 8;
    %store/vec4 v00000174f7e8ed00_0, 0, 8;
    %jmp T_24.256;
T_24.29 ;
    %pushi/vec4 164, 0, 8;
    %store/vec4 v00000174f7e8ed00_0, 0, 8;
    %jmp T_24.256;
T_24.30 ;
    %pushi/vec4 114, 0, 8;
    %store/vec4 v00000174f7e8ed00_0, 0, 8;
    %jmp T_24.256;
T_24.31 ;
    %pushi/vec4 192, 0, 8;
    %store/vec4 v00000174f7e8ed00_0, 0, 8;
    %jmp T_24.256;
T_24.32 ;
    %pushi/vec4 183, 0, 8;
    %store/vec4 v00000174f7e8ed00_0, 0, 8;
    %jmp T_24.256;
T_24.33 ;
    %pushi/vec4 253, 0, 8;
    %store/vec4 v00000174f7e8ed00_0, 0, 8;
    %jmp T_24.256;
T_24.34 ;
    %pushi/vec4 147, 0, 8;
    %store/vec4 v00000174f7e8ed00_0, 0, 8;
    %jmp T_24.256;
T_24.35 ;
    %pushi/vec4 38, 0, 8;
    %store/vec4 v00000174f7e8ed00_0, 0, 8;
    %jmp T_24.256;
T_24.36 ;
    %pushi/vec4 54, 0, 8;
    %store/vec4 v00000174f7e8ed00_0, 0, 8;
    %jmp T_24.256;
T_24.37 ;
    %pushi/vec4 63, 0, 8;
    %store/vec4 v00000174f7e8ed00_0, 0, 8;
    %jmp T_24.256;
T_24.38 ;
    %pushi/vec4 247, 0, 8;
    %store/vec4 v00000174f7e8ed00_0, 0, 8;
    %jmp T_24.256;
T_24.39 ;
    %pushi/vec4 204, 0, 8;
    %store/vec4 v00000174f7e8ed00_0, 0, 8;
    %jmp T_24.256;
T_24.40 ;
    %pushi/vec4 52, 0, 8;
    %store/vec4 v00000174f7e8ed00_0, 0, 8;
    %jmp T_24.256;
T_24.41 ;
    %pushi/vec4 165, 0, 8;
    %store/vec4 v00000174f7e8ed00_0, 0, 8;
    %jmp T_24.256;
T_24.42 ;
    %pushi/vec4 229, 0, 8;
    %store/vec4 v00000174f7e8ed00_0, 0, 8;
    %jmp T_24.256;
T_24.43 ;
    %pushi/vec4 241, 0, 8;
    %store/vec4 v00000174f7e8ed00_0, 0, 8;
    %jmp T_24.256;
T_24.44 ;
    %pushi/vec4 113, 0, 8;
    %store/vec4 v00000174f7e8ed00_0, 0, 8;
    %jmp T_24.256;
T_24.45 ;
    %pushi/vec4 216, 0, 8;
    %store/vec4 v00000174f7e8ed00_0, 0, 8;
    %jmp T_24.256;
T_24.46 ;
    %pushi/vec4 49, 0, 8;
    %store/vec4 v00000174f7e8ed00_0, 0, 8;
    %jmp T_24.256;
T_24.47 ;
    %pushi/vec4 21, 0, 8;
    %store/vec4 v00000174f7e8ed00_0, 0, 8;
    %jmp T_24.256;
T_24.48 ;
    %pushi/vec4 4, 0, 8;
    %store/vec4 v00000174f7e8ed00_0, 0, 8;
    %jmp T_24.256;
T_24.49 ;
    %pushi/vec4 199, 0, 8;
    %store/vec4 v00000174f7e8ed00_0, 0, 8;
    %jmp T_24.256;
T_24.50 ;
    %pushi/vec4 35, 0, 8;
    %store/vec4 v00000174f7e8ed00_0, 0, 8;
    %jmp T_24.256;
T_24.51 ;
    %pushi/vec4 195, 0, 8;
    %store/vec4 v00000174f7e8ed00_0, 0, 8;
    %jmp T_24.256;
T_24.52 ;
    %pushi/vec4 24, 0, 8;
    %store/vec4 v00000174f7e8ed00_0, 0, 8;
    %jmp T_24.256;
T_24.53 ;
    %pushi/vec4 150, 0, 8;
    %store/vec4 v00000174f7e8ed00_0, 0, 8;
    %jmp T_24.256;
T_24.54 ;
    %pushi/vec4 5, 0, 8;
    %store/vec4 v00000174f7e8ed00_0, 0, 8;
    %jmp T_24.256;
T_24.55 ;
    %pushi/vec4 154, 0, 8;
    %store/vec4 v00000174f7e8ed00_0, 0, 8;
    %jmp T_24.256;
T_24.56 ;
    %pushi/vec4 7, 0, 8;
    %store/vec4 v00000174f7e8ed00_0, 0, 8;
    %jmp T_24.256;
T_24.57 ;
    %pushi/vec4 18, 0, 8;
    %store/vec4 v00000174f7e8ed00_0, 0, 8;
    %jmp T_24.256;
T_24.58 ;
    %pushi/vec4 128, 0, 8;
    %store/vec4 v00000174f7e8ed00_0, 0, 8;
    %jmp T_24.256;
T_24.59 ;
    %pushi/vec4 226, 0, 8;
    %store/vec4 v00000174f7e8ed00_0, 0, 8;
    %jmp T_24.256;
T_24.60 ;
    %pushi/vec4 235, 0, 8;
    %store/vec4 v00000174f7e8ed00_0, 0, 8;
    %jmp T_24.256;
T_24.61 ;
    %pushi/vec4 39, 0, 8;
    %store/vec4 v00000174f7e8ed00_0, 0, 8;
    %jmp T_24.256;
T_24.62 ;
    %pushi/vec4 178, 0, 8;
    %store/vec4 v00000174f7e8ed00_0, 0, 8;
    %jmp T_24.256;
T_24.63 ;
    %pushi/vec4 117, 0, 8;
    %store/vec4 v00000174f7e8ed00_0, 0, 8;
    %jmp T_24.256;
T_24.64 ;
    %pushi/vec4 9, 0, 8;
    %store/vec4 v00000174f7e8ed00_0, 0, 8;
    %jmp T_24.256;
T_24.65 ;
    %pushi/vec4 131, 0, 8;
    %store/vec4 v00000174f7e8ed00_0, 0, 8;
    %jmp T_24.256;
T_24.66 ;
    %pushi/vec4 44, 0, 8;
    %store/vec4 v00000174f7e8ed00_0, 0, 8;
    %jmp T_24.256;
T_24.67 ;
    %pushi/vec4 26, 0, 8;
    %store/vec4 v00000174f7e8ed00_0, 0, 8;
    %jmp T_24.256;
T_24.68 ;
    %pushi/vec4 27, 0, 8;
    %store/vec4 v00000174f7e8ed00_0, 0, 8;
    %jmp T_24.256;
T_24.69 ;
    %pushi/vec4 110, 0, 8;
    %store/vec4 v00000174f7e8ed00_0, 0, 8;
    %jmp T_24.256;
T_24.70 ;
    %pushi/vec4 90, 0, 8;
    %store/vec4 v00000174f7e8ed00_0, 0, 8;
    %jmp T_24.256;
T_24.71 ;
    %pushi/vec4 160, 0, 8;
    %store/vec4 v00000174f7e8ed00_0, 0, 8;
    %jmp T_24.256;
T_24.72 ;
    %pushi/vec4 82, 0, 8;
    %store/vec4 v00000174f7e8ed00_0, 0, 8;
    %jmp T_24.256;
T_24.73 ;
    %pushi/vec4 59, 0, 8;
    %store/vec4 v00000174f7e8ed00_0, 0, 8;
    %jmp T_24.256;
T_24.74 ;
    %pushi/vec4 214, 0, 8;
    %store/vec4 v00000174f7e8ed00_0, 0, 8;
    %jmp T_24.256;
T_24.75 ;
    %pushi/vec4 179, 0, 8;
    %store/vec4 v00000174f7e8ed00_0, 0, 8;
    %jmp T_24.256;
T_24.76 ;
    %pushi/vec4 41, 0, 8;
    %store/vec4 v00000174f7e8ed00_0, 0, 8;
    %jmp T_24.256;
T_24.77 ;
    %pushi/vec4 227, 0, 8;
    %store/vec4 v00000174f7e8ed00_0, 0, 8;
    %jmp T_24.256;
T_24.78 ;
    %pushi/vec4 47, 0, 8;
    %store/vec4 v00000174f7e8ed00_0, 0, 8;
    %jmp T_24.256;
T_24.79 ;
    %pushi/vec4 132, 0, 8;
    %store/vec4 v00000174f7e8ed00_0, 0, 8;
    %jmp T_24.256;
T_24.80 ;
    %pushi/vec4 83, 0, 8;
    %store/vec4 v00000174f7e8ed00_0, 0, 8;
    %jmp T_24.256;
T_24.81 ;
    %pushi/vec4 209, 0, 8;
    %store/vec4 v00000174f7e8ed00_0, 0, 8;
    %jmp T_24.256;
T_24.82 ;
    %pushi/vec4 0, 0, 8;
    %store/vec4 v00000174f7e8ed00_0, 0, 8;
    %jmp T_24.256;
T_24.83 ;
    %pushi/vec4 237, 0, 8;
    %store/vec4 v00000174f7e8ed00_0, 0, 8;
    %jmp T_24.256;
T_24.84 ;
    %pushi/vec4 32, 0, 8;
    %store/vec4 v00000174f7e8ed00_0, 0, 8;
    %jmp T_24.256;
T_24.85 ;
    %pushi/vec4 252, 0, 8;
    %store/vec4 v00000174f7e8ed00_0, 0, 8;
    %jmp T_24.256;
T_24.86 ;
    %pushi/vec4 177, 0, 8;
    %store/vec4 v00000174f7e8ed00_0, 0, 8;
    %jmp T_24.256;
T_24.87 ;
    %pushi/vec4 91, 0, 8;
    %store/vec4 v00000174f7e8ed00_0, 0, 8;
    %jmp T_24.256;
T_24.88 ;
    %pushi/vec4 106, 0, 8;
    %store/vec4 v00000174f7e8ed00_0, 0, 8;
    %jmp T_24.256;
T_24.89 ;
    %pushi/vec4 203, 0, 8;
    %store/vec4 v00000174f7e8ed00_0, 0, 8;
    %jmp T_24.256;
T_24.90 ;
    %pushi/vec4 190, 0, 8;
    %store/vec4 v00000174f7e8ed00_0, 0, 8;
    %jmp T_24.256;
T_24.91 ;
    %pushi/vec4 57, 0, 8;
    %store/vec4 v00000174f7e8ed00_0, 0, 8;
    %jmp T_24.256;
T_24.92 ;
    %pushi/vec4 74, 0, 8;
    %store/vec4 v00000174f7e8ed00_0, 0, 8;
    %jmp T_24.256;
T_24.93 ;
    %pushi/vec4 76, 0, 8;
    %store/vec4 v00000174f7e8ed00_0, 0, 8;
    %jmp T_24.256;
T_24.94 ;
    %pushi/vec4 88, 0, 8;
    %store/vec4 v00000174f7e8ed00_0, 0, 8;
    %jmp T_24.256;
T_24.95 ;
    %pushi/vec4 207, 0, 8;
    %store/vec4 v00000174f7e8ed00_0, 0, 8;
    %jmp T_24.256;
T_24.96 ;
    %pushi/vec4 208, 0, 8;
    %store/vec4 v00000174f7e8ed00_0, 0, 8;
    %jmp T_24.256;
T_24.97 ;
    %pushi/vec4 239, 0, 8;
    %store/vec4 v00000174f7e8ed00_0, 0, 8;
    %jmp T_24.256;
T_24.98 ;
    %pushi/vec4 170, 0, 8;
    %store/vec4 v00000174f7e8ed00_0, 0, 8;
    %jmp T_24.256;
T_24.99 ;
    %pushi/vec4 251, 0, 8;
    %store/vec4 v00000174f7e8ed00_0, 0, 8;
    %jmp T_24.256;
T_24.100 ;
    %pushi/vec4 67, 0, 8;
    %store/vec4 v00000174f7e8ed00_0, 0, 8;
    %jmp T_24.256;
T_24.101 ;
    %pushi/vec4 77, 0, 8;
    %store/vec4 v00000174f7e8ed00_0, 0, 8;
    %jmp T_24.256;
T_24.102 ;
    %pushi/vec4 51, 0, 8;
    %store/vec4 v00000174f7e8ed00_0, 0, 8;
    %jmp T_24.256;
T_24.103 ;
    %pushi/vec4 133, 0, 8;
    %store/vec4 v00000174f7e8ed00_0, 0, 8;
    %jmp T_24.256;
T_24.104 ;
    %pushi/vec4 69, 0, 8;
    %store/vec4 v00000174f7e8ed00_0, 0, 8;
    %jmp T_24.256;
T_24.105 ;
    %pushi/vec4 249, 0, 8;
    %store/vec4 v00000174f7e8ed00_0, 0, 8;
    %jmp T_24.256;
T_24.106 ;
    %pushi/vec4 2, 0, 8;
    %store/vec4 v00000174f7e8ed00_0, 0, 8;
    %jmp T_24.256;
T_24.107 ;
    %pushi/vec4 127, 0, 8;
    %store/vec4 v00000174f7e8ed00_0, 0, 8;
    %jmp T_24.256;
T_24.108 ;
    %pushi/vec4 80, 0, 8;
    %store/vec4 v00000174f7e8ed00_0, 0, 8;
    %jmp T_24.256;
T_24.109 ;
    %pushi/vec4 60, 0, 8;
    %store/vec4 v00000174f7e8ed00_0, 0, 8;
    %jmp T_24.256;
T_24.110 ;
    %pushi/vec4 159, 0, 8;
    %store/vec4 v00000174f7e8ed00_0, 0, 8;
    %jmp T_24.256;
T_24.111 ;
    %pushi/vec4 168, 0, 8;
    %store/vec4 v00000174f7e8ed00_0, 0, 8;
    %jmp T_24.256;
T_24.112 ;
    %pushi/vec4 81, 0, 8;
    %store/vec4 v00000174f7e8ed00_0, 0, 8;
    %jmp T_24.256;
T_24.113 ;
    %pushi/vec4 163, 0, 8;
    %store/vec4 v00000174f7e8ed00_0, 0, 8;
    %jmp T_24.256;
T_24.114 ;
    %pushi/vec4 64, 0, 8;
    %store/vec4 v00000174f7e8ed00_0, 0, 8;
    %jmp T_24.256;
T_24.115 ;
    %pushi/vec4 143, 0, 8;
    %store/vec4 v00000174f7e8ed00_0, 0, 8;
    %jmp T_24.256;
T_24.116 ;
    %pushi/vec4 146, 0, 8;
    %store/vec4 v00000174f7e8ed00_0, 0, 8;
    %jmp T_24.256;
T_24.117 ;
    %pushi/vec4 157, 0, 8;
    %store/vec4 v00000174f7e8ed00_0, 0, 8;
    %jmp T_24.256;
T_24.118 ;
    %pushi/vec4 56, 0, 8;
    %store/vec4 v00000174f7e8ed00_0, 0, 8;
    %jmp T_24.256;
T_24.119 ;
    %pushi/vec4 245, 0, 8;
    %store/vec4 v00000174f7e8ed00_0, 0, 8;
    %jmp T_24.256;
T_24.120 ;
    %pushi/vec4 188, 0, 8;
    %store/vec4 v00000174f7e8ed00_0, 0, 8;
    %jmp T_24.256;
T_24.121 ;
    %pushi/vec4 182, 0, 8;
    %store/vec4 v00000174f7e8ed00_0, 0, 8;
    %jmp T_24.256;
T_24.122 ;
    %pushi/vec4 218, 0, 8;
    %store/vec4 v00000174f7e8ed00_0, 0, 8;
    %jmp T_24.256;
T_24.123 ;
    %pushi/vec4 33, 0, 8;
    %store/vec4 v00000174f7e8ed00_0, 0, 8;
    %jmp T_24.256;
T_24.124 ;
    %pushi/vec4 16, 0, 8;
    %store/vec4 v00000174f7e8ed00_0, 0, 8;
    %jmp T_24.256;
T_24.125 ;
    %pushi/vec4 255, 0, 8;
    %store/vec4 v00000174f7e8ed00_0, 0, 8;
    %jmp T_24.256;
T_24.126 ;
    %pushi/vec4 243, 0, 8;
    %store/vec4 v00000174f7e8ed00_0, 0, 8;
    %jmp T_24.256;
T_24.127 ;
    %pushi/vec4 210, 0, 8;
    %store/vec4 v00000174f7e8ed00_0, 0, 8;
    %jmp T_24.256;
T_24.128 ;
    %pushi/vec4 205, 0, 8;
    %store/vec4 v00000174f7e8ed00_0, 0, 8;
    %jmp T_24.256;
T_24.129 ;
    %pushi/vec4 12, 0, 8;
    %store/vec4 v00000174f7e8ed00_0, 0, 8;
    %jmp T_24.256;
T_24.130 ;
    %pushi/vec4 19, 0, 8;
    %store/vec4 v00000174f7e8ed00_0, 0, 8;
    %jmp T_24.256;
T_24.131 ;
    %pushi/vec4 236, 0, 8;
    %store/vec4 v00000174f7e8ed00_0, 0, 8;
    %jmp T_24.256;
T_24.132 ;
    %pushi/vec4 95, 0, 8;
    %store/vec4 v00000174f7e8ed00_0, 0, 8;
    %jmp T_24.256;
T_24.133 ;
    %pushi/vec4 151, 0, 8;
    %store/vec4 v00000174f7e8ed00_0, 0, 8;
    %jmp T_24.256;
T_24.134 ;
    %pushi/vec4 68, 0, 8;
    %store/vec4 v00000174f7e8ed00_0, 0, 8;
    %jmp T_24.256;
T_24.135 ;
    %pushi/vec4 23, 0, 8;
    %store/vec4 v00000174f7e8ed00_0, 0, 8;
    %jmp T_24.256;
T_24.136 ;
    %pushi/vec4 196, 0, 8;
    %store/vec4 v00000174f7e8ed00_0, 0, 8;
    %jmp T_24.256;
T_24.137 ;
    %pushi/vec4 167, 0, 8;
    %store/vec4 v00000174f7e8ed00_0, 0, 8;
    %jmp T_24.256;
T_24.138 ;
    %pushi/vec4 126, 0, 8;
    %store/vec4 v00000174f7e8ed00_0, 0, 8;
    %jmp T_24.256;
T_24.139 ;
    %pushi/vec4 61, 0, 8;
    %store/vec4 v00000174f7e8ed00_0, 0, 8;
    %jmp T_24.256;
T_24.140 ;
    %pushi/vec4 100, 0, 8;
    %store/vec4 v00000174f7e8ed00_0, 0, 8;
    %jmp T_24.256;
T_24.141 ;
    %pushi/vec4 93, 0, 8;
    %store/vec4 v00000174f7e8ed00_0, 0, 8;
    %jmp T_24.256;
T_24.142 ;
    %pushi/vec4 25, 0, 8;
    %store/vec4 v00000174f7e8ed00_0, 0, 8;
    %jmp T_24.256;
T_24.143 ;
    %pushi/vec4 115, 0, 8;
    %store/vec4 v00000174f7e8ed00_0, 0, 8;
    %jmp T_24.256;
T_24.144 ;
    %pushi/vec4 96, 0, 8;
    %store/vec4 v00000174f7e8ed00_0, 0, 8;
    %jmp T_24.256;
T_24.145 ;
    %pushi/vec4 129, 0, 8;
    %store/vec4 v00000174f7e8ed00_0, 0, 8;
    %jmp T_24.256;
T_24.146 ;
    %pushi/vec4 79, 0, 8;
    %store/vec4 v00000174f7e8ed00_0, 0, 8;
    %jmp T_24.256;
T_24.147 ;
    %pushi/vec4 220, 0, 8;
    %store/vec4 v00000174f7e8ed00_0, 0, 8;
    %jmp T_24.256;
T_24.148 ;
    %pushi/vec4 34, 0, 8;
    %store/vec4 v00000174f7e8ed00_0, 0, 8;
    %jmp T_24.256;
T_24.149 ;
    %pushi/vec4 42, 0, 8;
    %store/vec4 v00000174f7e8ed00_0, 0, 8;
    %jmp T_24.256;
T_24.150 ;
    %pushi/vec4 144, 0, 8;
    %store/vec4 v00000174f7e8ed00_0, 0, 8;
    %jmp T_24.256;
T_24.151 ;
    %pushi/vec4 136, 0, 8;
    %store/vec4 v00000174f7e8ed00_0, 0, 8;
    %jmp T_24.256;
T_24.152 ;
    %pushi/vec4 70, 0, 8;
    %store/vec4 v00000174f7e8ed00_0, 0, 8;
    %jmp T_24.256;
T_24.153 ;
    %pushi/vec4 238, 0, 8;
    %store/vec4 v00000174f7e8ed00_0, 0, 8;
    %jmp T_24.256;
T_24.154 ;
    %pushi/vec4 184, 0, 8;
    %store/vec4 v00000174f7e8ed00_0, 0, 8;
    %jmp T_24.256;
T_24.155 ;
    %pushi/vec4 20, 0, 8;
    %store/vec4 v00000174f7e8ed00_0, 0, 8;
    %jmp T_24.256;
T_24.156 ;
    %pushi/vec4 222, 0, 8;
    %store/vec4 v00000174f7e8ed00_0, 0, 8;
    %jmp T_24.256;
T_24.157 ;
    %pushi/vec4 94, 0, 8;
    %store/vec4 v00000174f7e8ed00_0, 0, 8;
    %jmp T_24.256;
T_24.158 ;
    %pushi/vec4 11, 0, 8;
    %store/vec4 v00000174f7e8ed00_0, 0, 8;
    %jmp T_24.256;
T_24.159 ;
    %pushi/vec4 219, 0, 8;
    %store/vec4 v00000174f7e8ed00_0, 0, 8;
    %jmp T_24.256;
T_24.160 ;
    %pushi/vec4 224, 0, 8;
    %store/vec4 v00000174f7e8ed00_0, 0, 8;
    %jmp T_24.256;
T_24.161 ;
    %pushi/vec4 50, 0, 8;
    %store/vec4 v00000174f7e8ed00_0, 0, 8;
    %jmp T_24.256;
T_24.162 ;
    %pushi/vec4 58, 0, 8;
    %store/vec4 v00000174f7e8ed00_0, 0, 8;
    %jmp T_24.256;
T_24.163 ;
    %pushi/vec4 10, 0, 8;
    %store/vec4 v00000174f7e8ed00_0, 0, 8;
    %jmp T_24.256;
T_24.164 ;
    %pushi/vec4 73, 0, 8;
    %store/vec4 v00000174f7e8ed00_0, 0, 8;
    %jmp T_24.256;
T_24.165 ;
    %pushi/vec4 6, 0, 8;
    %store/vec4 v00000174f7e8ed00_0, 0, 8;
    %jmp T_24.256;
T_24.166 ;
    %pushi/vec4 36, 0, 8;
    %store/vec4 v00000174f7e8ed00_0, 0, 8;
    %jmp T_24.256;
T_24.167 ;
    %pushi/vec4 92, 0, 8;
    %store/vec4 v00000174f7e8ed00_0, 0, 8;
    %jmp T_24.256;
T_24.168 ;
    %pushi/vec4 194, 0, 8;
    %store/vec4 v00000174f7e8ed00_0, 0, 8;
    %jmp T_24.256;
T_24.169 ;
    %pushi/vec4 211, 0, 8;
    %store/vec4 v00000174f7e8ed00_0, 0, 8;
    %jmp T_24.256;
T_24.170 ;
    %pushi/vec4 172, 0, 8;
    %store/vec4 v00000174f7e8ed00_0, 0, 8;
    %jmp T_24.256;
T_24.171 ;
    %pushi/vec4 98, 0, 8;
    %store/vec4 v00000174f7e8ed00_0, 0, 8;
    %jmp T_24.256;
T_24.172 ;
    %pushi/vec4 145, 0, 8;
    %store/vec4 v00000174f7e8ed00_0, 0, 8;
    %jmp T_24.256;
T_24.173 ;
    %pushi/vec4 149, 0, 8;
    %store/vec4 v00000174f7e8ed00_0, 0, 8;
    %jmp T_24.256;
T_24.174 ;
    %pushi/vec4 228, 0, 8;
    %store/vec4 v00000174f7e8ed00_0, 0, 8;
    %jmp T_24.256;
T_24.175 ;
    %pushi/vec4 121, 0, 8;
    %store/vec4 v00000174f7e8ed00_0, 0, 8;
    %jmp T_24.256;
T_24.176 ;
    %pushi/vec4 231, 0, 8;
    %store/vec4 v00000174f7e8ed00_0, 0, 8;
    %jmp T_24.256;
T_24.177 ;
    %pushi/vec4 200, 0, 8;
    %store/vec4 v00000174f7e8ed00_0, 0, 8;
    %jmp T_24.256;
T_24.178 ;
    %pushi/vec4 55, 0, 8;
    %store/vec4 v00000174f7e8ed00_0, 0, 8;
    %jmp T_24.256;
T_24.179 ;
    %pushi/vec4 109, 0, 8;
    %store/vec4 v00000174f7e8ed00_0, 0, 8;
    %jmp T_24.256;
T_24.180 ;
    %pushi/vec4 141, 0, 8;
    %store/vec4 v00000174f7e8ed00_0, 0, 8;
    %jmp T_24.256;
T_24.181 ;
    %pushi/vec4 213, 0, 8;
    %store/vec4 v00000174f7e8ed00_0, 0, 8;
    %jmp T_24.256;
T_24.182 ;
    %pushi/vec4 78, 0, 8;
    %store/vec4 v00000174f7e8ed00_0, 0, 8;
    %jmp T_24.256;
T_24.183 ;
    %pushi/vec4 169, 0, 8;
    %store/vec4 v00000174f7e8ed00_0, 0, 8;
    %jmp T_24.256;
T_24.184 ;
    %pushi/vec4 108, 0, 8;
    %store/vec4 v00000174f7e8ed00_0, 0, 8;
    %jmp T_24.256;
T_24.185 ;
    %pushi/vec4 86, 0, 8;
    %store/vec4 v00000174f7e8ed00_0, 0, 8;
    %jmp T_24.256;
T_24.186 ;
    %pushi/vec4 244, 0, 8;
    %store/vec4 v00000174f7e8ed00_0, 0, 8;
    %jmp T_24.256;
T_24.187 ;
    %pushi/vec4 234, 0, 8;
    %store/vec4 v00000174f7e8ed00_0, 0, 8;
    %jmp T_24.256;
T_24.188 ;
    %pushi/vec4 101, 0, 8;
    %store/vec4 v00000174f7e8ed00_0, 0, 8;
    %jmp T_24.256;
T_24.189 ;
    %pushi/vec4 122, 0, 8;
    %store/vec4 v00000174f7e8ed00_0, 0, 8;
    %jmp T_24.256;
T_24.190 ;
    %pushi/vec4 174, 0, 8;
    %store/vec4 v00000174f7e8ed00_0, 0, 8;
    %jmp T_24.256;
T_24.191 ;
    %pushi/vec4 8, 0, 8;
    %store/vec4 v00000174f7e8ed00_0, 0, 8;
    %jmp T_24.256;
T_24.192 ;
    %pushi/vec4 186, 0, 8;
    %store/vec4 v00000174f7e8ed00_0, 0, 8;
    %jmp T_24.256;
T_24.193 ;
    %pushi/vec4 120, 0, 8;
    %store/vec4 v00000174f7e8ed00_0, 0, 8;
    %jmp T_24.256;
T_24.194 ;
    %pushi/vec4 37, 0, 8;
    %store/vec4 v00000174f7e8ed00_0, 0, 8;
    %jmp T_24.256;
T_24.195 ;
    %pushi/vec4 46, 0, 8;
    %store/vec4 v00000174f7e8ed00_0, 0, 8;
    %jmp T_24.256;
T_24.196 ;
    %pushi/vec4 28, 0, 8;
    %store/vec4 v00000174f7e8ed00_0, 0, 8;
    %jmp T_24.256;
T_24.197 ;
    %pushi/vec4 166, 0, 8;
    %store/vec4 v00000174f7e8ed00_0, 0, 8;
    %jmp T_24.256;
T_24.198 ;
    %pushi/vec4 180, 0, 8;
    %store/vec4 v00000174f7e8ed00_0, 0, 8;
    %jmp T_24.256;
T_24.199 ;
    %pushi/vec4 198, 0, 8;
    %store/vec4 v00000174f7e8ed00_0, 0, 8;
    %jmp T_24.256;
T_24.200 ;
    %pushi/vec4 232, 0, 8;
    %store/vec4 v00000174f7e8ed00_0, 0, 8;
    %jmp T_24.256;
T_24.201 ;
    %pushi/vec4 221, 0, 8;
    %store/vec4 v00000174f7e8ed00_0, 0, 8;
    %jmp T_24.256;
T_24.202 ;
    %pushi/vec4 116, 0, 8;
    %store/vec4 v00000174f7e8ed00_0, 0, 8;
    %jmp T_24.256;
T_24.203 ;
    %pushi/vec4 31, 0, 8;
    %store/vec4 v00000174f7e8ed00_0, 0, 8;
    %jmp T_24.256;
T_24.204 ;
    %pushi/vec4 75, 0, 8;
    %store/vec4 v00000174f7e8ed00_0, 0, 8;
    %jmp T_24.256;
T_24.205 ;
    %pushi/vec4 189, 0, 8;
    %store/vec4 v00000174f7e8ed00_0, 0, 8;
    %jmp T_24.256;
T_24.206 ;
    %pushi/vec4 139, 0, 8;
    %store/vec4 v00000174f7e8ed00_0, 0, 8;
    %jmp T_24.256;
T_24.207 ;
    %pushi/vec4 138, 0, 8;
    %store/vec4 v00000174f7e8ed00_0, 0, 8;
    %jmp T_24.256;
T_24.208 ;
    %pushi/vec4 112, 0, 8;
    %store/vec4 v00000174f7e8ed00_0, 0, 8;
    %jmp T_24.256;
T_24.209 ;
    %pushi/vec4 62, 0, 8;
    %store/vec4 v00000174f7e8ed00_0, 0, 8;
    %jmp T_24.256;
T_24.210 ;
    %pushi/vec4 181, 0, 8;
    %store/vec4 v00000174f7e8ed00_0, 0, 8;
    %jmp T_24.256;
T_24.211 ;
    %pushi/vec4 102, 0, 8;
    %store/vec4 v00000174f7e8ed00_0, 0, 8;
    %jmp T_24.256;
T_24.212 ;
    %pushi/vec4 72, 0, 8;
    %store/vec4 v00000174f7e8ed00_0, 0, 8;
    %jmp T_24.256;
T_24.213 ;
    %pushi/vec4 3, 0, 8;
    %store/vec4 v00000174f7e8ed00_0, 0, 8;
    %jmp T_24.256;
T_24.214 ;
    %pushi/vec4 246, 0, 8;
    %store/vec4 v00000174f7e8ed00_0, 0, 8;
    %jmp T_24.256;
T_24.215 ;
    %pushi/vec4 14, 0, 8;
    %store/vec4 v00000174f7e8ed00_0, 0, 8;
    %jmp T_24.256;
T_24.216 ;
    %pushi/vec4 97, 0, 8;
    %store/vec4 v00000174f7e8ed00_0, 0, 8;
    %jmp T_24.256;
T_24.217 ;
    %pushi/vec4 53, 0, 8;
    %store/vec4 v00000174f7e8ed00_0, 0, 8;
    %jmp T_24.256;
T_24.218 ;
    %pushi/vec4 87, 0, 8;
    %store/vec4 v00000174f7e8ed00_0, 0, 8;
    %jmp T_24.256;
T_24.219 ;
    %pushi/vec4 185, 0, 8;
    %store/vec4 v00000174f7e8ed00_0, 0, 8;
    %jmp T_24.256;
T_24.220 ;
    %pushi/vec4 134, 0, 8;
    %store/vec4 v00000174f7e8ed00_0, 0, 8;
    %jmp T_24.256;
T_24.221 ;
    %pushi/vec4 193, 0, 8;
    %store/vec4 v00000174f7e8ed00_0, 0, 8;
    %jmp T_24.256;
T_24.222 ;
    %pushi/vec4 29, 0, 8;
    %store/vec4 v00000174f7e8ed00_0, 0, 8;
    %jmp T_24.256;
T_24.223 ;
    %pushi/vec4 158, 0, 8;
    %store/vec4 v00000174f7e8ed00_0, 0, 8;
    %jmp T_24.256;
T_24.224 ;
    %pushi/vec4 225, 0, 8;
    %store/vec4 v00000174f7e8ed00_0, 0, 8;
    %jmp T_24.256;
T_24.225 ;
    %pushi/vec4 248, 0, 8;
    %store/vec4 v00000174f7e8ed00_0, 0, 8;
    %jmp T_24.256;
T_24.226 ;
    %pushi/vec4 152, 0, 8;
    %store/vec4 v00000174f7e8ed00_0, 0, 8;
    %jmp T_24.256;
T_24.227 ;
    %pushi/vec4 17, 0, 8;
    %store/vec4 v00000174f7e8ed00_0, 0, 8;
    %jmp T_24.256;
T_24.228 ;
    %pushi/vec4 105, 0, 8;
    %store/vec4 v00000174f7e8ed00_0, 0, 8;
    %jmp T_24.256;
T_24.229 ;
    %pushi/vec4 217, 0, 8;
    %store/vec4 v00000174f7e8ed00_0, 0, 8;
    %jmp T_24.256;
T_24.230 ;
    %pushi/vec4 142, 0, 8;
    %store/vec4 v00000174f7e8ed00_0, 0, 8;
    %jmp T_24.256;
T_24.231 ;
    %pushi/vec4 148, 0, 8;
    %store/vec4 v00000174f7e8ed00_0, 0, 8;
    %jmp T_24.256;
T_24.232 ;
    %pushi/vec4 155, 0, 8;
    %store/vec4 v00000174f7e8ed00_0, 0, 8;
    %jmp T_24.256;
T_24.233 ;
    %pushi/vec4 30, 0, 8;
    %store/vec4 v00000174f7e8ed00_0, 0, 8;
    %jmp T_24.256;
T_24.234 ;
    %pushi/vec4 135, 0, 8;
    %store/vec4 v00000174f7e8ed00_0, 0, 8;
    %jmp T_24.256;
T_24.235 ;
    %pushi/vec4 233, 0, 8;
    %store/vec4 v00000174f7e8ed00_0, 0, 8;
    %jmp T_24.256;
T_24.236 ;
    %pushi/vec4 206, 0, 8;
    %store/vec4 v00000174f7e8ed00_0, 0, 8;
    %jmp T_24.256;
T_24.237 ;
    %pushi/vec4 85, 0, 8;
    %store/vec4 v00000174f7e8ed00_0, 0, 8;
    %jmp T_24.256;
T_24.238 ;
    %pushi/vec4 40, 0, 8;
    %store/vec4 v00000174f7e8ed00_0, 0, 8;
    %jmp T_24.256;
T_24.239 ;
    %pushi/vec4 223, 0, 8;
    %store/vec4 v00000174f7e8ed00_0, 0, 8;
    %jmp T_24.256;
T_24.240 ;
    %pushi/vec4 140, 0, 8;
    %store/vec4 v00000174f7e8ed00_0, 0, 8;
    %jmp T_24.256;
T_24.241 ;
    %pushi/vec4 161, 0, 8;
    %store/vec4 v00000174f7e8ed00_0, 0, 8;
    %jmp T_24.256;
T_24.242 ;
    %pushi/vec4 137, 0, 8;
    %store/vec4 v00000174f7e8ed00_0, 0, 8;
    %jmp T_24.256;
T_24.243 ;
    %pushi/vec4 13, 0, 8;
    %store/vec4 v00000174f7e8ed00_0, 0, 8;
    %jmp T_24.256;
T_24.244 ;
    %pushi/vec4 191, 0, 8;
    %store/vec4 v00000174f7e8ed00_0, 0, 8;
    %jmp T_24.256;
T_24.245 ;
    %pushi/vec4 230, 0, 8;
    %store/vec4 v00000174f7e8ed00_0, 0, 8;
    %jmp T_24.256;
T_24.246 ;
    %pushi/vec4 66, 0, 8;
    %store/vec4 v00000174f7e8ed00_0, 0, 8;
    %jmp T_24.256;
T_24.247 ;
    %pushi/vec4 104, 0, 8;
    %store/vec4 v00000174f7e8ed00_0, 0, 8;
    %jmp T_24.256;
T_24.248 ;
    %pushi/vec4 65, 0, 8;
    %store/vec4 v00000174f7e8ed00_0, 0, 8;
    %jmp T_24.256;
T_24.249 ;
    %pushi/vec4 153, 0, 8;
    %store/vec4 v00000174f7e8ed00_0, 0, 8;
    %jmp T_24.256;
T_24.250 ;
    %pushi/vec4 45, 0, 8;
    %store/vec4 v00000174f7e8ed00_0, 0, 8;
    %jmp T_24.256;
T_24.251 ;
    %pushi/vec4 15, 0, 8;
    %store/vec4 v00000174f7e8ed00_0, 0, 8;
    %jmp T_24.256;
T_24.252 ;
    %pushi/vec4 176, 0, 8;
    %store/vec4 v00000174f7e8ed00_0, 0, 8;
    %jmp T_24.256;
T_24.253 ;
    %pushi/vec4 84, 0, 8;
    %store/vec4 v00000174f7e8ed00_0, 0, 8;
    %jmp T_24.256;
T_24.254 ;
    %pushi/vec4 187, 0, 8;
    %store/vec4 v00000174f7e8ed00_0, 0, 8;
    %jmp T_24.256;
T_24.255 ;
    %pushi/vec4 22, 0, 8;
    %store/vec4 v00000174f7e8ed00_0, 0, 8;
    %jmp T_24.256;
T_24.256 ;
    %pop/vec4 1;
    %jmp T_24;
    .thread T_24, $push;
    .scope S_00000174f7e91c10;
T_25 ;
    %wait E_00000174f7e05ed0;
    %load/vec4 v00000174f7e8e8a0_0;
    %dup/vec4;
    %pushi/vec4 0, 0, 8;
    %cmp/u;
    %jmp/1 T_25.0, 6;
    %dup/vec4;
    %pushi/vec4 1, 0, 8;
    %cmp/u;
    %jmp/1 T_25.1, 6;
    %dup/vec4;
    %pushi/vec4 2, 0, 8;
    %cmp/u;
    %jmp/1 T_25.2, 6;
    %dup/vec4;
    %pushi/vec4 3, 0, 8;
    %cmp/u;
    %jmp/1 T_25.3, 6;
    %dup/vec4;
    %pushi/vec4 4, 0, 8;
    %cmp/u;
    %jmp/1 T_25.4, 6;
    %dup/vec4;
    %pushi/vec4 5, 0, 8;
    %cmp/u;
    %jmp/1 T_25.5, 6;
    %dup/vec4;
    %pushi/vec4 6, 0, 8;
    %cmp/u;
    %jmp/1 T_25.6, 6;
    %dup/vec4;
    %pushi/vec4 7, 0, 8;
    %cmp/u;
    %jmp/1 T_25.7, 6;
    %dup/vec4;
    %pushi/vec4 8, 0, 8;
    %cmp/u;
    %jmp/1 T_25.8, 6;
    %dup/vec4;
    %pushi/vec4 9, 0, 8;
    %cmp/u;
    %jmp/1 T_25.9, 6;
    %dup/vec4;
    %pushi/vec4 10, 0, 8;
    %cmp/u;
    %jmp/1 T_25.10, 6;
    %dup/vec4;
    %pushi/vec4 11, 0, 8;
    %cmp/u;
    %jmp/1 T_25.11, 6;
    %dup/vec4;
    %pushi/vec4 12, 0, 8;
    %cmp/u;
    %jmp/1 T_25.12, 6;
    %dup/vec4;
    %pushi/vec4 13, 0, 8;
    %cmp/u;
    %jmp/1 T_25.13, 6;
    %dup/vec4;
    %pushi/vec4 14, 0, 8;
    %cmp/u;
    %jmp/1 T_25.14, 6;
    %dup/vec4;
    %pushi/vec4 15, 0, 8;
    %cmp/u;
    %jmp/1 T_25.15, 6;
    %dup/vec4;
    %pushi/vec4 16, 0, 8;
    %cmp/u;
    %jmp/1 T_25.16, 6;
    %dup/vec4;
    %pushi/vec4 17, 0, 8;
    %cmp/u;
    %jmp/1 T_25.17, 6;
    %dup/vec4;
    %pushi/vec4 18, 0, 8;
    %cmp/u;
    %jmp/1 T_25.18, 6;
    %dup/vec4;
    %pushi/vec4 19, 0, 8;
    %cmp/u;
    %jmp/1 T_25.19, 6;
    %dup/vec4;
    %pushi/vec4 20, 0, 8;
    %cmp/u;
    %jmp/1 T_25.20, 6;
    %dup/vec4;
    %pushi/vec4 21, 0, 8;
    %cmp/u;
    %jmp/1 T_25.21, 6;
    %dup/vec4;
    %pushi/vec4 22, 0, 8;
    %cmp/u;
    %jmp/1 T_25.22, 6;
    %dup/vec4;
    %pushi/vec4 23, 0, 8;
    %cmp/u;
    %jmp/1 T_25.23, 6;
    %dup/vec4;
    %pushi/vec4 24, 0, 8;
    %cmp/u;
    %jmp/1 T_25.24, 6;
    %dup/vec4;
    %pushi/vec4 25, 0, 8;
    %cmp/u;
    %jmp/1 T_25.25, 6;
    %dup/vec4;
    %pushi/vec4 26, 0, 8;
    %cmp/u;
    %jmp/1 T_25.26, 6;
    %dup/vec4;
    %pushi/vec4 27, 0, 8;
    %cmp/u;
    %jmp/1 T_25.27, 6;
    %dup/vec4;
    %pushi/vec4 28, 0, 8;
    %cmp/u;
    %jmp/1 T_25.28, 6;
    %dup/vec4;
    %pushi/vec4 29, 0, 8;
    %cmp/u;
    %jmp/1 T_25.29, 6;
    %dup/vec4;
    %pushi/vec4 30, 0, 8;
    %cmp/u;
    %jmp/1 T_25.30, 6;
    %dup/vec4;
    %pushi/vec4 31, 0, 8;
    %cmp/u;
    %jmp/1 T_25.31, 6;
    %dup/vec4;
    %pushi/vec4 32, 0, 8;
    %cmp/u;
    %jmp/1 T_25.32, 6;
    %dup/vec4;
    %pushi/vec4 33, 0, 8;
    %cmp/u;
    %jmp/1 T_25.33, 6;
    %dup/vec4;
    %pushi/vec4 34, 0, 8;
    %cmp/u;
    %jmp/1 T_25.34, 6;
    %dup/vec4;
    %pushi/vec4 35, 0, 8;
    %cmp/u;
    %jmp/1 T_25.35, 6;
    %dup/vec4;
    %pushi/vec4 36, 0, 8;
    %cmp/u;
    %jmp/1 T_25.36, 6;
    %dup/vec4;
    %pushi/vec4 37, 0, 8;
    %cmp/u;
    %jmp/1 T_25.37, 6;
    %dup/vec4;
    %pushi/vec4 38, 0, 8;
    %cmp/u;
    %jmp/1 T_25.38, 6;
    %dup/vec4;
    %pushi/vec4 39, 0, 8;
    %cmp/u;
    %jmp/1 T_25.39, 6;
    %dup/vec4;
    %pushi/vec4 40, 0, 8;
    %cmp/u;
    %jmp/1 T_25.40, 6;
    %dup/vec4;
    %pushi/vec4 41, 0, 8;
    %cmp/u;
    %jmp/1 T_25.41, 6;
    %dup/vec4;
    %pushi/vec4 42, 0, 8;
    %cmp/u;
    %jmp/1 T_25.42, 6;
    %dup/vec4;
    %pushi/vec4 43, 0, 8;
    %cmp/u;
    %jmp/1 T_25.43, 6;
    %dup/vec4;
    %pushi/vec4 44, 0, 8;
    %cmp/u;
    %jmp/1 T_25.44, 6;
    %dup/vec4;
    %pushi/vec4 45, 0, 8;
    %cmp/u;
    %jmp/1 T_25.45, 6;
    %dup/vec4;
    %pushi/vec4 46, 0, 8;
    %cmp/u;
    %jmp/1 T_25.46, 6;
    %dup/vec4;
    %pushi/vec4 47, 0, 8;
    %cmp/u;
    %jmp/1 T_25.47, 6;
    %dup/vec4;
    %pushi/vec4 48, 0, 8;
    %cmp/u;
    %jmp/1 T_25.48, 6;
    %dup/vec4;
    %pushi/vec4 49, 0, 8;
    %cmp/u;
    %jmp/1 T_25.49, 6;
    %dup/vec4;
    %pushi/vec4 50, 0, 8;
    %cmp/u;
    %jmp/1 T_25.50, 6;
    %dup/vec4;
    %pushi/vec4 51, 0, 8;
    %cmp/u;
    %jmp/1 T_25.51, 6;
    %dup/vec4;
    %pushi/vec4 52, 0, 8;
    %cmp/u;
    %jmp/1 T_25.52, 6;
    %dup/vec4;
    %pushi/vec4 53, 0, 8;
    %cmp/u;
    %jmp/1 T_25.53, 6;
    %dup/vec4;
    %pushi/vec4 54, 0, 8;
    %cmp/u;
    %jmp/1 T_25.54, 6;
    %dup/vec4;
    %pushi/vec4 55, 0, 8;
    %cmp/u;
    %jmp/1 T_25.55, 6;
    %dup/vec4;
    %pushi/vec4 56, 0, 8;
    %cmp/u;
    %jmp/1 T_25.56, 6;
    %dup/vec4;
    %pushi/vec4 57, 0, 8;
    %cmp/u;
    %jmp/1 T_25.57, 6;
    %dup/vec4;
    %pushi/vec4 58, 0, 8;
    %cmp/u;
    %jmp/1 T_25.58, 6;
    %dup/vec4;
    %pushi/vec4 59, 0, 8;
    %cmp/u;
    %jmp/1 T_25.59, 6;
    %dup/vec4;
    %pushi/vec4 60, 0, 8;
    %cmp/u;
    %jmp/1 T_25.60, 6;
    %dup/vec4;
    %pushi/vec4 61, 0, 8;
    %cmp/u;
    %jmp/1 T_25.61, 6;
    %dup/vec4;
    %pushi/vec4 62, 0, 8;
    %cmp/u;
    %jmp/1 T_25.62, 6;
    %dup/vec4;
    %pushi/vec4 63, 0, 8;
    %cmp/u;
    %jmp/1 T_25.63, 6;
    %dup/vec4;
    %pushi/vec4 64, 0, 8;
    %cmp/u;
    %jmp/1 T_25.64, 6;
    %dup/vec4;
    %pushi/vec4 65, 0, 8;
    %cmp/u;
    %jmp/1 T_25.65, 6;
    %dup/vec4;
    %pushi/vec4 66, 0, 8;
    %cmp/u;
    %jmp/1 T_25.66, 6;
    %dup/vec4;
    %pushi/vec4 67, 0, 8;
    %cmp/u;
    %jmp/1 T_25.67, 6;
    %dup/vec4;
    %pushi/vec4 68, 0, 8;
    %cmp/u;
    %jmp/1 T_25.68, 6;
    %dup/vec4;
    %pushi/vec4 69, 0, 8;
    %cmp/u;
    %jmp/1 T_25.69, 6;
    %dup/vec4;
    %pushi/vec4 70, 0, 8;
    %cmp/u;
    %jmp/1 T_25.70, 6;
    %dup/vec4;
    %pushi/vec4 71, 0, 8;
    %cmp/u;
    %jmp/1 T_25.71, 6;
    %dup/vec4;
    %pushi/vec4 72, 0, 8;
    %cmp/u;
    %jmp/1 T_25.72, 6;
    %dup/vec4;
    %pushi/vec4 73, 0, 8;
    %cmp/u;
    %jmp/1 T_25.73, 6;
    %dup/vec4;
    %pushi/vec4 74, 0, 8;
    %cmp/u;
    %jmp/1 T_25.74, 6;
    %dup/vec4;
    %pushi/vec4 75, 0, 8;
    %cmp/u;
    %jmp/1 T_25.75, 6;
    %dup/vec4;
    %pushi/vec4 76, 0, 8;
    %cmp/u;
    %jmp/1 T_25.76, 6;
    %dup/vec4;
    %pushi/vec4 77, 0, 8;
    %cmp/u;
    %jmp/1 T_25.77, 6;
    %dup/vec4;
    %pushi/vec4 78, 0, 8;
    %cmp/u;
    %jmp/1 T_25.78, 6;
    %dup/vec4;
    %pushi/vec4 79, 0, 8;
    %cmp/u;
    %jmp/1 T_25.79, 6;
    %dup/vec4;
    %pushi/vec4 80, 0, 8;
    %cmp/u;
    %jmp/1 T_25.80, 6;
    %dup/vec4;
    %pushi/vec4 81, 0, 8;
    %cmp/u;
    %jmp/1 T_25.81, 6;
    %dup/vec4;
    %pushi/vec4 82, 0, 8;
    %cmp/u;
    %jmp/1 T_25.82, 6;
    %dup/vec4;
    %pushi/vec4 83, 0, 8;
    %cmp/u;
    %jmp/1 T_25.83, 6;
    %dup/vec4;
    %pushi/vec4 84, 0, 8;
    %cmp/u;
    %jmp/1 T_25.84, 6;
    %dup/vec4;
    %pushi/vec4 85, 0, 8;
    %cmp/u;
    %jmp/1 T_25.85, 6;
    %dup/vec4;
    %pushi/vec4 86, 0, 8;
    %cmp/u;
    %jmp/1 T_25.86, 6;
    %dup/vec4;
    %pushi/vec4 87, 0, 8;
    %cmp/u;
    %jmp/1 T_25.87, 6;
    %dup/vec4;
    %pushi/vec4 88, 0, 8;
    %cmp/u;
    %jmp/1 T_25.88, 6;
    %dup/vec4;
    %pushi/vec4 89, 0, 8;
    %cmp/u;
    %jmp/1 T_25.89, 6;
    %dup/vec4;
    %pushi/vec4 90, 0, 8;
    %cmp/u;
    %jmp/1 T_25.90, 6;
    %dup/vec4;
    %pushi/vec4 91, 0, 8;
    %cmp/u;
    %jmp/1 T_25.91, 6;
    %dup/vec4;
    %pushi/vec4 92, 0, 8;
    %cmp/u;
    %jmp/1 T_25.92, 6;
    %dup/vec4;
    %pushi/vec4 93, 0, 8;
    %cmp/u;
    %jmp/1 T_25.93, 6;
    %dup/vec4;
    %pushi/vec4 94, 0, 8;
    %cmp/u;
    %jmp/1 T_25.94, 6;
    %dup/vec4;
    %pushi/vec4 95, 0, 8;
    %cmp/u;
    %jmp/1 T_25.95, 6;
    %dup/vec4;
    %pushi/vec4 96, 0, 8;
    %cmp/u;
    %jmp/1 T_25.96, 6;
    %dup/vec4;
    %pushi/vec4 97, 0, 8;
    %cmp/u;
    %jmp/1 T_25.97, 6;
    %dup/vec4;
    %pushi/vec4 98, 0, 8;
    %cmp/u;
    %jmp/1 T_25.98, 6;
    %dup/vec4;
    %pushi/vec4 99, 0, 8;
    %cmp/u;
    %jmp/1 T_25.99, 6;
    %dup/vec4;
    %pushi/vec4 100, 0, 8;
    %cmp/u;
    %jmp/1 T_25.100, 6;
    %dup/vec4;
    %pushi/vec4 101, 0, 8;
    %cmp/u;
    %jmp/1 T_25.101, 6;
    %dup/vec4;
    %pushi/vec4 102, 0, 8;
    %cmp/u;
    %jmp/1 T_25.102, 6;
    %dup/vec4;
    %pushi/vec4 103, 0, 8;
    %cmp/u;
    %jmp/1 T_25.103, 6;
    %dup/vec4;
    %pushi/vec4 104, 0, 8;
    %cmp/u;
    %jmp/1 T_25.104, 6;
    %dup/vec4;
    %pushi/vec4 105, 0, 8;
    %cmp/u;
    %jmp/1 T_25.105, 6;
    %dup/vec4;
    %pushi/vec4 106, 0, 8;
    %cmp/u;
    %jmp/1 T_25.106, 6;
    %dup/vec4;
    %pushi/vec4 107, 0, 8;
    %cmp/u;
    %jmp/1 T_25.107, 6;
    %dup/vec4;
    %pushi/vec4 108, 0, 8;
    %cmp/u;
    %jmp/1 T_25.108, 6;
    %dup/vec4;
    %pushi/vec4 109, 0, 8;
    %cmp/u;
    %jmp/1 T_25.109, 6;
    %dup/vec4;
    %pushi/vec4 110, 0, 8;
    %cmp/u;
    %jmp/1 T_25.110, 6;
    %dup/vec4;
    %pushi/vec4 111, 0, 8;
    %cmp/u;
    %jmp/1 T_25.111, 6;
    %dup/vec4;
    %pushi/vec4 112, 0, 8;
    %cmp/u;
    %jmp/1 T_25.112, 6;
    %dup/vec4;
    %pushi/vec4 113, 0, 8;
    %cmp/u;
    %jmp/1 T_25.113, 6;
    %dup/vec4;
    %pushi/vec4 114, 0, 8;
    %cmp/u;
    %jmp/1 T_25.114, 6;
    %dup/vec4;
    %pushi/vec4 115, 0, 8;
    %cmp/u;
    %jmp/1 T_25.115, 6;
    %dup/vec4;
    %pushi/vec4 116, 0, 8;
    %cmp/u;
    %jmp/1 T_25.116, 6;
    %dup/vec4;
    %pushi/vec4 117, 0, 8;
    %cmp/u;
    %jmp/1 T_25.117, 6;
    %dup/vec4;
    %pushi/vec4 118, 0, 8;
    %cmp/u;
    %jmp/1 T_25.118, 6;
    %dup/vec4;
    %pushi/vec4 119, 0, 8;
    %cmp/u;
    %jmp/1 T_25.119, 6;
    %dup/vec4;
    %pushi/vec4 120, 0, 8;
    %cmp/u;
    %jmp/1 T_25.120, 6;
    %dup/vec4;
    %pushi/vec4 121, 0, 8;
    %cmp/u;
    %jmp/1 T_25.121, 6;
    %dup/vec4;
    %pushi/vec4 122, 0, 8;
    %cmp/u;
    %jmp/1 T_25.122, 6;
    %dup/vec4;
    %pushi/vec4 123, 0, 8;
    %cmp/u;
    %jmp/1 T_25.123, 6;
    %dup/vec4;
    %pushi/vec4 124, 0, 8;
    %cmp/u;
    %jmp/1 T_25.124, 6;
    %dup/vec4;
    %pushi/vec4 125, 0, 8;
    %cmp/u;
    %jmp/1 T_25.125, 6;
    %dup/vec4;
    %pushi/vec4 126, 0, 8;
    %cmp/u;
    %jmp/1 T_25.126, 6;
    %dup/vec4;
    %pushi/vec4 127, 0, 8;
    %cmp/u;
    %jmp/1 T_25.127, 6;
    %dup/vec4;
    %pushi/vec4 128, 0, 8;
    %cmp/u;
    %jmp/1 T_25.128, 6;
    %dup/vec4;
    %pushi/vec4 129, 0, 8;
    %cmp/u;
    %jmp/1 T_25.129, 6;
    %dup/vec4;
    %pushi/vec4 130, 0, 8;
    %cmp/u;
    %jmp/1 T_25.130, 6;
    %dup/vec4;
    %pushi/vec4 131, 0, 8;
    %cmp/u;
    %jmp/1 T_25.131, 6;
    %dup/vec4;
    %pushi/vec4 132, 0, 8;
    %cmp/u;
    %jmp/1 T_25.132, 6;
    %dup/vec4;
    %pushi/vec4 133, 0, 8;
    %cmp/u;
    %jmp/1 T_25.133, 6;
    %dup/vec4;
    %pushi/vec4 134, 0, 8;
    %cmp/u;
    %jmp/1 T_25.134, 6;
    %dup/vec4;
    %pushi/vec4 135, 0, 8;
    %cmp/u;
    %jmp/1 T_25.135, 6;
    %dup/vec4;
    %pushi/vec4 136, 0, 8;
    %cmp/u;
    %jmp/1 T_25.136, 6;
    %dup/vec4;
    %pushi/vec4 137, 0, 8;
    %cmp/u;
    %jmp/1 T_25.137, 6;
    %dup/vec4;
    %pushi/vec4 138, 0, 8;
    %cmp/u;
    %jmp/1 T_25.138, 6;
    %dup/vec4;
    %pushi/vec4 139, 0, 8;
    %cmp/u;
    %jmp/1 T_25.139, 6;
    %dup/vec4;
    %pushi/vec4 140, 0, 8;
    %cmp/u;
    %jmp/1 T_25.140, 6;
    %dup/vec4;
    %pushi/vec4 141, 0, 8;
    %cmp/u;
    %jmp/1 T_25.141, 6;
    %dup/vec4;
    %pushi/vec4 142, 0, 8;
    %cmp/u;
    %jmp/1 T_25.142, 6;
    %dup/vec4;
    %pushi/vec4 143, 0, 8;
    %cmp/u;
    %jmp/1 T_25.143, 6;
    %dup/vec4;
    %pushi/vec4 144, 0, 8;
    %cmp/u;
    %jmp/1 T_25.144, 6;
    %dup/vec4;
    %pushi/vec4 145, 0, 8;
    %cmp/u;
    %jmp/1 T_25.145, 6;
    %dup/vec4;
    %pushi/vec4 146, 0, 8;
    %cmp/u;
    %jmp/1 T_25.146, 6;
    %dup/vec4;
    %pushi/vec4 147, 0, 8;
    %cmp/u;
    %jmp/1 T_25.147, 6;
    %dup/vec4;
    %pushi/vec4 148, 0, 8;
    %cmp/u;
    %jmp/1 T_25.148, 6;
    %dup/vec4;
    %pushi/vec4 149, 0, 8;
    %cmp/u;
    %jmp/1 T_25.149, 6;
    %dup/vec4;
    %pushi/vec4 150, 0, 8;
    %cmp/u;
    %jmp/1 T_25.150, 6;
    %dup/vec4;
    %pushi/vec4 151, 0, 8;
    %cmp/u;
    %jmp/1 T_25.151, 6;
    %dup/vec4;
    %pushi/vec4 152, 0, 8;
    %cmp/u;
    %jmp/1 T_25.152, 6;
    %dup/vec4;
    %pushi/vec4 153, 0, 8;
    %cmp/u;
    %jmp/1 T_25.153, 6;
    %dup/vec4;
    %pushi/vec4 154, 0, 8;
    %cmp/u;
    %jmp/1 T_25.154, 6;
    %dup/vec4;
    %pushi/vec4 155, 0, 8;
    %cmp/u;
    %jmp/1 T_25.155, 6;
    %dup/vec4;
    %pushi/vec4 156, 0, 8;
    %cmp/u;
    %jmp/1 T_25.156, 6;
    %dup/vec4;
    %pushi/vec4 157, 0, 8;
    %cmp/u;
    %jmp/1 T_25.157, 6;
    %dup/vec4;
    %pushi/vec4 158, 0, 8;
    %cmp/u;
    %jmp/1 T_25.158, 6;
    %dup/vec4;
    %pushi/vec4 159, 0, 8;
    %cmp/u;
    %jmp/1 T_25.159, 6;
    %dup/vec4;
    %pushi/vec4 160, 0, 8;
    %cmp/u;
    %jmp/1 T_25.160, 6;
    %dup/vec4;
    %pushi/vec4 161, 0, 8;
    %cmp/u;
    %jmp/1 T_25.161, 6;
    %dup/vec4;
    %pushi/vec4 162, 0, 8;
    %cmp/u;
    %jmp/1 T_25.162, 6;
    %dup/vec4;
    %pushi/vec4 163, 0, 8;
    %cmp/u;
    %jmp/1 T_25.163, 6;
    %dup/vec4;
    %pushi/vec4 164, 0, 8;
    %cmp/u;
    %jmp/1 T_25.164, 6;
    %dup/vec4;
    %pushi/vec4 165, 0, 8;
    %cmp/u;
    %jmp/1 T_25.165, 6;
    %dup/vec4;
    %pushi/vec4 166, 0, 8;
    %cmp/u;
    %jmp/1 T_25.166, 6;
    %dup/vec4;
    %pushi/vec4 167, 0, 8;
    %cmp/u;
    %jmp/1 T_25.167, 6;
    %dup/vec4;
    %pushi/vec4 168, 0, 8;
    %cmp/u;
    %jmp/1 T_25.168, 6;
    %dup/vec4;
    %pushi/vec4 169, 0, 8;
    %cmp/u;
    %jmp/1 T_25.169, 6;
    %dup/vec4;
    %pushi/vec4 170, 0, 8;
    %cmp/u;
    %jmp/1 T_25.170, 6;
    %dup/vec4;
    %pushi/vec4 171, 0, 8;
    %cmp/u;
    %jmp/1 T_25.171, 6;
    %dup/vec4;
    %pushi/vec4 172, 0, 8;
    %cmp/u;
    %jmp/1 T_25.172, 6;
    %dup/vec4;
    %pushi/vec4 173, 0, 8;
    %cmp/u;
    %jmp/1 T_25.173, 6;
    %dup/vec4;
    %pushi/vec4 174, 0, 8;
    %cmp/u;
    %jmp/1 T_25.174, 6;
    %dup/vec4;
    %pushi/vec4 175, 0, 8;
    %cmp/u;
    %jmp/1 T_25.175, 6;
    %dup/vec4;
    %pushi/vec4 176, 0, 8;
    %cmp/u;
    %jmp/1 T_25.176, 6;
    %dup/vec4;
    %pushi/vec4 177, 0, 8;
    %cmp/u;
    %jmp/1 T_25.177, 6;
    %dup/vec4;
    %pushi/vec4 178, 0, 8;
    %cmp/u;
    %jmp/1 T_25.178, 6;
    %dup/vec4;
    %pushi/vec4 179, 0, 8;
    %cmp/u;
    %jmp/1 T_25.179, 6;
    %dup/vec4;
    %pushi/vec4 180, 0, 8;
    %cmp/u;
    %jmp/1 T_25.180, 6;
    %dup/vec4;
    %pushi/vec4 181, 0, 8;
    %cmp/u;
    %jmp/1 T_25.181, 6;
    %dup/vec4;
    %pushi/vec4 182, 0, 8;
    %cmp/u;
    %jmp/1 T_25.182, 6;
    %dup/vec4;
    %pushi/vec4 183, 0, 8;
    %cmp/u;
    %jmp/1 T_25.183, 6;
    %dup/vec4;
    %pushi/vec4 184, 0, 8;
    %cmp/u;
    %jmp/1 T_25.184, 6;
    %dup/vec4;
    %pushi/vec4 185, 0, 8;
    %cmp/u;
    %jmp/1 T_25.185, 6;
    %dup/vec4;
    %pushi/vec4 186, 0, 8;
    %cmp/u;
    %jmp/1 T_25.186, 6;
    %dup/vec4;
    %pushi/vec4 187, 0, 8;
    %cmp/u;
    %jmp/1 T_25.187, 6;
    %dup/vec4;
    %pushi/vec4 188, 0, 8;
    %cmp/u;
    %jmp/1 T_25.188, 6;
    %dup/vec4;
    %pushi/vec4 189, 0, 8;
    %cmp/u;
    %jmp/1 T_25.189, 6;
    %dup/vec4;
    %pushi/vec4 190, 0, 8;
    %cmp/u;
    %jmp/1 T_25.190, 6;
    %dup/vec4;
    %pushi/vec4 191, 0, 8;
    %cmp/u;
    %jmp/1 T_25.191, 6;
    %dup/vec4;
    %pushi/vec4 192, 0, 8;
    %cmp/u;
    %jmp/1 T_25.192, 6;
    %dup/vec4;
    %pushi/vec4 193, 0, 8;
    %cmp/u;
    %jmp/1 T_25.193, 6;
    %dup/vec4;
    %pushi/vec4 194, 0, 8;
    %cmp/u;
    %jmp/1 T_25.194, 6;
    %dup/vec4;
    %pushi/vec4 195, 0, 8;
    %cmp/u;
    %jmp/1 T_25.195, 6;
    %dup/vec4;
    %pushi/vec4 196, 0, 8;
    %cmp/u;
    %jmp/1 T_25.196, 6;
    %dup/vec4;
    %pushi/vec4 197, 0, 8;
    %cmp/u;
    %jmp/1 T_25.197, 6;
    %dup/vec4;
    %pushi/vec4 198, 0, 8;
    %cmp/u;
    %jmp/1 T_25.198, 6;
    %dup/vec4;
    %pushi/vec4 199, 0, 8;
    %cmp/u;
    %jmp/1 T_25.199, 6;
    %dup/vec4;
    %pushi/vec4 200, 0, 8;
    %cmp/u;
    %jmp/1 T_25.200, 6;
    %dup/vec4;
    %pushi/vec4 201, 0, 8;
    %cmp/u;
    %jmp/1 T_25.201, 6;
    %dup/vec4;
    %pushi/vec4 202, 0, 8;
    %cmp/u;
    %jmp/1 T_25.202, 6;
    %dup/vec4;
    %pushi/vec4 203, 0, 8;
    %cmp/u;
    %jmp/1 T_25.203, 6;
    %dup/vec4;
    %pushi/vec4 204, 0, 8;
    %cmp/u;
    %jmp/1 T_25.204, 6;
    %dup/vec4;
    %pushi/vec4 205, 0, 8;
    %cmp/u;
    %jmp/1 T_25.205, 6;
    %dup/vec4;
    %pushi/vec4 206, 0, 8;
    %cmp/u;
    %jmp/1 T_25.206, 6;
    %dup/vec4;
    %pushi/vec4 207, 0, 8;
    %cmp/u;
    %jmp/1 T_25.207, 6;
    %dup/vec4;
    %pushi/vec4 208, 0, 8;
    %cmp/u;
    %jmp/1 T_25.208, 6;
    %dup/vec4;
    %pushi/vec4 209, 0, 8;
    %cmp/u;
    %jmp/1 T_25.209, 6;
    %dup/vec4;
    %pushi/vec4 210, 0, 8;
    %cmp/u;
    %jmp/1 T_25.210, 6;
    %dup/vec4;
    %pushi/vec4 211, 0, 8;
    %cmp/u;
    %jmp/1 T_25.211, 6;
    %dup/vec4;
    %pushi/vec4 212, 0, 8;
    %cmp/u;
    %jmp/1 T_25.212, 6;
    %dup/vec4;
    %pushi/vec4 213, 0, 8;
    %cmp/u;
    %jmp/1 T_25.213, 6;
    %dup/vec4;
    %pushi/vec4 214, 0, 8;
    %cmp/u;
    %jmp/1 T_25.214, 6;
    %dup/vec4;
    %pushi/vec4 215, 0, 8;
    %cmp/u;
    %jmp/1 T_25.215, 6;
    %dup/vec4;
    %pushi/vec4 216, 0, 8;
    %cmp/u;
    %jmp/1 T_25.216, 6;
    %dup/vec4;
    %pushi/vec4 217, 0, 8;
    %cmp/u;
    %jmp/1 T_25.217, 6;
    %dup/vec4;
    %pushi/vec4 218, 0, 8;
    %cmp/u;
    %jmp/1 T_25.218, 6;
    %dup/vec4;
    %pushi/vec4 219, 0, 8;
    %cmp/u;
    %jmp/1 T_25.219, 6;
    %dup/vec4;
    %pushi/vec4 220, 0, 8;
    %cmp/u;
    %jmp/1 T_25.220, 6;
    %dup/vec4;
    %pushi/vec4 221, 0, 8;
    %cmp/u;
    %jmp/1 T_25.221, 6;
    %dup/vec4;
    %pushi/vec4 222, 0, 8;
    %cmp/u;
    %jmp/1 T_25.222, 6;
    %dup/vec4;
    %pushi/vec4 223, 0, 8;
    %cmp/u;
    %jmp/1 T_25.223, 6;
    %dup/vec4;
    %pushi/vec4 224, 0, 8;
    %cmp/u;
    %jmp/1 T_25.224, 6;
    %dup/vec4;
    %pushi/vec4 225, 0, 8;
    %cmp/u;
    %jmp/1 T_25.225, 6;
    %dup/vec4;
    %pushi/vec4 226, 0, 8;
    %cmp/u;
    %jmp/1 T_25.226, 6;
    %dup/vec4;
    %pushi/vec4 227, 0, 8;
    %cmp/u;
    %jmp/1 T_25.227, 6;
    %dup/vec4;
    %pushi/vec4 228, 0, 8;
    %cmp/u;
    %jmp/1 T_25.228, 6;
    %dup/vec4;
    %pushi/vec4 229, 0, 8;
    %cmp/u;
    %jmp/1 T_25.229, 6;
    %dup/vec4;
    %pushi/vec4 230, 0, 8;
    %cmp/u;
    %jmp/1 T_25.230, 6;
    %dup/vec4;
    %pushi/vec4 231, 0, 8;
    %cmp/u;
    %jmp/1 T_25.231, 6;
    %dup/vec4;
    %pushi/vec4 232, 0, 8;
    %cmp/u;
    %jmp/1 T_25.232, 6;
    %dup/vec4;
    %pushi/vec4 233, 0, 8;
    %cmp/u;
    %jmp/1 T_25.233, 6;
    %dup/vec4;
    %pushi/vec4 234, 0, 8;
    %cmp/u;
    %jmp/1 T_25.234, 6;
    %dup/vec4;
    %pushi/vec4 235, 0, 8;
    %cmp/u;
    %jmp/1 T_25.235, 6;
    %dup/vec4;
    %pushi/vec4 236, 0, 8;
    %cmp/u;
    %jmp/1 T_25.236, 6;
    %dup/vec4;
    %pushi/vec4 237, 0, 8;
    %cmp/u;
    %jmp/1 T_25.237, 6;
    %dup/vec4;
    %pushi/vec4 238, 0, 8;
    %cmp/u;
    %jmp/1 T_25.238, 6;
    %dup/vec4;
    %pushi/vec4 239, 0, 8;
    %cmp/u;
    %jmp/1 T_25.239, 6;
    %dup/vec4;
    %pushi/vec4 240, 0, 8;
    %cmp/u;
    %jmp/1 T_25.240, 6;
    %dup/vec4;
    %pushi/vec4 241, 0, 8;
    %cmp/u;
    %jmp/1 T_25.241, 6;
    %dup/vec4;
    %pushi/vec4 242, 0, 8;
    %cmp/u;
    %jmp/1 T_25.242, 6;
    %dup/vec4;
    %pushi/vec4 243, 0, 8;
    %cmp/u;
    %jmp/1 T_25.243, 6;
    %dup/vec4;
    %pushi/vec4 244, 0, 8;
    %cmp/u;
    %jmp/1 T_25.244, 6;
    %dup/vec4;
    %pushi/vec4 245, 0, 8;
    %cmp/u;
    %jmp/1 T_25.245, 6;
    %dup/vec4;
    %pushi/vec4 246, 0, 8;
    %cmp/u;
    %jmp/1 T_25.246, 6;
    %dup/vec4;
    %pushi/vec4 247, 0, 8;
    %cmp/u;
    %jmp/1 T_25.247, 6;
    %dup/vec4;
    %pushi/vec4 248, 0, 8;
    %cmp/u;
    %jmp/1 T_25.248, 6;
    %dup/vec4;
    %pushi/vec4 249, 0, 8;
    %cmp/u;
    %jmp/1 T_25.249, 6;
    %dup/vec4;
    %pushi/vec4 250, 0, 8;
    %cmp/u;
    %jmp/1 T_25.250, 6;
    %dup/vec4;
    %pushi/vec4 251, 0, 8;
    %cmp/u;
    %jmp/1 T_25.251, 6;
    %dup/vec4;
    %pushi/vec4 252, 0, 8;
    %cmp/u;
    %jmp/1 T_25.252, 6;
    %dup/vec4;
    %pushi/vec4 253, 0, 8;
    %cmp/u;
    %jmp/1 T_25.253, 6;
    %dup/vec4;
    %pushi/vec4 254, 0, 8;
    %cmp/u;
    %jmp/1 T_25.254, 6;
    %dup/vec4;
    %pushi/vec4 255, 0, 8;
    %cmp/u;
    %jmp/1 T_25.255, 6;
    %jmp T_25.256;
T_25.0 ;
    %pushi/vec4 99, 0, 8;
    %store/vec4 v00000174f7e8f3e0_0, 0, 8;
    %jmp T_25.256;
T_25.1 ;
    %pushi/vec4 124, 0, 8;
    %store/vec4 v00000174f7e8f3e0_0, 0, 8;
    %jmp T_25.256;
T_25.2 ;
    %pushi/vec4 119, 0, 8;
    %store/vec4 v00000174f7e8f3e0_0, 0, 8;
    %jmp T_25.256;
T_25.3 ;
    %pushi/vec4 123, 0, 8;
    %store/vec4 v00000174f7e8f3e0_0, 0, 8;
    %jmp T_25.256;
T_25.4 ;
    %pushi/vec4 242, 0, 8;
    %store/vec4 v00000174f7e8f3e0_0, 0, 8;
    %jmp T_25.256;
T_25.5 ;
    %pushi/vec4 107, 0, 8;
    %store/vec4 v00000174f7e8f3e0_0, 0, 8;
    %jmp T_25.256;
T_25.6 ;
    %pushi/vec4 111, 0, 8;
    %store/vec4 v00000174f7e8f3e0_0, 0, 8;
    %jmp T_25.256;
T_25.7 ;
    %pushi/vec4 197, 0, 8;
    %store/vec4 v00000174f7e8f3e0_0, 0, 8;
    %jmp T_25.256;
T_25.8 ;
    %pushi/vec4 48, 0, 8;
    %store/vec4 v00000174f7e8f3e0_0, 0, 8;
    %jmp T_25.256;
T_25.9 ;
    %pushi/vec4 1, 0, 8;
    %store/vec4 v00000174f7e8f3e0_0, 0, 8;
    %jmp T_25.256;
T_25.10 ;
    %pushi/vec4 103, 0, 8;
    %store/vec4 v00000174f7e8f3e0_0, 0, 8;
    %jmp T_25.256;
T_25.11 ;
    %pushi/vec4 43, 0, 8;
    %store/vec4 v00000174f7e8f3e0_0, 0, 8;
    %jmp T_25.256;
T_25.12 ;
    %pushi/vec4 254, 0, 8;
    %store/vec4 v00000174f7e8f3e0_0, 0, 8;
    %jmp T_25.256;
T_25.13 ;
    %pushi/vec4 215, 0, 8;
    %store/vec4 v00000174f7e8f3e0_0, 0, 8;
    %jmp T_25.256;
T_25.14 ;
    %pushi/vec4 171, 0, 8;
    %store/vec4 v00000174f7e8f3e0_0, 0, 8;
    %jmp T_25.256;
T_25.15 ;
    %pushi/vec4 118, 0, 8;
    %store/vec4 v00000174f7e8f3e0_0, 0, 8;
    %jmp T_25.256;
T_25.16 ;
    %pushi/vec4 202, 0, 8;
    %store/vec4 v00000174f7e8f3e0_0, 0, 8;
    %jmp T_25.256;
T_25.17 ;
    %pushi/vec4 130, 0, 8;
    %store/vec4 v00000174f7e8f3e0_0, 0, 8;
    %jmp T_25.256;
T_25.18 ;
    %pushi/vec4 201, 0, 8;
    %store/vec4 v00000174f7e8f3e0_0, 0, 8;
    %jmp T_25.256;
T_25.19 ;
    %pushi/vec4 125, 0, 8;
    %store/vec4 v00000174f7e8f3e0_0, 0, 8;
    %jmp T_25.256;
T_25.20 ;
    %pushi/vec4 250, 0, 8;
    %store/vec4 v00000174f7e8f3e0_0, 0, 8;
    %jmp T_25.256;
T_25.21 ;
    %pushi/vec4 89, 0, 8;
    %store/vec4 v00000174f7e8f3e0_0, 0, 8;
    %jmp T_25.256;
T_25.22 ;
    %pushi/vec4 71, 0, 8;
    %store/vec4 v00000174f7e8f3e0_0, 0, 8;
    %jmp T_25.256;
T_25.23 ;
    %pushi/vec4 240, 0, 8;
    %store/vec4 v00000174f7e8f3e0_0, 0, 8;
    %jmp T_25.256;
T_25.24 ;
    %pushi/vec4 173, 0, 8;
    %store/vec4 v00000174f7e8f3e0_0, 0, 8;
    %jmp T_25.256;
T_25.25 ;
    %pushi/vec4 212, 0, 8;
    %store/vec4 v00000174f7e8f3e0_0, 0, 8;
    %jmp T_25.256;
T_25.26 ;
    %pushi/vec4 162, 0, 8;
    %store/vec4 v00000174f7e8f3e0_0, 0, 8;
    %jmp T_25.256;
T_25.27 ;
    %pushi/vec4 175, 0, 8;
    %store/vec4 v00000174f7e8f3e0_0, 0, 8;
    %jmp T_25.256;
T_25.28 ;
    %pushi/vec4 156, 0, 8;
    %store/vec4 v00000174f7e8f3e0_0, 0, 8;
    %jmp T_25.256;
T_25.29 ;
    %pushi/vec4 164, 0, 8;
    %store/vec4 v00000174f7e8f3e0_0, 0, 8;
    %jmp T_25.256;
T_25.30 ;
    %pushi/vec4 114, 0, 8;
    %store/vec4 v00000174f7e8f3e0_0, 0, 8;
    %jmp T_25.256;
T_25.31 ;
    %pushi/vec4 192, 0, 8;
    %store/vec4 v00000174f7e8f3e0_0, 0, 8;
    %jmp T_25.256;
T_25.32 ;
    %pushi/vec4 183, 0, 8;
    %store/vec4 v00000174f7e8f3e0_0, 0, 8;
    %jmp T_25.256;
T_25.33 ;
    %pushi/vec4 253, 0, 8;
    %store/vec4 v00000174f7e8f3e0_0, 0, 8;
    %jmp T_25.256;
T_25.34 ;
    %pushi/vec4 147, 0, 8;
    %store/vec4 v00000174f7e8f3e0_0, 0, 8;
    %jmp T_25.256;
T_25.35 ;
    %pushi/vec4 38, 0, 8;
    %store/vec4 v00000174f7e8f3e0_0, 0, 8;
    %jmp T_25.256;
T_25.36 ;
    %pushi/vec4 54, 0, 8;
    %store/vec4 v00000174f7e8f3e0_0, 0, 8;
    %jmp T_25.256;
T_25.37 ;
    %pushi/vec4 63, 0, 8;
    %store/vec4 v00000174f7e8f3e0_0, 0, 8;
    %jmp T_25.256;
T_25.38 ;
    %pushi/vec4 247, 0, 8;
    %store/vec4 v00000174f7e8f3e0_0, 0, 8;
    %jmp T_25.256;
T_25.39 ;
    %pushi/vec4 204, 0, 8;
    %store/vec4 v00000174f7e8f3e0_0, 0, 8;
    %jmp T_25.256;
T_25.40 ;
    %pushi/vec4 52, 0, 8;
    %store/vec4 v00000174f7e8f3e0_0, 0, 8;
    %jmp T_25.256;
T_25.41 ;
    %pushi/vec4 165, 0, 8;
    %store/vec4 v00000174f7e8f3e0_0, 0, 8;
    %jmp T_25.256;
T_25.42 ;
    %pushi/vec4 229, 0, 8;
    %store/vec4 v00000174f7e8f3e0_0, 0, 8;
    %jmp T_25.256;
T_25.43 ;
    %pushi/vec4 241, 0, 8;
    %store/vec4 v00000174f7e8f3e0_0, 0, 8;
    %jmp T_25.256;
T_25.44 ;
    %pushi/vec4 113, 0, 8;
    %store/vec4 v00000174f7e8f3e0_0, 0, 8;
    %jmp T_25.256;
T_25.45 ;
    %pushi/vec4 216, 0, 8;
    %store/vec4 v00000174f7e8f3e0_0, 0, 8;
    %jmp T_25.256;
T_25.46 ;
    %pushi/vec4 49, 0, 8;
    %store/vec4 v00000174f7e8f3e0_0, 0, 8;
    %jmp T_25.256;
T_25.47 ;
    %pushi/vec4 21, 0, 8;
    %store/vec4 v00000174f7e8f3e0_0, 0, 8;
    %jmp T_25.256;
T_25.48 ;
    %pushi/vec4 4, 0, 8;
    %store/vec4 v00000174f7e8f3e0_0, 0, 8;
    %jmp T_25.256;
T_25.49 ;
    %pushi/vec4 199, 0, 8;
    %store/vec4 v00000174f7e8f3e0_0, 0, 8;
    %jmp T_25.256;
T_25.50 ;
    %pushi/vec4 35, 0, 8;
    %store/vec4 v00000174f7e8f3e0_0, 0, 8;
    %jmp T_25.256;
T_25.51 ;
    %pushi/vec4 195, 0, 8;
    %store/vec4 v00000174f7e8f3e0_0, 0, 8;
    %jmp T_25.256;
T_25.52 ;
    %pushi/vec4 24, 0, 8;
    %store/vec4 v00000174f7e8f3e0_0, 0, 8;
    %jmp T_25.256;
T_25.53 ;
    %pushi/vec4 150, 0, 8;
    %store/vec4 v00000174f7e8f3e0_0, 0, 8;
    %jmp T_25.256;
T_25.54 ;
    %pushi/vec4 5, 0, 8;
    %store/vec4 v00000174f7e8f3e0_0, 0, 8;
    %jmp T_25.256;
T_25.55 ;
    %pushi/vec4 154, 0, 8;
    %store/vec4 v00000174f7e8f3e0_0, 0, 8;
    %jmp T_25.256;
T_25.56 ;
    %pushi/vec4 7, 0, 8;
    %store/vec4 v00000174f7e8f3e0_0, 0, 8;
    %jmp T_25.256;
T_25.57 ;
    %pushi/vec4 18, 0, 8;
    %store/vec4 v00000174f7e8f3e0_0, 0, 8;
    %jmp T_25.256;
T_25.58 ;
    %pushi/vec4 128, 0, 8;
    %store/vec4 v00000174f7e8f3e0_0, 0, 8;
    %jmp T_25.256;
T_25.59 ;
    %pushi/vec4 226, 0, 8;
    %store/vec4 v00000174f7e8f3e0_0, 0, 8;
    %jmp T_25.256;
T_25.60 ;
    %pushi/vec4 235, 0, 8;
    %store/vec4 v00000174f7e8f3e0_0, 0, 8;
    %jmp T_25.256;
T_25.61 ;
    %pushi/vec4 39, 0, 8;
    %store/vec4 v00000174f7e8f3e0_0, 0, 8;
    %jmp T_25.256;
T_25.62 ;
    %pushi/vec4 178, 0, 8;
    %store/vec4 v00000174f7e8f3e0_0, 0, 8;
    %jmp T_25.256;
T_25.63 ;
    %pushi/vec4 117, 0, 8;
    %store/vec4 v00000174f7e8f3e0_0, 0, 8;
    %jmp T_25.256;
T_25.64 ;
    %pushi/vec4 9, 0, 8;
    %store/vec4 v00000174f7e8f3e0_0, 0, 8;
    %jmp T_25.256;
T_25.65 ;
    %pushi/vec4 131, 0, 8;
    %store/vec4 v00000174f7e8f3e0_0, 0, 8;
    %jmp T_25.256;
T_25.66 ;
    %pushi/vec4 44, 0, 8;
    %store/vec4 v00000174f7e8f3e0_0, 0, 8;
    %jmp T_25.256;
T_25.67 ;
    %pushi/vec4 26, 0, 8;
    %store/vec4 v00000174f7e8f3e0_0, 0, 8;
    %jmp T_25.256;
T_25.68 ;
    %pushi/vec4 27, 0, 8;
    %store/vec4 v00000174f7e8f3e0_0, 0, 8;
    %jmp T_25.256;
T_25.69 ;
    %pushi/vec4 110, 0, 8;
    %store/vec4 v00000174f7e8f3e0_0, 0, 8;
    %jmp T_25.256;
T_25.70 ;
    %pushi/vec4 90, 0, 8;
    %store/vec4 v00000174f7e8f3e0_0, 0, 8;
    %jmp T_25.256;
T_25.71 ;
    %pushi/vec4 160, 0, 8;
    %store/vec4 v00000174f7e8f3e0_0, 0, 8;
    %jmp T_25.256;
T_25.72 ;
    %pushi/vec4 82, 0, 8;
    %store/vec4 v00000174f7e8f3e0_0, 0, 8;
    %jmp T_25.256;
T_25.73 ;
    %pushi/vec4 59, 0, 8;
    %store/vec4 v00000174f7e8f3e0_0, 0, 8;
    %jmp T_25.256;
T_25.74 ;
    %pushi/vec4 214, 0, 8;
    %store/vec4 v00000174f7e8f3e0_0, 0, 8;
    %jmp T_25.256;
T_25.75 ;
    %pushi/vec4 179, 0, 8;
    %store/vec4 v00000174f7e8f3e0_0, 0, 8;
    %jmp T_25.256;
T_25.76 ;
    %pushi/vec4 41, 0, 8;
    %store/vec4 v00000174f7e8f3e0_0, 0, 8;
    %jmp T_25.256;
T_25.77 ;
    %pushi/vec4 227, 0, 8;
    %store/vec4 v00000174f7e8f3e0_0, 0, 8;
    %jmp T_25.256;
T_25.78 ;
    %pushi/vec4 47, 0, 8;
    %store/vec4 v00000174f7e8f3e0_0, 0, 8;
    %jmp T_25.256;
T_25.79 ;
    %pushi/vec4 132, 0, 8;
    %store/vec4 v00000174f7e8f3e0_0, 0, 8;
    %jmp T_25.256;
T_25.80 ;
    %pushi/vec4 83, 0, 8;
    %store/vec4 v00000174f7e8f3e0_0, 0, 8;
    %jmp T_25.256;
T_25.81 ;
    %pushi/vec4 209, 0, 8;
    %store/vec4 v00000174f7e8f3e0_0, 0, 8;
    %jmp T_25.256;
T_25.82 ;
    %pushi/vec4 0, 0, 8;
    %store/vec4 v00000174f7e8f3e0_0, 0, 8;
    %jmp T_25.256;
T_25.83 ;
    %pushi/vec4 237, 0, 8;
    %store/vec4 v00000174f7e8f3e0_0, 0, 8;
    %jmp T_25.256;
T_25.84 ;
    %pushi/vec4 32, 0, 8;
    %store/vec4 v00000174f7e8f3e0_0, 0, 8;
    %jmp T_25.256;
T_25.85 ;
    %pushi/vec4 252, 0, 8;
    %store/vec4 v00000174f7e8f3e0_0, 0, 8;
    %jmp T_25.256;
T_25.86 ;
    %pushi/vec4 177, 0, 8;
    %store/vec4 v00000174f7e8f3e0_0, 0, 8;
    %jmp T_25.256;
T_25.87 ;
    %pushi/vec4 91, 0, 8;
    %store/vec4 v00000174f7e8f3e0_0, 0, 8;
    %jmp T_25.256;
T_25.88 ;
    %pushi/vec4 106, 0, 8;
    %store/vec4 v00000174f7e8f3e0_0, 0, 8;
    %jmp T_25.256;
T_25.89 ;
    %pushi/vec4 203, 0, 8;
    %store/vec4 v00000174f7e8f3e0_0, 0, 8;
    %jmp T_25.256;
T_25.90 ;
    %pushi/vec4 190, 0, 8;
    %store/vec4 v00000174f7e8f3e0_0, 0, 8;
    %jmp T_25.256;
T_25.91 ;
    %pushi/vec4 57, 0, 8;
    %store/vec4 v00000174f7e8f3e0_0, 0, 8;
    %jmp T_25.256;
T_25.92 ;
    %pushi/vec4 74, 0, 8;
    %store/vec4 v00000174f7e8f3e0_0, 0, 8;
    %jmp T_25.256;
T_25.93 ;
    %pushi/vec4 76, 0, 8;
    %store/vec4 v00000174f7e8f3e0_0, 0, 8;
    %jmp T_25.256;
T_25.94 ;
    %pushi/vec4 88, 0, 8;
    %store/vec4 v00000174f7e8f3e0_0, 0, 8;
    %jmp T_25.256;
T_25.95 ;
    %pushi/vec4 207, 0, 8;
    %store/vec4 v00000174f7e8f3e0_0, 0, 8;
    %jmp T_25.256;
T_25.96 ;
    %pushi/vec4 208, 0, 8;
    %store/vec4 v00000174f7e8f3e0_0, 0, 8;
    %jmp T_25.256;
T_25.97 ;
    %pushi/vec4 239, 0, 8;
    %store/vec4 v00000174f7e8f3e0_0, 0, 8;
    %jmp T_25.256;
T_25.98 ;
    %pushi/vec4 170, 0, 8;
    %store/vec4 v00000174f7e8f3e0_0, 0, 8;
    %jmp T_25.256;
T_25.99 ;
    %pushi/vec4 251, 0, 8;
    %store/vec4 v00000174f7e8f3e0_0, 0, 8;
    %jmp T_25.256;
T_25.100 ;
    %pushi/vec4 67, 0, 8;
    %store/vec4 v00000174f7e8f3e0_0, 0, 8;
    %jmp T_25.256;
T_25.101 ;
    %pushi/vec4 77, 0, 8;
    %store/vec4 v00000174f7e8f3e0_0, 0, 8;
    %jmp T_25.256;
T_25.102 ;
    %pushi/vec4 51, 0, 8;
    %store/vec4 v00000174f7e8f3e0_0, 0, 8;
    %jmp T_25.256;
T_25.103 ;
    %pushi/vec4 133, 0, 8;
    %store/vec4 v00000174f7e8f3e0_0, 0, 8;
    %jmp T_25.256;
T_25.104 ;
    %pushi/vec4 69, 0, 8;
    %store/vec4 v00000174f7e8f3e0_0, 0, 8;
    %jmp T_25.256;
T_25.105 ;
    %pushi/vec4 249, 0, 8;
    %store/vec4 v00000174f7e8f3e0_0, 0, 8;
    %jmp T_25.256;
T_25.106 ;
    %pushi/vec4 2, 0, 8;
    %store/vec4 v00000174f7e8f3e0_0, 0, 8;
    %jmp T_25.256;
T_25.107 ;
    %pushi/vec4 127, 0, 8;
    %store/vec4 v00000174f7e8f3e0_0, 0, 8;
    %jmp T_25.256;
T_25.108 ;
    %pushi/vec4 80, 0, 8;
    %store/vec4 v00000174f7e8f3e0_0, 0, 8;
    %jmp T_25.256;
T_25.109 ;
    %pushi/vec4 60, 0, 8;
    %store/vec4 v00000174f7e8f3e0_0, 0, 8;
    %jmp T_25.256;
T_25.110 ;
    %pushi/vec4 159, 0, 8;
    %store/vec4 v00000174f7e8f3e0_0, 0, 8;
    %jmp T_25.256;
T_25.111 ;
    %pushi/vec4 168, 0, 8;
    %store/vec4 v00000174f7e8f3e0_0, 0, 8;
    %jmp T_25.256;
T_25.112 ;
    %pushi/vec4 81, 0, 8;
    %store/vec4 v00000174f7e8f3e0_0, 0, 8;
    %jmp T_25.256;
T_25.113 ;
    %pushi/vec4 163, 0, 8;
    %store/vec4 v00000174f7e8f3e0_0, 0, 8;
    %jmp T_25.256;
T_25.114 ;
    %pushi/vec4 64, 0, 8;
    %store/vec4 v00000174f7e8f3e0_0, 0, 8;
    %jmp T_25.256;
T_25.115 ;
    %pushi/vec4 143, 0, 8;
    %store/vec4 v00000174f7e8f3e0_0, 0, 8;
    %jmp T_25.256;
T_25.116 ;
    %pushi/vec4 146, 0, 8;
    %store/vec4 v00000174f7e8f3e0_0, 0, 8;
    %jmp T_25.256;
T_25.117 ;
    %pushi/vec4 157, 0, 8;
    %store/vec4 v00000174f7e8f3e0_0, 0, 8;
    %jmp T_25.256;
T_25.118 ;
    %pushi/vec4 56, 0, 8;
    %store/vec4 v00000174f7e8f3e0_0, 0, 8;
    %jmp T_25.256;
T_25.119 ;
    %pushi/vec4 245, 0, 8;
    %store/vec4 v00000174f7e8f3e0_0, 0, 8;
    %jmp T_25.256;
T_25.120 ;
    %pushi/vec4 188, 0, 8;
    %store/vec4 v00000174f7e8f3e0_0, 0, 8;
    %jmp T_25.256;
T_25.121 ;
    %pushi/vec4 182, 0, 8;
    %store/vec4 v00000174f7e8f3e0_0, 0, 8;
    %jmp T_25.256;
T_25.122 ;
    %pushi/vec4 218, 0, 8;
    %store/vec4 v00000174f7e8f3e0_0, 0, 8;
    %jmp T_25.256;
T_25.123 ;
    %pushi/vec4 33, 0, 8;
    %store/vec4 v00000174f7e8f3e0_0, 0, 8;
    %jmp T_25.256;
T_25.124 ;
    %pushi/vec4 16, 0, 8;
    %store/vec4 v00000174f7e8f3e0_0, 0, 8;
    %jmp T_25.256;
T_25.125 ;
    %pushi/vec4 255, 0, 8;
    %store/vec4 v00000174f7e8f3e0_0, 0, 8;
    %jmp T_25.256;
T_25.126 ;
    %pushi/vec4 243, 0, 8;
    %store/vec4 v00000174f7e8f3e0_0, 0, 8;
    %jmp T_25.256;
T_25.127 ;
    %pushi/vec4 210, 0, 8;
    %store/vec4 v00000174f7e8f3e0_0, 0, 8;
    %jmp T_25.256;
T_25.128 ;
    %pushi/vec4 205, 0, 8;
    %store/vec4 v00000174f7e8f3e0_0, 0, 8;
    %jmp T_25.256;
T_25.129 ;
    %pushi/vec4 12, 0, 8;
    %store/vec4 v00000174f7e8f3e0_0, 0, 8;
    %jmp T_25.256;
T_25.130 ;
    %pushi/vec4 19, 0, 8;
    %store/vec4 v00000174f7e8f3e0_0, 0, 8;
    %jmp T_25.256;
T_25.131 ;
    %pushi/vec4 236, 0, 8;
    %store/vec4 v00000174f7e8f3e0_0, 0, 8;
    %jmp T_25.256;
T_25.132 ;
    %pushi/vec4 95, 0, 8;
    %store/vec4 v00000174f7e8f3e0_0, 0, 8;
    %jmp T_25.256;
T_25.133 ;
    %pushi/vec4 151, 0, 8;
    %store/vec4 v00000174f7e8f3e0_0, 0, 8;
    %jmp T_25.256;
T_25.134 ;
    %pushi/vec4 68, 0, 8;
    %store/vec4 v00000174f7e8f3e0_0, 0, 8;
    %jmp T_25.256;
T_25.135 ;
    %pushi/vec4 23, 0, 8;
    %store/vec4 v00000174f7e8f3e0_0, 0, 8;
    %jmp T_25.256;
T_25.136 ;
    %pushi/vec4 196, 0, 8;
    %store/vec4 v00000174f7e8f3e0_0, 0, 8;
    %jmp T_25.256;
T_25.137 ;
    %pushi/vec4 167, 0, 8;
    %store/vec4 v00000174f7e8f3e0_0, 0, 8;
    %jmp T_25.256;
T_25.138 ;
    %pushi/vec4 126, 0, 8;
    %store/vec4 v00000174f7e8f3e0_0, 0, 8;
    %jmp T_25.256;
T_25.139 ;
    %pushi/vec4 61, 0, 8;
    %store/vec4 v00000174f7e8f3e0_0, 0, 8;
    %jmp T_25.256;
T_25.140 ;
    %pushi/vec4 100, 0, 8;
    %store/vec4 v00000174f7e8f3e0_0, 0, 8;
    %jmp T_25.256;
T_25.141 ;
    %pushi/vec4 93, 0, 8;
    %store/vec4 v00000174f7e8f3e0_0, 0, 8;
    %jmp T_25.256;
T_25.142 ;
    %pushi/vec4 25, 0, 8;
    %store/vec4 v00000174f7e8f3e0_0, 0, 8;
    %jmp T_25.256;
T_25.143 ;
    %pushi/vec4 115, 0, 8;
    %store/vec4 v00000174f7e8f3e0_0, 0, 8;
    %jmp T_25.256;
T_25.144 ;
    %pushi/vec4 96, 0, 8;
    %store/vec4 v00000174f7e8f3e0_0, 0, 8;
    %jmp T_25.256;
T_25.145 ;
    %pushi/vec4 129, 0, 8;
    %store/vec4 v00000174f7e8f3e0_0, 0, 8;
    %jmp T_25.256;
T_25.146 ;
    %pushi/vec4 79, 0, 8;
    %store/vec4 v00000174f7e8f3e0_0, 0, 8;
    %jmp T_25.256;
T_25.147 ;
    %pushi/vec4 220, 0, 8;
    %store/vec4 v00000174f7e8f3e0_0, 0, 8;
    %jmp T_25.256;
T_25.148 ;
    %pushi/vec4 34, 0, 8;
    %store/vec4 v00000174f7e8f3e0_0, 0, 8;
    %jmp T_25.256;
T_25.149 ;
    %pushi/vec4 42, 0, 8;
    %store/vec4 v00000174f7e8f3e0_0, 0, 8;
    %jmp T_25.256;
T_25.150 ;
    %pushi/vec4 144, 0, 8;
    %store/vec4 v00000174f7e8f3e0_0, 0, 8;
    %jmp T_25.256;
T_25.151 ;
    %pushi/vec4 136, 0, 8;
    %store/vec4 v00000174f7e8f3e0_0, 0, 8;
    %jmp T_25.256;
T_25.152 ;
    %pushi/vec4 70, 0, 8;
    %store/vec4 v00000174f7e8f3e0_0, 0, 8;
    %jmp T_25.256;
T_25.153 ;
    %pushi/vec4 238, 0, 8;
    %store/vec4 v00000174f7e8f3e0_0, 0, 8;
    %jmp T_25.256;
T_25.154 ;
    %pushi/vec4 184, 0, 8;
    %store/vec4 v00000174f7e8f3e0_0, 0, 8;
    %jmp T_25.256;
T_25.155 ;
    %pushi/vec4 20, 0, 8;
    %store/vec4 v00000174f7e8f3e0_0, 0, 8;
    %jmp T_25.256;
T_25.156 ;
    %pushi/vec4 222, 0, 8;
    %store/vec4 v00000174f7e8f3e0_0, 0, 8;
    %jmp T_25.256;
T_25.157 ;
    %pushi/vec4 94, 0, 8;
    %store/vec4 v00000174f7e8f3e0_0, 0, 8;
    %jmp T_25.256;
T_25.158 ;
    %pushi/vec4 11, 0, 8;
    %store/vec4 v00000174f7e8f3e0_0, 0, 8;
    %jmp T_25.256;
T_25.159 ;
    %pushi/vec4 219, 0, 8;
    %store/vec4 v00000174f7e8f3e0_0, 0, 8;
    %jmp T_25.256;
T_25.160 ;
    %pushi/vec4 224, 0, 8;
    %store/vec4 v00000174f7e8f3e0_0, 0, 8;
    %jmp T_25.256;
T_25.161 ;
    %pushi/vec4 50, 0, 8;
    %store/vec4 v00000174f7e8f3e0_0, 0, 8;
    %jmp T_25.256;
T_25.162 ;
    %pushi/vec4 58, 0, 8;
    %store/vec4 v00000174f7e8f3e0_0, 0, 8;
    %jmp T_25.256;
T_25.163 ;
    %pushi/vec4 10, 0, 8;
    %store/vec4 v00000174f7e8f3e0_0, 0, 8;
    %jmp T_25.256;
T_25.164 ;
    %pushi/vec4 73, 0, 8;
    %store/vec4 v00000174f7e8f3e0_0, 0, 8;
    %jmp T_25.256;
T_25.165 ;
    %pushi/vec4 6, 0, 8;
    %store/vec4 v00000174f7e8f3e0_0, 0, 8;
    %jmp T_25.256;
T_25.166 ;
    %pushi/vec4 36, 0, 8;
    %store/vec4 v00000174f7e8f3e0_0, 0, 8;
    %jmp T_25.256;
T_25.167 ;
    %pushi/vec4 92, 0, 8;
    %store/vec4 v00000174f7e8f3e0_0, 0, 8;
    %jmp T_25.256;
T_25.168 ;
    %pushi/vec4 194, 0, 8;
    %store/vec4 v00000174f7e8f3e0_0, 0, 8;
    %jmp T_25.256;
T_25.169 ;
    %pushi/vec4 211, 0, 8;
    %store/vec4 v00000174f7e8f3e0_0, 0, 8;
    %jmp T_25.256;
T_25.170 ;
    %pushi/vec4 172, 0, 8;
    %store/vec4 v00000174f7e8f3e0_0, 0, 8;
    %jmp T_25.256;
T_25.171 ;
    %pushi/vec4 98, 0, 8;
    %store/vec4 v00000174f7e8f3e0_0, 0, 8;
    %jmp T_25.256;
T_25.172 ;
    %pushi/vec4 145, 0, 8;
    %store/vec4 v00000174f7e8f3e0_0, 0, 8;
    %jmp T_25.256;
T_25.173 ;
    %pushi/vec4 149, 0, 8;
    %store/vec4 v00000174f7e8f3e0_0, 0, 8;
    %jmp T_25.256;
T_25.174 ;
    %pushi/vec4 228, 0, 8;
    %store/vec4 v00000174f7e8f3e0_0, 0, 8;
    %jmp T_25.256;
T_25.175 ;
    %pushi/vec4 121, 0, 8;
    %store/vec4 v00000174f7e8f3e0_0, 0, 8;
    %jmp T_25.256;
T_25.176 ;
    %pushi/vec4 231, 0, 8;
    %store/vec4 v00000174f7e8f3e0_0, 0, 8;
    %jmp T_25.256;
T_25.177 ;
    %pushi/vec4 200, 0, 8;
    %store/vec4 v00000174f7e8f3e0_0, 0, 8;
    %jmp T_25.256;
T_25.178 ;
    %pushi/vec4 55, 0, 8;
    %store/vec4 v00000174f7e8f3e0_0, 0, 8;
    %jmp T_25.256;
T_25.179 ;
    %pushi/vec4 109, 0, 8;
    %store/vec4 v00000174f7e8f3e0_0, 0, 8;
    %jmp T_25.256;
T_25.180 ;
    %pushi/vec4 141, 0, 8;
    %store/vec4 v00000174f7e8f3e0_0, 0, 8;
    %jmp T_25.256;
T_25.181 ;
    %pushi/vec4 213, 0, 8;
    %store/vec4 v00000174f7e8f3e0_0, 0, 8;
    %jmp T_25.256;
T_25.182 ;
    %pushi/vec4 78, 0, 8;
    %store/vec4 v00000174f7e8f3e0_0, 0, 8;
    %jmp T_25.256;
T_25.183 ;
    %pushi/vec4 169, 0, 8;
    %store/vec4 v00000174f7e8f3e0_0, 0, 8;
    %jmp T_25.256;
T_25.184 ;
    %pushi/vec4 108, 0, 8;
    %store/vec4 v00000174f7e8f3e0_0, 0, 8;
    %jmp T_25.256;
T_25.185 ;
    %pushi/vec4 86, 0, 8;
    %store/vec4 v00000174f7e8f3e0_0, 0, 8;
    %jmp T_25.256;
T_25.186 ;
    %pushi/vec4 244, 0, 8;
    %store/vec4 v00000174f7e8f3e0_0, 0, 8;
    %jmp T_25.256;
T_25.187 ;
    %pushi/vec4 234, 0, 8;
    %store/vec4 v00000174f7e8f3e0_0, 0, 8;
    %jmp T_25.256;
T_25.188 ;
    %pushi/vec4 101, 0, 8;
    %store/vec4 v00000174f7e8f3e0_0, 0, 8;
    %jmp T_25.256;
T_25.189 ;
    %pushi/vec4 122, 0, 8;
    %store/vec4 v00000174f7e8f3e0_0, 0, 8;
    %jmp T_25.256;
T_25.190 ;
    %pushi/vec4 174, 0, 8;
    %store/vec4 v00000174f7e8f3e0_0, 0, 8;
    %jmp T_25.256;
T_25.191 ;
    %pushi/vec4 8, 0, 8;
    %store/vec4 v00000174f7e8f3e0_0, 0, 8;
    %jmp T_25.256;
T_25.192 ;
    %pushi/vec4 186, 0, 8;
    %store/vec4 v00000174f7e8f3e0_0, 0, 8;
    %jmp T_25.256;
T_25.193 ;
    %pushi/vec4 120, 0, 8;
    %store/vec4 v00000174f7e8f3e0_0, 0, 8;
    %jmp T_25.256;
T_25.194 ;
    %pushi/vec4 37, 0, 8;
    %store/vec4 v00000174f7e8f3e0_0, 0, 8;
    %jmp T_25.256;
T_25.195 ;
    %pushi/vec4 46, 0, 8;
    %store/vec4 v00000174f7e8f3e0_0, 0, 8;
    %jmp T_25.256;
T_25.196 ;
    %pushi/vec4 28, 0, 8;
    %store/vec4 v00000174f7e8f3e0_0, 0, 8;
    %jmp T_25.256;
T_25.197 ;
    %pushi/vec4 166, 0, 8;
    %store/vec4 v00000174f7e8f3e0_0, 0, 8;
    %jmp T_25.256;
T_25.198 ;
    %pushi/vec4 180, 0, 8;
    %store/vec4 v00000174f7e8f3e0_0, 0, 8;
    %jmp T_25.256;
T_25.199 ;
    %pushi/vec4 198, 0, 8;
    %store/vec4 v00000174f7e8f3e0_0, 0, 8;
    %jmp T_25.256;
T_25.200 ;
    %pushi/vec4 232, 0, 8;
    %store/vec4 v00000174f7e8f3e0_0, 0, 8;
    %jmp T_25.256;
T_25.201 ;
    %pushi/vec4 221, 0, 8;
    %store/vec4 v00000174f7e8f3e0_0, 0, 8;
    %jmp T_25.256;
T_25.202 ;
    %pushi/vec4 116, 0, 8;
    %store/vec4 v00000174f7e8f3e0_0, 0, 8;
    %jmp T_25.256;
T_25.203 ;
    %pushi/vec4 31, 0, 8;
    %store/vec4 v00000174f7e8f3e0_0, 0, 8;
    %jmp T_25.256;
T_25.204 ;
    %pushi/vec4 75, 0, 8;
    %store/vec4 v00000174f7e8f3e0_0, 0, 8;
    %jmp T_25.256;
T_25.205 ;
    %pushi/vec4 189, 0, 8;
    %store/vec4 v00000174f7e8f3e0_0, 0, 8;
    %jmp T_25.256;
T_25.206 ;
    %pushi/vec4 139, 0, 8;
    %store/vec4 v00000174f7e8f3e0_0, 0, 8;
    %jmp T_25.256;
T_25.207 ;
    %pushi/vec4 138, 0, 8;
    %store/vec4 v00000174f7e8f3e0_0, 0, 8;
    %jmp T_25.256;
T_25.208 ;
    %pushi/vec4 112, 0, 8;
    %store/vec4 v00000174f7e8f3e0_0, 0, 8;
    %jmp T_25.256;
T_25.209 ;
    %pushi/vec4 62, 0, 8;
    %store/vec4 v00000174f7e8f3e0_0, 0, 8;
    %jmp T_25.256;
T_25.210 ;
    %pushi/vec4 181, 0, 8;
    %store/vec4 v00000174f7e8f3e0_0, 0, 8;
    %jmp T_25.256;
T_25.211 ;
    %pushi/vec4 102, 0, 8;
    %store/vec4 v00000174f7e8f3e0_0, 0, 8;
    %jmp T_25.256;
T_25.212 ;
    %pushi/vec4 72, 0, 8;
    %store/vec4 v00000174f7e8f3e0_0, 0, 8;
    %jmp T_25.256;
T_25.213 ;
    %pushi/vec4 3, 0, 8;
    %store/vec4 v00000174f7e8f3e0_0, 0, 8;
    %jmp T_25.256;
T_25.214 ;
    %pushi/vec4 246, 0, 8;
    %store/vec4 v00000174f7e8f3e0_0, 0, 8;
    %jmp T_25.256;
T_25.215 ;
    %pushi/vec4 14, 0, 8;
    %store/vec4 v00000174f7e8f3e0_0, 0, 8;
    %jmp T_25.256;
T_25.216 ;
    %pushi/vec4 97, 0, 8;
    %store/vec4 v00000174f7e8f3e0_0, 0, 8;
    %jmp T_25.256;
T_25.217 ;
    %pushi/vec4 53, 0, 8;
    %store/vec4 v00000174f7e8f3e0_0, 0, 8;
    %jmp T_25.256;
T_25.218 ;
    %pushi/vec4 87, 0, 8;
    %store/vec4 v00000174f7e8f3e0_0, 0, 8;
    %jmp T_25.256;
T_25.219 ;
    %pushi/vec4 185, 0, 8;
    %store/vec4 v00000174f7e8f3e0_0, 0, 8;
    %jmp T_25.256;
T_25.220 ;
    %pushi/vec4 134, 0, 8;
    %store/vec4 v00000174f7e8f3e0_0, 0, 8;
    %jmp T_25.256;
T_25.221 ;
    %pushi/vec4 193, 0, 8;
    %store/vec4 v00000174f7e8f3e0_0, 0, 8;
    %jmp T_25.256;
T_25.222 ;
    %pushi/vec4 29, 0, 8;
    %store/vec4 v00000174f7e8f3e0_0, 0, 8;
    %jmp T_25.256;
T_25.223 ;
    %pushi/vec4 158, 0, 8;
    %store/vec4 v00000174f7e8f3e0_0, 0, 8;
    %jmp T_25.256;
T_25.224 ;
    %pushi/vec4 225, 0, 8;
    %store/vec4 v00000174f7e8f3e0_0, 0, 8;
    %jmp T_25.256;
T_25.225 ;
    %pushi/vec4 248, 0, 8;
    %store/vec4 v00000174f7e8f3e0_0, 0, 8;
    %jmp T_25.256;
T_25.226 ;
    %pushi/vec4 152, 0, 8;
    %store/vec4 v00000174f7e8f3e0_0, 0, 8;
    %jmp T_25.256;
T_25.227 ;
    %pushi/vec4 17, 0, 8;
    %store/vec4 v00000174f7e8f3e0_0, 0, 8;
    %jmp T_25.256;
T_25.228 ;
    %pushi/vec4 105, 0, 8;
    %store/vec4 v00000174f7e8f3e0_0, 0, 8;
    %jmp T_25.256;
T_25.229 ;
    %pushi/vec4 217, 0, 8;
    %store/vec4 v00000174f7e8f3e0_0, 0, 8;
    %jmp T_25.256;
T_25.230 ;
    %pushi/vec4 142, 0, 8;
    %store/vec4 v00000174f7e8f3e0_0, 0, 8;
    %jmp T_25.256;
T_25.231 ;
    %pushi/vec4 148, 0, 8;
    %store/vec4 v00000174f7e8f3e0_0, 0, 8;
    %jmp T_25.256;
T_25.232 ;
    %pushi/vec4 155, 0, 8;
    %store/vec4 v00000174f7e8f3e0_0, 0, 8;
    %jmp T_25.256;
T_25.233 ;
    %pushi/vec4 30, 0, 8;
    %store/vec4 v00000174f7e8f3e0_0, 0, 8;
    %jmp T_25.256;
T_25.234 ;
    %pushi/vec4 135, 0, 8;
    %store/vec4 v00000174f7e8f3e0_0, 0, 8;
    %jmp T_25.256;
T_25.235 ;
    %pushi/vec4 233, 0, 8;
    %store/vec4 v00000174f7e8f3e0_0, 0, 8;
    %jmp T_25.256;
T_25.236 ;
    %pushi/vec4 206, 0, 8;
    %store/vec4 v00000174f7e8f3e0_0, 0, 8;
    %jmp T_25.256;
T_25.237 ;
    %pushi/vec4 85, 0, 8;
    %store/vec4 v00000174f7e8f3e0_0, 0, 8;
    %jmp T_25.256;
T_25.238 ;
    %pushi/vec4 40, 0, 8;
    %store/vec4 v00000174f7e8f3e0_0, 0, 8;
    %jmp T_25.256;
T_25.239 ;
    %pushi/vec4 223, 0, 8;
    %store/vec4 v00000174f7e8f3e0_0, 0, 8;
    %jmp T_25.256;
T_25.240 ;
    %pushi/vec4 140, 0, 8;
    %store/vec4 v00000174f7e8f3e0_0, 0, 8;
    %jmp T_25.256;
T_25.241 ;
    %pushi/vec4 161, 0, 8;
    %store/vec4 v00000174f7e8f3e0_0, 0, 8;
    %jmp T_25.256;
T_25.242 ;
    %pushi/vec4 137, 0, 8;
    %store/vec4 v00000174f7e8f3e0_0, 0, 8;
    %jmp T_25.256;
T_25.243 ;
    %pushi/vec4 13, 0, 8;
    %store/vec4 v00000174f7e8f3e0_0, 0, 8;
    %jmp T_25.256;
T_25.244 ;
    %pushi/vec4 191, 0, 8;
    %store/vec4 v00000174f7e8f3e0_0, 0, 8;
    %jmp T_25.256;
T_25.245 ;
    %pushi/vec4 230, 0, 8;
    %store/vec4 v00000174f7e8f3e0_0, 0, 8;
    %jmp T_25.256;
T_25.246 ;
    %pushi/vec4 66, 0, 8;
    %store/vec4 v00000174f7e8f3e0_0, 0, 8;
    %jmp T_25.256;
T_25.247 ;
    %pushi/vec4 104, 0, 8;
    %store/vec4 v00000174f7e8f3e0_0, 0, 8;
    %jmp T_25.256;
T_25.248 ;
    %pushi/vec4 65, 0, 8;
    %store/vec4 v00000174f7e8f3e0_0, 0, 8;
    %jmp T_25.256;
T_25.249 ;
    %pushi/vec4 153, 0, 8;
    %store/vec4 v00000174f7e8f3e0_0, 0, 8;
    %jmp T_25.256;
T_25.250 ;
    %pushi/vec4 45, 0, 8;
    %store/vec4 v00000174f7e8f3e0_0, 0, 8;
    %jmp T_25.256;
T_25.251 ;
    %pushi/vec4 15, 0, 8;
    %store/vec4 v00000174f7e8f3e0_0, 0, 8;
    %jmp T_25.256;
T_25.252 ;
    %pushi/vec4 176, 0, 8;
    %store/vec4 v00000174f7e8f3e0_0, 0, 8;
    %jmp T_25.256;
T_25.253 ;
    %pushi/vec4 84, 0, 8;
    %store/vec4 v00000174f7e8f3e0_0, 0, 8;
    %jmp T_25.256;
T_25.254 ;
    %pushi/vec4 187, 0, 8;
    %store/vec4 v00000174f7e8f3e0_0, 0, 8;
    %jmp T_25.256;
T_25.255 ;
    %pushi/vec4 22, 0, 8;
    %store/vec4 v00000174f7e8f3e0_0, 0, 8;
    %jmp T_25.256;
T_25.256 ;
    %pop/vec4 1;
    %jmp T_25;
    .thread T_25, $push;
    .scope S_00000174f7e91a80;
T_26 ;
    %wait E_00000174f7e06190;
    %load/vec4 v00000174f7e8ffc0_0;
    %dup/vec4;
    %pushi/vec4 0, 0, 8;
    %cmp/u;
    %jmp/1 T_26.0, 6;
    %dup/vec4;
    %pushi/vec4 1, 0, 8;
    %cmp/u;
    %jmp/1 T_26.1, 6;
    %dup/vec4;
    %pushi/vec4 2, 0, 8;
    %cmp/u;
    %jmp/1 T_26.2, 6;
    %dup/vec4;
    %pushi/vec4 3, 0, 8;
    %cmp/u;
    %jmp/1 T_26.3, 6;
    %dup/vec4;
    %pushi/vec4 4, 0, 8;
    %cmp/u;
    %jmp/1 T_26.4, 6;
    %dup/vec4;
    %pushi/vec4 5, 0, 8;
    %cmp/u;
    %jmp/1 T_26.5, 6;
    %dup/vec4;
    %pushi/vec4 6, 0, 8;
    %cmp/u;
    %jmp/1 T_26.6, 6;
    %dup/vec4;
    %pushi/vec4 7, 0, 8;
    %cmp/u;
    %jmp/1 T_26.7, 6;
    %dup/vec4;
    %pushi/vec4 8, 0, 8;
    %cmp/u;
    %jmp/1 T_26.8, 6;
    %dup/vec4;
    %pushi/vec4 9, 0, 8;
    %cmp/u;
    %jmp/1 T_26.9, 6;
    %dup/vec4;
    %pushi/vec4 10, 0, 8;
    %cmp/u;
    %jmp/1 T_26.10, 6;
    %dup/vec4;
    %pushi/vec4 11, 0, 8;
    %cmp/u;
    %jmp/1 T_26.11, 6;
    %dup/vec4;
    %pushi/vec4 12, 0, 8;
    %cmp/u;
    %jmp/1 T_26.12, 6;
    %dup/vec4;
    %pushi/vec4 13, 0, 8;
    %cmp/u;
    %jmp/1 T_26.13, 6;
    %dup/vec4;
    %pushi/vec4 14, 0, 8;
    %cmp/u;
    %jmp/1 T_26.14, 6;
    %dup/vec4;
    %pushi/vec4 15, 0, 8;
    %cmp/u;
    %jmp/1 T_26.15, 6;
    %dup/vec4;
    %pushi/vec4 16, 0, 8;
    %cmp/u;
    %jmp/1 T_26.16, 6;
    %dup/vec4;
    %pushi/vec4 17, 0, 8;
    %cmp/u;
    %jmp/1 T_26.17, 6;
    %dup/vec4;
    %pushi/vec4 18, 0, 8;
    %cmp/u;
    %jmp/1 T_26.18, 6;
    %dup/vec4;
    %pushi/vec4 19, 0, 8;
    %cmp/u;
    %jmp/1 T_26.19, 6;
    %dup/vec4;
    %pushi/vec4 20, 0, 8;
    %cmp/u;
    %jmp/1 T_26.20, 6;
    %dup/vec4;
    %pushi/vec4 21, 0, 8;
    %cmp/u;
    %jmp/1 T_26.21, 6;
    %dup/vec4;
    %pushi/vec4 22, 0, 8;
    %cmp/u;
    %jmp/1 T_26.22, 6;
    %dup/vec4;
    %pushi/vec4 23, 0, 8;
    %cmp/u;
    %jmp/1 T_26.23, 6;
    %dup/vec4;
    %pushi/vec4 24, 0, 8;
    %cmp/u;
    %jmp/1 T_26.24, 6;
    %dup/vec4;
    %pushi/vec4 25, 0, 8;
    %cmp/u;
    %jmp/1 T_26.25, 6;
    %dup/vec4;
    %pushi/vec4 26, 0, 8;
    %cmp/u;
    %jmp/1 T_26.26, 6;
    %dup/vec4;
    %pushi/vec4 27, 0, 8;
    %cmp/u;
    %jmp/1 T_26.27, 6;
    %dup/vec4;
    %pushi/vec4 28, 0, 8;
    %cmp/u;
    %jmp/1 T_26.28, 6;
    %dup/vec4;
    %pushi/vec4 29, 0, 8;
    %cmp/u;
    %jmp/1 T_26.29, 6;
    %dup/vec4;
    %pushi/vec4 30, 0, 8;
    %cmp/u;
    %jmp/1 T_26.30, 6;
    %dup/vec4;
    %pushi/vec4 31, 0, 8;
    %cmp/u;
    %jmp/1 T_26.31, 6;
    %dup/vec4;
    %pushi/vec4 32, 0, 8;
    %cmp/u;
    %jmp/1 T_26.32, 6;
    %dup/vec4;
    %pushi/vec4 33, 0, 8;
    %cmp/u;
    %jmp/1 T_26.33, 6;
    %dup/vec4;
    %pushi/vec4 34, 0, 8;
    %cmp/u;
    %jmp/1 T_26.34, 6;
    %dup/vec4;
    %pushi/vec4 35, 0, 8;
    %cmp/u;
    %jmp/1 T_26.35, 6;
    %dup/vec4;
    %pushi/vec4 36, 0, 8;
    %cmp/u;
    %jmp/1 T_26.36, 6;
    %dup/vec4;
    %pushi/vec4 37, 0, 8;
    %cmp/u;
    %jmp/1 T_26.37, 6;
    %dup/vec4;
    %pushi/vec4 38, 0, 8;
    %cmp/u;
    %jmp/1 T_26.38, 6;
    %dup/vec4;
    %pushi/vec4 39, 0, 8;
    %cmp/u;
    %jmp/1 T_26.39, 6;
    %dup/vec4;
    %pushi/vec4 40, 0, 8;
    %cmp/u;
    %jmp/1 T_26.40, 6;
    %dup/vec4;
    %pushi/vec4 41, 0, 8;
    %cmp/u;
    %jmp/1 T_26.41, 6;
    %dup/vec4;
    %pushi/vec4 42, 0, 8;
    %cmp/u;
    %jmp/1 T_26.42, 6;
    %dup/vec4;
    %pushi/vec4 43, 0, 8;
    %cmp/u;
    %jmp/1 T_26.43, 6;
    %dup/vec4;
    %pushi/vec4 44, 0, 8;
    %cmp/u;
    %jmp/1 T_26.44, 6;
    %dup/vec4;
    %pushi/vec4 45, 0, 8;
    %cmp/u;
    %jmp/1 T_26.45, 6;
    %dup/vec4;
    %pushi/vec4 46, 0, 8;
    %cmp/u;
    %jmp/1 T_26.46, 6;
    %dup/vec4;
    %pushi/vec4 47, 0, 8;
    %cmp/u;
    %jmp/1 T_26.47, 6;
    %dup/vec4;
    %pushi/vec4 48, 0, 8;
    %cmp/u;
    %jmp/1 T_26.48, 6;
    %dup/vec4;
    %pushi/vec4 49, 0, 8;
    %cmp/u;
    %jmp/1 T_26.49, 6;
    %dup/vec4;
    %pushi/vec4 50, 0, 8;
    %cmp/u;
    %jmp/1 T_26.50, 6;
    %dup/vec4;
    %pushi/vec4 51, 0, 8;
    %cmp/u;
    %jmp/1 T_26.51, 6;
    %dup/vec4;
    %pushi/vec4 52, 0, 8;
    %cmp/u;
    %jmp/1 T_26.52, 6;
    %dup/vec4;
    %pushi/vec4 53, 0, 8;
    %cmp/u;
    %jmp/1 T_26.53, 6;
    %dup/vec4;
    %pushi/vec4 54, 0, 8;
    %cmp/u;
    %jmp/1 T_26.54, 6;
    %dup/vec4;
    %pushi/vec4 55, 0, 8;
    %cmp/u;
    %jmp/1 T_26.55, 6;
    %dup/vec4;
    %pushi/vec4 56, 0, 8;
    %cmp/u;
    %jmp/1 T_26.56, 6;
    %dup/vec4;
    %pushi/vec4 57, 0, 8;
    %cmp/u;
    %jmp/1 T_26.57, 6;
    %dup/vec4;
    %pushi/vec4 58, 0, 8;
    %cmp/u;
    %jmp/1 T_26.58, 6;
    %dup/vec4;
    %pushi/vec4 59, 0, 8;
    %cmp/u;
    %jmp/1 T_26.59, 6;
    %dup/vec4;
    %pushi/vec4 60, 0, 8;
    %cmp/u;
    %jmp/1 T_26.60, 6;
    %dup/vec4;
    %pushi/vec4 61, 0, 8;
    %cmp/u;
    %jmp/1 T_26.61, 6;
    %dup/vec4;
    %pushi/vec4 62, 0, 8;
    %cmp/u;
    %jmp/1 T_26.62, 6;
    %dup/vec4;
    %pushi/vec4 63, 0, 8;
    %cmp/u;
    %jmp/1 T_26.63, 6;
    %dup/vec4;
    %pushi/vec4 64, 0, 8;
    %cmp/u;
    %jmp/1 T_26.64, 6;
    %dup/vec4;
    %pushi/vec4 65, 0, 8;
    %cmp/u;
    %jmp/1 T_26.65, 6;
    %dup/vec4;
    %pushi/vec4 66, 0, 8;
    %cmp/u;
    %jmp/1 T_26.66, 6;
    %dup/vec4;
    %pushi/vec4 67, 0, 8;
    %cmp/u;
    %jmp/1 T_26.67, 6;
    %dup/vec4;
    %pushi/vec4 68, 0, 8;
    %cmp/u;
    %jmp/1 T_26.68, 6;
    %dup/vec4;
    %pushi/vec4 69, 0, 8;
    %cmp/u;
    %jmp/1 T_26.69, 6;
    %dup/vec4;
    %pushi/vec4 70, 0, 8;
    %cmp/u;
    %jmp/1 T_26.70, 6;
    %dup/vec4;
    %pushi/vec4 71, 0, 8;
    %cmp/u;
    %jmp/1 T_26.71, 6;
    %dup/vec4;
    %pushi/vec4 72, 0, 8;
    %cmp/u;
    %jmp/1 T_26.72, 6;
    %dup/vec4;
    %pushi/vec4 73, 0, 8;
    %cmp/u;
    %jmp/1 T_26.73, 6;
    %dup/vec4;
    %pushi/vec4 74, 0, 8;
    %cmp/u;
    %jmp/1 T_26.74, 6;
    %dup/vec4;
    %pushi/vec4 75, 0, 8;
    %cmp/u;
    %jmp/1 T_26.75, 6;
    %dup/vec4;
    %pushi/vec4 76, 0, 8;
    %cmp/u;
    %jmp/1 T_26.76, 6;
    %dup/vec4;
    %pushi/vec4 77, 0, 8;
    %cmp/u;
    %jmp/1 T_26.77, 6;
    %dup/vec4;
    %pushi/vec4 78, 0, 8;
    %cmp/u;
    %jmp/1 T_26.78, 6;
    %dup/vec4;
    %pushi/vec4 79, 0, 8;
    %cmp/u;
    %jmp/1 T_26.79, 6;
    %dup/vec4;
    %pushi/vec4 80, 0, 8;
    %cmp/u;
    %jmp/1 T_26.80, 6;
    %dup/vec4;
    %pushi/vec4 81, 0, 8;
    %cmp/u;
    %jmp/1 T_26.81, 6;
    %dup/vec4;
    %pushi/vec4 82, 0, 8;
    %cmp/u;
    %jmp/1 T_26.82, 6;
    %dup/vec4;
    %pushi/vec4 83, 0, 8;
    %cmp/u;
    %jmp/1 T_26.83, 6;
    %dup/vec4;
    %pushi/vec4 84, 0, 8;
    %cmp/u;
    %jmp/1 T_26.84, 6;
    %dup/vec4;
    %pushi/vec4 85, 0, 8;
    %cmp/u;
    %jmp/1 T_26.85, 6;
    %dup/vec4;
    %pushi/vec4 86, 0, 8;
    %cmp/u;
    %jmp/1 T_26.86, 6;
    %dup/vec4;
    %pushi/vec4 87, 0, 8;
    %cmp/u;
    %jmp/1 T_26.87, 6;
    %dup/vec4;
    %pushi/vec4 88, 0, 8;
    %cmp/u;
    %jmp/1 T_26.88, 6;
    %dup/vec4;
    %pushi/vec4 89, 0, 8;
    %cmp/u;
    %jmp/1 T_26.89, 6;
    %dup/vec4;
    %pushi/vec4 90, 0, 8;
    %cmp/u;
    %jmp/1 T_26.90, 6;
    %dup/vec4;
    %pushi/vec4 91, 0, 8;
    %cmp/u;
    %jmp/1 T_26.91, 6;
    %dup/vec4;
    %pushi/vec4 92, 0, 8;
    %cmp/u;
    %jmp/1 T_26.92, 6;
    %dup/vec4;
    %pushi/vec4 93, 0, 8;
    %cmp/u;
    %jmp/1 T_26.93, 6;
    %dup/vec4;
    %pushi/vec4 94, 0, 8;
    %cmp/u;
    %jmp/1 T_26.94, 6;
    %dup/vec4;
    %pushi/vec4 95, 0, 8;
    %cmp/u;
    %jmp/1 T_26.95, 6;
    %dup/vec4;
    %pushi/vec4 96, 0, 8;
    %cmp/u;
    %jmp/1 T_26.96, 6;
    %dup/vec4;
    %pushi/vec4 97, 0, 8;
    %cmp/u;
    %jmp/1 T_26.97, 6;
    %dup/vec4;
    %pushi/vec4 98, 0, 8;
    %cmp/u;
    %jmp/1 T_26.98, 6;
    %dup/vec4;
    %pushi/vec4 99, 0, 8;
    %cmp/u;
    %jmp/1 T_26.99, 6;
    %dup/vec4;
    %pushi/vec4 100, 0, 8;
    %cmp/u;
    %jmp/1 T_26.100, 6;
    %dup/vec4;
    %pushi/vec4 101, 0, 8;
    %cmp/u;
    %jmp/1 T_26.101, 6;
    %dup/vec4;
    %pushi/vec4 102, 0, 8;
    %cmp/u;
    %jmp/1 T_26.102, 6;
    %dup/vec4;
    %pushi/vec4 103, 0, 8;
    %cmp/u;
    %jmp/1 T_26.103, 6;
    %dup/vec4;
    %pushi/vec4 104, 0, 8;
    %cmp/u;
    %jmp/1 T_26.104, 6;
    %dup/vec4;
    %pushi/vec4 105, 0, 8;
    %cmp/u;
    %jmp/1 T_26.105, 6;
    %dup/vec4;
    %pushi/vec4 106, 0, 8;
    %cmp/u;
    %jmp/1 T_26.106, 6;
    %dup/vec4;
    %pushi/vec4 107, 0, 8;
    %cmp/u;
    %jmp/1 T_26.107, 6;
    %dup/vec4;
    %pushi/vec4 108, 0, 8;
    %cmp/u;
    %jmp/1 T_26.108, 6;
    %dup/vec4;
    %pushi/vec4 109, 0, 8;
    %cmp/u;
    %jmp/1 T_26.109, 6;
    %dup/vec4;
    %pushi/vec4 110, 0, 8;
    %cmp/u;
    %jmp/1 T_26.110, 6;
    %dup/vec4;
    %pushi/vec4 111, 0, 8;
    %cmp/u;
    %jmp/1 T_26.111, 6;
    %dup/vec4;
    %pushi/vec4 112, 0, 8;
    %cmp/u;
    %jmp/1 T_26.112, 6;
    %dup/vec4;
    %pushi/vec4 113, 0, 8;
    %cmp/u;
    %jmp/1 T_26.113, 6;
    %dup/vec4;
    %pushi/vec4 114, 0, 8;
    %cmp/u;
    %jmp/1 T_26.114, 6;
    %dup/vec4;
    %pushi/vec4 115, 0, 8;
    %cmp/u;
    %jmp/1 T_26.115, 6;
    %dup/vec4;
    %pushi/vec4 116, 0, 8;
    %cmp/u;
    %jmp/1 T_26.116, 6;
    %dup/vec4;
    %pushi/vec4 117, 0, 8;
    %cmp/u;
    %jmp/1 T_26.117, 6;
    %dup/vec4;
    %pushi/vec4 118, 0, 8;
    %cmp/u;
    %jmp/1 T_26.118, 6;
    %dup/vec4;
    %pushi/vec4 119, 0, 8;
    %cmp/u;
    %jmp/1 T_26.119, 6;
    %dup/vec4;
    %pushi/vec4 120, 0, 8;
    %cmp/u;
    %jmp/1 T_26.120, 6;
    %dup/vec4;
    %pushi/vec4 121, 0, 8;
    %cmp/u;
    %jmp/1 T_26.121, 6;
    %dup/vec4;
    %pushi/vec4 122, 0, 8;
    %cmp/u;
    %jmp/1 T_26.122, 6;
    %dup/vec4;
    %pushi/vec4 123, 0, 8;
    %cmp/u;
    %jmp/1 T_26.123, 6;
    %dup/vec4;
    %pushi/vec4 124, 0, 8;
    %cmp/u;
    %jmp/1 T_26.124, 6;
    %dup/vec4;
    %pushi/vec4 125, 0, 8;
    %cmp/u;
    %jmp/1 T_26.125, 6;
    %dup/vec4;
    %pushi/vec4 126, 0, 8;
    %cmp/u;
    %jmp/1 T_26.126, 6;
    %dup/vec4;
    %pushi/vec4 127, 0, 8;
    %cmp/u;
    %jmp/1 T_26.127, 6;
    %dup/vec4;
    %pushi/vec4 128, 0, 8;
    %cmp/u;
    %jmp/1 T_26.128, 6;
    %dup/vec4;
    %pushi/vec4 129, 0, 8;
    %cmp/u;
    %jmp/1 T_26.129, 6;
    %dup/vec4;
    %pushi/vec4 130, 0, 8;
    %cmp/u;
    %jmp/1 T_26.130, 6;
    %dup/vec4;
    %pushi/vec4 131, 0, 8;
    %cmp/u;
    %jmp/1 T_26.131, 6;
    %dup/vec4;
    %pushi/vec4 132, 0, 8;
    %cmp/u;
    %jmp/1 T_26.132, 6;
    %dup/vec4;
    %pushi/vec4 133, 0, 8;
    %cmp/u;
    %jmp/1 T_26.133, 6;
    %dup/vec4;
    %pushi/vec4 134, 0, 8;
    %cmp/u;
    %jmp/1 T_26.134, 6;
    %dup/vec4;
    %pushi/vec4 135, 0, 8;
    %cmp/u;
    %jmp/1 T_26.135, 6;
    %dup/vec4;
    %pushi/vec4 136, 0, 8;
    %cmp/u;
    %jmp/1 T_26.136, 6;
    %dup/vec4;
    %pushi/vec4 137, 0, 8;
    %cmp/u;
    %jmp/1 T_26.137, 6;
    %dup/vec4;
    %pushi/vec4 138, 0, 8;
    %cmp/u;
    %jmp/1 T_26.138, 6;
    %dup/vec4;
    %pushi/vec4 139, 0, 8;
    %cmp/u;
    %jmp/1 T_26.139, 6;
    %dup/vec4;
    %pushi/vec4 140, 0, 8;
    %cmp/u;
    %jmp/1 T_26.140, 6;
    %dup/vec4;
    %pushi/vec4 141, 0, 8;
    %cmp/u;
    %jmp/1 T_26.141, 6;
    %dup/vec4;
    %pushi/vec4 142, 0, 8;
    %cmp/u;
    %jmp/1 T_26.142, 6;
    %dup/vec4;
    %pushi/vec4 143, 0, 8;
    %cmp/u;
    %jmp/1 T_26.143, 6;
    %dup/vec4;
    %pushi/vec4 144, 0, 8;
    %cmp/u;
    %jmp/1 T_26.144, 6;
    %dup/vec4;
    %pushi/vec4 145, 0, 8;
    %cmp/u;
    %jmp/1 T_26.145, 6;
    %dup/vec4;
    %pushi/vec4 146, 0, 8;
    %cmp/u;
    %jmp/1 T_26.146, 6;
    %dup/vec4;
    %pushi/vec4 147, 0, 8;
    %cmp/u;
    %jmp/1 T_26.147, 6;
    %dup/vec4;
    %pushi/vec4 148, 0, 8;
    %cmp/u;
    %jmp/1 T_26.148, 6;
    %dup/vec4;
    %pushi/vec4 149, 0, 8;
    %cmp/u;
    %jmp/1 T_26.149, 6;
    %dup/vec4;
    %pushi/vec4 150, 0, 8;
    %cmp/u;
    %jmp/1 T_26.150, 6;
    %dup/vec4;
    %pushi/vec4 151, 0, 8;
    %cmp/u;
    %jmp/1 T_26.151, 6;
    %dup/vec4;
    %pushi/vec4 152, 0, 8;
    %cmp/u;
    %jmp/1 T_26.152, 6;
    %dup/vec4;
    %pushi/vec4 153, 0, 8;
    %cmp/u;
    %jmp/1 T_26.153, 6;
    %dup/vec4;
    %pushi/vec4 154, 0, 8;
    %cmp/u;
    %jmp/1 T_26.154, 6;
    %dup/vec4;
    %pushi/vec4 155, 0, 8;
    %cmp/u;
    %jmp/1 T_26.155, 6;
    %dup/vec4;
    %pushi/vec4 156, 0, 8;
    %cmp/u;
    %jmp/1 T_26.156, 6;
    %dup/vec4;
    %pushi/vec4 157, 0, 8;
    %cmp/u;
    %jmp/1 T_26.157, 6;
    %dup/vec4;
    %pushi/vec4 158, 0, 8;
    %cmp/u;
    %jmp/1 T_26.158, 6;
    %dup/vec4;
    %pushi/vec4 159, 0, 8;
    %cmp/u;
    %jmp/1 T_26.159, 6;
    %dup/vec4;
    %pushi/vec4 160, 0, 8;
    %cmp/u;
    %jmp/1 T_26.160, 6;
    %dup/vec4;
    %pushi/vec4 161, 0, 8;
    %cmp/u;
    %jmp/1 T_26.161, 6;
    %dup/vec4;
    %pushi/vec4 162, 0, 8;
    %cmp/u;
    %jmp/1 T_26.162, 6;
    %dup/vec4;
    %pushi/vec4 163, 0, 8;
    %cmp/u;
    %jmp/1 T_26.163, 6;
    %dup/vec4;
    %pushi/vec4 164, 0, 8;
    %cmp/u;
    %jmp/1 T_26.164, 6;
    %dup/vec4;
    %pushi/vec4 165, 0, 8;
    %cmp/u;
    %jmp/1 T_26.165, 6;
    %dup/vec4;
    %pushi/vec4 166, 0, 8;
    %cmp/u;
    %jmp/1 T_26.166, 6;
    %dup/vec4;
    %pushi/vec4 167, 0, 8;
    %cmp/u;
    %jmp/1 T_26.167, 6;
    %dup/vec4;
    %pushi/vec4 168, 0, 8;
    %cmp/u;
    %jmp/1 T_26.168, 6;
    %dup/vec4;
    %pushi/vec4 169, 0, 8;
    %cmp/u;
    %jmp/1 T_26.169, 6;
    %dup/vec4;
    %pushi/vec4 170, 0, 8;
    %cmp/u;
    %jmp/1 T_26.170, 6;
    %dup/vec4;
    %pushi/vec4 171, 0, 8;
    %cmp/u;
    %jmp/1 T_26.171, 6;
    %dup/vec4;
    %pushi/vec4 172, 0, 8;
    %cmp/u;
    %jmp/1 T_26.172, 6;
    %dup/vec4;
    %pushi/vec4 173, 0, 8;
    %cmp/u;
    %jmp/1 T_26.173, 6;
    %dup/vec4;
    %pushi/vec4 174, 0, 8;
    %cmp/u;
    %jmp/1 T_26.174, 6;
    %dup/vec4;
    %pushi/vec4 175, 0, 8;
    %cmp/u;
    %jmp/1 T_26.175, 6;
    %dup/vec4;
    %pushi/vec4 176, 0, 8;
    %cmp/u;
    %jmp/1 T_26.176, 6;
    %dup/vec4;
    %pushi/vec4 177, 0, 8;
    %cmp/u;
    %jmp/1 T_26.177, 6;
    %dup/vec4;
    %pushi/vec4 178, 0, 8;
    %cmp/u;
    %jmp/1 T_26.178, 6;
    %dup/vec4;
    %pushi/vec4 179, 0, 8;
    %cmp/u;
    %jmp/1 T_26.179, 6;
    %dup/vec4;
    %pushi/vec4 180, 0, 8;
    %cmp/u;
    %jmp/1 T_26.180, 6;
    %dup/vec4;
    %pushi/vec4 181, 0, 8;
    %cmp/u;
    %jmp/1 T_26.181, 6;
    %dup/vec4;
    %pushi/vec4 182, 0, 8;
    %cmp/u;
    %jmp/1 T_26.182, 6;
    %dup/vec4;
    %pushi/vec4 183, 0, 8;
    %cmp/u;
    %jmp/1 T_26.183, 6;
    %dup/vec4;
    %pushi/vec4 184, 0, 8;
    %cmp/u;
    %jmp/1 T_26.184, 6;
    %dup/vec4;
    %pushi/vec4 185, 0, 8;
    %cmp/u;
    %jmp/1 T_26.185, 6;
    %dup/vec4;
    %pushi/vec4 186, 0, 8;
    %cmp/u;
    %jmp/1 T_26.186, 6;
    %dup/vec4;
    %pushi/vec4 187, 0, 8;
    %cmp/u;
    %jmp/1 T_26.187, 6;
    %dup/vec4;
    %pushi/vec4 188, 0, 8;
    %cmp/u;
    %jmp/1 T_26.188, 6;
    %dup/vec4;
    %pushi/vec4 189, 0, 8;
    %cmp/u;
    %jmp/1 T_26.189, 6;
    %dup/vec4;
    %pushi/vec4 190, 0, 8;
    %cmp/u;
    %jmp/1 T_26.190, 6;
    %dup/vec4;
    %pushi/vec4 191, 0, 8;
    %cmp/u;
    %jmp/1 T_26.191, 6;
    %dup/vec4;
    %pushi/vec4 192, 0, 8;
    %cmp/u;
    %jmp/1 T_26.192, 6;
    %dup/vec4;
    %pushi/vec4 193, 0, 8;
    %cmp/u;
    %jmp/1 T_26.193, 6;
    %dup/vec4;
    %pushi/vec4 194, 0, 8;
    %cmp/u;
    %jmp/1 T_26.194, 6;
    %dup/vec4;
    %pushi/vec4 195, 0, 8;
    %cmp/u;
    %jmp/1 T_26.195, 6;
    %dup/vec4;
    %pushi/vec4 196, 0, 8;
    %cmp/u;
    %jmp/1 T_26.196, 6;
    %dup/vec4;
    %pushi/vec4 197, 0, 8;
    %cmp/u;
    %jmp/1 T_26.197, 6;
    %dup/vec4;
    %pushi/vec4 198, 0, 8;
    %cmp/u;
    %jmp/1 T_26.198, 6;
    %dup/vec4;
    %pushi/vec4 199, 0, 8;
    %cmp/u;
    %jmp/1 T_26.199, 6;
    %dup/vec4;
    %pushi/vec4 200, 0, 8;
    %cmp/u;
    %jmp/1 T_26.200, 6;
    %dup/vec4;
    %pushi/vec4 201, 0, 8;
    %cmp/u;
    %jmp/1 T_26.201, 6;
    %dup/vec4;
    %pushi/vec4 202, 0, 8;
    %cmp/u;
    %jmp/1 T_26.202, 6;
    %dup/vec4;
    %pushi/vec4 203, 0, 8;
    %cmp/u;
    %jmp/1 T_26.203, 6;
    %dup/vec4;
    %pushi/vec4 204, 0, 8;
    %cmp/u;
    %jmp/1 T_26.204, 6;
    %dup/vec4;
    %pushi/vec4 205, 0, 8;
    %cmp/u;
    %jmp/1 T_26.205, 6;
    %dup/vec4;
    %pushi/vec4 206, 0, 8;
    %cmp/u;
    %jmp/1 T_26.206, 6;
    %dup/vec4;
    %pushi/vec4 207, 0, 8;
    %cmp/u;
    %jmp/1 T_26.207, 6;
    %dup/vec4;
    %pushi/vec4 208, 0, 8;
    %cmp/u;
    %jmp/1 T_26.208, 6;
    %dup/vec4;
    %pushi/vec4 209, 0, 8;
    %cmp/u;
    %jmp/1 T_26.209, 6;
    %dup/vec4;
    %pushi/vec4 210, 0, 8;
    %cmp/u;
    %jmp/1 T_26.210, 6;
    %dup/vec4;
    %pushi/vec4 211, 0, 8;
    %cmp/u;
    %jmp/1 T_26.211, 6;
    %dup/vec4;
    %pushi/vec4 212, 0, 8;
    %cmp/u;
    %jmp/1 T_26.212, 6;
    %dup/vec4;
    %pushi/vec4 213, 0, 8;
    %cmp/u;
    %jmp/1 T_26.213, 6;
    %dup/vec4;
    %pushi/vec4 214, 0, 8;
    %cmp/u;
    %jmp/1 T_26.214, 6;
    %dup/vec4;
    %pushi/vec4 215, 0, 8;
    %cmp/u;
    %jmp/1 T_26.215, 6;
    %dup/vec4;
    %pushi/vec4 216, 0, 8;
    %cmp/u;
    %jmp/1 T_26.216, 6;
    %dup/vec4;
    %pushi/vec4 217, 0, 8;
    %cmp/u;
    %jmp/1 T_26.217, 6;
    %dup/vec4;
    %pushi/vec4 218, 0, 8;
    %cmp/u;
    %jmp/1 T_26.218, 6;
    %dup/vec4;
    %pushi/vec4 219, 0, 8;
    %cmp/u;
    %jmp/1 T_26.219, 6;
    %dup/vec4;
    %pushi/vec4 220, 0, 8;
    %cmp/u;
    %jmp/1 T_26.220, 6;
    %dup/vec4;
    %pushi/vec4 221, 0, 8;
    %cmp/u;
    %jmp/1 T_26.221, 6;
    %dup/vec4;
    %pushi/vec4 222, 0, 8;
    %cmp/u;
    %jmp/1 T_26.222, 6;
    %dup/vec4;
    %pushi/vec4 223, 0, 8;
    %cmp/u;
    %jmp/1 T_26.223, 6;
    %dup/vec4;
    %pushi/vec4 224, 0, 8;
    %cmp/u;
    %jmp/1 T_26.224, 6;
    %dup/vec4;
    %pushi/vec4 225, 0, 8;
    %cmp/u;
    %jmp/1 T_26.225, 6;
    %dup/vec4;
    %pushi/vec4 226, 0, 8;
    %cmp/u;
    %jmp/1 T_26.226, 6;
    %dup/vec4;
    %pushi/vec4 227, 0, 8;
    %cmp/u;
    %jmp/1 T_26.227, 6;
    %dup/vec4;
    %pushi/vec4 228, 0, 8;
    %cmp/u;
    %jmp/1 T_26.228, 6;
    %dup/vec4;
    %pushi/vec4 229, 0, 8;
    %cmp/u;
    %jmp/1 T_26.229, 6;
    %dup/vec4;
    %pushi/vec4 230, 0, 8;
    %cmp/u;
    %jmp/1 T_26.230, 6;
    %dup/vec4;
    %pushi/vec4 231, 0, 8;
    %cmp/u;
    %jmp/1 T_26.231, 6;
    %dup/vec4;
    %pushi/vec4 232, 0, 8;
    %cmp/u;
    %jmp/1 T_26.232, 6;
    %dup/vec4;
    %pushi/vec4 233, 0, 8;
    %cmp/u;
    %jmp/1 T_26.233, 6;
    %dup/vec4;
    %pushi/vec4 234, 0, 8;
    %cmp/u;
    %jmp/1 T_26.234, 6;
    %dup/vec4;
    %pushi/vec4 235, 0, 8;
    %cmp/u;
    %jmp/1 T_26.235, 6;
    %dup/vec4;
    %pushi/vec4 236, 0, 8;
    %cmp/u;
    %jmp/1 T_26.236, 6;
    %dup/vec4;
    %pushi/vec4 237, 0, 8;
    %cmp/u;
    %jmp/1 T_26.237, 6;
    %dup/vec4;
    %pushi/vec4 238, 0, 8;
    %cmp/u;
    %jmp/1 T_26.238, 6;
    %dup/vec4;
    %pushi/vec4 239, 0, 8;
    %cmp/u;
    %jmp/1 T_26.239, 6;
    %dup/vec4;
    %pushi/vec4 240, 0, 8;
    %cmp/u;
    %jmp/1 T_26.240, 6;
    %dup/vec4;
    %pushi/vec4 241, 0, 8;
    %cmp/u;
    %jmp/1 T_26.241, 6;
    %dup/vec4;
    %pushi/vec4 242, 0, 8;
    %cmp/u;
    %jmp/1 T_26.242, 6;
    %dup/vec4;
    %pushi/vec4 243, 0, 8;
    %cmp/u;
    %jmp/1 T_26.243, 6;
    %dup/vec4;
    %pushi/vec4 244, 0, 8;
    %cmp/u;
    %jmp/1 T_26.244, 6;
    %dup/vec4;
    %pushi/vec4 245, 0, 8;
    %cmp/u;
    %jmp/1 T_26.245, 6;
    %dup/vec4;
    %pushi/vec4 246, 0, 8;
    %cmp/u;
    %jmp/1 T_26.246, 6;
    %dup/vec4;
    %pushi/vec4 247, 0, 8;
    %cmp/u;
    %jmp/1 T_26.247, 6;
    %dup/vec4;
    %pushi/vec4 248, 0, 8;
    %cmp/u;
    %jmp/1 T_26.248, 6;
    %dup/vec4;
    %pushi/vec4 249, 0, 8;
    %cmp/u;
    %jmp/1 T_26.249, 6;
    %dup/vec4;
    %pushi/vec4 250, 0, 8;
    %cmp/u;
    %jmp/1 T_26.250, 6;
    %dup/vec4;
    %pushi/vec4 251, 0, 8;
    %cmp/u;
    %jmp/1 T_26.251, 6;
    %dup/vec4;
    %pushi/vec4 252, 0, 8;
    %cmp/u;
    %jmp/1 T_26.252, 6;
    %dup/vec4;
    %pushi/vec4 253, 0, 8;
    %cmp/u;
    %jmp/1 T_26.253, 6;
    %dup/vec4;
    %pushi/vec4 254, 0, 8;
    %cmp/u;
    %jmp/1 T_26.254, 6;
    %dup/vec4;
    %pushi/vec4 255, 0, 8;
    %cmp/u;
    %jmp/1 T_26.255, 6;
    %jmp T_26.256;
T_26.0 ;
    %pushi/vec4 99, 0, 8;
    %store/vec4 v00000174f7e8fe80_0, 0, 8;
    %jmp T_26.256;
T_26.1 ;
    %pushi/vec4 124, 0, 8;
    %store/vec4 v00000174f7e8fe80_0, 0, 8;
    %jmp T_26.256;
T_26.2 ;
    %pushi/vec4 119, 0, 8;
    %store/vec4 v00000174f7e8fe80_0, 0, 8;
    %jmp T_26.256;
T_26.3 ;
    %pushi/vec4 123, 0, 8;
    %store/vec4 v00000174f7e8fe80_0, 0, 8;
    %jmp T_26.256;
T_26.4 ;
    %pushi/vec4 242, 0, 8;
    %store/vec4 v00000174f7e8fe80_0, 0, 8;
    %jmp T_26.256;
T_26.5 ;
    %pushi/vec4 107, 0, 8;
    %store/vec4 v00000174f7e8fe80_0, 0, 8;
    %jmp T_26.256;
T_26.6 ;
    %pushi/vec4 111, 0, 8;
    %store/vec4 v00000174f7e8fe80_0, 0, 8;
    %jmp T_26.256;
T_26.7 ;
    %pushi/vec4 197, 0, 8;
    %store/vec4 v00000174f7e8fe80_0, 0, 8;
    %jmp T_26.256;
T_26.8 ;
    %pushi/vec4 48, 0, 8;
    %store/vec4 v00000174f7e8fe80_0, 0, 8;
    %jmp T_26.256;
T_26.9 ;
    %pushi/vec4 1, 0, 8;
    %store/vec4 v00000174f7e8fe80_0, 0, 8;
    %jmp T_26.256;
T_26.10 ;
    %pushi/vec4 103, 0, 8;
    %store/vec4 v00000174f7e8fe80_0, 0, 8;
    %jmp T_26.256;
T_26.11 ;
    %pushi/vec4 43, 0, 8;
    %store/vec4 v00000174f7e8fe80_0, 0, 8;
    %jmp T_26.256;
T_26.12 ;
    %pushi/vec4 254, 0, 8;
    %store/vec4 v00000174f7e8fe80_0, 0, 8;
    %jmp T_26.256;
T_26.13 ;
    %pushi/vec4 215, 0, 8;
    %store/vec4 v00000174f7e8fe80_0, 0, 8;
    %jmp T_26.256;
T_26.14 ;
    %pushi/vec4 171, 0, 8;
    %store/vec4 v00000174f7e8fe80_0, 0, 8;
    %jmp T_26.256;
T_26.15 ;
    %pushi/vec4 118, 0, 8;
    %store/vec4 v00000174f7e8fe80_0, 0, 8;
    %jmp T_26.256;
T_26.16 ;
    %pushi/vec4 202, 0, 8;
    %store/vec4 v00000174f7e8fe80_0, 0, 8;
    %jmp T_26.256;
T_26.17 ;
    %pushi/vec4 130, 0, 8;
    %store/vec4 v00000174f7e8fe80_0, 0, 8;
    %jmp T_26.256;
T_26.18 ;
    %pushi/vec4 201, 0, 8;
    %store/vec4 v00000174f7e8fe80_0, 0, 8;
    %jmp T_26.256;
T_26.19 ;
    %pushi/vec4 125, 0, 8;
    %store/vec4 v00000174f7e8fe80_0, 0, 8;
    %jmp T_26.256;
T_26.20 ;
    %pushi/vec4 250, 0, 8;
    %store/vec4 v00000174f7e8fe80_0, 0, 8;
    %jmp T_26.256;
T_26.21 ;
    %pushi/vec4 89, 0, 8;
    %store/vec4 v00000174f7e8fe80_0, 0, 8;
    %jmp T_26.256;
T_26.22 ;
    %pushi/vec4 71, 0, 8;
    %store/vec4 v00000174f7e8fe80_0, 0, 8;
    %jmp T_26.256;
T_26.23 ;
    %pushi/vec4 240, 0, 8;
    %store/vec4 v00000174f7e8fe80_0, 0, 8;
    %jmp T_26.256;
T_26.24 ;
    %pushi/vec4 173, 0, 8;
    %store/vec4 v00000174f7e8fe80_0, 0, 8;
    %jmp T_26.256;
T_26.25 ;
    %pushi/vec4 212, 0, 8;
    %store/vec4 v00000174f7e8fe80_0, 0, 8;
    %jmp T_26.256;
T_26.26 ;
    %pushi/vec4 162, 0, 8;
    %store/vec4 v00000174f7e8fe80_0, 0, 8;
    %jmp T_26.256;
T_26.27 ;
    %pushi/vec4 175, 0, 8;
    %store/vec4 v00000174f7e8fe80_0, 0, 8;
    %jmp T_26.256;
T_26.28 ;
    %pushi/vec4 156, 0, 8;
    %store/vec4 v00000174f7e8fe80_0, 0, 8;
    %jmp T_26.256;
T_26.29 ;
    %pushi/vec4 164, 0, 8;
    %store/vec4 v00000174f7e8fe80_0, 0, 8;
    %jmp T_26.256;
T_26.30 ;
    %pushi/vec4 114, 0, 8;
    %store/vec4 v00000174f7e8fe80_0, 0, 8;
    %jmp T_26.256;
T_26.31 ;
    %pushi/vec4 192, 0, 8;
    %store/vec4 v00000174f7e8fe80_0, 0, 8;
    %jmp T_26.256;
T_26.32 ;
    %pushi/vec4 183, 0, 8;
    %store/vec4 v00000174f7e8fe80_0, 0, 8;
    %jmp T_26.256;
T_26.33 ;
    %pushi/vec4 253, 0, 8;
    %store/vec4 v00000174f7e8fe80_0, 0, 8;
    %jmp T_26.256;
T_26.34 ;
    %pushi/vec4 147, 0, 8;
    %store/vec4 v00000174f7e8fe80_0, 0, 8;
    %jmp T_26.256;
T_26.35 ;
    %pushi/vec4 38, 0, 8;
    %store/vec4 v00000174f7e8fe80_0, 0, 8;
    %jmp T_26.256;
T_26.36 ;
    %pushi/vec4 54, 0, 8;
    %store/vec4 v00000174f7e8fe80_0, 0, 8;
    %jmp T_26.256;
T_26.37 ;
    %pushi/vec4 63, 0, 8;
    %store/vec4 v00000174f7e8fe80_0, 0, 8;
    %jmp T_26.256;
T_26.38 ;
    %pushi/vec4 247, 0, 8;
    %store/vec4 v00000174f7e8fe80_0, 0, 8;
    %jmp T_26.256;
T_26.39 ;
    %pushi/vec4 204, 0, 8;
    %store/vec4 v00000174f7e8fe80_0, 0, 8;
    %jmp T_26.256;
T_26.40 ;
    %pushi/vec4 52, 0, 8;
    %store/vec4 v00000174f7e8fe80_0, 0, 8;
    %jmp T_26.256;
T_26.41 ;
    %pushi/vec4 165, 0, 8;
    %store/vec4 v00000174f7e8fe80_0, 0, 8;
    %jmp T_26.256;
T_26.42 ;
    %pushi/vec4 229, 0, 8;
    %store/vec4 v00000174f7e8fe80_0, 0, 8;
    %jmp T_26.256;
T_26.43 ;
    %pushi/vec4 241, 0, 8;
    %store/vec4 v00000174f7e8fe80_0, 0, 8;
    %jmp T_26.256;
T_26.44 ;
    %pushi/vec4 113, 0, 8;
    %store/vec4 v00000174f7e8fe80_0, 0, 8;
    %jmp T_26.256;
T_26.45 ;
    %pushi/vec4 216, 0, 8;
    %store/vec4 v00000174f7e8fe80_0, 0, 8;
    %jmp T_26.256;
T_26.46 ;
    %pushi/vec4 49, 0, 8;
    %store/vec4 v00000174f7e8fe80_0, 0, 8;
    %jmp T_26.256;
T_26.47 ;
    %pushi/vec4 21, 0, 8;
    %store/vec4 v00000174f7e8fe80_0, 0, 8;
    %jmp T_26.256;
T_26.48 ;
    %pushi/vec4 4, 0, 8;
    %store/vec4 v00000174f7e8fe80_0, 0, 8;
    %jmp T_26.256;
T_26.49 ;
    %pushi/vec4 199, 0, 8;
    %store/vec4 v00000174f7e8fe80_0, 0, 8;
    %jmp T_26.256;
T_26.50 ;
    %pushi/vec4 35, 0, 8;
    %store/vec4 v00000174f7e8fe80_0, 0, 8;
    %jmp T_26.256;
T_26.51 ;
    %pushi/vec4 195, 0, 8;
    %store/vec4 v00000174f7e8fe80_0, 0, 8;
    %jmp T_26.256;
T_26.52 ;
    %pushi/vec4 24, 0, 8;
    %store/vec4 v00000174f7e8fe80_0, 0, 8;
    %jmp T_26.256;
T_26.53 ;
    %pushi/vec4 150, 0, 8;
    %store/vec4 v00000174f7e8fe80_0, 0, 8;
    %jmp T_26.256;
T_26.54 ;
    %pushi/vec4 5, 0, 8;
    %store/vec4 v00000174f7e8fe80_0, 0, 8;
    %jmp T_26.256;
T_26.55 ;
    %pushi/vec4 154, 0, 8;
    %store/vec4 v00000174f7e8fe80_0, 0, 8;
    %jmp T_26.256;
T_26.56 ;
    %pushi/vec4 7, 0, 8;
    %store/vec4 v00000174f7e8fe80_0, 0, 8;
    %jmp T_26.256;
T_26.57 ;
    %pushi/vec4 18, 0, 8;
    %store/vec4 v00000174f7e8fe80_0, 0, 8;
    %jmp T_26.256;
T_26.58 ;
    %pushi/vec4 128, 0, 8;
    %store/vec4 v00000174f7e8fe80_0, 0, 8;
    %jmp T_26.256;
T_26.59 ;
    %pushi/vec4 226, 0, 8;
    %store/vec4 v00000174f7e8fe80_0, 0, 8;
    %jmp T_26.256;
T_26.60 ;
    %pushi/vec4 235, 0, 8;
    %store/vec4 v00000174f7e8fe80_0, 0, 8;
    %jmp T_26.256;
T_26.61 ;
    %pushi/vec4 39, 0, 8;
    %store/vec4 v00000174f7e8fe80_0, 0, 8;
    %jmp T_26.256;
T_26.62 ;
    %pushi/vec4 178, 0, 8;
    %store/vec4 v00000174f7e8fe80_0, 0, 8;
    %jmp T_26.256;
T_26.63 ;
    %pushi/vec4 117, 0, 8;
    %store/vec4 v00000174f7e8fe80_0, 0, 8;
    %jmp T_26.256;
T_26.64 ;
    %pushi/vec4 9, 0, 8;
    %store/vec4 v00000174f7e8fe80_0, 0, 8;
    %jmp T_26.256;
T_26.65 ;
    %pushi/vec4 131, 0, 8;
    %store/vec4 v00000174f7e8fe80_0, 0, 8;
    %jmp T_26.256;
T_26.66 ;
    %pushi/vec4 44, 0, 8;
    %store/vec4 v00000174f7e8fe80_0, 0, 8;
    %jmp T_26.256;
T_26.67 ;
    %pushi/vec4 26, 0, 8;
    %store/vec4 v00000174f7e8fe80_0, 0, 8;
    %jmp T_26.256;
T_26.68 ;
    %pushi/vec4 27, 0, 8;
    %store/vec4 v00000174f7e8fe80_0, 0, 8;
    %jmp T_26.256;
T_26.69 ;
    %pushi/vec4 110, 0, 8;
    %store/vec4 v00000174f7e8fe80_0, 0, 8;
    %jmp T_26.256;
T_26.70 ;
    %pushi/vec4 90, 0, 8;
    %store/vec4 v00000174f7e8fe80_0, 0, 8;
    %jmp T_26.256;
T_26.71 ;
    %pushi/vec4 160, 0, 8;
    %store/vec4 v00000174f7e8fe80_0, 0, 8;
    %jmp T_26.256;
T_26.72 ;
    %pushi/vec4 82, 0, 8;
    %store/vec4 v00000174f7e8fe80_0, 0, 8;
    %jmp T_26.256;
T_26.73 ;
    %pushi/vec4 59, 0, 8;
    %store/vec4 v00000174f7e8fe80_0, 0, 8;
    %jmp T_26.256;
T_26.74 ;
    %pushi/vec4 214, 0, 8;
    %store/vec4 v00000174f7e8fe80_0, 0, 8;
    %jmp T_26.256;
T_26.75 ;
    %pushi/vec4 179, 0, 8;
    %store/vec4 v00000174f7e8fe80_0, 0, 8;
    %jmp T_26.256;
T_26.76 ;
    %pushi/vec4 41, 0, 8;
    %store/vec4 v00000174f7e8fe80_0, 0, 8;
    %jmp T_26.256;
T_26.77 ;
    %pushi/vec4 227, 0, 8;
    %store/vec4 v00000174f7e8fe80_0, 0, 8;
    %jmp T_26.256;
T_26.78 ;
    %pushi/vec4 47, 0, 8;
    %store/vec4 v00000174f7e8fe80_0, 0, 8;
    %jmp T_26.256;
T_26.79 ;
    %pushi/vec4 132, 0, 8;
    %store/vec4 v00000174f7e8fe80_0, 0, 8;
    %jmp T_26.256;
T_26.80 ;
    %pushi/vec4 83, 0, 8;
    %store/vec4 v00000174f7e8fe80_0, 0, 8;
    %jmp T_26.256;
T_26.81 ;
    %pushi/vec4 209, 0, 8;
    %store/vec4 v00000174f7e8fe80_0, 0, 8;
    %jmp T_26.256;
T_26.82 ;
    %pushi/vec4 0, 0, 8;
    %store/vec4 v00000174f7e8fe80_0, 0, 8;
    %jmp T_26.256;
T_26.83 ;
    %pushi/vec4 237, 0, 8;
    %store/vec4 v00000174f7e8fe80_0, 0, 8;
    %jmp T_26.256;
T_26.84 ;
    %pushi/vec4 32, 0, 8;
    %store/vec4 v00000174f7e8fe80_0, 0, 8;
    %jmp T_26.256;
T_26.85 ;
    %pushi/vec4 252, 0, 8;
    %store/vec4 v00000174f7e8fe80_0, 0, 8;
    %jmp T_26.256;
T_26.86 ;
    %pushi/vec4 177, 0, 8;
    %store/vec4 v00000174f7e8fe80_0, 0, 8;
    %jmp T_26.256;
T_26.87 ;
    %pushi/vec4 91, 0, 8;
    %store/vec4 v00000174f7e8fe80_0, 0, 8;
    %jmp T_26.256;
T_26.88 ;
    %pushi/vec4 106, 0, 8;
    %store/vec4 v00000174f7e8fe80_0, 0, 8;
    %jmp T_26.256;
T_26.89 ;
    %pushi/vec4 203, 0, 8;
    %store/vec4 v00000174f7e8fe80_0, 0, 8;
    %jmp T_26.256;
T_26.90 ;
    %pushi/vec4 190, 0, 8;
    %store/vec4 v00000174f7e8fe80_0, 0, 8;
    %jmp T_26.256;
T_26.91 ;
    %pushi/vec4 57, 0, 8;
    %store/vec4 v00000174f7e8fe80_0, 0, 8;
    %jmp T_26.256;
T_26.92 ;
    %pushi/vec4 74, 0, 8;
    %store/vec4 v00000174f7e8fe80_0, 0, 8;
    %jmp T_26.256;
T_26.93 ;
    %pushi/vec4 76, 0, 8;
    %store/vec4 v00000174f7e8fe80_0, 0, 8;
    %jmp T_26.256;
T_26.94 ;
    %pushi/vec4 88, 0, 8;
    %store/vec4 v00000174f7e8fe80_0, 0, 8;
    %jmp T_26.256;
T_26.95 ;
    %pushi/vec4 207, 0, 8;
    %store/vec4 v00000174f7e8fe80_0, 0, 8;
    %jmp T_26.256;
T_26.96 ;
    %pushi/vec4 208, 0, 8;
    %store/vec4 v00000174f7e8fe80_0, 0, 8;
    %jmp T_26.256;
T_26.97 ;
    %pushi/vec4 239, 0, 8;
    %store/vec4 v00000174f7e8fe80_0, 0, 8;
    %jmp T_26.256;
T_26.98 ;
    %pushi/vec4 170, 0, 8;
    %store/vec4 v00000174f7e8fe80_0, 0, 8;
    %jmp T_26.256;
T_26.99 ;
    %pushi/vec4 251, 0, 8;
    %store/vec4 v00000174f7e8fe80_0, 0, 8;
    %jmp T_26.256;
T_26.100 ;
    %pushi/vec4 67, 0, 8;
    %store/vec4 v00000174f7e8fe80_0, 0, 8;
    %jmp T_26.256;
T_26.101 ;
    %pushi/vec4 77, 0, 8;
    %store/vec4 v00000174f7e8fe80_0, 0, 8;
    %jmp T_26.256;
T_26.102 ;
    %pushi/vec4 51, 0, 8;
    %store/vec4 v00000174f7e8fe80_0, 0, 8;
    %jmp T_26.256;
T_26.103 ;
    %pushi/vec4 133, 0, 8;
    %store/vec4 v00000174f7e8fe80_0, 0, 8;
    %jmp T_26.256;
T_26.104 ;
    %pushi/vec4 69, 0, 8;
    %store/vec4 v00000174f7e8fe80_0, 0, 8;
    %jmp T_26.256;
T_26.105 ;
    %pushi/vec4 249, 0, 8;
    %store/vec4 v00000174f7e8fe80_0, 0, 8;
    %jmp T_26.256;
T_26.106 ;
    %pushi/vec4 2, 0, 8;
    %store/vec4 v00000174f7e8fe80_0, 0, 8;
    %jmp T_26.256;
T_26.107 ;
    %pushi/vec4 127, 0, 8;
    %store/vec4 v00000174f7e8fe80_0, 0, 8;
    %jmp T_26.256;
T_26.108 ;
    %pushi/vec4 80, 0, 8;
    %store/vec4 v00000174f7e8fe80_0, 0, 8;
    %jmp T_26.256;
T_26.109 ;
    %pushi/vec4 60, 0, 8;
    %store/vec4 v00000174f7e8fe80_0, 0, 8;
    %jmp T_26.256;
T_26.110 ;
    %pushi/vec4 159, 0, 8;
    %store/vec4 v00000174f7e8fe80_0, 0, 8;
    %jmp T_26.256;
T_26.111 ;
    %pushi/vec4 168, 0, 8;
    %store/vec4 v00000174f7e8fe80_0, 0, 8;
    %jmp T_26.256;
T_26.112 ;
    %pushi/vec4 81, 0, 8;
    %store/vec4 v00000174f7e8fe80_0, 0, 8;
    %jmp T_26.256;
T_26.113 ;
    %pushi/vec4 163, 0, 8;
    %store/vec4 v00000174f7e8fe80_0, 0, 8;
    %jmp T_26.256;
T_26.114 ;
    %pushi/vec4 64, 0, 8;
    %store/vec4 v00000174f7e8fe80_0, 0, 8;
    %jmp T_26.256;
T_26.115 ;
    %pushi/vec4 143, 0, 8;
    %store/vec4 v00000174f7e8fe80_0, 0, 8;
    %jmp T_26.256;
T_26.116 ;
    %pushi/vec4 146, 0, 8;
    %store/vec4 v00000174f7e8fe80_0, 0, 8;
    %jmp T_26.256;
T_26.117 ;
    %pushi/vec4 157, 0, 8;
    %store/vec4 v00000174f7e8fe80_0, 0, 8;
    %jmp T_26.256;
T_26.118 ;
    %pushi/vec4 56, 0, 8;
    %store/vec4 v00000174f7e8fe80_0, 0, 8;
    %jmp T_26.256;
T_26.119 ;
    %pushi/vec4 245, 0, 8;
    %store/vec4 v00000174f7e8fe80_0, 0, 8;
    %jmp T_26.256;
T_26.120 ;
    %pushi/vec4 188, 0, 8;
    %store/vec4 v00000174f7e8fe80_0, 0, 8;
    %jmp T_26.256;
T_26.121 ;
    %pushi/vec4 182, 0, 8;
    %store/vec4 v00000174f7e8fe80_0, 0, 8;
    %jmp T_26.256;
T_26.122 ;
    %pushi/vec4 218, 0, 8;
    %store/vec4 v00000174f7e8fe80_0, 0, 8;
    %jmp T_26.256;
T_26.123 ;
    %pushi/vec4 33, 0, 8;
    %store/vec4 v00000174f7e8fe80_0, 0, 8;
    %jmp T_26.256;
T_26.124 ;
    %pushi/vec4 16, 0, 8;
    %store/vec4 v00000174f7e8fe80_0, 0, 8;
    %jmp T_26.256;
T_26.125 ;
    %pushi/vec4 255, 0, 8;
    %store/vec4 v00000174f7e8fe80_0, 0, 8;
    %jmp T_26.256;
T_26.126 ;
    %pushi/vec4 243, 0, 8;
    %store/vec4 v00000174f7e8fe80_0, 0, 8;
    %jmp T_26.256;
T_26.127 ;
    %pushi/vec4 210, 0, 8;
    %store/vec4 v00000174f7e8fe80_0, 0, 8;
    %jmp T_26.256;
T_26.128 ;
    %pushi/vec4 205, 0, 8;
    %store/vec4 v00000174f7e8fe80_0, 0, 8;
    %jmp T_26.256;
T_26.129 ;
    %pushi/vec4 12, 0, 8;
    %store/vec4 v00000174f7e8fe80_0, 0, 8;
    %jmp T_26.256;
T_26.130 ;
    %pushi/vec4 19, 0, 8;
    %store/vec4 v00000174f7e8fe80_0, 0, 8;
    %jmp T_26.256;
T_26.131 ;
    %pushi/vec4 236, 0, 8;
    %store/vec4 v00000174f7e8fe80_0, 0, 8;
    %jmp T_26.256;
T_26.132 ;
    %pushi/vec4 95, 0, 8;
    %store/vec4 v00000174f7e8fe80_0, 0, 8;
    %jmp T_26.256;
T_26.133 ;
    %pushi/vec4 151, 0, 8;
    %store/vec4 v00000174f7e8fe80_0, 0, 8;
    %jmp T_26.256;
T_26.134 ;
    %pushi/vec4 68, 0, 8;
    %store/vec4 v00000174f7e8fe80_0, 0, 8;
    %jmp T_26.256;
T_26.135 ;
    %pushi/vec4 23, 0, 8;
    %store/vec4 v00000174f7e8fe80_0, 0, 8;
    %jmp T_26.256;
T_26.136 ;
    %pushi/vec4 196, 0, 8;
    %store/vec4 v00000174f7e8fe80_0, 0, 8;
    %jmp T_26.256;
T_26.137 ;
    %pushi/vec4 167, 0, 8;
    %store/vec4 v00000174f7e8fe80_0, 0, 8;
    %jmp T_26.256;
T_26.138 ;
    %pushi/vec4 126, 0, 8;
    %store/vec4 v00000174f7e8fe80_0, 0, 8;
    %jmp T_26.256;
T_26.139 ;
    %pushi/vec4 61, 0, 8;
    %store/vec4 v00000174f7e8fe80_0, 0, 8;
    %jmp T_26.256;
T_26.140 ;
    %pushi/vec4 100, 0, 8;
    %store/vec4 v00000174f7e8fe80_0, 0, 8;
    %jmp T_26.256;
T_26.141 ;
    %pushi/vec4 93, 0, 8;
    %store/vec4 v00000174f7e8fe80_0, 0, 8;
    %jmp T_26.256;
T_26.142 ;
    %pushi/vec4 25, 0, 8;
    %store/vec4 v00000174f7e8fe80_0, 0, 8;
    %jmp T_26.256;
T_26.143 ;
    %pushi/vec4 115, 0, 8;
    %store/vec4 v00000174f7e8fe80_0, 0, 8;
    %jmp T_26.256;
T_26.144 ;
    %pushi/vec4 96, 0, 8;
    %store/vec4 v00000174f7e8fe80_0, 0, 8;
    %jmp T_26.256;
T_26.145 ;
    %pushi/vec4 129, 0, 8;
    %store/vec4 v00000174f7e8fe80_0, 0, 8;
    %jmp T_26.256;
T_26.146 ;
    %pushi/vec4 79, 0, 8;
    %store/vec4 v00000174f7e8fe80_0, 0, 8;
    %jmp T_26.256;
T_26.147 ;
    %pushi/vec4 220, 0, 8;
    %store/vec4 v00000174f7e8fe80_0, 0, 8;
    %jmp T_26.256;
T_26.148 ;
    %pushi/vec4 34, 0, 8;
    %store/vec4 v00000174f7e8fe80_0, 0, 8;
    %jmp T_26.256;
T_26.149 ;
    %pushi/vec4 42, 0, 8;
    %store/vec4 v00000174f7e8fe80_0, 0, 8;
    %jmp T_26.256;
T_26.150 ;
    %pushi/vec4 144, 0, 8;
    %store/vec4 v00000174f7e8fe80_0, 0, 8;
    %jmp T_26.256;
T_26.151 ;
    %pushi/vec4 136, 0, 8;
    %store/vec4 v00000174f7e8fe80_0, 0, 8;
    %jmp T_26.256;
T_26.152 ;
    %pushi/vec4 70, 0, 8;
    %store/vec4 v00000174f7e8fe80_0, 0, 8;
    %jmp T_26.256;
T_26.153 ;
    %pushi/vec4 238, 0, 8;
    %store/vec4 v00000174f7e8fe80_0, 0, 8;
    %jmp T_26.256;
T_26.154 ;
    %pushi/vec4 184, 0, 8;
    %store/vec4 v00000174f7e8fe80_0, 0, 8;
    %jmp T_26.256;
T_26.155 ;
    %pushi/vec4 20, 0, 8;
    %store/vec4 v00000174f7e8fe80_0, 0, 8;
    %jmp T_26.256;
T_26.156 ;
    %pushi/vec4 222, 0, 8;
    %store/vec4 v00000174f7e8fe80_0, 0, 8;
    %jmp T_26.256;
T_26.157 ;
    %pushi/vec4 94, 0, 8;
    %store/vec4 v00000174f7e8fe80_0, 0, 8;
    %jmp T_26.256;
T_26.158 ;
    %pushi/vec4 11, 0, 8;
    %store/vec4 v00000174f7e8fe80_0, 0, 8;
    %jmp T_26.256;
T_26.159 ;
    %pushi/vec4 219, 0, 8;
    %store/vec4 v00000174f7e8fe80_0, 0, 8;
    %jmp T_26.256;
T_26.160 ;
    %pushi/vec4 224, 0, 8;
    %store/vec4 v00000174f7e8fe80_0, 0, 8;
    %jmp T_26.256;
T_26.161 ;
    %pushi/vec4 50, 0, 8;
    %store/vec4 v00000174f7e8fe80_0, 0, 8;
    %jmp T_26.256;
T_26.162 ;
    %pushi/vec4 58, 0, 8;
    %store/vec4 v00000174f7e8fe80_0, 0, 8;
    %jmp T_26.256;
T_26.163 ;
    %pushi/vec4 10, 0, 8;
    %store/vec4 v00000174f7e8fe80_0, 0, 8;
    %jmp T_26.256;
T_26.164 ;
    %pushi/vec4 73, 0, 8;
    %store/vec4 v00000174f7e8fe80_0, 0, 8;
    %jmp T_26.256;
T_26.165 ;
    %pushi/vec4 6, 0, 8;
    %store/vec4 v00000174f7e8fe80_0, 0, 8;
    %jmp T_26.256;
T_26.166 ;
    %pushi/vec4 36, 0, 8;
    %store/vec4 v00000174f7e8fe80_0, 0, 8;
    %jmp T_26.256;
T_26.167 ;
    %pushi/vec4 92, 0, 8;
    %store/vec4 v00000174f7e8fe80_0, 0, 8;
    %jmp T_26.256;
T_26.168 ;
    %pushi/vec4 194, 0, 8;
    %store/vec4 v00000174f7e8fe80_0, 0, 8;
    %jmp T_26.256;
T_26.169 ;
    %pushi/vec4 211, 0, 8;
    %store/vec4 v00000174f7e8fe80_0, 0, 8;
    %jmp T_26.256;
T_26.170 ;
    %pushi/vec4 172, 0, 8;
    %store/vec4 v00000174f7e8fe80_0, 0, 8;
    %jmp T_26.256;
T_26.171 ;
    %pushi/vec4 98, 0, 8;
    %store/vec4 v00000174f7e8fe80_0, 0, 8;
    %jmp T_26.256;
T_26.172 ;
    %pushi/vec4 145, 0, 8;
    %store/vec4 v00000174f7e8fe80_0, 0, 8;
    %jmp T_26.256;
T_26.173 ;
    %pushi/vec4 149, 0, 8;
    %store/vec4 v00000174f7e8fe80_0, 0, 8;
    %jmp T_26.256;
T_26.174 ;
    %pushi/vec4 228, 0, 8;
    %store/vec4 v00000174f7e8fe80_0, 0, 8;
    %jmp T_26.256;
T_26.175 ;
    %pushi/vec4 121, 0, 8;
    %store/vec4 v00000174f7e8fe80_0, 0, 8;
    %jmp T_26.256;
T_26.176 ;
    %pushi/vec4 231, 0, 8;
    %store/vec4 v00000174f7e8fe80_0, 0, 8;
    %jmp T_26.256;
T_26.177 ;
    %pushi/vec4 200, 0, 8;
    %store/vec4 v00000174f7e8fe80_0, 0, 8;
    %jmp T_26.256;
T_26.178 ;
    %pushi/vec4 55, 0, 8;
    %store/vec4 v00000174f7e8fe80_0, 0, 8;
    %jmp T_26.256;
T_26.179 ;
    %pushi/vec4 109, 0, 8;
    %store/vec4 v00000174f7e8fe80_0, 0, 8;
    %jmp T_26.256;
T_26.180 ;
    %pushi/vec4 141, 0, 8;
    %store/vec4 v00000174f7e8fe80_0, 0, 8;
    %jmp T_26.256;
T_26.181 ;
    %pushi/vec4 213, 0, 8;
    %store/vec4 v00000174f7e8fe80_0, 0, 8;
    %jmp T_26.256;
T_26.182 ;
    %pushi/vec4 78, 0, 8;
    %store/vec4 v00000174f7e8fe80_0, 0, 8;
    %jmp T_26.256;
T_26.183 ;
    %pushi/vec4 169, 0, 8;
    %store/vec4 v00000174f7e8fe80_0, 0, 8;
    %jmp T_26.256;
T_26.184 ;
    %pushi/vec4 108, 0, 8;
    %store/vec4 v00000174f7e8fe80_0, 0, 8;
    %jmp T_26.256;
T_26.185 ;
    %pushi/vec4 86, 0, 8;
    %store/vec4 v00000174f7e8fe80_0, 0, 8;
    %jmp T_26.256;
T_26.186 ;
    %pushi/vec4 244, 0, 8;
    %store/vec4 v00000174f7e8fe80_0, 0, 8;
    %jmp T_26.256;
T_26.187 ;
    %pushi/vec4 234, 0, 8;
    %store/vec4 v00000174f7e8fe80_0, 0, 8;
    %jmp T_26.256;
T_26.188 ;
    %pushi/vec4 101, 0, 8;
    %store/vec4 v00000174f7e8fe80_0, 0, 8;
    %jmp T_26.256;
T_26.189 ;
    %pushi/vec4 122, 0, 8;
    %store/vec4 v00000174f7e8fe80_0, 0, 8;
    %jmp T_26.256;
T_26.190 ;
    %pushi/vec4 174, 0, 8;
    %store/vec4 v00000174f7e8fe80_0, 0, 8;
    %jmp T_26.256;
T_26.191 ;
    %pushi/vec4 8, 0, 8;
    %store/vec4 v00000174f7e8fe80_0, 0, 8;
    %jmp T_26.256;
T_26.192 ;
    %pushi/vec4 186, 0, 8;
    %store/vec4 v00000174f7e8fe80_0, 0, 8;
    %jmp T_26.256;
T_26.193 ;
    %pushi/vec4 120, 0, 8;
    %store/vec4 v00000174f7e8fe80_0, 0, 8;
    %jmp T_26.256;
T_26.194 ;
    %pushi/vec4 37, 0, 8;
    %store/vec4 v00000174f7e8fe80_0, 0, 8;
    %jmp T_26.256;
T_26.195 ;
    %pushi/vec4 46, 0, 8;
    %store/vec4 v00000174f7e8fe80_0, 0, 8;
    %jmp T_26.256;
T_26.196 ;
    %pushi/vec4 28, 0, 8;
    %store/vec4 v00000174f7e8fe80_0, 0, 8;
    %jmp T_26.256;
T_26.197 ;
    %pushi/vec4 166, 0, 8;
    %store/vec4 v00000174f7e8fe80_0, 0, 8;
    %jmp T_26.256;
T_26.198 ;
    %pushi/vec4 180, 0, 8;
    %store/vec4 v00000174f7e8fe80_0, 0, 8;
    %jmp T_26.256;
T_26.199 ;
    %pushi/vec4 198, 0, 8;
    %store/vec4 v00000174f7e8fe80_0, 0, 8;
    %jmp T_26.256;
T_26.200 ;
    %pushi/vec4 232, 0, 8;
    %store/vec4 v00000174f7e8fe80_0, 0, 8;
    %jmp T_26.256;
T_26.201 ;
    %pushi/vec4 221, 0, 8;
    %store/vec4 v00000174f7e8fe80_0, 0, 8;
    %jmp T_26.256;
T_26.202 ;
    %pushi/vec4 116, 0, 8;
    %store/vec4 v00000174f7e8fe80_0, 0, 8;
    %jmp T_26.256;
T_26.203 ;
    %pushi/vec4 31, 0, 8;
    %store/vec4 v00000174f7e8fe80_0, 0, 8;
    %jmp T_26.256;
T_26.204 ;
    %pushi/vec4 75, 0, 8;
    %store/vec4 v00000174f7e8fe80_0, 0, 8;
    %jmp T_26.256;
T_26.205 ;
    %pushi/vec4 189, 0, 8;
    %store/vec4 v00000174f7e8fe80_0, 0, 8;
    %jmp T_26.256;
T_26.206 ;
    %pushi/vec4 139, 0, 8;
    %store/vec4 v00000174f7e8fe80_0, 0, 8;
    %jmp T_26.256;
T_26.207 ;
    %pushi/vec4 138, 0, 8;
    %store/vec4 v00000174f7e8fe80_0, 0, 8;
    %jmp T_26.256;
T_26.208 ;
    %pushi/vec4 112, 0, 8;
    %store/vec4 v00000174f7e8fe80_0, 0, 8;
    %jmp T_26.256;
T_26.209 ;
    %pushi/vec4 62, 0, 8;
    %store/vec4 v00000174f7e8fe80_0, 0, 8;
    %jmp T_26.256;
T_26.210 ;
    %pushi/vec4 181, 0, 8;
    %store/vec4 v00000174f7e8fe80_0, 0, 8;
    %jmp T_26.256;
T_26.211 ;
    %pushi/vec4 102, 0, 8;
    %store/vec4 v00000174f7e8fe80_0, 0, 8;
    %jmp T_26.256;
T_26.212 ;
    %pushi/vec4 72, 0, 8;
    %store/vec4 v00000174f7e8fe80_0, 0, 8;
    %jmp T_26.256;
T_26.213 ;
    %pushi/vec4 3, 0, 8;
    %store/vec4 v00000174f7e8fe80_0, 0, 8;
    %jmp T_26.256;
T_26.214 ;
    %pushi/vec4 246, 0, 8;
    %store/vec4 v00000174f7e8fe80_0, 0, 8;
    %jmp T_26.256;
T_26.215 ;
    %pushi/vec4 14, 0, 8;
    %store/vec4 v00000174f7e8fe80_0, 0, 8;
    %jmp T_26.256;
T_26.216 ;
    %pushi/vec4 97, 0, 8;
    %store/vec4 v00000174f7e8fe80_0, 0, 8;
    %jmp T_26.256;
T_26.217 ;
    %pushi/vec4 53, 0, 8;
    %store/vec4 v00000174f7e8fe80_0, 0, 8;
    %jmp T_26.256;
T_26.218 ;
    %pushi/vec4 87, 0, 8;
    %store/vec4 v00000174f7e8fe80_0, 0, 8;
    %jmp T_26.256;
T_26.219 ;
    %pushi/vec4 185, 0, 8;
    %store/vec4 v00000174f7e8fe80_0, 0, 8;
    %jmp T_26.256;
T_26.220 ;
    %pushi/vec4 134, 0, 8;
    %store/vec4 v00000174f7e8fe80_0, 0, 8;
    %jmp T_26.256;
T_26.221 ;
    %pushi/vec4 193, 0, 8;
    %store/vec4 v00000174f7e8fe80_0, 0, 8;
    %jmp T_26.256;
T_26.222 ;
    %pushi/vec4 29, 0, 8;
    %store/vec4 v00000174f7e8fe80_0, 0, 8;
    %jmp T_26.256;
T_26.223 ;
    %pushi/vec4 158, 0, 8;
    %store/vec4 v00000174f7e8fe80_0, 0, 8;
    %jmp T_26.256;
T_26.224 ;
    %pushi/vec4 225, 0, 8;
    %store/vec4 v00000174f7e8fe80_0, 0, 8;
    %jmp T_26.256;
T_26.225 ;
    %pushi/vec4 248, 0, 8;
    %store/vec4 v00000174f7e8fe80_0, 0, 8;
    %jmp T_26.256;
T_26.226 ;
    %pushi/vec4 152, 0, 8;
    %store/vec4 v00000174f7e8fe80_0, 0, 8;
    %jmp T_26.256;
T_26.227 ;
    %pushi/vec4 17, 0, 8;
    %store/vec4 v00000174f7e8fe80_0, 0, 8;
    %jmp T_26.256;
T_26.228 ;
    %pushi/vec4 105, 0, 8;
    %store/vec4 v00000174f7e8fe80_0, 0, 8;
    %jmp T_26.256;
T_26.229 ;
    %pushi/vec4 217, 0, 8;
    %store/vec4 v00000174f7e8fe80_0, 0, 8;
    %jmp T_26.256;
T_26.230 ;
    %pushi/vec4 142, 0, 8;
    %store/vec4 v00000174f7e8fe80_0, 0, 8;
    %jmp T_26.256;
T_26.231 ;
    %pushi/vec4 148, 0, 8;
    %store/vec4 v00000174f7e8fe80_0, 0, 8;
    %jmp T_26.256;
T_26.232 ;
    %pushi/vec4 155, 0, 8;
    %store/vec4 v00000174f7e8fe80_0, 0, 8;
    %jmp T_26.256;
T_26.233 ;
    %pushi/vec4 30, 0, 8;
    %store/vec4 v00000174f7e8fe80_0, 0, 8;
    %jmp T_26.256;
T_26.234 ;
    %pushi/vec4 135, 0, 8;
    %store/vec4 v00000174f7e8fe80_0, 0, 8;
    %jmp T_26.256;
T_26.235 ;
    %pushi/vec4 233, 0, 8;
    %store/vec4 v00000174f7e8fe80_0, 0, 8;
    %jmp T_26.256;
T_26.236 ;
    %pushi/vec4 206, 0, 8;
    %store/vec4 v00000174f7e8fe80_0, 0, 8;
    %jmp T_26.256;
T_26.237 ;
    %pushi/vec4 85, 0, 8;
    %store/vec4 v00000174f7e8fe80_0, 0, 8;
    %jmp T_26.256;
T_26.238 ;
    %pushi/vec4 40, 0, 8;
    %store/vec4 v00000174f7e8fe80_0, 0, 8;
    %jmp T_26.256;
T_26.239 ;
    %pushi/vec4 223, 0, 8;
    %store/vec4 v00000174f7e8fe80_0, 0, 8;
    %jmp T_26.256;
T_26.240 ;
    %pushi/vec4 140, 0, 8;
    %store/vec4 v00000174f7e8fe80_0, 0, 8;
    %jmp T_26.256;
T_26.241 ;
    %pushi/vec4 161, 0, 8;
    %store/vec4 v00000174f7e8fe80_0, 0, 8;
    %jmp T_26.256;
T_26.242 ;
    %pushi/vec4 137, 0, 8;
    %store/vec4 v00000174f7e8fe80_0, 0, 8;
    %jmp T_26.256;
T_26.243 ;
    %pushi/vec4 13, 0, 8;
    %store/vec4 v00000174f7e8fe80_0, 0, 8;
    %jmp T_26.256;
T_26.244 ;
    %pushi/vec4 191, 0, 8;
    %store/vec4 v00000174f7e8fe80_0, 0, 8;
    %jmp T_26.256;
T_26.245 ;
    %pushi/vec4 230, 0, 8;
    %store/vec4 v00000174f7e8fe80_0, 0, 8;
    %jmp T_26.256;
T_26.246 ;
    %pushi/vec4 66, 0, 8;
    %store/vec4 v00000174f7e8fe80_0, 0, 8;
    %jmp T_26.256;
T_26.247 ;
    %pushi/vec4 104, 0, 8;
    %store/vec4 v00000174f7e8fe80_0, 0, 8;
    %jmp T_26.256;
T_26.248 ;
    %pushi/vec4 65, 0, 8;
    %store/vec4 v00000174f7e8fe80_0, 0, 8;
    %jmp T_26.256;
T_26.249 ;
    %pushi/vec4 153, 0, 8;
    %store/vec4 v00000174f7e8fe80_0, 0, 8;
    %jmp T_26.256;
T_26.250 ;
    %pushi/vec4 45, 0, 8;
    %store/vec4 v00000174f7e8fe80_0, 0, 8;
    %jmp T_26.256;
T_26.251 ;
    %pushi/vec4 15, 0, 8;
    %store/vec4 v00000174f7e8fe80_0, 0, 8;
    %jmp T_26.256;
T_26.252 ;
    %pushi/vec4 176, 0, 8;
    %store/vec4 v00000174f7e8fe80_0, 0, 8;
    %jmp T_26.256;
T_26.253 ;
    %pushi/vec4 84, 0, 8;
    %store/vec4 v00000174f7e8fe80_0, 0, 8;
    %jmp T_26.256;
T_26.254 ;
    %pushi/vec4 187, 0, 8;
    %store/vec4 v00000174f7e8fe80_0, 0, 8;
    %jmp T_26.256;
T_26.255 ;
    %pushi/vec4 22, 0, 8;
    %store/vec4 v00000174f7e8fe80_0, 0, 8;
    %jmp T_26.256;
T_26.256 ;
    %pop/vec4 1;
    %jmp T_26;
    .thread T_26, $push;
    .scope S_00000174f7e93a90;
T_27 ;
    %wait E_00000174f7e06210;
    %load/vec4 v00000174f7e8f480_0;
    %dup/vec4;
    %pushi/vec4 0, 0, 8;
    %cmp/u;
    %jmp/1 T_27.0, 6;
    %dup/vec4;
    %pushi/vec4 1, 0, 8;
    %cmp/u;
    %jmp/1 T_27.1, 6;
    %dup/vec4;
    %pushi/vec4 2, 0, 8;
    %cmp/u;
    %jmp/1 T_27.2, 6;
    %dup/vec4;
    %pushi/vec4 3, 0, 8;
    %cmp/u;
    %jmp/1 T_27.3, 6;
    %dup/vec4;
    %pushi/vec4 4, 0, 8;
    %cmp/u;
    %jmp/1 T_27.4, 6;
    %dup/vec4;
    %pushi/vec4 5, 0, 8;
    %cmp/u;
    %jmp/1 T_27.5, 6;
    %dup/vec4;
    %pushi/vec4 6, 0, 8;
    %cmp/u;
    %jmp/1 T_27.6, 6;
    %dup/vec4;
    %pushi/vec4 7, 0, 8;
    %cmp/u;
    %jmp/1 T_27.7, 6;
    %dup/vec4;
    %pushi/vec4 8, 0, 8;
    %cmp/u;
    %jmp/1 T_27.8, 6;
    %dup/vec4;
    %pushi/vec4 9, 0, 8;
    %cmp/u;
    %jmp/1 T_27.9, 6;
    %dup/vec4;
    %pushi/vec4 10, 0, 8;
    %cmp/u;
    %jmp/1 T_27.10, 6;
    %dup/vec4;
    %pushi/vec4 11, 0, 8;
    %cmp/u;
    %jmp/1 T_27.11, 6;
    %dup/vec4;
    %pushi/vec4 12, 0, 8;
    %cmp/u;
    %jmp/1 T_27.12, 6;
    %dup/vec4;
    %pushi/vec4 13, 0, 8;
    %cmp/u;
    %jmp/1 T_27.13, 6;
    %dup/vec4;
    %pushi/vec4 14, 0, 8;
    %cmp/u;
    %jmp/1 T_27.14, 6;
    %dup/vec4;
    %pushi/vec4 15, 0, 8;
    %cmp/u;
    %jmp/1 T_27.15, 6;
    %dup/vec4;
    %pushi/vec4 16, 0, 8;
    %cmp/u;
    %jmp/1 T_27.16, 6;
    %dup/vec4;
    %pushi/vec4 17, 0, 8;
    %cmp/u;
    %jmp/1 T_27.17, 6;
    %dup/vec4;
    %pushi/vec4 18, 0, 8;
    %cmp/u;
    %jmp/1 T_27.18, 6;
    %dup/vec4;
    %pushi/vec4 19, 0, 8;
    %cmp/u;
    %jmp/1 T_27.19, 6;
    %dup/vec4;
    %pushi/vec4 20, 0, 8;
    %cmp/u;
    %jmp/1 T_27.20, 6;
    %dup/vec4;
    %pushi/vec4 21, 0, 8;
    %cmp/u;
    %jmp/1 T_27.21, 6;
    %dup/vec4;
    %pushi/vec4 22, 0, 8;
    %cmp/u;
    %jmp/1 T_27.22, 6;
    %dup/vec4;
    %pushi/vec4 23, 0, 8;
    %cmp/u;
    %jmp/1 T_27.23, 6;
    %dup/vec4;
    %pushi/vec4 24, 0, 8;
    %cmp/u;
    %jmp/1 T_27.24, 6;
    %dup/vec4;
    %pushi/vec4 25, 0, 8;
    %cmp/u;
    %jmp/1 T_27.25, 6;
    %dup/vec4;
    %pushi/vec4 26, 0, 8;
    %cmp/u;
    %jmp/1 T_27.26, 6;
    %dup/vec4;
    %pushi/vec4 27, 0, 8;
    %cmp/u;
    %jmp/1 T_27.27, 6;
    %dup/vec4;
    %pushi/vec4 28, 0, 8;
    %cmp/u;
    %jmp/1 T_27.28, 6;
    %dup/vec4;
    %pushi/vec4 29, 0, 8;
    %cmp/u;
    %jmp/1 T_27.29, 6;
    %dup/vec4;
    %pushi/vec4 30, 0, 8;
    %cmp/u;
    %jmp/1 T_27.30, 6;
    %dup/vec4;
    %pushi/vec4 31, 0, 8;
    %cmp/u;
    %jmp/1 T_27.31, 6;
    %dup/vec4;
    %pushi/vec4 32, 0, 8;
    %cmp/u;
    %jmp/1 T_27.32, 6;
    %dup/vec4;
    %pushi/vec4 33, 0, 8;
    %cmp/u;
    %jmp/1 T_27.33, 6;
    %dup/vec4;
    %pushi/vec4 34, 0, 8;
    %cmp/u;
    %jmp/1 T_27.34, 6;
    %dup/vec4;
    %pushi/vec4 35, 0, 8;
    %cmp/u;
    %jmp/1 T_27.35, 6;
    %dup/vec4;
    %pushi/vec4 36, 0, 8;
    %cmp/u;
    %jmp/1 T_27.36, 6;
    %dup/vec4;
    %pushi/vec4 37, 0, 8;
    %cmp/u;
    %jmp/1 T_27.37, 6;
    %dup/vec4;
    %pushi/vec4 38, 0, 8;
    %cmp/u;
    %jmp/1 T_27.38, 6;
    %dup/vec4;
    %pushi/vec4 39, 0, 8;
    %cmp/u;
    %jmp/1 T_27.39, 6;
    %dup/vec4;
    %pushi/vec4 40, 0, 8;
    %cmp/u;
    %jmp/1 T_27.40, 6;
    %dup/vec4;
    %pushi/vec4 41, 0, 8;
    %cmp/u;
    %jmp/1 T_27.41, 6;
    %dup/vec4;
    %pushi/vec4 42, 0, 8;
    %cmp/u;
    %jmp/1 T_27.42, 6;
    %dup/vec4;
    %pushi/vec4 43, 0, 8;
    %cmp/u;
    %jmp/1 T_27.43, 6;
    %dup/vec4;
    %pushi/vec4 44, 0, 8;
    %cmp/u;
    %jmp/1 T_27.44, 6;
    %dup/vec4;
    %pushi/vec4 45, 0, 8;
    %cmp/u;
    %jmp/1 T_27.45, 6;
    %dup/vec4;
    %pushi/vec4 46, 0, 8;
    %cmp/u;
    %jmp/1 T_27.46, 6;
    %dup/vec4;
    %pushi/vec4 47, 0, 8;
    %cmp/u;
    %jmp/1 T_27.47, 6;
    %dup/vec4;
    %pushi/vec4 48, 0, 8;
    %cmp/u;
    %jmp/1 T_27.48, 6;
    %dup/vec4;
    %pushi/vec4 49, 0, 8;
    %cmp/u;
    %jmp/1 T_27.49, 6;
    %dup/vec4;
    %pushi/vec4 50, 0, 8;
    %cmp/u;
    %jmp/1 T_27.50, 6;
    %dup/vec4;
    %pushi/vec4 51, 0, 8;
    %cmp/u;
    %jmp/1 T_27.51, 6;
    %dup/vec4;
    %pushi/vec4 52, 0, 8;
    %cmp/u;
    %jmp/1 T_27.52, 6;
    %dup/vec4;
    %pushi/vec4 53, 0, 8;
    %cmp/u;
    %jmp/1 T_27.53, 6;
    %dup/vec4;
    %pushi/vec4 54, 0, 8;
    %cmp/u;
    %jmp/1 T_27.54, 6;
    %dup/vec4;
    %pushi/vec4 55, 0, 8;
    %cmp/u;
    %jmp/1 T_27.55, 6;
    %dup/vec4;
    %pushi/vec4 56, 0, 8;
    %cmp/u;
    %jmp/1 T_27.56, 6;
    %dup/vec4;
    %pushi/vec4 57, 0, 8;
    %cmp/u;
    %jmp/1 T_27.57, 6;
    %dup/vec4;
    %pushi/vec4 58, 0, 8;
    %cmp/u;
    %jmp/1 T_27.58, 6;
    %dup/vec4;
    %pushi/vec4 59, 0, 8;
    %cmp/u;
    %jmp/1 T_27.59, 6;
    %dup/vec4;
    %pushi/vec4 60, 0, 8;
    %cmp/u;
    %jmp/1 T_27.60, 6;
    %dup/vec4;
    %pushi/vec4 61, 0, 8;
    %cmp/u;
    %jmp/1 T_27.61, 6;
    %dup/vec4;
    %pushi/vec4 62, 0, 8;
    %cmp/u;
    %jmp/1 T_27.62, 6;
    %dup/vec4;
    %pushi/vec4 63, 0, 8;
    %cmp/u;
    %jmp/1 T_27.63, 6;
    %dup/vec4;
    %pushi/vec4 64, 0, 8;
    %cmp/u;
    %jmp/1 T_27.64, 6;
    %dup/vec4;
    %pushi/vec4 65, 0, 8;
    %cmp/u;
    %jmp/1 T_27.65, 6;
    %dup/vec4;
    %pushi/vec4 66, 0, 8;
    %cmp/u;
    %jmp/1 T_27.66, 6;
    %dup/vec4;
    %pushi/vec4 67, 0, 8;
    %cmp/u;
    %jmp/1 T_27.67, 6;
    %dup/vec4;
    %pushi/vec4 68, 0, 8;
    %cmp/u;
    %jmp/1 T_27.68, 6;
    %dup/vec4;
    %pushi/vec4 69, 0, 8;
    %cmp/u;
    %jmp/1 T_27.69, 6;
    %dup/vec4;
    %pushi/vec4 70, 0, 8;
    %cmp/u;
    %jmp/1 T_27.70, 6;
    %dup/vec4;
    %pushi/vec4 71, 0, 8;
    %cmp/u;
    %jmp/1 T_27.71, 6;
    %dup/vec4;
    %pushi/vec4 72, 0, 8;
    %cmp/u;
    %jmp/1 T_27.72, 6;
    %dup/vec4;
    %pushi/vec4 73, 0, 8;
    %cmp/u;
    %jmp/1 T_27.73, 6;
    %dup/vec4;
    %pushi/vec4 74, 0, 8;
    %cmp/u;
    %jmp/1 T_27.74, 6;
    %dup/vec4;
    %pushi/vec4 75, 0, 8;
    %cmp/u;
    %jmp/1 T_27.75, 6;
    %dup/vec4;
    %pushi/vec4 76, 0, 8;
    %cmp/u;
    %jmp/1 T_27.76, 6;
    %dup/vec4;
    %pushi/vec4 77, 0, 8;
    %cmp/u;
    %jmp/1 T_27.77, 6;
    %dup/vec4;
    %pushi/vec4 78, 0, 8;
    %cmp/u;
    %jmp/1 T_27.78, 6;
    %dup/vec4;
    %pushi/vec4 79, 0, 8;
    %cmp/u;
    %jmp/1 T_27.79, 6;
    %dup/vec4;
    %pushi/vec4 80, 0, 8;
    %cmp/u;
    %jmp/1 T_27.80, 6;
    %dup/vec4;
    %pushi/vec4 81, 0, 8;
    %cmp/u;
    %jmp/1 T_27.81, 6;
    %dup/vec4;
    %pushi/vec4 82, 0, 8;
    %cmp/u;
    %jmp/1 T_27.82, 6;
    %dup/vec4;
    %pushi/vec4 83, 0, 8;
    %cmp/u;
    %jmp/1 T_27.83, 6;
    %dup/vec4;
    %pushi/vec4 84, 0, 8;
    %cmp/u;
    %jmp/1 T_27.84, 6;
    %dup/vec4;
    %pushi/vec4 85, 0, 8;
    %cmp/u;
    %jmp/1 T_27.85, 6;
    %dup/vec4;
    %pushi/vec4 86, 0, 8;
    %cmp/u;
    %jmp/1 T_27.86, 6;
    %dup/vec4;
    %pushi/vec4 87, 0, 8;
    %cmp/u;
    %jmp/1 T_27.87, 6;
    %dup/vec4;
    %pushi/vec4 88, 0, 8;
    %cmp/u;
    %jmp/1 T_27.88, 6;
    %dup/vec4;
    %pushi/vec4 89, 0, 8;
    %cmp/u;
    %jmp/1 T_27.89, 6;
    %dup/vec4;
    %pushi/vec4 90, 0, 8;
    %cmp/u;
    %jmp/1 T_27.90, 6;
    %dup/vec4;
    %pushi/vec4 91, 0, 8;
    %cmp/u;
    %jmp/1 T_27.91, 6;
    %dup/vec4;
    %pushi/vec4 92, 0, 8;
    %cmp/u;
    %jmp/1 T_27.92, 6;
    %dup/vec4;
    %pushi/vec4 93, 0, 8;
    %cmp/u;
    %jmp/1 T_27.93, 6;
    %dup/vec4;
    %pushi/vec4 94, 0, 8;
    %cmp/u;
    %jmp/1 T_27.94, 6;
    %dup/vec4;
    %pushi/vec4 95, 0, 8;
    %cmp/u;
    %jmp/1 T_27.95, 6;
    %dup/vec4;
    %pushi/vec4 96, 0, 8;
    %cmp/u;
    %jmp/1 T_27.96, 6;
    %dup/vec4;
    %pushi/vec4 97, 0, 8;
    %cmp/u;
    %jmp/1 T_27.97, 6;
    %dup/vec4;
    %pushi/vec4 98, 0, 8;
    %cmp/u;
    %jmp/1 T_27.98, 6;
    %dup/vec4;
    %pushi/vec4 99, 0, 8;
    %cmp/u;
    %jmp/1 T_27.99, 6;
    %dup/vec4;
    %pushi/vec4 100, 0, 8;
    %cmp/u;
    %jmp/1 T_27.100, 6;
    %dup/vec4;
    %pushi/vec4 101, 0, 8;
    %cmp/u;
    %jmp/1 T_27.101, 6;
    %dup/vec4;
    %pushi/vec4 102, 0, 8;
    %cmp/u;
    %jmp/1 T_27.102, 6;
    %dup/vec4;
    %pushi/vec4 103, 0, 8;
    %cmp/u;
    %jmp/1 T_27.103, 6;
    %dup/vec4;
    %pushi/vec4 104, 0, 8;
    %cmp/u;
    %jmp/1 T_27.104, 6;
    %dup/vec4;
    %pushi/vec4 105, 0, 8;
    %cmp/u;
    %jmp/1 T_27.105, 6;
    %dup/vec4;
    %pushi/vec4 106, 0, 8;
    %cmp/u;
    %jmp/1 T_27.106, 6;
    %dup/vec4;
    %pushi/vec4 107, 0, 8;
    %cmp/u;
    %jmp/1 T_27.107, 6;
    %dup/vec4;
    %pushi/vec4 108, 0, 8;
    %cmp/u;
    %jmp/1 T_27.108, 6;
    %dup/vec4;
    %pushi/vec4 109, 0, 8;
    %cmp/u;
    %jmp/1 T_27.109, 6;
    %dup/vec4;
    %pushi/vec4 110, 0, 8;
    %cmp/u;
    %jmp/1 T_27.110, 6;
    %dup/vec4;
    %pushi/vec4 111, 0, 8;
    %cmp/u;
    %jmp/1 T_27.111, 6;
    %dup/vec4;
    %pushi/vec4 112, 0, 8;
    %cmp/u;
    %jmp/1 T_27.112, 6;
    %dup/vec4;
    %pushi/vec4 113, 0, 8;
    %cmp/u;
    %jmp/1 T_27.113, 6;
    %dup/vec4;
    %pushi/vec4 114, 0, 8;
    %cmp/u;
    %jmp/1 T_27.114, 6;
    %dup/vec4;
    %pushi/vec4 115, 0, 8;
    %cmp/u;
    %jmp/1 T_27.115, 6;
    %dup/vec4;
    %pushi/vec4 116, 0, 8;
    %cmp/u;
    %jmp/1 T_27.116, 6;
    %dup/vec4;
    %pushi/vec4 117, 0, 8;
    %cmp/u;
    %jmp/1 T_27.117, 6;
    %dup/vec4;
    %pushi/vec4 118, 0, 8;
    %cmp/u;
    %jmp/1 T_27.118, 6;
    %dup/vec4;
    %pushi/vec4 119, 0, 8;
    %cmp/u;
    %jmp/1 T_27.119, 6;
    %dup/vec4;
    %pushi/vec4 120, 0, 8;
    %cmp/u;
    %jmp/1 T_27.120, 6;
    %dup/vec4;
    %pushi/vec4 121, 0, 8;
    %cmp/u;
    %jmp/1 T_27.121, 6;
    %dup/vec4;
    %pushi/vec4 122, 0, 8;
    %cmp/u;
    %jmp/1 T_27.122, 6;
    %dup/vec4;
    %pushi/vec4 123, 0, 8;
    %cmp/u;
    %jmp/1 T_27.123, 6;
    %dup/vec4;
    %pushi/vec4 124, 0, 8;
    %cmp/u;
    %jmp/1 T_27.124, 6;
    %dup/vec4;
    %pushi/vec4 125, 0, 8;
    %cmp/u;
    %jmp/1 T_27.125, 6;
    %dup/vec4;
    %pushi/vec4 126, 0, 8;
    %cmp/u;
    %jmp/1 T_27.126, 6;
    %dup/vec4;
    %pushi/vec4 127, 0, 8;
    %cmp/u;
    %jmp/1 T_27.127, 6;
    %dup/vec4;
    %pushi/vec4 128, 0, 8;
    %cmp/u;
    %jmp/1 T_27.128, 6;
    %dup/vec4;
    %pushi/vec4 129, 0, 8;
    %cmp/u;
    %jmp/1 T_27.129, 6;
    %dup/vec4;
    %pushi/vec4 130, 0, 8;
    %cmp/u;
    %jmp/1 T_27.130, 6;
    %dup/vec4;
    %pushi/vec4 131, 0, 8;
    %cmp/u;
    %jmp/1 T_27.131, 6;
    %dup/vec4;
    %pushi/vec4 132, 0, 8;
    %cmp/u;
    %jmp/1 T_27.132, 6;
    %dup/vec4;
    %pushi/vec4 133, 0, 8;
    %cmp/u;
    %jmp/1 T_27.133, 6;
    %dup/vec4;
    %pushi/vec4 134, 0, 8;
    %cmp/u;
    %jmp/1 T_27.134, 6;
    %dup/vec4;
    %pushi/vec4 135, 0, 8;
    %cmp/u;
    %jmp/1 T_27.135, 6;
    %dup/vec4;
    %pushi/vec4 136, 0, 8;
    %cmp/u;
    %jmp/1 T_27.136, 6;
    %dup/vec4;
    %pushi/vec4 137, 0, 8;
    %cmp/u;
    %jmp/1 T_27.137, 6;
    %dup/vec4;
    %pushi/vec4 138, 0, 8;
    %cmp/u;
    %jmp/1 T_27.138, 6;
    %dup/vec4;
    %pushi/vec4 139, 0, 8;
    %cmp/u;
    %jmp/1 T_27.139, 6;
    %dup/vec4;
    %pushi/vec4 140, 0, 8;
    %cmp/u;
    %jmp/1 T_27.140, 6;
    %dup/vec4;
    %pushi/vec4 141, 0, 8;
    %cmp/u;
    %jmp/1 T_27.141, 6;
    %dup/vec4;
    %pushi/vec4 142, 0, 8;
    %cmp/u;
    %jmp/1 T_27.142, 6;
    %dup/vec4;
    %pushi/vec4 143, 0, 8;
    %cmp/u;
    %jmp/1 T_27.143, 6;
    %dup/vec4;
    %pushi/vec4 144, 0, 8;
    %cmp/u;
    %jmp/1 T_27.144, 6;
    %dup/vec4;
    %pushi/vec4 145, 0, 8;
    %cmp/u;
    %jmp/1 T_27.145, 6;
    %dup/vec4;
    %pushi/vec4 146, 0, 8;
    %cmp/u;
    %jmp/1 T_27.146, 6;
    %dup/vec4;
    %pushi/vec4 147, 0, 8;
    %cmp/u;
    %jmp/1 T_27.147, 6;
    %dup/vec4;
    %pushi/vec4 148, 0, 8;
    %cmp/u;
    %jmp/1 T_27.148, 6;
    %dup/vec4;
    %pushi/vec4 149, 0, 8;
    %cmp/u;
    %jmp/1 T_27.149, 6;
    %dup/vec4;
    %pushi/vec4 150, 0, 8;
    %cmp/u;
    %jmp/1 T_27.150, 6;
    %dup/vec4;
    %pushi/vec4 151, 0, 8;
    %cmp/u;
    %jmp/1 T_27.151, 6;
    %dup/vec4;
    %pushi/vec4 152, 0, 8;
    %cmp/u;
    %jmp/1 T_27.152, 6;
    %dup/vec4;
    %pushi/vec4 153, 0, 8;
    %cmp/u;
    %jmp/1 T_27.153, 6;
    %dup/vec4;
    %pushi/vec4 154, 0, 8;
    %cmp/u;
    %jmp/1 T_27.154, 6;
    %dup/vec4;
    %pushi/vec4 155, 0, 8;
    %cmp/u;
    %jmp/1 T_27.155, 6;
    %dup/vec4;
    %pushi/vec4 156, 0, 8;
    %cmp/u;
    %jmp/1 T_27.156, 6;
    %dup/vec4;
    %pushi/vec4 157, 0, 8;
    %cmp/u;
    %jmp/1 T_27.157, 6;
    %dup/vec4;
    %pushi/vec4 158, 0, 8;
    %cmp/u;
    %jmp/1 T_27.158, 6;
    %dup/vec4;
    %pushi/vec4 159, 0, 8;
    %cmp/u;
    %jmp/1 T_27.159, 6;
    %dup/vec4;
    %pushi/vec4 160, 0, 8;
    %cmp/u;
    %jmp/1 T_27.160, 6;
    %dup/vec4;
    %pushi/vec4 161, 0, 8;
    %cmp/u;
    %jmp/1 T_27.161, 6;
    %dup/vec4;
    %pushi/vec4 162, 0, 8;
    %cmp/u;
    %jmp/1 T_27.162, 6;
    %dup/vec4;
    %pushi/vec4 163, 0, 8;
    %cmp/u;
    %jmp/1 T_27.163, 6;
    %dup/vec4;
    %pushi/vec4 164, 0, 8;
    %cmp/u;
    %jmp/1 T_27.164, 6;
    %dup/vec4;
    %pushi/vec4 165, 0, 8;
    %cmp/u;
    %jmp/1 T_27.165, 6;
    %dup/vec4;
    %pushi/vec4 166, 0, 8;
    %cmp/u;
    %jmp/1 T_27.166, 6;
    %dup/vec4;
    %pushi/vec4 167, 0, 8;
    %cmp/u;
    %jmp/1 T_27.167, 6;
    %dup/vec4;
    %pushi/vec4 168, 0, 8;
    %cmp/u;
    %jmp/1 T_27.168, 6;
    %dup/vec4;
    %pushi/vec4 169, 0, 8;
    %cmp/u;
    %jmp/1 T_27.169, 6;
    %dup/vec4;
    %pushi/vec4 170, 0, 8;
    %cmp/u;
    %jmp/1 T_27.170, 6;
    %dup/vec4;
    %pushi/vec4 171, 0, 8;
    %cmp/u;
    %jmp/1 T_27.171, 6;
    %dup/vec4;
    %pushi/vec4 172, 0, 8;
    %cmp/u;
    %jmp/1 T_27.172, 6;
    %dup/vec4;
    %pushi/vec4 173, 0, 8;
    %cmp/u;
    %jmp/1 T_27.173, 6;
    %dup/vec4;
    %pushi/vec4 174, 0, 8;
    %cmp/u;
    %jmp/1 T_27.174, 6;
    %dup/vec4;
    %pushi/vec4 175, 0, 8;
    %cmp/u;
    %jmp/1 T_27.175, 6;
    %dup/vec4;
    %pushi/vec4 176, 0, 8;
    %cmp/u;
    %jmp/1 T_27.176, 6;
    %dup/vec4;
    %pushi/vec4 177, 0, 8;
    %cmp/u;
    %jmp/1 T_27.177, 6;
    %dup/vec4;
    %pushi/vec4 178, 0, 8;
    %cmp/u;
    %jmp/1 T_27.178, 6;
    %dup/vec4;
    %pushi/vec4 179, 0, 8;
    %cmp/u;
    %jmp/1 T_27.179, 6;
    %dup/vec4;
    %pushi/vec4 180, 0, 8;
    %cmp/u;
    %jmp/1 T_27.180, 6;
    %dup/vec4;
    %pushi/vec4 181, 0, 8;
    %cmp/u;
    %jmp/1 T_27.181, 6;
    %dup/vec4;
    %pushi/vec4 182, 0, 8;
    %cmp/u;
    %jmp/1 T_27.182, 6;
    %dup/vec4;
    %pushi/vec4 183, 0, 8;
    %cmp/u;
    %jmp/1 T_27.183, 6;
    %dup/vec4;
    %pushi/vec4 184, 0, 8;
    %cmp/u;
    %jmp/1 T_27.184, 6;
    %dup/vec4;
    %pushi/vec4 185, 0, 8;
    %cmp/u;
    %jmp/1 T_27.185, 6;
    %dup/vec4;
    %pushi/vec4 186, 0, 8;
    %cmp/u;
    %jmp/1 T_27.186, 6;
    %dup/vec4;
    %pushi/vec4 187, 0, 8;
    %cmp/u;
    %jmp/1 T_27.187, 6;
    %dup/vec4;
    %pushi/vec4 188, 0, 8;
    %cmp/u;
    %jmp/1 T_27.188, 6;
    %dup/vec4;
    %pushi/vec4 189, 0, 8;
    %cmp/u;
    %jmp/1 T_27.189, 6;
    %dup/vec4;
    %pushi/vec4 190, 0, 8;
    %cmp/u;
    %jmp/1 T_27.190, 6;
    %dup/vec4;
    %pushi/vec4 191, 0, 8;
    %cmp/u;
    %jmp/1 T_27.191, 6;
    %dup/vec4;
    %pushi/vec4 192, 0, 8;
    %cmp/u;
    %jmp/1 T_27.192, 6;
    %dup/vec4;
    %pushi/vec4 193, 0, 8;
    %cmp/u;
    %jmp/1 T_27.193, 6;
    %dup/vec4;
    %pushi/vec4 194, 0, 8;
    %cmp/u;
    %jmp/1 T_27.194, 6;
    %dup/vec4;
    %pushi/vec4 195, 0, 8;
    %cmp/u;
    %jmp/1 T_27.195, 6;
    %dup/vec4;
    %pushi/vec4 196, 0, 8;
    %cmp/u;
    %jmp/1 T_27.196, 6;
    %dup/vec4;
    %pushi/vec4 197, 0, 8;
    %cmp/u;
    %jmp/1 T_27.197, 6;
    %dup/vec4;
    %pushi/vec4 198, 0, 8;
    %cmp/u;
    %jmp/1 T_27.198, 6;
    %dup/vec4;
    %pushi/vec4 199, 0, 8;
    %cmp/u;
    %jmp/1 T_27.199, 6;
    %dup/vec4;
    %pushi/vec4 200, 0, 8;
    %cmp/u;
    %jmp/1 T_27.200, 6;
    %dup/vec4;
    %pushi/vec4 201, 0, 8;
    %cmp/u;
    %jmp/1 T_27.201, 6;
    %dup/vec4;
    %pushi/vec4 202, 0, 8;
    %cmp/u;
    %jmp/1 T_27.202, 6;
    %dup/vec4;
    %pushi/vec4 203, 0, 8;
    %cmp/u;
    %jmp/1 T_27.203, 6;
    %dup/vec4;
    %pushi/vec4 204, 0, 8;
    %cmp/u;
    %jmp/1 T_27.204, 6;
    %dup/vec4;
    %pushi/vec4 205, 0, 8;
    %cmp/u;
    %jmp/1 T_27.205, 6;
    %dup/vec4;
    %pushi/vec4 206, 0, 8;
    %cmp/u;
    %jmp/1 T_27.206, 6;
    %dup/vec4;
    %pushi/vec4 207, 0, 8;
    %cmp/u;
    %jmp/1 T_27.207, 6;
    %dup/vec4;
    %pushi/vec4 208, 0, 8;
    %cmp/u;
    %jmp/1 T_27.208, 6;
    %dup/vec4;
    %pushi/vec4 209, 0, 8;
    %cmp/u;
    %jmp/1 T_27.209, 6;
    %dup/vec4;
    %pushi/vec4 210, 0, 8;
    %cmp/u;
    %jmp/1 T_27.210, 6;
    %dup/vec4;
    %pushi/vec4 211, 0, 8;
    %cmp/u;
    %jmp/1 T_27.211, 6;
    %dup/vec4;
    %pushi/vec4 212, 0, 8;
    %cmp/u;
    %jmp/1 T_27.212, 6;
    %dup/vec4;
    %pushi/vec4 213, 0, 8;
    %cmp/u;
    %jmp/1 T_27.213, 6;
    %dup/vec4;
    %pushi/vec4 214, 0, 8;
    %cmp/u;
    %jmp/1 T_27.214, 6;
    %dup/vec4;
    %pushi/vec4 215, 0, 8;
    %cmp/u;
    %jmp/1 T_27.215, 6;
    %dup/vec4;
    %pushi/vec4 216, 0, 8;
    %cmp/u;
    %jmp/1 T_27.216, 6;
    %dup/vec4;
    %pushi/vec4 217, 0, 8;
    %cmp/u;
    %jmp/1 T_27.217, 6;
    %dup/vec4;
    %pushi/vec4 218, 0, 8;
    %cmp/u;
    %jmp/1 T_27.218, 6;
    %dup/vec4;
    %pushi/vec4 219, 0, 8;
    %cmp/u;
    %jmp/1 T_27.219, 6;
    %dup/vec4;
    %pushi/vec4 220, 0, 8;
    %cmp/u;
    %jmp/1 T_27.220, 6;
    %dup/vec4;
    %pushi/vec4 221, 0, 8;
    %cmp/u;
    %jmp/1 T_27.221, 6;
    %dup/vec4;
    %pushi/vec4 222, 0, 8;
    %cmp/u;
    %jmp/1 T_27.222, 6;
    %dup/vec4;
    %pushi/vec4 223, 0, 8;
    %cmp/u;
    %jmp/1 T_27.223, 6;
    %dup/vec4;
    %pushi/vec4 224, 0, 8;
    %cmp/u;
    %jmp/1 T_27.224, 6;
    %dup/vec4;
    %pushi/vec4 225, 0, 8;
    %cmp/u;
    %jmp/1 T_27.225, 6;
    %dup/vec4;
    %pushi/vec4 226, 0, 8;
    %cmp/u;
    %jmp/1 T_27.226, 6;
    %dup/vec4;
    %pushi/vec4 227, 0, 8;
    %cmp/u;
    %jmp/1 T_27.227, 6;
    %dup/vec4;
    %pushi/vec4 228, 0, 8;
    %cmp/u;
    %jmp/1 T_27.228, 6;
    %dup/vec4;
    %pushi/vec4 229, 0, 8;
    %cmp/u;
    %jmp/1 T_27.229, 6;
    %dup/vec4;
    %pushi/vec4 230, 0, 8;
    %cmp/u;
    %jmp/1 T_27.230, 6;
    %dup/vec4;
    %pushi/vec4 231, 0, 8;
    %cmp/u;
    %jmp/1 T_27.231, 6;
    %dup/vec4;
    %pushi/vec4 232, 0, 8;
    %cmp/u;
    %jmp/1 T_27.232, 6;
    %dup/vec4;
    %pushi/vec4 233, 0, 8;
    %cmp/u;
    %jmp/1 T_27.233, 6;
    %dup/vec4;
    %pushi/vec4 234, 0, 8;
    %cmp/u;
    %jmp/1 T_27.234, 6;
    %dup/vec4;
    %pushi/vec4 235, 0, 8;
    %cmp/u;
    %jmp/1 T_27.235, 6;
    %dup/vec4;
    %pushi/vec4 236, 0, 8;
    %cmp/u;
    %jmp/1 T_27.236, 6;
    %dup/vec4;
    %pushi/vec4 237, 0, 8;
    %cmp/u;
    %jmp/1 T_27.237, 6;
    %dup/vec4;
    %pushi/vec4 238, 0, 8;
    %cmp/u;
    %jmp/1 T_27.238, 6;
    %dup/vec4;
    %pushi/vec4 239, 0, 8;
    %cmp/u;
    %jmp/1 T_27.239, 6;
    %dup/vec4;
    %pushi/vec4 240, 0, 8;
    %cmp/u;
    %jmp/1 T_27.240, 6;
    %dup/vec4;
    %pushi/vec4 241, 0, 8;
    %cmp/u;
    %jmp/1 T_27.241, 6;
    %dup/vec4;
    %pushi/vec4 242, 0, 8;
    %cmp/u;
    %jmp/1 T_27.242, 6;
    %dup/vec4;
    %pushi/vec4 243, 0, 8;
    %cmp/u;
    %jmp/1 T_27.243, 6;
    %dup/vec4;
    %pushi/vec4 244, 0, 8;
    %cmp/u;
    %jmp/1 T_27.244, 6;
    %dup/vec4;
    %pushi/vec4 245, 0, 8;
    %cmp/u;
    %jmp/1 T_27.245, 6;
    %dup/vec4;
    %pushi/vec4 246, 0, 8;
    %cmp/u;
    %jmp/1 T_27.246, 6;
    %dup/vec4;
    %pushi/vec4 247, 0, 8;
    %cmp/u;
    %jmp/1 T_27.247, 6;
    %dup/vec4;
    %pushi/vec4 248, 0, 8;
    %cmp/u;
    %jmp/1 T_27.248, 6;
    %dup/vec4;
    %pushi/vec4 249, 0, 8;
    %cmp/u;
    %jmp/1 T_27.249, 6;
    %dup/vec4;
    %pushi/vec4 250, 0, 8;
    %cmp/u;
    %jmp/1 T_27.250, 6;
    %dup/vec4;
    %pushi/vec4 251, 0, 8;
    %cmp/u;
    %jmp/1 T_27.251, 6;
    %dup/vec4;
    %pushi/vec4 252, 0, 8;
    %cmp/u;
    %jmp/1 T_27.252, 6;
    %dup/vec4;
    %pushi/vec4 253, 0, 8;
    %cmp/u;
    %jmp/1 T_27.253, 6;
    %dup/vec4;
    %pushi/vec4 254, 0, 8;
    %cmp/u;
    %jmp/1 T_27.254, 6;
    %dup/vec4;
    %pushi/vec4 255, 0, 8;
    %cmp/u;
    %jmp/1 T_27.255, 6;
    %jmp T_27.256;
T_27.0 ;
    %pushi/vec4 99, 0, 8;
    %store/vec4 v00000174f7e8e1c0_0, 0, 8;
    %jmp T_27.256;
T_27.1 ;
    %pushi/vec4 124, 0, 8;
    %store/vec4 v00000174f7e8e1c0_0, 0, 8;
    %jmp T_27.256;
T_27.2 ;
    %pushi/vec4 119, 0, 8;
    %store/vec4 v00000174f7e8e1c0_0, 0, 8;
    %jmp T_27.256;
T_27.3 ;
    %pushi/vec4 123, 0, 8;
    %store/vec4 v00000174f7e8e1c0_0, 0, 8;
    %jmp T_27.256;
T_27.4 ;
    %pushi/vec4 242, 0, 8;
    %store/vec4 v00000174f7e8e1c0_0, 0, 8;
    %jmp T_27.256;
T_27.5 ;
    %pushi/vec4 107, 0, 8;
    %store/vec4 v00000174f7e8e1c0_0, 0, 8;
    %jmp T_27.256;
T_27.6 ;
    %pushi/vec4 111, 0, 8;
    %store/vec4 v00000174f7e8e1c0_0, 0, 8;
    %jmp T_27.256;
T_27.7 ;
    %pushi/vec4 197, 0, 8;
    %store/vec4 v00000174f7e8e1c0_0, 0, 8;
    %jmp T_27.256;
T_27.8 ;
    %pushi/vec4 48, 0, 8;
    %store/vec4 v00000174f7e8e1c0_0, 0, 8;
    %jmp T_27.256;
T_27.9 ;
    %pushi/vec4 1, 0, 8;
    %store/vec4 v00000174f7e8e1c0_0, 0, 8;
    %jmp T_27.256;
T_27.10 ;
    %pushi/vec4 103, 0, 8;
    %store/vec4 v00000174f7e8e1c0_0, 0, 8;
    %jmp T_27.256;
T_27.11 ;
    %pushi/vec4 43, 0, 8;
    %store/vec4 v00000174f7e8e1c0_0, 0, 8;
    %jmp T_27.256;
T_27.12 ;
    %pushi/vec4 254, 0, 8;
    %store/vec4 v00000174f7e8e1c0_0, 0, 8;
    %jmp T_27.256;
T_27.13 ;
    %pushi/vec4 215, 0, 8;
    %store/vec4 v00000174f7e8e1c0_0, 0, 8;
    %jmp T_27.256;
T_27.14 ;
    %pushi/vec4 171, 0, 8;
    %store/vec4 v00000174f7e8e1c0_0, 0, 8;
    %jmp T_27.256;
T_27.15 ;
    %pushi/vec4 118, 0, 8;
    %store/vec4 v00000174f7e8e1c0_0, 0, 8;
    %jmp T_27.256;
T_27.16 ;
    %pushi/vec4 202, 0, 8;
    %store/vec4 v00000174f7e8e1c0_0, 0, 8;
    %jmp T_27.256;
T_27.17 ;
    %pushi/vec4 130, 0, 8;
    %store/vec4 v00000174f7e8e1c0_0, 0, 8;
    %jmp T_27.256;
T_27.18 ;
    %pushi/vec4 201, 0, 8;
    %store/vec4 v00000174f7e8e1c0_0, 0, 8;
    %jmp T_27.256;
T_27.19 ;
    %pushi/vec4 125, 0, 8;
    %store/vec4 v00000174f7e8e1c0_0, 0, 8;
    %jmp T_27.256;
T_27.20 ;
    %pushi/vec4 250, 0, 8;
    %store/vec4 v00000174f7e8e1c0_0, 0, 8;
    %jmp T_27.256;
T_27.21 ;
    %pushi/vec4 89, 0, 8;
    %store/vec4 v00000174f7e8e1c0_0, 0, 8;
    %jmp T_27.256;
T_27.22 ;
    %pushi/vec4 71, 0, 8;
    %store/vec4 v00000174f7e8e1c0_0, 0, 8;
    %jmp T_27.256;
T_27.23 ;
    %pushi/vec4 240, 0, 8;
    %store/vec4 v00000174f7e8e1c0_0, 0, 8;
    %jmp T_27.256;
T_27.24 ;
    %pushi/vec4 173, 0, 8;
    %store/vec4 v00000174f7e8e1c0_0, 0, 8;
    %jmp T_27.256;
T_27.25 ;
    %pushi/vec4 212, 0, 8;
    %store/vec4 v00000174f7e8e1c0_0, 0, 8;
    %jmp T_27.256;
T_27.26 ;
    %pushi/vec4 162, 0, 8;
    %store/vec4 v00000174f7e8e1c0_0, 0, 8;
    %jmp T_27.256;
T_27.27 ;
    %pushi/vec4 175, 0, 8;
    %store/vec4 v00000174f7e8e1c0_0, 0, 8;
    %jmp T_27.256;
T_27.28 ;
    %pushi/vec4 156, 0, 8;
    %store/vec4 v00000174f7e8e1c0_0, 0, 8;
    %jmp T_27.256;
T_27.29 ;
    %pushi/vec4 164, 0, 8;
    %store/vec4 v00000174f7e8e1c0_0, 0, 8;
    %jmp T_27.256;
T_27.30 ;
    %pushi/vec4 114, 0, 8;
    %store/vec4 v00000174f7e8e1c0_0, 0, 8;
    %jmp T_27.256;
T_27.31 ;
    %pushi/vec4 192, 0, 8;
    %store/vec4 v00000174f7e8e1c0_0, 0, 8;
    %jmp T_27.256;
T_27.32 ;
    %pushi/vec4 183, 0, 8;
    %store/vec4 v00000174f7e8e1c0_0, 0, 8;
    %jmp T_27.256;
T_27.33 ;
    %pushi/vec4 253, 0, 8;
    %store/vec4 v00000174f7e8e1c0_0, 0, 8;
    %jmp T_27.256;
T_27.34 ;
    %pushi/vec4 147, 0, 8;
    %store/vec4 v00000174f7e8e1c0_0, 0, 8;
    %jmp T_27.256;
T_27.35 ;
    %pushi/vec4 38, 0, 8;
    %store/vec4 v00000174f7e8e1c0_0, 0, 8;
    %jmp T_27.256;
T_27.36 ;
    %pushi/vec4 54, 0, 8;
    %store/vec4 v00000174f7e8e1c0_0, 0, 8;
    %jmp T_27.256;
T_27.37 ;
    %pushi/vec4 63, 0, 8;
    %store/vec4 v00000174f7e8e1c0_0, 0, 8;
    %jmp T_27.256;
T_27.38 ;
    %pushi/vec4 247, 0, 8;
    %store/vec4 v00000174f7e8e1c0_0, 0, 8;
    %jmp T_27.256;
T_27.39 ;
    %pushi/vec4 204, 0, 8;
    %store/vec4 v00000174f7e8e1c0_0, 0, 8;
    %jmp T_27.256;
T_27.40 ;
    %pushi/vec4 52, 0, 8;
    %store/vec4 v00000174f7e8e1c0_0, 0, 8;
    %jmp T_27.256;
T_27.41 ;
    %pushi/vec4 165, 0, 8;
    %store/vec4 v00000174f7e8e1c0_0, 0, 8;
    %jmp T_27.256;
T_27.42 ;
    %pushi/vec4 229, 0, 8;
    %store/vec4 v00000174f7e8e1c0_0, 0, 8;
    %jmp T_27.256;
T_27.43 ;
    %pushi/vec4 241, 0, 8;
    %store/vec4 v00000174f7e8e1c0_0, 0, 8;
    %jmp T_27.256;
T_27.44 ;
    %pushi/vec4 113, 0, 8;
    %store/vec4 v00000174f7e8e1c0_0, 0, 8;
    %jmp T_27.256;
T_27.45 ;
    %pushi/vec4 216, 0, 8;
    %store/vec4 v00000174f7e8e1c0_0, 0, 8;
    %jmp T_27.256;
T_27.46 ;
    %pushi/vec4 49, 0, 8;
    %store/vec4 v00000174f7e8e1c0_0, 0, 8;
    %jmp T_27.256;
T_27.47 ;
    %pushi/vec4 21, 0, 8;
    %store/vec4 v00000174f7e8e1c0_0, 0, 8;
    %jmp T_27.256;
T_27.48 ;
    %pushi/vec4 4, 0, 8;
    %store/vec4 v00000174f7e8e1c0_0, 0, 8;
    %jmp T_27.256;
T_27.49 ;
    %pushi/vec4 199, 0, 8;
    %store/vec4 v00000174f7e8e1c0_0, 0, 8;
    %jmp T_27.256;
T_27.50 ;
    %pushi/vec4 35, 0, 8;
    %store/vec4 v00000174f7e8e1c0_0, 0, 8;
    %jmp T_27.256;
T_27.51 ;
    %pushi/vec4 195, 0, 8;
    %store/vec4 v00000174f7e8e1c0_0, 0, 8;
    %jmp T_27.256;
T_27.52 ;
    %pushi/vec4 24, 0, 8;
    %store/vec4 v00000174f7e8e1c0_0, 0, 8;
    %jmp T_27.256;
T_27.53 ;
    %pushi/vec4 150, 0, 8;
    %store/vec4 v00000174f7e8e1c0_0, 0, 8;
    %jmp T_27.256;
T_27.54 ;
    %pushi/vec4 5, 0, 8;
    %store/vec4 v00000174f7e8e1c0_0, 0, 8;
    %jmp T_27.256;
T_27.55 ;
    %pushi/vec4 154, 0, 8;
    %store/vec4 v00000174f7e8e1c0_0, 0, 8;
    %jmp T_27.256;
T_27.56 ;
    %pushi/vec4 7, 0, 8;
    %store/vec4 v00000174f7e8e1c0_0, 0, 8;
    %jmp T_27.256;
T_27.57 ;
    %pushi/vec4 18, 0, 8;
    %store/vec4 v00000174f7e8e1c0_0, 0, 8;
    %jmp T_27.256;
T_27.58 ;
    %pushi/vec4 128, 0, 8;
    %store/vec4 v00000174f7e8e1c0_0, 0, 8;
    %jmp T_27.256;
T_27.59 ;
    %pushi/vec4 226, 0, 8;
    %store/vec4 v00000174f7e8e1c0_0, 0, 8;
    %jmp T_27.256;
T_27.60 ;
    %pushi/vec4 235, 0, 8;
    %store/vec4 v00000174f7e8e1c0_0, 0, 8;
    %jmp T_27.256;
T_27.61 ;
    %pushi/vec4 39, 0, 8;
    %store/vec4 v00000174f7e8e1c0_0, 0, 8;
    %jmp T_27.256;
T_27.62 ;
    %pushi/vec4 178, 0, 8;
    %store/vec4 v00000174f7e8e1c0_0, 0, 8;
    %jmp T_27.256;
T_27.63 ;
    %pushi/vec4 117, 0, 8;
    %store/vec4 v00000174f7e8e1c0_0, 0, 8;
    %jmp T_27.256;
T_27.64 ;
    %pushi/vec4 9, 0, 8;
    %store/vec4 v00000174f7e8e1c0_0, 0, 8;
    %jmp T_27.256;
T_27.65 ;
    %pushi/vec4 131, 0, 8;
    %store/vec4 v00000174f7e8e1c0_0, 0, 8;
    %jmp T_27.256;
T_27.66 ;
    %pushi/vec4 44, 0, 8;
    %store/vec4 v00000174f7e8e1c0_0, 0, 8;
    %jmp T_27.256;
T_27.67 ;
    %pushi/vec4 26, 0, 8;
    %store/vec4 v00000174f7e8e1c0_0, 0, 8;
    %jmp T_27.256;
T_27.68 ;
    %pushi/vec4 27, 0, 8;
    %store/vec4 v00000174f7e8e1c0_0, 0, 8;
    %jmp T_27.256;
T_27.69 ;
    %pushi/vec4 110, 0, 8;
    %store/vec4 v00000174f7e8e1c0_0, 0, 8;
    %jmp T_27.256;
T_27.70 ;
    %pushi/vec4 90, 0, 8;
    %store/vec4 v00000174f7e8e1c0_0, 0, 8;
    %jmp T_27.256;
T_27.71 ;
    %pushi/vec4 160, 0, 8;
    %store/vec4 v00000174f7e8e1c0_0, 0, 8;
    %jmp T_27.256;
T_27.72 ;
    %pushi/vec4 82, 0, 8;
    %store/vec4 v00000174f7e8e1c0_0, 0, 8;
    %jmp T_27.256;
T_27.73 ;
    %pushi/vec4 59, 0, 8;
    %store/vec4 v00000174f7e8e1c0_0, 0, 8;
    %jmp T_27.256;
T_27.74 ;
    %pushi/vec4 214, 0, 8;
    %store/vec4 v00000174f7e8e1c0_0, 0, 8;
    %jmp T_27.256;
T_27.75 ;
    %pushi/vec4 179, 0, 8;
    %store/vec4 v00000174f7e8e1c0_0, 0, 8;
    %jmp T_27.256;
T_27.76 ;
    %pushi/vec4 41, 0, 8;
    %store/vec4 v00000174f7e8e1c0_0, 0, 8;
    %jmp T_27.256;
T_27.77 ;
    %pushi/vec4 227, 0, 8;
    %store/vec4 v00000174f7e8e1c0_0, 0, 8;
    %jmp T_27.256;
T_27.78 ;
    %pushi/vec4 47, 0, 8;
    %store/vec4 v00000174f7e8e1c0_0, 0, 8;
    %jmp T_27.256;
T_27.79 ;
    %pushi/vec4 132, 0, 8;
    %store/vec4 v00000174f7e8e1c0_0, 0, 8;
    %jmp T_27.256;
T_27.80 ;
    %pushi/vec4 83, 0, 8;
    %store/vec4 v00000174f7e8e1c0_0, 0, 8;
    %jmp T_27.256;
T_27.81 ;
    %pushi/vec4 209, 0, 8;
    %store/vec4 v00000174f7e8e1c0_0, 0, 8;
    %jmp T_27.256;
T_27.82 ;
    %pushi/vec4 0, 0, 8;
    %store/vec4 v00000174f7e8e1c0_0, 0, 8;
    %jmp T_27.256;
T_27.83 ;
    %pushi/vec4 237, 0, 8;
    %store/vec4 v00000174f7e8e1c0_0, 0, 8;
    %jmp T_27.256;
T_27.84 ;
    %pushi/vec4 32, 0, 8;
    %store/vec4 v00000174f7e8e1c0_0, 0, 8;
    %jmp T_27.256;
T_27.85 ;
    %pushi/vec4 252, 0, 8;
    %store/vec4 v00000174f7e8e1c0_0, 0, 8;
    %jmp T_27.256;
T_27.86 ;
    %pushi/vec4 177, 0, 8;
    %store/vec4 v00000174f7e8e1c0_0, 0, 8;
    %jmp T_27.256;
T_27.87 ;
    %pushi/vec4 91, 0, 8;
    %store/vec4 v00000174f7e8e1c0_0, 0, 8;
    %jmp T_27.256;
T_27.88 ;
    %pushi/vec4 106, 0, 8;
    %store/vec4 v00000174f7e8e1c0_0, 0, 8;
    %jmp T_27.256;
T_27.89 ;
    %pushi/vec4 203, 0, 8;
    %store/vec4 v00000174f7e8e1c0_0, 0, 8;
    %jmp T_27.256;
T_27.90 ;
    %pushi/vec4 190, 0, 8;
    %store/vec4 v00000174f7e8e1c0_0, 0, 8;
    %jmp T_27.256;
T_27.91 ;
    %pushi/vec4 57, 0, 8;
    %store/vec4 v00000174f7e8e1c0_0, 0, 8;
    %jmp T_27.256;
T_27.92 ;
    %pushi/vec4 74, 0, 8;
    %store/vec4 v00000174f7e8e1c0_0, 0, 8;
    %jmp T_27.256;
T_27.93 ;
    %pushi/vec4 76, 0, 8;
    %store/vec4 v00000174f7e8e1c0_0, 0, 8;
    %jmp T_27.256;
T_27.94 ;
    %pushi/vec4 88, 0, 8;
    %store/vec4 v00000174f7e8e1c0_0, 0, 8;
    %jmp T_27.256;
T_27.95 ;
    %pushi/vec4 207, 0, 8;
    %store/vec4 v00000174f7e8e1c0_0, 0, 8;
    %jmp T_27.256;
T_27.96 ;
    %pushi/vec4 208, 0, 8;
    %store/vec4 v00000174f7e8e1c0_0, 0, 8;
    %jmp T_27.256;
T_27.97 ;
    %pushi/vec4 239, 0, 8;
    %store/vec4 v00000174f7e8e1c0_0, 0, 8;
    %jmp T_27.256;
T_27.98 ;
    %pushi/vec4 170, 0, 8;
    %store/vec4 v00000174f7e8e1c0_0, 0, 8;
    %jmp T_27.256;
T_27.99 ;
    %pushi/vec4 251, 0, 8;
    %store/vec4 v00000174f7e8e1c0_0, 0, 8;
    %jmp T_27.256;
T_27.100 ;
    %pushi/vec4 67, 0, 8;
    %store/vec4 v00000174f7e8e1c0_0, 0, 8;
    %jmp T_27.256;
T_27.101 ;
    %pushi/vec4 77, 0, 8;
    %store/vec4 v00000174f7e8e1c0_0, 0, 8;
    %jmp T_27.256;
T_27.102 ;
    %pushi/vec4 51, 0, 8;
    %store/vec4 v00000174f7e8e1c0_0, 0, 8;
    %jmp T_27.256;
T_27.103 ;
    %pushi/vec4 133, 0, 8;
    %store/vec4 v00000174f7e8e1c0_0, 0, 8;
    %jmp T_27.256;
T_27.104 ;
    %pushi/vec4 69, 0, 8;
    %store/vec4 v00000174f7e8e1c0_0, 0, 8;
    %jmp T_27.256;
T_27.105 ;
    %pushi/vec4 249, 0, 8;
    %store/vec4 v00000174f7e8e1c0_0, 0, 8;
    %jmp T_27.256;
T_27.106 ;
    %pushi/vec4 2, 0, 8;
    %store/vec4 v00000174f7e8e1c0_0, 0, 8;
    %jmp T_27.256;
T_27.107 ;
    %pushi/vec4 127, 0, 8;
    %store/vec4 v00000174f7e8e1c0_0, 0, 8;
    %jmp T_27.256;
T_27.108 ;
    %pushi/vec4 80, 0, 8;
    %store/vec4 v00000174f7e8e1c0_0, 0, 8;
    %jmp T_27.256;
T_27.109 ;
    %pushi/vec4 60, 0, 8;
    %store/vec4 v00000174f7e8e1c0_0, 0, 8;
    %jmp T_27.256;
T_27.110 ;
    %pushi/vec4 159, 0, 8;
    %store/vec4 v00000174f7e8e1c0_0, 0, 8;
    %jmp T_27.256;
T_27.111 ;
    %pushi/vec4 168, 0, 8;
    %store/vec4 v00000174f7e8e1c0_0, 0, 8;
    %jmp T_27.256;
T_27.112 ;
    %pushi/vec4 81, 0, 8;
    %store/vec4 v00000174f7e8e1c0_0, 0, 8;
    %jmp T_27.256;
T_27.113 ;
    %pushi/vec4 163, 0, 8;
    %store/vec4 v00000174f7e8e1c0_0, 0, 8;
    %jmp T_27.256;
T_27.114 ;
    %pushi/vec4 64, 0, 8;
    %store/vec4 v00000174f7e8e1c0_0, 0, 8;
    %jmp T_27.256;
T_27.115 ;
    %pushi/vec4 143, 0, 8;
    %store/vec4 v00000174f7e8e1c0_0, 0, 8;
    %jmp T_27.256;
T_27.116 ;
    %pushi/vec4 146, 0, 8;
    %store/vec4 v00000174f7e8e1c0_0, 0, 8;
    %jmp T_27.256;
T_27.117 ;
    %pushi/vec4 157, 0, 8;
    %store/vec4 v00000174f7e8e1c0_0, 0, 8;
    %jmp T_27.256;
T_27.118 ;
    %pushi/vec4 56, 0, 8;
    %store/vec4 v00000174f7e8e1c0_0, 0, 8;
    %jmp T_27.256;
T_27.119 ;
    %pushi/vec4 245, 0, 8;
    %store/vec4 v00000174f7e8e1c0_0, 0, 8;
    %jmp T_27.256;
T_27.120 ;
    %pushi/vec4 188, 0, 8;
    %store/vec4 v00000174f7e8e1c0_0, 0, 8;
    %jmp T_27.256;
T_27.121 ;
    %pushi/vec4 182, 0, 8;
    %store/vec4 v00000174f7e8e1c0_0, 0, 8;
    %jmp T_27.256;
T_27.122 ;
    %pushi/vec4 218, 0, 8;
    %store/vec4 v00000174f7e8e1c0_0, 0, 8;
    %jmp T_27.256;
T_27.123 ;
    %pushi/vec4 33, 0, 8;
    %store/vec4 v00000174f7e8e1c0_0, 0, 8;
    %jmp T_27.256;
T_27.124 ;
    %pushi/vec4 16, 0, 8;
    %store/vec4 v00000174f7e8e1c0_0, 0, 8;
    %jmp T_27.256;
T_27.125 ;
    %pushi/vec4 255, 0, 8;
    %store/vec4 v00000174f7e8e1c0_0, 0, 8;
    %jmp T_27.256;
T_27.126 ;
    %pushi/vec4 243, 0, 8;
    %store/vec4 v00000174f7e8e1c0_0, 0, 8;
    %jmp T_27.256;
T_27.127 ;
    %pushi/vec4 210, 0, 8;
    %store/vec4 v00000174f7e8e1c0_0, 0, 8;
    %jmp T_27.256;
T_27.128 ;
    %pushi/vec4 205, 0, 8;
    %store/vec4 v00000174f7e8e1c0_0, 0, 8;
    %jmp T_27.256;
T_27.129 ;
    %pushi/vec4 12, 0, 8;
    %store/vec4 v00000174f7e8e1c0_0, 0, 8;
    %jmp T_27.256;
T_27.130 ;
    %pushi/vec4 19, 0, 8;
    %store/vec4 v00000174f7e8e1c0_0, 0, 8;
    %jmp T_27.256;
T_27.131 ;
    %pushi/vec4 236, 0, 8;
    %store/vec4 v00000174f7e8e1c0_0, 0, 8;
    %jmp T_27.256;
T_27.132 ;
    %pushi/vec4 95, 0, 8;
    %store/vec4 v00000174f7e8e1c0_0, 0, 8;
    %jmp T_27.256;
T_27.133 ;
    %pushi/vec4 151, 0, 8;
    %store/vec4 v00000174f7e8e1c0_0, 0, 8;
    %jmp T_27.256;
T_27.134 ;
    %pushi/vec4 68, 0, 8;
    %store/vec4 v00000174f7e8e1c0_0, 0, 8;
    %jmp T_27.256;
T_27.135 ;
    %pushi/vec4 23, 0, 8;
    %store/vec4 v00000174f7e8e1c0_0, 0, 8;
    %jmp T_27.256;
T_27.136 ;
    %pushi/vec4 196, 0, 8;
    %store/vec4 v00000174f7e8e1c0_0, 0, 8;
    %jmp T_27.256;
T_27.137 ;
    %pushi/vec4 167, 0, 8;
    %store/vec4 v00000174f7e8e1c0_0, 0, 8;
    %jmp T_27.256;
T_27.138 ;
    %pushi/vec4 126, 0, 8;
    %store/vec4 v00000174f7e8e1c0_0, 0, 8;
    %jmp T_27.256;
T_27.139 ;
    %pushi/vec4 61, 0, 8;
    %store/vec4 v00000174f7e8e1c0_0, 0, 8;
    %jmp T_27.256;
T_27.140 ;
    %pushi/vec4 100, 0, 8;
    %store/vec4 v00000174f7e8e1c0_0, 0, 8;
    %jmp T_27.256;
T_27.141 ;
    %pushi/vec4 93, 0, 8;
    %store/vec4 v00000174f7e8e1c0_0, 0, 8;
    %jmp T_27.256;
T_27.142 ;
    %pushi/vec4 25, 0, 8;
    %store/vec4 v00000174f7e8e1c0_0, 0, 8;
    %jmp T_27.256;
T_27.143 ;
    %pushi/vec4 115, 0, 8;
    %store/vec4 v00000174f7e8e1c0_0, 0, 8;
    %jmp T_27.256;
T_27.144 ;
    %pushi/vec4 96, 0, 8;
    %store/vec4 v00000174f7e8e1c0_0, 0, 8;
    %jmp T_27.256;
T_27.145 ;
    %pushi/vec4 129, 0, 8;
    %store/vec4 v00000174f7e8e1c0_0, 0, 8;
    %jmp T_27.256;
T_27.146 ;
    %pushi/vec4 79, 0, 8;
    %store/vec4 v00000174f7e8e1c0_0, 0, 8;
    %jmp T_27.256;
T_27.147 ;
    %pushi/vec4 220, 0, 8;
    %store/vec4 v00000174f7e8e1c0_0, 0, 8;
    %jmp T_27.256;
T_27.148 ;
    %pushi/vec4 34, 0, 8;
    %store/vec4 v00000174f7e8e1c0_0, 0, 8;
    %jmp T_27.256;
T_27.149 ;
    %pushi/vec4 42, 0, 8;
    %store/vec4 v00000174f7e8e1c0_0, 0, 8;
    %jmp T_27.256;
T_27.150 ;
    %pushi/vec4 144, 0, 8;
    %store/vec4 v00000174f7e8e1c0_0, 0, 8;
    %jmp T_27.256;
T_27.151 ;
    %pushi/vec4 136, 0, 8;
    %store/vec4 v00000174f7e8e1c0_0, 0, 8;
    %jmp T_27.256;
T_27.152 ;
    %pushi/vec4 70, 0, 8;
    %store/vec4 v00000174f7e8e1c0_0, 0, 8;
    %jmp T_27.256;
T_27.153 ;
    %pushi/vec4 238, 0, 8;
    %store/vec4 v00000174f7e8e1c0_0, 0, 8;
    %jmp T_27.256;
T_27.154 ;
    %pushi/vec4 184, 0, 8;
    %store/vec4 v00000174f7e8e1c0_0, 0, 8;
    %jmp T_27.256;
T_27.155 ;
    %pushi/vec4 20, 0, 8;
    %store/vec4 v00000174f7e8e1c0_0, 0, 8;
    %jmp T_27.256;
T_27.156 ;
    %pushi/vec4 222, 0, 8;
    %store/vec4 v00000174f7e8e1c0_0, 0, 8;
    %jmp T_27.256;
T_27.157 ;
    %pushi/vec4 94, 0, 8;
    %store/vec4 v00000174f7e8e1c0_0, 0, 8;
    %jmp T_27.256;
T_27.158 ;
    %pushi/vec4 11, 0, 8;
    %store/vec4 v00000174f7e8e1c0_0, 0, 8;
    %jmp T_27.256;
T_27.159 ;
    %pushi/vec4 219, 0, 8;
    %store/vec4 v00000174f7e8e1c0_0, 0, 8;
    %jmp T_27.256;
T_27.160 ;
    %pushi/vec4 224, 0, 8;
    %store/vec4 v00000174f7e8e1c0_0, 0, 8;
    %jmp T_27.256;
T_27.161 ;
    %pushi/vec4 50, 0, 8;
    %store/vec4 v00000174f7e8e1c0_0, 0, 8;
    %jmp T_27.256;
T_27.162 ;
    %pushi/vec4 58, 0, 8;
    %store/vec4 v00000174f7e8e1c0_0, 0, 8;
    %jmp T_27.256;
T_27.163 ;
    %pushi/vec4 10, 0, 8;
    %store/vec4 v00000174f7e8e1c0_0, 0, 8;
    %jmp T_27.256;
T_27.164 ;
    %pushi/vec4 73, 0, 8;
    %store/vec4 v00000174f7e8e1c0_0, 0, 8;
    %jmp T_27.256;
T_27.165 ;
    %pushi/vec4 6, 0, 8;
    %store/vec4 v00000174f7e8e1c0_0, 0, 8;
    %jmp T_27.256;
T_27.166 ;
    %pushi/vec4 36, 0, 8;
    %store/vec4 v00000174f7e8e1c0_0, 0, 8;
    %jmp T_27.256;
T_27.167 ;
    %pushi/vec4 92, 0, 8;
    %store/vec4 v00000174f7e8e1c0_0, 0, 8;
    %jmp T_27.256;
T_27.168 ;
    %pushi/vec4 194, 0, 8;
    %store/vec4 v00000174f7e8e1c0_0, 0, 8;
    %jmp T_27.256;
T_27.169 ;
    %pushi/vec4 211, 0, 8;
    %store/vec4 v00000174f7e8e1c0_0, 0, 8;
    %jmp T_27.256;
T_27.170 ;
    %pushi/vec4 172, 0, 8;
    %store/vec4 v00000174f7e8e1c0_0, 0, 8;
    %jmp T_27.256;
T_27.171 ;
    %pushi/vec4 98, 0, 8;
    %store/vec4 v00000174f7e8e1c0_0, 0, 8;
    %jmp T_27.256;
T_27.172 ;
    %pushi/vec4 145, 0, 8;
    %store/vec4 v00000174f7e8e1c0_0, 0, 8;
    %jmp T_27.256;
T_27.173 ;
    %pushi/vec4 149, 0, 8;
    %store/vec4 v00000174f7e8e1c0_0, 0, 8;
    %jmp T_27.256;
T_27.174 ;
    %pushi/vec4 228, 0, 8;
    %store/vec4 v00000174f7e8e1c0_0, 0, 8;
    %jmp T_27.256;
T_27.175 ;
    %pushi/vec4 121, 0, 8;
    %store/vec4 v00000174f7e8e1c0_0, 0, 8;
    %jmp T_27.256;
T_27.176 ;
    %pushi/vec4 231, 0, 8;
    %store/vec4 v00000174f7e8e1c0_0, 0, 8;
    %jmp T_27.256;
T_27.177 ;
    %pushi/vec4 200, 0, 8;
    %store/vec4 v00000174f7e8e1c0_0, 0, 8;
    %jmp T_27.256;
T_27.178 ;
    %pushi/vec4 55, 0, 8;
    %store/vec4 v00000174f7e8e1c0_0, 0, 8;
    %jmp T_27.256;
T_27.179 ;
    %pushi/vec4 109, 0, 8;
    %store/vec4 v00000174f7e8e1c0_0, 0, 8;
    %jmp T_27.256;
T_27.180 ;
    %pushi/vec4 141, 0, 8;
    %store/vec4 v00000174f7e8e1c0_0, 0, 8;
    %jmp T_27.256;
T_27.181 ;
    %pushi/vec4 213, 0, 8;
    %store/vec4 v00000174f7e8e1c0_0, 0, 8;
    %jmp T_27.256;
T_27.182 ;
    %pushi/vec4 78, 0, 8;
    %store/vec4 v00000174f7e8e1c0_0, 0, 8;
    %jmp T_27.256;
T_27.183 ;
    %pushi/vec4 169, 0, 8;
    %store/vec4 v00000174f7e8e1c0_0, 0, 8;
    %jmp T_27.256;
T_27.184 ;
    %pushi/vec4 108, 0, 8;
    %store/vec4 v00000174f7e8e1c0_0, 0, 8;
    %jmp T_27.256;
T_27.185 ;
    %pushi/vec4 86, 0, 8;
    %store/vec4 v00000174f7e8e1c0_0, 0, 8;
    %jmp T_27.256;
T_27.186 ;
    %pushi/vec4 244, 0, 8;
    %store/vec4 v00000174f7e8e1c0_0, 0, 8;
    %jmp T_27.256;
T_27.187 ;
    %pushi/vec4 234, 0, 8;
    %store/vec4 v00000174f7e8e1c0_0, 0, 8;
    %jmp T_27.256;
T_27.188 ;
    %pushi/vec4 101, 0, 8;
    %store/vec4 v00000174f7e8e1c0_0, 0, 8;
    %jmp T_27.256;
T_27.189 ;
    %pushi/vec4 122, 0, 8;
    %store/vec4 v00000174f7e8e1c0_0, 0, 8;
    %jmp T_27.256;
T_27.190 ;
    %pushi/vec4 174, 0, 8;
    %store/vec4 v00000174f7e8e1c0_0, 0, 8;
    %jmp T_27.256;
T_27.191 ;
    %pushi/vec4 8, 0, 8;
    %store/vec4 v00000174f7e8e1c0_0, 0, 8;
    %jmp T_27.256;
T_27.192 ;
    %pushi/vec4 186, 0, 8;
    %store/vec4 v00000174f7e8e1c0_0, 0, 8;
    %jmp T_27.256;
T_27.193 ;
    %pushi/vec4 120, 0, 8;
    %store/vec4 v00000174f7e8e1c0_0, 0, 8;
    %jmp T_27.256;
T_27.194 ;
    %pushi/vec4 37, 0, 8;
    %store/vec4 v00000174f7e8e1c0_0, 0, 8;
    %jmp T_27.256;
T_27.195 ;
    %pushi/vec4 46, 0, 8;
    %store/vec4 v00000174f7e8e1c0_0, 0, 8;
    %jmp T_27.256;
T_27.196 ;
    %pushi/vec4 28, 0, 8;
    %store/vec4 v00000174f7e8e1c0_0, 0, 8;
    %jmp T_27.256;
T_27.197 ;
    %pushi/vec4 166, 0, 8;
    %store/vec4 v00000174f7e8e1c0_0, 0, 8;
    %jmp T_27.256;
T_27.198 ;
    %pushi/vec4 180, 0, 8;
    %store/vec4 v00000174f7e8e1c0_0, 0, 8;
    %jmp T_27.256;
T_27.199 ;
    %pushi/vec4 198, 0, 8;
    %store/vec4 v00000174f7e8e1c0_0, 0, 8;
    %jmp T_27.256;
T_27.200 ;
    %pushi/vec4 232, 0, 8;
    %store/vec4 v00000174f7e8e1c0_0, 0, 8;
    %jmp T_27.256;
T_27.201 ;
    %pushi/vec4 221, 0, 8;
    %store/vec4 v00000174f7e8e1c0_0, 0, 8;
    %jmp T_27.256;
T_27.202 ;
    %pushi/vec4 116, 0, 8;
    %store/vec4 v00000174f7e8e1c0_0, 0, 8;
    %jmp T_27.256;
T_27.203 ;
    %pushi/vec4 31, 0, 8;
    %store/vec4 v00000174f7e8e1c0_0, 0, 8;
    %jmp T_27.256;
T_27.204 ;
    %pushi/vec4 75, 0, 8;
    %store/vec4 v00000174f7e8e1c0_0, 0, 8;
    %jmp T_27.256;
T_27.205 ;
    %pushi/vec4 189, 0, 8;
    %store/vec4 v00000174f7e8e1c0_0, 0, 8;
    %jmp T_27.256;
T_27.206 ;
    %pushi/vec4 139, 0, 8;
    %store/vec4 v00000174f7e8e1c0_0, 0, 8;
    %jmp T_27.256;
T_27.207 ;
    %pushi/vec4 138, 0, 8;
    %store/vec4 v00000174f7e8e1c0_0, 0, 8;
    %jmp T_27.256;
T_27.208 ;
    %pushi/vec4 112, 0, 8;
    %store/vec4 v00000174f7e8e1c0_0, 0, 8;
    %jmp T_27.256;
T_27.209 ;
    %pushi/vec4 62, 0, 8;
    %store/vec4 v00000174f7e8e1c0_0, 0, 8;
    %jmp T_27.256;
T_27.210 ;
    %pushi/vec4 181, 0, 8;
    %store/vec4 v00000174f7e8e1c0_0, 0, 8;
    %jmp T_27.256;
T_27.211 ;
    %pushi/vec4 102, 0, 8;
    %store/vec4 v00000174f7e8e1c0_0, 0, 8;
    %jmp T_27.256;
T_27.212 ;
    %pushi/vec4 72, 0, 8;
    %store/vec4 v00000174f7e8e1c0_0, 0, 8;
    %jmp T_27.256;
T_27.213 ;
    %pushi/vec4 3, 0, 8;
    %store/vec4 v00000174f7e8e1c0_0, 0, 8;
    %jmp T_27.256;
T_27.214 ;
    %pushi/vec4 246, 0, 8;
    %store/vec4 v00000174f7e8e1c0_0, 0, 8;
    %jmp T_27.256;
T_27.215 ;
    %pushi/vec4 14, 0, 8;
    %store/vec4 v00000174f7e8e1c0_0, 0, 8;
    %jmp T_27.256;
T_27.216 ;
    %pushi/vec4 97, 0, 8;
    %store/vec4 v00000174f7e8e1c0_0, 0, 8;
    %jmp T_27.256;
T_27.217 ;
    %pushi/vec4 53, 0, 8;
    %store/vec4 v00000174f7e8e1c0_0, 0, 8;
    %jmp T_27.256;
T_27.218 ;
    %pushi/vec4 87, 0, 8;
    %store/vec4 v00000174f7e8e1c0_0, 0, 8;
    %jmp T_27.256;
T_27.219 ;
    %pushi/vec4 185, 0, 8;
    %store/vec4 v00000174f7e8e1c0_0, 0, 8;
    %jmp T_27.256;
T_27.220 ;
    %pushi/vec4 134, 0, 8;
    %store/vec4 v00000174f7e8e1c0_0, 0, 8;
    %jmp T_27.256;
T_27.221 ;
    %pushi/vec4 193, 0, 8;
    %store/vec4 v00000174f7e8e1c0_0, 0, 8;
    %jmp T_27.256;
T_27.222 ;
    %pushi/vec4 29, 0, 8;
    %store/vec4 v00000174f7e8e1c0_0, 0, 8;
    %jmp T_27.256;
T_27.223 ;
    %pushi/vec4 158, 0, 8;
    %store/vec4 v00000174f7e8e1c0_0, 0, 8;
    %jmp T_27.256;
T_27.224 ;
    %pushi/vec4 225, 0, 8;
    %store/vec4 v00000174f7e8e1c0_0, 0, 8;
    %jmp T_27.256;
T_27.225 ;
    %pushi/vec4 248, 0, 8;
    %store/vec4 v00000174f7e8e1c0_0, 0, 8;
    %jmp T_27.256;
T_27.226 ;
    %pushi/vec4 152, 0, 8;
    %store/vec4 v00000174f7e8e1c0_0, 0, 8;
    %jmp T_27.256;
T_27.227 ;
    %pushi/vec4 17, 0, 8;
    %store/vec4 v00000174f7e8e1c0_0, 0, 8;
    %jmp T_27.256;
T_27.228 ;
    %pushi/vec4 105, 0, 8;
    %store/vec4 v00000174f7e8e1c0_0, 0, 8;
    %jmp T_27.256;
T_27.229 ;
    %pushi/vec4 217, 0, 8;
    %store/vec4 v00000174f7e8e1c0_0, 0, 8;
    %jmp T_27.256;
T_27.230 ;
    %pushi/vec4 142, 0, 8;
    %store/vec4 v00000174f7e8e1c0_0, 0, 8;
    %jmp T_27.256;
T_27.231 ;
    %pushi/vec4 148, 0, 8;
    %store/vec4 v00000174f7e8e1c0_0, 0, 8;
    %jmp T_27.256;
T_27.232 ;
    %pushi/vec4 155, 0, 8;
    %store/vec4 v00000174f7e8e1c0_0, 0, 8;
    %jmp T_27.256;
T_27.233 ;
    %pushi/vec4 30, 0, 8;
    %store/vec4 v00000174f7e8e1c0_0, 0, 8;
    %jmp T_27.256;
T_27.234 ;
    %pushi/vec4 135, 0, 8;
    %store/vec4 v00000174f7e8e1c0_0, 0, 8;
    %jmp T_27.256;
T_27.235 ;
    %pushi/vec4 233, 0, 8;
    %store/vec4 v00000174f7e8e1c0_0, 0, 8;
    %jmp T_27.256;
T_27.236 ;
    %pushi/vec4 206, 0, 8;
    %store/vec4 v00000174f7e8e1c0_0, 0, 8;
    %jmp T_27.256;
T_27.237 ;
    %pushi/vec4 85, 0, 8;
    %store/vec4 v00000174f7e8e1c0_0, 0, 8;
    %jmp T_27.256;
T_27.238 ;
    %pushi/vec4 40, 0, 8;
    %store/vec4 v00000174f7e8e1c0_0, 0, 8;
    %jmp T_27.256;
T_27.239 ;
    %pushi/vec4 223, 0, 8;
    %store/vec4 v00000174f7e8e1c0_0, 0, 8;
    %jmp T_27.256;
T_27.240 ;
    %pushi/vec4 140, 0, 8;
    %store/vec4 v00000174f7e8e1c0_0, 0, 8;
    %jmp T_27.256;
T_27.241 ;
    %pushi/vec4 161, 0, 8;
    %store/vec4 v00000174f7e8e1c0_0, 0, 8;
    %jmp T_27.256;
T_27.242 ;
    %pushi/vec4 137, 0, 8;
    %store/vec4 v00000174f7e8e1c0_0, 0, 8;
    %jmp T_27.256;
T_27.243 ;
    %pushi/vec4 13, 0, 8;
    %store/vec4 v00000174f7e8e1c0_0, 0, 8;
    %jmp T_27.256;
T_27.244 ;
    %pushi/vec4 191, 0, 8;
    %store/vec4 v00000174f7e8e1c0_0, 0, 8;
    %jmp T_27.256;
T_27.245 ;
    %pushi/vec4 230, 0, 8;
    %store/vec4 v00000174f7e8e1c0_0, 0, 8;
    %jmp T_27.256;
T_27.246 ;
    %pushi/vec4 66, 0, 8;
    %store/vec4 v00000174f7e8e1c0_0, 0, 8;
    %jmp T_27.256;
T_27.247 ;
    %pushi/vec4 104, 0, 8;
    %store/vec4 v00000174f7e8e1c0_0, 0, 8;
    %jmp T_27.256;
T_27.248 ;
    %pushi/vec4 65, 0, 8;
    %store/vec4 v00000174f7e8e1c0_0, 0, 8;
    %jmp T_27.256;
T_27.249 ;
    %pushi/vec4 153, 0, 8;
    %store/vec4 v00000174f7e8e1c0_0, 0, 8;
    %jmp T_27.256;
T_27.250 ;
    %pushi/vec4 45, 0, 8;
    %store/vec4 v00000174f7e8e1c0_0, 0, 8;
    %jmp T_27.256;
T_27.251 ;
    %pushi/vec4 15, 0, 8;
    %store/vec4 v00000174f7e8e1c0_0, 0, 8;
    %jmp T_27.256;
T_27.252 ;
    %pushi/vec4 176, 0, 8;
    %store/vec4 v00000174f7e8e1c0_0, 0, 8;
    %jmp T_27.256;
T_27.253 ;
    %pushi/vec4 84, 0, 8;
    %store/vec4 v00000174f7e8e1c0_0, 0, 8;
    %jmp T_27.256;
T_27.254 ;
    %pushi/vec4 187, 0, 8;
    %store/vec4 v00000174f7e8e1c0_0, 0, 8;
    %jmp T_27.256;
T_27.255 ;
    %pushi/vec4 22, 0, 8;
    %store/vec4 v00000174f7e8e1c0_0, 0, 8;
    %jmp T_27.256;
T_27.256 ;
    %pop/vec4 1;
    %jmp T_27;
    .thread T_27, $push;
    .scope S_00000174f7e935e0;
T_28 ;
    %wait E_00000174f7e06290;
    %load/vec4 v00000174f7e8ff20_0;
    %dup/vec4;
    %pushi/vec4 0, 0, 8;
    %cmp/u;
    %jmp/1 T_28.0, 6;
    %dup/vec4;
    %pushi/vec4 1, 0, 8;
    %cmp/u;
    %jmp/1 T_28.1, 6;
    %dup/vec4;
    %pushi/vec4 2, 0, 8;
    %cmp/u;
    %jmp/1 T_28.2, 6;
    %dup/vec4;
    %pushi/vec4 3, 0, 8;
    %cmp/u;
    %jmp/1 T_28.3, 6;
    %dup/vec4;
    %pushi/vec4 4, 0, 8;
    %cmp/u;
    %jmp/1 T_28.4, 6;
    %dup/vec4;
    %pushi/vec4 5, 0, 8;
    %cmp/u;
    %jmp/1 T_28.5, 6;
    %dup/vec4;
    %pushi/vec4 6, 0, 8;
    %cmp/u;
    %jmp/1 T_28.6, 6;
    %dup/vec4;
    %pushi/vec4 7, 0, 8;
    %cmp/u;
    %jmp/1 T_28.7, 6;
    %dup/vec4;
    %pushi/vec4 8, 0, 8;
    %cmp/u;
    %jmp/1 T_28.8, 6;
    %dup/vec4;
    %pushi/vec4 9, 0, 8;
    %cmp/u;
    %jmp/1 T_28.9, 6;
    %dup/vec4;
    %pushi/vec4 10, 0, 8;
    %cmp/u;
    %jmp/1 T_28.10, 6;
    %dup/vec4;
    %pushi/vec4 11, 0, 8;
    %cmp/u;
    %jmp/1 T_28.11, 6;
    %dup/vec4;
    %pushi/vec4 12, 0, 8;
    %cmp/u;
    %jmp/1 T_28.12, 6;
    %dup/vec4;
    %pushi/vec4 13, 0, 8;
    %cmp/u;
    %jmp/1 T_28.13, 6;
    %dup/vec4;
    %pushi/vec4 14, 0, 8;
    %cmp/u;
    %jmp/1 T_28.14, 6;
    %dup/vec4;
    %pushi/vec4 15, 0, 8;
    %cmp/u;
    %jmp/1 T_28.15, 6;
    %dup/vec4;
    %pushi/vec4 16, 0, 8;
    %cmp/u;
    %jmp/1 T_28.16, 6;
    %dup/vec4;
    %pushi/vec4 17, 0, 8;
    %cmp/u;
    %jmp/1 T_28.17, 6;
    %dup/vec4;
    %pushi/vec4 18, 0, 8;
    %cmp/u;
    %jmp/1 T_28.18, 6;
    %dup/vec4;
    %pushi/vec4 19, 0, 8;
    %cmp/u;
    %jmp/1 T_28.19, 6;
    %dup/vec4;
    %pushi/vec4 20, 0, 8;
    %cmp/u;
    %jmp/1 T_28.20, 6;
    %dup/vec4;
    %pushi/vec4 21, 0, 8;
    %cmp/u;
    %jmp/1 T_28.21, 6;
    %dup/vec4;
    %pushi/vec4 22, 0, 8;
    %cmp/u;
    %jmp/1 T_28.22, 6;
    %dup/vec4;
    %pushi/vec4 23, 0, 8;
    %cmp/u;
    %jmp/1 T_28.23, 6;
    %dup/vec4;
    %pushi/vec4 24, 0, 8;
    %cmp/u;
    %jmp/1 T_28.24, 6;
    %dup/vec4;
    %pushi/vec4 25, 0, 8;
    %cmp/u;
    %jmp/1 T_28.25, 6;
    %dup/vec4;
    %pushi/vec4 26, 0, 8;
    %cmp/u;
    %jmp/1 T_28.26, 6;
    %dup/vec4;
    %pushi/vec4 27, 0, 8;
    %cmp/u;
    %jmp/1 T_28.27, 6;
    %dup/vec4;
    %pushi/vec4 28, 0, 8;
    %cmp/u;
    %jmp/1 T_28.28, 6;
    %dup/vec4;
    %pushi/vec4 29, 0, 8;
    %cmp/u;
    %jmp/1 T_28.29, 6;
    %dup/vec4;
    %pushi/vec4 30, 0, 8;
    %cmp/u;
    %jmp/1 T_28.30, 6;
    %dup/vec4;
    %pushi/vec4 31, 0, 8;
    %cmp/u;
    %jmp/1 T_28.31, 6;
    %dup/vec4;
    %pushi/vec4 32, 0, 8;
    %cmp/u;
    %jmp/1 T_28.32, 6;
    %dup/vec4;
    %pushi/vec4 33, 0, 8;
    %cmp/u;
    %jmp/1 T_28.33, 6;
    %dup/vec4;
    %pushi/vec4 34, 0, 8;
    %cmp/u;
    %jmp/1 T_28.34, 6;
    %dup/vec4;
    %pushi/vec4 35, 0, 8;
    %cmp/u;
    %jmp/1 T_28.35, 6;
    %dup/vec4;
    %pushi/vec4 36, 0, 8;
    %cmp/u;
    %jmp/1 T_28.36, 6;
    %dup/vec4;
    %pushi/vec4 37, 0, 8;
    %cmp/u;
    %jmp/1 T_28.37, 6;
    %dup/vec4;
    %pushi/vec4 38, 0, 8;
    %cmp/u;
    %jmp/1 T_28.38, 6;
    %dup/vec4;
    %pushi/vec4 39, 0, 8;
    %cmp/u;
    %jmp/1 T_28.39, 6;
    %dup/vec4;
    %pushi/vec4 40, 0, 8;
    %cmp/u;
    %jmp/1 T_28.40, 6;
    %dup/vec4;
    %pushi/vec4 41, 0, 8;
    %cmp/u;
    %jmp/1 T_28.41, 6;
    %dup/vec4;
    %pushi/vec4 42, 0, 8;
    %cmp/u;
    %jmp/1 T_28.42, 6;
    %dup/vec4;
    %pushi/vec4 43, 0, 8;
    %cmp/u;
    %jmp/1 T_28.43, 6;
    %dup/vec4;
    %pushi/vec4 44, 0, 8;
    %cmp/u;
    %jmp/1 T_28.44, 6;
    %dup/vec4;
    %pushi/vec4 45, 0, 8;
    %cmp/u;
    %jmp/1 T_28.45, 6;
    %dup/vec4;
    %pushi/vec4 46, 0, 8;
    %cmp/u;
    %jmp/1 T_28.46, 6;
    %dup/vec4;
    %pushi/vec4 47, 0, 8;
    %cmp/u;
    %jmp/1 T_28.47, 6;
    %dup/vec4;
    %pushi/vec4 48, 0, 8;
    %cmp/u;
    %jmp/1 T_28.48, 6;
    %dup/vec4;
    %pushi/vec4 49, 0, 8;
    %cmp/u;
    %jmp/1 T_28.49, 6;
    %dup/vec4;
    %pushi/vec4 50, 0, 8;
    %cmp/u;
    %jmp/1 T_28.50, 6;
    %dup/vec4;
    %pushi/vec4 51, 0, 8;
    %cmp/u;
    %jmp/1 T_28.51, 6;
    %dup/vec4;
    %pushi/vec4 52, 0, 8;
    %cmp/u;
    %jmp/1 T_28.52, 6;
    %dup/vec4;
    %pushi/vec4 53, 0, 8;
    %cmp/u;
    %jmp/1 T_28.53, 6;
    %dup/vec4;
    %pushi/vec4 54, 0, 8;
    %cmp/u;
    %jmp/1 T_28.54, 6;
    %dup/vec4;
    %pushi/vec4 55, 0, 8;
    %cmp/u;
    %jmp/1 T_28.55, 6;
    %dup/vec4;
    %pushi/vec4 56, 0, 8;
    %cmp/u;
    %jmp/1 T_28.56, 6;
    %dup/vec4;
    %pushi/vec4 57, 0, 8;
    %cmp/u;
    %jmp/1 T_28.57, 6;
    %dup/vec4;
    %pushi/vec4 58, 0, 8;
    %cmp/u;
    %jmp/1 T_28.58, 6;
    %dup/vec4;
    %pushi/vec4 59, 0, 8;
    %cmp/u;
    %jmp/1 T_28.59, 6;
    %dup/vec4;
    %pushi/vec4 60, 0, 8;
    %cmp/u;
    %jmp/1 T_28.60, 6;
    %dup/vec4;
    %pushi/vec4 61, 0, 8;
    %cmp/u;
    %jmp/1 T_28.61, 6;
    %dup/vec4;
    %pushi/vec4 62, 0, 8;
    %cmp/u;
    %jmp/1 T_28.62, 6;
    %dup/vec4;
    %pushi/vec4 63, 0, 8;
    %cmp/u;
    %jmp/1 T_28.63, 6;
    %dup/vec4;
    %pushi/vec4 64, 0, 8;
    %cmp/u;
    %jmp/1 T_28.64, 6;
    %dup/vec4;
    %pushi/vec4 65, 0, 8;
    %cmp/u;
    %jmp/1 T_28.65, 6;
    %dup/vec4;
    %pushi/vec4 66, 0, 8;
    %cmp/u;
    %jmp/1 T_28.66, 6;
    %dup/vec4;
    %pushi/vec4 67, 0, 8;
    %cmp/u;
    %jmp/1 T_28.67, 6;
    %dup/vec4;
    %pushi/vec4 68, 0, 8;
    %cmp/u;
    %jmp/1 T_28.68, 6;
    %dup/vec4;
    %pushi/vec4 69, 0, 8;
    %cmp/u;
    %jmp/1 T_28.69, 6;
    %dup/vec4;
    %pushi/vec4 70, 0, 8;
    %cmp/u;
    %jmp/1 T_28.70, 6;
    %dup/vec4;
    %pushi/vec4 71, 0, 8;
    %cmp/u;
    %jmp/1 T_28.71, 6;
    %dup/vec4;
    %pushi/vec4 72, 0, 8;
    %cmp/u;
    %jmp/1 T_28.72, 6;
    %dup/vec4;
    %pushi/vec4 73, 0, 8;
    %cmp/u;
    %jmp/1 T_28.73, 6;
    %dup/vec4;
    %pushi/vec4 74, 0, 8;
    %cmp/u;
    %jmp/1 T_28.74, 6;
    %dup/vec4;
    %pushi/vec4 75, 0, 8;
    %cmp/u;
    %jmp/1 T_28.75, 6;
    %dup/vec4;
    %pushi/vec4 76, 0, 8;
    %cmp/u;
    %jmp/1 T_28.76, 6;
    %dup/vec4;
    %pushi/vec4 77, 0, 8;
    %cmp/u;
    %jmp/1 T_28.77, 6;
    %dup/vec4;
    %pushi/vec4 78, 0, 8;
    %cmp/u;
    %jmp/1 T_28.78, 6;
    %dup/vec4;
    %pushi/vec4 79, 0, 8;
    %cmp/u;
    %jmp/1 T_28.79, 6;
    %dup/vec4;
    %pushi/vec4 80, 0, 8;
    %cmp/u;
    %jmp/1 T_28.80, 6;
    %dup/vec4;
    %pushi/vec4 81, 0, 8;
    %cmp/u;
    %jmp/1 T_28.81, 6;
    %dup/vec4;
    %pushi/vec4 82, 0, 8;
    %cmp/u;
    %jmp/1 T_28.82, 6;
    %dup/vec4;
    %pushi/vec4 83, 0, 8;
    %cmp/u;
    %jmp/1 T_28.83, 6;
    %dup/vec4;
    %pushi/vec4 84, 0, 8;
    %cmp/u;
    %jmp/1 T_28.84, 6;
    %dup/vec4;
    %pushi/vec4 85, 0, 8;
    %cmp/u;
    %jmp/1 T_28.85, 6;
    %dup/vec4;
    %pushi/vec4 86, 0, 8;
    %cmp/u;
    %jmp/1 T_28.86, 6;
    %dup/vec4;
    %pushi/vec4 87, 0, 8;
    %cmp/u;
    %jmp/1 T_28.87, 6;
    %dup/vec4;
    %pushi/vec4 88, 0, 8;
    %cmp/u;
    %jmp/1 T_28.88, 6;
    %dup/vec4;
    %pushi/vec4 89, 0, 8;
    %cmp/u;
    %jmp/1 T_28.89, 6;
    %dup/vec4;
    %pushi/vec4 90, 0, 8;
    %cmp/u;
    %jmp/1 T_28.90, 6;
    %dup/vec4;
    %pushi/vec4 91, 0, 8;
    %cmp/u;
    %jmp/1 T_28.91, 6;
    %dup/vec4;
    %pushi/vec4 92, 0, 8;
    %cmp/u;
    %jmp/1 T_28.92, 6;
    %dup/vec4;
    %pushi/vec4 93, 0, 8;
    %cmp/u;
    %jmp/1 T_28.93, 6;
    %dup/vec4;
    %pushi/vec4 94, 0, 8;
    %cmp/u;
    %jmp/1 T_28.94, 6;
    %dup/vec4;
    %pushi/vec4 95, 0, 8;
    %cmp/u;
    %jmp/1 T_28.95, 6;
    %dup/vec4;
    %pushi/vec4 96, 0, 8;
    %cmp/u;
    %jmp/1 T_28.96, 6;
    %dup/vec4;
    %pushi/vec4 97, 0, 8;
    %cmp/u;
    %jmp/1 T_28.97, 6;
    %dup/vec4;
    %pushi/vec4 98, 0, 8;
    %cmp/u;
    %jmp/1 T_28.98, 6;
    %dup/vec4;
    %pushi/vec4 99, 0, 8;
    %cmp/u;
    %jmp/1 T_28.99, 6;
    %dup/vec4;
    %pushi/vec4 100, 0, 8;
    %cmp/u;
    %jmp/1 T_28.100, 6;
    %dup/vec4;
    %pushi/vec4 101, 0, 8;
    %cmp/u;
    %jmp/1 T_28.101, 6;
    %dup/vec4;
    %pushi/vec4 102, 0, 8;
    %cmp/u;
    %jmp/1 T_28.102, 6;
    %dup/vec4;
    %pushi/vec4 103, 0, 8;
    %cmp/u;
    %jmp/1 T_28.103, 6;
    %dup/vec4;
    %pushi/vec4 104, 0, 8;
    %cmp/u;
    %jmp/1 T_28.104, 6;
    %dup/vec4;
    %pushi/vec4 105, 0, 8;
    %cmp/u;
    %jmp/1 T_28.105, 6;
    %dup/vec4;
    %pushi/vec4 106, 0, 8;
    %cmp/u;
    %jmp/1 T_28.106, 6;
    %dup/vec4;
    %pushi/vec4 107, 0, 8;
    %cmp/u;
    %jmp/1 T_28.107, 6;
    %dup/vec4;
    %pushi/vec4 108, 0, 8;
    %cmp/u;
    %jmp/1 T_28.108, 6;
    %dup/vec4;
    %pushi/vec4 109, 0, 8;
    %cmp/u;
    %jmp/1 T_28.109, 6;
    %dup/vec4;
    %pushi/vec4 110, 0, 8;
    %cmp/u;
    %jmp/1 T_28.110, 6;
    %dup/vec4;
    %pushi/vec4 111, 0, 8;
    %cmp/u;
    %jmp/1 T_28.111, 6;
    %dup/vec4;
    %pushi/vec4 112, 0, 8;
    %cmp/u;
    %jmp/1 T_28.112, 6;
    %dup/vec4;
    %pushi/vec4 113, 0, 8;
    %cmp/u;
    %jmp/1 T_28.113, 6;
    %dup/vec4;
    %pushi/vec4 114, 0, 8;
    %cmp/u;
    %jmp/1 T_28.114, 6;
    %dup/vec4;
    %pushi/vec4 115, 0, 8;
    %cmp/u;
    %jmp/1 T_28.115, 6;
    %dup/vec4;
    %pushi/vec4 116, 0, 8;
    %cmp/u;
    %jmp/1 T_28.116, 6;
    %dup/vec4;
    %pushi/vec4 117, 0, 8;
    %cmp/u;
    %jmp/1 T_28.117, 6;
    %dup/vec4;
    %pushi/vec4 118, 0, 8;
    %cmp/u;
    %jmp/1 T_28.118, 6;
    %dup/vec4;
    %pushi/vec4 119, 0, 8;
    %cmp/u;
    %jmp/1 T_28.119, 6;
    %dup/vec4;
    %pushi/vec4 120, 0, 8;
    %cmp/u;
    %jmp/1 T_28.120, 6;
    %dup/vec4;
    %pushi/vec4 121, 0, 8;
    %cmp/u;
    %jmp/1 T_28.121, 6;
    %dup/vec4;
    %pushi/vec4 122, 0, 8;
    %cmp/u;
    %jmp/1 T_28.122, 6;
    %dup/vec4;
    %pushi/vec4 123, 0, 8;
    %cmp/u;
    %jmp/1 T_28.123, 6;
    %dup/vec4;
    %pushi/vec4 124, 0, 8;
    %cmp/u;
    %jmp/1 T_28.124, 6;
    %dup/vec4;
    %pushi/vec4 125, 0, 8;
    %cmp/u;
    %jmp/1 T_28.125, 6;
    %dup/vec4;
    %pushi/vec4 126, 0, 8;
    %cmp/u;
    %jmp/1 T_28.126, 6;
    %dup/vec4;
    %pushi/vec4 127, 0, 8;
    %cmp/u;
    %jmp/1 T_28.127, 6;
    %dup/vec4;
    %pushi/vec4 128, 0, 8;
    %cmp/u;
    %jmp/1 T_28.128, 6;
    %dup/vec4;
    %pushi/vec4 129, 0, 8;
    %cmp/u;
    %jmp/1 T_28.129, 6;
    %dup/vec4;
    %pushi/vec4 130, 0, 8;
    %cmp/u;
    %jmp/1 T_28.130, 6;
    %dup/vec4;
    %pushi/vec4 131, 0, 8;
    %cmp/u;
    %jmp/1 T_28.131, 6;
    %dup/vec4;
    %pushi/vec4 132, 0, 8;
    %cmp/u;
    %jmp/1 T_28.132, 6;
    %dup/vec4;
    %pushi/vec4 133, 0, 8;
    %cmp/u;
    %jmp/1 T_28.133, 6;
    %dup/vec4;
    %pushi/vec4 134, 0, 8;
    %cmp/u;
    %jmp/1 T_28.134, 6;
    %dup/vec4;
    %pushi/vec4 135, 0, 8;
    %cmp/u;
    %jmp/1 T_28.135, 6;
    %dup/vec4;
    %pushi/vec4 136, 0, 8;
    %cmp/u;
    %jmp/1 T_28.136, 6;
    %dup/vec4;
    %pushi/vec4 137, 0, 8;
    %cmp/u;
    %jmp/1 T_28.137, 6;
    %dup/vec4;
    %pushi/vec4 138, 0, 8;
    %cmp/u;
    %jmp/1 T_28.138, 6;
    %dup/vec4;
    %pushi/vec4 139, 0, 8;
    %cmp/u;
    %jmp/1 T_28.139, 6;
    %dup/vec4;
    %pushi/vec4 140, 0, 8;
    %cmp/u;
    %jmp/1 T_28.140, 6;
    %dup/vec4;
    %pushi/vec4 141, 0, 8;
    %cmp/u;
    %jmp/1 T_28.141, 6;
    %dup/vec4;
    %pushi/vec4 142, 0, 8;
    %cmp/u;
    %jmp/1 T_28.142, 6;
    %dup/vec4;
    %pushi/vec4 143, 0, 8;
    %cmp/u;
    %jmp/1 T_28.143, 6;
    %dup/vec4;
    %pushi/vec4 144, 0, 8;
    %cmp/u;
    %jmp/1 T_28.144, 6;
    %dup/vec4;
    %pushi/vec4 145, 0, 8;
    %cmp/u;
    %jmp/1 T_28.145, 6;
    %dup/vec4;
    %pushi/vec4 146, 0, 8;
    %cmp/u;
    %jmp/1 T_28.146, 6;
    %dup/vec4;
    %pushi/vec4 147, 0, 8;
    %cmp/u;
    %jmp/1 T_28.147, 6;
    %dup/vec4;
    %pushi/vec4 148, 0, 8;
    %cmp/u;
    %jmp/1 T_28.148, 6;
    %dup/vec4;
    %pushi/vec4 149, 0, 8;
    %cmp/u;
    %jmp/1 T_28.149, 6;
    %dup/vec4;
    %pushi/vec4 150, 0, 8;
    %cmp/u;
    %jmp/1 T_28.150, 6;
    %dup/vec4;
    %pushi/vec4 151, 0, 8;
    %cmp/u;
    %jmp/1 T_28.151, 6;
    %dup/vec4;
    %pushi/vec4 152, 0, 8;
    %cmp/u;
    %jmp/1 T_28.152, 6;
    %dup/vec4;
    %pushi/vec4 153, 0, 8;
    %cmp/u;
    %jmp/1 T_28.153, 6;
    %dup/vec4;
    %pushi/vec4 154, 0, 8;
    %cmp/u;
    %jmp/1 T_28.154, 6;
    %dup/vec4;
    %pushi/vec4 155, 0, 8;
    %cmp/u;
    %jmp/1 T_28.155, 6;
    %dup/vec4;
    %pushi/vec4 156, 0, 8;
    %cmp/u;
    %jmp/1 T_28.156, 6;
    %dup/vec4;
    %pushi/vec4 157, 0, 8;
    %cmp/u;
    %jmp/1 T_28.157, 6;
    %dup/vec4;
    %pushi/vec4 158, 0, 8;
    %cmp/u;
    %jmp/1 T_28.158, 6;
    %dup/vec4;
    %pushi/vec4 159, 0, 8;
    %cmp/u;
    %jmp/1 T_28.159, 6;
    %dup/vec4;
    %pushi/vec4 160, 0, 8;
    %cmp/u;
    %jmp/1 T_28.160, 6;
    %dup/vec4;
    %pushi/vec4 161, 0, 8;
    %cmp/u;
    %jmp/1 T_28.161, 6;
    %dup/vec4;
    %pushi/vec4 162, 0, 8;
    %cmp/u;
    %jmp/1 T_28.162, 6;
    %dup/vec4;
    %pushi/vec4 163, 0, 8;
    %cmp/u;
    %jmp/1 T_28.163, 6;
    %dup/vec4;
    %pushi/vec4 164, 0, 8;
    %cmp/u;
    %jmp/1 T_28.164, 6;
    %dup/vec4;
    %pushi/vec4 165, 0, 8;
    %cmp/u;
    %jmp/1 T_28.165, 6;
    %dup/vec4;
    %pushi/vec4 166, 0, 8;
    %cmp/u;
    %jmp/1 T_28.166, 6;
    %dup/vec4;
    %pushi/vec4 167, 0, 8;
    %cmp/u;
    %jmp/1 T_28.167, 6;
    %dup/vec4;
    %pushi/vec4 168, 0, 8;
    %cmp/u;
    %jmp/1 T_28.168, 6;
    %dup/vec4;
    %pushi/vec4 169, 0, 8;
    %cmp/u;
    %jmp/1 T_28.169, 6;
    %dup/vec4;
    %pushi/vec4 170, 0, 8;
    %cmp/u;
    %jmp/1 T_28.170, 6;
    %dup/vec4;
    %pushi/vec4 171, 0, 8;
    %cmp/u;
    %jmp/1 T_28.171, 6;
    %dup/vec4;
    %pushi/vec4 172, 0, 8;
    %cmp/u;
    %jmp/1 T_28.172, 6;
    %dup/vec4;
    %pushi/vec4 173, 0, 8;
    %cmp/u;
    %jmp/1 T_28.173, 6;
    %dup/vec4;
    %pushi/vec4 174, 0, 8;
    %cmp/u;
    %jmp/1 T_28.174, 6;
    %dup/vec4;
    %pushi/vec4 175, 0, 8;
    %cmp/u;
    %jmp/1 T_28.175, 6;
    %dup/vec4;
    %pushi/vec4 176, 0, 8;
    %cmp/u;
    %jmp/1 T_28.176, 6;
    %dup/vec4;
    %pushi/vec4 177, 0, 8;
    %cmp/u;
    %jmp/1 T_28.177, 6;
    %dup/vec4;
    %pushi/vec4 178, 0, 8;
    %cmp/u;
    %jmp/1 T_28.178, 6;
    %dup/vec4;
    %pushi/vec4 179, 0, 8;
    %cmp/u;
    %jmp/1 T_28.179, 6;
    %dup/vec4;
    %pushi/vec4 180, 0, 8;
    %cmp/u;
    %jmp/1 T_28.180, 6;
    %dup/vec4;
    %pushi/vec4 181, 0, 8;
    %cmp/u;
    %jmp/1 T_28.181, 6;
    %dup/vec4;
    %pushi/vec4 182, 0, 8;
    %cmp/u;
    %jmp/1 T_28.182, 6;
    %dup/vec4;
    %pushi/vec4 183, 0, 8;
    %cmp/u;
    %jmp/1 T_28.183, 6;
    %dup/vec4;
    %pushi/vec4 184, 0, 8;
    %cmp/u;
    %jmp/1 T_28.184, 6;
    %dup/vec4;
    %pushi/vec4 185, 0, 8;
    %cmp/u;
    %jmp/1 T_28.185, 6;
    %dup/vec4;
    %pushi/vec4 186, 0, 8;
    %cmp/u;
    %jmp/1 T_28.186, 6;
    %dup/vec4;
    %pushi/vec4 187, 0, 8;
    %cmp/u;
    %jmp/1 T_28.187, 6;
    %dup/vec4;
    %pushi/vec4 188, 0, 8;
    %cmp/u;
    %jmp/1 T_28.188, 6;
    %dup/vec4;
    %pushi/vec4 189, 0, 8;
    %cmp/u;
    %jmp/1 T_28.189, 6;
    %dup/vec4;
    %pushi/vec4 190, 0, 8;
    %cmp/u;
    %jmp/1 T_28.190, 6;
    %dup/vec4;
    %pushi/vec4 191, 0, 8;
    %cmp/u;
    %jmp/1 T_28.191, 6;
    %dup/vec4;
    %pushi/vec4 192, 0, 8;
    %cmp/u;
    %jmp/1 T_28.192, 6;
    %dup/vec4;
    %pushi/vec4 193, 0, 8;
    %cmp/u;
    %jmp/1 T_28.193, 6;
    %dup/vec4;
    %pushi/vec4 194, 0, 8;
    %cmp/u;
    %jmp/1 T_28.194, 6;
    %dup/vec4;
    %pushi/vec4 195, 0, 8;
    %cmp/u;
    %jmp/1 T_28.195, 6;
    %dup/vec4;
    %pushi/vec4 196, 0, 8;
    %cmp/u;
    %jmp/1 T_28.196, 6;
    %dup/vec4;
    %pushi/vec4 197, 0, 8;
    %cmp/u;
    %jmp/1 T_28.197, 6;
    %dup/vec4;
    %pushi/vec4 198, 0, 8;
    %cmp/u;
    %jmp/1 T_28.198, 6;
    %dup/vec4;
    %pushi/vec4 199, 0, 8;
    %cmp/u;
    %jmp/1 T_28.199, 6;
    %dup/vec4;
    %pushi/vec4 200, 0, 8;
    %cmp/u;
    %jmp/1 T_28.200, 6;
    %dup/vec4;
    %pushi/vec4 201, 0, 8;
    %cmp/u;
    %jmp/1 T_28.201, 6;
    %dup/vec4;
    %pushi/vec4 202, 0, 8;
    %cmp/u;
    %jmp/1 T_28.202, 6;
    %dup/vec4;
    %pushi/vec4 203, 0, 8;
    %cmp/u;
    %jmp/1 T_28.203, 6;
    %dup/vec4;
    %pushi/vec4 204, 0, 8;
    %cmp/u;
    %jmp/1 T_28.204, 6;
    %dup/vec4;
    %pushi/vec4 205, 0, 8;
    %cmp/u;
    %jmp/1 T_28.205, 6;
    %dup/vec4;
    %pushi/vec4 206, 0, 8;
    %cmp/u;
    %jmp/1 T_28.206, 6;
    %dup/vec4;
    %pushi/vec4 207, 0, 8;
    %cmp/u;
    %jmp/1 T_28.207, 6;
    %dup/vec4;
    %pushi/vec4 208, 0, 8;
    %cmp/u;
    %jmp/1 T_28.208, 6;
    %dup/vec4;
    %pushi/vec4 209, 0, 8;
    %cmp/u;
    %jmp/1 T_28.209, 6;
    %dup/vec4;
    %pushi/vec4 210, 0, 8;
    %cmp/u;
    %jmp/1 T_28.210, 6;
    %dup/vec4;
    %pushi/vec4 211, 0, 8;
    %cmp/u;
    %jmp/1 T_28.211, 6;
    %dup/vec4;
    %pushi/vec4 212, 0, 8;
    %cmp/u;
    %jmp/1 T_28.212, 6;
    %dup/vec4;
    %pushi/vec4 213, 0, 8;
    %cmp/u;
    %jmp/1 T_28.213, 6;
    %dup/vec4;
    %pushi/vec4 214, 0, 8;
    %cmp/u;
    %jmp/1 T_28.214, 6;
    %dup/vec4;
    %pushi/vec4 215, 0, 8;
    %cmp/u;
    %jmp/1 T_28.215, 6;
    %dup/vec4;
    %pushi/vec4 216, 0, 8;
    %cmp/u;
    %jmp/1 T_28.216, 6;
    %dup/vec4;
    %pushi/vec4 217, 0, 8;
    %cmp/u;
    %jmp/1 T_28.217, 6;
    %dup/vec4;
    %pushi/vec4 218, 0, 8;
    %cmp/u;
    %jmp/1 T_28.218, 6;
    %dup/vec4;
    %pushi/vec4 219, 0, 8;
    %cmp/u;
    %jmp/1 T_28.219, 6;
    %dup/vec4;
    %pushi/vec4 220, 0, 8;
    %cmp/u;
    %jmp/1 T_28.220, 6;
    %dup/vec4;
    %pushi/vec4 221, 0, 8;
    %cmp/u;
    %jmp/1 T_28.221, 6;
    %dup/vec4;
    %pushi/vec4 222, 0, 8;
    %cmp/u;
    %jmp/1 T_28.222, 6;
    %dup/vec4;
    %pushi/vec4 223, 0, 8;
    %cmp/u;
    %jmp/1 T_28.223, 6;
    %dup/vec4;
    %pushi/vec4 224, 0, 8;
    %cmp/u;
    %jmp/1 T_28.224, 6;
    %dup/vec4;
    %pushi/vec4 225, 0, 8;
    %cmp/u;
    %jmp/1 T_28.225, 6;
    %dup/vec4;
    %pushi/vec4 226, 0, 8;
    %cmp/u;
    %jmp/1 T_28.226, 6;
    %dup/vec4;
    %pushi/vec4 227, 0, 8;
    %cmp/u;
    %jmp/1 T_28.227, 6;
    %dup/vec4;
    %pushi/vec4 228, 0, 8;
    %cmp/u;
    %jmp/1 T_28.228, 6;
    %dup/vec4;
    %pushi/vec4 229, 0, 8;
    %cmp/u;
    %jmp/1 T_28.229, 6;
    %dup/vec4;
    %pushi/vec4 230, 0, 8;
    %cmp/u;
    %jmp/1 T_28.230, 6;
    %dup/vec4;
    %pushi/vec4 231, 0, 8;
    %cmp/u;
    %jmp/1 T_28.231, 6;
    %dup/vec4;
    %pushi/vec4 232, 0, 8;
    %cmp/u;
    %jmp/1 T_28.232, 6;
    %dup/vec4;
    %pushi/vec4 233, 0, 8;
    %cmp/u;
    %jmp/1 T_28.233, 6;
    %dup/vec4;
    %pushi/vec4 234, 0, 8;
    %cmp/u;
    %jmp/1 T_28.234, 6;
    %dup/vec4;
    %pushi/vec4 235, 0, 8;
    %cmp/u;
    %jmp/1 T_28.235, 6;
    %dup/vec4;
    %pushi/vec4 236, 0, 8;
    %cmp/u;
    %jmp/1 T_28.236, 6;
    %dup/vec4;
    %pushi/vec4 237, 0, 8;
    %cmp/u;
    %jmp/1 T_28.237, 6;
    %dup/vec4;
    %pushi/vec4 238, 0, 8;
    %cmp/u;
    %jmp/1 T_28.238, 6;
    %dup/vec4;
    %pushi/vec4 239, 0, 8;
    %cmp/u;
    %jmp/1 T_28.239, 6;
    %dup/vec4;
    %pushi/vec4 240, 0, 8;
    %cmp/u;
    %jmp/1 T_28.240, 6;
    %dup/vec4;
    %pushi/vec4 241, 0, 8;
    %cmp/u;
    %jmp/1 T_28.241, 6;
    %dup/vec4;
    %pushi/vec4 242, 0, 8;
    %cmp/u;
    %jmp/1 T_28.242, 6;
    %dup/vec4;
    %pushi/vec4 243, 0, 8;
    %cmp/u;
    %jmp/1 T_28.243, 6;
    %dup/vec4;
    %pushi/vec4 244, 0, 8;
    %cmp/u;
    %jmp/1 T_28.244, 6;
    %dup/vec4;
    %pushi/vec4 245, 0, 8;
    %cmp/u;
    %jmp/1 T_28.245, 6;
    %dup/vec4;
    %pushi/vec4 246, 0, 8;
    %cmp/u;
    %jmp/1 T_28.246, 6;
    %dup/vec4;
    %pushi/vec4 247, 0, 8;
    %cmp/u;
    %jmp/1 T_28.247, 6;
    %dup/vec4;
    %pushi/vec4 248, 0, 8;
    %cmp/u;
    %jmp/1 T_28.248, 6;
    %dup/vec4;
    %pushi/vec4 249, 0, 8;
    %cmp/u;
    %jmp/1 T_28.249, 6;
    %dup/vec4;
    %pushi/vec4 250, 0, 8;
    %cmp/u;
    %jmp/1 T_28.250, 6;
    %dup/vec4;
    %pushi/vec4 251, 0, 8;
    %cmp/u;
    %jmp/1 T_28.251, 6;
    %dup/vec4;
    %pushi/vec4 252, 0, 8;
    %cmp/u;
    %jmp/1 T_28.252, 6;
    %dup/vec4;
    %pushi/vec4 253, 0, 8;
    %cmp/u;
    %jmp/1 T_28.253, 6;
    %dup/vec4;
    %pushi/vec4 254, 0, 8;
    %cmp/u;
    %jmp/1 T_28.254, 6;
    %dup/vec4;
    %pushi/vec4 255, 0, 8;
    %cmp/u;
    %jmp/1 T_28.255, 6;
    %jmp T_28.256;
T_28.0 ;
    %pushi/vec4 99, 0, 8;
    %store/vec4 v00000174f7e8eda0_0, 0, 8;
    %jmp T_28.256;
T_28.1 ;
    %pushi/vec4 124, 0, 8;
    %store/vec4 v00000174f7e8eda0_0, 0, 8;
    %jmp T_28.256;
T_28.2 ;
    %pushi/vec4 119, 0, 8;
    %store/vec4 v00000174f7e8eda0_0, 0, 8;
    %jmp T_28.256;
T_28.3 ;
    %pushi/vec4 123, 0, 8;
    %store/vec4 v00000174f7e8eda0_0, 0, 8;
    %jmp T_28.256;
T_28.4 ;
    %pushi/vec4 242, 0, 8;
    %store/vec4 v00000174f7e8eda0_0, 0, 8;
    %jmp T_28.256;
T_28.5 ;
    %pushi/vec4 107, 0, 8;
    %store/vec4 v00000174f7e8eda0_0, 0, 8;
    %jmp T_28.256;
T_28.6 ;
    %pushi/vec4 111, 0, 8;
    %store/vec4 v00000174f7e8eda0_0, 0, 8;
    %jmp T_28.256;
T_28.7 ;
    %pushi/vec4 197, 0, 8;
    %store/vec4 v00000174f7e8eda0_0, 0, 8;
    %jmp T_28.256;
T_28.8 ;
    %pushi/vec4 48, 0, 8;
    %store/vec4 v00000174f7e8eda0_0, 0, 8;
    %jmp T_28.256;
T_28.9 ;
    %pushi/vec4 1, 0, 8;
    %store/vec4 v00000174f7e8eda0_0, 0, 8;
    %jmp T_28.256;
T_28.10 ;
    %pushi/vec4 103, 0, 8;
    %store/vec4 v00000174f7e8eda0_0, 0, 8;
    %jmp T_28.256;
T_28.11 ;
    %pushi/vec4 43, 0, 8;
    %store/vec4 v00000174f7e8eda0_0, 0, 8;
    %jmp T_28.256;
T_28.12 ;
    %pushi/vec4 254, 0, 8;
    %store/vec4 v00000174f7e8eda0_0, 0, 8;
    %jmp T_28.256;
T_28.13 ;
    %pushi/vec4 215, 0, 8;
    %store/vec4 v00000174f7e8eda0_0, 0, 8;
    %jmp T_28.256;
T_28.14 ;
    %pushi/vec4 171, 0, 8;
    %store/vec4 v00000174f7e8eda0_0, 0, 8;
    %jmp T_28.256;
T_28.15 ;
    %pushi/vec4 118, 0, 8;
    %store/vec4 v00000174f7e8eda0_0, 0, 8;
    %jmp T_28.256;
T_28.16 ;
    %pushi/vec4 202, 0, 8;
    %store/vec4 v00000174f7e8eda0_0, 0, 8;
    %jmp T_28.256;
T_28.17 ;
    %pushi/vec4 130, 0, 8;
    %store/vec4 v00000174f7e8eda0_0, 0, 8;
    %jmp T_28.256;
T_28.18 ;
    %pushi/vec4 201, 0, 8;
    %store/vec4 v00000174f7e8eda0_0, 0, 8;
    %jmp T_28.256;
T_28.19 ;
    %pushi/vec4 125, 0, 8;
    %store/vec4 v00000174f7e8eda0_0, 0, 8;
    %jmp T_28.256;
T_28.20 ;
    %pushi/vec4 250, 0, 8;
    %store/vec4 v00000174f7e8eda0_0, 0, 8;
    %jmp T_28.256;
T_28.21 ;
    %pushi/vec4 89, 0, 8;
    %store/vec4 v00000174f7e8eda0_0, 0, 8;
    %jmp T_28.256;
T_28.22 ;
    %pushi/vec4 71, 0, 8;
    %store/vec4 v00000174f7e8eda0_0, 0, 8;
    %jmp T_28.256;
T_28.23 ;
    %pushi/vec4 240, 0, 8;
    %store/vec4 v00000174f7e8eda0_0, 0, 8;
    %jmp T_28.256;
T_28.24 ;
    %pushi/vec4 173, 0, 8;
    %store/vec4 v00000174f7e8eda0_0, 0, 8;
    %jmp T_28.256;
T_28.25 ;
    %pushi/vec4 212, 0, 8;
    %store/vec4 v00000174f7e8eda0_0, 0, 8;
    %jmp T_28.256;
T_28.26 ;
    %pushi/vec4 162, 0, 8;
    %store/vec4 v00000174f7e8eda0_0, 0, 8;
    %jmp T_28.256;
T_28.27 ;
    %pushi/vec4 175, 0, 8;
    %store/vec4 v00000174f7e8eda0_0, 0, 8;
    %jmp T_28.256;
T_28.28 ;
    %pushi/vec4 156, 0, 8;
    %store/vec4 v00000174f7e8eda0_0, 0, 8;
    %jmp T_28.256;
T_28.29 ;
    %pushi/vec4 164, 0, 8;
    %store/vec4 v00000174f7e8eda0_0, 0, 8;
    %jmp T_28.256;
T_28.30 ;
    %pushi/vec4 114, 0, 8;
    %store/vec4 v00000174f7e8eda0_0, 0, 8;
    %jmp T_28.256;
T_28.31 ;
    %pushi/vec4 192, 0, 8;
    %store/vec4 v00000174f7e8eda0_0, 0, 8;
    %jmp T_28.256;
T_28.32 ;
    %pushi/vec4 183, 0, 8;
    %store/vec4 v00000174f7e8eda0_0, 0, 8;
    %jmp T_28.256;
T_28.33 ;
    %pushi/vec4 253, 0, 8;
    %store/vec4 v00000174f7e8eda0_0, 0, 8;
    %jmp T_28.256;
T_28.34 ;
    %pushi/vec4 147, 0, 8;
    %store/vec4 v00000174f7e8eda0_0, 0, 8;
    %jmp T_28.256;
T_28.35 ;
    %pushi/vec4 38, 0, 8;
    %store/vec4 v00000174f7e8eda0_0, 0, 8;
    %jmp T_28.256;
T_28.36 ;
    %pushi/vec4 54, 0, 8;
    %store/vec4 v00000174f7e8eda0_0, 0, 8;
    %jmp T_28.256;
T_28.37 ;
    %pushi/vec4 63, 0, 8;
    %store/vec4 v00000174f7e8eda0_0, 0, 8;
    %jmp T_28.256;
T_28.38 ;
    %pushi/vec4 247, 0, 8;
    %store/vec4 v00000174f7e8eda0_0, 0, 8;
    %jmp T_28.256;
T_28.39 ;
    %pushi/vec4 204, 0, 8;
    %store/vec4 v00000174f7e8eda0_0, 0, 8;
    %jmp T_28.256;
T_28.40 ;
    %pushi/vec4 52, 0, 8;
    %store/vec4 v00000174f7e8eda0_0, 0, 8;
    %jmp T_28.256;
T_28.41 ;
    %pushi/vec4 165, 0, 8;
    %store/vec4 v00000174f7e8eda0_0, 0, 8;
    %jmp T_28.256;
T_28.42 ;
    %pushi/vec4 229, 0, 8;
    %store/vec4 v00000174f7e8eda0_0, 0, 8;
    %jmp T_28.256;
T_28.43 ;
    %pushi/vec4 241, 0, 8;
    %store/vec4 v00000174f7e8eda0_0, 0, 8;
    %jmp T_28.256;
T_28.44 ;
    %pushi/vec4 113, 0, 8;
    %store/vec4 v00000174f7e8eda0_0, 0, 8;
    %jmp T_28.256;
T_28.45 ;
    %pushi/vec4 216, 0, 8;
    %store/vec4 v00000174f7e8eda0_0, 0, 8;
    %jmp T_28.256;
T_28.46 ;
    %pushi/vec4 49, 0, 8;
    %store/vec4 v00000174f7e8eda0_0, 0, 8;
    %jmp T_28.256;
T_28.47 ;
    %pushi/vec4 21, 0, 8;
    %store/vec4 v00000174f7e8eda0_0, 0, 8;
    %jmp T_28.256;
T_28.48 ;
    %pushi/vec4 4, 0, 8;
    %store/vec4 v00000174f7e8eda0_0, 0, 8;
    %jmp T_28.256;
T_28.49 ;
    %pushi/vec4 199, 0, 8;
    %store/vec4 v00000174f7e8eda0_0, 0, 8;
    %jmp T_28.256;
T_28.50 ;
    %pushi/vec4 35, 0, 8;
    %store/vec4 v00000174f7e8eda0_0, 0, 8;
    %jmp T_28.256;
T_28.51 ;
    %pushi/vec4 195, 0, 8;
    %store/vec4 v00000174f7e8eda0_0, 0, 8;
    %jmp T_28.256;
T_28.52 ;
    %pushi/vec4 24, 0, 8;
    %store/vec4 v00000174f7e8eda0_0, 0, 8;
    %jmp T_28.256;
T_28.53 ;
    %pushi/vec4 150, 0, 8;
    %store/vec4 v00000174f7e8eda0_0, 0, 8;
    %jmp T_28.256;
T_28.54 ;
    %pushi/vec4 5, 0, 8;
    %store/vec4 v00000174f7e8eda0_0, 0, 8;
    %jmp T_28.256;
T_28.55 ;
    %pushi/vec4 154, 0, 8;
    %store/vec4 v00000174f7e8eda0_0, 0, 8;
    %jmp T_28.256;
T_28.56 ;
    %pushi/vec4 7, 0, 8;
    %store/vec4 v00000174f7e8eda0_0, 0, 8;
    %jmp T_28.256;
T_28.57 ;
    %pushi/vec4 18, 0, 8;
    %store/vec4 v00000174f7e8eda0_0, 0, 8;
    %jmp T_28.256;
T_28.58 ;
    %pushi/vec4 128, 0, 8;
    %store/vec4 v00000174f7e8eda0_0, 0, 8;
    %jmp T_28.256;
T_28.59 ;
    %pushi/vec4 226, 0, 8;
    %store/vec4 v00000174f7e8eda0_0, 0, 8;
    %jmp T_28.256;
T_28.60 ;
    %pushi/vec4 235, 0, 8;
    %store/vec4 v00000174f7e8eda0_0, 0, 8;
    %jmp T_28.256;
T_28.61 ;
    %pushi/vec4 39, 0, 8;
    %store/vec4 v00000174f7e8eda0_0, 0, 8;
    %jmp T_28.256;
T_28.62 ;
    %pushi/vec4 178, 0, 8;
    %store/vec4 v00000174f7e8eda0_0, 0, 8;
    %jmp T_28.256;
T_28.63 ;
    %pushi/vec4 117, 0, 8;
    %store/vec4 v00000174f7e8eda0_0, 0, 8;
    %jmp T_28.256;
T_28.64 ;
    %pushi/vec4 9, 0, 8;
    %store/vec4 v00000174f7e8eda0_0, 0, 8;
    %jmp T_28.256;
T_28.65 ;
    %pushi/vec4 131, 0, 8;
    %store/vec4 v00000174f7e8eda0_0, 0, 8;
    %jmp T_28.256;
T_28.66 ;
    %pushi/vec4 44, 0, 8;
    %store/vec4 v00000174f7e8eda0_0, 0, 8;
    %jmp T_28.256;
T_28.67 ;
    %pushi/vec4 26, 0, 8;
    %store/vec4 v00000174f7e8eda0_0, 0, 8;
    %jmp T_28.256;
T_28.68 ;
    %pushi/vec4 27, 0, 8;
    %store/vec4 v00000174f7e8eda0_0, 0, 8;
    %jmp T_28.256;
T_28.69 ;
    %pushi/vec4 110, 0, 8;
    %store/vec4 v00000174f7e8eda0_0, 0, 8;
    %jmp T_28.256;
T_28.70 ;
    %pushi/vec4 90, 0, 8;
    %store/vec4 v00000174f7e8eda0_0, 0, 8;
    %jmp T_28.256;
T_28.71 ;
    %pushi/vec4 160, 0, 8;
    %store/vec4 v00000174f7e8eda0_0, 0, 8;
    %jmp T_28.256;
T_28.72 ;
    %pushi/vec4 82, 0, 8;
    %store/vec4 v00000174f7e8eda0_0, 0, 8;
    %jmp T_28.256;
T_28.73 ;
    %pushi/vec4 59, 0, 8;
    %store/vec4 v00000174f7e8eda0_0, 0, 8;
    %jmp T_28.256;
T_28.74 ;
    %pushi/vec4 214, 0, 8;
    %store/vec4 v00000174f7e8eda0_0, 0, 8;
    %jmp T_28.256;
T_28.75 ;
    %pushi/vec4 179, 0, 8;
    %store/vec4 v00000174f7e8eda0_0, 0, 8;
    %jmp T_28.256;
T_28.76 ;
    %pushi/vec4 41, 0, 8;
    %store/vec4 v00000174f7e8eda0_0, 0, 8;
    %jmp T_28.256;
T_28.77 ;
    %pushi/vec4 227, 0, 8;
    %store/vec4 v00000174f7e8eda0_0, 0, 8;
    %jmp T_28.256;
T_28.78 ;
    %pushi/vec4 47, 0, 8;
    %store/vec4 v00000174f7e8eda0_0, 0, 8;
    %jmp T_28.256;
T_28.79 ;
    %pushi/vec4 132, 0, 8;
    %store/vec4 v00000174f7e8eda0_0, 0, 8;
    %jmp T_28.256;
T_28.80 ;
    %pushi/vec4 83, 0, 8;
    %store/vec4 v00000174f7e8eda0_0, 0, 8;
    %jmp T_28.256;
T_28.81 ;
    %pushi/vec4 209, 0, 8;
    %store/vec4 v00000174f7e8eda0_0, 0, 8;
    %jmp T_28.256;
T_28.82 ;
    %pushi/vec4 0, 0, 8;
    %store/vec4 v00000174f7e8eda0_0, 0, 8;
    %jmp T_28.256;
T_28.83 ;
    %pushi/vec4 237, 0, 8;
    %store/vec4 v00000174f7e8eda0_0, 0, 8;
    %jmp T_28.256;
T_28.84 ;
    %pushi/vec4 32, 0, 8;
    %store/vec4 v00000174f7e8eda0_0, 0, 8;
    %jmp T_28.256;
T_28.85 ;
    %pushi/vec4 252, 0, 8;
    %store/vec4 v00000174f7e8eda0_0, 0, 8;
    %jmp T_28.256;
T_28.86 ;
    %pushi/vec4 177, 0, 8;
    %store/vec4 v00000174f7e8eda0_0, 0, 8;
    %jmp T_28.256;
T_28.87 ;
    %pushi/vec4 91, 0, 8;
    %store/vec4 v00000174f7e8eda0_0, 0, 8;
    %jmp T_28.256;
T_28.88 ;
    %pushi/vec4 106, 0, 8;
    %store/vec4 v00000174f7e8eda0_0, 0, 8;
    %jmp T_28.256;
T_28.89 ;
    %pushi/vec4 203, 0, 8;
    %store/vec4 v00000174f7e8eda0_0, 0, 8;
    %jmp T_28.256;
T_28.90 ;
    %pushi/vec4 190, 0, 8;
    %store/vec4 v00000174f7e8eda0_0, 0, 8;
    %jmp T_28.256;
T_28.91 ;
    %pushi/vec4 57, 0, 8;
    %store/vec4 v00000174f7e8eda0_0, 0, 8;
    %jmp T_28.256;
T_28.92 ;
    %pushi/vec4 74, 0, 8;
    %store/vec4 v00000174f7e8eda0_0, 0, 8;
    %jmp T_28.256;
T_28.93 ;
    %pushi/vec4 76, 0, 8;
    %store/vec4 v00000174f7e8eda0_0, 0, 8;
    %jmp T_28.256;
T_28.94 ;
    %pushi/vec4 88, 0, 8;
    %store/vec4 v00000174f7e8eda0_0, 0, 8;
    %jmp T_28.256;
T_28.95 ;
    %pushi/vec4 207, 0, 8;
    %store/vec4 v00000174f7e8eda0_0, 0, 8;
    %jmp T_28.256;
T_28.96 ;
    %pushi/vec4 208, 0, 8;
    %store/vec4 v00000174f7e8eda0_0, 0, 8;
    %jmp T_28.256;
T_28.97 ;
    %pushi/vec4 239, 0, 8;
    %store/vec4 v00000174f7e8eda0_0, 0, 8;
    %jmp T_28.256;
T_28.98 ;
    %pushi/vec4 170, 0, 8;
    %store/vec4 v00000174f7e8eda0_0, 0, 8;
    %jmp T_28.256;
T_28.99 ;
    %pushi/vec4 251, 0, 8;
    %store/vec4 v00000174f7e8eda0_0, 0, 8;
    %jmp T_28.256;
T_28.100 ;
    %pushi/vec4 67, 0, 8;
    %store/vec4 v00000174f7e8eda0_0, 0, 8;
    %jmp T_28.256;
T_28.101 ;
    %pushi/vec4 77, 0, 8;
    %store/vec4 v00000174f7e8eda0_0, 0, 8;
    %jmp T_28.256;
T_28.102 ;
    %pushi/vec4 51, 0, 8;
    %store/vec4 v00000174f7e8eda0_0, 0, 8;
    %jmp T_28.256;
T_28.103 ;
    %pushi/vec4 133, 0, 8;
    %store/vec4 v00000174f7e8eda0_0, 0, 8;
    %jmp T_28.256;
T_28.104 ;
    %pushi/vec4 69, 0, 8;
    %store/vec4 v00000174f7e8eda0_0, 0, 8;
    %jmp T_28.256;
T_28.105 ;
    %pushi/vec4 249, 0, 8;
    %store/vec4 v00000174f7e8eda0_0, 0, 8;
    %jmp T_28.256;
T_28.106 ;
    %pushi/vec4 2, 0, 8;
    %store/vec4 v00000174f7e8eda0_0, 0, 8;
    %jmp T_28.256;
T_28.107 ;
    %pushi/vec4 127, 0, 8;
    %store/vec4 v00000174f7e8eda0_0, 0, 8;
    %jmp T_28.256;
T_28.108 ;
    %pushi/vec4 80, 0, 8;
    %store/vec4 v00000174f7e8eda0_0, 0, 8;
    %jmp T_28.256;
T_28.109 ;
    %pushi/vec4 60, 0, 8;
    %store/vec4 v00000174f7e8eda0_0, 0, 8;
    %jmp T_28.256;
T_28.110 ;
    %pushi/vec4 159, 0, 8;
    %store/vec4 v00000174f7e8eda0_0, 0, 8;
    %jmp T_28.256;
T_28.111 ;
    %pushi/vec4 168, 0, 8;
    %store/vec4 v00000174f7e8eda0_0, 0, 8;
    %jmp T_28.256;
T_28.112 ;
    %pushi/vec4 81, 0, 8;
    %store/vec4 v00000174f7e8eda0_0, 0, 8;
    %jmp T_28.256;
T_28.113 ;
    %pushi/vec4 163, 0, 8;
    %store/vec4 v00000174f7e8eda0_0, 0, 8;
    %jmp T_28.256;
T_28.114 ;
    %pushi/vec4 64, 0, 8;
    %store/vec4 v00000174f7e8eda0_0, 0, 8;
    %jmp T_28.256;
T_28.115 ;
    %pushi/vec4 143, 0, 8;
    %store/vec4 v00000174f7e8eda0_0, 0, 8;
    %jmp T_28.256;
T_28.116 ;
    %pushi/vec4 146, 0, 8;
    %store/vec4 v00000174f7e8eda0_0, 0, 8;
    %jmp T_28.256;
T_28.117 ;
    %pushi/vec4 157, 0, 8;
    %store/vec4 v00000174f7e8eda0_0, 0, 8;
    %jmp T_28.256;
T_28.118 ;
    %pushi/vec4 56, 0, 8;
    %store/vec4 v00000174f7e8eda0_0, 0, 8;
    %jmp T_28.256;
T_28.119 ;
    %pushi/vec4 245, 0, 8;
    %store/vec4 v00000174f7e8eda0_0, 0, 8;
    %jmp T_28.256;
T_28.120 ;
    %pushi/vec4 188, 0, 8;
    %store/vec4 v00000174f7e8eda0_0, 0, 8;
    %jmp T_28.256;
T_28.121 ;
    %pushi/vec4 182, 0, 8;
    %store/vec4 v00000174f7e8eda0_0, 0, 8;
    %jmp T_28.256;
T_28.122 ;
    %pushi/vec4 218, 0, 8;
    %store/vec4 v00000174f7e8eda0_0, 0, 8;
    %jmp T_28.256;
T_28.123 ;
    %pushi/vec4 33, 0, 8;
    %store/vec4 v00000174f7e8eda0_0, 0, 8;
    %jmp T_28.256;
T_28.124 ;
    %pushi/vec4 16, 0, 8;
    %store/vec4 v00000174f7e8eda0_0, 0, 8;
    %jmp T_28.256;
T_28.125 ;
    %pushi/vec4 255, 0, 8;
    %store/vec4 v00000174f7e8eda0_0, 0, 8;
    %jmp T_28.256;
T_28.126 ;
    %pushi/vec4 243, 0, 8;
    %store/vec4 v00000174f7e8eda0_0, 0, 8;
    %jmp T_28.256;
T_28.127 ;
    %pushi/vec4 210, 0, 8;
    %store/vec4 v00000174f7e8eda0_0, 0, 8;
    %jmp T_28.256;
T_28.128 ;
    %pushi/vec4 205, 0, 8;
    %store/vec4 v00000174f7e8eda0_0, 0, 8;
    %jmp T_28.256;
T_28.129 ;
    %pushi/vec4 12, 0, 8;
    %store/vec4 v00000174f7e8eda0_0, 0, 8;
    %jmp T_28.256;
T_28.130 ;
    %pushi/vec4 19, 0, 8;
    %store/vec4 v00000174f7e8eda0_0, 0, 8;
    %jmp T_28.256;
T_28.131 ;
    %pushi/vec4 236, 0, 8;
    %store/vec4 v00000174f7e8eda0_0, 0, 8;
    %jmp T_28.256;
T_28.132 ;
    %pushi/vec4 95, 0, 8;
    %store/vec4 v00000174f7e8eda0_0, 0, 8;
    %jmp T_28.256;
T_28.133 ;
    %pushi/vec4 151, 0, 8;
    %store/vec4 v00000174f7e8eda0_0, 0, 8;
    %jmp T_28.256;
T_28.134 ;
    %pushi/vec4 68, 0, 8;
    %store/vec4 v00000174f7e8eda0_0, 0, 8;
    %jmp T_28.256;
T_28.135 ;
    %pushi/vec4 23, 0, 8;
    %store/vec4 v00000174f7e8eda0_0, 0, 8;
    %jmp T_28.256;
T_28.136 ;
    %pushi/vec4 196, 0, 8;
    %store/vec4 v00000174f7e8eda0_0, 0, 8;
    %jmp T_28.256;
T_28.137 ;
    %pushi/vec4 167, 0, 8;
    %store/vec4 v00000174f7e8eda0_0, 0, 8;
    %jmp T_28.256;
T_28.138 ;
    %pushi/vec4 126, 0, 8;
    %store/vec4 v00000174f7e8eda0_0, 0, 8;
    %jmp T_28.256;
T_28.139 ;
    %pushi/vec4 61, 0, 8;
    %store/vec4 v00000174f7e8eda0_0, 0, 8;
    %jmp T_28.256;
T_28.140 ;
    %pushi/vec4 100, 0, 8;
    %store/vec4 v00000174f7e8eda0_0, 0, 8;
    %jmp T_28.256;
T_28.141 ;
    %pushi/vec4 93, 0, 8;
    %store/vec4 v00000174f7e8eda0_0, 0, 8;
    %jmp T_28.256;
T_28.142 ;
    %pushi/vec4 25, 0, 8;
    %store/vec4 v00000174f7e8eda0_0, 0, 8;
    %jmp T_28.256;
T_28.143 ;
    %pushi/vec4 115, 0, 8;
    %store/vec4 v00000174f7e8eda0_0, 0, 8;
    %jmp T_28.256;
T_28.144 ;
    %pushi/vec4 96, 0, 8;
    %store/vec4 v00000174f7e8eda0_0, 0, 8;
    %jmp T_28.256;
T_28.145 ;
    %pushi/vec4 129, 0, 8;
    %store/vec4 v00000174f7e8eda0_0, 0, 8;
    %jmp T_28.256;
T_28.146 ;
    %pushi/vec4 79, 0, 8;
    %store/vec4 v00000174f7e8eda0_0, 0, 8;
    %jmp T_28.256;
T_28.147 ;
    %pushi/vec4 220, 0, 8;
    %store/vec4 v00000174f7e8eda0_0, 0, 8;
    %jmp T_28.256;
T_28.148 ;
    %pushi/vec4 34, 0, 8;
    %store/vec4 v00000174f7e8eda0_0, 0, 8;
    %jmp T_28.256;
T_28.149 ;
    %pushi/vec4 42, 0, 8;
    %store/vec4 v00000174f7e8eda0_0, 0, 8;
    %jmp T_28.256;
T_28.150 ;
    %pushi/vec4 144, 0, 8;
    %store/vec4 v00000174f7e8eda0_0, 0, 8;
    %jmp T_28.256;
T_28.151 ;
    %pushi/vec4 136, 0, 8;
    %store/vec4 v00000174f7e8eda0_0, 0, 8;
    %jmp T_28.256;
T_28.152 ;
    %pushi/vec4 70, 0, 8;
    %store/vec4 v00000174f7e8eda0_0, 0, 8;
    %jmp T_28.256;
T_28.153 ;
    %pushi/vec4 238, 0, 8;
    %store/vec4 v00000174f7e8eda0_0, 0, 8;
    %jmp T_28.256;
T_28.154 ;
    %pushi/vec4 184, 0, 8;
    %store/vec4 v00000174f7e8eda0_0, 0, 8;
    %jmp T_28.256;
T_28.155 ;
    %pushi/vec4 20, 0, 8;
    %store/vec4 v00000174f7e8eda0_0, 0, 8;
    %jmp T_28.256;
T_28.156 ;
    %pushi/vec4 222, 0, 8;
    %store/vec4 v00000174f7e8eda0_0, 0, 8;
    %jmp T_28.256;
T_28.157 ;
    %pushi/vec4 94, 0, 8;
    %store/vec4 v00000174f7e8eda0_0, 0, 8;
    %jmp T_28.256;
T_28.158 ;
    %pushi/vec4 11, 0, 8;
    %store/vec4 v00000174f7e8eda0_0, 0, 8;
    %jmp T_28.256;
T_28.159 ;
    %pushi/vec4 219, 0, 8;
    %store/vec4 v00000174f7e8eda0_0, 0, 8;
    %jmp T_28.256;
T_28.160 ;
    %pushi/vec4 224, 0, 8;
    %store/vec4 v00000174f7e8eda0_0, 0, 8;
    %jmp T_28.256;
T_28.161 ;
    %pushi/vec4 50, 0, 8;
    %store/vec4 v00000174f7e8eda0_0, 0, 8;
    %jmp T_28.256;
T_28.162 ;
    %pushi/vec4 58, 0, 8;
    %store/vec4 v00000174f7e8eda0_0, 0, 8;
    %jmp T_28.256;
T_28.163 ;
    %pushi/vec4 10, 0, 8;
    %store/vec4 v00000174f7e8eda0_0, 0, 8;
    %jmp T_28.256;
T_28.164 ;
    %pushi/vec4 73, 0, 8;
    %store/vec4 v00000174f7e8eda0_0, 0, 8;
    %jmp T_28.256;
T_28.165 ;
    %pushi/vec4 6, 0, 8;
    %store/vec4 v00000174f7e8eda0_0, 0, 8;
    %jmp T_28.256;
T_28.166 ;
    %pushi/vec4 36, 0, 8;
    %store/vec4 v00000174f7e8eda0_0, 0, 8;
    %jmp T_28.256;
T_28.167 ;
    %pushi/vec4 92, 0, 8;
    %store/vec4 v00000174f7e8eda0_0, 0, 8;
    %jmp T_28.256;
T_28.168 ;
    %pushi/vec4 194, 0, 8;
    %store/vec4 v00000174f7e8eda0_0, 0, 8;
    %jmp T_28.256;
T_28.169 ;
    %pushi/vec4 211, 0, 8;
    %store/vec4 v00000174f7e8eda0_0, 0, 8;
    %jmp T_28.256;
T_28.170 ;
    %pushi/vec4 172, 0, 8;
    %store/vec4 v00000174f7e8eda0_0, 0, 8;
    %jmp T_28.256;
T_28.171 ;
    %pushi/vec4 98, 0, 8;
    %store/vec4 v00000174f7e8eda0_0, 0, 8;
    %jmp T_28.256;
T_28.172 ;
    %pushi/vec4 145, 0, 8;
    %store/vec4 v00000174f7e8eda0_0, 0, 8;
    %jmp T_28.256;
T_28.173 ;
    %pushi/vec4 149, 0, 8;
    %store/vec4 v00000174f7e8eda0_0, 0, 8;
    %jmp T_28.256;
T_28.174 ;
    %pushi/vec4 228, 0, 8;
    %store/vec4 v00000174f7e8eda0_0, 0, 8;
    %jmp T_28.256;
T_28.175 ;
    %pushi/vec4 121, 0, 8;
    %store/vec4 v00000174f7e8eda0_0, 0, 8;
    %jmp T_28.256;
T_28.176 ;
    %pushi/vec4 231, 0, 8;
    %store/vec4 v00000174f7e8eda0_0, 0, 8;
    %jmp T_28.256;
T_28.177 ;
    %pushi/vec4 200, 0, 8;
    %store/vec4 v00000174f7e8eda0_0, 0, 8;
    %jmp T_28.256;
T_28.178 ;
    %pushi/vec4 55, 0, 8;
    %store/vec4 v00000174f7e8eda0_0, 0, 8;
    %jmp T_28.256;
T_28.179 ;
    %pushi/vec4 109, 0, 8;
    %store/vec4 v00000174f7e8eda0_0, 0, 8;
    %jmp T_28.256;
T_28.180 ;
    %pushi/vec4 141, 0, 8;
    %store/vec4 v00000174f7e8eda0_0, 0, 8;
    %jmp T_28.256;
T_28.181 ;
    %pushi/vec4 213, 0, 8;
    %store/vec4 v00000174f7e8eda0_0, 0, 8;
    %jmp T_28.256;
T_28.182 ;
    %pushi/vec4 78, 0, 8;
    %store/vec4 v00000174f7e8eda0_0, 0, 8;
    %jmp T_28.256;
T_28.183 ;
    %pushi/vec4 169, 0, 8;
    %store/vec4 v00000174f7e8eda0_0, 0, 8;
    %jmp T_28.256;
T_28.184 ;
    %pushi/vec4 108, 0, 8;
    %store/vec4 v00000174f7e8eda0_0, 0, 8;
    %jmp T_28.256;
T_28.185 ;
    %pushi/vec4 86, 0, 8;
    %store/vec4 v00000174f7e8eda0_0, 0, 8;
    %jmp T_28.256;
T_28.186 ;
    %pushi/vec4 244, 0, 8;
    %store/vec4 v00000174f7e8eda0_0, 0, 8;
    %jmp T_28.256;
T_28.187 ;
    %pushi/vec4 234, 0, 8;
    %store/vec4 v00000174f7e8eda0_0, 0, 8;
    %jmp T_28.256;
T_28.188 ;
    %pushi/vec4 101, 0, 8;
    %store/vec4 v00000174f7e8eda0_0, 0, 8;
    %jmp T_28.256;
T_28.189 ;
    %pushi/vec4 122, 0, 8;
    %store/vec4 v00000174f7e8eda0_0, 0, 8;
    %jmp T_28.256;
T_28.190 ;
    %pushi/vec4 174, 0, 8;
    %store/vec4 v00000174f7e8eda0_0, 0, 8;
    %jmp T_28.256;
T_28.191 ;
    %pushi/vec4 8, 0, 8;
    %store/vec4 v00000174f7e8eda0_0, 0, 8;
    %jmp T_28.256;
T_28.192 ;
    %pushi/vec4 186, 0, 8;
    %store/vec4 v00000174f7e8eda0_0, 0, 8;
    %jmp T_28.256;
T_28.193 ;
    %pushi/vec4 120, 0, 8;
    %store/vec4 v00000174f7e8eda0_0, 0, 8;
    %jmp T_28.256;
T_28.194 ;
    %pushi/vec4 37, 0, 8;
    %store/vec4 v00000174f7e8eda0_0, 0, 8;
    %jmp T_28.256;
T_28.195 ;
    %pushi/vec4 46, 0, 8;
    %store/vec4 v00000174f7e8eda0_0, 0, 8;
    %jmp T_28.256;
T_28.196 ;
    %pushi/vec4 28, 0, 8;
    %store/vec4 v00000174f7e8eda0_0, 0, 8;
    %jmp T_28.256;
T_28.197 ;
    %pushi/vec4 166, 0, 8;
    %store/vec4 v00000174f7e8eda0_0, 0, 8;
    %jmp T_28.256;
T_28.198 ;
    %pushi/vec4 180, 0, 8;
    %store/vec4 v00000174f7e8eda0_0, 0, 8;
    %jmp T_28.256;
T_28.199 ;
    %pushi/vec4 198, 0, 8;
    %store/vec4 v00000174f7e8eda0_0, 0, 8;
    %jmp T_28.256;
T_28.200 ;
    %pushi/vec4 232, 0, 8;
    %store/vec4 v00000174f7e8eda0_0, 0, 8;
    %jmp T_28.256;
T_28.201 ;
    %pushi/vec4 221, 0, 8;
    %store/vec4 v00000174f7e8eda0_0, 0, 8;
    %jmp T_28.256;
T_28.202 ;
    %pushi/vec4 116, 0, 8;
    %store/vec4 v00000174f7e8eda0_0, 0, 8;
    %jmp T_28.256;
T_28.203 ;
    %pushi/vec4 31, 0, 8;
    %store/vec4 v00000174f7e8eda0_0, 0, 8;
    %jmp T_28.256;
T_28.204 ;
    %pushi/vec4 75, 0, 8;
    %store/vec4 v00000174f7e8eda0_0, 0, 8;
    %jmp T_28.256;
T_28.205 ;
    %pushi/vec4 189, 0, 8;
    %store/vec4 v00000174f7e8eda0_0, 0, 8;
    %jmp T_28.256;
T_28.206 ;
    %pushi/vec4 139, 0, 8;
    %store/vec4 v00000174f7e8eda0_0, 0, 8;
    %jmp T_28.256;
T_28.207 ;
    %pushi/vec4 138, 0, 8;
    %store/vec4 v00000174f7e8eda0_0, 0, 8;
    %jmp T_28.256;
T_28.208 ;
    %pushi/vec4 112, 0, 8;
    %store/vec4 v00000174f7e8eda0_0, 0, 8;
    %jmp T_28.256;
T_28.209 ;
    %pushi/vec4 62, 0, 8;
    %store/vec4 v00000174f7e8eda0_0, 0, 8;
    %jmp T_28.256;
T_28.210 ;
    %pushi/vec4 181, 0, 8;
    %store/vec4 v00000174f7e8eda0_0, 0, 8;
    %jmp T_28.256;
T_28.211 ;
    %pushi/vec4 102, 0, 8;
    %store/vec4 v00000174f7e8eda0_0, 0, 8;
    %jmp T_28.256;
T_28.212 ;
    %pushi/vec4 72, 0, 8;
    %store/vec4 v00000174f7e8eda0_0, 0, 8;
    %jmp T_28.256;
T_28.213 ;
    %pushi/vec4 3, 0, 8;
    %store/vec4 v00000174f7e8eda0_0, 0, 8;
    %jmp T_28.256;
T_28.214 ;
    %pushi/vec4 246, 0, 8;
    %store/vec4 v00000174f7e8eda0_0, 0, 8;
    %jmp T_28.256;
T_28.215 ;
    %pushi/vec4 14, 0, 8;
    %store/vec4 v00000174f7e8eda0_0, 0, 8;
    %jmp T_28.256;
T_28.216 ;
    %pushi/vec4 97, 0, 8;
    %store/vec4 v00000174f7e8eda0_0, 0, 8;
    %jmp T_28.256;
T_28.217 ;
    %pushi/vec4 53, 0, 8;
    %store/vec4 v00000174f7e8eda0_0, 0, 8;
    %jmp T_28.256;
T_28.218 ;
    %pushi/vec4 87, 0, 8;
    %store/vec4 v00000174f7e8eda0_0, 0, 8;
    %jmp T_28.256;
T_28.219 ;
    %pushi/vec4 185, 0, 8;
    %store/vec4 v00000174f7e8eda0_0, 0, 8;
    %jmp T_28.256;
T_28.220 ;
    %pushi/vec4 134, 0, 8;
    %store/vec4 v00000174f7e8eda0_0, 0, 8;
    %jmp T_28.256;
T_28.221 ;
    %pushi/vec4 193, 0, 8;
    %store/vec4 v00000174f7e8eda0_0, 0, 8;
    %jmp T_28.256;
T_28.222 ;
    %pushi/vec4 29, 0, 8;
    %store/vec4 v00000174f7e8eda0_0, 0, 8;
    %jmp T_28.256;
T_28.223 ;
    %pushi/vec4 158, 0, 8;
    %store/vec4 v00000174f7e8eda0_0, 0, 8;
    %jmp T_28.256;
T_28.224 ;
    %pushi/vec4 225, 0, 8;
    %store/vec4 v00000174f7e8eda0_0, 0, 8;
    %jmp T_28.256;
T_28.225 ;
    %pushi/vec4 248, 0, 8;
    %store/vec4 v00000174f7e8eda0_0, 0, 8;
    %jmp T_28.256;
T_28.226 ;
    %pushi/vec4 152, 0, 8;
    %store/vec4 v00000174f7e8eda0_0, 0, 8;
    %jmp T_28.256;
T_28.227 ;
    %pushi/vec4 17, 0, 8;
    %store/vec4 v00000174f7e8eda0_0, 0, 8;
    %jmp T_28.256;
T_28.228 ;
    %pushi/vec4 105, 0, 8;
    %store/vec4 v00000174f7e8eda0_0, 0, 8;
    %jmp T_28.256;
T_28.229 ;
    %pushi/vec4 217, 0, 8;
    %store/vec4 v00000174f7e8eda0_0, 0, 8;
    %jmp T_28.256;
T_28.230 ;
    %pushi/vec4 142, 0, 8;
    %store/vec4 v00000174f7e8eda0_0, 0, 8;
    %jmp T_28.256;
T_28.231 ;
    %pushi/vec4 148, 0, 8;
    %store/vec4 v00000174f7e8eda0_0, 0, 8;
    %jmp T_28.256;
T_28.232 ;
    %pushi/vec4 155, 0, 8;
    %store/vec4 v00000174f7e8eda0_0, 0, 8;
    %jmp T_28.256;
T_28.233 ;
    %pushi/vec4 30, 0, 8;
    %store/vec4 v00000174f7e8eda0_0, 0, 8;
    %jmp T_28.256;
T_28.234 ;
    %pushi/vec4 135, 0, 8;
    %store/vec4 v00000174f7e8eda0_0, 0, 8;
    %jmp T_28.256;
T_28.235 ;
    %pushi/vec4 233, 0, 8;
    %store/vec4 v00000174f7e8eda0_0, 0, 8;
    %jmp T_28.256;
T_28.236 ;
    %pushi/vec4 206, 0, 8;
    %store/vec4 v00000174f7e8eda0_0, 0, 8;
    %jmp T_28.256;
T_28.237 ;
    %pushi/vec4 85, 0, 8;
    %store/vec4 v00000174f7e8eda0_0, 0, 8;
    %jmp T_28.256;
T_28.238 ;
    %pushi/vec4 40, 0, 8;
    %store/vec4 v00000174f7e8eda0_0, 0, 8;
    %jmp T_28.256;
T_28.239 ;
    %pushi/vec4 223, 0, 8;
    %store/vec4 v00000174f7e8eda0_0, 0, 8;
    %jmp T_28.256;
T_28.240 ;
    %pushi/vec4 140, 0, 8;
    %store/vec4 v00000174f7e8eda0_0, 0, 8;
    %jmp T_28.256;
T_28.241 ;
    %pushi/vec4 161, 0, 8;
    %store/vec4 v00000174f7e8eda0_0, 0, 8;
    %jmp T_28.256;
T_28.242 ;
    %pushi/vec4 137, 0, 8;
    %store/vec4 v00000174f7e8eda0_0, 0, 8;
    %jmp T_28.256;
T_28.243 ;
    %pushi/vec4 13, 0, 8;
    %store/vec4 v00000174f7e8eda0_0, 0, 8;
    %jmp T_28.256;
T_28.244 ;
    %pushi/vec4 191, 0, 8;
    %store/vec4 v00000174f7e8eda0_0, 0, 8;
    %jmp T_28.256;
T_28.245 ;
    %pushi/vec4 230, 0, 8;
    %store/vec4 v00000174f7e8eda0_0, 0, 8;
    %jmp T_28.256;
T_28.246 ;
    %pushi/vec4 66, 0, 8;
    %store/vec4 v00000174f7e8eda0_0, 0, 8;
    %jmp T_28.256;
T_28.247 ;
    %pushi/vec4 104, 0, 8;
    %store/vec4 v00000174f7e8eda0_0, 0, 8;
    %jmp T_28.256;
T_28.248 ;
    %pushi/vec4 65, 0, 8;
    %store/vec4 v00000174f7e8eda0_0, 0, 8;
    %jmp T_28.256;
T_28.249 ;
    %pushi/vec4 153, 0, 8;
    %store/vec4 v00000174f7e8eda0_0, 0, 8;
    %jmp T_28.256;
T_28.250 ;
    %pushi/vec4 45, 0, 8;
    %store/vec4 v00000174f7e8eda0_0, 0, 8;
    %jmp T_28.256;
T_28.251 ;
    %pushi/vec4 15, 0, 8;
    %store/vec4 v00000174f7e8eda0_0, 0, 8;
    %jmp T_28.256;
T_28.252 ;
    %pushi/vec4 176, 0, 8;
    %store/vec4 v00000174f7e8eda0_0, 0, 8;
    %jmp T_28.256;
T_28.253 ;
    %pushi/vec4 84, 0, 8;
    %store/vec4 v00000174f7e8eda0_0, 0, 8;
    %jmp T_28.256;
T_28.254 ;
    %pushi/vec4 187, 0, 8;
    %store/vec4 v00000174f7e8eda0_0, 0, 8;
    %jmp T_28.256;
T_28.255 ;
    %pushi/vec4 22, 0, 8;
    %store/vec4 v00000174f7e8eda0_0, 0, 8;
    %jmp T_28.256;
T_28.256 ;
    %pop/vec4 1;
    %jmp T_28;
    .thread T_28, $push;
    .scope S_00000174f7e932c0;
T_29 ;
    %wait E_00000174f7e065d0;
    %load/vec4 v00000174f7e8f520_0;
    %dup/vec4;
    %pushi/vec4 0, 0, 8;
    %cmp/u;
    %jmp/1 T_29.0, 6;
    %dup/vec4;
    %pushi/vec4 1, 0, 8;
    %cmp/u;
    %jmp/1 T_29.1, 6;
    %dup/vec4;
    %pushi/vec4 2, 0, 8;
    %cmp/u;
    %jmp/1 T_29.2, 6;
    %dup/vec4;
    %pushi/vec4 3, 0, 8;
    %cmp/u;
    %jmp/1 T_29.3, 6;
    %dup/vec4;
    %pushi/vec4 4, 0, 8;
    %cmp/u;
    %jmp/1 T_29.4, 6;
    %dup/vec4;
    %pushi/vec4 5, 0, 8;
    %cmp/u;
    %jmp/1 T_29.5, 6;
    %dup/vec4;
    %pushi/vec4 6, 0, 8;
    %cmp/u;
    %jmp/1 T_29.6, 6;
    %dup/vec4;
    %pushi/vec4 7, 0, 8;
    %cmp/u;
    %jmp/1 T_29.7, 6;
    %dup/vec4;
    %pushi/vec4 8, 0, 8;
    %cmp/u;
    %jmp/1 T_29.8, 6;
    %dup/vec4;
    %pushi/vec4 9, 0, 8;
    %cmp/u;
    %jmp/1 T_29.9, 6;
    %dup/vec4;
    %pushi/vec4 10, 0, 8;
    %cmp/u;
    %jmp/1 T_29.10, 6;
    %dup/vec4;
    %pushi/vec4 11, 0, 8;
    %cmp/u;
    %jmp/1 T_29.11, 6;
    %dup/vec4;
    %pushi/vec4 12, 0, 8;
    %cmp/u;
    %jmp/1 T_29.12, 6;
    %dup/vec4;
    %pushi/vec4 13, 0, 8;
    %cmp/u;
    %jmp/1 T_29.13, 6;
    %dup/vec4;
    %pushi/vec4 14, 0, 8;
    %cmp/u;
    %jmp/1 T_29.14, 6;
    %dup/vec4;
    %pushi/vec4 15, 0, 8;
    %cmp/u;
    %jmp/1 T_29.15, 6;
    %dup/vec4;
    %pushi/vec4 16, 0, 8;
    %cmp/u;
    %jmp/1 T_29.16, 6;
    %dup/vec4;
    %pushi/vec4 17, 0, 8;
    %cmp/u;
    %jmp/1 T_29.17, 6;
    %dup/vec4;
    %pushi/vec4 18, 0, 8;
    %cmp/u;
    %jmp/1 T_29.18, 6;
    %dup/vec4;
    %pushi/vec4 19, 0, 8;
    %cmp/u;
    %jmp/1 T_29.19, 6;
    %dup/vec4;
    %pushi/vec4 20, 0, 8;
    %cmp/u;
    %jmp/1 T_29.20, 6;
    %dup/vec4;
    %pushi/vec4 21, 0, 8;
    %cmp/u;
    %jmp/1 T_29.21, 6;
    %dup/vec4;
    %pushi/vec4 22, 0, 8;
    %cmp/u;
    %jmp/1 T_29.22, 6;
    %dup/vec4;
    %pushi/vec4 23, 0, 8;
    %cmp/u;
    %jmp/1 T_29.23, 6;
    %dup/vec4;
    %pushi/vec4 24, 0, 8;
    %cmp/u;
    %jmp/1 T_29.24, 6;
    %dup/vec4;
    %pushi/vec4 25, 0, 8;
    %cmp/u;
    %jmp/1 T_29.25, 6;
    %dup/vec4;
    %pushi/vec4 26, 0, 8;
    %cmp/u;
    %jmp/1 T_29.26, 6;
    %dup/vec4;
    %pushi/vec4 27, 0, 8;
    %cmp/u;
    %jmp/1 T_29.27, 6;
    %dup/vec4;
    %pushi/vec4 28, 0, 8;
    %cmp/u;
    %jmp/1 T_29.28, 6;
    %dup/vec4;
    %pushi/vec4 29, 0, 8;
    %cmp/u;
    %jmp/1 T_29.29, 6;
    %dup/vec4;
    %pushi/vec4 30, 0, 8;
    %cmp/u;
    %jmp/1 T_29.30, 6;
    %dup/vec4;
    %pushi/vec4 31, 0, 8;
    %cmp/u;
    %jmp/1 T_29.31, 6;
    %dup/vec4;
    %pushi/vec4 32, 0, 8;
    %cmp/u;
    %jmp/1 T_29.32, 6;
    %dup/vec4;
    %pushi/vec4 33, 0, 8;
    %cmp/u;
    %jmp/1 T_29.33, 6;
    %dup/vec4;
    %pushi/vec4 34, 0, 8;
    %cmp/u;
    %jmp/1 T_29.34, 6;
    %dup/vec4;
    %pushi/vec4 35, 0, 8;
    %cmp/u;
    %jmp/1 T_29.35, 6;
    %dup/vec4;
    %pushi/vec4 36, 0, 8;
    %cmp/u;
    %jmp/1 T_29.36, 6;
    %dup/vec4;
    %pushi/vec4 37, 0, 8;
    %cmp/u;
    %jmp/1 T_29.37, 6;
    %dup/vec4;
    %pushi/vec4 38, 0, 8;
    %cmp/u;
    %jmp/1 T_29.38, 6;
    %dup/vec4;
    %pushi/vec4 39, 0, 8;
    %cmp/u;
    %jmp/1 T_29.39, 6;
    %dup/vec4;
    %pushi/vec4 40, 0, 8;
    %cmp/u;
    %jmp/1 T_29.40, 6;
    %dup/vec4;
    %pushi/vec4 41, 0, 8;
    %cmp/u;
    %jmp/1 T_29.41, 6;
    %dup/vec4;
    %pushi/vec4 42, 0, 8;
    %cmp/u;
    %jmp/1 T_29.42, 6;
    %dup/vec4;
    %pushi/vec4 43, 0, 8;
    %cmp/u;
    %jmp/1 T_29.43, 6;
    %dup/vec4;
    %pushi/vec4 44, 0, 8;
    %cmp/u;
    %jmp/1 T_29.44, 6;
    %dup/vec4;
    %pushi/vec4 45, 0, 8;
    %cmp/u;
    %jmp/1 T_29.45, 6;
    %dup/vec4;
    %pushi/vec4 46, 0, 8;
    %cmp/u;
    %jmp/1 T_29.46, 6;
    %dup/vec4;
    %pushi/vec4 47, 0, 8;
    %cmp/u;
    %jmp/1 T_29.47, 6;
    %dup/vec4;
    %pushi/vec4 48, 0, 8;
    %cmp/u;
    %jmp/1 T_29.48, 6;
    %dup/vec4;
    %pushi/vec4 49, 0, 8;
    %cmp/u;
    %jmp/1 T_29.49, 6;
    %dup/vec4;
    %pushi/vec4 50, 0, 8;
    %cmp/u;
    %jmp/1 T_29.50, 6;
    %dup/vec4;
    %pushi/vec4 51, 0, 8;
    %cmp/u;
    %jmp/1 T_29.51, 6;
    %dup/vec4;
    %pushi/vec4 52, 0, 8;
    %cmp/u;
    %jmp/1 T_29.52, 6;
    %dup/vec4;
    %pushi/vec4 53, 0, 8;
    %cmp/u;
    %jmp/1 T_29.53, 6;
    %dup/vec4;
    %pushi/vec4 54, 0, 8;
    %cmp/u;
    %jmp/1 T_29.54, 6;
    %dup/vec4;
    %pushi/vec4 55, 0, 8;
    %cmp/u;
    %jmp/1 T_29.55, 6;
    %dup/vec4;
    %pushi/vec4 56, 0, 8;
    %cmp/u;
    %jmp/1 T_29.56, 6;
    %dup/vec4;
    %pushi/vec4 57, 0, 8;
    %cmp/u;
    %jmp/1 T_29.57, 6;
    %dup/vec4;
    %pushi/vec4 58, 0, 8;
    %cmp/u;
    %jmp/1 T_29.58, 6;
    %dup/vec4;
    %pushi/vec4 59, 0, 8;
    %cmp/u;
    %jmp/1 T_29.59, 6;
    %dup/vec4;
    %pushi/vec4 60, 0, 8;
    %cmp/u;
    %jmp/1 T_29.60, 6;
    %dup/vec4;
    %pushi/vec4 61, 0, 8;
    %cmp/u;
    %jmp/1 T_29.61, 6;
    %dup/vec4;
    %pushi/vec4 62, 0, 8;
    %cmp/u;
    %jmp/1 T_29.62, 6;
    %dup/vec4;
    %pushi/vec4 63, 0, 8;
    %cmp/u;
    %jmp/1 T_29.63, 6;
    %dup/vec4;
    %pushi/vec4 64, 0, 8;
    %cmp/u;
    %jmp/1 T_29.64, 6;
    %dup/vec4;
    %pushi/vec4 65, 0, 8;
    %cmp/u;
    %jmp/1 T_29.65, 6;
    %dup/vec4;
    %pushi/vec4 66, 0, 8;
    %cmp/u;
    %jmp/1 T_29.66, 6;
    %dup/vec4;
    %pushi/vec4 67, 0, 8;
    %cmp/u;
    %jmp/1 T_29.67, 6;
    %dup/vec4;
    %pushi/vec4 68, 0, 8;
    %cmp/u;
    %jmp/1 T_29.68, 6;
    %dup/vec4;
    %pushi/vec4 69, 0, 8;
    %cmp/u;
    %jmp/1 T_29.69, 6;
    %dup/vec4;
    %pushi/vec4 70, 0, 8;
    %cmp/u;
    %jmp/1 T_29.70, 6;
    %dup/vec4;
    %pushi/vec4 71, 0, 8;
    %cmp/u;
    %jmp/1 T_29.71, 6;
    %dup/vec4;
    %pushi/vec4 72, 0, 8;
    %cmp/u;
    %jmp/1 T_29.72, 6;
    %dup/vec4;
    %pushi/vec4 73, 0, 8;
    %cmp/u;
    %jmp/1 T_29.73, 6;
    %dup/vec4;
    %pushi/vec4 74, 0, 8;
    %cmp/u;
    %jmp/1 T_29.74, 6;
    %dup/vec4;
    %pushi/vec4 75, 0, 8;
    %cmp/u;
    %jmp/1 T_29.75, 6;
    %dup/vec4;
    %pushi/vec4 76, 0, 8;
    %cmp/u;
    %jmp/1 T_29.76, 6;
    %dup/vec4;
    %pushi/vec4 77, 0, 8;
    %cmp/u;
    %jmp/1 T_29.77, 6;
    %dup/vec4;
    %pushi/vec4 78, 0, 8;
    %cmp/u;
    %jmp/1 T_29.78, 6;
    %dup/vec4;
    %pushi/vec4 79, 0, 8;
    %cmp/u;
    %jmp/1 T_29.79, 6;
    %dup/vec4;
    %pushi/vec4 80, 0, 8;
    %cmp/u;
    %jmp/1 T_29.80, 6;
    %dup/vec4;
    %pushi/vec4 81, 0, 8;
    %cmp/u;
    %jmp/1 T_29.81, 6;
    %dup/vec4;
    %pushi/vec4 82, 0, 8;
    %cmp/u;
    %jmp/1 T_29.82, 6;
    %dup/vec4;
    %pushi/vec4 83, 0, 8;
    %cmp/u;
    %jmp/1 T_29.83, 6;
    %dup/vec4;
    %pushi/vec4 84, 0, 8;
    %cmp/u;
    %jmp/1 T_29.84, 6;
    %dup/vec4;
    %pushi/vec4 85, 0, 8;
    %cmp/u;
    %jmp/1 T_29.85, 6;
    %dup/vec4;
    %pushi/vec4 86, 0, 8;
    %cmp/u;
    %jmp/1 T_29.86, 6;
    %dup/vec4;
    %pushi/vec4 87, 0, 8;
    %cmp/u;
    %jmp/1 T_29.87, 6;
    %dup/vec4;
    %pushi/vec4 88, 0, 8;
    %cmp/u;
    %jmp/1 T_29.88, 6;
    %dup/vec4;
    %pushi/vec4 89, 0, 8;
    %cmp/u;
    %jmp/1 T_29.89, 6;
    %dup/vec4;
    %pushi/vec4 90, 0, 8;
    %cmp/u;
    %jmp/1 T_29.90, 6;
    %dup/vec4;
    %pushi/vec4 91, 0, 8;
    %cmp/u;
    %jmp/1 T_29.91, 6;
    %dup/vec4;
    %pushi/vec4 92, 0, 8;
    %cmp/u;
    %jmp/1 T_29.92, 6;
    %dup/vec4;
    %pushi/vec4 93, 0, 8;
    %cmp/u;
    %jmp/1 T_29.93, 6;
    %dup/vec4;
    %pushi/vec4 94, 0, 8;
    %cmp/u;
    %jmp/1 T_29.94, 6;
    %dup/vec4;
    %pushi/vec4 95, 0, 8;
    %cmp/u;
    %jmp/1 T_29.95, 6;
    %dup/vec4;
    %pushi/vec4 96, 0, 8;
    %cmp/u;
    %jmp/1 T_29.96, 6;
    %dup/vec4;
    %pushi/vec4 97, 0, 8;
    %cmp/u;
    %jmp/1 T_29.97, 6;
    %dup/vec4;
    %pushi/vec4 98, 0, 8;
    %cmp/u;
    %jmp/1 T_29.98, 6;
    %dup/vec4;
    %pushi/vec4 99, 0, 8;
    %cmp/u;
    %jmp/1 T_29.99, 6;
    %dup/vec4;
    %pushi/vec4 100, 0, 8;
    %cmp/u;
    %jmp/1 T_29.100, 6;
    %dup/vec4;
    %pushi/vec4 101, 0, 8;
    %cmp/u;
    %jmp/1 T_29.101, 6;
    %dup/vec4;
    %pushi/vec4 102, 0, 8;
    %cmp/u;
    %jmp/1 T_29.102, 6;
    %dup/vec4;
    %pushi/vec4 103, 0, 8;
    %cmp/u;
    %jmp/1 T_29.103, 6;
    %dup/vec4;
    %pushi/vec4 104, 0, 8;
    %cmp/u;
    %jmp/1 T_29.104, 6;
    %dup/vec4;
    %pushi/vec4 105, 0, 8;
    %cmp/u;
    %jmp/1 T_29.105, 6;
    %dup/vec4;
    %pushi/vec4 106, 0, 8;
    %cmp/u;
    %jmp/1 T_29.106, 6;
    %dup/vec4;
    %pushi/vec4 107, 0, 8;
    %cmp/u;
    %jmp/1 T_29.107, 6;
    %dup/vec4;
    %pushi/vec4 108, 0, 8;
    %cmp/u;
    %jmp/1 T_29.108, 6;
    %dup/vec4;
    %pushi/vec4 109, 0, 8;
    %cmp/u;
    %jmp/1 T_29.109, 6;
    %dup/vec4;
    %pushi/vec4 110, 0, 8;
    %cmp/u;
    %jmp/1 T_29.110, 6;
    %dup/vec4;
    %pushi/vec4 111, 0, 8;
    %cmp/u;
    %jmp/1 T_29.111, 6;
    %dup/vec4;
    %pushi/vec4 112, 0, 8;
    %cmp/u;
    %jmp/1 T_29.112, 6;
    %dup/vec4;
    %pushi/vec4 113, 0, 8;
    %cmp/u;
    %jmp/1 T_29.113, 6;
    %dup/vec4;
    %pushi/vec4 114, 0, 8;
    %cmp/u;
    %jmp/1 T_29.114, 6;
    %dup/vec4;
    %pushi/vec4 115, 0, 8;
    %cmp/u;
    %jmp/1 T_29.115, 6;
    %dup/vec4;
    %pushi/vec4 116, 0, 8;
    %cmp/u;
    %jmp/1 T_29.116, 6;
    %dup/vec4;
    %pushi/vec4 117, 0, 8;
    %cmp/u;
    %jmp/1 T_29.117, 6;
    %dup/vec4;
    %pushi/vec4 118, 0, 8;
    %cmp/u;
    %jmp/1 T_29.118, 6;
    %dup/vec4;
    %pushi/vec4 119, 0, 8;
    %cmp/u;
    %jmp/1 T_29.119, 6;
    %dup/vec4;
    %pushi/vec4 120, 0, 8;
    %cmp/u;
    %jmp/1 T_29.120, 6;
    %dup/vec4;
    %pushi/vec4 121, 0, 8;
    %cmp/u;
    %jmp/1 T_29.121, 6;
    %dup/vec4;
    %pushi/vec4 122, 0, 8;
    %cmp/u;
    %jmp/1 T_29.122, 6;
    %dup/vec4;
    %pushi/vec4 123, 0, 8;
    %cmp/u;
    %jmp/1 T_29.123, 6;
    %dup/vec4;
    %pushi/vec4 124, 0, 8;
    %cmp/u;
    %jmp/1 T_29.124, 6;
    %dup/vec4;
    %pushi/vec4 125, 0, 8;
    %cmp/u;
    %jmp/1 T_29.125, 6;
    %dup/vec4;
    %pushi/vec4 126, 0, 8;
    %cmp/u;
    %jmp/1 T_29.126, 6;
    %dup/vec4;
    %pushi/vec4 127, 0, 8;
    %cmp/u;
    %jmp/1 T_29.127, 6;
    %dup/vec4;
    %pushi/vec4 128, 0, 8;
    %cmp/u;
    %jmp/1 T_29.128, 6;
    %dup/vec4;
    %pushi/vec4 129, 0, 8;
    %cmp/u;
    %jmp/1 T_29.129, 6;
    %dup/vec4;
    %pushi/vec4 130, 0, 8;
    %cmp/u;
    %jmp/1 T_29.130, 6;
    %dup/vec4;
    %pushi/vec4 131, 0, 8;
    %cmp/u;
    %jmp/1 T_29.131, 6;
    %dup/vec4;
    %pushi/vec4 132, 0, 8;
    %cmp/u;
    %jmp/1 T_29.132, 6;
    %dup/vec4;
    %pushi/vec4 133, 0, 8;
    %cmp/u;
    %jmp/1 T_29.133, 6;
    %dup/vec4;
    %pushi/vec4 134, 0, 8;
    %cmp/u;
    %jmp/1 T_29.134, 6;
    %dup/vec4;
    %pushi/vec4 135, 0, 8;
    %cmp/u;
    %jmp/1 T_29.135, 6;
    %dup/vec4;
    %pushi/vec4 136, 0, 8;
    %cmp/u;
    %jmp/1 T_29.136, 6;
    %dup/vec4;
    %pushi/vec4 137, 0, 8;
    %cmp/u;
    %jmp/1 T_29.137, 6;
    %dup/vec4;
    %pushi/vec4 138, 0, 8;
    %cmp/u;
    %jmp/1 T_29.138, 6;
    %dup/vec4;
    %pushi/vec4 139, 0, 8;
    %cmp/u;
    %jmp/1 T_29.139, 6;
    %dup/vec4;
    %pushi/vec4 140, 0, 8;
    %cmp/u;
    %jmp/1 T_29.140, 6;
    %dup/vec4;
    %pushi/vec4 141, 0, 8;
    %cmp/u;
    %jmp/1 T_29.141, 6;
    %dup/vec4;
    %pushi/vec4 142, 0, 8;
    %cmp/u;
    %jmp/1 T_29.142, 6;
    %dup/vec4;
    %pushi/vec4 143, 0, 8;
    %cmp/u;
    %jmp/1 T_29.143, 6;
    %dup/vec4;
    %pushi/vec4 144, 0, 8;
    %cmp/u;
    %jmp/1 T_29.144, 6;
    %dup/vec4;
    %pushi/vec4 145, 0, 8;
    %cmp/u;
    %jmp/1 T_29.145, 6;
    %dup/vec4;
    %pushi/vec4 146, 0, 8;
    %cmp/u;
    %jmp/1 T_29.146, 6;
    %dup/vec4;
    %pushi/vec4 147, 0, 8;
    %cmp/u;
    %jmp/1 T_29.147, 6;
    %dup/vec4;
    %pushi/vec4 148, 0, 8;
    %cmp/u;
    %jmp/1 T_29.148, 6;
    %dup/vec4;
    %pushi/vec4 149, 0, 8;
    %cmp/u;
    %jmp/1 T_29.149, 6;
    %dup/vec4;
    %pushi/vec4 150, 0, 8;
    %cmp/u;
    %jmp/1 T_29.150, 6;
    %dup/vec4;
    %pushi/vec4 151, 0, 8;
    %cmp/u;
    %jmp/1 T_29.151, 6;
    %dup/vec4;
    %pushi/vec4 152, 0, 8;
    %cmp/u;
    %jmp/1 T_29.152, 6;
    %dup/vec4;
    %pushi/vec4 153, 0, 8;
    %cmp/u;
    %jmp/1 T_29.153, 6;
    %dup/vec4;
    %pushi/vec4 154, 0, 8;
    %cmp/u;
    %jmp/1 T_29.154, 6;
    %dup/vec4;
    %pushi/vec4 155, 0, 8;
    %cmp/u;
    %jmp/1 T_29.155, 6;
    %dup/vec4;
    %pushi/vec4 156, 0, 8;
    %cmp/u;
    %jmp/1 T_29.156, 6;
    %dup/vec4;
    %pushi/vec4 157, 0, 8;
    %cmp/u;
    %jmp/1 T_29.157, 6;
    %dup/vec4;
    %pushi/vec4 158, 0, 8;
    %cmp/u;
    %jmp/1 T_29.158, 6;
    %dup/vec4;
    %pushi/vec4 159, 0, 8;
    %cmp/u;
    %jmp/1 T_29.159, 6;
    %dup/vec4;
    %pushi/vec4 160, 0, 8;
    %cmp/u;
    %jmp/1 T_29.160, 6;
    %dup/vec4;
    %pushi/vec4 161, 0, 8;
    %cmp/u;
    %jmp/1 T_29.161, 6;
    %dup/vec4;
    %pushi/vec4 162, 0, 8;
    %cmp/u;
    %jmp/1 T_29.162, 6;
    %dup/vec4;
    %pushi/vec4 163, 0, 8;
    %cmp/u;
    %jmp/1 T_29.163, 6;
    %dup/vec4;
    %pushi/vec4 164, 0, 8;
    %cmp/u;
    %jmp/1 T_29.164, 6;
    %dup/vec4;
    %pushi/vec4 165, 0, 8;
    %cmp/u;
    %jmp/1 T_29.165, 6;
    %dup/vec4;
    %pushi/vec4 166, 0, 8;
    %cmp/u;
    %jmp/1 T_29.166, 6;
    %dup/vec4;
    %pushi/vec4 167, 0, 8;
    %cmp/u;
    %jmp/1 T_29.167, 6;
    %dup/vec4;
    %pushi/vec4 168, 0, 8;
    %cmp/u;
    %jmp/1 T_29.168, 6;
    %dup/vec4;
    %pushi/vec4 169, 0, 8;
    %cmp/u;
    %jmp/1 T_29.169, 6;
    %dup/vec4;
    %pushi/vec4 170, 0, 8;
    %cmp/u;
    %jmp/1 T_29.170, 6;
    %dup/vec4;
    %pushi/vec4 171, 0, 8;
    %cmp/u;
    %jmp/1 T_29.171, 6;
    %dup/vec4;
    %pushi/vec4 172, 0, 8;
    %cmp/u;
    %jmp/1 T_29.172, 6;
    %dup/vec4;
    %pushi/vec4 173, 0, 8;
    %cmp/u;
    %jmp/1 T_29.173, 6;
    %dup/vec4;
    %pushi/vec4 174, 0, 8;
    %cmp/u;
    %jmp/1 T_29.174, 6;
    %dup/vec4;
    %pushi/vec4 175, 0, 8;
    %cmp/u;
    %jmp/1 T_29.175, 6;
    %dup/vec4;
    %pushi/vec4 176, 0, 8;
    %cmp/u;
    %jmp/1 T_29.176, 6;
    %dup/vec4;
    %pushi/vec4 177, 0, 8;
    %cmp/u;
    %jmp/1 T_29.177, 6;
    %dup/vec4;
    %pushi/vec4 178, 0, 8;
    %cmp/u;
    %jmp/1 T_29.178, 6;
    %dup/vec4;
    %pushi/vec4 179, 0, 8;
    %cmp/u;
    %jmp/1 T_29.179, 6;
    %dup/vec4;
    %pushi/vec4 180, 0, 8;
    %cmp/u;
    %jmp/1 T_29.180, 6;
    %dup/vec4;
    %pushi/vec4 181, 0, 8;
    %cmp/u;
    %jmp/1 T_29.181, 6;
    %dup/vec4;
    %pushi/vec4 182, 0, 8;
    %cmp/u;
    %jmp/1 T_29.182, 6;
    %dup/vec4;
    %pushi/vec4 183, 0, 8;
    %cmp/u;
    %jmp/1 T_29.183, 6;
    %dup/vec4;
    %pushi/vec4 184, 0, 8;
    %cmp/u;
    %jmp/1 T_29.184, 6;
    %dup/vec4;
    %pushi/vec4 185, 0, 8;
    %cmp/u;
    %jmp/1 T_29.185, 6;
    %dup/vec4;
    %pushi/vec4 186, 0, 8;
    %cmp/u;
    %jmp/1 T_29.186, 6;
    %dup/vec4;
    %pushi/vec4 187, 0, 8;
    %cmp/u;
    %jmp/1 T_29.187, 6;
    %dup/vec4;
    %pushi/vec4 188, 0, 8;
    %cmp/u;
    %jmp/1 T_29.188, 6;
    %dup/vec4;
    %pushi/vec4 189, 0, 8;
    %cmp/u;
    %jmp/1 T_29.189, 6;
    %dup/vec4;
    %pushi/vec4 190, 0, 8;
    %cmp/u;
    %jmp/1 T_29.190, 6;
    %dup/vec4;
    %pushi/vec4 191, 0, 8;
    %cmp/u;
    %jmp/1 T_29.191, 6;
    %dup/vec4;
    %pushi/vec4 192, 0, 8;
    %cmp/u;
    %jmp/1 T_29.192, 6;
    %dup/vec4;
    %pushi/vec4 193, 0, 8;
    %cmp/u;
    %jmp/1 T_29.193, 6;
    %dup/vec4;
    %pushi/vec4 194, 0, 8;
    %cmp/u;
    %jmp/1 T_29.194, 6;
    %dup/vec4;
    %pushi/vec4 195, 0, 8;
    %cmp/u;
    %jmp/1 T_29.195, 6;
    %dup/vec4;
    %pushi/vec4 196, 0, 8;
    %cmp/u;
    %jmp/1 T_29.196, 6;
    %dup/vec4;
    %pushi/vec4 197, 0, 8;
    %cmp/u;
    %jmp/1 T_29.197, 6;
    %dup/vec4;
    %pushi/vec4 198, 0, 8;
    %cmp/u;
    %jmp/1 T_29.198, 6;
    %dup/vec4;
    %pushi/vec4 199, 0, 8;
    %cmp/u;
    %jmp/1 T_29.199, 6;
    %dup/vec4;
    %pushi/vec4 200, 0, 8;
    %cmp/u;
    %jmp/1 T_29.200, 6;
    %dup/vec4;
    %pushi/vec4 201, 0, 8;
    %cmp/u;
    %jmp/1 T_29.201, 6;
    %dup/vec4;
    %pushi/vec4 202, 0, 8;
    %cmp/u;
    %jmp/1 T_29.202, 6;
    %dup/vec4;
    %pushi/vec4 203, 0, 8;
    %cmp/u;
    %jmp/1 T_29.203, 6;
    %dup/vec4;
    %pushi/vec4 204, 0, 8;
    %cmp/u;
    %jmp/1 T_29.204, 6;
    %dup/vec4;
    %pushi/vec4 205, 0, 8;
    %cmp/u;
    %jmp/1 T_29.205, 6;
    %dup/vec4;
    %pushi/vec4 206, 0, 8;
    %cmp/u;
    %jmp/1 T_29.206, 6;
    %dup/vec4;
    %pushi/vec4 207, 0, 8;
    %cmp/u;
    %jmp/1 T_29.207, 6;
    %dup/vec4;
    %pushi/vec4 208, 0, 8;
    %cmp/u;
    %jmp/1 T_29.208, 6;
    %dup/vec4;
    %pushi/vec4 209, 0, 8;
    %cmp/u;
    %jmp/1 T_29.209, 6;
    %dup/vec4;
    %pushi/vec4 210, 0, 8;
    %cmp/u;
    %jmp/1 T_29.210, 6;
    %dup/vec4;
    %pushi/vec4 211, 0, 8;
    %cmp/u;
    %jmp/1 T_29.211, 6;
    %dup/vec4;
    %pushi/vec4 212, 0, 8;
    %cmp/u;
    %jmp/1 T_29.212, 6;
    %dup/vec4;
    %pushi/vec4 213, 0, 8;
    %cmp/u;
    %jmp/1 T_29.213, 6;
    %dup/vec4;
    %pushi/vec4 214, 0, 8;
    %cmp/u;
    %jmp/1 T_29.214, 6;
    %dup/vec4;
    %pushi/vec4 215, 0, 8;
    %cmp/u;
    %jmp/1 T_29.215, 6;
    %dup/vec4;
    %pushi/vec4 216, 0, 8;
    %cmp/u;
    %jmp/1 T_29.216, 6;
    %dup/vec4;
    %pushi/vec4 217, 0, 8;
    %cmp/u;
    %jmp/1 T_29.217, 6;
    %dup/vec4;
    %pushi/vec4 218, 0, 8;
    %cmp/u;
    %jmp/1 T_29.218, 6;
    %dup/vec4;
    %pushi/vec4 219, 0, 8;
    %cmp/u;
    %jmp/1 T_29.219, 6;
    %dup/vec4;
    %pushi/vec4 220, 0, 8;
    %cmp/u;
    %jmp/1 T_29.220, 6;
    %dup/vec4;
    %pushi/vec4 221, 0, 8;
    %cmp/u;
    %jmp/1 T_29.221, 6;
    %dup/vec4;
    %pushi/vec4 222, 0, 8;
    %cmp/u;
    %jmp/1 T_29.222, 6;
    %dup/vec4;
    %pushi/vec4 223, 0, 8;
    %cmp/u;
    %jmp/1 T_29.223, 6;
    %dup/vec4;
    %pushi/vec4 224, 0, 8;
    %cmp/u;
    %jmp/1 T_29.224, 6;
    %dup/vec4;
    %pushi/vec4 225, 0, 8;
    %cmp/u;
    %jmp/1 T_29.225, 6;
    %dup/vec4;
    %pushi/vec4 226, 0, 8;
    %cmp/u;
    %jmp/1 T_29.226, 6;
    %dup/vec4;
    %pushi/vec4 227, 0, 8;
    %cmp/u;
    %jmp/1 T_29.227, 6;
    %dup/vec4;
    %pushi/vec4 228, 0, 8;
    %cmp/u;
    %jmp/1 T_29.228, 6;
    %dup/vec4;
    %pushi/vec4 229, 0, 8;
    %cmp/u;
    %jmp/1 T_29.229, 6;
    %dup/vec4;
    %pushi/vec4 230, 0, 8;
    %cmp/u;
    %jmp/1 T_29.230, 6;
    %dup/vec4;
    %pushi/vec4 231, 0, 8;
    %cmp/u;
    %jmp/1 T_29.231, 6;
    %dup/vec4;
    %pushi/vec4 232, 0, 8;
    %cmp/u;
    %jmp/1 T_29.232, 6;
    %dup/vec4;
    %pushi/vec4 233, 0, 8;
    %cmp/u;
    %jmp/1 T_29.233, 6;
    %dup/vec4;
    %pushi/vec4 234, 0, 8;
    %cmp/u;
    %jmp/1 T_29.234, 6;
    %dup/vec4;
    %pushi/vec4 235, 0, 8;
    %cmp/u;
    %jmp/1 T_29.235, 6;
    %dup/vec4;
    %pushi/vec4 236, 0, 8;
    %cmp/u;
    %jmp/1 T_29.236, 6;
    %dup/vec4;
    %pushi/vec4 237, 0, 8;
    %cmp/u;
    %jmp/1 T_29.237, 6;
    %dup/vec4;
    %pushi/vec4 238, 0, 8;
    %cmp/u;
    %jmp/1 T_29.238, 6;
    %dup/vec4;
    %pushi/vec4 239, 0, 8;
    %cmp/u;
    %jmp/1 T_29.239, 6;
    %dup/vec4;
    %pushi/vec4 240, 0, 8;
    %cmp/u;
    %jmp/1 T_29.240, 6;
    %dup/vec4;
    %pushi/vec4 241, 0, 8;
    %cmp/u;
    %jmp/1 T_29.241, 6;
    %dup/vec4;
    %pushi/vec4 242, 0, 8;
    %cmp/u;
    %jmp/1 T_29.242, 6;
    %dup/vec4;
    %pushi/vec4 243, 0, 8;
    %cmp/u;
    %jmp/1 T_29.243, 6;
    %dup/vec4;
    %pushi/vec4 244, 0, 8;
    %cmp/u;
    %jmp/1 T_29.244, 6;
    %dup/vec4;
    %pushi/vec4 245, 0, 8;
    %cmp/u;
    %jmp/1 T_29.245, 6;
    %dup/vec4;
    %pushi/vec4 246, 0, 8;
    %cmp/u;
    %jmp/1 T_29.246, 6;
    %dup/vec4;
    %pushi/vec4 247, 0, 8;
    %cmp/u;
    %jmp/1 T_29.247, 6;
    %dup/vec4;
    %pushi/vec4 248, 0, 8;
    %cmp/u;
    %jmp/1 T_29.248, 6;
    %dup/vec4;
    %pushi/vec4 249, 0, 8;
    %cmp/u;
    %jmp/1 T_29.249, 6;
    %dup/vec4;
    %pushi/vec4 250, 0, 8;
    %cmp/u;
    %jmp/1 T_29.250, 6;
    %dup/vec4;
    %pushi/vec4 251, 0, 8;
    %cmp/u;
    %jmp/1 T_29.251, 6;
    %dup/vec4;
    %pushi/vec4 252, 0, 8;
    %cmp/u;
    %jmp/1 T_29.252, 6;
    %dup/vec4;
    %pushi/vec4 253, 0, 8;
    %cmp/u;
    %jmp/1 T_29.253, 6;
    %dup/vec4;
    %pushi/vec4 254, 0, 8;
    %cmp/u;
    %jmp/1 T_29.254, 6;
    %dup/vec4;
    %pushi/vec4 255, 0, 8;
    %cmp/u;
    %jmp/1 T_29.255, 6;
    %jmp T_29.256;
T_29.0 ;
    %pushi/vec4 99, 0, 8;
    %store/vec4 v00000174f7e90060_0, 0, 8;
    %jmp T_29.256;
T_29.1 ;
    %pushi/vec4 124, 0, 8;
    %store/vec4 v00000174f7e90060_0, 0, 8;
    %jmp T_29.256;
T_29.2 ;
    %pushi/vec4 119, 0, 8;
    %store/vec4 v00000174f7e90060_0, 0, 8;
    %jmp T_29.256;
T_29.3 ;
    %pushi/vec4 123, 0, 8;
    %store/vec4 v00000174f7e90060_0, 0, 8;
    %jmp T_29.256;
T_29.4 ;
    %pushi/vec4 242, 0, 8;
    %store/vec4 v00000174f7e90060_0, 0, 8;
    %jmp T_29.256;
T_29.5 ;
    %pushi/vec4 107, 0, 8;
    %store/vec4 v00000174f7e90060_0, 0, 8;
    %jmp T_29.256;
T_29.6 ;
    %pushi/vec4 111, 0, 8;
    %store/vec4 v00000174f7e90060_0, 0, 8;
    %jmp T_29.256;
T_29.7 ;
    %pushi/vec4 197, 0, 8;
    %store/vec4 v00000174f7e90060_0, 0, 8;
    %jmp T_29.256;
T_29.8 ;
    %pushi/vec4 48, 0, 8;
    %store/vec4 v00000174f7e90060_0, 0, 8;
    %jmp T_29.256;
T_29.9 ;
    %pushi/vec4 1, 0, 8;
    %store/vec4 v00000174f7e90060_0, 0, 8;
    %jmp T_29.256;
T_29.10 ;
    %pushi/vec4 103, 0, 8;
    %store/vec4 v00000174f7e90060_0, 0, 8;
    %jmp T_29.256;
T_29.11 ;
    %pushi/vec4 43, 0, 8;
    %store/vec4 v00000174f7e90060_0, 0, 8;
    %jmp T_29.256;
T_29.12 ;
    %pushi/vec4 254, 0, 8;
    %store/vec4 v00000174f7e90060_0, 0, 8;
    %jmp T_29.256;
T_29.13 ;
    %pushi/vec4 215, 0, 8;
    %store/vec4 v00000174f7e90060_0, 0, 8;
    %jmp T_29.256;
T_29.14 ;
    %pushi/vec4 171, 0, 8;
    %store/vec4 v00000174f7e90060_0, 0, 8;
    %jmp T_29.256;
T_29.15 ;
    %pushi/vec4 118, 0, 8;
    %store/vec4 v00000174f7e90060_0, 0, 8;
    %jmp T_29.256;
T_29.16 ;
    %pushi/vec4 202, 0, 8;
    %store/vec4 v00000174f7e90060_0, 0, 8;
    %jmp T_29.256;
T_29.17 ;
    %pushi/vec4 130, 0, 8;
    %store/vec4 v00000174f7e90060_0, 0, 8;
    %jmp T_29.256;
T_29.18 ;
    %pushi/vec4 201, 0, 8;
    %store/vec4 v00000174f7e90060_0, 0, 8;
    %jmp T_29.256;
T_29.19 ;
    %pushi/vec4 125, 0, 8;
    %store/vec4 v00000174f7e90060_0, 0, 8;
    %jmp T_29.256;
T_29.20 ;
    %pushi/vec4 250, 0, 8;
    %store/vec4 v00000174f7e90060_0, 0, 8;
    %jmp T_29.256;
T_29.21 ;
    %pushi/vec4 89, 0, 8;
    %store/vec4 v00000174f7e90060_0, 0, 8;
    %jmp T_29.256;
T_29.22 ;
    %pushi/vec4 71, 0, 8;
    %store/vec4 v00000174f7e90060_0, 0, 8;
    %jmp T_29.256;
T_29.23 ;
    %pushi/vec4 240, 0, 8;
    %store/vec4 v00000174f7e90060_0, 0, 8;
    %jmp T_29.256;
T_29.24 ;
    %pushi/vec4 173, 0, 8;
    %store/vec4 v00000174f7e90060_0, 0, 8;
    %jmp T_29.256;
T_29.25 ;
    %pushi/vec4 212, 0, 8;
    %store/vec4 v00000174f7e90060_0, 0, 8;
    %jmp T_29.256;
T_29.26 ;
    %pushi/vec4 162, 0, 8;
    %store/vec4 v00000174f7e90060_0, 0, 8;
    %jmp T_29.256;
T_29.27 ;
    %pushi/vec4 175, 0, 8;
    %store/vec4 v00000174f7e90060_0, 0, 8;
    %jmp T_29.256;
T_29.28 ;
    %pushi/vec4 156, 0, 8;
    %store/vec4 v00000174f7e90060_0, 0, 8;
    %jmp T_29.256;
T_29.29 ;
    %pushi/vec4 164, 0, 8;
    %store/vec4 v00000174f7e90060_0, 0, 8;
    %jmp T_29.256;
T_29.30 ;
    %pushi/vec4 114, 0, 8;
    %store/vec4 v00000174f7e90060_0, 0, 8;
    %jmp T_29.256;
T_29.31 ;
    %pushi/vec4 192, 0, 8;
    %store/vec4 v00000174f7e90060_0, 0, 8;
    %jmp T_29.256;
T_29.32 ;
    %pushi/vec4 183, 0, 8;
    %store/vec4 v00000174f7e90060_0, 0, 8;
    %jmp T_29.256;
T_29.33 ;
    %pushi/vec4 253, 0, 8;
    %store/vec4 v00000174f7e90060_0, 0, 8;
    %jmp T_29.256;
T_29.34 ;
    %pushi/vec4 147, 0, 8;
    %store/vec4 v00000174f7e90060_0, 0, 8;
    %jmp T_29.256;
T_29.35 ;
    %pushi/vec4 38, 0, 8;
    %store/vec4 v00000174f7e90060_0, 0, 8;
    %jmp T_29.256;
T_29.36 ;
    %pushi/vec4 54, 0, 8;
    %store/vec4 v00000174f7e90060_0, 0, 8;
    %jmp T_29.256;
T_29.37 ;
    %pushi/vec4 63, 0, 8;
    %store/vec4 v00000174f7e90060_0, 0, 8;
    %jmp T_29.256;
T_29.38 ;
    %pushi/vec4 247, 0, 8;
    %store/vec4 v00000174f7e90060_0, 0, 8;
    %jmp T_29.256;
T_29.39 ;
    %pushi/vec4 204, 0, 8;
    %store/vec4 v00000174f7e90060_0, 0, 8;
    %jmp T_29.256;
T_29.40 ;
    %pushi/vec4 52, 0, 8;
    %store/vec4 v00000174f7e90060_0, 0, 8;
    %jmp T_29.256;
T_29.41 ;
    %pushi/vec4 165, 0, 8;
    %store/vec4 v00000174f7e90060_0, 0, 8;
    %jmp T_29.256;
T_29.42 ;
    %pushi/vec4 229, 0, 8;
    %store/vec4 v00000174f7e90060_0, 0, 8;
    %jmp T_29.256;
T_29.43 ;
    %pushi/vec4 241, 0, 8;
    %store/vec4 v00000174f7e90060_0, 0, 8;
    %jmp T_29.256;
T_29.44 ;
    %pushi/vec4 113, 0, 8;
    %store/vec4 v00000174f7e90060_0, 0, 8;
    %jmp T_29.256;
T_29.45 ;
    %pushi/vec4 216, 0, 8;
    %store/vec4 v00000174f7e90060_0, 0, 8;
    %jmp T_29.256;
T_29.46 ;
    %pushi/vec4 49, 0, 8;
    %store/vec4 v00000174f7e90060_0, 0, 8;
    %jmp T_29.256;
T_29.47 ;
    %pushi/vec4 21, 0, 8;
    %store/vec4 v00000174f7e90060_0, 0, 8;
    %jmp T_29.256;
T_29.48 ;
    %pushi/vec4 4, 0, 8;
    %store/vec4 v00000174f7e90060_0, 0, 8;
    %jmp T_29.256;
T_29.49 ;
    %pushi/vec4 199, 0, 8;
    %store/vec4 v00000174f7e90060_0, 0, 8;
    %jmp T_29.256;
T_29.50 ;
    %pushi/vec4 35, 0, 8;
    %store/vec4 v00000174f7e90060_0, 0, 8;
    %jmp T_29.256;
T_29.51 ;
    %pushi/vec4 195, 0, 8;
    %store/vec4 v00000174f7e90060_0, 0, 8;
    %jmp T_29.256;
T_29.52 ;
    %pushi/vec4 24, 0, 8;
    %store/vec4 v00000174f7e90060_0, 0, 8;
    %jmp T_29.256;
T_29.53 ;
    %pushi/vec4 150, 0, 8;
    %store/vec4 v00000174f7e90060_0, 0, 8;
    %jmp T_29.256;
T_29.54 ;
    %pushi/vec4 5, 0, 8;
    %store/vec4 v00000174f7e90060_0, 0, 8;
    %jmp T_29.256;
T_29.55 ;
    %pushi/vec4 154, 0, 8;
    %store/vec4 v00000174f7e90060_0, 0, 8;
    %jmp T_29.256;
T_29.56 ;
    %pushi/vec4 7, 0, 8;
    %store/vec4 v00000174f7e90060_0, 0, 8;
    %jmp T_29.256;
T_29.57 ;
    %pushi/vec4 18, 0, 8;
    %store/vec4 v00000174f7e90060_0, 0, 8;
    %jmp T_29.256;
T_29.58 ;
    %pushi/vec4 128, 0, 8;
    %store/vec4 v00000174f7e90060_0, 0, 8;
    %jmp T_29.256;
T_29.59 ;
    %pushi/vec4 226, 0, 8;
    %store/vec4 v00000174f7e90060_0, 0, 8;
    %jmp T_29.256;
T_29.60 ;
    %pushi/vec4 235, 0, 8;
    %store/vec4 v00000174f7e90060_0, 0, 8;
    %jmp T_29.256;
T_29.61 ;
    %pushi/vec4 39, 0, 8;
    %store/vec4 v00000174f7e90060_0, 0, 8;
    %jmp T_29.256;
T_29.62 ;
    %pushi/vec4 178, 0, 8;
    %store/vec4 v00000174f7e90060_0, 0, 8;
    %jmp T_29.256;
T_29.63 ;
    %pushi/vec4 117, 0, 8;
    %store/vec4 v00000174f7e90060_0, 0, 8;
    %jmp T_29.256;
T_29.64 ;
    %pushi/vec4 9, 0, 8;
    %store/vec4 v00000174f7e90060_0, 0, 8;
    %jmp T_29.256;
T_29.65 ;
    %pushi/vec4 131, 0, 8;
    %store/vec4 v00000174f7e90060_0, 0, 8;
    %jmp T_29.256;
T_29.66 ;
    %pushi/vec4 44, 0, 8;
    %store/vec4 v00000174f7e90060_0, 0, 8;
    %jmp T_29.256;
T_29.67 ;
    %pushi/vec4 26, 0, 8;
    %store/vec4 v00000174f7e90060_0, 0, 8;
    %jmp T_29.256;
T_29.68 ;
    %pushi/vec4 27, 0, 8;
    %store/vec4 v00000174f7e90060_0, 0, 8;
    %jmp T_29.256;
T_29.69 ;
    %pushi/vec4 110, 0, 8;
    %store/vec4 v00000174f7e90060_0, 0, 8;
    %jmp T_29.256;
T_29.70 ;
    %pushi/vec4 90, 0, 8;
    %store/vec4 v00000174f7e90060_0, 0, 8;
    %jmp T_29.256;
T_29.71 ;
    %pushi/vec4 160, 0, 8;
    %store/vec4 v00000174f7e90060_0, 0, 8;
    %jmp T_29.256;
T_29.72 ;
    %pushi/vec4 82, 0, 8;
    %store/vec4 v00000174f7e90060_0, 0, 8;
    %jmp T_29.256;
T_29.73 ;
    %pushi/vec4 59, 0, 8;
    %store/vec4 v00000174f7e90060_0, 0, 8;
    %jmp T_29.256;
T_29.74 ;
    %pushi/vec4 214, 0, 8;
    %store/vec4 v00000174f7e90060_0, 0, 8;
    %jmp T_29.256;
T_29.75 ;
    %pushi/vec4 179, 0, 8;
    %store/vec4 v00000174f7e90060_0, 0, 8;
    %jmp T_29.256;
T_29.76 ;
    %pushi/vec4 41, 0, 8;
    %store/vec4 v00000174f7e90060_0, 0, 8;
    %jmp T_29.256;
T_29.77 ;
    %pushi/vec4 227, 0, 8;
    %store/vec4 v00000174f7e90060_0, 0, 8;
    %jmp T_29.256;
T_29.78 ;
    %pushi/vec4 47, 0, 8;
    %store/vec4 v00000174f7e90060_0, 0, 8;
    %jmp T_29.256;
T_29.79 ;
    %pushi/vec4 132, 0, 8;
    %store/vec4 v00000174f7e90060_0, 0, 8;
    %jmp T_29.256;
T_29.80 ;
    %pushi/vec4 83, 0, 8;
    %store/vec4 v00000174f7e90060_0, 0, 8;
    %jmp T_29.256;
T_29.81 ;
    %pushi/vec4 209, 0, 8;
    %store/vec4 v00000174f7e90060_0, 0, 8;
    %jmp T_29.256;
T_29.82 ;
    %pushi/vec4 0, 0, 8;
    %store/vec4 v00000174f7e90060_0, 0, 8;
    %jmp T_29.256;
T_29.83 ;
    %pushi/vec4 237, 0, 8;
    %store/vec4 v00000174f7e90060_0, 0, 8;
    %jmp T_29.256;
T_29.84 ;
    %pushi/vec4 32, 0, 8;
    %store/vec4 v00000174f7e90060_0, 0, 8;
    %jmp T_29.256;
T_29.85 ;
    %pushi/vec4 252, 0, 8;
    %store/vec4 v00000174f7e90060_0, 0, 8;
    %jmp T_29.256;
T_29.86 ;
    %pushi/vec4 177, 0, 8;
    %store/vec4 v00000174f7e90060_0, 0, 8;
    %jmp T_29.256;
T_29.87 ;
    %pushi/vec4 91, 0, 8;
    %store/vec4 v00000174f7e90060_0, 0, 8;
    %jmp T_29.256;
T_29.88 ;
    %pushi/vec4 106, 0, 8;
    %store/vec4 v00000174f7e90060_0, 0, 8;
    %jmp T_29.256;
T_29.89 ;
    %pushi/vec4 203, 0, 8;
    %store/vec4 v00000174f7e90060_0, 0, 8;
    %jmp T_29.256;
T_29.90 ;
    %pushi/vec4 190, 0, 8;
    %store/vec4 v00000174f7e90060_0, 0, 8;
    %jmp T_29.256;
T_29.91 ;
    %pushi/vec4 57, 0, 8;
    %store/vec4 v00000174f7e90060_0, 0, 8;
    %jmp T_29.256;
T_29.92 ;
    %pushi/vec4 74, 0, 8;
    %store/vec4 v00000174f7e90060_0, 0, 8;
    %jmp T_29.256;
T_29.93 ;
    %pushi/vec4 76, 0, 8;
    %store/vec4 v00000174f7e90060_0, 0, 8;
    %jmp T_29.256;
T_29.94 ;
    %pushi/vec4 88, 0, 8;
    %store/vec4 v00000174f7e90060_0, 0, 8;
    %jmp T_29.256;
T_29.95 ;
    %pushi/vec4 207, 0, 8;
    %store/vec4 v00000174f7e90060_0, 0, 8;
    %jmp T_29.256;
T_29.96 ;
    %pushi/vec4 208, 0, 8;
    %store/vec4 v00000174f7e90060_0, 0, 8;
    %jmp T_29.256;
T_29.97 ;
    %pushi/vec4 239, 0, 8;
    %store/vec4 v00000174f7e90060_0, 0, 8;
    %jmp T_29.256;
T_29.98 ;
    %pushi/vec4 170, 0, 8;
    %store/vec4 v00000174f7e90060_0, 0, 8;
    %jmp T_29.256;
T_29.99 ;
    %pushi/vec4 251, 0, 8;
    %store/vec4 v00000174f7e90060_0, 0, 8;
    %jmp T_29.256;
T_29.100 ;
    %pushi/vec4 67, 0, 8;
    %store/vec4 v00000174f7e90060_0, 0, 8;
    %jmp T_29.256;
T_29.101 ;
    %pushi/vec4 77, 0, 8;
    %store/vec4 v00000174f7e90060_0, 0, 8;
    %jmp T_29.256;
T_29.102 ;
    %pushi/vec4 51, 0, 8;
    %store/vec4 v00000174f7e90060_0, 0, 8;
    %jmp T_29.256;
T_29.103 ;
    %pushi/vec4 133, 0, 8;
    %store/vec4 v00000174f7e90060_0, 0, 8;
    %jmp T_29.256;
T_29.104 ;
    %pushi/vec4 69, 0, 8;
    %store/vec4 v00000174f7e90060_0, 0, 8;
    %jmp T_29.256;
T_29.105 ;
    %pushi/vec4 249, 0, 8;
    %store/vec4 v00000174f7e90060_0, 0, 8;
    %jmp T_29.256;
T_29.106 ;
    %pushi/vec4 2, 0, 8;
    %store/vec4 v00000174f7e90060_0, 0, 8;
    %jmp T_29.256;
T_29.107 ;
    %pushi/vec4 127, 0, 8;
    %store/vec4 v00000174f7e90060_0, 0, 8;
    %jmp T_29.256;
T_29.108 ;
    %pushi/vec4 80, 0, 8;
    %store/vec4 v00000174f7e90060_0, 0, 8;
    %jmp T_29.256;
T_29.109 ;
    %pushi/vec4 60, 0, 8;
    %store/vec4 v00000174f7e90060_0, 0, 8;
    %jmp T_29.256;
T_29.110 ;
    %pushi/vec4 159, 0, 8;
    %store/vec4 v00000174f7e90060_0, 0, 8;
    %jmp T_29.256;
T_29.111 ;
    %pushi/vec4 168, 0, 8;
    %store/vec4 v00000174f7e90060_0, 0, 8;
    %jmp T_29.256;
T_29.112 ;
    %pushi/vec4 81, 0, 8;
    %store/vec4 v00000174f7e90060_0, 0, 8;
    %jmp T_29.256;
T_29.113 ;
    %pushi/vec4 163, 0, 8;
    %store/vec4 v00000174f7e90060_0, 0, 8;
    %jmp T_29.256;
T_29.114 ;
    %pushi/vec4 64, 0, 8;
    %store/vec4 v00000174f7e90060_0, 0, 8;
    %jmp T_29.256;
T_29.115 ;
    %pushi/vec4 143, 0, 8;
    %store/vec4 v00000174f7e90060_0, 0, 8;
    %jmp T_29.256;
T_29.116 ;
    %pushi/vec4 146, 0, 8;
    %store/vec4 v00000174f7e90060_0, 0, 8;
    %jmp T_29.256;
T_29.117 ;
    %pushi/vec4 157, 0, 8;
    %store/vec4 v00000174f7e90060_0, 0, 8;
    %jmp T_29.256;
T_29.118 ;
    %pushi/vec4 56, 0, 8;
    %store/vec4 v00000174f7e90060_0, 0, 8;
    %jmp T_29.256;
T_29.119 ;
    %pushi/vec4 245, 0, 8;
    %store/vec4 v00000174f7e90060_0, 0, 8;
    %jmp T_29.256;
T_29.120 ;
    %pushi/vec4 188, 0, 8;
    %store/vec4 v00000174f7e90060_0, 0, 8;
    %jmp T_29.256;
T_29.121 ;
    %pushi/vec4 182, 0, 8;
    %store/vec4 v00000174f7e90060_0, 0, 8;
    %jmp T_29.256;
T_29.122 ;
    %pushi/vec4 218, 0, 8;
    %store/vec4 v00000174f7e90060_0, 0, 8;
    %jmp T_29.256;
T_29.123 ;
    %pushi/vec4 33, 0, 8;
    %store/vec4 v00000174f7e90060_0, 0, 8;
    %jmp T_29.256;
T_29.124 ;
    %pushi/vec4 16, 0, 8;
    %store/vec4 v00000174f7e90060_0, 0, 8;
    %jmp T_29.256;
T_29.125 ;
    %pushi/vec4 255, 0, 8;
    %store/vec4 v00000174f7e90060_0, 0, 8;
    %jmp T_29.256;
T_29.126 ;
    %pushi/vec4 243, 0, 8;
    %store/vec4 v00000174f7e90060_0, 0, 8;
    %jmp T_29.256;
T_29.127 ;
    %pushi/vec4 210, 0, 8;
    %store/vec4 v00000174f7e90060_0, 0, 8;
    %jmp T_29.256;
T_29.128 ;
    %pushi/vec4 205, 0, 8;
    %store/vec4 v00000174f7e90060_0, 0, 8;
    %jmp T_29.256;
T_29.129 ;
    %pushi/vec4 12, 0, 8;
    %store/vec4 v00000174f7e90060_0, 0, 8;
    %jmp T_29.256;
T_29.130 ;
    %pushi/vec4 19, 0, 8;
    %store/vec4 v00000174f7e90060_0, 0, 8;
    %jmp T_29.256;
T_29.131 ;
    %pushi/vec4 236, 0, 8;
    %store/vec4 v00000174f7e90060_0, 0, 8;
    %jmp T_29.256;
T_29.132 ;
    %pushi/vec4 95, 0, 8;
    %store/vec4 v00000174f7e90060_0, 0, 8;
    %jmp T_29.256;
T_29.133 ;
    %pushi/vec4 151, 0, 8;
    %store/vec4 v00000174f7e90060_0, 0, 8;
    %jmp T_29.256;
T_29.134 ;
    %pushi/vec4 68, 0, 8;
    %store/vec4 v00000174f7e90060_0, 0, 8;
    %jmp T_29.256;
T_29.135 ;
    %pushi/vec4 23, 0, 8;
    %store/vec4 v00000174f7e90060_0, 0, 8;
    %jmp T_29.256;
T_29.136 ;
    %pushi/vec4 196, 0, 8;
    %store/vec4 v00000174f7e90060_0, 0, 8;
    %jmp T_29.256;
T_29.137 ;
    %pushi/vec4 167, 0, 8;
    %store/vec4 v00000174f7e90060_0, 0, 8;
    %jmp T_29.256;
T_29.138 ;
    %pushi/vec4 126, 0, 8;
    %store/vec4 v00000174f7e90060_0, 0, 8;
    %jmp T_29.256;
T_29.139 ;
    %pushi/vec4 61, 0, 8;
    %store/vec4 v00000174f7e90060_0, 0, 8;
    %jmp T_29.256;
T_29.140 ;
    %pushi/vec4 100, 0, 8;
    %store/vec4 v00000174f7e90060_0, 0, 8;
    %jmp T_29.256;
T_29.141 ;
    %pushi/vec4 93, 0, 8;
    %store/vec4 v00000174f7e90060_0, 0, 8;
    %jmp T_29.256;
T_29.142 ;
    %pushi/vec4 25, 0, 8;
    %store/vec4 v00000174f7e90060_0, 0, 8;
    %jmp T_29.256;
T_29.143 ;
    %pushi/vec4 115, 0, 8;
    %store/vec4 v00000174f7e90060_0, 0, 8;
    %jmp T_29.256;
T_29.144 ;
    %pushi/vec4 96, 0, 8;
    %store/vec4 v00000174f7e90060_0, 0, 8;
    %jmp T_29.256;
T_29.145 ;
    %pushi/vec4 129, 0, 8;
    %store/vec4 v00000174f7e90060_0, 0, 8;
    %jmp T_29.256;
T_29.146 ;
    %pushi/vec4 79, 0, 8;
    %store/vec4 v00000174f7e90060_0, 0, 8;
    %jmp T_29.256;
T_29.147 ;
    %pushi/vec4 220, 0, 8;
    %store/vec4 v00000174f7e90060_0, 0, 8;
    %jmp T_29.256;
T_29.148 ;
    %pushi/vec4 34, 0, 8;
    %store/vec4 v00000174f7e90060_0, 0, 8;
    %jmp T_29.256;
T_29.149 ;
    %pushi/vec4 42, 0, 8;
    %store/vec4 v00000174f7e90060_0, 0, 8;
    %jmp T_29.256;
T_29.150 ;
    %pushi/vec4 144, 0, 8;
    %store/vec4 v00000174f7e90060_0, 0, 8;
    %jmp T_29.256;
T_29.151 ;
    %pushi/vec4 136, 0, 8;
    %store/vec4 v00000174f7e90060_0, 0, 8;
    %jmp T_29.256;
T_29.152 ;
    %pushi/vec4 70, 0, 8;
    %store/vec4 v00000174f7e90060_0, 0, 8;
    %jmp T_29.256;
T_29.153 ;
    %pushi/vec4 238, 0, 8;
    %store/vec4 v00000174f7e90060_0, 0, 8;
    %jmp T_29.256;
T_29.154 ;
    %pushi/vec4 184, 0, 8;
    %store/vec4 v00000174f7e90060_0, 0, 8;
    %jmp T_29.256;
T_29.155 ;
    %pushi/vec4 20, 0, 8;
    %store/vec4 v00000174f7e90060_0, 0, 8;
    %jmp T_29.256;
T_29.156 ;
    %pushi/vec4 222, 0, 8;
    %store/vec4 v00000174f7e90060_0, 0, 8;
    %jmp T_29.256;
T_29.157 ;
    %pushi/vec4 94, 0, 8;
    %store/vec4 v00000174f7e90060_0, 0, 8;
    %jmp T_29.256;
T_29.158 ;
    %pushi/vec4 11, 0, 8;
    %store/vec4 v00000174f7e90060_0, 0, 8;
    %jmp T_29.256;
T_29.159 ;
    %pushi/vec4 219, 0, 8;
    %store/vec4 v00000174f7e90060_0, 0, 8;
    %jmp T_29.256;
T_29.160 ;
    %pushi/vec4 224, 0, 8;
    %store/vec4 v00000174f7e90060_0, 0, 8;
    %jmp T_29.256;
T_29.161 ;
    %pushi/vec4 50, 0, 8;
    %store/vec4 v00000174f7e90060_0, 0, 8;
    %jmp T_29.256;
T_29.162 ;
    %pushi/vec4 58, 0, 8;
    %store/vec4 v00000174f7e90060_0, 0, 8;
    %jmp T_29.256;
T_29.163 ;
    %pushi/vec4 10, 0, 8;
    %store/vec4 v00000174f7e90060_0, 0, 8;
    %jmp T_29.256;
T_29.164 ;
    %pushi/vec4 73, 0, 8;
    %store/vec4 v00000174f7e90060_0, 0, 8;
    %jmp T_29.256;
T_29.165 ;
    %pushi/vec4 6, 0, 8;
    %store/vec4 v00000174f7e90060_0, 0, 8;
    %jmp T_29.256;
T_29.166 ;
    %pushi/vec4 36, 0, 8;
    %store/vec4 v00000174f7e90060_0, 0, 8;
    %jmp T_29.256;
T_29.167 ;
    %pushi/vec4 92, 0, 8;
    %store/vec4 v00000174f7e90060_0, 0, 8;
    %jmp T_29.256;
T_29.168 ;
    %pushi/vec4 194, 0, 8;
    %store/vec4 v00000174f7e90060_0, 0, 8;
    %jmp T_29.256;
T_29.169 ;
    %pushi/vec4 211, 0, 8;
    %store/vec4 v00000174f7e90060_0, 0, 8;
    %jmp T_29.256;
T_29.170 ;
    %pushi/vec4 172, 0, 8;
    %store/vec4 v00000174f7e90060_0, 0, 8;
    %jmp T_29.256;
T_29.171 ;
    %pushi/vec4 98, 0, 8;
    %store/vec4 v00000174f7e90060_0, 0, 8;
    %jmp T_29.256;
T_29.172 ;
    %pushi/vec4 145, 0, 8;
    %store/vec4 v00000174f7e90060_0, 0, 8;
    %jmp T_29.256;
T_29.173 ;
    %pushi/vec4 149, 0, 8;
    %store/vec4 v00000174f7e90060_0, 0, 8;
    %jmp T_29.256;
T_29.174 ;
    %pushi/vec4 228, 0, 8;
    %store/vec4 v00000174f7e90060_0, 0, 8;
    %jmp T_29.256;
T_29.175 ;
    %pushi/vec4 121, 0, 8;
    %store/vec4 v00000174f7e90060_0, 0, 8;
    %jmp T_29.256;
T_29.176 ;
    %pushi/vec4 231, 0, 8;
    %store/vec4 v00000174f7e90060_0, 0, 8;
    %jmp T_29.256;
T_29.177 ;
    %pushi/vec4 200, 0, 8;
    %store/vec4 v00000174f7e90060_0, 0, 8;
    %jmp T_29.256;
T_29.178 ;
    %pushi/vec4 55, 0, 8;
    %store/vec4 v00000174f7e90060_0, 0, 8;
    %jmp T_29.256;
T_29.179 ;
    %pushi/vec4 109, 0, 8;
    %store/vec4 v00000174f7e90060_0, 0, 8;
    %jmp T_29.256;
T_29.180 ;
    %pushi/vec4 141, 0, 8;
    %store/vec4 v00000174f7e90060_0, 0, 8;
    %jmp T_29.256;
T_29.181 ;
    %pushi/vec4 213, 0, 8;
    %store/vec4 v00000174f7e90060_0, 0, 8;
    %jmp T_29.256;
T_29.182 ;
    %pushi/vec4 78, 0, 8;
    %store/vec4 v00000174f7e90060_0, 0, 8;
    %jmp T_29.256;
T_29.183 ;
    %pushi/vec4 169, 0, 8;
    %store/vec4 v00000174f7e90060_0, 0, 8;
    %jmp T_29.256;
T_29.184 ;
    %pushi/vec4 108, 0, 8;
    %store/vec4 v00000174f7e90060_0, 0, 8;
    %jmp T_29.256;
T_29.185 ;
    %pushi/vec4 86, 0, 8;
    %store/vec4 v00000174f7e90060_0, 0, 8;
    %jmp T_29.256;
T_29.186 ;
    %pushi/vec4 244, 0, 8;
    %store/vec4 v00000174f7e90060_0, 0, 8;
    %jmp T_29.256;
T_29.187 ;
    %pushi/vec4 234, 0, 8;
    %store/vec4 v00000174f7e90060_0, 0, 8;
    %jmp T_29.256;
T_29.188 ;
    %pushi/vec4 101, 0, 8;
    %store/vec4 v00000174f7e90060_0, 0, 8;
    %jmp T_29.256;
T_29.189 ;
    %pushi/vec4 122, 0, 8;
    %store/vec4 v00000174f7e90060_0, 0, 8;
    %jmp T_29.256;
T_29.190 ;
    %pushi/vec4 174, 0, 8;
    %store/vec4 v00000174f7e90060_0, 0, 8;
    %jmp T_29.256;
T_29.191 ;
    %pushi/vec4 8, 0, 8;
    %store/vec4 v00000174f7e90060_0, 0, 8;
    %jmp T_29.256;
T_29.192 ;
    %pushi/vec4 186, 0, 8;
    %store/vec4 v00000174f7e90060_0, 0, 8;
    %jmp T_29.256;
T_29.193 ;
    %pushi/vec4 120, 0, 8;
    %store/vec4 v00000174f7e90060_0, 0, 8;
    %jmp T_29.256;
T_29.194 ;
    %pushi/vec4 37, 0, 8;
    %store/vec4 v00000174f7e90060_0, 0, 8;
    %jmp T_29.256;
T_29.195 ;
    %pushi/vec4 46, 0, 8;
    %store/vec4 v00000174f7e90060_0, 0, 8;
    %jmp T_29.256;
T_29.196 ;
    %pushi/vec4 28, 0, 8;
    %store/vec4 v00000174f7e90060_0, 0, 8;
    %jmp T_29.256;
T_29.197 ;
    %pushi/vec4 166, 0, 8;
    %store/vec4 v00000174f7e90060_0, 0, 8;
    %jmp T_29.256;
T_29.198 ;
    %pushi/vec4 180, 0, 8;
    %store/vec4 v00000174f7e90060_0, 0, 8;
    %jmp T_29.256;
T_29.199 ;
    %pushi/vec4 198, 0, 8;
    %store/vec4 v00000174f7e90060_0, 0, 8;
    %jmp T_29.256;
T_29.200 ;
    %pushi/vec4 232, 0, 8;
    %store/vec4 v00000174f7e90060_0, 0, 8;
    %jmp T_29.256;
T_29.201 ;
    %pushi/vec4 221, 0, 8;
    %store/vec4 v00000174f7e90060_0, 0, 8;
    %jmp T_29.256;
T_29.202 ;
    %pushi/vec4 116, 0, 8;
    %store/vec4 v00000174f7e90060_0, 0, 8;
    %jmp T_29.256;
T_29.203 ;
    %pushi/vec4 31, 0, 8;
    %store/vec4 v00000174f7e90060_0, 0, 8;
    %jmp T_29.256;
T_29.204 ;
    %pushi/vec4 75, 0, 8;
    %store/vec4 v00000174f7e90060_0, 0, 8;
    %jmp T_29.256;
T_29.205 ;
    %pushi/vec4 189, 0, 8;
    %store/vec4 v00000174f7e90060_0, 0, 8;
    %jmp T_29.256;
T_29.206 ;
    %pushi/vec4 139, 0, 8;
    %store/vec4 v00000174f7e90060_0, 0, 8;
    %jmp T_29.256;
T_29.207 ;
    %pushi/vec4 138, 0, 8;
    %store/vec4 v00000174f7e90060_0, 0, 8;
    %jmp T_29.256;
T_29.208 ;
    %pushi/vec4 112, 0, 8;
    %store/vec4 v00000174f7e90060_0, 0, 8;
    %jmp T_29.256;
T_29.209 ;
    %pushi/vec4 62, 0, 8;
    %store/vec4 v00000174f7e90060_0, 0, 8;
    %jmp T_29.256;
T_29.210 ;
    %pushi/vec4 181, 0, 8;
    %store/vec4 v00000174f7e90060_0, 0, 8;
    %jmp T_29.256;
T_29.211 ;
    %pushi/vec4 102, 0, 8;
    %store/vec4 v00000174f7e90060_0, 0, 8;
    %jmp T_29.256;
T_29.212 ;
    %pushi/vec4 72, 0, 8;
    %store/vec4 v00000174f7e90060_0, 0, 8;
    %jmp T_29.256;
T_29.213 ;
    %pushi/vec4 3, 0, 8;
    %store/vec4 v00000174f7e90060_0, 0, 8;
    %jmp T_29.256;
T_29.214 ;
    %pushi/vec4 246, 0, 8;
    %store/vec4 v00000174f7e90060_0, 0, 8;
    %jmp T_29.256;
T_29.215 ;
    %pushi/vec4 14, 0, 8;
    %store/vec4 v00000174f7e90060_0, 0, 8;
    %jmp T_29.256;
T_29.216 ;
    %pushi/vec4 97, 0, 8;
    %store/vec4 v00000174f7e90060_0, 0, 8;
    %jmp T_29.256;
T_29.217 ;
    %pushi/vec4 53, 0, 8;
    %store/vec4 v00000174f7e90060_0, 0, 8;
    %jmp T_29.256;
T_29.218 ;
    %pushi/vec4 87, 0, 8;
    %store/vec4 v00000174f7e90060_0, 0, 8;
    %jmp T_29.256;
T_29.219 ;
    %pushi/vec4 185, 0, 8;
    %store/vec4 v00000174f7e90060_0, 0, 8;
    %jmp T_29.256;
T_29.220 ;
    %pushi/vec4 134, 0, 8;
    %store/vec4 v00000174f7e90060_0, 0, 8;
    %jmp T_29.256;
T_29.221 ;
    %pushi/vec4 193, 0, 8;
    %store/vec4 v00000174f7e90060_0, 0, 8;
    %jmp T_29.256;
T_29.222 ;
    %pushi/vec4 29, 0, 8;
    %store/vec4 v00000174f7e90060_0, 0, 8;
    %jmp T_29.256;
T_29.223 ;
    %pushi/vec4 158, 0, 8;
    %store/vec4 v00000174f7e90060_0, 0, 8;
    %jmp T_29.256;
T_29.224 ;
    %pushi/vec4 225, 0, 8;
    %store/vec4 v00000174f7e90060_0, 0, 8;
    %jmp T_29.256;
T_29.225 ;
    %pushi/vec4 248, 0, 8;
    %store/vec4 v00000174f7e90060_0, 0, 8;
    %jmp T_29.256;
T_29.226 ;
    %pushi/vec4 152, 0, 8;
    %store/vec4 v00000174f7e90060_0, 0, 8;
    %jmp T_29.256;
T_29.227 ;
    %pushi/vec4 17, 0, 8;
    %store/vec4 v00000174f7e90060_0, 0, 8;
    %jmp T_29.256;
T_29.228 ;
    %pushi/vec4 105, 0, 8;
    %store/vec4 v00000174f7e90060_0, 0, 8;
    %jmp T_29.256;
T_29.229 ;
    %pushi/vec4 217, 0, 8;
    %store/vec4 v00000174f7e90060_0, 0, 8;
    %jmp T_29.256;
T_29.230 ;
    %pushi/vec4 142, 0, 8;
    %store/vec4 v00000174f7e90060_0, 0, 8;
    %jmp T_29.256;
T_29.231 ;
    %pushi/vec4 148, 0, 8;
    %store/vec4 v00000174f7e90060_0, 0, 8;
    %jmp T_29.256;
T_29.232 ;
    %pushi/vec4 155, 0, 8;
    %store/vec4 v00000174f7e90060_0, 0, 8;
    %jmp T_29.256;
T_29.233 ;
    %pushi/vec4 30, 0, 8;
    %store/vec4 v00000174f7e90060_0, 0, 8;
    %jmp T_29.256;
T_29.234 ;
    %pushi/vec4 135, 0, 8;
    %store/vec4 v00000174f7e90060_0, 0, 8;
    %jmp T_29.256;
T_29.235 ;
    %pushi/vec4 233, 0, 8;
    %store/vec4 v00000174f7e90060_0, 0, 8;
    %jmp T_29.256;
T_29.236 ;
    %pushi/vec4 206, 0, 8;
    %store/vec4 v00000174f7e90060_0, 0, 8;
    %jmp T_29.256;
T_29.237 ;
    %pushi/vec4 85, 0, 8;
    %store/vec4 v00000174f7e90060_0, 0, 8;
    %jmp T_29.256;
T_29.238 ;
    %pushi/vec4 40, 0, 8;
    %store/vec4 v00000174f7e90060_0, 0, 8;
    %jmp T_29.256;
T_29.239 ;
    %pushi/vec4 223, 0, 8;
    %store/vec4 v00000174f7e90060_0, 0, 8;
    %jmp T_29.256;
T_29.240 ;
    %pushi/vec4 140, 0, 8;
    %store/vec4 v00000174f7e90060_0, 0, 8;
    %jmp T_29.256;
T_29.241 ;
    %pushi/vec4 161, 0, 8;
    %store/vec4 v00000174f7e90060_0, 0, 8;
    %jmp T_29.256;
T_29.242 ;
    %pushi/vec4 137, 0, 8;
    %store/vec4 v00000174f7e90060_0, 0, 8;
    %jmp T_29.256;
T_29.243 ;
    %pushi/vec4 13, 0, 8;
    %store/vec4 v00000174f7e90060_0, 0, 8;
    %jmp T_29.256;
T_29.244 ;
    %pushi/vec4 191, 0, 8;
    %store/vec4 v00000174f7e90060_0, 0, 8;
    %jmp T_29.256;
T_29.245 ;
    %pushi/vec4 230, 0, 8;
    %store/vec4 v00000174f7e90060_0, 0, 8;
    %jmp T_29.256;
T_29.246 ;
    %pushi/vec4 66, 0, 8;
    %store/vec4 v00000174f7e90060_0, 0, 8;
    %jmp T_29.256;
T_29.247 ;
    %pushi/vec4 104, 0, 8;
    %store/vec4 v00000174f7e90060_0, 0, 8;
    %jmp T_29.256;
T_29.248 ;
    %pushi/vec4 65, 0, 8;
    %store/vec4 v00000174f7e90060_0, 0, 8;
    %jmp T_29.256;
T_29.249 ;
    %pushi/vec4 153, 0, 8;
    %store/vec4 v00000174f7e90060_0, 0, 8;
    %jmp T_29.256;
T_29.250 ;
    %pushi/vec4 45, 0, 8;
    %store/vec4 v00000174f7e90060_0, 0, 8;
    %jmp T_29.256;
T_29.251 ;
    %pushi/vec4 15, 0, 8;
    %store/vec4 v00000174f7e90060_0, 0, 8;
    %jmp T_29.256;
T_29.252 ;
    %pushi/vec4 176, 0, 8;
    %store/vec4 v00000174f7e90060_0, 0, 8;
    %jmp T_29.256;
T_29.253 ;
    %pushi/vec4 84, 0, 8;
    %store/vec4 v00000174f7e90060_0, 0, 8;
    %jmp T_29.256;
T_29.254 ;
    %pushi/vec4 187, 0, 8;
    %store/vec4 v00000174f7e90060_0, 0, 8;
    %jmp T_29.256;
T_29.255 ;
    %pushi/vec4 22, 0, 8;
    %store/vec4 v00000174f7e90060_0, 0, 8;
    %jmp T_29.256;
T_29.256 ;
    %pop/vec4 1;
    %jmp T_29;
    .thread T_29, $push;
    .scope S_00000174f7e93c20;
T_30 ;
    %wait E_00000174f7e06310;
    %load/vec4 v00000174f7e8f5c0_0;
    %dup/vec4;
    %pushi/vec4 0, 0, 8;
    %cmp/u;
    %jmp/1 T_30.0, 6;
    %dup/vec4;
    %pushi/vec4 1, 0, 8;
    %cmp/u;
    %jmp/1 T_30.1, 6;
    %dup/vec4;
    %pushi/vec4 2, 0, 8;
    %cmp/u;
    %jmp/1 T_30.2, 6;
    %dup/vec4;
    %pushi/vec4 3, 0, 8;
    %cmp/u;
    %jmp/1 T_30.3, 6;
    %dup/vec4;
    %pushi/vec4 4, 0, 8;
    %cmp/u;
    %jmp/1 T_30.4, 6;
    %dup/vec4;
    %pushi/vec4 5, 0, 8;
    %cmp/u;
    %jmp/1 T_30.5, 6;
    %dup/vec4;
    %pushi/vec4 6, 0, 8;
    %cmp/u;
    %jmp/1 T_30.6, 6;
    %dup/vec4;
    %pushi/vec4 7, 0, 8;
    %cmp/u;
    %jmp/1 T_30.7, 6;
    %dup/vec4;
    %pushi/vec4 8, 0, 8;
    %cmp/u;
    %jmp/1 T_30.8, 6;
    %dup/vec4;
    %pushi/vec4 9, 0, 8;
    %cmp/u;
    %jmp/1 T_30.9, 6;
    %dup/vec4;
    %pushi/vec4 10, 0, 8;
    %cmp/u;
    %jmp/1 T_30.10, 6;
    %dup/vec4;
    %pushi/vec4 11, 0, 8;
    %cmp/u;
    %jmp/1 T_30.11, 6;
    %dup/vec4;
    %pushi/vec4 12, 0, 8;
    %cmp/u;
    %jmp/1 T_30.12, 6;
    %dup/vec4;
    %pushi/vec4 13, 0, 8;
    %cmp/u;
    %jmp/1 T_30.13, 6;
    %dup/vec4;
    %pushi/vec4 14, 0, 8;
    %cmp/u;
    %jmp/1 T_30.14, 6;
    %dup/vec4;
    %pushi/vec4 15, 0, 8;
    %cmp/u;
    %jmp/1 T_30.15, 6;
    %dup/vec4;
    %pushi/vec4 16, 0, 8;
    %cmp/u;
    %jmp/1 T_30.16, 6;
    %dup/vec4;
    %pushi/vec4 17, 0, 8;
    %cmp/u;
    %jmp/1 T_30.17, 6;
    %dup/vec4;
    %pushi/vec4 18, 0, 8;
    %cmp/u;
    %jmp/1 T_30.18, 6;
    %dup/vec4;
    %pushi/vec4 19, 0, 8;
    %cmp/u;
    %jmp/1 T_30.19, 6;
    %dup/vec4;
    %pushi/vec4 20, 0, 8;
    %cmp/u;
    %jmp/1 T_30.20, 6;
    %dup/vec4;
    %pushi/vec4 21, 0, 8;
    %cmp/u;
    %jmp/1 T_30.21, 6;
    %dup/vec4;
    %pushi/vec4 22, 0, 8;
    %cmp/u;
    %jmp/1 T_30.22, 6;
    %dup/vec4;
    %pushi/vec4 23, 0, 8;
    %cmp/u;
    %jmp/1 T_30.23, 6;
    %dup/vec4;
    %pushi/vec4 24, 0, 8;
    %cmp/u;
    %jmp/1 T_30.24, 6;
    %dup/vec4;
    %pushi/vec4 25, 0, 8;
    %cmp/u;
    %jmp/1 T_30.25, 6;
    %dup/vec4;
    %pushi/vec4 26, 0, 8;
    %cmp/u;
    %jmp/1 T_30.26, 6;
    %dup/vec4;
    %pushi/vec4 27, 0, 8;
    %cmp/u;
    %jmp/1 T_30.27, 6;
    %dup/vec4;
    %pushi/vec4 28, 0, 8;
    %cmp/u;
    %jmp/1 T_30.28, 6;
    %dup/vec4;
    %pushi/vec4 29, 0, 8;
    %cmp/u;
    %jmp/1 T_30.29, 6;
    %dup/vec4;
    %pushi/vec4 30, 0, 8;
    %cmp/u;
    %jmp/1 T_30.30, 6;
    %dup/vec4;
    %pushi/vec4 31, 0, 8;
    %cmp/u;
    %jmp/1 T_30.31, 6;
    %dup/vec4;
    %pushi/vec4 32, 0, 8;
    %cmp/u;
    %jmp/1 T_30.32, 6;
    %dup/vec4;
    %pushi/vec4 33, 0, 8;
    %cmp/u;
    %jmp/1 T_30.33, 6;
    %dup/vec4;
    %pushi/vec4 34, 0, 8;
    %cmp/u;
    %jmp/1 T_30.34, 6;
    %dup/vec4;
    %pushi/vec4 35, 0, 8;
    %cmp/u;
    %jmp/1 T_30.35, 6;
    %dup/vec4;
    %pushi/vec4 36, 0, 8;
    %cmp/u;
    %jmp/1 T_30.36, 6;
    %dup/vec4;
    %pushi/vec4 37, 0, 8;
    %cmp/u;
    %jmp/1 T_30.37, 6;
    %dup/vec4;
    %pushi/vec4 38, 0, 8;
    %cmp/u;
    %jmp/1 T_30.38, 6;
    %dup/vec4;
    %pushi/vec4 39, 0, 8;
    %cmp/u;
    %jmp/1 T_30.39, 6;
    %dup/vec4;
    %pushi/vec4 40, 0, 8;
    %cmp/u;
    %jmp/1 T_30.40, 6;
    %dup/vec4;
    %pushi/vec4 41, 0, 8;
    %cmp/u;
    %jmp/1 T_30.41, 6;
    %dup/vec4;
    %pushi/vec4 42, 0, 8;
    %cmp/u;
    %jmp/1 T_30.42, 6;
    %dup/vec4;
    %pushi/vec4 43, 0, 8;
    %cmp/u;
    %jmp/1 T_30.43, 6;
    %dup/vec4;
    %pushi/vec4 44, 0, 8;
    %cmp/u;
    %jmp/1 T_30.44, 6;
    %dup/vec4;
    %pushi/vec4 45, 0, 8;
    %cmp/u;
    %jmp/1 T_30.45, 6;
    %dup/vec4;
    %pushi/vec4 46, 0, 8;
    %cmp/u;
    %jmp/1 T_30.46, 6;
    %dup/vec4;
    %pushi/vec4 47, 0, 8;
    %cmp/u;
    %jmp/1 T_30.47, 6;
    %dup/vec4;
    %pushi/vec4 48, 0, 8;
    %cmp/u;
    %jmp/1 T_30.48, 6;
    %dup/vec4;
    %pushi/vec4 49, 0, 8;
    %cmp/u;
    %jmp/1 T_30.49, 6;
    %dup/vec4;
    %pushi/vec4 50, 0, 8;
    %cmp/u;
    %jmp/1 T_30.50, 6;
    %dup/vec4;
    %pushi/vec4 51, 0, 8;
    %cmp/u;
    %jmp/1 T_30.51, 6;
    %dup/vec4;
    %pushi/vec4 52, 0, 8;
    %cmp/u;
    %jmp/1 T_30.52, 6;
    %dup/vec4;
    %pushi/vec4 53, 0, 8;
    %cmp/u;
    %jmp/1 T_30.53, 6;
    %dup/vec4;
    %pushi/vec4 54, 0, 8;
    %cmp/u;
    %jmp/1 T_30.54, 6;
    %dup/vec4;
    %pushi/vec4 55, 0, 8;
    %cmp/u;
    %jmp/1 T_30.55, 6;
    %dup/vec4;
    %pushi/vec4 56, 0, 8;
    %cmp/u;
    %jmp/1 T_30.56, 6;
    %dup/vec4;
    %pushi/vec4 57, 0, 8;
    %cmp/u;
    %jmp/1 T_30.57, 6;
    %dup/vec4;
    %pushi/vec4 58, 0, 8;
    %cmp/u;
    %jmp/1 T_30.58, 6;
    %dup/vec4;
    %pushi/vec4 59, 0, 8;
    %cmp/u;
    %jmp/1 T_30.59, 6;
    %dup/vec4;
    %pushi/vec4 60, 0, 8;
    %cmp/u;
    %jmp/1 T_30.60, 6;
    %dup/vec4;
    %pushi/vec4 61, 0, 8;
    %cmp/u;
    %jmp/1 T_30.61, 6;
    %dup/vec4;
    %pushi/vec4 62, 0, 8;
    %cmp/u;
    %jmp/1 T_30.62, 6;
    %dup/vec4;
    %pushi/vec4 63, 0, 8;
    %cmp/u;
    %jmp/1 T_30.63, 6;
    %dup/vec4;
    %pushi/vec4 64, 0, 8;
    %cmp/u;
    %jmp/1 T_30.64, 6;
    %dup/vec4;
    %pushi/vec4 65, 0, 8;
    %cmp/u;
    %jmp/1 T_30.65, 6;
    %dup/vec4;
    %pushi/vec4 66, 0, 8;
    %cmp/u;
    %jmp/1 T_30.66, 6;
    %dup/vec4;
    %pushi/vec4 67, 0, 8;
    %cmp/u;
    %jmp/1 T_30.67, 6;
    %dup/vec4;
    %pushi/vec4 68, 0, 8;
    %cmp/u;
    %jmp/1 T_30.68, 6;
    %dup/vec4;
    %pushi/vec4 69, 0, 8;
    %cmp/u;
    %jmp/1 T_30.69, 6;
    %dup/vec4;
    %pushi/vec4 70, 0, 8;
    %cmp/u;
    %jmp/1 T_30.70, 6;
    %dup/vec4;
    %pushi/vec4 71, 0, 8;
    %cmp/u;
    %jmp/1 T_30.71, 6;
    %dup/vec4;
    %pushi/vec4 72, 0, 8;
    %cmp/u;
    %jmp/1 T_30.72, 6;
    %dup/vec4;
    %pushi/vec4 73, 0, 8;
    %cmp/u;
    %jmp/1 T_30.73, 6;
    %dup/vec4;
    %pushi/vec4 74, 0, 8;
    %cmp/u;
    %jmp/1 T_30.74, 6;
    %dup/vec4;
    %pushi/vec4 75, 0, 8;
    %cmp/u;
    %jmp/1 T_30.75, 6;
    %dup/vec4;
    %pushi/vec4 76, 0, 8;
    %cmp/u;
    %jmp/1 T_30.76, 6;
    %dup/vec4;
    %pushi/vec4 77, 0, 8;
    %cmp/u;
    %jmp/1 T_30.77, 6;
    %dup/vec4;
    %pushi/vec4 78, 0, 8;
    %cmp/u;
    %jmp/1 T_30.78, 6;
    %dup/vec4;
    %pushi/vec4 79, 0, 8;
    %cmp/u;
    %jmp/1 T_30.79, 6;
    %dup/vec4;
    %pushi/vec4 80, 0, 8;
    %cmp/u;
    %jmp/1 T_30.80, 6;
    %dup/vec4;
    %pushi/vec4 81, 0, 8;
    %cmp/u;
    %jmp/1 T_30.81, 6;
    %dup/vec4;
    %pushi/vec4 82, 0, 8;
    %cmp/u;
    %jmp/1 T_30.82, 6;
    %dup/vec4;
    %pushi/vec4 83, 0, 8;
    %cmp/u;
    %jmp/1 T_30.83, 6;
    %dup/vec4;
    %pushi/vec4 84, 0, 8;
    %cmp/u;
    %jmp/1 T_30.84, 6;
    %dup/vec4;
    %pushi/vec4 85, 0, 8;
    %cmp/u;
    %jmp/1 T_30.85, 6;
    %dup/vec4;
    %pushi/vec4 86, 0, 8;
    %cmp/u;
    %jmp/1 T_30.86, 6;
    %dup/vec4;
    %pushi/vec4 87, 0, 8;
    %cmp/u;
    %jmp/1 T_30.87, 6;
    %dup/vec4;
    %pushi/vec4 88, 0, 8;
    %cmp/u;
    %jmp/1 T_30.88, 6;
    %dup/vec4;
    %pushi/vec4 89, 0, 8;
    %cmp/u;
    %jmp/1 T_30.89, 6;
    %dup/vec4;
    %pushi/vec4 90, 0, 8;
    %cmp/u;
    %jmp/1 T_30.90, 6;
    %dup/vec4;
    %pushi/vec4 91, 0, 8;
    %cmp/u;
    %jmp/1 T_30.91, 6;
    %dup/vec4;
    %pushi/vec4 92, 0, 8;
    %cmp/u;
    %jmp/1 T_30.92, 6;
    %dup/vec4;
    %pushi/vec4 93, 0, 8;
    %cmp/u;
    %jmp/1 T_30.93, 6;
    %dup/vec4;
    %pushi/vec4 94, 0, 8;
    %cmp/u;
    %jmp/1 T_30.94, 6;
    %dup/vec4;
    %pushi/vec4 95, 0, 8;
    %cmp/u;
    %jmp/1 T_30.95, 6;
    %dup/vec4;
    %pushi/vec4 96, 0, 8;
    %cmp/u;
    %jmp/1 T_30.96, 6;
    %dup/vec4;
    %pushi/vec4 97, 0, 8;
    %cmp/u;
    %jmp/1 T_30.97, 6;
    %dup/vec4;
    %pushi/vec4 98, 0, 8;
    %cmp/u;
    %jmp/1 T_30.98, 6;
    %dup/vec4;
    %pushi/vec4 99, 0, 8;
    %cmp/u;
    %jmp/1 T_30.99, 6;
    %dup/vec4;
    %pushi/vec4 100, 0, 8;
    %cmp/u;
    %jmp/1 T_30.100, 6;
    %dup/vec4;
    %pushi/vec4 101, 0, 8;
    %cmp/u;
    %jmp/1 T_30.101, 6;
    %dup/vec4;
    %pushi/vec4 102, 0, 8;
    %cmp/u;
    %jmp/1 T_30.102, 6;
    %dup/vec4;
    %pushi/vec4 103, 0, 8;
    %cmp/u;
    %jmp/1 T_30.103, 6;
    %dup/vec4;
    %pushi/vec4 104, 0, 8;
    %cmp/u;
    %jmp/1 T_30.104, 6;
    %dup/vec4;
    %pushi/vec4 105, 0, 8;
    %cmp/u;
    %jmp/1 T_30.105, 6;
    %dup/vec4;
    %pushi/vec4 106, 0, 8;
    %cmp/u;
    %jmp/1 T_30.106, 6;
    %dup/vec4;
    %pushi/vec4 107, 0, 8;
    %cmp/u;
    %jmp/1 T_30.107, 6;
    %dup/vec4;
    %pushi/vec4 108, 0, 8;
    %cmp/u;
    %jmp/1 T_30.108, 6;
    %dup/vec4;
    %pushi/vec4 109, 0, 8;
    %cmp/u;
    %jmp/1 T_30.109, 6;
    %dup/vec4;
    %pushi/vec4 110, 0, 8;
    %cmp/u;
    %jmp/1 T_30.110, 6;
    %dup/vec4;
    %pushi/vec4 111, 0, 8;
    %cmp/u;
    %jmp/1 T_30.111, 6;
    %dup/vec4;
    %pushi/vec4 112, 0, 8;
    %cmp/u;
    %jmp/1 T_30.112, 6;
    %dup/vec4;
    %pushi/vec4 113, 0, 8;
    %cmp/u;
    %jmp/1 T_30.113, 6;
    %dup/vec4;
    %pushi/vec4 114, 0, 8;
    %cmp/u;
    %jmp/1 T_30.114, 6;
    %dup/vec4;
    %pushi/vec4 115, 0, 8;
    %cmp/u;
    %jmp/1 T_30.115, 6;
    %dup/vec4;
    %pushi/vec4 116, 0, 8;
    %cmp/u;
    %jmp/1 T_30.116, 6;
    %dup/vec4;
    %pushi/vec4 117, 0, 8;
    %cmp/u;
    %jmp/1 T_30.117, 6;
    %dup/vec4;
    %pushi/vec4 118, 0, 8;
    %cmp/u;
    %jmp/1 T_30.118, 6;
    %dup/vec4;
    %pushi/vec4 119, 0, 8;
    %cmp/u;
    %jmp/1 T_30.119, 6;
    %dup/vec4;
    %pushi/vec4 120, 0, 8;
    %cmp/u;
    %jmp/1 T_30.120, 6;
    %dup/vec4;
    %pushi/vec4 121, 0, 8;
    %cmp/u;
    %jmp/1 T_30.121, 6;
    %dup/vec4;
    %pushi/vec4 122, 0, 8;
    %cmp/u;
    %jmp/1 T_30.122, 6;
    %dup/vec4;
    %pushi/vec4 123, 0, 8;
    %cmp/u;
    %jmp/1 T_30.123, 6;
    %dup/vec4;
    %pushi/vec4 124, 0, 8;
    %cmp/u;
    %jmp/1 T_30.124, 6;
    %dup/vec4;
    %pushi/vec4 125, 0, 8;
    %cmp/u;
    %jmp/1 T_30.125, 6;
    %dup/vec4;
    %pushi/vec4 126, 0, 8;
    %cmp/u;
    %jmp/1 T_30.126, 6;
    %dup/vec4;
    %pushi/vec4 127, 0, 8;
    %cmp/u;
    %jmp/1 T_30.127, 6;
    %dup/vec4;
    %pushi/vec4 128, 0, 8;
    %cmp/u;
    %jmp/1 T_30.128, 6;
    %dup/vec4;
    %pushi/vec4 129, 0, 8;
    %cmp/u;
    %jmp/1 T_30.129, 6;
    %dup/vec4;
    %pushi/vec4 130, 0, 8;
    %cmp/u;
    %jmp/1 T_30.130, 6;
    %dup/vec4;
    %pushi/vec4 131, 0, 8;
    %cmp/u;
    %jmp/1 T_30.131, 6;
    %dup/vec4;
    %pushi/vec4 132, 0, 8;
    %cmp/u;
    %jmp/1 T_30.132, 6;
    %dup/vec4;
    %pushi/vec4 133, 0, 8;
    %cmp/u;
    %jmp/1 T_30.133, 6;
    %dup/vec4;
    %pushi/vec4 134, 0, 8;
    %cmp/u;
    %jmp/1 T_30.134, 6;
    %dup/vec4;
    %pushi/vec4 135, 0, 8;
    %cmp/u;
    %jmp/1 T_30.135, 6;
    %dup/vec4;
    %pushi/vec4 136, 0, 8;
    %cmp/u;
    %jmp/1 T_30.136, 6;
    %dup/vec4;
    %pushi/vec4 137, 0, 8;
    %cmp/u;
    %jmp/1 T_30.137, 6;
    %dup/vec4;
    %pushi/vec4 138, 0, 8;
    %cmp/u;
    %jmp/1 T_30.138, 6;
    %dup/vec4;
    %pushi/vec4 139, 0, 8;
    %cmp/u;
    %jmp/1 T_30.139, 6;
    %dup/vec4;
    %pushi/vec4 140, 0, 8;
    %cmp/u;
    %jmp/1 T_30.140, 6;
    %dup/vec4;
    %pushi/vec4 141, 0, 8;
    %cmp/u;
    %jmp/1 T_30.141, 6;
    %dup/vec4;
    %pushi/vec4 142, 0, 8;
    %cmp/u;
    %jmp/1 T_30.142, 6;
    %dup/vec4;
    %pushi/vec4 143, 0, 8;
    %cmp/u;
    %jmp/1 T_30.143, 6;
    %dup/vec4;
    %pushi/vec4 144, 0, 8;
    %cmp/u;
    %jmp/1 T_30.144, 6;
    %dup/vec4;
    %pushi/vec4 145, 0, 8;
    %cmp/u;
    %jmp/1 T_30.145, 6;
    %dup/vec4;
    %pushi/vec4 146, 0, 8;
    %cmp/u;
    %jmp/1 T_30.146, 6;
    %dup/vec4;
    %pushi/vec4 147, 0, 8;
    %cmp/u;
    %jmp/1 T_30.147, 6;
    %dup/vec4;
    %pushi/vec4 148, 0, 8;
    %cmp/u;
    %jmp/1 T_30.148, 6;
    %dup/vec4;
    %pushi/vec4 149, 0, 8;
    %cmp/u;
    %jmp/1 T_30.149, 6;
    %dup/vec4;
    %pushi/vec4 150, 0, 8;
    %cmp/u;
    %jmp/1 T_30.150, 6;
    %dup/vec4;
    %pushi/vec4 151, 0, 8;
    %cmp/u;
    %jmp/1 T_30.151, 6;
    %dup/vec4;
    %pushi/vec4 152, 0, 8;
    %cmp/u;
    %jmp/1 T_30.152, 6;
    %dup/vec4;
    %pushi/vec4 153, 0, 8;
    %cmp/u;
    %jmp/1 T_30.153, 6;
    %dup/vec4;
    %pushi/vec4 154, 0, 8;
    %cmp/u;
    %jmp/1 T_30.154, 6;
    %dup/vec4;
    %pushi/vec4 155, 0, 8;
    %cmp/u;
    %jmp/1 T_30.155, 6;
    %dup/vec4;
    %pushi/vec4 156, 0, 8;
    %cmp/u;
    %jmp/1 T_30.156, 6;
    %dup/vec4;
    %pushi/vec4 157, 0, 8;
    %cmp/u;
    %jmp/1 T_30.157, 6;
    %dup/vec4;
    %pushi/vec4 158, 0, 8;
    %cmp/u;
    %jmp/1 T_30.158, 6;
    %dup/vec4;
    %pushi/vec4 159, 0, 8;
    %cmp/u;
    %jmp/1 T_30.159, 6;
    %dup/vec4;
    %pushi/vec4 160, 0, 8;
    %cmp/u;
    %jmp/1 T_30.160, 6;
    %dup/vec4;
    %pushi/vec4 161, 0, 8;
    %cmp/u;
    %jmp/1 T_30.161, 6;
    %dup/vec4;
    %pushi/vec4 162, 0, 8;
    %cmp/u;
    %jmp/1 T_30.162, 6;
    %dup/vec4;
    %pushi/vec4 163, 0, 8;
    %cmp/u;
    %jmp/1 T_30.163, 6;
    %dup/vec4;
    %pushi/vec4 164, 0, 8;
    %cmp/u;
    %jmp/1 T_30.164, 6;
    %dup/vec4;
    %pushi/vec4 165, 0, 8;
    %cmp/u;
    %jmp/1 T_30.165, 6;
    %dup/vec4;
    %pushi/vec4 166, 0, 8;
    %cmp/u;
    %jmp/1 T_30.166, 6;
    %dup/vec4;
    %pushi/vec4 167, 0, 8;
    %cmp/u;
    %jmp/1 T_30.167, 6;
    %dup/vec4;
    %pushi/vec4 168, 0, 8;
    %cmp/u;
    %jmp/1 T_30.168, 6;
    %dup/vec4;
    %pushi/vec4 169, 0, 8;
    %cmp/u;
    %jmp/1 T_30.169, 6;
    %dup/vec4;
    %pushi/vec4 170, 0, 8;
    %cmp/u;
    %jmp/1 T_30.170, 6;
    %dup/vec4;
    %pushi/vec4 171, 0, 8;
    %cmp/u;
    %jmp/1 T_30.171, 6;
    %dup/vec4;
    %pushi/vec4 172, 0, 8;
    %cmp/u;
    %jmp/1 T_30.172, 6;
    %dup/vec4;
    %pushi/vec4 173, 0, 8;
    %cmp/u;
    %jmp/1 T_30.173, 6;
    %dup/vec4;
    %pushi/vec4 174, 0, 8;
    %cmp/u;
    %jmp/1 T_30.174, 6;
    %dup/vec4;
    %pushi/vec4 175, 0, 8;
    %cmp/u;
    %jmp/1 T_30.175, 6;
    %dup/vec4;
    %pushi/vec4 176, 0, 8;
    %cmp/u;
    %jmp/1 T_30.176, 6;
    %dup/vec4;
    %pushi/vec4 177, 0, 8;
    %cmp/u;
    %jmp/1 T_30.177, 6;
    %dup/vec4;
    %pushi/vec4 178, 0, 8;
    %cmp/u;
    %jmp/1 T_30.178, 6;
    %dup/vec4;
    %pushi/vec4 179, 0, 8;
    %cmp/u;
    %jmp/1 T_30.179, 6;
    %dup/vec4;
    %pushi/vec4 180, 0, 8;
    %cmp/u;
    %jmp/1 T_30.180, 6;
    %dup/vec4;
    %pushi/vec4 181, 0, 8;
    %cmp/u;
    %jmp/1 T_30.181, 6;
    %dup/vec4;
    %pushi/vec4 182, 0, 8;
    %cmp/u;
    %jmp/1 T_30.182, 6;
    %dup/vec4;
    %pushi/vec4 183, 0, 8;
    %cmp/u;
    %jmp/1 T_30.183, 6;
    %dup/vec4;
    %pushi/vec4 184, 0, 8;
    %cmp/u;
    %jmp/1 T_30.184, 6;
    %dup/vec4;
    %pushi/vec4 185, 0, 8;
    %cmp/u;
    %jmp/1 T_30.185, 6;
    %dup/vec4;
    %pushi/vec4 186, 0, 8;
    %cmp/u;
    %jmp/1 T_30.186, 6;
    %dup/vec4;
    %pushi/vec4 187, 0, 8;
    %cmp/u;
    %jmp/1 T_30.187, 6;
    %dup/vec4;
    %pushi/vec4 188, 0, 8;
    %cmp/u;
    %jmp/1 T_30.188, 6;
    %dup/vec4;
    %pushi/vec4 189, 0, 8;
    %cmp/u;
    %jmp/1 T_30.189, 6;
    %dup/vec4;
    %pushi/vec4 190, 0, 8;
    %cmp/u;
    %jmp/1 T_30.190, 6;
    %dup/vec4;
    %pushi/vec4 191, 0, 8;
    %cmp/u;
    %jmp/1 T_30.191, 6;
    %dup/vec4;
    %pushi/vec4 192, 0, 8;
    %cmp/u;
    %jmp/1 T_30.192, 6;
    %dup/vec4;
    %pushi/vec4 193, 0, 8;
    %cmp/u;
    %jmp/1 T_30.193, 6;
    %dup/vec4;
    %pushi/vec4 194, 0, 8;
    %cmp/u;
    %jmp/1 T_30.194, 6;
    %dup/vec4;
    %pushi/vec4 195, 0, 8;
    %cmp/u;
    %jmp/1 T_30.195, 6;
    %dup/vec4;
    %pushi/vec4 196, 0, 8;
    %cmp/u;
    %jmp/1 T_30.196, 6;
    %dup/vec4;
    %pushi/vec4 197, 0, 8;
    %cmp/u;
    %jmp/1 T_30.197, 6;
    %dup/vec4;
    %pushi/vec4 198, 0, 8;
    %cmp/u;
    %jmp/1 T_30.198, 6;
    %dup/vec4;
    %pushi/vec4 199, 0, 8;
    %cmp/u;
    %jmp/1 T_30.199, 6;
    %dup/vec4;
    %pushi/vec4 200, 0, 8;
    %cmp/u;
    %jmp/1 T_30.200, 6;
    %dup/vec4;
    %pushi/vec4 201, 0, 8;
    %cmp/u;
    %jmp/1 T_30.201, 6;
    %dup/vec4;
    %pushi/vec4 202, 0, 8;
    %cmp/u;
    %jmp/1 T_30.202, 6;
    %dup/vec4;
    %pushi/vec4 203, 0, 8;
    %cmp/u;
    %jmp/1 T_30.203, 6;
    %dup/vec4;
    %pushi/vec4 204, 0, 8;
    %cmp/u;
    %jmp/1 T_30.204, 6;
    %dup/vec4;
    %pushi/vec4 205, 0, 8;
    %cmp/u;
    %jmp/1 T_30.205, 6;
    %dup/vec4;
    %pushi/vec4 206, 0, 8;
    %cmp/u;
    %jmp/1 T_30.206, 6;
    %dup/vec4;
    %pushi/vec4 207, 0, 8;
    %cmp/u;
    %jmp/1 T_30.207, 6;
    %dup/vec4;
    %pushi/vec4 208, 0, 8;
    %cmp/u;
    %jmp/1 T_30.208, 6;
    %dup/vec4;
    %pushi/vec4 209, 0, 8;
    %cmp/u;
    %jmp/1 T_30.209, 6;
    %dup/vec4;
    %pushi/vec4 210, 0, 8;
    %cmp/u;
    %jmp/1 T_30.210, 6;
    %dup/vec4;
    %pushi/vec4 211, 0, 8;
    %cmp/u;
    %jmp/1 T_30.211, 6;
    %dup/vec4;
    %pushi/vec4 212, 0, 8;
    %cmp/u;
    %jmp/1 T_30.212, 6;
    %dup/vec4;
    %pushi/vec4 213, 0, 8;
    %cmp/u;
    %jmp/1 T_30.213, 6;
    %dup/vec4;
    %pushi/vec4 214, 0, 8;
    %cmp/u;
    %jmp/1 T_30.214, 6;
    %dup/vec4;
    %pushi/vec4 215, 0, 8;
    %cmp/u;
    %jmp/1 T_30.215, 6;
    %dup/vec4;
    %pushi/vec4 216, 0, 8;
    %cmp/u;
    %jmp/1 T_30.216, 6;
    %dup/vec4;
    %pushi/vec4 217, 0, 8;
    %cmp/u;
    %jmp/1 T_30.217, 6;
    %dup/vec4;
    %pushi/vec4 218, 0, 8;
    %cmp/u;
    %jmp/1 T_30.218, 6;
    %dup/vec4;
    %pushi/vec4 219, 0, 8;
    %cmp/u;
    %jmp/1 T_30.219, 6;
    %dup/vec4;
    %pushi/vec4 220, 0, 8;
    %cmp/u;
    %jmp/1 T_30.220, 6;
    %dup/vec4;
    %pushi/vec4 221, 0, 8;
    %cmp/u;
    %jmp/1 T_30.221, 6;
    %dup/vec4;
    %pushi/vec4 222, 0, 8;
    %cmp/u;
    %jmp/1 T_30.222, 6;
    %dup/vec4;
    %pushi/vec4 223, 0, 8;
    %cmp/u;
    %jmp/1 T_30.223, 6;
    %dup/vec4;
    %pushi/vec4 224, 0, 8;
    %cmp/u;
    %jmp/1 T_30.224, 6;
    %dup/vec4;
    %pushi/vec4 225, 0, 8;
    %cmp/u;
    %jmp/1 T_30.225, 6;
    %dup/vec4;
    %pushi/vec4 226, 0, 8;
    %cmp/u;
    %jmp/1 T_30.226, 6;
    %dup/vec4;
    %pushi/vec4 227, 0, 8;
    %cmp/u;
    %jmp/1 T_30.227, 6;
    %dup/vec4;
    %pushi/vec4 228, 0, 8;
    %cmp/u;
    %jmp/1 T_30.228, 6;
    %dup/vec4;
    %pushi/vec4 229, 0, 8;
    %cmp/u;
    %jmp/1 T_30.229, 6;
    %dup/vec4;
    %pushi/vec4 230, 0, 8;
    %cmp/u;
    %jmp/1 T_30.230, 6;
    %dup/vec4;
    %pushi/vec4 231, 0, 8;
    %cmp/u;
    %jmp/1 T_30.231, 6;
    %dup/vec4;
    %pushi/vec4 232, 0, 8;
    %cmp/u;
    %jmp/1 T_30.232, 6;
    %dup/vec4;
    %pushi/vec4 233, 0, 8;
    %cmp/u;
    %jmp/1 T_30.233, 6;
    %dup/vec4;
    %pushi/vec4 234, 0, 8;
    %cmp/u;
    %jmp/1 T_30.234, 6;
    %dup/vec4;
    %pushi/vec4 235, 0, 8;
    %cmp/u;
    %jmp/1 T_30.235, 6;
    %dup/vec4;
    %pushi/vec4 236, 0, 8;
    %cmp/u;
    %jmp/1 T_30.236, 6;
    %dup/vec4;
    %pushi/vec4 237, 0, 8;
    %cmp/u;
    %jmp/1 T_30.237, 6;
    %dup/vec4;
    %pushi/vec4 238, 0, 8;
    %cmp/u;
    %jmp/1 T_30.238, 6;
    %dup/vec4;
    %pushi/vec4 239, 0, 8;
    %cmp/u;
    %jmp/1 T_30.239, 6;
    %dup/vec4;
    %pushi/vec4 240, 0, 8;
    %cmp/u;
    %jmp/1 T_30.240, 6;
    %dup/vec4;
    %pushi/vec4 241, 0, 8;
    %cmp/u;
    %jmp/1 T_30.241, 6;
    %dup/vec4;
    %pushi/vec4 242, 0, 8;
    %cmp/u;
    %jmp/1 T_30.242, 6;
    %dup/vec4;
    %pushi/vec4 243, 0, 8;
    %cmp/u;
    %jmp/1 T_30.243, 6;
    %dup/vec4;
    %pushi/vec4 244, 0, 8;
    %cmp/u;
    %jmp/1 T_30.244, 6;
    %dup/vec4;
    %pushi/vec4 245, 0, 8;
    %cmp/u;
    %jmp/1 T_30.245, 6;
    %dup/vec4;
    %pushi/vec4 246, 0, 8;
    %cmp/u;
    %jmp/1 T_30.246, 6;
    %dup/vec4;
    %pushi/vec4 247, 0, 8;
    %cmp/u;
    %jmp/1 T_30.247, 6;
    %dup/vec4;
    %pushi/vec4 248, 0, 8;
    %cmp/u;
    %jmp/1 T_30.248, 6;
    %dup/vec4;
    %pushi/vec4 249, 0, 8;
    %cmp/u;
    %jmp/1 T_30.249, 6;
    %dup/vec4;
    %pushi/vec4 250, 0, 8;
    %cmp/u;
    %jmp/1 T_30.250, 6;
    %dup/vec4;
    %pushi/vec4 251, 0, 8;
    %cmp/u;
    %jmp/1 T_30.251, 6;
    %dup/vec4;
    %pushi/vec4 252, 0, 8;
    %cmp/u;
    %jmp/1 T_30.252, 6;
    %dup/vec4;
    %pushi/vec4 253, 0, 8;
    %cmp/u;
    %jmp/1 T_30.253, 6;
    %dup/vec4;
    %pushi/vec4 254, 0, 8;
    %cmp/u;
    %jmp/1 T_30.254, 6;
    %dup/vec4;
    %pushi/vec4 255, 0, 8;
    %cmp/u;
    %jmp/1 T_30.255, 6;
    %jmp T_30.256;
T_30.0 ;
    %pushi/vec4 99, 0, 8;
    %store/vec4 v00000174f7e8f020_0, 0, 8;
    %jmp T_30.256;
T_30.1 ;
    %pushi/vec4 124, 0, 8;
    %store/vec4 v00000174f7e8f020_0, 0, 8;
    %jmp T_30.256;
T_30.2 ;
    %pushi/vec4 119, 0, 8;
    %store/vec4 v00000174f7e8f020_0, 0, 8;
    %jmp T_30.256;
T_30.3 ;
    %pushi/vec4 123, 0, 8;
    %store/vec4 v00000174f7e8f020_0, 0, 8;
    %jmp T_30.256;
T_30.4 ;
    %pushi/vec4 242, 0, 8;
    %store/vec4 v00000174f7e8f020_0, 0, 8;
    %jmp T_30.256;
T_30.5 ;
    %pushi/vec4 107, 0, 8;
    %store/vec4 v00000174f7e8f020_0, 0, 8;
    %jmp T_30.256;
T_30.6 ;
    %pushi/vec4 111, 0, 8;
    %store/vec4 v00000174f7e8f020_0, 0, 8;
    %jmp T_30.256;
T_30.7 ;
    %pushi/vec4 197, 0, 8;
    %store/vec4 v00000174f7e8f020_0, 0, 8;
    %jmp T_30.256;
T_30.8 ;
    %pushi/vec4 48, 0, 8;
    %store/vec4 v00000174f7e8f020_0, 0, 8;
    %jmp T_30.256;
T_30.9 ;
    %pushi/vec4 1, 0, 8;
    %store/vec4 v00000174f7e8f020_0, 0, 8;
    %jmp T_30.256;
T_30.10 ;
    %pushi/vec4 103, 0, 8;
    %store/vec4 v00000174f7e8f020_0, 0, 8;
    %jmp T_30.256;
T_30.11 ;
    %pushi/vec4 43, 0, 8;
    %store/vec4 v00000174f7e8f020_0, 0, 8;
    %jmp T_30.256;
T_30.12 ;
    %pushi/vec4 254, 0, 8;
    %store/vec4 v00000174f7e8f020_0, 0, 8;
    %jmp T_30.256;
T_30.13 ;
    %pushi/vec4 215, 0, 8;
    %store/vec4 v00000174f7e8f020_0, 0, 8;
    %jmp T_30.256;
T_30.14 ;
    %pushi/vec4 171, 0, 8;
    %store/vec4 v00000174f7e8f020_0, 0, 8;
    %jmp T_30.256;
T_30.15 ;
    %pushi/vec4 118, 0, 8;
    %store/vec4 v00000174f7e8f020_0, 0, 8;
    %jmp T_30.256;
T_30.16 ;
    %pushi/vec4 202, 0, 8;
    %store/vec4 v00000174f7e8f020_0, 0, 8;
    %jmp T_30.256;
T_30.17 ;
    %pushi/vec4 130, 0, 8;
    %store/vec4 v00000174f7e8f020_0, 0, 8;
    %jmp T_30.256;
T_30.18 ;
    %pushi/vec4 201, 0, 8;
    %store/vec4 v00000174f7e8f020_0, 0, 8;
    %jmp T_30.256;
T_30.19 ;
    %pushi/vec4 125, 0, 8;
    %store/vec4 v00000174f7e8f020_0, 0, 8;
    %jmp T_30.256;
T_30.20 ;
    %pushi/vec4 250, 0, 8;
    %store/vec4 v00000174f7e8f020_0, 0, 8;
    %jmp T_30.256;
T_30.21 ;
    %pushi/vec4 89, 0, 8;
    %store/vec4 v00000174f7e8f020_0, 0, 8;
    %jmp T_30.256;
T_30.22 ;
    %pushi/vec4 71, 0, 8;
    %store/vec4 v00000174f7e8f020_0, 0, 8;
    %jmp T_30.256;
T_30.23 ;
    %pushi/vec4 240, 0, 8;
    %store/vec4 v00000174f7e8f020_0, 0, 8;
    %jmp T_30.256;
T_30.24 ;
    %pushi/vec4 173, 0, 8;
    %store/vec4 v00000174f7e8f020_0, 0, 8;
    %jmp T_30.256;
T_30.25 ;
    %pushi/vec4 212, 0, 8;
    %store/vec4 v00000174f7e8f020_0, 0, 8;
    %jmp T_30.256;
T_30.26 ;
    %pushi/vec4 162, 0, 8;
    %store/vec4 v00000174f7e8f020_0, 0, 8;
    %jmp T_30.256;
T_30.27 ;
    %pushi/vec4 175, 0, 8;
    %store/vec4 v00000174f7e8f020_0, 0, 8;
    %jmp T_30.256;
T_30.28 ;
    %pushi/vec4 156, 0, 8;
    %store/vec4 v00000174f7e8f020_0, 0, 8;
    %jmp T_30.256;
T_30.29 ;
    %pushi/vec4 164, 0, 8;
    %store/vec4 v00000174f7e8f020_0, 0, 8;
    %jmp T_30.256;
T_30.30 ;
    %pushi/vec4 114, 0, 8;
    %store/vec4 v00000174f7e8f020_0, 0, 8;
    %jmp T_30.256;
T_30.31 ;
    %pushi/vec4 192, 0, 8;
    %store/vec4 v00000174f7e8f020_0, 0, 8;
    %jmp T_30.256;
T_30.32 ;
    %pushi/vec4 183, 0, 8;
    %store/vec4 v00000174f7e8f020_0, 0, 8;
    %jmp T_30.256;
T_30.33 ;
    %pushi/vec4 253, 0, 8;
    %store/vec4 v00000174f7e8f020_0, 0, 8;
    %jmp T_30.256;
T_30.34 ;
    %pushi/vec4 147, 0, 8;
    %store/vec4 v00000174f7e8f020_0, 0, 8;
    %jmp T_30.256;
T_30.35 ;
    %pushi/vec4 38, 0, 8;
    %store/vec4 v00000174f7e8f020_0, 0, 8;
    %jmp T_30.256;
T_30.36 ;
    %pushi/vec4 54, 0, 8;
    %store/vec4 v00000174f7e8f020_0, 0, 8;
    %jmp T_30.256;
T_30.37 ;
    %pushi/vec4 63, 0, 8;
    %store/vec4 v00000174f7e8f020_0, 0, 8;
    %jmp T_30.256;
T_30.38 ;
    %pushi/vec4 247, 0, 8;
    %store/vec4 v00000174f7e8f020_0, 0, 8;
    %jmp T_30.256;
T_30.39 ;
    %pushi/vec4 204, 0, 8;
    %store/vec4 v00000174f7e8f020_0, 0, 8;
    %jmp T_30.256;
T_30.40 ;
    %pushi/vec4 52, 0, 8;
    %store/vec4 v00000174f7e8f020_0, 0, 8;
    %jmp T_30.256;
T_30.41 ;
    %pushi/vec4 165, 0, 8;
    %store/vec4 v00000174f7e8f020_0, 0, 8;
    %jmp T_30.256;
T_30.42 ;
    %pushi/vec4 229, 0, 8;
    %store/vec4 v00000174f7e8f020_0, 0, 8;
    %jmp T_30.256;
T_30.43 ;
    %pushi/vec4 241, 0, 8;
    %store/vec4 v00000174f7e8f020_0, 0, 8;
    %jmp T_30.256;
T_30.44 ;
    %pushi/vec4 113, 0, 8;
    %store/vec4 v00000174f7e8f020_0, 0, 8;
    %jmp T_30.256;
T_30.45 ;
    %pushi/vec4 216, 0, 8;
    %store/vec4 v00000174f7e8f020_0, 0, 8;
    %jmp T_30.256;
T_30.46 ;
    %pushi/vec4 49, 0, 8;
    %store/vec4 v00000174f7e8f020_0, 0, 8;
    %jmp T_30.256;
T_30.47 ;
    %pushi/vec4 21, 0, 8;
    %store/vec4 v00000174f7e8f020_0, 0, 8;
    %jmp T_30.256;
T_30.48 ;
    %pushi/vec4 4, 0, 8;
    %store/vec4 v00000174f7e8f020_0, 0, 8;
    %jmp T_30.256;
T_30.49 ;
    %pushi/vec4 199, 0, 8;
    %store/vec4 v00000174f7e8f020_0, 0, 8;
    %jmp T_30.256;
T_30.50 ;
    %pushi/vec4 35, 0, 8;
    %store/vec4 v00000174f7e8f020_0, 0, 8;
    %jmp T_30.256;
T_30.51 ;
    %pushi/vec4 195, 0, 8;
    %store/vec4 v00000174f7e8f020_0, 0, 8;
    %jmp T_30.256;
T_30.52 ;
    %pushi/vec4 24, 0, 8;
    %store/vec4 v00000174f7e8f020_0, 0, 8;
    %jmp T_30.256;
T_30.53 ;
    %pushi/vec4 150, 0, 8;
    %store/vec4 v00000174f7e8f020_0, 0, 8;
    %jmp T_30.256;
T_30.54 ;
    %pushi/vec4 5, 0, 8;
    %store/vec4 v00000174f7e8f020_0, 0, 8;
    %jmp T_30.256;
T_30.55 ;
    %pushi/vec4 154, 0, 8;
    %store/vec4 v00000174f7e8f020_0, 0, 8;
    %jmp T_30.256;
T_30.56 ;
    %pushi/vec4 7, 0, 8;
    %store/vec4 v00000174f7e8f020_0, 0, 8;
    %jmp T_30.256;
T_30.57 ;
    %pushi/vec4 18, 0, 8;
    %store/vec4 v00000174f7e8f020_0, 0, 8;
    %jmp T_30.256;
T_30.58 ;
    %pushi/vec4 128, 0, 8;
    %store/vec4 v00000174f7e8f020_0, 0, 8;
    %jmp T_30.256;
T_30.59 ;
    %pushi/vec4 226, 0, 8;
    %store/vec4 v00000174f7e8f020_0, 0, 8;
    %jmp T_30.256;
T_30.60 ;
    %pushi/vec4 235, 0, 8;
    %store/vec4 v00000174f7e8f020_0, 0, 8;
    %jmp T_30.256;
T_30.61 ;
    %pushi/vec4 39, 0, 8;
    %store/vec4 v00000174f7e8f020_0, 0, 8;
    %jmp T_30.256;
T_30.62 ;
    %pushi/vec4 178, 0, 8;
    %store/vec4 v00000174f7e8f020_0, 0, 8;
    %jmp T_30.256;
T_30.63 ;
    %pushi/vec4 117, 0, 8;
    %store/vec4 v00000174f7e8f020_0, 0, 8;
    %jmp T_30.256;
T_30.64 ;
    %pushi/vec4 9, 0, 8;
    %store/vec4 v00000174f7e8f020_0, 0, 8;
    %jmp T_30.256;
T_30.65 ;
    %pushi/vec4 131, 0, 8;
    %store/vec4 v00000174f7e8f020_0, 0, 8;
    %jmp T_30.256;
T_30.66 ;
    %pushi/vec4 44, 0, 8;
    %store/vec4 v00000174f7e8f020_0, 0, 8;
    %jmp T_30.256;
T_30.67 ;
    %pushi/vec4 26, 0, 8;
    %store/vec4 v00000174f7e8f020_0, 0, 8;
    %jmp T_30.256;
T_30.68 ;
    %pushi/vec4 27, 0, 8;
    %store/vec4 v00000174f7e8f020_0, 0, 8;
    %jmp T_30.256;
T_30.69 ;
    %pushi/vec4 110, 0, 8;
    %store/vec4 v00000174f7e8f020_0, 0, 8;
    %jmp T_30.256;
T_30.70 ;
    %pushi/vec4 90, 0, 8;
    %store/vec4 v00000174f7e8f020_0, 0, 8;
    %jmp T_30.256;
T_30.71 ;
    %pushi/vec4 160, 0, 8;
    %store/vec4 v00000174f7e8f020_0, 0, 8;
    %jmp T_30.256;
T_30.72 ;
    %pushi/vec4 82, 0, 8;
    %store/vec4 v00000174f7e8f020_0, 0, 8;
    %jmp T_30.256;
T_30.73 ;
    %pushi/vec4 59, 0, 8;
    %store/vec4 v00000174f7e8f020_0, 0, 8;
    %jmp T_30.256;
T_30.74 ;
    %pushi/vec4 214, 0, 8;
    %store/vec4 v00000174f7e8f020_0, 0, 8;
    %jmp T_30.256;
T_30.75 ;
    %pushi/vec4 179, 0, 8;
    %store/vec4 v00000174f7e8f020_0, 0, 8;
    %jmp T_30.256;
T_30.76 ;
    %pushi/vec4 41, 0, 8;
    %store/vec4 v00000174f7e8f020_0, 0, 8;
    %jmp T_30.256;
T_30.77 ;
    %pushi/vec4 227, 0, 8;
    %store/vec4 v00000174f7e8f020_0, 0, 8;
    %jmp T_30.256;
T_30.78 ;
    %pushi/vec4 47, 0, 8;
    %store/vec4 v00000174f7e8f020_0, 0, 8;
    %jmp T_30.256;
T_30.79 ;
    %pushi/vec4 132, 0, 8;
    %store/vec4 v00000174f7e8f020_0, 0, 8;
    %jmp T_30.256;
T_30.80 ;
    %pushi/vec4 83, 0, 8;
    %store/vec4 v00000174f7e8f020_0, 0, 8;
    %jmp T_30.256;
T_30.81 ;
    %pushi/vec4 209, 0, 8;
    %store/vec4 v00000174f7e8f020_0, 0, 8;
    %jmp T_30.256;
T_30.82 ;
    %pushi/vec4 0, 0, 8;
    %store/vec4 v00000174f7e8f020_0, 0, 8;
    %jmp T_30.256;
T_30.83 ;
    %pushi/vec4 237, 0, 8;
    %store/vec4 v00000174f7e8f020_0, 0, 8;
    %jmp T_30.256;
T_30.84 ;
    %pushi/vec4 32, 0, 8;
    %store/vec4 v00000174f7e8f020_0, 0, 8;
    %jmp T_30.256;
T_30.85 ;
    %pushi/vec4 252, 0, 8;
    %store/vec4 v00000174f7e8f020_0, 0, 8;
    %jmp T_30.256;
T_30.86 ;
    %pushi/vec4 177, 0, 8;
    %store/vec4 v00000174f7e8f020_0, 0, 8;
    %jmp T_30.256;
T_30.87 ;
    %pushi/vec4 91, 0, 8;
    %store/vec4 v00000174f7e8f020_0, 0, 8;
    %jmp T_30.256;
T_30.88 ;
    %pushi/vec4 106, 0, 8;
    %store/vec4 v00000174f7e8f020_0, 0, 8;
    %jmp T_30.256;
T_30.89 ;
    %pushi/vec4 203, 0, 8;
    %store/vec4 v00000174f7e8f020_0, 0, 8;
    %jmp T_30.256;
T_30.90 ;
    %pushi/vec4 190, 0, 8;
    %store/vec4 v00000174f7e8f020_0, 0, 8;
    %jmp T_30.256;
T_30.91 ;
    %pushi/vec4 57, 0, 8;
    %store/vec4 v00000174f7e8f020_0, 0, 8;
    %jmp T_30.256;
T_30.92 ;
    %pushi/vec4 74, 0, 8;
    %store/vec4 v00000174f7e8f020_0, 0, 8;
    %jmp T_30.256;
T_30.93 ;
    %pushi/vec4 76, 0, 8;
    %store/vec4 v00000174f7e8f020_0, 0, 8;
    %jmp T_30.256;
T_30.94 ;
    %pushi/vec4 88, 0, 8;
    %store/vec4 v00000174f7e8f020_0, 0, 8;
    %jmp T_30.256;
T_30.95 ;
    %pushi/vec4 207, 0, 8;
    %store/vec4 v00000174f7e8f020_0, 0, 8;
    %jmp T_30.256;
T_30.96 ;
    %pushi/vec4 208, 0, 8;
    %store/vec4 v00000174f7e8f020_0, 0, 8;
    %jmp T_30.256;
T_30.97 ;
    %pushi/vec4 239, 0, 8;
    %store/vec4 v00000174f7e8f020_0, 0, 8;
    %jmp T_30.256;
T_30.98 ;
    %pushi/vec4 170, 0, 8;
    %store/vec4 v00000174f7e8f020_0, 0, 8;
    %jmp T_30.256;
T_30.99 ;
    %pushi/vec4 251, 0, 8;
    %store/vec4 v00000174f7e8f020_0, 0, 8;
    %jmp T_30.256;
T_30.100 ;
    %pushi/vec4 67, 0, 8;
    %store/vec4 v00000174f7e8f020_0, 0, 8;
    %jmp T_30.256;
T_30.101 ;
    %pushi/vec4 77, 0, 8;
    %store/vec4 v00000174f7e8f020_0, 0, 8;
    %jmp T_30.256;
T_30.102 ;
    %pushi/vec4 51, 0, 8;
    %store/vec4 v00000174f7e8f020_0, 0, 8;
    %jmp T_30.256;
T_30.103 ;
    %pushi/vec4 133, 0, 8;
    %store/vec4 v00000174f7e8f020_0, 0, 8;
    %jmp T_30.256;
T_30.104 ;
    %pushi/vec4 69, 0, 8;
    %store/vec4 v00000174f7e8f020_0, 0, 8;
    %jmp T_30.256;
T_30.105 ;
    %pushi/vec4 249, 0, 8;
    %store/vec4 v00000174f7e8f020_0, 0, 8;
    %jmp T_30.256;
T_30.106 ;
    %pushi/vec4 2, 0, 8;
    %store/vec4 v00000174f7e8f020_0, 0, 8;
    %jmp T_30.256;
T_30.107 ;
    %pushi/vec4 127, 0, 8;
    %store/vec4 v00000174f7e8f020_0, 0, 8;
    %jmp T_30.256;
T_30.108 ;
    %pushi/vec4 80, 0, 8;
    %store/vec4 v00000174f7e8f020_0, 0, 8;
    %jmp T_30.256;
T_30.109 ;
    %pushi/vec4 60, 0, 8;
    %store/vec4 v00000174f7e8f020_0, 0, 8;
    %jmp T_30.256;
T_30.110 ;
    %pushi/vec4 159, 0, 8;
    %store/vec4 v00000174f7e8f020_0, 0, 8;
    %jmp T_30.256;
T_30.111 ;
    %pushi/vec4 168, 0, 8;
    %store/vec4 v00000174f7e8f020_0, 0, 8;
    %jmp T_30.256;
T_30.112 ;
    %pushi/vec4 81, 0, 8;
    %store/vec4 v00000174f7e8f020_0, 0, 8;
    %jmp T_30.256;
T_30.113 ;
    %pushi/vec4 163, 0, 8;
    %store/vec4 v00000174f7e8f020_0, 0, 8;
    %jmp T_30.256;
T_30.114 ;
    %pushi/vec4 64, 0, 8;
    %store/vec4 v00000174f7e8f020_0, 0, 8;
    %jmp T_30.256;
T_30.115 ;
    %pushi/vec4 143, 0, 8;
    %store/vec4 v00000174f7e8f020_0, 0, 8;
    %jmp T_30.256;
T_30.116 ;
    %pushi/vec4 146, 0, 8;
    %store/vec4 v00000174f7e8f020_0, 0, 8;
    %jmp T_30.256;
T_30.117 ;
    %pushi/vec4 157, 0, 8;
    %store/vec4 v00000174f7e8f020_0, 0, 8;
    %jmp T_30.256;
T_30.118 ;
    %pushi/vec4 56, 0, 8;
    %store/vec4 v00000174f7e8f020_0, 0, 8;
    %jmp T_30.256;
T_30.119 ;
    %pushi/vec4 245, 0, 8;
    %store/vec4 v00000174f7e8f020_0, 0, 8;
    %jmp T_30.256;
T_30.120 ;
    %pushi/vec4 188, 0, 8;
    %store/vec4 v00000174f7e8f020_0, 0, 8;
    %jmp T_30.256;
T_30.121 ;
    %pushi/vec4 182, 0, 8;
    %store/vec4 v00000174f7e8f020_0, 0, 8;
    %jmp T_30.256;
T_30.122 ;
    %pushi/vec4 218, 0, 8;
    %store/vec4 v00000174f7e8f020_0, 0, 8;
    %jmp T_30.256;
T_30.123 ;
    %pushi/vec4 33, 0, 8;
    %store/vec4 v00000174f7e8f020_0, 0, 8;
    %jmp T_30.256;
T_30.124 ;
    %pushi/vec4 16, 0, 8;
    %store/vec4 v00000174f7e8f020_0, 0, 8;
    %jmp T_30.256;
T_30.125 ;
    %pushi/vec4 255, 0, 8;
    %store/vec4 v00000174f7e8f020_0, 0, 8;
    %jmp T_30.256;
T_30.126 ;
    %pushi/vec4 243, 0, 8;
    %store/vec4 v00000174f7e8f020_0, 0, 8;
    %jmp T_30.256;
T_30.127 ;
    %pushi/vec4 210, 0, 8;
    %store/vec4 v00000174f7e8f020_0, 0, 8;
    %jmp T_30.256;
T_30.128 ;
    %pushi/vec4 205, 0, 8;
    %store/vec4 v00000174f7e8f020_0, 0, 8;
    %jmp T_30.256;
T_30.129 ;
    %pushi/vec4 12, 0, 8;
    %store/vec4 v00000174f7e8f020_0, 0, 8;
    %jmp T_30.256;
T_30.130 ;
    %pushi/vec4 19, 0, 8;
    %store/vec4 v00000174f7e8f020_0, 0, 8;
    %jmp T_30.256;
T_30.131 ;
    %pushi/vec4 236, 0, 8;
    %store/vec4 v00000174f7e8f020_0, 0, 8;
    %jmp T_30.256;
T_30.132 ;
    %pushi/vec4 95, 0, 8;
    %store/vec4 v00000174f7e8f020_0, 0, 8;
    %jmp T_30.256;
T_30.133 ;
    %pushi/vec4 151, 0, 8;
    %store/vec4 v00000174f7e8f020_0, 0, 8;
    %jmp T_30.256;
T_30.134 ;
    %pushi/vec4 68, 0, 8;
    %store/vec4 v00000174f7e8f020_0, 0, 8;
    %jmp T_30.256;
T_30.135 ;
    %pushi/vec4 23, 0, 8;
    %store/vec4 v00000174f7e8f020_0, 0, 8;
    %jmp T_30.256;
T_30.136 ;
    %pushi/vec4 196, 0, 8;
    %store/vec4 v00000174f7e8f020_0, 0, 8;
    %jmp T_30.256;
T_30.137 ;
    %pushi/vec4 167, 0, 8;
    %store/vec4 v00000174f7e8f020_0, 0, 8;
    %jmp T_30.256;
T_30.138 ;
    %pushi/vec4 126, 0, 8;
    %store/vec4 v00000174f7e8f020_0, 0, 8;
    %jmp T_30.256;
T_30.139 ;
    %pushi/vec4 61, 0, 8;
    %store/vec4 v00000174f7e8f020_0, 0, 8;
    %jmp T_30.256;
T_30.140 ;
    %pushi/vec4 100, 0, 8;
    %store/vec4 v00000174f7e8f020_0, 0, 8;
    %jmp T_30.256;
T_30.141 ;
    %pushi/vec4 93, 0, 8;
    %store/vec4 v00000174f7e8f020_0, 0, 8;
    %jmp T_30.256;
T_30.142 ;
    %pushi/vec4 25, 0, 8;
    %store/vec4 v00000174f7e8f020_0, 0, 8;
    %jmp T_30.256;
T_30.143 ;
    %pushi/vec4 115, 0, 8;
    %store/vec4 v00000174f7e8f020_0, 0, 8;
    %jmp T_30.256;
T_30.144 ;
    %pushi/vec4 96, 0, 8;
    %store/vec4 v00000174f7e8f020_0, 0, 8;
    %jmp T_30.256;
T_30.145 ;
    %pushi/vec4 129, 0, 8;
    %store/vec4 v00000174f7e8f020_0, 0, 8;
    %jmp T_30.256;
T_30.146 ;
    %pushi/vec4 79, 0, 8;
    %store/vec4 v00000174f7e8f020_0, 0, 8;
    %jmp T_30.256;
T_30.147 ;
    %pushi/vec4 220, 0, 8;
    %store/vec4 v00000174f7e8f020_0, 0, 8;
    %jmp T_30.256;
T_30.148 ;
    %pushi/vec4 34, 0, 8;
    %store/vec4 v00000174f7e8f020_0, 0, 8;
    %jmp T_30.256;
T_30.149 ;
    %pushi/vec4 42, 0, 8;
    %store/vec4 v00000174f7e8f020_0, 0, 8;
    %jmp T_30.256;
T_30.150 ;
    %pushi/vec4 144, 0, 8;
    %store/vec4 v00000174f7e8f020_0, 0, 8;
    %jmp T_30.256;
T_30.151 ;
    %pushi/vec4 136, 0, 8;
    %store/vec4 v00000174f7e8f020_0, 0, 8;
    %jmp T_30.256;
T_30.152 ;
    %pushi/vec4 70, 0, 8;
    %store/vec4 v00000174f7e8f020_0, 0, 8;
    %jmp T_30.256;
T_30.153 ;
    %pushi/vec4 238, 0, 8;
    %store/vec4 v00000174f7e8f020_0, 0, 8;
    %jmp T_30.256;
T_30.154 ;
    %pushi/vec4 184, 0, 8;
    %store/vec4 v00000174f7e8f020_0, 0, 8;
    %jmp T_30.256;
T_30.155 ;
    %pushi/vec4 20, 0, 8;
    %store/vec4 v00000174f7e8f020_0, 0, 8;
    %jmp T_30.256;
T_30.156 ;
    %pushi/vec4 222, 0, 8;
    %store/vec4 v00000174f7e8f020_0, 0, 8;
    %jmp T_30.256;
T_30.157 ;
    %pushi/vec4 94, 0, 8;
    %store/vec4 v00000174f7e8f020_0, 0, 8;
    %jmp T_30.256;
T_30.158 ;
    %pushi/vec4 11, 0, 8;
    %store/vec4 v00000174f7e8f020_0, 0, 8;
    %jmp T_30.256;
T_30.159 ;
    %pushi/vec4 219, 0, 8;
    %store/vec4 v00000174f7e8f020_0, 0, 8;
    %jmp T_30.256;
T_30.160 ;
    %pushi/vec4 224, 0, 8;
    %store/vec4 v00000174f7e8f020_0, 0, 8;
    %jmp T_30.256;
T_30.161 ;
    %pushi/vec4 50, 0, 8;
    %store/vec4 v00000174f7e8f020_0, 0, 8;
    %jmp T_30.256;
T_30.162 ;
    %pushi/vec4 58, 0, 8;
    %store/vec4 v00000174f7e8f020_0, 0, 8;
    %jmp T_30.256;
T_30.163 ;
    %pushi/vec4 10, 0, 8;
    %store/vec4 v00000174f7e8f020_0, 0, 8;
    %jmp T_30.256;
T_30.164 ;
    %pushi/vec4 73, 0, 8;
    %store/vec4 v00000174f7e8f020_0, 0, 8;
    %jmp T_30.256;
T_30.165 ;
    %pushi/vec4 6, 0, 8;
    %store/vec4 v00000174f7e8f020_0, 0, 8;
    %jmp T_30.256;
T_30.166 ;
    %pushi/vec4 36, 0, 8;
    %store/vec4 v00000174f7e8f020_0, 0, 8;
    %jmp T_30.256;
T_30.167 ;
    %pushi/vec4 92, 0, 8;
    %store/vec4 v00000174f7e8f020_0, 0, 8;
    %jmp T_30.256;
T_30.168 ;
    %pushi/vec4 194, 0, 8;
    %store/vec4 v00000174f7e8f020_0, 0, 8;
    %jmp T_30.256;
T_30.169 ;
    %pushi/vec4 211, 0, 8;
    %store/vec4 v00000174f7e8f020_0, 0, 8;
    %jmp T_30.256;
T_30.170 ;
    %pushi/vec4 172, 0, 8;
    %store/vec4 v00000174f7e8f020_0, 0, 8;
    %jmp T_30.256;
T_30.171 ;
    %pushi/vec4 98, 0, 8;
    %store/vec4 v00000174f7e8f020_0, 0, 8;
    %jmp T_30.256;
T_30.172 ;
    %pushi/vec4 145, 0, 8;
    %store/vec4 v00000174f7e8f020_0, 0, 8;
    %jmp T_30.256;
T_30.173 ;
    %pushi/vec4 149, 0, 8;
    %store/vec4 v00000174f7e8f020_0, 0, 8;
    %jmp T_30.256;
T_30.174 ;
    %pushi/vec4 228, 0, 8;
    %store/vec4 v00000174f7e8f020_0, 0, 8;
    %jmp T_30.256;
T_30.175 ;
    %pushi/vec4 121, 0, 8;
    %store/vec4 v00000174f7e8f020_0, 0, 8;
    %jmp T_30.256;
T_30.176 ;
    %pushi/vec4 231, 0, 8;
    %store/vec4 v00000174f7e8f020_0, 0, 8;
    %jmp T_30.256;
T_30.177 ;
    %pushi/vec4 200, 0, 8;
    %store/vec4 v00000174f7e8f020_0, 0, 8;
    %jmp T_30.256;
T_30.178 ;
    %pushi/vec4 55, 0, 8;
    %store/vec4 v00000174f7e8f020_0, 0, 8;
    %jmp T_30.256;
T_30.179 ;
    %pushi/vec4 109, 0, 8;
    %store/vec4 v00000174f7e8f020_0, 0, 8;
    %jmp T_30.256;
T_30.180 ;
    %pushi/vec4 141, 0, 8;
    %store/vec4 v00000174f7e8f020_0, 0, 8;
    %jmp T_30.256;
T_30.181 ;
    %pushi/vec4 213, 0, 8;
    %store/vec4 v00000174f7e8f020_0, 0, 8;
    %jmp T_30.256;
T_30.182 ;
    %pushi/vec4 78, 0, 8;
    %store/vec4 v00000174f7e8f020_0, 0, 8;
    %jmp T_30.256;
T_30.183 ;
    %pushi/vec4 169, 0, 8;
    %store/vec4 v00000174f7e8f020_0, 0, 8;
    %jmp T_30.256;
T_30.184 ;
    %pushi/vec4 108, 0, 8;
    %store/vec4 v00000174f7e8f020_0, 0, 8;
    %jmp T_30.256;
T_30.185 ;
    %pushi/vec4 86, 0, 8;
    %store/vec4 v00000174f7e8f020_0, 0, 8;
    %jmp T_30.256;
T_30.186 ;
    %pushi/vec4 244, 0, 8;
    %store/vec4 v00000174f7e8f020_0, 0, 8;
    %jmp T_30.256;
T_30.187 ;
    %pushi/vec4 234, 0, 8;
    %store/vec4 v00000174f7e8f020_0, 0, 8;
    %jmp T_30.256;
T_30.188 ;
    %pushi/vec4 101, 0, 8;
    %store/vec4 v00000174f7e8f020_0, 0, 8;
    %jmp T_30.256;
T_30.189 ;
    %pushi/vec4 122, 0, 8;
    %store/vec4 v00000174f7e8f020_0, 0, 8;
    %jmp T_30.256;
T_30.190 ;
    %pushi/vec4 174, 0, 8;
    %store/vec4 v00000174f7e8f020_0, 0, 8;
    %jmp T_30.256;
T_30.191 ;
    %pushi/vec4 8, 0, 8;
    %store/vec4 v00000174f7e8f020_0, 0, 8;
    %jmp T_30.256;
T_30.192 ;
    %pushi/vec4 186, 0, 8;
    %store/vec4 v00000174f7e8f020_0, 0, 8;
    %jmp T_30.256;
T_30.193 ;
    %pushi/vec4 120, 0, 8;
    %store/vec4 v00000174f7e8f020_0, 0, 8;
    %jmp T_30.256;
T_30.194 ;
    %pushi/vec4 37, 0, 8;
    %store/vec4 v00000174f7e8f020_0, 0, 8;
    %jmp T_30.256;
T_30.195 ;
    %pushi/vec4 46, 0, 8;
    %store/vec4 v00000174f7e8f020_0, 0, 8;
    %jmp T_30.256;
T_30.196 ;
    %pushi/vec4 28, 0, 8;
    %store/vec4 v00000174f7e8f020_0, 0, 8;
    %jmp T_30.256;
T_30.197 ;
    %pushi/vec4 166, 0, 8;
    %store/vec4 v00000174f7e8f020_0, 0, 8;
    %jmp T_30.256;
T_30.198 ;
    %pushi/vec4 180, 0, 8;
    %store/vec4 v00000174f7e8f020_0, 0, 8;
    %jmp T_30.256;
T_30.199 ;
    %pushi/vec4 198, 0, 8;
    %store/vec4 v00000174f7e8f020_0, 0, 8;
    %jmp T_30.256;
T_30.200 ;
    %pushi/vec4 232, 0, 8;
    %store/vec4 v00000174f7e8f020_0, 0, 8;
    %jmp T_30.256;
T_30.201 ;
    %pushi/vec4 221, 0, 8;
    %store/vec4 v00000174f7e8f020_0, 0, 8;
    %jmp T_30.256;
T_30.202 ;
    %pushi/vec4 116, 0, 8;
    %store/vec4 v00000174f7e8f020_0, 0, 8;
    %jmp T_30.256;
T_30.203 ;
    %pushi/vec4 31, 0, 8;
    %store/vec4 v00000174f7e8f020_0, 0, 8;
    %jmp T_30.256;
T_30.204 ;
    %pushi/vec4 75, 0, 8;
    %store/vec4 v00000174f7e8f020_0, 0, 8;
    %jmp T_30.256;
T_30.205 ;
    %pushi/vec4 189, 0, 8;
    %store/vec4 v00000174f7e8f020_0, 0, 8;
    %jmp T_30.256;
T_30.206 ;
    %pushi/vec4 139, 0, 8;
    %store/vec4 v00000174f7e8f020_0, 0, 8;
    %jmp T_30.256;
T_30.207 ;
    %pushi/vec4 138, 0, 8;
    %store/vec4 v00000174f7e8f020_0, 0, 8;
    %jmp T_30.256;
T_30.208 ;
    %pushi/vec4 112, 0, 8;
    %store/vec4 v00000174f7e8f020_0, 0, 8;
    %jmp T_30.256;
T_30.209 ;
    %pushi/vec4 62, 0, 8;
    %store/vec4 v00000174f7e8f020_0, 0, 8;
    %jmp T_30.256;
T_30.210 ;
    %pushi/vec4 181, 0, 8;
    %store/vec4 v00000174f7e8f020_0, 0, 8;
    %jmp T_30.256;
T_30.211 ;
    %pushi/vec4 102, 0, 8;
    %store/vec4 v00000174f7e8f020_0, 0, 8;
    %jmp T_30.256;
T_30.212 ;
    %pushi/vec4 72, 0, 8;
    %store/vec4 v00000174f7e8f020_0, 0, 8;
    %jmp T_30.256;
T_30.213 ;
    %pushi/vec4 3, 0, 8;
    %store/vec4 v00000174f7e8f020_0, 0, 8;
    %jmp T_30.256;
T_30.214 ;
    %pushi/vec4 246, 0, 8;
    %store/vec4 v00000174f7e8f020_0, 0, 8;
    %jmp T_30.256;
T_30.215 ;
    %pushi/vec4 14, 0, 8;
    %store/vec4 v00000174f7e8f020_0, 0, 8;
    %jmp T_30.256;
T_30.216 ;
    %pushi/vec4 97, 0, 8;
    %store/vec4 v00000174f7e8f020_0, 0, 8;
    %jmp T_30.256;
T_30.217 ;
    %pushi/vec4 53, 0, 8;
    %store/vec4 v00000174f7e8f020_0, 0, 8;
    %jmp T_30.256;
T_30.218 ;
    %pushi/vec4 87, 0, 8;
    %store/vec4 v00000174f7e8f020_0, 0, 8;
    %jmp T_30.256;
T_30.219 ;
    %pushi/vec4 185, 0, 8;
    %store/vec4 v00000174f7e8f020_0, 0, 8;
    %jmp T_30.256;
T_30.220 ;
    %pushi/vec4 134, 0, 8;
    %store/vec4 v00000174f7e8f020_0, 0, 8;
    %jmp T_30.256;
T_30.221 ;
    %pushi/vec4 193, 0, 8;
    %store/vec4 v00000174f7e8f020_0, 0, 8;
    %jmp T_30.256;
T_30.222 ;
    %pushi/vec4 29, 0, 8;
    %store/vec4 v00000174f7e8f020_0, 0, 8;
    %jmp T_30.256;
T_30.223 ;
    %pushi/vec4 158, 0, 8;
    %store/vec4 v00000174f7e8f020_0, 0, 8;
    %jmp T_30.256;
T_30.224 ;
    %pushi/vec4 225, 0, 8;
    %store/vec4 v00000174f7e8f020_0, 0, 8;
    %jmp T_30.256;
T_30.225 ;
    %pushi/vec4 248, 0, 8;
    %store/vec4 v00000174f7e8f020_0, 0, 8;
    %jmp T_30.256;
T_30.226 ;
    %pushi/vec4 152, 0, 8;
    %store/vec4 v00000174f7e8f020_0, 0, 8;
    %jmp T_30.256;
T_30.227 ;
    %pushi/vec4 17, 0, 8;
    %store/vec4 v00000174f7e8f020_0, 0, 8;
    %jmp T_30.256;
T_30.228 ;
    %pushi/vec4 105, 0, 8;
    %store/vec4 v00000174f7e8f020_0, 0, 8;
    %jmp T_30.256;
T_30.229 ;
    %pushi/vec4 217, 0, 8;
    %store/vec4 v00000174f7e8f020_0, 0, 8;
    %jmp T_30.256;
T_30.230 ;
    %pushi/vec4 142, 0, 8;
    %store/vec4 v00000174f7e8f020_0, 0, 8;
    %jmp T_30.256;
T_30.231 ;
    %pushi/vec4 148, 0, 8;
    %store/vec4 v00000174f7e8f020_0, 0, 8;
    %jmp T_30.256;
T_30.232 ;
    %pushi/vec4 155, 0, 8;
    %store/vec4 v00000174f7e8f020_0, 0, 8;
    %jmp T_30.256;
T_30.233 ;
    %pushi/vec4 30, 0, 8;
    %store/vec4 v00000174f7e8f020_0, 0, 8;
    %jmp T_30.256;
T_30.234 ;
    %pushi/vec4 135, 0, 8;
    %store/vec4 v00000174f7e8f020_0, 0, 8;
    %jmp T_30.256;
T_30.235 ;
    %pushi/vec4 233, 0, 8;
    %store/vec4 v00000174f7e8f020_0, 0, 8;
    %jmp T_30.256;
T_30.236 ;
    %pushi/vec4 206, 0, 8;
    %store/vec4 v00000174f7e8f020_0, 0, 8;
    %jmp T_30.256;
T_30.237 ;
    %pushi/vec4 85, 0, 8;
    %store/vec4 v00000174f7e8f020_0, 0, 8;
    %jmp T_30.256;
T_30.238 ;
    %pushi/vec4 40, 0, 8;
    %store/vec4 v00000174f7e8f020_0, 0, 8;
    %jmp T_30.256;
T_30.239 ;
    %pushi/vec4 223, 0, 8;
    %store/vec4 v00000174f7e8f020_0, 0, 8;
    %jmp T_30.256;
T_30.240 ;
    %pushi/vec4 140, 0, 8;
    %store/vec4 v00000174f7e8f020_0, 0, 8;
    %jmp T_30.256;
T_30.241 ;
    %pushi/vec4 161, 0, 8;
    %store/vec4 v00000174f7e8f020_0, 0, 8;
    %jmp T_30.256;
T_30.242 ;
    %pushi/vec4 137, 0, 8;
    %store/vec4 v00000174f7e8f020_0, 0, 8;
    %jmp T_30.256;
T_30.243 ;
    %pushi/vec4 13, 0, 8;
    %store/vec4 v00000174f7e8f020_0, 0, 8;
    %jmp T_30.256;
T_30.244 ;
    %pushi/vec4 191, 0, 8;
    %store/vec4 v00000174f7e8f020_0, 0, 8;
    %jmp T_30.256;
T_30.245 ;
    %pushi/vec4 230, 0, 8;
    %store/vec4 v00000174f7e8f020_0, 0, 8;
    %jmp T_30.256;
T_30.246 ;
    %pushi/vec4 66, 0, 8;
    %store/vec4 v00000174f7e8f020_0, 0, 8;
    %jmp T_30.256;
T_30.247 ;
    %pushi/vec4 104, 0, 8;
    %store/vec4 v00000174f7e8f020_0, 0, 8;
    %jmp T_30.256;
T_30.248 ;
    %pushi/vec4 65, 0, 8;
    %store/vec4 v00000174f7e8f020_0, 0, 8;
    %jmp T_30.256;
T_30.249 ;
    %pushi/vec4 153, 0, 8;
    %store/vec4 v00000174f7e8f020_0, 0, 8;
    %jmp T_30.256;
T_30.250 ;
    %pushi/vec4 45, 0, 8;
    %store/vec4 v00000174f7e8f020_0, 0, 8;
    %jmp T_30.256;
T_30.251 ;
    %pushi/vec4 15, 0, 8;
    %store/vec4 v00000174f7e8f020_0, 0, 8;
    %jmp T_30.256;
T_30.252 ;
    %pushi/vec4 176, 0, 8;
    %store/vec4 v00000174f7e8f020_0, 0, 8;
    %jmp T_30.256;
T_30.253 ;
    %pushi/vec4 84, 0, 8;
    %store/vec4 v00000174f7e8f020_0, 0, 8;
    %jmp T_30.256;
T_30.254 ;
    %pushi/vec4 187, 0, 8;
    %store/vec4 v00000174f7e8f020_0, 0, 8;
    %jmp T_30.256;
T_30.255 ;
    %pushi/vec4 22, 0, 8;
    %store/vec4 v00000174f7e8f020_0, 0, 8;
    %jmp T_30.256;
T_30.256 ;
    %pop/vec4 1;
    %jmp T_30;
    .thread T_30, $push;
    .scope S_00000174f7e94a30;
T_31 ;
    %wait E_00000174f7e05b90;
    %load/vec4 v00000174f7e906a0_0;
    %dup/vec4;
    %pushi/vec4 0, 0, 8;
    %cmp/u;
    %jmp/1 T_31.0, 6;
    %dup/vec4;
    %pushi/vec4 1, 0, 8;
    %cmp/u;
    %jmp/1 T_31.1, 6;
    %dup/vec4;
    %pushi/vec4 2, 0, 8;
    %cmp/u;
    %jmp/1 T_31.2, 6;
    %dup/vec4;
    %pushi/vec4 3, 0, 8;
    %cmp/u;
    %jmp/1 T_31.3, 6;
    %dup/vec4;
    %pushi/vec4 4, 0, 8;
    %cmp/u;
    %jmp/1 T_31.4, 6;
    %dup/vec4;
    %pushi/vec4 5, 0, 8;
    %cmp/u;
    %jmp/1 T_31.5, 6;
    %dup/vec4;
    %pushi/vec4 6, 0, 8;
    %cmp/u;
    %jmp/1 T_31.6, 6;
    %dup/vec4;
    %pushi/vec4 7, 0, 8;
    %cmp/u;
    %jmp/1 T_31.7, 6;
    %dup/vec4;
    %pushi/vec4 8, 0, 8;
    %cmp/u;
    %jmp/1 T_31.8, 6;
    %dup/vec4;
    %pushi/vec4 9, 0, 8;
    %cmp/u;
    %jmp/1 T_31.9, 6;
    %dup/vec4;
    %pushi/vec4 10, 0, 8;
    %cmp/u;
    %jmp/1 T_31.10, 6;
    %dup/vec4;
    %pushi/vec4 11, 0, 8;
    %cmp/u;
    %jmp/1 T_31.11, 6;
    %dup/vec4;
    %pushi/vec4 12, 0, 8;
    %cmp/u;
    %jmp/1 T_31.12, 6;
    %dup/vec4;
    %pushi/vec4 13, 0, 8;
    %cmp/u;
    %jmp/1 T_31.13, 6;
    %dup/vec4;
    %pushi/vec4 14, 0, 8;
    %cmp/u;
    %jmp/1 T_31.14, 6;
    %dup/vec4;
    %pushi/vec4 15, 0, 8;
    %cmp/u;
    %jmp/1 T_31.15, 6;
    %dup/vec4;
    %pushi/vec4 16, 0, 8;
    %cmp/u;
    %jmp/1 T_31.16, 6;
    %dup/vec4;
    %pushi/vec4 17, 0, 8;
    %cmp/u;
    %jmp/1 T_31.17, 6;
    %dup/vec4;
    %pushi/vec4 18, 0, 8;
    %cmp/u;
    %jmp/1 T_31.18, 6;
    %dup/vec4;
    %pushi/vec4 19, 0, 8;
    %cmp/u;
    %jmp/1 T_31.19, 6;
    %dup/vec4;
    %pushi/vec4 20, 0, 8;
    %cmp/u;
    %jmp/1 T_31.20, 6;
    %dup/vec4;
    %pushi/vec4 21, 0, 8;
    %cmp/u;
    %jmp/1 T_31.21, 6;
    %dup/vec4;
    %pushi/vec4 22, 0, 8;
    %cmp/u;
    %jmp/1 T_31.22, 6;
    %dup/vec4;
    %pushi/vec4 23, 0, 8;
    %cmp/u;
    %jmp/1 T_31.23, 6;
    %dup/vec4;
    %pushi/vec4 24, 0, 8;
    %cmp/u;
    %jmp/1 T_31.24, 6;
    %dup/vec4;
    %pushi/vec4 25, 0, 8;
    %cmp/u;
    %jmp/1 T_31.25, 6;
    %dup/vec4;
    %pushi/vec4 26, 0, 8;
    %cmp/u;
    %jmp/1 T_31.26, 6;
    %dup/vec4;
    %pushi/vec4 27, 0, 8;
    %cmp/u;
    %jmp/1 T_31.27, 6;
    %dup/vec4;
    %pushi/vec4 28, 0, 8;
    %cmp/u;
    %jmp/1 T_31.28, 6;
    %dup/vec4;
    %pushi/vec4 29, 0, 8;
    %cmp/u;
    %jmp/1 T_31.29, 6;
    %dup/vec4;
    %pushi/vec4 30, 0, 8;
    %cmp/u;
    %jmp/1 T_31.30, 6;
    %dup/vec4;
    %pushi/vec4 31, 0, 8;
    %cmp/u;
    %jmp/1 T_31.31, 6;
    %dup/vec4;
    %pushi/vec4 32, 0, 8;
    %cmp/u;
    %jmp/1 T_31.32, 6;
    %dup/vec4;
    %pushi/vec4 33, 0, 8;
    %cmp/u;
    %jmp/1 T_31.33, 6;
    %dup/vec4;
    %pushi/vec4 34, 0, 8;
    %cmp/u;
    %jmp/1 T_31.34, 6;
    %dup/vec4;
    %pushi/vec4 35, 0, 8;
    %cmp/u;
    %jmp/1 T_31.35, 6;
    %dup/vec4;
    %pushi/vec4 36, 0, 8;
    %cmp/u;
    %jmp/1 T_31.36, 6;
    %dup/vec4;
    %pushi/vec4 37, 0, 8;
    %cmp/u;
    %jmp/1 T_31.37, 6;
    %dup/vec4;
    %pushi/vec4 38, 0, 8;
    %cmp/u;
    %jmp/1 T_31.38, 6;
    %dup/vec4;
    %pushi/vec4 39, 0, 8;
    %cmp/u;
    %jmp/1 T_31.39, 6;
    %dup/vec4;
    %pushi/vec4 40, 0, 8;
    %cmp/u;
    %jmp/1 T_31.40, 6;
    %dup/vec4;
    %pushi/vec4 41, 0, 8;
    %cmp/u;
    %jmp/1 T_31.41, 6;
    %dup/vec4;
    %pushi/vec4 42, 0, 8;
    %cmp/u;
    %jmp/1 T_31.42, 6;
    %dup/vec4;
    %pushi/vec4 43, 0, 8;
    %cmp/u;
    %jmp/1 T_31.43, 6;
    %dup/vec4;
    %pushi/vec4 44, 0, 8;
    %cmp/u;
    %jmp/1 T_31.44, 6;
    %dup/vec4;
    %pushi/vec4 45, 0, 8;
    %cmp/u;
    %jmp/1 T_31.45, 6;
    %dup/vec4;
    %pushi/vec4 46, 0, 8;
    %cmp/u;
    %jmp/1 T_31.46, 6;
    %dup/vec4;
    %pushi/vec4 47, 0, 8;
    %cmp/u;
    %jmp/1 T_31.47, 6;
    %dup/vec4;
    %pushi/vec4 48, 0, 8;
    %cmp/u;
    %jmp/1 T_31.48, 6;
    %dup/vec4;
    %pushi/vec4 49, 0, 8;
    %cmp/u;
    %jmp/1 T_31.49, 6;
    %dup/vec4;
    %pushi/vec4 50, 0, 8;
    %cmp/u;
    %jmp/1 T_31.50, 6;
    %dup/vec4;
    %pushi/vec4 51, 0, 8;
    %cmp/u;
    %jmp/1 T_31.51, 6;
    %dup/vec4;
    %pushi/vec4 52, 0, 8;
    %cmp/u;
    %jmp/1 T_31.52, 6;
    %dup/vec4;
    %pushi/vec4 53, 0, 8;
    %cmp/u;
    %jmp/1 T_31.53, 6;
    %dup/vec4;
    %pushi/vec4 54, 0, 8;
    %cmp/u;
    %jmp/1 T_31.54, 6;
    %dup/vec4;
    %pushi/vec4 55, 0, 8;
    %cmp/u;
    %jmp/1 T_31.55, 6;
    %dup/vec4;
    %pushi/vec4 56, 0, 8;
    %cmp/u;
    %jmp/1 T_31.56, 6;
    %dup/vec4;
    %pushi/vec4 57, 0, 8;
    %cmp/u;
    %jmp/1 T_31.57, 6;
    %dup/vec4;
    %pushi/vec4 58, 0, 8;
    %cmp/u;
    %jmp/1 T_31.58, 6;
    %dup/vec4;
    %pushi/vec4 59, 0, 8;
    %cmp/u;
    %jmp/1 T_31.59, 6;
    %dup/vec4;
    %pushi/vec4 60, 0, 8;
    %cmp/u;
    %jmp/1 T_31.60, 6;
    %dup/vec4;
    %pushi/vec4 61, 0, 8;
    %cmp/u;
    %jmp/1 T_31.61, 6;
    %dup/vec4;
    %pushi/vec4 62, 0, 8;
    %cmp/u;
    %jmp/1 T_31.62, 6;
    %dup/vec4;
    %pushi/vec4 63, 0, 8;
    %cmp/u;
    %jmp/1 T_31.63, 6;
    %dup/vec4;
    %pushi/vec4 64, 0, 8;
    %cmp/u;
    %jmp/1 T_31.64, 6;
    %dup/vec4;
    %pushi/vec4 65, 0, 8;
    %cmp/u;
    %jmp/1 T_31.65, 6;
    %dup/vec4;
    %pushi/vec4 66, 0, 8;
    %cmp/u;
    %jmp/1 T_31.66, 6;
    %dup/vec4;
    %pushi/vec4 67, 0, 8;
    %cmp/u;
    %jmp/1 T_31.67, 6;
    %dup/vec4;
    %pushi/vec4 68, 0, 8;
    %cmp/u;
    %jmp/1 T_31.68, 6;
    %dup/vec4;
    %pushi/vec4 69, 0, 8;
    %cmp/u;
    %jmp/1 T_31.69, 6;
    %dup/vec4;
    %pushi/vec4 70, 0, 8;
    %cmp/u;
    %jmp/1 T_31.70, 6;
    %dup/vec4;
    %pushi/vec4 71, 0, 8;
    %cmp/u;
    %jmp/1 T_31.71, 6;
    %dup/vec4;
    %pushi/vec4 72, 0, 8;
    %cmp/u;
    %jmp/1 T_31.72, 6;
    %dup/vec4;
    %pushi/vec4 73, 0, 8;
    %cmp/u;
    %jmp/1 T_31.73, 6;
    %dup/vec4;
    %pushi/vec4 74, 0, 8;
    %cmp/u;
    %jmp/1 T_31.74, 6;
    %dup/vec4;
    %pushi/vec4 75, 0, 8;
    %cmp/u;
    %jmp/1 T_31.75, 6;
    %dup/vec4;
    %pushi/vec4 76, 0, 8;
    %cmp/u;
    %jmp/1 T_31.76, 6;
    %dup/vec4;
    %pushi/vec4 77, 0, 8;
    %cmp/u;
    %jmp/1 T_31.77, 6;
    %dup/vec4;
    %pushi/vec4 78, 0, 8;
    %cmp/u;
    %jmp/1 T_31.78, 6;
    %dup/vec4;
    %pushi/vec4 79, 0, 8;
    %cmp/u;
    %jmp/1 T_31.79, 6;
    %dup/vec4;
    %pushi/vec4 80, 0, 8;
    %cmp/u;
    %jmp/1 T_31.80, 6;
    %dup/vec4;
    %pushi/vec4 81, 0, 8;
    %cmp/u;
    %jmp/1 T_31.81, 6;
    %dup/vec4;
    %pushi/vec4 82, 0, 8;
    %cmp/u;
    %jmp/1 T_31.82, 6;
    %dup/vec4;
    %pushi/vec4 83, 0, 8;
    %cmp/u;
    %jmp/1 T_31.83, 6;
    %dup/vec4;
    %pushi/vec4 84, 0, 8;
    %cmp/u;
    %jmp/1 T_31.84, 6;
    %dup/vec4;
    %pushi/vec4 85, 0, 8;
    %cmp/u;
    %jmp/1 T_31.85, 6;
    %dup/vec4;
    %pushi/vec4 86, 0, 8;
    %cmp/u;
    %jmp/1 T_31.86, 6;
    %dup/vec4;
    %pushi/vec4 87, 0, 8;
    %cmp/u;
    %jmp/1 T_31.87, 6;
    %dup/vec4;
    %pushi/vec4 88, 0, 8;
    %cmp/u;
    %jmp/1 T_31.88, 6;
    %dup/vec4;
    %pushi/vec4 89, 0, 8;
    %cmp/u;
    %jmp/1 T_31.89, 6;
    %dup/vec4;
    %pushi/vec4 90, 0, 8;
    %cmp/u;
    %jmp/1 T_31.90, 6;
    %dup/vec4;
    %pushi/vec4 91, 0, 8;
    %cmp/u;
    %jmp/1 T_31.91, 6;
    %dup/vec4;
    %pushi/vec4 92, 0, 8;
    %cmp/u;
    %jmp/1 T_31.92, 6;
    %dup/vec4;
    %pushi/vec4 93, 0, 8;
    %cmp/u;
    %jmp/1 T_31.93, 6;
    %dup/vec4;
    %pushi/vec4 94, 0, 8;
    %cmp/u;
    %jmp/1 T_31.94, 6;
    %dup/vec4;
    %pushi/vec4 95, 0, 8;
    %cmp/u;
    %jmp/1 T_31.95, 6;
    %dup/vec4;
    %pushi/vec4 96, 0, 8;
    %cmp/u;
    %jmp/1 T_31.96, 6;
    %dup/vec4;
    %pushi/vec4 97, 0, 8;
    %cmp/u;
    %jmp/1 T_31.97, 6;
    %dup/vec4;
    %pushi/vec4 98, 0, 8;
    %cmp/u;
    %jmp/1 T_31.98, 6;
    %dup/vec4;
    %pushi/vec4 99, 0, 8;
    %cmp/u;
    %jmp/1 T_31.99, 6;
    %dup/vec4;
    %pushi/vec4 100, 0, 8;
    %cmp/u;
    %jmp/1 T_31.100, 6;
    %dup/vec4;
    %pushi/vec4 101, 0, 8;
    %cmp/u;
    %jmp/1 T_31.101, 6;
    %dup/vec4;
    %pushi/vec4 102, 0, 8;
    %cmp/u;
    %jmp/1 T_31.102, 6;
    %dup/vec4;
    %pushi/vec4 103, 0, 8;
    %cmp/u;
    %jmp/1 T_31.103, 6;
    %dup/vec4;
    %pushi/vec4 104, 0, 8;
    %cmp/u;
    %jmp/1 T_31.104, 6;
    %dup/vec4;
    %pushi/vec4 105, 0, 8;
    %cmp/u;
    %jmp/1 T_31.105, 6;
    %dup/vec4;
    %pushi/vec4 106, 0, 8;
    %cmp/u;
    %jmp/1 T_31.106, 6;
    %dup/vec4;
    %pushi/vec4 107, 0, 8;
    %cmp/u;
    %jmp/1 T_31.107, 6;
    %dup/vec4;
    %pushi/vec4 108, 0, 8;
    %cmp/u;
    %jmp/1 T_31.108, 6;
    %dup/vec4;
    %pushi/vec4 109, 0, 8;
    %cmp/u;
    %jmp/1 T_31.109, 6;
    %dup/vec4;
    %pushi/vec4 110, 0, 8;
    %cmp/u;
    %jmp/1 T_31.110, 6;
    %dup/vec4;
    %pushi/vec4 111, 0, 8;
    %cmp/u;
    %jmp/1 T_31.111, 6;
    %dup/vec4;
    %pushi/vec4 112, 0, 8;
    %cmp/u;
    %jmp/1 T_31.112, 6;
    %dup/vec4;
    %pushi/vec4 113, 0, 8;
    %cmp/u;
    %jmp/1 T_31.113, 6;
    %dup/vec4;
    %pushi/vec4 114, 0, 8;
    %cmp/u;
    %jmp/1 T_31.114, 6;
    %dup/vec4;
    %pushi/vec4 115, 0, 8;
    %cmp/u;
    %jmp/1 T_31.115, 6;
    %dup/vec4;
    %pushi/vec4 116, 0, 8;
    %cmp/u;
    %jmp/1 T_31.116, 6;
    %dup/vec4;
    %pushi/vec4 117, 0, 8;
    %cmp/u;
    %jmp/1 T_31.117, 6;
    %dup/vec4;
    %pushi/vec4 118, 0, 8;
    %cmp/u;
    %jmp/1 T_31.118, 6;
    %dup/vec4;
    %pushi/vec4 119, 0, 8;
    %cmp/u;
    %jmp/1 T_31.119, 6;
    %dup/vec4;
    %pushi/vec4 120, 0, 8;
    %cmp/u;
    %jmp/1 T_31.120, 6;
    %dup/vec4;
    %pushi/vec4 121, 0, 8;
    %cmp/u;
    %jmp/1 T_31.121, 6;
    %dup/vec4;
    %pushi/vec4 122, 0, 8;
    %cmp/u;
    %jmp/1 T_31.122, 6;
    %dup/vec4;
    %pushi/vec4 123, 0, 8;
    %cmp/u;
    %jmp/1 T_31.123, 6;
    %dup/vec4;
    %pushi/vec4 124, 0, 8;
    %cmp/u;
    %jmp/1 T_31.124, 6;
    %dup/vec4;
    %pushi/vec4 125, 0, 8;
    %cmp/u;
    %jmp/1 T_31.125, 6;
    %dup/vec4;
    %pushi/vec4 126, 0, 8;
    %cmp/u;
    %jmp/1 T_31.126, 6;
    %dup/vec4;
    %pushi/vec4 127, 0, 8;
    %cmp/u;
    %jmp/1 T_31.127, 6;
    %dup/vec4;
    %pushi/vec4 128, 0, 8;
    %cmp/u;
    %jmp/1 T_31.128, 6;
    %dup/vec4;
    %pushi/vec4 129, 0, 8;
    %cmp/u;
    %jmp/1 T_31.129, 6;
    %dup/vec4;
    %pushi/vec4 130, 0, 8;
    %cmp/u;
    %jmp/1 T_31.130, 6;
    %dup/vec4;
    %pushi/vec4 131, 0, 8;
    %cmp/u;
    %jmp/1 T_31.131, 6;
    %dup/vec4;
    %pushi/vec4 132, 0, 8;
    %cmp/u;
    %jmp/1 T_31.132, 6;
    %dup/vec4;
    %pushi/vec4 133, 0, 8;
    %cmp/u;
    %jmp/1 T_31.133, 6;
    %dup/vec4;
    %pushi/vec4 134, 0, 8;
    %cmp/u;
    %jmp/1 T_31.134, 6;
    %dup/vec4;
    %pushi/vec4 135, 0, 8;
    %cmp/u;
    %jmp/1 T_31.135, 6;
    %dup/vec4;
    %pushi/vec4 136, 0, 8;
    %cmp/u;
    %jmp/1 T_31.136, 6;
    %dup/vec4;
    %pushi/vec4 137, 0, 8;
    %cmp/u;
    %jmp/1 T_31.137, 6;
    %dup/vec4;
    %pushi/vec4 138, 0, 8;
    %cmp/u;
    %jmp/1 T_31.138, 6;
    %dup/vec4;
    %pushi/vec4 139, 0, 8;
    %cmp/u;
    %jmp/1 T_31.139, 6;
    %dup/vec4;
    %pushi/vec4 140, 0, 8;
    %cmp/u;
    %jmp/1 T_31.140, 6;
    %dup/vec4;
    %pushi/vec4 141, 0, 8;
    %cmp/u;
    %jmp/1 T_31.141, 6;
    %dup/vec4;
    %pushi/vec4 142, 0, 8;
    %cmp/u;
    %jmp/1 T_31.142, 6;
    %dup/vec4;
    %pushi/vec4 143, 0, 8;
    %cmp/u;
    %jmp/1 T_31.143, 6;
    %dup/vec4;
    %pushi/vec4 144, 0, 8;
    %cmp/u;
    %jmp/1 T_31.144, 6;
    %dup/vec4;
    %pushi/vec4 145, 0, 8;
    %cmp/u;
    %jmp/1 T_31.145, 6;
    %dup/vec4;
    %pushi/vec4 146, 0, 8;
    %cmp/u;
    %jmp/1 T_31.146, 6;
    %dup/vec4;
    %pushi/vec4 147, 0, 8;
    %cmp/u;
    %jmp/1 T_31.147, 6;
    %dup/vec4;
    %pushi/vec4 148, 0, 8;
    %cmp/u;
    %jmp/1 T_31.148, 6;
    %dup/vec4;
    %pushi/vec4 149, 0, 8;
    %cmp/u;
    %jmp/1 T_31.149, 6;
    %dup/vec4;
    %pushi/vec4 150, 0, 8;
    %cmp/u;
    %jmp/1 T_31.150, 6;
    %dup/vec4;
    %pushi/vec4 151, 0, 8;
    %cmp/u;
    %jmp/1 T_31.151, 6;
    %dup/vec4;
    %pushi/vec4 152, 0, 8;
    %cmp/u;
    %jmp/1 T_31.152, 6;
    %dup/vec4;
    %pushi/vec4 153, 0, 8;
    %cmp/u;
    %jmp/1 T_31.153, 6;
    %dup/vec4;
    %pushi/vec4 154, 0, 8;
    %cmp/u;
    %jmp/1 T_31.154, 6;
    %dup/vec4;
    %pushi/vec4 155, 0, 8;
    %cmp/u;
    %jmp/1 T_31.155, 6;
    %dup/vec4;
    %pushi/vec4 156, 0, 8;
    %cmp/u;
    %jmp/1 T_31.156, 6;
    %dup/vec4;
    %pushi/vec4 157, 0, 8;
    %cmp/u;
    %jmp/1 T_31.157, 6;
    %dup/vec4;
    %pushi/vec4 158, 0, 8;
    %cmp/u;
    %jmp/1 T_31.158, 6;
    %dup/vec4;
    %pushi/vec4 159, 0, 8;
    %cmp/u;
    %jmp/1 T_31.159, 6;
    %dup/vec4;
    %pushi/vec4 160, 0, 8;
    %cmp/u;
    %jmp/1 T_31.160, 6;
    %dup/vec4;
    %pushi/vec4 161, 0, 8;
    %cmp/u;
    %jmp/1 T_31.161, 6;
    %dup/vec4;
    %pushi/vec4 162, 0, 8;
    %cmp/u;
    %jmp/1 T_31.162, 6;
    %dup/vec4;
    %pushi/vec4 163, 0, 8;
    %cmp/u;
    %jmp/1 T_31.163, 6;
    %dup/vec4;
    %pushi/vec4 164, 0, 8;
    %cmp/u;
    %jmp/1 T_31.164, 6;
    %dup/vec4;
    %pushi/vec4 165, 0, 8;
    %cmp/u;
    %jmp/1 T_31.165, 6;
    %dup/vec4;
    %pushi/vec4 166, 0, 8;
    %cmp/u;
    %jmp/1 T_31.166, 6;
    %dup/vec4;
    %pushi/vec4 167, 0, 8;
    %cmp/u;
    %jmp/1 T_31.167, 6;
    %dup/vec4;
    %pushi/vec4 168, 0, 8;
    %cmp/u;
    %jmp/1 T_31.168, 6;
    %dup/vec4;
    %pushi/vec4 169, 0, 8;
    %cmp/u;
    %jmp/1 T_31.169, 6;
    %dup/vec4;
    %pushi/vec4 170, 0, 8;
    %cmp/u;
    %jmp/1 T_31.170, 6;
    %dup/vec4;
    %pushi/vec4 171, 0, 8;
    %cmp/u;
    %jmp/1 T_31.171, 6;
    %dup/vec4;
    %pushi/vec4 172, 0, 8;
    %cmp/u;
    %jmp/1 T_31.172, 6;
    %dup/vec4;
    %pushi/vec4 173, 0, 8;
    %cmp/u;
    %jmp/1 T_31.173, 6;
    %dup/vec4;
    %pushi/vec4 174, 0, 8;
    %cmp/u;
    %jmp/1 T_31.174, 6;
    %dup/vec4;
    %pushi/vec4 175, 0, 8;
    %cmp/u;
    %jmp/1 T_31.175, 6;
    %dup/vec4;
    %pushi/vec4 176, 0, 8;
    %cmp/u;
    %jmp/1 T_31.176, 6;
    %dup/vec4;
    %pushi/vec4 177, 0, 8;
    %cmp/u;
    %jmp/1 T_31.177, 6;
    %dup/vec4;
    %pushi/vec4 178, 0, 8;
    %cmp/u;
    %jmp/1 T_31.178, 6;
    %dup/vec4;
    %pushi/vec4 179, 0, 8;
    %cmp/u;
    %jmp/1 T_31.179, 6;
    %dup/vec4;
    %pushi/vec4 180, 0, 8;
    %cmp/u;
    %jmp/1 T_31.180, 6;
    %dup/vec4;
    %pushi/vec4 181, 0, 8;
    %cmp/u;
    %jmp/1 T_31.181, 6;
    %dup/vec4;
    %pushi/vec4 182, 0, 8;
    %cmp/u;
    %jmp/1 T_31.182, 6;
    %dup/vec4;
    %pushi/vec4 183, 0, 8;
    %cmp/u;
    %jmp/1 T_31.183, 6;
    %dup/vec4;
    %pushi/vec4 184, 0, 8;
    %cmp/u;
    %jmp/1 T_31.184, 6;
    %dup/vec4;
    %pushi/vec4 185, 0, 8;
    %cmp/u;
    %jmp/1 T_31.185, 6;
    %dup/vec4;
    %pushi/vec4 186, 0, 8;
    %cmp/u;
    %jmp/1 T_31.186, 6;
    %dup/vec4;
    %pushi/vec4 187, 0, 8;
    %cmp/u;
    %jmp/1 T_31.187, 6;
    %dup/vec4;
    %pushi/vec4 188, 0, 8;
    %cmp/u;
    %jmp/1 T_31.188, 6;
    %dup/vec4;
    %pushi/vec4 189, 0, 8;
    %cmp/u;
    %jmp/1 T_31.189, 6;
    %dup/vec4;
    %pushi/vec4 190, 0, 8;
    %cmp/u;
    %jmp/1 T_31.190, 6;
    %dup/vec4;
    %pushi/vec4 191, 0, 8;
    %cmp/u;
    %jmp/1 T_31.191, 6;
    %dup/vec4;
    %pushi/vec4 192, 0, 8;
    %cmp/u;
    %jmp/1 T_31.192, 6;
    %dup/vec4;
    %pushi/vec4 193, 0, 8;
    %cmp/u;
    %jmp/1 T_31.193, 6;
    %dup/vec4;
    %pushi/vec4 194, 0, 8;
    %cmp/u;
    %jmp/1 T_31.194, 6;
    %dup/vec4;
    %pushi/vec4 195, 0, 8;
    %cmp/u;
    %jmp/1 T_31.195, 6;
    %dup/vec4;
    %pushi/vec4 196, 0, 8;
    %cmp/u;
    %jmp/1 T_31.196, 6;
    %dup/vec4;
    %pushi/vec4 197, 0, 8;
    %cmp/u;
    %jmp/1 T_31.197, 6;
    %dup/vec4;
    %pushi/vec4 198, 0, 8;
    %cmp/u;
    %jmp/1 T_31.198, 6;
    %dup/vec4;
    %pushi/vec4 199, 0, 8;
    %cmp/u;
    %jmp/1 T_31.199, 6;
    %dup/vec4;
    %pushi/vec4 200, 0, 8;
    %cmp/u;
    %jmp/1 T_31.200, 6;
    %dup/vec4;
    %pushi/vec4 201, 0, 8;
    %cmp/u;
    %jmp/1 T_31.201, 6;
    %dup/vec4;
    %pushi/vec4 202, 0, 8;
    %cmp/u;
    %jmp/1 T_31.202, 6;
    %dup/vec4;
    %pushi/vec4 203, 0, 8;
    %cmp/u;
    %jmp/1 T_31.203, 6;
    %dup/vec4;
    %pushi/vec4 204, 0, 8;
    %cmp/u;
    %jmp/1 T_31.204, 6;
    %dup/vec4;
    %pushi/vec4 205, 0, 8;
    %cmp/u;
    %jmp/1 T_31.205, 6;
    %dup/vec4;
    %pushi/vec4 206, 0, 8;
    %cmp/u;
    %jmp/1 T_31.206, 6;
    %dup/vec4;
    %pushi/vec4 207, 0, 8;
    %cmp/u;
    %jmp/1 T_31.207, 6;
    %dup/vec4;
    %pushi/vec4 208, 0, 8;
    %cmp/u;
    %jmp/1 T_31.208, 6;
    %dup/vec4;
    %pushi/vec4 209, 0, 8;
    %cmp/u;
    %jmp/1 T_31.209, 6;
    %dup/vec4;
    %pushi/vec4 210, 0, 8;
    %cmp/u;
    %jmp/1 T_31.210, 6;
    %dup/vec4;
    %pushi/vec4 211, 0, 8;
    %cmp/u;
    %jmp/1 T_31.211, 6;
    %dup/vec4;
    %pushi/vec4 212, 0, 8;
    %cmp/u;
    %jmp/1 T_31.212, 6;
    %dup/vec4;
    %pushi/vec4 213, 0, 8;
    %cmp/u;
    %jmp/1 T_31.213, 6;
    %dup/vec4;
    %pushi/vec4 214, 0, 8;
    %cmp/u;
    %jmp/1 T_31.214, 6;
    %dup/vec4;
    %pushi/vec4 215, 0, 8;
    %cmp/u;
    %jmp/1 T_31.215, 6;
    %dup/vec4;
    %pushi/vec4 216, 0, 8;
    %cmp/u;
    %jmp/1 T_31.216, 6;
    %dup/vec4;
    %pushi/vec4 217, 0, 8;
    %cmp/u;
    %jmp/1 T_31.217, 6;
    %dup/vec4;
    %pushi/vec4 218, 0, 8;
    %cmp/u;
    %jmp/1 T_31.218, 6;
    %dup/vec4;
    %pushi/vec4 219, 0, 8;
    %cmp/u;
    %jmp/1 T_31.219, 6;
    %dup/vec4;
    %pushi/vec4 220, 0, 8;
    %cmp/u;
    %jmp/1 T_31.220, 6;
    %dup/vec4;
    %pushi/vec4 221, 0, 8;
    %cmp/u;
    %jmp/1 T_31.221, 6;
    %dup/vec4;
    %pushi/vec4 222, 0, 8;
    %cmp/u;
    %jmp/1 T_31.222, 6;
    %dup/vec4;
    %pushi/vec4 223, 0, 8;
    %cmp/u;
    %jmp/1 T_31.223, 6;
    %dup/vec4;
    %pushi/vec4 224, 0, 8;
    %cmp/u;
    %jmp/1 T_31.224, 6;
    %dup/vec4;
    %pushi/vec4 225, 0, 8;
    %cmp/u;
    %jmp/1 T_31.225, 6;
    %dup/vec4;
    %pushi/vec4 226, 0, 8;
    %cmp/u;
    %jmp/1 T_31.226, 6;
    %dup/vec4;
    %pushi/vec4 227, 0, 8;
    %cmp/u;
    %jmp/1 T_31.227, 6;
    %dup/vec4;
    %pushi/vec4 228, 0, 8;
    %cmp/u;
    %jmp/1 T_31.228, 6;
    %dup/vec4;
    %pushi/vec4 229, 0, 8;
    %cmp/u;
    %jmp/1 T_31.229, 6;
    %dup/vec4;
    %pushi/vec4 230, 0, 8;
    %cmp/u;
    %jmp/1 T_31.230, 6;
    %dup/vec4;
    %pushi/vec4 231, 0, 8;
    %cmp/u;
    %jmp/1 T_31.231, 6;
    %dup/vec4;
    %pushi/vec4 232, 0, 8;
    %cmp/u;
    %jmp/1 T_31.232, 6;
    %dup/vec4;
    %pushi/vec4 233, 0, 8;
    %cmp/u;
    %jmp/1 T_31.233, 6;
    %dup/vec4;
    %pushi/vec4 234, 0, 8;
    %cmp/u;
    %jmp/1 T_31.234, 6;
    %dup/vec4;
    %pushi/vec4 235, 0, 8;
    %cmp/u;
    %jmp/1 T_31.235, 6;
    %dup/vec4;
    %pushi/vec4 236, 0, 8;
    %cmp/u;
    %jmp/1 T_31.236, 6;
    %dup/vec4;
    %pushi/vec4 237, 0, 8;
    %cmp/u;
    %jmp/1 T_31.237, 6;
    %dup/vec4;
    %pushi/vec4 238, 0, 8;
    %cmp/u;
    %jmp/1 T_31.238, 6;
    %dup/vec4;
    %pushi/vec4 239, 0, 8;
    %cmp/u;
    %jmp/1 T_31.239, 6;
    %dup/vec4;
    %pushi/vec4 240, 0, 8;
    %cmp/u;
    %jmp/1 T_31.240, 6;
    %dup/vec4;
    %pushi/vec4 241, 0, 8;
    %cmp/u;
    %jmp/1 T_31.241, 6;
    %dup/vec4;
    %pushi/vec4 242, 0, 8;
    %cmp/u;
    %jmp/1 T_31.242, 6;
    %dup/vec4;
    %pushi/vec4 243, 0, 8;
    %cmp/u;
    %jmp/1 T_31.243, 6;
    %dup/vec4;
    %pushi/vec4 244, 0, 8;
    %cmp/u;
    %jmp/1 T_31.244, 6;
    %dup/vec4;
    %pushi/vec4 245, 0, 8;
    %cmp/u;
    %jmp/1 T_31.245, 6;
    %dup/vec4;
    %pushi/vec4 246, 0, 8;
    %cmp/u;
    %jmp/1 T_31.246, 6;
    %dup/vec4;
    %pushi/vec4 247, 0, 8;
    %cmp/u;
    %jmp/1 T_31.247, 6;
    %dup/vec4;
    %pushi/vec4 248, 0, 8;
    %cmp/u;
    %jmp/1 T_31.248, 6;
    %dup/vec4;
    %pushi/vec4 249, 0, 8;
    %cmp/u;
    %jmp/1 T_31.249, 6;
    %dup/vec4;
    %pushi/vec4 250, 0, 8;
    %cmp/u;
    %jmp/1 T_31.250, 6;
    %dup/vec4;
    %pushi/vec4 251, 0, 8;
    %cmp/u;
    %jmp/1 T_31.251, 6;
    %dup/vec4;
    %pushi/vec4 252, 0, 8;
    %cmp/u;
    %jmp/1 T_31.252, 6;
    %dup/vec4;
    %pushi/vec4 253, 0, 8;
    %cmp/u;
    %jmp/1 T_31.253, 6;
    %dup/vec4;
    %pushi/vec4 254, 0, 8;
    %cmp/u;
    %jmp/1 T_31.254, 6;
    %dup/vec4;
    %pushi/vec4 255, 0, 8;
    %cmp/u;
    %jmp/1 T_31.255, 6;
    %jmp T_31.256;
T_31.0 ;
    %pushi/vec4 99, 0, 8;
    %store/vec4 v00000174f7e8e260_0, 0, 8;
    %jmp T_31.256;
T_31.1 ;
    %pushi/vec4 124, 0, 8;
    %store/vec4 v00000174f7e8e260_0, 0, 8;
    %jmp T_31.256;
T_31.2 ;
    %pushi/vec4 119, 0, 8;
    %store/vec4 v00000174f7e8e260_0, 0, 8;
    %jmp T_31.256;
T_31.3 ;
    %pushi/vec4 123, 0, 8;
    %store/vec4 v00000174f7e8e260_0, 0, 8;
    %jmp T_31.256;
T_31.4 ;
    %pushi/vec4 242, 0, 8;
    %store/vec4 v00000174f7e8e260_0, 0, 8;
    %jmp T_31.256;
T_31.5 ;
    %pushi/vec4 107, 0, 8;
    %store/vec4 v00000174f7e8e260_0, 0, 8;
    %jmp T_31.256;
T_31.6 ;
    %pushi/vec4 111, 0, 8;
    %store/vec4 v00000174f7e8e260_0, 0, 8;
    %jmp T_31.256;
T_31.7 ;
    %pushi/vec4 197, 0, 8;
    %store/vec4 v00000174f7e8e260_0, 0, 8;
    %jmp T_31.256;
T_31.8 ;
    %pushi/vec4 48, 0, 8;
    %store/vec4 v00000174f7e8e260_0, 0, 8;
    %jmp T_31.256;
T_31.9 ;
    %pushi/vec4 1, 0, 8;
    %store/vec4 v00000174f7e8e260_0, 0, 8;
    %jmp T_31.256;
T_31.10 ;
    %pushi/vec4 103, 0, 8;
    %store/vec4 v00000174f7e8e260_0, 0, 8;
    %jmp T_31.256;
T_31.11 ;
    %pushi/vec4 43, 0, 8;
    %store/vec4 v00000174f7e8e260_0, 0, 8;
    %jmp T_31.256;
T_31.12 ;
    %pushi/vec4 254, 0, 8;
    %store/vec4 v00000174f7e8e260_0, 0, 8;
    %jmp T_31.256;
T_31.13 ;
    %pushi/vec4 215, 0, 8;
    %store/vec4 v00000174f7e8e260_0, 0, 8;
    %jmp T_31.256;
T_31.14 ;
    %pushi/vec4 171, 0, 8;
    %store/vec4 v00000174f7e8e260_0, 0, 8;
    %jmp T_31.256;
T_31.15 ;
    %pushi/vec4 118, 0, 8;
    %store/vec4 v00000174f7e8e260_0, 0, 8;
    %jmp T_31.256;
T_31.16 ;
    %pushi/vec4 202, 0, 8;
    %store/vec4 v00000174f7e8e260_0, 0, 8;
    %jmp T_31.256;
T_31.17 ;
    %pushi/vec4 130, 0, 8;
    %store/vec4 v00000174f7e8e260_0, 0, 8;
    %jmp T_31.256;
T_31.18 ;
    %pushi/vec4 201, 0, 8;
    %store/vec4 v00000174f7e8e260_0, 0, 8;
    %jmp T_31.256;
T_31.19 ;
    %pushi/vec4 125, 0, 8;
    %store/vec4 v00000174f7e8e260_0, 0, 8;
    %jmp T_31.256;
T_31.20 ;
    %pushi/vec4 250, 0, 8;
    %store/vec4 v00000174f7e8e260_0, 0, 8;
    %jmp T_31.256;
T_31.21 ;
    %pushi/vec4 89, 0, 8;
    %store/vec4 v00000174f7e8e260_0, 0, 8;
    %jmp T_31.256;
T_31.22 ;
    %pushi/vec4 71, 0, 8;
    %store/vec4 v00000174f7e8e260_0, 0, 8;
    %jmp T_31.256;
T_31.23 ;
    %pushi/vec4 240, 0, 8;
    %store/vec4 v00000174f7e8e260_0, 0, 8;
    %jmp T_31.256;
T_31.24 ;
    %pushi/vec4 173, 0, 8;
    %store/vec4 v00000174f7e8e260_0, 0, 8;
    %jmp T_31.256;
T_31.25 ;
    %pushi/vec4 212, 0, 8;
    %store/vec4 v00000174f7e8e260_0, 0, 8;
    %jmp T_31.256;
T_31.26 ;
    %pushi/vec4 162, 0, 8;
    %store/vec4 v00000174f7e8e260_0, 0, 8;
    %jmp T_31.256;
T_31.27 ;
    %pushi/vec4 175, 0, 8;
    %store/vec4 v00000174f7e8e260_0, 0, 8;
    %jmp T_31.256;
T_31.28 ;
    %pushi/vec4 156, 0, 8;
    %store/vec4 v00000174f7e8e260_0, 0, 8;
    %jmp T_31.256;
T_31.29 ;
    %pushi/vec4 164, 0, 8;
    %store/vec4 v00000174f7e8e260_0, 0, 8;
    %jmp T_31.256;
T_31.30 ;
    %pushi/vec4 114, 0, 8;
    %store/vec4 v00000174f7e8e260_0, 0, 8;
    %jmp T_31.256;
T_31.31 ;
    %pushi/vec4 192, 0, 8;
    %store/vec4 v00000174f7e8e260_0, 0, 8;
    %jmp T_31.256;
T_31.32 ;
    %pushi/vec4 183, 0, 8;
    %store/vec4 v00000174f7e8e260_0, 0, 8;
    %jmp T_31.256;
T_31.33 ;
    %pushi/vec4 253, 0, 8;
    %store/vec4 v00000174f7e8e260_0, 0, 8;
    %jmp T_31.256;
T_31.34 ;
    %pushi/vec4 147, 0, 8;
    %store/vec4 v00000174f7e8e260_0, 0, 8;
    %jmp T_31.256;
T_31.35 ;
    %pushi/vec4 38, 0, 8;
    %store/vec4 v00000174f7e8e260_0, 0, 8;
    %jmp T_31.256;
T_31.36 ;
    %pushi/vec4 54, 0, 8;
    %store/vec4 v00000174f7e8e260_0, 0, 8;
    %jmp T_31.256;
T_31.37 ;
    %pushi/vec4 63, 0, 8;
    %store/vec4 v00000174f7e8e260_0, 0, 8;
    %jmp T_31.256;
T_31.38 ;
    %pushi/vec4 247, 0, 8;
    %store/vec4 v00000174f7e8e260_0, 0, 8;
    %jmp T_31.256;
T_31.39 ;
    %pushi/vec4 204, 0, 8;
    %store/vec4 v00000174f7e8e260_0, 0, 8;
    %jmp T_31.256;
T_31.40 ;
    %pushi/vec4 52, 0, 8;
    %store/vec4 v00000174f7e8e260_0, 0, 8;
    %jmp T_31.256;
T_31.41 ;
    %pushi/vec4 165, 0, 8;
    %store/vec4 v00000174f7e8e260_0, 0, 8;
    %jmp T_31.256;
T_31.42 ;
    %pushi/vec4 229, 0, 8;
    %store/vec4 v00000174f7e8e260_0, 0, 8;
    %jmp T_31.256;
T_31.43 ;
    %pushi/vec4 241, 0, 8;
    %store/vec4 v00000174f7e8e260_0, 0, 8;
    %jmp T_31.256;
T_31.44 ;
    %pushi/vec4 113, 0, 8;
    %store/vec4 v00000174f7e8e260_0, 0, 8;
    %jmp T_31.256;
T_31.45 ;
    %pushi/vec4 216, 0, 8;
    %store/vec4 v00000174f7e8e260_0, 0, 8;
    %jmp T_31.256;
T_31.46 ;
    %pushi/vec4 49, 0, 8;
    %store/vec4 v00000174f7e8e260_0, 0, 8;
    %jmp T_31.256;
T_31.47 ;
    %pushi/vec4 21, 0, 8;
    %store/vec4 v00000174f7e8e260_0, 0, 8;
    %jmp T_31.256;
T_31.48 ;
    %pushi/vec4 4, 0, 8;
    %store/vec4 v00000174f7e8e260_0, 0, 8;
    %jmp T_31.256;
T_31.49 ;
    %pushi/vec4 199, 0, 8;
    %store/vec4 v00000174f7e8e260_0, 0, 8;
    %jmp T_31.256;
T_31.50 ;
    %pushi/vec4 35, 0, 8;
    %store/vec4 v00000174f7e8e260_0, 0, 8;
    %jmp T_31.256;
T_31.51 ;
    %pushi/vec4 195, 0, 8;
    %store/vec4 v00000174f7e8e260_0, 0, 8;
    %jmp T_31.256;
T_31.52 ;
    %pushi/vec4 24, 0, 8;
    %store/vec4 v00000174f7e8e260_0, 0, 8;
    %jmp T_31.256;
T_31.53 ;
    %pushi/vec4 150, 0, 8;
    %store/vec4 v00000174f7e8e260_0, 0, 8;
    %jmp T_31.256;
T_31.54 ;
    %pushi/vec4 5, 0, 8;
    %store/vec4 v00000174f7e8e260_0, 0, 8;
    %jmp T_31.256;
T_31.55 ;
    %pushi/vec4 154, 0, 8;
    %store/vec4 v00000174f7e8e260_0, 0, 8;
    %jmp T_31.256;
T_31.56 ;
    %pushi/vec4 7, 0, 8;
    %store/vec4 v00000174f7e8e260_0, 0, 8;
    %jmp T_31.256;
T_31.57 ;
    %pushi/vec4 18, 0, 8;
    %store/vec4 v00000174f7e8e260_0, 0, 8;
    %jmp T_31.256;
T_31.58 ;
    %pushi/vec4 128, 0, 8;
    %store/vec4 v00000174f7e8e260_0, 0, 8;
    %jmp T_31.256;
T_31.59 ;
    %pushi/vec4 226, 0, 8;
    %store/vec4 v00000174f7e8e260_0, 0, 8;
    %jmp T_31.256;
T_31.60 ;
    %pushi/vec4 235, 0, 8;
    %store/vec4 v00000174f7e8e260_0, 0, 8;
    %jmp T_31.256;
T_31.61 ;
    %pushi/vec4 39, 0, 8;
    %store/vec4 v00000174f7e8e260_0, 0, 8;
    %jmp T_31.256;
T_31.62 ;
    %pushi/vec4 178, 0, 8;
    %store/vec4 v00000174f7e8e260_0, 0, 8;
    %jmp T_31.256;
T_31.63 ;
    %pushi/vec4 117, 0, 8;
    %store/vec4 v00000174f7e8e260_0, 0, 8;
    %jmp T_31.256;
T_31.64 ;
    %pushi/vec4 9, 0, 8;
    %store/vec4 v00000174f7e8e260_0, 0, 8;
    %jmp T_31.256;
T_31.65 ;
    %pushi/vec4 131, 0, 8;
    %store/vec4 v00000174f7e8e260_0, 0, 8;
    %jmp T_31.256;
T_31.66 ;
    %pushi/vec4 44, 0, 8;
    %store/vec4 v00000174f7e8e260_0, 0, 8;
    %jmp T_31.256;
T_31.67 ;
    %pushi/vec4 26, 0, 8;
    %store/vec4 v00000174f7e8e260_0, 0, 8;
    %jmp T_31.256;
T_31.68 ;
    %pushi/vec4 27, 0, 8;
    %store/vec4 v00000174f7e8e260_0, 0, 8;
    %jmp T_31.256;
T_31.69 ;
    %pushi/vec4 110, 0, 8;
    %store/vec4 v00000174f7e8e260_0, 0, 8;
    %jmp T_31.256;
T_31.70 ;
    %pushi/vec4 90, 0, 8;
    %store/vec4 v00000174f7e8e260_0, 0, 8;
    %jmp T_31.256;
T_31.71 ;
    %pushi/vec4 160, 0, 8;
    %store/vec4 v00000174f7e8e260_0, 0, 8;
    %jmp T_31.256;
T_31.72 ;
    %pushi/vec4 82, 0, 8;
    %store/vec4 v00000174f7e8e260_0, 0, 8;
    %jmp T_31.256;
T_31.73 ;
    %pushi/vec4 59, 0, 8;
    %store/vec4 v00000174f7e8e260_0, 0, 8;
    %jmp T_31.256;
T_31.74 ;
    %pushi/vec4 214, 0, 8;
    %store/vec4 v00000174f7e8e260_0, 0, 8;
    %jmp T_31.256;
T_31.75 ;
    %pushi/vec4 179, 0, 8;
    %store/vec4 v00000174f7e8e260_0, 0, 8;
    %jmp T_31.256;
T_31.76 ;
    %pushi/vec4 41, 0, 8;
    %store/vec4 v00000174f7e8e260_0, 0, 8;
    %jmp T_31.256;
T_31.77 ;
    %pushi/vec4 227, 0, 8;
    %store/vec4 v00000174f7e8e260_0, 0, 8;
    %jmp T_31.256;
T_31.78 ;
    %pushi/vec4 47, 0, 8;
    %store/vec4 v00000174f7e8e260_0, 0, 8;
    %jmp T_31.256;
T_31.79 ;
    %pushi/vec4 132, 0, 8;
    %store/vec4 v00000174f7e8e260_0, 0, 8;
    %jmp T_31.256;
T_31.80 ;
    %pushi/vec4 83, 0, 8;
    %store/vec4 v00000174f7e8e260_0, 0, 8;
    %jmp T_31.256;
T_31.81 ;
    %pushi/vec4 209, 0, 8;
    %store/vec4 v00000174f7e8e260_0, 0, 8;
    %jmp T_31.256;
T_31.82 ;
    %pushi/vec4 0, 0, 8;
    %store/vec4 v00000174f7e8e260_0, 0, 8;
    %jmp T_31.256;
T_31.83 ;
    %pushi/vec4 237, 0, 8;
    %store/vec4 v00000174f7e8e260_0, 0, 8;
    %jmp T_31.256;
T_31.84 ;
    %pushi/vec4 32, 0, 8;
    %store/vec4 v00000174f7e8e260_0, 0, 8;
    %jmp T_31.256;
T_31.85 ;
    %pushi/vec4 252, 0, 8;
    %store/vec4 v00000174f7e8e260_0, 0, 8;
    %jmp T_31.256;
T_31.86 ;
    %pushi/vec4 177, 0, 8;
    %store/vec4 v00000174f7e8e260_0, 0, 8;
    %jmp T_31.256;
T_31.87 ;
    %pushi/vec4 91, 0, 8;
    %store/vec4 v00000174f7e8e260_0, 0, 8;
    %jmp T_31.256;
T_31.88 ;
    %pushi/vec4 106, 0, 8;
    %store/vec4 v00000174f7e8e260_0, 0, 8;
    %jmp T_31.256;
T_31.89 ;
    %pushi/vec4 203, 0, 8;
    %store/vec4 v00000174f7e8e260_0, 0, 8;
    %jmp T_31.256;
T_31.90 ;
    %pushi/vec4 190, 0, 8;
    %store/vec4 v00000174f7e8e260_0, 0, 8;
    %jmp T_31.256;
T_31.91 ;
    %pushi/vec4 57, 0, 8;
    %store/vec4 v00000174f7e8e260_0, 0, 8;
    %jmp T_31.256;
T_31.92 ;
    %pushi/vec4 74, 0, 8;
    %store/vec4 v00000174f7e8e260_0, 0, 8;
    %jmp T_31.256;
T_31.93 ;
    %pushi/vec4 76, 0, 8;
    %store/vec4 v00000174f7e8e260_0, 0, 8;
    %jmp T_31.256;
T_31.94 ;
    %pushi/vec4 88, 0, 8;
    %store/vec4 v00000174f7e8e260_0, 0, 8;
    %jmp T_31.256;
T_31.95 ;
    %pushi/vec4 207, 0, 8;
    %store/vec4 v00000174f7e8e260_0, 0, 8;
    %jmp T_31.256;
T_31.96 ;
    %pushi/vec4 208, 0, 8;
    %store/vec4 v00000174f7e8e260_0, 0, 8;
    %jmp T_31.256;
T_31.97 ;
    %pushi/vec4 239, 0, 8;
    %store/vec4 v00000174f7e8e260_0, 0, 8;
    %jmp T_31.256;
T_31.98 ;
    %pushi/vec4 170, 0, 8;
    %store/vec4 v00000174f7e8e260_0, 0, 8;
    %jmp T_31.256;
T_31.99 ;
    %pushi/vec4 251, 0, 8;
    %store/vec4 v00000174f7e8e260_0, 0, 8;
    %jmp T_31.256;
T_31.100 ;
    %pushi/vec4 67, 0, 8;
    %store/vec4 v00000174f7e8e260_0, 0, 8;
    %jmp T_31.256;
T_31.101 ;
    %pushi/vec4 77, 0, 8;
    %store/vec4 v00000174f7e8e260_0, 0, 8;
    %jmp T_31.256;
T_31.102 ;
    %pushi/vec4 51, 0, 8;
    %store/vec4 v00000174f7e8e260_0, 0, 8;
    %jmp T_31.256;
T_31.103 ;
    %pushi/vec4 133, 0, 8;
    %store/vec4 v00000174f7e8e260_0, 0, 8;
    %jmp T_31.256;
T_31.104 ;
    %pushi/vec4 69, 0, 8;
    %store/vec4 v00000174f7e8e260_0, 0, 8;
    %jmp T_31.256;
T_31.105 ;
    %pushi/vec4 249, 0, 8;
    %store/vec4 v00000174f7e8e260_0, 0, 8;
    %jmp T_31.256;
T_31.106 ;
    %pushi/vec4 2, 0, 8;
    %store/vec4 v00000174f7e8e260_0, 0, 8;
    %jmp T_31.256;
T_31.107 ;
    %pushi/vec4 127, 0, 8;
    %store/vec4 v00000174f7e8e260_0, 0, 8;
    %jmp T_31.256;
T_31.108 ;
    %pushi/vec4 80, 0, 8;
    %store/vec4 v00000174f7e8e260_0, 0, 8;
    %jmp T_31.256;
T_31.109 ;
    %pushi/vec4 60, 0, 8;
    %store/vec4 v00000174f7e8e260_0, 0, 8;
    %jmp T_31.256;
T_31.110 ;
    %pushi/vec4 159, 0, 8;
    %store/vec4 v00000174f7e8e260_0, 0, 8;
    %jmp T_31.256;
T_31.111 ;
    %pushi/vec4 168, 0, 8;
    %store/vec4 v00000174f7e8e260_0, 0, 8;
    %jmp T_31.256;
T_31.112 ;
    %pushi/vec4 81, 0, 8;
    %store/vec4 v00000174f7e8e260_0, 0, 8;
    %jmp T_31.256;
T_31.113 ;
    %pushi/vec4 163, 0, 8;
    %store/vec4 v00000174f7e8e260_0, 0, 8;
    %jmp T_31.256;
T_31.114 ;
    %pushi/vec4 64, 0, 8;
    %store/vec4 v00000174f7e8e260_0, 0, 8;
    %jmp T_31.256;
T_31.115 ;
    %pushi/vec4 143, 0, 8;
    %store/vec4 v00000174f7e8e260_0, 0, 8;
    %jmp T_31.256;
T_31.116 ;
    %pushi/vec4 146, 0, 8;
    %store/vec4 v00000174f7e8e260_0, 0, 8;
    %jmp T_31.256;
T_31.117 ;
    %pushi/vec4 157, 0, 8;
    %store/vec4 v00000174f7e8e260_0, 0, 8;
    %jmp T_31.256;
T_31.118 ;
    %pushi/vec4 56, 0, 8;
    %store/vec4 v00000174f7e8e260_0, 0, 8;
    %jmp T_31.256;
T_31.119 ;
    %pushi/vec4 245, 0, 8;
    %store/vec4 v00000174f7e8e260_0, 0, 8;
    %jmp T_31.256;
T_31.120 ;
    %pushi/vec4 188, 0, 8;
    %store/vec4 v00000174f7e8e260_0, 0, 8;
    %jmp T_31.256;
T_31.121 ;
    %pushi/vec4 182, 0, 8;
    %store/vec4 v00000174f7e8e260_0, 0, 8;
    %jmp T_31.256;
T_31.122 ;
    %pushi/vec4 218, 0, 8;
    %store/vec4 v00000174f7e8e260_0, 0, 8;
    %jmp T_31.256;
T_31.123 ;
    %pushi/vec4 33, 0, 8;
    %store/vec4 v00000174f7e8e260_0, 0, 8;
    %jmp T_31.256;
T_31.124 ;
    %pushi/vec4 16, 0, 8;
    %store/vec4 v00000174f7e8e260_0, 0, 8;
    %jmp T_31.256;
T_31.125 ;
    %pushi/vec4 255, 0, 8;
    %store/vec4 v00000174f7e8e260_0, 0, 8;
    %jmp T_31.256;
T_31.126 ;
    %pushi/vec4 243, 0, 8;
    %store/vec4 v00000174f7e8e260_0, 0, 8;
    %jmp T_31.256;
T_31.127 ;
    %pushi/vec4 210, 0, 8;
    %store/vec4 v00000174f7e8e260_0, 0, 8;
    %jmp T_31.256;
T_31.128 ;
    %pushi/vec4 205, 0, 8;
    %store/vec4 v00000174f7e8e260_0, 0, 8;
    %jmp T_31.256;
T_31.129 ;
    %pushi/vec4 12, 0, 8;
    %store/vec4 v00000174f7e8e260_0, 0, 8;
    %jmp T_31.256;
T_31.130 ;
    %pushi/vec4 19, 0, 8;
    %store/vec4 v00000174f7e8e260_0, 0, 8;
    %jmp T_31.256;
T_31.131 ;
    %pushi/vec4 236, 0, 8;
    %store/vec4 v00000174f7e8e260_0, 0, 8;
    %jmp T_31.256;
T_31.132 ;
    %pushi/vec4 95, 0, 8;
    %store/vec4 v00000174f7e8e260_0, 0, 8;
    %jmp T_31.256;
T_31.133 ;
    %pushi/vec4 151, 0, 8;
    %store/vec4 v00000174f7e8e260_0, 0, 8;
    %jmp T_31.256;
T_31.134 ;
    %pushi/vec4 68, 0, 8;
    %store/vec4 v00000174f7e8e260_0, 0, 8;
    %jmp T_31.256;
T_31.135 ;
    %pushi/vec4 23, 0, 8;
    %store/vec4 v00000174f7e8e260_0, 0, 8;
    %jmp T_31.256;
T_31.136 ;
    %pushi/vec4 196, 0, 8;
    %store/vec4 v00000174f7e8e260_0, 0, 8;
    %jmp T_31.256;
T_31.137 ;
    %pushi/vec4 167, 0, 8;
    %store/vec4 v00000174f7e8e260_0, 0, 8;
    %jmp T_31.256;
T_31.138 ;
    %pushi/vec4 126, 0, 8;
    %store/vec4 v00000174f7e8e260_0, 0, 8;
    %jmp T_31.256;
T_31.139 ;
    %pushi/vec4 61, 0, 8;
    %store/vec4 v00000174f7e8e260_0, 0, 8;
    %jmp T_31.256;
T_31.140 ;
    %pushi/vec4 100, 0, 8;
    %store/vec4 v00000174f7e8e260_0, 0, 8;
    %jmp T_31.256;
T_31.141 ;
    %pushi/vec4 93, 0, 8;
    %store/vec4 v00000174f7e8e260_0, 0, 8;
    %jmp T_31.256;
T_31.142 ;
    %pushi/vec4 25, 0, 8;
    %store/vec4 v00000174f7e8e260_0, 0, 8;
    %jmp T_31.256;
T_31.143 ;
    %pushi/vec4 115, 0, 8;
    %store/vec4 v00000174f7e8e260_0, 0, 8;
    %jmp T_31.256;
T_31.144 ;
    %pushi/vec4 96, 0, 8;
    %store/vec4 v00000174f7e8e260_0, 0, 8;
    %jmp T_31.256;
T_31.145 ;
    %pushi/vec4 129, 0, 8;
    %store/vec4 v00000174f7e8e260_0, 0, 8;
    %jmp T_31.256;
T_31.146 ;
    %pushi/vec4 79, 0, 8;
    %store/vec4 v00000174f7e8e260_0, 0, 8;
    %jmp T_31.256;
T_31.147 ;
    %pushi/vec4 220, 0, 8;
    %store/vec4 v00000174f7e8e260_0, 0, 8;
    %jmp T_31.256;
T_31.148 ;
    %pushi/vec4 34, 0, 8;
    %store/vec4 v00000174f7e8e260_0, 0, 8;
    %jmp T_31.256;
T_31.149 ;
    %pushi/vec4 42, 0, 8;
    %store/vec4 v00000174f7e8e260_0, 0, 8;
    %jmp T_31.256;
T_31.150 ;
    %pushi/vec4 144, 0, 8;
    %store/vec4 v00000174f7e8e260_0, 0, 8;
    %jmp T_31.256;
T_31.151 ;
    %pushi/vec4 136, 0, 8;
    %store/vec4 v00000174f7e8e260_0, 0, 8;
    %jmp T_31.256;
T_31.152 ;
    %pushi/vec4 70, 0, 8;
    %store/vec4 v00000174f7e8e260_0, 0, 8;
    %jmp T_31.256;
T_31.153 ;
    %pushi/vec4 238, 0, 8;
    %store/vec4 v00000174f7e8e260_0, 0, 8;
    %jmp T_31.256;
T_31.154 ;
    %pushi/vec4 184, 0, 8;
    %store/vec4 v00000174f7e8e260_0, 0, 8;
    %jmp T_31.256;
T_31.155 ;
    %pushi/vec4 20, 0, 8;
    %store/vec4 v00000174f7e8e260_0, 0, 8;
    %jmp T_31.256;
T_31.156 ;
    %pushi/vec4 222, 0, 8;
    %store/vec4 v00000174f7e8e260_0, 0, 8;
    %jmp T_31.256;
T_31.157 ;
    %pushi/vec4 94, 0, 8;
    %store/vec4 v00000174f7e8e260_0, 0, 8;
    %jmp T_31.256;
T_31.158 ;
    %pushi/vec4 11, 0, 8;
    %store/vec4 v00000174f7e8e260_0, 0, 8;
    %jmp T_31.256;
T_31.159 ;
    %pushi/vec4 219, 0, 8;
    %store/vec4 v00000174f7e8e260_0, 0, 8;
    %jmp T_31.256;
T_31.160 ;
    %pushi/vec4 224, 0, 8;
    %store/vec4 v00000174f7e8e260_0, 0, 8;
    %jmp T_31.256;
T_31.161 ;
    %pushi/vec4 50, 0, 8;
    %store/vec4 v00000174f7e8e260_0, 0, 8;
    %jmp T_31.256;
T_31.162 ;
    %pushi/vec4 58, 0, 8;
    %store/vec4 v00000174f7e8e260_0, 0, 8;
    %jmp T_31.256;
T_31.163 ;
    %pushi/vec4 10, 0, 8;
    %store/vec4 v00000174f7e8e260_0, 0, 8;
    %jmp T_31.256;
T_31.164 ;
    %pushi/vec4 73, 0, 8;
    %store/vec4 v00000174f7e8e260_0, 0, 8;
    %jmp T_31.256;
T_31.165 ;
    %pushi/vec4 6, 0, 8;
    %store/vec4 v00000174f7e8e260_0, 0, 8;
    %jmp T_31.256;
T_31.166 ;
    %pushi/vec4 36, 0, 8;
    %store/vec4 v00000174f7e8e260_0, 0, 8;
    %jmp T_31.256;
T_31.167 ;
    %pushi/vec4 92, 0, 8;
    %store/vec4 v00000174f7e8e260_0, 0, 8;
    %jmp T_31.256;
T_31.168 ;
    %pushi/vec4 194, 0, 8;
    %store/vec4 v00000174f7e8e260_0, 0, 8;
    %jmp T_31.256;
T_31.169 ;
    %pushi/vec4 211, 0, 8;
    %store/vec4 v00000174f7e8e260_0, 0, 8;
    %jmp T_31.256;
T_31.170 ;
    %pushi/vec4 172, 0, 8;
    %store/vec4 v00000174f7e8e260_0, 0, 8;
    %jmp T_31.256;
T_31.171 ;
    %pushi/vec4 98, 0, 8;
    %store/vec4 v00000174f7e8e260_0, 0, 8;
    %jmp T_31.256;
T_31.172 ;
    %pushi/vec4 145, 0, 8;
    %store/vec4 v00000174f7e8e260_0, 0, 8;
    %jmp T_31.256;
T_31.173 ;
    %pushi/vec4 149, 0, 8;
    %store/vec4 v00000174f7e8e260_0, 0, 8;
    %jmp T_31.256;
T_31.174 ;
    %pushi/vec4 228, 0, 8;
    %store/vec4 v00000174f7e8e260_0, 0, 8;
    %jmp T_31.256;
T_31.175 ;
    %pushi/vec4 121, 0, 8;
    %store/vec4 v00000174f7e8e260_0, 0, 8;
    %jmp T_31.256;
T_31.176 ;
    %pushi/vec4 231, 0, 8;
    %store/vec4 v00000174f7e8e260_0, 0, 8;
    %jmp T_31.256;
T_31.177 ;
    %pushi/vec4 200, 0, 8;
    %store/vec4 v00000174f7e8e260_0, 0, 8;
    %jmp T_31.256;
T_31.178 ;
    %pushi/vec4 55, 0, 8;
    %store/vec4 v00000174f7e8e260_0, 0, 8;
    %jmp T_31.256;
T_31.179 ;
    %pushi/vec4 109, 0, 8;
    %store/vec4 v00000174f7e8e260_0, 0, 8;
    %jmp T_31.256;
T_31.180 ;
    %pushi/vec4 141, 0, 8;
    %store/vec4 v00000174f7e8e260_0, 0, 8;
    %jmp T_31.256;
T_31.181 ;
    %pushi/vec4 213, 0, 8;
    %store/vec4 v00000174f7e8e260_0, 0, 8;
    %jmp T_31.256;
T_31.182 ;
    %pushi/vec4 78, 0, 8;
    %store/vec4 v00000174f7e8e260_0, 0, 8;
    %jmp T_31.256;
T_31.183 ;
    %pushi/vec4 169, 0, 8;
    %store/vec4 v00000174f7e8e260_0, 0, 8;
    %jmp T_31.256;
T_31.184 ;
    %pushi/vec4 108, 0, 8;
    %store/vec4 v00000174f7e8e260_0, 0, 8;
    %jmp T_31.256;
T_31.185 ;
    %pushi/vec4 86, 0, 8;
    %store/vec4 v00000174f7e8e260_0, 0, 8;
    %jmp T_31.256;
T_31.186 ;
    %pushi/vec4 244, 0, 8;
    %store/vec4 v00000174f7e8e260_0, 0, 8;
    %jmp T_31.256;
T_31.187 ;
    %pushi/vec4 234, 0, 8;
    %store/vec4 v00000174f7e8e260_0, 0, 8;
    %jmp T_31.256;
T_31.188 ;
    %pushi/vec4 101, 0, 8;
    %store/vec4 v00000174f7e8e260_0, 0, 8;
    %jmp T_31.256;
T_31.189 ;
    %pushi/vec4 122, 0, 8;
    %store/vec4 v00000174f7e8e260_0, 0, 8;
    %jmp T_31.256;
T_31.190 ;
    %pushi/vec4 174, 0, 8;
    %store/vec4 v00000174f7e8e260_0, 0, 8;
    %jmp T_31.256;
T_31.191 ;
    %pushi/vec4 8, 0, 8;
    %store/vec4 v00000174f7e8e260_0, 0, 8;
    %jmp T_31.256;
T_31.192 ;
    %pushi/vec4 186, 0, 8;
    %store/vec4 v00000174f7e8e260_0, 0, 8;
    %jmp T_31.256;
T_31.193 ;
    %pushi/vec4 120, 0, 8;
    %store/vec4 v00000174f7e8e260_0, 0, 8;
    %jmp T_31.256;
T_31.194 ;
    %pushi/vec4 37, 0, 8;
    %store/vec4 v00000174f7e8e260_0, 0, 8;
    %jmp T_31.256;
T_31.195 ;
    %pushi/vec4 46, 0, 8;
    %store/vec4 v00000174f7e8e260_0, 0, 8;
    %jmp T_31.256;
T_31.196 ;
    %pushi/vec4 28, 0, 8;
    %store/vec4 v00000174f7e8e260_0, 0, 8;
    %jmp T_31.256;
T_31.197 ;
    %pushi/vec4 166, 0, 8;
    %store/vec4 v00000174f7e8e260_0, 0, 8;
    %jmp T_31.256;
T_31.198 ;
    %pushi/vec4 180, 0, 8;
    %store/vec4 v00000174f7e8e260_0, 0, 8;
    %jmp T_31.256;
T_31.199 ;
    %pushi/vec4 198, 0, 8;
    %store/vec4 v00000174f7e8e260_0, 0, 8;
    %jmp T_31.256;
T_31.200 ;
    %pushi/vec4 232, 0, 8;
    %store/vec4 v00000174f7e8e260_0, 0, 8;
    %jmp T_31.256;
T_31.201 ;
    %pushi/vec4 221, 0, 8;
    %store/vec4 v00000174f7e8e260_0, 0, 8;
    %jmp T_31.256;
T_31.202 ;
    %pushi/vec4 116, 0, 8;
    %store/vec4 v00000174f7e8e260_0, 0, 8;
    %jmp T_31.256;
T_31.203 ;
    %pushi/vec4 31, 0, 8;
    %store/vec4 v00000174f7e8e260_0, 0, 8;
    %jmp T_31.256;
T_31.204 ;
    %pushi/vec4 75, 0, 8;
    %store/vec4 v00000174f7e8e260_0, 0, 8;
    %jmp T_31.256;
T_31.205 ;
    %pushi/vec4 189, 0, 8;
    %store/vec4 v00000174f7e8e260_0, 0, 8;
    %jmp T_31.256;
T_31.206 ;
    %pushi/vec4 139, 0, 8;
    %store/vec4 v00000174f7e8e260_0, 0, 8;
    %jmp T_31.256;
T_31.207 ;
    %pushi/vec4 138, 0, 8;
    %store/vec4 v00000174f7e8e260_0, 0, 8;
    %jmp T_31.256;
T_31.208 ;
    %pushi/vec4 112, 0, 8;
    %store/vec4 v00000174f7e8e260_0, 0, 8;
    %jmp T_31.256;
T_31.209 ;
    %pushi/vec4 62, 0, 8;
    %store/vec4 v00000174f7e8e260_0, 0, 8;
    %jmp T_31.256;
T_31.210 ;
    %pushi/vec4 181, 0, 8;
    %store/vec4 v00000174f7e8e260_0, 0, 8;
    %jmp T_31.256;
T_31.211 ;
    %pushi/vec4 102, 0, 8;
    %store/vec4 v00000174f7e8e260_0, 0, 8;
    %jmp T_31.256;
T_31.212 ;
    %pushi/vec4 72, 0, 8;
    %store/vec4 v00000174f7e8e260_0, 0, 8;
    %jmp T_31.256;
T_31.213 ;
    %pushi/vec4 3, 0, 8;
    %store/vec4 v00000174f7e8e260_0, 0, 8;
    %jmp T_31.256;
T_31.214 ;
    %pushi/vec4 246, 0, 8;
    %store/vec4 v00000174f7e8e260_0, 0, 8;
    %jmp T_31.256;
T_31.215 ;
    %pushi/vec4 14, 0, 8;
    %store/vec4 v00000174f7e8e260_0, 0, 8;
    %jmp T_31.256;
T_31.216 ;
    %pushi/vec4 97, 0, 8;
    %store/vec4 v00000174f7e8e260_0, 0, 8;
    %jmp T_31.256;
T_31.217 ;
    %pushi/vec4 53, 0, 8;
    %store/vec4 v00000174f7e8e260_0, 0, 8;
    %jmp T_31.256;
T_31.218 ;
    %pushi/vec4 87, 0, 8;
    %store/vec4 v00000174f7e8e260_0, 0, 8;
    %jmp T_31.256;
T_31.219 ;
    %pushi/vec4 185, 0, 8;
    %store/vec4 v00000174f7e8e260_0, 0, 8;
    %jmp T_31.256;
T_31.220 ;
    %pushi/vec4 134, 0, 8;
    %store/vec4 v00000174f7e8e260_0, 0, 8;
    %jmp T_31.256;
T_31.221 ;
    %pushi/vec4 193, 0, 8;
    %store/vec4 v00000174f7e8e260_0, 0, 8;
    %jmp T_31.256;
T_31.222 ;
    %pushi/vec4 29, 0, 8;
    %store/vec4 v00000174f7e8e260_0, 0, 8;
    %jmp T_31.256;
T_31.223 ;
    %pushi/vec4 158, 0, 8;
    %store/vec4 v00000174f7e8e260_0, 0, 8;
    %jmp T_31.256;
T_31.224 ;
    %pushi/vec4 225, 0, 8;
    %store/vec4 v00000174f7e8e260_0, 0, 8;
    %jmp T_31.256;
T_31.225 ;
    %pushi/vec4 248, 0, 8;
    %store/vec4 v00000174f7e8e260_0, 0, 8;
    %jmp T_31.256;
T_31.226 ;
    %pushi/vec4 152, 0, 8;
    %store/vec4 v00000174f7e8e260_0, 0, 8;
    %jmp T_31.256;
T_31.227 ;
    %pushi/vec4 17, 0, 8;
    %store/vec4 v00000174f7e8e260_0, 0, 8;
    %jmp T_31.256;
T_31.228 ;
    %pushi/vec4 105, 0, 8;
    %store/vec4 v00000174f7e8e260_0, 0, 8;
    %jmp T_31.256;
T_31.229 ;
    %pushi/vec4 217, 0, 8;
    %store/vec4 v00000174f7e8e260_0, 0, 8;
    %jmp T_31.256;
T_31.230 ;
    %pushi/vec4 142, 0, 8;
    %store/vec4 v00000174f7e8e260_0, 0, 8;
    %jmp T_31.256;
T_31.231 ;
    %pushi/vec4 148, 0, 8;
    %store/vec4 v00000174f7e8e260_0, 0, 8;
    %jmp T_31.256;
T_31.232 ;
    %pushi/vec4 155, 0, 8;
    %store/vec4 v00000174f7e8e260_0, 0, 8;
    %jmp T_31.256;
T_31.233 ;
    %pushi/vec4 30, 0, 8;
    %store/vec4 v00000174f7e8e260_0, 0, 8;
    %jmp T_31.256;
T_31.234 ;
    %pushi/vec4 135, 0, 8;
    %store/vec4 v00000174f7e8e260_0, 0, 8;
    %jmp T_31.256;
T_31.235 ;
    %pushi/vec4 233, 0, 8;
    %store/vec4 v00000174f7e8e260_0, 0, 8;
    %jmp T_31.256;
T_31.236 ;
    %pushi/vec4 206, 0, 8;
    %store/vec4 v00000174f7e8e260_0, 0, 8;
    %jmp T_31.256;
T_31.237 ;
    %pushi/vec4 85, 0, 8;
    %store/vec4 v00000174f7e8e260_0, 0, 8;
    %jmp T_31.256;
T_31.238 ;
    %pushi/vec4 40, 0, 8;
    %store/vec4 v00000174f7e8e260_0, 0, 8;
    %jmp T_31.256;
T_31.239 ;
    %pushi/vec4 223, 0, 8;
    %store/vec4 v00000174f7e8e260_0, 0, 8;
    %jmp T_31.256;
T_31.240 ;
    %pushi/vec4 140, 0, 8;
    %store/vec4 v00000174f7e8e260_0, 0, 8;
    %jmp T_31.256;
T_31.241 ;
    %pushi/vec4 161, 0, 8;
    %store/vec4 v00000174f7e8e260_0, 0, 8;
    %jmp T_31.256;
T_31.242 ;
    %pushi/vec4 137, 0, 8;
    %store/vec4 v00000174f7e8e260_0, 0, 8;
    %jmp T_31.256;
T_31.243 ;
    %pushi/vec4 13, 0, 8;
    %store/vec4 v00000174f7e8e260_0, 0, 8;
    %jmp T_31.256;
T_31.244 ;
    %pushi/vec4 191, 0, 8;
    %store/vec4 v00000174f7e8e260_0, 0, 8;
    %jmp T_31.256;
T_31.245 ;
    %pushi/vec4 230, 0, 8;
    %store/vec4 v00000174f7e8e260_0, 0, 8;
    %jmp T_31.256;
T_31.246 ;
    %pushi/vec4 66, 0, 8;
    %store/vec4 v00000174f7e8e260_0, 0, 8;
    %jmp T_31.256;
T_31.247 ;
    %pushi/vec4 104, 0, 8;
    %store/vec4 v00000174f7e8e260_0, 0, 8;
    %jmp T_31.256;
T_31.248 ;
    %pushi/vec4 65, 0, 8;
    %store/vec4 v00000174f7e8e260_0, 0, 8;
    %jmp T_31.256;
T_31.249 ;
    %pushi/vec4 153, 0, 8;
    %store/vec4 v00000174f7e8e260_0, 0, 8;
    %jmp T_31.256;
T_31.250 ;
    %pushi/vec4 45, 0, 8;
    %store/vec4 v00000174f7e8e260_0, 0, 8;
    %jmp T_31.256;
T_31.251 ;
    %pushi/vec4 15, 0, 8;
    %store/vec4 v00000174f7e8e260_0, 0, 8;
    %jmp T_31.256;
T_31.252 ;
    %pushi/vec4 176, 0, 8;
    %store/vec4 v00000174f7e8e260_0, 0, 8;
    %jmp T_31.256;
T_31.253 ;
    %pushi/vec4 84, 0, 8;
    %store/vec4 v00000174f7e8e260_0, 0, 8;
    %jmp T_31.256;
T_31.254 ;
    %pushi/vec4 187, 0, 8;
    %store/vec4 v00000174f7e8e260_0, 0, 8;
    %jmp T_31.256;
T_31.255 ;
    %pushi/vec4 22, 0, 8;
    %store/vec4 v00000174f7e8e260_0, 0, 8;
    %jmp T_31.256;
T_31.256 ;
    %pop/vec4 1;
    %jmp T_31;
    .thread T_31, $push;
    .scope S_00000174f7e93f40;
T_32 ;
    %wait E_00000174f7e05950;
    %load/vec4 v00000174f7e8e9e0_0;
    %dup/vec4;
    %pushi/vec4 0, 0, 8;
    %cmp/u;
    %jmp/1 T_32.0, 6;
    %dup/vec4;
    %pushi/vec4 1, 0, 8;
    %cmp/u;
    %jmp/1 T_32.1, 6;
    %dup/vec4;
    %pushi/vec4 2, 0, 8;
    %cmp/u;
    %jmp/1 T_32.2, 6;
    %dup/vec4;
    %pushi/vec4 3, 0, 8;
    %cmp/u;
    %jmp/1 T_32.3, 6;
    %dup/vec4;
    %pushi/vec4 4, 0, 8;
    %cmp/u;
    %jmp/1 T_32.4, 6;
    %dup/vec4;
    %pushi/vec4 5, 0, 8;
    %cmp/u;
    %jmp/1 T_32.5, 6;
    %dup/vec4;
    %pushi/vec4 6, 0, 8;
    %cmp/u;
    %jmp/1 T_32.6, 6;
    %dup/vec4;
    %pushi/vec4 7, 0, 8;
    %cmp/u;
    %jmp/1 T_32.7, 6;
    %dup/vec4;
    %pushi/vec4 8, 0, 8;
    %cmp/u;
    %jmp/1 T_32.8, 6;
    %dup/vec4;
    %pushi/vec4 9, 0, 8;
    %cmp/u;
    %jmp/1 T_32.9, 6;
    %dup/vec4;
    %pushi/vec4 10, 0, 8;
    %cmp/u;
    %jmp/1 T_32.10, 6;
    %dup/vec4;
    %pushi/vec4 11, 0, 8;
    %cmp/u;
    %jmp/1 T_32.11, 6;
    %dup/vec4;
    %pushi/vec4 12, 0, 8;
    %cmp/u;
    %jmp/1 T_32.12, 6;
    %dup/vec4;
    %pushi/vec4 13, 0, 8;
    %cmp/u;
    %jmp/1 T_32.13, 6;
    %dup/vec4;
    %pushi/vec4 14, 0, 8;
    %cmp/u;
    %jmp/1 T_32.14, 6;
    %dup/vec4;
    %pushi/vec4 15, 0, 8;
    %cmp/u;
    %jmp/1 T_32.15, 6;
    %dup/vec4;
    %pushi/vec4 16, 0, 8;
    %cmp/u;
    %jmp/1 T_32.16, 6;
    %dup/vec4;
    %pushi/vec4 17, 0, 8;
    %cmp/u;
    %jmp/1 T_32.17, 6;
    %dup/vec4;
    %pushi/vec4 18, 0, 8;
    %cmp/u;
    %jmp/1 T_32.18, 6;
    %dup/vec4;
    %pushi/vec4 19, 0, 8;
    %cmp/u;
    %jmp/1 T_32.19, 6;
    %dup/vec4;
    %pushi/vec4 20, 0, 8;
    %cmp/u;
    %jmp/1 T_32.20, 6;
    %dup/vec4;
    %pushi/vec4 21, 0, 8;
    %cmp/u;
    %jmp/1 T_32.21, 6;
    %dup/vec4;
    %pushi/vec4 22, 0, 8;
    %cmp/u;
    %jmp/1 T_32.22, 6;
    %dup/vec4;
    %pushi/vec4 23, 0, 8;
    %cmp/u;
    %jmp/1 T_32.23, 6;
    %dup/vec4;
    %pushi/vec4 24, 0, 8;
    %cmp/u;
    %jmp/1 T_32.24, 6;
    %dup/vec4;
    %pushi/vec4 25, 0, 8;
    %cmp/u;
    %jmp/1 T_32.25, 6;
    %dup/vec4;
    %pushi/vec4 26, 0, 8;
    %cmp/u;
    %jmp/1 T_32.26, 6;
    %dup/vec4;
    %pushi/vec4 27, 0, 8;
    %cmp/u;
    %jmp/1 T_32.27, 6;
    %dup/vec4;
    %pushi/vec4 28, 0, 8;
    %cmp/u;
    %jmp/1 T_32.28, 6;
    %dup/vec4;
    %pushi/vec4 29, 0, 8;
    %cmp/u;
    %jmp/1 T_32.29, 6;
    %dup/vec4;
    %pushi/vec4 30, 0, 8;
    %cmp/u;
    %jmp/1 T_32.30, 6;
    %dup/vec4;
    %pushi/vec4 31, 0, 8;
    %cmp/u;
    %jmp/1 T_32.31, 6;
    %dup/vec4;
    %pushi/vec4 32, 0, 8;
    %cmp/u;
    %jmp/1 T_32.32, 6;
    %dup/vec4;
    %pushi/vec4 33, 0, 8;
    %cmp/u;
    %jmp/1 T_32.33, 6;
    %dup/vec4;
    %pushi/vec4 34, 0, 8;
    %cmp/u;
    %jmp/1 T_32.34, 6;
    %dup/vec4;
    %pushi/vec4 35, 0, 8;
    %cmp/u;
    %jmp/1 T_32.35, 6;
    %dup/vec4;
    %pushi/vec4 36, 0, 8;
    %cmp/u;
    %jmp/1 T_32.36, 6;
    %dup/vec4;
    %pushi/vec4 37, 0, 8;
    %cmp/u;
    %jmp/1 T_32.37, 6;
    %dup/vec4;
    %pushi/vec4 38, 0, 8;
    %cmp/u;
    %jmp/1 T_32.38, 6;
    %dup/vec4;
    %pushi/vec4 39, 0, 8;
    %cmp/u;
    %jmp/1 T_32.39, 6;
    %dup/vec4;
    %pushi/vec4 40, 0, 8;
    %cmp/u;
    %jmp/1 T_32.40, 6;
    %dup/vec4;
    %pushi/vec4 41, 0, 8;
    %cmp/u;
    %jmp/1 T_32.41, 6;
    %dup/vec4;
    %pushi/vec4 42, 0, 8;
    %cmp/u;
    %jmp/1 T_32.42, 6;
    %dup/vec4;
    %pushi/vec4 43, 0, 8;
    %cmp/u;
    %jmp/1 T_32.43, 6;
    %dup/vec4;
    %pushi/vec4 44, 0, 8;
    %cmp/u;
    %jmp/1 T_32.44, 6;
    %dup/vec4;
    %pushi/vec4 45, 0, 8;
    %cmp/u;
    %jmp/1 T_32.45, 6;
    %dup/vec4;
    %pushi/vec4 46, 0, 8;
    %cmp/u;
    %jmp/1 T_32.46, 6;
    %dup/vec4;
    %pushi/vec4 47, 0, 8;
    %cmp/u;
    %jmp/1 T_32.47, 6;
    %dup/vec4;
    %pushi/vec4 48, 0, 8;
    %cmp/u;
    %jmp/1 T_32.48, 6;
    %dup/vec4;
    %pushi/vec4 49, 0, 8;
    %cmp/u;
    %jmp/1 T_32.49, 6;
    %dup/vec4;
    %pushi/vec4 50, 0, 8;
    %cmp/u;
    %jmp/1 T_32.50, 6;
    %dup/vec4;
    %pushi/vec4 51, 0, 8;
    %cmp/u;
    %jmp/1 T_32.51, 6;
    %dup/vec4;
    %pushi/vec4 52, 0, 8;
    %cmp/u;
    %jmp/1 T_32.52, 6;
    %dup/vec4;
    %pushi/vec4 53, 0, 8;
    %cmp/u;
    %jmp/1 T_32.53, 6;
    %dup/vec4;
    %pushi/vec4 54, 0, 8;
    %cmp/u;
    %jmp/1 T_32.54, 6;
    %dup/vec4;
    %pushi/vec4 55, 0, 8;
    %cmp/u;
    %jmp/1 T_32.55, 6;
    %dup/vec4;
    %pushi/vec4 56, 0, 8;
    %cmp/u;
    %jmp/1 T_32.56, 6;
    %dup/vec4;
    %pushi/vec4 57, 0, 8;
    %cmp/u;
    %jmp/1 T_32.57, 6;
    %dup/vec4;
    %pushi/vec4 58, 0, 8;
    %cmp/u;
    %jmp/1 T_32.58, 6;
    %dup/vec4;
    %pushi/vec4 59, 0, 8;
    %cmp/u;
    %jmp/1 T_32.59, 6;
    %dup/vec4;
    %pushi/vec4 60, 0, 8;
    %cmp/u;
    %jmp/1 T_32.60, 6;
    %dup/vec4;
    %pushi/vec4 61, 0, 8;
    %cmp/u;
    %jmp/1 T_32.61, 6;
    %dup/vec4;
    %pushi/vec4 62, 0, 8;
    %cmp/u;
    %jmp/1 T_32.62, 6;
    %dup/vec4;
    %pushi/vec4 63, 0, 8;
    %cmp/u;
    %jmp/1 T_32.63, 6;
    %dup/vec4;
    %pushi/vec4 64, 0, 8;
    %cmp/u;
    %jmp/1 T_32.64, 6;
    %dup/vec4;
    %pushi/vec4 65, 0, 8;
    %cmp/u;
    %jmp/1 T_32.65, 6;
    %dup/vec4;
    %pushi/vec4 66, 0, 8;
    %cmp/u;
    %jmp/1 T_32.66, 6;
    %dup/vec4;
    %pushi/vec4 67, 0, 8;
    %cmp/u;
    %jmp/1 T_32.67, 6;
    %dup/vec4;
    %pushi/vec4 68, 0, 8;
    %cmp/u;
    %jmp/1 T_32.68, 6;
    %dup/vec4;
    %pushi/vec4 69, 0, 8;
    %cmp/u;
    %jmp/1 T_32.69, 6;
    %dup/vec4;
    %pushi/vec4 70, 0, 8;
    %cmp/u;
    %jmp/1 T_32.70, 6;
    %dup/vec4;
    %pushi/vec4 71, 0, 8;
    %cmp/u;
    %jmp/1 T_32.71, 6;
    %dup/vec4;
    %pushi/vec4 72, 0, 8;
    %cmp/u;
    %jmp/1 T_32.72, 6;
    %dup/vec4;
    %pushi/vec4 73, 0, 8;
    %cmp/u;
    %jmp/1 T_32.73, 6;
    %dup/vec4;
    %pushi/vec4 74, 0, 8;
    %cmp/u;
    %jmp/1 T_32.74, 6;
    %dup/vec4;
    %pushi/vec4 75, 0, 8;
    %cmp/u;
    %jmp/1 T_32.75, 6;
    %dup/vec4;
    %pushi/vec4 76, 0, 8;
    %cmp/u;
    %jmp/1 T_32.76, 6;
    %dup/vec4;
    %pushi/vec4 77, 0, 8;
    %cmp/u;
    %jmp/1 T_32.77, 6;
    %dup/vec4;
    %pushi/vec4 78, 0, 8;
    %cmp/u;
    %jmp/1 T_32.78, 6;
    %dup/vec4;
    %pushi/vec4 79, 0, 8;
    %cmp/u;
    %jmp/1 T_32.79, 6;
    %dup/vec4;
    %pushi/vec4 80, 0, 8;
    %cmp/u;
    %jmp/1 T_32.80, 6;
    %dup/vec4;
    %pushi/vec4 81, 0, 8;
    %cmp/u;
    %jmp/1 T_32.81, 6;
    %dup/vec4;
    %pushi/vec4 82, 0, 8;
    %cmp/u;
    %jmp/1 T_32.82, 6;
    %dup/vec4;
    %pushi/vec4 83, 0, 8;
    %cmp/u;
    %jmp/1 T_32.83, 6;
    %dup/vec4;
    %pushi/vec4 84, 0, 8;
    %cmp/u;
    %jmp/1 T_32.84, 6;
    %dup/vec4;
    %pushi/vec4 85, 0, 8;
    %cmp/u;
    %jmp/1 T_32.85, 6;
    %dup/vec4;
    %pushi/vec4 86, 0, 8;
    %cmp/u;
    %jmp/1 T_32.86, 6;
    %dup/vec4;
    %pushi/vec4 87, 0, 8;
    %cmp/u;
    %jmp/1 T_32.87, 6;
    %dup/vec4;
    %pushi/vec4 88, 0, 8;
    %cmp/u;
    %jmp/1 T_32.88, 6;
    %dup/vec4;
    %pushi/vec4 89, 0, 8;
    %cmp/u;
    %jmp/1 T_32.89, 6;
    %dup/vec4;
    %pushi/vec4 90, 0, 8;
    %cmp/u;
    %jmp/1 T_32.90, 6;
    %dup/vec4;
    %pushi/vec4 91, 0, 8;
    %cmp/u;
    %jmp/1 T_32.91, 6;
    %dup/vec4;
    %pushi/vec4 92, 0, 8;
    %cmp/u;
    %jmp/1 T_32.92, 6;
    %dup/vec4;
    %pushi/vec4 93, 0, 8;
    %cmp/u;
    %jmp/1 T_32.93, 6;
    %dup/vec4;
    %pushi/vec4 94, 0, 8;
    %cmp/u;
    %jmp/1 T_32.94, 6;
    %dup/vec4;
    %pushi/vec4 95, 0, 8;
    %cmp/u;
    %jmp/1 T_32.95, 6;
    %dup/vec4;
    %pushi/vec4 96, 0, 8;
    %cmp/u;
    %jmp/1 T_32.96, 6;
    %dup/vec4;
    %pushi/vec4 97, 0, 8;
    %cmp/u;
    %jmp/1 T_32.97, 6;
    %dup/vec4;
    %pushi/vec4 98, 0, 8;
    %cmp/u;
    %jmp/1 T_32.98, 6;
    %dup/vec4;
    %pushi/vec4 99, 0, 8;
    %cmp/u;
    %jmp/1 T_32.99, 6;
    %dup/vec4;
    %pushi/vec4 100, 0, 8;
    %cmp/u;
    %jmp/1 T_32.100, 6;
    %dup/vec4;
    %pushi/vec4 101, 0, 8;
    %cmp/u;
    %jmp/1 T_32.101, 6;
    %dup/vec4;
    %pushi/vec4 102, 0, 8;
    %cmp/u;
    %jmp/1 T_32.102, 6;
    %dup/vec4;
    %pushi/vec4 103, 0, 8;
    %cmp/u;
    %jmp/1 T_32.103, 6;
    %dup/vec4;
    %pushi/vec4 104, 0, 8;
    %cmp/u;
    %jmp/1 T_32.104, 6;
    %dup/vec4;
    %pushi/vec4 105, 0, 8;
    %cmp/u;
    %jmp/1 T_32.105, 6;
    %dup/vec4;
    %pushi/vec4 106, 0, 8;
    %cmp/u;
    %jmp/1 T_32.106, 6;
    %dup/vec4;
    %pushi/vec4 107, 0, 8;
    %cmp/u;
    %jmp/1 T_32.107, 6;
    %dup/vec4;
    %pushi/vec4 108, 0, 8;
    %cmp/u;
    %jmp/1 T_32.108, 6;
    %dup/vec4;
    %pushi/vec4 109, 0, 8;
    %cmp/u;
    %jmp/1 T_32.109, 6;
    %dup/vec4;
    %pushi/vec4 110, 0, 8;
    %cmp/u;
    %jmp/1 T_32.110, 6;
    %dup/vec4;
    %pushi/vec4 111, 0, 8;
    %cmp/u;
    %jmp/1 T_32.111, 6;
    %dup/vec4;
    %pushi/vec4 112, 0, 8;
    %cmp/u;
    %jmp/1 T_32.112, 6;
    %dup/vec4;
    %pushi/vec4 113, 0, 8;
    %cmp/u;
    %jmp/1 T_32.113, 6;
    %dup/vec4;
    %pushi/vec4 114, 0, 8;
    %cmp/u;
    %jmp/1 T_32.114, 6;
    %dup/vec4;
    %pushi/vec4 115, 0, 8;
    %cmp/u;
    %jmp/1 T_32.115, 6;
    %dup/vec4;
    %pushi/vec4 116, 0, 8;
    %cmp/u;
    %jmp/1 T_32.116, 6;
    %dup/vec4;
    %pushi/vec4 117, 0, 8;
    %cmp/u;
    %jmp/1 T_32.117, 6;
    %dup/vec4;
    %pushi/vec4 118, 0, 8;
    %cmp/u;
    %jmp/1 T_32.118, 6;
    %dup/vec4;
    %pushi/vec4 119, 0, 8;
    %cmp/u;
    %jmp/1 T_32.119, 6;
    %dup/vec4;
    %pushi/vec4 120, 0, 8;
    %cmp/u;
    %jmp/1 T_32.120, 6;
    %dup/vec4;
    %pushi/vec4 121, 0, 8;
    %cmp/u;
    %jmp/1 T_32.121, 6;
    %dup/vec4;
    %pushi/vec4 122, 0, 8;
    %cmp/u;
    %jmp/1 T_32.122, 6;
    %dup/vec4;
    %pushi/vec4 123, 0, 8;
    %cmp/u;
    %jmp/1 T_32.123, 6;
    %dup/vec4;
    %pushi/vec4 124, 0, 8;
    %cmp/u;
    %jmp/1 T_32.124, 6;
    %dup/vec4;
    %pushi/vec4 125, 0, 8;
    %cmp/u;
    %jmp/1 T_32.125, 6;
    %dup/vec4;
    %pushi/vec4 126, 0, 8;
    %cmp/u;
    %jmp/1 T_32.126, 6;
    %dup/vec4;
    %pushi/vec4 127, 0, 8;
    %cmp/u;
    %jmp/1 T_32.127, 6;
    %dup/vec4;
    %pushi/vec4 128, 0, 8;
    %cmp/u;
    %jmp/1 T_32.128, 6;
    %dup/vec4;
    %pushi/vec4 129, 0, 8;
    %cmp/u;
    %jmp/1 T_32.129, 6;
    %dup/vec4;
    %pushi/vec4 130, 0, 8;
    %cmp/u;
    %jmp/1 T_32.130, 6;
    %dup/vec4;
    %pushi/vec4 131, 0, 8;
    %cmp/u;
    %jmp/1 T_32.131, 6;
    %dup/vec4;
    %pushi/vec4 132, 0, 8;
    %cmp/u;
    %jmp/1 T_32.132, 6;
    %dup/vec4;
    %pushi/vec4 133, 0, 8;
    %cmp/u;
    %jmp/1 T_32.133, 6;
    %dup/vec4;
    %pushi/vec4 134, 0, 8;
    %cmp/u;
    %jmp/1 T_32.134, 6;
    %dup/vec4;
    %pushi/vec4 135, 0, 8;
    %cmp/u;
    %jmp/1 T_32.135, 6;
    %dup/vec4;
    %pushi/vec4 136, 0, 8;
    %cmp/u;
    %jmp/1 T_32.136, 6;
    %dup/vec4;
    %pushi/vec4 137, 0, 8;
    %cmp/u;
    %jmp/1 T_32.137, 6;
    %dup/vec4;
    %pushi/vec4 138, 0, 8;
    %cmp/u;
    %jmp/1 T_32.138, 6;
    %dup/vec4;
    %pushi/vec4 139, 0, 8;
    %cmp/u;
    %jmp/1 T_32.139, 6;
    %dup/vec4;
    %pushi/vec4 140, 0, 8;
    %cmp/u;
    %jmp/1 T_32.140, 6;
    %dup/vec4;
    %pushi/vec4 141, 0, 8;
    %cmp/u;
    %jmp/1 T_32.141, 6;
    %dup/vec4;
    %pushi/vec4 142, 0, 8;
    %cmp/u;
    %jmp/1 T_32.142, 6;
    %dup/vec4;
    %pushi/vec4 143, 0, 8;
    %cmp/u;
    %jmp/1 T_32.143, 6;
    %dup/vec4;
    %pushi/vec4 144, 0, 8;
    %cmp/u;
    %jmp/1 T_32.144, 6;
    %dup/vec4;
    %pushi/vec4 145, 0, 8;
    %cmp/u;
    %jmp/1 T_32.145, 6;
    %dup/vec4;
    %pushi/vec4 146, 0, 8;
    %cmp/u;
    %jmp/1 T_32.146, 6;
    %dup/vec4;
    %pushi/vec4 147, 0, 8;
    %cmp/u;
    %jmp/1 T_32.147, 6;
    %dup/vec4;
    %pushi/vec4 148, 0, 8;
    %cmp/u;
    %jmp/1 T_32.148, 6;
    %dup/vec4;
    %pushi/vec4 149, 0, 8;
    %cmp/u;
    %jmp/1 T_32.149, 6;
    %dup/vec4;
    %pushi/vec4 150, 0, 8;
    %cmp/u;
    %jmp/1 T_32.150, 6;
    %dup/vec4;
    %pushi/vec4 151, 0, 8;
    %cmp/u;
    %jmp/1 T_32.151, 6;
    %dup/vec4;
    %pushi/vec4 152, 0, 8;
    %cmp/u;
    %jmp/1 T_32.152, 6;
    %dup/vec4;
    %pushi/vec4 153, 0, 8;
    %cmp/u;
    %jmp/1 T_32.153, 6;
    %dup/vec4;
    %pushi/vec4 154, 0, 8;
    %cmp/u;
    %jmp/1 T_32.154, 6;
    %dup/vec4;
    %pushi/vec4 155, 0, 8;
    %cmp/u;
    %jmp/1 T_32.155, 6;
    %dup/vec4;
    %pushi/vec4 156, 0, 8;
    %cmp/u;
    %jmp/1 T_32.156, 6;
    %dup/vec4;
    %pushi/vec4 157, 0, 8;
    %cmp/u;
    %jmp/1 T_32.157, 6;
    %dup/vec4;
    %pushi/vec4 158, 0, 8;
    %cmp/u;
    %jmp/1 T_32.158, 6;
    %dup/vec4;
    %pushi/vec4 159, 0, 8;
    %cmp/u;
    %jmp/1 T_32.159, 6;
    %dup/vec4;
    %pushi/vec4 160, 0, 8;
    %cmp/u;
    %jmp/1 T_32.160, 6;
    %dup/vec4;
    %pushi/vec4 161, 0, 8;
    %cmp/u;
    %jmp/1 T_32.161, 6;
    %dup/vec4;
    %pushi/vec4 162, 0, 8;
    %cmp/u;
    %jmp/1 T_32.162, 6;
    %dup/vec4;
    %pushi/vec4 163, 0, 8;
    %cmp/u;
    %jmp/1 T_32.163, 6;
    %dup/vec4;
    %pushi/vec4 164, 0, 8;
    %cmp/u;
    %jmp/1 T_32.164, 6;
    %dup/vec4;
    %pushi/vec4 165, 0, 8;
    %cmp/u;
    %jmp/1 T_32.165, 6;
    %dup/vec4;
    %pushi/vec4 166, 0, 8;
    %cmp/u;
    %jmp/1 T_32.166, 6;
    %dup/vec4;
    %pushi/vec4 167, 0, 8;
    %cmp/u;
    %jmp/1 T_32.167, 6;
    %dup/vec4;
    %pushi/vec4 168, 0, 8;
    %cmp/u;
    %jmp/1 T_32.168, 6;
    %dup/vec4;
    %pushi/vec4 169, 0, 8;
    %cmp/u;
    %jmp/1 T_32.169, 6;
    %dup/vec4;
    %pushi/vec4 170, 0, 8;
    %cmp/u;
    %jmp/1 T_32.170, 6;
    %dup/vec4;
    %pushi/vec4 171, 0, 8;
    %cmp/u;
    %jmp/1 T_32.171, 6;
    %dup/vec4;
    %pushi/vec4 172, 0, 8;
    %cmp/u;
    %jmp/1 T_32.172, 6;
    %dup/vec4;
    %pushi/vec4 173, 0, 8;
    %cmp/u;
    %jmp/1 T_32.173, 6;
    %dup/vec4;
    %pushi/vec4 174, 0, 8;
    %cmp/u;
    %jmp/1 T_32.174, 6;
    %dup/vec4;
    %pushi/vec4 175, 0, 8;
    %cmp/u;
    %jmp/1 T_32.175, 6;
    %dup/vec4;
    %pushi/vec4 176, 0, 8;
    %cmp/u;
    %jmp/1 T_32.176, 6;
    %dup/vec4;
    %pushi/vec4 177, 0, 8;
    %cmp/u;
    %jmp/1 T_32.177, 6;
    %dup/vec4;
    %pushi/vec4 178, 0, 8;
    %cmp/u;
    %jmp/1 T_32.178, 6;
    %dup/vec4;
    %pushi/vec4 179, 0, 8;
    %cmp/u;
    %jmp/1 T_32.179, 6;
    %dup/vec4;
    %pushi/vec4 180, 0, 8;
    %cmp/u;
    %jmp/1 T_32.180, 6;
    %dup/vec4;
    %pushi/vec4 181, 0, 8;
    %cmp/u;
    %jmp/1 T_32.181, 6;
    %dup/vec4;
    %pushi/vec4 182, 0, 8;
    %cmp/u;
    %jmp/1 T_32.182, 6;
    %dup/vec4;
    %pushi/vec4 183, 0, 8;
    %cmp/u;
    %jmp/1 T_32.183, 6;
    %dup/vec4;
    %pushi/vec4 184, 0, 8;
    %cmp/u;
    %jmp/1 T_32.184, 6;
    %dup/vec4;
    %pushi/vec4 185, 0, 8;
    %cmp/u;
    %jmp/1 T_32.185, 6;
    %dup/vec4;
    %pushi/vec4 186, 0, 8;
    %cmp/u;
    %jmp/1 T_32.186, 6;
    %dup/vec4;
    %pushi/vec4 187, 0, 8;
    %cmp/u;
    %jmp/1 T_32.187, 6;
    %dup/vec4;
    %pushi/vec4 188, 0, 8;
    %cmp/u;
    %jmp/1 T_32.188, 6;
    %dup/vec4;
    %pushi/vec4 189, 0, 8;
    %cmp/u;
    %jmp/1 T_32.189, 6;
    %dup/vec4;
    %pushi/vec4 190, 0, 8;
    %cmp/u;
    %jmp/1 T_32.190, 6;
    %dup/vec4;
    %pushi/vec4 191, 0, 8;
    %cmp/u;
    %jmp/1 T_32.191, 6;
    %dup/vec4;
    %pushi/vec4 192, 0, 8;
    %cmp/u;
    %jmp/1 T_32.192, 6;
    %dup/vec4;
    %pushi/vec4 193, 0, 8;
    %cmp/u;
    %jmp/1 T_32.193, 6;
    %dup/vec4;
    %pushi/vec4 194, 0, 8;
    %cmp/u;
    %jmp/1 T_32.194, 6;
    %dup/vec4;
    %pushi/vec4 195, 0, 8;
    %cmp/u;
    %jmp/1 T_32.195, 6;
    %dup/vec4;
    %pushi/vec4 196, 0, 8;
    %cmp/u;
    %jmp/1 T_32.196, 6;
    %dup/vec4;
    %pushi/vec4 197, 0, 8;
    %cmp/u;
    %jmp/1 T_32.197, 6;
    %dup/vec4;
    %pushi/vec4 198, 0, 8;
    %cmp/u;
    %jmp/1 T_32.198, 6;
    %dup/vec4;
    %pushi/vec4 199, 0, 8;
    %cmp/u;
    %jmp/1 T_32.199, 6;
    %dup/vec4;
    %pushi/vec4 200, 0, 8;
    %cmp/u;
    %jmp/1 T_32.200, 6;
    %dup/vec4;
    %pushi/vec4 201, 0, 8;
    %cmp/u;
    %jmp/1 T_32.201, 6;
    %dup/vec4;
    %pushi/vec4 202, 0, 8;
    %cmp/u;
    %jmp/1 T_32.202, 6;
    %dup/vec4;
    %pushi/vec4 203, 0, 8;
    %cmp/u;
    %jmp/1 T_32.203, 6;
    %dup/vec4;
    %pushi/vec4 204, 0, 8;
    %cmp/u;
    %jmp/1 T_32.204, 6;
    %dup/vec4;
    %pushi/vec4 205, 0, 8;
    %cmp/u;
    %jmp/1 T_32.205, 6;
    %dup/vec4;
    %pushi/vec4 206, 0, 8;
    %cmp/u;
    %jmp/1 T_32.206, 6;
    %dup/vec4;
    %pushi/vec4 207, 0, 8;
    %cmp/u;
    %jmp/1 T_32.207, 6;
    %dup/vec4;
    %pushi/vec4 208, 0, 8;
    %cmp/u;
    %jmp/1 T_32.208, 6;
    %dup/vec4;
    %pushi/vec4 209, 0, 8;
    %cmp/u;
    %jmp/1 T_32.209, 6;
    %dup/vec4;
    %pushi/vec4 210, 0, 8;
    %cmp/u;
    %jmp/1 T_32.210, 6;
    %dup/vec4;
    %pushi/vec4 211, 0, 8;
    %cmp/u;
    %jmp/1 T_32.211, 6;
    %dup/vec4;
    %pushi/vec4 212, 0, 8;
    %cmp/u;
    %jmp/1 T_32.212, 6;
    %dup/vec4;
    %pushi/vec4 213, 0, 8;
    %cmp/u;
    %jmp/1 T_32.213, 6;
    %dup/vec4;
    %pushi/vec4 214, 0, 8;
    %cmp/u;
    %jmp/1 T_32.214, 6;
    %dup/vec4;
    %pushi/vec4 215, 0, 8;
    %cmp/u;
    %jmp/1 T_32.215, 6;
    %dup/vec4;
    %pushi/vec4 216, 0, 8;
    %cmp/u;
    %jmp/1 T_32.216, 6;
    %dup/vec4;
    %pushi/vec4 217, 0, 8;
    %cmp/u;
    %jmp/1 T_32.217, 6;
    %dup/vec4;
    %pushi/vec4 218, 0, 8;
    %cmp/u;
    %jmp/1 T_32.218, 6;
    %dup/vec4;
    %pushi/vec4 219, 0, 8;
    %cmp/u;
    %jmp/1 T_32.219, 6;
    %dup/vec4;
    %pushi/vec4 220, 0, 8;
    %cmp/u;
    %jmp/1 T_32.220, 6;
    %dup/vec4;
    %pushi/vec4 221, 0, 8;
    %cmp/u;
    %jmp/1 T_32.221, 6;
    %dup/vec4;
    %pushi/vec4 222, 0, 8;
    %cmp/u;
    %jmp/1 T_32.222, 6;
    %dup/vec4;
    %pushi/vec4 223, 0, 8;
    %cmp/u;
    %jmp/1 T_32.223, 6;
    %dup/vec4;
    %pushi/vec4 224, 0, 8;
    %cmp/u;
    %jmp/1 T_32.224, 6;
    %dup/vec4;
    %pushi/vec4 225, 0, 8;
    %cmp/u;
    %jmp/1 T_32.225, 6;
    %dup/vec4;
    %pushi/vec4 226, 0, 8;
    %cmp/u;
    %jmp/1 T_32.226, 6;
    %dup/vec4;
    %pushi/vec4 227, 0, 8;
    %cmp/u;
    %jmp/1 T_32.227, 6;
    %dup/vec4;
    %pushi/vec4 228, 0, 8;
    %cmp/u;
    %jmp/1 T_32.228, 6;
    %dup/vec4;
    %pushi/vec4 229, 0, 8;
    %cmp/u;
    %jmp/1 T_32.229, 6;
    %dup/vec4;
    %pushi/vec4 230, 0, 8;
    %cmp/u;
    %jmp/1 T_32.230, 6;
    %dup/vec4;
    %pushi/vec4 231, 0, 8;
    %cmp/u;
    %jmp/1 T_32.231, 6;
    %dup/vec4;
    %pushi/vec4 232, 0, 8;
    %cmp/u;
    %jmp/1 T_32.232, 6;
    %dup/vec4;
    %pushi/vec4 233, 0, 8;
    %cmp/u;
    %jmp/1 T_32.233, 6;
    %dup/vec4;
    %pushi/vec4 234, 0, 8;
    %cmp/u;
    %jmp/1 T_32.234, 6;
    %dup/vec4;
    %pushi/vec4 235, 0, 8;
    %cmp/u;
    %jmp/1 T_32.235, 6;
    %dup/vec4;
    %pushi/vec4 236, 0, 8;
    %cmp/u;
    %jmp/1 T_32.236, 6;
    %dup/vec4;
    %pushi/vec4 237, 0, 8;
    %cmp/u;
    %jmp/1 T_32.237, 6;
    %dup/vec4;
    %pushi/vec4 238, 0, 8;
    %cmp/u;
    %jmp/1 T_32.238, 6;
    %dup/vec4;
    %pushi/vec4 239, 0, 8;
    %cmp/u;
    %jmp/1 T_32.239, 6;
    %dup/vec4;
    %pushi/vec4 240, 0, 8;
    %cmp/u;
    %jmp/1 T_32.240, 6;
    %dup/vec4;
    %pushi/vec4 241, 0, 8;
    %cmp/u;
    %jmp/1 T_32.241, 6;
    %dup/vec4;
    %pushi/vec4 242, 0, 8;
    %cmp/u;
    %jmp/1 T_32.242, 6;
    %dup/vec4;
    %pushi/vec4 243, 0, 8;
    %cmp/u;
    %jmp/1 T_32.243, 6;
    %dup/vec4;
    %pushi/vec4 244, 0, 8;
    %cmp/u;
    %jmp/1 T_32.244, 6;
    %dup/vec4;
    %pushi/vec4 245, 0, 8;
    %cmp/u;
    %jmp/1 T_32.245, 6;
    %dup/vec4;
    %pushi/vec4 246, 0, 8;
    %cmp/u;
    %jmp/1 T_32.246, 6;
    %dup/vec4;
    %pushi/vec4 247, 0, 8;
    %cmp/u;
    %jmp/1 T_32.247, 6;
    %dup/vec4;
    %pushi/vec4 248, 0, 8;
    %cmp/u;
    %jmp/1 T_32.248, 6;
    %dup/vec4;
    %pushi/vec4 249, 0, 8;
    %cmp/u;
    %jmp/1 T_32.249, 6;
    %dup/vec4;
    %pushi/vec4 250, 0, 8;
    %cmp/u;
    %jmp/1 T_32.250, 6;
    %dup/vec4;
    %pushi/vec4 251, 0, 8;
    %cmp/u;
    %jmp/1 T_32.251, 6;
    %dup/vec4;
    %pushi/vec4 252, 0, 8;
    %cmp/u;
    %jmp/1 T_32.252, 6;
    %dup/vec4;
    %pushi/vec4 253, 0, 8;
    %cmp/u;
    %jmp/1 T_32.253, 6;
    %dup/vec4;
    %pushi/vec4 254, 0, 8;
    %cmp/u;
    %jmp/1 T_32.254, 6;
    %dup/vec4;
    %pushi/vec4 255, 0, 8;
    %cmp/u;
    %jmp/1 T_32.255, 6;
    %jmp T_32.256;
T_32.0 ;
    %pushi/vec4 99, 0, 8;
    %store/vec4 v00000174f7e90740_0, 0, 8;
    %jmp T_32.256;
T_32.1 ;
    %pushi/vec4 124, 0, 8;
    %store/vec4 v00000174f7e90740_0, 0, 8;
    %jmp T_32.256;
T_32.2 ;
    %pushi/vec4 119, 0, 8;
    %store/vec4 v00000174f7e90740_0, 0, 8;
    %jmp T_32.256;
T_32.3 ;
    %pushi/vec4 123, 0, 8;
    %store/vec4 v00000174f7e90740_0, 0, 8;
    %jmp T_32.256;
T_32.4 ;
    %pushi/vec4 242, 0, 8;
    %store/vec4 v00000174f7e90740_0, 0, 8;
    %jmp T_32.256;
T_32.5 ;
    %pushi/vec4 107, 0, 8;
    %store/vec4 v00000174f7e90740_0, 0, 8;
    %jmp T_32.256;
T_32.6 ;
    %pushi/vec4 111, 0, 8;
    %store/vec4 v00000174f7e90740_0, 0, 8;
    %jmp T_32.256;
T_32.7 ;
    %pushi/vec4 197, 0, 8;
    %store/vec4 v00000174f7e90740_0, 0, 8;
    %jmp T_32.256;
T_32.8 ;
    %pushi/vec4 48, 0, 8;
    %store/vec4 v00000174f7e90740_0, 0, 8;
    %jmp T_32.256;
T_32.9 ;
    %pushi/vec4 1, 0, 8;
    %store/vec4 v00000174f7e90740_0, 0, 8;
    %jmp T_32.256;
T_32.10 ;
    %pushi/vec4 103, 0, 8;
    %store/vec4 v00000174f7e90740_0, 0, 8;
    %jmp T_32.256;
T_32.11 ;
    %pushi/vec4 43, 0, 8;
    %store/vec4 v00000174f7e90740_0, 0, 8;
    %jmp T_32.256;
T_32.12 ;
    %pushi/vec4 254, 0, 8;
    %store/vec4 v00000174f7e90740_0, 0, 8;
    %jmp T_32.256;
T_32.13 ;
    %pushi/vec4 215, 0, 8;
    %store/vec4 v00000174f7e90740_0, 0, 8;
    %jmp T_32.256;
T_32.14 ;
    %pushi/vec4 171, 0, 8;
    %store/vec4 v00000174f7e90740_0, 0, 8;
    %jmp T_32.256;
T_32.15 ;
    %pushi/vec4 118, 0, 8;
    %store/vec4 v00000174f7e90740_0, 0, 8;
    %jmp T_32.256;
T_32.16 ;
    %pushi/vec4 202, 0, 8;
    %store/vec4 v00000174f7e90740_0, 0, 8;
    %jmp T_32.256;
T_32.17 ;
    %pushi/vec4 130, 0, 8;
    %store/vec4 v00000174f7e90740_0, 0, 8;
    %jmp T_32.256;
T_32.18 ;
    %pushi/vec4 201, 0, 8;
    %store/vec4 v00000174f7e90740_0, 0, 8;
    %jmp T_32.256;
T_32.19 ;
    %pushi/vec4 125, 0, 8;
    %store/vec4 v00000174f7e90740_0, 0, 8;
    %jmp T_32.256;
T_32.20 ;
    %pushi/vec4 250, 0, 8;
    %store/vec4 v00000174f7e90740_0, 0, 8;
    %jmp T_32.256;
T_32.21 ;
    %pushi/vec4 89, 0, 8;
    %store/vec4 v00000174f7e90740_0, 0, 8;
    %jmp T_32.256;
T_32.22 ;
    %pushi/vec4 71, 0, 8;
    %store/vec4 v00000174f7e90740_0, 0, 8;
    %jmp T_32.256;
T_32.23 ;
    %pushi/vec4 240, 0, 8;
    %store/vec4 v00000174f7e90740_0, 0, 8;
    %jmp T_32.256;
T_32.24 ;
    %pushi/vec4 173, 0, 8;
    %store/vec4 v00000174f7e90740_0, 0, 8;
    %jmp T_32.256;
T_32.25 ;
    %pushi/vec4 212, 0, 8;
    %store/vec4 v00000174f7e90740_0, 0, 8;
    %jmp T_32.256;
T_32.26 ;
    %pushi/vec4 162, 0, 8;
    %store/vec4 v00000174f7e90740_0, 0, 8;
    %jmp T_32.256;
T_32.27 ;
    %pushi/vec4 175, 0, 8;
    %store/vec4 v00000174f7e90740_0, 0, 8;
    %jmp T_32.256;
T_32.28 ;
    %pushi/vec4 156, 0, 8;
    %store/vec4 v00000174f7e90740_0, 0, 8;
    %jmp T_32.256;
T_32.29 ;
    %pushi/vec4 164, 0, 8;
    %store/vec4 v00000174f7e90740_0, 0, 8;
    %jmp T_32.256;
T_32.30 ;
    %pushi/vec4 114, 0, 8;
    %store/vec4 v00000174f7e90740_0, 0, 8;
    %jmp T_32.256;
T_32.31 ;
    %pushi/vec4 192, 0, 8;
    %store/vec4 v00000174f7e90740_0, 0, 8;
    %jmp T_32.256;
T_32.32 ;
    %pushi/vec4 183, 0, 8;
    %store/vec4 v00000174f7e90740_0, 0, 8;
    %jmp T_32.256;
T_32.33 ;
    %pushi/vec4 253, 0, 8;
    %store/vec4 v00000174f7e90740_0, 0, 8;
    %jmp T_32.256;
T_32.34 ;
    %pushi/vec4 147, 0, 8;
    %store/vec4 v00000174f7e90740_0, 0, 8;
    %jmp T_32.256;
T_32.35 ;
    %pushi/vec4 38, 0, 8;
    %store/vec4 v00000174f7e90740_0, 0, 8;
    %jmp T_32.256;
T_32.36 ;
    %pushi/vec4 54, 0, 8;
    %store/vec4 v00000174f7e90740_0, 0, 8;
    %jmp T_32.256;
T_32.37 ;
    %pushi/vec4 63, 0, 8;
    %store/vec4 v00000174f7e90740_0, 0, 8;
    %jmp T_32.256;
T_32.38 ;
    %pushi/vec4 247, 0, 8;
    %store/vec4 v00000174f7e90740_0, 0, 8;
    %jmp T_32.256;
T_32.39 ;
    %pushi/vec4 204, 0, 8;
    %store/vec4 v00000174f7e90740_0, 0, 8;
    %jmp T_32.256;
T_32.40 ;
    %pushi/vec4 52, 0, 8;
    %store/vec4 v00000174f7e90740_0, 0, 8;
    %jmp T_32.256;
T_32.41 ;
    %pushi/vec4 165, 0, 8;
    %store/vec4 v00000174f7e90740_0, 0, 8;
    %jmp T_32.256;
T_32.42 ;
    %pushi/vec4 229, 0, 8;
    %store/vec4 v00000174f7e90740_0, 0, 8;
    %jmp T_32.256;
T_32.43 ;
    %pushi/vec4 241, 0, 8;
    %store/vec4 v00000174f7e90740_0, 0, 8;
    %jmp T_32.256;
T_32.44 ;
    %pushi/vec4 113, 0, 8;
    %store/vec4 v00000174f7e90740_0, 0, 8;
    %jmp T_32.256;
T_32.45 ;
    %pushi/vec4 216, 0, 8;
    %store/vec4 v00000174f7e90740_0, 0, 8;
    %jmp T_32.256;
T_32.46 ;
    %pushi/vec4 49, 0, 8;
    %store/vec4 v00000174f7e90740_0, 0, 8;
    %jmp T_32.256;
T_32.47 ;
    %pushi/vec4 21, 0, 8;
    %store/vec4 v00000174f7e90740_0, 0, 8;
    %jmp T_32.256;
T_32.48 ;
    %pushi/vec4 4, 0, 8;
    %store/vec4 v00000174f7e90740_0, 0, 8;
    %jmp T_32.256;
T_32.49 ;
    %pushi/vec4 199, 0, 8;
    %store/vec4 v00000174f7e90740_0, 0, 8;
    %jmp T_32.256;
T_32.50 ;
    %pushi/vec4 35, 0, 8;
    %store/vec4 v00000174f7e90740_0, 0, 8;
    %jmp T_32.256;
T_32.51 ;
    %pushi/vec4 195, 0, 8;
    %store/vec4 v00000174f7e90740_0, 0, 8;
    %jmp T_32.256;
T_32.52 ;
    %pushi/vec4 24, 0, 8;
    %store/vec4 v00000174f7e90740_0, 0, 8;
    %jmp T_32.256;
T_32.53 ;
    %pushi/vec4 150, 0, 8;
    %store/vec4 v00000174f7e90740_0, 0, 8;
    %jmp T_32.256;
T_32.54 ;
    %pushi/vec4 5, 0, 8;
    %store/vec4 v00000174f7e90740_0, 0, 8;
    %jmp T_32.256;
T_32.55 ;
    %pushi/vec4 154, 0, 8;
    %store/vec4 v00000174f7e90740_0, 0, 8;
    %jmp T_32.256;
T_32.56 ;
    %pushi/vec4 7, 0, 8;
    %store/vec4 v00000174f7e90740_0, 0, 8;
    %jmp T_32.256;
T_32.57 ;
    %pushi/vec4 18, 0, 8;
    %store/vec4 v00000174f7e90740_0, 0, 8;
    %jmp T_32.256;
T_32.58 ;
    %pushi/vec4 128, 0, 8;
    %store/vec4 v00000174f7e90740_0, 0, 8;
    %jmp T_32.256;
T_32.59 ;
    %pushi/vec4 226, 0, 8;
    %store/vec4 v00000174f7e90740_0, 0, 8;
    %jmp T_32.256;
T_32.60 ;
    %pushi/vec4 235, 0, 8;
    %store/vec4 v00000174f7e90740_0, 0, 8;
    %jmp T_32.256;
T_32.61 ;
    %pushi/vec4 39, 0, 8;
    %store/vec4 v00000174f7e90740_0, 0, 8;
    %jmp T_32.256;
T_32.62 ;
    %pushi/vec4 178, 0, 8;
    %store/vec4 v00000174f7e90740_0, 0, 8;
    %jmp T_32.256;
T_32.63 ;
    %pushi/vec4 117, 0, 8;
    %store/vec4 v00000174f7e90740_0, 0, 8;
    %jmp T_32.256;
T_32.64 ;
    %pushi/vec4 9, 0, 8;
    %store/vec4 v00000174f7e90740_0, 0, 8;
    %jmp T_32.256;
T_32.65 ;
    %pushi/vec4 131, 0, 8;
    %store/vec4 v00000174f7e90740_0, 0, 8;
    %jmp T_32.256;
T_32.66 ;
    %pushi/vec4 44, 0, 8;
    %store/vec4 v00000174f7e90740_0, 0, 8;
    %jmp T_32.256;
T_32.67 ;
    %pushi/vec4 26, 0, 8;
    %store/vec4 v00000174f7e90740_0, 0, 8;
    %jmp T_32.256;
T_32.68 ;
    %pushi/vec4 27, 0, 8;
    %store/vec4 v00000174f7e90740_0, 0, 8;
    %jmp T_32.256;
T_32.69 ;
    %pushi/vec4 110, 0, 8;
    %store/vec4 v00000174f7e90740_0, 0, 8;
    %jmp T_32.256;
T_32.70 ;
    %pushi/vec4 90, 0, 8;
    %store/vec4 v00000174f7e90740_0, 0, 8;
    %jmp T_32.256;
T_32.71 ;
    %pushi/vec4 160, 0, 8;
    %store/vec4 v00000174f7e90740_0, 0, 8;
    %jmp T_32.256;
T_32.72 ;
    %pushi/vec4 82, 0, 8;
    %store/vec4 v00000174f7e90740_0, 0, 8;
    %jmp T_32.256;
T_32.73 ;
    %pushi/vec4 59, 0, 8;
    %store/vec4 v00000174f7e90740_0, 0, 8;
    %jmp T_32.256;
T_32.74 ;
    %pushi/vec4 214, 0, 8;
    %store/vec4 v00000174f7e90740_0, 0, 8;
    %jmp T_32.256;
T_32.75 ;
    %pushi/vec4 179, 0, 8;
    %store/vec4 v00000174f7e90740_0, 0, 8;
    %jmp T_32.256;
T_32.76 ;
    %pushi/vec4 41, 0, 8;
    %store/vec4 v00000174f7e90740_0, 0, 8;
    %jmp T_32.256;
T_32.77 ;
    %pushi/vec4 227, 0, 8;
    %store/vec4 v00000174f7e90740_0, 0, 8;
    %jmp T_32.256;
T_32.78 ;
    %pushi/vec4 47, 0, 8;
    %store/vec4 v00000174f7e90740_0, 0, 8;
    %jmp T_32.256;
T_32.79 ;
    %pushi/vec4 132, 0, 8;
    %store/vec4 v00000174f7e90740_0, 0, 8;
    %jmp T_32.256;
T_32.80 ;
    %pushi/vec4 83, 0, 8;
    %store/vec4 v00000174f7e90740_0, 0, 8;
    %jmp T_32.256;
T_32.81 ;
    %pushi/vec4 209, 0, 8;
    %store/vec4 v00000174f7e90740_0, 0, 8;
    %jmp T_32.256;
T_32.82 ;
    %pushi/vec4 0, 0, 8;
    %store/vec4 v00000174f7e90740_0, 0, 8;
    %jmp T_32.256;
T_32.83 ;
    %pushi/vec4 237, 0, 8;
    %store/vec4 v00000174f7e90740_0, 0, 8;
    %jmp T_32.256;
T_32.84 ;
    %pushi/vec4 32, 0, 8;
    %store/vec4 v00000174f7e90740_0, 0, 8;
    %jmp T_32.256;
T_32.85 ;
    %pushi/vec4 252, 0, 8;
    %store/vec4 v00000174f7e90740_0, 0, 8;
    %jmp T_32.256;
T_32.86 ;
    %pushi/vec4 177, 0, 8;
    %store/vec4 v00000174f7e90740_0, 0, 8;
    %jmp T_32.256;
T_32.87 ;
    %pushi/vec4 91, 0, 8;
    %store/vec4 v00000174f7e90740_0, 0, 8;
    %jmp T_32.256;
T_32.88 ;
    %pushi/vec4 106, 0, 8;
    %store/vec4 v00000174f7e90740_0, 0, 8;
    %jmp T_32.256;
T_32.89 ;
    %pushi/vec4 203, 0, 8;
    %store/vec4 v00000174f7e90740_0, 0, 8;
    %jmp T_32.256;
T_32.90 ;
    %pushi/vec4 190, 0, 8;
    %store/vec4 v00000174f7e90740_0, 0, 8;
    %jmp T_32.256;
T_32.91 ;
    %pushi/vec4 57, 0, 8;
    %store/vec4 v00000174f7e90740_0, 0, 8;
    %jmp T_32.256;
T_32.92 ;
    %pushi/vec4 74, 0, 8;
    %store/vec4 v00000174f7e90740_0, 0, 8;
    %jmp T_32.256;
T_32.93 ;
    %pushi/vec4 76, 0, 8;
    %store/vec4 v00000174f7e90740_0, 0, 8;
    %jmp T_32.256;
T_32.94 ;
    %pushi/vec4 88, 0, 8;
    %store/vec4 v00000174f7e90740_0, 0, 8;
    %jmp T_32.256;
T_32.95 ;
    %pushi/vec4 207, 0, 8;
    %store/vec4 v00000174f7e90740_0, 0, 8;
    %jmp T_32.256;
T_32.96 ;
    %pushi/vec4 208, 0, 8;
    %store/vec4 v00000174f7e90740_0, 0, 8;
    %jmp T_32.256;
T_32.97 ;
    %pushi/vec4 239, 0, 8;
    %store/vec4 v00000174f7e90740_0, 0, 8;
    %jmp T_32.256;
T_32.98 ;
    %pushi/vec4 170, 0, 8;
    %store/vec4 v00000174f7e90740_0, 0, 8;
    %jmp T_32.256;
T_32.99 ;
    %pushi/vec4 251, 0, 8;
    %store/vec4 v00000174f7e90740_0, 0, 8;
    %jmp T_32.256;
T_32.100 ;
    %pushi/vec4 67, 0, 8;
    %store/vec4 v00000174f7e90740_0, 0, 8;
    %jmp T_32.256;
T_32.101 ;
    %pushi/vec4 77, 0, 8;
    %store/vec4 v00000174f7e90740_0, 0, 8;
    %jmp T_32.256;
T_32.102 ;
    %pushi/vec4 51, 0, 8;
    %store/vec4 v00000174f7e90740_0, 0, 8;
    %jmp T_32.256;
T_32.103 ;
    %pushi/vec4 133, 0, 8;
    %store/vec4 v00000174f7e90740_0, 0, 8;
    %jmp T_32.256;
T_32.104 ;
    %pushi/vec4 69, 0, 8;
    %store/vec4 v00000174f7e90740_0, 0, 8;
    %jmp T_32.256;
T_32.105 ;
    %pushi/vec4 249, 0, 8;
    %store/vec4 v00000174f7e90740_0, 0, 8;
    %jmp T_32.256;
T_32.106 ;
    %pushi/vec4 2, 0, 8;
    %store/vec4 v00000174f7e90740_0, 0, 8;
    %jmp T_32.256;
T_32.107 ;
    %pushi/vec4 127, 0, 8;
    %store/vec4 v00000174f7e90740_0, 0, 8;
    %jmp T_32.256;
T_32.108 ;
    %pushi/vec4 80, 0, 8;
    %store/vec4 v00000174f7e90740_0, 0, 8;
    %jmp T_32.256;
T_32.109 ;
    %pushi/vec4 60, 0, 8;
    %store/vec4 v00000174f7e90740_0, 0, 8;
    %jmp T_32.256;
T_32.110 ;
    %pushi/vec4 159, 0, 8;
    %store/vec4 v00000174f7e90740_0, 0, 8;
    %jmp T_32.256;
T_32.111 ;
    %pushi/vec4 168, 0, 8;
    %store/vec4 v00000174f7e90740_0, 0, 8;
    %jmp T_32.256;
T_32.112 ;
    %pushi/vec4 81, 0, 8;
    %store/vec4 v00000174f7e90740_0, 0, 8;
    %jmp T_32.256;
T_32.113 ;
    %pushi/vec4 163, 0, 8;
    %store/vec4 v00000174f7e90740_0, 0, 8;
    %jmp T_32.256;
T_32.114 ;
    %pushi/vec4 64, 0, 8;
    %store/vec4 v00000174f7e90740_0, 0, 8;
    %jmp T_32.256;
T_32.115 ;
    %pushi/vec4 143, 0, 8;
    %store/vec4 v00000174f7e90740_0, 0, 8;
    %jmp T_32.256;
T_32.116 ;
    %pushi/vec4 146, 0, 8;
    %store/vec4 v00000174f7e90740_0, 0, 8;
    %jmp T_32.256;
T_32.117 ;
    %pushi/vec4 157, 0, 8;
    %store/vec4 v00000174f7e90740_0, 0, 8;
    %jmp T_32.256;
T_32.118 ;
    %pushi/vec4 56, 0, 8;
    %store/vec4 v00000174f7e90740_0, 0, 8;
    %jmp T_32.256;
T_32.119 ;
    %pushi/vec4 245, 0, 8;
    %store/vec4 v00000174f7e90740_0, 0, 8;
    %jmp T_32.256;
T_32.120 ;
    %pushi/vec4 188, 0, 8;
    %store/vec4 v00000174f7e90740_0, 0, 8;
    %jmp T_32.256;
T_32.121 ;
    %pushi/vec4 182, 0, 8;
    %store/vec4 v00000174f7e90740_0, 0, 8;
    %jmp T_32.256;
T_32.122 ;
    %pushi/vec4 218, 0, 8;
    %store/vec4 v00000174f7e90740_0, 0, 8;
    %jmp T_32.256;
T_32.123 ;
    %pushi/vec4 33, 0, 8;
    %store/vec4 v00000174f7e90740_0, 0, 8;
    %jmp T_32.256;
T_32.124 ;
    %pushi/vec4 16, 0, 8;
    %store/vec4 v00000174f7e90740_0, 0, 8;
    %jmp T_32.256;
T_32.125 ;
    %pushi/vec4 255, 0, 8;
    %store/vec4 v00000174f7e90740_0, 0, 8;
    %jmp T_32.256;
T_32.126 ;
    %pushi/vec4 243, 0, 8;
    %store/vec4 v00000174f7e90740_0, 0, 8;
    %jmp T_32.256;
T_32.127 ;
    %pushi/vec4 210, 0, 8;
    %store/vec4 v00000174f7e90740_0, 0, 8;
    %jmp T_32.256;
T_32.128 ;
    %pushi/vec4 205, 0, 8;
    %store/vec4 v00000174f7e90740_0, 0, 8;
    %jmp T_32.256;
T_32.129 ;
    %pushi/vec4 12, 0, 8;
    %store/vec4 v00000174f7e90740_0, 0, 8;
    %jmp T_32.256;
T_32.130 ;
    %pushi/vec4 19, 0, 8;
    %store/vec4 v00000174f7e90740_0, 0, 8;
    %jmp T_32.256;
T_32.131 ;
    %pushi/vec4 236, 0, 8;
    %store/vec4 v00000174f7e90740_0, 0, 8;
    %jmp T_32.256;
T_32.132 ;
    %pushi/vec4 95, 0, 8;
    %store/vec4 v00000174f7e90740_0, 0, 8;
    %jmp T_32.256;
T_32.133 ;
    %pushi/vec4 151, 0, 8;
    %store/vec4 v00000174f7e90740_0, 0, 8;
    %jmp T_32.256;
T_32.134 ;
    %pushi/vec4 68, 0, 8;
    %store/vec4 v00000174f7e90740_0, 0, 8;
    %jmp T_32.256;
T_32.135 ;
    %pushi/vec4 23, 0, 8;
    %store/vec4 v00000174f7e90740_0, 0, 8;
    %jmp T_32.256;
T_32.136 ;
    %pushi/vec4 196, 0, 8;
    %store/vec4 v00000174f7e90740_0, 0, 8;
    %jmp T_32.256;
T_32.137 ;
    %pushi/vec4 167, 0, 8;
    %store/vec4 v00000174f7e90740_0, 0, 8;
    %jmp T_32.256;
T_32.138 ;
    %pushi/vec4 126, 0, 8;
    %store/vec4 v00000174f7e90740_0, 0, 8;
    %jmp T_32.256;
T_32.139 ;
    %pushi/vec4 61, 0, 8;
    %store/vec4 v00000174f7e90740_0, 0, 8;
    %jmp T_32.256;
T_32.140 ;
    %pushi/vec4 100, 0, 8;
    %store/vec4 v00000174f7e90740_0, 0, 8;
    %jmp T_32.256;
T_32.141 ;
    %pushi/vec4 93, 0, 8;
    %store/vec4 v00000174f7e90740_0, 0, 8;
    %jmp T_32.256;
T_32.142 ;
    %pushi/vec4 25, 0, 8;
    %store/vec4 v00000174f7e90740_0, 0, 8;
    %jmp T_32.256;
T_32.143 ;
    %pushi/vec4 115, 0, 8;
    %store/vec4 v00000174f7e90740_0, 0, 8;
    %jmp T_32.256;
T_32.144 ;
    %pushi/vec4 96, 0, 8;
    %store/vec4 v00000174f7e90740_0, 0, 8;
    %jmp T_32.256;
T_32.145 ;
    %pushi/vec4 129, 0, 8;
    %store/vec4 v00000174f7e90740_0, 0, 8;
    %jmp T_32.256;
T_32.146 ;
    %pushi/vec4 79, 0, 8;
    %store/vec4 v00000174f7e90740_0, 0, 8;
    %jmp T_32.256;
T_32.147 ;
    %pushi/vec4 220, 0, 8;
    %store/vec4 v00000174f7e90740_0, 0, 8;
    %jmp T_32.256;
T_32.148 ;
    %pushi/vec4 34, 0, 8;
    %store/vec4 v00000174f7e90740_0, 0, 8;
    %jmp T_32.256;
T_32.149 ;
    %pushi/vec4 42, 0, 8;
    %store/vec4 v00000174f7e90740_0, 0, 8;
    %jmp T_32.256;
T_32.150 ;
    %pushi/vec4 144, 0, 8;
    %store/vec4 v00000174f7e90740_0, 0, 8;
    %jmp T_32.256;
T_32.151 ;
    %pushi/vec4 136, 0, 8;
    %store/vec4 v00000174f7e90740_0, 0, 8;
    %jmp T_32.256;
T_32.152 ;
    %pushi/vec4 70, 0, 8;
    %store/vec4 v00000174f7e90740_0, 0, 8;
    %jmp T_32.256;
T_32.153 ;
    %pushi/vec4 238, 0, 8;
    %store/vec4 v00000174f7e90740_0, 0, 8;
    %jmp T_32.256;
T_32.154 ;
    %pushi/vec4 184, 0, 8;
    %store/vec4 v00000174f7e90740_0, 0, 8;
    %jmp T_32.256;
T_32.155 ;
    %pushi/vec4 20, 0, 8;
    %store/vec4 v00000174f7e90740_0, 0, 8;
    %jmp T_32.256;
T_32.156 ;
    %pushi/vec4 222, 0, 8;
    %store/vec4 v00000174f7e90740_0, 0, 8;
    %jmp T_32.256;
T_32.157 ;
    %pushi/vec4 94, 0, 8;
    %store/vec4 v00000174f7e90740_0, 0, 8;
    %jmp T_32.256;
T_32.158 ;
    %pushi/vec4 11, 0, 8;
    %store/vec4 v00000174f7e90740_0, 0, 8;
    %jmp T_32.256;
T_32.159 ;
    %pushi/vec4 219, 0, 8;
    %store/vec4 v00000174f7e90740_0, 0, 8;
    %jmp T_32.256;
T_32.160 ;
    %pushi/vec4 224, 0, 8;
    %store/vec4 v00000174f7e90740_0, 0, 8;
    %jmp T_32.256;
T_32.161 ;
    %pushi/vec4 50, 0, 8;
    %store/vec4 v00000174f7e90740_0, 0, 8;
    %jmp T_32.256;
T_32.162 ;
    %pushi/vec4 58, 0, 8;
    %store/vec4 v00000174f7e90740_0, 0, 8;
    %jmp T_32.256;
T_32.163 ;
    %pushi/vec4 10, 0, 8;
    %store/vec4 v00000174f7e90740_0, 0, 8;
    %jmp T_32.256;
T_32.164 ;
    %pushi/vec4 73, 0, 8;
    %store/vec4 v00000174f7e90740_0, 0, 8;
    %jmp T_32.256;
T_32.165 ;
    %pushi/vec4 6, 0, 8;
    %store/vec4 v00000174f7e90740_0, 0, 8;
    %jmp T_32.256;
T_32.166 ;
    %pushi/vec4 36, 0, 8;
    %store/vec4 v00000174f7e90740_0, 0, 8;
    %jmp T_32.256;
T_32.167 ;
    %pushi/vec4 92, 0, 8;
    %store/vec4 v00000174f7e90740_0, 0, 8;
    %jmp T_32.256;
T_32.168 ;
    %pushi/vec4 194, 0, 8;
    %store/vec4 v00000174f7e90740_0, 0, 8;
    %jmp T_32.256;
T_32.169 ;
    %pushi/vec4 211, 0, 8;
    %store/vec4 v00000174f7e90740_0, 0, 8;
    %jmp T_32.256;
T_32.170 ;
    %pushi/vec4 172, 0, 8;
    %store/vec4 v00000174f7e90740_0, 0, 8;
    %jmp T_32.256;
T_32.171 ;
    %pushi/vec4 98, 0, 8;
    %store/vec4 v00000174f7e90740_0, 0, 8;
    %jmp T_32.256;
T_32.172 ;
    %pushi/vec4 145, 0, 8;
    %store/vec4 v00000174f7e90740_0, 0, 8;
    %jmp T_32.256;
T_32.173 ;
    %pushi/vec4 149, 0, 8;
    %store/vec4 v00000174f7e90740_0, 0, 8;
    %jmp T_32.256;
T_32.174 ;
    %pushi/vec4 228, 0, 8;
    %store/vec4 v00000174f7e90740_0, 0, 8;
    %jmp T_32.256;
T_32.175 ;
    %pushi/vec4 121, 0, 8;
    %store/vec4 v00000174f7e90740_0, 0, 8;
    %jmp T_32.256;
T_32.176 ;
    %pushi/vec4 231, 0, 8;
    %store/vec4 v00000174f7e90740_0, 0, 8;
    %jmp T_32.256;
T_32.177 ;
    %pushi/vec4 200, 0, 8;
    %store/vec4 v00000174f7e90740_0, 0, 8;
    %jmp T_32.256;
T_32.178 ;
    %pushi/vec4 55, 0, 8;
    %store/vec4 v00000174f7e90740_0, 0, 8;
    %jmp T_32.256;
T_32.179 ;
    %pushi/vec4 109, 0, 8;
    %store/vec4 v00000174f7e90740_0, 0, 8;
    %jmp T_32.256;
T_32.180 ;
    %pushi/vec4 141, 0, 8;
    %store/vec4 v00000174f7e90740_0, 0, 8;
    %jmp T_32.256;
T_32.181 ;
    %pushi/vec4 213, 0, 8;
    %store/vec4 v00000174f7e90740_0, 0, 8;
    %jmp T_32.256;
T_32.182 ;
    %pushi/vec4 78, 0, 8;
    %store/vec4 v00000174f7e90740_0, 0, 8;
    %jmp T_32.256;
T_32.183 ;
    %pushi/vec4 169, 0, 8;
    %store/vec4 v00000174f7e90740_0, 0, 8;
    %jmp T_32.256;
T_32.184 ;
    %pushi/vec4 108, 0, 8;
    %store/vec4 v00000174f7e90740_0, 0, 8;
    %jmp T_32.256;
T_32.185 ;
    %pushi/vec4 86, 0, 8;
    %store/vec4 v00000174f7e90740_0, 0, 8;
    %jmp T_32.256;
T_32.186 ;
    %pushi/vec4 244, 0, 8;
    %store/vec4 v00000174f7e90740_0, 0, 8;
    %jmp T_32.256;
T_32.187 ;
    %pushi/vec4 234, 0, 8;
    %store/vec4 v00000174f7e90740_0, 0, 8;
    %jmp T_32.256;
T_32.188 ;
    %pushi/vec4 101, 0, 8;
    %store/vec4 v00000174f7e90740_0, 0, 8;
    %jmp T_32.256;
T_32.189 ;
    %pushi/vec4 122, 0, 8;
    %store/vec4 v00000174f7e90740_0, 0, 8;
    %jmp T_32.256;
T_32.190 ;
    %pushi/vec4 174, 0, 8;
    %store/vec4 v00000174f7e90740_0, 0, 8;
    %jmp T_32.256;
T_32.191 ;
    %pushi/vec4 8, 0, 8;
    %store/vec4 v00000174f7e90740_0, 0, 8;
    %jmp T_32.256;
T_32.192 ;
    %pushi/vec4 186, 0, 8;
    %store/vec4 v00000174f7e90740_0, 0, 8;
    %jmp T_32.256;
T_32.193 ;
    %pushi/vec4 120, 0, 8;
    %store/vec4 v00000174f7e90740_0, 0, 8;
    %jmp T_32.256;
T_32.194 ;
    %pushi/vec4 37, 0, 8;
    %store/vec4 v00000174f7e90740_0, 0, 8;
    %jmp T_32.256;
T_32.195 ;
    %pushi/vec4 46, 0, 8;
    %store/vec4 v00000174f7e90740_0, 0, 8;
    %jmp T_32.256;
T_32.196 ;
    %pushi/vec4 28, 0, 8;
    %store/vec4 v00000174f7e90740_0, 0, 8;
    %jmp T_32.256;
T_32.197 ;
    %pushi/vec4 166, 0, 8;
    %store/vec4 v00000174f7e90740_0, 0, 8;
    %jmp T_32.256;
T_32.198 ;
    %pushi/vec4 180, 0, 8;
    %store/vec4 v00000174f7e90740_0, 0, 8;
    %jmp T_32.256;
T_32.199 ;
    %pushi/vec4 198, 0, 8;
    %store/vec4 v00000174f7e90740_0, 0, 8;
    %jmp T_32.256;
T_32.200 ;
    %pushi/vec4 232, 0, 8;
    %store/vec4 v00000174f7e90740_0, 0, 8;
    %jmp T_32.256;
T_32.201 ;
    %pushi/vec4 221, 0, 8;
    %store/vec4 v00000174f7e90740_0, 0, 8;
    %jmp T_32.256;
T_32.202 ;
    %pushi/vec4 116, 0, 8;
    %store/vec4 v00000174f7e90740_0, 0, 8;
    %jmp T_32.256;
T_32.203 ;
    %pushi/vec4 31, 0, 8;
    %store/vec4 v00000174f7e90740_0, 0, 8;
    %jmp T_32.256;
T_32.204 ;
    %pushi/vec4 75, 0, 8;
    %store/vec4 v00000174f7e90740_0, 0, 8;
    %jmp T_32.256;
T_32.205 ;
    %pushi/vec4 189, 0, 8;
    %store/vec4 v00000174f7e90740_0, 0, 8;
    %jmp T_32.256;
T_32.206 ;
    %pushi/vec4 139, 0, 8;
    %store/vec4 v00000174f7e90740_0, 0, 8;
    %jmp T_32.256;
T_32.207 ;
    %pushi/vec4 138, 0, 8;
    %store/vec4 v00000174f7e90740_0, 0, 8;
    %jmp T_32.256;
T_32.208 ;
    %pushi/vec4 112, 0, 8;
    %store/vec4 v00000174f7e90740_0, 0, 8;
    %jmp T_32.256;
T_32.209 ;
    %pushi/vec4 62, 0, 8;
    %store/vec4 v00000174f7e90740_0, 0, 8;
    %jmp T_32.256;
T_32.210 ;
    %pushi/vec4 181, 0, 8;
    %store/vec4 v00000174f7e90740_0, 0, 8;
    %jmp T_32.256;
T_32.211 ;
    %pushi/vec4 102, 0, 8;
    %store/vec4 v00000174f7e90740_0, 0, 8;
    %jmp T_32.256;
T_32.212 ;
    %pushi/vec4 72, 0, 8;
    %store/vec4 v00000174f7e90740_0, 0, 8;
    %jmp T_32.256;
T_32.213 ;
    %pushi/vec4 3, 0, 8;
    %store/vec4 v00000174f7e90740_0, 0, 8;
    %jmp T_32.256;
T_32.214 ;
    %pushi/vec4 246, 0, 8;
    %store/vec4 v00000174f7e90740_0, 0, 8;
    %jmp T_32.256;
T_32.215 ;
    %pushi/vec4 14, 0, 8;
    %store/vec4 v00000174f7e90740_0, 0, 8;
    %jmp T_32.256;
T_32.216 ;
    %pushi/vec4 97, 0, 8;
    %store/vec4 v00000174f7e90740_0, 0, 8;
    %jmp T_32.256;
T_32.217 ;
    %pushi/vec4 53, 0, 8;
    %store/vec4 v00000174f7e90740_0, 0, 8;
    %jmp T_32.256;
T_32.218 ;
    %pushi/vec4 87, 0, 8;
    %store/vec4 v00000174f7e90740_0, 0, 8;
    %jmp T_32.256;
T_32.219 ;
    %pushi/vec4 185, 0, 8;
    %store/vec4 v00000174f7e90740_0, 0, 8;
    %jmp T_32.256;
T_32.220 ;
    %pushi/vec4 134, 0, 8;
    %store/vec4 v00000174f7e90740_0, 0, 8;
    %jmp T_32.256;
T_32.221 ;
    %pushi/vec4 193, 0, 8;
    %store/vec4 v00000174f7e90740_0, 0, 8;
    %jmp T_32.256;
T_32.222 ;
    %pushi/vec4 29, 0, 8;
    %store/vec4 v00000174f7e90740_0, 0, 8;
    %jmp T_32.256;
T_32.223 ;
    %pushi/vec4 158, 0, 8;
    %store/vec4 v00000174f7e90740_0, 0, 8;
    %jmp T_32.256;
T_32.224 ;
    %pushi/vec4 225, 0, 8;
    %store/vec4 v00000174f7e90740_0, 0, 8;
    %jmp T_32.256;
T_32.225 ;
    %pushi/vec4 248, 0, 8;
    %store/vec4 v00000174f7e90740_0, 0, 8;
    %jmp T_32.256;
T_32.226 ;
    %pushi/vec4 152, 0, 8;
    %store/vec4 v00000174f7e90740_0, 0, 8;
    %jmp T_32.256;
T_32.227 ;
    %pushi/vec4 17, 0, 8;
    %store/vec4 v00000174f7e90740_0, 0, 8;
    %jmp T_32.256;
T_32.228 ;
    %pushi/vec4 105, 0, 8;
    %store/vec4 v00000174f7e90740_0, 0, 8;
    %jmp T_32.256;
T_32.229 ;
    %pushi/vec4 217, 0, 8;
    %store/vec4 v00000174f7e90740_0, 0, 8;
    %jmp T_32.256;
T_32.230 ;
    %pushi/vec4 142, 0, 8;
    %store/vec4 v00000174f7e90740_0, 0, 8;
    %jmp T_32.256;
T_32.231 ;
    %pushi/vec4 148, 0, 8;
    %store/vec4 v00000174f7e90740_0, 0, 8;
    %jmp T_32.256;
T_32.232 ;
    %pushi/vec4 155, 0, 8;
    %store/vec4 v00000174f7e90740_0, 0, 8;
    %jmp T_32.256;
T_32.233 ;
    %pushi/vec4 30, 0, 8;
    %store/vec4 v00000174f7e90740_0, 0, 8;
    %jmp T_32.256;
T_32.234 ;
    %pushi/vec4 135, 0, 8;
    %store/vec4 v00000174f7e90740_0, 0, 8;
    %jmp T_32.256;
T_32.235 ;
    %pushi/vec4 233, 0, 8;
    %store/vec4 v00000174f7e90740_0, 0, 8;
    %jmp T_32.256;
T_32.236 ;
    %pushi/vec4 206, 0, 8;
    %store/vec4 v00000174f7e90740_0, 0, 8;
    %jmp T_32.256;
T_32.237 ;
    %pushi/vec4 85, 0, 8;
    %store/vec4 v00000174f7e90740_0, 0, 8;
    %jmp T_32.256;
T_32.238 ;
    %pushi/vec4 40, 0, 8;
    %store/vec4 v00000174f7e90740_0, 0, 8;
    %jmp T_32.256;
T_32.239 ;
    %pushi/vec4 223, 0, 8;
    %store/vec4 v00000174f7e90740_0, 0, 8;
    %jmp T_32.256;
T_32.240 ;
    %pushi/vec4 140, 0, 8;
    %store/vec4 v00000174f7e90740_0, 0, 8;
    %jmp T_32.256;
T_32.241 ;
    %pushi/vec4 161, 0, 8;
    %store/vec4 v00000174f7e90740_0, 0, 8;
    %jmp T_32.256;
T_32.242 ;
    %pushi/vec4 137, 0, 8;
    %store/vec4 v00000174f7e90740_0, 0, 8;
    %jmp T_32.256;
T_32.243 ;
    %pushi/vec4 13, 0, 8;
    %store/vec4 v00000174f7e90740_0, 0, 8;
    %jmp T_32.256;
T_32.244 ;
    %pushi/vec4 191, 0, 8;
    %store/vec4 v00000174f7e90740_0, 0, 8;
    %jmp T_32.256;
T_32.245 ;
    %pushi/vec4 230, 0, 8;
    %store/vec4 v00000174f7e90740_0, 0, 8;
    %jmp T_32.256;
T_32.246 ;
    %pushi/vec4 66, 0, 8;
    %store/vec4 v00000174f7e90740_0, 0, 8;
    %jmp T_32.256;
T_32.247 ;
    %pushi/vec4 104, 0, 8;
    %store/vec4 v00000174f7e90740_0, 0, 8;
    %jmp T_32.256;
T_32.248 ;
    %pushi/vec4 65, 0, 8;
    %store/vec4 v00000174f7e90740_0, 0, 8;
    %jmp T_32.256;
T_32.249 ;
    %pushi/vec4 153, 0, 8;
    %store/vec4 v00000174f7e90740_0, 0, 8;
    %jmp T_32.256;
T_32.250 ;
    %pushi/vec4 45, 0, 8;
    %store/vec4 v00000174f7e90740_0, 0, 8;
    %jmp T_32.256;
T_32.251 ;
    %pushi/vec4 15, 0, 8;
    %store/vec4 v00000174f7e90740_0, 0, 8;
    %jmp T_32.256;
T_32.252 ;
    %pushi/vec4 176, 0, 8;
    %store/vec4 v00000174f7e90740_0, 0, 8;
    %jmp T_32.256;
T_32.253 ;
    %pushi/vec4 84, 0, 8;
    %store/vec4 v00000174f7e90740_0, 0, 8;
    %jmp T_32.256;
T_32.254 ;
    %pushi/vec4 187, 0, 8;
    %store/vec4 v00000174f7e90740_0, 0, 8;
    %jmp T_32.256;
T_32.255 ;
    %pushi/vec4 22, 0, 8;
    %store/vec4 v00000174f7e90740_0, 0, 8;
    %jmp T_32.256;
T_32.256 ;
    %pop/vec4 1;
    %jmp T_32;
    .thread T_32, $push;
    .scope S_00000174f7e940d0;
T_33 ;
    %wait E_00000174f7e05690;
    %load/vec4 v00000174f7e8ef80_0;
    %dup/vec4;
    %pushi/vec4 0, 0, 8;
    %cmp/u;
    %jmp/1 T_33.0, 6;
    %dup/vec4;
    %pushi/vec4 1, 0, 8;
    %cmp/u;
    %jmp/1 T_33.1, 6;
    %dup/vec4;
    %pushi/vec4 2, 0, 8;
    %cmp/u;
    %jmp/1 T_33.2, 6;
    %dup/vec4;
    %pushi/vec4 3, 0, 8;
    %cmp/u;
    %jmp/1 T_33.3, 6;
    %dup/vec4;
    %pushi/vec4 4, 0, 8;
    %cmp/u;
    %jmp/1 T_33.4, 6;
    %dup/vec4;
    %pushi/vec4 5, 0, 8;
    %cmp/u;
    %jmp/1 T_33.5, 6;
    %dup/vec4;
    %pushi/vec4 6, 0, 8;
    %cmp/u;
    %jmp/1 T_33.6, 6;
    %dup/vec4;
    %pushi/vec4 7, 0, 8;
    %cmp/u;
    %jmp/1 T_33.7, 6;
    %dup/vec4;
    %pushi/vec4 8, 0, 8;
    %cmp/u;
    %jmp/1 T_33.8, 6;
    %dup/vec4;
    %pushi/vec4 9, 0, 8;
    %cmp/u;
    %jmp/1 T_33.9, 6;
    %dup/vec4;
    %pushi/vec4 10, 0, 8;
    %cmp/u;
    %jmp/1 T_33.10, 6;
    %dup/vec4;
    %pushi/vec4 11, 0, 8;
    %cmp/u;
    %jmp/1 T_33.11, 6;
    %dup/vec4;
    %pushi/vec4 12, 0, 8;
    %cmp/u;
    %jmp/1 T_33.12, 6;
    %dup/vec4;
    %pushi/vec4 13, 0, 8;
    %cmp/u;
    %jmp/1 T_33.13, 6;
    %dup/vec4;
    %pushi/vec4 14, 0, 8;
    %cmp/u;
    %jmp/1 T_33.14, 6;
    %dup/vec4;
    %pushi/vec4 15, 0, 8;
    %cmp/u;
    %jmp/1 T_33.15, 6;
    %dup/vec4;
    %pushi/vec4 16, 0, 8;
    %cmp/u;
    %jmp/1 T_33.16, 6;
    %dup/vec4;
    %pushi/vec4 17, 0, 8;
    %cmp/u;
    %jmp/1 T_33.17, 6;
    %dup/vec4;
    %pushi/vec4 18, 0, 8;
    %cmp/u;
    %jmp/1 T_33.18, 6;
    %dup/vec4;
    %pushi/vec4 19, 0, 8;
    %cmp/u;
    %jmp/1 T_33.19, 6;
    %dup/vec4;
    %pushi/vec4 20, 0, 8;
    %cmp/u;
    %jmp/1 T_33.20, 6;
    %dup/vec4;
    %pushi/vec4 21, 0, 8;
    %cmp/u;
    %jmp/1 T_33.21, 6;
    %dup/vec4;
    %pushi/vec4 22, 0, 8;
    %cmp/u;
    %jmp/1 T_33.22, 6;
    %dup/vec4;
    %pushi/vec4 23, 0, 8;
    %cmp/u;
    %jmp/1 T_33.23, 6;
    %dup/vec4;
    %pushi/vec4 24, 0, 8;
    %cmp/u;
    %jmp/1 T_33.24, 6;
    %dup/vec4;
    %pushi/vec4 25, 0, 8;
    %cmp/u;
    %jmp/1 T_33.25, 6;
    %dup/vec4;
    %pushi/vec4 26, 0, 8;
    %cmp/u;
    %jmp/1 T_33.26, 6;
    %dup/vec4;
    %pushi/vec4 27, 0, 8;
    %cmp/u;
    %jmp/1 T_33.27, 6;
    %dup/vec4;
    %pushi/vec4 28, 0, 8;
    %cmp/u;
    %jmp/1 T_33.28, 6;
    %dup/vec4;
    %pushi/vec4 29, 0, 8;
    %cmp/u;
    %jmp/1 T_33.29, 6;
    %dup/vec4;
    %pushi/vec4 30, 0, 8;
    %cmp/u;
    %jmp/1 T_33.30, 6;
    %dup/vec4;
    %pushi/vec4 31, 0, 8;
    %cmp/u;
    %jmp/1 T_33.31, 6;
    %dup/vec4;
    %pushi/vec4 32, 0, 8;
    %cmp/u;
    %jmp/1 T_33.32, 6;
    %dup/vec4;
    %pushi/vec4 33, 0, 8;
    %cmp/u;
    %jmp/1 T_33.33, 6;
    %dup/vec4;
    %pushi/vec4 34, 0, 8;
    %cmp/u;
    %jmp/1 T_33.34, 6;
    %dup/vec4;
    %pushi/vec4 35, 0, 8;
    %cmp/u;
    %jmp/1 T_33.35, 6;
    %dup/vec4;
    %pushi/vec4 36, 0, 8;
    %cmp/u;
    %jmp/1 T_33.36, 6;
    %dup/vec4;
    %pushi/vec4 37, 0, 8;
    %cmp/u;
    %jmp/1 T_33.37, 6;
    %dup/vec4;
    %pushi/vec4 38, 0, 8;
    %cmp/u;
    %jmp/1 T_33.38, 6;
    %dup/vec4;
    %pushi/vec4 39, 0, 8;
    %cmp/u;
    %jmp/1 T_33.39, 6;
    %dup/vec4;
    %pushi/vec4 40, 0, 8;
    %cmp/u;
    %jmp/1 T_33.40, 6;
    %dup/vec4;
    %pushi/vec4 41, 0, 8;
    %cmp/u;
    %jmp/1 T_33.41, 6;
    %dup/vec4;
    %pushi/vec4 42, 0, 8;
    %cmp/u;
    %jmp/1 T_33.42, 6;
    %dup/vec4;
    %pushi/vec4 43, 0, 8;
    %cmp/u;
    %jmp/1 T_33.43, 6;
    %dup/vec4;
    %pushi/vec4 44, 0, 8;
    %cmp/u;
    %jmp/1 T_33.44, 6;
    %dup/vec4;
    %pushi/vec4 45, 0, 8;
    %cmp/u;
    %jmp/1 T_33.45, 6;
    %dup/vec4;
    %pushi/vec4 46, 0, 8;
    %cmp/u;
    %jmp/1 T_33.46, 6;
    %dup/vec4;
    %pushi/vec4 47, 0, 8;
    %cmp/u;
    %jmp/1 T_33.47, 6;
    %dup/vec4;
    %pushi/vec4 48, 0, 8;
    %cmp/u;
    %jmp/1 T_33.48, 6;
    %dup/vec4;
    %pushi/vec4 49, 0, 8;
    %cmp/u;
    %jmp/1 T_33.49, 6;
    %dup/vec4;
    %pushi/vec4 50, 0, 8;
    %cmp/u;
    %jmp/1 T_33.50, 6;
    %dup/vec4;
    %pushi/vec4 51, 0, 8;
    %cmp/u;
    %jmp/1 T_33.51, 6;
    %dup/vec4;
    %pushi/vec4 52, 0, 8;
    %cmp/u;
    %jmp/1 T_33.52, 6;
    %dup/vec4;
    %pushi/vec4 53, 0, 8;
    %cmp/u;
    %jmp/1 T_33.53, 6;
    %dup/vec4;
    %pushi/vec4 54, 0, 8;
    %cmp/u;
    %jmp/1 T_33.54, 6;
    %dup/vec4;
    %pushi/vec4 55, 0, 8;
    %cmp/u;
    %jmp/1 T_33.55, 6;
    %dup/vec4;
    %pushi/vec4 56, 0, 8;
    %cmp/u;
    %jmp/1 T_33.56, 6;
    %dup/vec4;
    %pushi/vec4 57, 0, 8;
    %cmp/u;
    %jmp/1 T_33.57, 6;
    %dup/vec4;
    %pushi/vec4 58, 0, 8;
    %cmp/u;
    %jmp/1 T_33.58, 6;
    %dup/vec4;
    %pushi/vec4 59, 0, 8;
    %cmp/u;
    %jmp/1 T_33.59, 6;
    %dup/vec4;
    %pushi/vec4 60, 0, 8;
    %cmp/u;
    %jmp/1 T_33.60, 6;
    %dup/vec4;
    %pushi/vec4 61, 0, 8;
    %cmp/u;
    %jmp/1 T_33.61, 6;
    %dup/vec4;
    %pushi/vec4 62, 0, 8;
    %cmp/u;
    %jmp/1 T_33.62, 6;
    %dup/vec4;
    %pushi/vec4 63, 0, 8;
    %cmp/u;
    %jmp/1 T_33.63, 6;
    %dup/vec4;
    %pushi/vec4 64, 0, 8;
    %cmp/u;
    %jmp/1 T_33.64, 6;
    %dup/vec4;
    %pushi/vec4 65, 0, 8;
    %cmp/u;
    %jmp/1 T_33.65, 6;
    %dup/vec4;
    %pushi/vec4 66, 0, 8;
    %cmp/u;
    %jmp/1 T_33.66, 6;
    %dup/vec4;
    %pushi/vec4 67, 0, 8;
    %cmp/u;
    %jmp/1 T_33.67, 6;
    %dup/vec4;
    %pushi/vec4 68, 0, 8;
    %cmp/u;
    %jmp/1 T_33.68, 6;
    %dup/vec4;
    %pushi/vec4 69, 0, 8;
    %cmp/u;
    %jmp/1 T_33.69, 6;
    %dup/vec4;
    %pushi/vec4 70, 0, 8;
    %cmp/u;
    %jmp/1 T_33.70, 6;
    %dup/vec4;
    %pushi/vec4 71, 0, 8;
    %cmp/u;
    %jmp/1 T_33.71, 6;
    %dup/vec4;
    %pushi/vec4 72, 0, 8;
    %cmp/u;
    %jmp/1 T_33.72, 6;
    %dup/vec4;
    %pushi/vec4 73, 0, 8;
    %cmp/u;
    %jmp/1 T_33.73, 6;
    %dup/vec4;
    %pushi/vec4 74, 0, 8;
    %cmp/u;
    %jmp/1 T_33.74, 6;
    %dup/vec4;
    %pushi/vec4 75, 0, 8;
    %cmp/u;
    %jmp/1 T_33.75, 6;
    %dup/vec4;
    %pushi/vec4 76, 0, 8;
    %cmp/u;
    %jmp/1 T_33.76, 6;
    %dup/vec4;
    %pushi/vec4 77, 0, 8;
    %cmp/u;
    %jmp/1 T_33.77, 6;
    %dup/vec4;
    %pushi/vec4 78, 0, 8;
    %cmp/u;
    %jmp/1 T_33.78, 6;
    %dup/vec4;
    %pushi/vec4 79, 0, 8;
    %cmp/u;
    %jmp/1 T_33.79, 6;
    %dup/vec4;
    %pushi/vec4 80, 0, 8;
    %cmp/u;
    %jmp/1 T_33.80, 6;
    %dup/vec4;
    %pushi/vec4 81, 0, 8;
    %cmp/u;
    %jmp/1 T_33.81, 6;
    %dup/vec4;
    %pushi/vec4 82, 0, 8;
    %cmp/u;
    %jmp/1 T_33.82, 6;
    %dup/vec4;
    %pushi/vec4 83, 0, 8;
    %cmp/u;
    %jmp/1 T_33.83, 6;
    %dup/vec4;
    %pushi/vec4 84, 0, 8;
    %cmp/u;
    %jmp/1 T_33.84, 6;
    %dup/vec4;
    %pushi/vec4 85, 0, 8;
    %cmp/u;
    %jmp/1 T_33.85, 6;
    %dup/vec4;
    %pushi/vec4 86, 0, 8;
    %cmp/u;
    %jmp/1 T_33.86, 6;
    %dup/vec4;
    %pushi/vec4 87, 0, 8;
    %cmp/u;
    %jmp/1 T_33.87, 6;
    %dup/vec4;
    %pushi/vec4 88, 0, 8;
    %cmp/u;
    %jmp/1 T_33.88, 6;
    %dup/vec4;
    %pushi/vec4 89, 0, 8;
    %cmp/u;
    %jmp/1 T_33.89, 6;
    %dup/vec4;
    %pushi/vec4 90, 0, 8;
    %cmp/u;
    %jmp/1 T_33.90, 6;
    %dup/vec4;
    %pushi/vec4 91, 0, 8;
    %cmp/u;
    %jmp/1 T_33.91, 6;
    %dup/vec4;
    %pushi/vec4 92, 0, 8;
    %cmp/u;
    %jmp/1 T_33.92, 6;
    %dup/vec4;
    %pushi/vec4 93, 0, 8;
    %cmp/u;
    %jmp/1 T_33.93, 6;
    %dup/vec4;
    %pushi/vec4 94, 0, 8;
    %cmp/u;
    %jmp/1 T_33.94, 6;
    %dup/vec4;
    %pushi/vec4 95, 0, 8;
    %cmp/u;
    %jmp/1 T_33.95, 6;
    %dup/vec4;
    %pushi/vec4 96, 0, 8;
    %cmp/u;
    %jmp/1 T_33.96, 6;
    %dup/vec4;
    %pushi/vec4 97, 0, 8;
    %cmp/u;
    %jmp/1 T_33.97, 6;
    %dup/vec4;
    %pushi/vec4 98, 0, 8;
    %cmp/u;
    %jmp/1 T_33.98, 6;
    %dup/vec4;
    %pushi/vec4 99, 0, 8;
    %cmp/u;
    %jmp/1 T_33.99, 6;
    %dup/vec4;
    %pushi/vec4 100, 0, 8;
    %cmp/u;
    %jmp/1 T_33.100, 6;
    %dup/vec4;
    %pushi/vec4 101, 0, 8;
    %cmp/u;
    %jmp/1 T_33.101, 6;
    %dup/vec4;
    %pushi/vec4 102, 0, 8;
    %cmp/u;
    %jmp/1 T_33.102, 6;
    %dup/vec4;
    %pushi/vec4 103, 0, 8;
    %cmp/u;
    %jmp/1 T_33.103, 6;
    %dup/vec4;
    %pushi/vec4 104, 0, 8;
    %cmp/u;
    %jmp/1 T_33.104, 6;
    %dup/vec4;
    %pushi/vec4 105, 0, 8;
    %cmp/u;
    %jmp/1 T_33.105, 6;
    %dup/vec4;
    %pushi/vec4 106, 0, 8;
    %cmp/u;
    %jmp/1 T_33.106, 6;
    %dup/vec4;
    %pushi/vec4 107, 0, 8;
    %cmp/u;
    %jmp/1 T_33.107, 6;
    %dup/vec4;
    %pushi/vec4 108, 0, 8;
    %cmp/u;
    %jmp/1 T_33.108, 6;
    %dup/vec4;
    %pushi/vec4 109, 0, 8;
    %cmp/u;
    %jmp/1 T_33.109, 6;
    %dup/vec4;
    %pushi/vec4 110, 0, 8;
    %cmp/u;
    %jmp/1 T_33.110, 6;
    %dup/vec4;
    %pushi/vec4 111, 0, 8;
    %cmp/u;
    %jmp/1 T_33.111, 6;
    %dup/vec4;
    %pushi/vec4 112, 0, 8;
    %cmp/u;
    %jmp/1 T_33.112, 6;
    %dup/vec4;
    %pushi/vec4 113, 0, 8;
    %cmp/u;
    %jmp/1 T_33.113, 6;
    %dup/vec4;
    %pushi/vec4 114, 0, 8;
    %cmp/u;
    %jmp/1 T_33.114, 6;
    %dup/vec4;
    %pushi/vec4 115, 0, 8;
    %cmp/u;
    %jmp/1 T_33.115, 6;
    %dup/vec4;
    %pushi/vec4 116, 0, 8;
    %cmp/u;
    %jmp/1 T_33.116, 6;
    %dup/vec4;
    %pushi/vec4 117, 0, 8;
    %cmp/u;
    %jmp/1 T_33.117, 6;
    %dup/vec4;
    %pushi/vec4 118, 0, 8;
    %cmp/u;
    %jmp/1 T_33.118, 6;
    %dup/vec4;
    %pushi/vec4 119, 0, 8;
    %cmp/u;
    %jmp/1 T_33.119, 6;
    %dup/vec4;
    %pushi/vec4 120, 0, 8;
    %cmp/u;
    %jmp/1 T_33.120, 6;
    %dup/vec4;
    %pushi/vec4 121, 0, 8;
    %cmp/u;
    %jmp/1 T_33.121, 6;
    %dup/vec4;
    %pushi/vec4 122, 0, 8;
    %cmp/u;
    %jmp/1 T_33.122, 6;
    %dup/vec4;
    %pushi/vec4 123, 0, 8;
    %cmp/u;
    %jmp/1 T_33.123, 6;
    %dup/vec4;
    %pushi/vec4 124, 0, 8;
    %cmp/u;
    %jmp/1 T_33.124, 6;
    %dup/vec4;
    %pushi/vec4 125, 0, 8;
    %cmp/u;
    %jmp/1 T_33.125, 6;
    %dup/vec4;
    %pushi/vec4 126, 0, 8;
    %cmp/u;
    %jmp/1 T_33.126, 6;
    %dup/vec4;
    %pushi/vec4 127, 0, 8;
    %cmp/u;
    %jmp/1 T_33.127, 6;
    %dup/vec4;
    %pushi/vec4 128, 0, 8;
    %cmp/u;
    %jmp/1 T_33.128, 6;
    %dup/vec4;
    %pushi/vec4 129, 0, 8;
    %cmp/u;
    %jmp/1 T_33.129, 6;
    %dup/vec4;
    %pushi/vec4 130, 0, 8;
    %cmp/u;
    %jmp/1 T_33.130, 6;
    %dup/vec4;
    %pushi/vec4 131, 0, 8;
    %cmp/u;
    %jmp/1 T_33.131, 6;
    %dup/vec4;
    %pushi/vec4 132, 0, 8;
    %cmp/u;
    %jmp/1 T_33.132, 6;
    %dup/vec4;
    %pushi/vec4 133, 0, 8;
    %cmp/u;
    %jmp/1 T_33.133, 6;
    %dup/vec4;
    %pushi/vec4 134, 0, 8;
    %cmp/u;
    %jmp/1 T_33.134, 6;
    %dup/vec4;
    %pushi/vec4 135, 0, 8;
    %cmp/u;
    %jmp/1 T_33.135, 6;
    %dup/vec4;
    %pushi/vec4 136, 0, 8;
    %cmp/u;
    %jmp/1 T_33.136, 6;
    %dup/vec4;
    %pushi/vec4 137, 0, 8;
    %cmp/u;
    %jmp/1 T_33.137, 6;
    %dup/vec4;
    %pushi/vec4 138, 0, 8;
    %cmp/u;
    %jmp/1 T_33.138, 6;
    %dup/vec4;
    %pushi/vec4 139, 0, 8;
    %cmp/u;
    %jmp/1 T_33.139, 6;
    %dup/vec4;
    %pushi/vec4 140, 0, 8;
    %cmp/u;
    %jmp/1 T_33.140, 6;
    %dup/vec4;
    %pushi/vec4 141, 0, 8;
    %cmp/u;
    %jmp/1 T_33.141, 6;
    %dup/vec4;
    %pushi/vec4 142, 0, 8;
    %cmp/u;
    %jmp/1 T_33.142, 6;
    %dup/vec4;
    %pushi/vec4 143, 0, 8;
    %cmp/u;
    %jmp/1 T_33.143, 6;
    %dup/vec4;
    %pushi/vec4 144, 0, 8;
    %cmp/u;
    %jmp/1 T_33.144, 6;
    %dup/vec4;
    %pushi/vec4 145, 0, 8;
    %cmp/u;
    %jmp/1 T_33.145, 6;
    %dup/vec4;
    %pushi/vec4 146, 0, 8;
    %cmp/u;
    %jmp/1 T_33.146, 6;
    %dup/vec4;
    %pushi/vec4 147, 0, 8;
    %cmp/u;
    %jmp/1 T_33.147, 6;
    %dup/vec4;
    %pushi/vec4 148, 0, 8;
    %cmp/u;
    %jmp/1 T_33.148, 6;
    %dup/vec4;
    %pushi/vec4 149, 0, 8;
    %cmp/u;
    %jmp/1 T_33.149, 6;
    %dup/vec4;
    %pushi/vec4 150, 0, 8;
    %cmp/u;
    %jmp/1 T_33.150, 6;
    %dup/vec4;
    %pushi/vec4 151, 0, 8;
    %cmp/u;
    %jmp/1 T_33.151, 6;
    %dup/vec4;
    %pushi/vec4 152, 0, 8;
    %cmp/u;
    %jmp/1 T_33.152, 6;
    %dup/vec4;
    %pushi/vec4 153, 0, 8;
    %cmp/u;
    %jmp/1 T_33.153, 6;
    %dup/vec4;
    %pushi/vec4 154, 0, 8;
    %cmp/u;
    %jmp/1 T_33.154, 6;
    %dup/vec4;
    %pushi/vec4 155, 0, 8;
    %cmp/u;
    %jmp/1 T_33.155, 6;
    %dup/vec4;
    %pushi/vec4 156, 0, 8;
    %cmp/u;
    %jmp/1 T_33.156, 6;
    %dup/vec4;
    %pushi/vec4 157, 0, 8;
    %cmp/u;
    %jmp/1 T_33.157, 6;
    %dup/vec4;
    %pushi/vec4 158, 0, 8;
    %cmp/u;
    %jmp/1 T_33.158, 6;
    %dup/vec4;
    %pushi/vec4 159, 0, 8;
    %cmp/u;
    %jmp/1 T_33.159, 6;
    %dup/vec4;
    %pushi/vec4 160, 0, 8;
    %cmp/u;
    %jmp/1 T_33.160, 6;
    %dup/vec4;
    %pushi/vec4 161, 0, 8;
    %cmp/u;
    %jmp/1 T_33.161, 6;
    %dup/vec4;
    %pushi/vec4 162, 0, 8;
    %cmp/u;
    %jmp/1 T_33.162, 6;
    %dup/vec4;
    %pushi/vec4 163, 0, 8;
    %cmp/u;
    %jmp/1 T_33.163, 6;
    %dup/vec4;
    %pushi/vec4 164, 0, 8;
    %cmp/u;
    %jmp/1 T_33.164, 6;
    %dup/vec4;
    %pushi/vec4 165, 0, 8;
    %cmp/u;
    %jmp/1 T_33.165, 6;
    %dup/vec4;
    %pushi/vec4 166, 0, 8;
    %cmp/u;
    %jmp/1 T_33.166, 6;
    %dup/vec4;
    %pushi/vec4 167, 0, 8;
    %cmp/u;
    %jmp/1 T_33.167, 6;
    %dup/vec4;
    %pushi/vec4 168, 0, 8;
    %cmp/u;
    %jmp/1 T_33.168, 6;
    %dup/vec4;
    %pushi/vec4 169, 0, 8;
    %cmp/u;
    %jmp/1 T_33.169, 6;
    %dup/vec4;
    %pushi/vec4 170, 0, 8;
    %cmp/u;
    %jmp/1 T_33.170, 6;
    %dup/vec4;
    %pushi/vec4 171, 0, 8;
    %cmp/u;
    %jmp/1 T_33.171, 6;
    %dup/vec4;
    %pushi/vec4 172, 0, 8;
    %cmp/u;
    %jmp/1 T_33.172, 6;
    %dup/vec4;
    %pushi/vec4 173, 0, 8;
    %cmp/u;
    %jmp/1 T_33.173, 6;
    %dup/vec4;
    %pushi/vec4 174, 0, 8;
    %cmp/u;
    %jmp/1 T_33.174, 6;
    %dup/vec4;
    %pushi/vec4 175, 0, 8;
    %cmp/u;
    %jmp/1 T_33.175, 6;
    %dup/vec4;
    %pushi/vec4 176, 0, 8;
    %cmp/u;
    %jmp/1 T_33.176, 6;
    %dup/vec4;
    %pushi/vec4 177, 0, 8;
    %cmp/u;
    %jmp/1 T_33.177, 6;
    %dup/vec4;
    %pushi/vec4 178, 0, 8;
    %cmp/u;
    %jmp/1 T_33.178, 6;
    %dup/vec4;
    %pushi/vec4 179, 0, 8;
    %cmp/u;
    %jmp/1 T_33.179, 6;
    %dup/vec4;
    %pushi/vec4 180, 0, 8;
    %cmp/u;
    %jmp/1 T_33.180, 6;
    %dup/vec4;
    %pushi/vec4 181, 0, 8;
    %cmp/u;
    %jmp/1 T_33.181, 6;
    %dup/vec4;
    %pushi/vec4 182, 0, 8;
    %cmp/u;
    %jmp/1 T_33.182, 6;
    %dup/vec4;
    %pushi/vec4 183, 0, 8;
    %cmp/u;
    %jmp/1 T_33.183, 6;
    %dup/vec4;
    %pushi/vec4 184, 0, 8;
    %cmp/u;
    %jmp/1 T_33.184, 6;
    %dup/vec4;
    %pushi/vec4 185, 0, 8;
    %cmp/u;
    %jmp/1 T_33.185, 6;
    %dup/vec4;
    %pushi/vec4 186, 0, 8;
    %cmp/u;
    %jmp/1 T_33.186, 6;
    %dup/vec4;
    %pushi/vec4 187, 0, 8;
    %cmp/u;
    %jmp/1 T_33.187, 6;
    %dup/vec4;
    %pushi/vec4 188, 0, 8;
    %cmp/u;
    %jmp/1 T_33.188, 6;
    %dup/vec4;
    %pushi/vec4 189, 0, 8;
    %cmp/u;
    %jmp/1 T_33.189, 6;
    %dup/vec4;
    %pushi/vec4 190, 0, 8;
    %cmp/u;
    %jmp/1 T_33.190, 6;
    %dup/vec4;
    %pushi/vec4 191, 0, 8;
    %cmp/u;
    %jmp/1 T_33.191, 6;
    %dup/vec4;
    %pushi/vec4 192, 0, 8;
    %cmp/u;
    %jmp/1 T_33.192, 6;
    %dup/vec4;
    %pushi/vec4 193, 0, 8;
    %cmp/u;
    %jmp/1 T_33.193, 6;
    %dup/vec4;
    %pushi/vec4 194, 0, 8;
    %cmp/u;
    %jmp/1 T_33.194, 6;
    %dup/vec4;
    %pushi/vec4 195, 0, 8;
    %cmp/u;
    %jmp/1 T_33.195, 6;
    %dup/vec4;
    %pushi/vec4 196, 0, 8;
    %cmp/u;
    %jmp/1 T_33.196, 6;
    %dup/vec4;
    %pushi/vec4 197, 0, 8;
    %cmp/u;
    %jmp/1 T_33.197, 6;
    %dup/vec4;
    %pushi/vec4 198, 0, 8;
    %cmp/u;
    %jmp/1 T_33.198, 6;
    %dup/vec4;
    %pushi/vec4 199, 0, 8;
    %cmp/u;
    %jmp/1 T_33.199, 6;
    %dup/vec4;
    %pushi/vec4 200, 0, 8;
    %cmp/u;
    %jmp/1 T_33.200, 6;
    %dup/vec4;
    %pushi/vec4 201, 0, 8;
    %cmp/u;
    %jmp/1 T_33.201, 6;
    %dup/vec4;
    %pushi/vec4 202, 0, 8;
    %cmp/u;
    %jmp/1 T_33.202, 6;
    %dup/vec4;
    %pushi/vec4 203, 0, 8;
    %cmp/u;
    %jmp/1 T_33.203, 6;
    %dup/vec4;
    %pushi/vec4 204, 0, 8;
    %cmp/u;
    %jmp/1 T_33.204, 6;
    %dup/vec4;
    %pushi/vec4 205, 0, 8;
    %cmp/u;
    %jmp/1 T_33.205, 6;
    %dup/vec4;
    %pushi/vec4 206, 0, 8;
    %cmp/u;
    %jmp/1 T_33.206, 6;
    %dup/vec4;
    %pushi/vec4 207, 0, 8;
    %cmp/u;
    %jmp/1 T_33.207, 6;
    %dup/vec4;
    %pushi/vec4 208, 0, 8;
    %cmp/u;
    %jmp/1 T_33.208, 6;
    %dup/vec4;
    %pushi/vec4 209, 0, 8;
    %cmp/u;
    %jmp/1 T_33.209, 6;
    %dup/vec4;
    %pushi/vec4 210, 0, 8;
    %cmp/u;
    %jmp/1 T_33.210, 6;
    %dup/vec4;
    %pushi/vec4 211, 0, 8;
    %cmp/u;
    %jmp/1 T_33.211, 6;
    %dup/vec4;
    %pushi/vec4 212, 0, 8;
    %cmp/u;
    %jmp/1 T_33.212, 6;
    %dup/vec4;
    %pushi/vec4 213, 0, 8;
    %cmp/u;
    %jmp/1 T_33.213, 6;
    %dup/vec4;
    %pushi/vec4 214, 0, 8;
    %cmp/u;
    %jmp/1 T_33.214, 6;
    %dup/vec4;
    %pushi/vec4 215, 0, 8;
    %cmp/u;
    %jmp/1 T_33.215, 6;
    %dup/vec4;
    %pushi/vec4 216, 0, 8;
    %cmp/u;
    %jmp/1 T_33.216, 6;
    %dup/vec4;
    %pushi/vec4 217, 0, 8;
    %cmp/u;
    %jmp/1 T_33.217, 6;
    %dup/vec4;
    %pushi/vec4 218, 0, 8;
    %cmp/u;
    %jmp/1 T_33.218, 6;
    %dup/vec4;
    %pushi/vec4 219, 0, 8;
    %cmp/u;
    %jmp/1 T_33.219, 6;
    %dup/vec4;
    %pushi/vec4 220, 0, 8;
    %cmp/u;
    %jmp/1 T_33.220, 6;
    %dup/vec4;
    %pushi/vec4 221, 0, 8;
    %cmp/u;
    %jmp/1 T_33.221, 6;
    %dup/vec4;
    %pushi/vec4 222, 0, 8;
    %cmp/u;
    %jmp/1 T_33.222, 6;
    %dup/vec4;
    %pushi/vec4 223, 0, 8;
    %cmp/u;
    %jmp/1 T_33.223, 6;
    %dup/vec4;
    %pushi/vec4 224, 0, 8;
    %cmp/u;
    %jmp/1 T_33.224, 6;
    %dup/vec4;
    %pushi/vec4 225, 0, 8;
    %cmp/u;
    %jmp/1 T_33.225, 6;
    %dup/vec4;
    %pushi/vec4 226, 0, 8;
    %cmp/u;
    %jmp/1 T_33.226, 6;
    %dup/vec4;
    %pushi/vec4 227, 0, 8;
    %cmp/u;
    %jmp/1 T_33.227, 6;
    %dup/vec4;
    %pushi/vec4 228, 0, 8;
    %cmp/u;
    %jmp/1 T_33.228, 6;
    %dup/vec4;
    %pushi/vec4 229, 0, 8;
    %cmp/u;
    %jmp/1 T_33.229, 6;
    %dup/vec4;
    %pushi/vec4 230, 0, 8;
    %cmp/u;
    %jmp/1 T_33.230, 6;
    %dup/vec4;
    %pushi/vec4 231, 0, 8;
    %cmp/u;
    %jmp/1 T_33.231, 6;
    %dup/vec4;
    %pushi/vec4 232, 0, 8;
    %cmp/u;
    %jmp/1 T_33.232, 6;
    %dup/vec4;
    %pushi/vec4 233, 0, 8;
    %cmp/u;
    %jmp/1 T_33.233, 6;
    %dup/vec4;
    %pushi/vec4 234, 0, 8;
    %cmp/u;
    %jmp/1 T_33.234, 6;
    %dup/vec4;
    %pushi/vec4 235, 0, 8;
    %cmp/u;
    %jmp/1 T_33.235, 6;
    %dup/vec4;
    %pushi/vec4 236, 0, 8;
    %cmp/u;
    %jmp/1 T_33.236, 6;
    %dup/vec4;
    %pushi/vec4 237, 0, 8;
    %cmp/u;
    %jmp/1 T_33.237, 6;
    %dup/vec4;
    %pushi/vec4 238, 0, 8;
    %cmp/u;
    %jmp/1 T_33.238, 6;
    %dup/vec4;
    %pushi/vec4 239, 0, 8;
    %cmp/u;
    %jmp/1 T_33.239, 6;
    %dup/vec4;
    %pushi/vec4 240, 0, 8;
    %cmp/u;
    %jmp/1 T_33.240, 6;
    %dup/vec4;
    %pushi/vec4 241, 0, 8;
    %cmp/u;
    %jmp/1 T_33.241, 6;
    %dup/vec4;
    %pushi/vec4 242, 0, 8;
    %cmp/u;
    %jmp/1 T_33.242, 6;
    %dup/vec4;
    %pushi/vec4 243, 0, 8;
    %cmp/u;
    %jmp/1 T_33.243, 6;
    %dup/vec4;
    %pushi/vec4 244, 0, 8;
    %cmp/u;
    %jmp/1 T_33.244, 6;
    %dup/vec4;
    %pushi/vec4 245, 0, 8;
    %cmp/u;
    %jmp/1 T_33.245, 6;
    %dup/vec4;
    %pushi/vec4 246, 0, 8;
    %cmp/u;
    %jmp/1 T_33.246, 6;
    %dup/vec4;
    %pushi/vec4 247, 0, 8;
    %cmp/u;
    %jmp/1 T_33.247, 6;
    %dup/vec4;
    %pushi/vec4 248, 0, 8;
    %cmp/u;
    %jmp/1 T_33.248, 6;
    %dup/vec4;
    %pushi/vec4 249, 0, 8;
    %cmp/u;
    %jmp/1 T_33.249, 6;
    %dup/vec4;
    %pushi/vec4 250, 0, 8;
    %cmp/u;
    %jmp/1 T_33.250, 6;
    %dup/vec4;
    %pushi/vec4 251, 0, 8;
    %cmp/u;
    %jmp/1 T_33.251, 6;
    %dup/vec4;
    %pushi/vec4 252, 0, 8;
    %cmp/u;
    %jmp/1 T_33.252, 6;
    %dup/vec4;
    %pushi/vec4 253, 0, 8;
    %cmp/u;
    %jmp/1 T_33.253, 6;
    %dup/vec4;
    %pushi/vec4 254, 0, 8;
    %cmp/u;
    %jmp/1 T_33.254, 6;
    %dup/vec4;
    %pushi/vec4 255, 0, 8;
    %cmp/u;
    %jmp/1 T_33.255, 6;
    %jmp T_33.256;
T_33.0 ;
    %pushi/vec4 99, 0, 8;
    %store/vec4 v00000174f7e8f0c0_0, 0, 8;
    %jmp T_33.256;
T_33.1 ;
    %pushi/vec4 124, 0, 8;
    %store/vec4 v00000174f7e8f0c0_0, 0, 8;
    %jmp T_33.256;
T_33.2 ;
    %pushi/vec4 119, 0, 8;
    %store/vec4 v00000174f7e8f0c0_0, 0, 8;
    %jmp T_33.256;
T_33.3 ;
    %pushi/vec4 123, 0, 8;
    %store/vec4 v00000174f7e8f0c0_0, 0, 8;
    %jmp T_33.256;
T_33.4 ;
    %pushi/vec4 242, 0, 8;
    %store/vec4 v00000174f7e8f0c0_0, 0, 8;
    %jmp T_33.256;
T_33.5 ;
    %pushi/vec4 107, 0, 8;
    %store/vec4 v00000174f7e8f0c0_0, 0, 8;
    %jmp T_33.256;
T_33.6 ;
    %pushi/vec4 111, 0, 8;
    %store/vec4 v00000174f7e8f0c0_0, 0, 8;
    %jmp T_33.256;
T_33.7 ;
    %pushi/vec4 197, 0, 8;
    %store/vec4 v00000174f7e8f0c0_0, 0, 8;
    %jmp T_33.256;
T_33.8 ;
    %pushi/vec4 48, 0, 8;
    %store/vec4 v00000174f7e8f0c0_0, 0, 8;
    %jmp T_33.256;
T_33.9 ;
    %pushi/vec4 1, 0, 8;
    %store/vec4 v00000174f7e8f0c0_0, 0, 8;
    %jmp T_33.256;
T_33.10 ;
    %pushi/vec4 103, 0, 8;
    %store/vec4 v00000174f7e8f0c0_0, 0, 8;
    %jmp T_33.256;
T_33.11 ;
    %pushi/vec4 43, 0, 8;
    %store/vec4 v00000174f7e8f0c0_0, 0, 8;
    %jmp T_33.256;
T_33.12 ;
    %pushi/vec4 254, 0, 8;
    %store/vec4 v00000174f7e8f0c0_0, 0, 8;
    %jmp T_33.256;
T_33.13 ;
    %pushi/vec4 215, 0, 8;
    %store/vec4 v00000174f7e8f0c0_0, 0, 8;
    %jmp T_33.256;
T_33.14 ;
    %pushi/vec4 171, 0, 8;
    %store/vec4 v00000174f7e8f0c0_0, 0, 8;
    %jmp T_33.256;
T_33.15 ;
    %pushi/vec4 118, 0, 8;
    %store/vec4 v00000174f7e8f0c0_0, 0, 8;
    %jmp T_33.256;
T_33.16 ;
    %pushi/vec4 202, 0, 8;
    %store/vec4 v00000174f7e8f0c0_0, 0, 8;
    %jmp T_33.256;
T_33.17 ;
    %pushi/vec4 130, 0, 8;
    %store/vec4 v00000174f7e8f0c0_0, 0, 8;
    %jmp T_33.256;
T_33.18 ;
    %pushi/vec4 201, 0, 8;
    %store/vec4 v00000174f7e8f0c0_0, 0, 8;
    %jmp T_33.256;
T_33.19 ;
    %pushi/vec4 125, 0, 8;
    %store/vec4 v00000174f7e8f0c0_0, 0, 8;
    %jmp T_33.256;
T_33.20 ;
    %pushi/vec4 250, 0, 8;
    %store/vec4 v00000174f7e8f0c0_0, 0, 8;
    %jmp T_33.256;
T_33.21 ;
    %pushi/vec4 89, 0, 8;
    %store/vec4 v00000174f7e8f0c0_0, 0, 8;
    %jmp T_33.256;
T_33.22 ;
    %pushi/vec4 71, 0, 8;
    %store/vec4 v00000174f7e8f0c0_0, 0, 8;
    %jmp T_33.256;
T_33.23 ;
    %pushi/vec4 240, 0, 8;
    %store/vec4 v00000174f7e8f0c0_0, 0, 8;
    %jmp T_33.256;
T_33.24 ;
    %pushi/vec4 173, 0, 8;
    %store/vec4 v00000174f7e8f0c0_0, 0, 8;
    %jmp T_33.256;
T_33.25 ;
    %pushi/vec4 212, 0, 8;
    %store/vec4 v00000174f7e8f0c0_0, 0, 8;
    %jmp T_33.256;
T_33.26 ;
    %pushi/vec4 162, 0, 8;
    %store/vec4 v00000174f7e8f0c0_0, 0, 8;
    %jmp T_33.256;
T_33.27 ;
    %pushi/vec4 175, 0, 8;
    %store/vec4 v00000174f7e8f0c0_0, 0, 8;
    %jmp T_33.256;
T_33.28 ;
    %pushi/vec4 156, 0, 8;
    %store/vec4 v00000174f7e8f0c0_0, 0, 8;
    %jmp T_33.256;
T_33.29 ;
    %pushi/vec4 164, 0, 8;
    %store/vec4 v00000174f7e8f0c0_0, 0, 8;
    %jmp T_33.256;
T_33.30 ;
    %pushi/vec4 114, 0, 8;
    %store/vec4 v00000174f7e8f0c0_0, 0, 8;
    %jmp T_33.256;
T_33.31 ;
    %pushi/vec4 192, 0, 8;
    %store/vec4 v00000174f7e8f0c0_0, 0, 8;
    %jmp T_33.256;
T_33.32 ;
    %pushi/vec4 183, 0, 8;
    %store/vec4 v00000174f7e8f0c0_0, 0, 8;
    %jmp T_33.256;
T_33.33 ;
    %pushi/vec4 253, 0, 8;
    %store/vec4 v00000174f7e8f0c0_0, 0, 8;
    %jmp T_33.256;
T_33.34 ;
    %pushi/vec4 147, 0, 8;
    %store/vec4 v00000174f7e8f0c0_0, 0, 8;
    %jmp T_33.256;
T_33.35 ;
    %pushi/vec4 38, 0, 8;
    %store/vec4 v00000174f7e8f0c0_0, 0, 8;
    %jmp T_33.256;
T_33.36 ;
    %pushi/vec4 54, 0, 8;
    %store/vec4 v00000174f7e8f0c0_0, 0, 8;
    %jmp T_33.256;
T_33.37 ;
    %pushi/vec4 63, 0, 8;
    %store/vec4 v00000174f7e8f0c0_0, 0, 8;
    %jmp T_33.256;
T_33.38 ;
    %pushi/vec4 247, 0, 8;
    %store/vec4 v00000174f7e8f0c0_0, 0, 8;
    %jmp T_33.256;
T_33.39 ;
    %pushi/vec4 204, 0, 8;
    %store/vec4 v00000174f7e8f0c0_0, 0, 8;
    %jmp T_33.256;
T_33.40 ;
    %pushi/vec4 52, 0, 8;
    %store/vec4 v00000174f7e8f0c0_0, 0, 8;
    %jmp T_33.256;
T_33.41 ;
    %pushi/vec4 165, 0, 8;
    %store/vec4 v00000174f7e8f0c0_0, 0, 8;
    %jmp T_33.256;
T_33.42 ;
    %pushi/vec4 229, 0, 8;
    %store/vec4 v00000174f7e8f0c0_0, 0, 8;
    %jmp T_33.256;
T_33.43 ;
    %pushi/vec4 241, 0, 8;
    %store/vec4 v00000174f7e8f0c0_0, 0, 8;
    %jmp T_33.256;
T_33.44 ;
    %pushi/vec4 113, 0, 8;
    %store/vec4 v00000174f7e8f0c0_0, 0, 8;
    %jmp T_33.256;
T_33.45 ;
    %pushi/vec4 216, 0, 8;
    %store/vec4 v00000174f7e8f0c0_0, 0, 8;
    %jmp T_33.256;
T_33.46 ;
    %pushi/vec4 49, 0, 8;
    %store/vec4 v00000174f7e8f0c0_0, 0, 8;
    %jmp T_33.256;
T_33.47 ;
    %pushi/vec4 21, 0, 8;
    %store/vec4 v00000174f7e8f0c0_0, 0, 8;
    %jmp T_33.256;
T_33.48 ;
    %pushi/vec4 4, 0, 8;
    %store/vec4 v00000174f7e8f0c0_0, 0, 8;
    %jmp T_33.256;
T_33.49 ;
    %pushi/vec4 199, 0, 8;
    %store/vec4 v00000174f7e8f0c0_0, 0, 8;
    %jmp T_33.256;
T_33.50 ;
    %pushi/vec4 35, 0, 8;
    %store/vec4 v00000174f7e8f0c0_0, 0, 8;
    %jmp T_33.256;
T_33.51 ;
    %pushi/vec4 195, 0, 8;
    %store/vec4 v00000174f7e8f0c0_0, 0, 8;
    %jmp T_33.256;
T_33.52 ;
    %pushi/vec4 24, 0, 8;
    %store/vec4 v00000174f7e8f0c0_0, 0, 8;
    %jmp T_33.256;
T_33.53 ;
    %pushi/vec4 150, 0, 8;
    %store/vec4 v00000174f7e8f0c0_0, 0, 8;
    %jmp T_33.256;
T_33.54 ;
    %pushi/vec4 5, 0, 8;
    %store/vec4 v00000174f7e8f0c0_0, 0, 8;
    %jmp T_33.256;
T_33.55 ;
    %pushi/vec4 154, 0, 8;
    %store/vec4 v00000174f7e8f0c0_0, 0, 8;
    %jmp T_33.256;
T_33.56 ;
    %pushi/vec4 7, 0, 8;
    %store/vec4 v00000174f7e8f0c0_0, 0, 8;
    %jmp T_33.256;
T_33.57 ;
    %pushi/vec4 18, 0, 8;
    %store/vec4 v00000174f7e8f0c0_0, 0, 8;
    %jmp T_33.256;
T_33.58 ;
    %pushi/vec4 128, 0, 8;
    %store/vec4 v00000174f7e8f0c0_0, 0, 8;
    %jmp T_33.256;
T_33.59 ;
    %pushi/vec4 226, 0, 8;
    %store/vec4 v00000174f7e8f0c0_0, 0, 8;
    %jmp T_33.256;
T_33.60 ;
    %pushi/vec4 235, 0, 8;
    %store/vec4 v00000174f7e8f0c0_0, 0, 8;
    %jmp T_33.256;
T_33.61 ;
    %pushi/vec4 39, 0, 8;
    %store/vec4 v00000174f7e8f0c0_0, 0, 8;
    %jmp T_33.256;
T_33.62 ;
    %pushi/vec4 178, 0, 8;
    %store/vec4 v00000174f7e8f0c0_0, 0, 8;
    %jmp T_33.256;
T_33.63 ;
    %pushi/vec4 117, 0, 8;
    %store/vec4 v00000174f7e8f0c0_0, 0, 8;
    %jmp T_33.256;
T_33.64 ;
    %pushi/vec4 9, 0, 8;
    %store/vec4 v00000174f7e8f0c0_0, 0, 8;
    %jmp T_33.256;
T_33.65 ;
    %pushi/vec4 131, 0, 8;
    %store/vec4 v00000174f7e8f0c0_0, 0, 8;
    %jmp T_33.256;
T_33.66 ;
    %pushi/vec4 44, 0, 8;
    %store/vec4 v00000174f7e8f0c0_0, 0, 8;
    %jmp T_33.256;
T_33.67 ;
    %pushi/vec4 26, 0, 8;
    %store/vec4 v00000174f7e8f0c0_0, 0, 8;
    %jmp T_33.256;
T_33.68 ;
    %pushi/vec4 27, 0, 8;
    %store/vec4 v00000174f7e8f0c0_0, 0, 8;
    %jmp T_33.256;
T_33.69 ;
    %pushi/vec4 110, 0, 8;
    %store/vec4 v00000174f7e8f0c0_0, 0, 8;
    %jmp T_33.256;
T_33.70 ;
    %pushi/vec4 90, 0, 8;
    %store/vec4 v00000174f7e8f0c0_0, 0, 8;
    %jmp T_33.256;
T_33.71 ;
    %pushi/vec4 160, 0, 8;
    %store/vec4 v00000174f7e8f0c0_0, 0, 8;
    %jmp T_33.256;
T_33.72 ;
    %pushi/vec4 82, 0, 8;
    %store/vec4 v00000174f7e8f0c0_0, 0, 8;
    %jmp T_33.256;
T_33.73 ;
    %pushi/vec4 59, 0, 8;
    %store/vec4 v00000174f7e8f0c0_0, 0, 8;
    %jmp T_33.256;
T_33.74 ;
    %pushi/vec4 214, 0, 8;
    %store/vec4 v00000174f7e8f0c0_0, 0, 8;
    %jmp T_33.256;
T_33.75 ;
    %pushi/vec4 179, 0, 8;
    %store/vec4 v00000174f7e8f0c0_0, 0, 8;
    %jmp T_33.256;
T_33.76 ;
    %pushi/vec4 41, 0, 8;
    %store/vec4 v00000174f7e8f0c0_0, 0, 8;
    %jmp T_33.256;
T_33.77 ;
    %pushi/vec4 227, 0, 8;
    %store/vec4 v00000174f7e8f0c0_0, 0, 8;
    %jmp T_33.256;
T_33.78 ;
    %pushi/vec4 47, 0, 8;
    %store/vec4 v00000174f7e8f0c0_0, 0, 8;
    %jmp T_33.256;
T_33.79 ;
    %pushi/vec4 132, 0, 8;
    %store/vec4 v00000174f7e8f0c0_0, 0, 8;
    %jmp T_33.256;
T_33.80 ;
    %pushi/vec4 83, 0, 8;
    %store/vec4 v00000174f7e8f0c0_0, 0, 8;
    %jmp T_33.256;
T_33.81 ;
    %pushi/vec4 209, 0, 8;
    %store/vec4 v00000174f7e8f0c0_0, 0, 8;
    %jmp T_33.256;
T_33.82 ;
    %pushi/vec4 0, 0, 8;
    %store/vec4 v00000174f7e8f0c0_0, 0, 8;
    %jmp T_33.256;
T_33.83 ;
    %pushi/vec4 237, 0, 8;
    %store/vec4 v00000174f7e8f0c0_0, 0, 8;
    %jmp T_33.256;
T_33.84 ;
    %pushi/vec4 32, 0, 8;
    %store/vec4 v00000174f7e8f0c0_0, 0, 8;
    %jmp T_33.256;
T_33.85 ;
    %pushi/vec4 252, 0, 8;
    %store/vec4 v00000174f7e8f0c0_0, 0, 8;
    %jmp T_33.256;
T_33.86 ;
    %pushi/vec4 177, 0, 8;
    %store/vec4 v00000174f7e8f0c0_0, 0, 8;
    %jmp T_33.256;
T_33.87 ;
    %pushi/vec4 91, 0, 8;
    %store/vec4 v00000174f7e8f0c0_0, 0, 8;
    %jmp T_33.256;
T_33.88 ;
    %pushi/vec4 106, 0, 8;
    %store/vec4 v00000174f7e8f0c0_0, 0, 8;
    %jmp T_33.256;
T_33.89 ;
    %pushi/vec4 203, 0, 8;
    %store/vec4 v00000174f7e8f0c0_0, 0, 8;
    %jmp T_33.256;
T_33.90 ;
    %pushi/vec4 190, 0, 8;
    %store/vec4 v00000174f7e8f0c0_0, 0, 8;
    %jmp T_33.256;
T_33.91 ;
    %pushi/vec4 57, 0, 8;
    %store/vec4 v00000174f7e8f0c0_0, 0, 8;
    %jmp T_33.256;
T_33.92 ;
    %pushi/vec4 74, 0, 8;
    %store/vec4 v00000174f7e8f0c0_0, 0, 8;
    %jmp T_33.256;
T_33.93 ;
    %pushi/vec4 76, 0, 8;
    %store/vec4 v00000174f7e8f0c0_0, 0, 8;
    %jmp T_33.256;
T_33.94 ;
    %pushi/vec4 88, 0, 8;
    %store/vec4 v00000174f7e8f0c0_0, 0, 8;
    %jmp T_33.256;
T_33.95 ;
    %pushi/vec4 207, 0, 8;
    %store/vec4 v00000174f7e8f0c0_0, 0, 8;
    %jmp T_33.256;
T_33.96 ;
    %pushi/vec4 208, 0, 8;
    %store/vec4 v00000174f7e8f0c0_0, 0, 8;
    %jmp T_33.256;
T_33.97 ;
    %pushi/vec4 239, 0, 8;
    %store/vec4 v00000174f7e8f0c0_0, 0, 8;
    %jmp T_33.256;
T_33.98 ;
    %pushi/vec4 170, 0, 8;
    %store/vec4 v00000174f7e8f0c0_0, 0, 8;
    %jmp T_33.256;
T_33.99 ;
    %pushi/vec4 251, 0, 8;
    %store/vec4 v00000174f7e8f0c0_0, 0, 8;
    %jmp T_33.256;
T_33.100 ;
    %pushi/vec4 67, 0, 8;
    %store/vec4 v00000174f7e8f0c0_0, 0, 8;
    %jmp T_33.256;
T_33.101 ;
    %pushi/vec4 77, 0, 8;
    %store/vec4 v00000174f7e8f0c0_0, 0, 8;
    %jmp T_33.256;
T_33.102 ;
    %pushi/vec4 51, 0, 8;
    %store/vec4 v00000174f7e8f0c0_0, 0, 8;
    %jmp T_33.256;
T_33.103 ;
    %pushi/vec4 133, 0, 8;
    %store/vec4 v00000174f7e8f0c0_0, 0, 8;
    %jmp T_33.256;
T_33.104 ;
    %pushi/vec4 69, 0, 8;
    %store/vec4 v00000174f7e8f0c0_0, 0, 8;
    %jmp T_33.256;
T_33.105 ;
    %pushi/vec4 249, 0, 8;
    %store/vec4 v00000174f7e8f0c0_0, 0, 8;
    %jmp T_33.256;
T_33.106 ;
    %pushi/vec4 2, 0, 8;
    %store/vec4 v00000174f7e8f0c0_0, 0, 8;
    %jmp T_33.256;
T_33.107 ;
    %pushi/vec4 127, 0, 8;
    %store/vec4 v00000174f7e8f0c0_0, 0, 8;
    %jmp T_33.256;
T_33.108 ;
    %pushi/vec4 80, 0, 8;
    %store/vec4 v00000174f7e8f0c0_0, 0, 8;
    %jmp T_33.256;
T_33.109 ;
    %pushi/vec4 60, 0, 8;
    %store/vec4 v00000174f7e8f0c0_0, 0, 8;
    %jmp T_33.256;
T_33.110 ;
    %pushi/vec4 159, 0, 8;
    %store/vec4 v00000174f7e8f0c0_0, 0, 8;
    %jmp T_33.256;
T_33.111 ;
    %pushi/vec4 168, 0, 8;
    %store/vec4 v00000174f7e8f0c0_0, 0, 8;
    %jmp T_33.256;
T_33.112 ;
    %pushi/vec4 81, 0, 8;
    %store/vec4 v00000174f7e8f0c0_0, 0, 8;
    %jmp T_33.256;
T_33.113 ;
    %pushi/vec4 163, 0, 8;
    %store/vec4 v00000174f7e8f0c0_0, 0, 8;
    %jmp T_33.256;
T_33.114 ;
    %pushi/vec4 64, 0, 8;
    %store/vec4 v00000174f7e8f0c0_0, 0, 8;
    %jmp T_33.256;
T_33.115 ;
    %pushi/vec4 143, 0, 8;
    %store/vec4 v00000174f7e8f0c0_0, 0, 8;
    %jmp T_33.256;
T_33.116 ;
    %pushi/vec4 146, 0, 8;
    %store/vec4 v00000174f7e8f0c0_0, 0, 8;
    %jmp T_33.256;
T_33.117 ;
    %pushi/vec4 157, 0, 8;
    %store/vec4 v00000174f7e8f0c0_0, 0, 8;
    %jmp T_33.256;
T_33.118 ;
    %pushi/vec4 56, 0, 8;
    %store/vec4 v00000174f7e8f0c0_0, 0, 8;
    %jmp T_33.256;
T_33.119 ;
    %pushi/vec4 245, 0, 8;
    %store/vec4 v00000174f7e8f0c0_0, 0, 8;
    %jmp T_33.256;
T_33.120 ;
    %pushi/vec4 188, 0, 8;
    %store/vec4 v00000174f7e8f0c0_0, 0, 8;
    %jmp T_33.256;
T_33.121 ;
    %pushi/vec4 182, 0, 8;
    %store/vec4 v00000174f7e8f0c0_0, 0, 8;
    %jmp T_33.256;
T_33.122 ;
    %pushi/vec4 218, 0, 8;
    %store/vec4 v00000174f7e8f0c0_0, 0, 8;
    %jmp T_33.256;
T_33.123 ;
    %pushi/vec4 33, 0, 8;
    %store/vec4 v00000174f7e8f0c0_0, 0, 8;
    %jmp T_33.256;
T_33.124 ;
    %pushi/vec4 16, 0, 8;
    %store/vec4 v00000174f7e8f0c0_0, 0, 8;
    %jmp T_33.256;
T_33.125 ;
    %pushi/vec4 255, 0, 8;
    %store/vec4 v00000174f7e8f0c0_0, 0, 8;
    %jmp T_33.256;
T_33.126 ;
    %pushi/vec4 243, 0, 8;
    %store/vec4 v00000174f7e8f0c0_0, 0, 8;
    %jmp T_33.256;
T_33.127 ;
    %pushi/vec4 210, 0, 8;
    %store/vec4 v00000174f7e8f0c0_0, 0, 8;
    %jmp T_33.256;
T_33.128 ;
    %pushi/vec4 205, 0, 8;
    %store/vec4 v00000174f7e8f0c0_0, 0, 8;
    %jmp T_33.256;
T_33.129 ;
    %pushi/vec4 12, 0, 8;
    %store/vec4 v00000174f7e8f0c0_0, 0, 8;
    %jmp T_33.256;
T_33.130 ;
    %pushi/vec4 19, 0, 8;
    %store/vec4 v00000174f7e8f0c0_0, 0, 8;
    %jmp T_33.256;
T_33.131 ;
    %pushi/vec4 236, 0, 8;
    %store/vec4 v00000174f7e8f0c0_0, 0, 8;
    %jmp T_33.256;
T_33.132 ;
    %pushi/vec4 95, 0, 8;
    %store/vec4 v00000174f7e8f0c0_0, 0, 8;
    %jmp T_33.256;
T_33.133 ;
    %pushi/vec4 151, 0, 8;
    %store/vec4 v00000174f7e8f0c0_0, 0, 8;
    %jmp T_33.256;
T_33.134 ;
    %pushi/vec4 68, 0, 8;
    %store/vec4 v00000174f7e8f0c0_0, 0, 8;
    %jmp T_33.256;
T_33.135 ;
    %pushi/vec4 23, 0, 8;
    %store/vec4 v00000174f7e8f0c0_0, 0, 8;
    %jmp T_33.256;
T_33.136 ;
    %pushi/vec4 196, 0, 8;
    %store/vec4 v00000174f7e8f0c0_0, 0, 8;
    %jmp T_33.256;
T_33.137 ;
    %pushi/vec4 167, 0, 8;
    %store/vec4 v00000174f7e8f0c0_0, 0, 8;
    %jmp T_33.256;
T_33.138 ;
    %pushi/vec4 126, 0, 8;
    %store/vec4 v00000174f7e8f0c0_0, 0, 8;
    %jmp T_33.256;
T_33.139 ;
    %pushi/vec4 61, 0, 8;
    %store/vec4 v00000174f7e8f0c0_0, 0, 8;
    %jmp T_33.256;
T_33.140 ;
    %pushi/vec4 100, 0, 8;
    %store/vec4 v00000174f7e8f0c0_0, 0, 8;
    %jmp T_33.256;
T_33.141 ;
    %pushi/vec4 93, 0, 8;
    %store/vec4 v00000174f7e8f0c0_0, 0, 8;
    %jmp T_33.256;
T_33.142 ;
    %pushi/vec4 25, 0, 8;
    %store/vec4 v00000174f7e8f0c0_0, 0, 8;
    %jmp T_33.256;
T_33.143 ;
    %pushi/vec4 115, 0, 8;
    %store/vec4 v00000174f7e8f0c0_0, 0, 8;
    %jmp T_33.256;
T_33.144 ;
    %pushi/vec4 96, 0, 8;
    %store/vec4 v00000174f7e8f0c0_0, 0, 8;
    %jmp T_33.256;
T_33.145 ;
    %pushi/vec4 129, 0, 8;
    %store/vec4 v00000174f7e8f0c0_0, 0, 8;
    %jmp T_33.256;
T_33.146 ;
    %pushi/vec4 79, 0, 8;
    %store/vec4 v00000174f7e8f0c0_0, 0, 8;
    %jmp T_33.256;
T_33.147 ;
    %pushi/vec4 220, 0, 8;
    %store/vec4 v00000174f7e8f0c0_0, 0, 8;
    %jmp T_33.256;
T_33.148 ;
    %pushi/vec4 34, 0, 8;
    %store/vec4 v00000174f7e8f0c0_0, 0, 8;
    %jmp T_33.256;
T_33.149 ;
    %pushi/vec4 42, 0, 8;
    %store/vec4 v00000174f7e8f0c0_0, 0, 8;
    %jmp T_33.256;
T_33.150 ;
    %pushi/vec4 144, 0, 8;
    %store/vec4 v00000174f7e8f0c0_0, 0, 8;
    %jmp T_33.256;
T_33.151 ;
    %pushi/vec4 136, 0, 8;
    %store/vec4 v00000174f7e8f0c0_0, 0, 8;
    %jmp T_33.256;
T_33.152 ;
    %pushi/vec4 70, 0, 8;
    %store/vec4 v00000174f7e8f0c0_0, 0, 8;
    %jmp T_33.256;
T_33.153 ;
    %pushi/vec4 238, 0, 8;
    %store/vec4 v00000174f7e8f0c0_0, 0, 8;
    %jmp T_33.256;
T_33.154 ;
    %pushi/vec4 184, 0, 8;
    %store/vec4 v00000174f7e8f0c0_0, 0, 8;
    %jmp T_33.256;
T_33.155 ;
    %pushi/vec4 20, 0, 8;
    %store/vec4 v00000174f7e8f0c0_0, 0, 8;
    %jmp T_33.256;
T_33.156 ;
    %pushi/vec4 222, 0, 8;
    %store/vec4 v00000174f7e8f0c0_0, 0, 8;
    %jmp T_33.256;
T_33.157 ;
    %pushi/vec4 94, 0, 8;
    %store/vec4 v00000174f7e8f0c0_0, 0, 8;
    %jmp T_33.256;
T_33.158 ;
    %pushi/vec4 11, 0, 8;
    %store/vec4 v00000174f7e8f0c0_0, 0, 8;
    %jmp T_33.256;
T_33.159 ;
    %pushi/vec4 219, 0, 8;
    %store/vec4 v00000174f7e8f0c0_0, 0, 8;
    %jmp T_33.256;
T_33.160 ;
    %pushi/vec4 224, 0, 8;
    %store/vec4 v00000174f7e8f0c0_0, 0, 8;
    %jmp T_33.256;
T_33.161 ;
    %pushi/vec4 50, 0, 8;
    %store/vec4 v00000174f7e8f0c0_0, 0, 8;
    %jmp T_33.256;
T_33.162 ;
    %pushi/vec4 58, 0, 8;
    %store/vec4 v00000174f7e8f0c0_0, 0, 8;
    %jmp T_33.256;
T_33.163 ;
    %pushi/vec4 10, 0, 8;
    %store/vec4 v00000174f7e8f0c0_0, 0, 8;
    %jmp T_33.256;
T_33.164 ;
    %pushi/vec4 73, 0, 8;
    %store/vec4 v00000174f7e8f0c0_0, 0, 8;
    %jmp T_33.256;
T_33.165 ;
    %pushi/vec4 6, 0, 8;
    %store/vec4 v00000174f7e8f0c0_0, 0, 8;
    %jmp T_33.256;
T_33.166 ;
    %pushi/vec4 36, 0, 8;
    %store/vec4 v00000174f7e8f0c0_0, 0, 8;
    %jmp T_33.256;
T_33.167 ;
    %pushi/vec4 92, 0, 8;
    %store/vec4 v00000174f7e8f0c0_0, 0, 8;
    %jmp T_33.256;
T_33.168 ;
    %pushi/vec4 194, 0, 8;
    %store/vec4 v00000174f7e8f0c0_0, 0, 8;
    %jmp T_33.256;
T_33.169 ;
    %pushi/vec4 211, 0, 8;
    %store/vec4 v00000174f7e8f0c0_0, 0, 8;
    %jmp T_33.256;
T_33.170 ;
    %pushi/vec4 172, 0, 8;
    %store/vec4 v00000174f7e8f0c0_0, 0, 8;
    %jmp T_33.256;
T_33.171 ;
    %pushi/vec4 98, 0, 8;
    %store/vec4 v00000174f7e8f0c0_0, 0, 8;
    %jmp T_33.256;
T_33.172 ;
    %pushi/vec4 145, 0, 8;
    %store/vec4 v00000174f7e8f0c0_0, 0, 8;
    %jmp T_33.256;
T_33.173 ;
    %pushi/vec4 149, 0, 8;
    %store/vec4 v00000174f7e8f0c0_0, 0, 8;
    %jmp T_33.256;
T_33.174 ;
    %pushi/vec4 228, 0, 8;
    %store/vec4 v00000174f7e8f0c0_0, 0, 8;
    %jmp T_33.256;
T_33.175 ;
    %pushi/vec4 121, 0, 8;
    %store/vec4 v00000174f7e8f0c0_0, 0, 8;
    %jmp T_33.256;
T_33.176 ;
    %pushi/vec4 231, 0, 8;
    %store/vec4 v00000174f7e8f0c0_0, 0, 8;
    %jmp T_33.256;
T_33.177 ;
    %pushi/vec4 200, 0, 8;
    %store/vec4 v00000174f7e8f0c0_0, 0, 8;
    %jmp T_33.256;
T_33.178 ;
    %pushi/vec4 55, 0, 8;
    %store/vec4 v00000174f7e8f0c0_0, 0, 8;
    %jmp T_33.256;
T_33.179 ;
    %pushi/vec4 109, 0, 8;
    %store/vec4 v00000174f7e8f0c0_0, 0, 8;
    %jmp T_33.256;
T_33.180 ;
    %pushi/vec4 141, 0, 8;
    %store/vec4 v00000174f7e8f0c0_0, 0, 8;
    %jmp T_33.256;
T_33.181 ;
    %pushi/vec4 213, 0, 8;
    %store/vec4 v00000174f7e8f0c0_0, 0, 8;
    %jmp T_33.256;
T_33.182 ;
    %pushi/vec4 78, 0, 8;
    %store/vec4 v00000174f7e8f0c0_0, 0, 8;
    %jmp T_33.256;
T_33.183 ;
    %pushi/vec4 169, 0, 8;
    %store/vec4 v00000174f7e8f0c0_0, 0, 8;
    %jmp T_33.256;
T_33.184 ;
    %pushi/vec4 108, 0, 8;
    %store/vec4 v00000174f7e8f0c0_0, 0, 8;
    %jmp T_33.256;
T_33.185 ;
    %pushi/vec4 86, 0, 8;
    %store/vec4 v00000174f7e8f0c0_0, 0, 8;
    %jmp T_33.256;
T_33.186 ;
    %pushi/vec4 244, 0, 8;
    %store/vec4 v00000174f7e8f0c0_0, 0, 8;
    %jmp T_33.256;
T_33.187 ;
    %pushi/vec4 234, 0, 8;
    %store/vec4 v00000174f7e8f0c0_0, 0, 8;
    %jmp T_33.256;
T_33.188 ;
    %pushi/vec4 101, 0, 8;
    %store/vec4 v00000174f7e8f0c0_0, 0, 8;
    %jmp T_33.256;
T_33.189 ;
    %pushi/vec4 122, 0, 8;
    %store/vec4 v00000174f7e8f0c0_0, 0, 8;
    %jmp T_33.256;
T_33.190 ;
    %pushi/vec4 174, 0, 8;
    %store/vec4 v00000174f7e8f0c0_0, 0, 8;
    %jmp T_33.256;
T_33.191 ;
    %pushi/vec4 8, 0, 8;
    %store/vec4 v00000174f7e8f0c0_0, 0, 8;
    %jmp T_33.256;
T_33.192 ;
    %pushi/vec4 186, 0, 8;
    %store/vec4 v00000174f7e8f0c0_0, 0, 8;
    %jmp T_33.256;
T_33.193 ;
    %pushi/vec4 120, 0, 8;
    %store/vec4 v00000174f7e8f0c0_0, 0, 8;
    %jmp T_33.256;
T_33.194 ;
    %pushi/vec4 37, 0, 8;
    %store/vec4 v00000174f7e8f0c0_0, 0, 8;
    %jmp T_33.256;
T_33.195 ;
    %pushi/vec4 46, 0, 8;
    %store/vec4 v00000174f7e8f0c0_0, 0, 8;
    %jmp T_33.256;
T_33.196 ;
    %pushi/vec4 28, 0, 8;
    %store/vec4 v00000174f7e8f0c0_0, 0, 8;
    %jmp T_33.256;
T_33.197 ;
    %pushi/vec4 166, 0, 8;
    %store/vec4 v00000174f7e8f0c0_0, 0, 8;
    %jmp T_33.256;
T_33.198 ;
    %pushi/vec4 180, 0, 8;
    %store/vec4 v00000174f7e8f0c0_0, 0, 8;
    %jmp T_33.256;
T_33.199 ;
    %pushi/vec4 198, 0, 8;
    %store/vec4 v00000174f7e8f0c0_0, 0, 8;
    %jmp T_33.256;
T_33.200 ;
    %pushi/vec4 232, 0, 8;
    %store/vec4 v00000174f7e8f0c0_0, 0, 8;
    %jmp T_33.256;
T_33.201 ;
    %pushi/vec4 221, 0, 8;
    %store/vec4 v00000174f7e8f0c0_0, 0, 8;
    %jmp T_33.256;
T_33.202 ;
    %pushi/vec4 116, 0, 8;
    %store/vec4 v00000174f7e8f0c0_0, 0, 8;
    %jmp T_33.256;
T_33.203 ;
    %pushi/vec4 31, 0, 8;
    %store/vec4 v00000174f7e8f0c0_0, 0, 8;
    %jmp T_33.256;
T_33.204 ;
    %pushi/vec4 75, 0, 8;
    %store/vec4 v00000174f7e8f0c0_0, 0, 8;
    %jmp T_33.256;
T_33.205 ;
    %pushi/vec4 189, 0, 8;
    %store/vec4 v00000174f7e8f0c0_0, 0, 8;
    %jmp T_33.256;
T_33.206 ;
    %pushi/vec4 139, 0, 8;
    %store/vec4 v00000174f7e8f0c0_0, 0, 8;
    %jmp T_33.256;
T_33.207 ;
    %pushi/vec4 138, 0, 8;
    %store/vec4 v00000174f7e8f0c0_0, 0, 8;
    %jmp T_33.256;
T_33.208 ;
    %pushi/vec4 112, 0, 8;
    %store/vec4 v00000174f7e8f0c0_0, 0, 8;
    %jmp T_33.256;
T_33.209 ;
    %pushi/vec4 62, 0, 8;
    %store/vec4 v00000174f7e8f0c0_0, 0, 8;
    %jmp T_33.256;
T_33.210 ;
    %pushi/vec4 181, 0, 8;
    %store/vec4 v00000174f7e8f0c0_0, 0, 8;
    %jmp T_33.256;
T_33.211 ;
    %pushi/vec4 102, 0, 8;
    %store/vec4 v00000174f7e8f0c0_0, 0, 8;
    %jmp T_33.256;
T_33.212 ;
    %pushi/vec4 72, 0, 8;
    %store/vec4 v00000174f7e8f0c0_0, 0, 8;
    %jmp T_33.256;
T_33.213 ;
    %pushi/vec4 3, 0, 8;
    %store/vec4 v00000174f7e8f0c0_0, 0, 8;
    %jmp T_33.256;
T_33.214 ;
    %pushi/vec4 246, 0, 8;
    %store/vec4 v00000174f7e8f0c0_0, 0, 8;
    %jmp T_33.256;
T_33.215 ;
    %pushi/vec4 14, 0, 8;
    %store/vec4 v00000174f7e8f0c0_0, 0, 8;
    %jmp T_33.256;
T_33.216 ;
    %pushi/vec4 97, 0, 8;
    %store/vec4 v00000174f7e8f0c0_0, 0, 8;
    %jmp T_33.256;
T_33.217 ;
    %pushi/vec4 53, 0, 8;
    %store/vec4 v00000174f7e8f0c0_0, 0, 8;
    %jmp T_33.256;
T_33.218 ;
    %pushi/vec4 87, 0, 8;
    %store/vec4 v00000174f7e8f0c0_0, 0, 8;
    %jmp T_33.256;
T_33.219 ;
    %pushi/vec4 185, 0, 8;
    %store/vec4 v00000174f7e8f0c0_0, 0, 8;
    %jmp T_33.256;
T_33.220 ;
    %pushi/vec4 134, 0, 8;
    %store/vec4 v00000174f7e8f0c0_0, 0, 8;
    %jmp T_33.256;
T_33.221 ;
    %pushi/vec4 193, 0, 8;
    %store/vec4 v00000174f7e8f0c0_0, 0, 8;
    %jmp T_33.256;
T_33.222 ;
    %pushi/vec4 29, 0, 8;
    %store/vec4 v00000174f7e8f0c0_0, 0, 8;
    %jmp T_33.256;
T_33.223 ;
    %pushi/vec4 158, 0, 8;
    %store/vec4 v00000174f7e8f0c0_0, 0, 8;
    %jmp T_33.256;
T_33.224 ;
    %pushi/vec4 225, 0, 8;
    %store/vec4 v00000174f7e8f0c0_0, 0, 8;
    %jmp T_33.256;
T_33.225 ;
    %pushi/vec4 248, 0, 8;
    %store/vec4 v00000174f7e8f0c0_0, 0, 8;
    %jmp T_33.256;
T_33.226 ;
    %pushi/vec4 152, 0, 8;
    %store/vec4 v00000174f7e8f0c0_0, 0, 8;
    %jmp T_33.256;
T_33.227 ;
    %pushi/vec4 17, 0, 8;
    %store/vec4 v00000174f7e8f0c0_0, 0, 8;
    %jmp T_33.256;
T_33.228 ;
    %pushi/vec4 105, 0, 8;
    %store/vec4 v00000174f7e8f0c0_0, 0, 8;
    %jmp T_33.256;
T_33.229 ;
    %pushi/vec4 217, 0, 8;
    %store/vec4 v00000174f7e8f0c0_0, 0, 8;
    %jmp T_33.256;
T_33.230 ;
    %pushi/vec4 142, 0, 8;
    %store/vec4 v00000174f7e8f0c0_0, 0, 8;
    %jmp T_33.256;
T_33.231 ;
    %pushi/vec4 148, 0, 8;
    %store/vec4 v00000174f7e8f0c0_0, 0, 8;
    %jmp T_33.256;
T_33.232 ;
    %pushi/vec4 155, 0, 8;
    %store/vec4 v00000174f7e8f0c0_0, 0, 8;
    %jmp T_33.256;
T_33.233 ;
    %pushi/vec4 30, 0, 8;
    %store/vec4 v00000174f7e8f0c0_0, 0, 8;
    %jmp T_33.256;
T_33.234 ;
    %pushi/vec4 135, 0, 8;
    %store/vec4 v00000174f7e8f0c0_0, 0, 8;
    %jmp T_33.256;
T_33.235 ;
    %pushi/vec4 233, 0, 8;
    %store/vec4 v00000174f7e8f0c0_0, 0, 8;
    %jmp T_33.256;
T_33.236 ;
    %pushi/vec4 206, 0, 8;
    %store/vec4 v00000174f7e8f0c0_0, 0, 8;
    %jmp T_33.256;
T_33.237 ;
    %pushi/vec4 85, 0, 8;
    %store/vec4 v00000174f7e8f0c0_0, 0, 8;
    %jmp T_33.256;
T_33.238 ;
    %pushi/vec4 40, 0, 8;
    %store/vec4 v00000174f7e8f0c0_0, 0, 8;
    %jmp T_33.256;
T_33.239 ;
    %pushi/vec4 223, 0, 8;
    %store/vec4 v00000174f7e8f0c0_0, 0, 8;
    %jmp T_33.256;
T_33.240 ;
    %pushi/vec4 140, 0, 8;
    %store/vec4 v00000174f7e8f0c0_0, 0, 8;
    %jmp T_33.256;
T_33.241 ;
    %pushi/vec4 161, 0, 8;
    %store/vec4 v00000174f7e8f0c0_0, 0, 8;
    %jmp T_33.256;
T_33.242 ;
    %pushi/vec4 137, 0, 8;
    %store/vec4 v00000174f7e8f0c0_0, 0, 8;
    %jmp T_33.256;
T_33.243 ;
    %pushi/vec4 13, 0, 8;
    %store/vec4 v00000174f7e8f0c0_0, 0, 8;
    %jmp T_33.256;
T_33.244 ;
    %pushi/vec4 191, 0, 8;
    %store/vec4 v00000174f7e8f0c0_0, 0, 8;
    %jmp T_33.256;
T_33.245 ;
    %pushi/vec4 230, 0, 8;
    %store/vec4 v00000174f7e8f0c0_0, 0, 8;
    %jmp T_33.256;
T_33.246 ;
    %pushi/vec4 66, 0, 8;
    %store/vec4 v00000174f7e8f0c0_0, 0, 8;
    %jmp T_33.256;
T_33.247 ;
    %pushi/vec4 104, 0, 8;
    %store/vec4 v00000174f7e8f0c0_0, 0, 8;
    %jmp T_33.256;
T_33.248 ;
    %pushi/vec4 65, 0, 8;
    %store/vec4 v00000174f7e8f0c0_0, 0, 8;
    %jmp T_33.256;
T_33.249 ;
    %pushi/vec4 153, 0, 8;
    %store/vec4 v00000174f7e8f0c0_0, 0, 8;
    %jmp T_33.256;
T_33.250 ;
    %pushi/vec4 45, 0, 8;
    %store/vec4 v00000174f7e8f0c0_0, 0, 8;
    %jmp T_33.256;
T_33.251 ;
    %pushi/vec4 15, 0, 8;
    %store/vec4 v00000174f7e8f0c0_0, 0, 8;
    %jmp T_33.256;
T_33.252 ;
    %pushi/vec4 176, 0, 8;
    %store/vec4 v00000174f7e8f0c0_0, 0, 8;
    %jmp T_33.256;
T_33.253 ;
    %pushi/vec4 84, 0, 8;
    %store/vec4 v00000174f7e8f0c0_0, 0, 8;
    %jmp T_33.256;
T_33.254 ;
    %pushi/vec4 187, 0, 8;
    %store/vec4 v00000174f7e8f0c0_0, 0, 8;
    %jmp T_33.256;
T_33.255 ;
    %pushi/vec4 22, 0, 8;
    %store/vec4 v00000174f7e8f0c0_0, 0, 8;
    %jmp T_33.256;
T_33.256 ;
    %pop/vec4 1;
    %jmp T_33;
    .thread T_33, $push;
    .scope S_00000174f7e94710;
T_34 ;
    %wait E_00000174f7e06ad0;
    %load/vec4 v00000174f7e8e3a0_0;
    %dup/vec4;
    %pushi/vec4 0, 0, 8;
    %cmp/u;
    %jmp/1 T_34.0, 6;
    %dup/vec4;
    %pushi/vec4 1, 0, 8;
    %cmp/u;
    %jmp/1 T_34.1, 6;
    %dup/vec4;
    %pushi/vec4 2, 0, 8;
    %cmp/u;
    %jmp/1 T_34.2, 6;
    %dup/vec4;
    %pushi/vec4 3, 0, 8;
    %cmp/u;
    %jmp/1 T_34.3, 6;
    %dup/vec4;
    %pushi/vec4 4, 0, 8;
    %cmp/u;
    %jmp/1 T_34.4, 6;
    %dup/vec4;
    %pushi/vec4 5, 0, 8;
    %cmp/u;
    %jmp/1 T_34.5, 6;
    %dup/vec4;
    %pushi/vec4 6, 0, 8;
    %cmp/u;
    %jmp/1 T_34.6, 6;
    %dup/vec4;
    %pushi/vec4 7, 0, 8;
    %cmp/u;
    %jmp/1 T_34.7, 6;
    %dup/vec4;
    %pushi/vec4 8, 0, 8;
    %cmp/u;
    %jmp/1 T_34.8, 6;
    %dup/vec4;
    %pushi/vec4 9, 0, 8;
    %cmp/u;
    %jmp/1 T_34.9, 6;
    %dup/vec4;
    %pushi/vec4 10, 0, 8;
    %cmp/u;
    %jmp/1 T_34.10, 6;
    %dup/vec4;
    %pushi/vec4 11, 0, 8;
    %cmp/u;
    %jmp/1 T_34.11, 6;
    %dup/vec4;
    %pushi/vec4 12, 0, 8;
    %cmp/u;
    %jmp/1 T_34.12, 6;
    %dup/vec4;
    %pushi/vec4 13, 0, 8;
    %cmp/u;
    %jmp/1 T_34.13, 6;
    %dup/vec4;
    %pushi/vec4 14, 0, 8;
    %cmp/u;
    %jmp/1 T_34.14, 6;
    %dup/vec4;
    %pushi/vec4 15, 0, 8;
    %cmp/u;
    %jmp/1 T_34.15, 6;
    %dup/vec4;
    %pushi/vec4 16, 0, 8;
    %cmp/u;
    %jmp/1 T_34.16, 6;
    %dup/vec4;
    %pushi/vec4 17, 0, 8;
    %cmp/u;
    %jmp/1 T_34.17, 6;
    %dup/vec4;
    %pushi/vec4 18, 0, 8;
    %cmp/u;
    %jmp/1 T_34.18, 6;
    %dup/vec4;
    %pushi/vec4 19, 0, 8;
    %cmp/u;
    %jmp/1 T_34.19, 6;
    %dup/vec4;
    %pushi/vec4 20, 0, 8;
    %cmp/u;
    %jmp/1 T_34.20, 6;
    %dup/vec4;
    %pushi/vec4 21, 0, 8;
    %cmp/u;
    %jmp/1 T_34.21, 6;
    %dup/vec4;
    %pushi/vec4 22, 0, 8;
    %cmp/u;
    %jmp/1 T_34.22, 6;
    %dup/vec4;
    %pushi/vec4 23, 0, 8;
    %cmp/u;
    %jmp/1 T_34.23, 6;
    %dup/vec4;
    %pushi/vec4 24, 0, 8;
    %cmp/u;
    %jmp/1 T_34.24, 6;
    %dup/vec4;
    %pushi/vec4 25, 0, 8;
    %cmp/u;
    %jmp/1 T_34.25, 6;
    %dup/vec4;
    %pushi/vec4 26, 0, 8;
    %cmp/u;
    %jmp/1 T_34.26, 6;
    %dup/vec4;
    %pushi/vec4 27, 0, 8;
    %cmp/u;
    %jmp/1 T_34.27, 6;
    %dup/vec4;
    %pushi/vec4 28, 0, 8;
    %cmp/u;
    %jmp/1 T_34.28, 6;
    %dup/vec4;
    %pushi/vec4 29, 0, 8;
    %cmp/u;
    %jmp/1 T_34.29, 6;
    %dup/vec4;
    %pushi/vec4 30, 0, 8;
    %cmp/u;
    %jmp/1 T_34.30, 6;
    %dup/vec4;
    %pushi/vec4 31, 0, 8;
    %cmp/u;
    %jmp/1 T_34.31, 6;
    %dup/vec4;
    %pushi/vec4 32, 0, 8;
    %cmp/u;
    %jmp/1 T_34.32, 6;
    %dup/vec4;
    %pushi/vec4 33, 0, 8;
    %cmp/u;
    %jmp/1 T_34.33, 6;
    %dup/vec4;
    %pushi/vec4 34, 0, 8;
    %cmp/u;
    %jmp/1 T_34.34, 6;
    %dup/vec4;
    %pushi/vec4 35, 0, 8;
    %cmp/u;
    %jmp/1 T_34.35, 6;
    %dup/vec4;
    %pushi/vec4 36, 0, 8;
    %cmp/u;
    %jmp/1 T_34.36, 6;
    %dup/vec4;
    %pushi/vec4 37, 0, 8;
    %cmp/u;
    %jmp/1 T_34.37, 6;
    %dup/vec4;
    %pushi/vec4 38, 0, 8;
    %cmp/u;
    %jmp/1 T_34.38, 6;
    %dup/vec4;
    %pushi/vec4 39, 0, 8;
    %cmp/u;
    %jmp/1 T_34.39, 6;
    %dup/vec4;
    %pushi/vec4 40, 0, 8;
    %cmp/u;
    %jmp/1 T_34.40, 6;
    %dup/vec4;
    %pushi/vec4 41, 0, 8;
    %cmp/u;
    %jmp/1 T_34.41, 6;
    %dup/vec4;
    %pushi/vec4 42, 0, 8;
    %cmp/u;
    %jmp/1 T_34.42, 6;
    %dup/vec4;
    %pushi/vec4 43, 0, 8;
    %cmp/u;
    %jmp/1 T_34.43, 6;
    %dup/vec4;
    %pushi/vec4 44, 0, 8;
    %cmp/u;
    %jmp/1 T_34.44, 6;
    %dup/vec4;
    %pushi/vec4 45, 0, 8;
    %cmp/u;
    %jmp/1 T_34.45, 6;
    %dup/vec4;
    %pushi/vec4 46, 0, 8;
    %cmp/u;
    %jmp/1 T_34.46, 6;
    %dup/vec4;
    %pushi/vec4 47, 0, 8;
    %cmp/u;
    %jmp/1 T_34.47, 6;
    %dup/vec4;
    %pushi/vec4 48, 0, 8;
    %cmp/u;
    %jmp/1 T_34.48, 6;
    %dup/vec4;
    %pushi/vec4 49, 0, 8;
    %cmp/u;
    %jmp/1 T_34.49, 6;
    %dup/vec4;
    %pushi/vec4 50, 0, 8;
    %cmp/u;
    %jmp/1 T_34.50, 6;
    %dup/vec4;
    %pushi/vec4 51, 0, 8;
    %cmp/u;
    %jmp/1 T_34.51, 6;
    %dup/vec4;
    %pushi/vec4 52, 0, 8;
    %cmp/u;
    %jmp/1 T_34.52, 6;
    %dup/vec4;
    %pushi/vec4 53, 0, 8;
    %cmp/u;
    %jmp/1 T_34.53, 6;
    %dup/vec4;
    %pushi/vec4 54, 0, 8;
    %cmp/u;
    %jmp/1 T_34.54, 6;
    %dup/vec4;
    %pushi/vec4 55, 0, 8;
    %cmp/u;
    %jmp/1 T_34.55, 6;
    %dup/vec4;
    %pushi/vec4 56, 0, 8;
    %cmp/u;
    %jmp/1 T_34.56, 6;
    %dup/vec4;
    %pushi/vec4 57, 0, 8;
    %cmp/u;
    %jmp/1 T_34.57, 6;
    %dup/vec4;
    %pushi/vec4 58, 0, 8;
    %cmp/u;
    %jmp/1 T_34.58, 6;
    %dup/vec4;
    %pushi/vec4 59, 0, 8;
    %cmp/u;
    %jmp/1 T_34.59, 6;
    %dup/vec4;
    %pushi/vec4 60, 0, 8;
    %cmp/u;
    %jmp/1 T_34.60, 6;
    %dup/vec4;
    %pushi/vec4 61, 0, 8;
    %cmp/u;
    %jmp/1 T_34.61, 6;
    %dup/vec4;
    %pushi/vec4 62, 0, 8;
    %cmp/u;
    %jmp/1 T_34.62, 6;
    %dup/vec4;
    %pushi/vec4 63, 0, 8;
    %cmp/u;
    %jmp/1 T_34.63, 6;
    %dup/vec4;
    %pushi/vec4 64, 0, 8;
    %cmp/u;
    %jmp/1 T_34.64, 6;
    %dup/vec4;
    %pushi/vec4 65, 0, 8;
    %cmp/u;
    %jmp/1 T_34.65, 6;
    %dup/vec4;
    %pushi/vec4 66, 0, 8;
    %cmp/u;
    %jmp/1 T_34.66, 6;
    %dup/vec4;
    %pushi/vec4 67, 0, 8;
    %cmp/u;
    %jmp/1 T_34.67, 6;
    %dup/vec4;
    %pushi/vec4 68, 0, 8;
    %cmp/u;
    %jmp/1 T_34.68, 6;
    %dup/vec4;
    %pushi/vec4 69, 0, 8;
    %cmp/u;
    %jmp/1 T_34.69, 6;
    %dup/vec4;
    %pushi/vec4 70, 0, 8;
    %cmp/u;
    %jmp/1 T_34.70, 6;
    %dup/vec4;
    %pushi/vec4 71, 0, 8;
    %cmp/u;
    %jmp/1 T_34.71, 6;
    %dup/vec4;
    %pushi/vec4 72, 0, 8;
    %cmp/u;
    %jmp/1 T_34.72, 6;
    %dup/vec4;
    %pushi/vec4 73, 0, 8;
    %cmp/u;
    %jmp/1 T_34.73, 6;
    %dup/vec4;
    %pushi/vec4 74, 0, 8;
    %cmp/u;
    %jmp/1 T_34.74, 6;
    %dup/vec4;
    %pushi/vec4 75, 0, 8;
    %cmp/u;
    %jmp/1 T_34.75, 6;
    %dup/vec4;
    %pushi/vec4 76, 0, 8;
    %cmp/u;
    %jmp/1 T_34.76, 6;
    %dup/vec4;
    %pushi/vec4 77, 0, 8;
    %cmp/u;
    %jmp/1 T_34.77, 6;
    %dup/vec4;
    %pushi/vec4 78, 0, 8;
    %cmp/u;
    %jmp/1 T_34.78, 6;
    %dup/vec4;
    %pushi/vec4 79, 0, 8;
    %cmp/u;
    %jmp/1 T_34.79, 6;
    %dup/vec4;
    %pushi/vec4 80, 0, 8;
    %cmp/u;
    %jmp/1 T_34.80, 6;
    %dup/vec4;
    %pushi/vec4 81, 0, 8;
    %cmp/u;
    %jmp/1 T_34.81, 6;
    %dup/vec4;
    %pushi/vec4 82, 0, 8;
    %cmp/u;
    %jmp/1 T_34.82, 6;
    %dup/vec4;
    %pushi/vec4 83, 0, 8;
    %cmp/u;
    %jmp/1 T_34.83, 6;
    %dup/vec4;
    %pushi/vec4 84, 0, 8;
    %cmp/u;
    %jmp/1 T_34.84, 6;
    %dup/vec4;
    %pushi/vec4 85, 0, 8;
    %cmp/u;
    %jmp/1 T_34.85, 6;
    %dup/vec4;
    %pushi/vec4 86, 0, 8;
    %cmp/u;
    %jmp/1 T_34.86, 6;
    %dup/vec4;
    %pushi/vec4 87, 0, 8;
    %cmp/u;
    %jmp/1 T_34.87, 6;
    %dup/vec4;
    %pushi/vec4 88, 0, 8;
    %cmp/u;
    %jmp/1 T_34.88, 6;
    %dup/vec4;
    %pushi/vec4 89, 0, 8;
    %cmp/u;
    %jmp/1 T_34.89, 6;
    %dup/vec4;
    %pushi/vec4 90, 0, 8;
    %cmp/u;
    %jmp/1 T_34.90, 6;
    %dup/vec4;
    %pushi/vec4 91, 0, 8;
    %cmp/u;
    %jmp/1 T_34.91, 6;
    %dup/vec4;
    %pushi/vec4 92, 0, 8;
    %cmp/u;
    %jmp/1 T_34.92, 6;
    %dup/vec4;
    %pushi/vec4 93, 0, 8;
    %cmp/u;
    %jmp/1 T_34.93, 6;
    %dup/vec4;
    %pushi/vec4 94, 0, 8;
    %cmp/u;
    %jmp/1 T_34.94, 6;
    %dup/vec4;
    %pushi/vec4 95, 0, 8;
    %cmp/u;
    %jmp/1 T_34.95, 6;
    %dup/vec4;
    %pushi/vec4 96, 0, 8;
    %cmp/u;
    %jmp/1 T_34.96, 6;
    %dup/vec4;
    %pushi/vec4 97, 0, 8;
    %cmp/u;
    %jmp/1 T_34.97, 6;
    %dup/vec4;
    %pushi/vec4 98, 0, 8;
    %cmp/u;
    %jmp/1 T_34.98, 6;
    %dup/vec4;
    %pushi/vec4 99, 0, 8;
    %cmp/u;
    %jmp/1 T_34.99, 6;
    %dup/vec4;
    %pushi/vec4 100, 0, 8;
    %cmp/u;
    %jmp/1 T_34.100, 6;
    %dup/vec4;
    %pushi/vec4 101, 0, 8;
    %cmp/u;
    %jmp/1 T_34.101, 6;
    %dup/vec4;
    %pushi/vec4 102, 0, 8;
    %cmp/u;
    %jmp/1 T_34.102, 6;
    %dup/vec4;
    %pushi/vec4 103, 0, 8;
    %cmp/u;
    %jmp/1 T_34.103, 6;
    %dup/vec4;
    %pushi/vec4 104, 0, 8;
    %cmp/u;
    %jmp/1 T_34.104, 6;
    %dup/vec4;
    %pushi/vec4 105, 0, 8;
    %cmp/u;
    %jmp/1 T_34.105, 6;
    %dup/vec4;
    %pushi/vec4 106, 0, 8;
    %cmp/u;
    %jmp/1 T_34.106, 6;
    %dup/vec4;
    %pushi/vec4 107, 0, 8;
    %cmp/u;
    %jmp/1 T_34.107, 6;
    %dup/vec4;
    %pushi/vec4 108, 0, 8;
    %cmp/u;
    %jmp/1 T_34.108, 6;
    %dup/vec4;
    %pushi/vec4 109, 0, 8;
    %cmp/u;
    %jmp/1 T_34.109, 6;
    %dup/vec4;
    %pushi/vec4 110, 0, 8;
    %cmp/u;
    %jmp/1 T_34.110, 6;
    %dup/vec4;
    %pushi/vec4 111, 0, 8;
    %cmp/u;
    %jmp/1 T_34.111, 6;
    %dup/vec4;
    %pushi/vec4 112, 0, 8;
    %cmp/u;
    %jmp/1 T_34.112, 6;
    %dup/vec4;
    %pushi/vec4 113, 0, 8;
    %cmp/u;
    %jmp/1 T_34.113, 6;
    %dup/vec4;
    %pushi/vec4 114, 0, 8;
    %cmp/u;
    %jmp/1 T_34.114, 6;
    %dup/vec4;
    %pushi/vec4 115, 0, 8;
    %cmp/u;
    %jmp/1 T_34.115, 6;
    %dup/vec4;
    %pushi/vec4 116, 0, 8;
    %cmp/u;
    %jmp/1 T_34.116, 6;
    %dup/vec4;
    %pushi/vec4 117, 0, 8;
    %cmp/u;
    %jmp/1 T_34.117, 6;
    %dup/vec4;
    %pushi/vec4 118, 0, 8;
    %cmp/u;
    %jmp/1 T_34.118, 6;
    %dup/vec4;
    %pushi/vec4 119, 0, 8;
    %cmp/u;
    %jmp/1 T_34.119, 6;
    %dup/vec4;
    %pushi/vec4 120, 0, 8;
    %cmp/u;
    %jmp/1 T_34.120, 6;
    %dup/vec4;
    %pushi/vec4 121, 0, 8;
    %cmp/u;
    %jmp/1 T_34.121, 6;
    %dup/vec4;
    %pushi/vec4 122, 0, 8;
    %cmp/u;
    %jmp/1 T_34.122, 6;
    %dup/vec4;
    %pushi/vec4 123, 0, 8;
    %cmp/u;
    %jmp/1 T_34.123, 6;
    %dup/vec4;
    %pushi/vec4 124, 0, 8;
    %cmp/u;
    %jmp/1 T_34.124, 6;
    %dup/vec4;
    %pushi/vec4 125, 0, 8;
    %cmp/u;
    %jmp/1 T_34.125, 6;
    %dup/vec4;
    %pushi/vec4 126, 0, 8;
    %cmp/u;
    %jmp/1 T_34.126, 6;
    %dup/vec4;
    %pushi/vec4 127, 0, 8;
    %cmp/u;
    %jmp/1 T_34.127, 6;
    %dup/vec4;
    %pushi/vec4 128, 0, 8;
    %cmp/u;
    %jmp/1 T_34.128, 6;
    %dup/vec4;
    %pushi/vec4 129, 0, 8;
    %cmp/u;
    %jmp/1 T_34.129, 6;
    %dup/vec4;
    %pushi/vec4 130, 0, 8;
    %cmp/u;
    %jmp/1 T_34.130, 6;
    %dup/vec4;
    %pushi/vec4 131, 0, 8;
    %cmp/u;
    %jmp/1 T_34.131, 6;
    %dup/vec4;
    %pushi/vec4 132, 0, 8;
    %cmp/u;
    %jmp/1 T_34.132, 6;
    %dup/vec4;
    %pushi/vec4 133, 0, 8;
    %cmp/u;
    %jmp/1 T_34.133, 6;
    %dup/vec4;
    %pushi/vec4 134, 0, 8;
    %cmp/u;
    %jmp/1 T_34.134, 6;
    %dup/vec4;
    %pushi/vec4 135, 0, 8;
    %cmp/u;
    %jmp/1 T_34.135, 6;
    %dup/vec4;
    %pushi/vec4 136, 0, 8;
    %cmp/u;
    %jmp/1 T_34.136, 6;
    %dup/vec4;
    %pushi/vec4 137, 0, 8;
    %cmp/u;
    %jmp/1 T_34.137, 6;
    %dup/vec4;
    %pushi/vec4 138, 0, 8;
    %cmp/u;
    %jmp/1 T_34.138, 6;
    %dup/vec4;
    %pushi/vec4 139, 0, 8;
    %cmp/u;
    %jmp/1 T_34.139, 6;
    %dup/vec4;
    %pushi/vec4 140, 0, 8;
    %cmp/u;
    %jmp/1 T_34.140, 6;
    %dup/vec4;
    %pushi/vec4 141, 0, 8;
    %cmp/u;
    %jmp/1 T_34.141, 6;
    %dup/vec4;
    %pushi/vec4 142, 0, 8;
    %cmp/u;
    %jmp/1 T_34.142, 6;
    %dup/vec4;
    %pushi/vec4 143, 0, 8;
    %cmp/u;
    %jmp/1 T_34.143, 6;
    %dup/vec4;
    %pushi/vec4 144, 0, 8;
    %cmp/u;
    %jmp/1 T_34.144, 6;
    %dup/vec4;
    %pushi/vec4 145, 0, 8;
    %cmp/u;
    %jmp/1 T_34.145, 6;
    %dup/vec4;
    %pushi/vec4 146, 0, 8;
    %cmp/u;
    %jmp/1 T_34.146, 6;
    %dup/vec4;
    %pushi/vec4 147, 0, 8;
    %cmp/u;
    %jmp/1 T_34.147, 6;
    %dup/vec4;
    %pushi/vec4 148, 0, 8;
    %cmp/u;
    %jmp/1 T_34.148, 6;
    %dup/vec4;
    %pushi/vec4 149, 0, 8;
    %cmp/u;
    %jmp/1 T_34.149, 6;
    %dup/vec4;
    %pushi/vec4 150, 0, 8;
    %cmp/u;
    %jmp/1 T_34.150, 6;
    %dup/vec4;
    %pushi/vec4 151, 0, 8;
    %cmp/u;
    %jmp/1 T_34.151, 6;
    %dup/vec4;
    %pushi/vec4 152, 0, 8;
    %cmp/u;
    %jmp/1 T_34.152, 6;
    %dup/vec4;
    %pushi/vec4 153, 0, 8;
    %cmp/u;
    %jmp/1 T_34.153, 6;
    %dup/vec4;
    %pushi/vec4 154, 0, 8;
    %cmp/u;
    %jmp/1 T_34.154, 6;
    %dup/vec4;
    %pushi/vec4 155, 0, 8;
    %cmp/u;
    %jmp/1 T_34.155, 6;
    %dup/vec4;
    %pushi/vec4 156, 0, 8;
    %cmp/u;
    %jmp/1 T_34.156, 6;
    %dup/vec4;
    %pushi/vec4 157, 0, 8;
    %cmp/u;
    %jmp/1 T_34.157, 6;
    %dup/vec4;
    %pushi/vec4 158, 0, 8;
    %cmp/u;
    %jmp/1 T_34.158, 6;
    %dup/vec4;
    %pushi/vec4 159, 0, 8;
    %cmp/u;
    %jmp/1 T_34.159, 6;
    %dup/vec4;
    %pushi/vec4 160, 0, 8;
    %cmp/u;
    %jmp/1 T_34.160, 6;
    %dup/vec4;
    %pushi/vec4 161, 0, 8;
    %cmp/u;
    %jmp/1 T_34.161, 6;
    %dup/vec4;
    %pushi/vec4 162, 0, 8;
    %cmp/u;
    %jmp/1 T_34.162, 6;
    %dup/vec4;
    %pushi/vec4 163, 0, 8;
    %cmp/u;
    %jmp/1 T_34.163, 6;
    %dup/vec4;
    %pushi/vec4 164, 0, 8;
    %cmp/u;
    %jmp/1 T_34.164, 6;
    %dup/vec4;
    %pushi/vec4 165, 0, 8;
    %cmp/u;
    %jmp/1 T_34.165, 6;
    %dup/vec4;
    %pushi/vec4 166, 0, 8;
    %cmp/u;
    %jmp/1 T_34.166, 6;
    %dup/vec4;
    %pushi/vec4 167, 0, 8;
    %cmp/u;
    %jmp/1 T_34.167, 6;
    %dup/vec4;
    %pushi/vec4 168, 0, 8;
    %cmp/u;
    %jmp/1 T_34.168, 6;
    %dup/vec4;
    %pushi/vec4 169, 0, 8;
    %cmp/u;
    %jmp/1 T_34.169, 6;
    %dup/vec4;
    %pushi/vec4 170, 0, 8;
    %cmp/u;
    %jmp/1 T_34.170, 6;
    %dup/vec4;
    %pushi/vec4 171, 0, 8;
    %cmp/u;
    %jmp/1 T_34.171, 6;
    %dup/vec4;
    %pushi/vec4 172, 0, 8;
    %cmp/u;
    %jmp/1 T_34.172, 6;
    %dup/vec4;
    %pushi/vec4 173, 0, 8;
    %cmp/u;
    %jmp/1 T_34.173, 6;
    %dup/vec4;
    %pushi/vec4 174, 0, 8;
    %cmp/u;
    %jmp/1 T_34.174, 6;
    %dup/vec4;
    %pushi/vec4 175, 0, 8;
    %cmp/u;
    %jmp/1 T_34.175, 6;
    %dup/vec4;
    %pushi/vec4 176, 0, 8;
    %cmp/u;
    %jmp/1 T_34.176, 6;
    %dup/vec4;
    %pushi/vec4 177, 0, 8;
    %cmp/u;
    %jmp/1 T_34.177, 6;
    %dup/vec4;
    %pushi/vec4 178, 0, 8;
    %cmp/u;
    %jmp/1 T_34.178, 6;
    %dup/vec4;
    %pushi/vec4 179, 0, 8;
    %cmp/u;
    %jmp/1 T_34.179, 6;
    %dup/vec4;
    %pushi/vec4 180, 0, 8;
    %cmp/u;
    %jmp/1 T_34.180, 6;
    %dup/vec4;
    %pushi/vec4 181, 0, 8;
    %cmp/u;
    %jmp/1 T_34.181, 6;
    %dup/vec4;
    %pushi/vec4 182, 0, 8;
    %cmp/u;
    %jmp/1 T_34.182, 6;
    %dup/vec4;
    %pushi/vec4 183, 0, 8;
    %cmp/u;
    %jmp/1 T_34.183, 6;
    %dup/vec4;
    %pushi/vec4 184, 0, 8;
    %cmp/u;
    %jmp/1 T_34.184, 6;
    %dup/vec4;
    %pushi/vec4 185, 0, 8;
    %cmp/u;
    %jmp/1 T_34.185, 6;
    %dup/vec4;
    %pushi/vec4 186, 0, 8;
    %cmp/u;
    %jmp/1 T_34.186, 6;
    %dup/vec4;
    %pushi/vec4 187, 0, 8;
    %cmp/u;
    %jmp/1 T_34.187, 6;
    %dup/vec4;
    %pushi/vec4 188, 0, 8;
    %cmp/u;
    %jmp/1 T_34.188, 6;
    %dup/vec4;
    %pushi/vec4 189, 0, 8;
    %cmp/u;
    %jmp/1 T_34.189, 6;
    %dup/vec4;
    %pushi/vec4 190, 0, 8;
    %cmp/u;
    %jmp/1 T_34.190, 6;
    %dup/vec4;
    %pushi/vec4 191, 0, 8;
    %cmp/u;
    %jmp/1 T_34.191, 6;
    %dup/vec4;
    %pushi/vec4 192, 0, 8;
    %cmp/u;
    %jmp/1 T_34.192, 6;
    %dup/vec4;
    %pushi/vec4 193, 0, 8;
    %cmp/u;
    %jmp/1 T_34.193, 6;
    %dup/vec4;
    %pushi/vec4 194, 0, 8;
    %cmp/u;
    %jmp/1 T_34.194, 6;
    %dup/vec4;
    %pushi/vec4 195, 0, 8;
    %cmp/u;
    %jmp/1 T_34.195, 6;
    %dup/vec4;
    %pushi/vec4 196, 0, 8;
    %cmp/u;
    %jmp/1 T_34.196, 6;
    %dup/vec4;
    %pushi/vec4 197, 0, 8;
    %cmp/u;
    %jmp/1 T_34.197, 6;
    %dup/vec4;
    %pushi/vec4 198, 0, 8;
    %cmp/u;
    %jmp/1 T_34.198, 6;
    %dup/vec4;
    %pushi/vec4 199, 0, 8;
    %cmp/u;
    %jmp/1 T_34.199, 6;
    %dup/vec4;
    %pushi/vec4 200, 0, 8;
    %cmp/u;
    %jmp/1 T_34.200, 6;
    %dup/vec4;
    %pushi/vec4 201, 0, 8;
    %cmp/u;
    %jmp/1 T_34.201, 6;
    %dup/vec4;
    %pushi/vec4 202, 0, 8;
    %cmp/u;
    %jmp/1 T_34.202, 6;
    %dup/vec4;
    %pushi/vec4 203, 0, 8;
    %cmp/u;
    %jmp/1 T_34.203, 6;
    %dup/vec4;
    %pushi/vec4 204, 0, 8;
    %cmp/u;
    %jmp/1 T_34.204, 6;
    %dup/vec4;
    %pushi/vec4 205, 0, 8;
    %cmp/u;
    %jmp/1 T_34.205, 6;
    %dup/vec4;
    %pushi/vec4 206, 0, 8;
    %cmp/u;
    %jmp/1 T_34.206, 6;
    %dup/vec4;
    %pushi/vec4 207, 0, 8;
    %cmp/u;
    %jmp/1 T_34.207, 6;
    %dup/vec4;
    %pushi/vec4 208, 0, 8;
    %cmp/u;
    %jmp/1 T_34.208, 6;
    %dup/vec4;
    %pushi/vec4 209, 0, 8;
    %cmp/u;
    %jmp/1 T_34.209, 6;
    %dup/vec4;
    %pushi/vec4 210, 0, 8;
    %cmp/u;
    %jmp/1 T_34.210, 6;
    %dup/vec4;
    %pushi/vec4 211, 0, 8;
    %cmp/u;
    %jmp/1 T_34.211, 6;
    %dup/vec4;
    %pushi/vec4 212, 0, 8;
    %cmp/u;
    %jmp/1 T_34.212, 6;
    %dup/vec4;
    %pushi/vec4 213, 0, 8;
    %cmp/u;
    %jmp/1 T_34.213, 6;
    %dup/vec4;
    %pushi/vec4 214, 0, 8;
    %cmp/u;
    %jmp/1 T_34.214, 6;
    %dup/vec4;
    %pushi/vec4 215, 0, 8;
    %cmp/u;
    %jmp/1 T_34.215, 6;
    %dup/vec4;
    %pushi/vec4 216, 0, 8;
    %cmp/u;
    %jmp/1 T_34.216, 6;
    %dup/vec4;
    %pushi/vec4 217, 0, 8;
    %cmp/u;
    %jmp/1 T_34.217, 6;
    %dup/vec4;
    %pushi/vec4 218, 0, 8;
    %cmp/u;
    %jmp/1 T_34.218, 6;
    %dup/vec4;
    %pushi/vec4 219, 0, 8;
    %cmp/u;
    %jmp/1 T_34.219, 6;
    %dup/vec4;
    %pushi/vec4 220, 0, 8;
    %cmp/u;
    %jmp/1 T_34.220, 6;
    %dup/vec4;
    %pushi/vec4 221, 0, 8;
    %cmp/u;
    %jmp/1 T_34.221, 6;
    %dup/vec4;
    %pushi/vec4 222, 0, 8;
    %cmp/u;
    %jmp/1 T_34.222, 6;
    %dup/vec4;
    %pushi/vec4 223, 0, 8;
    %cmp/u;
    %jmp/1 T_34.223, 6;
    %dup/vec4;
    %pushi/vec4 224, 0, 8;
    %cmp/u;
    %jmp/1 T_34.224, 6;
    %dup/vec4;
    %pushi/vec4 225, 0, 8;
    %cmp/u;
    %jmp/1 T_34.225, 6;
    %dup/vec4;
    %pushi/vec4 226, 0, 8;
    %cmp/u;
    %jmp/1 T_34.226, 6;
    %dup/vec4;
    %pushi/vec4 227, 0, 8;
    %cmp/u;
    %jmp/1 T_34.227, 6;
    %dup/vec4;
    %pushi/vec4 228, 0, 8;
    %cmp/u;
    %jmp/1 T_34.228, 6;
    %dup/vec4;
    %pushi/vec4 229, 0, 8;
    %cmp/u;
    %jmp/1 T_34.229, 6;
    %dup/vec4;
    %pushi/vec4 230, 0, 8;
    %cmp/u;
    %jmp/1 T_34.230, 6;
    %dup/vec4;
    %pushi/vec4 231, 0, 8;
    %cmp/u;
    %jmp/1 T_34.231, 6;
    %dup/vec4;
    %pushi/vec4 232, 0, 8;
    %cmp/u;
    %jmp/1 T_34.232, 6;
    %dup/vec4;
    %pushi/vec4 233, 0, 8;
    %cmp/u;
    %jmp/1 T_34.233, 6;
    %dup/vec4;
    %pushi/vec4 234, 0, 8;
    %cmp/u;
    %jmp/1 T_34.234, 6;
    %dup/vec4;
    %pushi/vec4 235, 0, 8;
    %cmp/u;
    %jmp/1 T_34.235, 6;
    %dup/vec4;
    %pushi/vec4 236, 0, 8;
    %cmp/u;
    %jmp/1 T_34.236, 6;
    %dup/vec4;
    %pushi/vec4 237, 0, 8;
    %cmp/u;
    %jmp/1 T_34.237, 6;
    %dup/vec4;
    %pushi/vec4 238, 0, 8;
    %cmp/u;
    %jmp/1 T_34.238, 6;
    %dup/vec4;
    %pushi/vec4 239, 0, 8;
    %cmp/u;
    %jmp/1 T_34.239, 6;
    %dup/vec4;
    %pushi/vec4 240, 0, 8;
    %cmp/u;
    %jmp/1 T_34.240, 6;
    %dup/vec4;
    %pushi/vec4 241, 0, 8;
    %cmp/u;
    %jmp/1 T_34.241, 6;
    %dup/vec4;
    %pushi/vec4 242, 0, 8;
    %cmp/u;
    %jmp/1 T_34.242, 6;
    %dup/vec4;
    %pushi/vec4 243, 0, 8;
    %cmp/u;
    %jmp/1 T_34.243, 6;
    %dup/vec4;
    %pushi/vec4 244, 0, 8;
    %cmp/u;
    %jmp/1 T_34.244, 6;
    %dup/vec4;
    %pushi/vec4 245, 0, 8;
    %cmp/u;
    %jmp/1 T_34.245, 6;
    %dup/vec4;
    %pushi/vec4 246, 0, 8;
    %cmp/u;
    %jmp/1 T_34.246, 6;
    %dup/vec4;
    %pushi/vec4 247, 0, 8;
    %cmp/u;
    %jmp/1 T_34.247, 6;
    %dup/vec4;
    %pushi/vec4 248, 0, 8;
    %cmp/u;
    %jmp/1 T_34.248, 6;
    %dup/vec4;
    %pushi/vec4 249, 0, 8;
    %cmp/u;
    %jmp/1 T_34.249, 6;
    %dup/vec4;
    %pushi/vec4 250, 0, 8;
    %cmp/u;
    %jmp/1 T_34.250, 6;
    %dup/vec4;
    %pushi/vec4 251, 0, 8;
    %cmp/u;
    %jmp/1 T_34.251, 6;
    %dup/vec4;
    %pushi/vec4 252, 0, 8;
    %cmp/u;
    %jmp/1 T_34.252, 6;
    %dup/vec4;
    %pushi/vec4 253, 0, 8;
    %cmp/u;
    %jmp/1 T_34.253, 6;
    %dup/vec4;
    %pushi/vec4 254, 0, 8;
    %cmp/u;
    %jmp/1 T_34.254, 6;
    %dup/vec4;
    %pushi/vec4 255, 0, 8;
    %cmp/u;
    %jmp/1 T_34.255, 6;
    %jmp T_34.256;
T_34.0 ;
    %pushi/vec4 99, 0, 8;
    %store/vec4 v00000174f7e8ebc0_0, 0, 8;
    %jmp T_34.256;
T_34.1 ;
    %pushi/vec4 124, 0, 8;
    %store/vec4 v00000174f7e8ebc0_0, 0, 8;
    %jmp T_34.256;
T_34.2 ;
    %pushi/vec4 119, 0, 8;
    %store/vec4 v00000174f7e8ebc0_0, 0, 8;
    %jmp T_34.256;
T_34.3 ;
    %pushi/vec4 123, 0, 8;
    %store/vec4 v00000174f7e8ebc0_0, 0, 8;
    %jmp T_34.256;
T_34.4 ;
    %pushi/vec4 242, 0, 8;
    %store/vec4 v00000174f7e8ebc0_0, 0, 8;
    %jmp T_34.256;
T_34.5 ;
    %pushi/vec4 107, 0, 8;
    %store/vec4 v00000174f7e8ebc0_0, 0, 8;
    %jmp T_34.256;
T_34.6 ;
    %pushi/vec4 111, 0, 8;
    %store/vec4 v00000174f7e8ebc0_0, 0, 8;
    %jmp T_34.256;
T_34.7 ;
    %pushi/vec4 197, 0, 8;
    %store/vec4 v00000174f7e8ebc0_0, 0, 8;
    %jmp T_34.256;
T_34.8 ;
    %pushi/vec4 48, 0, 8;
    %store/vec4 v00000174f7e8ebc0_0, 0, 8;
    %jmp T_34.256;
T_34.9 ;
    %pushi/vec4 1, 0, 8;
    %store/vec4 v00000174f7e8ebc0_0, 0, 8;
    %jmp T_34.256;
T_34.10 ;
    %pushi/vec4 103, 0, 8;
    %store/vec4 v00000174f7e8ebc0_0, 0, 8;
    %jmp T_34.256;
T_34.11 ;
    %pushi/vec4 43, 0, 8;
    %store/vec4 v00000174f7e8ebc0_0, 0, 8;
    %jmp T_34.256;
T_34.12 ;
    %pushi/vec4 254, 0, 8;
    %store/vec4 v00000174f7e8ebc0_0, 0, 8;
    %jmp T_34.256;
T_34.13 ;
    %pushi/vec4 215, 0, 8;
    %store/vec4 v00000174f7e8ebc0_0, 0, 8;
    %jmp T_34.256;
T_34.14 ;
    %pushi/vec4 171, 0, 8;
    %store/vec4 v00000174f7e8ebc0_0, 0, 8;
    %jmp T_34.256;
T_34.15 ;
    %pushi/vec4 118, 0, 8;
    %store/vec4 v00000174f7e8ebc0_0, 0, 8;
    %jmp T_34.256;
T_34.16 ;
    %pushi/vec4 202, 0, 8;
    %store/vec4 v00000174f7e8ebc0_0, 0, 8;
    %jmp T_34.256;
T_34.17 ;
    %pushi/vec4 130, 0, 8;
    %store/vec4 v00000174f7e8ebc0_0, 0, 8;
    %jmp T_34.256;
T_34.18 ;
    %pushi/vec4 201, 0, 8;
    %store/vec4 v00000174f7e8ebc0_0, 0, 8;
    %jmp T_34.256;
T_34.19 ;
    %pushi/vec4 125, 0, 8;
    %store/vec4 v00000174f7e8ebc0_0, 0, 8;
    %jmp T_34.256;
T_34.20 ;
    %pushi/vec4 250, 0, 8;
    %store/vec4 v00000174f7e8ebc0_0, 0, 8;
    %jmp T_34.256;
T_34.21 ;
    %pushi/vec4 89, 0, 8;
    %store/vec4 v00000174f7e8ebc0_0, 0, 8;
    %jmp T_34.256;
T_34.22 ;
    %pushi/vec4 71, 0, 8;
    %store/vec4 v00000174f7e8ebc0_0, 0, 8;
    %jmp T_34.256;
T_34.23 ;
    %pushi/vec4 240, 0, 8;
    %store/vec4 v00000174f7e8ebc0_0, 0, 8;
    %jmp T_34.256;
T_34.24 ;
    %pushi/vec4 173, 0, 8;
    %store/vec4 v00000174f7e8ebc0_0, 0, 8;
    %jmp T_34.256;
T_34.25 ;
    %pushi/vec4 212, 0, 8;
    %store/vec4 v00000174f7e8ebc0_0, 0, 8;
    %jmp T_34.256;
T_34.26 ;
    %pushi/vec4 162, 0, 8;
    %store/vec4 v00000174f7e8ebc0_0, 0, 8;
    %jmp T_34.256;
T_34.27 ;
    %pushi/vec4 175, 0, 8;
    %store/vec4 v00000174f7e8ebc0_0, 0, 8;
    %jmp T_34.256;
T_34.28 ;
    %pushi/vec4 156, 0, 8;
    %store/vec4 v00000174f7e8ebc0_0, 0, 8;
    %jmp T_34.256;
T_34.29 ;
    %pushi/vec4 164, 0, 8;
    %store/vec4 v00000174f7e8ebc0_0, 0, 8;
    %jmp T_34.256;
T_34.30 ;
    %pushi/vec4 114, 0, 8;
    %store/vec4 v00000174f7e8ebc0_0, 0, 8;
    %jmp T_34.256;
T_34.31 ;
    %pushi/vec4 192, 0, 8;
    %store/vec4 v00000174f7e8ebc0_0, 0, 8;
    %jmp T_34.256;
T_34.32 ;
    %pushi/vec4 183, 0, 8;
    %store/vec4 v00000174f7e8ebc0_0, 0, 8;
    %jmp T_34.256;
T_34.33 ;
    %pushi/vec4 253, 0, 8;
    %store/vec4 v00000174f7e8ebc0_0, 0, 8;
    %jmp T_34.256;
T_34.34 ;
    %pushi/vec4 147, 0, 8;
    %store/vec4 v00000174f7e8ebc0_0, 0, 8;
    %jmp T_34.256;
T_34.35 ;
    %pushi/vec4 38, 0, 8;
    %store/vec4 v00000174f7e8ebc0_0, 0, 8;
    %jmp T_34.256;
T_34.36 ;
    %pushi/vec4 54, 0, 8;
    %store/vec4 v00000174f7e8ebc0_0, 0, 8;
    %jmp T_34.256;
T_34.37 ;
    %pushi/vec4 63, 0, 8;
    %store/vec4 v00000174f7e8ebc0_0, 0, 8;
    %jmp T_34.256;
T_34.38 ;
    %pushi/vec4 247, 0, 8;
    %store/vec4 v00000174f7e8ebc0_0, 0, 8;
    %jmp T_34.256;
T_34.39 ;
    %pushi/vec4 204, 0, 8;
    %store/vec4 v00000174f7e8ebc0_0, 0, 8;
    %jmp T_34.256;
T_34.40 ;
    %pushi/vec4 52, 0, 8;
    %store/vec4 v00000174f7e8ebc0_0, 0, 8;
    %jmp T_34.256;
T_34.41 ;
    %pushi/vec4 165, 0, 8;
    %store/vec4 v00000174f7e8ebc0_0, 0, 8;
    %jmp T_34.256;
T_34.42 ;
    %pushi/vec4 229, 0, 8;
    %store/vec4 v00000174f7e8ebc0_0, 0, 8;
    %jmp T_34.256;
T_34.43 ;
    %pushi/vec4 241, 0, 8;
    %store/vec4 v00000174f7e8ebc0_0, 0, 8;
    %jmp T_34.256;
T_34.44 ;
    %pushi/vec4 113, 0, 8;
    %store/vec4 v00000174f7e8ebc0_0, 0, 8;
    %jmp T_34.256;
T_34.45 ;
    %pushi/vec4 216, 0, 8;
    %store/vec4 v00000174f7e8ebc0_0, 0, 8;
    %jmp T_34.256;
T_34.46 ;
    %pushi/vec4 49, 0, 8;
    %store/vec4 v00000174f7e8ebc0_0, 0, 8;
    %jmp T_34.256;
T_34.47 ;
    %pushi/vec4 21, 0, 8;
    %store/vec4 v00000174f7e8ebc0_0, 0, 8;
    %jmp T_34.256;
T_34.48 ;
    %pushi/vec4 4, 0, 8;
    %store/vec4 v00000174f7e8ebc0_0, 0, 8;
    %jmp T_34.256;
T_34.49 ;
    %pushi/vec4 199, 0, 8;
    %store/vec4 v00000174f7e8ebc0_0, 0, 8;
    %jmp T_34.256;
T_34.50 ;
    %pushi/vec4 35, 0, 8;
    %store/vec4 v00000174f7e8ebc0_0, 0, 8;
    %jmp T_34.256;
T_34.51 ;
    %pushi/vec4 195, 0, 8;
    %store/vec4 v00000174f7e8ebc0_0, 0, 8;
    %jmp T_34.256;
T_34.52 ;
    %pushi/vec4 24, 0, 8;
    %store/vec4 v00000174f7e8ebc0_0, 0, 8;
    %jmp T_34.256;
T_34.53 ;
    %pushi/vec4 150, 0, 8;
    %store/vec4 v00000174f7e8ebc0_0, 0, 8;
    %jmp T_34.256;
T_34.54 ;
    %pushi/vec4 5, 0, 8;
    %store/vec4 v00000174f7e8ebc0_0, 0, 8;
    %jmp T_34.256;
T_34.55 ;
    %pushi/vec4 154, 0, 8;
    %store/vec4 v00000174f7e8ebc0_0, 0, 8;
    %jmp T_34.256;
T_34.56 ;
    %pushi/vec4 7, 0, 8;
    %store/vec4 v00000174f7e8ebc0_0, 0, 8;
    %jmp T_34.256;
T_34.57 ;
    %pushi/vec4 18, 0, 8;
    %store/vec4 v00000174f7e8ebc0_0, 0, 8;
    %jmp T_34.256;
T_34.58 ;
    %pushi/vec4 128, 0, 8;
    %store/vec4 v00000174f7e8ebc0_0, 0, 8;
    %jmp T_34.256;
T_34.59 ;
    %pushi/vec4 226, 0, 8;
    %store/vec4 v00000174f7e8ebc0_0, 0, 8;
    %jmp T_34.256;
T_34.60 ;
    %pushi/vec4 235, 0, 8;
    %store/vec4 v00000174f7e8ebc0_0, 0, 8;
    %jmp T_34.256;
T_34.61 ;
    %pushi/vec4 39, 0, 8;
    %store/vec4 v00000174f7e8ebc0_0, 0, 8;
    %jmp T_34.256;
T_34.62 ;
    %pushi/vec4 178, 0, 8;
    %store/vec4 v00000174f7e8ebc0_0, 0, 8;
    %jmp T_34.256;
T_34.63 ;
    %pushi/vec4 117, 0, 8;
    %store/vec4 v00000174f7e8ebc0_0, 0, 8;
    %jmp T_34.256;
T_34.64 ;
    %pushi/vec4 9, 0, 8;
    %store/vec4 v00000174f7e8ebc0_0, 0, 8;
    %jmp T_34.256;
T_34.65 ;
    %pushi/vec4 131, 0, 8;
    %store/vec4 v00000174f7e8ebc0_0, 0, 8;
    %jmp T_34.256;
T_34.66 ;
    %pushi/vec4 44, 0, 8;
    %store/vec4 v00000174f7e8ebc0_0, 0, 8;
    %jmp T_34.256;
T_34.67 ;
    %pushi/vec4 26, 0, 8;
    %store/vec4 v00000174f7e8ebc0_0, 0, 8;
    %jmp T_34.256;
T_34.68 ;
    %pushi/vec4 27, 0, 8;
    %store/vec4 v00000174f7e8ebc0_0, 0, 8;
    %jmp T_34.256;
T_34.69 ;
    %pushi/vec4 110, 0, 8;
    %store/vec4 v00000174f7e8ebc0_0, 0, 8;
    %jmp T_34.256;
T_34.70 ;
    %pushi/vec4 90, 0, 8;
    %store/vec4 v00000174f7e8ebc0_0, 0, 8;
    %jmp T_34.256;
T_34.71 ;
    %pushi/vec4 160, 0, 8;
    %store/vec4 v00000174f7e8ebc0_0, 0, 8;
    %jmp T_34.256;
T_34.72 ;
    %pushi/vec4 82, 0, 8;
    %store/vec4 v00000174f7e8ebc0_0, 0, 8;
    %jmp T_34.256;
T_34.73 ;
    %pushi/vec4 59, 0, 8;
    %store/vec4 v00000174f7e8ebc0_0, 0, 8;
    %jmp T_34.256;
T_34.74 ;
    %pushi/vec4 214, 0, 8;
    %store/vec4 v00000174f7e8ebc0_0, 0, 8;
    %jmp T_34.256;
T_34.75 ;
    %pushi/vec4 179, 0, 8;
    %store/vec4 v00000174f7e8ebc0_0, 0, 8;
    %jmp T_34.256;
T_34.76 ;
    %pushi/vec4 41, 0, 8;
    %store/vec4 v00000174f7e8ebc0_0, 0, 8;
    %jmp T_34.256;
T_34.77 ;
    %pushi/vec4 227, 0, 8;
    %store/vec4 v00000174f7e8ebc0_0, 0, 8;
    %jmp T_34.256;
T_34.78 ;
    %pushi/vec4 47, 0, 8;
    %store/vec4 v00000174f7e8ebc0_0, 0, 8;
    %jmp T_34.256;
T_34.79 ;
    %pushi/vec4 132, 0, 8;
    %store/vec4 v00000174f7e8ebc0_0, 0, 8;
    %jmp T_34.256;
T_34.80 ;
    %pushi/vec4 83, 0, 8;
    %store/vec4 v00000174f7e8ebc0_0, 0, 8;
    %jmp T_34.256;
T_34.81 ;
    %pushi/vec4 209, 0, 8;
    %store/vec4 v00000174f7e8ebc0_0, 0, 8;
    %jmp T_34.256;
T_34.82 ;
    %pushi/vec4 0, 0, 8;
    %store/vec4 v00000174f7e8ebc0_0, 0, 8;
    %jmp T_34.256;
T_34.83 ;
    %pushi/vec4 237, 0, 8;
    %store/vec4 v00000174f7e8ebc0_0, 0, 8;
    %jmp T_34.256;
T_34.84 ;
    %pushi/vec4 32, 0, 8;
    %store/vec4 v00000174f7e8ebc0_0, 0, 8;
    %jmp T_34.256;
T_34.85 ;
    %pushi/vec4 252, 0, 8;
    %store/vec4 v00000174f7e8ebc0_0, 0, 8;
    %jmp T_34.256;
T_34.86 ;
    %pushi/vec4 177, 0, 8;
    %store/vec4 v00000174f7e8ebc0_0, 0, 8;
    %jmp T_34.256;
T_34.87 ;
    %pushi/vec4 91, 0, 8;
    %store/vec4 v00000174f7e8ebc0_0, 0, 8;
    %jmp T_34.256;
T_34.88 ;
    %pushi/vec4 106, 0, 8;
    %store/vec4 v00000174f7e8ebc0_0, 0, 8;
    %jmp T_34.256;
T_34.89 ;
    %pushi/vec4 203, 0, 8;
    %store/vec4 v00000174f7e8ebc0_0, 0, 8;
    %jmp T_34.256;
T_34.90 ;
    %pushi/vec4 190, 0, 8;
    %store/vec4 v00000174f7e8ebc0_0, 0, 8;
    %jmp T_34.256;
T_34.91 ;
    %pushi/vec4 57, 0, 8;
    %store/vec4 v00000174f7e8ebc0_0, 0, 8;
    %jmp T_34.256;
T_34.92 ;
    %pushi/vec4 74, 0, 8;
    %store/vec4 v00000174f7e8ebc0_0, 0, 8;
    %jmp T_34.256;
T_34.93 ;
    %pushi/vec4 76, 0, 8;
    %store/vec4 v00000174f7e8ebc0_0, 0, 8;
    %jmp T_34.256;
T_34.94 ;
    %pushi/vec4 88, 0, 8;
    %store/vec4 v00000174f7e8ebc0_0, 0, 8;
    %jmp T_34.256;
T_34.95 ;
    %pushi/vec4 207, 0, 8;
    %store/vec4 v00000174f7e8ebc0_0, 0, 8;
    %jmp T_34.256;
T_34.96 ;
    %pushi/vec4 208, 0, 8;
    %store/vec4 v00000174f7e8ebc0_0, 0, 8;
    %jmp T_34.256;
T_34.97 ;
    %pushi/vec4 239, 0, 8;
    %store/vec4 v00000174f7e8ebc0_0, 0, 8;
    %jmp T_34.256;
T_34.98 ;
    %pushi/vec4 170, 0, 8;
    %store/vec4 v00000174f7e8ebc0_0, 0, 8;
    %jmp T_34.256;
T_34.99 ;
    %pushi/vec4 251, 0, 8;
    %store/vec4 v00000174f7e8ebc0_0, 0, 8;
    %jmp T_34.256;
T_34.100 ;
    %pushi/vec4 67, 0, 8;
    %store/vec4 v00000174f7e8ebc0_0, 0, 8;
    %jmp T_34.256;
T_34.101 ;
    %pushi/vec4 77, 0, 8;
    %store/vec4 v00000174f7e8ebc0_0, 0, 8;
    %jmp T_34.256;
T_34.102 ;
    %pushi/vec4 51, 0, 8;
    %store/vec4 v00000174f7e8ebc0_0, 0, 8;
    %jmp T_34.256;
T_34.103 ;
    %pushi/vec4 133, 0, 8;
    %store/vec4 v00000174f7e8ebc0_0, 0, 8;
    %jmp T_34.256;
T_34.104 ;
    %pushi/vec4 69, 0, 8;
    %store/vec4 v00000174f7e8ebc0_0, 0, 8;
    %jmp T_34.256;
T_34.105 ;
    %pushi/vec4 249, 0, 8;
    %store/vec4 v00000174f7e8ebc0_0, 0, 8;
    %jmp T_34.256;
T_34.106 ;
    %pushi/vec4 2, 0, 8;
    %store/vec4 v00000174f7e8ebc0_0, 0, 8;
    %jmp T_34.256;
T_34.107 ;
    %pushi/vec4 127, 0, 8;
    %store/vec4 v00000174f7e8ebc0_0, 0, 8;
    %jmp T_34.256;
T_34.108 ;
    %pushi/vec4 80, 0, 8;
    %store/vec4 v00000174f7e8ebc0_0, 0, 8;
    %jmp T_34.256;
T_34.109 ;
    %pushi/vec4 60, 0, 8;
    %store/vec4 v00000174f7e8ebc0_0, 0, 8;
    %jmp T_34.256;
T_34.110 ;
    %pushi/vec4 159, 0, 8;
    %store/vec4 v00000174f7e8ebc0_0, 0, 8;
    %jmp T_34.256;
T_34.111 ;
    %pushi/vec4 168, 0, 8;
    %store/vec4 v00000174f7e8ebc0_0, 0, 8;
    %jmp T_34.256;
T_34.112 ;
    %pushi/vec4 81, 0, 8;
    %store/vec4 v00000174f7e8ebc0_0, 0, 8;
    %jmp T_34.256;
T_34.113 ;
    %pushi/vec4 163, 0, 8;
    %store/vec4 v00000174f7e8ebc0_0, 0, 8;
    %jmp T_34.256;
T_34.114 ;
    %pushi/vec4 64, 0, 8;
    %store/vec4 v00000174f7e8ebc0_0, 0, 8;
    %jmp T_34.256;
T_34.115 ;
    %pushi/vec4 143, 0, 8;
    %store/vec4 v00000174f7e8ebc0_0, 0, 8;
    %jmp T_34.256;
T_34.116 ;
    %pushi/vec4 146, 0, 8;
    %store/vec4 v00000174f7e8ebc0_0, 0, 8;
    %jmp T_34.256;
T_34.117 ;
    %pushi/vec4 157, 0, 8;
    %store/vec4 v00000174f7e8ebc0_0, 0, 8;
    %jmp T_34.256;
T_34.118 ;
    %pushi/vec4 56, 0, 8;
    %store/vec4 v00000174f7e8ebc0_0, 0, 8;
    %jmp T_34.256;
T_34.119 ;
    %pushi/vec4 245, 0, 8;
    %store/vec4 v00000174f7e8ebc0_0, 0, 8;
    %jmp T_34.256;
T_34.120 ;
    %pushi/vec4 188, 0, 8;
    %store/vec4 v00000174f7e8ebc0_0, 0, 8;
    %jmp T_34.256;
T_34.121 ;
    %pushi/vec4 182, 0, 8;
    %store/vec4 v00000174f7e8ebc0_0, 0, 8;
    %jmp T_34.256;
T_34.122 ;
    %pushi/vec4 218, 0, 8;
    %store/vec4 v00000174f7e8ebc0_0, 0, 8;
    %jmp T_34.256;
T_34.123 ;
    %pushi/vec4 33, 0, 8;
    %store/vec4 v00000174f7e8ebc0_0, 0, 8;
    %jmp T_34.256;
T_34.124 ;
    %pushi/vec4 16, 0, 8;
    %store/vec4 v00000174f7e8ebc0_0, 0, 8;
    %jmp T_34.256;
T_34.125 ;
    %pushi/vec4 255, 0, 8;
    %store/vec4 v00000174f7e8ebc0_0, 0, 8;
    %jmp T_34.256;
T_34.126 ;
    %pushi/vec4 243, 0, 8;
    %store/vec4 v00000174f7e8ebc0_0, 0, 8;
    %jmp T_34.256;
T_34.127 ;
    %pushi/vec4 210, 0, 8;
    %store/vec4 v00000174f7e8ebc0_0, 0, 8;
    %jmp T_34.256;
T_34.128 ;
    %pushi/vec4 205, 0, 8;
    %store/vec4 v00000174f7e8ebc0_0, 0, 8;
    %jmp T_34.256;
T_34.129 ;
    %pushi/vec4 12, 0, 8;
    %store/vec4 v00000174f7e8ebc0_0, 0, 8;
    %jmp T_34.256;
T_34.130 ;
    %pushi/vec4 19, 0, 8;
    %store/vec4 v00000174f7e8ebc0_0, 0, 8;
    %jmp T_34.256;
T_34.131 ;
    %pushi/vec4 236, 0, 8;
    %store/vec4 v00000174f7e8ebc0_0, 0, 8;
    %jmp T_34.256;
T_34.132 ;
    %pushi/vec4 95, 0, 8;
    %store/vec4 v00000174f7e8ebc0_0, 0, 8;
    %jmp T_34.256;
T_34.133 ;
    %pushi/vec4 151, 0, 8;
    %store/vec4 v00000174f7e8ebc0_0, 0, 8;
    %jmp T_34.256;
T_34.134 ;
    %pushi/vec4 68, 0, 8;
    %store/vec4 v00000174f7e8ebc0_0, 0, 8;
    %jmp T_34.256;
T_34.135 ;
    %pushi/vec4 23, 0, 8;
    %store/vec4 v00000174f7e8ebc0_0, 0, 8;
    %jmp T_34.256;
T_34.136 ;
    %pushi/vec4 196, 0, 8;
    %store/vec4 v00000174f7e8ebc0_0, 0, 8;
    %jmp T_34.256;
T_34.137 ;
    %pushi/vec4 167, 0, 8;
    %store/vec4 v00000174f7e8ebc0_0, 0, 8;
    %jmp T_34.256;
T_34.138 ;
    %pushi/vec4 126, 0, 8;
    %store/vec4 v00000174f7e8ebc0_0, 0, 8;
    %jmp T_34.256;
T_34.139 ;
    %pushi/vec4 61, 0, 8;
    %store/vec4 v00000174f7e8ebc0_0, 0, 8;
    %jmp T_34.256;
T_34.140 ;
    %pushi/vec4 100, 0, 8;
    %store/vec4 v00000174f7e8ebc0_0, 0, 8;
    %jmp T_34.256;
T_34.141 ;
    %pushi/vec4 93, 0, 8;
    %store/vec4 v00000174f7e8ebc0_0, 0, 8;
    %jmp T_34.256;
T_34.142 ;
    %pushi/vec4 25, 0, 8;
    %store/vec4 v00000174f7e8ebc0_0, 0, 8;
    %jmp T_34.256;
T_34.143 ;
    %pushi/vec4 115, 0, 8;
    %store/vec4 v00000174f7e8ebc0_0, 0, 8;
    %jmp T_34.256;
T_34.144 ;
    %pushi/vec4 96, 0, 8;
    %store/vec4 v00000174f7e8ebc0_0, 0, 8;
    %jmp T_34.256;
T_34.145 ;
    %pushi/vec4 129, 0, 8;
    %store/vec4 v00000174f7e8ebc0_0, 0, 8;
    %jmp T_34.256;
T_34.146 ;
    %pushi/vec4 79, 0, 8;
    %store/vec4 v00000174f7e8ebc0_0, 0, 8;
    %jmp T_34.256;
T_34.147 ;
    %pushi/vec4 220, 0, 8;
    %store/vec4 v00000174f7e8ebc0_0, 0, 8;
    %jmp T_34.256;
T_34.148 ;
    %pushi/vec4 34, 0, 8;
    %store/vec4 v00000174f7e8ebc0_0, 0, 8;
    %jmp T_34.256;
T_34.149 ;
    %pushi/vec4 42, 0, 8;
    %store/vec4 v00000174f7e8ebc0_0, 0, 8;
    %jmp T_34.256;
T_34.150 ;
    %pushi/vec4 144, 0, 8;
    %store/vec4 v00000174f7e8ebc0_0, 0, 8;
    %jmp T_34.256;
T_34.151 ;
    %pushi/vec4 136, 0, 8;
    %store/vec4 v00000174f7e8ebc0_0, 0, 8;
    %jmp T_34.256;
T_34.152 ;
    %pushi/vec4 70, 0, 8;
    %store/vec4 v00000174f7e8ebc0_0, 0, 8;
    %jmp T_34.256;
T_34.153 ;
    %pushi/vec4 238, 0, 8;
    %store/vec4 v00000174f7e8ebc0_0, 0, 8;
    %jmp T_34.256;
T_34.154 ;
    %pushi/vec4 184, 0, 8;
    %store/vec4 v00000174f7e8ebc0_0, 0, 8;
    %jmp T_34.256;
T_34.155 ;
    %pushi/vec4 20, 0, 8;
    %store/vec4 v00000174f7e8ebc0_0, 0, 8;
    %jmp T_34.256;
T_34.156 ;
    %pushi/vec4 222, 0, 8;
    %store/vec4 v00000174f7e8ebc0_0, 0, 8;
    %jmp T_34.256;
T_34.157 ;
    %pushi/vec4 94, 0, 8;
    %store/vec4 v00000174f7e8ebc0_0, 0, 8;
    %jmp T_34.256;
T_34.158 ;
    %pushi/vec4 11, 0, 8;
    %store/vec4 v00000174f7e8ebc0_0, 0, 8;
    %jmp T_34.256;
T_34.159 ;
    %pushi/vec4 219, 0, 8;
    %store/vec4 v00000174f7e8ebc0_0, 0, 8;
    %jmp T_34.256;
T_34.160 ;
    %pushi/vec4 224, 0, 8;
    %store/vec4 v00000174f7e8ebc0_0, 0, 8;
    %jmp T_34.256;
T_34.161 ;
    %pushi/vec4 50, 0, 8;
    %store/vec4 v00000174f7e8ebc0_0, 0, 8;
    %jmp T_34.256;
T_34.162 ;
    %pushi/vec4 58, 0, 8;
    %store/vec4 v00000174f7e8ebc0_0, 0, 8;
    %jmp T_34.256;
T_34.163 ;
    %pushi/vec4 10, 0, 8;
    %store/vec4 v00000174f7e8ebc0_0, 0, 8;
    %jmp T_34.256;
T_34.164 ;
    %pushi/vec4 73, 0, 8;
    %store/vec4 v00000174f7e8ebc0_0, 0, 8;
    %jmp T_34.256;
T_34.165 ;
    %pushi/vec4 6, 0, 8;
    %store/vec4 v00000174f7e8ebc0_0, 0, 8;
    %jmp T_34.256;
T_34.166 ;
    %pushi/vec4 36, 0, 8;
    %store/vec4 v00000174f7e8ebc0_0, 0, 8;
    %jmp T_34.256;
T_34.167 ;
    %pushi/vec4 92, 0, 8;
    %store/vec4 v00000174f7e8ebc0_0, 0, 8;
    %jmp T_34.256;
T_34.168 ;
    %pushi/vec4 194, 0, 8;
    %store/vec4 v00000174f7e8ebc0_0, 0, 8;
    %jmp T_34.256;
T_34.169 ;
    %pushi/vec4 211, 0, 8;
    %store/vec4 v00000174f7e8ebc0_0, 0, 8;
    %jmp T_34.256;
T_34.170 ;
    %pushi/vec4 172, 0, 8;
    %store/vec4 v00000174f7e8ebc0_0, 0, 8;
    %jmp T_34.256;
T_34.171 ;
    %pushi/vec4 98, 0, 8;
    %store/vec4 v00000174f7e8ebc0_0, 0, 8;
    %jmp T_34.256;
T_34.172 ;
    %pushi/vec4 145, 0, 8;
    %store/vec4 v00000174f7e8ebc0_0, 0, 8;
    %jmp T_34.256;
T_34.173 ;
    %pushi/vec4 149, 0, 8;
    %store/vec4 v00000174f7e8ebc0_0, 0, 8;
    %jmp T_34.256;
T_34.174 ;
    %pushi/vec4 228, 0, 8;
    %store/vec4 v00000174f7e8ebc0_0, 0, 8;
    %jmp T_34.256;
T_34.175 ;
    %pushi/vec4 121, 0, 8;
    %store/vec4 v00000174f7e8ebc0_0, 0, 8;
    %jmp T_34.256;
T_34.176 ;
    %pushi/vec4 231, 0, 8;
    %store/vec4 v00000174f7e8ebc0_0, 0, 8;
    %jmp T_34.256;
T_34.177 ;
    %pushi/vec4 200, 0, 8;
    %store/vec4 v00000174f7e8ebc0_0, 0, 8;
    %jmp T_34.256;
T_34.178 ;
    %pushi/vec4 55, 0, 8;
    %store/vec4 v00000174f7e8ebc0_0, 0, 8;
    %jmp T_34.256;
T_34.179 ;
    %pushi/vec4 109, 0, 8;
    %store/vec4 v00000174f7e8ebc0_0, 0, 8;
    %jmp T_34.256;
T_34.180 ;
    %pushi/vec4 141, 0, 8;
    %store/vec4 v00000174f7e8ebc0_0, 0, 8;
    %jmp T_34.256;
T_34.181 ;
    %pushi/vec4 213, 0, 8;
    %store/vec4 v00000174f7e8ebc0_0, 0, 8;
    %jmp T_34.256;
T_34.182 ;
    %pushi/vec4 78, 0, 8;
    %store/vec4 v00000174f7e8ebc0_0, 0, 8;
    %jmp T_34.256;
T_34.183 ;
    %pushi/vec4 169, 0, 8;
    %store/vec4 v00000174f7e8ebc0_0, 0, 8;
    %jmp T_34.256;
T_34.184 ;
    %pushi/vec4 108, 0, 8;
    %store/vec4 v00000174f7e8ebc0_0, 0, 8;
    %jmp T_34.256;
T_34.185 ;
    %pushi/vec4 86, 0, 8;
    %store/vec4 v00000174f7e8ebc0_0, 0, 8;
    %jmp T_34.256;
T_34.186 ;
    %pushi/vec4 244, 0, 8;
    %store/vec4 v00000174f7e8ebc0_0, 0, 8;
    %jmp T_34.256;
T_34.187 ;
    %pushi/vec4 234, 0, 8;
    %store/vec4 v00000174f7e8ebc0_0, 0, 8;
    %jmp T_34.256;
T_34.188 ;
    %pushi/vec4 101, 0, 8;
    %store/vec4 v00000174f7e8ebc0_0, 0, 8;
    %jmp T_34.256;
T_34.189 ;
    %pushi/vec4 122, 0, 8;
    %store/vec4 v00000174f7e8ebc0_0, 0, 8;
    %jmp T_34.256;
T_34.190 ;
    %pushi/vec4 174, 0, 8;
    %store/vec4 v00000174f7e8ebc0_0, 0, 8;
    %jmp T_34.256;
T_34.191 ;
    %pushi/vec4 8, 0, 8;
    %store/vec4 v00000174f7e8ebc0_0, 0, 8;
    %jmp T_34.256;
T_34.192 ;
    %pushi/vec4 186, 0, 8;
    %store/vec4 v00000174f7e8ebc0_0, 0, 8;
    %jmp T_34.256;
T_34.193 ;
    %pushi/vec4 120, 0, 8;
    %store/vec4 v00000174f7e8ebc0_0, 0, 8;
    %jmp T_34.256;
T_34.194 ;
    %pushi/vec4 37, 0, 8;
    %store/vec4 v00000174f7e8ebc0_0, 0, 8;
    %jmp T_34.256;
T_34.195 ;
    %pushi/vec4 46, 0, 8;
    %store/vec4 v00000174f7e8ebc0_0, 0, 8;
    %jmp T_34.256;
T_34.196 ;
    %pushi/vec4 28, 0, 8;
    %store/vec4 v00000174f7e8ebc0_0, 0, 8;
    %jmp T_34.256;
T_34.197 ;
    %pushi/vec4 166, 0, 8;
    %store/vec4 v00000174f7e8ebc0_0, 0, 8;
    %jmp T_34.256;
T_34.198 ;
    %pushi/vec4 180, 0, 8;
    %store/vec4 v00000174f7e8ebc0_0, 0, 8;
    %jmp T_34.256;
T_34.199 ;
    %pushi/vec4 198, 0, 8;
    %store/vec4 v00000174f7e8ebc0_0, 0, 8;
    %jmp T_34.256;
T_34.200 ;
    %pushi/vec4 232, 0, 8;
    %store/vec4 v00000174f7e8ebc0_0, 0, 8;
    %jmp T_34.256;
T_34.201 ;
    %pushi/vec4 221, 0, 8;
    %store/vec4 v00000174f7e8ebc0_0, 0, 8;
    %jmp T_34.256;
T_34.202 ;
    %pushi/vec4 116, 0, 8;
    %store/vec4 v00000174f7e8ebc0_0, 0, 8;
    %jmp T_34.256;
T_34.203 ;
    %pushi/vec4 31, 0, 8;
    %store/vec4 v00000174f7e8ebc0_0, 0, 8;
    %jmp T_34.256;
T_34.204 ;
    %pushi/vec4 75, 0, 8;
    %store/vec4 v00000174f7e8ebc0_0, 0, 8;
    %jmp T_34.256;
T_34.205 ;
    %pushi/vec4 189, 0, 8;
    %store/vec4 v00000174f7e8ebc0_0, 0, 8;
    %jmp T_34.256;
T_34.206 ;
    %pushi/vec4 139, 0, 8;
    %store/vec4 v00000174f7e8ebc0_0, 0, 8;
    %jmp T_34.256;
T_34.207 ;
    %pushi/vec4 138, 0, 8;
    %store/vec4 v00000174f7e8ebc0_0, 0, 8;
    %jmp T_34.256;
T_34.208 ;
    %pushi/vec4 112, 0, 8;
    %store/vec4 v00000174f7e8ebc0_0, 0, 8;
    %jmp T_34.256;
T_34.209 ;
    %pushi/vec4 62, 0, 8;
    %store/vec4 v00000174f7e8ebc0_0, 0, 8;
    %jmp T_34.256;
T_34.210 ;
    %pushi/vec4 181, 0, 8;
    %store/vec4 v00000174f7e8ebc0_0, 0, 8;
    %jmp T_34.256;
T_34.211 ;
    %pushi/vec4 102, 0, 8;
    %store/vec4 v00000174f7e8ebc0_0, 0, 8;
    %jmp T_34.256;
T_34.212 ;
    %pushi/vec4 72, 0, 8;
    %store/vec4 v00000174f7e8ebc0_0, 0, 8;
    %jmp T_34.256;
T_34.213 ;
    %pushi/vec4 3, 0, 8;
    %store/vec4 v00000174f7e8ebc0_0, 0, 8;
    %jmp T_34.256;
T_34.214 ;
    %pushi/vec4 246, 0, 8;
    %store/vec4 v00000174f7e8ebc0_0, 0, 8;
    %jmp T_34.256;
T_34.215 ;
    %pushi/vec4 14, 0, 8;
    %store/vec4 v00000174f7e8ebc0_0, 0, 8;
    %jmp T_34.256;
T_34.216 ;
    %pushi/vec4 97, 0, 8;
    %store/vec4 v00000174f7e8ebc0_0, 0, 8;
    %jmp T_34.256;
T_34.217 ;
    %pushi/vec4 53, 0, 8;
    %store/vec4 v00000174f7e8ebc0_0, 0, 8;
    %jmp T_34.256;
T_34.218 ;
    %pushi/vec4 87, 0, 8;
    %store/vec4 v00000174f7e8ebc0_0, 0, 8;
    %jmp T_34.256;
T_34.219 ;
    %pushi/vec4 185, 0, 8;
    %store/vec4 v00000174f7e8ebc0_0, 0, 8;
    %jmp T_34.256;
T_34.220 ;
    %pushi/vec4 134, 0, 8;
    %store/vec4 v00000174f7e8ebc0_0, 0, 8;
    %jmp T_34.256;
T_34.221 ;
    %pushi/vec4 193, 0, 8;
    %store/vec4 v00000174f7e8ebc0_0, 0, 8;
    %jmp T_34.256;
T_34.222 ;
    %pushi/vec4 29, 0, 8;
    %store/vec4 v00000174f7e8ebc0_0, 0, 8;
    %jmp T_34.256;
T_34.223 ;
    %pushi/vec4 158, 0, 8;
    %store/vec4 v00000174f7e8ebc0_0, 0, 8;
    %jmp T_34.256;
T_34.224 ;
    %pushi/vec4 225, 0, 8;
    %store/vec4 v00000174f7e8ebc0_0, 0, 8;
    %jmp T_34.256;
T_34.225 ;
    %pushi/vec4 248, 0, 8;
    %store/vec4 v00000174f7e8ebc0_0, 0, 8;
    %jmp T_34.256;
T_34.226 ;
    %pushi/vec4 152, 0, 8;
    %store/vec4 v00000174f7e8ebc0_0, 0, 8;
    %jmp T_34.256;
T_34.227 ;
    %pushi/vec4 17, 0, 8;
    %store/vec4 v00000174f7e8ebc0_0, 0, 8;
    %jmp T_34.256;
T_34.228 ;
    %pushi/vec4 105, 0, 8;
    %store/vec4 v00000174f7e8ebc0_0, 0, 8;
    %jmp T_34.256;
T_34.229 ;
    %pushi/vec4 217, 0, 8;
    %store/vec4 v00000174f7e8ebc0_0, 0, 8;
    %jmp T_34.256;
T_34.230 ;
    %pushi/vec4 142, 0, 8;
    %store/vec4 v00000174f7e8ebc0_0, 0, 8;
    %jmp T_34.256;
T_34.231 ;
    %pushi/vec4 148, 0, 8;
    %store/vec4 v00000174f7e8ebc0_0, 0, 8;
    %jmp T_34.256;
T_34.232 ;
    %pushi/vec4 155, 0, 8;
    %store/vec4 v00000174f7e8ebc0_0, 0, 8;
    %jmp T_34.256;
T_34.233 ;
    %pushi/vec4 30, 0, 8;
    %store/vec4 v00000174f7e8ebc0_0, 0, 8;
    %jmp T_34.256;
T_34.234 ;
    %pushi/vec4 135, 0, 8;
    %store/vec4 v00000174f7e8ebc0_0, 0, 8;
    %jmp T_34.256;
T_34.235 ;
    %pushi/vec4 233, 0, 8;
    %store/vec4 v00000174f7e8ebc0_0, 0, 8;
    %jmp T_34.256;
T_34.236 ;
    %pushi/vec4 206, 0, 8;
    %store/vec4 v00000174f7e8ebc0_0, 0, 8;
    %jmp T_34.256;
T_34.237 ;
    %pushi/vec4 85, 0, 8;
    %store/vec4 v00000174f7e8ebc0_0, 0, 8;
    %jmp T_34.256;
T_34.238 ;
    %pushi/vec4 40, 0, 8;
    %store/vec4 v00000174f7e8ebc0_0, 0, 8;
    %jmp T_34.256;
T_34.239 ;
    %pushi/vec4 223, 0, 8;
    %store/vec4 v00000174f7e8ebc0_0, 0, 8;
    %jmp T_34.256;
T_34.240 ;
    %pushi/vec4 140, 0, 8;
    %store/vec4 v00000174f7e8ebc0_0, 0, 8;
    %jmp T_34.256;
T_34.241 ;
    %pushi/vec4 161, 0, 8;
    %store/vec4 v00000174f7e8ebc0_0, 0, 8;
    %jmp T_34.256;
T_34.242 ;
    %pushi/vec4 137, 0, 8;
    %store/vec4 v00000174f7e8ebc0_0, 0, 8;
    %jmp T_34.256;
T_34.243 ;
    %pushi/vec4 13, 0, 8;
    %store/vec4 v00000174f7e8ebc0_0, 0, 8;
    %jmp T_34.256;
T_34.244 ;
    %pushi/vec4 191, 0, 8;
    %store/vec4 v00000174f7e8ebc0_0, 0, 8;
    %jmp T_34.256;
T_34.245 ;
    %pushi/vec4 230, 0, 8;
    %store/vec4 v00000174f7e8ebc0_0, 0, 8;
    %jmp T_34.256;
T_34.246 ;
    %pushi/vec4 66, 0, 8;
    %store/vec4 v00000174f7e8ebc0_0, 0, 8;
    %jmp T_34.256;
T_34.247 ;
    %pushi/vec4 104, 0, 8;
    %store/vec4 v00000174f7e8ebc0_0, 0, 8;
    %jmp T_34.256;
T_34.248 ;
    %pushi/vec4 65, 0, 8;
    %store/vec4 v00000174f7e8ebc0_0, 0, 8;
    %jmp T_34.256;
T_34.249 ;
    %pushi/vec4 153, 0, 8;
    %store/vec4 v00000174f7e8ebc0_0, 0, 8;
    %jmp T_34.256;
T_34.250 ;
    %pushi/vec4 45, 0, 8;
    %store/vec4 v00000174f7e8ebc0_0, 0, 8;
    %jmp T_34.256;
T_34.251 ;
    %pushi/vec4 15, 0, 8;
    %store/vec4 v00000174f7e8ebc0_0, 0, 8;
    %jmp T_34.256;
T_34.252 ;
    %pushi/vec4 176, 0, 8;
    %store/vec4 v00000174f7e8ebc0_0, 0, 8;
    %jmp T_34.256;
T_34.253 ;
    %pushi/vec4 84, 0, 8;
    %store/vec4 v00000174f7e8ebc0_0, 0, 8;
    %jmp T_34.256;
T_34.254 ;
    %pushi/vec4 187, 0, 8;
    %store/vec4 v00000174f7e8ebc0_0, 0, 8;
    %jmp T_34.256;
T_34.255 ;
    %pushi/vec4 22, 0, 8;
    %store/vec4 v00000174f7e8ebc0_0, 0, 8;
    %jmp T_34.256;
T_34.256 ;
    %pop/vec4 1;
    %jmp T_34;
    .thread T_34, $push;
    .scope S_00000174f7e94bc0;
T_35 ;
    %wait E_00000174f7e06850;
    %load/vec4 v00000174f7e90100_0;
    %dup/vec4;
    %pushi/vec4 0, 0, 8;
    %cmp/u;
    %jmp/1 T_35.0, 6;
    %dup/vec4;
    %pushi/vec4 1, 0, 8;
    %cmp/u;
    %jmp/1 T_35.1, 6;
    %dup/vec4;
    %pushi/vec4 2, 0, 8;
    %cmp/u;
    %jmp/1 T_35.2, 6;
    %dup/vec4;
    %pushi/vec4 3, 0, 8;
    %cmp/u;
    %jmp/1 T_35.3, 6;
    %dup/vec4;
    %pushi/vec4 4, 0, 8;
    %cmp/u;
    %jmp/1 T_35.4, 6;
    %dup/vec4;
    %pushi/vec4 5, 0, 8;
    %cmp/u;
    %jmp/1 T_35.5, 6;
    %dup/vec4;
    %pushi/vec4 6, 0, 8;
    %cmp/u;
    %jmp/1 T_35.6, 6;
    %dup/vec4;
    %pushi/vec4 7, 0, 8;
    %cmp/u;
    %jmp/1 T_35.7, 6;
    %dup/vec4;
    %pushi/vec4 8, 0, 8;
    %cmp/u;
    %jmp/1 T_35.8, 6;
    %dup/vec4;
    %pushi/vec4 9, 0, 8;
    %cmp/u;
    %jmp/1 T_35.9, 6;
    %dup/vec4;
    %pushi/vec4 10, 0, 8;
    %cmp/u;
    %jmp/1 T_35.10, 6;
    %dup/vec4;
    %pushi/vec4 11, 0, 8;
    %cmp/u;
    %jmp/1 T_35.11, 6;
    %dup/vec4;
    %pushi/vec4 12, 0, 8;
    %cmp/u;
    %jmp/1 T_35.12, 6;
    %dup/vec4;
    %pushi/vec4 13, 0, 8;
    %cmp/u;
    %jmp/1 T_35.13, 6;
    %dup/vec4;
    %pushi/vec4 14, 0, 8;
    %cmp/u;
    %jmp/1 T_35.14, 6;
    %dup/vec4;
    %pushi/vec4 15, 0, 8;
    %cmp/u;
    %jmp/1 T_35.15, 6;
    %dup/vec4;
    %pushi/vec4 16, 0, 8;
    %cmp/u;
    %jmp/1 T_35.16, 6;
    %dup/vec4;
    %pushi/vec4 17, 0, 8;
    %cmp/u;
    %jmp/1 T_35.17, 6;
    %dup/vec4;
    %pushi/vec4 18, 0, 8;
    %cmp/u;
    %jmp/1 T_35.18, 6;
    %dup/vec4;
    %pushi/vec4 19, 0, 8;
    %cmp/u;
    %jmp/1 T_35.19, 6;
    %dup/vec4;
    %pushi/vec4 20, 0, 8;
    %cmp/u;
    %jmp/1 T_35.20, 6;
    %dup/vec4;
    %pushi/vec4 21, 0, 8;
    %cmp/u;
    %jmp/1 T_35.21, 6;
    %dup/vec4;
    %pushi/vec4 22, 0, 8;
    %cmp/u;
    %jmp/1 T_35.22, 6;
    %dup/vec4;
    %pushi/vec4 23, 0, 8;
    %cmp/u;
    %jmp/1 T_35.23, 6;
    %dup/vec4;
    %pushi/vec4 24, 0, 8;
    %cmp/u;
    %jmp/1 T_35.24, 6;
    %dup/vec4;
    %pushi/vec4 25, 0, 8;
    %cmp/u;
    %jmp/1 T_35.25, 6;
    %dup/vec4;
    %pushi/vec4 26, 0, 8;
    %cmp/u;
    %jmp/1 T_35.26, 6;
    %dup/vec4;
    %pushi/vec4 27, 0, 8;
    %cmp/u;
    %jmp/1 T_35.27, 6;
    %dup/vec4;
    %pushi/vec4 28, 0, 8;
    %cmp/u;
    %jmp/1 T_35.28, 6;
    %dup/vec4;
    %pushi/vec4 29, 0, 8;
    %cmp/u;
    %jmp/1 T_35.29, 6;
    %dup/vec4;
    %pushi/vec4 30, 0, 8;
    %cmp/u;
    %jmp/1 T_35.30, 6;
    %dup/vec4;
    %pushi/vec4 31, 0, 8;
    %cmp/u;
    %jmp/1 T_35.31, 6;
    %dup/vec4;
    %pushi/vec4 32, 0, 8;
    %cmp/u;
    %jmp/1 T_35.32, 6;
    %dup/vec4;
    %pushi/vec4 33, 0, 8;
    %cmp/u;
    %jmp/1 T_35.33, 6;
    %dup/vec4;
    %pushi/vec4 34, 0, 8;
    %cmp/u;
    %jmp/1 T_35.34, 6;
    %dup/vec4;
    %pushi/vec4 35, 0, 8;
    %cmp/u;
    %jmp/1 T_35.35, 6;
    %dup/vec4;
    %pushi/vec4 36, 0, 8;
    %cmp/u;
    %jmp/1 T_35.36, 6;
    %dup/vec4;
    %pushi/vec4 37, 0, 8;
    %cmp/u;
    %jmp/1 T_35.37, 6;
    %dup/vec4;
    %pushi/vec4 38, 0, 8;
    %cmp/u;
    %jmp/1 T_35.38, 6;
    %dup/vec4;
    %pushi/vec4 39, 0, 8;
    %cmp/u;
    %jmp/1 T_35.39, 6;
    %dup/vec4;
    %pushi/vec4 40, 0, 8;
    %cmp/u;
    %jmp/1 T_35.40, 6;
    %dup/vec4;
    %pushi/vec4 41, 0, 8;
    %cmp/u;
    %jmp/1 T_35.41, 6;
    %dup/vec4;
    %pushi/vec4 42, 0, 8;
    %cmp/u;
    %jmp/1 T_35.42, 6;
    %dup/vec4;
    %pushi/vec4 43, 0, 8;
    %cmp/u;
    %jmp/1 T_35.43, 6;
    %dup/vec4;
    %pushi/vec4 44, 0, 8;
    %cmp/u;
    %jmp/1 T_35.44, 6;
    %dup/vec4;
    %pushi/vec4 45, 0, 8;
    %cmp/u;
    %jmp/1 T_35.45, 6;
    %dup/vec4;
    %pushi/vec4 46, 0, 8;
    %cmp/u;
    %jmp/1 T_35.46, 6;
    %dup/vec4;
    %pushi/vec4 47, 0, 8;
    %cmp/u;
    %jmp/1 T_35.47, 6;
    %dup/vec4;
    %pushi/vec4 48, 0, 8;
    %cmp/u;
    %jmp/1 T_35.48, 6;
    %dup/vec4;
    %pushi/vec4 49, 0, 8;
    %cmp/u;
    %jmp/1 T_35.49, 6;
    %dup/vec4;
    %pushi/vec4 50, 0, 8;
    %cmp/u;
    %jmp/1 T_35.50, 6;
    %dup/vec4;
    %pushi/vec4 51, 0, 8;
    %cmp/u;
    %jmp/1 T_35.51, 6;
    %dup/vec4;
    %pushi/vec4 52, 0, 8;
    %cmp/u;
    %jmp/1 T_35.52, 6;
    %dup/vec4;
    %pushi/vec4 53, 0, 8;
    %cmp/u;
    %jmp/1 T_35.53, 6;
    %dup/vec4;
    %pushi/vec4 54, 0, 8;
    %cmp/u;
    %jmp/1 T_35.54, 6;
    %dup/vec4;
    %pushi/vec4 55, 0, 8;
    %cmp/u;
    %jmp/1 T_35.55, 6;
    %dup/vec4;
    %pushi/vec4 56, 0, 8;
    %cmp/u;
    %jmp/1 T_35.56, 6;
    %dup/vec4;
    %pushi/vec4 57, 0, 8;
    %cmp/u;
    %jmp/1 T_35.57, 6;
    %dup/vec4;
    %pushi/vec4 58, 0, 8;
    %cmp/u;
    %jmp/1 T_35.58, 6;
    %dup/vec4;
    %pushi/vec4 59, 0, 8;
    %cmp/u;
    %jmp/1 T_35.59, 6;
    %dup/vec4;
    %pushi/vec4 60, 0, 8;
    %cmp/u;
    %jmp/1 T_35.60, 6;
    %dup/vec4;
    %pushi/vec4 61, 0, 8;
    %cmp/u;
    %jmp/1 T_35.61, 6;
    %dup/vec4;
    %pushi/vec4 62, 0, 8;
    %cmp/u;
    %jmp/1 T_35.62, 6;
    %dup/vec4;
    %pushi/vec4 63, 0, 8;
    %cmp/u;
    %jmp/1 T_35.63, 6;
    %dup/vec4;
    %pushi/vec4 64, 0, 8;
    %cmp/u;
    %jmp/1 T_35.64, 6;
    %dup/vec4;
    %pushi/vec4 65, 0, 8;
    %cmp/u;
    %jmp/1 T_35.65, 6;
    %dup/vec4;
    %pushi/vec4 66, 0, 8;
    %cmp/u;
    %jmp/1 T_35.66, 6;
    %dup/vec4;
    %pushi/vec4 67, 0, 8;
    %cmp/u;
    %jmp/1 T_35.67, 6;
    %dup/vec4;
    %pushi/vec4 68, 0, 8;
    %cmp/u;
    %jmp/1 T_35.68, 6;
    %dup/vec4;
    %pushi/vec4 69, 0, 8;
    %cmp/u;
    %jmp/1 T_35.69, 6;
    %dup/vec4;
    %pushi/vec4 70, 0, 8;
    %cmp/u;
    %jmp/1 T_35.70, 6;
    %dup/vec4;
    %pushi/vec4 71, 0, 8;
    %cmp/u;
    %jmp/1 T_35.71, 6;
    %dup/vec4;
    %pushi/vec4 72, 0, 8;
    %cmp/u;
    %jmp/1 T_35.72, 6;
    %dup/vec4;
    %pushi/vec4 73, 0, 8;
    %cmp/u;
    %jmp/1 T_35.73, 6;
    %dup/vec4;
    %pushi/vec4 74, 0, 8;
    %cmp/u;
    %jmp/1 T_35.74, 6;
    %dup/vec4;
    %pushi/vec4 75, 0, 8;
    %cmp/u;
    %jmp/1 T_35.75, 6;
    %dup/vec4;
    %pushi/vec4 76, 0, 8;
    %cmp/u;
    %jmp/1 T_35.76, 6;
    %dup/vec4;
    %pushi/vec4 77, 0, 8;
    %cmp/u;
    %jmp/1 T_35.77, 6;
    %dup/vec4;
    %pushi/vec4 78, 0, 8;
    %cmp/u;
    %jmp/1 T_35.78, 6;
    %dup/vec4;
    %pushi/vec4 79, 0, 8;
    %cmp/u;
    %jmp/1 T_35.79, 6;
    %dup/vec4;
    %pushi/vec4 80, 0, 8;
    %cmp/u;
    %jmp/1 T_35.80, 6;
    %dup/vec4;
    %pushi/vec4 81, 0, 8;
    %cmp/u;
    %jmp/1 T_35.81, 6;
    %dup/vec4;
    %pushi/vec4 82, 0, 8;
    %cmp/u;
    %jmp/1 T_35.82, 6;
    %dup/vec4;
    %pushi/vec4 83, 0, 8;
    %cmp/u;
    %jmp/1 T_35.83, 6;
    %dup/vec4;
    %pushi/vec4 84, 0, 8;
    %cmp/u;
    %jmp/1 T_35.84, 6;
    %dup/vec4;
    %pushi/vec4 85, 0, 8;
    %cmp/u;
    %jmp/1 T_35.85, 6;
    %dup/vec4;
    %pushi/vec4 86, 0, 8;
    %cmp/u;
    %jmp/1 T_35.86, 6;
    %dup/vec4;
    %pushi/vec4 87, 0, 8;
    %cmp/u;
    %jmp/1 T_35.87, 6;
    %dup/vec4;
    %pushi/vec4 88, 0, 8;
    %cmp/u;
    %jmp/1 T_35.88, 6;
    %dup/vec4;
    %pushi/vec4 89, 0, 8;
    %cmp/u;
    %jmp/1 T_35.89, 6;
    %dup/vec4;
    %pushi/vec4 90, 0, 8;
    %cmp/u;
    %jmp/1 T_35.90, 6;
    %dup/vec4;
    %pushi/vec4 91, 0, 8;
    %cmp/u;
    %jmp/1 T_35.91, 6;
    %dup/vec4;
    %pushi/vec4 92, 0, 8;
    %cmp/u;
    %jmp/1 T_35.92, 6;
    %dup/vec4;
    %pushi/vec4 93, 0, 8;
    %cmp/u;
    %jmp/1 T_35.93, 6;
    %dup/vec4;
    %pushi/vec4 94, 0, 8;
    %cmp/u;
    %jmp/1 T_35.94, 6;
    %dup/vec4;
    %pushi/vec4 95, 0, 8;
    %cmp/u;
    %jmp/1 T_35.95, 6;
    %dup/vec4;
    %pushi/vec4 96, 0, 8;
    %cmp/u;
    %jmp/1 T_35.96, 6;
    %dup/vec4;
    %pushi/vec4 97, 0, 8;
    %cmp/u;
    %jmp/1 T_35.97, 6;
    %dup/vec4;
    %pushi/vec4 98, 0, 8;
    %cmp/u;
    %jmp/1 T_35.98, 6;
    %dup/vec4;
    %pushi/vec4 99, 0, 8;
    %cmp/u;
    %jmp/1 T_35.99, 6;
    %dup/vec4;
    %pushi/vec4 100, 0, 8;
    %cmp/u;
    %jmp/1 T_35.100, 6;
    %dup/vec4;
    %pushi/vec4 101, 0, 8;
    %cmp/u;
    %jmp/1 T_35.101, 6;
    %dup/vec4;
    %pushi/vec4 102, 0, 8;
    %cmp/u;
    %jmp/1 T_35.102, 6;
    %dup/vec4;
    %pushi/vec4 103, 0, 8;
    %cmp/u;
    %jmp/1 T_35.103, 6;
    %dup/vec4;
    %pushi/vec4 104, 0, 8;
    %cmp/u;
    %jmp/1 T_35.104, 6;
    %dup/vec4;
    %pushi/vec4 105, 0, 8;
    %cmp/u;
    %jmp/1 T_35.105, 6;
    %dup/vec4;
    %pushi/vec4 106, 0, 8;
    %cmp/u;
    %jmp/1 T_35.106, 6;
    %dup/vec4;
    %pushi/vec4 107, 0, 8;
    %cmp/u;
    %jmp/1 T_35.107, 6;
    %dup/vec4;
    %pushi/vec4 108, 0, 8;
    %cmp/u;
    %jmp/1 T_35.108, 6;
    %dup/vec4;
    %pushi/vec4 109, 0, 8;
    %cmp/u;
    %jmp/1 T_35.109, 6;
    %dup/vec4;
    %pushi/vec4 110, 0, 8;
    %cmp/u;
    %jmp/1 T_35.110, 6;
    %dup/vec4;
    %pushi/vec4 111, 0, 8;
    %cmp/u;
    %jmp/1 T_35.111, 6;
    %dup/vec4;
    %pushi/vec4 112, 0, 8;
    %cmp/u;
    %jmp/1 T_35.112, 6;
    %dup/vec4;
    %pushi/vec4 113, 0, 8;
    %cmp/u;
    %jmp/1 T_35.113, 6;
    %dup/vec4;
    %pushi/vec4 114, 0, 8;
    %cmp/u;
    %jmp/1 T_35.114, 6;
    %dup/vec4;
    %pushi/vec4 115, 0, 8;
    %cmp/u;
    %jmp/1 T_35.115, 6;
    %dup/vec4;
    %pushi/vec4 116, 0, 8;
    %cmp/u;
    %jmp/1 T_35.116, 6;
    %dup/vec4;
    %pushi/vec4 117, 0, 8;
    %cmp/u;
    %jmp/1 T_35.117, 6;
    %dup/vec4;
    %pushi/vec4 118, 0, 8;
    %cmp/u;
    %jmp/1 T_35.118, 6;
    %dup/vec4;
    %pushi/vec4 119, 0, 8;
    %cmp/u;
    %jmp/1 T_35.119, 6;
    %dup/vec4;
    %pushi/vec4 120, 0, 8;
    %cmp/u;
    %jmp/1 T_35.120, 6;
    %dup/vec4;
    %pushi/vec4 121, 0, 8;
    %cmp/u;
    %jmp/1 T_35.121, 6;
    %dup/vec4;
    %pushi/vec4 122, 0, 8;
    %cmp/u;
    %jmp/1 T_35.122, 6;
    %dup/vec4;
    %pushi/vec4 123, 0, 8;
    %cmp/u;
    %jmp/1 T_35.123, 6;
    %dup/vec4;
    %pushi/vec4 124, 0, 8;
    %cmp/u;
    %jmp/1 T_35.124, 6;
    %dup/vec4;
    %pushi/vec4 125, 0, 8;
    %cmp/u;
    %jmp/1 T_35.125, 6;
    %dup/vec4;
    %pushi/vec4 126, 0, 8;
    %cmp/u;
    %jmp/1 T_35.126, 6;
    %dup/vec4;
    %pushi/vec4 127, 0, 8;
    %cmp/u;
    %jmp/1 T_35.127, 6;
    %dup/vec4;
    %pushi/vec4 128, 0, 8;
    %cmp/u;
    %jmp/1 T_35.128, 6;
    %dup/vec4;
    %pushi/vec4 129, 0, 8;
    %cmp/u;
    %jmp/1 T_35.129, 6;
    %dup/vec4;
    %pushi/vec4 130, 0, 8;
    %cmp/u;
    %jmp/1 T_35.130, 6;
    %dup/vec4;
    %pushi/vec4 131, 0, 8;
    %cmp/u;
    %jmp/1 T_35.131, 6;
    %dup/vec4;
    %pushi/vec4 132, 0, 8;
    %cmp/u;
    %jmp/1 T_35.132, 6;
    %dup/vec4;
    %pushi/vec4 133, 0, 8;
    %cmp/u;
    %jmp/1 T_35.133, 6;
    %dup/vec4;
    %pushi/vec4 134, 0, 8;
    %cmp/u;
    %jmp/1 T_35.134, 6;
    %dup/vec4;
    %pushi/vec4 135, 0, 8;
    %cmp/u;
    %jmp/1 T_35.135, 6;
    %dup/vec4;
    %pushi/vec4 136, 0, 8;
    %cmp/u;
    %jmp/1 T_35.136, 6;
    %dup/vec4;
    %pushi/vec4 137, 0, 8;
    %cmp/u;
    %jmp/1 T_35.137, 6;
    %dup/vec4;
    %pushi/vec4 138, 0, 8;
    %cmp/u;
    %jmp/1 T_35.138, 6;
    %dup/vec4;
    %pushi/vec4 139, 0, 8;
    %cmp/u;
    %jmp/1 T_35.139, 6;
    %dup/vec4;
    %pushi/vec4 140, 0, 8;
    %cmp/u;
    %jmp/1 T_35.140, 6;
    %dup/vec4;
    %pushi/vec4 141, 0, 8;
    %cmp/u;
    %jmp/1 T_35.141, 6;
    %dup/vec4;
    %pushi/vec4 142, 0, 8;
    %cmp/u;
    %jmp/1 T_35.142, 6;
    %dup/vec4;
    %pushi/vec4 143, 0, 8;
    %cmp/u;
    %jmp/1 T_35.143, 6;
    %dup/vec4;
    %pushi/vec4 144, 0, 8;
    %cmp/u;
    %jmp/1 T_35.144, 6;
    %dup/vec4;
    %pushi/vec4 145, 0, 8;
    %cmp/u;
    %jmp/1 T_35.145, 6;
    %dup/vec4;
    %pushi/vec4 146, 0, 8;
    %cmp/u;
    %jmp/1 T_35.146, 6;
    %dup/vec4;
    %pushi/vec4 147, 0, 8;
    %cmp/u;
    %jmp/1 T_35.147, 6;
    %dup/vec4;
    %pushi/vec4 148, 0, 8;
    %cmp/u;
    %jmp/1 T_35.148, 6;
    %dup/vec4;
    %pushi/vec4 149, 0, 8;
    %cmp/u;
    %jmp/1 T_35.149, 6;
    %dup/vec4;
    %pushi/vec4 150, 0, 8;
    %cmp/u;
    %jmp/1 T_35.150, 6;
    %dup/vec4;
    %pushi/vec4 151, 0, 8;
    %cmp/u;
    %jmp/1 T_35.151, 6;
    %dup/vec4;
    %pushi/vec4 152, 0, 8;
    %cmp/u;
    %jmp/1 T_35.152, 6;
    %dup/vec4;
    %pushi/vec4 153, 0, 8;
    %cmp/u;
    %jmp/1 T_35.153, 6;
    %dup/vec4;
    %pushi/vec4 154, 0, 8;
    %cmp/u;
    %jmp/1 T_35.154, 6;
    %dup/vec4;
    %pushi/vec4 155, 0, 8;
    %cmp/u;
    %jmp/1 T_35.155, 6;
    %dup/vec4;
    %pushi/vec4 156, 0, 8;
    %cmp/u;
    %jmp/1 T_35.156, 6;
    %dup/vec4;
    %pushi/vec4 157, 0, 8;
    %cmp/u;
    %jmp/1 T_35.157, 6;
    %dup/vec4;
    %pushi/vec4 158, 0, 8;
    %cmp/u;
    %jmp/1 T_35.158, 6;
    %dup/vec4;
    %pushi/vec4 159, 0, 8;
    %cmp/u;
    %jmp/1 T_35.159, 6;
    %dup/vec4;
    %pushi/vec4 160, 0, 8;
    %cmp/u;
    %jmp/1 T_35.160, 6;
    %dup/vec4;
    %pushi/vec4 161, 0, 8;
    %cmp/u;
    %jmp/1 T_35.161, 6;
    %dup/vec4;
    %pushi/vec4 162, 0, 8;
    %cmp/u;
    %jmp/1 T_35.162, 6;
    %dup/vec4;
    %pushi/vec4 163, 0, 8;
    %cmp/u;
    %jmp/1 T_35.163, 6;
    %dup/vec4;
    %pushi/vec4 164, 0, 8;
    %cmp/u;
    %jmp/1 T_35.164, 6;
    %dup/vec4;
    %pushi/vec4 165, 0, 8;
    %cmp/u;
    %jmp/1 T_35.165, 6;
    %dup/vec4;
    %pushi/vec4 166, 0, 8;
    %cmp/u;
    %jmp/1 T_35.166, 6;
    %dup/vec4;
    %pushi/vec4 167, 0, 8;
    %cmp/u;
    %jmp/1 T_35.167, 6;
    %dup/vec4;
    %pushi/vec4 168, 0, 8;
    %cmp/u;
    %jmp/1 T_35.168, 6;
    %dup/vec4;
    %pushi/vec4 169, 0, 8;
    %cmp/u;
    %jmp/1 T_35.169, 6;
    %dup/vec4;
    %pushi/vec4 170, 0, 8;
    %cmp/u;
    %jmp/1 T_35.170, 6;
    %dup/vec4;
    %pushi/vec4 171, 0, 8;
    %cmp/u;
    %jmp/1 T_35.171, 6;
    %dup/vec4;
    %pushi/vec4 172, 0, 8;
    %cmp/u;
    %jmp/1 T_35.172, 6;
    %dup/vec4;
    %pushi/vec4 173, 0, 8;
    %cmp/u;
    %jmp/1 T_35.173, 6;
    %dup/vec4;
    %pushi/vec4 174, 0, 8;
    %cmp/u;
    %jmp/1 T_35.174, 6;
    %dup/vec4;
    %pushi/vec4 175, 0, 8;
    %cmp/u;
    %jmp/1 T_35.175, 6;
    %dup/vec4;
    %pushi/vec4 176, 0, 8;
    %cmp/u;
    %jmp/1 T_35.176, 6;
    %dup/vec4;
    %pushi/vec4 177, 0, 8;
    %cmp/u;
    %jmp/1 T_35.177, 6;
    %dup/vec4;
    %pushi/vec4 178, 0, 8;
    %cmp/u;
    %jmp/1 T_35.178, 6;
    %dup/vec4;
    %pushi/vec4 179, 0, 8;
    %cmp/u;
    %jmp/1 T_35.179, 6;
    %dup/vec4;
    %pushi/vec4 180, 0, 8;
    %cmp/u;
    %jmp/1 T_35.180, 6;
    %dup/vec4;
    %pushi/vec4 181, 0, 8;
    %cmp/u;
    %jmp/1 T_35.181, 6;
    %dup/vec4;
    %pushi/vec4 182, 0, 8;
    %cmp/u;
    %jmp/1 T_35.182, 6;
    %dup/vec4;
    %pushi/vec4 183, 0, 8;
    %cmp/u;
    %jmp/1 T_35.183, 6;
    %dup/vec4;
    %pushi/vec4 184, 0, 8;
    %cmp/u;
    %jmp/1 T_35.184, 6;
    %dup/vec4;
    %pushi/vec4 185, 0, 8;
    %cmp/u;
    %jmp/1 T_35.185, 6;
    %dup/vec4;
    %pushi/vec4 186, 0, 8;
    %cmp/u;
    %jmp/1 T_35.186, 6;
    %dup/vec4;
    %pushi/vec4 187, 0, 8;
    %cmp/u;
    %jmp/1 T_35.187, 6;
    %dup/vec4;
    %pushi/vec4 188, 0, 8;
    %cmp/u;
    %jmp/1 T_35.188, 6;
    %dup/vec4;
    %pushi/vec4 189, 0, 8;
    %cmp/u;
    %jmp/1 T_35.189, 6;
    %dup/vec4;
    %pushi/vec4 190, 0, 8;
    %cmp/u;
    %jmp/1 T_35.190, 6;
    %dup/vec4;
    %pushi/vec4 191, 0, 8;
    %cmp/u;
    %jmp/1 T_35.191, 6;
    %dup/vec4;
    %pushi/vec4 192, 0, 8;
    %cmp/u;
    %jmp/1 T_35.192, 6;
    %dup/vec4;
    %pushi/vec4 193, 0, 8;
    %cmp/u;
    %jmp/1 T_35.193, 6;
    %dup/vec4;
    %pushi/vec4 194, 0, 8;
    %cmp/u;
    %jmp/1 T_35.194, 6;
    %dup/vec4;
    %pushi/vec4 195, 0, 8;
    %cmp/u;
    %jmp/1 T_35.195, 6;
    %dup/vec4;
    %pushi/vec4 196, 0, 8;
    %cmp/u;
    %jmp/1 T_35.196, 6;
    %dup/vec4;
    %pushi/vec4 197, 0, 8;
    %cmp/u;
    %jmp/1 T_35.197, 6;
    %dup/vec4;
    %pushi/vec4 198, 0, 8;
    %cmp/u;
    %jmp/1 T_35.198, 6;
    %dup/vec4;
    %pushi/vec4 199, 0, 8;
    %cmp/u;
    %jmp/1 T_35.199, 6;
    %dup/vec4;
    %pushi/vec4 200, 0, 8;
    %cmp/u;
    %jmp/1 T_35.200, 6;
    %dup/vec4;
    %pushi/vec4 201, 0, 8;
    %cmp/u;
    %jmp/1 T_35.201, 6;
    %dup/vec4;
    %pushi/vec4 202, 0, 8;
    %cmp/u;
    %jmp/1 T_35.202, 6;
    %dup/vec4;
    %pushi/vec4 203, 0, 8;
    %cmp/u;
    %jmp/1 T_35.203, 6;
    %dup/vec4;
    %pushi/vec4 204, 0, 8;
    %cmp/u;
    %jmp/1 T_35.204, 6;
    %dup/vec4;
    %pushi/vec4 205, 0, 8;
    %cmp/u;
    %jmp/1 T_35.205, 6;
    %dup/vec4;
    %pushi/vec4 206, 0, 8;
    %cmp/u;
    %jmp/1 T_35.206, 6;
    %dup/vec4;
    %pushi/vec4 207, 0, 8;
    %cmp/u;
    %jmp/1 T_35.207, 6;
    %dup/vec4;
    %pushi/vec4 208, 0, 8;
    %cmp/u;
    %jmp/1 T_35.208, 6;
    %dup/vec4;
    %pushi/vec4 209, 0, 8;
    %cmp/u;
    %jmp/1 T_35.209, 6;
    %dup/vec4;
    %pushi/vec4 210, 0, 8;
    %cmp/u;
    %jmp/1 T_35.210, 6;
    %dup/vec4;
    %pushi/vec4 211, 0, 8;
    %cmp/u;
    %jmp/1 T_35.211, 6;
    %dup/vec4;
    %pushi/vec4 212, 0, 8;
    %cmp/u;
    %jmp/1 T_35.212, 6;
    %dup/vec4;
    %pushi/vec4 213, 0, 8;
    %cmp/u;
    %jmp/1 T_35.213, 6;
    %dup/vec4;
    %pushi/vec4 214, 0, 8;
    %cmp/u;
    %jmp/1 T_35.214, 6;
    %dup/vec4;
    %pushi/vec4 215, 0, 8;
    %cmp/u;
    %jmp/1 T_35.215, 6;
    %dup/vec4;
    %pushi/vec4 216, 0, 8;
    %cmp/u;
    %jmp/1 T_35.216, 6;
    %dup/vec4;
    %pushi/vec4 217, 0, 8;
    %cmp/u;
    %jmp/1 T_35.217, 6;
    %dup/vec4;
    %pushi/vec4 218, 0, 8;
    %cmp/u;
    %jmp/1 T_35.218, 6;
    %dup/vec4;
    %pushi/vec4 219, 0, 8;
    %cmp/u;
    %jmp/1 T_35.219, 6;
    %dup/vec4;
    %pushi/vec4 220, 0, 8;
    %cmp/u;
    %jmp/1 T_35.220, 6;
    %dup/vec4;
    %pushi/vec4 221, 0, 8;
    %cmp/u;
    %jmp/1 T_35.221, 6;
    %dup/vec4;
    %pushi/vec4 222, 0, 8;
    %cmp/u;
    %jmp/1 T_35.222, 6;
    %dup/vec4;
    %pushi/vec4 223, 0, 8;
    %cmp/u;
    %jmp/1 T_35.223, 6;
    %dup/vec4;
    %pushi/vec4 224, 0, 8;
    %cmp/u;
    %jmp/1 T_35.224, 6;
    %dup/vec4;
    %pushi/vec4 225, 0, 8;
    %cmp/u;
    %jmp/1 T_35.225, 6;
    %dup/vec4;
    %pushi/vec4 226, 0, 8;
    %cmp/u;
    %jmp/1 T_35.226, 6;
    %dup/vec4;
    %pushi/vec4 227, 0, 8;
    %cmp/u;
    %jmp/1 T_35.227, 6;
    %dup/vec4;
    %pushi/vec4 228, 0, 8;
    %cmp/u;
    %jmp/1 T_35.228, 6;
    %dup/vec4;
    %pushi/vec4 229, 0, 8;
    %cmp/u;
    %jmp/1 T_35.229, 6;
    %dup/vec4;
    %pushi/vec4 230, 0, 8;
    %cmp/u;
    %jmp/1 T_35.230, 6;
    %dup/vec4;
    %pushi/vec4 231, 0, 8;
    %cmp/u;
    %jmp/1 T_35.231, 6;
    %dup/vec4;
    %pushi/vec4 232, 0, 8;
    %cmp/u;
    %jmp/1 T_35.232, 6;
    %dup/vec4;
    %pushi/vec4 233, 0, 8;
    %cmp/u;
    %jmp/1 T_35.233, 6;
    %dup/vec4;
    %pushi/vec4 234, 0, 8;
    %cmp/u;
    %jmp/1 T_35.234, 6;
    %dup/vec4;
    %pushi/vec4 235, 0, 8;
    %cmp/u;
    %jmp/1 T_35.235, 6;
    %dup/vec4;
    %pushi/vec4 236, 0, 8;
    %cmp/u;
    %jmp/1 T_35.236, 6;
    %dup/vec4;
    %pushi/vec4 237, 0, 8;
    %cmp/u;
    %jmp/1 T_35.237, 6;
    %dup/vec4;
    %pushi/vec4 238, 0, 8;
    %cmp/u;
    %jmp/1 T_35.238, 6;
    %dup/vec4;
    %pushi/vec4 239, 0, 8;
    %cmp/u;
    %jmp/1 T_35.239, 6;
    %dup/vec4;
    %pushi/vec4 240, 0, 8;
    %cmp/u;
    %jmp/1 T_35.240, 6;
    %dup/vec4;
    %pushi/vec4 241, 0, 8;
    %cmp/u;
    %jmp/1 T_35.241, 6;
    %dup/vec4;
    %pushi/vec4 242, 0, 8;
    %cmp/u;
    %jmp/1 T_35.242, 6;
    %dup/vec4;
    %pushi/vec4 243, 0, 8;
    %cmp/u;
    %jmp/1 T_35.243, 6;
    %dup/vec4;
    %pushi/vec4 244, 0, 8;
    %cmp/u;
    %jmp/1 T_35.244, 6;
    %dup/vec4;
    %pushi/vec4 245, 0, 8;
    %cmp/u;
    %jmp/1 T_35.245, 6;
    %dup/vec4;
    %pushi/vec4 246, 0, 8;
    %cmp/u;
    %jmp/1 T_35.246, 6;
    %dup/vec4;
    %pushi/vec4 247, 0, 8;
    %cmp/u;
    %jmp/1 T_35.247, 6;
    %dup/vec4;
    %pushi/vec4 248, 0, 8;
    %cmp/u;
    %jmp/1 T_35.248, 6;
    %dup/vec4;
    %pushi/vec4 249, 0, 8;
    %cmp/u;
    %jmp/1 T_35.249, 6;
    %dup/vec4;
    %pushi/vec4 250, 0, 8;
    %cmp/u;
    %jmp/1 T_35.250, 6;
    %dup/vec4;
    %pushi/vec4 251, 0, 8;
    %cmp/u;
    %jmp/1 T_35.251, 6;
    %dup/vec4;
    %pushi/vec4 252, 0, 8;
    %cmp/u;
    %jmp/1 T_35.252, 6;
    %dup/vec4;
    %pushi/vec4 253, 0, 8;
    %cmp/u;
    %jmp/1 T_35.253, 6;
    %dup/vec4;
    %pushi/vec4 254, 0, 8;
    %cmp/u;
    %jmp/1 T_35.254, 6;
    %dup/vec4;
    %pushi/vec4 255, 0, 8;
    %cmp/u;
    %jmp/1 T_35.255, 6;
    %jmp T_35.256;
T_35.0 ;
    %pushi/vec4 99, 0, 8;
    %store/vec4 v00000174f7e8f660_0, 0, 8;
    %jmp T_35.256;
T_35.1 ;
    %pushi/vec4 124, 0, 8;
    %store/vec4 v00000174f7e8f660_0, 0, 8;
    %jmp T_35.256;
T_35.2 ;
    %pushi/vec4 119, 0, 8;
    %store/vec4 v00000174f7e8f660_0, 0, 8;
    %jmp T_35.256;
T_35.3 ;
    %pushi/vec4 123, 0, 8;
    %store/vec4 v00000174f7e8f660_0, 0, 8;
    %jmp T_35.256;
T_35.4 ;
    %pushi/vec4 242, 0, 8;
    %store/vec4 v00000174f7e8f660_0, 0, 8;
    %jmp T_35.256;
T_35.5 ;
    %pushi/vec4 107, 0, 8;
    %store/vec4 v00000174f7e8f660_0, 0, 8;
    %jmp T_35.256;
T_35.6 ;
    %pushi/vec4 111, 0, 8;
    %store/vec4 v00000174f7e8f660_0, 0, 8;
    %jmp T_35.256;
T_35.7 ;
    %pushi/vec4 197, 0, 8;
    %store/vec4 v00000174f7e8f660_0, 0, 8;
    %jmp T_35.256;
T_35.8 ;
    %pushi/vec4 48, 0, 8;
    %store/vec4 v00000174f7e8f660_0, 0, 8;
    %jmp T_35.256;
T_35.9 ;
    %pushi/vec4 1, 0, 8;
    %store/vec4 v00000174f7e8f660_0, 0, 8;
    %jmp T_35.256;
T_35.10 ;
    %pushi/vec4 103, 0, 8;
    %store/vec4 v00000174f7e8f660_0, 0, 8;
    %jmp T_35.256;
T_35.11 ;
    %pushi/vec4 43, 0, 8;
    %store/vec4 v00000174f7e8f660_0, 0, 8;
    %jmp T_35.256;
T_35.12 ;
    %pushi/vec4 254, 0, 8;
    %store/vec4 v00000174f7e8f660_0, 0, 8;
    %jmp T_35.256;
T_35.13 ;
    %pushi/vec4 215, 0, 8;
    %store/vec4 v00000174f7e8f660_0, 0, 8;
    %jmp T_35.256;
T_35.14 ;
    %pushi/vec4 171, 0, 8;
    %store/vec4 v00000174f7e8f660_0, 0, 8;
    %jmp T_35.256;
T_35.15 ;
    %pushi/vec4 118, 0, 8;
    %store/vec4 v00000174f7e8f660_0, 0, 8;
    %jmp T_35.256;
T_35.16 ;
    %pushi/vec4 202, 0, 8;
    %store/vec4 v00000174f7e8f660_0, 0, 8;
    %jmp T_35.256;
T_35.17 ;
    %pushi/vec4 130, 0, 8;
    %store/vec4 v00000174f7e8f660_0, 0, 8;
    %jmp T_35.256;
T_35.18 ;
    %pushi/vec4 201, 0, 8;
    %store/vec4 v00000174f7e8f660_0, 0, 8;
    %jmp T_35.256;
T_35.19 ;
    %pushi/vec4 125, 0, 8;
    %store/vec4 v00000174f7e8f660_0, 0, 8;
    %jmp T_35.256;
T_35.20 ;
    %pushi/vec4 250, 0, 8;
    %store/vec4 v00000174f7e8f660_0, 0, 8;
    %jmp T_35.256;
T_35.21 ;
    %pushi/vec4 89, 0, 8;
    %store/vec4 v00000174f7e8f660_0, 0, 8;
    %jmp T_35.256;
T_35.22 ;
    %pushi/vec4 71, 0, 8;
    %store/vec4 v00000174f7e8f660_0, 0, 8;
    %jmp T_35.256;
T_35.23 ;
    %pushi/vec4 240, 0, 8;
    %store/vec4 v00000174f7e8f660_0, 0, 8;
    %jmp T_35.256;
T_35.24 ;
    %pushi/vec4 173, 0, 8;
    %store/vec4 v00000174f7e8f660_0, 0, 8;
    %jmp T_35.256;
T_35.25 ;
    %pushi/vec4 212, 0, 8;
    %store/vec4 v00000174f7e8f660_0, 0, 8;
    %jmp T_35.256;
T_35.26 ;
    %pushi/vec4 162, 0, 8;
    %store/vec4 v00000174f7e8f660_0, 0, 8;
    %jmp T_35.256;
T_35.27 ;
    %pushi/vec4 175, 0, 8;
    %store/vec4 v00000174f7e8f660_0, 0, 8;
    %jmp T_35.256;
T_35.28 ;
    %pushi/vec4 156, 0, 8;
    %store/vec4 v00000174f7e8f660_0, 0, 8;
    %jmp T_35.256;
T_35.29 ;
    %pushi/vec4 164, 0, 8;
    %store/vec4 v00000174f7e8f660_0, 0, 8;
    %jmp T_35.256;
T_35.30 ;
    %pushi/vec4 114, 0, 8;
    %store/vec4 v00000174f7e8f660_0, 0, 8;
    %jmp T_35.256;
T_35.31 ;
    %pushi/vec4 192, 0, 8;
    %store/vec4 v00000174f7e8f660_0, 0, 8;
    %jmp T_35.256;
T_35.32 ;
    %pushi/vec4 183, 0, 8;
    %store/vec4 v00000174f7e8f660_0, 0, 8;
    %jmp T_35.256;
T_35.33 ;
    %pushi/vec4 253, 0, 8;
    %store/vec4 v00000174f7e8f660_0, 0, 8;
    %jmp T_35.256;
T_35.34 ;
    %pushi/vec4 147, 0, 8;
    %store/vec4 v00000174f7e8f660_0, 0, 8;
    %jmp T_35.256;
T_35.35 ;
    %pushi/vec4 38, 0, 8;
    %store/vec4 v00000174f7e8f660_0, 0, 8;
    %jmp T_35.256;
T_35.36 ;
    %pushi/vec4 54, 0, 8;
    %store/vec4 v00000174f7e8f660_0, 0, 8;
    %jmp T_35.256;
T_35.37 ;
    %pushi/vec4 63, 0, 8;
    %store/vec4 v00000174f7e8f660_0, 0, 8;
    %jmp T_35.256;
T_35.38 ;
    %pushi/vec4 247, 0, 8;
    %store/vec4 v00000174f7e8f660_0, 0, 8;
    %jmp T_35.256;
T_35.39 ;
    %pushi/vec4 204, 0, 8;
    %store/vec4 v00000174f7e8f660_0, 0, 8;
    %jmp T_35.256;
T_35.40 ;
    %pushi/vec4 52, 0, 8;
    %store/vec4 v00000174f7e8f660_0, 0, 8;
    %jmp T_35.256;
T_35.41 ;
    %pushi/vec4 165, 0, 8;
    %store/vec4 v00000174f7e8f660_0, 0, 8;
    %jmp T_35.256;
T_35.42 ;
    %pushi/vec4 229, 0, 8;
    %store/vec4 v00000174f7e8f660_0, 0, 8;
    %jmp T_35.256;
T_35.43 ;
    %pushi/vec4 241, 0, 8;
    %store/vec4 v00000174f7e8f660_0, 0, 8;
    %jmp T_35.256;
T_35.44 ;
    %pushi/vec4 113, 0, 8;
    %store/vec4 v00000174f7e8f660_0, 0, 8;
    %jmp T_35.256;
T_35.45 ;
    %pushi/vec4 216, 0, 8;
    %store/vec4 v00000174f7e8f660_0, 0, 8;
    %jmp T_35.256;
T_35.46 ;
    %pushi/vec4 49, 0, 8;
    %store/vec4 v00000174f7e8f660_0, 0, 8;
    %jmp T_35.256;
T_35.47 ;
    %pushi/vec4 21, 0, 8;
    %store/vec4 v00000174f7e8f660_0, 0, 8;
    %jmp T_35.256;
T_35.48 ;
    %pushi/vec4 4, 0, 8;
    %store/vec4 v00000174f7e8f660_0, 0, 8;
    %jmp T_35.256;
T_35.49 ;
    %pushi/vec4 199, 0, 8;
    %store/vec4 v00000174f7e8f660_0, 0, 8;
    %jmp T_35.256;
T_35.50 ;
    %pushi/vec4 35, 0, 8;
    %store/vec4 v00000174f7e8f660_0, 0, 8;
    %jmp T_35.256;
T_35.51 ;
    %pushi/vec4 195, 0, 8;
    %store/vec4 v00000174f7e8f660_0, 0, 8;
    %jmp T_35.256;
T_35.52 ;
    %pushi/vec4 24, 0, 8;
    %store/vec4 v00000174f7e8f660_0, 0, 8;
    %jmp T_35.256;
T_35.53 ;
    %pushi/vec4 150, 0, 8;
    %store/vec4 v00000174f7e8f660_0, 0, 8;
    %jmp T_35.256;
T_35.54 ;
    %pushi/vec4 5, 0, 8;
    %store/vec4 v00000174f7e8f660_0, 0, 8;
    %jmp T_35.256;
T_35.55 ;
    %pushi/vec4 154, 0, 8;
    %store/vec4 v00000174f7e8f660_0, 0, 8;
    %jmp T_35.256;
T_35.56 ;
    %pushi/vec4 7, 0, 8;
    %store/vec4 v00000174f7e8f660_0, 0, 8;
    %jmp T_35.256;
T_35.57 ;
    %pushi/vec4 18, 0, 8;
    %store/vec4 v00000174f7e8f660_0, 0, 8;
    %jmp T_35.256;
T_35.58 ;
    %pushi/vec4 128, 0, 8;
    %store/vec4 v00000174f7e8f660_0, 0, 8;
    %jmp T_35.256;
T_35.59 ;
    %pushi/vec4 226, 0, 8;
    %store/vec4 v00000174f7e8f660_0, 0, 8;
    %jmp T_35.256;
T_35.60 ;
    %pushi/vec4 235, 0, 8;
    %store/vec4 v00000174f7e8f660_0, 0, 8;
    %jmp T_35.256;
T_35.61 ;
    %pushi/vec4 39, 0, 8;
    %store/vec4 v00000174f7e8f660_0, 0, 8;
    %jmp T_35.256;
T_35.62 ;
    %pushi/vec4 178, 0, 8;
    %store/vec4 v00000174f7e8f660_0, 0, 8;
    %jmp T_35.256;
T_35.63 ;
    %pushi/vec4 117, 0, 8;
    %store/vec4 v00000174f7e8f660_0, 0, 8;
    %jmp T_35.256;
T_35.64 ;
    %pushi/vec4 9, 0, 8;
    %store/vec4 v00000174f7e8f660_0, 0, 8;
    %jmp T_35.256;
T_35.65 ;
    %pushi/vec4 131, 0, 8;
    %store/vec4 v00000174f7e8f660_0, 0, 8;
    %jmp T_35.256;
T_35.66 ;
    %pushi/vec4 44, 0, 8;
    %store/vec4 v00000174f7e8f660_0, 0, 8;
    %jmp T_35.256;
T_35.67 ;
    %pushi/vec4 26, 0, 8;
    %store/vec4 v00000174f7e8f660_0, 0, 8;
    %jmp T_35.256;
T_35.68 ;
    %pushi/vec4 27, 0, 8;
    %store/vec4 v00000174f7e8f660_0, 0, 8;
    %jmp T_35.256;
T_35.69 ;
    %pushi/vec4 110, 0, 8;
    %store/vec4 v00000174f7e8f660_0, 0, 8;
    %jmp T_35.256;
T_35.70 ;
    %pushi/vec4 90, 0, 8;
    %store/vec4 v00000174f7e8f660_0, 0, 8;
    %jmp T_35.256;
T_35.71 ;
    %pushi/vec4 160, 0, 8;
    %store/vec4 v00000174f7e8f660_0, 0, 8;
    %jmp T_35.256;
T_35.72 ;
    %pushi/vec4 82, 0, 8;
    %store/vec4 v00000174f7e8f660_0, 0, 8;
    %jmp T_35.256;
T_35.73 ;
    %pushi/vec4 59, 0, 8;
    %store/vec4 v00000174f7e8f660_0, 0, 8;
    %jmp T_35.256;
T_35.74 ;
    %pushi/vec4 214, 0, 8;
    %store/vec4 v00000174f7e8f660_0, 0, 8;
    %jmp T_35.256;
T_35.75 ;
    %pushi/vec4 179, 0, 8;
    %store/vec4 v00000174f7e8f660_0, 0, 8;
    %jmp T_35.256;
T_35.76 ;
    %pushi/vec4 41, 0, 8;
    %store/vec4 v00000174f7e8f660_0, 0, 8;
    %jmp T_35.256;
T_35.77 ;
    %pushi/vec4 227, 0, 8;
    %store/vec4 v00000174f7e8f660_0, 0, 8;
    %jmp T_35.256;
T_35.78 ;
    %pushi/vec4 47, 0, 8;
    %store/vec4 v00000174f7e8f660_0, 0, 8;
    %jmp T_35.256;
T_35.79 ;
    %pushi/vec4 132, 0, 8;
    %store/vec4 v00000174f7e8f660_0, 0, 8;
    %jmp T_35.256;
T_35.80 ;
    %pushi/vec4 83, 0, 8;
    %store/vec4 v00000174f7e8f660_0, 0, 8;
    %jmp T_35.256;
T_35.81 ;
    %pushi/vec4 209, 0, 8;
    %store/vec4 v00000174f7e8f660_0, 0, 8;
    %jmp T_35.256;
T_35.82 ;
    %pushi/vec4 0, 0, 8;
    %store/vec4 v00000174f7e8f660_0, 0, 8;
    %jmp T_35.256;
T_35.83 ;
    %pushi/vec4 237, 0, 8;
    %store/vec4 v00000174f7e8f660_0, 0, 8;
    %jmp T_35.256;
T_35.84 ;
    %pushi/vec4 32, 0, 8;
    %store/vec4 v00000174f7e8f660_0, 0, 8;
    %jmp T_35.256;
T_35.85 ;
    %pushi/vec4 252, 0, 8;
    %store/vec4 v00000174f7e8f660_0, 0, 8;
    %jmp T_35.256;
T_35.86 ;
    %pushi/vec4 177, 0, 8;
    %store/vec4 v00000174f7e8f660_0, 0, 8;
    %jmp T_35.256;
T_35.87 ;
    %pushi/vec4 91, 0, 8;
    %store/vec4 v00000174f7e8f660_0, 0, 8;
    %jmp T_35.256;
T_35.88 ;
    %pushi/vec4 106, 0, 8;
    %store/vec4 v00000174f7e8f660_0, 0, 8;
    %jmp T_35.256;
T_35.89 ;
    %pushi/vec4 203, 0, 8;
    %store/vec4 v00000174f7e8f660_0, 0, 8;
    %jmp T_35.256;
T_35.90 ;
    %pushi/vec4 190, 0, 8;
    %store/vec4 v00000174f7e8f660_0, 0, 8;
    %jmp T_35.256;
T_35.91 ;
    %pushi/vec4 57, 0, 8;
    %store/vec4 v00000174f7e8f660_0, 0, 8;
    %jmp T_35.256;
T_35.92 ;
    %pushi/vec4 74, 0, 8;
    %store/vec4 v00000174f7e8f660_0, 0, 8;
    %jmp T_35.256;
T_35.93 ;
    %pushi/vec4 76, 0, 8;
    %store/vec4 v00000174f7e8f660_0, 0, 8;
    %jmp T_35.256;
T_35.94 ;
    %pushi/vec4 88, 0, 8;
    %store/vec4 v00000174f7e8f660_0, 0, 8;
    %jmp T_35.256;
T_35.95 ;
    %pushi/vec4 207, 0, 8;
    %store/vec4 v00000174f7e8f660_0, 0, 8;
    %jmp T_35.256;
T_35.96 ;
    %pushi/vec4 208, 0, 8;
    %store/vec4 v00000174f7e8f660_0, 0, 8;
    %jmp T_35.256;
T_35.97 ;
    %pushi/vec4 239, 0, 8;
    %store/vec4 v00000174f7e8f660_0, 0, 8;
    %jmp T_35.256;
T_35.98 ;
    %pushi/vec4 170, 0, 8;
    %store/vec4 v00000174f7e8f660_0, 0, 8;
    %jmp T_35.256;
T_35.99 ;
    %pushi/vec4 251, 0, 8;
    %store/vec4 v00000174f7e8f660_0, 0, 8;
    %jmp T_35.256;
T_35.100 ;
    %pushi/vec4 67, 0, 8;
    %store/vec4 v00000174f7e8f660_0, 0, 8;
    %jmp T_35.256;
T_35.101 ;
    %pushi/vec4 77, 0, 8;
    %store/vec4 v00000174f7e8f660_0, 0, 8;
    %jmp T_35.256;
T_35.102 ;
    %pushi/vec4 51, 0, 8;
    %store/vec4 v00000174f7e8f660_0, 0, 8;
    %jmp T_35.256;
T_35.103 ;
    %pushi/vec4 133, 0, 8;
    %store/vec4 v00000174f7e8f660_0, 0, 8;
    %jmp T_35.256;
T_35.104 ;
    %pushi/vec4 69, 0, 8;
    %store/vec4 v00000174f7e8f660_0, 0, 8;
    %jmp T_35.256;
T_35.105 ;
    %pushi/vec4 249, 0, 8;
    %store/vec4 v00000174f7e8f660_0, 0, 8;
    %jmp T_35.256;
T_35.106 ;
    %pushi/vec4 2, 0, 8;
    %store/vec4 v00000174f7e8f660_0, 0, 8;
    %jmp T_35.256;
T_35.107 ;
    %pushi/vec4 127, 0, 8;
    %store/vec4 v00000174f7e8f660_0, 0, 8;
    %jmp T_35.256;
T_35.108 ;
    %pushi/vec4 80, 0, 8;
    %store/vec4 v00000174f7e8f660_0, 0, 8;
    %jmp T_35.256;
T_35.109 ;
    %pushi/vec4 60, 0, 8;
    %store/vec4 v00000174f7e8f660_0, 0, 8;
    %jmp T_35.256;
T_35.110 ;
    %pushi/vec4 159, 0, 8;
    %store/vec4 v00000174f7e8f660_0, 0, 8;
    %jmp T_35.256;
T_35.111 ;
    %pushi/vec4 168, 0, 8;
    %store/vec4 v00000174f7e8f660_0, 0, 8;
    %jmp T_35.256;
T_35.112 ;
    %pushi/vec4 81, 0, 8;
    %store/vec4 v00000174f7e8f660_0, 0, 8;
    %jmp T_35.256;
T_35.113 ;
    %pushi/vec4 163, 0, 8;
    %store/vec4 v00000174f7e8f660_0, 0, 8;
    %jmp T_35.256;
T_35.114 ;
    %pushi/vec4 64, 0, 8;
    %store/vec4 v00000174f7e8f660_0, 0, 8;
    %jmp T_35.256;
T_35.115 ;
    %pushi/vec4 143, 0, 8;
    %store/vec4 v00000174f7e8f660_0, 0, 8;
    %jmp T_35.256;
T_35.116 ;
    %pushi/vec4 146, 0, 8;
    %store/vec4 v00000174f7e8f660_0, 0, 8;
    %jmp T_35.256;
T_35.117 ;
    %pushi/vec4 157, 0, 8;
    %store/vec4 v00000174f7e8f660_0, 0, 8;
    %jmp T_35.256;
T_35.118 ;
    %pushi/vec4 56, 0, 8;
    %store/vec4 v00000174f7e8f660_0, 0, 8;
    %jmp T_35.256;
T_35.119 ;
    %pushi/vec4 245, 0, 8;
    %store/vec4 v00000174f7e8f660_0, 0, 8;
    %jmp T_35.256;
T_35.120 ;
    %pushi/vec4 188, 0, 8;
    %store/vec4 v00000174f7e8f660_0, 0, 8;
    %jmp T_35.256;
T_35.121 ;
    %pushi/vec4 182, 0, 8;
    %store/vec4 v00000174f7e8f660_0, 0, 8;
    %jmp T_35.256;
T_35.122 ;
    %pushi/vec4 218, 0, 8;
    %store/vec4 v00000174f7e8f660_0, 0, 8;
    %jmp T_35.256;
T_35.123 ;
    %pushi/vec4 33, 0, 8;
    %store/vec4 v00000174f7e8f660_0, 0, 8;
    %jmp T_35.256;
T_35.124 ;
    %pushi/vec4 16, 0, 8;
    %store/vec4 v00000174f7e8f660_0, 0, 8;
    %jmp T_35.256;
T_35.125 ;
    %pushi/vec4 255, 0, 8;
    %store/vec4 v00000174f7e8f660_0, 0, 8;
    %jmp T_35.256;
T_35.126 ;
    %pushi/vec4 243, 0, 8;
    %store/vec4 v00000174f7e8f660_0, 0, 8;
    %jmp T_35.256;
T_35.127 ;
    %pushi/vec4 210, 0, 8;
    %store/vec4 v00000174f7e8f660_0, 0, 8;
    %jmp T_35.256;
T_35.128 ;
    %pushi/vec4 205, 0, 8;
    %store/vec4 v00000174f7e8f660_0, 0, 8;
    %jmp T_35.256;
T_35.129 ;
    %pushi/vec4 12, 0, 8;
    %store/vec4 v00000174f7e8f660_0, 0, 8;
    %jmp T_35.256;
T_35.130 ;
    %pushi/vec4 19, 0, 8;
    %store/vec4 v00000174f7e8f660_0, 0, 8;
    %jmp T_35.256;
T_35.131 ;
    %pushi/vec4 236, 0, 8;
    %store/vec4 v00000174f7e8f660_0, 0, 8;
    %jmp T_35.256;
T_35.132 ;
    %pushi/vec4 95, 0, 8;
    %store/vec4 v00000174f7e8f660_0, 0, 8;
    %jmp T_35.256;
T_35.133 ;
    %pushi/vec4 151, 0, 8;
    %store/vec4 v00000174f7e8f660_0, 0, 8;
    %jmp T_35.256;
T_35.134 ;
    %pushi/vec4 68, 0, 8;
    %store/vec4 v00000174f7e8f660_0, 0, 8;
    %jmp T_35.256;
T_35.135 ;
    %pushi/vec4 23, 0, 8;
    %store/vec4 v00000174f7e8f660_0, 0, 8;
    %jmp T_35.256;
T_35.136 ;
    %pushi/vec4 196, 0, 8;
    %store/vec4 v00000174f7e8f660_0, 0, 8;
    %jmp T_35.256;
T_35.137 ;
    %pushi/vec4 167, 0, 8;
    %store/vec4 v00000174f7e8f660_0, 0, 8;
    %jmp T_35.256;
T_35.138 ;
    %pushi/vec4 126, 0, 8;
    %store/vec4 v00000174f7e8f660_0, 0, 8;
    %jmp T_35.256;
T_35.139 ;
    %pushi/vec4 61, 0, 8;
    %store/vec4 v00000174f7e8f660_0, 0, 8;
    %jmp T_35.256;
T_35.140 ;
    %pushi/vec4 100, 0, 8;
    %store/vec4 v00000174f7e8f660_0, 0, 8;
    %jmp T_35.256;
T_35.141 ;
    %pushi/vec4 93, 0, 8;
    %store/vec4 v00000174f7e8f660_0, 0, 8;
    %jmp T_35.256;
T_35.142 ;
    %pushi/vec4 25, 0, 8;
    %store/vec4 v00000174f7e8f660_0, 0, 8;
    %jmp T_35.256;
T_35.143 ;
    %pushi/vec4 115, 0, 8;
    %store/vec4 v00000174f7e8f660_0, 0, 8;
    %jmp T_35.256;
T_35.144 ;
    %pushi/vec4 96, 0, 8;
    %store/vec4 v00000174f7e8f660_0, 0, 8;
    %jmp T_35.256;
T_35.145 ;
    %pushi/vec4 129, 0, 8;
    %store/vec4 v00000174f7e8f660_0, 0, 8;
    %jmp T_35.256;
T_35.146 ;
    %pushi/vec4 79, 0, 8;
    %store/vec4 v00000174f7e8f660_0, 0, 8;
    %jmp T_35.256;
T_35.147 ;
    %pushi/vec4 220, 0, 8;
    %store/vec4 v00000174f7e8f660_0, 0, 8;
    %jmp T_35.256;
T_35.148 ;
    %pushi/vec4 34, 0, 8;
    %store/vec4 v00000174f7e8f660_0, 0, 8;
    %jmp T_35.256;
T_35.149 ;
    %pushi/vec4 42, 0, 8;
    %store/vec4 v00000174f7e8f660_0, 0, 8;
    %jmp T_35.256;
T_35.150 ;
    %pushi/vec4 144, 0, 8;
    %store/vec4 v00000174f7e8f660_0, 0, 8;
    %jmp T_35.256;
T_35.151 ;
    %pushi/vec4 136, 0, 8;
    %store/vec4 v00000174f7e8f660_0, 0, 8;
    %jmp T_35.256;
T_35.152 ;
    %pushi/vec4 70, 0, 8;
    %store/vec4 v00000174f7e8f660_0, 0, 8;
    %jmp T_35.256;
T_35.153 ;
    %pushi/vec4 238, 0, 8;
    %store/vec4 v00000174f7e8f660_0, 0, 8;
    %jmp T_35.256;
T_35.154 ;
    %pushi/vec4 184, 0, 8;
    %store/vec4 v00000174f7e8f660_0, 0, 8;
    %jmp T_35.256;
T_35.155 ;
    %pushi/vec4 20, 0, 8;
    %store/vec4 v00000174f7e8f660_0, 0, 8;
    %jmp T_35.256;
T_35.156 ;
    %pushi/vec4 222, 0, 8;
    %store/vec4 v00000174f7e8f660_0, 0, 8;
    %jmp T_35.256;
T_35.157 ;
    %pushi/vec4 94, 0, 8;
    %store/vec4 v00000174f7e8f660_0, 0, 8;
    %jmp T_35.256;
T_35.158 ;
    %pushi/vec4 11, 0, 8;
    %store/vec4 v00000174f7e8f660_0, 0, 8;
    %jmp T_35.256;
T_35.159 ;
    %pushi/vec4 219, 0, 8;
    %store/vec4 v00000174f7e8f660_0, 0, 8;
    %jmp T_35.256;
T_35.160 ;
    %pushi/vec4 224, 0, 8;
    %store/vec4 v00000174f7e8f660_0, 0, 8;
    %jmp T_35.256;
T_35.161 ;
    %pushi/vec4 50, 0, 8;
    %store/vec4 v00000174f7e8f660_0, 0, 8;
    %jmp T_35.256;
T_35.162 ;
    %pushi/vec4 58, 0, 8;
    %store/vec4 v00000174f7e8f660_0, 0, 8;
    %jmp T_35.256;
T_35.163 ;
    %pushi/vec4 10, 0, 8;
    %store/vec4 v00000174f7e8f660_0, 0, 8;
    %jmp T_35.256;
T_35.164 ;
    %pushi/vec4 73, 0, 8;
    %store/vec4 v00000174f7e8f660_0, 0, 8;
    %jmp T_35.256;
T_35.165 ;
    %pushi/vec4 6, 0, 8;
    %store/vec4 v00000174f7e8f660_0, 0, 8;
    %jmp T_35.256;
T_35.166 ;
    %pushi/vec4 36, 0, 8;
    %store/vec4 v00000174f7e8f660_0, 0, 8;
    %jmp T_35.256;
T_35.167 ;
    %pushi/vec4 92, 0, 8;
    %store/vec4 v00000174f7e8f660_0, 0, 8;
    %jmp T_35.256;
T_35.168 ;
    %pushi/vec4 194, 0, 8;
    %store/vec4 v00000174f7e8f660_0, 0, 8;
    %jmp T_35.256;
T_35.169 ;
    %pushi/vec4 211, 0, 8;
    %store/vec4 v00000174f7e8f660_0, 0, 8;
    %jmp T_35.256;
T_35.170 ;
    %pushi/vec4 172, 0, 8;
    %store/vec4 v00000174f7e8f660_0, 0, 8;
    %jmp T_35.256;
T_35.171 ;
    %pushi/vec4 98, 0, 8;
    %store/vec4 v00000174f7e8f660_0, 0, 8;
    %jmp T_35.256;
T_35.172 ;
    %pushi/vec4 145, 0, 8;
    %store/vec4 v00000174f7e8f660_0, 0, 8;
    %jmp T_35.256;
T_35.173 ;
    %pushi/vec4 149, 0, 8;
    %store/vec4 v00000174f7e8f660_0, 0, 8;
    %jmp T_35.256;
T_35.174 ;
    %pushi/vec4 228, 0, 8;
    %store/vec4 v00000174f7e8f660_0, 0, 8;
    %jmp T_35.256;
T_35.175 ;
    %pushi/vec4 121, 0, 8;
    %store/vec4 v00000174f7e8f660_0, 0, 8;
    %jmp T_35.256;
T_35.176 ;
    %pushi/vec4 231, 0, 8;
    %store/vec4 v00000174f7e8f660_0, 0, 8;
    %jmp T_35.256;
T_35.177 ;
    %pushi/vec4 200, 0, 8;
    %store/vec4 v00000174f7e8f660_0, 0, 8;
    %jmp T_35.256;
T_35.178 ;
    %pushi/vec4 55, 0, 8;
    %store/vec4 v00000174f7e8f660_0, 0, 8;
    %jmp T_35.256;
T_35.179 ;
    %pushi/vec4 109, 0, 8;
    %store/vec4 v00000174f7e8f660_0, 0, 8;
    %jmp T_35.256;
T_35.180 ;
    %pushi/vec4 141, 0, 8;
    %store/vec4 v00000174f7e8f660_0, 0, 8;
    %jmp T_35.256;
T_35.181 ;
    %pushi/vec4 213, 0, 8;
    %store/vec4 v00000174f7e8f660_0, 0, 8;
    %jmp T_35.256;
T_35.182 ;
    %pushi/vec4 78, 0, 8;
    %store/vec4 v00000174f7e8f660_0, 0, 8;
    %jmp T_35.256;
T_35.183 ;
    %pushi/vec4 169, 0, 8;
    %store/vec4 v00000174f7e8f660_0, 0, 8;
    %jmp T_35.256;
T_35.184 ;
    %pushi/vec4 108, 0, 8;
    %store/vec4 v00000174f7e8f660_0, 0, 8;
    %jmp T_35.256;
T_35.185 ;
    %pushi/vec4 86, 0, 8;
    %store/vec4 v00000174f7e8f660_0, 0, 8;
    %jmp T_35.256;
T_35.186 ;
    %pushi/vec4 244, 0, 8;
    %store/vec4 v00000174f7e8f660_0, 0, 8;
    %jmp T_35.256;
T_35.187 ;
    %pushi/vec4 234, 0, 8;
    %store/vec4 v00000174f7e8f660_0, 0, 8;
    %jmp T_35.256;
T_35.188 ;
    %pushi/vec4 101, 0, 8;
    %store/vec4 v00000174f7e8f660_0, 0, 8;
    %jmp T_35.256;
T_35.189 ;
    %pushi/vec4 122, 0, 8;
    %store/vec4 v00000174f7e8f660_0, 0, 8;
    %jmp T_35.256;
T_35.190 ;
    %pushi/vec4 174, 0, 8;
    %store/vec4 v00000174f7e8f660_0, 0, 8;
    %jmp T_35.256;
T_35.191 ;
    %pushi/vec4 8, 0, 8;
    %store/vec4 v00000174f7e8f660_0, 0, 8;
    %jmp T_35.256;
T_35.192 ;
    %pushi/vec4 186, 0, 8;
    %store/vec4 v00000174f7e8f660_0, 0, 8;
    %jmp T_35.256;
T_35.193 ;
    %pushi/vec4 120, 0, 8;
    %store/vec4 v00000174f7e8f660_0, 0, 8;
    %jmp T_35.256;
T_35.194 ;
    %pushi/vec4 37, 0, 8;
    %store/vec4 v00000174f7e8f660_0, 0, 8;
    %jmp T_35.256;
T_35.195 ;
    %pushi/vec4 46, 0, 8;
    %store/vec4 v00000174f7e8f660_0, 0, 8;
    %jmp T_35.256;
T_35.196 ;
    %pushi/vec4 28, 0, 8;
    %store/vec4 v00000174f7e8f660_0, 0, 8;
    %jmp T_35.256;
T_35.197 ;
    %pushi/vec4 166, 0, 8;
    %store/vec4 v00000174f7e8f660_0, 0, 8;
    %jmp T_35.256;
T_35.198 ;
    %pushi/vec4 180, 0, 8;
    %store/vec4 v00000174f7e8f660_0, 0, 8;
    %jmp T_35.256;
T_35.199 ;
    %pushi/vec4 198, 0, 8;
    %store/vec4 v00000174f7e8f660_0, 0, 8;
    %jmp T_35.256;
T_35.200 ;
    %pushi/vec4 232, 0, 8;
    %store/vec4 v00000174f7e8f660_0, 0, 8;
    %jmp T_35.256;
T_35.201 ;
    %pushi/vec4 221, 0, 8;
    %store/vec4 v00000174f7e8f660_0, 0, 8;
    %jmp T_35.256;
T_35.202 ;
    %pushi/vec4 116, 0, 8;
    %store/vec4 v00000174f7e8f660_0, 0, 8;
    %jmp T_35.256;
T_35.203 ;
    %pushi/vec4 31, 0, 8;
    %store/vec4 v00000174f7e8f660_0, 0, 8;
    %jmp T_35.256;
T_35.204 ;
    %pushi/vec4 75, 0, 8;
    %store/vec4 v00000174f7e8f660_0, 0, 8;
    %jmp T_35.256;
T_35.205 ;
    %pushi/vec4 189, 0, 8;
    %store/vec4 v00000174f7e8f660_0, 0, 8;
    %jmp T_35.256;
T_35.206 ;
    %pushi/vec4 139, 0, 8;
    %store/vec4 v00000174f7e8f660_0, 0, 8;
    %jmp T_35.256;
T_35.207 ;
    %pushi/vec4 138, 0, 8;
    %store/vec4 v00000174f7e8f660_0, 0, 8;
    %jmp T_35.256;
T_35.208 ;
    %pushi/vec4 112, 0, 8;
    %store/vec4 v00000174f7e8f660_0, 0, 8;
    %jmp T_35.256;
T_35.209 ;
    %pushi/vec4 62, 0, 8;
    %store/vec4 v00000174f7e8f660_0, 0, 8;
    %jmp T_35.256;
T_35.210 ;
    %pushi/vec4 181, 0, 8;
    %store/vec4 v00000174f7e8f660_0, 0, 8;
    %jmp T_35.256;
T_35.211 ;
    %pushi/vec4 102, 0, 8;
    %store/vec4 v00000174f7e8f660_0, 0, 8;
    %jmp T_35.256;
T_35.212 ;
    %pushi/vec4 72, 0, 8;
    %store/vec4 v00000174f7e8f660_0, 0, 8;
    %jmp T_35.256;
T_35.213 ;
    %pushi/vec4 3, 0, 8;
    %store/vec4 v00000174f7e8f660_0, 0, 8;
    %jmp T_35.256;
T_35.214 ;
    %pushi/vec4 246, 0, 8;
    %store/vec4 v00000174f7e8f660_0, 0, 8;
    %jmp T_35.256;
T_35.215 ;
    %pushi/vec4 14, 0, 8;
    %store/vec4 v00000174f7e8f660_0, 0, 8;
    %jmp T_35.256;
T_35.216 ;
    %pushi/vec4 97, 0, 8;
    %store/vec4 v00000174f7e8f660_0, 0, 8;
    %jmp T_35.256;
T_35.217 ;
    %pushi/vec4 53, 0, 8;
    %store/vec4 v00000174f7e8f660_0, 0, 8;
    %jmp T_35.256;
T_35.218 ;
    %pushi/vec4 87, 0, 8;
    %store/vec4 v00000174f7e8f660_0, 0, 8;
    %jmp T_35.256;
T_35.219 ;
    %pushi/vec4 185, 0, 8;
    %store/vec4 v00000174f7e8f660_0, 0, 8;
    %jmp T_35.256;
T_35.220 ;
    %pushi/vec4 134, 0, 8;
    %store/vec4 v00000174f7e8f660_0, 0, 8;
    %jmp T_35.256;
T_35.221 ;
    %pushi/vec4 193, 0, 8;
    %store/vec4 v00000174f7e8f660_0, 0, 8;
    %jmp T_35.256;
T_35.222 ;
    %pushi/vec4 29, 0, 8;
    %store/vec4 v00000174f7e8f660_0, 0, 8;
    %jmp T_35.256;
T_35.223 ;
    %pushi/vec4 158, 0, 8;
    %store/vec4 v00000174f7e8f660_0, 0, 8;
    %jmp T_35.256;
T_35.224 ;
    %pushi/vec4 225, 0, 8;
    %store/vec4 v00000174f7e8f660_0, 0, 8;
    %jmp T_35.256;
T_35.225 ;
    %pushi/vec4 248, 0, 8;
    %store/vec4 v00000174f7e8f660_0, 0, 8;
    %jmp T_35.256;
T_35.226 ;
    %pushi/vec4 152, 0, 8;
    %store/vec4 v00000174f7e8f660_0, 0, 8;
    %jmp T_35.256;
T_35.227 ;
    %pushi/vec4 17, 0, 8;
    %store/vec4 v00000174f7e8f660_0, 0, 8;
    %jmp T_35.256;
T_35.228 ;
    %pushi/vec4 105, 0, 8;
    %store/vec4 v00000174f7e8f660_0, 0, 8;
    %jmp T_35.256;
T_35.229 ;
    %pushi/vec4 217, 0, 8;
    %store/vec4 v00000174f7e8f660_0, 0, 8;
    %jmp T_35.256;
T_35.230 ;
    %pushi/vec4 142, 0, 8;
    %store/vec4 v00000174f7e8f660_0, 0, 8;
    %jmp T_35.256;
T_35.231 ;
    %pushi/vec4 148, 0, 8;
    %store/vec4 v00000174f7e8f660_0, 0, 8;
    %jmp T_35.256;
T_35.232 ;
    %pushi/vec4 155, 0, 8;
    %store/vec4 v00000174f7e8f660_0, 0, 8;
    %jmp T_35.256;
T_35.233 ;
    %pushi/vec4 30, 0, 8;
    %store/vec4 v00000174f7e8f660_0, 0, 8;
    %jmp T_35.256;
T_35.234 ;
    %pushi/vec4 135, 0, 8;
    %store/vec4 v00000174f7e8f660_0, 0, 8;
    %jmp T_35.256;
T_35.235 ;
    %pushi/vec4 233, 0, 8;
    %store/vec4 v00000174f7e8f660_0, 0, 8;
    %jmp T_35.256;
T_35.236 ;
    %pushi/vec4 206, 0, 8;
    %store/vec4 v00000174f7e8f660_0, 0, 8;
    %jmp T_35.256;
T_35.237 ;
    %pushi/vec4 85, 0, 8;
    %store/vec4 v00000174f7e8f660_0, 0, 8;
    %jmp T_35.256;
T_35.238 ;
    %pushi/vec4 40, 0, 8;
    %store/vec4 v00000174f7e8f660_0, 0, 8;
    %jmp T_35.256;
T_35.239 ;
    %pushi/vec4 223, 0, 8;
    %store/vec4 v00000174f7e8f660_0, 0, 8;
    %jmp T_35.256;
T_35.240 ;
    %pushi/vec4 140, 0, 8;
    %store/vec4 v00000174f7e8f660_0, 0, 8;
    %jmp T_35.256;
T_35.241 ;
    %pushi/vec4 161, 0, 8;
    %store/vec4 v00000174f7e8f660_0, 0, 8;
    %jmp T_35.256;
T_35.242 ;
    %pushi/vec4 137, 0, 8;
    %store/vec4 v00000174f7e8f660_0, 0, 8;
    %jmp T_35.256;
T_35.243 ;
    %pushi/vec4 13, 0, 8;
    %store/vec4 v00000174f7e8f660_0, 0, 8;
    %jmp T_35.256;
T_35.244 ;
    %pushi/vec4 191, 0, 8;
    %store/vec4 v00000174f7e8f660_0, 0, 8;
    %jmp T_35.256;
T_35.245 ;
    %pushi/vec4 230, 0, 8;
    %store/vec4 v00000174f7e8f660_0, 0, 8;
    %jmp T_35.256;
T_35.246 ;
    %pushi/vec4 66, 0, 8;
    %store/vec4 v00000174f7e8f660_0, 0, 8;
    %jmp T_35.256;
T_35.247 ;
    %pushi/vec4 104, 0, 8;
    %store/vec4 v00000174f7e8f660_0, 0, 8;
    %jmp T_35.256;
T_35.248 ;
    %pushi/vec4 65, 0, 8;
    %store/vec4 v00000174f7e8f660_0, 0, 8;
    %jmp T_35.256;
T_35.249 ;
    %pushi/vec4 153, 0, 8;
    %store/vec4 v00000174f7e8f660_0, 0, 8;
    %jmp T_35.256;
T_35.250 ;
    %pushi/vec4 45, 0, 8;
    %store/vec4 v00000174f7e8f660_0, 0, 8;
    %jmp T_35.256;
T_35.251 ;
    %pushi/vec4 15, 0, 8;
    %store/vec4 v00000174f7e8f660_0, 0, 8;
    %jmp T_35.256;
T_35.252 ;
    %pushi/vec4 176, 0, 8;
    %store/vec4 v00000174f7e8f660_0, 0, 8;
    %jmp T_35.256;
T_35.253 ;
    %pushi/vec4 84, 0, 8;
    %store/vec4 v00000174f7e8f660_0, 0, 8;
    %jmp T_35.256;
T_35.254 ;
    %pushi/vec4 187, 0, 8;
    %store/vec4 v00000174f7e8f660_0, 0, 8;
    %jmp T_35.256;
T_35.255 ;
    %pushi/vec4 22, 0, 8;
    %store/vec4 v00000174f7e8f660_0, 0, 8;
    %jmp T_35.256;
T_35.256 ;
    %pop/vec4 1;
    %jmp T_35;
    .thread T_35, $push;
    .scope S_00000174f7e92a20;
T_36 ;
    %wait E_00000174f7e05bd0;
    %load/vec4 v00000174f7e8fd40_0;
    %nor/r;
    %flag_set/vec4 8;
    %jmp/0xz  T_36.0, 8;
    %pushi/vec4 0, 0, 128;
    %assign/vec4 v00000174f7e8f840_0, 0;
    %jmp T_36.1;
T_36.0 ;
    %ix/load 4, 15, 0;
    %flag_set/imm 4, 0;
    %load/vec4a v00000174f7e901a0, 4;
    %ix/load 4, 14, 0;
    %flag_set/imm 4, 0;
    %load/vec4a v00000174f7e901a0, 4;
    %concat/vec4; draw_concat_vec4
    %ix/load 4, 13, 0;
    %flag_set/imm 4, 0;
    %load/vec4a v00000174f7e901a0, 4;
    %concat/vec4; draw_concat_vec4
    %ix/load 4, 12, 0;
    %flag_set/imm 4, 0;
    %load/vec4a v00000174f7e901a0, 4;
    %concat/vec4; draw_concat_vec4
    %ix/load 4, 11, 0;
    %flag_set/imm 4, 0;
    %load/vec4a v00000174f7e901a0, 4;
    %concat/vec4; draw_concat_vec4
    %ix/load 4, 10, 0;
    %flag_set/imm 4, 0;
    %load/vec4a v00000174f7e901a0, 4;
    %concat/vec4; draw_concat_vec4
    %ix/load 4, 9, 0;
    %flag_set/imm 4, 0;
    %load/vec4a v00000174f7e901a0, 4;
    %concat/vec4; draw_concat_vec4
    %ix/load 4, 8, 0;
    %flag_set/imm 4, 0;
    %load/vec4a v00000174f7e901a0, 4;
    %concat/vec4; draw_concat_vec4
    %ix/load 4, 7, 0;
    %flag_set/imm 4, 0;
    %load/vec4a v00000174f7e901a0, 4;
    %concat/vec4; draw_concat_vec4
    %ix/load 4, 6, 0;
    %flag_set/imm 4, 0;
    %load/vec4a v00000174f7e901a0, 4;
    %concat/vec4; draw_concat_vec4
    %ix/load 4, 5, 0;
    %flag_set/imm 4, 0;
    %load/vec4a v00000174f7e901a0, 4;
    %concat/vec4; draw_concat_vec4
    %ix/load 4, 4, 0;
    %flag_set/imm 4, 0;
    %load/vec4a v00000174f7e901a0, 4;
    %concat/vec4; draw_concat_vec4
    %ix/load 4, 3, 0;
    %flag_set/imm 4, 0;
    %load/vec4a v00000174f7e901a0, 4;
    %concat/vec4; draw_concat_vec4
    %ix/load 4, 2, 0;
    %flag_set/imm 4, 0;
    %load/vec4a v00000174f7e901a0, 4;
    %concat/vec4; draw_concat_vec4
    %ix/load 4, 1, 0;
    %flag_set/imm 4, 0;
    %load/vec4a v00000174f7e901a0, 4;
    %concat/vec4; draw_concat_vec4
    %ix/load 4, 0, 0;
    %flag_set/imm 4, 0;
    %load/vec4a v00000174f7e901a0, 4;
    %concat/vec4; draw_concat_vec4
    %assign/vec4 v00000174f7e8f840_0, 0;
T_36.1 ;
    %jmp T_36;
    .thread T_36;
    .scope S_00000174f7e94d50;
T_37 ;
    %wait E_00000174f7e07410;
    %load/vec4 v00000174f7e98460_0;
    %dup/vec4;
    %pushi/vec4 0, 0, 4;
    %cmp/u;
    %jmp/1 T_37.0, 6;
    %dup/vec4;
    %pushi/vec4 1, 0, 4;
    %cmp/u;
    %jmp/1 T_37.1, 6;
    %dup/vec4;
    %pushi/vec4 2, 0, 4;
    %cmp/u;
    %jmp/1 T_37.2, 6;
    %dup/vec4;
    %pushi/vec4 3, 0, 4;
    %cmp/u;
    %jmp/1 T_37.3, 6;
    %dup/vec4;
    %pushi/vec4 4, 0, 4;
    %cmp/u;
    %jmp/1 T_37.4, 6;
    %dup/vec4;
    %pushi/vec4 5, 0, 4;
    %cmp/u;
    %jmp/1 T_37.5, 6;
    %dup/vec4;
    %pushi/vec4 6, 0, 4;
    %cmp/u;
    %jmp/1 T_37.6, 6;
    %jmp T_37.7;
T_37.0 ;
    %load/vec4 v00000174f7e90f60_0;
    %load/vec4 v00000174f7e90e20_0;
    %and;
    %flag_set/vec4 8;
    %jmp/0xz  T_37.8, 8;
    %pushi/vec4 1, 0, 4;
    %store/vec4 v00000174f7e90ec0_0, 0, 4;
    %jmp T_37.9;
T_37.8 ;
    %load/vec4 v00000174f7e90d80_0;
    %flag_set/vec4 8;
    %jmp/0xz  T_37.10, 8;
    %pushi/vec4 4, 0, 4;
    %store/vec4 v00000174f7e90ec0_0, 0, 4;
    %jmp T_37.11;
T_37.10 ;
    %load/vec4 v00000174f7e90880_0;
    %pad/u 32;
    %cmpi/ne 0, 0, 32;
    %jmp/0xz  T_37.12, 4;
    %pushi/vec4 4, 0, 4;
    %store/vec4 v00000174f7e90ec0_0, 0, 4;
    %jmp T_37.13;
T_37.12 ;
    %pushi/vec4 0, 0, 4;
    %store/vec4 v00000174f7e90ec0_0, 0, 4;
T_37.13 ;
T_37.11 ;
T_37.9 ;
    %jmp T_37.7;
T_37.1 ;
    %pushi/vec4 2, 0, 4;
    %store/vec4 v00000174f7e90ec0_0, 0, 4;
    %jmp T_37.7;
T_37.2 ;
    %load/vec4 v00000174f7e90920_0;
    %flag_set/vec4 8;
    %jmp/0 T_37.14, 8;
    %pushi/vec4 3, 0, 32;
    %jmp/1 T_37.15, 8;
T_37.14 ; End of true expr.
    %pushi/vec4 2, 0, 32;
    %jmp/0 T_37.15, 8;
 ; End of false expr.
    %blend;
T_37.15;
    %pad/s 4;
    %store/vec4 v00000174f7e90ec0_0, 0, 4;
    %jmp T_37.7;
T_37.3 ;
    %load/vec4 v00000174f7e90880_0;
    %pad/u 32;
    %cmpi/ne 0, 0, 32;
    %flag_mov 8, 4;
    %jmp/0 T_37.16, 8;
    %pushi/vec4 4, 0, 32;
    %jmp/1 T_37.17, 8;
T_37.16 ; End of true expr.
    %pushi/vec4 0, 0, 32;
    %jmp/0 T_37.17, 8;
 ; End of false expr.
    %blend;
T_37.17;
    %pad/s 4;
    %store/vec4 v00000174f7e90ec0_0, 0, 4;
    %jmp T_37.7;
T_37.4 ;
    %pushi/vec4 5, 0, 4;
    %store/vec4 v00000174f7e90ec0_0, 0, 4;
    %jmp T_37.7;
T_37.5 ;
    %load/vec4 v00000174f7e8e440_0;
    %flag_set/vec4 8;
    %jmp/0 T_37.18, 8;
    %pushi/vec4 6, 0, 32;
    %jmp/1 T_37.19, 8;
T_37.18 ; End of true expr.
    %pushi/vec4 5, 0, 32;
    %jmp/0 T_37.19, 8;
 ; End of false expr.
    %blend;
T_37.19;
    %pad/s 4;
    %store/vec4 v00000174f7e90ec0_0, 0, 4;
    %jmp T_37.7;
T_37.6 ;
    %load/vec4 v00000174f7e976a0_0;
    %pad/u 32;
    %cmpi/e 0, 0, 32;
    %jmp/0xz  T_37.20, 4;
    %pushi/vec4 0, 0, 4;
    %store/vec4 v00000174f7e90ec0_0, 0, 4;
    %jmp T_37.21;
T_37.20 ;
    %load/vec4 v00000174f7e90d80_0;
    %flag_set/vec4 8;
    %jmp/0xz  T_37.22, 8;
    %pushi/vec4 4, 0, 4;
    %store/vec4 v00000174f7e90ec0_0, 0, 4;
    %jmp T_37.23;
T_37.22 ;
    %pushi/vec4 6, 0, 4;
    %store/vec4 v00000174f7e90ec0_0, 0, 4;
T_37.23 ;
T_37.21 ;
    %jmp T_37.7;
T_37.7 ;
    %pop/vec4 1;
    %jmp T_37;
    .thread T_37, $push;
    .scope S_00000174f7e94d50;
T_38 ;
    %wait E_00000174f7e07450;
    %load/vec4 v00000174f7e976a0_0;
    %dup/vec4;
    %pushi/vec4 0, 0, 4;
    %cmp/u;
    %jmp/1 T_38.0, 6;
    %dup/vec4;
    %pushi/vec4 1, 0, 4;
    %cmp/u;
    %jmp/1 T_38.1, 6;
    %dup/vec4;
    %pushi/vec4 2, 0, 4;
    %cmp/u;
    %jmp/1 T_38.2, 6;
    %dup/vec4;
    %pushi/vec4 3, 0, 4;
    %cmp/u;
    %jmp/1 T_38.3, 6;
    %jmp T_38.4;
T_38.0 ;
    %load/vec4 v00000174f7e98460_0;
    %pad/u 32;
    %pushi/vec4 4, 0, 32;
    %cmp/e;
    %flag_get/vec4 4;
    %load/vec4 v00000174f7e90880_0;
    %pad/u 32;
    %pushi/vec4 2, 0, 32;
    %cmp/e;
    %flag_get/vec4 4;
    %and;
    %flag_set/vec4 8;
    %jmp/0xz  T_38.5, 8;
    %pushi/vec4 1, 0, 4;
    %store/vec4 v00000174f7e90ba0_0, 0, 4;
    %jmp T_38.6;
T_38.5 ;
    %load/vec4 v00000174f7e98460_0;
    %pad/u 32;
    %pushi/vec4 4, 0, 32;
    %cmp/e;
    %flag_get/vec4 4;
    %load/vec4 v00000174f7e90d80_0;
    %and;
    %flag_set/vec4 8;
    %jmp/0xz  T_38.7, 8;
    %pushi/vec4 1, 0, 4;
    %store/vec4 v00000174f7e90ba0_0, 0, 4;
    %jmp T_38.8;
T_38.7 ;
    %load/vec4 v00000174f7e98460_0;
    %pad/u 32;
    %pushi/vec4 5, 0, 32;
    %cmp/e;
    %flag_get/vec4 4;
    %load/vec4 v00000174f7e90d80_0;
    %and;
    %flag_set/vec4 8;
    %jmp/0xz  T_38.9, 8;
    %pushi/vec4 1, 0, 4;
    %store/vec4 v00000174f7e90ba0_0, 0, 4;
    %jmp T_38.10;
T_38.9 ;
    %pushi/vec4 0, 0, 4;
    %store/vec4 v00000174f7e90ba0_0, 0, 4;
T_38.10 ;
T_38.8 ;
T_38.6 ;
    %jmp T_38.4;
T_38.1 ;
    %pushi/vec4 2, 0, 4;
    %store/vec4 v00000174f7e90ba0_0, 0, 4;
    %jmp T_38.4;
T_38.2 ;
    %load/vec4 v00000174f7e8e620_0;
    %flag_set/vec4 8;
    %jmp/0 T_38.11, 8;
    %pushi/vec4 3, 0, 32;
    %jmp/1 T_38.12, 8;
T_38.11 ; End of true expr.
    %pushi/vec4 2, 0, 32;
    %jmp/0 T_38.12, 8;
 ; End of false expr.
    %blend;
T_38.12;
    %pad/s 4;
    %store/vec4 v00000174f7e90ba0_0, 0, 4;
    %jmp T_38.4;
T_38.3 ;
    %load/vec4 v00000174f7e98460_0;
    %pad/u 32;
    %cmpi/e 6, 0, 32;
    %jmp/0xz  T_38.13, 4;
    %pushi/vec4 0, 0, 4;
    %store/vec4 v00000174f7e90ba0_0, 0, 4;
    %jmp T_38.14;
T_38.13 ;
    %load/vec4 v00000174f7e90d80_0;
    %flag_set/vec4 8;
    %jmp/0xz  T_38.15, 8;
    %pushi/vec4 1, 0, 4;
    %store/vec4 v00000174f7e90ba0_0, 0, 4;
    %jmp T_38.16;
T_38.15 ;
    %pushi/vec4 3, 0, 4;
    %store/vec4 v00000174f7e90ba0_0, 0, 4;
T_38.16 ;
T_38.14 ;
    %jmp T_38.4;
T_38.4 ;
    %pop/vec4 1;
    %jmp T_38;
    .thread T_38, $push;
    .scope S_00000174f7e94d50;
T_39 ;
    %wait E_00000174f7e05bd0;
    %load/vec4 v00000174f7e96200_0;
    %inv;
    %flag_set/vec4 8;
    %jmp/0xz  T_39.0, 8;
    %pushi/vec4 0, 0, 4;
    %assign/vec4 v00000174f7e98460_0, 0;
    %jmp T_39.1;
T_39.0 ;
    %load/vec4 v00000174f7e90ec0_0;
    %assign/vec4 v00000174f7e98460_0, 0;
T_39.1 ;
    %jmp T_39;
    .thread T_39;
    .scope S_00000174f7e94d50;
T_40 ;
    %wait E_00000174f7e05bd0;
    %load/vec4 v00000174f7e96200_0;
    %inv;
    %flag_set/vec4 8;
    %jmp/0xz  T_40.0, 8;
    %pushi/vec4 0, 0, 4;
    %assign/vec4 v00000174f7e976a0_0, 0;
    %jmp T_40.1;
T_40.0 ;
    %load/vec4 v00000174f7e90ba0_0;
    %assign/vec4 v00000174f7e976a0_0, 0;
T_40.1 ;
    %jmp T_40;
    .thread T_40;
    .scope S_00000174f7e94d50;
T_41 ;
    %wait E_00000174f7e05bd0;
    %load/vec4 v00000174f7e96200_0;
    %inv;
    %flag_set/vec4 8;
    %jmp/0xz  T_41.0, 8;
    %pushi/vec4 0, 0, 2;
    %assign/vec4 v00000174f7e90880_0, 0;
    %jmp T_41.1;
T_41.0 ;
    %load/vec4 v00000174f7e90d80_0;
    %load/vec4 v00000174f7e90880_0;
    %pad/u 32;
    %pushi/vec4 2, 0, 32;
    %cmp/ne;
    %flag_get/vec4 4;
    %and;
    %flag_set/vec4 8;
    %jmp/0xz  T_41.2, 8;
    %load/vec4 v00000174f7e90880_0;
    %addi 1, 0, 2;
    %assign/vec4 v00000174f7e90880_0, 0;
    %jmp T_41.3;
T_41.2 ;
    %load/vec4 v00000174f7e907e0_0;
    %load/vec4 v00000174f7e90880_0;
    %cmp/e;
    %jmp/0xz  T_41.4, 4;
    %pushi/vec4 0, 0, 2;
    %assign/vec4 v00000174f7e90880_0, 0;
T_41.4 ;
T_41.3 ;
T_41.1 ;
    %jmp T_41;
    .thread T_41;
    .scope S_00000174f7e94d50;
T_42 ;
    %wait E_00000174f7e05bd0;
    %load/vec4 v00000174f7e96200_0;
    %inv;
    %flag_set/vec4 8;
    %jmp/0xz  T_42.0, 8;
    %pushi/vec4 0, 0, 2;
    %assign/vec4 v00000174f7e907e0_0, 0;
    %jmp T_42.1;
T_42.0 ;
    %load/vec4 v00000174f7e98460_0;
    %pad/u 32;
    %cmpi/e 4, 0, 32;
    %flag_mov 8, 4;
    %load/vec4 v00000174f7e976a0_0;
    %pad/u 32;
    %cmpi/e 1, 0, 32;
    %flag_or 4, 8;
    %jmp/0xz  T_42.2, 4;
    %load/vec4 v00000174f7e907e0_0;
    %addi 1, 0, 2;
    %assign/vec4 v00000174f7e907e0_0, 0;
T_42.2 ;
    %load/vec4 v00000174f7e907e0_0;
    %load/vec4 v00000174f7e90880_0;
    %cmp/e;
    %jmp/0xz  T_42.4, 4;
    %pushi/vec4 0, 0, 2;
    %assign/vec4 v00000174f7e907e0_0, 0;
T_42.4 ;
T_42.1 ;
    %jmp T_42;
    .thread T_42;
    .scope S_00000174f7e94d50;
T_43 ;
    %wait E_00000174f7e05bd0;
    %load/vec4 v00000174f7e96200_0;
    %inv;
    %flag_set/vec4 8;
    %jmp/0xz  T_43.0, 8;
    %pushi/vec4 0, 0, 1;
    %assign/vec4 v00000174f7e965c0_0, 0;
    %jmp T_43.1;
T_43.0 ;
    %load/vec4 v00000174f7e98460_0;
    %pad/u 32;
    %cmpi/e 1, 0, 32;
    %flag_mov 8, 4;
    %load/vec4 v00000174f7e98460_0;
    %pad/u 32;
    %cmpi/e 2, 0, 32;
    %flag_or 4, 8;
    %jmp/0xz  T_43.2, 4;
    %pushi/vec4 0, 0, 1;
    %assign/vec4 v00000174f7e965c0_0, 0;
    %jmp T_43.3;
T_43.2 ;
    %load/vec4 v00000174f7e98460_0;
    %pad/u 32;
    %cmpi/e 3, 0, 32;
    %flag_mov 8, 4;
    %load/vec4 v00000174f7e98460_0;
    %pad/u 32;
    %cmpi/e 4, 0, 32;
    %flag_or 4, 8;
    %flag_mov 8, 4;
    %load/vec4 v00000174f7e98460_0;
    %pad/u 32;
    %cmpi/e 5, 0, 32;
    %flag_or 4, 8;
    %flag_mov 8, 4;
    %load/vec4 v00000174f7e976a0_0;
    %pad/u 32;
    %cmpi/e 0, 0, 32;
    %flag_or 4, 8;
    %flag_mov 8, 4;
    %load/vec4 v00000174f7e976a0_0;
    %pad/u 32;
    %cmpi/e 1, 0, 32;
    %flag_or 4, 8;
    %flag_mov 8, 4;
    %load/vec4 v00000174f7e976a0_0;
    %pad/u 32;
    %cmpi/e 2, 0, 32;
    %flag_or 4, 8;
    %jmp/0xz  T_43.4, 4;
    %pushi/vec4 1, 0, 1;
    %assign/vec4 v00000174f7e965c0_0, 0;
    %jmp T_43.5;
T_43.4 ;
    %load/vec4 v00000174f7e965c0_0;
    %assign/vec4 v00000174f7e965c0_0, 0;
T_43.5 ;
T_43.3 ;
T_43.1 ;
    %jmp T_43;
    .thread T_43;
    .scope S_00000174f7e94d50;
T_44 ;
    %wait E_00000174f7e07190;
    %pushi/vec4 0, 0, 1;
    %store/vec4 v00000174f7e91000_0, 0, 1;
    %pushi/vec4 0, 0, 1;
    %store/vec4 v00000174f7e90c40_0, 0, 1;
    %pushi/vec4 0, 0, 1;
    %store/vec4 v00000174f7e902e0_0, 0, 1;
    %pushi/vec4 0, 0, 1;
    %store/vec4 v00000174f7e90b00_0, 0, 1;
    %load/vec4 v00000174f7e98460_0;
    %pad/u 32;
    %cmpi/e 1, 0, 32;
    %jmp/0xz  T_44.0, 4;
    %pushi/vec4 1, 0, 1;
    %store/vec4 v00000174f7e90c40_0, 0, 1;
    %pushi/vec4 1, 0, 1;
    %store/vec4 v00000174f7e902e0_0, 0, 1;
    %jmp T_44.1;
T_44.0 ;
    %load/vec4 v00000174f7e98460_0;
    %pad/u 32;
    %cmpi/e 4, 0, 32;
    %jmp/0xz  T_44.2, 4;
    %pushi/vec4 1, 0, 1;
    %store/vec4 v00000174f7e91000_0, 0, 1;
    %pushi/vec4 1, 0, 1;
    %store/vec4 v00000174f7e90b00_0, 0, 1;
    %jmp T_44.3;
T_44.2 ;
    %load/vec4 v00000174f7e976a0_0;
    %pad/u 32;
    %cmpi/e 1, 0, 32;
    %jmp/0xz  T_44.4, 4;
    %pushi/vec4 1, 0, 1;
    %store/vec4 v00000174f7e91000_0, 0, 1;
    %pushi/vec4 1, 0, 1;
    %store/vec4 v00000174f7e90b00_0, 0, 1;
T_44.4 ;
T_44.3 ;
T_44.1 ;
    %jmp T_44;
    .thread T_44, $push;
    .scope S_00000174f7e94d50;
T_45 ;
    %wait E_00000174f7e05bd0;
    %load/vec4 v00000174f7e96200_0;
    %inv;
    %flag_set/vec4 8;
    %jmp/0xz  T_45.0, 8;
    %pushi/vec4 1, 0, 1;
    %assign/vec4 v00000174f7e909c0_0, 0;
    %jmp T_45.1;
T_45.0 ;
    %load/vec4 v00000174f7e98460_0;
    %pad/u 32;
    %cmpi/e 0, 0, 32;
    %flag_mov 8, 4;
    %load/vec4 v00000174f7e98460_0;
    %pad/u 32;
    %pushi/vec4 6, 0, 32;
    %cmp/e;
    %flag_get/vec4 4;
    %load/vec4 v00000174f7e976a0_0;
    %pad/u 32;
    %pushi/vec4 0, 0, 32;
    %cmp/e;
    %flag_get/vec4 4;
    %and;
    %flag_set/vec4 9;
    %flag_or 9, 8;
    %load/vec4 v00000174f7e976a0_0;
    %pad/u 32;
    %cmpi/e 3, 0, 32;
    %flag_or 4, 9;
    %jmp/0xz  T_45.2, 4;
    %pushi/vec4 1, 0, 1;
    %assign/vec4 v00000174f7e909c0_0, 0;
    %jmp T_45.3;
T_45.2 ;
    %pushi/vec4 0, 0, 1;
    %assign/vec4 v00000174f7e909c0_0, 0;
T_45.3 ;
T_45.1 ;
    %jmp T_45;
    .thread T_45;
    .scope S_00000174f7e94d50;
T_46 ;
    %wait E_00000174f7e05bd0;
    %load/vec4 v00000174f7e96200_0;
    %inv;
    %flag_set/vec4 8;
    %jmp/0xz  T_46.0, 8;
    %pushi/vec4 1, 0, 1;
    %assign/vec4 v00000174f7e90a60_0, 0;
    %jmp T_46.1;
T_46.0 ;
    %load/vec4 v00000174f7e90880_0;
    %pad/u 32;
    %pushi/vec4 2, 0, 32;
    %cmp/ne;
    %flag_get/vec4 4;
    %load/vec4 v00000174f7e98460_0;
    %pad/u 32;
    %pushi/vec4 0, 0, 32;
    %cmp/e;
    %flag_get/vec4 4;
    %load/vec4 v00000174f7e98460_0;
    %pad/u 32;
    %pushi/vec4 1, 0, 32;
    %cmp/e;
    %flag_get/vec4 4;
    %or;
    %load/vec4 v00000174f7e98460_0;
    %pad/u 32;
    %pushi/vec4 2, 0, 32;
    %cmp/e;
    %flag_get/vec4 4;
    %or;
    %and;
    %flag_set/vec4 8;
    %jmp/0xz  T_46.2, 8;
    %pushi/vec4 1, 0, 1;
    %assign/vec4 v00000174f7e90a60_0, 0;
    %jmp T_46.3;
T_46.2 ;
    %pushi/vec4 0, 0, 1;
    %assign/vec4 v00000174f7e90a60_0, 0;
T_46.3 ;
T_46.1 ;
    %jmp T_46;
    .thread T_46;
    .scope S_00000174f7d173a0;
T_47 ;
    %delay 5, 0;
    %load/vec4 v00000174f7e97f60_0;
    %inv;
    %store/vec4 v00000174f7e97f60_0, 0, 1;
    %jmp T_47;
    .thread T_47;
    .scope S_00000174f7d173a0;
T_48 ;
    %vpi_call 2 30 "$dumpfile", "AES128_Pipelinev1_tb.vcd" {0 0 0};
    %vpi_call 2 31 "$dumpvars", 32'sb00000000000000000000000000000000, S_00000174f7d173a0 {0 0 0};
    %pushi/vec4 0, 0, 1;
    %store/vec4 v00000174f7e97f60_0, 0, 1;
    %pushi/vec4 0, 0, 1;
    %store/vec4 v00000174f7e97c40_0, 0, 1;
    %pushi/vec4 0, 0, 128;
    %store/vec4 v00000174f7e97b00_0, 0, 128;
    %pushi/vec4 0, 0, 1;
    %store/vec4 v00000174f7e980a0_0, 0, 1;
    %pushi/vec4 0, 0, 1;
    %store/vec4 v00000174f7e96d40_0, 0, 1;
    %delay 10, 0;
    %pushi/vec4 1, 0, 1;
    %store/vec4 v00000174f7e97c40_0, 0, 1;
    %pushi/vec4 1, 0, 1;
    %store/vec4 v00000174f7e96d40_0, 0, 1;
    %pushi/vec4 2832253672, 0, 33;
    %concati/vec4 3863010034, 0, 32;
    %concati/vec4 2167264697, 0, 33;
    %concati/vec4 656426613, 0, 30;
    %store/vec4 v00000174f7e97b00_0, 0, 128;
    %delay 10, 0;
    %pushi/vec4 0, 0, 1;
    %store/vec4 v00000174f7e96d40_0, 0, 1;
    %pushi/vec4 1, 0, 1;
    %store/vec4 v00000174f7e980a0_0, 0, 1;
    %pushi/vec4 2834226752, 0, 33;
    %concati/vec4 2665269824, 0, 32;
    %concati/vec4 2631064778, 0, 32;
    %concati/vec4 542406511, 0, 31;
    %store/vec4 v00000174f7e97b00_0, 0, 128;
    %delay 10, 0;
    %pushi/vec4 0, 0, 1;
    %store/vec4 v00000174f7e980a0_0, 0, 1;
    %delay 360, 0;
    %pushi/vec4 1, 0, 1;
    %store/vec4 v00000174f7e980a0_0, 0, 1;
    %pushi/vec4 2832253672, 0, 33;
    %concati/vec4 3863010034, 0, 32;
    %concati/vec4 2167264696, 0, 33;
    %concati/vec4 305419896, 0, 30;
    %store/vec4 v00000174f7e97b00_0, 0, 128;
    %delay 10, 0;
    %pushi/vec4 0, 0, 1;
    %store/vec4 v00000174f7e980a0_0, 0, 1;
    %delay 120, 0;
    %pushi/vec4 1, 0, 1;
    %store/vec4 v00000174f7e980a0_0, 0, 1;
    %pushi/vec4 2443359170, 0, 35;
    %concati/vec4 4142289412, 0, 33;
    %concati/vec4 3868649042, 0, 32;
    %concati/vec4 5535599, 0, 28;
    %store/vec4 v00000174f7e97b00_0, 0, 128;
    %delay 10, 0;
    %pushi/vec4 0, 0, 1;
    %store/vec4 v00000174f7e980a0_0, 0, 1;
    %delay 500, 0;
    %vpi_call 2 86 "$finish" {0 0 0};
    %end;
    .thread T_48;
# The file index is used to find the file name in the following table.
:file_names 24;
    "N/A";
    "<interactive>";
    "AES128_Pipelinev1_tb.v";
    "./AES128_Pipelinev1.v";
    "./InputInterface_Pipeline.v";
    "./KeyLogic.v";
    "./KeyLogic_Controller.v";
    "./Mux2.v";
    "./Registerfile.v";
    "./RotWord.v";
    "./Xorr.v";
    "./Rcon.v";
    "./ProcessingCore_Pipelinev1.v";
    "./AddRoundKey.v";
    "./MixColumns_AddRoundKey.v";
    "./MixColumns.v";
    "./mul2.v";
    "./mul3.v";
    "./PCore_Controller_Pipeline.v";
    "./Registerfile_Data.v";
    "./ShiftRows.v";
    "./Sbox_wrapper.v";
    "./sbox.v";
    "./SystemController_Pipelinev1.v";
