#! /c/Source/iverilog-install/bin/vvp
:ivl_version "12.0 (devel)" "(s20150603-1110-g18392a46)";
:ivl_delay_selection "TYPICAL";
:vpi_time_precision + 0;
:vpi_module "D:\iverilog\iverilog\lib\ivl\system.vpi";
:vpi_module "D:\iverilog\iverilog\lib\ivl\vhdl_sys.vpi";
:vpi_module "D:\iverilog\iverilog\lib\ivl\vhdl_textio.vpi";
:vpi_module "D:\iverilog\iverilog\lib\ivl\v2005_math.vpi";
:vpi_module "D:\iverilog\iverilog\lib\ivl\va_math.vpi";
S_00000149b1039da0 .scope module, "AES128_Pipeline" "AES128_Pipeline" 2 8;
 .timescale 0 0;
    .port_info 0 /INPUT 1 "clk";
    .port_info 1 /INPUT 1 "rst_n";
    .port_info 2 /INPUT 128 "key_plaintext";
    .port_info 3 /INPUT 1 "loadkey";
    .port_info 4 /INPUT 1 "loaddata";
    .port_info 5 /OUTPUT 1 "ready_new_input";
    .port_info 6 /OUTPUT 1 "ready_new_key";
    .port_info 7 /OUTPUT 128 "ciphertext";
    .port_info 8 /OUTPUT 1 "ctvalid_sc";
L_00000149b14b0560 .functor BUFZ 128, v00000149b14488e0_0, C4<00000000000000000000000000000000000000000000000000000000000000000000000000000000000000000000000000000000000000000000000000000000>, C4<00000000000000000000000000000000000000000000000000000000000000000000000000000000000000000000000000000000000000000000000000000000>, C4<00000000000000000000000000000000000000000000000000000000000000000000000000000000000000000000000000000000000000000000000000000000>;
L_00000149b14af220 .functor BUFZ 1, v00000149b1449ec0_0, C4<0>, C4<0>, C4<0>;
v00000149b1451420_0 .net "InputBlk", 127 0, L_00000149b1450ca0;  1 drivers
v00000149b14508e0_0 .net "Key_data", 127 0, L_00000149b13e16b0;  1 drivers
v00000149b1451880_0 .net "Key_rd_kl", 0 0, v00000149b1448980_0;  1 drivers
L_00000149b1459ea0 .functor BUFT 1, C4<000000000000000000000000000000000000000000000000000000000000000000000000000000000000000000000000>, C4<0>, C4<0>, C4<0>;
v00000149b1450660_0 .net/2u *"_ivl_0", 95 0, L_00000149b1459ea0;  1 drivers
v00000149b1450520_0 .net "addr_data", 1 0, v00000149b1447620_0;  1 drivers
v00000149b14516a0_0 .net "addr_key_kl", 3 0, v00000149b1445820_0;  1 drivers
v00000149b1450de0_0 .net "ciphertext", 127 0, L_00000149b14b0090;  1 drivers
o00000149b13e2178 .functor BUFZ 1, C4<z>; HiZ drive
v00000149b1451ce0_0 .net "clk", 0 0, o00000149b13e2178;  0 drivers
v00000149b1452280_0 .net "ctvalid_pc", 0 0, L_00000149b14af610;  1 drivers
v00000149b1450200_0 .net "ctvalid_sc", 0 0, L_00000149b14b0950;  1 drivers
v00000149b14503e0_0 .net "data_rd_pc", 0 0, v00000149b1447800_0;  1 drivers
v00000149b1451d80_0 .net "datard_if", 0 0, v00000149b11e8430_0;  1 drivers
v00000149b1452780_0 .net "done_kl", 0 0, v00000149b11e4bf0_0;  1 drivers
o00000149b13e2238 .functor BUFZ 128, C4<zzzzzzzzzzzzzzzzzzzzzzzzzzzzzzzzzzzzzzzzzzzzzzzzzzzzzzzzzzzzzzzzzzzzzzzzzzzzzzzzzzzzzzzzzzzzzzzzzzzzzzzzzzzzzzzzzzzzzzzzzzzzzzzz>; HiZ drive
v00000149b1451f60_0 .net "key_plaintext", 127 0, o00000149b13e2238;  0 drivers
v00000149b1450700_0 .net "keynewinput_if", 0 0, v00000149b11e64f0_0;  1 drivers
v00000149b1450480_0 .net "keyrd_if", 0 0, v00000149b11e61d0_0;  1 drivers
o00000149b13e22c8 .functor BUFZ 1, C4<z>; HiZ drive
v00000149b1452820_0 .net "loaddata", 0 0, o00000149b13e22c8;  0 drivers
o00000149b13e22f8 .functor BUFZ 1, C4<z>; HiZ drive
v00000149b1451ec0_0 .net "loadkey", 0 0, o00000149b13e22f8;  0 drivers
v00000149b14514c0_0 .net "readdata", 0 0, v00000149b1449c40_0;  1 drivers
v00000149b1450e80_0 .net "readkey", 0 0, v00000149b14499c0_0;  1 drivers
v00000149b1450ac0_0 .net "ready_new_input", 0 0, L_00000149b14af220;  1 drivers
v00000149b1450980_0 .net "ready_new_input_pc", 0 0, L_00000149b14b0cd0;  1 drivers
v00000149b1451920_0 .net "ready_new_input_sc", 0 0, v00000149b1449ec0_0;  1 drivers
v00000149b1451240_0 .net "ready_new_key", 0 0, v00000149b1449ce0_0;  1 drivers
v00000149b1450f20_0 .net "ready_new_key_pc", 0 0, L_00000149b14adfb0;  1 drivers
v00000149b14505c0_0 .net "rot_out", 31 0, L_00000149b1451a60;  1 drivers
v00000149b14502a0_0 .net "rot_out_tmp", 127 0, L_00000149b14ac610;  1 drivers
o00000149b13e2388 .functor BUFZ 1, C4<z>; HiZ drive
v00000149b14519c0_0 .net "rst_n", 0 0, o00000149b13e2388;  0 drivers
v00000149b1450a20_0 .net "sbox_in", 127 0, L_00000149b1452dc0;  1 drivers
v00000149b1450160_0 .net "sbox_out", 127 0, L_00000149b14b0560;  1 drivers
v00000149b1450340_0 .net "src_sbox", 0 0, v00000149b1452640_0;  1 drivers
v00000149b1450b60_0 .net "state_in", 127 0, L_00000149b14aca70;  1 drivers
v00000149b1450fc0_0 .net "state_out", 127 0, v00000149b14488e0_0;  1 drivers
v00000149b1450c00_0 .net "sub_in", 31 0, L_00000149b14acb10;  1 drivers
L_00000149b14ac610 .concat [ 32 96 0 0], L_00000149b1451a60, L_00000149b1459ea0;
L_00000149b14acb10 .part v00000149b14488e0_0, 0, 32;
S_00000149b1039f30 .scope module, "InputInterface_Pipeline_inst" "InputInterface_Pipeline" 2 26, 3 1 0, S_00000149b1039da0;
 .timescale 0 0;
    .port_info 0 /INPUT 1 "clk";
    .port_info 1 /INPUT 1 "rst_n";
    .port_info 2 /INPUT 128 "key_plaintext";
    .port_info 3 /INPUT 1 "loadkey";
    .port_info 4 /INPUT 1 "loaddata";
    .port_info 5 /INPUT 1 "readkey";
    .port_info 6 /INPUT 1 "readdata";
    .port_info 7 /INPUT 2 "addr_data";
    .port_info 8 /OUTPUT 1 "keyrd";
    .port_info 9 /OUTPUT 1 "datard";
    .port_info 10 /OUTPUT 128 "InputBlk";
    .port_info 11 /OUTPUT 1 "keynewinput";
v00000149b11e7670_0 .net "InputBlk", 127 0, L_00000149b1450ca0;  alias, 1 drivers
v00000149b11e8110_0 .var "InputBlk_reg", 127 0;
v00000149b11e7850_0 .net *"_ivl_0", 127 0, L_00000149b1451e20;  1 drivers
v00000149b11e8570_0 .net *"_ivl_2", 2 0, L_00000149b1451740;  1 drivers
L_00000149b1458118 .functor BUFT 1, C4<0>, C4<0>, C4<0>, C4<0>;
v00000149b11e78f0_0 .net *"_ivl_5", 0 0, L_00000149b1458118;  1 drivers
v00000149b11e7fd0_0 .net *"_ivl_6", 127 0, L_00000149b1450840;  1 drivers
v00000149b11e82f0_0 .net "addr_data", 1 0, v00000149b1447620_0;  alias, 1 drivers
v00000149b11e7990_0 .net "clk", 0 0, o00000149b13e2178;  alias, 0 drivers
v00000149b11e7a30_0 .var "cnt", 1 0;
v00000149b11e7c10 .array "data", 1 0, 127 0;
v00000149b11e8430_0 .var "datard", 0 0;
v00000149b11e7cb0_0 .var "key", 127 0;
v00000149b11e84d0_0 .net "key_plaintext", 127 0, o00000149b13e2238;  alias, 0 drivers
v00000149b11e64f0_0 .var "keynewinput", 0 0;
v00000149b11e61d0_0 .var "keyrd", 0 0;
v00000149b11e6bd0_0 .net "loaddata", 0 0, o00000149b13e22c8;  alias, 0 drivers
v00000149b11e69f0_0 .net "loadkey", 0 0, o00000149b13e22f8;  alias, 0 drivers
v00000149b11e55f0_0 .net "readdata", 0 0, v00000149b1449c40_0;  alias, 1 drivers
v00000149b11e52d0_0 .net "readkey", 0 0, v00000149b14499c0_0;  alias, 1 drivers
v00000149b11e50f0_0 .net "rst_n", 0 0, o00000149b13e2388;  alias, 0 drivers
E_00000149b1393100/0 .event negedge, v00000149b11e50f0_0;
E_00000149b1393100/1 .event posedge, v00000149b11e7990_0;
E_00000149b1393100 .event/or E_00000149b1393100/0, E_00000149b1393100/1;
L_00000149b1451e20 .array/port v00000149b11e7c10, L_00000149b1451740;
L_00000149b1451740 .concat [ 2 1 0 0], v00000149b1447620_0, L_00000149b1458118;
L_00000149b1450840 .functor MUXZ 128, v00000149b11e8110_0, L_00000149b1451e20, v00000149b1449c40_0, C4<>;
L_00000149b1450ca0 .functor MUXZ 128, L_00000149b1450840, v00000149b11e7cb0_0, v00000149b14499c0_0, C4<>;
S_00000149b1016e50 .scope module, "KeyLogic_inst" "KeyLogic" 2 48, 4 7 0, S_00000149b1039da0;
 .timescale 0 0;
    .port_info 0 /INPUT 1 "clk";
    .port_info 1 /INPUT 1 "rst_n";
    .port_info 2 /INPUT 1 "Key_rd";
    .port_info 3 /INPUT 4 "addr_key";
    .port_info 4 /INPUT 128 "InputBlk";
    .port_info 5 /OUTPUT 1 "done";
    .port_info 6 /OUTPUT 1 "mode";
    .port_info 7 /OUTPUT 128 "Key_data";
    .port_info 8 /INPUT 32 "sub_in";
    .port_info 9 /OUTPUT 32 "rot_out";
L_00000149b13e16b0 .functor BUFZ 128, L_00000149b13e0df0, C4<00000000000000000000000000000000000000000000000000000000000000000000000000000000000000000000000000000000000000000000000000000000>, C4<00000000000000000000000000000000000000000000000000000000000000000000000000000000000000000000000000000000000000000000000000000000>, C4<00000000000000000000000000000000000000000000000000000000000000000000000000000000000000000000000000000000000000000000000000000000>;
v00000149b1422a10_0 .net "InputBlk", 127 0, L_00000149b1450ca0;  alias, 1 drivers
v00000149b1422470_0 .net "Key_data", 127 0, L_00000149b13e16b0;  alias, 1 drivers
v00000149b1423f50_0 .net "Key_rd", 0 0, v00000149b1448980_0;  alias, 1 drivers
v00000149b1424630_0 .net "addr_key", 3 0, v00000149b1445820_0;  alias, 1 drivers
v00000149b1422dd0_0 .net "clk", 0 0, o00000149b13e2178;  alias, 0 drivers
v00000149b14246d0_0 .net "din", 127 0, L_00000149b14507a0;  1 drivers
v00000149b1423050_0 .net "done", 0 0, v00000149b11e4bf0_0;  alias, 1 drivers
v00000149b1423a50_0 .net "dout", 127 0, L_00000149b13e0df0;  1 drivers
v00000149b1422ab0_0 .net "key_new", 127 0, L_00000149b1451600;  1 drivers
v00000149b1423ff0_0 .net "mode", 0 0, v00000149b11e6db0_0;  1 drivers
v00000149b1423870_0 .net "raddr", 3 0, v00000149b11e6d10_0;  1 drivers
v00000149b1424770_0 .net "rot_out", 31 0, L_00000149b1451a60;  alias, 1 drivers
v00000149b1423c30_0 .net "round", 3 0, v00000149b1041150_0;  1 drivers
v00000149b14232d0_0 .net "rst_n", 0 0, o00000149b13e2388;  alias, 0 drivers
v00000149b1424810_0 .net "src_rf", 0 0, v00000149b1040930_0;  1 drivers
v00000149b1423370_0 .net "sub_in", 31 0, L_00000149b14acb10;  alias, 1 drivers
v00000149b14241d0_0 .net "waddr", 3 0, v00000149b1041ab0_0;  1 drivers
v00000149b1423410_0 .net "wen", 0 0, v00000149b1181680_0;  1 drivers
L_00000149b1451100 .part L_00000149b13e0df0, 0, 32;
S_00000149b1031eb0 .scope module, "KeyLogic_Contronller_inst" "KeyLogic_Controller" 4 63, 5 1 0, S_00000149b1016e50;
 .timescale 0 0;
    .port_info 0 /INPUT 1 "clk";
    .port_info 1 /INPUT 1 "rst_n";
    .port_info 2 /INPUT 1 "Key_rd";
    .port_info 3 /INPUT 4 "addr_key";
    .port_info 4 /OUTPUT 1 "done";
    .port_info 5 /OUTPUT 1 "mode";
    .port_info 6 /OUTPUT 4 "round";
    .port_info 7 /OUTPUT 4 "raddr";
    .port_info 8 /OUTPUT 4 "waddr";
    .port_info 9 /OUTPUT 1 "wen";
    .port_info 10 /OUTPUT 1 "src_rf";
P_00000149b11facf0 .param/l "DONE" 1 5 20, +C4<00000000000000000000000000000100>;
P_00000149b11fad28 .param/l "IDLE" 1 5 16, +C4<00000000000000000000000000000000>;
P_00000149b11fad60 .param/l "LOAD_KEY" 1 5 17, +C4<00000000000000000000000000000001>;
P_00000149b11fad98 .param/l "ROTWORD_SUBWORD" 1 5 18, +C4<00000000000000000000000000000010>;
P_00000149b11fadd0 .param/l "XORR_WRITE_RF" 1 5 19, +C4<00000000000000000000000000000011>;
v00000149b11e6c70_0 .net "Key_rd", 0 0, v00000149b1448980_0;  alias, 1 drivers
v00000149b11e4ab0_0 .net "addr_key", 3 0, v00000149b1445820_0;  alias, 1 drivers
v00000149b11e5370_0 .net "clk", 0 0, o00000149b13e2178;  alias, 0 drivers
v00000149b11e4bf0_0 .var "done", 0 0;
v00000149b11e6db0_0 .var "mode", 0 0;
v00000149b11e5a50_0 .var "next_state", 2 0;
v00000149b11e6d10_0 .var "raddr", 3 0;
v00000149b1041150_0 .var "round", 3 0;
v00000149b1041b50_0 .net "rst_n", 0 0, o00000149b13e2388;  alias, 0 drivers
v00000149b1040930_0 .var "src_rf", 0 0;
v00000149b1041970_0 .var "state", 2 0;
v00000149b1041ab0_0 .var "waddr", 3 0;
v00000149b1181680_0 .var "wen", 0 0;
E_00000149b1392d40 .event anyedge, v00000149b1041970_0, v00000149b11e6c70_0, v00000149b1041ab0_0;
S_00000149b1032040 .scope module, "Mux2_inst" "Mux2" 4 31, 6 1 0, S_00000149b1016e50;
 .timescale 0 0;
    .port_info 0 /INPUT 128 "a";
    .port_info 1 /INPUT 128 "b";
    .port_info 2 /INPUT 1 "select";
    .port_info 3 /OUTPUT 128 "c";
v00000149b1180780_0 .net "a", 127 0, L_00000149b1451600;  alias, 1 drivers
v00000149b117fd80_0 .net "b", 127 0, L_00000149b1450ca0;  alias, 1 drivers
v00000149b117ff60_0 .net "c", 127 0, L_00000149b14507a0;  alias, 1 drivers
v00000149b14228d0_0 .net "select", 0 0, v00000149b1040930_0;  alias, 1 drivers
L_00000149b14507a0 .functor MUXZ 128, L_00000149b1451600, L_00000149b1450ca0, v00000149b1040930_0, C4<>;
S_00000149b10321d0 .scope module, "Registerfile_inst" "Registerfile" 4 38, 7 1 0, S_00000149b1016e50;
 .timescale 0 0;
    .port_info 0 /INPUT 1 "clk";
    .port_info 1 /INPUT 1 "rst_n";
    .port_info 2 /INPUT 1 "wen";
    .port_info 3 /INPUT 4 "waddr";
    .port_info 4 /INPUT 128 "din";
    .port_info 5 /INPUT 4 "raddr";
    .port_info 6 /OUTPUT 128 "dout";
L_00000149b13e0df0 .functor BUFZ 128, L_00000149b1452320, C4<00000000000000000000000000000000000000000000000000000000000000000000000000000000000000000000000000000000000000000000000000000000>, C4<00000000000000000000000000000000000000000000000000000000000000000000000000000000000000000000000000000000000000000000000000000000>, C4<00000000000000000000000000000000000000000000000000000000000000000000000000000000000000000000000000000000000000000000000000000000>;
v00000149b1423230_0 .net *"_ivl_0", 127 0, L_00000149b1452320;  1 drivers
v00000149b14220b0_0 .net *"_ivl_2", 4 0, L_00000149b14521e0;  1 drivers
L_00000149b1458160 .functor BUFT 1, C4<0>, C4<0>, C4<0>, C4<0>;
v00000149b1423910_0 .net *"_ivl_5", 0 0, L_00000149b1458160;  1 drivers
v00000149b1422e70_0 .net "clk", 0 0, o00000149b13e2178;  alias, 0 drivers
v00000149b1422b50_0 .net "din", 127 0, L_00000149b14507a0;  alias, 1 drivers
v00000149b14243b0_0 .net "dout", 127 0, L_00000149b13e0df0;  alias, 1 drivers
v00000149b1423cd0_0 .var/i "i", 31 0;
v00000149b1424310_0 .net "raddr", 3 0, v00000149b11e6d10_0;  alias, 1 drivers
v00000149b14230f0 .array "regs", 10 0, 127 0;
v00000149b1424450_0 .net "rst_n", 0 0, o00000149b13e2388;  alias, 0 drivers
v00000149b1423d70_0 .net "waddr", 3 0, v00000149b1041ab0_0;  alias, 1 drivers
v00000149b1423b90_0 .net "wen", 0 0, v00000149b1181680_0;  alias, 1 drivers
L_00000149b1452320 .array/port v00000149b14230f0, L_00000149b14521e0;
L_00000149b14521e0 .concat [ 4 1 0 0], v00000149b11e6d10_0, L_00000149b1458160;
S_00000149b10116c0 .scope module, "RotWord_inst" "RotWord" 4 49, 8 1 0, S_00000149b1016e50;
 .timescale 0 0;
    .port_info 0 /INPUT 32 "rot_in";
    .port_info 1 /OUTPUT 32 "rot_out";
v00000149b14225b0_0 .net *"_ivl_1", 23 0, L_00000149b1451060;  1 drivers
v00000149b1422d30_0 .net *"_ivl_3", 7 0, L_00000149b1450d40;  1 drivers
v00000149b14226f0_0 .net "rot_in", 31 0, L_00000149b1451100;  1 drivers
v00000149b1423e10_0 .net "rot_out", 31 0, L_00000149b1451a60;  alias, 1 drivers
L_00000149b1451060 .part L_00000149b1451100, 0, 24;
L_00000149b1450d40 .part L_00000149b1451100, 24, 8;
L_00000149b1451a60 .concat [ 8 24 0 0], L_00000149b1450d40, L_00000149b1451060;
S_00000149b1011850 .scope module, "Xorr_inst" "Xorr" 4 56, 9 4 0, S_00000149b1016e50;
 .timescale 0 0;
    .port_info 0 /INPUT 128 "key_prev";
    .port_info 1 /INPUT 32 "sub_in";
    .port_info 2 /INPUT 4 "round";
    .port_info 3 /OUTPUT 128 "key_new";
L_00000149b13e0a00 .functor BUFZ 128, L_00000149b13e0df0, C4<00000000000000000000000000000000000000000000000000000000000000000000000000000000000000000000000000000000000000000000000000000000>, C4<00000000000000000000000000000000000000000000000000000000000000000000000000000000000000000000000000000000000000000000000000000000>, C4<00000000000000000000000000000000000000000000000000000000000000000000000000000000000000000000000000000000000000000000000000000000>;
L_00000149b13e05a0 .functor XOR 32, L_00000149b14acb10, v00000149b1424090_0, C4<00000000000000000000000000000000>, C4<00000000000000000000000000000000>;
L_00000149b13e0680 .functor XOR 32, L_00000149b14511a0, L_00000149b13e05a0, C4<00000000000000000000000000000000>, C4<00000000000000000000000000000000>;
L_00000149b13e0060 .functor XOR 32, L_00000149b1451b00, L_00000149b13e0680, C4<00000000000000000000000000000000>, C4<00000000000000000000000000000000>;
L_00000149b13e0fb0 .functor XOR 32, L_00000149b14512e0, L_00000149b13e0060, C4<00000000000000000000000000000000>, C4<00000000000000000000000000000000>;
L_00000149b13e1a30 .functor XOR 32, L_00000149b1451ba0, L_00000149b13e0fb0, C4<00000000000000000000000000000000>, C4<00000000000000000000000000000000>;
v00000149b1422970_0 .net *"_ivl_6", 127 0, L_00000149b13e0a00;  1 drivers
v00000149b1424270_0 .net "key_new", 127 0, L_00000149b1451600;  alias, 1 drivers
v00000149b1422fb0_0 .net "key_prev", 127 0, L_00000149b13e0df0;  alias, 1 drivers
v00000149b14237d0_0 .net "rcon", 31 0, v00000149b1424090_0;  1 drivers
v00000149b1422150_0 .net "round", 3 0, v00000149b1041150_0;  alias, 1 drivers
v00000149b14239b0_0 .net "sub_in", 31 0, L_00000149b14acb10;  alias, 1 drivers
v00000149b1424130_0 .net "temp", 31 0, L_00000149b13e05a0;  1 drivers
v00000149b1422bf0_0 .net "w0", 31 0, L_00000149b14511a0;  1 drivers
v00000149b1422c90_0 .net "w1", 31 0, L_00000149b1451b00;  1 drivers
v00000149b1423eb0_0 .net "w2", 31 0, L_00000149b14512e0;  1 drivers
v00000149b14244f0_0 .net "w3", 31 0, L_00000149b1451ba0;  1 drivers
v00000149b1423190_0 .net "w4", 31 0, L_00000149b13e0680;  1 drivers
v00000149b1424590_0 .net "w5", 31 0, L_00000149b13e0060;  1 drivers
v00000149b14223d0_0 .net "w6", 31 0, L_00000149b13e0fb0;  1 drivers
v00000149b1422830_0 .net "w7", 31 0, L_00000149b13e1a30;  1 drivers
L_00000149b14511a0 .part L_00000149b13e0a00, 96, 32;
L_00000149b1451b00 .part L_00000149b13e0a00, 64, 32;
L_00000149b14512e0 .part L_00000149b13e0a00, 32, 32;
L_00000149b1451ba0 .part L_00000149b13e0a00, 0, 32;
L_00000149b1451600 .concat [ 32 32 32 32], L_00000149b13e1a30, L_00000149b13e0fb0, L_00000149b13e0060, L_00000149b13e0680;
S_00000149b10119e0 .scope module, "u_rcon" "Rcon" 9 19, 10 1 0, S_00000149b1011850;
 .timescale 0 0;
    .port_info 0 /INPUT 4 "round";
    .port_info 1 /OUTPUT 32 "rcon_out";
v00000149b1424090_0 .var "rcon_out", 31 0;
v00000149b1422f10_0 .net "round", 3 0, v00000149b1041150_0;  alias, 1 drivers
E_00000149b1392400 .event anyedge, v00000149b1041150_0;
S_00000149b1060d30 .scope module, "Mux2_inst" "Mux2" 2 89, 6 1 0, S_00000149b1039da0;
 .timescale 0 0;
    .port_info 0 /INPUT 128 "a";
    .port_info 1 /INPUT 128 "b";
    .port_info 2 /INPUT 1 "select";
    .port_info 3 /OUTPUT 128 "c";
v00000149b14221f0_0 .net "a", 127 0, L_00000149b14ac610;  alias, 1 drivers
v00000149b14235f0_0 .net "b", 127 0, L_00000149b1452dc0;  alias, 1 drivers
v00000149b1422290_0 .net "c", 127 0, L_00000149b14aca70;  alias, 1 drivers
v00000149b1422330_0 .net "select", 0 0, v00000149b1452640_0;  alias, 1 drivers
L_00000149b14aca70 .functor MUXZ 128, L_00000149b14ac610, L_00000149b1452dc0, v00000149b1452640_0, C4<>;
S_00000149b1060ec0 .scope module, "ProcessingCore_Pipeline_inst" "ProcessingCore_Pipeline" 2 66, 11 7 0, S_00000149b1039da0;
 .timescale 0 0;
    .port_info 0 /INPUT 1 "clk";
    .port_info 1 /INPUT 1 "rst_n";
    .port_info 2 /INPUT 1 "datard";
    .port_info 3 /INPUT 128 "InputBlk";
    .port_info 4 /OUTPUT 4 "addr_key";
    .port_info 5 /INPUT 128 "key";
    .port_info 6 /OUTPUT 1 "done";
    .port_info 7 /OUTPUT 1 "ready_new_input";
    .port_info 8 /OUTPUT 1 "ready_new_key";
    .port_info 9 /OUTPUT 128 "sbox_in";
    .port_info 10 /INPUT 128 "sbox_out";
    .port_info 11 /OUTPUT 128 "ciphertext";
L_00000149b14af610 .functor OR 1, v00000149b14467c0_0, v00000149b1446f40_0, C4<0>, C4<0>;
v00000149b1446b80_0 .net "InputBlk", 127 0, L_00000149b1450ca0;  alias, 1 drivers
v00000149b1446c20_0 .net "addr_key", 3 0, v00000149b1445820_0;  alias, 1 drivers
v00000149b1447bc0_0 .net "b_in", 127 0, L_00000149b14ac7f0;  1 drivers
v00000149b14474e0_0 .net "ciphertext", 127 0, L_00000149b14b0090;  alias, 1 drivers
v00000149b14478a0_0 .net "clk", 0 0, o00000149b13e2178;  alias, 0 drivers
v00000149b1447940_0 .net "ctvalid1", 0 0, v00000149b14467c0_0;  1 drivers
v00000149b14483e0_0 .net "ctvalid2", 0 0, v00000149b1446f40_0;  1 drivers
v00000149b1448200_0 .net "datard", 0 0, v00000149b1447800_0;  alias, 1 drivers
v00000149b1448c00_0 .net "done", 0 0, L_00000149b14af610;  alias, 1 drivers
v00000149b1449600_0 .net "dout_rf", 127 0, L_00000149b14b0bf0;  1 drivers
v00000149b1448840_0 .net "key", 127 0, L_00000149b13e16b0;  alias, 1 drivers
v00000149b1449100_0 .net "out_MA", 127 0, v00000149b1443700_0;  1 drivers
v00000149b1447d00_0 .net "raddr", 0 0, v00000149b1446ae0_0;  1 drivers
v00000149b1447da0_0 .net "ready_new_input", 0 0, L_00000149b14b0cd0;  alias, 1 drivers
v00000149b1447440_0 .net "ready_new_key", 0 0, L_00000149b14adfb0;  alias, 1 drivers
v00000149b1449240_0 .net "rst_n", 0 0, o00000149b13e2388;  alias, 0 drivers
v00000149b1448020_0 .net "sbox_in", 127 0, L_00000149b1452dc0;  alias, 1 drivers
v00000149b14491a0_0 .net "sbox_out", 127 0, L_00000149b14b0560;  alias, 1 drivers
v00000149b1448ca0_0 .net "src_input", 0 0, v00000149b1446d60_0;  1 drivers
v00000149b14496a0_0 .net "waddr", 0 0, v00000149b1444f60_0;  1 drivers
v00000149b1447ee0_0 .net "wen", 0 0, v00000149b1446360_0;  1 drivers
S_00000149b100c200 .scope module, "AddRoundKey_inst" "AddRoundKey" 11 40, 12 1 0, S_00000149b1060ec0;
 .timescale 0 0;
    .port_info 0 /INPUT 128 "din";
    .port_info 1 /INPUT 128 "key";
    .port_info 2 /OUTPUT 128 "dout";
L_00000149b14b0090 .functor XOR 128, L_00000149b14b0560, L_00000149b13e16b0, C4<00000000000000000000000000000000000000000000000000000000000000000000000000000000000000000000000000000000000000000000000000000000>, C4<00000000000000000000000000000000000000000000000000000000000000000000000000000000000000000000000000000000000000000000000000000000>;
v00000149b1422510_0 .net "din", 127 0, L_00000149b14b0560;  alias, 1 drivers
v00000149b1422650_0 .net "dout", 127 0, L_00000149b14b0090;  alias, 1 drivers
v00000149b14234b0_0 .net "key", 127 0, L_00000149b13e16b0;  alias, 1 drivers
S_00000149b100c390 .scope module, "MixColumns_AddRoundKey_inst" "MixColumns_AddRoundKey" 11 32, 13 4 0, S_00000149b1060ec0;
 .timescale 0 0;
    .port_info 0 /INPUT 1 "clk";
    .port_info 1 /INPUT 1 "rst_n";
    .port_info 2 /INPUT 128 "din";
    .port_info 3 /INPUT 128 "key";
    .port_info 4 /OUTPUT 128 "dout";
v00000149b1442120_0 .net "clk", 0 0, o00000149b13e2178;  alias, 0 drivers
v00000149b1443660_0 .net "din", 127 0, L_00000149b14b0560;  alias, 1 drivers
v00000149b1443700_0 .var "dout", 127 0;
v00000149b1443d40_0 .net "dout_tmp", 127 0, L_00000149b14b0330;  1 drivers
v00000149b1443de0_0 .net "key", 127 0, L_00000149b13e16b0;  alias, 1 drivers
v00000149b1443e80_0 .net "rst_n", 0 0, o00000149b13e2388;  alias, 0 drivers
v00000149b1443f20_0 .net "state_out", 127 0, L_00000149b14adc90;  1 drivers
S_00000149b1012c50 .scope module, "AddRoundKey_inst" "AddRoundKey" 13 16, 12 1 0, S_00000149b100c390;
 .timescale 0 0;
    .port_info 0 /INPUT 128 "din";
    .port_info 1 /INPUT 128 "key";
    .port_info 2 /OUTPUT 128 "dout";
L_00000149b14b0330 .functor XOR 128, L_00000149b14adc90, L_00000149b13e16b0, C4<00000000000000000000000000000000000000000000000000000000000000000000000000000000000000000000000000000000000000000000000000000000>, C4<00000000000000000000000000000000000000000000000000000000000000000000000000000000000000000000000000000000000000000000000000000000>;
v00000149b1422790_0 .net "din", 127 0, L_00000149b14adc90;  alias, 1 drivers
v00000149b1423af0_0 .net "dout", 127 0, L_00000149b14b0330;  alias, 1 drivers
v00000149b1423550_0 .net "key", 127 0, L_00000149b13e16b0;  alias, 1 drivers
S_00000149b130dc70 .scope module, "MixColumns_inst" "MixColumns" 13 12, 14 3 0, S_00000149b100c390;
 .timescale 0 0;
    .port_info 0 /INPUT 128 "state_in";
    .port_info 1 /OUTPUT 128 "state_out";
L_00000149b13e1790 .functor XOR 8, L_00000149b1454440, L_00000149b13e00d0, C4<00000000>, C4<00000000>;
L_00000149b13e1870 .functor XOR 8, L_00000149b13e1790, L_00000149b14546c0, C4<00000000>, C4<00000000>;
L_00000149b13e1bf0 .functor XOR 8, L_00000149b13e1870, L_00000149b1453860, C4<00000000>, C4<00000000>;
L_00000149b13e1e20 .functor XOR 8, L_00000149b1454260, L_00000149b1454b20, C4<00000000>, C4<00000000>;
L_00000149b13e1e90 .functor XOR 8, L_00000149b13e1e20, L_00000149b13e0760, C4<00000000>, C4<00000000>;
L_00000149b13e1c60 .functor XOR 8, L_00000149b13e1e90, L_00000149b1453860, C4<00000000>, C4<00000000>;
L_00000149b13e1f00 .functor XOR 8, L_00000149b1454260, L_00000149b1454a80, C4<00000000>, C4<00000000>;
L_00000149b13e1f70 .functor XOR 8, L_00000149b13e1f00, L_00000149b1454940, C4<00000000>, C4<00000000>;
L_00000149b13e1cd0 .functor XOR 8, L_00000149b13e1f70, L_00000149b13e07d0, C4<00000000>, C4<00000000>;
L_00000149b13e1d40 .functor XOR 8, L_00000149b13e0920, L_00000149b1454a80, C4<00000000>, C4<00000000>;
L_00000149b13e1db0 .functor XOR 8, L_00000149b13e1d40, L_00000149b14546c0, C4<00000000>, C4<00000000>;
L_00000149b11e4450 .functor XOR 8, L_00000149b13e1db0, L_00000149b1454da0, C4<00000000>, C4<00000000>;
L_00000149b11e4220 .functor XOR 8, L_00000149b1453040, L_00000149b13e08b0, C4<00000000>, C4<00000000>;
L_00000149b11e2e70 .functor XOR 8, L_00000149b11e4220, L_00000149b1453d60, C4<00000000>, C4<00000000>;
L_00000149b11e3340 .functor XOR 8, L_00000149b11e2e70, L_00000149b14541c0, C4<00000000>, C4<00000000>;
L_00000149b11e3dc0 .functor XOR 8, L_00000149b1454f80, L_00000149b1453fe0, C4<00000000>, C4<00000000>;
L_00000149b11e2770 .functor XOR 8, L_00000149b11e3dc0, L_00000149b13e1170, C4<00000000>, C4<00000000>;
L_00000149b11e29a0 .functor XOR 8, L_00000149b11e2770, L_00000149b14541c0, C4<00000000>, C4<00000000>;
L_00000149b11e2fc0 .functor XOR 8, L_00000149b1454f80, L_00000149b1454c60, C4<00000000>, C4<00000000>;
L_00000149b117e670 .functor XOR 8, L_00000149b11e2fc0, L_00000149b1452c80, C4<00000000>, C4<00000000>;
L_00000149b117e980 .functor XOR 8, L_00000149b117e670, L_00000149b13e1b80, C4<00000000>, C4<00000000>;
L_00000149b117e6e0 .functor XOR 8, L_00000149b13e1640, L_00000149b1454c60, C4<00000000>, C4<00000000>;
L_00000149b117ea60 .functor XOR 8, L_00000149b117e6e0, L_00000149b1453d60, C4<00000000>, C4<00000000>;
L_00000149b1057220 .functor XOR 8, L_00000149b117ea60, L_00000149b14553e0, C4<00000000>, C4<00000000>;
L_00000149b106f990 .functor XOR 8, L_00000149b1456240, L_00000149b13e1330, C4<00000000>, C4<00000000>;
L_00000149b111cc00 .functor XOR 8, L_00000149b106f990, L_00000149b1454120, C4<00000000>, C4<00000000>;
L_00000149b14af760 .functor XOR 8, L_00000149b111cc00, L_00000149b1454d00, C4<00000000>, C4<00000000>;
L_00000149b14b01e0 .functor XOR 8, L_00000149b1452be0, L_00000149b1456380, C4<00000000>, C4<00000000>;
L_00000149b14afa00 .functor XOR 8, L_00000149b14b01e0, L_00000149b13e1410, C4<00000000>, C4<00000000>;
L_00000149b14af290 .functor XOR 8, L_00000149b14afa00, L_00000149b1454d00, C4<00000000>, C4<00000000>;
L_00000149b14b08e0 .functor XOR 8, L_00000149b1452be0, L_00000149b1452fa0, C4<00000000>, C4<00000000>;
L_00000149b14b0640 .functor XOR 8, L_00000149b14b08e0, L_00000149b1456a60, C4<00000000>, C4<00000000>;
L_00000149b14b0720 .functor XOR 8, L_00000149b14b0640, L_00000149b13e1480, C4<00000000>, C4<00000000>;
L_00000149b14affb0 .functor XOR 8, L_00000149b13e04c0, L_00000149b1452fa0, C4<00000000>, C4<00000000>;
L_00000149b14b0d40 .functor XOR 8, L_00000149b14affb0, L_00000149b1454120, C4<00000000>, C4<00000000>;
L_00000149b14b02c0 .functor XOR 8, L_00000149b14b0d40, L_00000149b1456420, C4<00000000>, C4<00000000>;
L_00000149b14af990 .functor XOR 8, L_00000149b1457280, L_00000149b13e1560, C4<00000000>, C4<00000000>;
L_00000149b14b0aa0 .functor XOR 8, L_00000149b14af990, L_00000149b1453ae0, C4<00000000>, C4<00000000>;
L_00000149b14af5a0 .functor XOR 8, L_00000149b14b0aa0, L_00000149b1454300, C4<00000000>, C4<00000000>;
L_00000149b14b03a0 .functor XOR 8, L_00000149b1453900, L_00000149b14578c0, C4<00000000>, C4<00000000>;
L_00000149b14af4c0 .functor XOR 8, L_00000149b14b03a0, L_00000149b13e19c0, C4<00000000>, C4<00000000>;
L_00000149b14b0a30 .functor XOR 8, L_00000149b14af4c0, L_00000149b1454300, C4<00000000>, C4<00000000>;
L_00000149b14b0250 .functor XOR 8, L_00000149b1453900, L_00000149b1454620, C4<00000000>, C4<00000000>;
L_00000149b14b0410 .functor XOR 8, L_00000149b14b0250, L_00000149b1455f20, C4<00000000>, C4<00000000>;
L_00000149b14b0b80 .functor XOR 8, L_00000149b14b0410, L_00000149b13e0530, C4<00000000>, C4<00000000>;
L_00000149b14b04f0 .functor XOR 8, L_00000149b13e1aa0, L_00000149b1454620, C4<00000000>, C4<00000000>;
L_00000149b14afe60 .functor XOR 8, L_00000149b14b04f0, L_00000149b1453ae0, C4<00000000>, C4<00000000>;
L_00000149b14afb50 .functor XOR 8, L_00000149b14afe60, L_00000149b1456e20, C4<00000000>, C4<00000000>;
v00000149b1440830_0 .net *"_ivl_100", 7 0, L_00000149b14b0d40;  1 drivers
v00000149b14408d0_0 .net *"_ivl_104", 7 0, L_00000149b14af990;  1 drivers
v00000149b143f250_0 .net *"_ivl_106", 7 0, L_00000149b14b0aa0;  1 drivers
v00000149b14415f0_0 .net *"_ivl_110", 7 0, L_00000149b14b03a0;  1 drivers
v00000149b1440c90_0 .net *"_ivl_112", 7 0, L_00000149b14af4c0;  1 drivers
v00000149b143f390_0 .net *"_ivl_116", 7 0, L_00000149b14b0250;  1 drivers
v00000149b1440d30_0 .net *"_ivl_118", 7 0, L_00000149b14b0410;  1 drivers
v00000149b1440fb0_0 .net *"_ivl_122", 7 0, L_00000149b14b04f0;  1 drivers
v00000149b143f7f0_0 .net *"_ivl_124", 7 0, L_00000149b14afe60;  1 drivers
v00000149b143f610_0 .net *"_ivl_32", 7 0, L_00000149b13e1790;  1 drivers
v00000149b14400b0_0 .net *"_ivl_34", 7 0, L_00000149b13e1870;  1 drivers
v00000149b143fd90_0 .net *"_ivl_38", 7 0, L_00000149b13e1e20;  1 drivers
v00000149b1441690_0 .net *"_ivl_40", 7 0, L_00000149b13e1e90;  1 drivers
v00000149b143f9d0_0 .net *"_ivl_44", 7 0, L_00000149b13e1f00;  1 drivers
v00000149b1440150_0 .net *"_ivl_46", 7 0, L_00000149b13e1f70;  1 drivers
v00000149b1440650_0 .net *"_ivl_50", 7 0, L_00000149b13e1d40;  1 drivers
v00000149b1440b50_0 .net *"_ivl_52", 7 0, L_00000149b13e1db0;  1 drivers
v00000149b143fa70_0 .net *"_ivl_56", 7 0, L_00000149b11e4220;  1 drivers
v00000149b143fbb0_0 .net *"_ivl_58", 7 0, L_00000149b11e2e70;  1 drivers
v00000149b1441730_0 .net *"_ivl_62", 7 0, L_00000149b11e3dc0;  1 drivers
v00000149b143fc50_0 .net *"_ivl_64", 7 0, L_00000149b11e2770;  1 drivers
v00000149b1440970_0 .net *"_ivl_68", 7 0, L_00000149b11e2fc0;  1 drivers
v00000149b143fcf0_0 .net *"_ivl_70", 7 0, L_00000149b117e670;  1 drivers
v00000149b143fe30_0 .net *"_ivl_74", 7 0, L_00000149b117e6e0;  1 drivers
v00000149b1440dd0_0 .net *"_ivl_76", 7 0, L_00000149b117ea60;  1 drivers
v00000149b1441050_0 .net *"_ivl_80", 7 0, L_00000149b106f990;  1 drivers
v00000149b14401f0_0 .net *"_ivl_82", 7 0, L_00000149b111cc00;  1 drivers
v00000149b1440510_0 .net *"_ivl_86", 7 0, L_00000149b14b01e0;  1 drivers
v00000149b14410f0_0 .net *"_ivl_88", 7 0, L_00000149b14afa00;  1 drivers
v00000149b1440290_0 .net *"_ivl_92", 7 0, L_00000149b14b08e0;  1 drivers
v00000149b1441190_0 .net *"_ivl_94", 7 0, L_00000149b14b0640;  1 drivers
v00000149b1440330_0 .net *"_ivl_98", 7 0, L_00000149b14affb0;  1 drivers
v00000149b14406f0_0 .net "m0", 7 0, L_00000149b13e1bf0;  1 drivers
v00000149b1441cd0_0 .net "m1", 7 0, L_00000149b13e1c60;  1 drivers
v00000149b1441d70_0 .net "m10", 7 0, L_00000149b14b0720;  1 drivers
v00000149b1441c30_0 .net "m11", 7 0, L_00000149b14b02c0;  1 drivers
v00000149b1441eb0_0 .net "m12", 7 0, L_00000149b14af5a0;  1 drivers
v00000149b1441e10_0 .net "m13", 7 0, L_00000149b14b0a30;  1 drivers
v00000149b1441f50_0 .net "m14", 7 0, L_00000149b14b0b80;  1 drivers
v00000149b1441b90_0 .net "m15", 7 0, L_00000149b14afb50;  1 drivers
v00000149b1441ff0_0 .net "m2", 7 0, L_00000149b13e1cd0;  1 drivers
v00000149b1441910_0 .net "m3", 7 0, L_00000149b11e4450;  1 drivers
v00000149b14419b0_0 .net "m4", 7 0, L_00000149b11e3340;  1 drivers
v00000149b1441a50_0 .net "m5", 7 0, L_00000149b11e29a0;  1 drivers
v00000149b1441af0_0 .net "m6", 7 0, L_00000149b117e980;  1 drivers
v00000149b1442f80_0 .net "m7", 7 0, L_00000149b1057220;  1 drivers
v00000149b14437a0_0 .net "m8", 7 0, L_00000149b14af760;  1 drivers
v00000149b1444240_0 .net "m9", 7 0, L_00000149b14af290;  1 drivers
v00000149b1442c60_0 .net "s0", 7 0, L_00000149b1454260;  1 drivers
v00000149b1442760_0 .net "s0_2", 7 0, L_00000149b1454440;  1 drivers
v00000149b14438e0_0 .net "s0_3", 7 0, L_00000149b13e0920;  1 drivers
v00000149b14444c0_0 .net "s1", 7 0, L_00000149b1454a80;  1 drivers
v00000149b1442300_0 .net "s10", 7 0, L_00000149b1454120;  1 drivers
v00000149b1443520_0 .net "s10_2", 7 0, L_00000149b1456a60;  1 drivers
v00000149b1443020_0 .net "s10_3", 7 0, L_00000149b13e1410;  1 drivers
v00000149b1443a20_0 .net "s11", 7 0, L_00000149b1454d00;  1 drivers
v00000149b1442940_0 .net "s11_2", 7 0, L_00000149b1456420;  1 drivers
v00000149b14432a0_0 .net "s11_3", 7 0, L_00000149b13e1480;  1 drivers
v00000149b14430c0_0 .net "s12", 7 0, L_00000149b1453900;  1 drivers
v00000149b1442440_0 .net "s12_2", 7 0, L_00000149b1457280;  1 drivers
v00000149b14433e0_0 .net "s12_3", 7 0, L_00000149b13e1aa0;  1 drivers
v00000149b1444880_0 .net "s13", 7 0, L_00000149b1454620;  1 drivers
v00000149b1443340_0 .net "s13_2", 7 0, L_00000149b14578c0;  1 drivers
v00000149b1443480_0 .net "s13_3", 7 0, L_00000149b13e1560;  1 drivers
v00000149b1442bc0_0 .net "s14", 7 0, L_00000149b1453ae0;  1 drivers
v00000149b1443c00_0 .net "s14_2", 7 0, L_00000149b1455f20;  1 drivers
v00000149b1444740_0 .net "s14_3", 7 0, L_00000149b13e19c0;  1 drivers
v00000149b14421c0_0 .net "s15", 7 0, L_00000149b1454300;  1 drivers
v00000149b1444420_0 .net "s15_2", 7 0, L_00000149b1456e20;  1 drivers
v00000149b1443200_0 .net "s15_3", 7 0, L_00000149b13e0530;  1 drivers
v00000149b1442e40_0 .net "s1_2", 7 0, L_00000149b1454b20;  1 drivers
v00000149b1442620_0 .net "s1_3", 7 0, L_00000149b13e00d0;  1 drivers
v00000149b1443840_0 .net "s2", 7 0, L_00000149b14546c0;  1 drivers
v00000149b1444060_0 .net "s2_2", 7 0, L_00000149b1454940;  1 drivers
v00000149b1442800_0 .net "s2_3", 7 0, L_00000149b13e0760;  1 drivers
v00000149b14424e0_0 .net "s3", 7 0, L_00000149b1453860;  1 drivers
v00000149b14442e0_0 .net "s3_2", 7 0, L_00000149b1454da0;  1 drivers
v00000149b1442260_0 .net "s3_3", 7 0, L_00000149b13e07d0;  1 drivers
v00000149b1443ca0_0 .net "s4", 7 0, L_00000149b1454f80;  1 drivers
v00000149b1444600_0 .net "s4_2", 7 0, L_00000149b1453040;  1 drivers
v00000149b14435c0_0 .net "s4_3", 7 0, L_00000149b13e1640;  1 drivers
v00000149b14423a0_0 .net "s5", 7 0, L_00000149b1454c60;  1 drivers
v00000149b14447e0_0 .net "s5_2", 7 0, L_00000149b1453fe0;  1 drivers
v00000149b1443160_0 .net "s5_3", 7 0, L_00000149b13e08b0;  1 drivers
v00000149b1442da0_0 .net "s6", 7 0, L_00000149b1453d60;  1 drivers
v00000149b1442a80_0 .net "s6_2", 7 0, L_00000149b1452c80;  1 drivers
v00000149b1443980_0 .net "s6_3", 7 0, L_00000149b13e1170;  1 drivers
v00000149b1444380_0 .net "s7", 7 0, L_00000149b14541c0;  1 drivers
v00000149b1442580_0 .net "s7_2", 7 0, L_00000149b14553e0;  1 drivers
v00000149b14426c0_0 .net "s7_3", 7 0, L_00000149b13e1b80;  1 drivers
v00000149b1443ac0_0 .net "s8", 7 0, L_00000149b1452be0;  1 drivers
v00000149b1443b60_0 .net "s8_2", 7 0, L_00000149b1456240;  1 drivers
v00000149b14428a0_0 .net "s8_3", 7 0, L_00000149b13e04c0;  1 drivers
v00000149b14429e0_0 .net "s9", 7 0, L_00000149b1452fa0;  1 drivers
v00000149b14441a0_0 .net "s9_2", 7 0, L_00000149b1456380;  1 drivers
v00000149b1442d00_0 .net "s9_3", 7 0, L_00000149b13e1330;  1 drivers
v00000149b1442ee0_0 .net "state_in", 127 0, L_00000149b14b0560;  alias, 1 drivers
v00000149b1442b20_0 .net "state_out", 127 0, L_00000149b14adc90;  alias, 1 drivers
L_00000149b1454260 .part L_00000149b14b0560, 120, 8;
L_00000149b1454a80 .part L_00000149b14b0560, 112, 8;
L_00000149b14546c0 .part L_00000149b14b0560, 104, 8;
L_00000149b1453860 .part L_00000149b14b0560, 96, 8;
L_00000149b1454f80 .part L_00000149b14b0560, 88, 8;
L_00000149b1454c60 .part L_00000149b14b0560, 80, 8;
L_00000149b1453d60 .part L_00000149b14b0560, 72, 8;
L_00000149b14541c0 .part L_00000149b14b0560, 64, 8;
L_00000149b1452be0 .part L_00000149b14b0560, 56, 8;
L_00000149b1452fa0 .part L_00000149b14b0560, 48, 8;
L_00000149b1454120 .part L_00000149b14b0560, 40, 8;
L_00000149b1454d00 .part L_00000149b14b0560, 32, 8;
L_00000149b1453900 .part L_00000149b14b0560, 24, 8;
L_00000149b1454620 .part L_00000149b14b0560, 16, 8;
L_00000149b1453ae0 .part L_00000149b14b0560, 8, 8;
L_00000149b1454300 .part L_00000149b14b0560, 0, 8;
LS_00000149b14adc90_0_0 .concat [ 8 8 8 8], L_00000149b14afb50, L_00000149b14b0b80, L_00000149b14b0a30, L_00000149b14af5a0;
LS_00000149b14adc90_0_4 .concat [ 8 8 8 8], L_00000149b14b02c0, L_00000149b14b0720, L_00000149b14af290, L_00000149b14af760;
LS_00000149b14adc90_0_8 .concat [ 8 8 8 8], L_00000149b1057220, L_00000149b117e980, L_00000149b11e29a0, L_00000149b11e3340;
LS_00000149b14adc90_0_12 .concat [ 8 8 8 8], L_00000149b11e4450, L_00000149b13e1cd0, L_00000149b13e1c60, L_00000149b13e1bf0;
L_00000149b14adc90 .concat [ 32 32 32 32], LS_00000149b14adc90_0_0, LS_00000149b14adc90_0_4, LS_00000149b14adc90_0_8, LS_00000149b14adc90_0_12;
S_00000149b130de00 .scope module, "u0_mul2" "mul2" 14 34, 15 1 0, S_00000149b130dc70;
 .timescale 0 0;
    .port_info 0 /INPUT 8 "a";
    .port_info 1 /OUTPUT 8 "result";
L_00000149b14581f0 .functor BUFT 1, C4<00011011>, C4<0>, C4<0>, C4<0>;
L_00000149b13e0ae0 .functor XOR 8, L_00000149b1454760, L_00000149b14581f0, C4<00000000>, C4<00000000>;
v00000149b1423690_0 .net *"_ivl_1", 0 0, L_00000149b14543a0;  1 drivers
v00000149b1423730_0 .net *"_ivl_10", 7 0, L_00000149b13e0ae0;  1 drivers
v00000149b1424d10_0 .net *"_ivl_12", 7 0, L_00000149b14530e0;  1 drivers
v00000149b1425350_0 .net *"_ivl_14", 6 0, L_00000149b1452e60;  1 drivers
L_00000149b1458238 .functor BUFT 1, C4<0>, C4<0>, C4<0>, C4<0>;
v00000149b1424db0_0 .net *"_ivl_16", 0 0, L_00000149b1458238;  1 drivers
v00000149b1425df0_0 .net *"_ivl_2", 7 0, L_00000149b1454760;  1 drivers
v00000149b1424c70_0 .net *"_ivl_4", 6 0, L_00000149b1453b80;  1 drivers
L_00000149b14581a8 .functor BUFT 1, C4<0>, C4<0>, C4<0>, C4<0>;
v00000149b1424e50_0 .net *"_ivl_6", 0 0, L_00000149b14581a8;  1 drivers
v00000149b1425210_0 .net/2u *"_ivl_8", 7 0, L_00000149b14581f0;  1 drivers
v00000149b1424f90_0 .net "a", 7 0, L_00000149b1454260;  alias, 1 drivers
v00000149b1425030_0 .net "result", 7 0, L_00000149b1454440;  alias, 1 drivers
L_00000149b14543a0 .part L_00000149b1454260, 7, 1;
L_00000149b1453b80 .part L_00000149b1454260, 0, 7;
L_00000149b1454760 .concat [ 1 7 0 0], L_00000149b14581a8, L_00000149b1453b80;
L_00000149b1452e60 .part L_00000149b1454260, 0, 7;
L_00000149b14530e0 .concat [ 1 7 0 0], L_00000149b1458238, L_00000149b1452e60;
L_00000149b1454440 .functor MUXZ 8, L_00000149b14530e0, L_00000149b13e0ae0, L_00000149b14543a0, C4<>;
S_00000149b130dae0 .scope module, "u0_mul3" "mul3" 14 52, 16 3 0, S_00000149b130dc70;
 .timescale 0 0;
    .port_info 0 /INPUT 8 "a";
    .port_info 1 /OUTPUT 8 "result";
L_00000149b13e0920 .functor XOR 8, L_00000149b14557a0, L_00000149b1454260, C4<00000000>, C4<00000000>;
v00000149b1425e90_0 .net "a", 7 0, L_00000149b1454260;  alias, 1 drivers
v00000149b1425170_0 .net "mul2_result", 7 0, L_00000149b14557a0;  1 drivers
v00000149b1425490_0 .net "result", 7 0, L_00000149b13e0920;  alias, 1 drivers
S_00000149b130df90 .scope module, "u_mul2" "mul2" 16 9, 15 1 0, S_00000149b130dae0;
 .timescale 0 0;
    .port_info 0 /INPUT 8 "a";
    .port_info 1 /OUTPUT 8 "result";
L_00000149b1458f70 .functor BUFT 1, C4<00011011>, C4<0>, C4<0>, C4<0>;
L_00000149b13e13a0 .functor XOR 8, L_00000149b1457460, L_00000149b1458f70, C4<00000000>, C4<00000000>;
v00000149b1424ef0_0 .net *"_ivl_1", 0 0, L_00000149b1455200;  1 drivers
v00000149b14252b0_0 .net *"_ivl_10", 7 0, L_00000149b13e13a0;  1 drivers
v00000149b1425d50_0 .net *"_ivl_12", 7 0, L_00000149b14555c0;  1 drivers
v00000149b14253f0_0 .net *"_ivl_14", 6 0, L_00000149b1455480;  1 drivers
L_00000149b1458fb8 .functor BUFT 1, C4<0>, C4<0>, C4<0>, C4<0>;
v00000149b1425cb0_0 .net *"_ivl_16", 0 0, L_00000149b1458fb8;  1 drivers
v00000149b1424a90_0 .net *"_ivl_2", 7 0, L_00000149b1457460;  1 drivers
v00000149b14250d0_0 .net *"_ivl_4", 6 0, L_00000149b14573c0;  1 drivers
L_00000149b1458f28 .functor BUFT 1, C4<0>, C4<0>, C4<0>, C4<0>;
v00000149b1424950_0 .net *"_ivl_6", 0 0, L_00000149b1458f28;  1 drivers
v00000149b1425530_0 .net/2u *"_ivl_8", 7 0, L_00000149b1458f70;  1 drivers
v00000149b14257b0_0 .net "a", 7 0, L_00000149b1454260;  alias, 1 drivers
v00000149b1425ad0_0 .net "result", 7 0, L_00000149b14557a0;  alias, 1 drivers
L_00000149b1455200 .part L_00000149b1454260, 7, 1;
L_00000149b14573c0 .part L_00000149b1454260, 0, 7;
L_00000149b1457460 .concat [ 1 7 0 0], L_00000149b1458f28, L_00000149b14573c0;
L_00000149b1455480 .part L_00000149b1454260, 0, 7;
L_00000149b14555c0 .concat [ 1 7 0 0], L_00000149b1458fb8, L_00000149b1455480;
L_00000149b14557a0 .functor MUXZ 8, L_00000149b14555c0, L_00000149b13e13a0, L_00000149b1455200, C4<>;
S_00000149b130e120 .scope module, "u10_mul2" "mul2" 14 44, 15 1 0, S_00000149b130dc70;
 .timescale 0 0;
    .port_info 0 /INPUT 8 "a";
    .port_info 1 /OUTPUT 8 "result";
L_00000149b1458a60 .functor BUFT 1, C4<00011011>, C4<0>, C4<0>, C4<0>;
L_00000149b13e0e60 .functor XOR 8, L_00000149b1456600, L_00000149b1458a60, C4<00000000>, C4<00000000>;
v00000149b14249f0_0 .net *"_ivl_1", 0 0, L_00000149b14570a0;  1 drivers
v00000149b1425a30_0 .net *"_ivl_10", 7 0, L_00000149b13e0e60;  1 drivers
v00000149b1425f30_0 .net *"_ivl_12", 7 0, L_00000149b1457500;  1 drivers
v00000149b14255d0_0 .net *"_ivl_14", 6 0, L_00000149b14561a0;  1 drivers
L_00000149b1458aa8 .functor BUFT 1, C4<0>, C4<0>, C4<0>, C4<0>;
v00000149b1425670_0 .net *"_ivl_16", 0 0, L_00000149b1458aa8;  1 drivers
v00000149b1424b30_0 .net *"_ivl_2", 7 0, L_00000149b1456600;  1 drivers
v00000149b1425710_0 .net *"_ivl_4", 6 0, L_00000149b14558e0;  1 drivers
L_00000149b1458a18 .functor BUFT 1, C4<0>, C4<0>, C4<0>, C4<0>;
v00000149b1425850_0 .net *"_ivl_6", 0 0, L_00000149b1458a18;  1 drivers
v00000149b14258f0_0 .net/2u *"_ivl_8", 7 0, L_00000149b1458a60;  1 drivers
v00000149b1425990_0 .net "a", 7 0, L_00000149b1454120;  alias, 1 drivers
v00000149b1425b70_0 .net "result", 7 0, L_00000149b1456a60;  alias, 1 drivers
L_00000149b14570a0 .part L_00000149b1454120, 7, 1;
L_00000149b14558e0 .part L_00000149b1454120, 0, 7;
L_00000149b1456600 .concat [ 1 7 0 0], L_00000149b1458a18, L_00000149b14558e0;
L_00000149b14561a0 .part L_00000149b1454120, 0, 7;
L_00000149b1457500 .concat [ 1 7 0 0], L_00000149b1458aa8, L_00000149b14561a0;
L_00000149b1456a60 .functor MUXZ 8, L_00000149b1457500, L_00000149b13e0e60, L_00000149b14570a0, C4<>;
S_00000149b130e440 .scope module, "u10_mul3" "mul3" 14 62, 16 3 0, S_00000149b130dc70;
 .timescale 0 0;
    .port_info 0 /INPUT 8 "a";
    .port_info 1 /OUTPUT 8 "result";
L_00000149b13e1410 .functor XOR 8, L_00000149b14aba30, L_00000149b1454120, C4<00000000>, C4<00000000>;
v00000149b14301f0_0 .net "a", 7 0, L_00000149b1454120;  alias, 1 drivers
v00000149b142e3f0_0 .net "mul2_result", 7 0, L_00000149b14aba30;  1 drivers
v00000149b142fe30_0 .net "result", 7 0, L_00000149b13e1410;  alias, 1 drivers
S_00000149b130e2b0 .scope module, "u_mul2" "mul2" 16 9, 15 1 0, S_00000149b130e440;
 .timescale 0 0;
    .port_info 0 /INPUT 8 "a";
    .port_info 1 /OUTPUT 8 "result";
L_00000149b14597e0 .functor BUFT 1, C4<00011011>, C4<0>, C4<0>, C4<0>;
L_00000149b13e12c0 .functor XOR 8, L_00000149b14aa1d0, L_00000149b14597e0, C4<00000000>, C4<00000000>;
v00000149b1424bd0_0 .net *"_ivl_1", 0 0, L_00000149b14aac70;  1 drivers
v00000149b14248b0_0 .net *"_ivl_10", 7 0, L_00000149b13e12c0;  1 drivers
v00000149b1425c10_0 .net *"_ivl_12", 7 0, L_00000149b14a9cd0;  1 drivers
v00000149b142e850_0 .net *"_ivl_14", 6 0, L_00000149b14aa590;  1 drivers
L_00000149b1459828 .functor BUFT 1, C4<0>, C4<0>, C4<0>, C4<0>;
v00000149b142f070_0 .net *"_ivl_16", 0 0, L_00000149b1459828;  1 drivers
v00000149b142e710_0 .net *"_ivl_2", 7 0, L_00000149b14aa1d0;  1 drivers
v00000149b142f890_0 .net *"_ivl_4", 6 0, L_00000149b14abdf0;  1 drivers
L_00000149b1459798 .functor BUFT 1, C4<0>, C4<0>, C4<0>, C4<0>;
v00000149b1430470_0 .net *"_ivl_6", 0 0, L_00000149b1459798;  1 drivers
v00000149b142e490_0 .net/2u *"_ivl_8", 7 0, L_00000149b14597e0;  1 drivers
v00000149b142ef30_0 .net "a", 7 0, L_00000149b1454120;  alias, 1 drivers
v00000149b142f9d0_0 .net "result", 7 0, L_00000149b14aba30;  alias, 1 drivers
L_00000149b14aac70 .part L_00000149b1454120, 7, 1;
L_00000149b14abdf0 .part L_00000149b1454120, 0, 7;
L_00000149b14aa1d0 .concat [ 1 7 0 0], L_00000149b1459798, L_00000149b14abdf0;
L_00000149b14aa590 .part L_00000149b1454120, 0, 7;
L_00000149b14a9cd0 .concat [ 1 7 0 0], L_00000149b1459828, L_00000149b14aa590;
L_00000149b14aba30 .functor MUXZ 8, L_00000149b14a9cd0, L_00000149b13e12c0, L_00000149b14aac70, C4<>;
S_00000149b130d630 .scope module, "u11_mul2" "mul2" 14 45, 15 1 0, S_00000149b130dc70;
 .timescale 0 0;
    .port_info 0 /INPUT 8 "a";
    .port_info 1 /OUTPUT 8 "result";
L_00000149b1458b38 .functor BUFT 1, C4<00011011>, C4<0>, C4<0>, C4<0>;
L_00000149b13e0ed0 .functor XOR 8, L_00000149b1455a20, L_00000149b1458b38, C4<00000000>, C4<00000000>;
v00000149b142fbb0_0 .net *"_ivl_1", 0 0, L_00000149b1456920;  1 drivers
v00000149b142f390_0 .net *"_ivl_10", 7 0, L_00000149b13e0ed0;  1 drivers
v00000149b14303d0_0 .net *"_ivl_12", 7 0, L_00000149b14567e0;  1 drivers
v00000149b142e8f0_0 .net *"_ivl_14", 6 0, L_00000149b14576e0;  1 drivers
L_00000149b1458b80 .functor BUFT 1, C4<0>, C4<0>, C4<0>, C4<0>;
v00000149b142f7f0_0 .net *"_ivl_16", 0 0, L_00000149b1458b80;  1 drivers
v00000149b142f930_0 .net *"_ivl_2", 7 0, L_00000149b1455a20;  1 drivers
v00000149b1430010_0 .net *"_ivl_4", 6 0, L_00000149b1455de0;  1 drivers
L_00000149b1458af0 .functor BUFT 1, C4<0>, C4<0>, C4<0>, C4<0>;
v00000149b142e7b0_0 .net *"_ivl_6", 0 0, L_00000149b1458af0;  1 drivers
v00000149b142f2f0_0 .net/2u *"_ivl_8", 7 0, L_00000149b1458b38;  1 drivers
v00000149b142e530_0 .net "a", 7 0, L_00000149b1454d00;  alias, 1 drivers
v00000149b142e5d0_0 .net "result", 7 0, L_00000149b1456420;  alias, 1 drivers
L_00000149b1456920 .part L_00000149b1454d00, 7, 1;
L_00000149b1455de0 .part L_00000149b1454d00, 0, 7;
L_00000149b1455a20 .concat [ 1 7 0 0], L_00000149b1458af0, L_00000149b1455de0;
L_00000149b14576e0 .part L_00000149b1454d00, 0, 7;
L_00000149b14567e0 .concat [ 1 7 0 0], L_00000149b1458b80, L_00000149b14576e0;
L_00000149b1456420 .functor MUXZ 8, L_00000149b14567e0, L_00000149b13e0ed0, L_00000149b1456920, C4<>;
S_00000149b130d7c0 .scope module, "u11_mul3" "mul3" 14 63, 16 3 0, S_00000149b130dc70;
 .timescale 0 0;
    .port_info 0 /INPUT 8 "a";
    .port_info 1 /OUTPUT 8 "result";
L_00000149b13e1480 .functor XOR 8, L_00000149b14aa4f0, L_00000149b1454d00, C4<00000000>, C4<00000000>;
v00000149b1430650_0 .net "a", 7 0, L_00000149b1454d00;  alias, 1 drivers
v00000149b142f1b0_0 .net "mul2_result", 7 0, L_00000149b14aa4f0;  1 drivers
v00000149b142ec10_0 .net "result", 7 0, L_00000149b13e1480;  alias, 1 drivers
S_00000149b130d950 .scope module, "u_mul2" "mul2" 16 9, 15 1 0, S_00000149b130d7c0;
 .timescale 0 0;
    .port_info 0 /INPUT 8 "a";
    .port_info 1 /OUTPUT 8 "result";
L_00000149b14598b8 .functor BUFT 1, C4<00011011>, C4<0>, C4<0>, C4<0>;
L_00000149b13e0220 .functor XOR 8, L_00000149b14aa090, L_00000149b14598b8, C4<00000000>, C4<00000000>;
v00000149b142efd0_0 .net *"_ivl_1", 0 0, L_00000149b14abf30;  1 drivers
v00000149b142f250_0 .net *"_ivl_10", 7 0, L_00000149b13e0220;  1 drivers
v00000149b1430510_0 .net *"_ivl_12", 7 0, L_00000149b14ab2b0;  1 drivers
v00000149b142f110_0 .net *"_ivl_14", 6 0, L_00000149b14a99b0;  1 drivers
L_00000149b1459900 .functor BUFT 1, C4<0>, C4<0>, C4<0>, C4<0>;
v00000149b14305b0_0 .net *"_ivl_16", 0 0, L_00000149b1459900;  1 drivers
v00000149b142e670_0 .net *"_ivl_2", 7 0, L_00000149b14aa090;  1 drivers
v00000149b142e990_0 .net *"_ivl_4", 6 0, L_00000149b14aa8b0;  1 drivers
L_00000149b1459870 .functor BUFT 1, C4<0>, C4<0>, C4<0>, C4<0>;
v00000149b142e170_0 .net *"_ivl_6", 0 0, L_00000149b1459870;  1 drivers
v00000149b142f6b0_0 .net/2u *"_ivl_8", 7 0, L_00000149b14598b8;  1 drivers
v00000149b142fa70_0 .net "a", 7 0, L_00000149b1454d00;  alias, 1 drivers
v00000149b14300b0_0 .net "result", 7 0, L_00000149b14aa4f0;  alias, 1 drivers
L_00000149b14abf30 .part L_00000149b1454d00, 7, 1;
L_00000149b14aa8b0 .part L_00000149b1454d00, 0, 7;
L_00000149b14aa090 .concat [ 1 7 0 0], L_00000149b1459870, L_00000149b14aa8b0;
L_00000149b14a99b0 .part L_00000149b1454d00, 0, 7;
L_00000149b14ab2b0 .concat [ 1 7 0 0], L_00000149b1459900, L_00000149b14a99b0;
L_00000149b14aa4f0 .functor MUXZ 8, L_00000149b14ab2b0, L_00000149b13e0220, L_00000149b14abf30, C4<>;
S_00000149b1432580 .scope module, "u12_mul2" "mul2" 14 46, 15 1 0, S_00000149b130dc70;
 .timescale 0 0;
    .port_info 0 /INPUT 8 "a";
    .port_info 1 /OUTPUT 8 "result";
L_00000149b1458c10 .functor BUFT 1, C4<00011011>, C4<0>, C4<0>, C4<0>;
L_00000149b13e14f0 .functor XOR 8, L_00000149b1455340, L_00000149b1458c10, C4<00000000>, C4<00000000>;
v00000149b1430790_0 .net *"_ivl_1", 0 0, L_00000149b1456b00;  1 drivers
v00000149b142ff70_0 .net *"_ivl_10", 7 0, L_00000149b13e14f0;  1 drivers
v00000149b14306f0_0 .net *"_ivl_12", 7 0, L_00000149b14564c0;  1 drivers
v00000149b142f4d0_0 .net *"_ivl_14", 6 0, L_00000149b1457780;  1 drivers
L_00000149b1458c58 .functor BUFT 1, C4<0>, C4<0>, C4<0>, C4<0>;
v00000149b142f430_0 .net *"_ivl_16", 0 0, L_00000149b1458c58;  1 drivers
v00000149b142ea30_0 .net *"_ivl_2", 7 0, L_00000149b1455340;  1 drivers
v00000149b142f750_0 .net *"_ivl_4", 6 0, L_00000149b1455e80;  1 drivers
L_00000149b1458bc8 .functor BUFT 1, C4<0>, C4<0>, C4<0>, C4<0>;
v00000149b142fb10_0 .net *"_ivl_6", 0 0, L_00000149b1458bc8;  1 drivers
v00000149b142f570_0 .net/2u *"_ivl_8", 7 0, L_00000149b1458c10;  1 drivers
v00000149b142eb70_0 .net "a", 7 0, L_00000149b1453900;  alias, 1 drivers
v00000149b142fc50_0 .net "result", 7 0, L_00000149b1457280;  alias, 1 drivers
L_00000149b1456b00 .part L_00000149b1453900, 7, 1;
L_00000149b1455e80 .part L_00000149b1453900, 0, 7;
L_00000149b1455340 .concat [ 1 7 0 0], L_00000149b1458bc8, L_00000149b1455e80;
L_00000149b1457780 .part L_00000149b1453900, 0, 7;
L_00000149b14564c0 .concat [ 1 7 0 0], L_00000149b1458c58, L_00000149b1457780;
L_00000149b1457280 .functor MUXZ 8, L_00000149b14564c0, L_00000149b13e14f0, L_00000149b1456b00, C4<>;
S_00000149b1433e80 .scope module, "u12_mul3" "mul3" 14 64, 16 3 0, S_00000149b130dc70;
 .timescale 0 0;
    .port_info 0 /INPUT 8 "a";
    .port_info 1 /OUTPUT 8 "result";
L_00000149b13e1aa0 .functor XOR 8, L_00000149b14abfd0, L_00000149b1453900, C4<00000000>, C4<00000000>;
v00000149b142fd90_0 .net "a", 7 0, L_00000149b1453900;  alias, 1 drivers
v00000149b142edf0_0 .net "mul2_result", 7 0, L_00000149b14abfd0;  1 drivers
v00000149b142fed0_0 .net "result", 7 0, L_00000149b13e1aa0;  alias, 1 drivers
S_00000149b1433840 .scope module, "u_mul2" "mul2" 16 9, 15 1 0, S_00000149b1433e80;
 .timescale 0 0;
    .port_info 0 /INPUT 8 "a";
    .port_info 1 /OUTPUT 8 "result";
L_00000149b1459990 .functor BUFT 1, C4<00011011>, C4<0>, C4<0>, C4<0>;
L_00000149b13e0290 .functor XOR 8, L_00000149b14aad10, L_00000149b1459990, C4<00000000>, C4<00000000>;
v00000149b142e210_0 .net *"_ivl_1", 0 0, L_00000149b14aa630;  1 drivers
v00000149b1430830_0 .net *"_ivl_10", 7 0, L_00000149b13e0290;  1 drivers
v00000149b142ead0_0 .net *"_ivl_12", 7 0, L_00000149b14aa770;  1 drivers
v00000149b142fcf0_0 .net *"_ivl_14", 6 0, L_00000149b14a9c30;  1 drivers
L_00000149b14599d8 .functor BUFT 1, C4<0>, C4<0>, C4<0>, C4<0>;
v00000149b1430290_0 .net *"_ivl_16", 0 0, L_00000149b14599d8;  1 drivers
v00000149b142ecb0_0 .net *"_ivl_2", 7 0, L_00000149b14aad10;  1 drivers
v00000149b1430150_0 .net *"_ivl_4", 6 0, L_00000149b14aabd0;  1 drivers
L_00000149b1459948 .functor BUFT 1, C4<0>, C4<0>, C4<0>, C4<0>;
v00000149b142ed50_0 .net *"_ivl_6", 0 0, L_00000149b1459948;  1 drivers
v00000149b142e2b0_0 .net/2u *"_ivl_8", 7 0, L_00000149b1459990;  1 drivers
v00000149b142e0d0_0 .net "a", 7 0, L_00000149b1453900;  alias, 1 drivers
v00000149b142f610_0 .net "result", 7 0, L_00000149b14abfd0;  alias, 1 drivers
L_00000149b14aa630 .part L_00000149b1453900, 7, 1;
L_00000149b14aabd0 .part L_00000149b1453900, 0, 7;
L_00000149b14aad10 .concat [ 1 7 0 0], L_00000149b1459948, L_00000149b14aabd0;
L_00000149b14a9c30 .part L_00000149b1453900, 0, 7;
L_00000149b14aa770 .concat [ 1 7 0 0], L_00000149b14599d8, L_00000149b14a9c30;
L_00000149b14abfd0 .functor MUXZ 8, L_00000149b14aa770, L_00000149b13e0290, L_00000149b14aa630, C4<>;
S_00000149b14320d0 .scope module, "u13_mul2" "mul2" 14 47, 15 1 0, S_00000149b130dc70;
 .timescale 0 0;
    .port_info 0 /INPUT 8 "a";
    .port_info 1 /OUTPUT 8 "result";
L_00000149b1458ce8 .functor BUFT 1, C4<00011011>, C4<0>, C4<0>, C4<0>;
L_00000149b13e1950 .functor XOR 8, L_00000149b1456ba0, L_00000149b1458ce8, C4<00000000>, C4<00000000>;
v00000149b142e350_0 .net *"_ivl_1", 0 0, L_00000149b14571e0;  1 drivers
v00000149b142ee90_0 .net *"_ivl_10", 7 0, L_00000149b13e1950;  1 drivers
v00000149b1430330_0 .net *"_ivl_12", 7 0, L_00000149b1456560;  1 drivers
v00000149b1431230_0 .net *"_ivl_14", 6 0, L_00000149b1457140;  1 drivers
L_00000149b1458d30 .functor BUFT 1, C4<0>, C4<0>, C4<0>, C4<0>;
v00000149b1431050_0 .net *"_ivl_16", 0 0, L_00000149b1458d30;  1 drivers
v00000149b1431e10_0 .net *"_ivl_2", 7 0, L_00000149b1456ba0;  1 drivers
v00000149b1430fb0_0 .net *"_ivl_4", 6 0, L_00000149b1455700;  1 drivers
L_00000149b1458ca0 .functor BUFT 1, C4<0>, C4<0>, C4<0>, C4<0>;
v00000149b1430c90_0 .net *"_ivl_6", 0 0, L_00000149b1458ca0;  1 drivers
v00000149b1431c30_0 .net/2u *"_ivl_8", 7 0, L_00000149b1458ce8;  1 drivers
v00000149b1431cd0_0 .net "a", 7 0, L_00000149b1454620;  alias, 1 drivers
v00000149b1431730_0 .net "result", 7 0, L_00000149b14578c0;  alias, 1 drivers
L_00000149b14571e0 .part L_00000149b1454620, 7, 1;
L_00000149b1455700 .part L_00000149b1454620, 0, 7;
L_00000149b1456ba0 .concat [ 1 7 0 0], L_00000149b1458ca0, L_00000149b1455700;
L_00000149b1457140 .part L_00000149b1454620, 0, 7;
L_00000149b1456560 .concat [ 1 7 0 0], L_00000149b1458d30, L_00000149b1457140;
L_00000149b14578c0 .functor MUXZ 8, L_00000149b1456560, L_00000149b13e1950, L_00000149b14571e0, C4<>;
S_00000149b14339d0 .scope module, "u13_mul3" "mul3" 14 65, 16 3 0, S_00000149b130dc70;
 .timescale 0 0;
    .port_info 0 /INPUT 8 "a";
    .port_info 1 /OUTPUT 8 "result";
L_00000149b13e1560 .functor XOR 8, L_00000149b14ab7b0, L_00000149b1454620, C4<00000000>, C4<00000000>;
v00000149b1430b50_0 .net "a", 7 0, L_00000149b1454620;  alias, 1 drivers
v00000149b1430a10_0 .net "mul2_result", 7 0, L_00000149b14ab7b0;  1 drivers
v00000149b1431a50_0 .net "result", 7 0, L_00000149b13e1560;  alias, 1 drivers
S_00000149b14328a0 .scope module, "u_mul2" "mul2" 16 9, 15 1 0, S_00000149b14339d0;
 .timescale 0 0;
    .port_info 0 /INPUT 8 "a";
    .port_info 1 /OUTPUT 8 "result";
L_00000149b1459a68 .functor BUFT 1, C4<00011011>, C4<0>, C4<0>, C4<0>;
L_00000149b13e0300 .functor XOR 8, L_00000149b14aa950, L_00000149b1459a68, C4<00000000>, C4<00000000>;
v00000149b14319b0_0 .net *"_ivl_1", 0 0, L_00000149b14ab3f0;  1 drivers
v00000149b14310f0_0 .net *"_ivl_10", 7 0, L_00000149b13e0300;  1 drivers
v00000149b1430d30_0 .net *"_ivl_12", 7 0, L_00000149b14ab710;  1 drivers
v00000149b1431d70_0 .net *"_ivl_14", 6 0, L_00000149b14ab530;  1 drivers
L_00000149b1459ab0 .functor BUFT 1, C4<0>, C4<0>, C4<0>, C4<0>;
v00000149b1431190_0 .net *"_ivl_16", 0 0, L_00000149b1459ab0;  1 drivers
v00000149b14312d0_0 .net *"_ivl_2", 7 0, L_00000149b14aa950;  1 drivers
v00000149b14315f0_0 .net *"_ivl_4", 6 0, L_00000149b14ab490;  1 drivers
L_00000149b1459a20 .functor BUFT 1, C4<0>, C4<0>, C4<0>, C4<0>;
v00000149b1430ab0_0 .net *"_ivl_6", 0 0, L_00000149b1459a20;  1 drivers
v00000149b1430dd0_0 .net/2u *"_ivl_8", 7 0, L_00000149b1459a68;  1 drivers
v00000149b1431370_0 .net "a", 7 0, L_00000149b1454620;  alias, 1 drivers
v00000149b1430e70_0 .net "result", 7 0, L_00000149b14ab7b0;  alias, 1 drivers
L_00000149b14ab3f0 .part L_00000149b1454620, 7, 1;
L_00000149b14ab490 .part L_00000149b1454620, 0, 7;
L_00000149b14aa950 .concat [ 1 7 0 0], L_00000149b1459a20, L_00000149b14ab490;
L_00000149b14ab530 .part L_00000149b1454620, 0, 7;
L_00000149b14ab710 .concat [ 1 7 0 0], L_00000149b1459ab0, L_00000149b14ab530;
L_00000149b14ab7b0 .functor MUXZ 8, L_00000149b14ab710, L_00000149b13e0300, L_00000149b14ab3f0, C4<>;
S_00000149b1432260 .scope module, "u14_mul2" "mul2" 14 48, 15 1 0, S_00000149b130dc70;
 .timescale 0 0;
    .port_info 0 /INPUT 8 "a";
    .port_info 1 /OUTPUT 8 "result";
L_00000149b1458dc0 .functor BUFT 1, C4<00011011>, C4<0>, C4<0>, C4<0>;
L_00000149b13e0c30 .functor XOR 8, L_00000149b14566a0, L_00000149b1458dc0, C4<00000000>, C4<00000000>;
v00000149b1431410_0 .net *"_ivl_1", 0 0, L_00000149b1456c40;  1 drivers
v00000149b1430f10_0 .net *"_ivl_10", 7 0, L_00000149b13e0c30;  1 drivers
v00000149b14308d0_0 .net *"_ivl_12", 7 0, L_00000149b1457320;  1 drivers
v00000149b1430bf0_0 .net *"_ivl_14", 6 0, L_00000149b1455660;  1 drivers
L_00000149b1458e08 .functor BUFT 1, C4<0>, C4<0>, C4<0>, C4<0>;
v00000149b1430970_0 .net *"_ivl_16", 0 0, L_00000149b1458e08;  1 drivers
v00000149b1431910_0 .net *"_ivl_2", 7 0, L_00000149b14566a0;  1 drivers
v00000149b1431b90_0 .net *"_ivl_4", 6 0, L_00000149b1456d80;  1 drivers
L_00000149b1458d78 .functor BUFT 1, C4<0>, C4<0>, C4<0>, C4<0>;
v00000149b14314b0_0 .net *"_ivl_6", 0 0, L_00000149b1458d78;  1 drivers
v00000149b1431550_0 .net/2u *"_ivl_8", 7 0, L_00000149b1458dc0;  1 drivers
v00000149b1431af0_0 .net "a", 7 0, L_00000149b1453ae0;  alias, 1 drivers
v00000149b1431690_0 .net "result", 7 0, L_00000149b1455f20;  alias, 1 drivers
L_00000149b1456c40 .part L_00000149b1453ae0, 7, 1;
L_00000149b1456d80 .part L_00000149b1453ae0, 0, 7;
L_00000149b14566a0 .concat [ 1 7 0 0], L_00000149b1458d78, L_00000149b1456d80;
L_00000149b1455660 .part L_00000149b1453ae0, 0, 7;
L_00000149b1457320 .concat [ 1 7 0 0], L_00000149b1458e08, L_00000149b1455660;
L_00000149b1455f20 .functor MUXZ 8, L_00000149b1457320, L_00000149b13e0c30, L_00000149b1456c40, C4<>;
S_00000149b14323f0 .scope module, "u14_mul3" "mul3" 14 66, 16 3 0, S_00000149b130dc70;
 .timescale 0 0;
    .port_info 0 /INPUT 8 "a";
    .port_info 1 /OUTPUT 8 "result";
L_00000149b13e19c0 .functor XOR 8, L_00000149b14ada10, L_00000149b1453ae0, C4<00000000>, C4<00000000>;
v00000149b1434370_0 .net "a", 7 0, L_00000149b1453ae0;  alias, 1 drivers
v00000149b1436170_0 .net "mul2_result", 7 0, L_00000149b14ada10;  1 drivers
v00000149b1434eb0_0 .net "result", 7 0, L_00000149b13e19c0;  alias, 1 drivers
S_00000149b1433cf0 .scope module, "u_mul2" "mul2" 16 9, 15 1 0, S_00000149b14323f0;
 .timescale 0 0;
    .port_info 0 /INPUT 8 "a";
    .port_info 1 /OUTPUT 8 "result";
L_00000149b1459b40 .functor BUFT 1, C4<00011011>, C4<0>, C4<0>, C4<0>;
L_00000149b13e03e0 .functor XOR 8, L_00000149b14a9a50, L_00000149b1459b40, C4<00000000>, C4<00000000>;
v00000149b14317d0_0 .net *"_ivl_1", 0 0, L_00000149b14ac070;  1 drivers
v00000149b1431eb0_0 .net *"_ivl_10", 7 0, L_00000149b13e03e0;  1 drivers
v00000149b1431870_0 .net *"_ivl_12", 7 0, L_00000149b14ae4b0;  1 drivers
v00000149b1431f50_0 .net *"_ivl_14", 6 0, L_00000149b14ad330;  1 drivers
L_00000149b1459b88 .functor BUFT 1, C4<0>, C4<0>, C4<0>, C4<0>;
v00000149b14351d0_0 .net *"_ivl_16", 0 0, L_00000149b1459b88;  1 drivers
v00000149b14347d0_0 .net *"_ivl_2", 7 0, L_00000149b14a9a50;  1 drivers
v00000149b1436670_0 .net *"_ivl_4", 6 0, L_00000149b14ac110;  1 drivers
L_00000149b1459af8 .functor BUFT 1, C4<0>, C4<0>, C4<0>, C4<0>;
v00000149b1434b90_0 .net *"_ivl_6", 0 0, L_00000149b1459af8;  1 drivers
v00000149b1435950_0 .net/2u *"_ivl_8", 7 0, L_00000149b1459b40;  1 drivers
v00000149b1435a90_0 .net "a", 7 0, L_00000149b1453ae0;  alias, 1 drivers
v00000149b1434910_0 .net "result", 7 0, L_00000149b14ada10;  alias, 1 drivers
L_00000149b14ac070 .part L_00000149b1453ae0, 7, 1;
L_00000149b14ac110 .part L_00000149b1453ae0, 0, 7;
L_00000149b14a9a50 .concat [ 1 7 0 0], L_00000149b1459af8, L_00000149b14ac110;
L_00000149b14ad330 .part L_00000149b1453ae0, 0, 7;
L_00000149b14ae4b0 .concat [ 1 7 0 0], L_00000149b1459b88, L_00000149b14ad330;
L_00000149b14ada10 .functor MUXZ 8, L_00000149b14ae4b0, L_00000149b13e03e0, L_00000149b14ac070, C4<>;
S_00000149b1433390 .scope module, "u15_mul2" "mul2" 14 49, 15 1 0, S_00000149b130dc70;
 .timescale 0 0;
    .port_info 0 /INPUT 8 "a";
    .port_info 1 /OUTPUT 8 "result";
L_00000149b1458e98 .functor BUFT 1, C4<00011011>, C4<0>, C4<0>, C4<0>;
L_00000149b13e0d80 .functor XOR 8, L_00000149b1456880, L_00000149b1458e98, C4<00000000>, C4<00000000>;
v00000149b14365d0_0 .net *"_ivl_1", 0 0, L_00000149b1456740;  1 drivers
v00000149b1435770_0 .net *"_ivl_10", 7 0, L_00000149b13e0d80;  1 drivers
v00000149b1435310_0 .net *"_ivl_12", 7 0, L_00000149b1457820;  1 drivers
v00000149b1435270_0 .net *"_ivl_14", 6 0, L_00000149b1455160;  1 drivers
L_00000149b1458ee0 .functor BUFT 1, C4<0>, C4<0>, C4<0>, C4<0>;
v00000149b1436210_0 .net *"_ivl_16", 0 0, L_00000149b1458ee0;  1 drivers
v00000149b1435630_0 .net *"_ivl_2", 7 0, L_00000149b1456880;  1 drivers
v00000149b1434f50_0 .net *"_ivl_4", 6 0, L_00000149b1456f60;  1 drivers
L_00000149b1458e50 .functor BUFT 1, C4<0>, C4<0>, C4<0>, C4<0>;
v00000149b1434ff0_0 .net *"_ivl_6", 0 0, L_00000149b1458e50;  1 drivers
v00000149b14362b0_0 .net/2u *"_ivl_8", 7 0, L_00000149b1458e98;  1 drivers
v00000149b1434190_0 .net "a", 7 0, L_00000149b1454300;  alias, 1 drivers
v00000149b1435590_0 .net "result", 7 0, L_00000149b1456e20;  alias, 1 drivers
L_00000149b1456740 .part L_00000149b1454300, 7, 1;
L_00000149b1456f60 .part L_00000149b1454300, 0, 7;
L_00000149b1456880 .concat [ 1 7 0 0], L_00000149b1458e50, L_00000149b1456f60;
L_00000149b1455160 .part L_00000149b1454300, 0, 7;
L_00000149b1457820 .concat [ 1 7 0 0], L_00000149b1458ee0, L_00000149b1455160;
L_00000149b1456e20 .functor MUXZ 8, L_00000149b1457820, L_00000149b13e0d80, L_00000149b1456740, C4<>;
S_00000149b1433070 .scope module, "u15_mul3" "mul3" 14 67, 16 3 0, S_00000149b130dc70;
 .timescale 0 0;
    .port_info 0 /INPUT 8 "a";
    .port_info 1 /OUTPUT 8 "result";
L_00000149b13e0530 .functor XOR 8, L_00000149b14ae870, L_00000149b1454300, C4<00000000>, C4<00000000>;
v00000149b1435bd0_0 .net "a", 7 0, L_00000149b1454300;  alias, 1 drivers
v00000149b14340f0_0 .net "mul2_result", 7 0, L_00000149b14ae870;  1 drivers
v00000149b1434870_0 .net "result", 7 0, L_00000149b13e0530;  alias, 1 drivers
S_00000149b1432bc0 .scope module, "u_mul2" "mul2" 16 9, 15 1 0, S_00000149b1433070;
 .timescale 0 0;
    .port_info 0 /INPUT 8 "a";
    .port_info 1 /OUTPUT 8 "result";
L_00000149b1459c18 .functor BUFT 1, C4<00011011>, C4<0>, C4<0>, C4<0>;
L_00000149b13e1720 .functor XOR 8, L_00000149b14ade70, L_00000149b1459c18, C4<00000000>, C4<00000000>;
v00000149b1434c30_0 .net *"_ivl_1", 0 0, L_00000149b14ac750;  1 drivers
v00000149b1436350_0 .net *"_ivl_10", 7 0, L_00000149b13e1720;  1 drivers
v00000149b1436490_0 .net *"_ivl_12", 7 0, L_00000149b14adf10;  1 drivers
v00000149b14354f0_0 .net *"_ivl_14", 6 0, L_00000149b14ad3d0;  1 drivers
L_00000149b1459c60 .functor BUFT 1, C4<0>, C4<0>, C4<0>, C4<0>;
v00000149b1435090_0 .net *"_ivl_16", 0 0, L_00000149b1459c60;  1 drivers
v00000149b1436710_0 .net *"_ivl_2", 7 0, L_00000149b14ade70;  1 drivers
v00000149b14359f0_0 .net *"_ivl_4", 6 0, L_00000149b14adb50;  1 drivers
L_00000149b1459bd0 .functor BUFT 1, C4<0>, C4<0>, C4<0>, C4<0>;
v00000149b1435ef0_0 .net *"_ivl_6", 0 0, L_00000149b1459bd0;  1 drivers
v00000149b1434410_0 .net/2u *"_ivl_8", 7 0, L_00000149b1459c18;  1 drivers
v00000149b1435e50_0 .net "a", 7 0, L_00000149b1454300;  alias, 1 drivers
v00000149b14363f0_0 .net "result", 7 0, L_00000149b14ae870;  alias, 1 drivers
L_00000149b14ac750 .part L_00000149b1454300, 7, 1;
L_00000149b14adb50 .part L_00000149b1454300, 0, 7;
L_00000149b14ade70 .concat [ 1 7 0 0], L_00000149b1459bd0, L_00000149b14adb50;
L_00000149b14ad3d0 .part L_00000149b1454300, 0, 7;
L_00000149b14adf10 .concat [ 1 7 0 0], L_00000149b1459c60, L_00000149b14ad3d0;
L_00000149b14ae870 .functor MUXZ 8, L_00000149b14adf10, L_00000149b13e1720, L_00000149b14ac750, C4<>;
S_00000149b1432d50 .scope module, "u1_mul2" "mul2" 14 35, 15 1 0, S_00000149b130dc70;
 .timescale 0 0;
    .port_info 0 /INPUT 8 "a";
    .port_info 1 /OUTPUT 8 "result";
L_00000149b14582c8 .functor BUFT 1, C4<00011011>, C4<0>, C4<0>, C4<0>;
L_00000149b13e18e0 .functor XOR 8, L_00000149b14535e0, L_00000149b14582c8, C4<00000000>, C4<00000000>;
v00000149b14367b0_0 .net *"_ivl_1", 0 0, L_00000149b1452f00;  1 drivers
v00000149b1435810_0 .net *"_ivl_10", 7 0, L_00000149b13e18e0;  1 drivers
v00000149b14349b0_0 .net *"_ivl_12", 7 0, L_00000149b14534a0;  1 drivers
v00000149b1435130_0 .net *"_ivl_14", 6 0, L_00000149b1454800;  1 drivers
L_00000149b1458310 .functor BUFT 1, C4<0>, C4<0>, C4<0>, C4<0>;
v00000149b1434a50_0 .net *"_ivl_16", 0 0, L_00000149b1458310;  1 drivers
v00000149b14353b0_0 .net *"_ivl_2", 7 0, L_00000149b14535e0;  1 drivers
v00000149b1435c70_0 .net *"_ivl_4", 6 0, L_00000149b1453ea0;  1 drivers
L_00000149b1458280 .functor BUFT 1, C4<0>, C4<0>, C4<0>, C4<0>;
v00000149b1434230_0 .net *"_ivl_6", 0 0, L_00000149b1458280;  1 drivers
v00000149b1436530_0 .net/2u *"_ivl_8", 7 0, L_00000149b14582c8;  1 drivers
v00000149b1435b30_0 .net "a", 7 0, L_00000149b1454a80;  alias, 1 drivers
v00000149b1435450_0 .net "result", 7 0, L_00000149b1454b20;  alias, 1 drivers
L_00000149b1452f00 .part L_00000149b1454a80, 7, 1;
L_00000149b1453ea0 .part L_00000149b1454a80, 0, 7;
L_00000149b14535e0 .concat [ 1 7 0 0], L_00000149b1458280, L_00000149b1453ea0;
L_00000149b1454800 .part L_00000149b1454a80, 0, 7;
L_00000149b14534a0 .concat [ 1 7 0 0], L_00000149b1458310, L_00000149b1454800;
L_00000149b1454b20 .functor MUXZ 8, L_00000149b14534a0, L_00000149b13e18e0, L_00000149b1452f00, C4<>;
S_00000149b1432710 .scope module, "u1_mul3" "mul3" 14 53, 16 3 0, S_00000149b130dc70;
 .timescale 0 0;
    .port_info 0 /INPUT 8 "a";
    .port_info 1 /OUTPUT 8 "result";
L_00000149b13e00d0 .functor XOR 8, L_00000149b1457c80, L_00000149b1454a80, C4<00000000>, C4<00000000>;
v00000149b1434550_0 .net "a", 7 0, L_00000149b1454a80;  alias, 1 drivers
v00000149b14345f0_0 .net "mul2_result", 7 0, L_00000149b1457c80;  1 drivers
v00000149b1434690_0 .net "result", 7 0, L_00000149b13e00d0;  alias, 1 drivers
S_00000149b1433520 .scope module, "u_mul2" "mul2" 16 9, 15 1 0, S_00000149b1432710;
 .timescale 0 0;
    .port_info 0 /INPUT 8 "a";
    .port_info 1 /OUTPUT 8 "result";
L_00000149b1459048 .functor BUFT 1, C4<00011011>, C4<0>, C4<0>, C4<0>;
L_00000149b13e1100 .functor XOR 8, L_00000149b1455c00, L_00000149b1459048, C4<00000000>, C4<00000000>;
v00000149b1436030_0 .net *"_ivl_1", 0 0, L_00000149b1455ac0;  1 drivers
v00000149b1435f90_0 .net *"_ivl_10", 7 0, L_00000149b13e1100;  1 drivers
v00000149b14356d0_0 .net *"_ivl_12", 7 0, L_00000149b1457b40;  1 drivers
v00000149b14358b0_0 .net *"_ivl_14", 6 0, L_00000149b1455ca0;  1 drivers
L_00000149b1459090 .functor BUFT 1, C4<0>, C4<0>, C4<0>, C4<0>;
v00000149b1436850_0 .net *"_ivl_16", 0 0, L_00000149b1459090;  1 drivers
v00000149b1435d10_0 .net *"_ivl_2", 7 0, L_00000149b1455c00;  1 drivers
v00000149b14344b0_0 .net *"_ivl_4", 6 0, L_00000149b1455b60;  1 drivers
L_00000149b1459000 .functor BUFT 1, C4<0>, C4<0>, C4<0>, C4<0>;
v00000149b1434730_0 .net *"_ivl_6", 0 0, L_00000149b1459000;  1 drivers
v00000149b1435db0_0 .net/2u *"_ivl_8", 7 0, L_00000149b1459048;  1 drivers
v00000149b14360d0_0 .net "a", 7 0, L_00000149b1454a80;  alias, 1 drivers
v00000149b14342d0_0 .net "result", 7 0, L_00000149b1457c80;  alias, 1 drivers
L_00000149b1455ac0 .part L_00000149b1454a80, 7, 1;
L_00000149b1455b60 .part L_00000149b1454a80, 0, 7;
L_00000149b1455c00 .concat [ 1 7 0 0], L_00000149b1459000, L_00000149b1455b60;
L_00000149b1455ca0 .part L_00000149b1454a80, 0, 7;
L_00000149b1457b40 .concat [ 1 7 0 0], L_00000149b1459090, L_00000149b1455ca0;
L_00000149b1457c80 .functor MUXZ 8, L_00000149b1457b40, L_00000149b13e1100, L_00000149b1455ac0, C4<>;
S_00000149b1432a30 .scope module, "u2_mul2" "mul2" 14 36, 15 1 0, S_00000149b130dc70;
 .timescale 0 0;
    .port_info 0 /INPUT 8 "a";
    .port_info 1 /OUTPUT 8 "result";
L_00000149b14583a0 .functor BUFT 1, C4<00011011>, C4<0>, C4<0>, C4<0>;
L_00000149b13e0d10 .functor XOR 8, L_00000149b1452b40, L_00000149b14583a0, C4<00000000>, C4<00000000>;
v00000149b1434af0_0 .net *"_ivl_1", 0 0, L_00000149b14539a0;  1 drivers
v00000149b1434cd0_0 .net *"_ivl_10", 7 0, L_00000149b13e0d10;  1 drivers
v00000149b1434d70_0 .net *"_ivl_12", 7 0, L_00000149b1455020;  1 drivers
v00000149b1434e10_0 .net *"_ivl_14", 6 0, L_00000149b14550c0;  1 drivers
L_00000149b14583e8 .functor BUFT 1, C4<0>, C4<0>, C4<0>, C4<0>;
v00000149b1437cf0_0 .net *"_ivl_16", 0 0, L_00000149b14583e8;  1 drivers
v00000149b1436d50_0 .net *"_ivl_2", 7 0, L_00000149b1452b40;  1 drivers
v00000149b1437610_0 .net *"_ivl_4", 6 0, L_00000149b14548a0;  1 drivers
L_00000149b1458358 .functor BUFT 1, C4<0>, C4<0>, C4<0>, C4<0>;
v00000149b1437e30_0 .net *"_ivl_6", 0 0, L_00000149b1458358;  1 drivers
v00000149b1436fd0_0 .net/2u *"_ivl_8", 7 0, L_00000149b14583a0;  1 drivers
v00000149b1436cb0_0 .net "a", 7 0, L_00000149b14546c0;  alias, 1 drivers
v00000149b14372f0_0 .net "result", 7 0, L_00000149b1454940;  alias, 1 drivers
L_00000149b14539a0 .part L_00000149b14546c0, 7, 1;
L_00000149b14548a0 .part L_00000149b14546c0, 0, 7;
L_00000149b1452b40 .concat [ 1 7 0 0], L_00000149b1458358, L_00000149b14548a0;
L_00000149b14550c0 .part L_00000149b14546c0, 0, 7;
L_00000149b1455020 .concat [ 1 7 0 0], L_00000149b14583e8, L_00000149b14550c0;
L_00000149b1454940 .functor MUXZ 8, L_00000149b1455020, L_00000149b13e0d10, L_00000149b14539a0, C4<>;
S_00000149b1432ee0 .scope module, "u2_mul3" "mul3" 14 54, 16 3 0, S_00000149b130dc70;
 .timescale 0 0;
    .port_info 0 /INPUT 8 "a";
    .port_info 1 /OUTPUT 8 "result";
L_00000149b13e0760 .functor XOR 8, L_00000149b1457dc0, L_00000149b14546c0, C4<00000000>, C4<00000000>;
v00000149b1436e90_0 .net "a", 7 0, L_00000149b14546c0;  alias, 1 drivers
v00000149b1436f30_0 .net "mul2_result", 7 0, L_00000149b1457dc0;  1 drivers
v00000149b1437c50_0 .net "result", 7 0, L_00000149b13e0760;  alias, 1 drivers
S_00000149b14336b0 .scope module, "u_mul2" "mul2" 16 9, 15 1 0, S_00000149b1432ee0;
 .timescale 0 0;
    .port_info 0 /INPUT 8 "a";
    .port_info 1 /OUTPUT 8 "result";
L_00000149b1459120 .functor BUFT 1, C4<00011011>, C4<0>, C4<0>, C4<0>;
L_00000149b13e0140 .functor XOR 8, L_00000149b1457a00, L_00000149b1459120, C4<00000000>, C4<00000000>;
v00000149b1436c10_0 .net *"_ivl_1", 0 0, L_00000149b1457fa0;  1 drivers
v00000149b1437ed0_0 .net *"_ivl_10", 7 0, L_00000149b13e0140;  1 drivers
v00000149b1437430_0 .net *"_ivl_12", 7 0, L_00000149b1458040;  1 drivers
v00000149b1436df0_0 .net *"_ivl_14", 6 0, L_00000149b1457aa0;  1 drivers
L_00000149b1459168 .functor BUFT 1, C4<0>, C4<0>, C4<0>, C4<0>;
v00000149b14376b0_0 .net *"_ivl_16", 0 0, L_00000149b1459168;  1 drivers
v00000149b1437070_0 .net *"_ivl_2", 7 0, L_00000149b1457a00;  1 drivers
v00000149b1437110_0 .net *"_ivl_4", 6 0, L_00000149b1457f00;  1 drivers
L_00000149b14590d8 .functor BUFT 1, C4<0>, C4<0>, C4<0>, C4<0>;
v00000149b1437390_0 .net *"_ivl_6", 0 0, L_00000149b14590d8;  1 drivers
v00000149b1437750_0 .net/2u *"_ivl_8", 7 0, L_00000149b1459120;  1 drivers
v00000149b1436990_0 .net "a", 7 0, L_00000149b14546c0;  alias, 1 drivers
v00000149b1437890_0 .net "result", 7 0, L_00000149b1457dc0;  alias, 1 drivers
L_00000149b1457fa0 .part L_00000149b14546c0, 7, 1;
L_00000149b1457f00 .part L_00000149b14546c0, 0, 7;
L_00000149b1457a00 .concat [ 1 7 0 0], L_00000149b14590d8, L_00000149b1457f00;
L_00000149b1457aa0 .part L_00000149b14546c0, 0, 7;
L_00000149b1458040 .concat [ 1 7 0 0], L_00000149b1459168, L_00000149b1457aa0;
L_00000149b1457dc0 .functor MUXZ 8, L_00000149b1458040, L_00000149b13e0140, L_00000149b1457fa0, C4<>;
S_00000149b1433b60 .scope module, "u3_mul2" "mul2" 14 37, 15 1 0, S_00000149b130dc70;
 .timescale 0 0;
    .port_info 0 /INPUT 8 "a";
    .port_info 1 /OUTPUT 8 "result";
L_00000149b1458478 .functor BUFT 1, C4<00011011>, C4<0>, C4<0>, C4<0>;
L_00000149b13e15d0 .functor XOR 8, L_00000149b1453680, L_00000149b1458478, C4<00000000>, C4<00000000>;
v00000149b14374d0_0 .net *"_ivl_1", 0 0, L_00000149b1453180;  1 drivers
v00000149b1436b70_0 .net *"_ivl_10", 7 0, L_00000149b13e15d0;  1 drivers
v00000149b1437570_0 .net *"_ivl_12", 7 0, L_00000149b1454bc0;  1 drivers
v00000149b14377f0_0 .net *"_ivl_14", 6 0, L_00000149b1453720;  1 drivers
L_00000149b14584c0 .functor BUFT 1, C4<0>, C4<0>, C4<0>, C4<0>;
v00000149b14371b0_0 .net *"_ivl_16", 0 0, L_00000149b14584c0;  1 drivers
v00000149b1437a70_0 .net *"_ivl_2", 7 0, L_00000149b1453680;  1 drivers
v00000149b1437250_0 .net *"_ivl_4", 6 0, L_00000149b14549e0;  1 drivers
L_00000149b1458430 .functor BUFT 1, C4<0>, C4<0>, C4<0>, C4<0>;
v00000149b1437930_0 .net *"_ivl_6", 0 0, L_00000149b1458430;  1 drivers
v00000149b1437f70_0 .net/2u *"_ivl_8", 7 0, L_00000149b1458478;  1 drivers
v00000149b14379d0_0 .net "a", 7 0, L_00000149b1453860;  alias, 1 drivers
v00000149b1437b10_0 .net "result", 7 0, L_00000149b1454da0;  alias, 1 drivers
L_00000149b1453180 .part L_00000149b1453860, 7, 1;
L_00000149b14549e0 .part L_00000149b1453860, 0, 7;
L_00000149b1453680 .concat [ 1 7 0 0], L_00000149b1458430, L_00000149b14549e0;
L_00000149b1453720 .part L_00000149b1453860, 0, 7;
L_00000149b1454bc0 .concat [ 1 7 0 0], L_00000149b14584c0, L_00000149b1453720;
L_00000149b1454da0 .functor MUXZ 8, L_00000149b1454bc0, L_00000149b13e15d0, L_00000149b1453180, C4<>;
S_00000149b1433200 .scope module, "u3_mul3" "mul3" 14 55, 16 3 0, S_00000149b130dc70;
 .timescale 0 0;
    .port_info 0 /INPUT 8 "a";
    .port_info 1 /OUTPUT 8 "result";
L_00000149b13e07d0 .functor XOR 8, L_00000149b14ab5d0, L_00000149b1453860, C4<00000000>, C4<00000000>;
v00000149b143aa70_0 .net "a", 7 0, L_00000149b1453860;  alias, 1 drivers
v00000149b143a1b0_0 .net "mul2_result", 7 0, L_00000149b14ab5d0;  1 drivers
v00000149b143a430_0 .net "result", 7 0, L_00000149b13e07d0;  alias, 1 drivers
S_00000149b1438730 .scope module, "u_mul2" "mul2" 16 9, 15 1 0, S_00000149b1433200;
 .timescale 0 0;
    .port_info 0 /INPUT 8 "a";
    .port_info 1 /OUTPUT 8 "result";
L_00000149b14591f8 .functor BUFT 1, C4<00011011>, C4<0>, C4<0>, C4<0>;
L_00000149b13e0f40 .functor XOR 8, L_00000149b1457d20, L_00000149b14591f8, C4<00000000>, C4<00000000>;
v00000149b1437bb0_0 .net *"_ivl_1", 0 0, L_00000149b1457960;  1 drivers
v00000149b1437d90_0 .net *"_ivl_10", 7 0, L_00000149b13e0f40;  1 drivers
v00000149b14368f0_0 .net *"_ivl_12", 7 0, L_00000149b14473a0;  1 drivers
v00000149b1436a30_0 .net *"_ivl_14", 6 0, L_00000149b1457be0;  1 drivers
L_00000149b1459240 .functor BUFT 1, C4<0>, C4<0>, C4<0>, C4<0>;
v00000149b1436ad0_0 .net *"_ivl_16", 0 0, L_00000149b1459240;  1 drivers
v00000149b143b510_0 .net *"_ivl_2", 7 0, L_00000149b1457d20;  1 drivers
v00000149b143a390_0 .net *"_ivl_4", 6 0, L_00000149b1457e60;  1 drivers
L_00000149b14591b0 .functor BUFT 1, C4<0>, C4<0>, C4<0>, C4<0>;
v00000149b143c5f0_0 .net *"_ivl_6", 0 0, L_00000149b14591b0;  1 drivers
v00000149b143b470_0 .net/2u *"_ivl_8", 7 0, L_00000149b14591f8;  1 drivers
v00000149b143c0f0_0 .net "a", 7 0, L_00000149b1453860;  alias, 1 drivers
v00000149b143be70_0 .net "result", 7 0, L_00000149b14ab5d0;  alias, 1 drivers
L_00000149b1457960 .part L_00000149b1453860, 7, 1;
L_00000149b1457e60 .part L_00000149b1453860, 0, 7;
L_00000149b1457d20 .concat [ 1 7 0 0], L_00000149b14591b0, L_00000149b1457e60;
L_00000149b1457be0 .part L_00000149b1453860, 0, 7;
L_00000149b14473a0 .concat [ 1 7 0 0], L_00000149b1459240, L_00000149b1457be0;
L_00000149b14ab5d0 .functor MUXZ 8, L_00000149b14473a0, L_00000149b13e0f40, L_00000149b1457960, C4<>;
S_00000149b14388c0 .scope module, "u4_mul2" "mul2" 14 38, 15 1 0, S_00000149b130dc70;
 .timescale 0 0;
    .port_info 0 /INPUT 8 "a";
    .port_info 1 /OUTPUT 8 "result";
L_00000149b1458550 .functor BUFT 1, C4<00011011>, C4<0>, C4<0>, C4<0>;
L_00000149b13e1090 .functor XOR 8, L_00000149b1453cc0, L_00000149b1458550, C4<00000000>, C4<00000000>;
v00000149b143a4d0_0 .net *"_ivl_1", 0 0, L_00000149b14532c0;  1 drivers
v00000149b143bbf0_0 .net *"_ivl_10", 7 0, L_00000149b13e1090;  1 drivers
v00000149b143abb0_0 .net *"_ivl_12", 7 0, L_00000149b1453c20;  1 drivers
v00000149b143c410_0 .net *"_ivl_14", 6 0, L_00000149b1453540;  1 drivers
L_00000149b1458598 .functor BUFT 1, C4<0>, C4<0>, C4<0>, C4<0>;
v00000149b143bd30_0 .net *"_ivl_16", 0 0, L_00000149b1458598;  1 drivers
v00000149b143a930_0 .net *"_ivl_2", 7 0, L_00000149b1453cc0;  1 drivers
v00000149b143bdd0_0 .net *"_ivl_4", 6 0, L_00000149b1452960;  1 drivers
L_00000149b1458508 .functor BUFT 1, C4<0>, C4<0>, C4<0>, C4<0>;
v00000149b143a7f0_0 .net *"_ivl_6", 0 0, L_00000149b1458508;  1 drivers
v00000149b143a570_0 .net/2u *"_ivl_8", 7 0, L_00000149b1458550;  1 drivers
v00000149b143bab0_0 .net "a", 7 0, L_00000149b1454f80;  alias, 1 drivers
v00000149b143b010_0 .net "result", 7 0, L_00000149b1453040;  alias, 1 drivers
L_00000149b14532c0 .part L_00000149b1454f80, 7, 1;
L_00000149b1452960 .part L_00000149b1454f80, 0, 7;
L_00000149b1453cc0 .concat [ 1 7 0 0], L_00000149b1458508, L_00000149b1452960;
L_00000149b1453540 .part L_00000149b1454f80, 0, 7;
L_00000149b1453c20 .concat [ 1 7 0 0], L_00000149b1458598, L_00000149b1453540;
L_00000149b1453040 .functor MUXZ 8, L_00000149b1453c20, L_00000149b13e1090, L_00000149b14532c0, C4<>;
S_00000149b1439540 .scope module, "u4_mul3" "mul3" 14 56, 16 3 0, S_00000149b130dc70;
 .timescale 0 0;
    .port_info 0 /INPUT 8 "a";
    .port_info 1 /OUTPUT 8 "result";
L_00000149b13e1640 .functor XOR 8, L_00000149b14abd50, L_00000149b1454f80, C4<00000000>, C4<00000000>;
v00000149b143a750_0 .net "a", 7 0, L_00000149b1454f80;  alias, 1 drivers
v00000149b143b790_0 .net "mul2_result", 7 0, L_00000149b14abd50;  1 drivers
v00000149b143ab10_0 .net "result", 7 0, L_00000149b13e1640;  alias, 1 drivers
S_00000149b1438f00 .scope module, "u_mul2" "mul2" 16 9, 15 1 0, S_00000149b1439540;
 .timescale 0 0;
    .port_info 0 /INPUT 8 "a";
    .port_info 1 /OUTPUT 8 "result";
L_00000149b14592d0 .functor BUFT 1, C4<00011011>, C4<0>, C4<0>, C4<0>;
L_00000149b13e1b10 .functor XOR 8, L_00000149b14a9af0, L_00000149b14592d0, C4<00000000>, C4<00000000>;
v00000149b143c690_0 .net *"_ivl_1", 0 0, L_00000149b14aae50;  1 drivers
v00000149b143b0b0_0 .net *"_ivl_10", 7 0, L_00000149b13e1b10;  1 drivers
v00000149b143ac50_0 .net *"_ivl_12", 7 0, L_00000149b14abad0;  1 drivers
v00000149b143a6b0_0 .net *"_ivl_14", 6 0, L_00000149b14aaef0;  1 drivers
L_00000149b1459318 .functor BUFT 1, C4<0>, C4<0>, C4<0>, C4<0>;
v00000149b143bb50_0 .net *"_ivl_16", 0 0, L_00000149b1459318;  1 drivers
v00000149b143a610_0 .net *"_ivl_2", 7 0, L_00000149b14a9af0;  1 drivers
v00000149b143a110_0 .net *"_ivl_4", 6 0, L_00000149b14aadb0;  1 drivers
L_00000149b1459288 .functor BUFT 1, C4<0>, C4<0>, C4<0>, C4<0>;
v00000149b143a9d0_0 .net *"_ivl_6", 0 0, L_00000149b1459288;  1 drivers
v00000149b143a2f0_0 .net/2u *"_ivl_8", 7 0, L_00000149b14592d0;  1 drivers
v00000149b143b5b0_0 .net "a", 7 0, L_00000149b1454f80;  alias, 1 drivers
v00000149b143b150_0 .net "result", 7 0, L_00000149b14abd50;  alias, 1 drivers
L_00000149b14aae50 .part L_00000149b1454f80, 7, 1;
L_00000149b14aadb0 .part L_00000149b1454f80, 0, 7;
L_00000149b14a9af0 .concat [ 1 7 0 0], L_00000149b1459288, L_00000149b14aadb0;
L_00000149b14aaef0 .part L_00000149b1454f80, 0, 7;
L_00000149b14abad0 .concat [ 1 7 0 0], L_00000149b1459318, L_00000149b14aaef0;
L_00000149b14abd50 .functor MUXZ 8, L_00000149b14abad0, L_00000149b13e1b10, L_00000149b14aae50, C4<>;
S_00000149b1439ea0 .scope module, "u5_mul2" "mul2" 14 39, 15 1 0, S_00000149b130dc70;
 .timescale 0 0;
    .port_info 0 /INPUT 8 "a";
    .port_info 1 /OUTPUT 8 "result";
L_00000149b1458628 .functor BUFT 1, C4<00011011>, C4<0>, C4<0>, C4<0>;
L_00000149b13e0bc0 .functor XOR 8, L_00000149b1453220, L_00000149b1458628, C4<00000000>, C4<00000000>;
v00000149b143af70_0 .net *"_ivl_1", 0 0, L_00000149b1453a40;  1 drivers
v00000149b143b650_0 .net *"_ivl_10", 7 0, L_00000149b13e0bc0;  1 drivers
v00000149b143a250_0 .net *"_ivl_12", 7 0, L_00000149b1453f40;  1 drivers
v00000149b143b830_0 .net *"_ivl_14", 6 0, L_00000149b1453400;  1 drivers
L_00000149b1458670 .functor BUFT 1, C4<0>, C4<0>, C4<0>, C4<0>;
v00000149b143c550_0 .net *"_ivl_16", 0 0, L_00000149b1458670;  1 drivers
v00000149b143ae30_0 .net *"_ivl_2", 7 0, L_00000149b1453220;  1 drivers
v00000149b143b8d0_0 .net *"_ivl_4", 6 0, L_00000149b1453360;  1 drivers
L_00000149b14585e0 .functor BUFT 1, C4<0>, C4<0>, C4<0>, C4<0>;
v00000149b143c230_0 .net *"_ivl_6", 0 0, L_00000149b14585e0;  1 drivers
v00000149b143acf0_0 .net/2u *"_ivl_8", 7 0, L_00000149b1458628;  1 drivers
v00000149b143c190_0 .net "a", 7 0, L_00000149b1454c60;  alias, 1 drivers
v00000149b143a890_0 .net "result", 7 0, L_00000149b1453fe0;  alias, 1 drivers
L_00000149b1453a40 .part L_00000149b1454c60, 7, 1;
L_00000149b1453360 .part L_00000149b1454c60, 0, 7;
L_00000149b1453220 .concat [ 1 7 0 0], L_00000149b14585e0, L_00000149b1453360;
L_00000149b1453400 .part L_00000149b1454c60, 0, 7;
L_00000149b1453f40 .concat [ 1 7 0 0], L_00000149b1458670, L_00000149b1453400;
L_00000149b1453fe0 .functor MUXZ 8, L_00000149b1453f40, L_00000149b13e0bc0, L_00000149b1453a40, C4<>;
S_00000149b1439090 .scope module, "u5_mul3" "mul3" 14 57, 16 3 0, S_00000149b130dc70;
 .timescale 0 0;
    .port_info 0 /INPUT 8 "a";
    .port_info 1 /OUTPUT 8 "result";
L_00000149b13e08b0 .functor XOR 8, L_00000149b14aa6d0, L_00000149b1454c60, C4<00000000>, C4<00000000>;
v00000149b143c050_0 .net "a", 7 0, L_00000149b1454c60;  alias, 1 drivers
v00000149b143b3d0_0 .net "mul2_result", 7 0, L_00000149b14aa6d0;  1 drivers
v00000149b143b970_0 .net "result", 7 0, L_00000149b13e08b0;  alias, 1 drivers
S_00000149b1439220 .scope module, "u_mul2" "mul2" 16 9, 15 1 0, S_00000149b1439090;
 .timescale 0 0;
    .port_info 0 /INPUT 8 "a";
    .port_info 1 /OUTPUT 8 "result";
L_00000149b14593a8 .functor BUFT 1, C4<00011011>, C4<0>, C4<0>, C4<0>;
L_00000149b13e0b50 .functor XOR 8, L_00000149b14ab170, L_00000149b14593a8, C4<00000000>, C4<00000000>;
v00000149b143ba10_0 .net *"_ivl_1", 0 0, L_00000149b14a9e10;  1 drivers
v00000149b143b1f0_0 .net *"_ivl_10", 7 0, L_00000149b13e0b50;  1 drivers
v00000149b143bc90_0 .net *"_ivl_12", 7 0, L_00000149b14a9b90;  1 drivers
v00000149b143c870_0 .net *"_ivl_14", 6 0, L_00000149b14ab0d0;  1 drivers
L_00000149b14593f0 .functor BUFT 1, C4<0>, C4<0>, C4<0>, C4<0>;
v00000149b143b290_0 .net *"_ivl_16", 0 0, L_00000149b14593f0;  1 drivers
v00000149b143bf10_0 .net *"_ivl_2", 7 0, L_00000149b14ab170;  1 drivers
v00000149b143bfb0_0 .net *"_ivl_4", 6 0, L_00000149b14abcb0;  1 drivers
L_00000149b1459360 .functor BUFT 1, C4<0>, C4<0>, C4<0>, C4<0>;
v00000149b143c730_0 .net *"_ivl_6", 0 0, L_00000149b1459360;  1 drivers
v00000149b143ad90_0 .net/2u *"_ivl_8", 7 0, L_00000149b14593a8;  1 drivers
v00000149b143aed0_0 .net "a", 7 0, L_00000149b1454c60;  alias, 1 drivers
v00000149b143b330_0 .net "result", 7 0, L_00000149b14aa6d0;  alias, 1 drivers
L_00000149b14a9e10 .part L_00000149b1454c60, 7, 1;
L_00000149b14abcb0 .part L_00000149b1454c60, 0, 7;
L_00000149b14ab170 .concat [ 1 7 0 0], L_00000149b1459360, L_00000149b14abcb0;
L_00000149b14ab0d0 .part L_00000149b1454c60, 0, 7;
L_00000149b14a9b90 .concat [ 1 7 0 0], L_00000149b14593f0, L_00000149b14ab0d0;
L_00000149b14aa6d0 .functor MUXZ 8, L_00000149b14a9b90, L_00000149b13e0b50, L_00000149b14a9e10, C4<>;
S_00000149b1438a50 .scope module, "u6_mul2" "mul2" 14 40, 15 1 0, S_00000149b130dc70;
 .timescale 0 0;
    .port_info 0 /INPUT 8 "a";
    .port_info 1 /OUTPUT 8 "result";
L_00000149b1458700 .functor BUFT 1, C4<00011011>, C4<0>, C4<0>, C4<0>;
L_00000149b13e0840 .functor XOR 8, L_00000149b1454ee0, L_00000149b1458700, C4<00000000>, C4<00000000>;
v00000149b143c7d0_0 .net *"_ivl_1", 0 0, L_00000149b1454080;  1 drivers
v00000149b143b6f0_0 .net *"_ivl_10", 7 0, L_00000149b13e0840;  1 drivers
v00000149b143c2d0_0 .net *"_ivl_12", 7 0, L_00000149b1452aa0;  1 drivers
v00000149b143c370_0 .net *"_ivl_14", 6 0, L_00000149b1452a00;  1 drivers
L_00000149b1458748 .functor BUFT 1, C4<0>, C4<0>, C4<0>, C4<0>;
v00000149b143c4b0_0 .net *"_ivl_16", 0 0, L_00000149b1458748;  1 drivers
v00000149b143ed50_0 .net *"_ivl_2", 7 0, L_00000149b1454ee0;  1 drivers
v00000149b143ccd0_0 .net *"_ivl_4", 6 0, L_00000149b1454e40;  1 drivers
L_00000149b14586b8 .functor BUFT 1, C4<0>, C4<0>, C4<0>, C4<0>;
v00000149b143dd10_0 .net *"_ivl_6", 0 0, L_00000149b14586b8;  1 drivers
v00000149b143e170_0 .net/2u *"_ivl_8", 7 0, L_00000149b1458700;  1 drivers
v00000149b143d450_0 .net "a", 7 0, L_00000149b1453d60;  alias, 1 drivers
v00000149b143ecb0_0 .net "result", 7 0, L_00000149b1452c80;  alias, 1 drivers
L_00000149b1454080 .part L_00000149b1453d60, 7, 1;
L_00000149b1454e40 .part L_00000149b1453d60, 0, 7;
L_00000149b1454ee0 .concat [ 1 7 0 0], L_00000149b14586b8, L_00000149b1454e40;
L_00000149b1452a00 .part L_00000149b1453d60, 0, 7;
L_00000149b1452aa0 .concat [ 1 7 0 0], L_00000149b1458748, L_00000149b1452a00;
L_00000149b1452c80 .functor MUXZ 8, L_00000149b1452aa0, L_00000149b13e0840, L_00000149b1454080, C4<>;
S_00000149b14396d0 .scope module, "u6_mul3" "mul3" 14 58, 16 3 0, S_00000149b130dc70;
 .timescale 0 0;
    .port_info 0 /INPUT 8 "a";
    .port_info 1 /OUTPUT 8 "result";
L_00000149b13e1170 .functor XOR 8, L_00000149b14ab8f0, L_00000149b1453d60, C4<00000000>, C4<00000000>;
v00000149b143e030_0 .net "a", 7 0, L_00000149b1453d60;  alias, 1 drivers
v00000149b143e0d0_0 .net "mul2_result", 7 0, L_00000149b14ab8f0;  1 drivers
v00000149b143efd0_0 .net "result", 7 0, L_00000149b13e1170;  alias, 1 drivers
S_00000149b14393b0 .scope module, "u_mul2" "mul2" 16 9, 15 1 0, S_00000149b14396d0;
 .timescale 0 0;
    .port_info 0 /INPUT 8 "a";
    .port_info 1 /OUTPUT 8 "result";
L_00000149b1459480 .functor BUFT 1, C4<00011011>, C4<0>, C4<0>, C4<0>;
L_00000149b13e0370 .functor XOR 8, L_00000149b14a9ff0, L_00000149b1459480, C4<00000000>, C4<00000000>;
v00000149b143e210_0 .net *"_ivl_1", 0 0, L_00000149b14abc10;  1 drivers
v00000149b143e2b0_0 .net *"_ivl_10", 7 0, L_00000149b13e0370;  1 drivers
v00000149b143d770_0 .net *"_ivl_12", 7 0, L_00000149b14aaa90;  1 drivers
v00000149b143e3f0_0 .net *"_ivl_14", 6 0, L_00000149b14aa270;  1 drivers
L_00000149b14594c8 .functor BUFT 1, C4<0>, C4<0>, C4<0>, C4<0>;
v00000149b143e490_0 .net *"_ivl_16", 0 0, L_00000149b14594c8;  1 drivers
v00000149b143d950_0 .net *"_ivl_2", 7 0, L_00000149b14a9ff0;  1 drivers
v00000149b143d6d0_0 .net *"_ivl_4", 6 0, L_00000149b14ab670;  1 drivers
L_00000149b1459438 .functor BUFT 1, C4<0>, C4<0>, C4<0>, C4<0>;
v00000149b143c910_0 .net *"_ivl_6", 0 0, L_00000149b1459438;  1 drivers
v00000149b143cd70_0 .net/2u *"_ivl_8", 7 0, L_00000149b1459480;  1 drivers
v00000149b143c9b0_0 .net "a", 7 0, L_00000149b1453d60;  alias, 1 drivers
v00000149b143dbd0_0 .net "result", 7 0, L_00000149b14ab8f0;  alias, 1 drivers
L_00000149b14abc10 .part L_00000149b1453d60, 7, 1;
L_00000149b14ab670 .part L_00000149b1453d60, 0, 7;
L_00000149b14a9ff0 .concat [ 1 7 0 0], L_00000149b1459438, L_00000149b14ab670;
L_00000149b14aa270 .part L_00000149b1453d60, 0, 7;
L_00000149b14aaa90 .concat [ 1 7 0 0], L_00000149b14594c8, L_00000149b14aa270;
L_00000149b14ab8f0 .functor MUXZ 8, L_00000149b14aaa90, L_00000149b13e0370, L_00000149b14abc10, C4<>;
S_00000149b1439860 .scope module, "u7_mul2" "mul2" 14 41, 15 1 0, S_00000149b130dc70;
 .timescale 0 0;
    .port_info 0 /INPUT 8 "a";
    .port_info 1 /OUTPUT 8 "result";
L_00000149b14587d8 .functor BUFT 1, C4<00011011>, C4<0>, C4<0>, C4<0>;
L_00000149b13e1020 .functor XOR 8, L_00000149b1457640, L_00000149b14587d8, C4<00000000>, C4<00000000>;
v00000149b143ca50_0 .net *"_ivl_1", 0 0, L_00000149b1455fc0;  1 drivers
v00000149b143ce10_0 .net *"_ivl_10", 7 0, L_00000149b13e1020;  1 drivers
v00000149b143dc70_0 .net *"_ivl_12", 7 0, L_00000149b14569c0;  1 drivers
v00000149b143e8f0_0 .net *"_ivl_14", 6 0, L_00000149b1457000;  1 drivers
L_00000149b1458820 .functor BUFT 1, C4<0>, C4<0>, C4<0>, C4<0>;
v00000149b143e670_0 .net *"_ivl_16", 0 0, L_00000149b1458820;  1 drivers
v00000149b143d590_0 .net *"_ivl_2", 7 0, L_00000149b1457640;  1 drivers
v00000149b143ec10_0 .net *"_ivl_4", 6 0, L_00000149b1456100;  1 drivers
L_00000149b1458790 .functor BUFT 1, C4<0>, C4<0>, C4<0>, C4<0>;
v00000149b143caf0_0 .net *"_ivl_6", 0 0, L_00000149b1458790;  1 drivers
v00000149b143d630_0 .net/2u *"_ivl_8", 7 0, L_00000149b14587d8;  1 drivers
v00000149b143cb90_0 .net "a", 7 0, L_00000149b14541c0;  alias, 1 drivers
v00000149b143e350_0 .net "result", 7 0, L_00000149b14553e0;  alias, 1 drivers
L_00000149b1455fc0 .part L_00000149b14541c0, 7, 1;
L_00000149b1456100 .part L_00000149b14541c0, 0, 7;
L_00000149b1457640 .concat [ 1 7 0 0], L_00000149b1458790, L_00000149b1456100;
L_00000149b1457000 .part L_00000149b14541c0, 0, 7;
L_00000149b14569c0 .concat [ 1 7 0 0], L_00000149b1458820, L_00000149b1457000;
L_00000149b14553e0 .functor MUXZ 8, L_00000149b14569c0, L_00000149b13e1020, L_00000149b1455fc0, C4<>;
S_00000149b14380f0 .scope module, "u7_mul3" "mul3" 14 59, 16 3 0, S_00000149b130dc70;
 .timescale 0 0;
    .port_info 0 /INPUT 8 "a";
    .port_info 1 /OUTPUT 8 "result";
L_00000149b13e1b80 .functor XOR 8, L_00000149b14a9f50, L_00000149b14541c0, C4<00000000>, C4<00000000>;
v00000149b143d8b0_0 .net "a", 7 0, L_00000149b14541c0;  alias, 1 drivers
v00000149b143edf0_0 .net "mul2_result", 7 0, L_00000149b14a9f50;  1 drivers
v00000149b143ceb0_0 .net "result", 7 0, L_00000149b13e1b80;  alias, 1 drivers
S_00000149b1439b80 .scope module, "u_mul2" "mul2" 16 9, 15 1 0, S_00000149b14380f0;
 .timescale 0 0;
    .port_info 0 /INPUT 8 "a";
    .port_info 1 /OUTPUT 8 "result";
L_00000149b1459558 .functor BUFT 1, C4<00011011>, C4<0>, C4<0>, C4<0>;
L_00000149b13e11e0 .functor XOR 8, L_00000149b14ab210, L_00000149b1459558, C4<00000000>, C4<00000000>;
v00000149b143d270_0 .net *"_ivl_1", 0 0, L_00000149b14ab350;  1 drivers
v00000149b143d1d0_0 .net *"_ivl_10", 7 0, L_00000149b13e11e0;  1 drivers
v00000149b143eb70_0 .net *"_ivl_12", 7 0, L_00000149b14aa9f0;  1 drivers
v00000149b143e5d0_0 .net *"_ivl_14", 6 0, L_00000149b14aa810;  1 drivers
L_00000149b14595a0 .functor BUFT 1, C4<0>, C4<0>, C4<0>, C4<0>;
v00000149b143cff0_0 .net *"_ivl_16", 0 0, L_00000149b14595a0;  1 drivers
v00000149b143da90_0 .net *"_ivl_2", 7 0, L_00000149b14ab210;  1 drivers
v00000149b143e530_0 .net *"_ivl_4", 6 0, L_00000149b14aa3b0;  1 drivers
L_00000149b1459510 .functor BUFT 1, C4<0>, C4<0>, C4<0>, C4<0>;
v00000149b143d810_0 .net *"_ivl_6", 0 0, L_00000149b1459510;  1 drivers
v00000149b143ddb0_0 .net/2u *"_ivl_8", 7 0, L_00000149b1459558;  1 drivers
v00000149b143cc30_0 .net "a", 7 0, L_00000149b14541c0;  alias, 1 drivers
v00000149b143de50_0 .net "result", 7 0, L_00000149b14a9f50;  alias, 1 drivers
L_00000149b14ab350 .part L_00000149b14541c0, 7, 1;
L_00000149b14aa3b0 .part L_00000149b14541c0, 0, 7;
L_00000149b14ab210 .concat [ 1 7 0 0], L_00000149b1459510, L_00000149b14aa3b0;
L_00000149b14aa810 .part L_00000149b14541c0, 0, 7;
L_00000149b14aa9f0 .concat [ 1 7 0 0], L_00000149b14595a0, L_00000149b14aa810;
L_00000149b14a9f50 .functor MUXZ 8, L_00000149b14aa9f0, L_00000149b13e11e0, L_00000149b14ab350, C4<>;
S_00000149b1438be0 .scope module, "u8_mul2" "mul2" 14 42, 15 1 0, S_00000149b130dc70;
 .timescale 0 0;
    .port_info 0 /INPUT 8 "a";
    .port_info 1 /OUTPUT 8 "result";
L_00000149b14588b0 .functor BUFT 1, C4<00011011>, C4<0>, C4<0>, C4<0>;
L_00000149b13e06f0 .functor XOR 8, L_00000149b1456ce0, L_00000149b14588b0, C4<00000000>, C4<00000000>;
v00000149b143f070_0 .net *"_ivl_1", 0 0, L_00000149b14552a0;  1 drivers
v00000149b143def0_0 .net *"_ivl_10", 7 0, L_00000149b13e06f0;  1 drivers
v00000149b143cf50_0 .net *"_ivl_12", 7 0, L_00000149b1455840;  1 drivers
v00000149b143d4f0_0 .net *"_ivl_14", 6 0, L_00000149b1456060;  1 drivers
L_00000149b14588f8 .functor BUFT 1, C4<0>, C4<0>, C4<0>, C4<0>;
v00000149b143d130_0 .net *"_ivl_16", 0 0, L_00000149b14588f8;  1 drivers
v00000149b143d090_0 .net *"_ivl_2", 7 0, L_00000149b1456ce0;  1 drivers
v00000149b143d310_0 .net *"_ivl_4", 6 0, L_00000149b1456ec0;  1 drivers
L_00000149b1458868 .functor BUFT 1, C4<0>, C4<0>, C4<0>, C4<0>;
v00000149b143d9f0_0 .net *"_ivl_6", 0 0, L_00000149b1458868;  1 drivers
v00000149b143d3b0_0 .net/2u *"_ivl_8", 7 0, L_00000149b14588b0;  1 drivers
v00000149b143db30_0 .net "a", 7 0, L_00000149b1452be0;  alias, 1 drivers
v00000149b143e710_0 .net "result", 7 0, L_00000149b1456240;  alias, 1 drivers
L_00000149b14552a0 .part L_00000149b1452be0, 7, 1;
L_00000149b1456ec0 .part L_00000149b1452be0, 0, 7;
L_00000149b1456ce0 .concat [ 1 7 0 0], L_00000149b1458868, L_00000149b1456ec0;
L_00000149b1456060 .part L_00000149b1452be0, 0, 7;
L_00000149b1455840 .concat [ 1 7 0 0], L_00000149b14588f8, L_00000149b1456060;
L_00000149b1456240 .functor MUXZ 8, L_00000149b1455840, L_00000149b13e06f0, L_00000149b14552a0, C4<>;
S_00000149b14399f0 .scope module, "u8_mul3" "mul3" 14 60, 16 3 0, S_00000149b130dc70;
 .timescale 0 0;
    .port_info 0 /INPUT 8 "a";
    .port_info 1 /OUTPUT 8 "result";
L_00000149b13e04c0 .functor XOR 8, L_00000149b14aa130, L_00000149b1452be0, C4<00000000>, C4<00000000>;
v00000149b143f1b0_0 .net "a", 7 0, L_00000149b1452be0;  alias, 1 drivers
v00000149b143f2f0_0 .net "mul2_result", 7 0, L_00000149b14aa130;  1 drivers
v00000149b143f4d0_0 .net "result", 7 0, L_00000149b13e04c0;  alias, 1 drivers
S_00000149b1439d10 .scope module, "u_mul2" "mul2" 16 9, 15 1 0, S_00000149b14399f0;
 .timescale 0 0;
    .port_info 0 /INPUT 8 "a";
    .port_info 1 /OUTPUT 8 "result";
L_00000149b1459630 .functor BUFT 1, C4<00011011>, C4<0>, C4<0>, C4<0>;
L_00000149b13e1250 .functor XOR 8, L_00000149b14aaf90, L_00000149b1459630, C4<00000000>, C4<00000000>;
v00000149b143df90_0 .net *"_ivl_1", 0 0, L_00000149b14a9d70;  1 drivers
v00000149b143e7b0_0 .net *"_ivl_10", 7 0, L_00000149b13e1250;  1 drivers
v00000149b143e850_0 .net *"_ivl_12", 7 0, L_00000149b14ab030;  1 drivers
v00000149b143e990_0 .net *"_ivl_14", 6 0, L_00000149b14ab850;  1 drivers
L_00000149b1459678 .functor BUFT 1, C4<0>, C4<0>, C4<0>, C4<0>;
v00000149b143ea30_0 .net *"_ivl_16", 0 0, L_00000149b1459678;  1 drivers
v00000149b143ee90_0 .net *"_ivl_2", 7 0, L_00000149b14aaf90;  1 drivers
v00000149b143ead0_0 .net *"_ivl_4", 6 0, L_00000149b14aa310;  1 drivers
L_00000149b14595e8 .functor BUFT 1, C4<0>, C4<0>, C4<0>, C4<0>;
v00000149b143ef30_0 .net *"_ivl_6", 0 0, L_00000149b14595e8;  1 drivers
v00000149b143f110_0 .net/2u *"_ivl_8", 7 0, L_00000149b1459630;  1 drivers
v00000149b143f930_0 .net "a", 7 0, L_00000149b1452be0;  alias, 1 drivers
v00000149b143f890_0 .net "result", 7 0, L_00000149b14aa130;  alias, 1 drivers
L_00000149b14a9d70 .part L_00000149b1452be0, 7, 1;
L_00000149b14aa310 .part L_00000149b1452be0, 0, 7;
L_00000149b14aaf90 .concat [ 1 7 0 0], L_00000149b14595e8, L_00000149b14aa310;
L_00000149b14ab850 .part L_00000149b1452be0, 0, 7;
L_00000149b14ab030 .concat [ 1 7 0 0], L_00000149b1459678, L_00000149b14ab850;
L_00000149b14aa130 .functor MUXZ 8, L_00000149b14ab030, L_00000149b13e1250, L_00000149b14a9d70, C4<>;
S_00000149b1438280 .scope module, "u9_mul2" "mul2" 14 43, 15 1 0, S_00000149b130dc70;
 .timescale 0 0;
    .port_info 0 /INPUT 8 "a";
    .port_info 1 /OUTPUT 8 "result";
L_00000149b1458988 .functor BUFT 1, C4<00011011>, C4<0>, C4<0>, C4<0>;
L_00000149b13e0990 .functor XOR 8, L_00000149b1455520, L_00000149b1458988, C4<00000000>, C4<00000000>;
v00000149b143f6b0_0 .net *"_ivl_1", 0 0, L_00000149b1455d40;  1 drivers
v00000149b1440790_0 .net *"_ivl_10", 7 0, L_00000149b13e0990;  1 drivers
v00000149b143fb10_0 .net *"_ivl_12", 7 0, L_00000149b14575a0;  1 drivers
v00000149b1441230_0 .net *"_ivl_14", 6 0, L_00000149b14562e0;  1 drivers
L_00000149b14589d0 .functor BUFT 1, C4<0>, C4<0>, C4<0>, C4<0>;
v00000149b14417d0_0 .net *"_ivl_16", 0 0, L_00000149b14589d0;  1 drivers
v00000149b143ff70_0 .net *"_ivl_2", 7 0, L_00000149b1455520;  1 drivers
v00000149b143fed0_0 .net *"_ivl_4", 6 0, L_00000149b1455980;  1 drivers
L_00000149b1458940 .functor BUFT 1, C4<0>, C4<0>, C4<0>, C4<0>;
v00000149b14412d0_0 .net *"_ivl_6", 0 0, L_00000149b1458940;  1 drivers
v00000149b1440e70_0 .net/2u *"_ivl_8", 7 0, L_00000149b1458988;  1 drivers
v00000149b14405b0_0 .net "a", 7 0, L_00000149b1452fa0;  alias, 1 drivers
v00000149b1441370_0 .net "result", 7 0, L_00000149b1456380;  alias, 1 drivers
L_00000149b1455d40 .part L_00000149b1452fa0, 7, 1;
L_00000149b1455980 .part L_00000149b1452fa0, 0, 7;
L_00000149b1455520 .concat [ 1 7 0 0], L_00000149b1458940, L_00000149b1455980;
L_00000149b14562e0 .part L_00000149b1452fa0, 0, 7;
L_00000149b14575a0 .concat [ 1 7 0 0], L_00000149b14589d0, L_00000149b14562e0;
L_00000149b1456380 .functor MUXZ 8, L_00000149b14575a0, L_00000149b13e0990, L_00000149b1455d40, C4<>;
S_00000149b1438410 .scope module, "u9_mul3" "mul3" 14 61, 16 3 0, S_00000149b130dc70;
 .timescale 0 0;
    .port_info 0 /INPUT 8 "a";
    .port_info 1 /OUTPUT 8 "result";
L_00000149b13e1330 .functor XOR 8, L_00000149b14aab30, L_00000149b1452fa0, C4<00000000>, C4<00000000>;
v00000149b1440bf0_0 .net "a", 7 0, L_00000149b1452fa0;  alias, 1 drivers
v00000149b1440470_0 .net "mul2_result", 7 0, L_00000149b14aab30;  1 drivers
v00000149b1441550_0 .net "result", 7 0, L_00000149b13e1330;  alias, 1 drivers
S_00000149b14385a0 .scope module, "u_mul2" "mul2" 16 9, 15 1 0, S_00000149b1438410;
 .timescale 0 0;
    .port_info 0 /INPUT 8 "a";
    .port_info 1 /OUTPUT 8 "result";
L_00000149b1459708 .functor BUFT 1, C4<00011011>, C4<0>, C4<0>, C4<0>;
L_00000149b13e01b0 .functor XOR 8, L_00000149b14a9eb0, L_00000149b1459708, C4<00000000>, C4<00000000>;
v00000149b14414b0_0 .net *"_ivl_1", 0 0, L_00000149b14abb70;  1 drivers
v00000149b143f750_0 .net *"_ivl_10", 7 0, L_00000149b13e01b0;  1 drivers
v00000149b143f570_0 .net *"_ivl_12", 7 0, L_00000149b14abe90;  1 drivers
v00000149b1440010_0 .net *"_ivl_14", 6 0, L_00000149b14aa450;  1 drivers
L_00000149b1459750 .functor BUFT 1, C4<0>, C4<0>, C4<0>, C4<0>;
v00000149b1440a10_0 .net *"_ivl_16", 0 0, L_00000149b1459750;  1 drivers
v00000149b1440ab0_0 .net *"_ivl_2", 7 0, L_00000149b14a9eb0;  1 drivers
v00000149b1440f10_0 .net *"_ivl_4", 6 0, L_00000149b14ab990;  1 drivers
L_00000149b14596c0 .functor BUFT 1, C4<0>, C4<0>, C4<0>, C4<0>;
v00000149b143f430_0 .net *"_ivl_6", 0 0, L_00000149b14596c0;  1 drivers
v00000149b14403d0_0 .net/2u *"_ivl_8", 7 0, L_00000149b1459708;  1 drivers
v00000149b1441410_0 .net "a", 7 0, L_00000149b1452fa0;  alias, 1 drivers
v00000149b1441870_0 .net "result", 7 0, L_00000149b14aab30;  alias, 1 drivers
L_00000149b14abb70 .part L_00000149b1452fa0, 7, 1;
L_00000149b14ab990 .part L_00000149b1452fa0, 0, 7;
L_00000149b14a9eb0 .concat [ 1 7 0 0], L_00000149b14596c0, L_00000149b14ab990;
L_00000149b14aa450 .part L_00000149b1452fa0, 0, 7;
L_00000149b14abe90 .concat [ 1 7 0 0], L_00000149b1459750, L_00000149b14aa450;
L_00000149b14aab30 .functor MUXZ 8, L_00000149b14abe90, L_00000149b13e01b0, L_00000149b14abb70, C4<>;
S_00000149b1438d70 .scope module, "Mux2_inst" "Mux2" 11 60, 6 1 0, S_00000149b1060ec0;
 .timescale 0 0;
    .port_info 0 /INPUT 128 "a";
    .port_info 1 /INPUT 128 "b";
    .port_info 2 /INPUT 1 "select";
    .port_info 3 /OUTPUT 128 "c";
v00000149b1443fc0_0 .net "a", 127 0, v00000149b1443700_0;  alias, 1 drivers
v00000149b1444100_0 .net "b", 127 0, L_00000149b14b0bf0;  alias, 1 drivers
v00000149b1444560_0 .net "c", 127 0, L_00000149b14ac7f0;  alias, 1 drivers
v00000149b14446a0_0 .net "select", 0 0, v00000149b1446d60_0;  alias, 1 drivers
L_00000149b14ac7f0 .functor MUXZ 128, v00000149b1443700_0, L_00000149b14b0bf0, v00000149b1446d60_0, C4<>;
S_00000149b144d8a0 .scope module, "PCore_Controller_Pipeline_inst" "PCore_Controller_Pipeline" 11 68, 17 1 0, S_00000149b1060ec0;
 .timescale 0 0;
    .port_info 0 /INPUT 1 "clk";
    .port_info 1 /INPUT 1 "rst_n";
    .port_info 2 /INPUT 1 "datard";
    .port_info 3 /OUTPUT 1 "wen";
    .port_info 4 /OUTPUT 1 "waddr";
    .port_info 5 /OUTPUT 1 "raddr";
    .port_info 6 /OUTPUT 4 "addr_key";
    .port_info 7 /OUTPUT 1 "ctvalid1";
    .port_info 8 /OUTPUT 1 "ctvalid2";
    .port_info 9 /OUTPUT 1 "ready_new_input";
    .port_info 10 /OUTPUT 1 "ready_new_key";
    .port_info 11 /OUTPUT 1 "src_input";
P_00000149b1082630 .param/l "DONE1" 1 17 23, +C4<00000000000000000000000000000100>;
P_00000149b1082668 .param/l "DONE2" 1 17 30, +C4<00000000000000000000000000000100>;
P_00000149b10826a0 .param/l "IDLE1" 1 17 19, +C4<00000000000000000000000000000000>;
P_00000149b10826d8 .param/l "IDLE2" 1 17 26, +C4<00000000000000000000000000000000>;
P_00000149b1082710 .param/l "LOAD_DATA1" 1 17 20, +C4<00000000000000000000000000000001>;
P_00000149b1082748 .param/l "LOAD_DATA2" 1 17 27, +C4<00000000000000000000000000000001>;
P_00000149b1082780 .param/l "MIXCOLUMNS_ADDROUNDKEY1" 1 17 22, +C4<00000000000000000000000000000011>;
P_00000149b10827b8 .param/l "MIXCOLUMNS_ADDROUNDKEY2" 1 17 29, +C4<00000000000000000000000000000011>;
P_00000149b10827f0 .param/l "SHIFTROWS_SUBBYTES1" 1 17 21, +C4<00000000000000000000000000000010>;
P_00000149b1082828 .param/l "SHIFTROWS_SUBBYTES2" 1 17 28, +C4<00000000000000000000000000000010>;
L_00000149b14b0cd0 .functor OR 1, v00000149b1444c40_0, v00000149b1446cc0_0, C4<0>, C4<0>;
L_00000149b14afae0 .functor AND 1, L_00000149b14ac430, L_00000149b14adab0, C4<1>, C4<1>;
v00000149b1444920_0 .net *"_ivl_10", 31 0, L_00000149b14ad470;  1 drivers
L_00000149b1459d80 .functor BUFT 1, C4<00000000000000000000000000000>, C4<0>, C4<0>, C4<0>;
v00000149b1444b00_0 .net *"_ivl_13", 28 0, L_00000149b1459d80;  1 drivers
L_00000149b1459dc8 .functor BUFT 1, C4<00000000000000000000000000000000>, C4<0>, C4<0>, C4<0>;
v00000149b1444ce0_0 .net/2u *"_ivl_14", 31 0, L_00000149b1459dc8;  1 drivers
v00000149b14458c0_0 .net *"_ivl_16", 0 0, L_00000149b14adab0;  1 drivers
v00000149b1445780_0 .net *"_ivl_19", 0 0, L_00000149b14afae0;  1 drivers
v00000149b1444d80_0 .net *"_ivl_2", 31 0, L_00000149b14ace30;  1 drivers
L_00000149b1459e10 .functor BUFT 1, C4<01>, C4<0>, C4<0>, C4<0>;
v00000149b1445fa0_0 .net/2s *"_ivl_20", 1 0, L_00000149b1459e10;  1 drivers
L_00000149b1459e58 .functor BUFT 1, C4<00>, C4<0>, C4<0>, C4<0>;
v00000149b1446040_0 .net/2s *"_ivl_22", 1 0, L_00000149b1459e58;  1 drivers
v00000149b1445aa0_0 .net *"_ivl_24", 1 0, L_00000149b14addd0;  1 drivers
L_00000149b1459cf0 .functor BUFT 1, C4<00000000000000000000000000000>, C4<0>, C4<0>, C4<0>;
v00000149b14453c0_0 .net *"_ivl_5", 28 0, L_00000149b1459cf0;  1 drivers
L_00000149b1459d38 .functor BUFT 1, C4<00000000000000000000000000000000>, C4<0>, C4<0>, C4<0>;
v00000149b1446180_0 .net/2u *"_ivl_6", 31 0, L_00000149b1459d38;  1 drivers
v00000149b14460e0_0 .net *"_ivl_8", 0 0, L_00000149b14ac430;  1 drivers
v00000149b1445820_0 .var "addr_key", 3 0;
v00000149b14456e0_0 .var "addr_key1", 3 0;
v00000149b1446a40_0 .var "addr_key2", 3 0;
v00000149b1446680_0 .net "clk", 0 0, o00000149b13e2178;  alias, 0 drivers
v00000149b14449c0_0 .var "cnt", 1 0;
v00000149b14467c0_0 .var "ctvalid1", 0 0;
v00000149b1446f40_0 .var "ctvalid2", 0 0;
v00000149b1445d20_0 .net "datard", 0 0, v00000149b1447800_0;  alias, 1 drivers
v00000149b1445960_0 .var "next_state1", 2 0;
v00000149b1446220_0 .var "next_state2", 2 0;
v00000149b1446ae0_0 .var "raddr", 0 0;
v00000149b1444ba0_0 .net "ready_new_input", 0 0, L_00000149b14b0cd0;  alias, 1 drivers
v00000149b1444c40_0 .var "ready_new_input1", 0 0;
v00000149b1446cc0_0 .var "ready_new_input2", 0 0;
v00000149b14462c0_0 .net "ready_new_key", 0 0, L_00000149b14adfb0;  alias, 1 drivers
v00000149b1444ec0_0 .net "rst_n", 0 0, o00000149b13e2388;  alias, 0 drivers
v00000149b1446d60_0 .var "src_input", 0 0;
v00000149b1444e20_0 .var "state1", 2 0;
v00000149b1445be0_0 .var "state2", 2 0;
v00000149b1444f60_0 .var "waddr", 0 0;
v00000149b1446360_0 .var "wen", 0 0;
E_00000149b13924c0 .event anyedge, v00000149b1444e20_0, v00000149b1445d20_0, v00000149b14449c0_0, v00000149b1445be0_0;
E_00000149b1392480/0 .event anyedge, v00000149b1445be0_0, v00000149b1445d20_0, v00000149b14449c0_0, v00000149b1444e20_0;
E_00000149b1392480/1 .event anyedge, v00000149b1446a40_0;
E_00000149b1392480 .event/or E_00000149b1392480/0, E_00000149b1392480/1;
E_00000149b1392280 .event anyedge, v00000149b1444e20_0, v00000149b1445d20_0, v00000149b14449c0_0, v00000149b14456e0_0;
L_00000149b14ace30 .concat [ 3 29 0 0], v00000149b1444e20_0, L_00000149b1459cf0;
L_00000149b14ac430 .cmp/eq 32, L_00000149b14ace30, L_00000149b1459d38;
L_00000149b14ad470 .concat [ 3 29 0 0], v00000149b1445be0_0, L_00000149b1459d80;
L_00000149b14adab0 .cmp/eq 32, L_00000149b14ad470, L_00000149b1459dc8;
L_00000149b14addd0 .functor MUXZ 2, L_00000149b1459e58, L_00000149b1459e10, L_00000149b14afae0, C4<>;
L_00000149b14adfb0 .part L_00000149b14addd0, 0, 1;
S_00000149b144d580 .scope module, "Registerfile_Data_inst" "Registerfile_Data" 11 49, 18 1 0, S_00000149b1060ec0;
 .timescale 0 0;
    .port_info 0 /INPUT 1 "clk";
    .port_info 1 /INPUT 1 "rst_n";
    .port_info 2 /INPUT 1 "wen";
    .port_info 3 /INPUT 1 "waddr";
    .port_info 4 /INPUT 1 "raddr";
    .port_info 5 /INPUT 128 "din";
    .port_info 6 /OUTPUT 128 "dout";
L_00000149b14b0bf0 .functor BUFZ 128, L_00000149b14ac4d0, C4<00000000000000000000000000000000000000000000000000000000000000000000000000000000000000000000000000000000000000000000000000000000>, C4<00000000000000000000000000000000000000000000000000000000000000000000000000000000000000000000000000000000000000000000000000000000>, C4<00000000000000000000000000000000000000000000000000000000000000000000000000000000000000000000000000000000000000000000000000000000>;
v00000149b1446fe0_0 .net *"_ivl_0", 127 0, L_00000149b14ac4d0;  1 drivers
v00000149b1445460_0 .net *"_ivl_2", 2 0, L_00000149b14ad5b0;  1 drivers
L_00000149b1459ca8 .functor BUFT 1, C4<00>, C4<0>, C4<0>, C4<0>;
v00000149b1445000_0 .net *"_ivl_5", 1 0, L_00000149b1459ca8;  1 drivers
v00000149b1444a60_0 .net "clk", 0 0, o00000149b13e2178;  alias, 0 drivers
v00000149b14450a0_0 .net "din", 127 0, L_00000149b1450ca0;  alias, 1 drivers
v00000149b1446400_0 .net "dout", 127 0, L_00000149b14b0bf0;  alias, 1 drivers
v00000149b14464a0 .array "mem", 1 0, 127 0;
v00000149b1446540_0 .net "raddr", 0 0, v00000149b1446ae0_0;  alias, 1 drivers
v00000149b1445140_0 .net "rst_n", 0 0, o00000149b13e2388;  alias, 0 drivers
v00000149b14465e0_0 .net "waddr", 0 0, v00000149b1444f60_0;  alias, 1 drivers
v00000149b1446860_0 .net "wen", 0 0, v00000149b1446360_0;  alias, 1 drivers
L_00000149b14ac4d0 .array/port v00000149b14464a0, L_00000149b14ad5b0;
L_00000149b14ad5b0 .concat [ 1 2 0 0], v00000149b1446ae0_0, L_00000149b1459ca8;
S_00000149b144da30 .scope module, "ShiftRows_inst" "ShiftRows" 11 26, 19 1 0, S_00000149b1060ec0;
 .timescale 0 0;
    .port_info 0 /INPUT 128 "b_in";
    .port_info 1 /OUTPUT 128 "b_out";
v00000149b14469a0_0 .net *"_ivl_11", 7 0, L_00000149b14517e0;  1 drivers
v00000149b1446e00_0 .net *"_ivl_15", 7 0, L_00000149b1451c40;  1 drivers
v00000149b14451e0_0 .net *"_ivl_19", 7 0, L_00000149b1452000;  1 drivers
v00000149b1447080_0 .net *"_ivl_23", 7 0, L_00000149b14520a0;  1 drivers
v00000149b1445a00_0 .net *"_ivl_27", 7 0, L_00000149b1452140;  1 drivers
v00000149b1445280_0 .net *"_ivl_3", 7 0, L_00000149b1451380;  1 drivers
v00000149b1445320_0 .net *"_ivl_31", 7 0, L_00000149b14523c0;  1 drivers
v00000149b1445b40_0 .net *"_ivl_35", 7 0, L_00000149b1452460;  1 drivers
v00000149b1445500_0 .net *"_ivl_39", 7 0, L_00000149b1452500;  1 drivers
v00000149b1446720_0 .net *"_ivl_43", 7 0, L_00000149b14525a0;  1 drivers
v00000149b1446ea0_0 .net *"_ivl_47", 7 0, L_00000149b14544e0;  1 drivers
v00000149b14455a0_0 .net *"_ivl_51", 7 0, L_00000149b1452d20;  1 drivers
v00000149b1445640_0 .net *"_ivl_55", 7 0, L_00000149b1454580;  1 drivers
v00000149b1445c80_0 .net *"_ivl_59", 7 0, L_00000149b14537c0;  1 drivers
v00000149b1445dc0_0 .net *"_ivl_64", 7 0, L_00000149b1453e00;  1 drivers
v00000149b1445e60_0 .net *"_ivl_7", 7 0, L_00000149b1451560;  1 drivers
v00000149b1445f00_0 .net "b_in", 127 0, L_00000149b14ac7f0;  alias, 1 drivers
v00000149b1446900_0 .net "b_out", 127 0, L_00000149b1452dc0;  alias, 1 drivers
L_00000149b1451380 .part L_00000149b14ac7f0, 120, 8;
L_00000149b1451560 .part L_00000149b14ac7f0, 80, 8;
L_00000149b14517e0 .part L_00000149b14ac7f0, 40, 8;
L_00000149b1451c40 .part L_00000149b14ac7f0, 0, 8;
L_00000149b1452000 .part L_00000149b14ac7f0, 88, 8;
L_00000149b14520a0 .part L_00000149b14ac7f0, 48, 8;
L_00000149b1452140 .part L_00000149b14ac7f0, 8, 8;
L_00000149b14523c0 .part L_00000149b14ac7f0, 96, 8;
L_00000149b1452460 .part L_00000149b14ac7f0, 56, 8;
L_00000149b1452500 .part L_00000149b14ac7f0, 16, 8;
L_00000149b14525a0 .part L_00000149b14ac7f0, 104, 8;
L_00000149b14544e0 .part L_00000149b14ac7f0, 64, 8;
L_00000149b1452d20 .part L_00000149b14ac7f0, 24, 8;
L_00000149b1454580 .part L_00000149b14ac7f0, 112, 8;
L_00000149b14537c0 .part L_00000149b14ac7f0, 72, 8;
LS_00000149b1452dc0_0_0 .concat8 [ 8 8 8 8], L_00000149b1453e00, L_00000149b14537c0, L_00000149b1454580, L_00000149b1452d20;
LS_00000149b1452dc0_0_4 .concat8 [ 8 8 8 8], L_00000149b14544e0, L_00000149b14525a0, L_00000149b1452500, L_00000149b1452460;
LS_00000149b1452dc0_0_8 .concat8 [ 8 8 8 8], L_00000149b14523c0, L_00000149b1452140, L_00000149b14520a0, L_00000149b1452000;
LS_00000149b1452dc0_0_12 .concat8 [ 8 8 8 8], L_00000149b1451c40, L_00000149b14517e0, L_00000149b1451560, L_00000149b1451380;
L_00000149b1452dc0 .concat8 [ 32 32 32 32], LS_00000149b1452dc0_0_0, LS_00000149b1452dc0_0_4, LS_00000149b1452dc0_0_8, LS_00000149b1452dc0_0_12;
L_00000149b1453e00 .part L_00000149b14ac7f0, 32, 8;
S_00000149b144dbc0 .scope module, "Sbox_wrapper_inst" "Sbox_wrapper" 2 97, 20 3 0, S_00000149b1039da0;
 .timescale 0 0;
    .port_info 0 /INPUT 1 "clk";
    .port_info 1 /INPUT 1 "rst_n";
    .port_info 2 /INPUT 128 "state_in";
    .port_info 3 /OUTPUT 128 "state_out";
v00000149b1449560_0 .net "clk", 0 0, o00000149b13e2178;  alias, 0 drivers
v00000149b1449880_0 .net "rst_n", 0 0, o00000149b13e2388;  alias, 0 drivers
v00000149b1447120 .array "sbox_out", 0 15;
v00000149b1447120_0 .net v00000149b1447120 0, 7 0, v00000149b1447e40_0; 1 drivers
v00000149b1447120_1 .net v00000149b1447120 1, 7 0, v00000149b14471c0_0; 1 drivers
v00000149b1447120_2 .net v00000149b1447120 2, 7 0, v00000149b1448a20_0; 1 drivers
v00000149b1447120_3 .net v00000149b1447120 3, 7 0, v00000149b1448de0_0; 1 drivers
v00000149b1447120_4 .net v00000149b1447120 4, 7 0, v00000149b1448520_0; 1 drivers
v00000149b1447120_5 .net v00000149b1447120 5, 7 0, v00000149b1447760_0; 1 drivers
v00000149b1447120_6 .net v00000149b1447120 6, 7 0, v00000149b14482a0_0; 1 drivers
v00000149b1447120_7 .net v00000149b1447120 7, 7 0, v00000149b14485c0_0; 1 drivers
v00000149b1447120_8 .net v00000149b1447120 8, 7 0, v00000149b1448160_0; 1 drivers
v00000149b1447120_9 .net v00000149b1447120 9, 7 0, v00000149b14492e0_0; 1 drivers
v00000149b1447120_10 .net v00000149b1447120 10, 7 0, v00000149b14487a0_0; 1 drivers
v00000149b1447120_11 .net v00000149b1447120 11, 7 0, v00000149b1447580_0; 1 drivers
v00000149b1447120_12 .net v00000149b1447120 12, 7 0, v00000149b1448700_0; 1 drivers
v00000149b1447120_13 .net v00000149b1447120 13, 7 0, v00000149b1449380_0; 1 drivers
v00000149b1447120_14 .net v00000149b1447120 14, 7 0, v00000149b1447300_0; 1 drivers
v00000149b1447120_15 .net v00000149b1447120 15, 7 0, v00000149b1449420_0; 1 drivers
v00000149b1448660_0 .net "state_in", 127 0, L_00000149b14aca70;  alias, 1 drivers
v00000149b14488e0_0 .var "state_out", 127 0;
L_00000149b14ac250 .part L_00000149b14aca70, 0, 8;
L_00000149b14ac930 .part L_00000149b14aca70, 8, 8;
L_00000149b14adbf0 .part L_00000149b14aca70, 16, 8;
L_00000149b14add30 .part L_00000149b14aca70, 24, 8;
L_00000149b14ae690 .part L_00000149b14aca70, 32, 8;
L_00000149b14ac390 .part L_00000149b14aca70, 40, 8;
L_00000149b14ae050 .part L_00000149b14aca70, 48, 8;
L_00000149b14ac890 .part L_00000149b14aca70, 56, 8;
L_00000149b14ac570 .part L_00000149b14aca70, 64, 8;
L_00000149b14ad0b0 .part L_00000149b14aca70, 72, 8;
L_00000149b14ae230 .part L_00000149b14aca70, 80, 8;
L_00000149b14ac6b0 .part L_00000149b14aca70, 88, 8;
L_00000149b14acf70 .part L_00000149b14aca70, 96, 8;
L_00000149b14ac9d0 .part L_00000149b14aca70, 104, 8;
L_00000149b14ad830 .part L_00000149b14aca70, 112, 8;
L_00000149b14ad510 .part L_00000149b14aca70, 120, 8;
S_00000149b144dd50 .scope generate, "SBOX_LOOP[0]" "SBOX_LOOP[0]" 20 14, 20 14 0, S_00000149b144dbc0;
 .timescale 0 0;
P_00000149b13927c0 .param/l "i" 0 20 14, +C4<00>;
S_00000149b144d260 .scope module, "sbox_inst" "sbox" 20 15, 21 1 0, S_00000149b144dd50;
 .timescale 0 0;
    .port_info 0 /INPUT 8 "a";
    .port_info 1 /OUTPUT 8 "c";
v00000149b14479e0_0 .net "a", 7 0, L_00000149b14ac250;  1 drivers
v00000149b1447e40_0 .var "c", 7 0;
E_00000149b1392300 .event anyedge, v00000149b14479e0_0;
S_00000149b144c770 .scope generate, "SBOX_LOOP[1]" "SBOX_LOOP[1]" 20 14, 20 14 0, S_00000149b144dbc0;
 .timescale 0 0;
P_00000149b1392f40 .param/l "i" 0 20 14, +C4<01>;
S_00000149b144d710 .scope module, "sbox_inst" "sbox" 20 15, 21 1 0, S_00000149b144c770;
 .timescale 0 0;
    .port_info 0 /INPUT 8 "a";
    .port_info 1 /OUTPUT 8 "c";
v00000149b1449060_0 .net "a", 7 0, L_00000149b14ac930;  1 drivers
v00000149b14471c0_0 .var "c", 7 0;
E_00000149b1392500 .event anyedge, v00000149b1449060_0;
S_00000149b144dee0 .scope generate, "SBOX_LOOP[2]" "SBOX_LOOP[2]" 20 14, 20 14 0, S_00000149b144dbc0;
 .timescale 0 0;
P_00000149b1392940 .param/l "i" 0 20 14, +C4<010>;
S_00000149b144c130 .scope module, "sbox_inst" "sbox" 20 15, 21 1 0, S_00000149b144dee0;
 .timescale 0 0;
    .port_info 0 /INPUT 8 "a";
    .port_info 1 /OUTPUT 8 "c";
v00000149b1449740_0 .net "a", 7 0, L_00000149b14adbf0;  1 drivers
v00000149b1448a20_0 .var "c", 7 0;
E_00000149b1392800 .event anyedge, v00000149b1449740_0;
S_00000149b144d3f0 .scope generate, "SBOX_LOOP[3]" "SBOX_LOOP[3]" 20 14, 20 14 0, S_00000149b144dbc0;
 .timescale 0 0;
P_00000149b1392680 .param/l "i" 0 20 14, +C4<011>;
S_00000149b144c900 .scope module, "sbox_inst" "sbox" 20 15, 21 1 0, S_00000149b144d3f0;
 .timescale 0 0;
    .port_info 0 /INPUT 8 "a";
    .port_info 1 /OUTPUT 8 "c";
v00000149b1448d40_0 .net "a", 7 0, L_00000149b14add30;  1 drivers
v00000149b1448de0_0 .var "c", 7 0;
E_00000149b1392340 .event anyedge, v00000149b1448d40_0;
S_00000149b144c2c0 .scope generate, "SBOX_LOOP[4]" "SBOX_LOOP[4]" 20 14, 20 14 0, S_00000149b144dbc0;
 .timescale 0 0;
P_00000149b1392880 .param/l "i" 0 20 14, +C4<0100>;
S_00000149b144cc20 .scope module, "sbox_inst" "sbox" 20 15, 21 1 0, S_00000149b144c2c0;
 .timescale 0 0;
    .port_info 0 /INPUT 8 "a";
    .port_info 1 /OUTPUT 8 "c";
v00000149b1447f80_0 .net "a", 7 0, L_00000149b14ae690;  1 drivers
v00000149b1448520_0 .var "c", 7 0;
E_00000149b1392a00 .event anyedge, v00000149b1447f80_0;
S_00000149b144c450 .scope generate, "SBOX_LOOP[5]" "SBOX_LOOP[5]" 20 14, 20 14 0, S_00000149b144dbc0;
 .timescale 0 0;
P_00000149b13928c0 .param/l "i" 0 20 14, +C4<0101>;
S_00000149b144c5e0 .scope module, "sbox_inst" "sbox" 20 15, 21 1 0, S_00000149b144c450;
 .timescale 0 0;
    .port_info 0 /INPUT 8 "a";
    .port_info 1 /OUTPUT 8 "c";
v00000149b14480c0_0 .net "a", 7 0, L_00000149b14ac390;  1 drivers
v00000149b1447760_0 .var "c", 7 0;
E_00000149b1392540 .event anyedge, v00000149b14480c0_0;
S_00000149b144ca90 .scope generate, "SBOX_LOOP[6]" "SBOX_LOOP[6]" 20 14, 20 14 0, S_00000149b144dbc0;
 .timescale 0 0;
P_00000149b1392b40 .param/l "i" 0 20 14, +C4<0110>;
S_00000149b144cdb0 .scope module, "sbox_inst" "sbox" 20 15, 21 1 0, S_00000149b144ca90;
 .timescale 0 0;
    .port_info 0 /INPUT 8 "a";
    .port_info 1 /OUTPUT 8 "c";
v00000149b1447260_0 .net "a", 7 0, L_00000149b14ae050;  1 drivers
v00000149b14482a0_0 .var "c", 7 0;
E_00000149b1392b80 .event anyedge, v00000149b1447260_0;
S_00000149b144cf40 .scope generate, "SBOX_LOOP[7]" "SBOX_LOOP[7]" 20 14, 20 14 0, S_00000149b144dbc0;
 .timescale 0 0;
P_00000149b1392bc0 .param/l "i" 0 20 14, +C4<0111>;
S_00000149b144d0d0 .scope module, "sbox_inst" "sbox" 20 15, 21 1 0, S_00000149b144cf40;
 .timescale 0 0;
    .port_info 0 /INPUT 8 "a";
    .port_info 1 /OUTPUT 8 "c";
v00000149b14494c0_0 .net "a", 7 0, L_00000149b14ac890;  1 drivers
v00000149b14485c0_0 .var "c", 7 0;
E_00000149b1392c00 .event anyedge, v00000149b14494c0_0;
S_00000149b144f720 .scope generate, "SBOX_LOOP[8]" "SBOX_LOOP[8]" 20 14, 20 14 0, S_00000149b144dbc0;
 .timescale 0 0;
P_00000149b1392ec0 .param/l "i" 0 20 14, +C4<01000>;
S_00000149b144e2d0 .scope module, "sbox_inst" "sbox" 20 15, 21 1 0, S_00000149b144f720;
 .timescale 0 0;
    .port_info 0 /INPUT 8 "a";
    .port_info 1 /OUTPUT 8 "c";
v00000149b1448340_0 .net "a", 7 0, L_00000149b14ac570;  1 drivers
v00000149b1448160_0 .var "c", 7 0;
E_00000149b1392c80 .event anyedge, v00000149b1448340_0;
S_00000149b144fef0 .scope generate, "SBOX_LOOP[9]" "SBOX_LOOP[9]" 20 14, 20 14 0, S_00000149b144dbc0;
 .timescale 0 0;
P_00000149b13921c0 .param/l "i" 0 20 14, +C4<01001>;
S_00000149b144f400 .scope module, "sbox_inst" "sbox" 20 15, 21 1 0, S_00000149b144fef0;
 .timescale 0 0;
    .port_info 0 /INPUT 8 "a";
    .port_info 1 /OUTPUT 8 "c";
v00000149b14497e0_0 .net "a", 7 0, L_00000149b14ad0b0;  1 drivers
v00000149b14492e0_0 .var "c", 7 0;
E_00000149b1392c40 .event anyedge, v00000149b14497e0_0;
S_00000149b144e460 .scope generate, "SBOX_LOOP[10]" "SBOX_LOOP[10]" 20 14, 20 14 0, S_00000149b144dbc0;
 .timescale 0 0;
P_00000149b1392a40 .param/l "i" 0 20 14, +C4<01010>;
S_00000149b144e5f0 .scope module, "sbox_inst" "sbox" 20 15, 21 1 0, S_00000149b144e460;
 .timescale 0 0;
    .port_info 0 /INPUT 8 "a";
    .port_info 1 /OUTPUT 8 "c";
v00000149b1447a80_0 .net "a", 7 0, L_00000149b14ae230;  1 drivers
v00000149b14487a0_0 .var "c", 7 0;
E_00000149b1392a80 .event anyedge, v00000149b1447a80_0;
S_00000149b144e780 .scope generate, "SBOX_LOOP[11]" "SBOX_LOOP[11]" 20 14, 20 14 0, S_00000149b144dbc0;
 .timescale 0 0;
P_00000149b1392cc0 .param/l "i" 0 20 14, +C4<01011>;
S_00000149b144eaa0 .scope module, "sbox_inst" "sbox" 20 15, 21 1 0, S_00000149b144e780;
 .timescale 0 0;
    .port_info 0 /INPUT 8 "a";
    .port_info 1 /OUTPUT 8 "c";
v00000149b1447b20_0 .net "a", 7 0, L_00000149b14ac6b0;  1 drivers
v00000149b1447580_0 .var "c", 7 0;
E_00000149b1392640 .event anyedge, v00000149b1447b20_0;
S_00000149b144ec30 .scope generate, "SBOX_LOOP[12]" "SBOX_LOOP[12]" 20 14, 20 14 0, S_00000149b144dbc0;
 .timescale 0 0;
P_00000149b1392580 .param/l "i" 0 20 14, +C4<01100>;
S_00000149b144e910 .scope module, "sbox_inst" "sbox" 20 15, 21 1 0, S_00000149b144ec30;
 .timescale 0 0;
    .port_info 0 /INPUT 8 "a";
    .port_info 1 /OUTPUT 8 "c";
v00000149b1448e80_0 .net "a", 7 0, L_00000149b14acf70;  1 drivers
v00000149b1448700_0 .var "c", 7 0;
E_00000149b1392600 .event anyedge, v00000149b1448e80_0;
S_00000149b144edc0 .scope generate, "SBOX_LOOP[13]" "SBOX_LOOP[13]" 20 14, 20 14 0, S_00000149b144dbc0;
 .timescale 0 0;
P_00000149b1392dc0 .param/l "i" 0 20 14, +C4<01101>;
S_00000149b144e140 .scope module, "sbox_inst" "sbox" 20 15, 21 1 0, S_00000149b144edc0;
 .timescale 0 0;
    .port_info 0 /INPUT 8 "a";
    .port_info 1 /OUTPUT 8 "c";
v00000149b1448fc0_0 .net "a", 7 0, L_00000149b14ac9d0;  1 drivers
v00000149b1449380_0 .var "c", 7 0;
E_00000149b1392d00 .event anyedge, v00000149b1448fc0_0;
S_00000149b144ef50 .scope generate, "SBOX_LOOP[14]" "SBOX_LOOP[14]" 20 14, 20 14 0, S_00000149b144dbc0;
 .timescale 0 0;
P_00000149b1392440 .param/l "i" 0 20 14, +C4<01110>;
S_00000149b144f590 .scope module, "sbox_inst" "sbox" 20 15, 21 1 0, S_00000149b144ef50;
 .timescale 0 0;
    .port_info 0 /INPUT 8 "a";
    .port_info 1 /OUTPUT 8 "c";
v00000149b1448480_0 .net "a", 7 0, L_00000149b14ad830;  1 drivers
v00000149b1447300_0 .var "c", 7 0;
E_00000149b1392e00 .event anyedge, v00000149b1448480_0;
S_00000149b144fd60 .scope generate, "SBOX_LOOP[15]" "SBOX_LOOP[15]" 20 14, 20 14 0, S_00000149b144dbc0;
 .timescale 0 0;
P_00000149b1393040 .param/l "i" 0 20 14, +C4<01111>;
S_00000149b144f0e0 .scope module, "sbox_inst" "sbox" 20 15, 21 1 0, S_00000149b144fd60;
 .timescale 0 0;
    .port_info 0 /INPUT 8 "a";
    .port_info 1 /OUTPUT 8 "c";
v00000149b1447c60_0 .net "a", 7 0, L_00000149b14ad510;  1 drivers
v00000149b1449420_0 .var "c", 7 0;
E_00000149b1392f80 .event anyedge, v00000149b1447c60_0;
S_00000149b144f8b0 .scope module, "SystemController_Pipeline_inst" "SystemController_Pipeline" 2 112, 22 1 0, S_00000149b1039da0;
 .timescale 0 0;
    .port_info 0 /INPUT 1 "clk";
    .port_info 1 /INPUT 1 "rst_n";
    .port_info 2 /INPUT 1 "done_kl";
    .port_info 3 /INPUT 1 "ready_new_input_pc";
    .port_info 4 /INPUT 1 "ready_new_key_pc";
    .port_info 5 /INPUT 1 "ctvalid_pc";
    .port_info 6 /INPUT 1 "keynewinput_if";
    .port_info 7 /INPUT 1 "keyrd_if";
    .port_info 8 /INPUT 1 "datard_if";
    .port_info 9 /OUTPUT 1 "readdata";
    .port_info 10 /OUTPUT 2 "addr_data";
    .port_info 11 /OUTPUT 1 "readkey";
    .port_info 12 /OUTPUT 1 "ready_new_input";
    .port_info 13 /OUTPUT 1 "ready_new_key";
    .port_info 14 /OUTPUT 1 "ctvalid";
    .port_info 15 /OUTPUT 1 "src_sbox";
    .port_info 16 /OUTPUT 1 "Key_rd_kl";
    .port_info 17 /OUTPUT 1 "data_rd_pc";
P_00000149b144f270 .param/l "DONE" 1 22 34, +C4<00000000000000000000000000000110>;
P_00000149b144f2a8 .param/l "IDLE" 1 22 28, +C4<00000000000000000000000000000000>;
P_00000149b144f2e0 .param/l "KEY_EX_COM" 1 22 30, +C4<00000000000000000000000000000010>;
P_00000149b144f318 .param/l "KEY_EX_START" 1 22 29, +C4<00000000000000000000000000000001>;
P_00000149b144f350 .param/l "LOAD_DATA" 1 22 32, +C4<00000000000000000000000000000100>;
P_00000149b144f388 .param/l "PCORE_COM" 1 22 33, +C4<00000000000000000000000000000101>;
P_00000149b144f3c0 .param/l "PCORE_START" 1 22 31, +C4<00000000000000000000000000000011>;
L_00000149b14b0950 .functor BUFZ 1, L_00000149b14af610, C4<0>, C4<0>, C4<0>;
v00000149b1448980_0 .var "Key_rd_kl", 0 0;
v00000149b1447620_0 .var "addr_data", 1 0;
v00000149b1448ac0_0 .net "clk", 0 0, o00000149b13e2178;  alias, 0 drivers
v00000149b1448b60_0 .var "cnt_data", 1 0;
v00000149b1448f20_0 .net "ctvalid", 0 0, L_00000149b14b0950;  alias, 1 drivers
v00000149b14476c0_0 .net "ctvalid_pc", 0 0, L_00000149b14af610;  alias, 1 drivers
v00000149b1447800_0 .var "data_rd_pc", 0 0;
v00000149b1449f60_0 .net "datard_if", 0 0, v00000149b11e8430_0;  alias, 1 drivers
v00000149b1449d80_0 .net "done_kl", 0 0, v00000149b11e4bf0_0;  alias, 1 drivers
v00000149b144a000_0 .net "keynewinput_if", 0 0, v00000149b11e64f0_0;  alias, 1 drivers
v00000149b1449920_0 .net "keyrd_if", 0 0, v00000149b11e61d0_0;  alias, 1 drivers
v00000149b1449e20_0 .var "next_state", 2 0;
v00000149b1449c40_0 .var "readdata", 0 0;
v00000149b14499c0_0 .var "readkey", 0 0;
v00000149b1449ec0_0 .var "ready_new_input", 0 0;
v00000149b1449a60_0 .net "ready_new_input_pc", 0 0, L_00000149b14b0cd0;  alias, 1 drivers
v00000149b1449ce0_0 .var "ready_new_key", 0 0;
v00000149b1449b00_0 .net "ready_new_key_pc", 0 0, L_00000149b14adfb0;  alias, 1 drivers
v00000149b1449ba0_0 .net "rst_n", 0 0, o00000149b13e2388;  alias, 0 drivers
v00000149b1452640_0 .var "src_sbox", 0 0;
v00000149b14526e0_0 .var "state", 2 0;
E_00000149b1392fc0 .event anyedge, v00000149b14526e0_0, v00000149b11e82f0_0, v00000149b1448b60_0;
E_00000149b1393000/0 .event anyedge, v00000149b14526e0_0, v00000149b11e64f0_0, v00000149b11e61d0_0, v00000149b1448b60_0;
E_00000149b1393000/1 .event anyedge, v00000149b11e4bf0_0, v00000149b11e82f0_0, v00000149b1448c00_0;
E_00000149b1393000 .event/or E_00000149b1393000/0, E_00000149b1393000/1;
    .scope S_00000149b1039f30;
T_0 ;
    %wait E_00000149b1393100;
    %load/vec4 v00000149b11e50f0_0;
    %inv;
    %flag_set/vec4 8;
    %jmp/0xz  T_0.0, 8;
    %pushi/vec4 0, 0, 128;
    %assign/vec4 v00000149b11e7cb0_0, 0;
    %pushi/vec4 0, 0, 128;
    %ix/load 3, 0, 0;
    %flag_set/imm 4, 0;
    %ix/load 4, 0, 0; Constant delay
    %assign/vec4/a/d v00000149b11e7c10, 0, 4;
    %pushi/vec4 0, 0, 128;
    %ix/load 3, 1, 0;
    %flag_set/imm 4, 0;
    %ix/load 4, 0, 0; Constant delay
    %assign/vec4/a/d v00000149b11e7c10, 0, 4;
    %pushi/vec4 0, 0, 2;
    %assign/vec4 v00000149b11e7a30_0, 0;
    %jmp T_0.1;
T_0.0 ;
    %load/vec4 v00000149b11e69f0_0;
    %flag_set/vec4 8;
    %jmp/0xz  T_0.2, 8;
    %load/vec4 v00000149b11e7cb0_0;
    %load/vec4 v00000149b11e84d0_0;
    %cmp/ne;
    %jmp/0xz  T_0.4, 4;
    %pushi/vec4 1, 0, 1;
    %assign/vec4 v00000149b11e61d0_0, 0;
    %load/vec4 v00000149b11e84d0_0;
    %assign/vec4 v00000149b11e7cb0_0, 0;
    %pushi/vec4 1, 0, 1;
    %assign/vec4 v00000149b11e64f0_0, 0;
    %pushi/vec4 0, 0, 1;
    %assign/vec4 v00000149b11e8430_0, 0;
T_0.4 ;
    %jmp T_0.3;
T_0.2 ;
    %load/vec4 v00000149b11e6bd0_0;
    %flag_set/vec4 8;
    %jmp/0xz  T_0.6, 8;
    %load/vec4 v00000149b11e84d0_0;
    %load/vec4 v00000149b11e7cb0_0;
    %xor;
    %load/vec4 v00000149b11e7a30_0;
    %pad/u 3;
    %ix/vec4 3;
    %ix/load 4, 0, 0; Constant delay
    %assign/vec4/a/d v00000149b11e7c10, 0, 4;
    %pushi/vec4 1, 0, 1;
    %assign/vec4 v00000149b11e8430_0, 0;
    %pushi/vec4 0, 0, 1;
    %assign/vec4 v00000149b11e61d0_0, 0;
    %load/vec4 v00000149b11e7a30_0;
    %addi 1, 0, 2;
    %assign/vec4 v00000149b11e7a30_0, 0;
    %jmp T_0.7;
T_0.6 ;
    %load/vec4 v00000149b11e7a30_0;
    %pad/u 32;
    %cmpi/e 2, 0, 32;
    %jmp/0xz  T_0.8, 4;
    %pushi/vec4 0, 0, 2;
    %assign/vec4 v00000149b11e7a30_0, 0;
T_0.8 ;
    %pushi/vec4 0, 0, 1;
    %assign/vec4 v00000149b11e61d0_0, 0;
    %pushi/vec4 0, 0, 1;
    %assign/vec4 v00000149b11e8430_0, 0;
    %pushi/vec4 0, 0, 1;
    %assign/vec4 v00000149b11e64f0_0, 0;
T_0.7 ;
T_0.3 ;
T_0.1 ;
    %jmp T_0;
    .thread T_0;
    .scope S_00000149b1039f30;
T_1 ;
    %wait E_00000149b1393100;
    %load/vec4 v00000149b11e50f0_0;
    %nor/r;
    %flag_set/vec4 8;
    %jmp/0xz  T_1.0, 8;
    %pushi/vec4 0, 0, 128;
    %assign/vec4 v00000149b11e8110_0, 0;
    %jmp T_1.1;
T_1.0 ;
    %load/vec4 v00000149b11e7670_0;
    %assign/vec4 v00000149b11e8110_0, 0;
T_1.1 ;
    %jmp T_1;
    .thread T_1;
    .scope S_00000149b10321d0;
T_2 ;
    %wait E_00000149b1393100;
    %load/vec4 v00000149b1424450_0;
    %nor/r;
    %flag_set/vec4 8;
    %jmp/0xz  T_2.0, 8;
    %pushi/vec4 0, 0, 32;
    %store/vec4 v00000149b1423cd0_0, 0, 32;
T_2.2 ;
    %load/vec4 v00000149b1423cd0_0;
    %cmpi/s 11, 0, 32;
    %jmp/0xz T_2.3, 5;
    %pushi/vec4 0, 0, 128;
    %ix/getv/s 3, v00000149b1423cd0_0;
    %ix/load 4, 0, 0; Constant delay
    %assign/vec4/a/d v00000149b14230f0, 0, 4;
    %load/vec4 v00000149b1423cd0_0;
    %addi 1, 0, 32;
    %store/vec4 v00000149b1423cd0_0, 0, 32;
    %jmp T_2.2;
T_2.3 ;
    %jmp T_2.1;
T_2.0 ;
    %load/vec4 v00000149b1423b90_0;
    %flag_set/vec4 8;
    %jmp/0xz  T_2.4, 8;
    %load/vec4 v00000149b1422b50_0;
    %load/vec4 v00000149b1423d70_0;
    %pad/u 5;
    %ix/vec4 3;
    %ix/load 4, 0, 0; Constant delay
    %assign/vec4/a/d v00000149b14230f0, 0, 4;
T_2.4 ;
T_2.1 ;
    %jmp T_2;
    .thread T_2;
    .scope S_00000149b10119e0;
T_3 ;
    %wait E_00000149b1392400;
    %load/vec4 v00000149b1422f10_0;
    %dup/vec4;
    %pushi/vec4 1, 0, 4;
    %cmp/u;
    %jmp/1 T_3.0, 6;
    %dup/vec4;
    %pushi/vec4 2, 0, 4;
    %cmp/u;
    %jmp/1 T_3.1, 6;
    %dup/vec4;
    %pushi/vec4 3, 0, 4;
    %cmp/u;
    %jmp/1 T_3.2, 6;
    %dup/vec4;
    %pushi/vec4 4, 0, 4;
    %cmp/u;
    %jmp/1 T_3.3, 6;
    %dup/vec4;
    %pushi/vec4 5, 0, 4;
    %cmp/u;
    %jmp/1 T_3.4, 6;
    %dup/vec4;
    %pushi/vec4 6, 0, 4;
    %cmp/u;
    %jmp/1 T_3.5, 6;
    %dup/vec4;
    %pushi/vec4 7, 0, 4;
    %cmp/u;
    %jmp/1 T_3.6, 6;
    %dup/vec4;
    %pushi/vec4 8, 0, 4;
    %cmp/u;
    %jmp/1 T_3.7, 6;
    %dup/vec4;
    %pushi/vec4 9, 0, 4;
    %cmp/u;
    %jmp/1 T_3.8, 6;
    %dup/vec4;
    %pushi/vec4 10, 0, 4;
    %cmp/u;
    %jmp/1 T_3.9, 6;
    %pushi/vec4 0, 0, 32;
    %store/vec4 v00000149b1424090_0, 0, 32;
    %jmp T_3.11;
T_3.0 ;
    %pushi/vec4 16777216, 0, 32;
    %store/vec4 v00000149b1424090_0, 0, 32;
    %jmp T_3.11;
T_3.1 ;
    %pushi/vec4 33554432, 0, 32;
    %store/vec4 v00000149b1424090_0, 0, 32;
    %jmp T_3.11;
T_3.2 ;
    %pushi/vec4 67108864, 0, 32;
    %store/vec4 v00000149b1424090_0, 0, 32;
    %jmp T_3.11;
T_3.3 ;
    %pushi/vec4 134217728, 0, 32;
    %store/vec4 v00000149b1424090_0, 0, 32;
    %jmp T_3.11;
T_3.4 ;
    %pushi/vec4 268435456, 0, 32;
    %store/vec4 v00000149b1424090_0, 0, 32;
    %jmp T_3.11;
T_3.5 ;
    %pushi/vec4 536870912, 0, 32;
    %store/vec4 v00000149b1424090_0, 0, 32;
    %jmp T_3.11;
T_3.6 ;
    %pushi/vec4 1073741824, 0, 32;
    %store/vec4 v00000149b1424090_0, 0, 32;
    %jmp T_3.11;
T_3.7 ;
    %pushi/vec4 2147483648, 0, 32;
    %store/vec4 v00000149b1424090_0, 0, 32;
    %jmp T_3.11;
T_3.8 ;
    %pushi/vec4 452984832, 0, 32;
    %store/vec4 v00000149b1424090_0, 0, 32;
    %jmp T_3.11;
T_3.9 ;
    %pushi/vec4 905969664, 0, 32;
    %store/vec4 v00000149b1424090_0, 0, 32;
    %jmp T_3.11;
T_3.11 ;
    %pop/vec4 1;
    %jmp T_3;
    .thread T_3, $push;
    .scope S_00000149b1031eb0;
T_4 ;
    %wait E_00000149b1392d40;
    %load/vec4 v00000149b1041970_0;
    %dup/vec4;
    %pushi/vec4 0, 0, 3;
    %cmp/u;
    %jmp/1 T_4.0, 6;
    %dup/vec4;
    %pushi/vec4 1, 0, 3;
    %cmp/u;
    %jmp/1 T_4.1, 6;
    %dup/vec4;
    %pushi/vec4 2, 0, 3;
    %cmp/u;
    %jmp/1 T_4.2, 6;
    %dup/vec4;
    %pushi/vec4 3, 0, 3;
    %cmp/u;
    %jmp/1 T_4.3, 6;
    %dup/vec4;
    %pushi/vec4 4, 0, 3;
    %cmp/u;
    %jmp/1 T_4.4, 6;
    %pushi/vec4 0, 0, 3;
    %store/vec4 v00000149b11e5a50_0, 0, 3;
    %jmp T_4.6;
T_4.0 ;
    %load/vec4 v00000149b11e6c70_0;
    %flag_set/vec4 8;
    %jmp/0 T_4.7, 8;
    %pushi/vec4 2, 0, 32;
    %jmp/1 T_4.8, 8;
T_4.7 ; End of true expr.
    %pushi/vec4 0, 0, 32;
    %jmp/0 T_4.8, 8;
 ; End of false expr.
    %blend;
T_4.8;
    %pad/s 3;
    %store/vec4 v00000149b11e5a50_0, 0, 3;
    %jmp T_4.6;
T_4.1 ;
    %pushi/vec4 2, 0, 3;
    %store/vec4 v00000149b11e5a50_0, 0, 3;
    %jmp T_4.6;
T_4.2 ;
    %pushi/vec4 3, 0, 3;
    %store/vec4 v00000149b11e5a50_0, 0, 3;
    %jmp T_4.6;
T_4.3 ;
    %load/vec4 v00000149b1041ab0_0;
    %pad/u 32;
    %cmpi/e 10, 0, 32;
    %flag_mov 8, 4;
    %jmp/0 T_4.9, 8;
    %pushi/vec4 4, 0, 32;
    %jmp/1 T_4.10, 8;
T_4.9 ; End of true expr.
    %pushi/vec4 2, 0, 32;
    %jmp/0 T_4.10, 8;
 ; End of false expr.
    %blend;
T_4.10;
    %pad/s 3;
    %store/vec4 v00000149b11e5a50_0, 0, 3;
    %jmp T_4.6;
T_4.4 ;
    %pushi/vec4 0, 0, 3;
    %store/vec4 v00000149b11e5a50_0, 0, 3;
    %jmp T_4.6;
T_4.6 ;
    %pop/vec4 1;
    %jmp T_4;
    .thread T_4, $push;
    .scope S_00000149b1031eb0;
T_5 ;
    %wait E_00000149b1393100;
    %load/vec4 v00000149b1041b50_0;
    %inv;
    %flag_set/vec4 8;
    %jmp/0xz  T_5.0, 8;
    %pushi/vec4 0, 0, 3;
    %assign/vec4 v00000149b1041970_0, 0;
    %jmp T_5.1;
T_5.0 ;
    %load/vec4 v00000149b11e5a50_0;
    %assign/vec4 v00000149b1041970_0, 0;
T_5.1 ;
    %jmp T_5;
    .thread T_5;
    .scope S_00000149b1031eb0;
T_6 ;
    %wait E_00000149b1393100;
    %load/vec4 v00000149b1041b50_0;
    %inv;
    %flag_set/vec4 8;
    %jmp/0xz  T_6.0, 8;
    %pushi/vec4 0, 0, 1;
    %assign/vec4 v00000149b11e4bf0_0, 0;
    %pushi/vec4 0, 0, 1;
    %assign/vec4 v00000149b11e6db0_0, 0;
    %pushi/vec4 0, 0, 1;
    %assign/vec4 v00000149b1181680_0, 0;
    %pushi/vec4 0, 0, 1;
    %assign/vec4 v00000149b1040930_0, 0;
    %pushi/vec4 0, 0, 4;
    %assign/vec4 v00000149b1041150_0, 0;
    %pushi/vec4 0, 0, 4;
    %assign/vec4 v00000149b11e6d10_0, 0;
    %pushi/vec4 0, 0, 4;
    %assign/vec4 v00000149b1041ab0_0, 0;
    %jmp T_6.1;
T_6.0 ;
    %pushi/vec4 0, 0, 1;
    %assign/vec4 v00000149b11e4bf0_0, 0;
    %pushi/vec4 0, 0, 1;
    %assign/vec4 v00000149b11e6db0_0, 0;
    %pushi/vec4 0, 0, 1;
    %assign/vec4 v00000149b1181680_0, 0;
    %pushi/vec4 0, 0, 1;
    %assign/vec4 v00000149b1040930_0, 0;
    %load/vec4 v00000149b1041970_0;
    %dup/vec4;
    %pushi/vec4 0, 0, 3;
    %cmp/u;
    %jmp/1 T_6.2, 6;
    %dup/vec4;
    %pushi/vec4 1, 0, 3;
    %cmp/u;
    %jmp/1 T_6.3, 6;
    %dup/vec4;
    %pushi/vec4 2, 0, 3;
    %cmp/u;
    %jmp/1 T_6.4, 6;
    %dup/vec4;
    %pushi/vec4 3, 0, 3;
    %cmp/u;
    %jmp/1 T_6.5, 6;
    %dup/vec4;
    %pushi/vec4 4, 0, 3;
    %cmp/u;
    %jmp/1 T_6.6, 6;
    %jmp T_6.8;
T_6.2 ;
    %load/vec4 v00000149b11e4ab0_0;
    %assign/vec4 v00000149b11e6d10_0, 0;
    %load/vec4 v00000149b11e6c70_0;
    %flag_set/vec4 8;
    %jmp/0 T_6.9, 8;
    %pushi/vec4 1, 0, 2;
    %jmp/1 T_6.10, 8;
T_6.9 ; End of true expr.
    %pushi/vec4 0, 0, 2;
    %jmp/0 T_6.10, 8;
 ; End of false expr.
    %blend;
T_6.10;
    %pad/s 1;
    %assign/vec4 v00000149b1040930_0, 0;
    %load/vec4 v00000149b11e6c70_0;
    %flag_set/vec4 8;
    %jmp/0 T_6.11, 8;
    %pushi/vec4 1, 0, 2;
    %jmp/1 T_6.12, 8;
T_6.11 ; End of true expr.
    %pushi/vec4 0, 0, 2;
    %jmp/0 T_6.12, 8;
 ; End of false expr.
    %blend;
T_6.12;
    %pad/s 1;
    %assign/vec4 v00000149b1181680_0, 0;
    %pushi/vec4 0, 0, 4;
    %assign/vec4 v00000149b1041ab0_0, 0;
    %pushi/vec4 0, 0, 4;
    %assign/vec4 v00000149b1041150_0, 0;
    %jmp T_6.8;
T_6.3 ;
    %pushi/vec4 0, 0, 4;
    %assign/vec4 v00000149b1041ab0_0, 0;
    %pushi/vec4 0, 0, 4;
    %assign/vec4 v00000149b1041150_0, 0;
    %pushi/vec4 0, 0, 4;
    %assign/vec4 v00000149b11e6d10_0, 0;
    %jmp T_6.8;
T_6.4 ;
    %load/vec4 v00000149b1041ab0_0;
    %assign/vec4 v00000149b11e6d10_0, 0;
    %jmp T_6.8;
T_6.5 ;
    %pushi/vec4 1, 0, 1;
    %assign/vec4 v00000149b1181680_0, 0;
    %load/vec4 v00000149b1041ab0_0;
    %addi 1, 0, 4;
    %assign/vec4 v00000149b1041ab0_0, 0;
    %load/vec4 v00000149b1041150_0;
    %addi 1, 0, 4;
    %assign/vec4 v00000149b1041150_0, 0;
    %jmp T_6.8;
T_6.6 ;
    %pushi/vec4 1, 0, 1;
    %assign/vec4 v00000149b11e4bf0_0, 0;
    %jmp T_6.8;
T_6.8 ;
    %pop/vec4 1;
T_6.1 ;
    %jmp T_6;
    .thread T_6;
    .scope S_00000149b100c390;
T_7 ;
    %wait E_00000149b1393100;
    %load/vec4 v00000149b1443e80_0;
    %inv;
    %flag_set/vec4 8;
    %jmp/0xz  T_7.0, 8;
    %pushi/vec4 0, 0, 128;
    %assign/vec4 v00000149b1443700_0, 0;
    %jmp T_7.1;
T_7.0 ;
    %load/vec4 v00000149b1443d40_0;
    %assign/vec4 v00000149b1443700_0, 0;
T_7.1 ;
    %jmp T_7;
    .thread T_7;
    .scope S_00000149b144d580;
T_8 ;
    %wait E_00000149b1393100;
    %load/vec4 v00000149b1445140_0;
    %inv;
    %flag_set/vec4 8;
    %jmp/0xz  T_8.0, 8;
    %pushi/vec4 0, 0, 128;
    %ix/load 3, 0, 0;
    %flag_set/imm 4, 0;
    %ix/load 4, 0, 0; Constant delay
    %assign/vec4/a/d v00000149b14464a0, 0, 4;
    %pushi/vec4 0, 0, 128;
    %ix/load 3, 1, 0;
    %flag_set/imm 4, 0;
    %ix/load 4, 0, 0; Constant delay
    %assign/vec4/a/d v00000149b14464a0, 0, 4;
    %jmp T_8.1;
T_8.0 ;
    %load/vec4 v00000149b1446860_0;
    %flag_set/vec4 8;
    %jmp/0xz  T_8.2, 8;
    %load/vec4 v00000149b14450a0_0;
    %load/vec4 v00000149b14465e0_0;
    %pad/u 3;
    %ix/vec4 3;
    %ix/load 4, 0, 0; Constant delay
    %assign/vec4/a/d v00000149b14464a0, 0, 4;
T_8.2 ;
T_8.1 ;
    %jmp T_8;
    .thread T_8;
    .scope S_00000149b144d8a0;
T_9 ;
    %wait E_00000149b1392280;
    %load/vec4 v00000149b1444e20_0;
    %dup/vec4;
    %pushi/vec4 0, 0, 3;
    %cmp/u;
    %jmp/1 T_9.0, 6;
    %dup/vec4;
    %pushi/vec4 1, 0, 3;
    %cmp/u;
    %jmp/1 T_9.1, 6;
    %dup/vec4;
    %pushi/vec4 2, 0, 3;
    %cmp/u;
    %jmp/1 T_9.2, 6;
    %dup/vec4;
    %pushi/vec4 3, 0, 3;
    %cmp/u;
    %jmp/1 T_9.3, 6;
    %dup/vec4;
    %pushi/vec4 4, 0, 3;
    %cmp/u;
    %jmp/1 T_9.4, 6;
    %pushi/vec4 0, 0, 3;
    %store/vec4 v00000149b1445960_0, 0, 3;
    %jmp T_9.6;
T_9.0 ;
    %load/vec4 v00000149b1445d20_0;
    %load/vec4 v00000149b14449c0_0;
    %inv;
    %pushi/vec4 0, 0, 2;
    %cmp/ne;
    %flag_get/vec4 4;
    %and;
    %flag_set/vec4 8;
    %jmp/0xz  T_9.7, 8;
    %pushi/vec4 1, 0, 3;
    %store/vec4 v00000149b1445960_0, 0, 3;
    %jmp T_9.8;
T_9.7 ;
    %pushi/vec4 0, 0, 3;
    %store/vec4 v00000149b1445960_0, 0, 3;
T_9.8 ;
    %jmp T_9.6;
T_9.1 ;
    %pushi/vec4 2, 0, 3;
    %store/vec4 v00000149b1445960_0, 0, 3;
    %jmp T_9.6;
T_9.2 ;
    %pushi/vec4 3, 0, 3;
    %store/vec4 v00000149b1445960_0, 0, 3;
    %jmp T_9.6;
T_9.3 ;
    %load/vec4 v00000149b14456e0_0;
    %pad/u 32;
    %cmpi/e 10, 0, 32;
    %flag_mov 8, 4;
    %jmp/0 T_9.9, 8;
    %pushi/vec4 4, 0, 32;
    %jmp/1 T_9.10, 8;
T_9.9 ; End of true expr.
    %pushi/vec4 2, 0, 32;
    %jmp/0 T_9.10, 8;
 ; End of false expr.
    %blend;
T_9.10;
    %pad/s 3;
    %store/vec4 v00000149b1445960_0, 0, 3;
    %jmp T_9.6;
T_9.4 ;
    %pushi/vec4 0, 0, 3;
    %store/vec4 v00000149b1445960_0, 0, 3;
    %jmp T_9.6;
T_9.6 ;
    %pop/vec4 1;
    %jmp T_9;
    .thread T_9, $push;
    .scope S_00000149b144d8a0;
T_10 ;
    %wait E_00000149b1392480;
    %load/vec4 v00000149b1445be0_0;
    %dup/vec4;
    %pushi/vec4 0, 0, 3;
    %cmp/u;
    %jmp/1 T_10.0, 6;
    %dup/vec4;
    %pushi/vec4 1, 0, 3;
    %cmp/u;
    %jmp/1 T_10.1, 6;
    %dup/vec4;
    %pushi/vec4 2, 0, 3;
    %cmp/u;
    %jmp/1 T_10.2, 6;
    %dup/vec4;
    %pushi/vec4 3, 0, 3;
    %cmp/u;
    %jmp/1 T_10.3, 6;
    %dup/vec4;
    %pushi/vec4 4, 0, 3;
    %cmp/u;
    %jmp/1 T_10.4, 6;
    %pushi/vec4 0, 0, 3;
    %store/vec4 v00000149b1446220_0, 0, 3;
    %jmp T_10.6;
T_10.0 ;
    %load/vec4 v00000149b1445d20_0;
    %load/vec4 v00000149b14449c0_0;
    %pushi/vec4 0, 0, 2;
    %cmp/ne;
    %flag_get/vec4 4;
    %and;
    %flag_set/vec4 8;
    %jmp/0xz  T_10.7, 8;
    %pushi/vec4 1, 0, 3;
    %store/vec4 v00000149b1446220_0, 0, 3;
    %jmp T_10.8;
T_10.7 ;
    %pushi/vec4 0, 0, 3;
    %store/vec4 v00000149b1446220_0, 0, 3;
T_10.8 ;
    %jmp T_10.6;
T_10.1 ;
    %load/vec4 v00000149b1444e20_0;
    %pad/u 32;
    %cmpi/e 2, 0, 32;
    %flag_mov 8, 4;
    %jmp/0 T_10.9, 8;
    %pushi/vec4 2, 0, 32;
    %jmp/1 T_10.10, 8;
T_10.9 ; End of true expr.
    %pushi/vec4 1, 0, 32;
    %jmp/0 T_10.10, 8;
 ; End of false expr.
    %blend;
T_10.10;
    %pad/s 3;
    %store/vec4 v00000149b1446220_0, 0, 3;
    %jmp T_10.6;
T_10.2 ;
    %pushi/vec4 3, 0, 3;
    %store/vec4 v00000149b1446220_0, 0, 3;
    %jmp T_10.6;
T_10.3 ;
    %load/vec4 v00000149b1446a40_0;
    %pad/u 32;
    %cmpi/e 10, 0, 32;
    %flag_mov 8, 4;
    %jmp/0 T_10.11, 8;
    %pushi/vec4 4, 0, 32;
    %jmp/1 T_10.12, 8;
T_10.11 ; End of true expr.
    %pushi/vec4 2, 0, 32;
    %jmp/0 T_10.12, 8;
 ; End of false expr.
    %blend;
T_10.12;
    %pad/s 3;
    %store/vec4 v00000149b1446220_0, 0, 3;
    %jmp T_10.6;
T_10.4 ;
    %pushi/vec4 0, 0, 3;
    %store/vec4 v00000149b1446220_0, 0, 3;
    %jmp T_10.6;
T_10.6 ;
    %pop/vec4 1;
    %jmp T_10;
    .thread T_10, $push;
    .scope S_00000149b144d8a0;
T_11 ;
    %wait E_00000149b1393100;
    %load/vec4 v00000149b1444ec0_0;
    %inv;
    %flag_set/vec4 8;
    %jmp/0xz  T_11.0, 8;
    %pushi/vec4 0, 0, 3;
    %assign/vec4 v00000149b1444e20_0, 0;
    %jmp T_11.1;
T_11.0 ;
    %load/vec4 v00000149b1445960_0;
    %assign/vec4 v00000149b1444e20_0, 0;
T_11.1 ;
    %jmp T_11;
    .thread T_11;
    .scope S_00000149b144d8a0;
T_12 ;
    %wait E_00000149b1393100;
    %load/vec4 v00000149b1444ec0_0;
    %inv;
    %flag_set/vec4 8;
    %jmp/0xz  T_12.0, 8;
    %pushi/vec4 0, 0, 3;
    %assign/vec4 v00000149b1445be0_0, 0;
    %jmp T_12.1;
T_12.0 ;
    %load/vec4 v00000149b1446220_0;
    %assign/vec4 v00000149b1445be0_0, 0;
T_12.1 ;
    %jmp T_12;
    .thread T_12;
    .scope S_00000149b144d8a0;
T_13 ;
    %wait E_00000149b1393100;
    %load/vec4 v00000149b1444ec0_0;
    %inv;
    %flag_set/vec4 8;
    %jmp/0xz  T_13.0, 8;
    %pushi/vec4 0, 0, 2;
    %assign/vec4 v00000149b14449c0_0, 0;
    %jmp T_13.1;
T_13.0 ;
    %load/vec4 v00000149b1445d20_0;
    %flag_set/vec4 8;
    %jmp/0xz  T_13.2, 8;
    %load/vec4 v00000149b14449c0_0;
    %addi 1, 0, 2;
    %assign/vec4 v00000149b14449c0_0, 0;
T_13.2 ;
    %load/vec4 v00000149b14449c0_0;
    %pad/u 32;
    %cmpi/e 2, 0, 32;
    %jmp/0xz  T_13.4, 4;
    %pushi/vec4 0, 0, 2;
    %assign/vec4 v00000149b14449c0_0, 0;
T_13.4 ;
T_13.1 ;
    %jmp T_13;
    .thread T_13;
    .scope S_00000149b144d8a0;
T_14 ;
    %wait E_00000149b1393100;
    %load/vec4 v00000149b1444ec0_0;
    %inv;
    %flag_set/vec4 8;
    %jmp/0xz  T_14.0, 8;
    %pushi/vec4 1, 0, 4;
    %assign/vec4 v00000149b14456e0_0, 0;
    %pushi/vec4 1, 0, 4;
    %assign/vec4 v00000149b1446a40_0, 0;
    %pushi/vec4 1, 0, 4;
    %assign/vec4 v00000149b1445820_0, 0;
    %jmp T_14.1;
T_14.0 ;
    %load/vec4 v00000149b1444e20_0;
    %pad/u 32;
    %cmpi/e 0, 0, 32;
    %jmp/0xz  T_14.2, 4;
    %pushi/vec4 1, 0, 4;
    %assign/vec4 v00000149b14456e0_0, 0;
T_14.2 ;
    %load/vec4 v00000149b1444e20_0;
    %pad/u 32;
    %cmpi/e 2, 0, 32;
    %jmp/0xz  T_14.4, 4;
    %load/vec4 v00000149b14456e0_0;
    %addi 1, 0, 4;
    %assign/vec4 v00000149b14456e0_0, 0;
    %load/vec4 v00000149b14456e0_0;
    %addi 1, 0, 4;
    %assign/vec4 v00000149b1445820_0, 0;
T_14.4 ;
    %load/vec4 v00000149b1445be0_0;
    %pad/u 32;
    %cmpi/e 0, 0, 32;
    %jmp/0xz  T_14.6, 4;
    %pushi/vec4 1, 0, 4;
    %assign/vec4 v00000149b1446a40_0, 0;
T_14.6 ;
    %load/vec4 v00000149b1445be0_0;
    %pad/u 32;
    %cmpi/e 2, 0, 32;
    %jmp/0xz  T_14.8, 4;
    %load/vec4 v00000149b1446a40_0;
    %addi 1, 0, 4;
    %assign/vec4 v00000149b1446a40_0, 0;
    %load/vec4 v00000149b1446a40_0;
    %addi 1, 0, 4;
    %assign/vec4 v00000149b1445820_0, 0;
T_14.8 ;
    %load/vec4 v00000149b1444e20_0;
    %pad/u 32;
    %pushi/vec4 0, 0, 32;
    %cmp/e;
    %flag_get/vec4 4;
    %load/vec4 v00000149b1445be0_0;
    %pad/u 32;
    %pushi/vec4 0, 0, 32;
    %cmp/e;
    %flag_get/vec4 4;
    %and;
    %flag_set/vec4 8;
    %jmp/0xz  T_14.10, 8;
    %pushi/vec4 1, 0, 4;
    %assign/vec4 v00000149b1445820_0, 0;
T_14.10 ;
T_14.1 ;
    %jmp T_14;
    .thread T_14;
    .scope S_00000149b144d8a0;
T_15 ;
    %wait E_00000149b1393100;
    %load/vec4 v00000149b1444ec0_0;
    %inv;
    %flag_set/vec4 8;
    %jmp/0xz  T_15.0, 8;
    %pushi/vec4 1, 0, 1;
    %assign/vec4 v00000149b1444c40_0, 0;
    %pushi/vec4 1, 0, 1;
    %assign/vec4 v00000149b1446cc0_0, 0;
    %jmp T_15.1;
T_15.0 ;
    %load/vec4 v00000149b1444e20_0;
    %pad/u 32;
    %cmpi/e 0, 0, 32;
    %jmp/0xz  T_15.2, 4;
    %load/vec4 v00000149b1445d20_0;
    %load/vec4 v00000149b14449c0_0;
    %pad/u 32;
    %pushi/vec4 0, 0, 32;
    %cmp/e;
    %flag_get/vec4 4;
    %and;
    %flag_set/vec4 8;
    %jmp/0xz  T_15.4, 8;
    %pushi/vec4 0, 0, 1;
    %assign/vec4 v00000149b1444c40_0, 0;
    %jmp T_15.5;
T_15.4 ;
    %pushi/vec4 1, 0, 1;
    %assign/vec4 v00000149b1444c40_0, 0;
T_15.5 ;
T_15.2 ;
    %load/vec4 v00000149b1445be0_0;
    %pad/u 32;
    %cmpi/e 0, 0, 32;
    %jmp/0xz  T_15.6, 4;
    %load/vec4 v00000149b1445d20_0;
    %load/vec4 v00000149b14449c0_0;
    %pad/u 32;
    %pushi/vec4 1, 0, 32;
    %cmp/e;
    %flag_get/vec4 4;
    %and;
    %flag_set/vec4 8;
    %jmp/0xz  T_15.8, 8;
    %pushi/vec4 0, 0, 1;
    %assign/vec4 v00000149b1446cc0_0, 0;
    %jmp T_15.9;
T_15.8 ;
    %pushi/vec4 1, 0, 1;
    %assign/vec4 v00000149b1446cc0_0, 0;
T_15.9 ;
T_15.6 ;
T_15.1 ;
    %jmp T_15;
    .thread T_15;
    .scope S_00000149b144d8a0;
T_16 ;
    %wait E_00000149b13924c0;
    %pushi/vec4 0, 0, 1;
    %store/vec4 v00000149b1446360_0, 0, 1;
    %pushi/vec4 0, 0, 1;
    %store/vec4 v00000149b1444f60_0, 0, 1;
    %pushi/vec4 0, 0, 1;
    %store/vec4 v00000149b1446ae0_0, 0, 1;
    %pushi/vec4 0, 0, 1;
    %store/vec4 v00000149b1446d60_0, 0, 1;
    %pushi/vec4 0, 0, 1;
    %store/vec4 v00000149b14467c0_0, 0, 1;
    %pushi/vec4 0, 0, 1;
    %store/vec4 v00000149b1446f40_0, 0, 1;
    %load/vec4 v00000149b1444e20_0;
    %pad/u 32;
    %pushi/vec4 0, 0, 32;
    %cmp/e;
    %flag_get/vec4 4;
    %load/vec4 v00000149b1445d20_0;
    %and;
    %load/vec4 v00000149b14449c0_0;
    %pad/u 32;
    %pushi/vec4 0, 0, 32;
    %cmp/e;
    %flag_get/vec4 4;
    %and;
    %flag_set/vec4 8;
    %jmp/0xz  T_16.0, 8;
    %pushi/vec4 1, 0, 1;
    %store/vec4 v00000149b1446360_0, 0, 1;
    %pushi/vec4 0, 0, 1;
    %store/vec4 v00000149b1444f60_0, 0, 1;
    %jmp T_16.1;
T_16.0 ;
    %load/vec4 v00000149b1444e20_0;
    %pad/u 32;
    %cmpi/e 1, 0, 32;
    %jmp/0xz  T_16.2, 4;
    %pushi/vec4 0, 0, 1;
    %store/vec4 v00000149b1446ae0_0, 0, 1;
    %pushi/vec4 1, 0, 1;
    %store/vec4 v00000149b1446d60_0, 0, 1;
T_16.2 ;
T_16.1 ;
    %load/vec4 v00000149b1445be0_0;
    %pad/u 32;
    %pushi/vec4 0, 0, 32;
    %cmp/e;
    %flag_get/vec4 4;
    %load/vec4 v00000149b1445d20_0;
    %and;
    %load/vec4 v00000149b14449c0_0;
    %pad/u 32;
    %pushi/vec4 1, 0, 32;
    %cmp/e;
    %flag_get/vec4 4;
    %and;
    %flag_set/vec4 8;
    %jmp/0xz  T_16.4, 8;
    %pushi/vec4 1, 0, 1;
    %store/vec4 v00000149b1446360_0, 0, 1;
    %pushi/vec4 1, 0, 1;
    %store/vec4 v00000149b1444f60_0, 0, 1;
    %jmp T_16.5;
T_16.4 ;
    %load/vec4 v00000149b1445be0_0;
    %pad/u 32;
    %cmpi/e 1, 0, 32;
    %jmp/0xz  T_16.6, 4;
    %pushi/vec4 1, 0, 1;
    %store/vec4 v00000149b1446ae0_0, 0, 1;
    %pushi/vec4 1, 0, 1;
    %store/vec4 v00000149b1446d60_0, 0, 1;
    %jmp T_16.7;
T_16.6 ;
    %load/vec4 v00000149b1444e20_0;
    %pad/u 32;
    %cmpi/e 4, 0, 32;
    %jmp/0xz  T_16.8, 4;
    %pushi/vec4 1, 0, 1;
    %store/vec4 v00000149b14467c0_0, 0, 1;
    %jmp T_16.9;
T_16.8 ;
    %load/vec4 v00000149b1445be0_0;
    %pad/u 32;
    %cmpi/e 4, 0, 32;
    %jmp/0xz  T_16.10, 4;
    %pushi/vec4 1, 0, 1;
    %store/vec4 v00000149b1446f40_0, 0, 1;
T_16.10 ;
T_16.9 ;
T_16.7 ;
T_16.5 ;
    %jmp T_16;
    .thread T_16, $push;
    .scope S_00000149b144d260;
T_17 ;
    %wait E_00000149b1392300;
    %load/vec4 v00000149b14479e0_0;
    %dup/vec4;
    %pushi/vec4 0, 0, 8;
    %cmp/u;
    %jmp/1 T_17.0, 6;
    %dup/vec4;
    %pushi/vec4 1, 0, 8;
    %cmp/u;
    %jmp/1 T_17.1, 6;
    %dup/vec4;
    %pushi/vec4 2, 0, 8;
    %cmp/u;
    %jmp/1 T_17.2, 6;
    %dup/vec4;
    %pushi/vec4 3, 0, 8;
    %cmp/u;
    %jmp/1 T_17.3, 6;
    %dup/vec4;
    %pushi/vec4 4, 0, 8;
    %cmp/u;
    %jmp/1 T_17.4, 6;
    %dup/vec4;
    %pushi/vec4 5, 0, 8;
    %cmp/u;
    %jmp/1 T_17.5, 6;
    %dup/vec4;
    %pushi/vec4 6, 0, 8;
    %cmp/u;
    %jmp/1 T_17.6, 6;
    %dup/vec4;
    %pushi/vec4 7, 0, 8;
    %cmp/u;
    %jmp/1 T_17.7, 6;
    %dup/vec4;
    %pushi/vec4 8, 0, 8;
    %cmp/u;
    %jmp/1 T_17.8, 6;
    %dup/vec4;
    %pushi/vec4 9, 0, 8;
    %cmp/u;
    %jmp/1 T_17.9, 6;
    %dup/vec4;
    %pushi/vec4 10, 0, 8;
    %cmp/u;
    %jmp/1 T_17.10, 6;
    %dup/vec4;
    %pushi/vec4 11, 0, 8;
    %cmp/u;
    %jmp/1 T_17.11, 6;
    %dup/vec4;
    %pushi/vec4 12, 0, 8;
    %cmp/u;
    %jmp/1 T_17.12, 6;
    %dup/vec4;
    %pushi/vec4 13, 0, 8;
    %cmp/u;
    %jmp/1 T_17.13, 6;
    %dup/vec4;
    %pushi/vec4 14, 0, 8;
    %cmp/u;
    %jmp/1 T_17.14, 6;
    %dup/vec4;
    %pushi/vec4 15, 0, 8;
    %cmp/u;
    %jmp/1 T_17.15, 6;
    %dup/vec4;
    %pushi/vec4 16, 0, 8;
    %cmp/u;
    %jmp/1 T_17.16, 6;
    %dup/vec4;
    %pushi/vec4 17, 0, 8;
    %cmp/u;
    %jmp/1 T_17.17, 6;
    %dup/vec4;
    %pushi/vec4 18, 0, 8;
    %cmp/u;
    %jmp/1 T_17.18, 6;
    %dup/vec4;
    %pushi/vec4 19, 0, 8;
    %cmp/u;
    %jmp/1 T_17.19, 6;
    %dup/vec4;
    %pushi/vec4 20, 0, 8;
    %cmp/u;
    %jmp/1 T_17.20, 6;
    %dup/vec4;
    %pushi/vec4 21, 0, 8;
    %cmp/u;
    %jmp/1 T_17.21, 6;
    %dup/vec4;
    %pushi/vec4 22, 0, 8;
    %cmp/u;
    %jmp/1 T_17.22, 6;
    %dup/vec4;
    %pushi/vec4 23, 0, 8;
    %cmp/u;
    %jmp/1 T_17.23, 6;
    %dup/vec4;
    %pushi/vec4 24, 0, 8;
    %cmp/u;
    %jmp/1 T_17.24, 6;
    %dup/vec4;
    %pushi/vec4 25, 0, 8;
    %cmp/u;
    %jmp/1 T_17.25, 6;
    %dup/vec4;
    %pushi/vec4 26, 0, 8;
    %cmp/u;
    %jmp/1 T_17.26, 6;
    %dup/vec4;
    %pushi/vec4 27, 0, 8;
    %cmp/u;
    %jmp/1 T_17.27, 6;
    %dup/vec4;
    %pushi/vec4 28, 0, 8;
    %cmp/u;
    %jmp/1 T_17.28, 6;
    %dup/vec4;
    %pushi/vec4 29, 0, 8;
    %cmp/u;
    %jmp/1 T_17.29, 6;
    %dup/vec4;
    %pushi/vec4 30, 0, 8;
    %cmp/u;
    %jmp/1 T_17.30, 6;
    %dup/vec4;
    %pushi/vec4 31, 0, 8;
    %cmp/u;
    %jmp/1 T_17.31, 6;
    %dup/vec4;
    %pushi/vec4 32, 0, 8;
    %cmp/u;
    %jmp/1 T_17.32, 6;
    %dup/vec4;
    %pushi/vec4 33, 0, 8;
    %cmp/u;
    %jmp/1 T_17.33, 6;
    %dup/vec4;
    %pushi/vec4 34, 0, 8;
    %cmp/u;
    %jmp/1 T_17.34, 6;
    %dup/vec4;
    %pushi/vec4 35, 0, 8;
    %cmp/u;
    %jmp/1 T_17.35, 6;
    %dup/vec4;
    %pushi/vec4 36, 0, 8;
    %cmp/u;
    %jmp/1 T_17.36, 6;
    %dup/vec4;
    %pushi/vec4 37, 0, 8;
    %cmp/u;
    %jmp/1 T_17.37, 6;
    %dup/vec4;
    %pushi/vec4 38, 0, 8;
    %cmp/u;
    %jmp/1 T_17.38, 6;
    %dup/vec4;
    %pushi/vec4 39, 0, 8;
    %cmp/u;
    %jmp/1 T_17.39, 6;
    %dup/vec4;
    %pushi/vec4 40, 0, 8;
    %cmp/u;
    %jmp/1 T_17.40, 6;
    %dup/vec4;
    %pushi/vec4 41, 0, 8;
    %cmp/u;
    %jmp/1 T_17.41, 6;
    %dup/vec4;
    %pushi/vec4 42, 0, 8;
    %cmp/u;
    %jmp/1 T_17.42, 6;
    %dup/vec4;
    %pushi/vec4 43, 0, 8;
    %cmp/u;
    %jmp/1 T_17.43, 6;
    %dup/vec4;
    %pushi/vec4 44, 0, 8;
    %cmp/u;
    %jmp/1 T_17.44, 6;
    %dup/vec4;
    %pushi/vec4 45, 0, 8;
    %cmp/u;
    %jmp/1 T_17.45, 6;
    %dup/vec4;
    %pushi/vec4 46, 0, 8;
    %cmp/u;
    %jmp/1 T_17.46, 6;
    %dup/vec4;
    %pushi/vec4 47, 0, 8;
    %cmp/u;
    %jmp/1 T_17.47, 6;
    %dup/vec4;
    %pushi/vec4 48, 0, 8;
    %cmp/u;
    %jmp/1 T_17.48, 6;
    %dup/vec4;
    %pushi/vec4 49, 0, 8;
    %cmp/u;
    %jmp/1 T_17.49, 6;
    %dup/vec4;
    %pushi/vec4 50, 0, 8;
    %cmp/u;
    %jmp/1 T_17.50, 6;
    %dup/vec4;
    %pushi/vec4 51, 0, 8;
    %cmp/u;
    %jmp/1 T_17.51, 6;
    %dup/vec4;
    %pushi/vec4 52, 0, 8;
    %cmp/u;
    %jmp/1 T_17.52, 6;
    %dup/vec4;
    %pushi/vec4 53, 0, 8;
    %cmp/u;
    %jmp/1 T_17.53, 6;
    %dup/vec4;
    %pushi/vec4 54, 0, 8;
    %cmp/u;
    %jmp/1 T_17.54, 6;
    %dup/vec4;
    %pushi/vec4 55, 0, 8;
    %cmp/u;
    %jmp/1 T_17.55, 6;
    %dup/vec4;
    %pushi/vec4 56, 0, 8;
    %cmp/u;
    %jmp/1 T_17.56, 6;
    %dup/vec4;
    %pushi/vec4 57, 0, 8;
    %cmp/u;
    %jmp/1 T_17.57, 6;
    %dup/vec4;
    %pushi/vec4 58, 0, 8;
    %cmp/u;
    %jmp/1 T_17.58, 6;
    %dup/vec4;
    %pushi/vec4 59, 0, 8;
    %cmp/u;
    %jmp/1 T_17.59, 6;
    %dup/vec4;
    %pushi/vec4 60, 0, 8;
    %cmp/u;
    %jmp/1 T_17.60, 6;
    %dup/vec4;
    %pushi/vec4 61, 0, 8;
    %cmp/u;
    %jmp/1 T_17.61, 6;
    %dup/vec4;
    %pushi/vec4 62, 0, 8;
    %cmp/u;
    %jmp/1 T_17.62, 6;
    %dup/vec4;
    %pushi/vec4 63, 0, 8;
    %cmp/u;
    %jmp/1 T_17.63, 6;
    %dup/vec4;
    %pushi/vec4 64, 0, 8;
    %cmp/u;
    %jmp/1 T_17.64, 6;
    %dup/vec4;
    %pushi/vec4 65, 0, 8;
    %cmp/u;
    %jmp/1 T_17.65, 6;
    %dup/vec4;
    %pushi/vec4 66, 0, 8;
    %cmp/u;
    %jmp/1 T_17.66, 6;
    %dup/vec4;
    %pushi/vec4 67, 0, 8;
    %cmp/u;
    %jmp/1 T_17.67, 6;
    %dup/vec4;
    %pushi/vec4 68, 0, 8;
    %cmp/u;
    %jmp/1 T_17.68, 6;
    %dup/vec4;
    %pushi/vec4 69, 0, 8;
    %cmp/u;
    %jmp/1 T_17.69, 6;
    %dup/vec4;
    %pushi/vec4 70, 0, 8;
    %cmp/u;
    %jmp/1 T_17.70, 6;
    %dup/vec4;
    %pushi/vec4 71, 0, 8;
    %cmp/u;
    %jmp/1 T_17.71, 6;
    %dup/vec4;
    %pushi/vec4 72, 0, 8;
    %cmp/u;
    %jmp/1 T_17.72, 6;
    %dup/vec4;
    %pushi/vec4 73, 0, 8;
    %cmp/u;
    %jmp/1 T_17.73, 6;
    %dup/vec4;
    %pushi/vec4 74, 0, 8;
    %cmp/u;
    %jmp/1 T_17.74, 6;
    %dup/vec4;
    %pushi/vec4 75, 0, 8;
    %cmp/u;
    %jmp/1 T_17.75, 6;
    %dup/vec4;
    %pushi/vec4 76, 0, 8;
    %cmp/u;
    %jmp/1 T_17.76, 6;
    %dup/vec4;
    %pushi/vec4 77, 0, 8;
    %cmp/u;
    %jmp/1 T_17.77, 6;
    %dup/vec4;
    %pushi/vec4 78, 0, 8;
    %cmp/u;
    %jmp/1 T_17.78, 6;
    %dup/vec4;
    %pushi/vec4 79, 0, 8;
    %cmp/u;
    %jmp/1 T_17.79, 6;
    %dup/vec4;
    %pushi/vec4 80, 0, 8;
    %cmp/u;
    %jmp/1 T_17.80, 6;
    %dup/vec4;
    %pushi/vec4 81, 0, 8;
    %cmp/u;
    %jmp/1 T_17.81, 6;
    %dup/vec4;
    %pushi/vec4 82, 0, 8;
    %cmp/u;
    %jmp/1 T_17.82, 6;
    %dup/vec4;
    %pushi/vec4 83, 0, 8;
    %cmp/u;
    %jmp/1 T_17.83, 6;
    %dup/vec4;
    %pushi/vec4 84, 0, 8;
    %cmp/u;
    %jmp/1 T_17.84, 6;
    %dup/vec4;
    %pushi/vec4 85, 0, 8;
    %cmp/u;
    %jmp/1 T_17.85, 6;
    %dup/vec4;
    %pushi/vec4 86, 0, 8;
    %cmp/u;
    %jmp/1 T_17.86, 6;
    %dup/vec4;
    %pushi/vec4 87, 0, 8;
    %cmp/u;
    %jmp/1 T_17.87, 6;
    %dup/vec4;
    %pushi/vec4 88, 0, 8;
    %cmp/u;
    %jmp/1 T_17.88, 6;
    %dup/vec4;
    %pushi/vec4 89, 0, 8;
    %cmp/u;
    %jmp/1 T_17.89, 6;
    %dup/vec4;
    %pushi/vec4 90, 0, 8;
    %cmp/u;
    %jmp/1 T_17.90, 6;
    %dup/vec4;
    %pushi/vec4 91, 0, 8;
    %cmp/u;
    %jmp/1 T_17.91, 6;
    %dup/vec4;
    %pushi/vec4 92, 0, 8;
    %cmp/u;
    %jmp/1 T_17.92, 6;
    %dup/vec4;
    %pushi/vec4 93, 0, 8;
    %cmp/u;
    %jmp/1 T_17.93, 6;
    %dup/vec4;
    %pushi/vec4 94, 0, 8;
    %cmp/u;
    %jmp/1 T_17.94, 6;
    %dup/vec4;
    %pushi/vec4 95, 0, 8;
    %cmp/u;
    %jmp/1 T_17.95, 6;
    %dup/vec4;
    %pushi/vec4 96, 0, 8;
    %cmp/u;
    %jmp/1 T_17.96, 6;
    %dup/vec4;
    %pushi/vec4 97, 0, 8;
    %cmp/u;
    %jmp/1 T_17.97, 6;
    %dup/vec4;
    %pushi/vec4 98, 0, 8;
    %cmp/u;
    %jmp/1 T_17.98, 6;
    %dup/vec4;
    %pushi/vec4 99, 0, 8;
    %cmp/u;
    %jmp/1 T_17.99, 6;
    %dup/vec4;
    %pushi/vec4 100, 0, 8;
    %cmp/u;
    %jmp/1 T_17.100, 6;
    %dup/vec4;
    %pushi/vec4 101, 0, 8;
    %cmp/u;
    %jmp/1 T_17.101, 6;
    %dup/vec4;
    %pushi/vec4 102, 0, 8;
    %cmp/u;
    %jmp/1 T_17.102, 6;
    %dup/vec4;
    %pushi/vec4 103, 0, 8;
    %cmp/u;
    %jmp/1 T_17.103, 6;
    %dup/vec4;
    %pushi/vec4 104, 0, 8;
    %cmp/u;
    %jmp/1 T_17.104, 6;
    %dup/vec4;
    %pushi/vec4 105, 0, 8;
    %cmp/u;
    %jmp/1 T_17.105, 6;
    %dup/vec4;
    %pushi/vec4 106, 0, 8;
    %cmp/u;
    %jmp/1 T_17.106, 6;
    %dup/vec4;
    %pushi/vec4 107, 0, 8;
    %cmp/u;
    %jmp/1 T_17.107, 6;
    %dup/vec4;
    %pushi/vec4 108, 0, 8;
    %cmp/u;
    %jmp/1 T_17.108, 6;
    %dup/vec4;
    %pushi/vec4 109, 0, 8;
    %cmp/u;
    %jmp/1 T_17.109, 6;
    %dup/vec4;
    %pushi/vec4 110, 0, 8;
    %cmp/u;
    %jmp/1 T_17.110, 6;
    %dup/vec4;
    %pushi/vec4 111, 0, 8;
    %cmp/u;
    %jmp/1 T_17.111, 6;
    %dup/vec4;
    %pushi/vec4 112, 0, 8;
    %cmp/u;
    %jmp/1 T_17.112, 6;
    %dup/vec4;
    %pushi/vec4 113, 0, 8;
    %cmp/u;
    %jmp/1 T_17.113, 6;
    %dup/vec4;
    %pushi/vec4 114, 0, 8;
    %cmp/u;
    %jmp/1 T_17.114, 6;
    %dup/vec4;
    %pushi/vec4 115, 0, 8;
    %cmp/u;
    %jmp/1 T_17.115, 6;
    %dup/vec4;
    %pushi/vec4 116, 0, 8;
    %cmp/u;
    %jmp/1 T_17.116, 6;
    %dup/vec4;
    %pushi/vec4 117, 0, 8;
    %cmp/u;
    %jmp/1 T_17.117, 6;
    %dup/vec4;
    %pushi/vec4 118, 0, 8;
    %cmp/u;
    %jmp/1 T_17.118, 6;
    %dup/vec4;
    %pushi/vec4 119, 0, 8;
    %cmp/u;
    %jmp/1 T_17.119, 6;
    %dup/vec4;
    %pushi/vec4 120, 0, 8;
    %cmp/u;
    %jmp/1 T_17.120, 6;
    %dup/vec4;
    %pushi/vec4 121, 0, 8;
    %cmp/u;
    %jmp/1 T_17.121, 6;
    %dup/vec4;
    %pushi/vec4 122, 0, 8;
    %cmp/u;
    %jmp/1 T_17.122, 6;
    %dup/vec4;
    %pushi/vec4 123, 0, 8;
    %cmp/u;
    %jmp/1 T_17.123, 6;
    %dup/vec4;
    %pushi/vec4 124, 0, 8;
    %cmp/u;
    %jmp/1 T_17.124, 6;
    %dup/vec4;
    %pushi/vec4 125, 0, 8;
    %cmp/u;
    %jmp/1 T_17.125, 6;
    %dup/vec4;
    %pushi/vec4 126, 0, 8;
    %cmp/u;
    %jmp/1 T_17.126, 6;
    %dup/vec4;
    %pushi/vec4 127, 0, 8;
    %cmp/u;
    %jmp/1 T_17.127, 6;
    %dup/vec4;
    %pushi/vec4 128, 0, 8;
    %cmp/u;
    %jmp/1 T_17.128, 6;
    %dup/vec4;
    %pushi/vec4 129, 0, 8;
    %cmp/u;
    %jmp/1 T_17.129, 6;
    %dup/vec4;
    %pushi/vec4 130, 0, 8;
    %cmp/u;
    %jmp/1 T_17.130, 6;
    %dup/vec4;
    %pushi/vec4 131, 0, 8;
    %cmp/u;
    %jmp/1 T_17.131, 6;
    %dup/vec4;
    %pushi/vec4 132, 0, 8;
    %cmp/u;
    %jmp/1 T_17.132, 6;
    %dup/vec4;
    %pushi/vec4 133, 0, 8;
    %cmp/u;
    %jmp/1 T_17.133, 6;
    %dup/vec4;
    %pushi/vec4 134, 0, 8;
    %cmp/u;
    %jmp/1 T_17.134, 6;
    %dup/vec4;
    %pushi/vec4 135, 0, 8;
    %cmp/u;
    %jmp/1 T_17.135, 6;
    %dup/vec4;
    %pushi/vec4 136, 0, 8;
    %cmp/u;
    %jmp/1 T_17.136, 6;
    %dup/vec4;
    %pushi/vec4 137, 0, 8;
    %cmp/u;
    %jmp/1 T_17.137, 6;
    %dup/vec4;
    %pushi/vec4 138, 0, 8;
    %cmp/u;
    %jmp/1 T_17.138, 6;
    %dup/vec4;
    %pushi/vec4 139, 0, 8;
    %cmp/u;
    %jmp/1 T_17.139, 6;
    %dup/vec4;
    %pushi/vec4 140, 0, 8;
    %cmp/u;
    %jmp/1 T_17.140, 6;
    %dup/vec4;
    %pushi/vec4 141, 0, 8;
    %cmp/u;
    %jmp/1 T_17.141, 6;
    %dup/vec4;
    %pushi/vec4 142, 0, 8;
    %cmp/u;
    %jmp/1 T_17.142, 6;
    %dup/vec4;
    %pushi/vec4 143, 0, 8;
    %cmp/u;
    %jmp/1 T_17.143, 6;
    %dup/vec4;
    %pushi/vec4 144, 0, 8;
    %cmp/u;
    %jmp/1 T_17.144, 6;
    %dup/vec4;
    %pushi/vec4 145, 0, 8;
    %cmp/u;
    %jmp/1 T_17.145, 6;
    %dup/vec4;
    %pushi/vec4 146, 0, 8;
    %cmp/u;
    %jmp/1 T_17.146, 6;
    %dup/vec4;
    %pushi/vec4 147, 0, 8;
    %cmp/u;
    %jmp/1 T_17.147, 6;
    %dup/vec4;
    %pushi/vec4 148, 0, 8;
    %cmp/u;
    %jmp/1 T_17.148, 6;
    %dup/vec4;
    %pushi/vec4 149, 0, 8;
    %cmp/u;
    %jmp/1 T_17.149, 6;
    %dup/vec4;
    %pushi/vec4 150, 0, 8;
    %cmp/u;
    %jmp/1 T_17.150, 6;
    %dup/vec4;
    %pushi/vec4 151, 0, 8;
    %cmp/u;
    %jmp/1 T_17.151, 6;
    %dup/vec4;
    %pushi/vec4 152, 0, 8;
    %cmp/u;
    %jmp/1 T_17.152, 6;
    %dup/vec4;
    %pushi/vec4 153, 0, 8;
    %cmp/u;
    %jmp/1 T_17.153, 6;
    %dup/vec4;
    %pushi/vec4 154, 0, 8;
    %cmp/u;
    %jmp/1 T_17.154, 6;
    %dup/vec4;
    %pushi/vec4 155, 0, 8;
    %cmp/u;
    %jmp/1 T_17.155, 6;
    %dup/vec4;
    %pushi/vec4 156, 0, 8;
    %cmp/u;
    %jmp/1 T_17.156, 6;
    %dup/vec4;
    %pushi/vec4 157, 0, 8;
    %cmp/u;
    %jmp/1 T_17.157, 6;
    %dup/vec4;
    %pushi/vec4 158, 0, 8;
    %cmp/u;
    %jmp/1 T_17.158, 6;
    %dup/vec4;
    %pushi/vec4 159, 0, 8;
    %cmp/u;
    %jmp/1 T_17.159, 6;
    %dup/vec4;
    %pushi/vec4 160, 0, 8;
    %cmp/u;
    %jmp/1 T_17.160, 6;
    %dup/vec4;
    %pushi/vec4 161, 0, 8;
    %cmp/u;
    %jmp/1 T_17.161, 6;
    %dup/vec4;
    %pushi/vec4 162, 0, 8;
    %cmp/u;
    %jmp/1 T_17.162, 6;
    %dup/vec4;
    %pushi/vec4 163, 0, 8;
    %cmp/u;
    %jmp/1 T_17.163, 6;
    %dup/vec4;
    %pushi/vec4 164, 0, 8;
    %cmp/u;
    %jmp/1 T_17.164, 6;
    %dup/vec4;
    %pushi/vec4 165, 0, 8;
    %cmp/u;
    %jmp/1 T_17.165, 6;
    %dup/vec4;
    %pushi/vec4 166, 0, 8;
    %cmp/u;
    %jmp/1 T_17.166, 6;
    %dup/vec4;
    %pushi/vec4 167, 0, 8;
    %cmp/u;
    %jmp/1 T_17.167, 6;
    %dup/vec4;
    %pushi/vec4 168, 0, 8;
    %cmp/u;
    %jmp/1 T_17.168, 6;
    %dup/vec4;
    %pushi/vec4 169, 0, 8;
    %cmp/u;
    %jmp/1 T_17.169, 6;
    %dup/vec4;
    %pushi/vec4 170, 0, 8;
    %cmp/u;
    %jmp/1 T_17.170, 6;
    %dup/vec4;
    %pushi/vec4 171, 0, 8;
    %cmp/u;
    %jmp/1 T_17.171, 6;
    %dup/vec4;
    %pushi/vec4 172, 0, 8;
    %cmp/u;
    %jmp/1 T_17.172, 6;
    %dup/vec4;
    %pushi/vec4 173, 0, 8;
    %cmp/u;
    %jmp/1 T_17.173, 6;
    %dup/vec4;
    %pushi/vec4 174, 0, 8;
    %cmp/u;
    %jmp/1 T_17.174, 6;
    %dup/vec4;
    %pushi/vec4 175, 0, 8;
    %cmp/u;
    %jmp/1 T_17.175, 6;
    %dup/vec4;
    %pushi/vec4 176, 0, 8;
    %cmp/u;
    %jmp/1 T_17.176, 6;
    %dup/vec4;
    %pushi/vec4 177, 0, 8;
    %cmp/u;
    %jmp/1 T_17.177, 6;
    %dup/vec4;
    %pushi/vec4 178, 0, 8;
    %cmp/u;
    %jmp/1 T_17.178, 6;
    %dup/vec4;
    %pushi/vec4 179, 0, 8;
    %cmp/u;
    %jmp/1 T_17.179, 6;
    %dup/vec4;
    %pushi/vec4 180, 0, 8;
    %cmp/u;
    %jmp/1 T_17.180, 6;
    %dup/vec4;
    %pushi/vec4 181, 0, 8;
    %cmp/u;
    %jmp/1 T_17.181, 6;
    %dup/vec4;
    %pushi/vec4 182, 0, 8;
    %cmp/u;
    %jmp/1 T_17.182, 6;
    %dup/vec4;
    %pushi/vec4 183, 0, 8;
    %cmp/u;
    %jmp/1 T_17.183, 6;
    %dup/vec4;
    %pushi/vec4 184, 0, 8;
    %cmp/u;
    %jmp/1 T_17.184, 6;
    %dup/vec4;
    %pushi/vec4 185, 0, 8;
    %cmp/u;
    %jmp/1 T_17.185, 6;
    %dup/vec4;
    %pushi/vec4 186, 0, 8;
    %cmp/u;
    %jmp/1 T_17.186, 6;
    %dup/vec4;
    %pushi/vec4 187, 0, 8;
    %cmp/u;
    %jmp/1 T_17.187, 6;
    %dup/vec4;
    %pushi/vec4 188, 0, 8;
    %cmp/u;
    %jmp/1 T_17.188, 6;
    %dup/vec4;
    %pushi/vec4 189, 0, 8;
    %cmp/u;
    %jmp/1 T_17.189, 6;
    %dup/vec4;
    %pushi/vec4 190, 0, 8;
    %cmp/u;
    %jmp/1 T_17.190, 6;
    %dup/vec4;
    %pushi/vec4 191, 0, 8;
    %cmp/u;
    %jmp/1 T_17.191, 6;
    %dup/vec4;
    %pushi/vec4 192, 0, 8;
    %cmp/u;
    %jmp/1 T_17.192, 6;
    %dup/vec4;
    %pushi/vec4 193, 0, 8;
    %cmp/u;
    %jmp/1 T_17.193, 6;
    %dup/vec4;
    %pushi/vec4 194, 0, 8;
    %cmp/u;
    %jmp/1 T_17.194, 6;
    %dup/vec4;
    %pushi/vec4 195, 0, 8;
    %cmp/u;
    %jmp/1 T_17.195, 6;
    %dup/vec4;
    %pushi/vec4 196, 0, 8;
    %cmp/u;
    %jmp/1 T_17.196, 6;
    %dup/vec4;
    %pushi/vec4 197, 0, 8;
    %cmp/u;
    %jmp/1 T_17.197, 6;
    %dup/vec4;
    %pushi/vec4 198, 0, 8;
    %cmp/u;
    %jmp/1 T_17.198, 6;
    %dup/vec4;
    %pushi/vec4 199, 0, 8;
    %cmp/u;
    %jmp/1 T_17.199, 6;
    %dup/vec4;
    %pushi/vec4 200, 0, 8;
    %cmp/u;
    %jmp/1 T_17.200, 6;
    %dup/vec4;
    %pushi/vec4 201, 0, 8;
    %cmp/u;
    %jmp/1 T_17.201, 6;
    %dup/vec4;
    %pushi/vec4 202, 0, 8;
    %cmp/u;
    %jmp/1 T_17.202, 6;
    %dup/vec4;
    %pushi/vec4 203, 0, 8;
    %cmp/u;
    %jmp/1 T_17.203, 6;
    %dup/vec4;
    %pushi/vec4 204, 0, 8;
    %cmp/u;
    %jmp/1 T_17.204, 6;
    %dup/vec4;
    %pushi/vec4 205, 0, 8;
    %cmp/u;
    %jmp/1 T_17.205, 6;
    %dup/vec4;
    %pushi/vec4 206, 0, 8;
    %cmp/u;
    %jmp/1 T_17.206, 6;
    %dup/vec4;
    %pushi/vec4 207, 0, 8;
    %cmp/u;
    %jmp/1 T_17.207, 6;
    %dup/vec4;
    %pushi/vec4 208, 0, 8;
    %cmp/u;
    %jmp/1 T_17.208, 6;
    %dup/vec4;
    %pushi/vec4 209, 0, 8;
    %cmp/u;
    %jmp/1 T_17.209, 6;
    %dup/vec4;
    %pushi/vec4 210, 0, 8;
    %cmp/u;
    %jmp/1 T_17.210, 6;
    %dup/vec4;
    %pushi/vec4 211, 0, 8;
    %cmp/u;
    %jmp/1 T_17.211, 6;
    %dup/vec4;
    %pushi/vec4 212, 0, 8;
    %cmp/u;
    %jmp/1 T_17.212, 6;
    %dup/vec4;
    %pushi/vec4 213, 0, 8;
    %cmp/u;
    %jmp/1 T_17.213, 6;
    %dup/vec4;
    %pushi/vec4 214, 0, 8;
    %cmp/u;
    %jmp/1 T_17.214, 6;
    %dup/vec4;
    %pushi/vec4 215, 0, 8;
    %cmp/u;
    %jmp/1 T_17.215, 6;
    %dup/vec4;
    %pushi/vec4 216, 0, 8;
    %cmp/u;
    %jmp/1 T_17.216, 6;
    %dup/vec4;
    %pushi/vec4 217, 0, 8;
    %cmp/u;
    %jmp/1 T_17.217, 6;
    %dup/vec4;
    %pushi/vec4 218, 0, 8;
    %cmp/u;
    %jmp/1 T_17.218, 6;
    %dup/vec4;
    %pushi/vec4 219, 0, 8;
    %cmp/u;
    %jmp/1 T_17.219, 6;
    %dup/vec4;
    %pushi/vec4 220, 0, 8;
    %cmp/u;
    %jmp/1 T_17.220, 6;
    %dup/vec4;
    %pushi/vec4 221, 0, 8;
    %cmp/u;
    %jmp/1 T_17.221, 6;
    %dup/vec4;
    %pushi/vec4 222, 0, 8;
    %cmp/u;
    %jmp/1 T_17.222, 6;
    %dup/vec4;
    %pushi/vec4 223, 0, 8;
    %cmp/u;
    %jmp/1 T_17.223, 6;
    %dup/vec4;
    %pushi/vec4 224, 0, 8;
    %cmp/u;
    %jmp/1 T_17.224, 6;
    %dup/vec4;
    %pushi/vec4 225, 0, 8;
    %cmp/u;
    %jmp/1 T_17.225, 6;
    %dup/vec4;
    %pushi/vec4 226, 0, 8;
    %cmp/u;
    %jmp/1 T_17.226, 6;
    %dup/vec4;
    %pushi/vec4 227, 0, 8;
    %cmp/u;
    %jmp/1 T_17.227, 6;
    %dup/vec4;
    %pushi/vec4 228, 0, 8;
    %cmp/u;
    %jmp/1 T_17.228, 6;
    %dup/vec4;
    %pushi/vec4 229, 0, 8;
    %cmp/u;
    %jmp/1 T_17.229, 6;
    %dup/vec4;
    %pushi/vec4 230, 0, 8;
    %cmp/u;
    %jmp/1 T_17.230, 6;
    %dup/vec4;
    %pushi/vec4 231, 0, 8;
    %cmp/u;
    %jmp/1 T_17.231, 6;
    %dup/vec4;
    %pushi/vec4 232, 0, 8;
    %cmp/u;
    %jmp/1 T_17.232, 6;
    %dup/vec4;
    %pushi/vec4 233, 0, 8;
    %cmp/u;
    %jmp/1 T_17.233, 6;
    %dup/vec4;
    %pushi/vec4 234, 0, 8;
    %cmp/u;
    %jmp/1 T_17.234, 6;
    %dup/vec4;
    %pushi/vec4 235, 0, 8;
    %cmp/u;
    %jmp/1 T_17.235, 6;
    %dup/vec4;
    %pushi/vec4 236, 0, 8;
    %cmp/u;
    %jmp/1 T_17.236, 6;
    %dup/vec4;
    %pushi/vec4 237, 0, 8;
    %cmp/u;
    %jmp/1 T_17.237, 6;
    %dup/vec4;
    %pushi/vec4 238, 0, 8;
    %cmp/u;
    %jmp/1 T_17.238, 6;
    %dup/vec4;
    %pushi/vec4 239, 0, 8;
    %cmp/u;
    %jmp/1 T_17.239, 6;
    %dup/vec4;
    %pushi/vec4 240, 0, 8;
    %cmp/u;
    %jmp/1 T_17.240, 6;
    %dup/vec4;
    %pushi/vec4 241, 0, 8;
    %cmp/u;
    %jmp/1 T_17.241, 6;
    %dup/vec4;
    %pushi/vec4 242, 0, 8;
    %cmp/u;
    %jmp/1 T_17.242, 6;
    %dup/vec4;
    %pushi/vec4 243, 0, 8;
    %cmp/u;
    %jmp/1 T_17.243, 6;
    %dup/vec4;
    %pushi/vec4 244, 0, 8;
    %cmp/u;
    %jmp/1 T_17.244, 6;
    %dup/vec4;
    %pushi/vec4 245, 0, 8;
    %cmp/u;
    %jmp/1 T_17.245, 6;
    %dup/vec4;
    %pushi/vec4 246, 0, 8;
    %cmp/u;
    %jmp/1 T_17.246, 6;
    %dup/vec4;
    %pushi/vec4 247, 0, 8;
    %cmp/u;
    %jmp/1 T_17.247, 6;
    %dup/vec4;
    %pushi/vec4 248, 0, 8;
    %cmp/u;
    %jmp/1 T_17.248, 6;
    %dup/vec4;
    %pushi/vec4 249, 0, 8;
    %cmp/u;
    %jmp/1 T_17.249, 6;
    %dup/vec4;
    %pushi/vec4 250, 0, 8;
    %cmp/u;
    %jmp/1 T_17.250, 6;
    %dup/vec4;
    %pushi/vec4 251, 0, 8;
    %cmp/u;
    %jmp/1 T_17.251, 6;
    %dup/vec4;
    %pushi/vec4 252, 0, 8;
    %cmp/u;
    %jmp/1 T_17.252, 6;
    %dup/vec4;
    %pushi/vec4 253, 0, 8;
    %cmp/u;
    %jmp/1 T_17.253, 6;
    %dup/vec4;
    %pushi/vec4 254, 0, 8;
    %cmp/u;
    %jmp/1 T_17.254, 6;
    %dup/vec4;
    %pushi/vec4 255, 0, 8;
    %cmp/u;
    %jmp/1 T_17.255, 6;
    %jmp T_17.256;
T_17.0 ;
    %pushi/vec4 99, 0, 8;
    %store/vec4 v00000149b1447e40_0, 0, 8;
    %jmp T_17.256;
T_17.1 ;
    %pushi/vec4 124, 0, 8;
    %store/vec4 v00000149b1447e40_0, 0, 8;
    %jmp T_17.256;
T_17.2 ;
    %pushi/vec4 119, 0, 8;
    %store/vec4 v00000149b1447e40_0, 0, 8;
    %jmp T_17.256;
T_17.3 ;
    %pushi/vec4 123, 0, 8;
    %store/vec4 v00000149b1447e40_0, 0, 8;
    %jmp T_17.256;
T_17.4 ;
    %pushi/vec4 242, 0, 8;
    %store/vec4 v00000149b1447e40_0, 0, 8;
    %jmp T_17.256;
T_17.5 ;
    %pushi/vec4 107, 0, 8;
    %store/vec4 v00000149b1447e40_0, 0, 8;
    %jmp T_17.256;
T_17.6 ;
    %pushi/vec4 111, 0, 8;
    %store/vec4 v00000149b1447e40_0, 0, 8;
    %jmp T_17.256;
T_17.7 ;
    %pushi/vec4 197, 0, 8;
    %store/vec4 v00000149b1447e40_0, 0, 8;
    %jmp T_17.256;
T_17.8 ;
    %pushi/vec4 48, 0, 8;
    %store/vec4 v00000149b1447e40_0, 0, 8;
    %jmp T_17.256;
T_17.9 ;
    %pushi/vec4 1, 0, 8;
    %store/vec4 v00000149b1447e40_0, 0, 8;
    %jmp T_17.256;
T_17.10 ;
    %pushi/vec4 103, 0, 8;
    %store/vec4 v00000149b1447e40_0, 0, 8;
    %jmp T_17.256;
T_17.11 ;
    %pushi/vec4 43, 0, 8;
    %store/vec4 v00000149b1447e40_0, 0, 8;
    %jmp T_17.256;
T_17.12 ;
    %pushi/vec4 254, 0, 8;
    %store/vec4 v00000149b1447e40_0, 0, 8;
    %jmp T_17.256;
T_17.13 ;
    %pushi/vec4 215, 0, 8;
    %store/vec4 v00000149b1447e40_0, 0, 8;
    %jmp T_17.256;
T_17.14 ;
    %pushi/vec4 171, 0, 8;
    %store/vec4 v00000149b1447e40_0, 0, 8;
    %jmp T_17.256;
T_17.15 ;
    %pushi/vec4 118, 0, 8;
    %store/vec4 v00000149b1447e40_0, 0, 8;
    %jmp T_17.256;
T_17.16 ;
    %pushi/vec4 202, 0, 8;
    %store/vec4 v00000149b1447e40_0, 0, 8;
    %jmp T_17.256;
T_17.17 ;
    %pushi/vec4 130, 0, 8;
    %store/vec4 v00000149b1447e40_0, 0, 8;
    %jmp T_17.256;
T_17.18 ;
    %pushi/vec4 201, 0, 8;
    %store/vec4 v00000149b1447e40_0, 0, 8;
    %jmp T_17.256;
T_17.19 ;
    %pushi/vec4 125, 0, 8;
    %store/vec4 v00000149b1447e40_0, 0, 8;
    %jmp T_17.256;
T_17.20 ;
    %pushi/vec4 250, 0, 8;
    %store/vec4 v00000149b1447e40_0, 0, 8;
    %jmp T_17.256;
T_17.21 ;
    %pushi/vec4 89, 0, 8;
    %store/vec4 v00000149b1447e40_0, 0, 8;
    %jmp T_17.256;
T_17.22 ;
    %pushi/vec4 71, 0, 8;
    %store/vec4 v00000149b1447e40_0, 0, 8;
    %jmp T_17.256;
T_17.23 ;
    %pushi/vec4 240, 0, 8;
    %store/vec4 v00000149b1447e40_0, 0, 8;
    %jmp T_17.256;
T_17.24 ;
    %pushi/vec4 173, 0, 8;
    %store/vec4 v00000149b1447e40_0, 0, 8;
    %jmp T_17.256;
T_17.25 ;
    %pushi/vec4 212, 0, 8;
    %store/vec4 v00000149b1447e40_0, 0, 8;
    %jmp T_17.256;
T_17.26 ;
    %pushi/vec4 162, 0, 8;
    %store/vec4 v00000149b1447e40_0, 0, 8;
    %jmp T_17.256;
T_17.27 ;
    %pushi/vec4 175, 0, 8;
    %store/vec4 v00000149b1447e40_0, 0, 8;
    %jmp T_17.256;
T_17.28 ;
    %pushi/vec4 156, 0, 8;
    %store/vec4 v00000149b1447e40_0, 0, 8;
    %jmp T_17.256;
T_17.29 ;
    %pushi/vec4 164, 0, 8;
    %store/vec4 v00000149b1447e40_0, 0, 8;
    %jmp T_17.256;
T_17.30 ;
    %pushi/vec4 114, 0, 8;
    %store/vec4 v00000149b1447e40_0, 0, 8;
    %jmp T_17.256;
T_17.31 ;
    %pushi/vec4 192, 0, 8;
    %store/vec4 v00000149b1447e40_0, 0, 8;
    %jmp T_17.256;
T_17.32 ;
    %pushi/vec4 183, 0, 8;
    %store/vec4 v00000149b1447e40_0, 0, 8;
    %jmp T_17.256;
T_17.33 ;
    %pushi/vec4 253, 0, 8;
    %store/vec4 v00000149b1447e40_0, 0, 8;
    %jmp T_17.256;
T_17.34 ;
    %pushi/vec4 147, 0, 8;
    %store/vec4 v00000149b1447e40_0, 0, 8;
    %jmp T_17.256;
T_17.35 ;
    %pushi/vec4 38, 0, 8;
    %store/vec4 v00000149b1447e40_0, 0, 8;
    %jmp T_17.256;
T_17.36 ;
    %pushi/vec4 54, 0, 8;
    %store/vec4 v00000149b1447e40_0, 0, 8;
    %jmp T_17.256;
T_17.37 ;
    %pushi/vec4 63, 0, 8;
    %store/vec4 v00000149b1447e40_0, 0, 8;
    %jmp T_17.256;
T_17.38 ;
    %pushi/vec4 247, 0, 8;
    %store/vec4 v00000149b1447e40_0, 0, 8;
    %jmp T_17.256;
T_17.39 ;
    %pushi/vec4 204, 0, 8;
    %store/vec4 v00000149b1447e40_0, 0, 8;
    %jmp T_17.256;
T_17.40 ;
    %pushi/vec4 52, 0, 8;
    %store/vec4 v00000149b1447e40_0, 0, 8;
    %jmp T_17.256;
T_17.41 ;
    %pushi/vec4 165, 0, 8;
    %store/vec4 v00000149b1447e40_0, 0, 8;
    %jmp T_17.256;
T_17.42 ;
    %pushi/vec4 229, 0, 8;
    %store/vec4 v00000149b1447e40_0, 0, 8;
    %jmp T_17.256;
T_17.43 ;
    %pushi/vec4 241, 0, 8;
    %store/vec4 v00000149b1447e40_0, 0, 8;
    %jmp T_17.256;
T_17.44 ;
    %pushi/vec4 113, 0, 8;
    %store/vec4 v00000149b1447e40_0, 0, 8;
    %jmp T_17.256;
T_17.45 ;
    %pushi/vec4 216, 0, 8;
    %store/vec4 v00000149b1447e40_0, 0, 8;
    %jmp T_17.256;
T_17.46 ;
    %pushi/vec4 49, 0, 8;
    %store/vec4 v00000149b1447e40_0, 0, 8;
    %jmp T_17.256;
T_17.47 ;
    %pushi/vec4 21, 0, 8;
    %store/vec4 v00000149b1447e40_0, 0, 8;
    %jmp T_17.256;
T_17.48 ;
    %pushi/vec4 4, 0, 8;
    %store/vec4 v00000149b1447e40_0, 0, 8;
    %jmp T_17.256;
T_17.49 ;
    %pushi/vec4 199, 0, 8;
    %store/vec4 v00000149b1447e40_0, 0, 8;
    %jmp T_17.256;
T_17.50 ;
    %pushi/vec4 35, 0, 8;
    %store/vec4 v00000149b1447e40_0, 0, 8;
    %jmp T_17.256;
T_17.51 ;
    %pushi/vec4 195, 0, 8;
    %store/vec4 v00000149b1447e40_0, 0, 8;
    %jmp T_17.256;
T_17.52 ;
    %pushi/vec4 24, 0, 8;
    %store/vec4 v00000149b1447e40_0, 0, 8;
    %jmp T_17.256;
T_17.53 ;
    %pushi/vec4 150, 0, 8;
    %store/vec4 v00000149b1447e40_0, 0, 8;
    %jmp T_17.256;
T_17.54 ;
    %pushi/vec4 5, 0, 8;
    %store/vec4 v00000149b1447e40_0, 0, 8;
    %jmp T_17.256;
T_17.55 ;
    %pushi/vec4 154, 0, 8;
    %store/vec4 v00000149b1447e40_0, 0, 8;
    %jmp T_17.256;
T_17.56 ;
    %pushi/vec4 7, 0, 8;
    %store/vec4 v00000149b1447e40_0, 0, 8;
    %jmp T_17.256;
T_17.57 ;
    %pushi/vec4 18, 0, 8;
    %store/vec4 v00000149b1447e40_0, 0, 8;
    %jmp T_17.256;
T_17.58 ;
    %pushi/vec4 128, 0, 8;
    %store/vec4 v00000149b1447e40_0, 0, 8;
    %jmp T_17.256;
T_17.59 ;
    %pushi/vec4 226, 0, 8;
    %store/vec4 v00000149b1447e40_0, 0, 8;
    %jmp T_17.256;
T_17.60 ;
    %pushi/vec4 235, 0, 8;
    %store/vec4 v00000149b1447e40_0, 0, 8;
    %jmp T_17.256;
T_17.61 ;
    %pushi/vec4 39, 0, 8;
    %store/vec4 v00000149b1447e40_0, 0, 8;
    %jmp T_17.256;
T_17.62 ;
    %pushi/vec4 178, 0, 8;
    %store/vec4 v00000149b1447e40_0, 0, 8;
    %jmp T_17.256;
T_17.63 ;
    %pushi/vec4 117, 0, 8;
    %store/vec4 v00000149b1447e40_0, 0, 8;
    %jmp T_17.256;
T_17.64 ;
    %pushi/vec4 9, 0, 8;
    %store/vec4 v00000149b1447e40_0, 0, 8;
    %jmp T_17.256;
T_17.65 ;
    %pushi/vec4 131, 0, 8;
    %store/vec4 v00000149b1447e40_0, 0, 8;
    %jmp T_17.256;
T_17.66 ;
    %pushi/vec4 44, 0, 8;
    %store/vec4 v00000149b1447e40_0, 0, 8;
    %jmp T_17.256;
T_17.67 ;
    %pushi/vec4 26, 0, 8;
    %store/vec4 v00000149b1447e40_0, 0, 8;
    %jmp T_17.256;
T_17.68 ;
    %pushi/vec4 27, 0, 8;
    %store/vec4 v00000149b1447e40_0, 0, 8;
    %jmp T_17.256;
T_17.69 ;
    %pushi/vec4 110, 0, 8;
    %store/vec4 v00000149b1447e40_0, 0, 8;
    %jmp T_17.256;
T_17.70 ;
    %pushi/vec4 90, 0, 8;
    %store/vec4 v00000149b1447e40_0, 0, 8;
    %jmp T_17.256;
T_17.71 ;
    %pushi/vec4 160, 0, 8;
    %store/vec4 v00000149b1447e40_0, 0, 8;
    %jmp T_17.256;
T_17.72 ;
    %pushi/vec4 82, 0, 8;
    %store/vec4 v00000149b1447e40_0, 0, 8;
    %jmp T_17.256;
T_17.73 ;
    %pushi/vec4 59, 0, 8;
    %store/vec4 v00000149b1447e40_0, 0, 8;
    %jmp T_17.256;
T_17.74 ;
    %pushi/vec4 214, 0, 8;
    %store/vec4 v00000149b1447e40_0, 0, 8;
    %jmp T_17.256;
T_17.75 ;
    %pushi/vec4 179, 0, 8;
    %store/vec4 v00000149b1447e40_0, 0, 8;
    %jmp T_17.256;
T_17.76 ;
    %pushi/vec4 41, 0, 8;
    %store/vec4 v00000149b1447e40_0, 0, 8;
    %jmp T_17.256;
T_17.77 ;
    %pushi/vec4 227, 0, 8;
    %store/vec4 v00000149b1447e40_0, 0, 8;
    %jmp T_17.256;
T_17.78 ;
    %pushi/vec4 47, 0, 8;
    %store/vec4 v00000149b1447e40_0, 0, 8;
    %jmp T_17.256;
T_17.79 ;
    %pushi/vec4 132, 0, 8;
    %store/vec4 v00000149b1447e40_0, 0, 8;
    %jmp T_17.256;
T_17.80 ;
    %pushi/vec4 83, 0, 8;
    %store/vec4 v00000149b1447e40_0, 0, 8;
    %jmp T_17.256;
T_17.81 ;
    %pushi/vec4 209, 0, 8;
    %store/vec4 v00000149b1447e40_0, 0, 8;
    %jmp T_17.256;
T_17.82 ;
    %pushi/vec4 0, 0, 8;
    %store/vec4 v00000149b1447e40_0, 0, 8;
    %jmp T_17.256;
T_17.83 ;
    %pushi/vec4 237, 0, 8;
    %store/vec4 v00000149b1447e40_0, 0, 8;
    %jmp T_17.256;
T_17.84 ;
    %pushi/vec4 32, 0, 8;
    %store/vec4 v00000149b1447e40_0, 0, 8;
    %jmp T_17.256;
T_17.85 ;
    %pushi/vec4 252, 0, 8;
    %store/vec4 v00000149b1447e40_0, 0, 8;
    %jmp T_17.256;
T_17.86 ;
    %pushi/vec4 177, 0, 8;
    %store/vec4 v00000149b1447e40_0, 0, 8;
    %jmp T_17.256;
T_17.87 ;
    %pushi/vec4 91, 0, 8;
    %store/vec4 v00000149b1447e40_0, 0, 8;
    %jmp T_17.256;
T_17.88 ;
    %pushi/vec4 106, 0, 8;
    %store/vec4 v00000149b1447e40_0, 0, 8;
    %jmp T_17.256;
T_17.89 ;
    %pushi/vec4 203, 0, 8;
    %store/vec4 v00000149b1447e40_0, 0, 8;
    %jmp T_17.256;
T_17.90 ;
    %pushi/vec4 190, 0, 8;
    %store/vec4 v00000149b1447e40_0, 0, 8;
    %jmp T_17.256;
T_17.91 ;
    %pushi/vec4 57, 0, 8;
    %store/vec4 v00000149b1447e40_0, 0, 8;
    %jmp T_17.256;
T_17.92 ;
    %pushi/vec4 74, 0, 8;
    %store/vec4 v00000149b1447e40_0, 0, 8;
    %jmp T_17.256;
T_17.93 ;
    %pushi/vec4 76, 0, 8;
    %store/vec4 v00000149b1447e40_0, 0, 8;
    %jmp T_17.256;
T_17.94 ;
    %pushi/vec4 88, 0, 8;
    %store/vec4 v00000149b1447e40_0, 0, 8;
    %jmp T_17.256;
T_17.95 ;
    %pushi/vec4 207, 0, 8;
    %store/vec4 v00000149b1447e40_0, 0, 8;
    %jmp T_17.256;
T_17.96 ;
    %pushi/vec4 208, 0, 8;
    %store/vec4 v00000149b1447e40_0, 0, 8;
    %jmp T_17.256;
T_17.97 ;
    %pushi/vec4 239, 0, 8;
    %store/vec4 v00000149b1447e40_0, 0, 8;
    %jmp T_17.256;
T_17.98 ;
    %pushi/vec4 170, 0, 8;
    %store/vec4 v00000149b1447e40_0, 0, 8;
    %jmp T_17.256;
T_17.99 ;
    %pushi/vec4 251, 0, 8;
    %store/vec4 v00000149b1447e40_0, 0, 8;
    %jmp T_17.256;
T_17.100 ;
    %pushi/vec4 67, 0, 8;
    %store/vec4 v00000149b1447e40_0, 0, 8;
    %jmp T_17.256;
T_17.101 ;
    %pushi/vec4 77, 0, 8;
    %store/vec4 v00000149b1447e40_0, 0, 8;
    %jmp T_17.256;
T_17.102 ;
    %pushi/vec4 51, 0, 8;
    %store/vec4 v00000149b1447e40_0, 0, 8;
    %jmp T_17.256;
T_17.103 ;
    %pushi/vec4 133, 0, 8;
    %store/vec4 v00000149b1447e40_0, 0, 8;
    %jmp T_17.256;
T_17.104 ;
    %pushi/vec4 69, 0, 8;
    %store/vec4 v00000149b1447e40_0, 0, 8;
    %jmp T_17.256;
T_17.105 ;
    %pushi/vec4 249, 0, 8;
    %store/vec4 v00000149b1447e40_0, 0, 8;
    %jmp T_17.256;
T_17.106 ;
    %pushi/vec4 2, 0, 8;
    %store/vec4 v00000149b1447e40_0, 0, 8;
    %jmp T_17.256;
T_17.107 ;
    %pushi/vec4 127, 0, 8;
    %store/vec4 v00000149b1447e40_0, 0, 8;
    %jmp T_17.256;
T_17.108 ;
    %pushi/vec4 80, 0, 8;
    %store/vec4 v00000149b1447e40_0, 0, 8;
    %jmp T_17.256;
T_17.109 ;
    %pushi/vec4 60, 0, 8;
    %store/vec4 v00000149b1447e40_0, 0, 8;
    %jmp T_17.256;
T_17.110 ;
    %pushi/vec4 159, 0, 8;
    %store/vec4 v00000149b1447e40_0, 0, 8;
    %jmp T_17.256;
T_17.111 ;
    %pushi/vec4 168, 0, 8;
    %store/vec4 v00000149b1447e40_0, 0, 8;
    %jmp T_17.256;
T_17.112 ;
    %pushi/vec4 81, 0, 8;
    %store/vec4 v00000149b1447e40_0, 0, 8;
    %jmp T_17.256;
T_17.113 ;
    %pushi/vec4 163, 0, 8;
    %store/vec4 v00000149b1447e40_0, 0, 8;
    %jmp T_17.256;
T_17.114 ;
    %pushi/vec4 64, 0, 8;
    %store/vec4 v00000149b1447e40_0, 0, 8;
    %jmp T_17.256;
T_17.115 ;
    %pushi/vec4 143, 0, 8;
    %store/vec4 v00000149b1447e40_0, 0, 8;
    %jmp T_17.256;
T_17.116 ;
    %pushi/vec4 146, 0, 8;
    %store/vec4 v00000149b1447e40_0, 0, 8;
    %jmp T_17.256;
T_17.117 ;
    %pushi/vec4 157, 0, 8;
    %store/vec4 v00000149b1447e40_0, 0, 8;
    %jmp T_17.256;
T_17.118 ;
    %pushi/vec4 56, 0, 8;
    %store/vec4 v00000149b1447e40_0, 0, 8;
    %jmp T_17.256;
T_17.119 ;
    %pushi/vec4 245, 0, 8;
    %store/vec4 v00000149b1447e40_0, 0, 8;
    %jmp T_17.256;
T_17.120 ;
    %pushi/vec4 188, 0, 8;
    %store/vec4 v00000149b1447e40_0, 0, 8;
    %jmp T_17.256;
T_17.121 ;
    %pushi/vec4 182, 0, 8;
    %store/vec4 v00000149b1447e40_0, 0, 8;
    %jmp T_17.256;
T_17.122 ;
    %pushi/vec4 218, 0, 8;
    %store/vec4 v00000149b1447e40_0, 0, 8;
    %jmp T_17.256;
T_17.123 ;
    %pushi/vec4 33, 0, 8;
    %store/vec4 v00000149b1447e40_0, 0, 8;
    %jmp T_17.256;
T_17.124 ;
    %pushi/vec4 16, 0, 8;
    %store/vec4 v00000149b1447e40_0, 0, 8;
    %jmp T_17.256;
T_17.125 ;
    %pushi/vec4 255, 0, 8;
    %store/vec4 v00000149b1447e40_0, 0, 8;
    %jmp T_17.256;
T_17.126 ;
    %pushi/vec4 243, 0, 8;
    %store/vec4 v00000149b1447e40_0, 0, 8;
    %jmp T_17.256;
T_17.127 ;
    %pushi/vec4 210, 0, 8;
    %store/vec4 v00000149b1447e40_0, 0, 8;
    %jmp T_17.256;
T_17.128 ;
    %pushi/vec4 205, 0, 8;
    %store/vec4 v00000149b1447e40_0, 0, 8;
    %jmp T_17.256;
T_17.129 ;
    %pushi/vec4 12, 0, 8;
    %store/vec4 v00000149b1447e40_0, 0, 8;
    %jmp T_17.256;
T_17.130 ;
    %pushi/vec4 19, 0, 8;
    %store/vec4 v00000149b1447e40_0, 0, 8;
    %jmp T_17.256;
T_17.131 ;
    %pushi/vec4 236, 0, 8;
    %store/vec4 v00000149b1447e40_0, 0, 8;
    %jmp T_17.256;
T_17.132 ;
    %pushi/vec4 95, 0, 8;
    %store/vec4 v00000149b1447e40_0, 0, 8;
    %jmp T_17.256;
T_17.133 ;
    %pushi/vec4 151, 0, 8;
    %store/vec4 v00000149b1447e40_0, 0, 8;
    %jmp T_17.256;
T_17.134 ;
    %pushi/vec4 68, 0, 8;
    %store/vec4 v00000149b1447e40_0, 0, 8;
    %jmp T_17.256;
T_17.135 ;
    %pushi/vec4 23, 0, 8;
    %store/vec4 v00000149b1447e40_0, 0, 8;
    %jmp T_17.256;
T_17.136 ;
    %pushi/vec4 196, 0, 8;
    %store/vec4 v00000149b1447e40_0, 0, 8;
    %jmp T_17.256;
T_17.137 ;
    %pushi/vec4 167, 0, 8;
    %store/vec4 v00000149b1447e40_0, 0, 8;
    %jmp T_17.256;
T_17.138 ;
    %pushi/vec4 126, 0, 8;
    %store/vec4 v00000149b1447e40_0, 0, 8;
    %jmp T_17.256;
T_17.139 ;
    %pushi/vec4 61, 0, 8;
    %store/vec4 v00000149b1447e40_0, 0, 8;
    %jmp T_17.256;
T_17.140 ;
    %pushi/vec4 100, 0, 8;
    %store/vec4 v00000149b1447e40_0, 0, 8;
    %jmp T_17.256;
T_17.141 ;
    %pushi/vec4 93, 0, 8;
    %store/vec4 v00000149b1447e40_0, 0, 8;
    %jmp T_17.256;
T_17.142 ;
    %pushi/vec4 25, 0, 8;
    %store/vec4 v00000149b1447e40_0, 0, 8;
    %jmp T_17.256;
T_17.143 ;
    %pushi/vec4 115, 0, 8;
    %store/vec4 v00000149b1447e40_0, 0, 8;
    %jmp T_17.256;
T_17.144 ;
    %pushi/vec4 96, 0, 8;
    %store/vec4 v00000149b1447e40_0, 0, 8;
    %jmp T_17.256;
T_17.145 ;
    %pushi/vec4 129, 0, 8;
    %store/vec4 v00000149b1447e40_0, 0, 8;
    %jmp T_17.256;
T_17.146 ;
    %pushi/vec4 79, 0, 8;
    %store/vec4 v00000149b1447e40_0, 0, 8;
    %jmp T_17.256;
T_17.147 ;
    %pushi/vec4 220, 0, 8;
    %store/vec4 v00000149b1447e40_0, 0, 8;
    %jmp T_17.256;
T_17.148 ;
    %pushi/vec4 34, 0, 8;
    %store/vec4 v00000149b1447e40_0, 0, 8;
    %jmp T_17.256;
T_17.149 ;
    %pushi/vec4 42, 0, 8;
    %store/vec4 v00000149b1447e40_0, 0, 8;
    %jmp T_17.256;
T_17.150 ;
    %pushi/vec4 144, 0, 8;
    %store/vec4 v00000149b1447e40_0, 0, 8;
    %jmp T_17.256;
T_17.151 ;
    %pushi/vec4 136, 0, 8;
    %store/vec4 v00000149b1447e40_0, 0, 8;
    %jmp T_17.256;
T_17.152 ;
    %pushi/vec4 70, 0, 8;
    %store/vec4 v00000149b1447e40_0, 0, 8;
    %jmp T_17.256;
T_17.153 ;
    %pushi/vec4 238, 0, 8;
    %store/vec4 v00000149b1447e40_0, 0, 8;
    %jmp T_17.256;
T_17.154 ;
    %pushi/vec4 184, 0, 8;
    %store/vec4 v00000149b1447e40_0, 0, 8;
    %jmp T_17.256;
T_17.155 ;
    %pushi/vec4 20, 0, 8;
    %store/vec4 v00000149b1447e40_0, 0, 8;
    %jmp T_17.256;
T_17.156 ;
    %pushi/vec4 222, 0, 8;
    %store/vec4 v00000149b1447e40_0, 0, 8;
    %jmp T_17.256;
T_17.157 ;
    %pushi/vec4 94, 0, 8;
    %store/vec4 v00000149b1447e40_0, 0, 8;
    %jmp T_17.256;
T_17.158 ;
    %pushi/vec4 11, 0, 8;
    %store/vec4 v00000149b1447e40_0, 0, 8;
    %jmp T_17.256;
T_17.159 ;
    %pushi/vec4 219, 0, 8;
    %store/vec4 v00000149b1447e40_0, 0, 8;
    %jmp T_17.256;
T_17.160 ;
    %pushi/vec4 224, 0, 8;
    %store/vec4 v00000149b1447e40_0, 0, 8;
    %jmp T_17.256;
T_17.161 ;
    %pushi/vec4 50, 0, 8;
    %store/vec4 v00000149b1447e40_0, 0, 8;
    %jmp T_17.256;
T_17.162 ;
    %pushi/vec4 58, 0, 8;
    %store/vec4 v00000149b1447e40_0, 0, 8;
    %jmp T_17.256;
T_17.163 ;
    %pushi/vec4 10, 0, 8;
    %store/vec4 v00000149b1447e40_0, 0, 8;
    %jmp T_17.256;
T_17.164 ;
    %pushi/vec4 73, 0, 8;
    %store/vec4 v00000149b1447e40_0, 0, 8;
    %jmp T_17.256;
T_17.165 ;
    %pushi/vec4 6, 0, 8;
    %store/vec4 v00000149b1447e40_0, 0, 8;
    %jmp T_17.256;
T_17.166 ;
    %pushi/vec4 36, 0, 8;
    %store/vec4 v00000149b1447e40_0, 0, 8;
    %jmp T_17.256;
T_17.167 ;
    %pushi/vec4 92, 0, 8;
    %store/vec4 v00000149b1447e40_0, 0, 8;
    %jmp T_17.256;
T_17.168 ;
    %pushi/vec4 194, 0, 8;
    %store/vec4 v00000149b1447e40_0, 0, 8;
    %jmp T_17.256;
T_17.169 ;
    %pushi/vec4 211, 0, 8;
    %store/vec4 v00000149b1447e40_0, 0, 8;
    %jmp T_17.256;
T_17.170 ;
    %pushi/vec4 172, 0, 8;
    %store/vec4 v00000149b1447e40_0, 0, 8;
    %jmp T_17.256;
T_17.171 ;
    %pushi/vec4 98, 0, 8;
    %store/vec4 v00000149b1447e40_0, 0, 8;
    %jmp T_17.256;
T_17.172 ;
    %pushi/vec4 145, 0, 8;
    %store/vec4 v00000149b1447e40_0, 0, 8;
    %jmp T_17.256;
T_17.173 ;
    %pushi/vec4 149, 0, 8;
    %store/vec4 v00000149b1447e40_0, 0, 8;
    %jmp T_17.256;
T_17.174 ;
    %pushi/vec4 228, 0, 8;
    %store/vec4 v00000149b1447e40_0, 0, 8;
    %jmp T_17.256;
T_17.175 ;
    %pushi/vec4 121, 0, 8;
    %store/vec4 v00000149b1447e40_0, 0, 8;
    %jmp T_17.256;
T_17.176 ;
    %pushi/vec4 231, 0, 8;
    %store/vec4 v00000149b1447e40_0, 0, 8;
    %jmp T_17.256;
T_17.177 ;
    %pushi/vec4 200, 0, 8;
    %store/vec4 v00000149b1447e40_0, 0, 8;
    %jmp T_17.256;
T_17.178 ;
    %pushi/vec4 55, 0, 8;
    %store/vec4 v00000149b1447e40_0, 0, 8;
    %jmp T_17.256;
T_17.179 ;
    %pushi/vec4 109, 0, 8;
    %store/vec4 v00000149b1447e40_0, 0, 8;
    %jmp T_17.256;
T_17.180 ;
    %pushi/vec4 141, 0, 8;
    %store/vec4 v00000149b1447e40_0, 0, 8;
    %jmp T_17.256;
T_17.181 ;
    %pushi/vec4 213, 0, 8;
    %store/vec4 v00000149b1447e40_0, 0, 8;
    %jmp T_17.256;
T_17.182 ;
    %pushi/vec4 78, 0, 8;
    %store/vec4 v00000149b1447e40_0, 0, 8;
    %jmp T_17.256;
T_17.183 ;
    %pushi/vec4 169, 0, 8;
    %store/vec4 v00000149b1447e40_0, 0, 8;
    %jmp T_17.256;
T_17.184 ;
    %pushi/vec4 108, 0, 8;
    %store/vec4 v00000149b1447e40_0, 0, 8;
    %jmp T_17.256;
T_17.185 ;
    %pushi/vec4 86, 0, 8;
    %store/vec4 v00000149b1447e40_0, 0, 8;
    %jmp T_17.256;
T_17.186 ;
    %pushi/vec4 244, 0, 8;
    %store/vec4 v00000149b1447e40_0, 0, 8;
    %jmp T_17.256;
T_17.187 ;
    %pushi/vec4 234, 0, 8;
    %store/vec4 v00000149b1447e40_0, 0, 8;
    %jmp T_17.256;
T_17.188 ;
    %pushi/vec4 101, 0, 8;
    %store/vec4 v00000149b1447e40_0, 0, 8;
    %jmp T_17.256;
T_17.189 ;
    %pushi/vec4 122, 0, 8;
    %store/vec4 v00000149b1447e40_0, 0, 8;
    %jmp T_17.256;
T_17.190 ;
    %pushi/vec4 174, 0, 8;
    %store/vec4 v00000149b1447e40_0, 0, 8;
    %jmp T_17.256;
T_17.191 ;
    %pushi/vec4 8, 0, 8;
    %store/vec4 v00000149b1447e40_0, 0, 8;
    %jmp T_17.256;
T_17.192 ;
    %pushi/vec4 186, 0, 8;
    %store/vec4 v00000149b1447e40_0, 0, 8;
    %jmp T_17.256;
T_17.193 ;
    %pushi/vec4 120, 0, 8;
    %store/vec4 v00000149b1447e40_0, 0, 8;
    %jmp T_17.256;
T_17.194 ;
    %pushi/vec4 37, 0, 8;
    %store/vec4 v00000149b1447e40_0, 0, 8;
    %jmp T_17.256;
T_17.195 ;
    %pushi/vec4 46, 0, 8;
    %store/vec4 v00000149b1447e40_0, 0, 8;
    %jmp T_17.256;
T_17.196 ;
    %pushi/vec4 28, 0, 8;
    %store/vec4 v00000149b1447e40_0, 0, 8;
    %jmp T_17.256;
T_17.197 ;
    %pushi/vec4 166, 0, 8;
    %store/vec4 v00000149b1447e40_0, 0, 8;
    %jmp T_17.256;
T_17.198 ;
    %pushi/vec4 180, 0, 8;
    %store/vec4 v00000149b1447e40_0, 0, 8;
    %jmp T_17.256;
T_17.199 ;
    %pushi/vec4 198, 0, 8;
    %store/vec4 v00000149b1447e40_0, 0, 8;
    %jmp T_17.256;
T_17.200 ;
    %pushi/vec4 232, 0, 8;
    %store/vec4 v00000149b1447e40_0, 0, 8;
    %jmp T_17.256;
T_17.201 ;
    %pushi/vec4 221, 0, 8;
    %store/vec4 v00000149b1447e40_0, 0, 8;
    %jmp T_17.256;
T_17.202 ;
    %pushi/vec4 116, 0, 8;
    %store/vec4 v00000149b1447e40_0, 0, 8;
    %jmp T_17.256;
T_17.203 ;
    %pushi/vec4 31, 0, 8;
    %store/vec4 v00000149b1447e40_0, 0, 8;
    %jmp T_17.256;
T_17.204 ;
    %pushi/vec4 75, 0, 8;
    %store/vec4 v00000149b1447e40_0, 0, 8;
    %jmp T_17.256;
T_17.205 ;
    %pushi/vec4 189, 0, 8;
    %store/vec4 v00000149b1447e40_0, 0, 8;
    %jmp T_17.256;
T_17.206 ;
    %pushi/vec4 139, 0, 8;
    %store/vec4 v00000149b1447e40_0, 0, 8;
    %jmp T_17.256;
T_17.207 ;
    %pushi/vec4 138, 0, 8;
    %store/vec4 v00000149b1447e40_0, 0, 8;
    %jmp T_17.256;
T_17.208 ;
    %pushi/vec4 112, 0, 8;
    %store/vec4 v00000149b1447e40_0, 0, 8;
    %jmp T_17.256;
T_17.209 ;
    %pushi/vec4 62, 0, 8;
    %store/vec4 v00000149b1447e40_0, 0, 8;
    %jmp T_17.256;
T_17.210 ;
    %pushi/vec4 181, 0, 8;
    %store/vec4 v00000149b1447e40_0, 0, 8;
    %jmp T_17.256;
T_17.211 ;
    %pushi/vec4 102, 0, 8;
    %store/vec4 v00000149b1447e40_0, 0, 8;
    %jmp T_17.256;
T_17.212 ;
    %pushi/vec4 72, 0, 8;
    %store/vec4 v00000149b1447e40_0, 0, 8;
    %jmp T_17.256;
T_17.213 ;
    %pushi/vec4 3, 0, 8;
    %store/vec4 v00000149b1447e40_0, 0, 8;
    %jmp T_17.256;
T_17.214 ;
    %pushi/vec4 246, 0, 8;
    %store/vec4 v00000149b1447e40_0, 0, 8;
    %jmp T_17.256;
T_17.215 ;
    %pushi/vec4 14, 0, 8;
    %store/vec4 v00000149b1447e40_0, 0, 8;
    %jmp T_17.256;
T_17.216 ;
    %pushi/vec4 97, 0, 8;
    %store/vec4 v00000149b1447e40_0, 0, 8;
    %jmp T_17.256;
T_17.217 ;
    %pushi/vec4 53, 0, 8;
    %store/vec4 v00000149b1447e40_0, 0, 8;
    %jmp T_17.256;
T_17.218 ;
    %pushi/vec4 87, 0, 8;
    %store/vec4 v00000149b1447e40_0, 0, 8;
    %jmp T_17.256;
T_17.219 ;
    %pushi/vec4 185, 0, 8;
    %store/vec4 v00000149b1447e40_0, 0, 8;
    %jmp T_17.256;
T_17.220 ;
    %pushi/vec4 134, 0, 8;
    %store/vec4 v00000149b1447e40_0, 0, 8;
    %jmp T_17.256;
T_17.221 ;
    %pushi/vec4 193, 0, 8;
    %store/vec4 v00000149b1447e40_0, 0, 8;
    %jmp T_17.256;
T_17.222 ;
    %pushi/vec4 29, 0, 8;
    %store/vec4 v00000149b1447e40_0, 0, 8;
    %jmp T_17.256;
T_17.223 ;
    %pushi/vec4 158, 0, 8;
    %store/vec4 v00000149b1447e40_0, 0, 8;
    %jmp T_17.256;
T_17.224 ;
    %pushi/vec4 225, 0, 8;
    %store/vec4 v00000149b1447e40_0, 0, 8;
    %jmp T_17.256;
T_17.225 ;
    %pushi/vec4 248, 0, 8;
    %store/vec4 v00000149b1447e40_0, 0, 8;
    %jmp T_17.256;
T_17.226 ;
    %pushi/vec4 152, 0, 8;
    %store/vec4 v00000149b1447e40_0, 0, 8;
    %jmp T_17.256;
T_17.227 ;
    %pushi/vec4 17, 0, 8;
    %store/vec4 v00000149b1447e40_0, 0, 8;
    %jmp T_17.256;
T_17.228 ;
    %pushi/vec4 105, 0, 8;
    %store/vec4 v00000149b1447e40_0, 0, 8;
    %jmp T_17.256;
T_17.229 ;
    %pushi/vec4 217, 0, 8;
    %store/vec4 v00000149b1447e40_0, 0, 8;
    %jmp T_17.256;
T_17.230 ;
    %pushi/vec4 142, 0, 8;
    %store/vec4 v00000149b1447e40_0, 0, 8;
    %jmp T_17.256;
T_17.231 ;
    %pushi/vec4 148, 0, 8;
    %store/vec4 v00000149b1447e40_0, 0, 8;
    %jmp T_17.256;
T_17.232 ;
    %pushi/vec4 155, 0, 8;
    %store/vec4 v00000149b1447e40_0, 0, 8;
    %jmp T_17.256;
T_17.233 ;
    %pushi/vec4 30, 0, 8;
    %store/vec4 v00000149b1447e40_0, 0, 8;
    %jmp T_17.256;
T_17.234 ;
    %pushi/vec4 135, 0, 8;
    %store/vec4 v00000149b1447e40_0, 0, 8;
    %jmp T_17.256;
T_17.235 ;
    %pushi/vec4 233, 0, 8;
    %store/vec4 v00000149b1447e40_0, 0, 8;
    %jmp T_17.256;
T_17.236 ;
    %pushi/vec4 206, 0, 8;
    %store/vec4 v00000149b1447e40_0, 0, 8;
    %jmp T_17.256;
T_17.237 ;
    %pushi/vec4 85, 0, 8;
    %store/vec4 v00000149b1447e40_0, 0, 8;
    %jmp T_17.256;
T_17.238 ;
    %pushi/vec4 40, 0, 8;
    %store/vec4 v00000149b1447e40_0, 0, 8;
    %jmp T_17.256;
T_17.239 ;
    %pushi/vec4 223, 0, 8;
    %store/vec4 v00000149b1447e40_0, 0, 8;
    %jmp T_17.256;
T_17.240 ;
    %pushi/vec4 140, 0, 8;
    %store/vec4 v00000149b1447e40_0, 0, 8;
    %jmp T_17.256;
T_17.241 ;
    %pushi/vec4 161, 0, 8;
    %store/vec4 v00000149b1447e40_0, 0, 8;
    %jmp T_17.256;
T_17.242 ;
    %pushi/vec4 137, 0, 8;
    %store/vec4 v00000149b1447e40_0, 0, 8;
    %jmp T_17.256;
T_17.243 ;
    %pushi/vec4 13, 0, 8;
    %store/vec4 v00000149b1447e40_0, 0, 8;
    %jmp T_17.256;
T_17.244 ;
    %pushi/vec4 191, 0, 8;
    %store/vec4 v00000149b1447e40_0, 0, 8;
    %jmp T_17.256;
T_17.245 ;
    %pushi/vec4 230, 0, 8;
    %store/vec4 v00000149b1447e40_0, 0, 8;
    %jmp T_17.256;
T_17.246 ;
    %pushi/vec4 66, 0, 8;
    %store/vec4 v00000149b1447e40_0, 0, 8;
    %jmp T_17.256;
T_17.247 ;
    %pushi/vec4 104, 0, 8;
    %store/vec4 v00000149b1447e40_0, 0, 8;
    %jmp T_17.256;
T_17.248 ;
    %pushi/vec4 65, 0, 8;
    %store/vec4 v00000149b1447e40_0, 0, 8;
    %jmp T_17.256;
T_17.249 ;
    %pushi/vec4 153, 0, 8;
    %store/vec4 v00000149b1447e40_0, 0, 8;
    %jmp T_17.256;
T_17.250 ;
    %pushi/vec4 45, 0, 8;
    %store/vec4 v00000149b1447e40_0, 0, 8;
    %jmp T_17.256;
T_17.251 ;
    %pushi/vec4 15, 0, 8;
    %store/vec4 v00000149b1447e40_0, 0, 8;
    %jmp T_17.256;
T_17.252 ;
    %pushi/vec4 176, 0, 8;
    %store/vec4 v00000149b1447e40_0, 0, 8;
    %jmp T_17.256;
T_17.253 ;
    %pushi/vec4 84, 0, 8;
    %store/vec4 v00000149b1447e40_0, 0, 8;
    %jmp T_17.256;
T_17.254 ;
    %pushi/vec4 187, 0, 8;
    %store/vec4 v00000149b1447e40_0, 0, 8;
    %jmp T_17.256;
T_17.255 ;
    %pushi/vec4 22, 0, 8;
    %store/vec4 v00000149b1447e40_0, 0, 8;
    %jmp T_17.256;
T_17.256 ;
    %pop/vec4 1;
    %jmp T_17;
    .thread T_17, $push;
    .scope S_00000149b144d710;
T_18 ;
    %wait E_00000149b1392500;
    %load/vec4 v00000149b1449060_0;
    %dup/vec4;
    %pushi/vec4 0, 0, 8;
    %cmp/u;
    %jmp/1 T_18.0, 6;
    %dup/vec4;
    %pushi/vec4 1, 0, 8;
    %cmp/u;
    %jmp/1 T_18.1, 6;
    %dup/vec4;
    %pushi/vec4 2, 0, 8;
    %cmp/u;
    %jmp/1 T_18.2, 6;
    %dup/vec4;
    %pushi/vec4 3, 0, 8;
    %cmp/u;
    %jmp/1 T_18.3, 6;
    %dup/vec4;
    %pushi/vec4 4, 0, 8;
    %cmp/u;
    %jmp/1 T_18.4, 6;
    %dup/vec4;
    %pushi/vec4 5, 0, 8;
    %cmp/u;
    %jmp/1 T_18.5, 6;
    %dup/vec4;
    %pushi/vec4 6, 0, 8;
    %cmp/u;
    %jmp/1 T_18.6, 6;
    %dup/vec4;
    %pushi/vec4 7, 0, 8;
    %cmp/u;
    %jmp/1 T_18.7, 6;
    %dup/vec4;
    %pushi/vec4 8, 0, 8;
    %cmp/u;
    %jmp/1 T_18.8, 6;
    %dup/vec4;
    %pushi/vec4 9, 0, 8;
    %cmp/u;
    %jmp/1 T_18.9, 6;
    %dup/vec4;
    %pushi/vec4 10, 0, 8;
    %cmp/u;
    %jmp/1 T_18.10, 6;
    %dup/vec4;
    %pushi/vec4 11, 0, 8;
    %cmp/u;
    %jmp/1 T_18.11, 6;
    %dup/vec4;
    %pushi/vec4 12, 0, 8;
    %cmp/u;
    %jmp/1 T_18.12, 6;
    %dup/vec4;
    %pushi/vec4 13, 0, 8;
    %cmp/u;
    %jmp/1 T_18.13, 6;
    %dup/vec4;
    %pushi/vec4 14, 0, 8;
    %cmp/u;
    %jmp/1 T_18.14, 6;
    %dup/vec4;
    %pushi/vec4 15, 0, 8;
    %cmp/u;
    %jmp/1 T_18.15, 6;
    %dup/vec4;
    %pushi/vec4 16, 0, 8;
    %cmp/u;
    %jmp/1 T_18.16, 6;
    %dup/vec4;
    %pushi/vec4 17, 0, 8;
    %cmp/u;
    %jmp/1 T_18.17, 6;
    %dup/vec4;
    %pushi/vec4 18, 0, 8;
    %cmp/u;
    %jmp/1 T_18.18, 6;
    %dup/vec4;
    %pushi/vec4 19, 0, 8;
    %cmp/u;
    %jmp/1 T_18.19, 6;
    %dup/vec4;
    %pushi/vec4 20, 0, 8;
    %cmp/u;
    %jmp/1 T_18.20, 6;
    %dup/vec4;
    %pushi/vec4 21, 0, 8;
    %cmp/u;
    %jmp/1 T_18.21, 6;
    %dup/vec4;
    %pushi/vec4 22, 0, 8;
    %cmp/u;
    %jmp/1 T_18.22, 6;
    %dup/vec4;
    %pushi/vec4 23, 0, 8;
    %cmp/u;
    %jmp/1 T_18.23, 6;
    %dup/vec4;
    %pushi/vec4 24, 0, 8;
    %cmp/u;
    %jmp/1 T_18.24, 6;
    %dup/vec4;
    %pushi/vec4 25, 0, 8;
    %cmp/u;
    %jmp/1 T_18.25, 6;
    %dup/vec4;
    %pushi/vec4 26, 0, 8;
    %cmp/u;
    %jmp/1 T_18.26, 6;
    %dup/vec4;
    %pushi/vec4 27, 0, 8;
    %cmp/u;
    %jmp/1 T_18.27, 6;
    %dup/vec4;
    %pushi/vec4 28, 0, 8;
    %cmp/u;
    %jmp/1 T_18.28, 6;
    %dup/vec4;
    %pushi/vec4 29, 0, 8;
    %cmp/u;
    %jmp/1 T_18.29, 6;
    %dup/vec4;
    %pushi/vec4 30, 0, 8;
    %cmp/u;
    %jmp/1 T_18.30, 6;
    %dup/vec4;
    %pushi/vec4 31, 0, 8;
    %cmp/u;
    %jmp/1 T_18.31, 6;
    %dup/vec4;
    %pushi/vec4 32, 0, 8;
    %cmp/u;
    %jmp/1 T_18.32, 6;
    %dup/vec4;
    %pushi/vec4 33, 0, 8;
    %cmp/u;
    %jmp/1 T_18.33, 6;
    %dup/vec4;
    %pushi/vec4 34, 0, 8;
    %cmp/u;
    %jmp/1 T_18.34, 6;
    %dup/vec4;
    %pushi/vec4 35, 0, 8;
    %cmp/u;
    %jmp/1 T_18.35, 6;
    %dup/vec4;
    %pushi/vec4 36, 0, 8;
    %cmp/u;
    %jmp/1 T_18.36, 6;
    %dup/vec4;
    %pushi/vec4 37, 0, 8;
    %cmp/u;
    %jmp/1 T_18.37, 6;
    %dup/vec4;
    %pushi/vec4 38, 0, 8;
    %cmp/u;
    %jmp/1 T_18.38, 6;
    %dup/vec4;
    %pushi/vec4 39, 0, 8;
    %cmp/u;
    %jmp/1 T_18.39, 6;
    %dup/vec4;
    %pushi/vec4 40, 0, 8;
    %cmp/u;
    %jmp/1 T_18.40, 6;
    %dup/vec4;
    %pushi/vec4 41, 0, 8;
    %cmp/u;
    %jmp/1 T_18.41, 6;
    %dup/vec4;
    %pushi/vec4 42, 0, 8;
    %cmp/u;
    %jmp/1 T_18.42, 6;
    %dup/vec4;
    %pushi/vec4 43, 0, 8;
    %cmp/u;
    %jmp/1 T_18.43, 6;
    %dup/vec4;
    %pushi/vec4 44, 0, 8;
    %cmp/u;
    %jmp/1 T_18.44, 6;
    %dup/vec4;
    %pushi/vec4 45, 0, 8;
    %cmp/u;
    %jmp/1 T_18.45, 6;
    %dup/vec4;
    %pushi/vec4 46, 0, 8;
    %cmp/u;
    %jmp/1 T_18.46, 6;
    %dup/vec4;
    %pushi/vec4 47, 0, 8;
    %cmp/u;
    %jmp/1 T_18.47, 6;
    %dup/vec4;
    %pushi/vec4 48, 0, 8;
    %cmp/u;
    %jmp/1 T_18.48, 6;
    %dup/vec4;
    %pushi/vec4 49, 0, 8;
    %cmp/u;
    %jmp/1 T_18.49, 6;
    %dup/vec4;
    %pushi/vec4 50, 0, 8;
    %cmp/u;
    %jmp/1 T_18.50, 6;
    %dup/vec4;
    %pushi/vec4 51, 0, 8;
    %cmp/u;
    %jmp/1 T_18.51, 6;
    %dup/vec4;
    %pushi/vec4 52, 0, 8;
    %cmp/u;
    %jmp/1 T_18.52, 6;
    %dup/vec4;
    %pushi/vec4 53, 0, 8;
    %cmp/u;
    %jmp/1 T_18.53, 6;
    %dup/vec4;
    %pushi/vec4 54, 0, 8;
    %cmp/u;
    %jmp/1 T_18.54, 6;
    %dup/vec4;
    %pushi/vec4 55, 0, 8;
    %cmp/u;
    %jmp/1 T_18.55, 6;
    %dup/vec4;
    %pushi/vec4 56, 0, 8;
    %cmp/u;
    %jmp/1 T_18.56, 6;
    %dup/vec4;
    %pushi/vec4 57, 0, 8;
    %cmp/u;
    %jmp/1 T_18.57, 6;
    %dup/vec4;
    %pushi/vec4 58, 0, 8;
    %cmp/u;
    %jmp/1 T_18.58, 6;
    %dup/vec4;
    %pushi/vec4 59, 0, 8;
    %cmp/u;
    %jmp/1 T_18.59, 6;
    %dup/vec4;
    %pushi/vec4 60, 0, 8;
    %cmp/u;
    %jmp/1 T_18.60, 6;
    %dup/vec4;
    %pushi/vec4 61, 0, 8;
    %cmp/u;
    %jmp/1 T_18.61, 6;
    %dup/vec4;
    %pushi/vec4 62, 0, 8;
    %cmp/u;
    %jmp/1 T_18.62, 6;
    %dup/vec4;
    %pushi/vec4 63, 0, 8;
    %cmp/u;
    %jmp/1 T_18.63, 6;
    %dup/vec4;
    %pushi/vec4 64, 0, 8;
    %cmp/u;
    %jmp/1 T_18.64, 6;
    %dup/vec4;
    %pushi/vec4 65, 0, 8;
    %cmp/u;
    %jmp/1 T_18.65, 6;
    %dup/vec4;
    %pushi/vec4 66, 0, 8;
    %cmp/u;
    %jmp/1 T_18.66, 6;
    %dup/vec4;
    %pushi/vec4 67, 0, 8;
    %cmp/u;
    %jmp/1 T_18.67, 6;
    %dup/vec4;
    %pushi/vec4 68, 0, 8;
    %cmp/u;
    %jmp/1 T_18.68, 6;
    %dup/vec4;
    %pushi/vec4 69, 0, 8;
    %cmp/u;
    %jmp/1 T_18.69, 6;
    %dup/vec4;
    %pushi/vec4 70, 0, 8;
    %cmp/u;
    %jmp/1 T_18.70, 6;
    %dup/vec4;
    %pushi/vec4 71, 0, 8;
    %cmp/u;
    %jmp/1 T_18.71, 6;
    %dup/vec4;
    %pushi/vec4 72, 0, 8;
    %cmp/u;
    %jmp/1 T_18.72, 6;
    %dup/vec4;
    %pushi/vec4 73, 0, 8;
    %cmp/u;
    %jmp/1 T_18.73, 6;
    %dup/vec4;
    %pushi/vec4 74, 0, 8;
    %cmp/u;
    %jmp/1 T_18.74, 6;
    %dup/vec4;
    %pushi/vec4 75, 0, 8;
    %cmp/u;
    %jmp/1 T_18.75, 6;
    %dup/vec4;
    %pushi/vec4 76, 0, 8;
    %cmp/u;
    %jmp/1 T_18.76, 6;
    %dup/vec4;
    %pushi/vec4 77, 0, 8;
    %cmp/u;
    %jmp/1 T_18.77, 6;
    %dup/vec4;
    %pushi/vec4 78, 0, 8;
    %cmp/u;
    %jmp/1 T_18.78, 6;
    %dup/vec4;
    %pushi/vec4 79, 0, 8;
    %cmp/u;
    %jmp/1 T_18.79, 6;
    %dup/vec4;
    %pushi/vec4 80, 0, 8;
    %cmp/u;
    %jmp/1 T_18.80, 6;
    %dup/vec4;
    %pushi/vec4 81, 0, 8;
    %cmp/u;
    %jmp/1 T_18.81, 6;
    %dup/vec4;
    %pushi/vec4 82, 0, 8;
    %cmp/u;
    %jmp/1 T_18.82, 6;
    %dup/vec4;
    %pushi/vec4 83, 0, 8;
    %cmp/u;
    %jmp/1 T_18.83, 6;
    %dup/vec4;
    %pushi/vec4 84, 0, 8;
    %cmp/u;
    %jmp/1 T_18.84, 6;
    %dup/vec4;
    %pushi/vec4 85, 0, 8;
    %cmp/u;
    %jmp/1 T_18.85, 6;
    %dup/vec4;
    %pushi/vec4 86, 0, 8;
    %cmp/u;
    %jmp/1 T_18.86, 6;
    %dup/vec4;
    %pushi/vec4 87, 0, 8;
    %cmp/u;
    %jmp/1 T_18.87, 6;
    %dup/vec4;
    %pushi/vec4 88, 0, 8;
    %cmp/u;
    %jmp/1 T_18.88, 6;
    %dup/vec4;
    %pushi/vec4 89, 0, 8;
    %cmp/u;
    %jmp/1 T_18.89, 6;
    %dup/vec4;
    %pushi/vec4 90, 0, 8;
    %cmp/u;
    %jmp/1 T_18.90, 6;
    %dup/vec4;
    %pushi/vec4 91, 0, 8;
    %cmp/u;
    %jmp/1 T_18.91, 6;
    %dup/vec4;
    %pushi/vec4 92, 0, 8;
    %cmp/u;
    %jmp/1 T_18.92, 6;
    %dup/vec4;
    %pushi/vec4 93, 0, 8;
    %cmp/u;
    %jmp/1 T_18.93, 6;
    %dup/vec4;
    %pushi/vec4 94, 0, 8;
    %cmp/u;
    %jmp/1 T_18.94, 6;
    %dup/vec4;
    %pushi/vec4 95, 0, 8;
    %cmp/u;
    %jmp/1 T_18.95, 6;
    %dup/vec4;
    %pushi/vec4 96, 0, 8;
    %cmp/u;
    %jmp/1 T_18.96, 6;
    %dup/vec4;
    %pushi/vec4 97, 0, 8;
    %cmp/u;
    %jmp/1 T_18.97, 6;
    %dup/vec4;
    %pushi/vec4 98, 0, 8;
    %cmp/u;
    %jmp/1 T_18.98, 6;
    %dup/vec4;
    %pushi/vec4 99, 0, 8;
    %cmp/u;
    %jmp/1 T_18.99, 6;
    %dup/vec4;
    %pushi/vec4 100, 0, 8;
    %cmp/u;
    %jmp/1 T_18.100, 6;
    %dup/vec4;
    %pushi/vec4 101, 0, 8;
    %cmp/u;
    %jmp/1 T_18.101, 6;
    %dup/vec4;
    %pushi/vec4 102, 0, 8;
    %cmp/u;
    %jmp/1 T_18.102, 6;
    %dup/vec4;
    %pushi/vec4 103, 0, 8;
    %cmp/u;
    %jmp/1 T_18.103, 6;
    %dup/vec4;
    %pushi/vec4 104, 0, 8;
    %cmp/u;
    %jmp/1 T_18.104, 6;
    %dup/vec4;
    %pushi/vec4 105, 0, 8;
    %cmp/u;
    %jmp/1 T_18.105, 6;
    %dup/vec4;
    %pushi/vec4 106, 0, 8;
    %cmp/u;
    %jmp/1 T_18.106, 6;
    %dup/vec4;
    %pushi/vec4 107, 0, 8;
    %cmp/u;
    %jmp/1 T_18.107, 6;
    %dup/vec4;
    %pushi/vec4 108, 0, 8;
    %cmp/u;
    %jmp/1 T_18.108, 6;
    %dup/vec4;
    %pushi/vec4 109, 0, 8;
    %cmp/u;
    %jmp/1 T_18.109, 6;
    %dup/vec4;
    %pushi/vec4 110, 0, 8;
    %cmp/u;
    %jmp/1 T_18.110, 6;
    %dup/vec4;
    %pushi/vec4 111, 0, 8;
    %cmp/u;
    %jmp/1 T_18.111, 6;
    %dup/vec4;
    %pushi/vec4 112, 0, 8;
    %cmp/u;
    %jmp/1 T_18.112, 6;
    %dup/vec4;
    %pushi/vec4 113, 0, 8;
    %cmp/u;
    %jmp/1 T_18.113, 6;
    %dup/vec4;
    %pushi/vec4 114, 0, 8;
    %cmp/u;
    %jmp/1 T_18.114, 6;
    %dup/vec4;
    %pushi/vec4 115, 0, 8;
    %cmp/u;
    %jmp/1 T_18.115, 6;
    %dup/vec4;
    %pushi/vec4 116, 0, 8;
    %cmp/u;
    %jmp/1 T_18.116, 6;
    %dup/vec4;
    %pushi/vec4 117, 0, 8;
    %cmp/u;
    %jmp/1 T_18.117, 6;
    %dup/vec4;
    %pushi/vec4 118, 0, 8;
    %cmp/u;
    %jmp/1 T_18.118, 6;
    %dup/vec4;
    %pushi/vec4 119, 0, 8;
    %cmp/u;
    %jmp/1 T_18.119, 6;
    %dup/vec4;
    %pushi/vec4 120, 0, 8;
    %cmp/u;
    %jmp/1 T_18.120, 6;
    %dup/vec4;
    %pushi/vec4 121, 0, 8;
    %cmp/u;
    %jmp/1 T_18.121, 6;
    %dup/vec4;
    %pushi/vec4 122, 0, 8;
    %cmp/u;
    %jmp/1 T_18.122, 6;
    %dup/vec4;
    %pushi/vec4 123, 0, 8;
    %cmp/u;
    %jmp/1 T_18.123, 6;
    %dup/vec4;
    %pushi/vec4 124, 0, 8;
    %cmp/u;
    %jmp/1 T_18.124, 6;
    %dup/vec4;
    %pushi/vec4 125, 0, 8;
    %cmp/u;
    %jmp/1 T_18.125, 6;
    %dup/vec4;
    %pushi/vec4 126, 0, 8;
    %cmp/u;
    %jmp/1 T_18.126, 6;
    %dup/vec4;
    %pushi/vec4 127, 0, 8;
    %cmp/u;
    %jmp/1 T_18.127, 6;
    %dup/vec4;
    %pushi/vec4 128, 0, 8;
    %cmp/u;
    %jmp/1 T_18.128, 6;
    %dup/vec4;
    %pushi/vec4 129, 0, 8;
    %cmp/u;
    %jmp/1 T_18.129, 6;
    %dup/vec4;
    %pushi/vec4 130, 0, 8;
    %cmp/u;
    %jmp/1 T_18.130, 6;
    %dup/vec4;
    %pushi/vec4 131, 0, 8;
    %cmp/u;
    %jmp/1 T_18.131, 6;
    %dup/vec4;
    %pushi/vec4 132, 0, 8;
    %cmp/u;
    %jmp/1 T_18.132, 6;
    %dup/vec4;
    %pushi/vec4 133, 0, 8;
    %cmp/u;
    %jmp/1 T_18.133, 6;
    %dup/vec4;
    %pushi/vec4 134, 0, 8;
    %cmp/u;
    %jmp/1 T_18.134, 6;
    %dup/vec4;
    %pushi/vec4 135, 0, 8;
    %cmp/u;
    %jmp/1 T_18.135, 6;
    %dup/vec4;
    %pushi/vec4 136, 0, 8;
    %cmp/u;
    %jmp/1 T_18.136, 6;
    %dup/vec4;
    %pushi/vec4 137, 0, 8;
    %cmp/u;
    %jmp/1 T_18.137, 6;
    %dup/vec4;
    %pushi/vec4 138, 0, 8;
    %cmp/u;
    %jmp/1 T_18.138, 6;
    %dup/vec4;
    %pushi/vec4 139, 0, 8;
    %cmp/u;
    %jmp/1 T_18.139, 6;
    %dup/vec4;
    %pushi/vec4 140, 0, 8;
    %cmp/u;
    %jmp/1 T_18.140, 6;
    %dup/vec4;
    %pushi/vec4 141, 0, 8;
    %cmp/u;
    %jmp/1 T_18.141, 6;
    %dup/vec4;
    %pushi/vec4 142, 0, 8;
    %cmp/u;
    %jmp/1 T_18.142, 6;
    %dup/vec4;
    %pushi/vec4 143, 0, 8;
    %cmp/u;
    %jmp/1 T_18.143, 6;
    %dup/vec4;
    %pushi/vec4 144, 0, 8;
    %cmp/u;
    %jmp/1 T_18.144, 6;
    %dup/vec4;
    %pushi/vec4 145, 0, 8;
    %cmp/u;
    %jmp/1 T_18.145, 6;
    %dup/vec4;
    %pushi/vec4 146, 0, 8;
    %cmp/u;
    %jmp/1 T_18.146, 6;
    %dup/vec4;
    %pushi/vec4 147, 0, 8;
    %cmp/u;
    %jmp/1 T_18.147, 6;
    %dup/vec4;
    %pushi/vec4 148, 0, 8;
    %cmp/u;
    %jmp/1 T_18.148, 6;
    %dup/vec4;
    %pushi/vec4 149, 0, 8;
    %cmp/u;
    %jmp/1 T_18.149, 6;
    %dup/vec4;
    %pushi/vec4 150, 0, 8;
    %cmp/u;
    %jmp/1 T_18.150, 6;
    %dup/vec4;
    %pushi/vec4 151, 0, 8;
    %cmp/u;
    %jmp/1 T_18.151, 6;
    %dup/vec4;
    %pushi/vec4 152, 0, 8;
    %cmp/u;
    %jmp/1 T_18.152, 6;
    %dup/vec4;
    %pushi/vec4 153, 0, 8;
    %cmp/u;
    %jmp/1 T_18.153, 6;
    %dup/vec4;
    %pushi/vec4 154, 0, 8;
    %cmp/u;
    %jmp/1 T_18.154, 6;
    %dup/vec4;
    %pushi/vec4 155, 0, 8;
    %cmp/u;
    %jmp/1 T_18.155, 6;
    %dup/vec4;
    %pushi/vec4 156, 0, 8;
    %cmp/u;
    %jmp/1 T_18.156, 6;
    %dup/vec4;
    %pushi/vec4 157, 0, 8;
    %cmp/u;
    %jmp/1 T_18.157, 6;
    %dup/vec4;
    %pushi/vec4 158, 0, 8;
    %cmp/u;
    %jmp/1 T_18.158, 6;
    %dup/vec4;
    %pushi/vec4 159, 0, 8;
    %cmp/u;
    %jmp/1 T_18.159, 6;
    %dup/vec4;
    %pushi/vec4 160, 0, 8;
    %cmp/u;
    %jmp/1 T_18.160, 6;
    %dup/vec4;
    %pushi/vec4 161, 0, 8;
    %cmp/u;
    %jmp/1 T_18.161, 6;
    %dup/vec4;
    %pushi/vec4 162, 0, 8;
    %cmp/u;
    %jmp/1 T_18.162, 6;
    %dup/vec4;
    %pushi/vec4 163, 0, 8;
    %cmp/u;
    %jmp/1 T_18.163, 6;
    %dup/vec4;
    %pushi/vec4 164, 0, 8;
    %cmp/u;
    %jmp/1 T_18.164, 6;
    %dup/vec4;
    %pushi/vec4 165, 0, 8;
    %cmp/u;
    %jmp/1 T_18.165, 6;
    %dup/vec4;
    %pushi/vec4 166, 0, 8;
    %cmp/u;
    %jmp/1 T_18.166, 6;
    %dup/vec4;
    %pushi/vec4 167, 0, 8;
    %cmp/u;
    %jmp/1 T_18.167, 6;
    %dup/vec4;
    %pushi/vec4 168, 0, 8;
    %cmp/u;
    %jmp/1 T_18.168, 6;
    %dup/vec4;
    %pushi/vec4 169, 0, 8;
    %cmp/u;
    %jmp/1 T_18.169, 6;
    %dup/vec4;
    %pushi/vec4 170, 0, 8;
    %cmp/u;
    %jmp/1 T_18.170, 6;
    %dup/vec4;
    %pushi/vec4 171, 0, 8;
    %cmp/u;
    %jmp/1 T_18.171, 6;
    %dup/vec4;
    %pushi/vec4 172, 0, 8;
    %cmp/u;
    %jmp/1 T_18.172, 6;
    %dup/vec4;
    %pushi/vec4 173, 0, 8;
    %cmp/u;
    %jmp/1 T_18.173, 6;
    %dup/vec4;
    %pushi/vec4 174, 0, 8;
    %cmp/u;
    %jmp/1 T_18.174, 6;
    %dup/vec4;
    %pushi/vec4 175, 0, 8;
    %cmp/u;
    %jmp/1 T_18.175, 6;
    %dup/vec4;
    %pushi/vec4 176, 0, 8;
    %cmp/u;
    %jmp/1 T_18.176, 6;
    %dup/vec4;
    %pushi/vec4 177, 0, 8;
    %cmp/u;
    %jmp/1 T_18.177, 6;
    %dup/vec4;
    %pushi/vec4 178, 0, 8;
    %cmp/u;
    %jmp/1 T_18.178, 6;
    %dup/vec4;
    %pushi/vec4 179, 0, 8;
    %cmp/u;
    %jmp/1 T_18.179, 6;
    %dup/vec4;
    %pushi/vec4 180, 0, 8;
    %cmp/u;
    %jmp/1 T_18.180, 6;
    %dup/vec4;
    %pushi/vec4 181, 0, 8;
    %cmp/u;
    %jmp/1 T_18.181, 6;
    %dup/vec4;
    %pushi/vec4 182, 0, 8;
    %cmp/u;
    %jmp/1 T_18.182, 6;
    %dup/vec4;
    %pushi/vec4 183, 0, 8;
    %cmp/u;
    %jmp/1 T_18.183, 6;
    %dup/vec4;
    %pushi/vec4 184, 0, 8;
    %cmp/u;
    %jmp/1 T_18.184, 6;
    %dup/vec4;
    %pushi/vec4 185, 0, 8;
    %cmp/u;
    %jmp/1 T_18.185, 6;
    %dup/vec4;
    %pushi/vec4 186, 0, 8;
    %cmp/u;
    %jmp/1 T_18.186, 6;
    %dup/vec4;
    %pushi/vec4 187, 0, 8;
    %cmp/u;
    %jmp/1 T_18.187, 6;
    %dup/vec4;
    %pushi/vec4 188, 0, 8;
    %cmp/u;
    %jmp/1 T_18.188, 6;
    %dup/vec4;
    %pushi/vec4 189, 0, 8;
    %cmp/u;
    %jmp/1 T_18.189, 6;
    %dup/vec4;
    %pushi/vec4 190, 0, 8;
    %cmp/u;
    %jmp/1 T_18.190, 6;
    %dup/vec4;
    %pushi/vec4 191, 0, 8;
    %cmp/u;
    %jmp/1 T_18.191, 6;
    %dup/vec4;
    %pushi/vec4 192, 0, 8;
    %cmp/u;
    %jmp/1 T_18.192, 6;
    %dup/vec4;
    %pushi/vec4 193, 0, 8;
    %cmp/u;
    %jmp/1 T_18.193, 6;
    %dup/vec4;
    %pushi/vec4 194, 0, 8;
    %cmp/u;
    %jmp/1 T_18.194, 6;
    %dup/vec4;
    %pushi/vec4 195, 0, 8;
    %cmp/u;
    %jmp/1 T_18.195, 6;
    %dup/vec4;
    %pushi/vec4 196, 0, 8;
    %cmp/u;
    %jmp/1 T_18.196, 6;
    %dup/vec4;
    %pushi/vec4 197, 0, 8;
    %cmp/u;
    %jmp/1 T_18.197, 6;
    %dup/vec4;
    %pushi/vec4 198, 0, 8;
    %cmp/u;
    %jmp/1 T_18.198, 6;
    %dup/vec4;
    %pushi/vec4 199, 0, 8;
    %cmp/u;
    %jmp/1 T_18.199, 6;
    %dup/vec4;
    %pushi/vec4 200, 0, 8;
    %cmp/u;
    %jmp/1 T_18.200, 6;
    %dup/vec4;
    %pushi/vec4 201, 0, 8;
    %cmp/u;
    %jmp/1 T_18.201, 6;
    %dup/vec4;
    %pushi/vec4 202, 0, 8;
    %cmp/u;
    %jmp/1 T_18.202, 6;
    %dup/vec4;
    %pushi/vec4 203, 0, 8;
    %cmp/u;
    %jmp/1 T_18.203, 6;
    %dup/vec4;
    %pushi/vec4 204, 0, 8;
    %cmp/u;
    %jmp/1 T_18.204, 6;
    %dup/vec4;
    %pushi/vec4 205, 0, 8;
    %cmp/u;
    %jmp/1 T_18.205, 6;
    %dup/vec4;
    %pushi/vec4 206, 0, 8;
    %cmp/u;
    %jmp/1 T_18.206, 6;
    %dup/vec4;
    %pushi/vec4 207, 0, 8;
    %cmp/u;
    %jmp/1 T_18.207, 6;
    %dup/vec4;
    %pushi/vec4 208, 0, 8;
    %cmp/u;
    %jmp/1 T_18.208, 6;
    %dup/vec4;
    %pushi/vec4 209, 0, 8;
    %cmp/u;
    %jmp/1 T_18.209, 6;
    %dup/vec4;
    %pushi/vec4 210, 0, 8;
    %cmp/u;
    %jmp/1 T_18.210, 6;
    %dup/vec4;
    %pushi/vec4 211, 0, 8;
    %cmp/u;
    %jmp/1 T_18.211, 6;
    %dup/vec4;
    %pushi/vec4 212, 0, 8;
    %cmp/u;
    %jmp/1 T_18.212, 6;
    %dup/vec4;
    %pushi/vec4 213, 0, 8;
    %cmp/u;
    %jmp/1 T_18.213, 6;
    %dup/vec4;
    %pushi/vec4 214, 0, 8;
    %cmp/u;
    %jmp/1 T_18.214, 6;
    %dup/vec4;
    %pushi/vec4 215, 0, 8;
    %cmp/u;
    %jmp/1 T_18.215, 6;
    %dup/vec4;
    %pushi/vec4 216, 0, 8;
    %cmp/u;
    %jmp/1 T_18.216, 6;
    %dup/vec4;
    %pushi/vec4 217, 0, 8;
    %cmp/u;
    %jmp/1 T_18.217, 6;
    %dup/vec4;
    %pushi/vec4 218, 0, 8;
    %cmp/u;
    %jmp/1 T_18.218, 6;
    %dup/vec4;
    %pushi/vec4 219, 0, 8;
    %cmp/u;
    %jmp/1 T_18.219, 6;
    %dup/vec4;
    %pushi/vec4 220, 0, 8;
    %cmp/u;
    %jmp/1 T_18.220, 6;
    %dup/vec4;
    %pushi/vec4 221, 0, 8;
    %cmp/u;
    %jmp/1 T_18.221, 6;
    %dup/vec4;
    %pushi/vec4 222, 0, 8;
    %cmp/u;
    %jmp/1 T_18.222, 6;
    %dup/vec4;
    %pushi/vec4 223, 0, 8;
    %cmp/u;
    %jmp/1 T_18.223, 6;
    %dup/vec4;
    %pushi/vec4 224, 0, 8;
    %cmp/u;
    %jmp/1 T_18.224, 6;
    %dup/vec4;
    %pushi/vec4 225, 0, 8;
    %cmp/u;
    %jmp/1 T_18.225, 6;
    %dup/vec4;
    %pushi/vec4 226, 0, 8;
    %cmp/u;
    %jmp/1 T_18.226, 6;
    %dup/vec4;
    %pushi/vec4 227, 0, 8;
    %cmp/u;
    %jmp/1 T_18.227, 6;
    %dup/vec4;
    %pushi/vec4 228, 0, 8;
    %cmp/u;
    %jmp/1 T_18.228, 6;
    %dup/vec4;
    %pushi/vec4 229, 0, 8;
    %cmp/u;
    %jmp/1 T_18.229, 6;
    %dup/vec4;
    %pushi/vec4 230, 0, 8;
    %cmp/u;
    %jmp/1 T_18.230, 6;
    %dup/vec4;
    %pushi/vec4 231, 0, 8;
    %cmp/u;
    %jmp/1 T_18.231, 6;
    %dup/vec4;
    %pushi/vec4 232, 0, 8;
    %cmp/u;
    %jmp/1 T_18.232, 6;
    %dup/vec4;
    %pushi/vec4 233, 0, 8;
    %cmp/u;
    %jmp/1 T_18.233, 6;
    %dup/vec4;
    %pushi/vec4 234, 0, 8;
    %cmp/u;
    %jmp/1 T_18.234, 6;
    %dup/vec4;
    %pushi/vec4 235, 0, 8;
    %cmp/u;
    %jmp/1 T_18.235, 6;
    %dup/vec4;
    %pushi/vec4 236, 0, 8;
    %cmp/u;
    %jmp/1 T_18.236, 6;
    %dup/vec4;
    %pushi/vec4 237, 0, 8;
    %cmp/u;
    %jmp/1 T_18.237, 6;
    %dup/vec4;
    %pushi/vec4 238, 0, 8;
    %cmp/u;
    %jmp/1 T_18.238, 6;
    %dup/vec4;
    %pushi/vec4 239, 0, 8;
    %cmp/u;
    %jmp/1 T_18.239, 6;
    %dup/vec4;
    %pushi/vec4 240, 0, 8;
    %cmp/u;
    %jmp/1 T_18.240, 6;
    %dup/vec4;
    %pushi/vec4 241, 0, 8;
    %cmp/u;
    %jmp/1 T_18.241, 6;
    %dup/vec4;
    %pushi/vec4 242, 0, 8;
    %cmp/u;
    %jmp/1 T_18.242, 6;
    %dup/vec4;
    %pushi/vec4 243, 0, 8;
    %cmp/u;
    %jmp/1 T_18.243, 6;
    %dup/vec4;
    %pushi/vec4 244, 0, 8;
    %cmp/u;
    %jmp/1 T_18.244, 6;
    %dup/vec4;
    %pushi/vec4 245, 0, 8;
    %cmp/u;
    %jmp/1 T_18.245, 6;
    %dup/vec4;
    %pushi/vec4 246, 0, 8;
    %cmp/u;
    %jmp/1 T_18.246, 6;
    %dup/vec4;
    %pushi/vec4 247, 0, 8;
    %cmp/u;
    %jmp/1 T_18.247, 6;
    %dup/vec4;
    %pushi/vec4 248, 0, 8;
    %cmp/u;
    %jmp/1 T_18.248, 6;
    %dup/vec4;
    %pushi/vec4 249, 0, 8;
    %cmp/u;
    %jmp/1 T_18.249, 6;
    %dup/vec4;
    %pushi/vec4 250, 0, 8;
    %cmp/u;
    %jmp/1 T_18.250, 6;
    %dup/vec4;
    %pushi/vec4 251, 0, 8;
    %cmp/u;
    %jmp/1 T_18.251, 6;
    %dup/vec4;
    %pushi/vec4 252, 0, 8;
    %cmp/u;
    %jmp/1 T_18.252, 6;
    %dup/vec4;
    %pushi/vec4 253, 0, 8;
    %cmp/u;
    %jmp/1 T_18.253, 6;
    %dup/vec4;
    %pushi/vec4 254, 0, 8;
    %cmp/u;
    %jmp/1 T_18.254, 6;
    %dup/vec4;
    %pushi/vec4 255, 0, 8;
    %cmp/u;
    %jmp/1 T_18.255, 6;
    %jmp T_18.256;
T_18.0 ;
    %pushi/vec4 99, 0, 8;
    %store/vec4 v00000149b14471c0_0, 0, 8;
    %jmp T_18.256;
T_18.1 ;
    %pushi/vec4 124, 0, 8;
    %store/vec4 v00000149b14471c0_0, 0, 8;
    %jmp T_18.256;
T_18.2 ;
    %pushi/vec4 119, 0, 8;
    %store/vec4 v00000149b14471c0_0, 0, 8;
    %jmp T_18.256;
T_18.3 ;
    %pushi/vec4 123, 0, 8;
    %store/vec4 v00000149b14471c0_0, 0, 8;
    %jmp T_18.256;
T_18.4 ;
    %pushi/vec4 242, 0, 8;
    %store/vec4 v00000149b14471c0_0, 0, 8;
    %jmp T_18.256;
T_18.5 ;
    %pushi/vec4 107, 0, 8;
    %store/vec4 v00000149b14471c0_0, 0, 8;
    %jmp T_18.256;
T_18.6 ;
    %pushi/vec4 111, 0, 8;
    %store/vec4 v00000149b14471c0_0, 0, 8;
    %jmp T_18.256;
T_18.7 ;
    %pushi/vec4 197, 0, 8;
    %store/vec4 v00000149b14471c0_0, 0, 8;
    %jmp T_18.256;
T_18.8 ;
    %pushi/vec4 48, 0, 8;
    %store/vec4 v00000149b14471c0_0, 0, 8;
    %jmp T_18.256;
T_18.9 ;
    %pushi/vec4 1, 0, 8;
    %store/vec4 v00000149b14471c0_0, 0, 8;
    %jmp T_18.256;
T_18.10 ;
    %pushi/vec4 103, 0, 8;
    %store/vec4 v00000149b14471c0_0, 0, 8;
    %jmp T_18.256;
T_18.11 ;
    %pushi/vec4 43, 0, 8;
    %store/vec4 v00000149b14471c0_0, 0, 8;
    %jmp T_18.256;
T_18.12 ;
    %pushi/vec4 254, 0, 8;
    %store/vec4 v00000149b14471c0_0, 0, 8;
    %jmp T_18.256;
T_18.13 ;
    %pushi/vec4 215, 0, 8;
    %store/vec4 v00000149b14471c0_0, 0, 8;
    %jmp T_18.256;
T_18.14 ;
    %pushi/vec4 171, 0, 8;
    %store/vec4 v00000149b14471c0_0, 0, 8;
    %jmp T_18.256;
T_18.15 ;
    %pushi/vec4 118, 0, 8;
    %store/vec4 v00000149b14471c0_0, 0, 8;
    %jmp T_18.256;
T_18.16 ;
    %pushi/vec4 202, 0, 8;
    %store/vec4 v00000149b14471c0_0, 0, 8;
    %jmp T_18.256;
T_18.17 ;
    %pushi/vec4 130, 0, 8;
    %store/vec4 v00000149b14471c0_0, 0, 8;
    %jmp T_18.256;
T_18.18 ;
    %pushi/vec4 201, 0, 8;
    %store/vec4 v00000149b14471c0_0, 0, 8;
    %jmp T_18.256;
T_18.19 ;
    %pushi/vec4 125, 0, 8;
    %store/vec4 v00000149b14471c0_0, 0, 8;
    %jmp T_18.256;
T_18.20 ;
    %pushi/vec4 250, 0, 8;
    %store/vec4 v00000149b14471c0_0, 0, 8;
    %jmp T_18.256;
T_18.21 ;
    %pushi/vec4 89, 0, 8;
    %store/vec4 v00000149b14471c0_0, 0, 8;
    %jmp T_18.256;
T_18.22 ;
    %pushi/vec4 71, 0, 8;
    %store/vec4 v00000149b14471c0_0, 0, 8;
    %jmp T_18.256;
T_18.23 ;
    %pushi/vec4 240, 0, 8;
    %store/vec4 v00000149b14471c0_0, 0, 8;
    %jmp T_18.256;
T_18.24 ;
    %pushi/vec4 173, 0, 8;
    %store/vec4 v00000149b14471c0_0, 0, 8;
    %jmp T_18.256;
T_18.25 ;
    %pushi/vec4 212, 0, 8;
    %store/vec4 v00000149b14471c0_0, 0, 8;
    %jmp T_18.256;
T_18.26 ;
    %pushi/vec4 162, 0, 8;
    %store/vec4 v00000149b14471c0_0, 0, 8;
    %jmp T_18.256;
T_18.27 ;
    %pushi/vec4 175, 0, 8;
    %store/vec4 v00000149b14471c0_0, 0, 8;
    %jmp T_18.256;
T_18.28 ;
    %pushi/vec4 156, 0, 8;
    %store/vec4 v00000149b14471c0_0, 0, 8;
    %jmp T_18.256;
T_18.29 ;
    %pushi/vec4 164, 0, 8;
    %store/vec4 v00000149b14471c0_0, 0, 8;
    %jmp T_18.256;
T_18.30 ;
    %pushi/vec4 114, 0, 8;
    %store/vec4 v00000149b14471c0_0, 0, 8;
    %jmp T_18.256;
T_18.31 ;
    %pushi/vec4 192, 0, 8;
    %store/vec4 v00000149b14471c0_0, 0, 8;
    %jmp T_18.256;
T_18.32 ;
    %pushi/vec4 183, 0, 8;
    %store/vec4 v00000149b14471c0_0, 0, 8;
    %jmp T_18.256;
T_18.33 ;
    %pushi/vec4 253, 0, 8;
    %store/vec4 v00000149b14471c0_0, 0, 8;
    %jmp T_18.256;
T_18.34 ;
    %pushi/vec4 147, 0, 8;
    %store/vec4 v00000149b14471c0_0, 0, 8;
    %jmp T_18.256;
T_18.35 ;
    %pushi/vec4 38, 0, 8;
    %store/vec4 v00000149b14471c0_0, 0, 8;
    %jmp T_18.256;
T_18.36 ;
    %pushi/vec4 54, 0, 8;
    %store/vec4 v00000149b14471c0_0, 0, 8;
    %jmp T_18.256;
T_18.37 ;
    %pushi/vec4 63, 0, 8;
    %store/vec4 v00000149b14471c0_0, 0, 8;
    %jmp T_18.256;
T_18.38 ;
    %pushi/vec4 247, 0, 8;
    %store/vec4 v00000149b14471c0_0, 0, 8;
    %jmp T_18.256;
T_18.39 ;
    %pushi/vec4 204, 0, 8;
    %store/vec4 v00000149b14471c0_0, 0, 8;
    %jmp T_18.256;
T_18.40 ;
    %pushi/vec4 52, 0, 8;
    %store/vec4 v00000149b14471c0_0, 0, 8;
    %jmp T_18.256;
T_18.41 ;
    %pushi/vec4 165, 0, 8;
    %store/vec4 v00000149b14471c0_0, 0, 8;
    %jmp T_18.256;
T_18.42 ;
    %pushi/vec4 229, 0, 8;
    %store/vec4 v00000149b14471c0_0, 0, 8;
    %jmp T_18.256;
T_18.43 ;
    %pushi/vec4 241, 0, 8;
    %store/vec4 v00000149b14471c0_0, 0, 8;
    %jmp T_18.256;
T_18.44 ;
    %pushi/vec4 113, 0, 8;
    %store/vec4 v00000149b14471c0_0, 0, 8;
    %jmp T_18.256;
T_18.45 ;
    %pushi/vec4 216, 0, 8;
    %store/vec4 v00000149b14471c0_0, 0, 8;
    %jmp T_18.256;
T_18.46 ;
    %pushi/vec4 49, 0, 8;
    %store/vec4 v00000149b14471c0_0, 0, 8;
    %jmp T_18.256;
T_18.47 ;
    %pushi/vec4 21, 0, 8;
    %store/vec4 v00000149b14471c0_0, 0, 8;
    %jmp T_18.256;
T_18.48 ;
    %pushi/vec4 4, 0, 8;
    %store/vec4 v00000149b14471c0_0, 0, 8;
    %jmp T_18.256;
T_18.49 ;
    %pushi/vec4 199, 0, 8;
    %store/vec4 v00000149b14471c0_0, 0, 8;
    %jmp T_18.256;
T_18.50 ;
    %pushi/vec4 35, 0, 8;
    %store/vec4 v00000149b14471c0_0, 0, 8;
    %jmp T_18.256;
T_18.51 ;
    %pushi/vec4 195, 0, 8;
    %store/vec4 v00000149b14471c0_0, 0, 8;
    %jmp T_18.256;
T_18.52 ;
    %pushi/vec4 24, 0, 8;
    %store/vec4 v00000149b14471c0_0, 0, 8;
    %jmp T_18.256;
T_18.53 ;
    %pushi/vec4 150, 0, 8;
    %store/vec4 v00000149b14471c0_0, 0, 8;
    %jmp T_18.256;
T_18.54 ;
    %pushi/vec4 5, 0, 8;
    %store/vec4 v00000149b14471c0_0, 0, 8;
    %jmp T_18.256;
T_18.55 ;
    %pushi/vec4 154, 0, 8;
    %store/vec4 v00000149b14471c0_0, 0, 8;
    %jmp T_18.256;
T_18.56 ;
    %pushi/vec4 7, 0, 8;
    %store/vec4 v00000149b14471c0_0, 0, 8;
    %jmp T_18.256;
T_18.57 ;
    %pushi/vec4 18, 0, 8;
    %store/vec4 v00000149b14471c0_0, 0, 8;
    %jmp T_18.256;
T_18.58 ;
    %pushi/vec4 128, 0, 8;
    %store/vec4 v00000149b14471c0_0, 0, 8;
    %jmp T_18.256;
T_18.59 ;
    %pushi/vec4 226, 0, 8;
    %store/vec4 v00000149b14471c0_0, 0, 8;
    %jmp T_18.256;
T_18.60 ;
    %pushi/vec4 235, 0, 8;
    %store/vec4 v00000149b14471c0_0, 0, 8;
    %jmp T_18.256;
T_18.61 ;
    %pushi/vec4 39, 0, 8;
    %store/vec4 v00000149b14471c0_0, 0, 8;
    %jmp T_18.256;
T_18.62 ;
    %pushi/vec4 178, 0, 8;
    %store/vec4 v00000149b14471c0_0, 0, 8;
    %jmp T_18.256;
T_18.63 ;
    %pushi/vec4 117, 0, 8;
    %store/vec4 v00000149b14471c0_0, 0, 8;
    %jmp T_18.256;
T_18.64 ;
    %pushi/vec4 9, 0, 8;
    %store/vec4 v00000149b14471c0_0, 0, 8;
    %jmp T_18.256;
T_18.65 ;
    %pushi/vec4 131, 0, 8;
    %store/vec4 v00000149b14471c0_0, 0, 8;
    %jmp T_18.256;
T_18.66 ;
    %pushi/vec4 44, 0, 8;
    %store/vec4 v00000149b14471c0_0, 0, 8;
    %jmp T_18.256;
T_18.67 ;
    %pushi/vec4 26, 0, 8;
    %store/vec4 v00000149b14471c0_0, 0, 8;
    %jmp T_18.256;
T_18.68 ;
    %pushi/vec4 27, 0, 8;
    %store/vec4 v00000149b14471c0_0, 0, 8;
    %jmp T_18.256;
T_18.69 ;
    %pushi/vec4 110, 0, 8;
    %store/vec4 v00000149b14471c0_0, 0, 8;
    %jmp T_18.256;
T_18.70 ;
    %pushi/vec4 90, 0, 8;
    %store/vec4 v00000149b14471c0_0, 0, 8;
    %jmp T_18.256;
T_18.71 ;
    %pushi/vec4 160, 0, 8;
    %store/vec4 v00000149b14471c0_0, 0, 8;
    %jmp T_18.256;
T_18.72 ;
    %pushi/vec4 82, 0, 8;
    %store/vec4 v00000149b14471c0_0, 0, 8;
    %jmp T_18.256;
T_18.73 ;
    %pushi/vec4 59, 0, 8;
    %store/vec4 v00000149b14471c0_0, 0, 8;
    %jmp T_18.256;
T_18.74 ;
    %pushi/vec4 214, 0, 8;
    %store/vec4 v00000149b14471c0_0, 0, 8;
    %jmp T_18.256;
T_18.75 ;
    %pushi/vec4 179, 0, 8;
    %store/vec4 v00000149b14471c0_0, 0, 8;
    %jmp T_18.256;
T_18.76 ;
    %pushi/vec4 41, 0, 8;
    %store/vec4 v00000149b14471c0_0, 0, 8;
    %jmp T_18.256;
T_18.77 ;
    %pushi/vec4 227, 0, 8;
    %store/vec4 v00000149b14471c0_0, 0, 8;
    %jmp T_18.256;
T_18.78 ;
    %pushi/vec4 47, 0, 8;
    %store/vec4 v00000149b14471c0_0, 0, 8;
    %jmp T_18.256;
T_18.79 ;
    %pushi/vec4 132, 0, 8;
    %store/vec4 v00000149b14471c0_0, 0, 8;
    %jmp T_18.256;
T_18.80 ;
    %pushi/vec4 83, 0, 8;
    %store/vec4 v00000149b14471c0_0, 0, 8;
    %jmp T_18.256;
T_18.81 ;
    %pushi/vec4 209, 0, 8;
    %store/vec4 v00000149b14471c0_0, 0, 8;
    %jmp T_18.256;
T_18.82 ;
    %pushi/vec4 0, 0, 8;
    %store/vec4 v00000149b14471c0_0, 0, 8;
    %jmp T_18.256;
T_18.83 ;
    %pushi/vec4 237, 0, 8;
    %store/vec4 v00000149b14471c0_0, 0, 8;
    %jmp T_18.256;
T_18.84 ;
    %pushi/vec4 32, 0, 8;
    %store/vec4 v00000149b14471c0_0, 0, 8;
    %jmp T_18.256;
T_18.85 ;
    %pushi/vec4 252, 0, 8;
    %store/vec4 v00000149b14471c0_0, 0, 8;
    %jmp T_18.256;
T_18.86 ;
    %pushi/vec4 177, 0, 8;
    %store/vec4 v00000149b14471c0_0, 0, 8;
    %jmp T_18.256;
T_18.87 ;
    %pushi/vec4 91, 0, 8;
    %store/vec4 v00000149b14471c0_0, 0, 8;
    %jmp T_18.256;
T_18.88 ;
    %pushi/vec4 106, 0, 8;
    %store/vec4 v00000149b14471c0_0, 0, 8;
    %jmp T_18.256;
T_18.89 ;
    %pushi/vec4 203, 0, 8;
    %store/vec4 v00000149b14471c0_0, 0, 8;
    %jmp T_18.256;
T_18.90 ;
    %pushi/vec4 190, 0, 8;
    %store/vec4 v00000149b14471c0_0, 0, 8;
    %jmp T_18.256;
T_18.91 ;
    %pushi/vec4 57, 0, 8;
    %store/vec4 v00000149b14471c0_0, 0, 8;
    %jmp T_18.256;
T_18.92 ;
    %pushi/vec4 74, 0, 8;
    %store/vec4 v00000149b14471c0_0, 0, 8;
    %jmp T_18.256;
T_18.93 ;
    %pushi/vec4 76, 0, 8;
    %store/vec4 v00000149b14471c0_0, 0, 8;
    %jmp T_18.256;
T_18.94 ;
    %pushi/vec4 88, 0, 8;
    %store/vec4 v00000149b14471c0_0, 0, 8;
    %jmp T_18.256;
T_18.95 ;
    %pushi/vec4 207, 0, 8;
    %store/vec4 v00000149b14471c0_0, 0, 8;
    %jmp T_18.256;
T_18.96 ;
    %pushi/vec4 208, 0, 8;
    %store/vec4 v00000149b14471c0_0, 0, 8;
    %jmp T_18.256;
T_18.97 ;
    %pushi/vec4 239, 0, 8;
    %store/vec4 v00000149b14471c0_0, 0, 8;
    %jmp T_18.256;
T_18.98 ;
    %pushi/vec4 170, 0, 8;
    %store/vec4 v00000149b14471c0_0, 0, 8;
    %jmp T_18.256;
T_18.99 ;
    %pushi/vec4 251, 0, 8;
    %store/vec4 v00000149b14471c0_0, 0, 8;
    %jmp T_18.256;
T_18.100 ;
    %pushi/vec4 67, 0, 8;
    %store/vec4 v00000149b14471c0_0, 0, 8;
    %jmp T_18.256;
T_18.101 ;
    %pushi/vec4 77, 0, 8;
    %store/vec4 v00000149b14471c0_0, 0, 8;
    %jmp T_18.256;
T_18.102 ;
    %pushi/vec4 51, 0, 8;
    %store/vec4 v00000149b14471c0_0, 0, 8;
    %jmp T_18.256;
T_18.103 ;
    %pushi/vec4 133, 0, 8;
    %store/vec4 v00000149b14471c0_0, 0, 8;
    %jmp T_18.256;
T_18.104 ;
    %pushi/vec4 69, 0, 8;
    %store/vec4 v00000149b14471c0_0, 0, 8;
    %jmp T_18.256;
T_18.105 ;
    %pushi/vec4 249, 0, 8;
    %store/vec4 v00000149b14471c0_0, 0, 8;
    %jmp T_18.256;
T_18.106 ;
    %pushi/vec4 2, 0, 8;
    %store/vec4 v00000149b14471c0_0, 0, 8;
    %jmp T_18.256;
T_18.107 ;
    %pushi/vec4 127, 0, 8;
    %store/vec4 v00000149b14471c0_0, 0, 8;
    %jmp T_18.256;
T_18.108 ;
    %pushi/vec4 80, 0, 8;
    %store/vec4 v00000149b14471c0_0, 0, 8;
    %jmp T_18.256;
T_18.109 ;
    %pushi/vec4 60, 0, 8;
    %store/vec4 v00000149b14471c0_0, 0, 8;
    %jmp T_18.256;
T_18.110 ;
    %pushi/vec4 159, 0, 8;
    %store/vec4 v00000149b14471c0_0, 0, 8;
    %jmp T_18.256;
T_18.111 ;
    %pushi/vec4 168, 0, 8;
    %store/vec4 v00000149b14471c0_0, 0, 8;
    %jmp T_18.256;
T_18.112 ;
    %pushi/vec4 81, 0, 8;
    %store/vec4 v00000149b14471c0_0, 0, 8;
    %jmp T_18.256;
T_18.113 ;
    %pushi/vec4 163, 0, 8;
    %store/vec4 v00000149b14471c0_0, 0, 8;
    %jmp T_18.256;
T_18.114 ;
    %pushi/vec4 64, 0, 8;
    %store/vec4 v00000149b14471c0_0, 0, 8;
    %jmp T_18.256;
T_18.115 ;
    %pushi/vec4 143, 0, 8;
    %store/vec4 v00000149b14471c0_0, 0, 8;
    %jmp T_18.256;
T_18.116 ;
    %pushi/vec4 146, 0, 8;
    %store/vec4 v00000149b14471c0_0, 0, 8;
    %jmp T_18.256;
T_18.117 ;
    %pushi/vec4 157, 0, 8;
    %store/vec4 v00000149b14471c0_0, 0, 8;
    %jmp T_18.256;
T_18.118 ;
    %pushi/vec4 56, 0, 8;
    %store/vec4 v00000149b14471c0_0, 0, 8;
    %jmp T_18.256;
T_18.119 ;
    %pushi/vec4 245, 0, 8;
    %store/vec4 v00000149b14471c0_0, 0, 8;
    %jmp T_18.256;
T_18.120 ;
    %pushi/vec4 188, 0, 8;
    %store/vec4 v00000149b14471c0_0, 0, 8;
    %jmp T_18.256;
T_18.121 ;
    %pushi/vec4 182, 0, 8;
    %store/vec4 v00000149b14471c0_0, 0, 8;
    %jmp T_18.256;
T_18.122 ;
    %pushi/vec4 218, 0, 8;
    %store/vec4 v00000149b14471c0_0, 0, 8;
    %jmp T_18.256;
T_18.123 ;
    %pushi/vec4 33, 0, 8;
    %store/vec4 v00000149b14471c0_0, 0, 8;
    %jmp T_18.256;
T_18.124 ;
    %pushi/vec4 16, 0, 8;
    %store/vec4 v00000149b14471c0_0, 0, 8;
    %jmp T_18.256;
T_18.125 ;
    %pushi/vec4 255, 0, 8;
    %store/vec4 v00000149b14471c0_0, 0, 8;
    %jmp T_18.256;
T_18.126 ;
    %pushi/vec4 243, 0, 8;
    %store/vec4 v00000149b14471c0_0, 0, 8;
    %jmp T_18.256;
T_18.127 ;
    %pushi/vec4 210, 0, 8;
    %store/vec4 v00000149b14471c0_0, 0, 8;
    %jmp T_18.256;
T_18.128 ;
    %pushi/vec4 205, 0, 8;
    %store/vec4 v00000149b14471c0_0, 0, 8;
    %jmp T_18.256;
T_18.129 ;
    %pushi/vec4 12, 0, 8;
    %store/vec4 v00000149b14471c0_0, 0, 8;
    %jmp T_18.256;
T_18.130 ;
    %pushi/vec4 19, 0, 8;
    %store/vec4 v00000149b14471c0_0, 0, 8;
    %jmp T_18.256;
T_18.131 ;
    %pushi/vec4 236, 0, 8;
    %store/vec4 v00000149b14471c0_0, 0, 8;
    %jmp T_18.256;
T_18.132 ;
    %pushi/vec4 95, 0, 8;
    %store/vec4 v00000149b14471c0_0, 0, 8;
    %jmp T_18.256;
T_18.133 ;
    %pushi/vec4 151, 0, 8;
    %store/vec4 v00000149b14471c0_0, 0, 8;
    %jmp T_18.256;
T_18.134 ;
    %pushi/vec4 68, 0, 8;
    %store/vec4 v00000149b14471c0_0, 0, 8;
    %jmp T_18.256;
T_18.135 ;
    %pushi/vec4 23, 0, 8;
    %store/vec4 v00000149b14471c0_0, 0, 8;
    %jmp T_18.256;
T_18.136 ;
    %pushi/vec4 196, 0, 8;
    %store/vec4 v00000149b14471c0_0, 0, 8;
    %jmp T_18.256;
T_18.137 ;
    %pushi/vec4 167, 0, 8;
    %store/vec4 v00000149b14471c0_0, 0, 8;
    %jmp T_18.256;
T_18.138 ;
    %pushi/vec4 126, 0, 8;
    %store/vec4 v00000149b14471c0_0, 0, 8;
    %jmp T_18.256;
T_18.139 ;
    %pushi/vec4 61, 0, 8;
    %store/vec4 v00000149b14471c0_0, 0, 8;
    %jmp T_18.256;
T_18.140 ;
    %pushi/vec4 100, 0, 8;
    %store/vec4 v00000149b14471c0_0, 0, 8;
    %jmp T_18.256;
T_18.141 ;
    %pushi/vec4 93, 0, 8;
    %store/vec4 v00000149b14471c0_0, 0, 8;
    %jmp T_18.256;
T_18.142 ;
    %pushi/vec4 25, 0, 8;
    %store/vec4 v00000149b14471c0_0, 0, 8;
    %jmp T_18.256;
T_18.143 ;
    %pushi/vec4 115, 0, 8;
    %store/vec4 v00000149b14471c0_0, 0, 8;
    %jmp T_18.256;
T_18.144 ;
    %pushi/vec4 96, 0, 8;
    %store/vec4 v00000149b14471c0_0, 0, 8;
    %jmp T_18.256;
T_18.145 ;
    %pushi/vec4 129, 0, 8;
    %store/vec4 v00000149b14471c0_0, 0, 8;
    %jmp T_18.256;
T_18.146 ;
    %pushi/vec4 79, 0, 8;
    %store/vec4 v00000149b14471c0_0, 0, 8;
    %jmp T_18.256;
T_18.147 ;
    %pushi/vec4 220, 0, 8;
    %store/vec4 v00000149b14471c0_0, 0, 8;
    %jmp T_18.256;
T_18.148 ;
    %pushi/vec4 34, 0, 8;
    %store/vec4 v00000149b14471c0_0, 0, 8;
    %jmp T_18.256;
T_18.149 ;
    %pushi/vec4 42, 0, 8;
    %store/vec4 v00000149b14471c0_0, 0, 8;
    %jmp T_18.256;
T_18.150 ;
    %pushi/vec4 144, 0, 8;
    %store/vec4 v00000149b14471c0_0, 0, 8;
    %jmp T_18.256;
T_18.151 ;
    %pushi/vec4 136, 0, 8;
    %store/vec4 v00000149b14471c0_0, 0, 8;
    %jmp T_18.256;
T_18.152 ;
    %pushi/vec4 70, 0, 8;
    %store/vec4 v00000149b14471c0_0, 0, 8;
    %jmp T_18.256;
T_18.153 ;
    %pushi/vec4 238, 0, 8;
    %store/vec4 v00000149b14471c0_0, 0, 8;
    %jmp T_18.256;
T_18.154 ;
    %pushi/vec4 184, 0, 8;
    %store/vec4 v00000149b14471c0_0, 0, 8;
    %jmp T_18.256;
T_18.155 ;
    %pushi/vec4 20, 0, 8;
    %store/vec4 v00000149b14471c0_0, 0, 8;
    %jmp T_18.256;
T_18.156 ;
    %pushi/vec4 222, 0, 8;
    %store/vec4 v00000149b14471c0_0, 0, 8;
    %jmp T_18.256;
T_18.157 ;
    %pushi/vec4 94, 0, 8;
    %store/vec4 v00000149b14471c0_0, 0, 8;
    %jmp T_18.256;
T_18.158 ;
    %pushi/vec4 11, 0, 8;
    %store/vec4 v00000149b14471c0_0, 0, 8;
    %jmp T_18.256;
T_18.159 ;
    %pushi/vec4 219, 0, 8;
    %store/vec4 v00000149b14471c0_0, 0, 8;
    %jmp T_18.256;
T_18.160 ;
    %pushi/vec4 224, 0, 8;
    %store/vec4 v00000149b14471c0_0, 0, 8;
    %jmp T_18.256;
T_18.161 ;
    %pushi/vec4 50, 0, 8;
    %store/vec4 v00000149b14471c0_0, 0, 8;
    %jmp T_18.256;
T_18.162 ;
    %pushi/vec4 58, 0, 8;
    %store/vec4 v00000149b14471c0_0, 0, 8;
    %jmp T_18.256;
T_18.163 ;
    %pushi/vec4 10, 0, 8;
    %store/vec4 v00000149b14471c0_0, 0, 8;
    %jmp T_18.256;
T_18.164 ;
    %pushi/vec4 73, 0, 8;
    %store/vec4 v00000149b14471c0_0, 0, 8;
    %jmp T_18.256;
T_18.165 ;
    %pushi/vec4 6, 0, 8;
    %store/vec4 v00000149b14471c0_0, 0, 8;
    %jmp T_18.256;
T_18.166 ;
    %pushi/vec4 36, 0, 8;
    %store/vec4 v00000149b14471c0_0, 0, 8;
    %jmp T_18.256;
T_18.167 ;
    %pushi/vec4 92, 0, 8;
    %store/vec4 v00000149b14471c0_0, 0, 8;
    %jmp T_18.256;
T_18.168 ;
    %pushi/vec4 194, 0, 8;
    %store/vec4 v00000149b14471c0_0, 0, 8;
    %jmp T_18.256;
T_18.169 ;
    %pushi/vec4 211, 0, 8;
    %store/vec4 v00000149b14471c0_0, 0, 8;
    %jmp T_18.256;
T_18.170 ;
    %pushi/vec4 172, 0, 8;
    %store/vec4 v00000149b14471c0_0, 0, 8;
    %jmp T_18.256;
T_18.171 ;
    %pushi/vec4 98, 0, 8;
    %store/vec4 v00000149b14471c0_0, 0, 8;
    %jmp T_18.256;
T_18.172 ;
    %pushi/vec4 145, 0, 8;
    %store/vec4 v00000149b14471c0_0, 0, 8;
    %jmp T_18.256;
T_18.173 ;
    %pushi/vec4 149, 0, 8;
    %store/vec4 v00000149b14471c0_0, 0, 8;
    %jmp T_18.256;
T_18.174 ;
    %pushi/vec4 228, 0, 8;
    %store/vec4 v00000149b14471c0_0, 0, 8;
    %jmp T_18.256;
T_18.175 ;
    %pushi/vec4 121, 0, 8;
    %store/vec4 v00000149b14471c0_0, 0, 8;
    %jmp T_18.256;
T_18.176 ;
    %pushi/vec4 231, 0, 8;
    %store/vec4 v00000149b14471c0_0, 0, 8;
    %jmp T_18.256;
T_18.177 ;
    %pushi/vec4 200, 0, 8;
    %store/vec4 v00000149b14471c0_0, 0, 8;
    %jmp T_18.256;
T_18.178 ;
    %pushi/vec4 55, 0, 8;
    %store/vec4 v00000149b14471c0_0, 0, 8;
    %jmp T_18.256;
T_18.179 ;
    %pushi/vec4 109, 0, 8;
    %store/vec4 v00000149b14471c0_0, 0, 8;
    %jmp T_18.256;
T_18.180 ;
    %pushi/vec4 141, 0, 8;
    %store/vec4 v00000149b14471c0_0, 0, 8;
    %jmp T_18.256;
T_18.181 ;
    %pushi/vec4 213, 0, 8;
    %store/vec4 v00000149b14471c0_0, 0, 8;
    %jmp T_18.256;
T_18.182 ;
    %pushi/vec4 78, 0, 8;
    %store/vec4 v00000149b14471c0_0, 0, 8;
    %jmp T_18.256;
T_18.183 ;
    %pushi/vec4 169, 0, 8;
    %store/vec4 v00000149b14471c0_0, 0, 8;
    %jmp T_18.256;
T_18.184 ;
    %pushi/vec4 108, 0, 8;
    %store/vec4 v00000149b14471c0_0, 0, 8;
    %jmp T_18.256;
T_18.185 ;
    %pushi/vec4 86, 0, 8;
    %store/vec4 v00000149b14471c0_0, 0, 8;
    %jmp T_18.256;
T_18.186 ;
    %pushi/vec4 244, 0, 8;
    %store/vec4 v00000149b14471c0_0, 0, 8;
    %jmp T_18.256;
T_18.187 ;
    %pushi/vec4 234, 0, 8;
    %store/vec4 v00000149b14471c0_0, 0, 8;
    %jmp T_18.256;
T_18.188 ;
    %pushi/vec4 101, 0, 8;
    %store/vec4 v00000149b14471c0_0, 0, 8;
    %jmp T_18.256;
T_18.189 ;
    %pushi/vec4 122, 0, 8;
    %store/vec4 v00000149b14471c0_0, 0, 8;
    %jmp T_18.256;
T_18.190 ;
    %pushi/vec4 174, 0, 8;
    %store/vec4 v00000149b14471c0_0, 0, 8;
    %jmp T_18.256;
T_18.191 ;
    %pushi/vec4 8, 0, 8;
    %store/vec4 v00000149b14471c0_0, 0, 8;
    %jmp T_18.256;
T_18.192 ;
    %pushi/vec4 186, 0, 8;
    %store/vec4 v00000149b14471c0_0, 0, 8;
    %jmp T_18.256;
T_18.193 ;
    %pushi/vec4 120, 0, 8;
    %store/vec4 v00000149b14471c0_0, 0, 8;
    %jmp T_18.256;
T_18.194 ;
    %pushi/vec4 37, 0, 8;
    %store/vec4 v00000149b14471c0_0, 0, 8;
    %jmp T_18.256;
T_18.195 ;
    %pushi/vec4 46, 0, 8;
    %store/vec4 v00000149b14471c0_0, 0, 8;
    %jmp T_18.256;
T_18.196 ;
    %pushi/vec4 28, 0, 8;
    %store/vec4 v00000149b14471c0_0, 0, 8;
    %jmp T_18.256;
T_18.197 ;
    %pushi/vec4 166, 0, 8;
    %store/vec4 v00000149b14471c0_0, 0, 8;
    %jmp T_18.256;
T_18.198 ;
    %pushi/vec4 180, 0, 8;
    %store/vec4 v00000149b14471c0_0, 0, 8;
    %jmp T_18.256;
T_18.199 ;
    %pushi/vec4 198, 0, 8;
    %store/vec4 v00000149b14471c0_0, 0, 8;
    %jmp T_18.256;
T_18.200 ;
    %pushi/vec4 232, 0, 8;
    %store/vec4 v00000149b14471c0_0, 0, 8;
    %jmp T_18.256;
T_18.201 ;
    %pushi/vec4 221, 0, 8;
    %store/vec4 v00000149b14471c0_0, 0, 8;
    %jmp T_18.256;
T_18.202 ;
    %pushi/vec4 116, 0, 8;
    %store/vec4 v00000149b14471c0_0, 0, 8;
    %jmp T_18.256;
T_18.203 ;
    %pushi/vec4 31, 0, 8;
    %store/vec4 v00000149b14471c0_0, 0, 8;
    %jmp T_18.256;
T_18.204 ;
    %pushi/vec4 75, 0, 8;
    %store/vec4 v00000149b14471c0_0, 0, 8;
    %jmp T_18.256;
T_18.205 ;
    %pushi/vec4 189, 0, 8;
    %store/vec4 v00000149b14471c0_0, 0, 8;
    %jmp T_18.256;
T_18.206 ;
    %pushi/vec4 139, 0, 8;
    %store/vec4 v00000149b14471c0_0, 0, 8;
    %jmp T_18.256;
T_18.207 ;
    %pushi/vec4 138, 0, 8;
    %store/vec4 v00000149b14471c0_0, 0, 8;
    %jmp T_18.256;
T_18.208 ;
    %pushi/vec4 112, 0, 8;
    %store/vec4 v00000149b14471c0_0, 0, 8;
    %jmp T_18.256;
T_18.209 ;
    %pushi/vec4 62, 0, 8;
    %store/vec4 v00000149b14471c0_0, 0, 8;
    %jmp T_18.256;
T_18.210 ;
    %pushi/vec4 181, 0, 8;
    %store/vec4 v00000149b14471c0_0, 0, 8;
    %jmp T_18.256;
T_18.211 ;
    %pushi/vec4 102, 0, 8;
    %store/vec4 v00000149b14471c0_0, 0, 8;
    %jmp T_18.256;
T_18.212 ;
    %pushi/vec4 72, 0, 8;
    %store/vec4 v00000149b14471c0_0, 0, 8;
    %jmp T_18.256;
T_18.213 ;
    %pushi/vec4 3, 0, 8;
    %store/vec4 v00000149b14471c0_0, 0, 8;
    %jmp T_18.256;
T_18.214 ;
    %pushi/vec4 246, 0, 8;
    %store/vec4 v00000149b14471c0_0, 0, 8;
    %jmp T_18.256;
T_18.215 ;
    %pushi/vec4 14, 0, 8;
    %store/vec4 v00000149b14471c0_0, 0, 8;
    %jmp T_18.256;
T_18.216 ;
    %pushi/vec4 97, 0, 8;
    %store/vec4 v00000149b14471c0_0, 0, 8;
    %jmp T_18.256;
T_18.217 ;
    %pushi/vec4 53, 0, 8;
    %store/vec4 v00000149b14471c0_0, 0, 8;
    %jmp T_18.256;
T_18.218 ;
    %pushi/vec4 87, 0, 8;
    %store/vec4 v00000149b14471c0_0, 0, 8;
    %jmp T_18.256;
T_18.219 ;
    %pushi/vec4 185, 0, 8;
    %store/vec4 v00000149b14471c0_0, 0, 8;
    %jmp T_18.256;
T_18.220 ;
    %pushi/vec4 134, 0, 8;
    %store/vec4 v00000149b14471c0_0, 0, 8;
    %jmp T_18.256;
T_18.221 ;
    %pushi/vec4 193, 0, 8;
    %store/vec4 v00000149b14471c0_0, 0, 8;
    %jmp T_18.256;
T_18.222 ;
    %pushi/vec4 29, 0, 8;
    %store/vec4 v00000149b14471c0_0, 0, 8;
    %jmp T_18.256;
T_18.223 ;
    %pushi/vec4 158, 0, 8;
    %store/vec4 v00000149b14471c0_0, 0, 8;
    %jmp T_18.256;
T_18.224 ;
    %pushi/vec4 225, 0, 8;
    %store/vec4 v00000149b14471c0_0, 0, 8;
    %jmp T_18.256;
T_18.225 ;
    %pushi/vec4 248, 0, 8;
    %store/vec4 v00000149b14471c0_0, 0, 8;
    %jmp T_18.256;
T_18.226 ;
    %pushi/vec4 152, 0, 8;
    %store/vec4 v00000149b14471c0_0, 0, 8;
    %jmp T_18.256;
T_18.227 ;
    %pushi/vec4 17, 0, 8;
    %store/vec4 v00000149b14471c0_0, 0, 8;
    %jmp T_18.256;
T_18.228 ;
    %pushi/vec4 105, 0, 8;
    %store/vec4 v00000149b14471c0_0, 0, 8;
    %jmp T_18.256;
T_18.229 ;
    %pushi/vec4 217, 0, 8;
    %store/vec4 v00000149b14471c0_0, 0, 8;
    %jmp T_18.256;
T_18.230 ;
    %pushi/vec4 142, 0, 8;
    %store/vec4 v00000149b14471c0_0, 0, 8;
    %jmp T_18.256;
T_18.231 ;
    %pushi/vec4 148, 0, 8;
    %store/vec4 v00000149b14471c0_0, 0, 8;
    %jmp T_18.256;
T_18.232 ;
    %pushi/vec4 155, 0, 8;
    %store/vec4 v00000149b14471c0_0, 0, 8;
    %jmp T_18.256;
T_18.233 ;
    %pushi/vec4 30, 0, 8;
    %store/vec4 v00000149b14471c0_0, 0, 8;
    %jmp T_18.256;
T_18.234 ;
    %pushi/vec4 135, 0, 8;
    %store/vec4 v00000149b14471c0_0, 0, 8;
    %jmp T_18.256;
T_18.235 ;
    %pushi/vec4 233, 0, 8;
    %store/vec4 v00000149b14471c0_0, 0, 8;
    %jmp T_18.256;
T_18.236 ;
    %pushi/vec4 206, 0, 8;
    %store/vec4 v00000149b14471c0_0, 0, 8;
    %jmp T_18.256;
T_18.237 ;
    %pushi/vec4 85, 0, 8;
    %store/vec4 v00000149b14471c0_0, 0, 8;
    %jmp T_18.256;
T_18.238 ;
    %pushi/vec4 40, 0, 8;
    %store/vec4 v00000149b14471c0_0, 0, 8;
    %jmp T_18.256;
T_18.239 ;
    %pushi/vec4 223, 0, 8;
    %store/vec4 v00000149b14471c0_0, 0, 8;
    %jmp T_18.256;
T_18.240 ;
    %pushi/vec4 140, 0, 8;
    %store/vec4 v00000149b14471c0_0, 0, 8;
    %jmp T_18.256;
T_18.241 ;
    %pushi/vec4 161, 0, 8;
    %store/vec4 v00000149b14471c0_0, 0, 8;
    %jmp T_18.256;
T_18.242 ;
    %pushi/vec4 137, 0, 8;
    %store/vec4 v00000149b14471c0_0, 0, 8;
    %jmp T_18.256;
T_18.243 ;
    %pushi/vec4 13, 0, 8;
    %store/vec4 v00000149b14471c0_0, 0, 8;
    %jmp T_18.256;
T_18.244 ;
    %pushi/vec4 191, 0, 8;
    %store/vec4 v00000149b14471c0_0, 0, 8;
    %jmp T_18.256;
T_18.245 ;
    %pushi/vec4 230, 0, 8;
    %store/vec4 v00000149b14471c0_0, 0, 8;
    %jmp T_18.256;
T_18.246 ;
    %pushi/vec4 66, 0, 8;
    %store/vec4 v00000149b14471c0_0, 0, 8;
    %jmp T_18.256;
T_18.247 ;
    %pushi/vec4 104, 0, 8;
    %store/vec4 v00000149b14471c0_0, 0, 8;
    %jmp T_18.256;
T_18.248 ;
    %pushi/vec4 65, 0, 8;
    %store/vec4 v00000149b14471c0_0, 0, 8;
    %jmp T_18.256;
T_18.249 ;
    %pushi/vec4 153, 0, 8;
    %store/vec4 v00000149b14471c0_0, 0, 8;
    %jmp T_18.256;
T_18.250 ;
    %pushi/vec4 45, 0, 8;
    %store/vec4 v00000149b14471c0_0, 0, 8;
    %jmp T_18.256;
T_18.251 ;
    %pushi/vec4 15, 0, 8;
    %store/vec4 v00000149b14471c0_0, 0, 8;
    %jmp T_18.256;
T_18.252 ;
    %pushi/vec4 176, 0, 8;
    %store/vec4 v00000149b14471c0_0, 0, 8;
    %jmp T_18.256;
T_18.253 ;
    %pushi/vec4 84, 0, 8;
    %store/vec4 v00000149b14471c0_0, 0, 8;
    %jmp T_18.256;
T_18.254 ;
    %pushi/vec4 187, 0, 8;
    %store/vec4 v00000149b14471c0_0, 0, 8;
    %jmp T_18.256;
T_18.255 ;
    %pushi/vec4 22, 0, 8;
    %store/vec4 v00000149b14471c0_0, 0, 8;
    %jmp T_18.256;
T_18.256 ;
    %pop/vec4 1;
    %jmp T_18;
    .thread T_18, $push;
    .scope S_00000149b144c130;
T_19 ;
    %wait E_00000149b1392800;
    %load/vec4 v00000149b1449740_0;
    %dup/vec4;
    %pushi/vec4 0, 0, 8;
    %cmp/u;
    %jmp/1 T_19.0, 6;
    %dup/vec4;
    %pushi/vec4 1, 0, 8;
    %cmp/u;
    %jmp/1 T_19.1, 6;
    %dup/vec4;
    %pushi/vec4 2, 0, 8;
    %cmp/u;
    %jmp/1 T_19.2, 6;
    %dup/vec4;
    %pushi/vec4 3, 0, 8;
    %cmp/u;
    %jmp/1 T_19.3, 6;
    %dup/vec4;
    %pushi/vec4 4, 0, 8;
    %cmp/u;
    %jmp/1 T_19.4, 6;
    %dup/vec4;
    %pushi/vec4 5, 0, 8;
    %cmp/u;
    %jmp/1 T_19.5, 6;
    %dup/vec4;
    %pushi/vec4 6, 0, 8;
    %cmp/u;
    %jmp/1 T_19.6, 6;
    %dup/vec4;
    %pushi/vec4 7, 0, 8;
    %cmp/u;
    %jmp/1 T_19.7, 6;
    %dup/vec4;
    %pushi/vec4 8, 0, 8;
    %cmp/u;
    %jmp/1 T_19.8, 6;
    %dup/vec4;
    %pushi/vec4 9, 0, 8;
    %cmp/u;
    %jmp/1 T_19.9, 6;
    %dup/vec4;
    %pushi/vec4 10, 0, 8;
    %cmp/u;
    %jmp/1 T_19.10, 6;
    %dup/vec4;
    %pushi/vec4 11, 0, 8;
    %cmp/u;
    %jmp/1 T_19.11, 6;
    %dup/vec4;
    %pushi/vec4 12, 0, 8;
    %cmp/u;
    %jmp/1 T_19.12, 6;
    %dup/vec4;
    %pushi/vec4 13, 0, 8;
    %cmp/u;
    %jmp/1 T_19.13, 6;
    %dup/vec4;
    %pushi/vec4 14, 0, 8;
    %cmp/u;
    %jmp/1 T_19.14, 6;
    %dup/vec4;
    %pushi/vec4 15, 0, 8;
    %cmp/u;
    %jmp/1 T_19.15, 6;
    %dup/vec4;
    %pushi/vec4 16, 0, 8;
    %cmp/u;
    %jmp/1 T_19.16, 6;
    %dup/vec4;
    %pushi/vec4 17, 0, 8;
    %cmp/u;
    %jmp/1 T_19.17, 6;
    %dup/vec4;
    %pushi/vec4 18, 0, 8;
    %cmp/u;
    %jmp/1 T_19.18, 6;
    %dup/vec4;
    %pushi/vec4 19, 0, 8;
    %cmp/u;
    %jmp/1 T_19.19, 6;
    %dup/vec4;
    %pushi/vec4 20, 0, 8;
    %cmp/u;
    %jmp/1 T_19.20, 6;
    %dup/vec4;
    %pushi/vec4 21, 0, 8;
    %cmp/u;
    %jmp/1 T_19.21, 6;
    %dup/vec4;
    %pushi/vec4 22, 0, 8;
    %cmp/u;
    %jmp/1 T_19.22, 6;
    %dup/vec4;
    %pushi/vec4 23, 0, 8;
    %cmp/u;
    %jmp/1 T_19.23, 6;
    %dup/vec4;
    %pushi/vec4 24, 0, 8;
    %cmp/u;
    %jmp/1 T_19.24, 6;
    %dup/vec4;
    %pushi/vec4 25, 0, 8;
    %cmp/u;
    %jmp/1 T_19.25, 6;
    %dup/vec4;
    %pushi/vec4 26, 0, 8;
    %cmp/u;
    %jmp/1 T_19.26, 6;
    %dup/vec4;
    %pushi/vec4 27, 0, 8;
    %cmp/u;
    %jmp/1 T_19.27, 6;
    %dup/vec4;
    %pushi/vec4 28, 0, 8;
    %cmp/u;
    %jmp/1 T_19.28, 6;
    %dup/vec4;
    %pushi/vec4 29, 0, 8;
    %cmp/u;
    %jmp/1 T_19.29, 6;
    %dup/vec4;
    %pushi/vec4 30, 0, 8;
    %cmp/u;
    %jmp/1 T_19.30, 6;
    %dup/vec4;
    %pushi/vec4 31, 0, 8;
    %cmp/u;
    %jmp/1 T_19.31, 6;
    %dup/vec4;
    %pushi/vec4 32, 0, 8;
    %cmp/u;
    %jmp/1 T_19.32, 6;
    %dup/vec4;
    %pushi/vec4 33, 0, 8;
    %cmp/u;
    %jmp/1 T_19.33, 6;
    %dup/vec4;
    %pushi/vec4 34, 0, 8;
    %cmp/u;
    %jmp/1 T_19.34, 6;
    %dup/vec4;
    %pushi/vec4 35, 0, 8;
    %cmp/u;
    %jmp/1 T_19.35, 6;
    %dup/vec4;
    %pushi/vec4 36, 0, 8;
    %cmp/u;
    %jmp/1 T_19.36, 6;
    %dup/vec4;
    %pushi/vec4 37, 0, 8;
    %cmp/u;
    %jmp/1 T_19.37, 6;
    %dup/vec4;
    %pushi/vec4 38, 0, 8;
    %cmp/u;
    %jmp/1 T_19.38, 6;
    %dup/vec4;
    %pushi/vec4 39, 0, 8;
    %cmp/u;
    %jmp/1 T_19.39, 6;
    %dup/vec4;
    %pushi/vec4 40, 0, 8;
    %cmp/u;
    %jmp/1 T_19.40, 6;
    %dup/vec4;
    %pushi/vec4 41, 0, 8;
    %cmp/u;
    %jmp/1 T_19.41, 6;
    %dup/vec4;
    %pushi/vec4 42, 0, 8;
    %cmp/u;
    %jmp/1 T_19.42, 6;
    %dup/vec4;
    %pushi/vec4 43, 0, 8;
    %cmp/u;
    %jmp/1 T_19.43, 6;
    %dup/vec4;
    %pushi/vec4 44, 0, 8;
    %cmp/u;
    %jmp/1 T_19.44, 6;
    %dup/vec4;
    %pushi/vec4 45, 0, 8;
    %cmp/u;
    %jmp/1 T_19.45, 6;
    %dup/vec4;
    %pushi/vec4 46, 0, 8;
    %cmp/u;
    %jmp/1 T_19.46, 6;
    %dup/vec4;
    %pushi/vec4 47, 0, 8;
    %cmp/u;
    %jmp/1 T_19.47, 6;
    %dup/vec4;
    %pushi/vec4 48, 0, 8;
    %cmp/u;
    %jmp/1 T_19.48, 6;
    %dup/vec4;
    %pushi/vec4 49, 0, 8;
    %cmp/u;
    %jmp/1 T_19.49, 6;
    %dup/vec4;
    %pushi/vec4 50, 0, 8;
    %cmp/u;
    %jmp/1 T_19.50, 6;
    %dup/vec4;
    %pushi/vec4 51, 0, 8;
    %cmp/u;
    %jmp/1 T_19.51, 6;
    %dup/vec4;
    %pushi/vec4 52, 0, 8;
    %cmp/u;
    %jmp/1 T_19.52, 6;
    %dup/vec4;
    %pushi/vec4 53, 0, 8;
    %cmp/u;
    %jmp/1 T_19.53, 6;
    %dup/vec4;
    %pushi/vec4 54, 0, 8;
    %cmp/u;
    %jmp/1 T_19.54, 6;
    %dup/vec4;
    %pushi/vec4 55, 0, 8;
    %cmp/u;
    %jmp/1 T_19.55, 6;
    %dup/vec4;
    %pushi/vec4 56, 0, 8;
    %cmp/u;
    %jmp/1 T_19.56, 6;
    %dup/vec4;
    %pushi/vec4 57, 0, 8;
    %cmp/u;
    %jmp/1 T_19.57, 6;
    %dup/vec4;
    %pushi/vec4 58, 0, 8;
    %cmp/u;
    %jmp/1 T_19.58, 6;
    %dup/vec4;
    %pushi/vec4 59, 0, 8;
    %cmp/u;
    %jmp/1 T_19.59, 6;
    %dup/vec4;
    %pushi/vec4 60, 0, 8;
    %cmp/u;
    %jmp/1 T_19.60, 6;
    %dup/vec4;
    %pushi/vec4 61, 0, 8;
    %cmp/u;
    %jmp/1 T_19.61, 6;
    %dup/vec4;
    %pushi/vec4 62, 0, 8;
    %cmp/u;
    %jmp/1 T_19.62, 6;
    %dup/vec4;
    %pushi/vec4 63, 0, 8;
    %cmp/u;
    %jmp/1 T_19.63, 6;
    %dup/vec4;
    %pushi/vec4 64, 0, 8;
    %cmp/u;
    %jmp/1 T_19.64, 6;
    %dup/vec4;
    %pushi/vec4 65, 0, 8;
    %cmp/u;
    %jmp/1 T_19.65, 6;
    %dup/vec4;
    %pushi/vec4 66, 0, 8;
    %cmp/u;
    %jmp/1 T_19.66, 6;
    %dup/vec4;
    %pushi/vec4 67, 0, 8;
    %cmp/u;
    %jmp/1 T_19.67, 6;
    %dup/vec4;
    %pushi/vec4 68, 0, 8;
    %cmp/u;
    %jmp/1 T_19.68, 6;
    %dup/vec4;
    %pushi/vec4 69, 0, 8;
    %cmp/u;
    %jmp/1 T_19.69, 6;
    %dup/vec4;
    %pushi/vec4 70, 0, 8;
    %cmp/u;
    %jmp/1 T_19.70, 6;
    %dup/vec4;
    %pushi/vec4 71, 0, 8;
    %cmp/u;
    %jmp/1 T_19.71, 6;
    %dup/vec4;
    %pushi/vec4 72, 0, 8;
    %cmp/u;
    %jmp/1 T_19.72, 6;
    %dup/vec4;
    %pushi/vec4 73, 0, 8;
    %cmp/u;
    %jmp/1 T_19.73, 6;
    %dup/vec4;
    %pushi/vec4 74, 0, 8;
    %cmp/u;
    %jmp/1 T_19.74, 6;
    %dup/vec4;
    %pushi/vec4 75, 0, 8;
    %cmp/u;
    %jmp/1 T_19.75, 6;
    %dup/vec4;
    %pushi/vec4 76, 0, 8;
    %cmp/u;
    %jmp/1 T_19.76, 6;
    %dup/vec4;
    %pushi/vec4 77, 0, 8;
    %cmp/u;
    %jmp/1 T_19.77, 6;
    %dup/vec4;
    %pushi/vec4 78, 0, 8;
    %cmp/u;
    %jmp/1 T_19.78, 6;
    %dup/vec4;
    %pushi/vec4 79, 0, 8;
    %cmp/u;
    %jmp/1 T_19.79, 6;
    %dup/vec4;
    %pushi/vec4 80, 0, 8;
    %cmp/u;
    %jmp/1 T_19.80, 6;
    %dup/vec4;
    %pushi/vec4 81, 0, 8;
    %cmp/u;
    %jmp/1 T_19.81, 6;
    %dup/vec4;
    %pushi/vec4 82, 0, 8;
    %cmp/u;
    %jmp/1 T_19.82, 6;
    %dup/vec4;
    %pushi/vec4 83, 0, 8;
    %cmp/u;
    %jmp/1 T_19.83, 6;
    %dup/vec4;
    %pushi/vec4 84, 0, 8;
    %cmp/u;
    %jmp/1 T_19.84, 6;
    %dup/vec4;
    %pushi/vec4 85, 0, 8;
    %cmp/u;
    %jmp/1 T_19.85, 6;
    %dup/vec4;
    %pushi/vec4 86, 0, 8;
    %cmp/u;
    %jmp/1 T_19.86, 6;
    %dup/vec4;
    %pushi/vec4 87, 0, 8;
    %cmp/u;
    %jmp/1 T_19.87, 6;
    %dup/vec4;
    %pushi/vec4 88, 0, 8;
    %cmp/u;
    %jmp/1 T_19.88, 6;
    %dup/vec4;
    %pushi/vec4 89, 0, 8;
    %cmp/u;
    %jmp/1 T_19.89, 6;
    %dup/vec4;
    %pushi/vec4 90, 0, 8;
    %cmp/u;
    %jmp/1 T_19.90, 6;
    %dup/vec4;
    %pushi/vec4 91, 0, 8;
    %cmp/u;
    %jmp/1 T_19.91, 6;
    %dup/vec4;
    %pushi/vec4 92, 0, 8;
    %cmp/u;
    %jmp/1 T_19.92, 6;
    %dup/vec4;
    %pushi/vec4 93, 0, 8;
    %cmp/u;
    %jmp/1 T_19.93, 6;
    %dup/vec4;
    %pushi/vec4 94, 0, 8;
    %cmp/u;
    %jmp/1 T_19.94, 6;
    %dup/vec4;
    %pushi/vec4 95, 0, 8;
    %cmp/u;
    %jmp/1 T_19.95, 6;
    %dup/vec4;
    %pushi/vec4 96, 0, 8;
    %cmp/u;
    %jmp/1 T_19.96, 6;
    %dup/vec4;
    %pushi/vec4 97, 0, 8;
    %cmp/u;
    %jmp/1 T_19.97, 6;
    %dup/vec4;
    %pushi/vec4 98, 0, 8;
    %cmp/u;
    %jmp/1 T_19.98, 6;
    %dup/vec4;
    %pushi/vec4 99, 0, 8;
    %cmp/u;
    %jmp/1 T_19.99, 6;
    %dup/vec4;
    %pushi/vec4 100, 0, 8;
    %cmp/u;
    %jmp/1 T_19.100, 6;
    %dup/vec4;
    %pushi/vec4 101, 0, 8;
    %cmp/u;
    %jmp/1 T_19.101, 6;
    %dup/vec4;
    %pushi/vec4 102, 0, 8;
    %cmp/u;
    %jmp/1 T_19.102, 6;
    %dup/vec4;
    %pushi/vec4 103, 0, 8;
    %cmp/u;
    %jmp/1 T_19.103, 6;
    %dup/vec4;
    %pushi/vec4 104, 0, 8;
    %cmp/u;
    %jmp/1 T_19.104, 6;
    %dup/vec4;
    %pushi/vec4 105, 0, 8;
    %cmp/u;
    %jmp/1 T_19.105, 6;
    %dup/vec4;
    %pushi/vec4 106, 0, 8;
    %cmp/u;
    %jmp/1 T_19.106, 6;
    %dup/vec4;
    %pushi/vec4 107, 0, 8;
    %cmp/u;
    %jmp/1 T_19.107, 6;
    %dup/vec4;
    %pushi/vec4 108, 0, 8;
    %cmp/u;
    %jmp/1 T_19.108, 6;
    %dup/vec4;
    %pushi/vec4 109, 0, 8;
    %cmp/u;
    %jmp/1 T_19.109, 6;
    %dup/vec4;
    %pushi/vec4 110, 0, 8;
    %cmp/u;
    %jmp/1 T_19.110, 6;
    %dup/vec4;
    %pushi/vec4 111, 0, 8;
    %cmp/u;
    %jmp/1 T_19.111, 6;
    %dup/vec4;
    %pushi/vec4 112, 0, 8;
    %cmp/u;
    %jmp/1 T_19.112, 6;
    %dup/vec4;
    %pushi/vec4 113, 0, 8;
    %cmp/u;
    %jmp/1 T_19.113, 6;
    %dup/vec4;
    %pushi/vec4 114, 0, 8;
    %cmp/u;
    %jmp/1 T_19.114, 6;
    %dup/vec4;
    %pushi/vec4 115, 0, 8;
    %cmp/u;
    %jmp/1 T_19.115, 6;
    %dup/vec4;
    %pushi/vec4 116, 0, 8;
    %cmp/u;
    %jmp/1 T_19.116, 6;
    %dup/vec4;
    %pushi/vec4 117, 0, 8;
    %cmp/u;
    %jmp/1 T_19.117, 6;
    %dup/vec4;
    %pushi/vec4 118, 0, 8;
    %cmp/u;
    %jmp/1 T_19.118, 6;
    %dup/vec4;
    %pushi/vec4 119, 0, 8;
    %cmp/u;
    %jmp/1 T_19.119, 6;
    %dup/vec4;
    %pushi/vec4 120, 0, 8;
    %cmp/u;
    %jmp/1 T_19.120, 6;
    %dup/vec4;
    %pushi/vec4 121, 0, 8;
    %cmp/u;
    %jmp/1 T_19.121, 6;
    %dup/vec4;
    %pushi/vec4 122, 0, 8;
    %cmp/u;
    %jmp/1 T_19.122, 6;
    %dup/vec4;
    %pushi/vec4 123, 0, 8;
    %cmp/u;
    %jmp/1 T_19.123, 6;
    %dup/vec4;
    %pushi/vec4 124, 0, 8;
    %cmp/u;
    %jmp/1 T_19.124, 6;
    %dup/vec4;
    %pushi/vec4 125, 0, 8;
    %cmp/u;
    %jmp/1 T_19.125, 6;
    %dup/vec4;
    %pushi/vec4 126, 0, 8;
    %cmp/u;
    %jmp/1 T_19.126, 6;
    %dup/vec4;
    %pushi/vec4 127, 0, 8;
    %cmp/u;
    %jmp/1 T_19.127, 6;
    %dup/vec4;
    %pushi/vec4 128, 0, 8;
    %cmp/u;
    %jmp/1 T_19.128, 6;
    %dup/vec4;
    %pushi/vec4 129, 0, 8;
    %cmp/u;
    %jmp/1 T_19.129, 6;
    %dup/vec4;
    %pushi/vec4 130, 0, 8;
    %cmp/u;
    %jmp/1 T_19.130, 6;
    %dup/vec4;
    %pushi/vec4 131, 0, 8;
    %cmp/u;
    %jmp/1 T_19.131, 6;
    %dup/vec4;
    %pushi/vec4 132, 0, 8;
    %cmp/u;
    %jmp/1 T_19.132, 6;
    %dup/vec4;
    %pushi/vec4 133, 0, 8;
    %cmp/u;
    %jmp/1 T_19.133, 6;
    %dup/vec4;
    %pushi/vec4 134, 0, 8;
    %cmp/u;
    %jmp/1 T_19.134, 6;
    %dup/vec4;
    %pushi/vec4 135, 0, 8;
    %cmp/u;
    %jmp/1 T_19.135, 6;
    %dup/vec4;
    %pushi/vec4 136, 0, 8;
    %cmp/u;
    %jmp/1 T_19.136, 6;
    %dup/vec4;
    %pushi/vec4 137, 0, 8;
    %cmp/u;
    %jmp/1 T_19.137, 6;
    %dup/vec4;
    %pushi/vec4 138, 0, 8;
    %cmp/u;
    %jmp/1 T_19.138, 6;
    %dup/vec4;
    %pushi/vec4 139, 0, 8;
    %cmp/u;
    %jmp/1 T_19.139, 6;
    %dup/vec4;
    %pushi/vec4 140, 0, 8;
    %cmp/u;
    %jmp/1 T_19.140, 6;
    %dup/vec4;
    %pushi/vec4 141, 0, 8;
    %cmp/u;
    %jmp/1 T_19.141, 6;
    %dup/vec4;
    %pushi/vec4 142, 0, 8;
    %cmp/u;
    %jmp/1 T_19.142, 6;
    %dup/vec4;
    %pushi/vec4 143, 0, 8;
    %cmp/u;
    %jmp/1 T_19.143, 6;
    %dup/vec4;
    %pushi/vec4 144, 0, 8;
    %cmp/u;
    %jmp/1 T_19.144, 6;
    %dup/vec4;
    %pushi/vec4 145, 0, 8;
    %cmp/u;
    %jmp/1 T_19.145, 6;
    %dup/vec4;
    %pushi/vec4 146, 0, 8;
    %cmp/u;
    %jmp/1 T_19.146, 6;
    %dup/vec4;
    %pushi/vec4 147, 0, 8;
    %cmp/u;
    %jmp/1 T_19.147, 6;
    %dup/vec4;
    %pushi/vec4 148, 0, 8;
    %cmp/u;
    %jmp/1 T_19.148, 6;
    %dup/vec4;
    %pushi/vec4 149, 0, 8;
    %cmp/u;
    %jmp/1 T_19.149, 6;
    %dup/vec4;
    %pushi/vec4 150, 0, 8;
    %cmp/u;
    %jmp/1 T_19.150, 6;
    %dup/vec4;
    %pushi/vec4 151, 0, 8;
    %cmp/u;
    %jmp/1 T_19.151, 6;
    %dup/vec4;
    %pushi/vec4 152, 0, 8;
    %cmp/u;
    %jmp/1 T_19.152, 6;
    %dup/vec4;
    %pushi/vec4 153, 0, 8;
    %cmp/u;
    %jmp/1 T_19.153, 6;
    %dup/vec4;
    %pushi/vec4 154, 0, 8;
    %cmp/u;
    %jmp/1 T_19.154, 6;
    %dup/vec4;
    %pushi/vec4 155, 0, 8;
    %cmp/u;
    %jmp/1 T_19.155, 6;
    %dup/vec4;
    %pushi/vec4 156, 0, 8;
    %cmp/u;
    %jmp/1 T_19.156, 6;
    %dup/vec4;
    %pushi/vec4 157, 0, 8;
    %cmp/u;
    %jmp/1 T_19.157, 6;
    %dup/vec4;
    %pushi/vec4 158, 0, 8;
    %cmp/u;
    %jmp/1 T_19.158, 6;
    %dup/vec4;
    %pushi/vec4 159, 0, 8;
    %cmp/u;
    %jmp/1 T_19.159, 6;
    %dup/vec4;
    %pushi/vec4 160, 0, 8;
    %cmp/u;
    %jmp/1 T_19.160, 6;
    %dup/vec4;
    %pushi/vec4 161, 0, 8;
    %cmp/u;
    %jmp/1 T_19.161, 6;
    %dup/vec4;
    %pushi/vec4 162, 0, 8;
    %cmp/u;
    %jmp/1 T_19.162, 6;
    %dup/vec4;
    %pushi/vec4 163, 0, 8;
    %cmp/u;
    %jmp/1 T_19.163, 6;
    %dup/vec4;
    %pushi/vec4 164, 0, 8;
    %cmp/u;
    %jmp/1 T_19.164, 6;
    %dup/vec4;
    %pushi/vec4 165, 0, 8;
    %cmp/u;
    %jmp/1 T_19.165, 6;
    %dup/vec4;
    %pushi/vec4 166, 0, 8;
    %cmp/u;
    %jmp/1 T_19.166, 6;
    %dup/vec4;
    %pushi/vec4 167, 0, 8;
    %cmp/u;
    %jmp/1 T_19.167, 6;
    %dup/vec4;
    %pushi/vec4 168, 0, 8;
    %cmp/u;
    %jmp/1 T_19.168, 6;
    %dup/vec4;
    %pushi/vec4 169, 0, 8;
    %cmp/u;
    %jmp/1 T_19.169, 6;
    %dup/vec4;
    %pushi/vec4 170, 0, 8;
    %cmp/u;
    %jmp/1 T_19.170, 6;
    %dup/vec4;
    %pushi/vec4 171, 0, 8;
    %cmp/u;
    %jmp/1 T_19.171, 6;
    %dup/vec4;
    %pushi/vec4 172, 0, 8;
    %cmp/u;
    %jmp/1 T_19.172, 6;
    %dup/vec4;
    %pushi/vec4 173, 0, 8;
    %cmp/u;
    %jmp/1 T_19.173, 6;
    %dup/vec4;
    %pushi/vec4 174, 0, 8;
    %cmp/u;
    %jmp/1 T_19.174, 6;
    %dup/vec4;
    %pushi/vec4 175, 0, 8;
    %cmp/u;
    %jmp/1 T_19.175, 6;
    %dup/vec4;
    %pushi/vec4 176, 0, 8;
    %cmp/u;
    %jmp/1 T_19.176, 6;
    %dup/vec4;
    %pushi/vec4 177, 0, 8;
    %cmp/u;
    %jmp/1 T_19.177, 6;
    %dup/vec4;
    %pushi/vec4 178, 0, 8;
    %cmp/u;
    %jmp/1 T_19.178, 6;
    %dup/vec4;
    %pushi/vec4 179, 0, 8;
    %cmp/u;
    %jmp/1 T_19.179, 6;
    %dup/vec4;
    %pushi/vec4 180, 0, 8;
    %cmp/u;
    %jmp/1 T_19.180, 6;
    %dup/vec4;
    %pushi/vec4 181, 0, 8;
    %cmp/u;
    %jmp/1 T_19.181, 6;
    %dup/vec4;
    %pushi/vec4 182, 0, 8;
    %cmp/u;
    %jmp/1 T_19.182, 6;
    %dup/vec4;
    %pushi/vec4 183, 0, 8;
    %cmp/u;
    %jmp/1 T_19.183, 6;
    %dup/vec4;
    %pushi/vec4 184, 0, 8;
    %cmp/u;
    %jmp/1 T_19.184, 6;
    %dup/vec4;
    %pushi/vec4 185, 0, 8;
    %cmp/u;
    %jmp/1 T_19.185, 6;
    %dup/vec4;
    %pushi/vec4 186, 0, 8;
    %cmp/u;
    %jmp/1 T_19.186, 6;
    %dup/vec4;
    %pushi/vec4 187, 0, 8;
    %cmp/u;
    %jmp/1 T_19.187, 6;
    %dup/vec4;
    %pushi/vec4 188, 0, 8;
    %cmp/u;
    %jmp/1 T_19.188, 6;
    %dup/vec4;
    %pushi/vec4 189, 0, 8;
    %cmp/u;
    %jmp/1 T_19.189, 6;
    %dup/vec4;
    %pushi/vec4 190, 0, 8;
    %cmp/u;
    %jmp/1 T_19.190, 6;
    %dup/vec4;
    %pushi/vec4 191, 0, 8;
    %cmp/u;
    %jmp/1 T_19.191, 6;
    %dup/vec4;
    %pushi/vec4 192, 0, 8;
    %cmp/u;
    %jmp/1 T_19.192, 6;
    %dup/vec4;
    %pushi/vec4 193, 0, 8;
    %cmp/u;
    %jmp/1 T_19.193, 6;
    %dup/vec4;
    %pushi/vec4 194, 0, 8;
    %cmp/u;
    %jmp/1 T_19.194, 6;
    %dup/vec4;
    %pushi/vec4 195, 0, 8;
    %cmp/u;
    %jmp/1 T_19.195, 6;
    %dup/vec4;
    %pushi/vec4 196, 0, 8;
    %cmp/u;
    %jmp/1 T_19.196, 6;
    %dup/vec4;
    %pushi/vec4 197, 0, 8;
    %cmp/u;
    %jmp/1 T_19.197, 6;
    %dup/vec4;
    %pushi/vec4 198, 0, 8;
    %cmp/u;
    %jmp/1 T_19.198, 6;
    %dup/vec4;
    %pushi/vec4 199, 0, 8;
    %cmp/u;
    %jmp/1 T_19.199, 6;
    %dup/vec4;
    %pushi/vec4 200, 0, 8;
    %cmp/u;
    %jmp/1 T_19.200, 6;
    %dup/vec4;
    %pushi/vec4 201, 0, 8;
    %cmp/u;
    %jmp/1 T_19.201, 6;
    %dup/vec4;
    %pushi/vec4 202, 0, 8;
    %cmp/u;
    %jmp/1 T_19.202, 6;
    %dup/vec4;
    %pushi/vec4 203, 0, 8;
    %cmp/u;
    %jmp/1 T_19.203, 6;
    %dup/vec4;
    %pushi/vec4 204, 0, 8;
    %cmp/u;
    %jmp/1 T_19.204, 6;
    %dup/vec4;
    %pushi/vec4 205, 0, 8;
    %cmp/u;
    %jmp/1 T_19.205, 6;
    %dup/vec4;
    %pushi/vec4 206, 0, 8;
    %cmp/u;
    %jmp/1 T_19.206, 6;
    %dup/vec4;
    %pushi/vec4 207, 0, 8;
    %cmp/u;
    %jmp/1 T_19.207, 6;
    %dup/vec4;
    %pushi/vec4 208, 0, 8;
    %cmp/u;
    %jmp/1 T_19.208, 6;
    %dup/vec4;
    %pushi/vec4 209, 0, 8;
    %cmp/u;
    %jmp/1 T_19.209, 6;
    %dup/vec4;
    %pushi/vec4 210, 0, 8;
    %cmp/u;
    %jmp/1 T_19.210, 6;
    %dup/vec4;
    %pushi/vec4 211, 0, 8;
    %cmp/u;
    %jmp/1 T_19.211, 6;
    %dup/vec4;
    %pushi/vec4 212, 0, 8;
    %cmp/u;
    %jmp/1 T_19.212, 6;
    %dup/vec4;
    %pushi/vec4 213, 0, 8;
    %cmp/u;
    %jmp/1 T_19.213, 6;
    %dup/vec4;
    %pushi/vec4 214, 0, 8;
    %cmp/u;
    %jmp/1 T_19.214, 6;
    %dup/vec4;
    %pushi/vec4 215, 0, 8;
    %cmp/u;
    %jmp/1 T_19.215, 6;
    %dup/vec4;
    %pushi/vec4 216, 0, 8;
    %cmp/u;
    %jmp/1 T_19.216, 6;
    %dup/vec4;
    %pushi/vec4 217, 0, 8;
    %cmp/u;
    %jmp/1 T_19.217, 6;
    %dup/vec4;
    %pushi/vec4 218, 0, 8;
    %cmp/u;
    %jmp/1 T_19.218, 6;
    %dup/vec4;
    %pushi/vec4 219, 0, 8;
    %cmp/u;
    %jmp/1 T_19.219, 6;
    %dup/vec4;
    %pushi/vec4 220, 0, 8;
    %cmp/u;
    %jmp/1 T_19.220, 6;
    %dup/vec4;
    %pushi/vec4 221, 0, 8;
    %cmp/u;
    %jmp/1 T_19.221, 6;
    %dup/vec4;
    %pushi/vec4 222, 0, 8;
    %cmp/u;
    %jmp/1 T_19.222, 6;
    %dup/vec4;
    %pushi/vec4 223, 0, 8;
    %cmp/u;
    %jmp/1 T_19.223, 6;
    %dup/vec4;
    %pushi/vec4 224, 0, 8;
    %cmp/u;
    %jmp/1 T_19.224, 6;
    %dup/vec4;
    %pushi/vec4 225, 0, 8;
    %cmp/u;
    %jmp/1 T_19.225, 6;
    %dup/vec4;
    %pushi/vec4 226, 0, 8;
    %cmp/u;
    %jmp/1 T_19.226, 6;
    %dup/vec4;
    %pushi/vec4 227, 0, 8;
    %cmp/u;
    %jmp/1 T_19.227, 6;
    %dup/vec4;
    %pushi/vec4 228, 0, 8;
    %cmp/u;
    %jmp/1 T_19.228, 6;
    %dup/vec4;
    %pushi/vec4 229, 0, 8;
    %cmp/u;
    %jmp/1 T_19.229, 6;
    %dup/vec4;
    %pushi/vec4 230, 0, 8;
    %cmp/u;
    %jmp/1 T_19.230, 6;
    %dup/vec4;
    %pushi/vec4 231, 0, 8;
    %cmp/u;
    %jmp/1 T_19.231, 6;
    %dup/vec4;
    %pushi/vec4 232, 0, 8;
    %cmp/u;
    %jmp/1 T_19.232, 6;
    %dup/vec4;
    %pushi/vec4 233, 0, 8;
    %cmp/u;
    %jmp/1 T_19.233, 6;
    %dup/vec4;
    %pushi/vec4 234, 0, 8;
    %cmp/u;
    %jmp/1 T_19.234, 6;
    %dup/vec4;
    %pushi/vec4 235, 0, 8;
    %cmp/u;
    %jmp/1 T_19.235, 6;
    %dup/vec4;
    %pushi/vec4 236, 0, 8;
    %cmp/u;
    %jmp/1 T_19.236, 6;
    %dup/vec4;
    %pushi/vec4 237, 0, 8;
    %cmp/u;
    %jmp/1 T_19.237, 6;
    %dup/vec4;
    %pushi/vec4 238, 0, 8;
    %cmp/u;
    %jmp/1 T_19.238, 6;
    %dup/vec4;
    %pushi/vec4 239, 0, 8;
    %cmp/u;
    %jmp/1 T_19.239, 6;
    %dup/vec4;
    %pushi/vec4 240, 0, 8;
    %cmp/u;
    %jmp/1 T_19.240, 6;
    %dup/vec4;
    %pushi/vec4 241, 0, 8;
    %cmp/u;
    %jmp/1 T_19.241, 6;
    %dup/vec4;
    %pushi/vec4 242, 0, 8;
    %cmp/u;
    %jmp/1 T_19.242, 6;
    %dup/vec4;
    %pushi/vec4 243, 0, 8;
    %cmp/u;
    %jmp/1 T_19.243, 6;
    %dup/vec4;
    %pushi/vec4 244, 0, 8;
    %cmp/u;
    %jmp/1 T_19.244, 6;
    %dup/vec4;
    %pushi/vec4 245, 0, 8;
    %cmp/u;
    %jmp/1 T_19.245, 6;
    %dup/vec4;
    %pushi/vec4 246, 0, 8;
    %cmp/u;
    %jmp/1 T_19.246, 6;
    %dup/vec4;
    %pushi/vec4 247, 0, 8;
    %cmp/u;
    %jmp/1 T_19.247, 6;
    %dup/vec4;
    %pushi/vec4 248, 0, 8;
    %cmp/u;
    %jmp/1 T_19.248, 6;
    %dup/vec4;
    %pushi/vec4 249, 0, 8;
    %cmp/u;
    %jmp/1 T_19.249, 6;
    %dup/vec4;
    %pushi/vec4 250, 0, 8;
    %cmp/u;
    %jmp/1 T_19.250, 6;
    %dup/vec4;
    %pushi/vec4 251, 0, 8;
    %cmp/u;
    %jmp/1 T_19.251, 6;
    %dup/vec4;
    %pushi/vec4 252, 0, 8;
    %cmp/u;
    %jmp/1 T_19.252, 6;
    %dup/vec4;
    %pushi/vec4 253, 0, 8;
    %cmp/u;
    %jmp/1 T_19.253, 6;
    %dup/vec4;
    %pushi/vec4 254, 0, 8;
    %cmp/u;
    %jmp/1 T_19.254, 6;
    %dup/vec4;
    %pushi/vec4 255, 0, 8;
    %cmp/u;
    %jmp/1 T_19.255, 6;
    %jmp T_19.256;
T_19.0 ;
    %pushi/vec4 99, 0, 8;
    %store/vec4 v00000149b1448a20_0, 0, 8;
    %jmp T_19.256;
T_19.1 ;
    %pushi/vec4 124, 0, 8;
    %store/vec4 v00000149b1448a20_0, 0, 8;
    %jmp T_19.256;
T_19.2 ;
    %pushi/vec4 119, 0, 8;
    %store/vec4 v00000149b1448a20_0, 0, 8;
    %jmp T_19.256;
T_19.3 ;
    %pushi/vec4 123, 0, 8;
    %store/vec4 v00000149b1448a20_0, 0, 8;
    %jmp T_19.256;
T_19.4 ;
    %pushi/vec4 242, 0, 8;
    %store/vec4 v00000149b1448a20_0, 0, 8;
    %jmp T_19.256;
T_19.5 ;
    %pushi/vec4 107, 0, 8;
    %store/vec4 v00000149b1448a20_0, 0, 8;
    %jmp T_19.256;
T_19.6 ;
    %pushi/vec4 111, 0, 8;
    %store/vec4 v00000149b1448a20_0, 0, 8;
    %jmp T_19.256;
T_19.7 ;
    %pushi/vec4 197, 0, 8;
    %store/vec4 v00000149b1448a20_0, 0, 8;
    %jmp T_19.256;
T_19.8 ;
    %pushi/vec4 48, 0, 8;
    %store/vec4 v00000149b1448a20_0, 0, 8;
    %jmp T_19.256;
T_19.9 ;
    %pushi/vec4 1, 0, 8;
    %store/vec4 v00000149b1448a20_0, 0, 8;
    %jmp T_19.256;
T_19.10 ;
    %pushi/vec4 103, 0, 8;
    %store/vec4 v00000149b1448a20_0, 0, 8;
    %jmp T_19.256;
T_19.11 ;
    %pushi/vec4 43, 0, 8;
    %store/vec4 v00000149b1448a20_0, 0, 8;
    %jmp T_19.256;
T_19.12 ;
    %pushi/vec4 254, 0, 8;
    %store/vec4 v00000149b1448a20_0, 0, 8;
    %jmp T_19.256;
T_19.13 ;
    %pushi/vec4 215, 0, 8;
    %store/vec4 v00000149b1448a20_0, 0, 8;
    %jmp T_19.256;
T_19.14 ;
    %pushi/vec4 171, 0, 8;
    %store/vec4 v00000149b1448a20_0, 0, 8;
    %jmp T_19.256;
T_19.15 ;
    %pushi/vec4 118, 0, 8;
    %store/vec4 v00000149b1448a20_0, 0, 8;
    %jmp T_19.256;
T_19.16 ;
    %pushi/vec4 202, 0, 8;
    %store/vec4 v00000149b1448a20_0, 0, 8;
    %jmp T_19.256;
T_19.17 ;
    %pushi/vec4 130, 0, 8;
    %store/vec4 v00000149b1448a20_0, 0, 8;
    %jmp T_19.256;
T_19.18 ;
    %pushi/vec4 201, 0, 8;
    %store/vec4 v00000149b1448a20_0, 0, 8;
    %jmp T_19.256;
T_19.19 ;
    %pushi/vec4 125, 0, 8;
    %store/vec4 v00000149b1448a20_0, 0, 8;
    %jmp T_19.256;
T_19.20 ;
    %pushi/vec4 250, 0, 8;
    %store/vec4 v00000149b1448a20_0, 0, 8;
    %jmp T_19.256;
T_19.21 ;
    %pushi/vec4 89, 0, 8;
    %store/vec4 v00000149b1448a20_0, 0, 8;
    %jmp T_19.256;
T_19.22 ;
    %pushi/vec4 71, 0, 8;
    %store/vec4 v00000149b1448a20_0, 0, 8;
    %jmp T_19.256;
T_19.23 ;
    %pushi/vec4 240, 0, 8;
    %store/vec4 v00000149b1448a20_0, 0, 8;
    %jmp T_19.256;
T_19.24 ;
    %pushi/vec4 173, 0, 8;
    %store/vec4 v00000149b1448a20_0, 0, 8;
    %jmp T_19.256;
T_19.25 ;
    %pushi/vec4 212, 0, 8;
    %store/vec4 v00000149b1448a20_0, 0, 8;
    %jmp T_19.256;
T_19.26 ;
    %pushi/vec4 162, 0, 8;
    %store/vec4 v00000149b1448a20_0, 0, 8;
    %jmp T_19.256;
T_19.27 ;
    %pushi/vec4 175, 0, 8;
    %store/vec4 v00000149b1448a20_0, 0, 8;
    %jmp T_19.256;
T_19.28 ;
    %pushi/vec4 156, 0, 8;
    %store/vec4 v00000149b1448a20_0, 0, 8;
    %jmp T_19.256;
T_19.29 ;
    %pushi/vec4 164, 0, 8;
    %store/vec4 v00000149b1448a20_0, 0, 8;
    %jmp T_19.256;
T_19.30 ;
    %pushi/vec4 114, 0, 8;
    %store/vec4 v00000149b1448a20_0, 0, 8;
    %jmp T_19.256;
T_19.31 ;
    %pushi/vec4 192, 0, 8;
    %store/vec4 v00000149b1448a20_0, 0, 8;
    %jmp T_19.256;
T_19.32 ;
    %pushi/vec4 183, 0, 8;
    %store/vec4 v00000149b1448a20_0, 0, 8;
    %jmp T_19.256;
T_19.33 ;
    %pushi/vec4 253, 0, 8;
    %store/vec4 v00000149b1448a20_0, 0, 8;
    %jmp T_19.256;
T_19.34 ;
    %pushi/vec4 147, 0, 8;
    %store/vec4 v00000149b1448a20_0, 0, 8;
    %jmp T_19.256;
T_19.35 ;
    %pushi/vec4 38, 0, 8;
    %store/vec4 v00000149b1448a20_0, 0, 8;
    %jmp T_19.256;
T_19.36 ;
    %pushi/vec4 54, 0, 8;
    %store/vec4 v00000149b1448a20_0, 0, 8;
    %jmp T_19.256;
T_19.37 ;
    %pushi/vec4 63, 0, 8;
    %store/vec4 v00000149b1448a20_0, 0, 8;
    %jmp T_19.256;
T_19.38 ;
    %pushi/vec4 247, 0, 8;
    %store/vec4 v00000149b1448a20_0, 0, 8;
    %jmp T_19.256;
T_19.39 ;
    %pushi/vec4 204, 0, 8;
    %store/vec4 v00000149b1448a20_0, 0, 8;
    %jmp T_19.256;
T_19.40 ;
    %pushi/vec4 52, 0, 8;
    %store/vec4 v00000149b1448a20_0, 0, 8;
    %jmp T_19.256;
T_19.41 ;
    %pushi/vec4 165, 0, 8;
    %store/vec4 v00000149b1448a20_0, 0, 8;
    %jmp T_19.256;
T_19.42 ;
    %pushi/vec4 229, 0, 8;
    %store/vec4 v00000149b1448a20_0, 0, 8;
    %jmp T_19.256;
T_19.43 ;
    %pushi/vec4 241, 0, 8;
    %store/vec4 v00000149b1448a20_0, 0, 8;
    %jmp T_19.256;
T_19.44 ;
    %pushi/vec4 113, 0, 8;
    %store/vec4 v00000149b1448a20_0, 0, 8;
    %jmp T_19.256;
T_19.45 ;
    %pushi/vec4 216, 0, 8;
    %store/vec4 v00000149b1448a20_0, 0, 8;
    %jmp T_19.256;
T_19.46 ;
    %pushi/vec4 49, 0, 8;
    %store/vec4 v00000149b1448a20_0, 0, 8;
    %jmp T_19.256;
T_19.47 ;
    %pushi/vec4 21, 0, 8;
    %store/vec4 v00000149b1448a20_0, 0, 8;
    %jmp T_19.256;
T_19.48 ;
    %pushi/vec4 4, 0, 8;
    %store/vec4 v00000149b1448a20_0, 0, 8;
    %jmp T_19.256;
T_19.49 ;
    %pushi/vec4 199, 0, 8;
    %store/vec4 v00000149b1448a20_0, 0, 8;
    %jmp T_19.256;
T_19.50 ;
    %pushi/vec4 35, 0, 8;
    %store/vec4 v00000149b1448a20_0, 0, 8;
    %jmp T_19.256;
T_19.51 ;
    %pushi/vec4 195, 0, 8;
    %store/vec4 v00000149b1448a20_0, 0, 8;
    %jmp T_19.256;
T_19.52 ;
    %pushi/vec4 24, 0, 8;
    %store/vec4 v00000149b1448a20_0, 0, 8;
    %jmp T_19.256;
T_19.53 ;
    %pushi/vec4 150, 0, 8;
    %store/vec4 v00000149b1448a20_0, 0, 8;
    %jmp T_19.256;
T_19.54 ;
    %pushi/vec4 5, 0, 8;
    %store/vec4 v00000149b1448a20_0, 0, 8;
    %jmp T_19.256;
T_19.55 ;
    %pushi/vec4 154, 0, 8;
    %store/vec4 v00000149b1448a20_0, 0, 8;
    %jmp T_19.256;
T_19.56 ;
    %pushi/vec4 7, 0, 8;
    %store/vec4 v00000149b1448a20_0, 0, 8;
    %jmp T_19.256;
T_19.57 ;
    %pushi/vec4 18, 0, 8;
    %store/vec4 v00000149b1448a20_0, 0, 8;
    %jmp T_19.256;
T_19.58 ;
    %pushi/vec4 128, 0, 8;
    %store/vec4 v00000149b1448a20_0, 0, 8;
    %jmp T_19.256;
T_19.59 ;
    %pushi/vec4 226, 0, 8;
    %store/vec4 v00000149b1448a20_0, 0, 8;
    %jmp T_19.256;
T_19.60 ;
    %pushi/vec4 235, 0, 8;
    %store/vec4 v00000149b1448a20_0, 0, 8;
    %jmp T_19.256;
T_19.61 ;
    %pushi/vec4 39, 0, 8;
    %store/vec4 v00000149b1448a20_0, 0, 8;
    %jmp T_19.256;
T_19.62 ;
    %pushi/vec4 178, 0, 8;
    %store/vec4 v00000149b1448a20_0, 0, 8;
    %jmp T_19.256;
T_19.63 ;
    %pushi/vec4 117, 0, 8;
    %store/vec4 v00000149b1448a20_0, 0, 8;
    %jmp T_19.256;
T_19.64 ;
    %pushi/vec4 9, 0, 8;
    %store/vec4 v00000149b1448a20_0, 0, 8;
    %jmp T_19.256;
T_19.65 ;
    %pushi/vec4 131, 0, 8;
    %store/vec4 v00000149b1448a20_0, 0, 8;
    %jmp T_19.256;
T_19.66 ;
    %pushi/vec4 44, 0, 8;
    %store/vec4 v00000149b1448a20_0, 0, 8;
    %jmp T_19.256;
T_19.67 ;
    %pushi/vec4 26, 0, 8;
    %store/vec4 v00000149b1448a20_0, 0, 8;
    %jmp T_19.256;
T_19.68 ;
    %pushi/vec4 27, 0, 8;
    %store/vec4 v00000149b1448a20_0, 0, 8;
    %jmp T_19.256;
T_19.69 ;
    %pushi/vec4 110, 0, 8;
    %store/vec4 v00000149b1448a20_0, 0, 8;
    %jmp T_19.256;
T_19.70 ;
    %pushi/vec4 90, 0, 8;
    %store/vec4 v00000149b1448a20_0, 0, 8;
    %jmp T_19.256;
T_19.71 ;
    %pushi/vec4 160, 0, 8;
    %store/vec4 v00000149b1448a20_0, 0, 8;
    %jmp T_19.256;
T_19.72 ;
    %pushi/vec4 82, 0, 8;
    %store/vec4 v00000149b1448a20_0, 0, 8;
    %jmp T_19.256;
T_19.73 ;
    %pushi/vec4 59, 0, 8;
    %store/vec4 v00000149b1448a20_0, 0, 8;
    %jmp T_19.256;
T_19.74 ;
    %pushi/vec4 214, 0, 8;
    %store/vec4 v00000149b1448a20_0, 0, 8;
    %jmp T_19.256;
T_19.75 ;
    %pushi/vec4 179, 0, 8;
    %store/vec4 v00000149b1448a20_0, 0, 8;
    %jmp T_19.256;
T_19.76 ;
    %pushi/vec4 41, 0, 8;
    %store/vec4 v00000149b1448a20_0, 0, 8;
    %jmp T_19.256;
T_19.77 ;
    %pushi/vec4 227, 0, 8;
    %store/vec4 v00000149b1448a20_0, 0, 8;
    %jmp T_19.256;
T_19.78 ;
    %pushi/vec4 47, 0, 8;
    %store/vec4 v00000149b1448a20_0, 0, 8;
    %jmp T_19.256;
T_19.79 ;
    %pushi/vec4 132, 0, 8;
    %store/vec4 v00000149b1448a20_0, 0, 8;
    %jmp T_19.256;
T_19.80 ;
    %pushi/vec4 83, 0, 8;
    %store/vec4 v00000149b1448a20_0, 0, 8;
    %jmp T_19.256;
T_19.81 ;
    %pushi/vec4 209, 0, 8;
    %store/vec4 v00000149b1448a20_0, 0, 8;
    %jmp T_19.256;
T_19.82 ;
    %pushi/vec4 0, 0, 8;
    %store/vec4 v00000149b1448a20_0, 0, 8;
    %jmp T_19.256;
T_19.83 ;
    %pushi/vec4 237, 0, 8;
    %store/vec4 v00000149b1448a20_0, 0, 8;
    %jmp T_19.256;
T_19.84 ;
    %pushi/vec4 32, 0, 8;
    %store/vec4 v00000149b1448a20_0, 0, 8;
    %jmp T_19.256;
T_19.85 ;
    %pushi/vec4 252, 0, 8;
    %store/vec4 v00000149b1448a20_0, 0, 8;
    %jmp T_19.256;
T_19.86 ;
    %pushi/vec4 177, 0, 8;
    %store/vec4 v00000149b1448a20_0, 0, 8;
    %jmp T_19.256;
T_19.87 ;
    %pushi/vec4 91, 0, 8;
    %store/vec4 v00000149b1448a20_0, 0, 8;
    %jmp T_19.256;
T_19.88 ;
    %pushi/vec4 106, 0, 8;
    %store/vec4 v00000149b1448a20_0, 0, 8;
    %jmp T_19.256;
T_19.89 ;
    %pushi/vec4 203, 0, 8;
    %store/vec4 v00000149b1448a20_0, 0, 8;
    %jmp T_19.256;
T_19.90 ;
    %pushi/vec4 190, 0, 8;
    %store/vec4 v00000149b1448a20_0, 0, 8;
    %jmp T_19.256;
T_19.91 ;
    %pushi/vec4 57, 0, 8;
    %store/vec4 v00000149b1448a20_0, 0, 8;
    %jmp T_19.256;
T_19.92 ;
    %pushi/vec4 74, 0, 8;
    %store/vec4 v00000149b1448a20_0, 0, 8;
    %jmp T_19.256;
T_19.93 ;
    %pushi/vec4 76, 0, 8;
    %store/vec4 v00000149b1448a20_0, 0, 8;
    %jmp T_19.256;
T_19.94 ;
    %pushi/vec4 88, 0, 8;
    %store/vec4 v00000149b1448a20_0, 0, 8;
    %jmp T_19.256;
T_19.95 ;
    %pushi/vec4 207, 0, 8;
    %store/vec4 v00000149b1448a20_0, 0, 8;
    %jmp T_19.256;
T_19.96 ;
    %pushi/vec4 208, 0, 8;
    %store/vec4 v00000149b1448a20_0, 0, 8;
    %jmp T_19.256;
T_19.97 ;
    %pushi/vec4 239, 0, 8;
    %store/vec4 v00000149b1448a20_0, 0, 8;
    %jmp T_19.256;
T_19.98 ;
    %pushi/vec4 170, 0, 8;
    %store/vec4 v00000149b1448a20_0, 0, 8;
    %jmp T_19.256;
T_19.99 ;
    %pushi/vec4 251, 0, 8;
    %store/vec4 v00000149b1448a20_0, 0, 8;
    %jmp T_19.256;
T_19.100 ;
    %pushi/vec4 67, 0, 8;
    %store/vec4 v00000149b1448a20_0, 0, 8;
    %jmp T_19.256;
T_19.101 ;
    %pushi/vec4 77, 0, 8;
    %store/vec4 v00000149b1448a20_0, 0, 8;
    %jmp T_19.256;
T_19.102 ;
    %pushi/vec4 51, 0, 8;
    %store/vec4 v00000149b1448a20_0, 0, 8;
    %jmp T_19.256;
T_19.103 ;
    %pushi/vec4 133, 0, 8;
    %store/vec4 v00000149b1448a20_0, 0, 8;
    %jmp T_19.256;
T_19.104 ;
    %pushi/vec4 69, 0, 8;
    %store/vec4 v00000149b1448a20_0, 0, 8;
    %jmp T_19.256;
T_19.105 ;
    %pushi/vec4 249, 0, 8;
    %store/vec4 v00000149b1448a20_0, 0, 8;
    %jmp T_19.256;
T_19.106 ;
    %pushi/vec4 2, 0, 8;
    %store/vec4 v00000149b1448a20_0, 0, 8;
    %jmp T_19.256;
T_19.107 ;
    %pushi/vec4 127, 0, 8;
    %store/vec4 v00000149b1448a20_0, 0, 8;
    %jmp T_19.256;
T_19.108 ;
    %pushi/vec4 80, 0, 8;
    %store/vec4 v00000149b1448a20_0, 0, 8;
    %jmp T_19.256;
T_19.109 ;
    %pushi/vec4 60, 0, 8;
    %store/vec4 v00000149b1448a20_0, 0, 8;
    %jmp T_19.256;
T_19.110 ;
    %pushi/vec4 159, 0, 8;
    %store/vec4 v00000149b1448a20_0, 0, 8;
    %jmp T_19.256;
T_19.111 ;
    %pushi/vec4 168, 0, 8;
    %store/vec4 v00000149b1448a20_0, 0, 8;
    %jmp T_19.256;
T_19.112 ;
    %pushi/vec4 81, 0, 8;
    %store/vec4 v00000149b1448a20_0, 0, 8;
    %jmp T_19.256;
T_19.113 ;
    %pushi/vec4 163, 0, 8;
    %store/vec4 v00000149b1448a20_0, 0, 8;
    %jmp T_19.256;
T_19.114 ;
    %pushi/vec4 64, 0, 8;
    %store/vec4 v00000149b1448a20_0, 0, 8;
    %jmp T_19.256;
T_19.115 ;
    %pushi/vec4 143, 0, 8;
    %store/vec4 v00000149b1448a20_0, 0, 8;
    %jmp T_19.256;
T_19.116 ;
    %pushi/vec4 146, 0, 8;
    %store/vec4 v00000149b1448a20_0, 0, 8;
    %jmp T_19.256;
T_19.117 ;
    %pushi/vec4 157, 0, 8;
    %store/vec4 v00000149b1448a20_0, 0, 8;
    %jmp T_19.256;
T_19.118 ;
    %pushi/vec4 56, 0, 8;
    %store/vec4 v00000149b1448a20_0, 0, 8;
    %jmp T_19.256;
T_19.119 ;
    %pushi/vec4 245, 0, 8;
    %store/vec4 v00000149b1448a20_0, 0, 8;
    %jmp T_19.256;
T_19.120 ;
    %pushi/vec4 188, 0, 8;
    %store/vec4 v00000149b1448a20_0, 0, 8;
    %jmp T_19.256;
T_19.121 ;
    %pushi/vec4 182, 0, 8;
    %store/vec4 v00000149b1448a20_0, 0, 8;
    %jmp T_19.256;
T_19.122 ;
    %pushi/vec4 218, 0, 8;
    %store/vec4 v00000149b1448a20_0, 0, 8;
    %jmp T_19.256;
T_19.123 ;
    %pushi/vec4 33, 0, 8;
    %store/vec4 v00000149b1448a20_0, 0, 8;
    %jmp T_19.256;
T_19.124 ;
    %pushi/vec4 16, 0, 8;
    %store/vec4 v00000149b1448a20_0, 0, 8;
    %jmp T_19.256;
T_19.125 ;
    %pushi/vec4 255, 0, 8;
    %store/vec4 v00000149b1448a20_0, 0, 8;
    %jmp T_19.256;
T_19.126 ;
    %pushi/vec4 243, 0, 8;
    %store/vec4 v00000149b1448a20_0, 0, 8;
    %jmp T_19.256;
T_19.127 ;
    %pushi/vec4 210, 0, 8;
    %store/vec4 v00000149b1448a20_0, 0, 8;
    %jmp T_19.256;
T_19.128 ;
    %pushi/vec4 205, 0, 8;
    %store/vec4 v00000149b1448a20_0, 0, 8;
    %jmp T_19.256;
T_19.129 ;
    %pushi/vec4 12, 0, 8;
    %store/vec4 v00000149b1448a20_0, 0, 8;
    %jmp T_19.256;
T_19.130 ;
    %pushi/vec4 19, 0, 8;
    %store/vec4 v00000149b1448a20_0, 0, 8;
    %jmp T_19.256;
T_19.131 ;
    %pushi/vec4 236, 0, 8;
    %store/vec4 v00000149b1448a20_0, 0, 8;
    %jmp T_19.256;
T_19.132 ;
    %pushi/vec4 95, 0, 8;
    %store/vec4 v00000149b1448a20_0, 0, 8;
    %jmp T_19.256;
T_19.133 ;
    %pushi/vec4 151, 0, 8;
    %store/vec4 v00000149b1448a20_0, 0, 8;
    %jmp T_19.256;
T_19.134 ;
    %pushi/vec4 68, 0, 8;
    %store/vec4 v00000149b1448a20_0, 0, 8;
    %jmp T_19.256;
T_19.135 ;
    %pushi/vec4 23, 0, 8;
    %store/vec4 v00000149b1448a20_0, 0, 8;
    %jmp T_19.256;
T_19.136 ;
    %pushi/vec4 196, 0, 8;
    %store/vec4 v00000149b1448a20_0, 0, 8;
    %jmp T_19.256;
T_19.137 ;
    %pushi/vec4 167, 0, 8;
    %store/vec4 v00000149b1448a20_0, 0, 8;
    %jmp T_19.256;
T_19.138 ;
    %pushi/vec4 126, 0, 8;
    %store/vec4 v00000149b1448a20_0, 0, 8;
    %jmp T_19.256;
T_19.139 ;
    %pushi/vec4 61, 0, 8;
    %store/vec4 v00000149b1448a20_0, 0, 8;
    %jmp T_19.256;
T_19.140 ;
    %pushi/vec4 100, 0, 8;
    %store/vec4 v00000149b1448a20_0, 0, 8;
    %jmp T_19.256;
T_19.141 ;
    %pushi/vec4 93, 0, 8;
    %store/vec4 v00000149b1448a20_0, 0, 8;
    %jmp T_19.256;
T_19.142 ;
    %pushi/vec4 25, 0, 8;
    %store/vec4 v00000149b1448a20_0, 0, 8;
    %jmp T_19.256;
T_19.143 ;
    %pushi/vec4 115, 0, 8;
    %store/vec4 v00000149b1448a20_0, 0, 8;
    %jmp T_19.256;
T_19.144 ;
    %pushi/vec4 96, 0, 8;
    %store/vec4 v00000149b1448a20_0, 0, 8;
    %jmp T_19.256;
T_19.145 ;
    %pushi/vec4 129, 0, 8;
    %store/vec4 v00000149b1448a20_0, 0, 8;
    %jmp T_19.256;
T_19.146 ;
    %pushi/vec4 79, 0, 8;
    %store/vec4 v00000149b1448a20_0, 0, 8;
    %jmp T_19.256;
T_19.147 ;
    %pushi/vec4 220, 0, 8;
    %store/vec4 v00000149b1448a20_0, 0, 8;
    %jmp T_19.256;
T_19.148 ;
    %pushi/vec4 34, 0, 8;
    %store/vec4 v00000149b1448a20_0, 0, 8;
    %jmp T_19.256;
T_19.149 ;
    %pushi/vec4 42, 0, 8;
    %store/vec4 v00000149b1448a20_0, 0, 8;
    %jmp T_19.256;
T_19.150 ;
    %pushi/vec4 144, 0, 8;
    %store/vec4 v00000149b1448a20_0, 0, 8;
    %jmp T_19.256;
T_19.151 ;
    %pushi/vec4 136, 0, 8;
    %store/vec4 v00000149b1448a20_0, 0, 8;
    %jmp T_19.256;
T_19.152 ;
    %pushi/vec4 70, 0, 8;
    %store/vec4 v00000149b1448a20_0, 0, 8;
    %jmp T_19.256;
T_19.153 ;
    %pushi/vec4 238, 0, 8;
    %store/vec4 v00000149b1448a20_0, 0, 8;
    %jmp T_19.256;
T_19.154 ;
    %pushi/vec4 184, 0, 8;
    %store/vec4 v00000149b1448a20_0, 0, 8;
    %jmp T_19.256;
T_19.155 ;
    %pushi/vec4 20, 0, 8;
    %store/vec4 v00000149b1448a20_0, 0, 8;
    %jmp T_19.256;
T_19.156 ;
    %pushi/vec4 222, 0, 8;
    %store/vec4 v00000149b1448a20_0, 0, 8;
    %jmp T_19.256;
T_19.157 ;
    %pushi/vec4 94, 0, 8;
    %store/vec4 v00000149b1448a20_0, 0, 8;
    %jmp T_19.256;
T_19.158 ;
    %pushi/vec4 11, 0, 8;
    %store/vec4 v00000149b1448a20_0, 0, 8;
    %jmp T_19.256;
T_19.159 ;
    %pushi/vec4 219, 0, 8;
    %store/vec4 v00000149b1448a20_0, 0, 8;
    %jmp T_19.256;
T_19.160 ;
    %pushi/vec4 224, 0, 8;
    %store/vec4 v00000149b1448a20_0, 0, 8;
    %jmp T_19.256;
T_19.161 ;
    %pushi/vec4 50, 0, 8;
    %store/vec4 v00000149b1448a20_0, 0, 8;
    %jmp T_19.256;
T_19.162 ;
    %pushi/vec4 58, 0, 8;
    %store/vec4 v00000149b1448a20_0, 0, 8;
    %jmp T_19.256;
T_19.163 ;
    %pushi/vec4 10, 0, 8;
    %store/vec4 v00000149b1448a20_0, 0, 8;
    %jmp T_19.256;
T_19.164 ;
    %pushi/vec4 73, 0, 8;
    %store/vec4 v00000149b1448a20_0, 0, 8;
    %jmp T_19.256;
T_19.165 ;
    %pushi/vec4 6, 0, 8;
    %store/vec4 v00000149b1448a20_0, 0, 8;
    %jmp T_19.256;
T_19.166 ;
    %pushi/vec4 36, 0, 8;
    %store/vec4 v00000149b1448a20_0, 0, 8;
    %jmp T_19.256;
T_19.167 ;
    %pushi/vec4 92, 0, 8;
    %store/vec4 v00000149b1448a20_0, 0, 8;
    %jmp T_19.256;
T_19.168 ;
    %pushi/vec4 194, 0, 8;
    %store/vec4 v00000149b1448a20_0, 0, 8;
    %jmp T_19.256;
T_19.169 ;
    %pushi/vec4 211, 0, 8;
    %store/vec4 v00000149b1448a20_0, 0, 8;
    %jmp T_19.256;
T_19.170 ;
    %pushi/vec4 172, 0, 8;
    %store/vec4 v00000149b1448a20_0, 0, 8;
    %jmp T_19.256;
T_19.171 ;
    %pushi/vec4 98, 0, 8;
    %store/vec4 v00000149b1448a20_0, 0, 8;
    %jmp T_19.256;
T_19.172 ;
    %pushi/vec4 145, 0, 8;
    %store/vec4 v00000149b1448a20_0, 0, 8;
    %jmp T_19.256;
T_19.173 ;
    %pushi/vec4 149, 0, 8;
    %store/vec4 v00000149b1448a20_0, 0, 8;
    %jmp T_19.256;
T_19.174 ;
    %pushi/vec4 228, 0, 8;
    %store/vec4 v00000149b1448a20_0, 0, 8;
    %jmp T_19.256;
T_19.175 ;
    %pushi/vec4 121, 0, 8;
    %store/vec4 v00000149b1448a20_0, 0, 8;
    %jmp T_19.256;
T_19.176 ;
    %pushi/vec4 231, 0, 8;
    %store/vec4 v00000149b1448a20_0, 0, 8;
    %jmp T_19.256;
T_19.177 ;
    %pushi/vec4 200, 0, 8;
    %store/vec4 v00000149b1448a20_0, 0, 8;
    %jmp T_19.256;
T_19.178 ;
    %pushi/vec4 55, 0, 8;
    %store/vec4 v00000149b1448a20_0, 0, 8;
    %jmp T_19.256;
T_19.179 ;
    %pushi/vec4 109, 0, 8;
    %store/vec4 v00000149b1448a20_0, 0, 8;
    %jmp T_19.256;
T_19.180 ;
    %pushi/vec4 141, 0, 8;
    %store/vec4 v00000149b1448a20_0, 0, 8;
    %jmp T_19.256;
T_19.181 ;
    %pushi/vec4 213, 0, 8;
    %store/vec4 v00000149b1448a20_0, 0, 8;
    %jmp T_19.256;
T_19.182 ;
    %pushi/vec4 78, 0, 8;
    %store/vec4 v00000149b1448a20_0, 0, 8;
    %jmp T_19.256;
T_19.183 ;
    %pushi/vec4 169, 0, 8;
    %store/vec4 v00000149b1448a20_0, 0, 8;
    %jmp T_19.256;
T_19.184 ;
    %pushi/vec4 108, 0, 8;
    %store/vec4 v00000149b1448a20_0, 0, 8;
    %jmp T_19.256;
T_19.185 ;
    %pushi/vec4 86, 0, 8;
    %store/vec4 v00000149b1448a20_0, 0, 8;
    %jmp T_19.256;
T_19.186 ;
    %pushi/vec4 244, 0, 8;
    %store/vec4 v00000149b1448a20_0, 0, 8;
    %jmp T_19.256;
T_19.187 ;
    %pushi/vec4 234, 0, 8;
    %store/vec4 v00000149b1448a20_0, 0, 8;
    %jmp T_19.256;
T_19.188 ;
    %pushi/vec4 101, 0, 8;
    %store/vec4 v00000149b1448a20_0, 0, 8;
    %jmp T_19.256;
T_19.189 ;
    %pushi/vec4 122, 0, 8;
    %store/vec4 v00000149b1448a20_0, 0, 8;
    %jmp T_19.256;
T_19.190 ;
    %pushi/vec4 174, 0, 8;
    %store/vec4 v00000149b1448a20_0, 0, 8;
    %jmp T_19.256;
T_19.191 ;
    %pushi/vec4 8, 0, 8;
    %store/vec4 v00000149b1448a20_0, 0, 8;
    %jmp T_19.256;
T_19.192 ;
    %pushi/vec4 186, 0, 8;
    %store/vec4 v00000149b1448a20_0, 0, 8;
    %jmp T_19.256;
T_19.193 ;
    %pushi/vec4 120, 0, 8;
    %store/vec4 v00000149b1448a20_0, 0, 8;
    %jmp T_19.256;
T_19.194 ;
    %pushi/vec4 37, 0, 8;
    %store/vec4 v00000149b1448a20_0, 0, 8;
    %jmp T_19.256;
T_19.195 ;
    %pushi/vec4 46, 0, 8;
    %store/vec4 v00000149b1448a20_0, 0, 8;
    %jmp T_19.256;
T_19.196 ;
    %pushi/vec4 28, 0, 8;
    %store/vec4 v00000149b1448a20_0, 0, 8;
    %jmp T_19.256;
T_19.197 ;
    %pushi/vec4 166, 0, 8;
    %store/vec4 v00000149b1448a20_0, 0, 8;
    %jmp T_19.256;
T_19.198 ;
    %pushi/vec4 180, 0, 8;
    %store/vec4 v00000149b1448a20_0, 0, 8;
    %jmp T_19.256;
T_19.199 ;
    %pushi/vec4 198, 0, 8;
    %store/vec4 v00000149b1448a20_0, 0, 8;
    %jmp T_19.256;
T_19.200 ;
    %pushi/vec4 232, 0, 8;
    %store/vec4 v00000149b1448a20_0, 0, 8;
    %jmp T_19.256;
T_19.201 ;
    %pushi/vec4 221, 0, 8;
    %store/vec4 v00000149b1448a20_0, 0, 8;
    %jmp T_19.256;
T_19.202 ;
    %pushi/vec4 116, 0, 8;
    %store/vec4 v00000149b1448a20_0, 0, 8;
    %jmp T_19.256;
T_19.203 ;
    %pushi/vec4 31, 0, 8;
    %store/vec4 v00000149b1448a20_0, 0, 8;
    %jmp T_19.256;
T_19.204 ;
    %pushi/vec4 75, 0, 8;
    %store/vec4 v00000149b1448a20_0, 0, 8;
    %jmp T_19.256;
T_19.205 ;
    %pushi/vec4 189, 0, 8;
    %store/vec4 v00000149b1448a20_0, 0, 8;
    %jmp T_19.256;
T_19.206 ;
    %pushi/vec4 139, 0, 8;
    %store/vec4 v00000149b1448a20_0, 0, 8;
    %jmp T_19.256;
T_19.207 ;
    %pushi/vec4 138, 0, 8;
    %store/vec4 v00000149b1448a20_0, 0, 8;
    %jmp T_19.256;
T_19.208 ;
    %pushi/vec4 112, 0, 8;
    %store/vec4 v00000149b1448a20_0, 0, 8;
    %jmp T_19.256;
T_19.209 ;
    %pushi/vec4 62, 0, 8;
    %store/vec4 v00000149b1448a20_0, 0, 8;
    %jmp T_19.256;
T_19.210 ;
    %pushi/vec4 181, 0, 8;
    %store/vec4 v00000149b1448a20_0, 0, 8;
    %jmp T_19.256;
T_19.211 ;
    %pushi/vec4 102, 0, 8;
    %store/vec4 v00000149b1448a20_0, 0, 8;
    %jmp T_19.256;
T_19.212 ;
    %pushi/vec4 72, 0, 8;
    %store/vec4 v00000149b1448a20_0, 0, 8;
    %jmp T_19.256;
T_19.213 ;
    %pushi/vec4 3, 0, 8;
    %store/vec4 v00000149b1448a20_0, 0, 8;
    %jmp T_19.256;
T_19.214 ;
    %pushi/vec4 246, 0, 8;
    %store/vec4 v00000149b1448a20_0, 0, 8;
    %jmp T_19.256;
T_19.215 ;
    %pushi/vec4 14, 0, 8;
    %store/vec4 v00000149b1448a20_0, 0, 8;
    %jmp T_19.256;
T_19.216 ;
    %pushi/vec4 97, 0, 8;
    %store/vec4 v00000149b1448a20_0, 0, 8;
    %jmp T_19.256;
T_19.217 ;
    %pushi/vec4 53, 0, 8;
    %store/vec4 v00000149b1448a20_0, 0, 8;
    %jmp T_19.256;
T_19.218 ;
    %pushi/vec4 87, 0, 8;
    %store/vec4 v00000149b1448a20_0, 0, 8;
    %jmp T_19.256;
T_19.219 ;
    %pushi/vec4 185, 0, 8;
    %store/vec4 v00000149b1448a20_0, 0, 8;
    %jmp T_19.256;
T_19.220 ;
    %pushi/vec4 134, 0, 8;
    %store/vec4 v00000149b1448a20_0, 0, 8;
    %jmp T_19.256;
T_19.221 ;
    %pushi/vec4 193, 0, 8;
    %store/vec4 v00000149b1448a20_0, 0, 8;
    %jmp T_19.256;
T_19.222 ;
    %pushi/vec4 29, 0, 8;
    %store/vec4 v00000149b1448a20_0, 0, 8;
    %jmp T_19.256;
T_19.223 ;
    %pushi/vec4 158, 0, 8;
    %store/vec4 v00000149b1448a20_0, 0, 8;
    %jmp T_19.256;
T_19.224 ;
    %pushi/vec4 225, 0, 8;
    %store/vec4 v00000149b1448a20_0, 0, 8;
    %jmp T_19.256;
T_19.225 ;
    %pushi/vec4 248, 0, 8;
    %store/vec4 v00000149b1448a20_0, 0, 8;
    %jmp T_19.256;
T_19.226 ;
    %pushi/vec4 152, 0, 8;
    %store/vec4 v00000149b1448a20_0, 0, 8;
    %jmp T_19.256;
T_19.227 ;
    %pushi/vec4 17, 0, 8;
    %store/vec4 v00000149b1448a20_0, 0, 8;
    %jmp T_19.256;
T_19.228 ;
    %pushi/vec4 105, 0, 8;
    %store/vec4 v00000149b1448a20_0, 0, 8;
    %jmp T_19.256;
T_19.229 ;
    %pushi/vec4 217, 0, 8;
    %store/vec4 v00000149b1448a20_0, 0, 8;
    %jmp T_19.256;
T_19.230 ;
    %pushi/vec4 142, 0, 8;
    %store/vec4 v00000149b1448a20_0, 0, 8;
    %jmp T_19.256;
T_19.231 ;
    %pushi/vec4 148, 0, 8;
    %store/vec4 v00000149b1448a20_0, 0, 8;
    %jmp T_19.256;
T_19.232 ;
    %pushi/vec4 155, 0, 8;
    %store/vec4 v00000149b1448a20_0, 0, 8;
    %jmp T_19.256;
T_19.233 ;
    %pushi/vec4 30, 0, 8;
    %store/vec4 v00000149b1448a20_0, 0, 8;
    %jmp T_19.256;
T_19.234 ;
    %pushi/vec4 135, 0, 8;
    %store/vec4 v00000149b1448a20_0, 0, 8;
    %jmp T_19.256;
T_19.235 ;
    %pushi/vec4 233, 0, 8;
    %store/vec4 v00000149b1448a20_0, 0, 8;
    %jmp T_19.256;
T_19.236 ;
    %pushi/vec4 206, 0, 8;
    %store/vec4 v00000149b1448a20_0, 0, 8;
    %jmp T_19.256;
T_19.237 ;
    %pushi/vec4 85, 0, 8;
    %store/vec4 v00000149b1448a20_0, 0, 8;
    %jmp T_19.256;
T_19.238 ;
    %pushi/vec4 40, 0, 8;
    %store/vec4 v00000149b1448a20_0, 0, 8;
    %jmp T_19.256;
T_19.239 ;
    %pushi/vec4 223, 0, 8;
    %store/vec4 v00000149b1448a20_0, 0, 8;
    %jmp T_19.256;
T_19.240 ;
    %pushi/vec4 140, 0, 8;
    %store/vec4 v00000149b1448a20_0, 0, 8;
    %jmp T_19.256;
T_19.241 ;
    %pushi/vec4 161, 0, 8;
    %store/vec4 v00000149b1448a20_0, 0, 8;
    %jmp T_19.256;
T_19.242 ;
    %pushi/vec4 137, 0, 8;
    %store/vec4 v00000149b1448a20_0, 0, 8;
    %jmp T_19.256;
T_19.243 ;
    %pushi/vec4 13, 0, 8;
    %store/vec4 v00000149b1448a20_0, 0, 8;
    %jmp T_19.256;
T_19.244 ;
    %pushi/vec4 191, 0, 8;
    %store/vec4 v00000149b1448a20_0, 0, 8;
    %jmp T_19.256;
T_19.245 ;
    %pushi/vec4 230, 0, 8;
    %store/vec4 v00000149b1448a20_0, 0, 8;
    %jmp T_19.256;
T_19.246 ;
    %pushi/vec4 66, 0, 8;
    %store/vec4 v00000149b1448a20_0, 0, 8;
    %jmp T_19.256;
T_19.247 ;
    %pushi/vec4 104, 0, 8;
    %store/vec4 v00000149b1448a20_0, 0, 8;
    %jmp T_19.256;
T_19.248 ;
    %pushi/vec4 65, 0, 8;
    %store/vec4 v00000149b1448a20_0, 0, 8;
    %jmp T_19.256;
T_19.249 ;
    %pushi/vec4 153, 0, 8;
    %store/vec4 v00000149b1448a20_0, 0, 8;
    %jmp T_19.256;
T_19.250 ;
    %pushi/vec4 45, 0, 8;
    %store/vec4 v00000149b1448a20_0, 0, 8;
    %jmp T_19.256;
T_19.251 ;
    %pushi/vec4 15, 0, 8;
    %store/vec4 v00000149b1448a20_0, 0, 8;
    %jmp T_19.256;
T_19.252 ;
    %pushi/vec4 176, 0, 8;
    %store/vec4 v00000149b1448a20_0, 0, 8;
    %jmp T_19.256;
T_19.253 ;
    %pushi/vec4 84, 0, 8;
    %store/vec4 v00000149b1448a20_0, 0, 8;
    %jmp T_19.256;
T_19.254 ;
    %pushi/vec4 187, 0, 8;
    %store/vec4 v00000149b1448a20_0, 0, 8;
    %jmp T_19.256;
T_19.255 ;
    %pushi/vec4 22, 0, 8;
    %store/vec4 v00000149b1448a20_0, 0, 8;
    %jmp T_19.256;
T_19.256 ;
    %pop/vec4 1;
    %jmp T_19;
    .thread T_19, $push;
    .scope S_00000149b144c900;
T_20 ;
    %wait E_00000149b1392340;
    %load/vec4 v00000149b1448d40_0;
    %dup/vec4;
    %pushi/vec4 0, 0, 8;
    %cmp/u;
    %jmp/1 T_20.0, 6;
    %dup/vec4;
    %pushi/vec4 1, 0, 8;
    %cmp/u;
    %jmp/1 T_20.1, 6;
    %dup/vec4;
    %pushi/vec4 2, 0, 8;
    %cmp/u;
    %jmp/1 T_20.2, 6;
    %dup/vec4;
    %pushi/vec4 3, 0, 8;
    %cmp/u;
    %jmp/1 T_20.3, 6;
    %dup/vec4;
    %pushi/vec4 4, 0, 8;
    %cmp/u;
    %jmp/1 T_20.4, 6;
    %dup/vec4;
    %pushi/vec4 5, 0, 8;
    %cmp/u;
    %jmp/1 T_20.5, 6;
    %dup/vec4;
    %pushi/vec4 6, 0, 8;
    %cmp/u;
    %jmp/1 T_20.6, 6;
    %dup/vec4;
    %pushi/vec4 7, 0, 8;
    %cmp/u;
    %jmp/1 T_20.7, 6;
    %dup/vec4;
    %pushi/vec4 8, 0, 8;
    %cmp/u;
    %jmp/1 T_20.8, 6;
    %dup/vec4;
    %pushi/vec4 9, 0, 8;
    %cmp/u;
    %jmp/1 T_20.9, 6;
    %dup/vec4;
    %pushi/vec4 10, 0, 8;
    %cmp/u;
    %jmp/1 T_20.10, 6;
    %dup/vec4;
    %pushi/vec4 11, 0, 8;
    %cmp/u;
    %jmp/1 T_20.11, 6;
    %dup/vec4;
    %pushi/vec4 12, 0, 8;
    %cmp/u;
    %jmp/1 T_20.12, 6;
    %dup/vec4;
    %pushi/vec4 13, 0, 8;
    %cmp/u;
    %jmp/1 T_20.13, 6;
    %dup/vec4;
    %pushi/vec4 14, 0, 8;
    %cmp/u;
    %jmp/1 T_20.14, 6;
    %dup/vec4;
    %pushi/vec4 15, 0, 8;
    %cmp/u;
    %jmp/1 T_20.15, 6;
    %dup/vec4;
    %pushi/vec4 16, 0, 8;
    %cmp/u;
    %jmp/1 T_20.16, 6;
    %dup/vec4;
    %pushi/vec4 17, 0, 8;
    %cmp/u;
    %jmp/1 T_20.17, 6;
    %dup/vec4;
    %pushi/vec4 18, 0, 8;
    %cmp/u;
    %jmp/1 T_20.18, 6;
    %dup/vec4;
    %pushi/vec4 19, 0, 8;
    %cmp/u;
    %jmp/1 T_20.19, 6;
    %dup/vec4;
    %pushi/vec4 20, 0, 8;
    %cmp/u;
    %jmp/1 T_20.20, 6;
    %dup/vec4;
    %pushi/vec4 21, 0, 8;
    %cmp/u;
    %jmp/1 T_20.21, 6;
    %dup/vec4;
    %pushi/vec4 22, 0, 8;
    %cmp/u;
    %jmp/1 T_20.22, 6;
    %dup/vec4;
    %pushi/vec4 23, 0, 8;
    %cmp/u;
    %jmp/1 T_20.23, 6;
    %dup/vec4;
    %pushi/vec4 24, 0, 8;
    %cmp/u;
    %jmp/1 T_20.24, 6;
    %dup/vec4;
    %pushi/vec4 25, 0, 8;
    %cmp/u;
    %jmp/1 T_20.25, 6;
    %dup/vec4;
    %pushi/vec4 26, 0, 8;
    %cmp/u;
    %jmp/1 T_20.26, 6;
    %dup/vec4;
    %pushi/vec4 27, 0, 8;
    %cmp/u;
    %jmp/1 T_20.27, 6;
    %dup/vec4;
    %pushi/vec4 28, 0, 8;
    %cmp/u;
    %jmp/1 T_20.28, 6;
    %dup/vec4;
    %pushi/vec4 29, 0, 8;
    %cmp/u;
    %jmp/1 T_20.29, 6;
    %dup/vec4;
    %pushi/vec4 30, 0, 8;
    %cmp/u;
    %jmp/1 T_20.30, 6;
    %dup/vec4;
    %pushi/vec4 31, 0, 8;
    %cmp/u;
    %jmp/1 T_20.31, 6;
    %dup/vec4;
    %pushi/vec4 32, 0, 8;
    %cmp/u;
    %jmp/1 T_20.32, 6;
    %dup/vec4;
    %pushi/vec4 33, 0, 8;
    %cmp/u;
    %jmp/1 T_20.33, 6;
    %dup/vec4;
    %pushi/vec4 34, 0, 8;
    %cmp/u;
    %jmp/1 T_20.34, 6;
    %dup/vec4;
    %pushi/vec4 35, 0, 8;
    %cmp/u;
    %jmp/1 T_20.35, 6;
    %dup/vec4;
    %pushi/vec4 36, 0, 8;
    %cmp/u;
    %jmp/1 T_20.36, 6;
    %dup/vec4;
    %pushi/vec4 37, 0, 8;
    %cmp/u;
    %jmp/1 T_20.37, 6;
    %dup/vec4;
    %pushi/vec4 38, 0, 8;
    %cmp/u;
    %jmp/1 T_20.38, 6;
    %dup/vec4;
    %pushi/vec4 39, 0, 8;
    %cmp/u;
    %jmp/1 T_20.39, 6;
    %dup/vec4;
    %pushi/vec4 40, 0, 8;
    %cmp/u;
    %jmp/1 T_20.40, 6;
    %dup/vec4;
    %pushi/vec4 41, 0, 8;
    %cmp/u;
    %jmp/1 T_20.41, 6;
    %dup/vec4;
    %pushi/vec4 42, 0, 8;
    %cmp/u;
    %jmp/1 T_20.42, 6;
    %dup/vec4;
    %pushi/vec4 43, 0, 8;
    %cmp/u;
    %jmp/1 T_20.43, 6;
    %dup/vec4;
    %pushi/vec4 44, 0, 8;
    %cmp/u;
    %jmp/1 T_20.44, 6;
    %dup/vec4;
    %pushi/vec4 45, 0, 8;
    %cmp/u;
    %jmp/1 T_20.45, 6;
    %dup/vec4;
    %pushi/vec4 46, 0, 8;
    %cmp/u;
    %jmp/1 T_20.46, 6;
    %dup/vec4;
    %pushi/vec4 47, 0, 8;
    %cmp/u;
    %jmp/1 T_20.47, 6;
    %dup/vec4;
    %pushi/vec4 48, 0, 8;
    %cmp/u;
    %jmp/1 T_20.48, 6;
    %dup/vec4;
    %pushi/vec4 49, 0, 8;
    %cmp/u;
    %jmp/1 T_20.49, 6;
    %dup/vec4;
    %pushi/vec4 50, 0, 8;
    %cmp/u;
    %jmp/1 T_20.50, 6;
    %dup/vec4;
    %pushi/vec4 51, 0, 8;
    %cmp/u;
    %jmp/1 T_20.51, 6;
    %dup/vec4;
    %pushi/vec4 52, 0, 8;
    %cmp/u;
    %jmp/1 T_20.52, 6;
    %dup/vec4;
    %pushi/vec4 53, 0, 8;
    %cmp/u;
    %jmp/1 T_20.53, 6;
    %dup/vec4;
    %pushi/vec4 54, 0, 8;
    %cmp/u;
    %jmp/1 T_20.54, 6;
    %dup/vec4;
    %pushi/vec4 55, 0, 8;
    %cmp/u;
    %jmp/1 T_20.55, 6;
    %dup/vec4;
    %pushi/vec4 56, 0, 8;
    %cmp/u;
    %jmp/1 T_20.56, 6;
    %dup/vec4;
    %pushi/vec4 57, 0, 8;
    %cmp/u;
    %jmp/1 T_20.57, 6;
    %dup/vec4;
    %pushi/vec4 58, 0, 8;
    %cmp/u;
    %jmp/1 T_20.58, 6;
    %dup/vec4;
    %pushi/vec4 59, 0, 8;
    %cmp/u;
    %jmp/1 T_20.59, 6;
    %dup/vec4;
    %pushi/vec4 60, 0, 8;
    %cmp/u;
    %jmp/1 T_20.60, 6;
    %dup/vec4;
    %pushi/vec4 61, 0, 8;
    %cmp/u;
    %jmp/1 T_20.61, 6;
    %dup/vec4;
    %pushi/vec4 62, 0, 8;
    %cmp/u;
    %jmp/1 T_20.62, 6;
    %dup/vec4;
    %pushi/vec4 63, 0, 8;
    %cmp/u;
    %jmp/1 T_20.63, 6;
    %dup/vec4;
    %pushi/vec4 64, 0, 8;
    %cmp/u;
    %jmp/1 T_20.64, 6;
    %dup/vec4;
    %pushi/vec4 65, 0, 8;
    %cmp/u;
    %jmp/1 T_20.65, 6;
    %dup/vec4;
    %pushi/vec4 66, 0, 8;
    %cmp/u;
    %jmp/1 T_20.66, 6;
    %dup/vec4;
    %pushi/vec4 67, 0, 8;
    %cmp/u;
    %jmp/1 T_20.67, 6;
    %dup/vec4;
    %pushi/vec4 68, 0, 8;
    %cmp/u;
    %jmp/1 T_20.68, 6;
    %dup/vec4;
    %pushi/vec4 69, 0, 8;
    %cmp/u;
    %jmp/1 T_20.69, 6;
    %dup/vec4;
    %pushi/vec4 70, 0, 8;
    %cmp/u;
    %jmp/1 T_20.70, 6;
    %dup/vec4;
    %pushi/vec4 71, 0, 8;
    %cmp/u;
    %jmp/1 T_20.71, 6;
    %dup/vec4;
    %pushi/vec4 72, 0, 8;
    %cmp/u;
    %jmp/1 T_20.72, 6;
    %dup/vec4;
    %pushi/vec4 73, 0, 8;
    %cmp/u;
    %jmp/1 T_20.73, 6;
    %dup/vec4;
    %pushi/vec4 74, 0, 8;
    %cmp/u;
    %jmp/1 T_20.74, 6;
    %dup/vec4;
    %pushi/vec4 75, 0, 8;
    %cmp/u;
    %jmp/1 T_20.75, 6;
    %dup/vec4;
    %pushi/vec4 76, 0, 8;
    %cmp/u;
    %jmp/1 T_20.76, 6;
    %dup/vec4;
    %pushi/vec4 77, 0, 8;
    %cmp/u;
    %jmp/1 T_20.77, 6;
    %dup/vec4;
    %pushi/vec4 78, 0, 8;
    %cmp/u;
    %jmp/1 T_20.78, 6;
    %dup/vec4;
    %pushi/vec4 79, 0, 8;
    %cmp/u;
    %jmp/1 T_20.79, 6;
    %dup/vec4;
    %pushi/vec4 80, 0, 8;
    %cmp/u;
    %jmp/1 T_20.80, 6;
    %dup/vec4;
    %pushi/vec4 81, 0, 8;
    %cmp/u;
    %jmp/1 T_20.81, 6;
    %dup/vec4;
    %pushi/vec4 82, 0, 8;
    %cmp/u;
    %jmp/1 T_20.82, 6;
    %dup/vec4;
    %pushi/vec4 83, 0, 8;
    %cmp/u;
    %jmp/1 T_20.83, 6;
    %dup/vec4;
    %pushi/vec4 84, 0, 8;
    %cmp/u;
    %jmp/1 T_20.84, 6;
    %dup/vec4;
    %pushi/vec4 85, 0, 8;
    %cmp/u;
    %jmp/1 T_20.85, 6;
    %dup/vec4;
    %pushi/vec4 86, 0, 8;
    %cmp/u;
    %jmp/1 T_20.86, 6;
    %dup/vec4;
    %pushi/vec4 87, 0, 8;
    %cmp/u;
    %jmp/1 T_20.87, 6;
    %dup/vec4;
    %pushi/vec4 88, 0, 8;
    %cmp/u;
    %jmp/1 T_20.88, 6;
    %dup/vec4;
    %pushi/vec4 89, 0, 8;
    %cmp/u;
    %jmp/1 T_20.89, 6;
    %dup/vec4;
    %pushi/vec4 90, 0, 8;
    %cmp/u;
    %jmp/1 T_20.90, 6;
    %dup/vec4;
    %pushi/vec4 91, 0, 8;
    %cmp/u;
    %jmp/1 T_20.91, 6;
    %dup/vec4;
    %pushi/vec4 92, 0, 8;
    %cmp/u;
    %jmp/1 T_20.92, 6;
    %dup/vec4;
    %pushi/vec4 93, 0, 8;
    %cmp/u;
    %jmp/1 T_20.93, 6;
    %dup/vec4;
    %pushi/vec4 94, 0, 8;
    %cmp/u;
    %jmp/1 T_20.94, 6;
    %dup/vec4;
    %pushi/vec4 95, 0, 8;
    %cmp/u;
    %jmp/1 T_20.95, 6;
    %dup/vec4;
    %pushi/vec4 96, 0, 8;
    %cmp/u;
    %jmp/1 T_20.96, 6;
    %dup/vec4;
    %pushi/vec4 97, 0, 8;
    %cmp/u;
    %jmp/1 T_20.97, 6;
    %dup/vec4;
    %pushi/vec4 98, 0, 8;
    %cmp/u;
    %jmp/1 T_20.98, 6;
    %dup/vec4;
    %pushi/vec4 99, 0, 8;
    %cmp/u;
    %jmp/1 T_20.99, 6;
    %dup/vec4;
    %pushi/vec4 100, 0, 8;
    %cmp/u;
    %jmp/1 T_20.100, 6;
    %dup/vec4;
    %pushi/vec4 101, 0, 8;
    %cmp/u;
    %jmp/1 T_20.101, 6;
    %dup/vec4;
    %pushi/vec4 102, 0, 8;
    %cmp/u;
    %jmp/1 T_20.102, 6;
    %dup/vec4;
    %pushi/vec4 103, 0, 8;
    %cmp/u;
    %jmp/1 T_20.103, 6;
    %dup/vec4;
    %pushi/vec4 104, 0, 8;
    %cmp/u;
    %jmp/1 T_20.104, 6;
    %dup/vec4;
    %pushi/vec4 105, 0, 8;
    %cmp/u;
    %jmp/1 T_20.105, 6;
    %dup/vec4;
    %pushi/vec4 106, 0, 8;
    %cmp/u;
    %jmp/1 T_20.106, 6;
    %dup/vec4;
    %pushi/vec4 107, 0, 8;
    %cmp/u;
    %jmp/1 T_20.107, 6;
    %dup/vec4;
    %pushi/vec4 108, 0, 8;
    %cmp/u;
    %jmp/1 T_20.108, 6;
    %dup/vec4;
    %pushi/vec4 109, 0, 8;
    %cmp/u;
    %jmp/1 T_20.109, 6;
    %dup/vec4;
    %pushi/vec4 110, 0, 8;
    %cmp/u;
    %jmp/1 T_20.110, 6;
    %dup/vec4;
    %pushi/vec4 111, 0, 8;
    %cmp/u;
    %jmp/1 T_20.111, 6;
    %dup/vec4;
    %pushi/vec4 112, 0, 8;
    %cmp/u;
    %jmp/1 T_20.112, 6;
    %dup/vec4;
    %pushi/vec4 113, 0, 8;
    %cmp/u;
    %jmp/1 T_20.113, 6;
    %dup/vec4;
    %pushi/vec4 114, 0, 8;
    %cmp/u;
    %jmp/1 T_20.114, 6;
    %dup/vec4;
    %pushi/vec4 115, 0, 8;
    %cmp/u;
    %jmp/1 T_20.115, 6;
    %dup/vec4;
    %pushi/vec4 116, 0, 8;
    %cmp/u;
    %jmp/1 T_20.116, 6;
    %dup/vec4;
    %pushi/vec4 117, 0, 8;
    %cmp/u;
    %jmp/1 T_20.117, 6;
    %dup/vec4;
    %pushi/vec4 118, 0, 8;
    %cmp/u;
    %jmp/1 T_20.118, 6;
    %dup/vec4;
    %pushi/vec4 119, 0, 8;
    %cmp/u;
    %jmp/1 T_20.119, 6;
    %dup/vec4;
    %pushi/vec4 120, 0, 8;
    %cmp/u;
    %jmp/1 T_20.120, 6;
    %dup/vec4;
    %pushi/vec4 121, 0, 8;
    %cmp/u;
    %jmp/1 T_20.121, 6;
    %dup/vec4;
    %pushi/vec4 122, 0, 8;
    %cmp/u;
    %jmp/1 T_20.122, 6;
    %dup/vec4;
    %pushi/vec4 123, 0, 8;
    %cmp/u;
    %jmp/1 T_20.123, 6;
    %dup/vec4;
    %pushi/vec4 124, 0, 8;
    %cmp/u;
    %jmp/1 T_20.124, 6;
    %dup/vec4;
    %pushi/vec4 125, 0, 8;
    %cmp/u;
    %jmp/1 T_20.125, 6;
    %dup/vec4;
    %pushi/vec4 126, 0, 8;
    %cmp/u;
    %jmp/1 T_20.126, 6;
    %dup/vec4;
    %pushi/vec4 127, 0, 8;
    %cmp/u;
    %jmp/1 T_20.127, 6;
    %dup/vec4;
    %pushi/vec4 128, 0, 8;
    %cmp/u;
    %jmp/1 T_20.128, 6;
    %dup/vec4;
    %pushi/vec4 129, 0, 8;
    %cmp/u;
    %jmp/1 T_20.129, 6;
    %dup/vec4;
    %pushi/vec4 130, 0, 8;
    %cmp/u;
    %jmp/1 T_20.130, 6;
    %dup/vec4;
    %pushi/vec4 131, 0, 8;
    %cmp/u;
    %jmp/1 T_20.131, 6;
    %dup/vec4;
    %pushi/vec4 132, 0, 8;
    %cmp/u;
    %jmp/1 T_20.132, 6;
    %dup/vec4;
    %pushi/vec4 133, 0, 8;
    %cmp/u;
    %jmp/1 T_20.133, 6;
    %dup/vec4;
    %pushi/vec4 134, 0, 8;
    %cmp/u;
    %jmp/1 T_20.134, 6;
    %dup/vec4;
    %pushi/vec4 135, 0, 8;
    %cmp/u;
    %jmp/1 T_20.135, 6;
    %dup/vec4;
    %pushi/vec4 136, 0, 8;
    %cmp/u;
    %jmp/1 T_20.136, 6;
    %dup/vec4;
    %pushi/vec4 137, 0, 8;
    %cmp/u;
    %jmp/1 T_20.137, 6;
    %dup/vec4;
    %pushi/vec4 138, 0, 8;
    %cmp/u;
    %jmp/1 T_20.138, 6;
    %dup/vec4;
    %pushi/vec4 139, 0, 8;
    %cmp/u;
    %jmp/1 T_20.139, 6;
    %dup/vec4;
    %pushi/vec4 140, 0, 8;
    %cmp/u;
    %jmp/1 T_20.140, 6;
    %dup/vec4;
    %pushi/vec4 141, 0, 8;
    %cmp/u;
    %jmp/1 T_20.141, 6;
    %dup/vec4;
    %pushi/vec4 142, 0, 8;
    %cmp/u;
    %jmp/1 T_20.142, 6;
    %dup/vec4;
    %pushi/vec4 143, 0, 8;
    %cmp/u;
    %jmp/1 T_20.143, 6;
    %dup/vec4;
    %pushi/vec4 144, 0, 8;
    %cmp/u;
    %jmp/1 T_20.144, 6;
    %dup/vec4;
    %pushi/vec4 145, 0, 8;
    %cmp/u;
    %jmp/1 T_20.145, 6;
    %dup/vec4;
    %pushi/vec4 146, 0, 8;
    %cmp/u;
    %jmp/1 T_20.146, 6;
    %dup/vec4;
    %pushi/vec4 147, 0, 8;
    %cmp/u;
    %jmp/1 T_20.147, 6;
    %dup/vec4;
    %pushi/vec4 148, 0, 8;
    %cmp/u;
    %jmp/1 T_20.148, 6;
    %dup/vec4;
    %pushi/vec4 149, 0, 8;
    %cmp/u;
    %jmp/1 T_20.149, 6;
    %dup/vec4;
    %pushi/vec4 150, 0, 8;
    %cmp/u;
    %jmp/1 T_20.150, 6;
    %dup/vec4;
    %pushi/vec4 151, 0, 8;
    %cmp/u;
    %jmp/1 T_20.151, 6;
    %dup/vec4;
    %pushi/vec4 152, 0, 8;
    %cmp/u;
    %jmp/1 T_20.152, 6;
    %dup/vec4;
    %pushi/vec4 153, 0, 8;
    %cmp/u;
    %jmp/1 T_20.153, 6;
    %dup/vec4;
    %pushi/vec4 154, 0, 8;
    %cmp/u;
    %jmp/1 T_20.154, 6;
    %dup/vec4;
    %pushi/vec4 155, 0, 8;
    %cmp/u;
    %jmp/1 T_20.155, 6;
    %dup/vec4;
    %pushi/vec4 156, 0, 8;
    %cmp/u;
    %jmp/1 T_20.156, 6;
    %dup/vec4;
    %pushi/vec4 157, 0, 8;
    %cmp/u;
    %jmp/1 T_20.157, 6;
    %dup/vec4;
    %pushi/vec4 158, 0, 8;
    %cmp/u;
    %jmp/1 T_20.158, 6;
    %dup/vec4;
    %pushi/vec4 159, 0, 8;
    %cmp/u;
    %jmp/1 T_20.159, 6;
    %dup/vec4;
    %pushi/vec4 160, 0, 8;
    %cmp/u;
    %jmp/1 T_20.160, 6;
    %dup/vec4;
    %pushi/vec4 161, 0, 8;
    %cmp/u;
    %jmp/1 T_20.161, 6;
    %dup/vec4;
    %pushi/vec4 162, 0, 8;
    %cmp/u;
    %jmp/1 T_20.162, 6;
    %dup/vec4;
    %pushi/vec4 163, 0, 8;
    %cmp/u;
    %jmp/1 T_20.163, 6;
    %dup/vec4;
    %pushi/vec4 164, 0, 8;
    %cmp/u;
    %jmp/1 T_20.164, 6;
    %dup/vec4;
    %pushi/vec4 165, 0, 8;
    %cmp/u;
    %jmp/1 T_20.165, 6;
    %dup/vec4;
    %pushi/vec4 166, 0, 8;
    %cmp/u;
    %jmp/1 T_20.166, 6;
    %dup/vec4;
    %pushi/vec4 167, 0, 8;
    %cmp/u;
    %jmp/1 T_20.167, 6;
    %dup/vec4;
    %pushi/vec4 168, 0, 8;
    %cmp/u;
    %jmp/1 T_20.168, 6;
    %dup/vec4;
    %pushi/vec4 169, 0, 8;
    %cmp/u;
    %jmp/1 T_20.169, 6;
    %dup/vec4;
    %pushi/vec4 170, 0, 8;
    %cmp/u;
    %jmp/1 T_20.170, 6;
    %dup/vec4;
    %pushi/vec4 171, 0, 8;
    %cmp/u;
    %jmp/1 T_20.171, 6;
    %dup/vec4;
    %pushi/vec4 172, 0, 8;
    %cmp/u;
    %jmp/1 T_20.172, 6;
    %dup/vec4;
    %pushi/vec4 173, 0, 8;
    %cmp/u;
    %jmp/1 T_20.173, 6;
    %dup/vec4;
    %pushi/vec4 174, 0, 8;
    %cmp/u;
    %jmp/1 T_20.174, 6;
    %dup/vec4;
    %pushi/vec4 175, 0, 8;
    %cmp/u;
    %jmp/1 T_20.175, 6;
    %dup/vec4;
    %pushi/vec4 176, 0, 8;
    %cmp/u;
    %jmp/1 T_20.176, 6;
    %dup/vec4;
    %pushi/vec4 177, 0, 8;
    %cmp/u;
    %jmp/1 T_20.177, 6;
    %dup/vec4;
    %pushi/vec4 178, 0, 8;
    %cmp/u;
    %jmp/1 T_20.178, 6;
    %dup/vec4;
    %pushi/vec4 179, 0, 8;
    %cmp/u;
    %jmp/1 T_20.179, 6;
    %dup/vec4;
    %pushi/vec4 180, 0, 8;
    %cmp/u;
    %jmp/1 T_20.180, 6;
    %dup/vec4;
    %pushi/vec4 181, 0, 8;
    %cmp/u;
    %jmp/1 T_20.181, 6;
    %dup/vec4;
    %pushi/vec4 182, 0, 8;
    %cmp/u;
    %jmp/1 T_20.182, 6;
    %dup/vec4;
    %pushi/vec4 183, 0, 8;
    %cmp/u;
    %jmp/1 T_20.183, 6;
    %dup/vec4;
    %pushi/vec4 184, 0, 8;
    %cmp/u;
    %jmp/1 T_20.184, 6;
    %dup/vec4;
    %pushi/vec4 185, 0, 8;
    %cmp/u;
    %jmp/1 T_20.185, 6;
    %dup/vec4;
    %pushi/vec4 186, 0, 8;
    %cmp/u;
    %jmp/1 T_20.186, 6;
    %dup/vec4;
    %pushi/vec4 187, 0, 8;
    %cmp/u;
    %jmp/1 T_20.187, 6;
    %dup/vec4;
    %pushi/vec4 188, 0, 8;
    %cmp/u;
    %jmp/1 T_20.188, 6;
    %dup/vec4;
    %pushi/vec4 189, 0, 8;
    %cmp/u;
    %jmp/1 T_20.189, 6;
    %dup/vec4;
    %pushi/vec4 190, 0, 8;
    %cmp/u;
    %jmp/1 T_20.190, 6;
    %dup/vec4;
    %pushi/vec4 191, 0, 8;
    %cmp/u;
    %jmp/1 T_20.191, 6;
    %dup/vec4;
    %pushi/vec4 192, 0, 8;
    %cmp/u;
    %jmp/1 T_20.192, 6;
    %dup/vec4;
    %pushi/vec4 193, 0, 8;
    %cmp/u;
    %jmp/1 T_20.193, 6;
    %dup/vec4;
    %pushi/vec4 194, 0, 8;
    %cmp/u;
    %jmp/1 T_20.194, 6;
    %dup/vec4;
    %pushi/vec4 195, 0, 8;
    %cmp/u;
    %jmp/1 T_20.195, 6;
    %dup/vec4;
    %pushi/vec4 196, 0, 8;
    %cmp/u;
    %jmp/1 T_20.196, 6;
    %dup/vec4;
    %pushi/vec4 197, 0, 8;
    %cmp/u;
    %jmp/1 T_20.197, 6;
    %dup/vec4;
    %pushi/vec4 198, 0, 8;
    %cmp/u;
    %jmp/1 T_20.198, 6;
    %dup/vec4;
    %pushi/vec4 199, 0, 8;
    %cmp/u;
    %jmp/1 T_20.199, 6;
    %dup/vec4;
    %pushi/vec4 200, 0, 8;
    %cmp/u;
    %jmp/1 T_20.200, 6;
    %dup/vec4;
    %pushi/vec4 201, 0, 8;
    %cmp/u;
    %jmp/1 T_20.201, 6;
    %dup/vec4;
    %pushi/vec4 202, 0, 8;
    %cmp/u;
    %jmp/1 T_20.202, 6;
    %dup/vec4;
    %pushi/vec4 203, 0, 8;
    %cmp/u;
    %jmp/1 T_20.203, 6;
    %dup/vec4;
    %pushi/vec4 204, 0, 8;
    %cmp/u;
    %jmp/1 T_20.204, 6;
    %dup/vec4;
    %pushi/vec4 205, 0, 8;
    %cmp/u;
    %jmp/1 T_20.205, 6;
    %dup/vec4;
    %pushi/vec4 206, 0, 8;
    %cmp/u;
    %jmp/1 T_20.206, 6;
    %dup/vec4;
    %pushi/vec4 207, 0, 8;
    %cmp/u;
    %jmp/1 T_20.207, 6;
    %dup/vec4;
    %pushi/vec4 208, 0, 8;
    %cmp/u;
    %jmp/1 T_20.208, 6;
    %dup/vec4;
    %pushi/vec4 209, 0, 8;
    %cmp/u;
    %jmp/1 T_20.209, 6;
    %dup/vec4;
    %pushi/vec4 210, 0, 8;
    %cmp/u;
    %jmp/1 T_20.210, 6;
    %dup/vec4;
    %pushi/vec4 211, 0, 8;
    %cmp/u;
    %jmp/1 T_20.211, 6;
    %dup/vec4;
    %pushi/vec4 212, 0, 8;
    %cmp/u;
    %jmp/1 T_20.212, 6;
    %dup/vec4;
    %pushi/vec4 213, 0, 8;
    %cmp/u;
    %jmp/1 T_20.213, 6;
    %dup/vec4;
    %pushi/vec4 214, 0, 8;
    %cmp/u;
    %jmp/1 T_20.214, 6;
    %dup/vec4;
    %pushi/vec4 215, 0, 8;
    %cmp/u;
    %jmp/1 T_20.215, 6;
    %dup/vec4;
    %pushi/vec4 216, 0, 8;
    %cmp/u;
    %jmp/1 T_20.216, 6;
    %dup/vec4;
    %pushi/vec4 217, 0, 8;
    %cmp/u;
    %jmp/1 T_20.217, 6;
    %dup/vec4;
    %pushi/vec4 218, 0, 8;
    %cmp/u;
    %jmp/1 T_20.218, 6;
    %dup/vec4;
    %pushi/vec4 219, 0, 8;
    %cmp/u;
    %jmp/1 T_20.219, 6;
    %dup/vec4;
    %pushi/vec4 220, 0, 8;
    %cmp/u;
    %jmp/1 T_20.220, 6;
    %dup/vec4;
    %pushi/vec4 221, 0, 8;
    %cmp/u;
    %jmp/1 T_20.221, 6;
    %dup/vec4;
    %pushi/vec4 222, 0, 8;
    %cmp/u;
    %jmp/1 T_20.222, 6;
    %dup/vec4;
    %pushi/vec4 223, 0, 8;
    %cmp/u;
    %jmp/1 T_20.223, 6;
    %dup/vec4;
    %pushi/vec4 224, 0, 8;
    %cmp/u;
    %jmp/1 T_20.224, 6;
    %dup/vec4;
    %pushi/vec4 225, 0, 8;
    %cmp/u;
    %jmp/1 T_20.225, 6;
    %dup/vec4;
    %pushi/vec4 226, 0, 8;
    %cmp/u;
    %jmp/1 T_20.226, 6;
    %dup/vec4;
    %pushi/vec4 227, 0, 8;
    %cmp/u;
    %jmp/1 T_20.227, 6;
    %dup/vec4;
    %pushi/vec4 228, 0, 8;
    %cmp/u;
    %jmp/1 T_20.228, 6;
    %dup/vec4;
    %pushi/vec4 229, 0, 8;
    %cmp/u;
    %jmp/1 T_20.229, 6;
    %dup/vec4;
    %pushi/vec4 230, 0, 8;
    %cmp/u;
    %jmp/1 T_20.230, 6;
    %dup/vec4;
    %pushi/vec4 231, 0, 8;
    %cmp/u;
    %jmp/1 T_20.231, 6;
    %dup/vec4;
    %pushi/vec4 232, 0, 8;
    %cmp/u;
    %jmp/1 T_20.232, 6;
    %dup/vec4;
    %pushi/vec4 233, 0, 8;
    %cmp/u;
    %jmp/1 T_20.233, 6;
    %dup/vec4;
    %pushi/vec4 234, 0, 8;
    %cmp/u;
    %jmp/1 T_20.234, 6;
    %dup/vec4;
    %pushi/vec4 235, 0, 8;
    %cmp/u;
    %jmp/1 T_20.235, 6;
    %dup/vec4;
    %pushi/vec4 236, 0, 8;
    %cmp/u;
    %jmp/1 T_20.236, 6;
    %dup/vec4;
    %pushi/vec4 237, 0, 8;
    %cmp/u;
    %jmp/1 T_20.237, 6;
    %dup/vec4;
    %pushi/vec4 238, 0, 8;
    %cmp/u;
    %jmp/1 T_20.238, 6;
    %dup/vec4;
    %pushi/vec4 239, 0, 8;
    %cmp/u;
    %jmp/1 T_20.239, 6;
    %dup/vec4;
    %pushi/vec4 240, 0, 8;
    %cmp/u;
    %jmp/1 T_20.240, 6;
    %dup/vec4;
    %pushi/vec4 241, 0, 8;
    %cmp/u;
    %jmp/1 T_20.241, 6;
    %dup/vec4;
    %pushi/vec4 242, 0, 8;
    %cmp/u;
    %jmp/1 T_20.242, 6;
    %dup/vec4;
    %pushi/vec4 243, 0, 8;
    %cmp/u;
    %jmp/1 T_20.243, 6;
    %dup/vec4;
    %pushi/vec4 244, 0, 8;
    %cmp/u;
    %jmp/1 T_20.244, 6;
    %dup/vec4;
    %pushi/vec4 245, 0, 8;
    %cmp/u;
    %jmp/1 T_20.245, 6;
    %dup/vec4;
    %pushi/vec4 246, 0, 8;
    %cmp/u;
    %jmp/1 T_20.246, 6;
    %dup/vec4;
    %pushi/vec4 247, 0, 8;
    %cmp/u;
    %jmp/1 T_20.247, 6;
    %dup/vec4;
    %pushi/vec4 248, 0, 8;
    %cmp/u;
    %jmp/1 T_20.248, 6;
    %dup/vec4;
    %pushi/vec4 249, 0, 8;
    %cmp/u;
    %jmp/1 T_20.249, 6;
    %dup/vec4;
    %pushi/vec4 250, 0, 8;
    %cmp/u;
    %jmp/1 T_20.250, 6;
    %dup/vec4;
    %pushi/vec4 251, 0, 8;
    %cmp/u;
    %jmp/1 T_20.251, 6;
    %dup/vec4;
    %pushi/vec4 252, 0, 8;
    %cmp/u;
    %jmp/1 T_20.252, 6;
    %dup/vec4;
    %pushi/vec4 253, 0, 8;
    %cmp/u;
    %jmp/1 T_20.253, 6;
    %dup/vec4;
    %pushi/vec4 254, 0, 8;
    %cmp/u;
    %jmp/1 T_20.254, 6;
    %dup/vec4;
    %pushi/vec4 255, 0, 8;
    %cmp/u;
    %jmp/1 T_20.255, 6;
    %jmp T_20.256;
T_20.0 ;
    %pushi/vec4 99, 0, 8;
    %store/vec4 v00000149b1448de0_0, 0, 8;
    %jmp T_20.256;
T_20.1 ;
    %pushi/vec4 124, 0, 8;
    %store/vec4 v00000149b1448de0_0, 0, 8;
    %jmp T_20.256;
T_20.2 ;
    %pushi/vec4 119, 0, 8;
    %store/vec4 v00000149b1448de0_0, 0, 8;
    %jmp T_20.256;
T_20.3 ;
    %pushi/vec4 123, 0, 8;
    %store/vec4 v00000149b1448de0_0, 0, 8;
    %jmp T_20.256;
T_20.4 ;
    %pushi/vec4 242, 0, 8;
    %store/vec4 v00000149b1448de0_0, 0, 8;
    %jmp T_20.256;
T_20.5 ;
    %pushi/vec4 107, 0, 8;
    %store/vec4 v00000149b1448de0_0, 0, 8;
    %jmp T_20.256;
T_20.6 ;
    %pushi/vec4 111, 0, 8;
    %store/vec4 v00000149b1448de0_0, 0, 8;
    %jmp T_20.256;
T_20.7 ;
    %pushi/vec4 197, 0, 8;
    %store/vec4 v00000149b1448de0_0, 0, 8;
    %jmp T_20.256;
T_20.8 ;
    %pushi/vec4 48, 0, 8;
    %store/vec4 v00000149b1448de0_0, 0, 8;
    %jmp T_20.256;
T_20.9 ;
    %pushi/vec4 1, 0, 8;
    %store/vec4 v00000149b1448de0_0, 0, 8;
    %jmp T_20.256;
T_20.10 ;
    %pushi/vec4 103, 0, 8;
    %store/vec4 v00000149b1448de0_0, 0, 8;
    %jmp T_20.256;
T_20.11 ;
    %pushi/vec4 43, 0, 8;
    %store/vec4 v00000149b1448de0_0, 0, 8;
    %jmp T_20.256;
T_20.12 ;
    %pushi/vec4 254, 0, 8;
    %store/vec4 v00000149b1448de0_0, 0, 8;
    %jmp T_20.256;
T_20.13 ;
    %pushi/vec4 215, 0, 8;
    %store/vec4 v00000149b1448de0_0, 0, 8;
    %jmp T_20.256;
T_20.14 ;
    %pushi/vec4 171, 0, 8;
    %store/vec4 v00000149b1448de0_0, 0, 8;
    %jmp T_20.256;
T_20.15 ;
    %pushi/vec4 118, 0, 8;
    %store/vec4 v00000149b1448de0_0, 0, 8;
    %jmp T_20.256;
T_20.16 ;
    %pushi/vec4 202, 0, 8;
    %store/vec4 v00000149b1448de0_0, 0, 8;
    %jmp T_20.256;
T_20.17 ;
    %pushi/vec4 130, 0, 8;
    %store/vec4 v00000149b1448de0_0, 0, 8;
    %jmp T_20.256;
T_20.18 ;
    %pushi/vec4 201, 0, 8;
    %store/vec4 v00000149b1448de0_0, 0, 8;
    %jmp T_20.256;
T_20.19 ;
    %pushi/vec4 125, 0, 8;
    %store/vec4 v00000149b1448de0_0, 0, 8;
    %jmp T_20.256;
T_20.20 ;
    %pushi/vec4 250, 0, 8;
    %store/vec4 v00000149b1448de0_0, 0, 8;
    %jmp T_20.256;
T_20.21 ;
    %pushi/vec4 89, 0, 8;
    %store/vec4 v00000149b1448de0_0, 0, 8;
    %jmp T_20.256;
T_20.22 ;
    %pushi/vec4 71, 0, 8;
    %store/vec4 v00000149b1448de0_0, 0, 8;
    %jmp T_20.256;
T_20.23 ;
    %pushi/vec4 240, 0, 8;
    %store/vec4 v00000149b1448de0_0, 0, 8;
    %jmp T_20.256;
T_20.24 ;
    %pushi/vec4 173, 0, 8;
    %store/vec4 v00000149b1448de0_0, 0, 8;
    %jmp T_20.256;
T_20.25 ;
    %pushi/vec4 212, 0, 8;
    %store/vec4 v00000149b1448de0_0, 0, 8;
    %jmp T_20.256;
T_20.26 ;
    %pushi/vec4 162, 0, 8;
    %store/vec4 v00000149b1448de0_0, 0, 8;
    %jmp T_20.256;
T_20.27 ;
    %pushi/vec4 175, 0, 8;
    %store/vec4 v00000149b1448de0_0, 0, 8;
    %jmp T_20.256;
T_20.28 ;
    %pushi/vec4 156, 0, 8;
    %store/vec4 v00000149b1448de0_0, 0, 8;
    %jmp T_20.256;
T_20.29 ;
    %pushi/vec4 164, 0, 8;
    %store/vec4 v00000149b1448de0_0, 0, 8;
    %jmp T_20.256;
T_20.30 ;
    %pushi/vec4 114, 0, 8;
    %store/vec4 v00000149b1448de0_0, 0, 8;
    %jmp T_20.256;
T_20.31 ;
    %pushi/vec4 192, 0, 8;
    %store/vec4 v00000149b1448de0_0, 0, 8;
    %jmp T_20.256;
T_20.32 ;
    %pushi/vec4 183, 0, 8;
    %store/vec4 v00000149b1448de0_0, 0, 8;
    %jmp T_20.256;
T_20.33 ;
    %pushi/vec4 253, 0, 8;
    %store/vec4 v00000149b1448de0_0, 0, 8;
    %jmp T_20.256;
T_20.34 ;
    %pushi/vec4 147, 0, 8;
    %store/vec4 v00000149b1448de0_0, 0, 8;
    %jmp T_20.256;
T_20.35 ;
    %pushi/vec4 38, 0, 8;
    %store/vec4 v00000149b1448de0_0, 0, 8;
    %jmp T_20.256;
T_20.36 ;
    %pushi/vec4 54, 0, 8;
    %store/vec4 v00000149b1448de0_0, 0, 8;
    %jmp T_20.256;
T_20.37 ;
    %pushi/vec4 63, 0, 8;
    %store/vec4 v00000149b1448de0_0, 0, 8;
    %jmp T_20.256;
T_20.38 ;
    %pushi/vec4 247, 0, 8;
    %store/vec4 v00000149b1448de0_0, 0, 8;
    %jmp T_20.256;
T_20.39 ;
    %pushi/vec4 204, 0, 8;
    %store/vec4 v00000149b1448de0_0, 0, 8;
    %jmp T_20.256;
T_20.40 ;
    %pushi/vec4 52, 0, 8;
    %store/vec4 v00000149b1448de0_0, 0, 8;
    %jmp T_20.256;
T_20.41 ;
    %pushi/vec4 165, 0, 8;
    %store/vec4 v00000149b1448de0_0, 0, 8;
    %jmp T_20.256;
T_20.42 ;
    %pushi/vec4 229, 0, 8;
    %store/vec4 v00000149b1448de0_0, 0, 8;
    %jmp T_20.256;
T_20.43 ;
    %pushi/vec4 241, 0, 8;
    %store/vec4 v00000149b1448de0_0, 0, 8;
    %jmp T_20.256;
T_20.44 ;
    %pushi/vec4 113, 0, 8;
    %store/vec4 v00000149b1448de0_0, 0, 8;
    %jmp T_20.256;
T_20.45 ;
    %pushi/vec4 216, 0, 8;
    %store/vec4 v00000149b1448de0_0, 0, 8;
    %jmp T_20.256;
T_20.46 ;
    %pushi/vec4 49, 0, 8;
    %store/vec4 v00000149b1448de0_0, 0, 8;
    %jmp T_20.256;
T_20.47 ;
    %pushi/vec4 21, 0, 8;
    %store/vec4 v00000149b1448de0_0, 0, 8;
    %jmp T_20.256;
T_20.48 ;
    %pushi/vec4 4, 0, 8;
    %store/vec4 v00000149b1448de0_0, 0, 8;
    %jmp T_20.256;
T_20.49 ;
    %pushi/vec4 199, 0, 8;
    %store/vec4 v00000149b1448de0_0, 0, 8;
    %jmp T_20.256;
T_20.50 ;
    %pushi/vec4 35, 0, 8;
    %store/vec4 v00000149b1448de0_0, 0, 8;
    %jmp T_20.256;
T_20.51 ;
    %pushi/vec4 195, 0, 8;
    %store/vec4 v00000149b1448de0_0, 0, 8;
    %jmp T_20.256;
T_20.52 ;
    %pushi/vec4 24, 0, 8;
    %store/vec4 v00000149b1448de0_0, 0, 8;
    %jmp T_20.256;
T_20.53 ;
    %pushi/vec4 150, 0, 8;
    %store/vec4 v00000149b1448de0_0, 0, 8;
    %jmp T_20.256;
T_20.54 ;
    %pushi/vec4 5, 0, 8;
    %store/vec4 v00000149b1448de0_0, 0, 8;
    %jmp T_20.256;
T_20.55 ;
    %pushi/vec4 154, 0, 8;
    %store/vec4 v00000149b1448de0_0, 0, 8;
    %jmp T_20.256;
T_20.56 ;
    %pushi/vec4 7, 0, 8;
    %store/vec4 v00000149b1448de0_0, 0, 8;
    %jmp T_20.256;
T_20.57 ;
    %pushi/vec4 18, 0, 8;
    %store/vec4 v00000149b1448de0_0, 0, 8;
    %jmp T_20.256;
T_20.58 ;
    %pushi/vec4 128, 0, 8;
    %store/vec4 v00000149b1448de0_0, 0, 8;
    %jmp T_20.256;
T_20.59 ;
    %pushi/vec4 226, 0, 8;
    %store/vec4 v00000149b1448de0_0, 0, 8;
    %jmp T_20.256;
T_20.60 ;
    %pushi/vec4 235, 0, 8;
    %store/vec4 v00000149b1448de0_0, 0, 8;
    %jmp T_20.256;
T_20.61 ;
    %pushi/vec4 39, 0, 8;
    %store/vec4 v00000149b1448de0_0, 0, 8;
    %jmp T_20.256;
T_20.62 ;
    %pushi/vec4 178, 0, 8;
    %store/vec4 v00000149b1448de0_0, 0, 8;
    %jmp T_20.256;
T_20.63 ;
    %pushi/vec4 117, 0, 8;
    %store/vec4 v00000149b1448de0_0, 0, 8;
    %jmp T_20.256;
T_20.64 ;
    %pushi/vec4 9, 0, 8;
    %store/vec4 v00000149b1448de0_0, 0, 8;
    %jmp T_20.256;
T_20.65 ;
    %pushi/vec4 131, 0, 8;
    %store/vec4 v00000149b1448de0_0, 0, 8;
    %jmp T_20.256;
T_20.66 ;
    %pushi/vec4 44, 0, 8;
    %store/vec4 v00000149b1448de0_0, 0, 8;
    %jmp T_20.256;
T_20.67 ;
    %pushi/vec4 26, 0, 8;
    %store/vec4 v00000149b1448de0_0, 0, 8;
    %jmp T_20.256;
T_20.68 ;
    %pushi/vec4 27, 0, 8;
    %store/vec4 v00000149b1448de0_0, 0, 8;
    %jmp T_20.256;
T_20.69 ;
    %pushi/vec4 110, 0, 8;
    %store/vec4 v00000149b1448de0_0, 0, 8;
    %jmp T_20.256;
T_20.70 ;
    %pushi/vec4 90, 0, 8;
    %store/vec4 v00000149b1448de0_0, 0, 8;
    %jmp T_20.256;
T_20.71 ;
    %pushi/vec4 160, 0, 8;
    %store/vec4 v00000149b1448de0_0, 0, 8;
    %jmp T_20.256;
T_20.72 ;
    %pushi/vec4 82, 0, 8;
    %store/vec4 v00000149b1448de0_0, 0, 8;
    %jmp T_20.256;
T_20.73 ;
    %pushi/vec4 59, 0, 8;
    %store/vec4 v00000149b1448de0_0, 0, 8;
    %jmp T_20.256;
T_20.74 ;
    %pushi/vec4 214, 0, 8;
    %store/vec4 v00000149b1448de0_0, 0, 8;
    %jmp T_20.256;
T_20.75 ;
    %pushi/vec4 179, 0, 8;
    %store/vec4 v00000149b1448de0_0, 0, 8;
    %jmp T_20.256;
T_20.76 ;
    %pushi/vec4 41, 0, 8;
    %store/vec4 v00000149b1448de0_0, 0, 8;
    %jmp T_20.256;
T_20.77 ;
    %pushi/vec4 227, 0, 8;
    %store/vec4 v00000149b1448de0_0, 0, 8;
    %jmp T_20.256;
T_20.78 ;
    %pushi/vec4 47, 0, 8;
    %store/vec4 v00000149b1448de0_0, 0, 8;
    %jmp T_20.256;
T_20.79 ;
    %pushi/vec4 132, 0, 8;
    %store/vec4 v00000149b1448de0_0, 0, 8;
    %jmp T_20.256;
T_20.80 ;
    %pushi/vec4 83, 0, 8;
    %store/vec4 v00000149b1448de0_0, 0, 8;
    %jmp T_20.256;
T_20.81 ;
    %pushi/vec4 209, 0, 8;
    %store/vec4 v00000149b1448de0_0, 0, 8;
    %jmp T_20.256;
T_20.82 ;
    %pushi/vec4 0, 0, 8;
    %store/vec4 v00000149b1448de0_0, 0, 8;
    %jmp T_20.256;
T_20.83 ;
    %pushi/vec4 237, 0, 8;
    %store/vec4 v00000149b1448de0_0, 0, 8;
    %jmp T_20.256;
T_20.84 ;
    %pushi/vec4 32, 0, 8;
    %store/vec4 v00000149b1448de0_0, 0, 8;
    %jmp T_20.256;
T_20.85 ;
    %pushi/vec4 252, 0, 8;
    %store/vec4 v00000149b1448de0_0, 0, 8;
    %jmp T_20.256;
T_20.86 ;
    %pushi/vec4 177, 0, 8;
    %store/vec4 v00000149b1448de0_0, 0, 8;
    %jmp T_20.256;
T_20.87 ;
    %pushi/vec4 91, 0, 8;
    %store/vec4 v00000149b1448de0_0, 0, 8;
    %jmp T_20.256;
T_20.88 ;
    %pushi/vec4 106, 0, 8;
    %store/vec4 v00000149b1448de0_0, 0, 8;
    %jmp T_20.256;
T_20.89 ;
    %pushi/vec4 203, 0, 8;
    %store/vec4 v00000149b1448de0_0, 0, 8;
    %jmp T_20.256;
T_20.90 ;
    %pushi/vec4 190, 0, 8;
    %store/vec4 v00000149b1448de0_0, 0, 8;
    %jmp T_20.256;
T_20.91 ;
    %pushi/vec4 57, 0, 8;
    %store/vec4 v00000149b1448de0_0, 0, 8;
    %jmp T_20.256;
T_20.92 ;
    %pushi/vec4 74, 0, 8;
    %store/vec4 v00000149b1448de0_0, 0, 8;
    %jmp T_20.256;
T_20.93 ;
    %pushi/vec4 76, 0, 8;
    %store/vec4 v00000149b1448de0_0, 0, 8;
    %jmp T_20.256;
T_20.94 ;
    %pushi/vec4 88, 0, 8;
    %store/vec4 v00000149b1448de0_0, 0, 8;
    %jmp T_20.256;
T_20.95 ;
    %pushi/vec4 207, 0, 8;
    %store/vec4 v00000149b1448de0_0, 0, 8;
    %jmp T_20.256;
T_20.96 ;
    %pushi/vec4 208, 0, 8;
    %store/vec4 v00000149b1448de0_0, 0, 8;
    %jmp T_20.256;
T_20.97 ;
    %pushi/vec4 239, 0, 8;
    %store/vec4 v00000149b1448de0_0, 0, 8;
    %jmp T_20.256;
T_20.98 ;
    %pushi/vec4 170, 0, 8;
    %store/vec4 v00000149b1448de0_0, 0, 8;
    %jmp T_20.256;
T_20.99 ;
    %pushi/vec4 251, 0, 8;
    %store/vec4 v00000149b1448de0_0, 0, 8;
    %jmp T_20.256;
T_20.100 ;
    %pushi/vec4 67, 0, 8;
    %store/vec4 v00000149b1448de0_0, 0, 8;
    %jmp T_20.256;
T_20.101 ;
    %pushi/vec4 77, 0, 8;
    %store/vec4 v00000149b1448de0_0, 0, 8;
    %jmp T_20.256;
T_20.102 ;
    %pushi/vec4 51, 0, 8;
    %store/vec4 v00000149b1448de0_0, 0, 8;
    %jmp T_20.256;
T_20.103 ;
    %pushi/vec4 133, 0, 8;
    %store/vec4 v00000149b1448de0_0, 0, 8;
    %jmp T_20.256;
T_20.104 ;
    %pushi/vec4 69, 0, 8;
    %store/vec4 v00000149b1448de0_0, 0, 8;
    %jmp T_20.256;
T_20.105 ;
    %pushi/vec4 249, 0, 8;
    %store/vec4 v00000149b1448de0_0, 0, 8;
    %jmp T_20.256;
T_20.106 ;
    %pushi/vec4 2, 0, 8;
    %store/vec4 v00000149b1448de0_0, 0, 8;
    %jmp T_20.256;
T_20.107 ;
    %pushi/vec4 127, 0, 8;
    %store/vec4 v00000149b1448de0_0, 0, 8;
    %jmp T_20.256;
T_20.108 ;
    %pushi/vec4 80, 0, 8;
    %store/vec4 v00000149b1448de0_0, 0, 8;
    %jmp T_20.256;
T_20.109 ;
    %pushi/vec4 60, 0, 8;
    %store/vec4 v00000149b1448de0_0, 0, 8;
    %jmp T_20.256;
T_20.110 ;
    %pushi/vec4 159, 0, 8;
    %store/vec4 v00000149b1448de0_0, 0, 8;
    %jmp T_20.256;
T_20.111 ;
    %pushi/vec4 168, 0, 8;
    %store/vec4 v00000149b1448de0_0, 0, 8;
    %jmp T_20.256;
T_20.112 ;
    %pushi/vec4 81, 0, 8;
    %store/vec4 v00000149b1448de0_0, 0, 8;
    %jmp T_20.256;
T_20.113 ;
    %pushi/vec4 163, 0, 8;
    %store/vec4 v00000149b1448de0_0, 0, 8;
    %jmp T_20.256;
T_20.114 ;
    %pushi/vec4 64, 0, 8;
    %store/vec4 v00000149b1448de0_0, 0, 8;
    %jmp T_20.256;
T_20.115 ;
    %pushi/vec4 143, 0, 8;
    %store/vec4 v00000149b1448de0_0, 0, 8;
    %jmp T_20.256;
T_20.116 ;
    %pushi/vec4 146, 0, 8;
    %store/vec4 v00000149b1448de0_0, 0, 8;
    %jmp T_20.256;
T_20.117 ;
    %pushi/vec4 157, 0, 8;
    %store/vec4 v00000149b1448de0_0, 0, 8;
    %jmp T_20.256;
T_20.118 ;
    %pushi/vec4 56, 0, 8;
    %store/vec4 v00000149b1448de0_0, 0, 8;
    %jmp T_20.256;
T_20.119 ;
    %pushi/vec4 245, 0, 8;
    %store/vec4 v00000149b1448de0_0, 0, 8;
    %jmp T_20.256;
T_20.120 ;
    %pushi/vec4 188, 0, 8;
    %store/vec4 v00000149b1448de0_0, 0, 8;
    %jmp T_20.256;
T_20.121 ;
    %pushi/vec4 182, 0, 8;
    %store/vec4 v00000149b1448de0_0, 0, 8;
    %jmp T_20.256;
T_20.122 ;
    %pushi/vec4 218, 0, 8;
    %store/vec4 v00000149b1448de0_0, 0, 8;
    %jmp T_20.256;
T_20.123 ;
    %pushi/vec4 33, 0, 8;
    %store/vec4 v00000149b1448de0_0, 0, 8;
    %jmp T_20.256;
T_20.124 ;
    %pushi/vec4 16, 0, 8;
    %store/vec4 v00000149b1448de0_0, 0, 8;
    %jmp T_20.256;
T_20.125 ;
    %pushi/vec4 255, 0, 8;
    %store/vec4 v00000149b1448de0_0, 0, 8;
    %jmp T_20.256;
T_20.126 ;
    %pushi/vec4 243, 0, 8;
    %store/vec4 v00000149b1448de0_0, 0, 8;
    %jmp T_20.256;
T_20.127 ;
    %pushi/vec4 210, 0, 8;
    %store/vec4 v00000149b1448de0_0, 0, 8;
    %jmp T_20.256;
T_20.128 ;
    %pushi/vec4 205, 0, 8;
    %store/vec4 v00000149b1448de0_0, 0, 8;
    %jmp T_20.256;
T_20.129 ;
    %pushi/vec4 12, 0, 8;
    %store/vec4 v00000149b1448de0_0, 0, 8;
    %jmp T_20.256;
T_20.130 ;
    %pushi/vec4 19, 0, 8;
    %store/vec4 v00000149b1448de0_0, 0, 8;
    %jmp T_20.256;
T_20.131 ;
    %pushi/vec4 236, 0, 8;
    %store/vec4 v00000149b1448de0_0, 0, 8;
    %jmp T_20.256;
T_20.132 ;
    %pushi/vec4 95, 0, 8;
    %store/vec4 v00000149b1448de0_0, 0, 8;
    %jmp T_20.256;
T_20.133 ;
    %pushi/vec4 151, 0, 8;
    %store/vec4 v00000149b1448de0_0, 0, 8;
    %jmp T_20.256;
T_20.134 ;
    %pushi/vec4 68, 0, 8;
    %store/vec4 v00000149b1448de0_0, 0, 8;
    %jmp T_20.256;
T_20.135 ;
    %pushi/vec4 23, 0, 8;
    %store/vec4 v00000149b1448de0_0, 0, 8;
    %jmp T_20.256;
T_20.136 ;
    %pushi/vec4 196, 0, 8;
    %store/vec4 v00000149b1448de0_0, 0, 8;
    %jmp T_20.256;
T_20.137 ;
    %pushi/vec4 167, 0, 8;
    %store/vec4 v00000149b1448de0_0, 0, 8;
    %jmp T_20.256;
T_20.138 ;
    %pushi/vec4 126, 0, 8;
    %store/vec4 v00000149b1448de0_0, 0, 8;
    %jmp T_20.256;
T_20.139 ;
    %pushi/vec4 61, 0, 8;
    %store/vec4 v00000149b1448de0_0, 0, 8;
    %jmp T_20.256;
T_20.140 ;
    %pushi/vec4 100, 0, 8;
    %store/vec4 v00000149b1448de0_0, 0, 8;
    %jmp T_20.256;
T_20.141 ;
    %pushi/vec4 93, 0, 8;
    %store/vec4 v00000149b1448de0_0, 0, 8;
    %jmp T_20.256;
T_20.142 ;
    %pushi/vec4 25, 0, 8;
    %store/vec4 v00000149b1448de0_0, 0, 8;
    %jmp T_20.256;
T_20.143 ;
    %pushi/vec4 115, 0, 8;
    %store/vec4 v00000149b1448de0_0, 0, 8;
    %jmp T_20.256;
T_20.144 ;
    %pushi/vec4 96, 0, 8;
    %store/vec4 v00000149b1448de0_0, 0, 8;
    %jmp T_20.256;
T_20.145 ;
    %pushi/vec4 129, 0, 8;
    %store/vec4 v00000149b1448de0_0, 0, 8;
    %jmp T_20.256;
T_20.146 ;
    %pushi/vec4 79, 0, 8;
    %store/vec4 v00000149b1448de0_0, 0, 8;
    %jmp T_20.256;
T_20.147 ;
    %pushi/vec4 220, 0, 8;
    %store/vec4 v00000149b1448de0_0, 0, 8;
    %jmp T_20.256;
T_20.148 ;
    %pushi/vec4 34, 0, 8;
    %store/vec4 v00000149b1448de0_0, 0, 8;
    %jmp T_20.256;
T_20.149 ;
    %pushi/vec4 42, 0, 8;
    %store/vec4 v00000149b1448de0_0, 0, 8;
    %jmp T_20.256;
T_20.150 ;
    %pushi/vec4 144, 0, 8;
    %store/vec4 v00000149b1448de0_0, 0, 8;
    %jmp T_20.256;
T_20.151 ;
    %pushi/vec4 136, 0, 8;
    %store/vec4 v00000149b1448de0_0, 0, 8;
    %jmp T_20.256;
T_20.152 ;
    %pushi/vec4 70, 0, 8;
    %store/vec4 v00000149b1448de0_0, 0, 8;
    %jmp T_20.256;
T_20.153 ;
    %pushi/vec4 238, 0, 8;
    %store/vec4 v00000149b1448de0_0, 0, 8;
    %jmp T_20.256;
T_20.154 ;
    %pushi/vec4 184, 0, 8;
    %store/vec4 v00000149b1448de0_0, 0, 8;
    %jmp T_20.256;
T_20.155 ;
    %pushi/vec4 20, 0, 8;
    %store/vec4 v00000149b1448de0_0, 0, 8;
    %jmp T_20.256;
T_20.156 ;
    %pushi/vec4 222, 0, 8;
    %store/vec4 v00000149b1448de0_0, 0, 8;
    %jmp T_20.256;
T_20.157 ;
    %pushi/vec4 94, 0, 8;
    %store/vec4 v00000149b1448de0_0, 0, 8;
    %jmp T_20.256;
T_20.158 ;
    %pushi/vec4 11, 0, 8;
    %store/vec4 v00000149b1448de0_0, 0, 8;
    %jmp T_20.256;
T_20.159 ;
    %pushi/vec4 219, 0, 8;
    %store/vec4 v00000149b1448de0_0, 0, 8;
    %jmp T_20.256;
T_20.160 ;
    %pushi/vec4 224, 0, 8;
    %store/vec4 v00000149b1448de0_0, 0, 8;
    %jmp T_20.256;
T_20.161 ;
    %pushi/vec4 50, 0, 8;
    %store/vec4 v00000149b1448de0_0, 0, 8;
    %jmp T_20.256;
T_20.162 ;
    %pushi/vec4 58, 0, 8;
    %store/vec4 v00000149b1448de0_0, 0, 8;
    %jmp T_20.256;
T_20.163 ;
    %pushi/vec4 10, 0, 8;
    %store/vec4 v00000149b1448de0_0, 0, 8;
    %jmp T_20.256;
T_20.164 ;
    %pushi/vec4 73, 0, 8;
    %store/vec4 v00000149b1448de0_0, 0, 8;
    %jmp T_20.256;
T_20.165 ;
    %pushi/vec4 6, 0, 8;
    %store/vec4 v00000149b1448de0_0, 0, 8;
    %jmp T_20.256;
T_20.166 ;
    %pushi/vec4 36, 0, 8;
    %store/vec4 v00000149b1448de0_0, 0, 8;
    %jmp T_20.256;
T_20.167 ;
    %pushi/vec4 92, 0, 8;
    %store/vec4 v00000149b1448de0_0, 0, 8;
    %jmp T_20.256;
T_20.168 ;
    %pushi/vec4 194, 0, 8;
    %store/vec4 v00000149b1448de0_0, 0, 8;
    %jmp T_20.256;
T_20.169 ;
    %pushi/vec4 211, 0, 8;
    %store/vec4 v00000149b1448de0_0, 0, 8;
    %jmp T_20.256;
T_20.170 ;
    %pushi/vec4 172, 0, 8;
    %store/vec4 v00000149b1448de0_0, 0, 8;
    %jmp T_20.256;
T_20.171 ;
    %pushi/vec4 98, 0, 8;
    %store/vec4 v00000149b1448de0_0, 0, 8;
    %jmp T_20.256;
T_20.172 ;
    %pushi/vec4 145, 0, 8;
    %store/vec4 v00000149b1448de0_0, 0, 8;
    %jmp T_20.256;
T_20.173 ;
    %pushi/vec4 149, 0, 8;
    %store/vec4 v00000149b1448de0_0, 0, 8;
    %jmp T_20.256;
T_20.174 ;
    %pushi/vec4 228, 0, 8;
    %store/vec4 v00000149b1448de0_0, 0, 8;
    %jmp T_20.256;
T_20.175 ;
    %pushi/vec4 121, 0, 8;
    %store/vec4 v00000149b1448de0_0, 0, 8;
    %jmp T_20.256;
T_20.176 ;
    %pushi/vec4 231, 0, 8;
    %store/vec4 v00000149b1448de0_0, 0, 8;
    %jmp T_20.256;
T_20.177 ;
    %pushi/vec4 200, 0, 8;
    %store/vec4 v00000149b1448de0_0, 0, 8;
    %jmp T_20.256;
T_20.178 ;
    %pushi/vec4 55, 0, 8;
    %store/vec4 v00000149b1448de0_0, 0, 8;
    %jmp T_20.256;
T_20.179 ;
    %pushi/vec4 109, 0, 8;
    %store/vec4 v00000149b1448de0_0, 0, 8;
    %jmp T_20.256;
T_20.180 ;
    %pushi/vec4 141, 0, 8;
    %store/vec4 v00000149b1448de0_0, 0, 8;
    %jmp T_20.256;
T_20.181 ;
    %pushi/vec4 213, 0, 8;
    %store/vec4 v00000149b1448de0_0, 0, 8;
    %jmp T_20.256;
T_20.182 ;
    %pushi/vec4 78, 0, 8;
    %store/vec4 v00000149b1448de0_0, 0, 8;
    %jmp T_20.256;
T_20.183 ;
    %pushi/vec4 169, 0, 8;
    %store/vec4 v00000149b1448de0_0, 0, 8;
    %jmp T_20.256;
T_20.184 ;
    %pushi/vec4 108, 0, 8;
    %store/vec4 v00000149b1448de0_0, 0, 8;
    %jmp T_20.256;
T_20.185 ;
    %pushi/vec4 86, 0, 8;
    %store/vec4 v00000149b1448de0_0, 0, 8;
    %jmp T_20.256;
T_20.186 ;
    %pushi/vec4 244, 0, 8;
    %store/vec4 v00000149b1448de0_0, 0, 8;
    %jmp T_20.256;
T_20.187 ;
    %pushi/vec4 234, 0, 8;
    %store/vec4 v00000149b1448de0_0, 0, 8;
    %jmp T_20.256;
T_20.188 ;
    %pushi/vec4 101, 0, 8;
    %store/vec4 v00000149b1448de0_0, 0, 8;
    %jmp T_20.256;
T_20.189 ;
    %pushi/vec4 122, 0, 8;
    %store/vec4 v00000149b1448de0_0, 0, 8;
    %jmp T_20.256;
T_20.190 ;
    %pushi/vec4 174, 0, 8;
    %store/vec4 v00000149b1448de0_0, 0, 8;
    %jmp T_20.256;
T_20.191 ;
    %pushi/vec4 8, 0, 8;
    %store/vec4 v00000149b1448de0_0, 0, 8;
    %jmp T_20.256;
T_20.192 ;
    %pushi/vec4 186, 0, 8;
    %store/vec4 v00000149b1448de0_0, 0, 8;
    %jmp T_20.256;
T_20.193 ;
    %pushi/vec4 120, 0, 8;
    %store/vec4 v00000149b1448de0_0, 0, 8;
    %jmp T_20.256;
T_20.194 ;
    %pushi/vec4 37, 0, 8;
    %store/vec4 v00000149b1448de0_0, 0, 8;
    %jmp T_20.256;
T_20.195 ;
    %pushi/vec4 46, 0, 8;
    %store/vec4 v00000149b1448de0_0, 0, 8;
    %jmp T_20.256;
T_20.196 ;
    %pushi/vec4 28, 0, 8;
    %store/vec4 v00000149b1448de0_0, 0, 8;
    %jmp T_20.256;
T_20.197 ;
    %pushi/vec4 166, 0, 8;
    %store/vec4 v00000149b1448de0_0, 0, 8;
    %jmp T_20.256;
T_20.198 ;
    %pushi/vec4 180, 0, 8;
    %store/vec4 v00000149b1448de0_0, 0, 8;
    %jmp T_20.256;
T_20.199 ;
    %pushi/vec4 198, 0, 8;
    %store/vec4 v00000149b1448de0_0, 0, 8;
    %jmp T_20.256;
T_20.200 ;
    %pushi/vec4 232, 0, 8;
    %store/vec4 v00000149b1448de0_0, 0, 8;
    %jmp T_20.256;
T_20.201 ;
    %pushi/vec4 221, 0, 8;
    %store/vec4 v00000149b1448de0_0, 0, 8;
    %jmp T_20.256;
T_20.202 ;
    %pushi/vec4 116, 0, 8;
    %store/vec4 v00000149b1448de0_0, 0, 8;
    %jmp T_20.256;
T_20.203 ;
    %pushi/vec4 31, 0, 8;
    %store/vec4 v00000149b1448de0_0, 0, 8;
    %jmp T_20.256;
T_20.204 ;
    %pushi/vec4 75, 0, 8;
    %store/vec4 v00000149b1448de0_0, 0, 8;
    %jmp T_20.256;
T_20.205 ;
    %pushi/vec4 189, 0, 8;
    %store/vec4 v00000149b1448de0_0, 0, 8;
    %jmp T_20.256;
T_20.206 ;
    %pushi/vec4 139, 0, 8;
    %store/vec4 v00000149b1448de0_0, 0, 8;
    %jmp T_20.256;
T_20.207 ;
    %pushi/vec4 138, 0, 8;
    %store/vec4 v00000149b1448de0_0, 0, 8;
    %jmp T_20.256;
T_20.208 ;
    %pushi/vec4 112, 0, 8;
    %store/vec4 v00000149b1448de0_0, 0, 8;
    %jmp T_20.256;
T_20.209 ;
    %pushi/vec4 62, 0, 8;
    %store/vec4 v00000149b1448de0_0, 0, 8;
    %jmp T_20.256;
T_20.210 ;
    %pushi/vec4 181, 0, 8;
    %store/vec4 v00000149b1448de0_0, 0, 8;
    %jmp T_20.256;
T_20.211 ;
    %pushi/vec4 102, 0, 8;
    %store/vec4 v00000149b1448de0_0, 0, 8;
    %jmp T_20.256;
T_20.212 ;
    %pushi/vec4 72, 0, 8;
    %store/vec4 v00000149b1448de0_0, 0, 8;
    %jmp T_20.256;
T_20.213 ;
    %pushi/vec4 3, 0, 8;
    %store/vec4 v00000149b1448de0_0, 0, 8;
    %jmp T_20.256;
T_20.214 ;
    %pushi/vec4 246, 0, 8;
    %store/vec4 v00000149b1448de0_0, 0, 8;
    %jmp T_20.256;
T_20.215 ;
    %pushi/vec4 14, 0, 8;
    %store/vec4 v00000149b1448de0_0, 0, 8;
    %jmp T_20.256;
T_20.216 ;
    %pushi/vec4 97, 0, 8;
    %store/vec4 v00000149b1448de0_0, 0, 8;
    %jmp T_20.256;
T_20.217 ;
    %pushi/vec4 53, 0, 8;
    %store/vec4 v00000149b1448de0_0, 0, 8;
    %jmp T_20.256;
T_20.218 ;
    %pushi/vec4 87, 0, 8;
    %store/vec4 v00000149b1448de0_0, 0, 8;
    %jmp T_20.256;
T_20.219 ;
    %pushi/vec4 185, 0, 8;
    %store/vec4 v00000149b1448de0_0, 0, 8;
    %jmp T_20.256;
T_20.220 ;
    %pushi/vec4 134, 0, 8;
    %store/vec4 v00000149b1448de0_0, 0, 8;
    %jmp T_20.256;
T_20.221 ;
    %pushi/vec4 193, 0, 8;
    %store/vec4 v00000149b1448de0_0, 0, 8;
    %jmp T_20.256;
T_20.222 ;
    %pushi/vec4 29, 0, 8;
    %store/vec4 v00000149b1448de0_0, 0, 8;
    %jmp T_20.256;
T_20.223 ;
    %pushi/vec4 158, 0, 8;
    %store/vec4 v00000149b1448de0_0, 0, 8;
    %jmp T_20.256;
T_20.224 ;
    %pushi/vec4 225, 0, 8;
    %store/vec4 v00000149b1448de0_0, 0, 8;
    %jmp T_20.256;
T_20.225 ;
    %pushi/vec4 248, 0, 8;
    %store/vec4 v00000149b1448de0_0, 0, 8;
    %jmp T_20.256;
T_20.226 ;
    %pushi/vec4 152, 0, 8;
    %store/vec4 v00000149b1448de0_0, 0, 8;
    %jmp T_20.256;
T_20.227 ;
    %pushi/vec4 17, 0, 8;
    %store/vec4 v00000149b1448de0_0, 0, 8;
    %jmp T_20.256;
T_20.228 ;
    %pushi/vec4 105, 0, 8;
    %store/vec4 v00000149b1448de0_0, 0, 8;
    %jmp T_20.256;
T_20.229 ;
    %pushi/vec4 217, 0, 8;
    %store/vec4 v00000149b1448de0_0, 0, 8;
    %jmp T_20.256;
T_20.230 ;
    %pushi/vec4 142, 0, 8;
    %store/vec4 v00000149b1448de0_0, 0, 8;
    %jmp T_20.256;
T_20.231 ;
    %pushi/vec4 148, 0, 8;
    %store/vec4 v00000149b1448de0_0, 0, 8;
    %jmp T_20.256;
T_20.232 ;
    %pushi/vec4 155, 0, 8;
    %store/vec4 v00000149b1448de0_0, 0, 8;
    %jmp T_20.256;
T_20.233 ;
    %pushi/vec4 30, 0, 8;
    %store/vec4 v00000149b1448de0_0, 0, 8;
    %jmp T_20.256;
T_20.234 ;
    %pushi/vec4 135, 0, 8;
    %store/vec4 v00000149b1448de0_0, 0, 8;
    %jmp T_20.256;
T_20.235 ;
    %pushi/vec4 233, 0, 8;
    %store/vec4 v00000149b1448de0_0, 0, 8;
    %jmp T_20.256;
T_20.236 ;
    %pushi/vec4 206, 0, 8;
    %store/vec4 v00000149b1448de0_0, 0, 8;
    %jmp T_20.256;
T_20.237 ;
    %pushi/vec4 85, 0, 8;
    %store/vec4 v00000149b1448de0_0, 0, 8;
    %jmp T_20.256;
T_20.238 ;
    %pushi/vec4 40, 0, 8;
    %store/vec4 v00000149b1448de0_0, 0, 8;
    %jmp T_20.256;
T_20.239 ;
    %pushi/vec4 223, 0, 8;
    %store/vec4 v00000149b1448de0_0, 0, 8;
    %jmp T_20.256;
T_20.240 ;
    %pushi/vec4 140, 0, 8;
    %store/vec4 v00000149b1448de0_0, 0, 8;
    %jmp T_20.256;
T_20.241 ;
    %pushi/vec4 161, 0, 8;
    %store/vec4 v00000149b1448de0_0, 0, 8;
    %jmp T_20.256;
T_20.242 ;
    %pushi/vec4 137, 0, 8;
    %store/vec4 v00000149b1448de0_0, 0, 8;
    %jmp T_20.256;
T_20.243 ;
    %pushi/vec4 13, 0, 8;
    %store/vec4 v00000149b1448de0_0, 0, 8;
    %jmp T_20.256;
T_20.244 ;
    %pushi/vec4 191, 0, 8;
    %store/vec4 v00000149b1448de0_0, 0, 8;
    %jmp T_20.256;
T_20.245 ;
    %pushi/vec4 230, 0, 8;
    %store/vec4 v00000149b1448de0_0, 0, 8;
    %jmp T_20.256;
T_20.246 ;
    %pushi/vec4 66, 0, 8;
    %store/vec4 v00000149b1448de0_0, 0, 8;
    %jmp T_20.256;
T_20.247 ;
    %pushi/vec4 104, 0, 8;
    %store/vec4 v00000149b1448de0_0, 0, 8;
    %jmp T_20.256;
T_20.248 ;
    %pushi/vec4 65, 0, 8;
    %store/vec4 v00000149b1448de0_0, 0, 8;
    %jmp T_20.256;
T_20.249 ;
    %pushi/vec4 153, 0, 8;
    %store/vec4 v00000149b1448de0_0, 0, 8;
    %jmp T_20.256;
T_20.250 ;
    %pushi/vec4 45, 0, 8;
    %store/vec4 v00000149b1448de0_0, 0, 8;
    %jmp T_20.256;
T_20.251 ;
    %pushi/vec4 15, 0, 8;
    %store/vec4 v00000149b1448de0_0, 0, 8;
    %jmp T_20.256;
T_20.252 ;
    %pushi/vec4 176, 0, 8;
    %store/vec4 v00000149b1448de0_0, 0, 8;
    %jmp T_20.256;
T_20.253 ;
    %pushi/vec4 84, 0, 8;
    %store/vec4 v00000149b1448de0_0, 0, 8;
    %jmp T_20.256;
T_20.254 ;
    %pushi/vec4 187, 0, 8;
    %store/vec4 v00000149b1448de0_0, 0, 8;
    %jmp T_20.256;
T_20.255 ;
    %pushi/vec4 22, 0, 8;
    %store/vec4 v00000149b1448de0_0, 0, 8;
    %jmp T_20.256;
T_20.256 ;
    %pop/vec4 1;
    %jmp T_20;
    .thread T_20, $push;
    .scope S_00000149b144cc20;
T_21 ;
    %wait E_00000149b1392a00;
    %load/vec4 v00000149b1447f80_0;
    %dup/vec4;
    %pushi/vec4 0, 0, 8;
    %cmp/u;
    %jmp/1 T_21.0, 6;
    %dup/vec4;
    %pushi/vec4 1, 0, 8;
    %cmp/u;
    %jmp/1 T_21.1, 6;
    %dup/vec4;
    %pushi/vec4 2, 0, 8;
    %cmp/u;
    %jmp/1 T_21.2, 6;
    %dup/vec4;
    %pushi/vec4 3, 0, 8;
    %cmp/u;
    %jmp/1 T_21.3, 6;
    %dup/vec4;
    %pushi/vec4 4, 0, 8;
    %cmp/u;
    %jmp/1 T_21.4, 6;
    %dup/vec4;
    %pushi/vec4 5, 0, 8;
    %cmp/u;
    %jmp/1 T_21.5, 6;
    %dup/vec4;
    %pushi/vec4 6, 0, 8;
    %cmp/u;
    %jmp/1 T_21.6, 6;
    %dup/vec4;
    %pushi/vec4 7, 0, 8;
    %cmp/u;
    %jmp/1 T_21.7, 6;
    %dup/vec4;
    %pushi/vec4 8, 0, 8;
    %cmp/u;
    %jmp/1 T_21.8, 6;
    %dup/vec4;
    %pushi/vec4 9, 0, 8;
    %cmp/u;
    %jmp/1 T_21.9, 6;
    %dup/vec4;
    %pushi/vec4 10, 0, 8;
    %cmp/u;
    %jmp/1 T_21.10, 6;
    %dup/vec4;
    %pushi/vec4 11, 0, 8;
    %cmp/u;
    %jmp/1 T_21.11, 6;
    %dup/vec4;
    %pushi/vec4 12, 0, 8;
    %cmp/u;
    %jmp/1 T_21.12, 6;
    %dup/vec4;
    %pushi/vec4 13, 0, 8;
    %cmp/u;
    %jmp/1 T_21.13, 6;
    %dup/vec4;
    %pushi/vec4 14, 0, 8;
    %cmp/u;
    %jmp/1 T_21.14, 6;
    %dup/vec4;
    %pushi/vec4 15, 0, 8;
    %cmp/u;
    %jmp/1 T_21.15, 6;
    %dup/vec4;
    %pushi/vec4 16, 0, 8;
    %cmp/u;
    %jmp/1 T_21.16, 6;
    %dup/vec4;
    %pushi/vec4 17, 0, 8;
    %cmp/u;
    %jmp/1 T_21.17, 6;
    %dup/vec4;
    %pushi/vec4 18, 0, 8;
    %cmp/u;
    %jmp/1 T_21.18, 6;
    %dup/vec4;
    %pushi/vec4 19, 0, 8;
    %cmp/u;
    %jmp/1 T_21.19, 6;
    %dup/vec4;
    %pushi/vec4 20, 0, 8;
    %cmp/u;
    %jmp/1 T_21.20, 6;
    %dup/vec4;
    %pushi/vec4 21, 0, 8;
    %cmp/u;
    %jmp/1 T_21.21, 6;
    %dup/vec4;
    %pushi/vec4 22, 0, 8;
    %cmp/u;
    %jmp/1 T_21.22, 6;
    %dup/vec4;
    %pushi/vec4 23, 0, 8;
    %cmp/u;
    %jmp/1 T_21.23, 6;
    %dup/vec4;
    %pushi/vec4 24, 0, 8;
    %cmp/u;
    %jmp/1 T_21.24, 6;
    %dup/vec4;
    %pushi/vec4 25, 0, 8;
    %cmp/u;
    %jmp/1 T_21.25, 6;
    %dup/vec4;
    %pushi/vec4 26, 0, 8;
    %cmp/u;
    %jmp/1 T_21.26, 6;
    %dup/vec4;
    %pushi/vec4 27, 0, 8;
    %cmp/u;
    %jmp/1 T_21.27, 6;
    %dup/vec4;
    %pushi/vec4 28, 0, 8;
    %cmp/u;
    %jmp/1 T_21.28, 6;
    %dup/vec4;
    %pushi/vec4 29, 0, 8;
    %cmp/u;
    %jmp/1 T_21.29, 6;
    %dup/vec4;
    %pushi/vec4 30, 0, 8;
    %cmp/u;
    %jmp/1 T_21.30, 6;
    %dup/vec4;
    %pushi/vec4 31, 0, 8;
    %cmp/u;
    %jmp/1 T_21.31, 6;
    %dup/vec4;
    %pushi/vec4 32, 0, 8;
    %cmp/u;
    %jmp/1 T_21.32, 6;
    %dup/vec4;
    %pushi/vec4 33, 0, 8;
    %cmp/u;
    %jmp/1 T_21.33, 6;
    %dup/vec4;
    %pushi/vec4 34, 0, 8;
    %cmp/u;
    %jmp/1 T_21.34, 6;
    %dup/vec4;
    %pushi/vec4 35, 0, 8;
    %cmp/u;
    %jmp/1 T_21.35, 6;
    %dup/vec4;
    %pushi/vec4 36, 0, 8;
    %cmp/u;
    %jmp/1 T_21.36, 6;
    %dup/vec4;
    %pushi/vec4 37, 0, 8;
    %cmp/u;
    %jmp/1 T_21.37, 6;
    %dup/vec4;
    %pushi/vec4 38, 0, 8;
    %cmp/u;
    %jmp/1 T_21.38, 6;
    %dup/vec4;
    %pushi/vec4 39, 0, 8;
    %cmp/u;
    %jmp/1 T_21.39, 6;
    %dup/vec4;
    %pushi/vec4 40, 0, 8;
    %cmp/u;
    %jmp/1 T_21.40, 6;
    %dup/vec4;
    %pushi/vec4 41, 0, 8;
    %cmp/u;
    %jmp/1 T_21.41, 6;
    %dup/vec4;
    %pushi/vec4 42, 0, 8;
    %cmp/u;
    %jmp/1 T_21.42, 6;
    %dup/vec4;
    %pushi/vec4 43, 0, 8;
    %cmp/u;
    %jmp/1 T_21.43, 6;
    %dup/vec4;
    %pushi/vec4 44, 0, 8;
    %cmp/u;
    %jmp/1 T_21.44, 6;
    %dup/vec4;
    %pushi/vec4 45, 0, 8;
    %cmp/u;
    %jmp/1 T_21.45, 6;
    %dup/vec4;
    %pushi/vec4 46, 0, 8;
    %cmp/u;
    %jmp/1 T_21.46, 6;
    %dup/vec4;
    %pushi/vec4 47, 0, 8;
    %cmp/u;
    %jmp/1 T_21.47, 6;
    %dup/vec4;
    %pushi/vec4 48, 0, 8;
    %cmp/u;
    %jmp/1 T_21.48, 6;
    %dup/vec4;
    %pushi/vec4 49, 0, 8;
    %cmp/u;
    %jmp/1 T_21.49, 6;
    %dup/vec4;
    %pushi/vec4 50, 0, 8;
    %cmp/u;
    %jmp/1 T_21.50, 6;
    %dup/vec4;
    %pushi/vec4 51, 0, 8;
    %cmp/u;
    %jmp/1 T_21.51, 6;
    %dup/vec4;
    %pushi/vec4 52, 0, 8;
    %cmp/u;
    %jmp/1 T_21.52, 6;
    %dup/vec4;
    %pushi/vec4 53, 0, 8;
    %cmp/u;
    %jmp/1 T_21.53, 6;
    %dup/vec4;
    %pushi/vec4 54, 0, 8;
    %cmp/u;
    %jmp/1 T_21.54, 6;
    %dup/vec4;
    %pushi/vec4 55, 0, 8;
    %cmp/u;
    %jmp/1 T_21.55, 6;
    %dup/vec4;
    %pushi/vec4 56, 0, 8;
    %cmp/u;
    %jmp/1 T_21.56, 6;
    %dup/vec4;
    %pushi/vec4 57, 0, 8;
    %cmp/u;
    %jmp/1 T_21.57, 6;
    %dup/vec4;
    %pushi/vec4 58, 0, 8;
    %cmp/u;
    %jmp/1 T_21.58, 6;
    %dup/vec4;
    %pushi/vec4 59, 0, 8;
    %cmp/u;
    %jmp/1 T_21.59, 6;
    %dup/vec4;
    %pushi/vec4 60, 0, 8;
    %cmp/u;
    %jmp/1 T_21.60, 6;
    %dup/vec4;
    %pushi/vec4 61, 0, 8;
    %cmp/u;
    %jmp/1 T_21.61, 6;
    %dup/vec4;
    %pushi/vec4 62, 0, 8;
    %cmp/u;
    %jmp/1 T_21.62, 6;
    %dup/vec4;
    %pushi/vec4 63, 0, 8;
    %cmp/u;
    %jmp/1 T_21.63, 6;
    %dup/vec4;
    %pushi/vec4 64, 0, 8;
    %cmp/u;
    %jmp/1 T_21.64, 6;
    %dup/vec4;
    %pushi/vec4 65, 0, 8;
    %cmp/u;
    %jmp/1 T_21.65, 6;
    %dup/vec4;
    %pushi/vec4 66, 0, 8;
    %cmp/u;
    %jmp/1 T_21.66, 6;
    %dup/vec4;
    %pushi/vec4 67, 0, 8;
    %cmp/u;
    %jmp/1 T_21.67, 6;
    %dup/vec4;
    %pushi/vec4 68, 0, 8;
    %cmp/u;
    %jmp/1 T_21.68, 6;
    %dup/vec4;
    %pushi/vec4 69, 0, 8;
    %cmp/u;
    %jmp/1 T_21.69, 6;
    %dup/vec4;
    %pushi/vec4 70, 0, 8;
    %cmp/u;
    %jmp/1 T_21.70, 6;
    %dup/vec4;
    %pushi/vec4 71, 0, 8;
    %cmp/u;
    %jmp/1 T_21.71, 6;
    %dup/vec4;
    %pushi/vec4 72, 0, 8;
    %cmp/u;
    %jmp/1 T_21.72, 6;
    %dup/vec4;
    %pushi/vec4 73, 0, 8;
    %cmp/u;
    %jmp/1 T_21.73, 6;
    %dup/vec4;
    %pushi/vec4 74, 0, 8;
    %cmp/u;
    %jmp/1 T_21.74, 6;
    %dup/vec4;
    %pushi/vec4 75, 0, 8;
    %cmp/u;
    %jmp/1 T_21.75, 6;
    %dup/vec4;
    %pushi/vec4 76, 0, 8;
    %cmp/u;
    %jmp/1 T_21.76, 6;
    %dup/vec4;
    %pushi/vec4 77, 0, 8;
    %cmp/u;
    %jmp/1 T_21.77, 6;
    %dup/vec4;
    %pushi/vec4 78, 0, 8;
    %cmp/u;
    %jmp/1 T_21.78, 6;
    %dup/vec4;
    %pushi/vec4 79, 0, 8;
    %cmp/u;
    %jmp/1 T_21.79, 6;
    %dup/vec4;
    %pushi/vec4 80, 0, 8;
    %cmp/u;
    %jmp/1 T_21.80, 6;
    %dup/vec4;
    %pushi/vec4 81, 0, 8;
    %cmp/u;
    %jmp/1 T_21.81, 6;
    %dup/vec4;
    %pushi/vec4 82, 0, 8;
    %cmp/u;
    %jmp/1 T_21.82, 6;
    %dup/vec4;
    %pushi/vec4 83, 0, 8;
    %cmp/u;
    %jmp/1 T_21.83, 6;
    %dup/vec4;
    %pushi/vec4 84, 0, 8;
    %cmp/u;
    %jmp/1 T_21.84, 6;
    %dup/vec4;
    %pushi/vec4 85, 0, 8;
    %cmp/u;
    %jmp/1 T_21.85, 6;
    %dup/vec4;
    %pushi/vec4 86, 0, 8;
    %cmp/u;
    %jmp/1 T_21.86, 6;
    %dup/vec4;
    %pushi/vec4 87, 0, 8;
    %cmp/u;
    %jmp/1 T_21.87, 6;
    %dup/vec4;
    %pushi/vec4 88, 0, 8;
    %cmp/u;
    %jmp/1 T_21.88, 6;
    %dup/vec4;
    %pushi/vec4 89, 0, 8;
    %cmp/u;
    %jmp/1 T_21.89, 6;
    %dup/vec4;
    %pushi/vec4 90, 0, 8;
    %cmp/u;
    %jmp/1 T_21.90, 6;
    %dup/vec4;
    %pushi/vec4 91, 0, 8;
    %cmp/u;
    %jmp/1 T_21.91, 6;
    %dup/vec4;
    %pushi/vec4 92, 0, 8;
    %cmp/u;
    %jmp/1 T_21.92, 6;
    %dup/vec4;
    %pushi/vec4 93, 0, 8;
    %cmp/u;
    %jmp/1 T_21.93, 6;
    %dup/vec4;
    %pushi/vec4 94, 0, 8;
    %cmp/u;
    %jmp/1 T_21.94, 6;
    %dup/vec4;
    %pushi/vec4 95, 0, 8;
    %cmp/u;
    %jmp/1 T_21.95, 6;
    %dup/vec4;
    %pushi/vec4 96, 0, 8;
    %cmp/u;
    %jmp/1 T_21.96, 6;
    %dup/vec4;
    %pushi/vec4 97, 0, 8;
    %cmp/u;
    %jmp/1 T_21.97, 6;
    %dup/vec4;
    %pushi/vec4 98, 0, 8;
    %cmp/u;
    %jmp/1 T_21.98, 6;
    %dup/vec4;
    %pushi/vec4 99, 0, 8;
    %cmp/u;
    %jmp/1 T_21.99, 6;
    %dup/vec4;
    %pushi/vec4 100, 0, 8;
    %cmp/u;
    %jmp/1 T_21.100, 6;
    %dup/vec4;
    %pushi/vec4 101, 0, 8;
    %cmp/u;
    %jmp/1 T_21.101, 6;
    %dup/vec4;
    %pushi/vec4 102, 0, 8;
    %cmp/u;
    %jmp/1 T_21.102, 6;
    %dup/vec4;
    %pushi/vec4 103, 0, 8;
    %cmp/u;
    %jmp/1 T_21.103, 6;
    %dup/vec4;
    %pushi/vec4 104, 0, 8;
    %cmp/u;
    %jmp/1 T_21.104, 6;
    %dup/vec4;
    %pushi/vec4 105, 0, 8;
    %cmp/u;
    %jmp/1 T_21.105, 6;
    %dup/vec4;
    %pushi/vec4 106, 0, 8;
    %cmp/u;
    %jmp/1 T_21.106, 6;
    %dup/vec4;
    %pushi/vec4 107, 0, 8;
    %cmp/u;
    %jmp/1 T_21.107, 6;
    %dup/vec4;
    %pushi/vec4 108, 0, 8;
    %cmp/u;
    %jmp/1 T_21.108, 6;
    %dup/vec4;
    %pushi/vec4 109, 0, 8;
    %cmp/u;
    %jmp/1 T_21.109, 6;
    %dup/vec4;
    %pushi/vec4 110, 0, 8;
    %cmp/u;
    %jmp/1 T_21.110, 6;
    %dup/vec4;
    %pushi/vec4 111, 0, 8;
    %cmp/u;
    %jmp/1 T_21.111, 6;
    %dup/vec4;
    %pushi/vec4 112, 0, 8;
    %cmp/u;
    %jmp/1 T_21.112, 6;
    %dup/vec4;
    %pushi/vec4 113, 0, 8;
    %cmp/u;
    %jmp/1 T_21.113, 6;
    %dup/vec4;
    %pushi/vec4 114, 0, 8;
    %cmp/u;
    %jmp/1 T_21.114, 6;
    %dup/vec4;
    %pushi/vec4 115, 0, 8;
    %cmp/u;
    %jmp/1 T_21.115, 6;
    %dup/vec4;
    %pushi/vec4 116, 0, 8;
    %cmp/u;
    %jmp/1 T_21.116, 6;
    %dup/vec4;
    %pushi/vec4 117, 0, 8;
    %cmp/u;
    %jmp/1 T_21.117, 6;
    %dup/vec4;
    %pushi/vec4 118, 0, 8;
    %cmp/u;
    %jmp/1 T_21.118, 6;
    %dup/vec4;
    %pushi/vec4 119, 0, 8;
    %cmp/u;
    %jmp/1 T_21.119, 6;
    %dup/vec4;
    %pushi/vec4 120, 0, 8;
    %cmp/u;
    %jmp/1 T_21.120, 6;
    %dup/vec4;
    %pushi/vec4 121, 0, 8;
    %cmp/u;
    %jmp/1 T_21.121, 6;
    %dup/vec4;
    %pushi/vec4 122, 0, 8;
    %cmp/u;
    %jmp/1 T_21.122, 6;
    %dup/vec4;
    %pushi/vec4 123, 0, 8;
    %cmp/u;
    %jmp/1 T_21.123, 6;
    %dup/vec4;
    %pushi/vec4 124, 0, 8;
    %cmp/u;
    %jmp/1 T_21.124, 6;
    %dup/vec4;
    %pushi/vec4 125, 0, 8;
    %cmp/u;
    %jmp/1 T_21.125, 6;
    %dup/vec4;
    %pushi/vec4 126, 0, 8;
    %cmp/u;
    %jmp/1 T_21.126, 6;
    %dup/vec4;
    %pushi/vec4 127, 0, 8;
    %cmp/u;
    %jmp/1 T_21.127, 6;
    %dup/vec4;
    %pushi/vec4 128, 0, 8;
    %cmp/u;
    %jmp/1 T_21.128, 6;
    %dup/vec4;
    %pushi/vec4 129, 0, 8;
    %cmp/u;
    %jmp/1 T_21.129, 6;
    %dup/vec4;
    %pushi/vec4 130, 0, 8;
    %cmp/u;
    %jmp/1 T_21.130, 6;
    %dup/vec4;
    %pushi/vec4 131, 0, 8;
    %cmp/u;
    %jmp/1 T_21.131, 6;
    %dup/vec4;
    %pushi/vec4 132, 0, 8;
    %cmp/u;
    %jmp/1 T_21.132, 6;
    %dup/vec4;
    %pushi/vec4 133, 0, 8;
    %cmp/u;
    %jmp/1 T_21.133, 6;
    %dup/vec4;
    %pushi/vec4 134, 0, 8;
    %cmp/u;
    %jmp/1 T_21.134, 6;
    %dup/vec4;
    %pushi/vec4 135, 0, 8;
    %cmp/u;
    %jmp/1 T_21.135, 6;
    %dup/vec4;
    %pushi/vec4 136, 0, 8;
    %cmp/u;
    %jmp/1 T_21.136, 6;
    %dup/vec4;
    %pushi/vec4 137, 0, 8;
    %cmp/u;
    %jmp/1 T_21.137, 6;
    %dup/vec4;
    %pushi/vec4 138, 0, 8;
    %cmp/u;
    %jmp/1 T_21.138, 6;
    %dup/vec4;
    %pushi/vec4 139, 0, 8;
    %cmp/u;
    %jmp/1 T_21.139, 6;
    %dup/vec4;
    %pushi/vec4 140, 0, 8;
    %cmp/u;
    %jmp/1 T_21.140, 6;
    %dup/vec4;
    %pushi/vec4 141, 0, 8;
    %cmp/u;
    %jmp/1 T_21.141, 6;
    %dup/vec4;
    %pushi/vec4 142, 0, 8;
    %cmp/u;
    %jmp/1 T_21.142, 6;
    %dup/vec4;
    %pushi/vec4 143, 0, 8;
    %cmp/u;
    %jmp/1 T_21.143, 6;
    %dup/vec4;
    %pushi/vec4 144, 0, 8;
    %cmp/u;
    %jmp/1 T_21.144, 6;
    %dup/vec4;
    %pushi/vec4 145, 0, 8;
    %cmp/u;
    %jmp/1 T_21.145, 6;
    %dup/vec4;
    %pushi/vec4 146, 0, 8;
    %cmp/u;
    %jmp/1 T_21.146, 6;
    %dup/vec4;
    %pushi/vec4 147, 0, 8;
    %cmp/u;
    %jmp/1 T_21.147, 6;
    %dup/vec4;
    %pushi/vec4 148, 0, 8;
    %cmp/u;
    %jmp/1 T_21.148, 6;
    %dup/vec4;
    %pushi/vec4 149, 0, 8;
    %cmp/u;
    %jmp/1 T_21.149, 6;
    %dup/vec4;
    %pushi/vec4 150, 0, 8;
    %cmp/u;
    %jmp/1 T_21.150, 6;
    %dup/vec4;
    %pushi/vec4 151, 0, 8;
    %cmp/u;
    %jmp/1 T_21.151, 6;
    %dup/vec4;
    %pushi/vec4 152, 0, 8;
    %cmp/u;
    %jmp/1 T_21.152, 6;
    %dup/vec4;
    %pushi/vec4 153, 0, 8;
    %cmp/u;
    %jmp/1 T_21.153, 6;
    %dup/vec4;
    %pushi/vec4 154, 0, 8;
    %cmp/u;
    %jmp/1 T_21.154, 6;
    %dup/vec4;
    %pushi/vec4 155, 0, 8;
    %cmp/u;
    %jmp/1 T_21.155, 6;
    %dup/vec4;
    %pushi/vec4 156, 0, 8;
    %cmp/u;
    %jmp/1 T_21.156, 6;
    %dup/vec4;
    %pushi/vec4 157, 0, 8;
    %cmp/u;
    %jmp/1 T_21.157, 6;
    %dup/vec4;
    %pushi/vec4 158, 0, 8;
    %cmp/u;
    %jmp/1 T_21.158, 6;
    %dup/vec4;
    %pushi/vec4 159, 0, 8;
    %cmp/u;
    %jmp/1 T_21.159, 6;
    %dup/vec4;
    %pushi/vec4 160, 0, 8;
    %cmp/u;
    %jmp/1 T_21.160, 6;
    %dup/vec4;
    %pushi/vec4 161, 0, 8;
    %cmp/u;
    %jmp/1 T_21.161, 6;
    %dup/vec4;
    %pushi/vec4 162, 0, 8;
    %cmp/u;
    %jmp/1 T_21.162, 6;
    %dup/vec4;
    %pushi/vec4 163, 0, 8;
    %cmp/u;
    %jmp/1 T_21.163, 6;
    %dup/vec4;
    %pushi/vec4 164, 0, 8;
    %cmp/u;
    %jmp/1 T_21.164, 6;
    %dup/vec4;
    %pushi/vec4 165, 0, 8;
    %cmp/u;
    %jmp/1 T_21.165, 6;
    %dup/vec4;
    %pushi/vec4 166, 0, 8;
    %cmp/u;
    %jmp/1 T_21.166, 6;
    %dup/vec4;
    %pushi/vec4 167, 0, 8;
    %cmp/u;
    %jmp/1 T_21.167, 6;
    %dup/vec4;
    %pushi/vec4 168, 0, 8;
    %cmp/u;
    %jmp/1 T_21.168, 6;
    %dup/vec4;
    %pushi/vec4 169, 0, 8;
    %cmp/u;
    %jmp/1 T_21.169, 6;
    %dup/vec4;
    %pushi/vec4 170, 0, 8;
    %cmp/u;
    %jmp/1 T_21.170, 6;
    %dup/vec4;
    %pushi/vec4 171, 0, 8;
    %cmp/u;
    %jmp/1 T_21.171, 6;
    %dup/vec4;
    %pushi/vec4 172, 0, 8;
    %cmp/u;
    %jmp/1 T_21.172, 6;
    %dup/vec4;
    %pushi/vec4 173, 0, 8;
    %cmp/u;
    %jmp/1 T_21.173, 6;
    %dup/vec4;
    %pushi/vec4 174, 0, 8;
    %cmp/u;
    %jmp/1 T_21.174, 6;
    %dup/vec4;
    %pushi/vec4 175, 0, 8;
    %cmp/u;
    %jmp/1 T_21.175, 6;
    %dup/vec4;
    %pushi/vec4 176, 0, 8;
    %cmp/u;
    %jmp/1 T_21.176, 6;
    %dup/vec4;
    %pushi/vec4 177, 0, 8;
    %cmp/u;
    %jmp/1 T_21.177, 6;
    %dup/vec4;
    %pushi/vec4 178, 0, 8;
    %cmp/u;
    %jmp/1 T_21.178, 6;
    %dup/vec4;
    %pushi/vec4 179, 0, 8;
    %cmp/u;
    %jmp/1 T_21.179, 6;
    %dup/vec4;
    %pushi/vec4 180, 0, 8;
    %cmp/u;
    %jmp/1 T_21.180, 6;
    %dup/vec4;
    %pushi/vec4 181, 0, 8;
    %cmp/u;
    %jmp/1 T_21.181, 6;
    %dup/vec4;
    %pushi/vec4 182, 0, 8;
    %cmp/u;
    %jmp/1 T_21.182, 6;
    %dup/vec4;
    %pushi/vec4 183, 0, 8;
    %cmp/u;
    %jmp/1 T_21.183, 6;
    %dup/vec4;
    %pushi/vec4 184, 0, 8;
    %cmp/u;
    %jmp/1 T_21.184, 6;
    %dup/vec4;
    %pushi/vec4 185, 0, 8;
    %cmp/u;
    %jmp/1 T_21.185, 6;
    %dup/vec4;
    %pushi/vec4 186, 0, 8;
    %cmp/u;
    %jmp/1 T_21.186, 6;
    %dup/vec4;
    %pushi/vec4 187, 0, 8;
    %cmp/u;
    %jmp/1 T_21.187, 6;
    %dup/vec4;
    %pushi/vec4 188, 0, 8;
    %cmp/u;
    %jmp/1 T_21.188, 6;
    %dup/vec4;
    %pushi/vec4 189, 0, 8;
    %cmp/u;
    %jmp/1 T_21.189, 6;
    %dup/vec4;
    %pushi/vec4 190, 0, 8;
    %cmp/u;
    %jmp/1 T_21.190, 6;
    %dup/vec4;
    %pushi/vec4 191, 0, 8;
    %cmp/u;
    %jmp/1 T_21.191, 6;
    %dup/vec4;
    %pushi/vec4 192, 0, 8;
    %cmp/u;
    %jmp/1 T_21.192, 6;
    %dup/vec4;
    %pushi/vec4 193, 0, 8;
    %cmp/u;
    %jmp/1 T_21.193, 6;
    %dup/vec4;
    %pushi/vec4 194, 0, 8;
    %cmp/u;
    %jmp/1 T_21.194, 6;
    %dup/vec4;
    %pushi/vec4 195, 0, 8;
    %cmp/u;
    %jmp/1 T_21.195, 6;
    %dup/vec4;
    %pushi/vec4 196, 0, 8;
    %cmp/u;
    %jmp/1 T_21.196, 6;
    %dup/vec4;
    %pushi/vec4 197, 0, 8;
    %cmp/u;
    %jmp/1 T_21.197, 6;
    %dup/vec4;
    %pushi/vec4 198, 0, 8;
    %cmp/u;
    %jmp/1 T_21.198, 6;
    %dup/vec4;
    %pushi/vec4 199, 0, 8;
    %cmp/u;
    %jmp/1 T_21.199, 6;
    %dup/vec4;
    %pushi/vec4 200, 0, 8;
    %cmp/u;
    %jmp/1 T_21.200, 6;
    %dup/vec4;
    %pushi/vec4 201, 0, 8;
    %cmp/u;
    %jmp/1 T_21.201, 6;
    %dup/vec4;
    %pushi/vec4 202, 0, 8;
    %cmp/u;
    %jmp/1 T_21.202, 6;
    %dup/vec4;
    %pushi/vec4 203, 0, 8;
    %cmp/u;
    %jmp/1 T_21.203, 6;
    %dup/vec4;
    %pushi/vec4 204, 0, 8;
    %cmp/u;
    %jmp/1 T_21.204, 6;
    %dup/vec4;
    %pushi/vec4 205, 0, 8;
    %cmp/u;
    %jmp/1 T_21.205, 6;
    %dup/vec4;
    %pushi/vec4 206, 0, 8;
    %cmp/u;
    %jmp/1 T_21.206, 6;
    %dup/vec4;
    %pushi/vec4 207, 0, 8;
    %cmp/u;
    %jmp/1 T_21.207, 6;
    %dup/vec4;
    %pushi/vec4 208, 0, 8;
    %cmp/u;
    %jmp/1 T_21.208, 6;
    %dup/vec4;
    %pushi/vec4 209, 0, 8;
    %cmp/u;
    %jmp/1 T_21.209, 6;
    %dup/vec4;
    %pushi/vec4 210, 0, 8;
    %cmp/u;
    %jmp/1 T_21.210, 6;
    %dup/vec4;
    %pushi/vec4 211, 0, 8;
    %cmp/u;
    %jmp/1 T_21.211, 6;
    %dup/vec4;
    %pushi/vec4 212, 0, 8;
    %cmp/u;
    %jmp/1 T_21.212, 6;
    %dup/vec4;
    %pushi/vec4 213, 0, 8;
    %cmp/u;
    %jmp/1 T_21.213, 6;
    %dup/vec4;
    %pushi/vec4 214, 0, 8;
    %cmp/u;
    %jmp/1 T_21.214, 6;
    %dup/vec4;
    %pushi/vec4 215, 0, 8;
    %cmp/u;
    %jmp/1 T_21.215, 6;
    %dup/vec4;
    %pushi/vec4 216, 0, 8;
    %cmp/u;
    %jmp/1 T_21.216, 6;
    %dup/vec4;
    %pushi/vec4 217, 0, 8;
    %cmp/u;
    %jmp/1 T_21.217, 6;
    %dup/vec4;
    %pushi/vec4 218, 0, 8;
    %cmp/u;
    %jmp/1 T_21.218, 6;
    %dup/vec4;
    %pushi/vec4 219, 0, 8;
    %cmp/u;
    %jmp/1 T_21.219, 6;
    %dup/vec4;
    %pushi/vec4 220, 0, 8;
    %cmp/u;
    %jmp/1 T_21.220, 6;
    %dup/vec4;
    %pushi/vec4 221, 0, 8;
    %cmp/u;
    %jmp/1 T_21.221, 6;
    %dup/vec4;
    %pushi/vec4 222, 0, 8;
    %cmp/u;
    %jmp/1 T_21.222, 6;
    %dup/vec4;
    %pushi/vec4 223, 0, 8;
    %cmp/u;
    %jmp/1 T_21.223, 6;
    %dup/vec4;
    %pushi/vec4 224, 0, 8;
    %cmp/u;
    %jmp/1 T_21.224, 6;
    %dup/vec4;
    %pushi/vec4 225, 0, 8;
    %cmp/u;
    %jmp/1 T_21.225, 6;
    %dup/vec4;
    %pushi/vec4 226, 0, 8;
    %cmp/u;
    %jmp/1 T_21.226, 6;
    %dup/vec4;
    %pushi/vec4 227, 0, 8;
    %cmp/u;
    %jmp/1 T_21.227, 6;
    %dup/vec4;
    %pushi/vec4 228, 0, 8;
    %cmp/u;
    %jmp/1 T_21.228, 6;
    %dup/vec4;
    %pushi/vec4 229, 0, 8;
    %cmp/u;
    %jmp/1 T_21.229, 6;
    %dup/vec4;
    %pushi/vec4 230, 0, 8;
    %cmp/u;
    %jmp/1 T_21.230, 6;
    %dup/vec4;
    %pushi/vec4 231, 0, 8;
    %cmp/u;
    %jmp/1 T_21.231, 6;
    %dup/vec4;
    %pushi/vec4 232, 0, 8;
    %cmp/u;
    %jmp/1 T_21.232, 6;
    %dup/vec4;
    %pushi/vec4 233, 0, 8;
    %cmp/u;
    %jmp/1 T_21.233, 6;
    %dup/vec4;
    %pushi/vec4 234, 0, 8;
    %cmp/u;
    %jmp/1 T_21.234, 6;
    %dup/vec4;
    %pushi/vec4 235, 0, 8;
    %cmp/u;
    %jmp/1 T_21.235, 6;
    %dup/vec4;
    %pushi/vec4 236, 0, 8;
    %cmp/u;
    %jmp/1 T_21.236, 6;
    %dup/vec4;
    %pushi/vec4 237, 0, 8;
    %cmp/u;
    %jmp/1 T_21.237, 6;
    %dup/vec4;
    %pushi/vec4 238, 0, 8;
    %cmp/u;
    %jmp/1 T_21.238, 6;
    %dup/vec4;
    %pushi/vec4 239, 0, 8;
    %cmp/u;
    %jmp/1 T_21.239, 6;
    %dup/vec4;
    %pushi/vec4 240, 0, 8;
    %cmp/u;
    %jmp/1 T_21.240, 6;
    %dup/vec4;
    %pushi/vec4 241, 0, 8;
    %cmp/u;
    %jmp/1 T_21.241, 6;
    %dup/vec4;
    %pushi/vec4 242, 0, 8;
    %cmp/u;
    %jmp/1 T_21.242, 6;
    %dup/vec4;
    %pushi/vec4 243, 0, 8;
    %cmp/u;
    %jmp/1 T_21.243, 6;
    %dup/vec4;
    %pushi/vec4 244, 0, 8;
    %cmp/u;
    %jmp/1 T_21.244, 6;
    %dup/vec4;
    %pushi/vec4 245, 0, 8;
    %cmp/u;
    %jmp/1 T_21.245, 6;
    %dup/vec4;
    %pushi/vec4 246, 0, 8;
    %cmp/u;
    %jmp/1 T_21.246, 6;
    %dup/vec4;
    %pushi/vec4 247, 0, 8;
    %cmp/u;
    %jmp/1 T_21.247, 6;
    %dup/vec4;
    %pushi/vec4 248, 0, 8;
    %cmp/u;
    %jmp/1 T_21.248, 6;
    %dup/vec4;
    %pushi/vec4 249, 0, 8;
    %cmp/u;
    %jmp/1 T_21.249, 6;
    %dup/vec4;
    %pushi/vec4 250, 0, 8;
    %cmp/u;
    %jmp/1 T_21.250, 6;
    %dup/vec4;
    %pushi/vec4 251, 0, 8;
    %cmp/u;
    %jmp/1 T_21.251, 6;
    %dup/vec4;
    %pushi/vec4 252, 0, 8;
    %cmp/u;
    %jmp/1 T_21.252, 6;
    %dup/vec4;
    %pushi/vec4 253, 0, 8;
    %cmp/u;
    %jmp/1 T_21.253, 6;
    %dup/vec4;
    %pushi/vec4 254, 0, 8;
    %cmp/u;
    %jmp/1 T_21.254, 6;
    %dup/vec4;
    %pushi/vec4 255, 0, 8;
    %cmp/u;
    %jmp/1 T_21.255, 6;
    %jmp T_21.256;
T_21.0 ;
    %pushi/vec4 99, 0, 8;
    %store/vec4 v00000149b1448520_0, 0, 8;
    %jmp T_21.256;
T_21.1 ;
    %pushi/vec4 124, 0, 8;
    %store/vec4 v00000149b1448520_0, 0, 8;
    %jmp T_21.256;
T_21.2 ;
    %pushi/vec4 119, 0, 8;
    %store/vec4 v00000149b1448520_0, 0, 8;
    %jmp T_21.256;
T_21.3 ;
    %pushi/vec4 123, 0, 8;
    %store/vec4 v00000149b1448520_0, 0, 8;
    %jmp T_21.256;
T_21.4 ;
    %pushi/vec4 242, 0, 8;
    %store/vec4 v00000149b1448520_0, 0, 8;
    %jmp T_21.256;
T_21.5 ;
    %pushi/vec4 107, 0, 8;
    %store/vec4 v00000149b1448520_0, 0, 8;
    %jmp T_21.256;
T_21.6 ;
    %pushi/vec4 111, 0, 8;
    %store/vec4 v00000149b1448520_0, 0, 8;
    %jmp T_21.256;
T_21.7 ;
    %pushi/vec4 197, 0, 8;
    %store/vec4 v00000149b1448520_0, 0, 8;
    %jmp T_21.256;
T_21.8 ;
    %pushi/vec4 48, 0, 8;
    %store/vec4 v00000149b1448520_0, 0, 8;
    %jmp T_21.256;
T_21.9 ;
    %pushi/vec4 1, 0, 8;
    %store/vec4 v00000149b1448520_0, 0, 8;
    %jmp T_21.256;
T_21.10 ;
    %pushi/vec4 103, 0, 8;
    %store/vec4 v00000149b1448520_0, 0, 8;
    %jmp T_21.256;
T_21.11 ;
    %pushi/vec4 43, 0, 8;
    %store/vec4 v00000149b1448520_0, 0, 8;
    %jmp T_21.256;
T_21.12 ;
    %pushi/vec4 254, 0, 8;
    %store/vec4 v00000149b1448520_0, 0, 8;
    %jmp T_21.256;
T_21.13 ;
    %pushi/vec4 215, 0, 8;
    %store/vec4 v00000149b1448520_0, 0, 8;
    %jmp T_21.256;
T_21.14 ;
    %pushi/vec4 171, 0, 8;
    %store/vec4 v00000149b1448520_0, 0, 8;
    %jmp T_21.256;
T_21.15 ;
    %pushi/vec4 118, 0, 8;
    %store/vec4 v00000149b1448520_0, 0, 8;
    %jmp T_21.256;
T_21.16 ;
    %pushi/vec4 202, 0, 8;
    %store/vec4 v00000149b1448520_0, 0, 8;
    %jmp T_21.256;
T_21.17 ;
    %pushi/vec4 130, 0, 8;
    %store/vec4 v00000149b1448520_0, 0, 8;
    %jmp T_21.256;
T_21.18 ;
    %pushi/vec4 201, 0, 8;
    %store/vec4 v00000149b1448520_0, 0, 8;
    %jmp T_21.256;
T_21.19 ;
    %pushi/vec4 125, 0, 8;
    %store/vec4 v00000149b1448520_0, 0, 8;
    %jmp T_21.256;
T_21.20 ;
    %pushi/vec4 250, 0, 8;
    %store/vec4 v00000149b1448520_0, 0, 8;
    %jmp T_21.256;
T_21.21 ;
    %pushi/vec4 89, 0, 8;
    %store/vec4 v00000149b1448520_0, 0, 8;
    %jmp T_21.256;
T_21.22 ;
    %pushi/vec4 71, 0, 8;
    %store/vec4 v00000149b1448520_0, 0, 8;
    %jmp T_21.256;
T_21.23 ;
    %pushi/vec4 240, 0, 8;
    %store/vec4 v00000149b1448520_0, 0, 8;
    %jmp T_21.256;
T_21.24 ;
    %pushi/vec4 173, 0, 8;
    %store/vec4 v00000149b1448520_0, 0, 8;
    %jmp T_21.256;
T_21.25 ;
    %pushi/vec4 212, 0, 8;
    %store/vec4 v00000149b1448520_0, 0, 8;
    %jmp T_21.256;
T_21.26 ;
    %pushi/vec4 162, 0, 8;
    %store/vec4 v00000149b1448520_0, 0, 8;
    %jmp T_21.256;
T_21.27 ;
    %pushi/vec4 175, 0, 8;
    %store/vec4 v00000149b1448520_0, 0, 8;
    %jmp T_21.256;
T_21.28 ;
    %pushi/vec4 156, 0, 8;
    %store/vec4 v00000149b1448520_0, 0, 8;
    %jmp T_21.256;
T_21.29 ;
    %pushi/vec4 164, 0, 8;
    %store/vec4 v00000149b1448520_0, 0, 8;
    %jmp T_21.256;
T_21.30 ;
    %pushi/vec4 114, 0, 8;
    %store/vec4 v00000149b1448520_0, 0, 8;
    %jmp T_21.256;
T_21.31 ;
    %pushi/vec4 192, 0, 8;
    %store/vec4 v00000149b1448520_0, 0, 8;
    %jmp T_21.256;
T_21.32 ;
    %pushi/vec4 183, 0, 8;
    %store/vec4 v00000149b1448520_0, 0, 8;
    %jmp T_21.256;
T_21.33 ;
    %pushi/vec4 253, 0, 8;
    %store/vec4 v00000149b1448520_0, 0, 8;
    %jmp T_21.256;
T_21.34 ;
    %pushi/vec4 147, 0, 8;
    %store/vec4 v00000149b1448520_0, 0, 8;
    %jmp T_21.256;
T_21.35 ;
    %pushi/vec4 38, 0, 8;
    %store/vec4 v00000149b1448520_0, 0, 8;
    %jmp T_21.256;
T_21.36 ;
    %pushi/vec4 54, 0, 8;
    %store/vec4 v00000149b1448520_0, 0, 8;
    %jmp T_21.256;
T_21.37 ;
    %pushi/vec4 63, 0, 8;
    %store/vec4 v00000149b1448520_0, 0, 8;
    %jmp T_21.256;
T_21.38 ;
    %pushi/vec4 247, 0, 8;
    %store/vec4 v00000149b1448520_0, 0, 8;
    %jmp T_21.256;
T_21.39 ;
    %pushi/vec4 204, 0, 8;
    %store/vec4 v00000149b1448520_0, 0, 8;
    %jmp T_21.256;
T_21.40 ;
    %pushi/vec4 52, 0, 8;
    %store/vec4 v00000149b1448520_0, 0, 8;
    %jmp T_21.256;
T_21.41 ;
    %pushi/vec4 165, 0, 8;
    %store/vec4 v00000149b1448520_0, 0, 8;
    %jmp T_21.256;
T_21.42 ;
    %pushi/vec4 229, 0, 8;
    %store/vec4 v00000149b1448520_0, 0, 8;
    %jmp T_21.256;
T_21.43 ;
    %pushi/vec4 241, 0, 8;
    %store/vec4 v00000149b1448520_0, 0, 8;
    %jmp T_21.256;
T_21.44 ;
    %pushi/vec4 113, 0, 8;
    %store/vec4 v00000149b1448520_0, 0, 8;
    %jmp T_21.256;
T_21.45 ;
    %pushi/vec4 216, 0, 8;
    %store/vec4 v00000149b1448520_0, 0, 8;
    %jmp T_21.256;
T_21.46 ;
    %pushi/vec4 49, 0, 8;
    %store/vec4 v00000149b1448520_0, 0, 8;
    %jmp T_21.256;
T_21.47 ;
    %pushi/vec4 21, 0, 8;
    %store/vec4 v00000149b1448520_0, 0, 8;
    %jmp T_21.256;
T_21.48 ;
    %pushi/vec4 4, 0, 8;
    %store/vec4 v00000149b1448520_0, 0, 8;
    %jmp T_21.256;
T_21.49 ;
    %pushi/vec4 199, 0, 8;
    %store/vec4 v00000149b1448520_0, 0, 8;
    %jmp T_21.256;
T_21.50 ;
    %pushi/vec4 35, 0, 8;
    %store/vec4 v00000149b1448520_0, 0, 8;
    %jmp T_21.256;
T_21.51 ;
    %pushi/vec4 195, 0, 8;
    %store/vec4 v00000149b1448520_0, 0, 8;
    %jmp T_21.256;
T_21.52 ;
    %pushi/vec4 24, 0, 8;
    %store/vec4 v00000149b1448520_0, 0, 8;
    %jmp T_21.256;
T_21.53 ;
    %pushi/vec4 150, 0, 8;
    %store/vec4 v00000149b1448520_0, 0, 8;
    %jmp T_21.256;
T_21.54 ;
    %pushi/vec4 5, 0, 8;
    %store/vec4 v00000149b1448520_0, 0, 8;
    %jmp T_21.256;
T_21.55 ;
    %pushi/vec4 154, 0, 8;
    %store/vec4 v00000149b1448520_0, 0, 8;
    %jmp T_21.256;
T_21.56 ;
    %pushi/vec4 7, 0, 8;
    %store/vec4 v00000149b1448520_0, 0, 8;
    %jmp T_21.256;
T_21.57 ;
    %pushi/vec4 18, 0, 8;
    %store/vec4 v00000149b1448520_0, 0, 8;
    %jmp T_21.256;
T_21.58 ;
    %pushi/vec4 128, 0, 8;
    %store/vec4 v00000149b1448520_0, 0, 8;
    %jmp T_21.256;
T_21.59 ;
    %pushi/vec4 226, 0, 8;
    %store/vec4 v00000149b1448520_0, 0, 8;
    %jmp T_21.256;
T_21.60 ;
    %pushi/vec4 235, 0, 8;
    %store/vec4 v00000149b1448520_0, 0, 8;
    %jmp T_21.256;
T_21.61 ;
    %pushi/vec4 39, 0, 8;
    %store/vec4 v00000149b1448520_0, 0, 8;
    %jmp T_21.256;
T_21.62 ;
    %pushi/vec4 178, 0, 8;
    %store/vec4 v00000149b1448520_0, 0, 8;
    %jmp T_21.256;
T_21.63 ;
    %pushi/vec4 117, 0, 8;
    %store/vec4 v00000149b1448520_0, 0, 8;
    %jmp T_21.256;
T_21.64 ;
    %pushi/vec4 9, 0, 8;
    %store/vec4 v00000149b1448520_0, 0, 8;
    %jmp T_21.256;
T_21.65 ;
    %pushi/vec4 131, 0, 8;
    %store/vec4 v00000149b1448520_0, 0, 8;
    %jmp T_21.256;
T_21.66 ;
    %pushi/vec4 44, 0, 8;
    %store/vec4 v00000149b1448520_0, 0, 8;
    %jmp T_21.256;
T_21.67 ;
    %pushi/vec4 26, 0, 8;
    %store/vec4 v00000149b1448520_0, 0, 8;
    %jmp T_21.256;
T_21.68 ;
    %pushi/vec4 27, 0, 8;
    %store/vec4 v00000149b1448520_0, 0, 8;
    %jmp T_21.256;
T_21.69 ;
    %pushi/vec4 110, 0, 8;
    %store/vec4 v00000149b1448520_0, 0, 8;
    %jmp T_21.256;
T_21.70 ;
    %pushi/vec4 90, 0, 8;
    %store/vec4 v00000149b1448520_0, 0, 8;
    %jmp T_21.256;
T_21.71 ;
    %pushi/vec4 160, 0, 8;
    %store/vec4 v00000149b1448520_0, 0, 8;
    %jmp T_21.256;
T_21.72 ;
    %pushi/vec4 82, 0, 8;
    %store/vec4 v00000149b1448520_0, 0, 8;
    %jmp T_21.256;
T_21.73 ;
    %pushi/vec4 59, 0, 8;
    %store/vec4 v00000149b1448520_0, 0, 8;
    %jmp T_21.256;
T_21.74 ;
    %pushi/vec4 214, 0, 8;
    %store/vec4 v00000149b1448520_0, 0, 8;
    %jmp T_21.256;
T_21.75 ;
    %pushi/vec4 179, 0, 8;
    %store/vec4 v00000149b1448520_0, 0, 8;
    %jmp T_21.256;
T_21.76 ;
    %pushi/vec4 41, 0, 8;
    %store/vec4 v00000149b1448520_0, 0, 8;
    %jmp T_21.256;
T_21.77 ;
    %pushi/vec4 227, 0, 8;
    %store/vec4 v00000149b1448520_0, 0, 8;
    %jmp T_21.256;
T_21.78 ;
    %pushi/vec4 47, 0, 8;
    %store/vec4 v00000149b1448520_0, 0, 8;
    %jmp T_21.256;
T_21.79 ;
    %pushi/vec4 132, 0, 8;
    %store/vec4 v00000149b1448520_0, 0, 8;
    %jmp T_21.256;
T_21.80 ;
    %pushi/vec4 83, 0, 8;
    %store/vec4 v00000149b1448520_0, 0, 8;
    %jmp T_21.256;
T_21.81 ;
    %pushi/vec4 209, 0, 8;
    %store/vec4 v00000149b1448520_0, 0, 8;
    %jmp T_21.256;
T_21.82 ;
    %pushi/vec4 0, 0, 8;
    %store/vec4 v00000149b1448520_0, 0, 8;
    %jmp T_21.256;
T_21.83 ;
    %pushi/vec4 237, 0, 8;
    %store/vec4 v00000149b1448520_0, 0, 8;
    %jmp T_21.256;
T_21.84 ;
    %pushi/vec4 32, 0, 8;
    %store/vec4 v00000149b1448520_0, 0, 8;
    %jmp T_21.256;
T_21.85 ;
    %pushi/vec4 252, 0, 8;
    %store/vec4 v00000149b1448520_0, 0, 8;
    %jmp T_21.256;
T_21.86 ;
    %pushi/vec4 177, 0, 8;
    %store/vec4 v00000149b1448520_0, 0, 8;
    %jmp T_21.256;
T_21.87 ;
    %pushi/vec4 91, 0, 8;
    %store/vec4 v00000149b1448520_0, 0, 8;
    %jmp T_21.256;
T_21.88 ;
    %pushi/vec4 106, 0, 8;
    %store/vec4 v00000149b1448520_0, 0, 8;
    %jmp T_21.256;
T_21.89 ;
    %pushi/vec4 203, 0, 8;
    %store/vec4 v00000149b1448520_0, 0, 8;
    %jmp T_21.256;
T_21.90 ;
    %pushi/vec4 190, 0, 8;
    %store/vec4 v00000149b1448520_0, 0, 8;
    %jmp T_21.256;
T_21.91 ;
    %pushi/vec4 57, 0, 8;
    %store/vec4 v00000149b1448520_0, 0, 8;
    %jmp T_21.256;
T_21.92 ;
    %pushi/vec4 74, 0, 8;
    %store/vec4 v00000149b1448520_0, 0, 8;
    %jmp T_21.256;
T_21.93 ;
    %pushi/vec4 76, 0, 8;
    %store/vec4 v00000149b1448520_0, 0, 8;
    %jmp T_21.256;
T_21.94 ;
    %pushi/vec4 88, 0, 8;
    %store/vec4 v00000149b1448520_0, 0, 8;
    %jmp T_21.256;
T_21.95 ;
    %pushi/vec4 207, 0, 8;
    %store/vec4 v00000149b1448520_0, 0, 8;
    %jmp T_21.256;
T_21.96 ;
    %pushi/vec4 208, 0, 8;
    %store/vec4 v00000149b1448520_0, 0, 8;
    %jmp T_21.256;
T_21.97 ;
    %pushi/vec4 239, 0, 8;
    %store/vec4 v00000149b1448520_0, 0, 8;
    %jmp T_21.256;
T_21.98 ;
    %pushi/vec4 170, 0, 8;
    %store/vec4 v00000149b1448520_0, 0, 8;
    %jmp T_21.256;
T_21.99 ;
    %pushi/vec4 251, 0, 8;
    %store/vec4 v00000149b1448520_0, 0, 8;
    %jmp T_21.256;
T_21.100 ;
    %pushi/vec4 67, 0, 8;
    %store/vec4 v00000149b1448520_0, 0, 8;
    %jmp T_21.256;
T_21.101 ;
    %pushi/vec4 77, 0, 8;
    %store/vec4 v00000149b1448520_0, 0, 8;
    %jmp T_21.256;
T_21.102 ;
    %pushi/vec4 51, 0, 8;
    %store/vec4 v00000149b1448520_0, 0, 8;
    %jmp T_21.256;
T_21.103 ;
    %pushi/vec4 133, 0, 8;
    %store/vec4 v00000149b1448520_0, 0, 8;
    %jmp T_21.256;
T_21.104 ;
    %pushi/vec4 69, 0, 8;
    %store/vec4 v00000149b1448520_0, 0, 8;
    %jmp T_21.256;
T_21.105 ;
    %pushi/vec4 249, 0, 8;
    %store/vec4 v00000149b1448520_0, 0, 8;
    %jmp T_21.256;
T_21.106 ;
    %pushi/vec4 2, 0, 8;
    %store/vec4 v00000149b1448520_0, 0, 8;
    %jmp T_21.256;
T_21.107 ;
    %pushi/vec4 127, 0, 8;
    %store/vec4 v00000149b1448520_0, 0, 8;
    %jmp T_21.256;
T_21.108 ;
    %pushi/vec4 80, 0, 8;
    %store/vec4 v00000149b1448520_0, 0, 8;
    %jmp T_21.256;
T_21.109 ;
    %pushi/vec4 60, 0, 8;
    %store/vec4 v00000149b1448520_0, 0, 8;
    %jmp T_21.256;
T_21.110 ;
    %pushi/vec4 159, 0, 8;
    %store/vec4 v00000149b1448520_0, 0, 8;
    %jmp T_21.256;
T_21.111 ;
    %pushi/vec4 168, 0, 8;
    %store/vec4 v00000149b1448520_0, 0, 8;
    %jmp T_21.256;
T_21.112 ;
    %pushi/vec4 81, 0, 8;
    %store/vec4 v00000149b1448520_0, 0, 8;
    %jmp T_21.256;
T_21.113 ;
    %pushi/vec4 163, 0, 8;
    %store/vec4 v00000149b1448520_0, 0, 8;
    %jmp T_21.256;
T_21.114 ;
    %pushi/vec4 64, 0, 8;
    %store/vec4 v00000149b1448520_0, 0, 8;
    %jmp T_21.256;
T_21.115 ;
    %pushi/vec4 143, 0, 8;
    %store/vec4 v00000149b1448520_0, 0, 8;
    %jmp T_21.256;
T_21.116 ;
    %pushi/vec4 146, 0, 8;
    %store/vec4 v00000149b1448520_0, 0, 8;
    %jmp T_21.256;
T_21.117 ;
    %pushi/vec4 157, 0, 8;
    %store/vec4 v00000149b1448520_0, 0, 8;
    %jmp T_21.256;
T_21.118 ;
    %pushi/vec4 56, 0, 8;
    %store/vec4 v00000149b1448520_0, 0, 8;
    %jmp T_21.256;
T_21.119 ;
    %pushi/vec4 245, 0, 8;
    %store/vec4 v00000149b1448520_0, 0, 8;
    %jmp T_21.256;
T_21.120 ;
    %pushi/vec4 188, 0, 8;
    %store/vec4 v00000149b1448520_0, 0, 8;
    %jmp T_21.256;
T_21.121 ;
    %pushi/vec4 182, 0, 8;
    %store/vec4 v00000149b1448520_0, 0, 8;
    %jmp T_21.256;
T_21.122 ;
    %pushi/vec4 218, 0, 8;
    %store/vec4 v00000149b1448520_0, 0, 8;
    %jmp T_21.256;
T_21.123 ;
    %pushi/vec4 33, 0, 8;
    %store/vec4 v00000149b1448520_0, 0, 8;
    %jmp T_21.256;
T_21.124 ;
    %pushi/vec4 16, 0, 8;
    %store/vec4 v00000149b1448520_0, 0, 8;
    %jmp T_21.256;
T_21.125 ;
    %pushi/vec4 255, 0, 8;
    %store/vec4 v00000149b1448520_0, 0, 8;
    %jmp T_21.256;
T_21.126 ;
    %pushi/vec4 243, 0, 8;
    %store/vec4 v00000149b1448520_0, 0, 8;
    %jmp T_21.256;
T_21.127 ;
    %pushi/vec4 210, 0, 8;
    %store/vec4 v00000149b1448520_0, 0, 8;
    %jmp T_21.256;
T_21.128 ;
    %pushi/vec4 205, 0, 8;
    %store/vec4 v00000149b1448520_0, 0, 8;
    %jmp T_21.256;
T_21.129 ;
    %pushi/vec4 12, 0, 8;
    %store/vec4 v00000149b1448520_0, 0, 8;
    %jmp T_21.256;
T_21.130 ;
    %pushi/vec4 19, 0, 8;
    %store/vec4 v00000149b1448520_0, 0, 8;
    %jmp T_21.256;
T_21.131 ;
    %pushi/vec4 236, 0, 8;
    %store/vec4 v00000149b1448520_0, 0, 8;
    %jmp T_21.256;
T_21.132 ;
    %pushi/vec4 95, 0, 8;
    %store/vec4 v00000149b1448520_0, 0, 8;
    %jmp T_21.256;
T_21.133 ;
    %pushi/vec4 151, 0, 8;
    %store/vec4 v00000149b1448520_0, 0, 8;
    %jmp T_21.256;
T_21.134 ;
    %pushi/vec4 68, 0, 8;
    %store/vec4 v00000149b1448520_0, 0, 8;
    %jmp T_21.256;
T_21.135 ;
    %pushi/vec4 23, 0, 8;
    %store/vec4 v00000149b1448520_0, 0, 8;
    %jmp T_21.256;
T_21.136 ;
    %pushi/vec4 196, 0, 8;
    %store/vec4 v00000149b1448520_0, 0, 8;
    %jmp T_21.256;
T_21.137 ;
    %pushi/vec4 167, 0, 8;
    %store/vec4 v00000149b1448520_0, 0, 8;
    %jmp T_21.256;
T_21.138 ;
    %pushi/vec4 126, 0, 8;
    %store/vec4 v00000149b1448520_0, 0, 8;
    %jmp T_21.256;
T_21.139 ;
    %pushi/vec4 61, 0, 8;
    %store/vec4 v00000149b1448520_0, 0, 8;
    %jmp T_21.256;
T_21.140 ;
    %pushi/vec4 100, 0, 8;
    %store/vec4 v00000149b1448520_0, 0, 8;
    %jmp T_21.256;
T_21.141 ;
    %pushi/vec4 93, 0, 8;
    %store/vec4 v00000149b1448520_0, 0, 8;
    %jmp T_21.256;
T_21.142 ;
    %pushi/vec4 25, 0, 8;
    %store/vec4 v00000149b1448520_0, 0, 8;
    %jmp T_21.256;
T_21.143 ;
    %pushi/vec4 115, 0, 8;
    %store/vec4 v00000149b1448520_0, 0, 8;
    %jmp T_21.256;
T_21.144 ;
    %pushi/vec4 96, 0, 8;
    %store/vec4 v00000149b1448520_0, 0, 8;
    %jmp T_21.256;
T_21.145 ;
    %pushi/vec4 129, 0, 8;
    %store/vec4 v00000149b1448520_0, 0, 8;
    %jmp T_21.256;
T_21.146 ;
    %pushi/vec4 79, 0, 8;
    %store/vec4 v00000149b1448520_0, 0, 8;
    %jmp T_21.256;
T_21.147 ;
    %pushi/vec4 220, 0, 8;
    %store/vec4 v00000149b1448520_0, 0, 8;
    %jmp T_21.256;
T_21.148 ;
    %pushi/vec4 34, 0, 8;
    %store/vec4 v00000149b1448520_0, 0, 8;
    %jmp T_21.256;
T_21.149 ;
    %pushi/vec4 42, 0, 8;
    %store/vec4 v00000149b1448520_0, 0, 8;
    %jmp T_21.256;
T_21.150 ;
    %pushi/vec4 144, 0, 8;
    %store/vec4 v00000149b1448520_0, 0, 8;
    %jmp T_21.256;
T_21.151 ;
    %pushi/vec4 136, 0, 8;
    %store/vec4 v00000149b1448520_0, 0, 8;
    %jmp T_21.256;
T_21.152 ;
    %pushi/vec4 70, 0, 8;
    %store/vec4 v00000149b1448520_0, 0, 8;
    %jmp T_21.256;
T_21.153 ;
    %pushi/vec4 238, 0, 8;
    %store/vec4 v00000149b1448520_0, 0, 8;
    %jmp T_21.256;
T_21.154 ;
    %pushi/vec4 184, 0, 8;
    %store/vec4 v00000149b1448520_0, 0, 8;
    %jmp T_21.256;
T_21.155 ;
    %pushi/vec4 20, 0, 8;
    %store/vec4 v00000149b1448520_0, 0, 8;
    %jmp T_21.256;
T_21.156 ;
    %pushi/vec4 222, 0, 8;
    %store/vec4 v00000149b1448520_0, 0, 8;
    %jmp T_21.256;
T_21.157 ;
    %pushi/vec4 94, 0, 8;
    %store/vec4 v00000149b1448520_0, 0, 8;
    %jmp T_21.256;
T_21.158 ;
    %pushi/vec4 11, 0, 8;
    %store/vec4 v00000149b1448520_0, 0, 8;
    %jmp T_21.256;
T_21.159 ;
    %pushi/vec4 219, 0, 8;
    %store/vec4 v00000149b1448520_0, 0, 8;
    %jmp T_21.256;
T_21.160 ;
    %pushi/vec4 224, 0, 8;
    %store/vec4 v00000149b1448520_0, 0, 8;
    %jmp T_21.256;
T_21.161 ;
    %pushi/vec4 50, 0, 8;
    %store/vec4 v00000149b1448520_0, 0, 8;
    %jmp T_21.256;
T_21.162 ;
    %pushi/vec4 58, 0, 8;
    %store/vec4 v00000149b1448520_0, 0, 8;
    %jmp T_21.256;
T_21.163 ;
    %pushi/vec4 10, 0, 8;
    %store/vec4 v00000149b1448520_0, 0, 8;
    %jmp T_21.256;
T_21.164 ;
    %pushi/vec4 73, 0, 8;
    %store/vec4 v00000149b1448520_0, 0, 8;
    %jmp T_21.256;
T_21.165 ;
    %pushi/vec4 6, 0, 8;
    %store/vec4 v00000149b1448520_0, 0, 8;
    %jmp T_21.256;
T_21.166 ;
    %pushi/vec4 36, 0, 8;
    %store/vec4 v00000149b1448520_0, 0, 8;
    %jmp T_21.256;
T_21.167 ;
    %pushi/vec4 92, 0, 8;
    %store/vec4 v00000149b1448520_0, 0, 8;
    %jmp T_21.256;
T_21.168 ;
    %pushi/vec4 194, 0, 8;
    %store/vec4 v00000149b1448520_0, 0, 8;
    %jmp T_21.256;
T_21.169 ;
    %pushi/vec4 211, 0, 8;
    %store/vec4 v00000149b1448520_0, 0, 8;
    %jmp T_21.256;
T_21.170 ;
    %pushi/vec4 172, 0, 8;
    %store/vec4 v00000149b1448520_0, 0, 8;
    %jmp T_21.256;
T_21.171 ;
    %pushi/vec4 98, 0, 8;
    %store/vec4 v00000149b1448520_0, 0, 8;
    %jmp T_21.256;
T_21.172 ;
    %pushi/vec4 145, 0, 8;
    %store/vec4 v00000149b1448520_0, 0, 8;
    %jmp T_21.256;
T_21.173 ;
    %pushi/vec4 149, 0, 8;
    %store/vec4 v00000149b1448520_0, 0, 8;
    %jmp T_21.256;
T_21.174 ;
    %pushi/vec4 228, 0, 8;
    %store/vec4 v00000149b1448520_0, 0, 8;
    %jmp T_21.256;
T_21.175 ;
    %pushi/vec4 121, 0, 8;
    %store/vec4 v00000149b1448520_0, 0, 8;
    %jmp T_21.256;
T_21.176 ;
    %pushi/vec4 231, 0, 8;
    %store/vec4 v00000149b1448520_0, 0, 8;
    %jmp T_21.256;
T_21.177 ;
    %pushi/vec4 200, 0, 8;
    %store/vec4 v00000149b1448520_0, 0, 8;
    %jmp T_21.256;
T_21.178 ;
    %pushi/vec4 55, 0, 8;
    %store/vec4 v00000149b1448520_0, 0, 8;
    %jmp T_21.256;
T_21.179 ;
    %pushi/vec4 109, 0, 8;
    %store/vec4 v00000149b1448520_0, 0, 8;
    %jmp T_21.256;
T_21.180 ;
    %pushi/vec4 141, 0, 8;
    %store/vec4 v00000149b1448520_0, 0, 8;
    %jmp T_21.256;
T_21.181 ;
    %pushi/vec4 213, 0, 8;
    %store/vec4 v00000149b1448520_0, 0, 8;
    %jmp T_21.256;
T_21.182 ;
    %pushi/vec4 78, 0, 8;
    %store/vec4 v00000149b1448520_0, 0, 8;
    %jmp T_21.256;
T_21.183 ;
    %pushi/vec4 169, 0, 8;
    %store/vec4 v00000149b1448520_0, 0, 8;
    %jmp T_21.256;
T_21.184 ;
    %pushi/vec4 108, 0, 8;
    %store/vec4 v00000149b1448520_0, 0, 8;
    %jmp T_21.256;
T_21.185 ;
    %pushi/vec4 86, 0, 8;
    %store/vec4 v00000149b1448520_0, 0, 8;
    %jmp T_21.256;
T_21.186 ;
    %pushi/vec4 244, 0, 8;
    %store/vec4 v00000149b1448520_0, 0, 8;
    %jmp T_21.256;
T_21.187 ;
    %pushi/vec4 234, 0, 8;
    %store/vec4 v00000149b1448520_0, 0, 8;
    %jmp T_21.256;
T_21.188 ;
    %pushi/vec4 101, 0, 8;
    %store/vec4 v00000149b1448520_0, 0, 8;
    %jmp T_21.256;
T_21.189 ;
    %pushi/vec4 122, 0, 8;
    %store/vec4 v00000149b1448520_0, 0, 8;
    %jmp T_21.256;
T_21.190 ;
    %pushi/vec4 174, 0, 8;
    %store/vec4 v00000149b1448520_0, 0, 8;
    %jmp T_21.256;
T_21.191 ;
    %pushi/vec4 8, 0, 8;
    %store/vec4 v00000149b1448520_0, 0, 8;
    %jmp T_21.256;
T_21.192 ;
    %pushi/vec4 186, 0, 8;
    %store/vec4 v00000149b1448520_0, 0, 8;
    %jmp T_21.256;
T_21.193 ;
    %pushi/vec4 120, 0, 8;
    %store/vec4 v00000149b1448520_0, 0, 8;
    %jmp T_21.256;
T_21.194 ;
    %pushi/vec4 37, 0, 8;
    %store/vec4 v00000149b1448520_0, 0, 8;
    %jmp T_21.256;
T_21.195 ;
    %pushi/vec4 46, 0, 8;
    %store/vec4 v00000149b1448520_0, 0, 8;
    %jmp T_21.256;
T_21.196 ;
    %pushi/vec4 28, 0, 8;
    %store/vec4 v00000149b1448520_0, 0, 8;
    %jmp T_21.256;
T_21.197 ;
    %pushi/vec4 166, 0, 8;
    %store/vec4 v00000149b1448520_0, 0, 8;
    %jmp T_21.256;
T_21.198 ;
    %pushi/vec4 180, 0, 8;
    %store/vec4 v00000149b1448520_0, 0, 8;
    %jmp T_21.256;
T_21.199 ;
    %pushi/vec4 198, 0, 8;
    %store/vec4 v00000149b1448520_0, 0, 8;
    %jmp T_21.256;
T_21.200 ;
    %pushi/vec4 232, 0, 8;
    %store/vec4 v00000149b1448520_0, 0, 8;
    %jmp T_21.256;
T_21.201 ;
    %pushi/vec4 221, 0, 8;
    %store/vec4 v00000149b1448520_0, 0, 8;
    %jmp T_21.256;
T_21.202 ;
    %pushi/vec4 116, 0, 8;
    %store/vec4 v00000149b1448520_0, 0, 8;
    %jmp T_21.256;
T_21.203 ;
    %pushi/vec4 31, 0, 8;
    %store/vec4 v00000149b1448520_0, 0, 8;
    %jmp T_21.256;
T_21.204 ;
    %pushi/vec4 75, 0, 8;
    %store/vec4 v00000149b1448520_0, 0, 8;
    %jmp T_21.256;
T_21.205 ;
    %pushi/vec4 189, 0, 8;
    %store/vec4 v00000149b1448520_0, 0, 8;
    %jmp T_21.256;
T_21.206 ;
    %pushi/vec4 139, 0, 8;
    %store/vec4 v00000149b1448520_0, 0, 8;
    %jmp T_21.256;
T_21.207 ;
    %pushi/vec4 138, 0, 8;
    %store/vec4 v00000149b1448520_0, 0, 8;
    %jmp T_21.256;
T_21.208 ;
    %pushi/vec4 112, 0, 8;
    %store/vec4 v00000149b1448520_0, 0, 8;
    %jmp T_21.256;
T_21.209 ;
    %pushi/vec4 62, 0, 8;
    %store/vec4 v00000149b1448520_0, 0, 8;
    %jmp T_21.256;
T_21.210 ;
    %pushi/vec4 181, 0, 8;
    %store/vec4 v00000149b1448520_0, 0, 8;
    %jmp T_21.256;
T_21.211 ;
    %pushi/vec4 102, 0, 8;
    %store/vec4 v00000149b1448520_0, 0, 8;
    %jmp T_21.256;
T_21.212 ;
    %pushi/vec4 72, 0, 8;
    %store/vec4 v00000149b1448520_0, 0, 8;
    %jmp T_21.256;
T_21.213 ;
    %pushi/vec4 3, 0, 8;
    %store/vec4 v00000149b1448520_0, 0, 8;
    %jmp T_21.256;
T_21.214 ;
    %pushi/vec4 246, 0, 8;
    %store/vec4 v00000149b1448520_0, 0, 8;
    %jmp T_21.256;
T_21.215 ;
    %pushi/vec4 14, 0, 8;
    %store/vec4 v00000149b1448520_0, 0, 8;
    %jmp T_21.256;
T_21.216 ;
    %pushi/vec4 97, 0, 8;
    %store/vec4 v00000149b1448520_0, 0, 8;
    %jmp T_21.256;
T_21.217 ;
    %pushi/vec4 53, 0, 8;
    %store/vec4 v00000149b1448520_0, 0, 8;
    %jmp T_21.256;
T_21.218 ;
    %pushi/vec4 87, 0, 8;
    %store/vec4 v00000149b1448520_0, 0, 8;
    %jmp T_21.256;
T_21.219 ;
    %pushi/vec4 185, 0, 8;
    %store/vec4 v00000149b1448520_0, 0, 8;
    %jmp T_21.256;
T_21.220 ;
    %pushi/vec4 134, 0, 8;
    %store/vec4 v00000149b1448520_0, 0, 8;
    %jmp T_21.256;
T_21.221 ;
    %pushi/vec4 193, 0, 8;
    %store/vec4 v00000149b1448520_0, 0, 8;
    %jmp T_21.256;
T_21.222 ;
    %pushi/vec4 29, 0, 8;
    %store/vec4 v00000149b1448520_0, 0, 8;
    %jmp T_21.256;
T_21.223 ;
    %pushi/vec4 158, 0, 8;
    %store/vec4 v00000149b1448520_0, 0, 8;
    %jmp T_21.256;
T_21.224 ;
    %pushi/vec4 225, 0, 8;
    %store/vec4 v00000149b1448520_0, 0, 8;
    %jmp T_21.256;
T_21.225 ;
    %pushi/vec4 248, 0, 8;
    %store/vec4 v00000149b1448520_0, 0, 8;
    %jmp T_21.256;
T_21.226 ;
    %pushi/vec4 152, 0, 8;
    %store/vec4 v00000149b1448520_0, 0, 8;
    %jmp T_21.256;
T_21.227 ;
    %pushi/vec4 17, 0, 8;
    %store/vec4 v00000149b1448520_0, 0, 8;
    %jmp T_21.256;
T_21.228 ;
    %pushi/vec4 105, 0, 8;
    %store/vec4 v00000149b1448520_0, 0, 8;
    %jmp T_21.256;
T_21.229 ;
    %pushi/vec4 217, 0, 8;
    %store/vec4 v00000149b1448520_0, 0, 8;
    %jmp T_21.256;
T_21.230 ;
    %pushi/vec4 142, 0, 8;
    %store/vec4 v00000149b1448520_0, 0, 8;
    %jmp T_21.256;
T_21.231 ;
    %pushi/vec4 148, 0, 8;
    %store/vec4 v00000149b1448520_0, 0, 8;
    %jmp T_21.256;
T_21.232 ;
    %pushi/vec4 155, 0, 8;
    %store/vec4 v00000149b1448520_0, 0, 8;
    %jmp T_21.256;
T_21.233 ;
    %pushi/vec4 30, 0, 8;
    %store/vec4 v00000149b1448520_0, 0, 8;
    %jmp T_21.256;
T_21.234 ;
    %pushi/vec4 135, 0, 8;
    %store/vec4 v00000149b1448520_0, 0, 8;
    %jmp T_21.256;
T_21.235 ;
    %pushi/vec4 233, 0, 8;
    %store/vec4 v00000149b1448520_0, 0, 8;
    %jmp T_21.256;
T_21.236 ;
    %pushi/vec4 206, 0, 8;
    %store/vec4 v00000149b1448520_0, 0, 8;
    %jmp T_21.256;
T_21.237 ;
    %pushi/vec4 85, 0, 8;
    %store/vec4 v00000149b1448520_0, 0, 8;
    %jmp T_21.256;
T_21.238 ;
    %pushi/vec4 40, 0, 8;
    %store/vec4 v00000149b1448520_0, 0, 8;
    %jmp T_21.256;
T_21.239 ;
    %pushi/vec4 223, 0, 8;
    %store/vec4 v00000149b1448520_0, 0, 8;
    %jmp T_21.256;
T_21.240 ;
    %pushi/vec4 140, 0, 8;
    %store/vec4 v00000149b1448520_0, 0, 8;
    %jmp T_21.256;
T_21.241 ;
    %pushi/vec4 161, 0, 8;
    %store/vec4 v00000149b1448520_0, 0, 8;
    %jmp T_21.256;
T_21.242 ;
    %pushi/vec4 137, 0, 8;
    %store/vec4 v00000149b1448520_0, 0, 8;
    %jmp T_21.256;
T_21.243 ;
    %pushi/vec4 13, 0, 8;
    %store/vec4 v00000149b1448520_0, 0, 8;
    %jmp T_21.256;
T_21.244 ;
    %pushi/vec4 191, 0, 8;
    %store/vec4 v00000149b1448520_0, 0, 8;
    %jmp T_21.256;
T_21.245 ;
    %pushi/vec4 230, 0, 8;
    %store/vec4 v00000149b1448520_0, 0, 8;
    %jmp T_21.256;
T_21.246 ;
    %pushi/vec4 66, 0, 8;
    %store/vec4 v00000149b1448520_0, 0, 8;
    %jmp T_21.256;
T_21.247 ;
    %pushi/vec4 104, 0, 8;
    %store/vec4 v00000149b1448520_0, 0, 8;
    %jmp T_21.256;
T_21.248 ;
    %pushi/vec4 65, 0, 8;
    %store/vec4 v00000149b1448520_0, 0, 8;
    %jmp T_21.256;
T_21.249 ;
    %pushi/vec4 153, 0, 8;
    %store/vec4 v00000149b1448520_0, 0, 8;
    %jmp T_21.256;
T_21.250 ;
    %pushi/vec4 45, 0, 8;
    %store/vec4 v00000149b1448520_0, 0, 8;
    %jmp T_21.256;
T_21.251 ;
    %pushi/vec4 15, 0, 8;
    %store/vec4 v00000149b1448520_0, 0, 8;
    %jmp T_21.256;
T_21.252 ;
    %pushi/vec4 176, 0, 8;
    %store/vec4 v00000149b1448520_0, 0, 8;
    %jmp T_21.256;
T_21.253 ;
    %pushi/vec4 84, 0, 8;
    %store/vec4 v00000149b1448520_0, 0, 8;
    %jmp T_21.256;
T_21.254 ;
    %pushi/vec4 187, 0, 8;
    %store/vec4 v00000149b1448520_0, 0, 8;
    %jmp T_21.256;
T_21.255 ;
    %pushi/vec4 22, 0, 8;
    %store/vec4 v00000149b1448520_0, 0, 8;
    %jmp T_21.256;
T_21.256 ;
    %pop/vec4 1;
    %jmp T_21;
    .thread T_21, $push;
    .scope S_00000149b144c5e0;
T_22 ;
    %wait E_00000149b1392540;
    %load/vec4 v00000149b14480c0_0;
    %dup/vec4;
    %pushi/vec4 0, 0, 8;
    %cmp/u;
    %jmp/1 T_22.0, 6;
    %dup/vec4;
    %pushi/vec4 1, 0, 8;
    %cmp/u;
    %jmp/1 T_22.1, 6;
    %dup/vec4;
    %pushi/vec4 2, 0, 8;
    %cmp/u;
    %jmp/1 T_22.2, 6;
    %dup/vec4;
    %pushi/vec4 3, 0, 8;
    %cmp/u;
    %jmp/1 T_22.3, 6;
    %dup/vec4;
    %pushi/vec4 4, 0, 8;
    %cmp/u;
    %jmp/1 T_22.4, 6;
    %dup/vec4;
    %pushi/vec4 5, 0, 8;
    %cmp/u;
    %jmp/1 T_22.5, 6;
    %dup/vec4;
    %pushi/vec4 6, 0, 8;
    %cmp/u;
    %jmp/1 T_22.6, 6;
    %dup/vec4;
    %pushi/vec4 7, 0, 8;
    %cmp/u;
    %jmp/1 T_22.7, 6;
    %dup/vec4;
    %pushi/vec4 8, 0, 8;
    %cmp/u;
    %jmp/1 T_22.8, 6;
    %dup/vec4;
    %pushi/vec4 9, 0, 8;
    %cmp/u;
    %jmp/1 T_22.9, 6;
    %dup/vec4;
    %pushi/vec4 10, 0, 8;
    %cmp/u;
    %jmp/1 T_22.10, 6;
    %dup/vec4;
    %pushi/vec4 11, 0, 8;
    %cmp/u;
    %jmp/1 T_22.11, 6;
    %dup/vec4;
    %pushi/vec4 12, 0, 8;
    %cmp/u;
    %jmp/1 T_22.12, 6;
    %dup/vec4;
    %pushi/vec4 13, 0, 8;
    %cmp/u;
    %jmp/1 T_22.13, 6;
    %dup/vec4;
    %pushi/vec4 14, 0, 8;
    %cmp/u;
    %jmp/1 T_22.14, 6;
    %dup/vec4;
    %pushi/vec4 15, 0, 8;
    %cmp/u;
    %jmp/1 T_22.15, 6;
    %dup/vec4;
    %pushi/vec4 16, 0, 8;
    %cmp/u;
    %jmp/1 T_22.16, 6;
    %dup/vec4;
    %pushi/vec4 17, 0, 8;
    %cmp/u;
    %jmp/1 T_22.17, 6;
    %dup/vec4;
    %pushi/vec4 18, 0, 8;
    %cmp/u;
    %jmp/1 T_22.18, 6;
    %dup/vec4;
    %pushi/vec4 19, 0, 8;
    %cmp/u;
    %jmp/1 T_22.19, 6;
    %dup/vec4;
    %pushi/vec4 20, 0, 8;
    %cmp/u;
    %jmp/1 T_22.20, 6;
    %dup/vec4;
    %pushi/vec4 21, 0, 8;
    %cmp/u;
    %jmp/1 T_22.21, 6;
    %dup/vec4;
    %pushi/vec4 22, 0, 8;
    %cmp/u;
    %jmp/1 T_22.22, 6;
    %dup/vec4;
    %pushi/vec4 23, 0, 8;
    %cmp/u;
    %jmp/1 T_22.23, 6;
    %dup/vec4;
    %pushi/vec4 24, 0, 8;
    %cmp/u;
    %jmp/1 T_22.24, 6;
    %dup/vec4;
    %pushi/vec4 25, 0, 8;
    %cmp/u;
    %jmp/1 T_22.25, 6;
    %dup/vec4;
    %pushi/vec4 26, 0, 8;
    %cmp/u;
    %jmp/1 T_22.26, 6;
    %dup/vec4;
    %pushi/vec4 27, 0, 8;
    %cmp/u;
    %jmp/1 T_22.27, 6;
    %dup/vec4;
    %pushi/vec4 28, 0, 8;
    %cmp/u;
    %jmp/1 T_22.28, 6;
    %dup/vec4;
    %pushi/vec4 29, 0, 8;
    %cmp/u;
    %jmp/1 T_22.29, 6;
    %dup/vec4;
    %pushi/vec4 30, 0, 8;
    %cmp/u;
    %jmp/1 T_22.30, 6;
    %dup/vec4;
    %pushi/vec4 31, 0, 8;
    %cmp/u;
    %jmp/1 T_22.31, 6;
    %dup/vec4;
    %pushi/vec4 32, 0, 8;
    %cmp/u;
    %jmp/1 T_22.32, 6;
    %dup/vec4;
    %pushi/vec4 33, 0, 8;
    %cmp/u;
    %jmp/1 T_22.33, 6;
    %dup/vec4;
    %pushi/vec4 34, 0, 8;
    %cmp/u;
    %jmp/1 T_22.34, 6;
    %dup/vec4;
    %pushi/vec4 35, 0, 8;
    %cmp/u;
    %jmp/1 T_22.35, 6;
    %dup/vec4;
    %pushi/vec4 36, 0, 8;
    %cmp/u;
    %jmp/1 T_22.36, 6;
    %dup/vec4;
    %pushi/vec4 37, 0, 8;
    %cmp/u;
    %jmp/1 T_22.37, 6;
    %dup/vec4;
    %pushi/vec4 38, 0, 8;
    %cmp/u;
    %jmp/1 T_22.38, 6;
    %dup/vec4;
    %pushi/vec4 39, 0, 8;
    %cmp/u;
    %jmp/1 T_22.39, 6;
    %dup/vec4;
    %pushi/vec4 40, 0, 8;
    %cmp/u;
    %jmp/1 T_22.40, 6;
    %dup/vec4;
    %pushi/vec4 41, 0, 8;
    %cmp/u;
    %jmp/1 T_22.41, 6;
    %dup/vec4;
    %pushi/vec4 42, 0, 8;
    %cmp/u;
    %jmp/1 T_22.42, 6;
    %dup/vec4;
    %pushi/vec4 43, 0, 8;
    %cmp/u;
    %jmp/1 T_22.43, 6;
    %dup/vec4;
    %pushi/vec4 44, 0, 8;
    %cmp/u;
    %jmp/1 T_22.44, 6;
    %dup/vec4;
    %pushi/vec4 45, 0, 8;
    %cmp/u;
    %jmp/1 T_22.45, 6;
    %dup/vec4;
    %pushi/vec4 46, 0, 8;
    %cmp/u;
    %jmp/1 T_22.46, 6;
    %dup/vec4;
    %pushi/vec4 47, 0, 8;
    %cmp/u;
    %jmp/1 T_22.47, 6;
    %dup/vec4;
    %pushi/vec4 48, 0, 8;
    %cmp/u;
    %jmp/1 T_22.48, 6;
    %dup/vec4;
    %pushi/vec4 49, 0, 8;
    %cmp/u;
    %jmp/1 T_22.49, 6;
    %dup/vec4;
    %pushi/vec4 50, 0, 8;
    %cmp/u;
    %jmp/1 T_22.50, 6;
    %dup/vec4;
    %pushi/vec4 51, 0, 8;
    %cmp/u;
    %jmp/1 T_22.51, 6;
    %dup/vec4;
    %pushi/vec4 52, 0, 8;
    %cmp/u;
    %jmp/1 T_22.52, 6;
    %dup/vec4;
    %pushi/vec4 53, 0, 8;
    %cmp/u;
    %jmp/1 T_22.53, 6;
    %dup/vec4;
    %pushi/vec4 54, 0, 8;
    %cmp/u;
    %jmp/1 T_22.54, 6;
    %dup/vec4;
    %pushi/vec4 55, 0, 8;
    %cmp/u;
    %jmp/1 T_22.55, 6;
    %dup/vec4;
    %pushi/vec4 56, 0, 8;
    %cmp/u;
    %jmp/1 T_22.56, 6;
    %dup/vec4;
    %pushi/vec4 57, 0, 8;
    %cmp/u;
    %jmp/1 T_22.57, 6;
    %dup/vec4;
    %pushi/vec4 58, 0, 8;
    %cmp/u;
    %jmp/1 T_22.58, 6;
    %dup/vec4;
    %pushi/vec4 59, 0, 8;
    %cmp/u;
    %jmp/1 T_22.59, 6;
    %dup/vec4;
    %pushi/vec4 60, 0, 8;
    %cmp/u;
    %jmp/1 T_22.60, 6;
    %dup/vec4;
    %pushi/vec4 61, 0, 8;
    %cmp/u;
    %jmp/1 T_22.61, 6;
    %dup/vec4;
    %pushi/vec4 62, 0, 8;
    %cmp/u;
    %jmp/1 T_22.62, 6;
    %dup/vec4;
    %pushi/vec4 63, 0, 8;
    %cmp/u;
    %jmp/1 T_22.63, 6;
    %dup/vec4;
    %pushi/vec4 64, 0, 8;
    %cmp/u;
    %jmp/1 T_22.64, 6;
    %dup/vec4;
    %pushi/vec4 65, 0, 8;
    %cmp/u;
    %jmp/1 T_22.65, 6;
    %dup/vec4;
    %pushi/vec4 66, 0, 8;
    %cmp/u;
    %jmp/1 T_22.66, 6;
    %dup/vec4;
    %pushi/vec4 67, 0, 8;
    %cmp/u;
    %jmp/1 T_22.67, 6;
    %dup/vec4;
    %pushi/vec4 68, 0, 8;
    %cmp/u;
    %jmp/1 T_22.68, 6;
    %dup/vec4;
    %pushi/vec4 69, 0, 8;
    %cmp/u;
    %jmp/1 T_22.69, 6;
    %dup/vec4;
    %pushi/vec4 70, 0, 8;
    %cmp/u;
    %jmp/1 T_22.70, 6;
    %dup/vec4;
    %pushi/vec4 71, 0, 8;
    %cmp/u;
    %jmp/1 T_22.71, 6;
    %dup/vec4;
    %pushi/vec4 72, 0, 8;
    %cmp/u;
    %jmp/1 T_22.72, 6;
    %dup/vec4;
    %pushi/vec4 73, 0, 8;
    %cmp/u;
    %jmp/1 T_22.73, 6;
    %dup/vec4;
    %pushi/vec4 74, 0, 8;
    %cmp/u;
    %jmp/1 T_22.74, 6;
    %dup/vec4;
    %pushi/vec4 75, 0, 8;
    %cmp/u;
    %jmp/1 T_22.75, 6;
    %dup/vec4;
    %pushi/vec4 76, 0, 8;
    %cmp/u;
    %jmp/1 T_22.76, 6;
    %dup/vec4;
    %pushi/vec4 77, 0, 8;
    %cmp/u;
    %jmp/1 T_22.77, 6;
    %dup/vec4;
    %pushi/vec4 78, 0, 8;
    %cmp/u;
    %jmp/1 T_22.78, 6;
    %dup/vec4;
    %pushi/vec4 79, 0, 8;
    %cmp/u;
    %jmp/1 T_22.79, 6;
    %dup/vec4;
    %pushi/vec4 80, 0, 8;
    %cmp/u;
    %jmp/1 T_22.80, 6;
    %dup/vec4;
    %pushi/vec4 81, 0, 8;
    %cmp/u;
    %jmp/1 T_22.81, 6;
    %dup/vec4;
    %pushi/vec4 82, 0, 8;
    %cmp/u;
    %jmp/1 T_22.82, 6;
    %dup/vec4;
    %pushi/vec4 83, 0, 8;
    %cmp/u;
    %jmp/1 T_22.83, 6;
    %dup/vec4;
    %pushi/vec4 84, 0, 8;
    %cmp/u;
    %jmp/1 T_22.84, 6;
    %dup/vec4;
    %pushi/vec4 85, 0, 8;
    %cmp/u;
    %jmp/1 T_22.85, 6;
    %dup/vec4;
    %pushi/vec4 86, 0, 8;
    %cmp/u;
    %jmp/1 T_22.86, 6;
    %dup/vec4;
    %pushi/vec4 87, 0, 8;
    %cmp/u;
    %jmp/1 T_22.87, 6;
    %dup/vec4;
    %pushi/vec4 88, 0, 8;
    %cmp/u;
    %jmp/1 T_22.88, 6;
    %dup/vec4;
    %pushi/vec4 89, 0, 8;
    %cmp/u;
    %jmp/1 T_22.89, 6;
    %dup/vec4;
    %pushi/vec4 90, 0, 8;
    %cmp/u;
    %jmp/1 T_22.90, 6;
    %dup/vec4;
    %pushi/vec4 91, 0, 8;
    %cmp/u;
    %jmp/1 T_22.91, 6;
    %dup/vec4;
    %pushi/vec4 92, 0, 8;
    %cmp/u;
    %jmp/1 T_22.92, 6;
    %dup/vec4;
    %pushi/vec4 93, 0, 8;
    %cmp/u;
    %jmp/1 T_22.93, 6;
    %dup/vec4;
    %pushi/vec4 94, 0, 8;
    %cmp/u;
    %jmp/1 T_22.94, 6;
    %dup/vec4;
    %pushi/vec4 95, 0, 8;
    %cmp/u;
    %jmp/1 T_22.95, 6;
    %dup/vec4;
    %pushi/vec4 96, 0, 8;
    %cmp/u;
    %jmp/1 T_22.96, 6;
    %dup/vec4;
    %pushi/vec4 97, 0, 8;
    %cmp/u;
    %jmp/1 T_22.97, 6;
    %dup/vec4;
    %pushi/vec4 98, 0, 8;
    %cmp/u;
    %jmp/1 T_22.98, 6;
    %dup/vec4;
    %pushi/vec4 99, 0, 8;
    %cmp/u;
    %jmp/1 T_22.99, 6;
    %dup/vec4;
    %pushi/vec4 100, 0, 8;
    %cmp/u;
    %jmp/1 T_22.100, 6;
    %dup/vec4;
    %pushi/vec4 101, 0, 8;
    %cmp/u;
    %jmp/1 T_22.101, 6;
    %dup/vec4;
    %pushi/vec4 102, 0, 8;
    %cmp/u;
    %jmp/1 T_22.102, 6;
    %dup/vec4;
    %pushi/vec4 103, 0, 8;
    %cmp/u;
    %jmp/1 T_22.103, 6;
    %dup/vec4;
    %pushi/vec4 104, 0, 8;
    %cmp/u;
    %jmp/1 T_22.104, 6;
    %dup/vec4;
    %pushi/vec4 105, 0, 8;
    %cmp/u;
    %jmp/1 T_22.105, 6;
    %dup/vec4;
    %pushi/vec4 106, 0, 8;
    %cmp/u;
    %jmp/1 T_22.106, 6;
    %dup/vec4;
    %pushi/vec4 107, 0, 8;
    %cmp/u;
    %jmp/1 T_22.107, 6;
    %dup/vec4;
    %pushi/vec4 108, 0, 8;
    %cmp/u;
    %jmp/1 T_22.108, 6;
    %dup/vec4;
    %pushi/vec4 109, 0, 8;
    %cmp/u;
    %jmp/1 T_22.109, 6;
    %dup/vec4;
    %pushi/vec4 110, 0, 8;
    %cmp/u;
    %jmp/1 T_22.110, 6;
    %dup/vec4;
    %pushi/vec4 111, 0, 8;
    %cmp/u;
    %jmp/1 T_22.111, 6;
    %dup/vec4;
    %pushi/vec4 112, 0, 8;
    %cmp/u;
    %jmp/1 T_22.112, 6;
    %dup/vec4;
    %pushi/vec4 113, 0, 8;
    %cmp/u;
    %jmp/1 T_22.113, 6;
    %dup/vec4;
    %pushi/vec4 114, 0, 8;
    %cmp/u;
    %jmp/1 T_22.114, 6;
    %dup/vec4;
    %pushi/vec4 115, 0, 8;
    %cmp/u;
    %jmp/1 T_22.115, 6;
    %dup/vec4;
    %pushi/vec4 116, 0, 8;
    %cmp/u;
    %jmp/1 T_22.116, 6;
    %dup/vec4;
    %pushi/vec4 117, 0, 8;
    %cmp/u;
    %jmp/1 T_22.117, 6;
    %dup/vec4;
    %pushi/vec4 118, 0, 8;
    %cmp/u;
    %jmp/1 T_22.118, 6;
    %dup/vec4;
    %pushi/vec4 119, 0, 8;
    %cmp/u;
    %jmp/1 T_22.119, 6;
    %dup/vec4;
    %pushi/vec4 120, 0, 8;
    %cmp/u;
    %jmp/1 T_22.120, 6;
    %dup/vec4;
    %pushi/vec4 121, 0, 8;
    %cmp/u;
    %jmp/1 T_22.121, 6;
    %dup/vec4;
    %pushi/vec4 122, 0, 8;
    %cmp/u;
    %jmp/1 T_22.122, 6;
    %dup/vec4;
    %pushi/vec4 123, 0, 8;
    %cmp/u;
    %jmp/1 T_22.123, 6;
    %dup/vec4;
    %pushi/vec4 124, 0, 8;
    %cmp/u;
    %jmp/1 T_22.124, 6;
    %dup/vec4;
    %pushi/vec4 125, 0, 8;
    %cmp/u;
    %jmp/1 T_22.125, 6;
    %dup/vec4;
    %pushi/vec4 126, 0, 8;
    %cmp/u;
    %jmp/1 T_22.126, 6;
    %dup/vec4;
    %pushi/vec4 127, 0, 8;
    %cmp/u;
    %jmp/1 T_22.127, 6;
    %dup/vec4;
    %pushi/vec4 128, 0, 8;
    %cmp/u;
    %jmp/1 T_22.128, 6;
    %dup/vec4;
    %pushi/vec4 129, 0, 8;
    %cmp/u;
    %jmp/1 T_22.129, 6;
    %dup/vec4;
    %pushi/vec4 130, 0, 8;
    %cmp/u;
    %jmp/1 T_22.130, 6;
    %dup/vec4;
    %pushi/vec4 131, 0, 8;
    %cmp/u;
    %jmp/1 T_22.131, 6;
    %dup/vec4;
    %pushi/vec4 132, 0, 8;
    %cmp/u;
    %jmp/1 T_22.132, 6;
    %dup/vec4;
    %pushi/vec4 133, 0, 8;
    %cmp/u;
    %jmp/1 T_22.133, 6;
    %dup/vec4;
    %pushi/vec4 134, 0, 8;
    %cmp/u;
    %jmp/1 T_22.134, 6;
    %dup/vec4;
    %pushi/vec4 135, 0, 8;
    %cmp/u;
    %jmp/1 T_22.135, 6;
    %dup/vec4;
    %pushi/vec4 136, 0, 8;
    %cmp/u;
    %jmp/1 T_22.136, 6;
    %dup/vec4;
    %pushi/vec4 137, 0, 8;
    %cmp/u;
    %jmp/1 T_22.137, 6;
    %dup/vec4;
    %pushi/vec4 138, 0, 8;
    %cmp/u;
    %jmp/1 T_22.138, 6;
    %dup/vec4;
    %pushi/vec4 139, 0, 8;
    %cmp/u;
    %jmp/1 T_22.139, 6;
    %dup/vec4;
    %pushi/vec4 140, 0, 8;
    %cmp/u;
    %jmp/1 T_22.140, 6;
    %dup/vec4;
    %pushi/vec4 141, 0, 8;
    %cmp/u;
    %jmp/1 T_22.141, 6;
    %dup/vec4;
    %pushi/vec4 142, 0, 8;
    %cmp/u;
    %jmp/1 T_22.142, 6;
    %dup/vec4;
    %pushi/vec4 143, 0, 8;
    %cmp/u;
    %jmp/1 T_22.143, 6;
    %dup/vec4;
    %pushi/vec4 144, 0, 8;
    %cmp/u;
    %jmp/1 T_22.144, 6;
    %dup/vec4;
    %pushi/vec4 145, 0, 8;
    %cmp/u;
    %jmp/1 T_22.145, 6;
    %dup/vec4;
    %pushi/vec4 146, 0, 8;
    %cmp/u;
    %jmp/1 T_22.146, 6;
    %dup/vec4;
    %pushi/vec4 147, 0, 8;
    %cmp/u;
    %jmp/1 T_22.147, 6;
    %dup/vec4;
    %pushi/vec4 148, 0, 8;
    %cmp/u;
    %jmp/1 T_22.148, 6;
    %dup/vec4;
    %pushi/vec4 149, 0, 8;
    %cmp/u;
    %jmp/1 T_22.149, 6;
    %dup/vec4;
    %pushi/vec4 150, 0, 8;
    %cmp/u;
    %jmp/1 T_22.150, 6;
    %dup/vec4;
    %pushi/vec4 151, 0, 8;
    %cmp/u;
    %jmp/1 T_22.151, 6;
    %dup/vec4;
    %pushi/vec4 152, 0, 8;
    %cmp/u;
    %jmp/1 T_22.152, 6;
    %dup/vec4;
    %pushi/vec4 153, 0, 8;
    %cmp/u;
    %jmp/1 T_22.153, 6;
    %dup/vec4;
    %pushi/vec4 154, 0, 8;
    %cmp/u;
    %jmp/1 T_22.154, 6;
    %dup/vec4;
    %pushi/vec4 155, 0, 8;
    %cmp/u;
    %jmp/1 T_22.155, 6;
    %dup/vec4;
    %pushi/vec4 156, 0, 8;
    %cmp/u;
    %jmp/1 T_22.156, 6;
    %dup/vec4;
    %pushi/vec4 157, 0, 8;
    %cmp/u;
    %jmp/1 T_22.157, 6;
    %dup/vec4;
    %pushi/vec4 158, 0, 8;
    %cmp/u;
    %jmp/1 T_22.158, 6;
    %dup/vec4;
    %pushi/vec4 159, 0, 8;
    %cmp/u;
    %jmp/1 T_22.159, 6;
    %dup/vec4;
    %pushi/vec4 160, 0, 8;
    %cmp/u;
    %jmp/1 T_22.160, 6;
    %dup/vec4;
    %pushi/vec4 161, 0, 8;
    %cmp/u;
    %jmp/1 T_22.161, 6;
    %dup/vec4;
    %pushi/vec4 162, 0, 8;
    %cmp/u;
    %jmp/1 T_22.162, 6;
    %dup/vec4;
    %pushi/vec4 163, 0, 8;
    %cmp/u;
    %jmp/1 T_22.163, 6;
    %dup/vec4;
    %pushi/vec4 164, 0, 8;
    %cmp/u;
    %jmp/1 T_22.164, 6;
    %dup/vec4;
    %pushi/vec4 165, 0, 8;
    %cmp/u;
    %jmp/1 T_22.165, 6;
    %dup/vec4;
    %pushi/vec4 166, 0, 8;
    %cmp/u;
    %jmp/1 T_22.166, 6;
    %dup/vec4;
    %pushi/vec4 167, 0, 8;
    %cmp/u;
    %jmp/1 T_22.167, 6;
    %dup/vec4;
    %pushi/vec4 168, 0, 8;
    %cmp/u;
    %jmp/1 T_22.168, 6;
    %dup/vec4;
    %pushi/vec4 169, 0, 8;
    %cmp/u;
    %jmp/1 T_22.169, 6;
    %dup/vec4;
    %pushi/vec4 170, 0, 8;
    %cmp/u;
    %jmp/1 T_22.170, 6;
    %dup/vec4;
    %pushi/vec4 171, 0, 8;
    %cmp/u;
    %jmp/1 T_22.171, 6;
    %dup/vec4;
    %pushi/vec4 172, 0, 8;
    %cmp/u;
    %jmp/1 T_22.172, 6;
    %dup/vec4;
    %pushi/vec4 173, 0, 8;
    %cmp/u;
    %jmp/1 T_22.173, 6;
    %dup/vec4;
    %pushi/vec4 174, 0, 8;
    %cmp/u;
    %jmp/1 T_22.174, 6;
    %dup/vec4;
    %pushi/vec4 175, 0, 8;
    %cmp/u;
    %jmp/1 T_22.175, 6;
    %dup/vec4;
    %pushi/vec4 176, 0, 8;
    %cmp/u;
    %jmp/1 T_22.176, 6;
    %dup/vec4;
    %pushi/vec4 177, 0, 8;
    %cmp/u;
    %jmp/1 T_22.177, 6;
    %dup/vec4;
    %pushi/vec4 178, 0, 8;
    %cmp/u;
    %jmp/1 T_22.178, 6;
    %dup/vec4;
    %pushi/vec4 179, 0, 8;
    %cmp/u;
    %jmp/1 T_22.179, 6;
    %dup/vec4;
    %pushi/vec4 180, 0, 8;
    %cmp/u;
    %jmp/1 T_22.180, 6;
    %dup/vec4;
    %pushi/vec4 181, 0, 8;
    %cmp/u;
    %jmp/1 T_22.181, 6;
    %dup/vec4;
    %pushi/vec4 182, 0, 8;
    %cmp/u;
    %jmp/1 T_22.182, 6;
    %dup/vec4;
    %pushi/vec4 183, 0, 8;
    %cmp/u;
    %jmp/1 T_22.183, 6;
    %dup/vec4;
    %pushi/vec4 184, 0, 8;
    %cmp/u;
    %jmp/1 T_22.184, 6;
    %dup/vec4;
    %pushi/vec4 185, 0, 8;
    %cmp/u;
    %jmp/1 T_22.185, 6;
    %dup/vec4;
    %pushi/vec4 186, 0, 8;
    %cmp/u;
    %jmp/1 T_22.186, 6;
    %dup/vec4;
    %pushi/vec4 187, 0, 8;
    %cmp/u;
    %jmp/1 T_22.187, 6;
    %dup/vec4;
    %pushi/vec4 188, 0, 8;
    %cmp/u;
    %jmp/1 T_22.188, 6;
    %dup/vec4;
    %pushi/vec4 189, 0, 8;
    %cmp/u;
    %jmp/1 T_22.189, 6;
    %dup/vec4;
    %pushi/vec4 190, 0, 8;
    %cmp/u;
    %jmp/1 T_22.190, 6;
    %dup/vec4;
    %pushi/vec4 191, 0, 8;
    %cmp/u;
    %jmp/1 T_22.191, 6;
    %dup/vec4;
    %pushi/vec4 192, 0, 8;
    %cmp/u;
    %jmp/1 T_22.192, 6;
    %dup/vec4;
    %pushi/vec4 193, 0, 8;
    %cmp/u;
    %jmp/1 T_22.193, 6;
    %dup/vec4;
    %pushi/vec4 194, 0, 8;
    %cmp/u;
    %jmp/1 T_22.194, 6;
    %dup/vec4;
    %pushi/vec4 195, 0, 8;
    %cmp/u;
    %jmp/1 T_22.195, 6;
    %dup/vec4;
    %pushi/vec4 196, 0, 8;
    %cmp/u;
    %jmp/1 T_22.196, 6;
    %dup/vec4;
    %pushi/vec4 197, 0, 8;
    %cmp/u;
    %jmp/1 T_22.197, 6;
    %dup/vec4;
    %pushi/vec4 198, 0, 8;
    %cmp/u;
    %jmp/1 T_22.198, 6;
    %dup/vec4;
    %pushi/vec4 199, 0, 8;
    %cmp/u;
    %jmp/1 T_22.199, 6;
    %dup/vec4;
    %pushi/vec4 200, 0, 8;
    %cmp/u;
    %jmp/1 T_22.200, 6;
    %dup/vec4;
    %pushi/vec4 201, 0, 8;
    %cmp/u;
    %jmp/1 T_22.201, 6;
    %dup/vec4;
    %pushi/vec4 202, 0, 8;
    %cmp/u;
    %jmp/1 T_22.202, 6;
    %dup/vec4;
    %pushi/vec4 203, 0, 8;
    %cmp/u;
    %jmp/1 T_22.203, 6;
    %dup/vec4;
    %pushi/vec4 204, 0, 8;
    %cmp/u;
    %jmp/1 T_22.204, 6;
    %dup/vec4;
    %pushi/vec4 205, 0, 8;
    %cmp/u;
    %jmp/1 T_22.205, 6;
    %dup/vec4;
    %pushi/vec4 206, 0, 8;
    %cmp/u;
    %jmp/1 T_22.206, 6;
    %dup/vec4;
    %pushi/vec4 207, 0, 8;
    %cmp/u;
    %jmp/1 T_22.207, 6;
    %dup/vec4;
    %pushi/vec4 208, 0, 8;
    %cmp/u;
    %jmp/1 T_22.208, 6;
    %dup/vec4;
    %pushi/vec4 209, 0, 8;
    %cmp/u;
    %jmp/1 T_22.209, 6;
    %dup/vec4;
    %pushi/vec4 210, 0, 8;
    %cmp/u;
    %jmp/1 T_22.210, 6;
    %dup/vec4;
    %pushi/vec4 211, 0, 8;
    %cmp/u;
    %jmp/1 T_22.211, 6;
    %dup/vec4;
    %pushi/vec4 212, 0, 8;
    %cmp/u;
    %jmp/1 T_22.212, 6;
    %dup/vec4;
    %pushi/vec4 213, 0, 8;
    %cmp/u;
    %jmp/1 T_22.213, 6;
    %dup/vec4;
    %pushi/vec4 214, 0, 8;
    %cmp/u;
    %jmp/1 T_22.214, 6;
    %dup/vec4;
    %pushi/vec4 215, 0, 8;
    %cmp/u;
    %jmp/1 T_22.215, 6;
    %dup/vec4;
    %pushi/vec4 216, 0, 8;
    %cmp/u;
    %jmp/1 T_22.216, 6;
    %dup/vec4;
    %pushi/vec4 217, 0, 8;
    %cmp/u;
    %jmp/1 T_22.217, 6;
    %dup/vec4;
    %pushi/vec4 218, 0, 8;
    %cmp/u;
    %jmp/1 T_22.218, 6;
    %dup/vec4;
    %pushi/vec4 219, 0, 8;
    %cmp/u;
    %jmp/1 T_22.219, 6;
    %dup/vec4;
    %pushi/vec4 220, 0, 8;
    %cmp/u;
    %jmp/1 T_22.220, 6;
    %dup/vec4;
    %pushi/vec4 221, 0, 8;
    %cmp/u;
    %jmp/1 T_22.221, 6;
    %dup/vec4;
    %pushi/vec4 222, 0, 8;
    %cmp/u;
    %jmp/1 T_22.222, 6;
    %dup/vec4;
    %pushi/vec4 223, 0, 8;
    %cmp/u;
    %jmp/1 T_22.223, 6;
    %dup/vec4;
    %pushi/vec4 224, 0, 8;
    %cmp/u;
    %jmp/1 T_22.224, 6;
    %dup/vec4;
    %pushi/vec4 225, 0, 8;
    %cmp/u;
    %jmp/1 T_22.225, 6;
    %dup/vec4;
    %pushi/vec4 226, 0, 8;
    %cmp/u;
    %jmp/1 T_22.226, 6;
    %dup/vec4;
    %pushi/vec4 227, 0, 8;
    %cmp/u;
    %jmp/1 T_22.227, 6;
    %dup/vec4;
    %pushi/vec4 228, 0, 8;
    %cmp/u;
    %jmp/1 T_22.228, 6;
    %dup/vec4;
    %pushi/vec4 229, 0, 8;
    %cmp/u;
    %jmp/1 T_22.229, 6;
    %dup/vec4;
    %pushi/vec4 230, 0, 8;
    %cmp/u;
    %jmp/1 T_22.230, 6;
    %dup/vec4;
    %pushi/vec4 231, 0, 8;
    %cmp/u;
    %jmp/1 T_22.231, 6;
    %dup/vec4;
    %pushi/vec4 232, 0, 8;
    %cmp/u;
    %jmp/1 T_22.232, 6;
    %dup/vec4;
    %pushi/vec4 233, 0, 8;
    %cmp/u;
    %jmp/1 T_22.233, 6;
    %dup/vec4;
    %pushi/vec4 234, 0, 8;
    %cmp/u;
    %jmp/1 T_22.234, 6;
    %dup/vec4;
    %pushi/vec4 235, 0, 8;
    %cmp/u;
    %jmp/1 T_22.235, 6;
    %dup/vec4;
    %pushi/vec4 236, 0, 8;
    %cmp/u;
    %jmp/1 T_22.236, 6;
    %dup/vec4;
    %pushi/vec4 237, 0, 8;
    %cmp/u;
    %jmp/1 T_22.237, 6;
    %dup/vec4;
    %pushi/vec4 238, 0, 8;
    %cmp/u;
    %jmp/1 T_22.238, 6;
    %dup/vec4;
    %pushi/vec4 239, 0, 8;
    %cmp/u;
    %jmp/1 T_22.239, 6;
    %dup/vec4;
    %pushi/vec4 240, 0, 8;
    %cmp/u;
    %jmp/1 T_22.240, 6;
    %dup/vec4;
    %pushi/vec4 241, 0, 8;
    %cmp/u;
    %jmp/1 T_22.241, 6;
    %dup/vec4;
    %pushi/vec4 242, 0, 8;
    %cmp/u;
    %jmp/1 T_22.242, 6;
    %dup/vec4;
    %pushi/vec4 243, 0, 8;
    %cmp/u;
    %jmp/1 T_22.243, 6;
    %dup/vec4;
    %pushi/vec4 244, 0, 8;
    %cmp/u;
    %jmp/1 T_22.244, 6;
    %dup/vec4;
    %pushi/vec4 245, 0, 8;
    %cmp/u;
    %jmp/1 T_22.245, 6;
    %dup/vec4;
    %pushi/vec4 246, 0, 8;
    %cmp/u;
    %jmp/1 T_22.246, 6;
    %dup/vec4;
    %pushi/vec4 247, 0, 8;
    %cmp/u;
    %jmp/1 T_22.247, 6;
    %dup/vec4;
    %pushi/vec4 248, 0, 8;
    %cmp/u;
    %jmp/1 T_22.248, 6;
    %dup/vec4;
    %pushi/vec4 249, 0, 8;
    %cmp/u;
    %jmp/1 T_22.249, 6;
    %dup/vec4;
    %pushi/vec4 250, 0, 8;
    %cmp/u;
    %jmp/1 T_22.250, 6;
    %dup/vec4;
    %pushi/vec4 251, 0, 8;
    %cmp/u;
    %jmp/1 T_22.251, 6;
    %dup/vec4;
    %pushi/vec4 252, 0, 8;
    %cmp/u;
    %jmp/1 T_22.252, 6;
    %dup/vec4;
    %pushi/vec4 253, 0, 8;
    %cmp/u;
    %jmp/1 T_22.253, 6;
    %dup/vec4;
    %pushi/vec4 254, 0, 8;
    %cmp/u;
    %jmp/1 T_22.254, 6;
    %dup/vec4;
    %pushi/vec4 255, 0, 8;
    %cmp/u;
    %jmp/1 T_22.255, 6;
    %jmp T_22.256;
T_22.0 ;
    %pushi/vec4 99, 0, 8;
    %store/vec4 v00000149b1447760_0, 0, 8;
    %jmp T_22.256;
T_22.1 ;
    %pushi/vec4 124, 0, 8;
    %store/vec4 v00000149b1447760_0, 0, 8;
    %jmp T_22.256;
T_22.2 ;
    %pushi/vec4 119, 0, 8;
    %store/vec4 v00000149b1447760_0, 0, 8;
    %jmp T_22.256;
T_22.3 ;
    %pushi/vec4 123, 0, 8;
    %store/vec4 v00000149b1447760_0, 0, 8;
    %jmp T_22.256;
T_22.4 ;
    %pushi/vec4 242, 0, 8;
    %store/vec4 v00000149b1447760_0, 0, 8;
    %jmp T_22.256;
T_22.5 ;
    %pushi/vec4 107, 0, 8;
    %store/vec4 v00000149b1447760_0, 0, 8;
    %jmp T_22.256;
T_22.6 ;
    %pushi/vec4 111, 0, 8;
    %store/vec4 v00000149b1447760_0, 0, 8;
    %jmp T_22.256;
T_22.7 ;
    %pushi/vec4 197, 0, 8;
    %store/vec4 v00000149b1447760_0, 0, 8;
    %jmp T_22.256;
T_22.8 ;
    %pushi/vec4 48, 0, 8;
    %store/vec4 v00000149b1447760_0, 0, 8;
    %jmp T_22.256;
T_22.9 ;
    %pushi/vec4 1, 0, 8;
    %store/vec4 v00000149b1447760_0, 0, 8;
    %jmp T_22.256;
T_22.10 ;
    %pushi/vec4 103, 0, 8;
    %store/vec4 v00000149b1447760_0, 0, 8;
    %jmp T_22.256;
T_22.11 ;
    %pushi/vec4 43, 0, 8;
    %store/vec4 v00000149b1447760_0, 0, 8;
    %jmp T_22.256;
T_22.12 ;
    %pushi/vec4 254, 0, 8;
    %store/vec4 v00000149b1447760_0, 0, 8;
    %jmp T_22.256;
T_22.13 ;
    %pushi/vec4 215, 0, 8;
    %store/vec4 v00000149b1447760_0, 0, 8;
    %jmp T_22.256;
T_22.14 ;
    %pushi/vec4 171, 0, 8;
    %store/vec4 v00000149b1447760_0, 0, 8;
    %jmp T_22.256;
T_22.15 ;
    %pushi/vec4 118, 0, 8;
    %store/vec4 v00000149b1447760_0, 0, 8;
    %jmp T_22.256;
T_22.16 ;
    %pushi/vec4 202, 0, 8;
    %store/vec4 v00000149b1447760_0, 0, 8;
    %jmp T_22.256;
T_22.17 ;
    %pushi/vec4 130, 0, 8;
    %store/vec4 v00000149b1447760_0, 0, 8;
    %jmp T_22.256;
T_22.18 ;
    %pushi/vec4 201, 0, 8;
    %store/vec4 v00000149b1447760_0, 0, 8;
    %jmp T_22.256;
T_22.19 ;
    %pushi/vec4 125, 0, 8;
    %store/vec4 v00000149b1447760_0, 0, 8;
    %jmp T_22.256;
T_22.20 ;
    %pushi/vec4 250, 0, 8;
    %store/vec4 v00000149b1447760_0, 0, 8;
    %jmp T_22.256;
T_22.21 ;
    %pushi/vec4 89, 0, 8;
    %store/vec4 v00000149b1447760_0, 0, 8;
    %jmp T_22.256;
T_22.22 ;
    %pushi/vec4 71, 0, 8;
    %store/vec4 v00000149b1447760_0, 0, 8;
    %jmp T_22.256;
T_22.23 ;
    %pushi/vec4 240, 0, 8;
    %store/vec4 v00000149b1447760_0, 0, 8;
    %jmp T_22.256;
T_22.24 ;
    %pushi/vec4 173, 0, 8;
    %store/vec4 v00000149b1447760_0, 0, 8;
    %jmp T_22.256;
T_22.25 ;
    %pushi/vec4 212, 0, 8;
    %store/vec4 v00000149b1447760_0, 0, 8;
    %jmp T_22.256;
T_22.26 ;
    %pushi/vec4 162, 0, 8;
    %store/vec4 v00000149b1447760_0, 0, 8;
    %jmp T_22.256;
T_22.27 ;
    %pushi/vec4 175, 0, 8;
    %store/vec4 v00000149b1447760_0, 0, 8;
    %jmp T_22.256;
T_22.28 ;
    %pushi/vec4 156, 0, 8;
    %store/vec4 v00000149b1447760_0, 0, 8;
    %jmp T_22.256;
T_22.29 ;
    %pushi/vec4 164, 0, 8;
    %store/vec4 v00000149b1447760_0, 0, 8;
    %jmp T_22.256;
T_22.30 ;
    %pushi/vec4 114, 0, 8;
    %store/vec4 v00000149b1447760_0, 0, 8;
    %jmp T_22.256;
T_22.31 ;
    %pushi/vec4 192, 0, 8;
    %store/vec4 v00000149b1447760_0, 0, 8;
    %jmp T_22.256;
T_22.32 ;
    %pushi/vec4 183, 0, 8;
    %store/vec4 v00000149b1447760_0, 0, 8;
    %jmp T_22.256;
T_22.33 ;
    %pushi/vec4 253, 0, 8;
    %store/vec4 v00000149b1447760_0, 0, 8;
    %jmp T_22.256;
T_22.34 ;
    %pushi/vec4 147, 0, 8;
    %store/vec4 v00000149b1447760_0, 0, 8;
    %jmp T_22.256;
T_22.35 ;
    %pushi/vec4 38, 0, 8;
    %store/vec4 v00000149b1447760_0, 0, 8;
    %jmp T_22.256;
T_22.36 ;
    %pushi/vec4 54, 0, 8;
    %store/vec4 v00000149b1447760_0, 0, 8;
    %jmp T_22.256;
T_22.37 ;
    %pushi/vec4 63, 0, 8;
    %store/vec4 v00000149b1447760_0, 0, 8;
    %jmp T_22.256;
T_22.38 ;
    %pushi/vec4 247, 0, 8;
    %store/vec4 v00000149b1447760_0, 0, 8;
    %jmp T_22.256;
T_22.39 ;
    %pushi/vec4 204, 0, 8;
    %store/vec4 v00000149b1447760_0, 0, 8;
    %jmp T_22.256;
T_22.40 ;
    %pushi/vec4 52, 0, 8;
    %store/vec4 v00000149b1447760_0, 0, 8;
    %jmp T_22.256;
T_22.41 ;
    %pushi/vec4 165, 0, 8;
    %store/vec4 v00000149b1447760_0, 0, 8;
    %jmp T_22.256;
T_22.42 ;
    %pushi/vec4 229, 0, 8;
    %store/vec4 v00000149b1447760_0, 0, 8;
    %jmp T_22.256;
T_22.43 ;
    %pushi/vec4 241, 0, 8;
    %store/vec4 v00000149b1447760_0, 0, 8;
    %jmp T_22.256;
T_22.44 ;
    %pushi/vec4 113, 0, 8;
    %store/vec4 v00000149b1447760_0, 0, 8;
    %jmp T_22.256;
T_22.45 ;
    %pushi/vec4 216, 0, 8;
    %store/vec4 v00000149b1447760_0, 0, 8;
    %jmp T_22.256;
T_22.46 ;
    %pushi/vec4 49, 0, 8;
    %store/vec4 v00000149b1447760_0, 0, 8;
    %jmp T_22.256;
T_22.47 ;
    %pushi/vec4 21, 0, 8;
    %store/vec4 v00000149b1447760_0, 0, 8;
    %jmp T_22.256;
T_22.48 ;
    %pushi/vec4 4, 0, 8;
    %store/vec4 v00000149b1447760_0, 0, 8;
    %jmp T_22.256;
T_22.49 ;
    %pushi/vec4 199, 0, 8;
    %store/vec4 v00000149b1447760_0, 0, 8;
    %jmp T_22.256;
T_22.50 ;
    %pushi/vec4 35, 0, 8;
    %store/vec4 v00000149b1447760_0, 0, 8;
    %jmp T_22.256;
T_22.51 ;
    %pushi/vec4 195, 0, 8;
    %store/vec4 v00000149b1447760_0, 0, 8;
    %jmp T_22.256;
T_22.52 ;
    %pushi/vec4 24, 0, 8;
    %store/vec4 v00000149b1447760_0, 0, 8;
    %jmp T_22.256;
T_22.53 ;
    %pushi/vec4 150, 0, 8;
    %store/vec4 v00000149b1447760_0, 0, 8;
    %jmp T_22.256;
T_22.54 ;
    %pushi/vec4 5, 0, 8;
    %store/vec4 v00000149b1447760_0, 0, 8;
    %jmp T_22.256;
T_22.55 ;
    %pushi/vec4 154, 0, 8;
    %store/vec4 v00000149b1447760_0, 0, 8;
    %jmp T_22.256;
T_22.56 ;
    %pushi/vec4 7, 0, 8;
    %store/vec4 v00000149b1447760_0, 0, 8;
    %jmp T_22.256;
T_22.57 ;
    %pushi/vec4 18, 0, 8;
    %store/vec4 v00000149b1447760_0, 0, 8;
    %jmp T_22.256;
T_22.58 ;
    %pushi/vec4 128, 0, 8;
    %store/vec4 v00000149b1447760_0, 0, 8;
    %jmp T_22.256;
T_22.59 ;
    %pushi/vec4 226, 0, 8;
    %store/vec4 v00000149b1447760_0, 0, 8;
    %jmp T_22.256;
T_22.60 ;
    %pushi/vec4 235, 0, 8;
    %store/vec4 v00000149b1447760_0, 0, 8;
    %jmp T_22.256;
T_22.61 ;
    %pushi/vec4 39, 0, 8;
    %store/vec4 v00000149b1447760_0, 0, 8;
    %jmp T_22.256;
T_22.62 ;
    %pushi/vec4 178, 0, 8;
    %store/vec4 v00000149b1447760_0, 0, 8;
    %jmp T_22.256;
T_22.63 ;
    %pushi/vec4 117, 0, 8;
    %store/vec4 v00000149b1447760_0, 0, 8;
    %jmp T_22.256;
T_22.64 ;
    %pushi/vec4 9, 0, 8;
    %store/vec4 v00000149b1447760_0, 0, 8;
    %jmp T_22.256;
T_22.65 ;
    %pushi/vec4 131, 0, 8;
    %store/vec4 v00000149b1447760_0, 0, 8;
    %jmp T_22.256;
T_22.66 ;
    %pushi/vec4 44, 0, 8;
    %store/vec4 v00000149b1447760_0, 0, 8;
    %jmp T_22.256;
T_22.67 ;
    %pushi/vec4 26, 0, 8;
    %store/vec4 v00000149b1447760_0, 0, 8;
    %jmp T_22.256;
T_22.68 ;
    %pushi/vec4 27, 0, 8;
    %store/vec4 v00000149b1447760_0, 0, 8;
    %jmp T_22.256;
T_22.69 ;
    %pushi/vec4 110, 0, 8;
    %store/vec4 v00000149b1447760_0, 0, 8;
    %jmp T_22.256;
T_22.70 ;
    %pushi/vec4 90, 0, 8;
    %store/vec4 v00000149b1447760_0, 0, 8;
    %jmp T_22.256;
T_22.71 ;
    %pushi/vec4 160, 0, 8;
    %store/vec4 v00000149b1447760_0, 0, 8;
    %jmp T_22.256;
T_22.72 ;
    %pushi/vec4 82, 0, 8;
    %store/vec4 v00000149b1447760_0, 0, 8;
    %jmp T_22.256;
T_22.73 ;
    %pushi/vec4 59, 0, 8;
    %store/vec4 v00000149b1447760_0, 0, 8;
    %jmp T_22.256;
T_22.74 ;
    %pushi/vec4 214, 0, 8;
    %store/vec4 v00000149b1447760_0, 0, 8;
    %jmp T_22.256;
T_22.75 ;
    %pushi/vec4 179, 0, 8;
    %store/vec4 v00000149b1447760_0, 0, 8;
    %jmp T_22.256;
T_22.76 ;
    %pushi/vec4 41, 0, 8;
    %store/vec4 v00000149b1447760_0, 0, 8;
    %jmp T_22.256;
T_22.77 ;
    %pushi/vec4 227, 0, 8;
    %store/vec4 v00000149b1447760_0, 0, 8;
    %jmp T_22.256;
T_22.78 ;
    %pushi/vec4 47, 0, 8;
    %store/vec4 v00000149b1447760_0, 0, 8;
    %jmp T_22.256;
T_22.79 ;
    %pushi/vec4 132, 0, 8;
    %store/vec4 v00000149b1447760_0, 0, 8;
    %jmp T_22.256;
T_22.80 ;
    %pushi/vec4 83, 0, 8;
    %store/vec4 v00000149b1447760_0, 0, 8;
    %jmp T_22.256;
T_22.81 ;
    %pushi/vec4 209, 0, 8;
    %store/vec4 v00000149b1447760_0, 0, 8;
    %jmp T_22.256;
T_22.82 ;
    %pushi/vec4 0, 0, 8;
    %store/vec4 v00000149b1447760_0, 0, 8;
    %jmp T_22.256;
T_22.83 ;
    %pushi/vec4 237, 0, 8;
    %store/vec4 v00000149b1447760_0, 0, 8;
    %jmp T_22.256;
T_22.84 ;
    %pushi/vec4 32, 0, 8;
    %store/vec4 v00000149b1447760_0, 0, 8;
    %jmp T_22.256;
T_22.85 ;
    %pushi/vec4 252, 0, 8;
    %store/vec4 v00000149b1447760_0, 0, 8;
    %jmp T_22.256;
T_22.86 ;
    %pushi/vec4 177, 0, 8;
    %store/vec4 v00000149b1447760_0, 0, 8;
    %jmp T_22.256;
T_22.87 ;
    %pushi/vec4 91, 0, 8;
    %store/vec4 v00000149b1447760_0, 0, 8;
    %jmp T_22.256;
T_22.88 ;
    %pushi/vec4 106, 0, 8;
    %store/vec4 v00000149b1447760_0, 0, 8;
    %jmp T_22.256;
T_22.89 ;
    %pushi/vec4 203, 0, 8;
    %store/vec4 v00000149b1447760_0, 0, 8;
    %jmp T_22.256;
T_22.90 ;
    %pushi/vec4 190, 0, 8;
    %store/vec4 v00000149b1447760_0, 0, 8;
    %jmp T_22.256;
T_22.91 ;
    %pushi/vec4 57, 0, 8;
    %store/vec4 v00000149b1447760_0, 0, 8;
    %jmp T_22.256;
T_22.92 ;
    %pushi/vec4 74, 0, 8;
    %store/vec4 v00000149b1447760_0, 0, 8;
    %jmp T_22.256;
T_22.93 ;
    %pushi/vec4 76, 0, 8;
    %store/vec4 v00000149b1447760_0, 0, 8;
    %jmp T_22.256;
T_22.94 ;
    %pushi/vec4 88, 0, 8;
    %store/vec4 v00000149b1447760_0, 0, 8;
    %jmp T_22.256;
T_22.95 ;
    %pushi/vec4 207, 0, 8;
    %store/vec4 v00000149b1447760_0, 0, 8;
    %jmp T_22.256;
T_22.96 ;
    %pushi/vec4 208, 0, 8;
    %store/vec4 v00000149b1447760_0, 0, 8;
    %jmp T_22.256;
T_22.97 ;
    %pushi/vec4 239, 0, 8;
    %store/vec4 v00000149b1447760_0, 0, 8;
    %jmp T_22.256;
T_22.98 ;
    %pushi/vec4 170, 0, 8;
    %store/vec4 v00000149b1447760_0, 0, 8;
    %jmp T_22.256;
T_22.99 ;
    %pushi/vec4 251, 0, 8;
    %store/vec4 v00000149b1447760_0, 0, 8;
    %jmp T_22.256;
T_22.100 ;
    %pushi/vec4 67, 0, 8;
    %store/vec4 v00000149b1447760_0, 0, 8;
    %jmp T_22.256;
T_22.101 ;
    %pushi/vec4 77, 0, 8;
    %store/vec4 v00000149b1447760_0, 0, 8;
    %jmp T_22.256;
T_22.102 ;
    %pushi/vec4 51, 0, 8;
    %store/vec4 v00000149b1447760_0, 0, 8;
    %jmp T_22.256;
T_22.103 ;
    %pushi/vec4 133, 0, 8;
    %store/vec4 v00000149b1447760_0, 0, 8;
    %jmp T_22.256;
T_22.104 ;
    %pushi/vec4 69, 0, 8;
    %store/vec4 v00000149b1447760_0, 0, 8;
    %jmp T_22.256;
T_22.105 ;
    %pushi/vec4 249, 0, 8;
    %store/vec4 v00000149b1447760_0, 0, 8;
    %jmp T_22.256;
T_22.106 ;
    %pushi/vec4 2, 0, 8;
    %store/vec4 v00000149b1447760_0, 0, 8;
    %jmp T_22.256;
T_22.107 ;
    %pushi/vec4 127, 0, 8;
    %store/vec4 v00000149b1447760_0, 0, 8;
    %jmp T_22.256;
T_22.108 ;
    %pushi/vec4 80, 0, 8;
    %store/vec4 v00000149b1447760_0, 0, 8;
    %jmp T_22.256;
T_22.109 ;
    %pushi/vec4 60, 0, 8;
    %store/vec4 v00000149b1447760_0, 0, 8;
    %jmp T_22.256;
T_22.110 ;
    %pushi/vec4 159, 0, 8;
    %store/vec4 v00000149b1447760_0, 0, 8;
    %jmp T_22.256;
T_22.111 ;
    %pushi/vec4 168, 0, 8;
    %store/vec4 v00000149b1447760_0, 0, 8;
    %jmp T_22.256;
T_22.112 ;
    %pushi/vec4 81, 0, 8;
    %store/vec4 v00000149b1447760_0, 0, 8;
    %jmp T_22.256;
T_22.113 ;
    %pushi/vec4 163, 0, 8;
    %store/vec4 v00000149b1447760_0, 0, 8;
    %jmp T_22.256;
T_22.114 ;
    %pushi/vec4 64, 0, 8;
    %store/vec4 v00000149b1447760_0, 0, 8;
    %jmp T_22.256;
T_22.115 ;
    %pushi/vec4 143, 0, 8;
    %store/vec4 v00000149b1447760_0, 0, 8;
    %jmp T_22.256;
T_22.116 ;
    %pushi/vec4 146, 0, 8;
    %store/vec4 v00000149b1447760_0, 0, 8;
    %jmp T_22.256;
T_22.117 ;
    %pushi/vec4 157, 0, 8;
    %store/vec4 v00000149b1447760_0, 0, 8;
    %jmp T_22.256;
T_22.118 ;
    %pushi/vec4 56, 0, 8;
    %store/vec4 v00000149b1447760_0, 0, 8;
    %jmp T_22.256;
T_22.119 ;
    %pushi/vec4 245, 0, 8;
    %store/vec4 v00000149b1447760_0, 0, 8;
    %jmp T_22.256;
T_22.120 ;
    %pushi/vec4 188, 0, 8;
    %store/vec4 v00000149b1447760_0, 0, 8;
    %jmp T_22.256;
T_22.121 ;
    %pushi/vec4 182, 0, 8;
    %store/vec4 v00000149b1447760_0, 0, 8;
    %jmp T_22.256;
T_22.122 ;
    %pushi/vec4 218, 0, 8;
    %store/vec4 v00000149b1447760_0, 0, 8;
    %jmp T_22.256;
T_22.123 ;
    %pushi/vec4 33, 0, 8;
    %store/vec4 v00000149b1447760_0, 0, 8;
    %jmp T_22.256;
T_22.124 ;
    %pushi/vec4 16, 0, 8;
    %store/vec4 v00000149b1447760_0, 0, 8;
    %jmp T_22.256;
T_22.125 ;
    %pushi/vec4 255, 0, 8;
    %store/vec4 v00000149b1447760_0, 0, 8;
    %jmp T_22.256;
T_22.126 ;
    %pushi/vec4 243, 0, 8;
    %store/vec4 v00000149b1447760_0, 0, 8;
    %jmp T_22.256;
T_22.127 ;
    %pushi/vec4 210, 0, 8;
    %store/vec4 v00000149b1447760_0, 0, 8;
    %jmp T_22.256;
T_22.128 ;
    %pushi/vec4 205, 0, 8;
    %store/vec4 v00000149b1447760_0, 0, 8;
    %jmp T_22.256;
T_22.129 ;
    %pushi/vec4 12, 0, 8;
    %store/vec4 v00000149b1447760_0, 0, 8;
    %jmp T_22.256;
T_22.130 ;
    %pushi/vec4 19, 0, 8;
    %store/vec4 v00000149b1447760_0, 0, 8;
    %jmp T_22.256;
T_22.131 ;
    %pushi/vec4 236, 0, 8;
    %store/vec4 v00000149b1447760_0, 0, 8;
    %jmp T_22.256;
T_22.132 ;
    %pushi/vec4 95, 0, 8;
    %store/vec4 v00000149b1447760_0, 0, 8;
    %jmp T_22.256;
T_22.133 ;
    %pushi/vec4 151, 0, 8;
    %store/vec4 v00000149b1447760_0, 0, 8;
    %jmp T_22.256;
T_22.134 ;
    %pushi/vec4 68, 0, 8;
    %store/vec4 v00000149b1447760_0, 0, 8;
    %jmp T_22.256;
T_22.135 ;
    %pushi/vec4 23, 0, 8;
    %store/vec4 v00000149b1447760_0, 0, 8;
    %jmp T_22.256;
T_22.136 ;
    %pushi/vec4 196, 0, 8;
    %store/vec4 v00000149b1447760_0, 0, 8;
    %jmp T_22.256;
T_22.137 ;
    %pushi/vec4 167, 0, 8;
    %store/vec4 v00000149b1447760_0, 0, 8;
    %jmp T_22.256;
T_22.138 ;
    %pushi/vec4 126, 0, 8;
    %store/vec4 v00000149b1447760_0, 0, 8;
    %jmp T_22.256;
T_22.139 ;
    %pushi/vec4 61, 0, 8;
    %store/vec4 v00000149b1447760_0, 0, 8;
    %jmp T_22.256;
T_22.140 ;
    %pushi/vec4 100, 0, 8;
    %store/vec4 v00000149b1447760_0, 0, 8;
    %jmp T_22.256;
T_22.141 ;
    %pushi/vec4 93, 0, 8;
    %store/vec4 v00000149b1447760_0, 0, 8;
    %jmp T_22.256;
T_22.142 ;
    %pushi/vec4 25, 0, 8;
    %store/vec4 v00000149b1447760_0, 0, 8;
    %jmp T_22.256;
T_22.143 ;
    %pushi/vec4 115, 0, 8;
    %store/vec4 v00000149b1447760_0, 0, 8;
    %jmp T_22.256;
T_22.144 ;
    %pushi/vec4 96, 0, 8;
    %store/vec4 v00000149b1447760_0, 0, 8;
    %jmp T_22.256;
T_22.145 ;
    %pushi/vec4 129, 0, 8;
    %store/vec4 v00000149b1447760_0, 0, 8;
    %jmp T_22.256;
T_22.146 ;
    %pushi/vec4 79, 0, 8;
    %store/vec4 v00000149b1447760_0, 0, 8;
    %jmp T_22.256;
T_22.147 ;
    %pushi/vec4 220, 0, 8;
    %store/vec4 v00000149b1447760_0, 0, 8;
    %jmp T_22.256;
T_22.148 ;
    %pushi/vec4 34, 0, 8;
    %store/vec4 v00000149b1447760_0, 0, 8;
    %jmp T_22.256;
T_22.149 ;
    %pushi/vec4 42, 0, 8;
    %store/vec4 v00000149b1447760_0, 0, 8;
    %jmp T_22.256;
T_22.150 ;
    %pushi/vec4 144, 0, 8;
    %store/vec4 v00000149b1447760_0, 0, 8;
    %jmp T_22.256;
T_22.151 ;
    %pushi/vec4 136, 0, 8;
    %store/vec4 v00000149b1447760_0, 0, 8;
    %jmp T_22.256;
T_22.152 ;
    %pushi/vec4 70, 0, 8;
    %store/vec4 v00000149b1447760_0, 0, 8;
    %jmp T_22.256;
T_22.153 ;
    %pushi/vec4 238, 0, 8;
    %store/vec4 v00000149b1447760_0, 0, 8;
    %jmp T_22.256;
T_22.154 ;
    %pushi/vec4 184, 0, 8;
    %store/vec4 v00000149b1447760_0, 0, 8;
    %jmp T_22.256;
T_22.155 ;
    %pushi/vec4 20, 0, 8;
    %store/vec4 v00000149b1447760_0, 0, 8;
    %jmp T_22.256;
T_22.156 ;
    %pushi/vec4 222, 0, 8;
    %store/vec4 v00000149b1447760_0, 0, 8;
    %jmp T_22.256;
T_22.157 ;
    %pushi/vec4 94, 0, 8;
    %store/vec4 v00000149b1447760_0, 0, 8;
    %jmp T_22.256;
T_22.158 ;
    %pushi/vec4 11, 0, 8;
    %store/vec4 v00000149b1447760_0, 0, 8;
    %jmp T_22.256;
T_22.159 ;
    %pushi/vec4 219, 0, 8;
    %store/vec4 v00000149b1447760_0, 0, 8;
    %jmp T_22.256;
T_22.160 ;
    %pushi/vec4 224, 0, 8;
    %store/vec4 v00000149b1447760_0, 0, 8;
    %jmp T_22.256;
T_22.161 ;
    %pushi/vec4 50, 0, 8;
    %store/vec4 v00000149b1447760_0, 0, 8;
    %jmp T_22.256;
T_22.162 ;
    %pushi/vec4 58, 0, 8;
    %store/vec4 v00000149b1447760_0, 0, 8;
    %jmp T_22.256;
T_22.163 ;
    %pushi/vec4 10, 0, 8;
    %store/vec4 v00000149b1447760_0, 0, 8;
    %jmp T_22.256;
T_22.164 ;
    %pushi/vec4 73, 0, 8;
    %store/vec4 v00000149b1447760_0, 0, 8;
    %jmp T_22.256;
T_22.165 ;
    %pushi/vec4 6, 0, 8;
    %store/vec4 v00000149b1447760_0, 0, 8;
    %jmp T_22.256;
T_22.166 ;
    %pushi/vec4 36, 0, 8;
    %store/vec4 v00000149b1447760_0, 0, 8;
    %jmp T_22.256;
T_22.167 ;
    %pushi/vec4 92, 0, 8;
    %store/vec4 v00000149b1447760_0, 0, 8;
    %jmp T_22.256;
T_22.168 ;
    %pushi/vec4 194, 0, 8;
    %store/vec4 v00000149b1447760_0, 0, 8;
    %jmp T_22.256;
T_22.169 ;
    %pushi/vec4 211, 0, 8;
    %store/vec4 v00000149b1447760_0, 0, 8;
    %jmp T_22.256;
T_22.170 ;
    %pushi/vec4 172, 0, 8;
    %store/vec4 v00000149b1447760_0, 0, 8;
    %jmp T_22.256;
T_22.171 ;
    %pushi/vec4 98, 0, 8;
    %store/vec4 v00000149b1447760_0, 0, 8;
    %jmp T_22.256;
T_22.172 ;
    %pushi/vec4 145, 0, 8;
    %store/vec4 v00000149b1447760_0, 0, 8;
    %jmp T_22.256;
T_22.173 ;
    %pushi/vec4 149, 0, 8;
    %store/vec4 v00000149b1447760_0, 0, 8;
    %jmp T_22.256;
T_22.174 ;
    %pushi/vec4 228, 0, 8;
    %store/vec4 v00000149b1447760_0, 0, 8;
    %jmp T_22.256;
T_22.175 ;
    %pushi/vec4 121, 0, 8;
    %store/vec4 v00000149b1447760_0, 0, 8;
    %jmp T_22.256;
T_22.176 ;
    %pushi/vec4 231, 0, 8;
    %store/vec4 v00000149b1447760_0, 0, 8;
    %jmp T_22.256;
T_22.177 ;
    %pushi/vec4 200, 0, 8;
    %store/vec4 v00000149b1447760_0, 0, 8;
    %jmp T_22.256;
T_22.178 ;
    %pushi/vec4 55, 0, 8;
    %store/vec4 v00000149b1447760_0, 0, 8;
    %jmp T_22.256;
T_22.179 ;
    %pushi/vec4 109, 0, 8;
    %store/vec4 v00000149b1447760_0, 0, 8;
    %jmp T_22.256;
T_22.180 ;
    %pushi/vec4 141, 0, 8;
    %store/vec4 v00000149b1447760_0, 0, 8;
    %jmp T_22.256;
T_22.181 ;
    %pushi/vec4 213, 0, 8;
    %store/vec4 v00000149b1447760_0, 0, 8;
    %jmp T_22.256;
T_22.182 ;
    %pushi/vec4 78, 0, 8;
    %store/vec4 v00000149b1447760_0, 0, 8;
    %jmp T_22.256;
T_22.183 ;
    %pushi/vec4 169, 0, 8;
    %store/vec4 v00000149b1447760_0, 0, 8;
    %jmp T_22.256;
T_22.184 ;
    %pushi/vec4 108, 0, 8;
    %store/vec4 v00000149b1447760_0, 0, 8;
    %jmp T_22.256;
T_22.185 ;
    %pushi/vec4 86, 0, 8;
    %store/vec4 v00000149b1447760_0, 0, 8;
    %jmp T_22.256;
T_22.186 ;
    %pushi/vec4 244, 0, 8;
    %store/vec4 v00000149b1447760_0, 0, 8;
    %jmp T_22.256;
T_22.187 ;
    %pushi/vec4 234, 0, 8;
    %store/vec4 v00000149b1447760_0, 0, 8;
    %jmp T_22.256;
T_22.188 ;
    %pushi/vec4 101, 0, 8;
    %store/vec4 v00000149b1447760_0, 0, 8;
    %jmp T_22.256;
T_22.189 ;
    %pushi/vec4 122, 0, 8;
    %store/vec4 v00000149b1447760_0, 0, 8;
    %jmp T_22.256;
T_22.190 ;
    %pushi/vec4 174, 0, 8;
    %store/vec4 v00000149b1447760_0, 0, 8;
    %jmp T_22.256;
T_22.191 ;
    %pushi/vec4 8, 0, 8;
    %store/vec4 v00000149b1447760_0, 0, 8;
    %jmp T_22.256;
T_22.192 ;
    %pushi/vec4 186, 0, 8;
    %store/vec4 v00000149b1447760_0, 0, 8;
    %jmp T_22.256;
T_22.193 ;
    %pushi/vec4 120, 0, 8;
    %store/vec4 v00000149b1447760_0, 0, 8;
    %jmp T_22.256;
T_22.194 ;
    %pushi/vec4 37, 0, 8;
    %store/vec4 v00000149b1447760_0, 0, 8;
    %jmp T_22.256;
T_22.195 ;
    %pushi/vec4 46, 0, 8;
    %store/vec4 v00000149b1447760_0, 0, 8;
    %jmp T_22.256;
T_22.196 ;
    %pushi/vec4 28, 0, 8;
    %store/vec4 v00000149b1447760_0, 0, 8;
    %jmp T_22.256;
T_22.197 ;
    %pushi/vec4 166, 0, 8;
    %store/vec4 v00000149b1447760_0, 0, 8;
    %jmp T_22.256;
T_22.198 ;
    %pushi/vec4 180, 0, 8;
    %store/vec4 v00000149b1447760_0, 0, 8;
    %jmp T_22.256;
T_22.199 ;
    %pushi/vec4 198, 0, 8;
    %store/vec4 v00000149b1447760_0, 0, 8;
    %jmp T_22.256;
T_22.200 ;
    %pushi/vec4 232, 0, 8;
    %store/vec4 v00000149b1447760_0, 0, 8;
    %jmp T_22.256;
T_22.201 ;
    %pushi/vec4 221, 0, 8;
    %store/vec4 v00000149b1447760_0, 0, 8;
    %jmp T_22.256;
T_22.202 ;
    %pushi/vec4 116, 0, 8;
    %store/vec4 v00000149b1447760_0, 0, 8;
    %jmp T_22.256;
T_22.203 ;
    %pushi/vec4 31, 0, 8;
    %store/vec4 v00000149b1447760_0, 0, 8;
    %jmp T_22.256;
T_22.204 ;
    %pushi/vec4 75, 0, 8;
    %store/vec4 v00000149b1447760_0, 0, 8;
    %jmp T_22.256;
T_22.205 ;
    %pushi/vec4 189, 0, 8;
    %store/vec4 v00000149b1447760_0, 0, 8;
    %jmp T_22.256;
T_22.206 ;
    %pushi/vec4 139, 0, 8;
    %store/vec4 v00000149b1447760_0, 0, 8;
    %jmp T_22.256;
T_22.207 ;
    %pushi/vec4 138, 0, 8;
    %store/vec4 v00000149b1447760_0, 0, 8;
    %jmp T_22.256;
T_22.208 ;
    %pushi/vec4 112, 0, 8;
    %store/vec4 v00000149b1447760_0, 0, 8;
    %jmp T_22.256;
T_22.209 ;
    %pushi/vec4 62, 0, 8;
    %store/vec4 v00000149b1447760_0, 0, 8;
    %jmp T_22.256;
T_22.210 ;
    %pushi/vec4 181, 0, 8;
    %store/vec4 v00000149b1447760_0, 0, 8;
    %jmp T_22.256;
T_22.211 ;
    %pushi/vec4 102, 0, 8;
    %store/vec4 v00000149b1447760_0, 0, 8;
    %jmp T_22.256;
T_22.212 ;
    %pushi/vec4 72, 0, 8;
    %store/vec4 v00000149b1447760_0, 0, 8;
    %jmp T_22.256;
T_22.213 ;
    %pushi/vec4 3, 0, 8;
    %store/vec4 v00000149b1447760_0, 0, 8;
    %jmp T_22.256;
T_22.214 ;
    %pushi/vec4 246, 0, 8;
    %store/vec4 v00000149b1447760_0, 0, 8;
    %jmp T_22.256;
T_22.215 ;
    %pushi/vec4 14, 0, 8;
    %store/vec4 v00000149b1447760_0, 0, 8;
    %jmp T_22.256;
T_22.216 ;
    %pushi/vec4 97, 0, 8;
    %store/vec4 v00000149b1447760_0, 0, 8;
    %jmp T_22.256;
T_22.217 ;
    %pushi/vec4 53, 0, 8;
    %store/vec4 v00000149b1447760_0, 0, 8;
    %jmp T_22.256;
T_22.218 ;
    %pushi/vec4 87, 0, 8;
    %store/vec4 v00000149b1447760_0, 0, 8;
    %jmp T_22.256;
T_22.219 ;
    %pushi/vec4 185, 0, 8;
    %store/vec4 v00000149b1447760_0, 0, 8;
    %jmp T_22.256;
T_22.220 ;
    %pushi/vec4 134, 0, 8;
    %store/vec4 v00000149b1447760_0, 0, 8;
    %jmp T_22.256;
T_22.221 ;
    %pushi/vec4 193, 0, 8;
    %store/vec4 v00000149b1447760_0, 0, 8;
    %jmp T_22.256;
T_22.222 ;
    %pushi/vec4 29, 0, 8;
    %store/vec4 v00000149b1447760_0, 0, 8;
    %jmp T_22.256;
T_22.223 ;
    %pushi/vec4 158, 0, 8;
    %store/vec4 v00000149b1447760_0, 0, 8;
    %jmp T_22.256;
T_22.224 ;
    %pushi/vec4 225, 0, 8;
    %store/vec4 v00000149b1447760_0, 0, 8;
    %jmp T_22.256;
T_22.225 ;
    %pushi/vec4 248, 0, 8;
    %store/vec4 v00000149b1447760_0, 0, 8;
    %jmp T_22.256;
T_22.226 ;
    %pushi/vec4 152, 0, 8;
    %store/vec4 v00000149b1447760_0, 0, 8;
    %jmp T_22.256;
T_22.227 ;
    %pushi/vec4 17, 0, 8;
    %store/vec4 v00000149b1447760_0, 0, 8;
    %jmp T_22.256;
T_22.228 ;
    %pushi/vec4 105, 0, 8;
    %store/vec4 v00000149b1447760_0, 0, 8;
    %jmp T_22.256;
T_22.229 ;
    %pushi/vec4 217, 0, 8;
    %store/vec4 v00000149b1447760_0, 0, 8;
    %jmp T_22.256;
T_22.230 ;
    %pushi/vec4 142, 0, 8;
    %store/vec4 v00000149b1447760_0, 0, 8;
    %jmp T_22.256;
T_22.231 ;
    %pushi/vec4 148, 0, 8;
    %store/vec4 v00000149b1447760_0, 0, 8;
    %jmp T_22.256;
T_22.232 ;
    %pushi/vec4 155, 0, 8;
    %store/vec4 v00000149b1447760_0, 0, 8;
    %jmp T_22.256;
T_22.233 ;
    %pushi/vec4 30, 0, 8;
    %store/vec4 v00000149b1447760_0, 0, 8;
    %jmp T_22.256;
T_22.234 ;
    %pushi/vec4 135, 0, 8;
    %store/vec4 v00000149b1447760_0, 0, 8;
    %jmp T_22.256;
T_22.235 ;
    %pushi/vec4 233, 0, 8;
    %store/vec4 v00000149b1447760_0, 0, 8;
    %jmp T_22.256;
T_22.236 ;
    %pushi/vec4 206, 0, 8;
    %store/vec4 v00000149b1447760_0, 0, 8;
    %jmp T_22.256;
T_22.237 ;
    %pushi/vec4 85, 0, 8;
    %store/vec4 v00000149b1447760_0, 0, 8;
    %jmp T_22.256;
T_22.238 ;
    %pushi/vec4 40, 0, 8;
    %store/vec4 v00000149b1447760_0, 0, 8;
    %jmp T_22.256;
T_22.239 ;
    %pushi/vec4 223, 0, 8;
    %store/vec4 v00000149b1447760_0, 0, 8;
    %jmp T_22.256;
T_22.240 ;
    %pushi/vec4 140, 0, 8;
    %store/vec4 v00000149b1447760_0, 0, 8;
    %jmp T_22.256;
T_22.241 ;
    %pushi/vec4 161, 0, 8;
    %store/vec4 v00000149b1447760_0, 0, 8;
    %jmp T_22.256;
T_22.242 ;
    %pushi/vec4 137, 0, 8;
    %store/vec4 v00000149b1447760_0, 0, 8;
    %jmp T_22.256;
T_22.243 ;
    %pushi/vec4 13, 0, 8;
    %store/vec4 v00000149b1447760_0, 0, 8;
    %jmp T_22.256;
T_22.244 ;
    %pushi/vec4 191, 0, 8;
    %store/vec4 v00000149b1447760_0, 0, 8;
    %jmp T_22.256;
T_22.245 ;
    %pushi/vec4 230, 0, 8;
    %store/vec4 v00000149b1447760_0, 0, 8;
    %jmp T_22.256;
T_22.246 ;
    %pushi/vec4 66, 0, 8;
    %store/vec4 v00000149b1447760_0, 0, 8;
    %jmp T_22.256;
T_22.247 ;
    %pushi/vec4 104, 0, 8;
    %store/vec4 v00000149b1447760_0, 0, 8;
    %jmp T_22.256;
T_22.248 ;
    %pushi/vec4 65, 0, 8;
    %store/vec4 v00000149b1447760_0, 0, 8;
    %jmp T_22.256;
T_22.249 ;
    %pushi/vec4 153, 0, 8;
    %store/vec4 v00000149b1447760_0, 0, 8;
    %jmp T_22.256;
T_22.250 ;
    %pushi/vec4 45, 0, 8;
    %store/vec4 v00000149b1447760_0, 0, 8;
    %jmp T_22.256;
T_22.251 ;
    %pushi/vec4 15, 0, 8;
    %store/vec4 v00000149b1447760_0, 0, 8;
    %jmp T_22.256;
T_22.252 ;
    %pushi/vec4 176, 0, 8;
    %store/vec4 v00000149b1447760_0, 0, 8;
    %jmp T_22.256;
T_22.253 ;
    %pushi/vec4 84, 0, 8;
    %store/vec4 v00000149b1447760_0, 0, 8;
    %jmp T_22.256;
T_22.254 ;
    %pushi/vec4 187, 0, 8;
    %store/vec4 v00000149b1447760_0, 0, 8;
    %jmp T_22.256;
T_22.255 ;
    %pushi/vec4 22, 0, 8;
    %store/vec4 v00000149b1447760_0, 0, 8;
    %jmp T_22.256;
T_22.256 ;
    %pop/vec4 1;
    %jmp T_22;
    .thread T_22, $push;
    .scope S_00000149b144cdb0;
T_23 ;
    %wait E_00000149b1392b80;
    %load/vec4 v00000149b1447260_0;
    %dup/vec4;
    %pushi/vec4 0, 0, 8;
    %cmp/u;
    %jmp/1 T_23.0, 6;
    %dup/vec4;
    %pushi/vec4 1, 0, 8;
    %cmp/u;
    %jmp/1 T_23.1, 6;
    %dup/vec4;
    %pushi/vec4 2, 0, 8;
    %cmp/u;
    %jmp/1 T_23.2, 6;
    %dup/vec4;
    %pushi/vec4 3, 0, 8;
    %cmp/u;
    %jmp/1 T_23.3, 6;
    %dup/vec4;
    %pushi/vec4 4, 0, 8;
    %cmp/u;
    %jmp/1 T_23.4, 6;
    %dup/vec4;
    %pushi/vec4 5, 0, 8;
    %cmp/u;
    %jmp/1 T_23.5, 6;
    %dup/vec4;
    %pushi/vec4 6, 0, 8;
    %cmp/u;
    %jmp/1 T_23.6, 6;
    %dup/vec4;
    %pushi/vec4 7, 0, 8;
    %cmp/u;
    %jmp/1 T_23.7, 6;
    %dup/vec4;
    %pushi/vec4 8, 0, 8;
    %cmp/u;
    %jmp/1 T_23.8, 6;
    %dup/vec4;
    %pushi/vec4 9, 0, 8;
    %cmp/u;
    %jmp/1 T_23.9, 6;
    %dup/vec4;
    %pushi/vec4 10, 0, 8;
    %cmp/u;
    %jmp/1 T_23.10, 6;
    %dup/vec4;
    %pushi/vec4 11, 0, 8;
    %cmp/u;
    %jmp/1 T_23.11, 6;
    %dup/vec4;
    %pushi/vec4 12, 0, 8;
    %cmp/u;
    %jmp/1 T_23.12, 6;
    %dup/vec4;
    %pushi/vec4 13, 0, 8;
    %cmp/u;
    %jmp/1 T_23.13, 6;
    %dup/vec4;
    %pushi/vec4 14, 0, 8;
    %cmp/u;
    %jmp/1 T_23.14, 6;
    %dup/vec4;
    %pushi/vec4 15, 0, 8;
    %cmp/u;
    %jmp/1 T_23.15, 6;
    %dup/vec4;
    %pushi/vec4 16, 0, 8;
    %cmp/u;
    %jmp/1 T_23.16, 6;
    %dup/vec4;
    %pushi/vec4 17, 0, 8;
    %cmp/u;
    %jmp/1 T_23.17, 6;
    %dup/vec4;
    %pushi/vec4 18, 0, 8;
    %cmp/u;
    %jmp/1 T_23.18, 6;
    %dup/vec4;
    %pushi/vec4 19, 0, 8;
    %cmp/u;
    %jmp/1 T_23.19, 6;
    %dup/vec4;
    %pushi/vec4 20, 0, 8;
    %cmp/u;
    %jmp/1 T_23.20, 6;
    %dup/vec4;
    %pushi/vec4 21, 0, 8;
    %cmp/u;
    %jmp/1 T_23.21, 6;
    %dup/vec4;
    %pushi/vec4 22, 0, 8;
    %cmp/u;
    %jmp/1 T_23.22, 6;
    %dup/vec4;
    %pushi/vec4 23, 0, 8;
    %cmp/u;
    %jmp/1 T_23.23, 6;
    %dup/vec4;
    %pushi/vec4 24, 0, 8;
    %cmp/u;
    %jmp/1 T_23.24, 6;
    %dup/vec4;
    %pushi/vec4 25, 0, 8;
    %cmp/u;
    %jmp/1 T_23.25, 6;
    %dup/vec4;
    %pushi/vec4 26, 0, 8;
    %cmp/u;
    %jmp/1 T_23.26, 6;
    %dup/vec4;
    %pushi/vec4 27, 0, 8;
    %cmp/u;
    %jmp/1 T_23.27, 6;
    %dup/vec4;
    %pushi/vec4 28, 0, 8;
    %cmp/u;
    %jmp/1 T_23.28, 6;
    %dup/vec4;
    %pushi/vec4 29, 0, 8;
    %cmp/u;
    %jmp/1 T_23.29, 6;
    %dup/vec4;
    %pushi/vec4 30, 0, 8;
    %cmp/u;
    %jmp/1 T_23.30, 6;
    %dup/vec4;
    %pushi/vec4 31, 0, 8;
    %cmp/u;
    %jmp/1 T_23.31, 6;
    %dup/vec4;
    %pushi/vec4 32, 0, 8;
    %cmp/u;
    %jmp/1 T_23.32, 6;
    %dup/vec4;
    %pushi/vec4 33, 0, 8;
    %cmp/u;
    %jmp/1 T_23.33, 6;
    %dup/vec4;
    %pushi/vec4 34, 0, 8;
    %cmp/u;
    %jmp/1 T_23.34, 6;
    %dup/vec4;
    %pushi/vec4 35, 0, 8;
    %cmp/u;
    %jmp/1 T_23.35, 6;
    %dup/vec4;
    %pushi/vec4 36, 0, 8;
    %cmp/u;
    %jmp/1 T_23.36, 6;
    %dup/vec4;
    %pushi/vec4 37, 0, 8;
    %cmp/u;
    %jmp/1 T_23.37, 6;
    %dup/vec4;
    %pushi/vec4 38, 0, 8;
    %cmp/u;
    %jmp/1 T_23.38, 6;
    %dup/vec4;
    %pushi/vec4 39, 0, 8;
    %cmp/u;
    %jmp/1 T_23.39, 6;
    %dup/vec4;
    %pushi/vec4 40, 0, 8;
    %cmp/u;
    %jmp/1 T_23.40, 6;
    %dup/vec4;
    %pushi/vec4 41, 0, 8;
    %cmp/u;
    %jmp/1 T_23.41, 6;
    %dup/vec4;
    %pushi/vec4 42, 0, 8;
    %cmp/u;
    %jmp/1 T_23.42, 6;
    %dup/vec4;
    %pushi/vec4 43, 0, 8;
    %cmp/u;
    %jmp/1 T_23.43, 6;
    %dup/vec4;
    %pushi/vec4 44, 0, 8;
    %cmp/u;
    %jmp/1 T_23.44, 6;
    %dup/vec4;
    %pushi/vec4 45, 0, 8;
    %cmp/u;
    %jmp/1 T_23.45, 6;
    %dup/vec4;
    %pushi/vec4 46, 0, 8;
    %cmp/u;
    %jmp/1 T_23.46, 6;
    %dup/vec4;
    %pushi/vec4 47, 0, 8;
    %cmp/u;
    %jmp/1 T_23.47, 6;
    %dup/vec4;
    %pushi/vec4 48, 0, 8;
    %cmp/u;
    %jmp/1 T_23.48, 6;
    %dup/vec4;
    %pushi/vec4 49, 0, 8;
    %cmp/u;
    %jmp/1 T_23.49, 6;
    %dup/vec4;
    %pushi/vec4 50, 0, 8;
    %cmp/u;
    %jmp/1 T_23.50, 6;
    %dup/vec4;
    %pushi/vec4 51, 0, 8;
    %cmp/u;
    %jmp/1 T_23.51, 6;
    %dup/vec4;
    %pushi/vec4 52, 0, 8;
    %cmp/u;
    %jmp/1 T_23.52, 6;
    %dup/vec4;
    %pushi/vec4 53, 0, 8;
    %cmp/u;
    %jmp/1 T_23.53, 6;
    %dup/vec4;
    %pushi/vec4 54, 0, 8;
    %cmp/u;
    %jmp/1 T_23.54, 6;
    %dup/vec4;
    %pushi/vec4 55, 0, 8;
    %cmp/u;
    %jmp/1 T_23.55, 6;
    %dup/vec4;
    %pushi/vec4 56, 0, 8;
    %cmp/u;
    %jmp/1 T_23.56, 6;
    %dup/vec4;
    %pushi/vec4 57, 0, 8;
    %cmp/u;
    %jmp/1 T_23.57, 6;
    %dup/vec4;
    %pushi/vec4 58, 0, 8;
    %cmp/u;
    %jmp/1 T_23.58, 6;
    %dup/vec4;
    %pushi/vec4 59, 0, 8;
    %cmp/u;
    %jmp/1 T_23.59, 6;
    %dup/vec4;
    %pushi/vec4 60, 0, 8;
    %cmp/u;
    %jmp/1 T_23.60, 6;
    %dup/vec4;
    %pushi/vec4 61, 0, 8;
    %cmp/u;
    %jmp/1 T_23.61, 6;
    %dup/vec4;
    %pushi/vec4 62, 0, 8;
    %cmp/u;
    %jmp/1 T_23.62, 6;
    %dup/vec4;
    %pushi/vec4 63, 0, 8;
    %cmp/u;
    %jmp/1 T_23.63, 6;
    %dup/vec4;
    %pushi/vec4 64, 0, 8;
    %cmp/u;
    %jmp/1 T_23.64, 6;
    %dup/vec4;
    %pushi/vec4 65, 0, 8;
    %cmp/u;
    %jmp/1 T_23.65, 6;
    %dup/vec4;
    %pushi/vec4 66, 0, 8;
    %cmp/u;
    %jmp/1 T_23.66, 6;
    %dup/vec4;
    %pushi/vec4 67, 0, 8;
    %cmp/u;
    %jmp/1 T_23.67, 6;
    %dup/vec4;
    %pushi/vec4 68, 0, 8;
    %cmp/u;
    %jmp/1 T_23.68, 6;
    %dup/vec4;
    %pushi/vec4 69, 0, 8;
    %cmp/u;
    %jmp/1 T_23.69, 6;
    %dup/vec4;
    %pushi/vec4 70, 0, 8;
    %cmp/u;
    %jmp/1 T_23.70, 6;
    %dup/vec4;
    %pushi/vec4 71, 0, 8;
    %cmp/u;
    %jmp/1 T_23.71, 6;
    %dup/vec4;
    %pushi/vec4 72, 0, 8;
    %cmp/u;
    %jmp/1 T_23.72, 6;
    %dup/vec4;
    %pushi/vec4 73, 0, 8;
    %cmp/u;
    %jmp/1 T_23.73, 6;
    %dup/vec4;
    %pushi/vec4 74, 0, 8;
    %cmp/u;
    %jmp/1 T_23.74, 6;
    %dup/vec4;
    %pushi/vec4 75, 0, 8;
    %cmp/u;
    %jmp/1 T_23.75, 6;
    %dup/vec4;
    %pushi/vec4 76, 0, 8;
    %cmp/u;
    %jmp/1 T_23.76, 6;
    %dup/vec4;
    %pushi/vec4 77, 0, 8;
    %cmp/u;
    %jmp/1 T_23.77, 6;
    %dup/vec4;
    %pushi/vec4 78, 0, 8;
    %cmp/u;
    %jmp/1 T_23.78, 6;
    %dup/vec4;
    %pushi/vec4 79, 0, 8;
    %cmp/u;
    %jmp/1 T_23.79, 6;
    %dup/vec4;
    %pushi/vec4 80, 0, 8;
    %cmp/u;
    %jmp/1 T_23.80, 6;
    %dup/vec4;
    %pushi/vec4 81, 0, 8;
    %cmp/u;
    %jmp/1 T_23.81, 6;
    %dup/vec4;
    %pushi/vec4 82, 0, 8;
    %cmp/u;
    %jmp/1 T_23.82, 6;
    %dup/vec4;
    %pushi/vec4 83, 0, 8;
    %cmp/u;
    %jmp/1 T_23.83, 6;
    %dup/vec4;
    %pushi/vec4 84, 0, 8;
    %cmp/u;
    %jmp/1 T_23.84, 6;
    %dup/vec4;
    %pushi/vec4 85, 0, 8;
    %cmp/u;
    %jmp/1 T_23.85, 6;
    %dup/vec4;
    %pushi/vec4 86, 0, 8;
    %cmp/u;
    %jmp/1 T_23.86, 6;
    %dup/vec4;
    %pushi/vec4 87, 0, 8;
    %cmp/u;
    %jmp/1 T_23.87, 6;
    %dup/vec4;
    %pushi/vec4 88, 0, 8;
    %cmp/u;
    %jmp/1 T_23.88, 6;
    %dup/vec4;
    %pushi/vec4 89, 0, 8;
    %cmp/u;
    %jmp/1 T_23.89, 6;
    %dup/vec4;
    %pushi/vec4 90, 0, 8;
    %cmp/u;
    %jmp/1 T_23.90, 6;
    %dup/vec4;
    %pushi/vec4 91, 0, 8;
    %cmp/u;
    %jmp/1 T_23.91, 6;
    %dup/vec4;
    %pushi/vec4 92, 0, 8;
    %cmp/u;
    %jmp/1 T_23.92, 6;
    %dup/vec4;
    %pushi/vec4 93, 0, 8;
    %cmp/u;
    %jmp/1 T_23.93, 6;
    %dup/vec4;
    %pushi/vec4 94, 0, 8;
    %cmp/u;
    %jmp/1 T_23.94, 6;
    %dup/vec4;
    %pushi/vec4 95, 0, 8;
    %cmp/u;
    %jmp/1 T_23.95, 6;
    %dup/vec4;
    %pushi/vec4 96, 0, 8;
    %cmp/u;
    %jmp/1 T_23.96, 6;
    %dup/vec4;
    %pushi/vec4 97, 0, 8;
    %cmp/u;
    %jmp/1 T_23.97, 6;
    %dup/vec4;
    %pushi/vec4 98, 0, 8;
    %cmp/u;
    %jmp/1 T_23.98, 6;
    %dup/vec4;
    %pushi/vec4 99, 0, 8;
    %cmp/u;
    %jmp/1 T_23.99, 6;
    %dup/vec4;
    %pushi/vec4 100, 0, 8;
    %cmp/u;
    %jmp/1 T_23.100, 6;
    %dup/vec4;
    %pushi/vec4 101, 0, 8;
    %cmp/u;
    %jmp/1 T_23.101, 6;
    %dup/vec4;
    %pushi/vec4 102, 0, 8;
    %cmp/u;
    %jmp/1 T_23.102, 6;
    %dup/vec4;
    %pushi/vec4 103, 0, 8;
    %cmp/u;
    %jmp/1 T_23.103, 6;
    %dup/vec4;
    %pushi/vec4 104, 0, 8;
    %cmp/u;
    %jmp/1 T_23.104, 6;
    %dup/vec4;
    %pushi/vec4 105, 0, 8;
    %cmp/u;
    %jmp/1 T_23.105, 6;
    %dup/vec4;
    %pushi/vec4 106, 0, 8;
    %cmp/u;
    %jmp/1 T_23.106, 6;
    %dup/vec4;
    %pushi/vec4 107, 0, 8;
    %cmp/u;
    %jmp/1 T_23.107, 6;
    %dup/vec4;
    %pushi/vec4 108, 0, 8;
    %cmp/u;
    %jmp/1 T_23.108, 6;
    %dup/vec4;
    %pushi/vec4 109, 0, 8;
    %cmp/u;
    %jmp/1 T_23.109, 6;
    %dup/vec4;
    %pushi/vec4 110, 0, 8;
    %cmp/u;
    %jmp/1 T_23.110, 6;
    %dup/vec4;
    %pushi/vec4 111, 0, 8;
    %cmp/u;
    %jmp/1 T_23.111, 6;
    %dup/vec4;
    %pushi/vec4 112, 0, 8;
    %cmp/u;
    %jmp/1 T_23.112, 6;
    %dup/vec4;
    %pushi/vec4 113, 0, 8;
    %cmp/u;
    %jmp/1 T_23.113, 6;
    %dup/vec4;
    %pushi/vec4 114, 0, 8;
    %cmp/u;
    %jmp/1 T_23.114, 6;
    %dup/vec4;
    %pushi/vec4 115, 0, 8;
    %cmp/u;
    %jmp/1 T_23.115, 6;
    %dup/vec4;
    %pushi/vec4 116, 0, 8;
    %cmp/u;
    %jmp/1 T_23.116, 6;
    %dup/vec4;
    %pushi/vec4 117, 0, 8;
    %cmp/u;
    %jmp/1 T_23.117, 6;
    %dup/vec4;
    %pushi/vec4 118, 0, 8;
    %cmp/u;
    %jmp/1 T_23.118, 6;
    %dup/vec4;
    %pushi/vec4 119, 0, 8;
    %cmp/u;
    %jmp/1 T_23.119, 6;
    %dup/vec4;
    %pushi/vec4 120, 0, 8;
    %cmp/u;
    %jmp/1 T_23.120, 6;
    %dup/vec4;
    %pushi/vec4 121, 0, 8;
    %cmp/u;
    %jmp/1 T_23.121, 6;
    %dup/vec4;
    %pushi/vec4 122, 0, 8;
    %cmp/u;
    %jmp/1 T_23.122, 6;
    %dup/vec4;
    %pushi/vec4 123, 0, 8;
    %cmp/u;
    %jmp/1 T_23.123, 6;
    %dup/vec4;
    %pushi/vec4 124, 0, 8;
    %cmp/u;
    %jmp/1 T_23.124, 6;
    %dup/vec4;
    %pushi/vec4 125, 0, 8;
    %cmp/u;
    %jmp/1 T_23.125, 6;
    %dup/vec4;
    %pushi/vec4 126, 0, 8;
    %cmp/u;
    %jmp/1 T_23.126, 6;
    %dup/vec4;
    %pushi/vec4 127, 0, 8;
    %cmp/u;
    %jmp/1 T_23.127, 6;
    %dup/vec4;
    %pushi/vec4 128, 0, 8;
    %cmp/u;
    %jmp/1 T_23.128, 6;
    %dup/vec4;
    %pushi/vec4 129, 0, 8;
    %cmp/u;
    %jmp/1 T_23.129, 6;
    %dup/vec4;
    %pushi/vec4 130, 0, 8;
    %cmp/u;
    %jmp/1 T_23.130, 6;
    %dup/vec4;
    %pushi/vec4 131, 0, 8;
    %cmp/u;
    %jmp/1 T_23.131, 6;
    %dup/vec4;
    %pushi/vec4 132, 0, 8;
    %cmp/u;
    %jmp/1 T_23.132, 6;
    %dup/vec4;
    %pushi/vec4 133, 0, 8;
    %cmp/u;
    %jmp/1 T_23.133, 6;
    %dup/vec4;
    %pushi/vec4 134, 0, 8;
    %cmp/u;
    %jmp/1 T_23.134, 6;
    %dup/vec4;
    %pushi/vec4 135, 0, 8;
    %cmp/u;
    %jmp/1 T_23.135, 6;
    %dup/vec4;
    %pushi/vec4 136, 0, 8;
    %cmp/u;
    %jmp/1 T_23.136, 6;
    %dup/vec4;
    %pushi/vec4 137, 0, 8;
    %cmp/u;
    %jmp/1 T_23.137, 6;
    %dup/vec4;
    %pushi/vec4 138, 0, 8;
    %cmp/u;
    %jmp/1 T_23.138, 6;
    %dup/vec4;
    %pushi/vec4 139, 0, 8;
    %cmp/u;
    %jmp/1 T_23.139, 6;
    %dup/vec4;
    %pushi/vec4 140, 0, 8;
    %cmp/u;
    %jmp/1 T_23.140, 6;
    %dup/vec4;
    %pushi/vec4 141, 0, 8;
    %cmp/u;
    %jmp/1 T_23.141, 6;
    %dup/vec4;
    %pushi/vec4 142, 0, 8;
    %cmp/u;
    %jmp/1 T_23.142, 6;
    %dup/vec4;
    %pushi/vec4 143, 0, 8;
    %cmp/u;
    %jmp/1 T_23.143, 6;
    %dup/vec4;
    %pushi/vec4 144, 0, 8;
    %cmp/u;
    %jmp/1 T_23.144, 6;
    %dup/vec4;
    %pushi/vec4 145, 0, 8;
    %cmp/u;
    %jmp/1 T_23.145, 6;
    %dup/vec4;
    %pushi/vec4 146, 0, 8;
    %cmp/u;
    %jmp/1 T_23.146, 6;
    %dup/vec4;
    %pushi/vec4 147, 0, 8;
    %cmp/u;
    %jmp/1 T_23.147, 6;
    %dup/vec4;
    %pushi/vec4 148, 0, 8;
    %cmp/u;
    %jmp/1 T_23.148, 6;
    %dup/vec4;
    %pushi/vec4 149, 0, 8;
    %cmp/u;
    %jmp/1 T_23.149, 6;
    %dup/vec4;
    %pushi/vec4 150, 0, 8;
    %cmp/u;
    %jmp/1 T_23.150, 6;
    %dup/vec4;
    %pushi/vec4 151, 0, 8;
    %cmp/u;
    %jmp/1 T_23.151, 6;
    %dup/vec4;
    %pushi/vec4 152, 0, 8;
    %cmp/u;
    %jmp/1 T_23.152, 6;
    %dup/vec4;
    %pushi/vec4 153, 0, 8;
    %cmp/u;
    %jmp/1 T_23.153, 6;
    %dup/vec4;
    %pushi/vec4 154, 0, 8;
    %cmp/u;
    %jmp/1 T_23.154, 6;
    %dup/vec4;
    %pushi/vec4 155, 0, 8;
    %cmp/u;
    %jmp/1 T_23.155, 6;
    %dup/vec4;
    %pushi/vec4 156, 0, 8;
    %cmp/u;
    %jmp/1 T_23.156, 6;
    %dup/vec4;
    %pushi/vec4 157, 0, 8;
    %cmp/u;
    %jmp/1 T_23.157, 6;
    %dup/vec4;
    %pushi/vec4 158, 0, 8;
    %cmp/u;
    %jmp/1 T_23.158, 6;
    %dup/vec4;
    %pushi/vec4 159, 0, 8;
    %cmp/u;
    %jmp/1 T_23.159, 6;
    %dup/vec4;
    %pushi/vec4 160, 0, 8;
    %cmp/u;
    %jmp/1 T_23.160, 6;
    %dup/vec4;
    %pushi/vec4 161, 0, 8;
    %cmp/u;
    %jmp/1 T_23.161, 6;
    %dup/vec4;
    %pushi/vec4 162, 0, 8;
    %cmp/u;
    %jmp/1 T_23.162, 6;
    %dup/vec4;
    %pushi/vec4 163, 0, 8;
    %cmp/u;
    %jmp/1 T_23.163, 6;
    %dup/vec4;
    %pushi/vec4 164, 0, 8;
    %cmp/u;
    %jmp/1 T_23.164, 6;
    %dup/vec4;
    %pushi/vec4 165, 0, 8;
    %cmp/u;
    %jmp/1 T_23.165, 6;
    %dup/vec4;
    %pushi/vec4 166, 0, 8;
    %cmp/u;
    %jmp/1 T_23.166, 6;
    %dup/vec4;
    %pushi/vec4 167, 0, 8;
    %cmp/u;
    %jmp/1 T_23.167, 6;
    %dup/vec4;
    %pushi/vec4 168, 0, 8;
    %cmp/u;
    %jmp/1 T_23.168, 6;
    %dup/vec4;
    %pushi/vec4 169, 0, 8;
    %cmp/u;
    %jmp/1 T_23.169, 6;
    %dup/vec4;
    %pushi/vec4 170, 0, 8;
    %cmp/u;
    %jmp/1 T_23.170, 6;
    %dup/vec4;
    %pushi/vec4 171, 0, 8;
    %cmp/u;
    %jmp/1 T_23.171, 6;
    %dup/vec4;
    %pushi/vec4 172, 0, 8;
    %cmp/u;
    %jmp/1 T_23.172, 6;
    %dup/vec4;
    %pushi/vec4 173, 0, 8;
    %cmp/u;
    %jmp/1 T_23.173, 6;
    %dup/vec4;
    %pushi/vec4 174, 0, 8;
    %cmp/u;
    %jmp/1 T_23.174, 6;
    %dup/vec4;
    %pushi/vec4 175, 0, 8;
    %cmp/u;
    %jmp/1 T_23.175, 6;
    %dup/vec4;
    %pushi/vec4 176, 0, 8;
    %cmp/u;
    %jmp/1 T_23.176, 6;
    %dup/vec4;
    %pushi/vec4 177, 0, 8;
    %cmp/u;
    %jmp/1 T_23.177, 6;
    %dup/vec4;
    %pushi/vec4 178, 0, 8;
    %cmp/u;
    %jmp/1 T_23.178, 6;
    %dup/vec4;
    %pushi/vec4 179, 0, 8;
    %cmp/u;
    %jmp/1 T_23.179, 6;
    %dup/vec4;
    %pushi/vec4 180, 0, 8;
    %cmp/u;
    %jmp/1 T_23.180, 6;
    %dup/vec4;
    %pushi/vec4 181, 0, 8;
    %cmp/u;
    %jmp/1 T_23.181, 6;
    %dup/vec4;
    %pushi/vec4 182, 0, 8;
    %cmp/u;
    %jmp/1 T_23.182, 6;
    %dup/vec4;
    %pushi/vec4 183, 0, 8;
    %cmp/u;
    %jmp/1 T_23.183, 6;
    %dup/vec4;
    %pushi/vec4 184, 0, 8;
    %cmp/u;
    %jmp/1 T_23.184, 6;
    %dup/vec4;
    %pushi/vec4 185, 0, 8;
    %cmp/u;
    %jmp/1 T_23.185, 6;
    %dup/vec4;
    %pushi/vec4 186, 0, 8;
    %cmp/u;
    %jmp/1 T_23.186, 6;
    %dup/vec4;
    %pushi/vec4 187, 0, 8;
    %cmp/u;
    %jmp/1 T_23.187, 6;
    %dup/vec4;
    %pushi/vec4 188, 0, 8;
    %cmp/u;
    %jmp/1 T_23.188, 6;
    %dup/vec4;
    %pushi/vec4 189, 0, 8;
    %cmp/u;
    %jmp/1 T_23.189, 6;
    %dup/vec4;
    %pushi/vec4 190, 0, 8;
    %cmp/u;
    %jmp/1 T_23.190, 6;
    %dup/vec4;
    %pushi/vec4 191, 0, 8;
    %cmp/u;
    %jmp/1 T_23.191, 6;
    %dup/vec4;
    %pushi/vec4 192, 0, 8;
    %cmp/u;
    %jmp/1 T_23.192, 6;
    %dup/vec4;
    %pushi/vec4 193, 0, 8;
    %cmp/u;
    %jmp/1 T_23.193, 6;
    %dup/vec4;
    %pushi/vec4 194, 0, 8;
    %cmp/u;
    %jmp/1 T_23.194, 6;
    %dup/vec4;
    %pushi/vec4 195, 0, 8;
    %cmp/u;
    %jmp/1 T_23.195, 6;
    %dup/vec4;
    %pushi/vec4 196, 0, 8;
    %cmp/u;
    %jmp/1 T_23.196, 6;
    %dup/vec4;
    %pushi/vec4 197, 0, 8;
    %cmp/u;
    %jmp/1 T_23.197, 6;
    %dup/vec4;
    %pushi/vec4 198, 0, 8;
    %cmp/u;
    %jmp/1 T_23.198, 6;
    %dup/vec4;
    %pushi/vec4 199, 0, 8;
    %cmp/u;
    %jmp/1 T_23.199, 6;
    %dup/vec4;
    %pushi/vec4 200, 0, 8;
    %cmp/u;
    %jmp/1 T_23.200, 6;
    %dup/vec4;
    %pushi/vec4 201, 0, 8;
    %cmp/u;
    %jmp/1 T_23.201, 6;
    %dup/vec4;
    %pushi/vec4 202, 0, 8;
    %cmp/u;
    %jmp/1 T_23.202, 6;
    %dup/vec4;
    %pushi/vec4 203, 0, 8;
    %cmp/u;
    %jmp/1 T_23.203, 6;
    %dup/vec4;
    %pushi/vec4 204, 0, 8;
    %cmp/u;
    %jmp/1 T_23.204, 6;
    %dup/vec4;
    %pushi/vec4 205, 0, 8;
    %cmp/u;
    %jmp/1 T_23.205, 6;
    %dup/vec4;
    %pushi/vec4 206, 0, 8;
    %cmp/u;
    %jmp/1 T_23.206, 6;
    %dup/vec4;
    %pushi/vec4 207, 0, 8;
    %cmp/u;
    %jmp/1 T_23.207, 6;
    %dup/vec4;
    %pushi/vec4 208, 0, 8;
    %cmp/u;
    %jmp/1 T_23.208, 6;
    %dup/vec4;
    %pushi/vec4 209, 0, 8;
    %cmp/u;
    %jmp/1 T_23.209, 6;
    %dup/vec4;
    %pushi/vec4 210, 0, 8;
    %cmp/u;
    %jmp/1 T_23.210, 6;
    %dup/vec4;
    %pushi/vec4 211, 0, 8;
    %cmp/u;
    %jmp/1 T_23.211, 6;
    %dup/vec4;
    %pushi/vec4 212, 0, 8;
    %cmp/u;
    %jmp/1 T_23.212, 6;
    %dup/vec4;
    %pushi/vec4 213, 0, 8;
    %cmp/u;
    %jmp/1 T_23.213, 6;
    %dup/vec4;
    %pushi/vec4 214, 0, 8;
    %cmp/u;
    %jmp/1 T_23.214, 6;
    %dup/vec4;
    %pushi/vec4 215, 0, 8;
    %cmp/u;
    %jmp/1 T_23.215, 6;
    %dup/vec4;
    %pushi/vec4 216, 0, 8;
    %cmp/u;
    %jmp/1 T_23.216, 6;
    %dup/vec4;
    %pushi/vec4 217, 0, 8;
    %cmp/u;
    %jmp/1 T_23.217, 6;
    %dup/vec4;
    %pushi/vec4 218, 0, 8;
    %cmp/u;
    %jmp/1 T_23.218, 6;
    %dup/vec4;
    %pushi/vec4 219, 0, 8;
    %cmp/u;
    %jmp/1 T_23.219, 6;
    %dup/vec4;
    %pushi/vec4 220, 0, 8;
    %cmp/u;
    %jmp/1 T_23.220, 6;
    %dup/vec4;
    %pushi/vec4 221, 0, 8;
    %cmp/u;
    %jmp/1 T_23.221, 6;
    %dup/vec4;
    %pushi/vec4 222, 0, 8;
    %cmp/u;
    %jmp/1 T_23.222, 6;
    %dup/vec4;
    %pushi/vec4 223, 0, 8;
    %cmp/u;
    %jmp/1 T_23.223, 6;
    %dup/vec4;
    %pushi/vec4 224, 0, 8;
    %cmp/u;
    %jmp/1 T_23.224, 6;
    %dup/vec4;
    %pushi/vec4 225, 0, 8;
    %cmp/u;
    %jmp/1 T_23.225, 6;
    %dup/vec4;
    %pushi/vec4 226, 0, 8;
    %cmp/u;
    %jmp/1 T_23.226, 6;
    %dup/vec4;
    %pushi/vec4 227, 0, 8;
    %cmp/u;
    %jmp/1 T_23.227, 6;
    %dup/vec4;
    %pushi/vec4 228, 0, 8;
    %cmp/u;
    %jmp/1 T_23.228, 6;
    %dup/vec4;
    %pushi/vec4 229, 0, 8;
    %cmp/u;
    %jmp/1 T_23.229, 6;
    %dup/vec4;
    %pushi/vec4 230, 0, 8;
    %cmp/u;
    %jmp/1 T_23.230, 6;
    %dup/vec4;
    %pushi/vec4 231, 0, 8;
    %cmp/u;
    %jmp/1 T_23.231, 6;
    %dup/vec4;
    %pushi/vec4 232, 0, 8;
    %cmp/u;
    %jmp/1 T_23.232, 6;
    %dup/vec4;
    %pushi/vec4 233, 0, 8;
    %cmp/u;
    %jmp/1 T_23.233, 6;
    %dup/vec4;
    %pushi/vec4 234, 0, 8;
    %cmp/u;
    %jmp/1 T_23.234, 6;
    %dup/vec4;
    %pushi/vec4 235, 0, 8;
    %cmp/u;
    %jmp/1 T_23.235, 6;
    %dup/vec4;
    %pushi/vec4 236, 0, 8;
    %cmp/u;
    %jmp/1 T_23.236, 6;
    %dup/vec4;
    %pushi/vec4 237, 0, 8;
    %cmp/u;
    %jmp/1 T_23.237, 6;
    %dup/vec4;
    %pushi/vec4 238, 0, 8;
    %cmp/u;
    %jmp/1 T_23.238, 6;
    %dup/vec4;
    %pushi/vec4 239, 0, 8;
    %cmp/u;
    %jmp/1 T_23.239, 6;
    %dup/vec4;
    %pushi/vec4 240, 0, 8;
    %cmp/u;
    %jmp/1 T_23.240, 6;
    %dup/vec4;
    %pushi/vec4 241, 0, 8;
    %cmp/u;
    %jmp/1 T_23.241, 6;
    %dup/vec4;
    %pushi/vec4 242, 0, 8;
    %cmp/u;
    %jmp/1 T_23.242, 6;
    %dup/vec4;
    %pushi/vec4 243, 0, 8;
    %cmp/u;
    %jmp/1 T_23.243, 6;
    %dup/vec4;
    %pushi/vec4 244, 0, 8;
    %cmp/u;
    %jmp/1 T_23.244, 6;
    %dup/vec4;
    %pushi/vec4 245, 0, 8;
    %cmp/u;
    %jmp/1 T_23.245, 6;
    %dup/vec4;
    %pushi/vec4 246, 0, 8;
    %cmp/u;
    %jmp/1 T_23.246, 6;
    %dup/vec4;
    %pushi/vec4 247, 0, 8;
    %cmp/u;
    %jmp/1 T_23.247, 6;
    %dup/vec4;
    %pushi/vec4 248, 0, 8;
    %cmp/u;
    %jmp/1 T_23.248, 6;
    %dup/vec4;
    %pushi/vec4 249, 0, 8;
    %cmp/u;
    %jmp/1 T_23.249, 6;
    %dup/vec4;
    %pushi/vec4 250, 0, 8;
    %cmp/u;
    %jmp/1 T_23.250, 6;
    %dup/vec4;
    %pushi/vec4 251, 0, 8;
    %cmp/u;
    %jmp/1 T_23.251, 6;
    %dup/vec4;
    %pushi/vec4 252, 0, 8;
    %cmp/u;
    %jmp/1 T_23.252, 6;
    %dup/vec4;
    %pushi/vec4 253, 0, 8;
    %cmp/u;
    %jmp/1 T_23.253, 6;
    %dup/vec4;
    %pushi/vec4 254, 0, 8;
    %cmp/u;
    %jmp/1 T_23.254, 6;
    %dup/vec4;
    %pushi/vec4 255, 0, 8;
    %cmp/u;
    %jmp/1 T_23.255, 6;
    %jmp T_23.256;
T_23.0 ;
    %pushi/vec4 99, 0, 8;
    %store/vec4 v00000149b14482a0_0, 0, 8;
    %jmp T_23.256;
T_23.1 ;
    %pushi/vec4 124, 0, 8;
    %store/vec4 v00000149b14482a0_0, 0, 8;
    %jmp T_23.256;
T_23.2 ;
    %pushi/vec4 119, 0, 8;
    %store/vec4 v00000149b14482a0_0, 0, 8;
    %jmp T_23.256;
T_23.3 ;
    %pushi/vec4 123, 0, 8;
    %store/vec4 v00000149b14482a0_0, 0, 8;
    %jmp T_23.256;
T_23.4 ;
    %pushi/vec4 242, 0, 8;
    %store/vec4 v00000149b14482a0_0, 0, 8;
    %jmp T_23.256;
T_23.5 ;
    %pushi/vec4 107, 0, 8;
    %store/vec4 v00000149b14482a0_0, 0, 8;
    %jmp T_23.256;
T_23.6 ;
    %pushi/vec4 111, 0, 8;
    %store/vec4 v00000149b14482a0_0, 0, 8;
    %jmp T_23.256;
T_23.7 ;
    %pushi/vec4 197, 0, 8;
    %store/vec4 v00000149b14482a0_0, 0, 8;
    %jmp T_23.256;
T_23.8 ;
    %pushi/vec4 48, 0, 8;
    %store/vec4 v00000149b14482a0_0, 0, 8;
    %jmp T_23.256;
T_23.9 ;
    %pushi/vec4 1, 0, 8;
    %store/vec4 v00000149b14482a0_0, 0, 8;
    %jmp T_23.256;
T_23.10 ;
    %pushi/vec4 103, 0, 8;
    %store/vec4 v00000149b14482a0_0, 0, 8;
    %jmp T_23.256;
T_23.11 ;
    %pushi/vec4 43, 0, 8;
    %store/vec4 v00000149b14482a0_0, 0, 8;
    %jmp T_23.256;
T_23.12 ;
    %pushi/vec4 254, 0, 8;
    %store/vec4 v00000149b14482a0_0, 0, 8;
    %jmp T_23.256;
T_23.13 ;
    %pushi/vec4 215, 0, 8;
    %store/vec4 v00000149b14482a0_0, 0, 8;
    %jmp T_23.256;
T_23.14 ;
    %pushi/vec4 171, 0, 8;
    %store/vec4 v00000149b14482a0_0, 0, 8;
    %jmp T_23.256;
T_23.15 ;
    %pushi/vec4 118, 0, 8;
    %store/vec4 v00000149b14482a0_0, 0, 8;
    %jmp T_23.256;
T_23.16 ;
    %pushi/vec4 202, 0, 8;
    %store/vec4 v00000149b14482a0_0, 0, 8;
    %jmp T_23.256;
T_23.17 ;
    %pushi/vec4 130, 0, 8;
    %store/vec4 v00000149b14482a0_0, 0, 8;
    %jmp T_23.256;
T_23.18 ;
    %pushi/vec4 201, 0, 8;
    %store/vec4 v00000149b14482a0_0, 0, 8;
    %jmp T_23.256;
T_23.19 ;
    %pushi/vec4 125, 0, 8;
    %store/vec4 v00000149b14482a0_0, 0, 8;
    %jmp T_23.256;
T_23.20 ;
    %pushi/vec4 250, 0, 8;
    %store/vec4 v00000149b14482a0_0, 0, 8;
    %jmp T_23.256;
T_23.21 ;
    %pushi/vec4 89, 0, 8;
    %store/vec4 v00000149b14482a0_0, 0, 8;
    %jmp T_23.256;
T_23.22 ;
    %pushi/vec4 71, 0, 8;
    %store/vec4 v00000149b14482a0_0, 0, 8;
    %jmp T_23.256;
T_23.23 ;
    %pushi/vec4 240, 0, 8;
    %store/vec4 v00000149b14482a0_0, 0, 8;
    %jmp T_23.256;
T_23.24 ;
    %pushi/vec4 173, 0, 8;
    %store/vec4 v00000149b14482a0_0, 0, 8;
    %jmp T_23.256;
T_23.25 ;
    %pushi/vec4 212, 0, 8;
    %store/vec4 v00000149b14482a0_0, 0, 8;
    %jmp T_23.256;
T_23.26 ;
    %pushi/vec4 162, 0, 8;
    %store/vec4 v00000149b14482a0_0, 0, 8;
    %jmp T_23.256;
T_23.27 ;
    %pushi/vec4 175, 0, 8;
    %store/vec4 v00000149b14482a0_0, 0, 8;
    %jmp T_23.256;
T_23.28 ;
    %pushi/vec4 156, 0, 8;
    %store/vec4 v00000149b14482a0_0, 0, 8;
    %jmp T_23.256;
T_23.29 ;
    %pushi/vec4 164, 0, 8;
    %store/vec4 v00000149b14482a0_0, 0, 8;
    %jmp T_23.256;
T_23.30 ;
    %pushi/vec4 114, 0, 8;
    %store/vec4 v00000149b14482a0_0, 0, 8;
    %jmp T_23.256;
T_23.31 ;
    %pushi/vec4 192, 0, 8;
    %store/vec4 v00000149b14482a0_0, 0, 8;
    %jmp T_23.256;
T_23.32 ;
    %pushi/vec4 183, 0, 8;
    %store/vec4 v00000149b14482a0_0, 0, 8;
    %jmp T_23.256;
T_23.33 ;
    %pushi/vec4 253, 0, 8;
    %store/vec4 v00000149b14482a0_0, 0, 8;
    %jmp T_23.256;
T_23.34 ;
    %pushi/vec4 147, 0, 8;
    %store/vec4 v00000149b14482a0_0, 0, 8;
    %jmp T_23.256;
T_23.35 ;
    %pushi/vec4 38, 0, 8;
    %store/vec4 v00000149b14482a0_0, 0, 8;
    %jmp T_23.256;
T_23.36 ;
    %pushi/vec4 54, 0, 8;
    %store/vec4 v00000149b14482a0_0, 0, 8;
    %jmp T_23.256;
T_23.37 ;
    %pushi/vec4 63, 0, 8;
    %store/vec4 v00000149b14482a0_0, 0, 8;
    %jmp T_23.256;
T_23.38 ;
    %pushi/vec4 247, 0, 8;
    %store/vec4 v00000149b14482a0_0, 0, 8;
    %jmp T_23.256;
T_23.39 ;
    %pushi/vec4 204, 0, 8;
    %store/vec4 v00000149b14482a0_0, 0, 8;
    %jmp T_23.256;
T_23.40 ;
    %pushi/vec4 52, 0, 8;
    %store/vec4 v00000149b14482a0_0, 0, 8;
    %jmp T_23.256;
T_23.41 ;
    %pushi/vec4 165, 0, 8;
    %store/vec4 v00000149b14482a0_0, 0, 8;
    %jmp T_23.256;
T_23.42 ;
    %pushi/vec4 229, 0, 8;
    %store/vec4 v00000149b14482a0_0, 0, 8;
    %jmp T_23.256;
T_23.43 ;
    %pushi/vec4 241, 0, 8;
    %store/vec4 v00000149b14482a0_0, 0, 8;
    %jmp T_23.256;
T_23.44 ;
    %pushi/vec4 113, 0, 8;
    %store/vec4 v00000149b14482a0_0, 0, 8;
    %jmp T_23.256;
T_23.45 ;
    %pushi/vec4 216, 0, 8;
    %store/vec4 v00000149b14482a0_0, 0, 8;
    %jmp T_23.256;
T_23.46 ;
    %pushi/vec4 49, 0, 8;
    %store/vec4 v00000149b14482a0_0, 0, 8;
    %jmp T_23.256;
T_23.47 ;
    %pushi/vec4 21, 0, 8;
    %store/vec4 v00000149b14482a0_0, 0, 8;
    %jmp T_23.256;
T_23.48 ;
    %pushi/vec4 4, 0, 8;
    %store/vec4 v00000149b14482a0_0, 0, 8;
    %jmp T_23.256;
T_23.49 ;
    %pushi/vec4 199, 0, 8;
    %store/vec4 v00000149b14482a0_0, 0, 8;
    %jmp T_23.256;
T_23.50 ;
    %pushi/vec4 35, 0, 8;
    %store/vec4 v00000149b14482a0_0, 0, 8;
    %jmp T_23.256;
T_23.51 ;
    %pushi/vec4 195, 0, 8;
    %store/vec4 v00000149b14482a0_0, 0, 8;
    %jmp T_23.256;
T_23.52 ;
    %pushi/vec4 24, 0, 8;
    %store/vec4 v00000149b14482a0_0, 0, 8;
    %jmp T_23.256;
T_23.53 ;
    %pushi/vec4 150, 0, 8;
    %store/vec4 v00000149b14482a0_0, 0, 8;
    %jmp T_23.256;
T_23.54 ;
    %pushi/vec4 5, 0, 8;
    %store/vec4 v00000149b14482a0_0, 0, 8;
    %jmp T_23.256;
T_23.55 ;
    %pushi/vec4 154, 0, 8;
    %store/vec4 v00000149b14482a0_0, 0, 8;
    %jmp T_23.256;
T_23.56 ;
    %pushi/vec4 7, 0, 8;
    %store/vec4 v00000149b14482a0_0, 0, 8;
    %jmp T_23.256;
T_23.57 ;
    %pushi/vec4 18, 0, 8;
    %store/vec4 v00000149b14482a0_0, 0, 8;
    %jmp T_23.256;
T_23.58 ;
    %pushi/vec4 128, 0, 8;
    %store/vec4 v00000149b14482a0_0, 0, 8;
    %jmp T_23.256;
T_23.59 ;
    %pushi/vec4 226, 0, 8;
    %store/vec4 v00000149b14482a0_0, 0, 8;
    %jmp T_23.256;
T_23.60 ;
    %pushi/vec4 235, 0, 8;
    %store/vec4 v00000149b14482a0_0, 0, 8;
    %jmp T_23.256;
T_23.61 ;
    %pushi/vec4 39, 0, 8;
    %store/vec4 v00000149b14482a0_0, 0, 8;
    %jmp T_23.256;
T_23.62 ;
    %pushi/vec4 178, 0, 8;
    %store/vec4 v00000149b14482a0_0, 0, 8;
    %jmp T_23.256;
T_23.63 ;
    %pushi/vec4 117, 0, 8;
    %store/vec4 v00000149b14482a0_0, 0, 8;
    %jmp T_23.256;
T_23.64 ;
    %pushi/vec4 9, 0, 8;
    %store/vec4 v00000149b14482a0_0, 0, 8;
    %jmp T_23.256;
T_23.65 ;
    %pushi/vec4 131, 0, 8;
    %store/vec4 v00000149b14482a0_0, 0, 8;
    %jmp T_23.256;
T_23.66 ;
    %pushi/vec4 44, 0, 8;
    %store/vec4 v00000149b14482a0_0, 0, 8;
    %jmp T_23.256;
T_23.67 ;
    %pushi/vec4 26, 0, 8;
    %store/vec4 v00000149b14482a0_0, 0, 8;
    %jmp T_23.256;
T_23.68 ;
    %pushi/vec4 27, 0, 8;
    %store/vec4 v00000149b14482a0_0, 0, 8;
    %jmp T_23.256;
T_23.69 ;
    %pushi/vec4 110, 0, 8;
    %store/vec4 v00000149b14482a0_0, 0, 8;
    %jmp T_23.256;
T_23.70 ;
    %pushi/vec4 90, 0, 8;
    %store/vec4 v00000149b14482a0_0, 0, 8;
    %jmp T_23.256;
T_23.71 ;
    %pushi/vec4 160, 0, 8;
    %store/vec4 v00000149b14482a0_0, 0, 8;
    %jmp T_23.256;
T_23.72 ;
    %pushi/vec4 82, 0, 8;
    %store/vec4 v00000149b14482a0_0, 0, 8;
    %jmp T_23.256;
T_23.73 ;
    %pushi/vec4 59, 0, 8;
    %store/vec4 v00000149b14482a0_0, 0, 8;
    %jmp T_23.256;
T_23.74 ;
    %pushi/vec4 214, 0, 8;
    %store/vec4 v00000149b14482a0_0, 0, 8;
    %jmp T_23.256;
T_23.75 ;
    %pushi/vec4 179, 0, 8;
    %store/vec4 v00000149b14482a0_0, 0, 8;
    %jmp T_23.256;
T_23.76 ;
    %pushi/vec4 41, 0, 8;
    %store/vec4 v00000149b14482a0_0, 0, 8;
    %jmp T_23.256;
T_23.77 ;
    %pushi/vec4 227, 0, 8;
    %store/vec4 v00000149b14482a0_0, 0, 8;
    %jmp T_23.256;
T_23.78 ;
    %pushi/vec4 47, 0, 8;
    %store/vec4 v00000149b14482a0_0, 0, 8;
    %jmp T_23.256;
T_23.79 ;
    %pushi/vec4 132, 0, 8;
    %store/vec4 v00000149b14482a0_0, 0, 8;
    %jmp T_23.256;
T_23.80 ;
    %pushi/vec4 83, 0, 8;
    %store/vec4 v00000149b14482a0_0, 0, 8;
    %jmp T_23.256;
T_23.81 ;
    %pushi/vec4 209, 0, 8;
    %store/vec4 v00000149b14482a0_0, 0, 8;
    %jmp T_23.256;
T_23.82 ;
    %pushi/vec4 0, 0, 8;
    %store/vec4 v00000149b14482a0_0, 0, 8;
    %jmp T_23.256;
T_23.83 ;
    %pushi/vec4 237, 0, 8;
    %store/vec4 v00000149b14482a0_0, 0, 8;
    %jmp T_23.256;
T_23.84 ;
    %pushi/vec4 32, 0, 8;
    %store/vec4 v00000149b14482a0_0, 0, 8;
    %jmp T_23.256;
T_23.85 ;
    %pushi/vec4 252, 0, 8;
    %store/vec4 v00000149b14482a0_0, 0, 8;
    %jmp T_23.256;
T_23.86 ;
    %pushi/vec4 177, 0, 8;
    %store/vec4 v00000149b14482a0_0, 0, 8;
    %jmp T_23.256;
T_23.87 ;
    %pushi/vec4 91, 0, 8;
    %store/vec4 v00000149b14482a0_0, 0, 8;
    %jmp T_23.256;
T_23.88 ;
    %pushi/vec4 106, 0, 8;
    %store/vec4 v00000149b14482a0_0, 0, 8;
    %jmp T_23.256;
T_23.89 ;
    %pushi/vec4 203, 0, 8;
    %store/vec4 v00000149b14482a0_0, 0, 8;
    %jmp T_23.256;
T_23.90 ;
    %pushi/vec4 190, 0, 8;
    %store/vec4 v00000149b14482a0_0, 0, 8;
    %jmp T_23.256;
T_23.91 ;
    %pushi/vec4 57, 0, 8;
    %store/vec4 v00000149b14482a0_0, 0, 8;
    %jmp T_23.256;
T_23.92 ;
    %pushi/vec4 74, 0, 8;
    %store/vec4 v00000149b14482a0_0, 0, 8;
    %jmp T_23.256;
T_23.93 ;
    %pushi/vec4 76, 0, 8;
    %store/vec4 v00000149b14482a0_0, 0, 8;
    %jmp T_23.256;
T_23.94 ;
    %pushi/vec4 88, 0, 8;
    %store/vec4 v00000149b14482a0_0, 0, 8;
    %jmp T_23.256;
T_23.95 ;
    %pushi/vec4 207, 0, 8;
    %store/vec4 v00000149b14482a0_0, 0, 8;
    %jmp T_23.256;
T_23.96 ;
    %pushi/vec4 208, 0, 8;
    %store/vec4 v00000149b14482a0_0, 0, 8;
    %jmp T_23.256;
T_23.97 ;
    %pushi/vec4 239, 0, 8;
    %store/vec4 v00000149b14482a0_0, 0, 8;
    %jmp T_23.256;
T_23.98 ;
    %pushi/vec4 170, 0, 8;
    %store/vec4 v00000149b14482a0_0, 0, 8;
    %jmp T_23.256;
T_23.99 ;
    %pushi/vec4 251, 0, 8;
    %store/vec4 v00000149b14482a0_0, 0, 8;
    %jmp T_23.256;
T_23.100 ;
    %pushi/vec4 67, 0, 8;
    %store/vec4 v00000149b14482a0_0, 0, 8;
    %jmp T_23.256;
T_23.101 ;
    %pushi/vec4 77, 0, 8;
    %store/vec4 v00000149b14482a0_0, 0, 8;
    %jmp T_23.256;
T_23.102 ;
    %pushi/vec4 51, 0, 8;
    %store/vec4 v00000149b14482a0_0, 0, 8;
    %jmp T_23.256;
T_23.103 ;
    %pushi/vec4 133, 0, 8;
    %store/vec4 v00000149b14482a0_0, 0, 8;
    %jmp T_23.256;
T_23.104 ;
    %pushi/vec4 69, 0, 8;
    %store/vec4 v00000149b14482a0_0, 0, 8;
    %jmp T_23.256;
T_23.105 ;
    %pushi/vec4 249, 0, 8;
    %store/vec4 v00000149b14482a0_0, 0, 8;
    %jmp T_23.256;
T_23.106 ;
    %pushi/vec4 2, 0, 8;
    %store/vec4 v00000149b14482a0_0, 0, 8;
    %jmp T_23.256;
T_23.107 ;
    %pushi/vec4 127, 0, 8;
    %store/vec4 v00000149b14482a0_0, 0, 8;
    %jmp T_23.256;
T_23.108 ;
    %pushi/vec4 80, 0, 8;
    %store/vec4 v00000149b14482a0_0, 0, 8;
    %jmp T_23.256;
T_23.109 ;
    %pushi/vec4 60, 0, 8;
    %store/vec4 v00000149b14482a0_0, 0, 8;
    %jmp T_23.256;
T_23.110 ;
    %pushi/vec4 159, 0, 8;
    %store/vec4 v00000149b14482a0_0, 0, 8;
    %jmp T_23.256;
T_23.111 ;
    %pushi/vec4 168, 0, 8;
    %store/vec4 v00000149b14482a0_0, 0, 8;
    %jmp T_23.256;
T_23.112 ;
    %pushi/vec4 81, 0, 8;
    %store/vec4 v00000149b14482a0_0, 0, 8;
    %jmp T_23.256;
T_23.113 ;
    %pushi/vec4 163, 0, 8;
    %store/vec4 v00000149b14482a0_0, 0, 8;
    %jmp T_23.256;
T_23.114 ;
    %pushi/vec4 64, 0, 8;
    %store/vec4 v00000149b14482a0_0, 0, 8;
    %jmp T_23.256;
T_23.115 ;
    %pushi/vec4 143, 0, 8;
    %store/vec4 v00000149b14482a0_0, 0, 8;
    %jmp T_23.256;
T_23.116 ;
    %pushi/vec4 146, 0, 8;
    %store/vec4 v00000149b14482a0_0, 0, 8;
    %jmp T_23.256;
T_23.117 ;
    %pushi/vec4 157, 0, 8;
    %store/vec4 v00000149b14482a0_0, 0, 8;
    %jmp T_23.256;
T_23.118 ;
    %pushi/vec4 56, 0, 8;
    %store/vec4 v00000149b14482a0_0, 0, 8;
    %jmp T_23.256;
T_23.119 ;
    %pushi/vec4 245, 0, 8;
    %store/vec4 v00000149b14482a0_0, 0, 8;
    %jmp T_23.256;
T_23.120 ;
    %pushi/vec4 188, 0, 8;
    %store/vec4 v00000149b14482a0_0, 0, 8;
    %jmp T_23.256;
T_23.121 ;
    %pushi/vec4 182, 0, 8;
    %store/vec4 v00000149b14482a0_0, 0, 8;
    %jmp T_23.256;
T_23.122 ;
    %pushi/vec4 218, 0, 8;
    %store/vec4 v00000149b14482a0_0, 0, 8;
    %jmp T_23.256;
T_23.123 ;
    %pushi/vec4 33, 0, 8;
    %store/vec4 v00000149b14482a0_0, 0, 8;
    %jmp T_23.256;
T_23.124 ;
    %pushi/vec4 16, 0, 8;
    %store/vec4 v00000149b14482a0_0, 0, 8;
    %jmp T_23.256;
T_23.125 ;
    %pushi/vec4 255, 0, 8;
    %store/vec4 v00000149b14482a0_0, 0, 8;
    %jmp T_23.256;
T_23.126 ;
    %pushi/vec4 243, 0, 8;
    %store/vec4 v00000149b14482a0_0, 0, 8;
    %jmp T_23.256;
T_23.127 ;
    %pushi/vec4 210, 0, 8;
    %store/vec4 v00000149b14482a0_0, 0, 8;
    %jmp T_23.256;
T_23.128 ;
    %pushi/vec4 205, 0, 8;
    %store/vec4 v00000149b14482a0_0, 0, 8;
    %jmp T_23.256;
T_23.129 ;
    %pushi/vec4 12, 0, 8;
    %store/vec4 v00000149b14482a0_0, 0, 8;
    %jmp T_23.256;
T_23.130 ;
    %pushi/vec4 19, 0, 8;
    %store/vec4 v00000149b14482a0_0, 0, 8;
    %jmp T_23.256;
T_23.131 ;
    %pushi/vec4 236, 0, 8;
    %store/vec4 v00000149b14482a0_0, 0, 8;
    %jmp T_23.256;
T_23.132 ;
    %pushi/vec4 95, 0, 8;
    %store/vec4 v00000149b14482a0_0, 0, 8;
    %jmp T_23.256;
T_23.133 ;
    %pushi/vec4 151, 0, 8;
    %store/vec4 v00000149b14482a0_0, 0, 8;
    %jmp T_23.256;
T_23.134 ;
    %pushi/vec4 68, 0, 8;
    %store/vec4 v00000149b14482a0_0, 0, 8;
    %jmp T_23.256;
T_23.135 ;
    %pushi/vec4 23, 0, 8;
    %store/vec4 v00000149b14482a0_0, 0, 8;
    %jmp T_23.256;
T_23.136 ;
    %pushi/vec4 196, 0, 8;
    %store/vec4 v00000149b14482a0_0, 0, 8;
    %jmp T_23.256;
T_23.137 ;
    %pushi/vec4 167, 0, 8;
    %store/vec4 v00000149b14482a0_0, 0, 8;
    %jmp T_23.256;
T_23.138 ;
    %pushi/vec4 126, 0, 8;
    %store/vec4 v00000149b14482a0_0, 0, 8;
    %jmp T_23.256;
T_23.139 ;
    %pushi/vec4 61, 0, 8;
    %store/vec4 v00000149b14482a0_0, 0, 8;
    %jmp T_23.256;
T_23.140 ;
    %pushi/vec4 100, 0, 8;
    %store/vec4 v00000149b14482a0_0, 0, 8;
    %jmp T_23.256;
T_23.141 ;
    %pushi/vec4 93, 0, 8;
    %store/vec4 v00000149b14482a0_0, 0, 8;
    %jmp T_23.256;
T_23.142 ;
    %pushi/vec4 25, 0, 8;
    %store/vec4 v00000149b14482a0_0, 0, 8;
    %jmp T_23.256;
T_23.143 ;
    %pushi/vec4 115, 0, 8;
    %store/vec4 v00000149b14482a0_0, 0, 8;
    %jmp T_23.256;
T_23.144 ;
    %pushi/vec4 96, 0, 8;
    %store/vec4 v00000149b14482a0_0, 0, 8;
    %jmp T_23.256;
T_23.145 ;
    %pushi/vec4 129, 0, 8;
    %store/vec4 v00000149b14482a0_0, 0, 8;
    %jmp T_23.256;
T_23.146 ;
    %pushi/vec4 79, 0, 8;
    %store/vec4 v00000149b14482a0_0, 0, 8;
    %jmp T_23.256;
T_23.147 ;
    %pushi/vec4 220, 0, 8;
    %store/vec4 v00000149b14482a0_0, 0, 8;
    %jmp T_23.256;
T_23.148 ;
    %pushi/vec4 34, 0, 8;
    %store/vec4 v00000149b14482a0_0, 0, 8;
    %jmp T_23.256;
T_23.149 ;
    %pushi/vec4 42, 0, 8;
    %store/vec4 v00000149b14482a0_0, 0, 8;
    %jmp T_23.256;
T_23.150 ;
    %pushi/vec4 144, 0, 8;
    %store/vec4 v00000149b14482a0_0, 0, 8;
    %jmp T_23.256;
T_23.151 ;
    %pushi/vec4 136, 0, 8;
    %store/vec4 v00000149b14482a0_0, 0, 8;
    %jmp T_23.256;
T_23.152 ;
    %pushi/vec4 70, 0, 8;
    %store/vec4 v00000149b14482a0_0, 0, 8;
    %jmp T_23.256;
T_23.153 ;
    %pushi/vec4 238, 0, 8;
    %store/vec4 v00000149b14482a0_0, 0, 8;
    %jmp T_23.256;
T_23.154 ;
    %pushi/vec4 184, 0, 8;
    %store/vec4 v00000149b14482a0_0, 0, 8;
    %jmp T_23.256;
T_23.155 ;
    %pushi/vec4 20, 0, 8;
    %store/vec4 v00000149b14482a0_0, 0, 8;
    %jmp T_23.256;
T_23.156 ;
    %pushi/vec4 222, 0, 8;
    %store/vec4 v00000149b14482a0_0, 0, 8;
    %jmp T_23.256;
T_23.157 ;
    %pushi/vec4 94, 0, 8;
    %store/vec4 v00000149b14482a0_0, 0, 8;
    %jmp T_23.256;
T_23.158 ;
    %pushi/vec4 11, 0, 8;
    %store/vec4 v00000149b14482a0_0, 0, 8;
    %jmp T_23.256;
T_23.159 ;
    %pushi/vec4 219, 0, 8;
    %store/vec4 v00000149b14482a0_0, 0, 8;
    %jmp T_23.256;
T_23.160 ;
    %pushi/vec4 224, 0, 8;
    %store/vec4 v00000149b14482a0_0, 0, 8;
    %jmp T_23.256;
T_23.161 ;
    %pushi/vec4 50, 0, 8;
    %store/vec4 v00000149b14482a0_0, 0, 8;
    %jmp T_23.256;
T_23.162 ;
    %pushi/vec4 58, 0, 8;
    %store/vec4 v00000149b14482a0_0, 0, 8;
    %jmp T_23.256;
T_23.163 ;
    %pushi/vec4 10, 0, 8;
    %store/vec4 v00000149b14482a0_0, 0, 8;
    %jmp T_23.256;
T_23.164 ;
    %pushi/vec4 73, 0, 8;
    %store/vec4 v00000149b14482a0_0, 0, 8;
    %jmp T_23.256;
T_23.165 ;
    %pushi/vec4 6, 0, 8;
    %store/vec4 v00000149b14482a0_0, 0, 8;
    %jmp T_23.256;
T_23.166 ;
    %pushi/vec4 36, 0, 8;
    %store/vec4 v00000149b14482a0_0, 0, 8;
    %jmp T_23.256;
T_23.167 ;
    %pushi/vec4 92, 0, 8;
    %store/vec4 v00000149b14482a0_0, 0, 8;
    %jmp T_23.256;
T_23.168 ;
    %pushi/vec4 194, 0, 8;
    %store/vec4 v00000149b14482a0_0, 0, 8;
    %jmp T_23.256;
T_23.169 ;
    %pushi/vec4 211, 0, 8;
    %store/vec4 v00000149b14482a0_0, 0, 8;
    %jmp T_23.256;
T_23.170 ;
    %pushi/vec4 172, 0, 8;
    %store/vec4 v00000149b14482a0_0, 0, 8;
    %jmp T_23.256;
T_23.171 ;
    %pushi/vec4 98, 0, 8;
    %store/vec4 v00000149b14482a0_0, 0, 8;
    %jmp T_23.256;
T_23.172 ;
    %pushi/vec4 145, 0, 8;
    %store/vec4 v00000149b14482a0_0, 0, 8;
    %jmp T_23.256;
T_23.173 ;
    %pushi/vec4 149, 0, 8;
    %store/vec4 v00000149b14482a0_0, 0, 8;
    %jmp T_23.256;
T_23.174 ;
    %pushi/vec4 228, 0, 8;
    %store/vec4 v00000149b14482a0_0, 0, 8;
    %jmp T_23.256;
T_23.175 ;
    %pushi/vec4 121, 0, 8;
    %store/vec4 v00000149b14482a0_0, 0, 8;
    %jmp T_23.256;
T_23.176 ;
    %pushi/vec4 231, 0, 8;
    %store/vec4 v00000149b14482a0_0, 0, 8;
    %jmp T_23.256;
T_23.177 ;
    %pushi/vec4 200, 0, 8;
    %store/vec4 v00000149b14482a0_0, 0, 8;
    %jmp T_23.256;
T_23.178 ;
    %pushi/vec4 55, 0, 8;
    %store/vec4 v00000149b14482a0_0, 0, 8;
    %jmp T_23.256;
T_23.179 ;
    %pushi/vec4 109, 0, 8;
    %store/vec4 v00000149b14482a0_0, 0, 8;
    %jmp T_23.256;
T_23.180 ;
    %pushi/vec4 141, 0, 8;
    %store/vec4 v00000149b14482a0_0, 0, 8;
    %jmp T_23.256;
T_23.181 ;
    %pushi/vec4 213, 0, 8;
    %store/vec4 v00000149b14482a0_0, 0, 8;
    %jmp T_23.256;
T_23.182 ;
    %pushi/vec4 78, 0, 8;
    %store/vec4 v00000149b14482a0_0, 0, 8;
    %jmp T_23.256;
T_23.183 ;
    %pushi/vec4 169, 0, 8;
    %store/vec4 v00000149b14482a0_0, 0, 8;
    %jmp T_23.256;
T_23.184 ;
    %pushi/vec4 108, 0, 8;
    %store/vec4 v00000149b14482a0_0, 0, 8;
    %jmp T_23.256;
T_23.185 ;
    %pushi/vec4 86, 0, 8;
    %store/vec4 v00000149b14482a0_0, 0, 8;
    %jmp T_23.256;
T_23.186 ;
    %pushi/vec4 244, 0, 8;
    %store/vec4 v00000149b14482a0_0, 0, 8;
    %jmp T_23.256;
T_23.187 ;
    %pushi/vec4 234, 0, 8;
    %store/vec4 v00000149b14482a0_0, 0, 8;
    %jmp T_23.256;
T_23.188 ;
    %pushi/vec4 101, 0, 8;
    %store/vec4 v00000149b14482a0_0, 0, 8;
    %jmp T_23.256;
T_23.189 ;
    %pushi/vec4 122, 0, 8;
    %store/vec4 v00000149b14482a0_0, 0, 8;
    %jmp T_23.256;
T_23.190 ;
    %pushi/vec4 174, 0, 8;
    %store/vec4 v00000149b14482a0_0, 0, 8;
    %jmp T_23.256;
T_23.191 ;
    %pushi/vec4 8, 0, 8;
    %store/vec4 v00000149b14482a0_0, 0, 8;
    %jmp T_23.256;
T_23.192 ;
    %pushi/vec4 186, 0, 8;
    %store/vec4 v00000149b14482a0_0, 0, 8;
    %jmp T_23.256;
T_23.193 ;
    %pushi/vec4 120, 0, 8;
    %store/vec4 v00000149b14482a0_0, 0, 8;
    %jmp T_23.256;
T_23.194 ;
    %pushi/vec4 37, 0, 8;
    %store/vec4 v00000149b14482a0_0, 0, 8;
    %jmp T_23.256;
T_23.195 ;
    %pushi/vec4 46, 0, 8;
    %store/vec4 v00000149b14482a0_0, 0, 8;
    %jmp T_23.256;
T_23.196 ;
    %pushi/vec4 28, 0, 8;
    %store/vec4 v00000149b14482a0_0, 0, 8;
    %jmp T_23.256;
T_23.197 ;
    %pushi/vec4 166, 0, 8;
    %store/vec4 v00000149b14482a0_0, 0, 8;
    %jmp T_23.256;
T_23.198 ;
    %pushi/vec4 180, 0, 8;
    %store/vec4 v00000149b14482a0_0, 0, 8;
    %jmp T_23.256;
T_23.199 ;
    %pushi/vec4 198, 0, 8;
    %store/vec4 v00000149b14482a0_0, 0, 8;
    %jmp T_23.256;
T_23.200 ;
    %pushi/vec4 232, 0, 8;
    %store/vec4 v00000149b14482a0_0, 0, 8;
    %jmp T_23.256;
T_23.201 ;
    %pushi/vec4 221, 0, 8;
    %store/vec4 v00000149b14482a0_0, 0, 8;
    %jmp T_23.256;
T_23.202 ;
    %pushi/vec4 116, 0, 8;
    %store/vec4 v00000149b14482a0_0, 0, 8;
    %jmp T_23.256;
T_23.203 ;
    %pushi/vec4 31, 0, 8;
    %store/vec4 v00000149b14482a0_0, 0, 8;
    %jmp T_23.256;
T_23.204 ;
    %pushi/vec4 75, 0, 8;
    %store/vec4 v00000149b14482a0_0, 0, 8;
    %jmp T_23.256;
T_23.205 ;
    %pushi/vec4 189, 0, 8;
    %store/vec4 v00000149b14482a0_0, 0, 8;
    %jmp T_23.256;
T_23.206 ;
    %pushi/vec4 139, 0, 8;
    %store/vec4 v00000149b14482a0_0, 0, 8;
    %jmp T_23.256;
T_23.207 ;
    %pushi/vec4 138, 0, 8;
    %store/vec4 v00000149b14482a0_0, 0, 8;
    %jmp T_23.256;
T_23.208 ;
    %pushi/vec4 112, 0, 8;
    %store/vec4 v00000149b14482a0_0, 0, 8;
    %jmp T_23.256;
T_23.209 ;
    %pushi/vec4 62, 0, 8;
    %store/vec4 v00000149b14482a0_0, 0, 8;
    %jmp T_23.256;
T_23.210 ;
    %pushi/vec4 181, 0, 8;
    %store/vec4 v00000149b14482a0_0, 0, 8;
    %jmp T_23.256;
T_23.211 ;
    %pushi/vec4 102, 0, 8;
    %store/vec4 v00000149b14482a0_0, 0, 8;
    %jmp T_23.256;
T_23.212 ;
    %pushi/vec4 72, 0, 8;
    %store/vec4 v00000149b14482a0_0, 0, 8;
    %jmp T_23.256;
T_23.213 ;
    %pushi/vec4 3, 0, 8;
    %store/vec4 v00000149b14482a0_0, 0, 8;
    %jmp T_23.256;
T_23.214 ;
    %pushi/vec4 246, 0, 8;
    %store/vec4 v00000149b14482a0_0, 0, 8;
    %jmp T_23.256;
T_23.215 ;
    %pushi/vec4 14, 0, 8;
    %store/vec4 v00000149b14482a0_0, 0, 8;
    %jmp T_23.256;
T_23.216 ;
    %pushi/vec4 97, 0, 8;
    %store/vec4 v00000149b14482a0_0, 0, 8;
    %jmp T_23.256;
T_23.217 ;
    %pushi/vec4 53, 0, 8;
    %store/vec4 v00000149b14482a0_0, 0, 8;
    %jmp T_23.256;
T_23.218 ;
    %pushi/vec4 87, 0, 8;
    %store/vec4 v00000149b14482a0_0, 0, 8;
    %jmp T_23.256;
T_23.219 ;
    %pushi/vec4 185, 0, 8;
    %store/vec4 v00000149b14482a0_0, 0, 8;
    %jmp T_23.256;
T_23.220 ;
    %pushi/vec4 134, 0, 8;
    %store/vec4 v00000149b14482a0_0, 0, 8;
    %jmp T_23.256;
T_23.221 ;
    %pushi/vec4 193, 0, 8;
    %store/vec4 v00000149b14482a0_0, 0, 8;
    %jmp T_23.256;
T_23.222 ;
    %pushi/vec4 29, 0, 8;
    %store/vec4 v00000149b14482a0_0, 0, 8;
    %jmp T_23.256;
T_23.223 ;
    %pushi/vec4 158, 0, 8;
    %store/vec4 v00000149b14482a0_0, 0, 8;
    %jmp T_23.256;
T_23.224 ;
    %pushi/vec4 225, 0, 8;
    %store/vec4 v00000149b14482a0_0, 0, 8;
    %jmp T_23.256;
T_23.225 ;
    %pushi/vec4 248, 0, 8;
    %store/vec4 v00000149b14482a0_0, 0, 8;
    %jmp T_23.256;
T_23.226 ;
    %pushi/vec4 152, 0, 8;
    %store/vec4 v00000149b14482a0_0, 0, 8;
    %jmp T_23.256;
T_23.227 ;
    %pushi/vec4 17, 0, 8;
    %store/vec4 v00000149b14482a0_0, 0, 8;
    %jmp T_23.256;
T_23.228 ;
    %pushi/vec4 105, 0, 8;
    %store/vec4 v00000149b14482a0_0, 0, 8;
    %jmp T_23.256;
T_23.229 ;
    %pushi/vec4 217, 0, 8;
    %store/vec4 v00000149b14482a0_0, 0, 8;
    %jmp T_23.256;
T_23.230 ;
    %pushi/vec4 142, 0, 8;
    %store/vec4 v00000149b14482a0_0, 0, 8;
    %jmp T_23.256;
T_23.231 ;
    %pushi/vec4 148, 0, 8;
    %store/vec4 v00000149b14482a0_0, 0, 8;
    %jmp T_23.256;
T_23.232 ;
    %pushi/vec4 155, 0, 8;
    %store/vec4 v00000149b14482a0_0, 0, 8;
    %jmp T_23.256;
T_23.233 ;
    %pushi/vec4 30, 0, 8;
    %store/vec4 v00000149b14482a0_0, 0, 8;
    %jmp T_23.256;
T_23.234 ;
    %pushi/vec4 135, 0, 8;
    %store/vec4 v00000149b14482a0_0, 0, 8;
    %jmp T_23.256;
T_23.235 ;
    %pushi/vec4 233, 0, 8;
    %store/vec4 v00000149b14482a0_0, 0, 8;
    %jmp T_23.256;
T_23.236 ;
    %pushi/vec4 206, 0, 8;
    %store/vec4 v00000149b14482a0_0, 0, 8;
    %jmp T_23.256;
T_23.237 ;
    %pushi/vec4 85, 0, 8;
    %store/vec4 v00000149b14482a0_0, 0, 8;
    %jmp T_23.256;
T_23.238 ;
    %pushi/vec4 40, 0, 8;
    %store/vec4 v00000149b14482a0_0, 0, 8;
    %jmp T_23.256;
T_23.239 ;
    %pushi/vec4 223, 0, 8;
    %store/vec4 v00000149b14482a0_0, 0, 8;
    %jmp T_23.256;
T_23.240 ;
    %pushi/vec4 140, 0, 8;
    %store/vec4 v00000149b14482a0_0, 0, 8;
    %jmp T_23.256;
T_23.241 ;
    %pushi/vec4 161, 0, 8;
    %store/vec4 v00000149b14482a0_0, 0, 8;
    %jmp T_23.256;
T_23.242 ;
    %pushi/vec4 137, 0, 8;
    %store/vec4 v00000149b14482a0_0, 0, 8;
    %jmp T_23.256;
T_23.243 ;
    %pushi/vec4 13, 0, 8;
    %store/vec4 v00000149b14482a0_0, 0, 8;
    %jmp T_23.256;
T_23.244 ;
    %pushi/vec4 191, 0, 8;
    %store/vec4 v00000149b14482a0_0, 0, 8;
    %jmp T_23.256;
T_23.245 ;
    %pushi/vec4 230, 0, 8;
    %store/vec4 v00000149b14482a0_0, 0, 8;
    %jmp T_23.256;
T_23.246 ;
    %pushi/vec4 66, 0, 8;
    %store/vec4 v00000149b14482a0_0, 0, 8;
    %jmp T_23.256;
T_23.247 ;
    %pushi/vec4 104, 0, 8;
    %store/vec4 v00000149b14482a0_0, 0, 8;
    %jmp T_23.256;
T_23.248 ;
    %pushi/vec4 65, 0, 8;
    %store/vec4 v00000149b14482a0_0, 0, 8;
    %jmp T_23.256;
T_23.249 ;
    %pushi/vec4 153, 0, 8;
    %store/vec4 v00000149b14482a0_0, 0, 8;
    %jmp T_23.256;
T_23.250 ;
    %pushi/vec4 45, 0, 8;
    %store/vec4 v00000149b14482a0_0, 0, 8;
    %jmp T_23.256;
T_23.251 ;
    %pushi/vec4 15, 0, 8;
    %store/vec4 v00000149b14482a0_0, 0, 8;
    %jmp T_23.256;
T_23.252 ;
    %pushi/vec4 176, 0, 8;
    %store/vec4 v00000149b14482a0_0, 0, 8;
    %jmp T_23.256;
T_23.253 ;
    %pushi/vec4 84, 0, 8;
    %store/vec4 v00000149b14482a0_0, 0, 8;
    %jmp T_23.256;
T_23.254 ;
    %pushi/vec4 187, 0, 8;
    %store/vec4 v00000149b14482a0_0, 0, 8;
    %jmp T_23.256;
T_23.255 ;
    %pushi/vec4 22, 0, 8;
    %store/vec4 v00000149b14482a0_0, 0, 8;
    %jmp T_23.256;
T_23.256 ;
    %pop/vec4 1;
    %jmp T_23;
    .thread T_23, $push;
    .scope S_00000149b144d0d0;
T_24 ;
    %wait E_00000149b1392c00;
    %load/vec4 v00000149b14494c0_0;
    %dup/vec4;
    %pushi/vec4 0, 0, 8;
    %cmp/u;
    %jmp/1 T_24.0, 6;
    %dup/vec4;
    %pushi/vec4 1, 0, 8;
    %cmp/u;
    %jmp/1 T_24.1, 6;
    %dup/vec4;
    %pushi/vec4 2, 0, 8;
    %cmp/u;
    %jmp/1 T_24.2, 6;
    %dup/vec4;
    %pushi/vec4 3, 0, 8;
    %cmp/u;
    %jmp/1 T_24.3, 6;
    %dup/vec4;
    %pushi/vec4 4, 0, 8;
    %cmp/u;
    %jmp/1 T_24.4, 6;
    %dup/vec4;
    %pushi/vec4 5, 0, 8;
    %cmp/u;
    %jmp/1 T_24.5, 6;
    %dup/vec4;
    %pushi/vec4 6, 0, 8;
    %cmp/u;
    %jmp/1 T_24.6, 6;
    %dup/vec4;
    %pushi/vec4 7, 0, 8;
    %cmp/u;
    %jmp/1 T_24.7, 6;
    %dup/vec4;
    %pushi/vec4 8, 0, 8;
    %cmp/u;
    %jmp/1 T_24.8, 6;
    %dup/vec4;
    %pushi/vec4 9, 0, 8;
    %cmp/u;
    %jmp/1 T_24.9, 6;
    %dup/vec4;
    %pushi/vec4 10, 0, 8;
    %cmp/u;
    %jmp/1 T_24.10, 6;
    %dup/vec4;
    %pushi/vec4 11, 0, 8;
    %cmp/u;
    %jmp/1 T_24.11, 6;
    %dup/vec4;
    %pushi/vec4 12, 0, 8;
    %cmp/u;
    %jmp/1 T_24.12, 6;
    %dup/vec4;
    %pushi/vec4 13, 0, 8;
    %cmp/u;
    %jmp/1 T_24.13, 6;
    %dup/vec4;
    %pushi/vec4 14, 0, 8;
    %cmp/u;
    %jmp/1 T_24.14, 6;
    %dup/vec4;
    %pushi/vec4 15, 0, 8;
    %cmp/u;
    %jmp/1 T_24.15, 6;
    %dup/vec4;
    %pushi/vec4 16, 0, 8;
    %cmp/u;
    %jmp/1 T_24.16, 6;
    %dup/vec4;
    %pushi/vec4 17, 0, 8;
    %cmp/u;
    %jmp/1 T_24.17, 6;
    %dup/vec4;
    %pushi/vec4 18, 0, 8;
    %cmp/u;
    %jmp/1 T_24.18, 6;
    %dup/vec4;
    %pushi/vec4 19, 0, 8;
    %cmp/u;
    %jmp/1 T_24.19, 6;
    %dup/vec4;
    %pushi/vec4 20, 0, 8;
    %cmp/u;
    %jmp/1 T_24.20, 6;
    %dup/vec4;
    %pushi/vec4 21, 0, 8;
    %cmp/u;
    %jmp/1 T_24.21, 6;
    %dup/vec4;
    %pushi/vec4 22, 0, 8;
    %cmp/u;
    %jmp/1 T_24.22, 6;
    %dup/vec4;
    %pushi/vec4 23, 0, 8;
    %cmp/u;
    %jmp/1 T_24.23, 6;
    %dup/vec4;
    %pushi/vec4 24, 0, 8;
    %cmp/u;
    %jmp/1 T_24.24, 6;
    %dup/vec4;
    %pushi/vec4 25, 0, 8;
    %cmp/u;
    %jmp/1 T_24.25, 6;
    %dup/vec4;
    %pushi/vec4 26, 0, 8;
    %cmp/u;
    %jmp/1 T_24.26, 6;
    %dup/vec4;
    %pushi/vec4 27, 0, 8;
    %cmp/u;
    %jmp/1 T_24.27, 6;
    %dup/vec4;
    %pushi/vec4 28, 0, 8;
    %cmp/u;
    %jmp/1 T_24.28, 6;
    %dup/vec4;
    %pushi/vec4 29, 0, 8;
    %cmp/u;
    %jmp/1 T_24.29, 6;
    %dup/vec4;
    %pushi/vec4 30, 0, 8;
    %cmp/u;
    %jmp/1 T_24.30, 6;
    %dup/vec4;
    %pushi/vec4 31, 0, 8;
    %cmp/u;
    %jmp/1 T_24.31, 6;
    %dup/vec4;
    %pushi/vec4 32, 0, 8;
    %cmp/u;
    %jmp/1 T_24.32, 6;
    %dup/vec4;
    %pushi/vec4 33, 0, 8;
    %cmp/u;
    %jmp/1 T_24.33, 6;
    %dup/vec4;
    %pushi/vec4 34, 0, 8;
    %cmp/u;
    %jmp/1 T_24.34, 6;
    %dup/vec4;
    %pushi/vec4 35, 0, 8;
    %cmp/u;
    %jmp/1 T_24.35, 6;
    %dup/vec4;
    %pushi/vec4 36, 0, 8;
    %cmp/u;
    %jmp/1 T_24.36, 6;
    %dup/vec4;
    %pushi/vec4 37, 0, 8;
    %cmp/u;
    %jmp/1 T_24.37, 6;
    %dup/vec4;
    %pushi/vec4 38, 0, 8;
    %cmp/u;
    %jmp/1 T_24.38, 6;
    %dup/vec4;
    %pushi/vec4 39, 0, 8;
    %cmp/u;
    %jmp/1 T_24.39, 6;
    %dup/vec4;
    %pushi/vec4 40, 0, 8;
    %cmp/u;
    %jmp/1 T_24.40, 6;
    %dup/vec4;
    %pushi/vec4 41, 0, 8;
    %cmp/u;
    %jmp/1 T_24.41, 6;
    %dup/vec4;
    %pushi/vec4 42, 0, 8;
    %cmp/u;
    %jmp/1 T_24.42, 6;
    %dup/vec4;
    %pushi/vec4 43, 0, 8;
    %cmp/u;
    %jmp/1 T_24.43, 6;
    %dup/vec4;
    %pushi/vec4 44, 0, 8;
    %cmp/u;
    %jmp/1 T_24.44, 6;
    %dup/vec4;
    %pushi/vec4 45, 0, 8;
    %cmp/u;
    %jmp/1 T_24.45, 6;
    %dup/vec4;
    %pushi/vec4 46, 0, 8;
    %cmp/u;
    %jmp/1 T_24.46, 6;
    %dup/vec4;
    %pushi/vec4 47, 0, 8;
    %cmp/u;
    %jmp/1 T_24.47, 6;
    %dup/vec4;
    %pushi/vec4 48, 0, 8;
    %cmp/u;
    %jmp/1 T_24.48, 6;
    %dup/vec4;
    %pushi/vec4 49, 0, 8;
    %cmp/u;
    %jmp/1 T_24.49, 6;
    %dup/vec4;
    %pushi/vec4 50, 0, 8;
    %cmp/u;
    %jmp/1 T_24.50, 6;
    %dup/vec4;
    %pushi/vec4 51, 0, 8;
    %cmp/u;
    %jmp/1 T_24.51, 6;
    %dup/vec4;
    %pushi/vec4 52, 0, 8;
    %cmp/u;
    %jmp/1 T_24.52, 6;
    %dup/vec4;
    %pushi/vec4 53, 0, 8;
    %cmp/u;
    %jmp/1 T_24.53, 6;
    %dup/vec4;
    %pushi/vec4 54, 0, 8;
    %cmp/u;
    %jmp/1 T_24.54, 6;
    %dup/vec4;
    %pushi/vec4 55, 0, 8;
    %cmp/u;
    %jmp/1 T_24.55, 6;
    %dup/vec4;
    %pushi/vec4 56, 0, 8;
    %cmp/u;
    %jmp/1 T_24.56, 6;
    %dup/vec4;
    %pushi/vec4 57, 0, 8;
    %cmp/u;
    %jmp/1 T_24.57, 6;
    %dup/vec4;
    %pushi/vec4 58, 0, 8;
    %cmp/u;
    %jmp/1 T_24.58, 6;
    %dup/vec4;
    %pushi/vec4 59, 0, 8;
    %cmp/u;
    %jmp/1 T_24.59, 6;
    %dup/vec4;
    %pushi/vec4 60, 0, 8;
    %cmp/u;
    %jmp/1 T_24.60, 6;
    %dup/vec4;
    %pushi/vec4 61, 0, 8;
    %cmp/u;
    %jmp/1 T_24.61, 6;
    %dup/vec4;
    %pushi/vec4 62, 0, 8;
    %cmp/u;
    %jmp/1 T_24.62, 6;
    %dup/vec4;
    %pushi/vec4 63, 0, 8;
    %cmp/u;
    %jmp/1 T_24.63, 6;
    %dup/vec4;
    %pushi/vec4 64, 0, 8;
    %cmp/u;
    %jmp/1 T_24.64, 6;
    %dup/vec4;
    %pushi/vec4 65, 0, 8;
    %cmp/u;
    %jmp/1 T_24.65, 6;
    %dup/vec4;
    %pushi/vec4 66, 0, 8;
    %cmp/u;
    %jmp/1 T_24.66, 6;
    %dup/vec4;
    %pushi/vec4 67, 0, 8;
    %cmp/u;
    %jmp/1 T_24.67, 6;
    %dup/vec4;
    %pushi/vec4 68, 0, 8;
    %cmp/u;
    %jmp/1 T_24.68, 6;
    %dup/vec4;
    %pushi/vec4 69, 0, 8;
    %cmp/u;
    %jmp/1 T_24.69, 6;
    %dup/vec4;
    %pushi/vec4 70, 0, 8;
    %cmp/u;
    %jmp/1 T_24.70, 6;
    %dup/vec4;
    %pushi/vec4 71, 0, 8;
    %cmp/u;
    %jmp/1 T_24.71, 6;
    %dup/vec4;
    %pushi/vec4 72, 0, 8;
    %cmp/u;
    %jmp/1 T_24.72, 6;
    %dup/vec4;
    %pushi/vec4 73, 0, 8;
    %cmp/u;
    %jmp/1 T_24.73, 6;
    %dup/vec4;
    %pushi/vec4 74, 0, 8;
    %cmp/u;
    %jmp/1 T_24.74, 6;
    %dup/vec4;
    %pushi/vec4 75, 0, 8;
    %cmp/u;
    %jmp/1 T_24.75, 6;
    %dup/vec4;
    %pushi/vec4 76, 0, 8;
    %cmp/u;
    %jmp/1 T_24.76, 6;
    %dup/vec4;
    %pushi/vec4 77, 0, 8;
    %cmp/u;
    %jmp/1 T_24.77, 6;
    %dup/vec4;
    %pushi/vec4 78, 0, 8;
    %cmp/u;
    %jmp/1 T_24.78, 6;
    %dup/vec4;
    %pushi/vec4 79, 0, 8;
    %cmp/u;
    %jmp/1 T_24.79, 6;
    %dup/vec4;
    %pushi/vec4 80, 0, 8;
    %cmp/u;
    %jmp/1 T_24.80, 6;
    %dup/vec4;
    %pushi/vec4 81, 0, 8;
    %cmp/u;
    %jmp/1 T_24.81, 6;
    %dup/vec4;
    %pushi/vec4 82, 0, 8;
    %cmp/u;
    %jmp/1 T_24.82, 6;
    %dup/vec4;
    %pushi/vec4 83, 0, 8;
    %cmp/u;
    %jmp/1 T_24.83, 6;
    %dup/vec4;
    %pushi/vec4 84, 0, 8;
    %cmp/u;
    %jmp/1 T_24.84, 6;
    %dup/vec4;
    %pushi/vec4 85, 0, 8;
    %cmp/u;
    %jmp/1 T_24.85, 6;
    %dup/vec4;
    %pushi/vec4 86, 0, 8;
    %cmp/u;
    %jmp/1 T_24.86, 6;
    %dup/vec4;
    %pushi/vec4 87, 0, 8;
    %cmp/u;
    %jmp/1 T_24.87, 6;
    %dup/vec4;
    %pushi/vec4 88, 0, 8;
    %cmp/u;
    %jmp/1 T_24.88, 6;
    %dup/vec4;
    %pushi/vec4 89, 0, 8;
    %cmp/u;
    %jmp/1 T_24.89, 6;
    %dup/vec4;
    %pushi/vec4 90, 0, 8;
    %cmp/u;
    %jmp/1 T_24.90, 6;
    %dup/vec4;
    %pushi/vec4 91, 0, 8;
    %cmp/u;
    %jmp/1 T_24.91, 6;
    %dup/vec4;
    %pushi/vec4 92, 0, 8;
    %cmp/u;
    %jmp/1 T_24.92, 6;
    %dup/vec4;
    %pushi/vec4 93, 0, 8;
    %cmp/u;
    %jmp/1 T_24.93, 6;
    %dup/vec4;
    %pushi/vec4 94, 0, 8;
    %cmp/u;
    %jmp/1 T_24.94, 6;
    %dup/vec4;
    %pushi/vec4 95, 0, 8;
    %cmp/u;
    %jmp/1 T_24.95, 6;
    %dup/vec4;
    %pushi/vec4 96, 0, 8;
    %cmp/u;
    %jmp/1 T_24.96, 6;
    %dup/vec4;
    %pushi/vec4 97, 0, 8;
    %cmp/u;
    %jmp/1 T_24.97, 6;
    %dup/vec4;
    %pushi/vec4 98, 0, 8;
    %cmp/u;
    %jmp/1 T_24.98, 6;
    %dup/vec4;
    %pushi/vec4 99, 0, 8;
    %cmp/u;
    %jmp/1 T_24.99, 6;
    %dup/vec4;
    %pushi/vec4 100, 0, 8;
    %cmp/u;
    %jmp/1 T_24.100, 6;
    %dup/vec4;
    %pushi/vec4 101, 0, 8;
    %cmp/u;
    %jmp/1 T_24.101, 6;
    %dup/vec4;
    %pushi/vec4 102, 0, 8;
    %cmp/u;
    %jmp/1 T_24.102, 6;
    %dup/vec4;
    %pushi/vec4 103, 0, 8;
    %cmp/u;
    %jmp/1 T_24.103, 6;
    %dup/vec4;
    %pushi/vec4 104, 0, 8;
    %cmp/u;
    %jmp/1 T_24.104, 6;
    %dup/vec4;
    %pushi/vec4 105, 0, 8;
    %cmp/u;
    %jmp/1 T_24.105, 6;
    %dup/vec4;
    %pushi/vec4 106, 0, 8;
    %cmp/u;
    %jmp/1 T_24.106, 6;
    %dup/vec4;
    %pushi/vec4 107, 0, 8;
    %cmp/u;
    %jmp/1 T_24.107, 6;
    %dup/vec4;
    %pushi/vec4 108, 0, 8;
    %cmp/u;
    %jmp/1 T_24.108, 6;
    %dup/vec4;
    %pushi/vec4 109, 0, 8;
    %cmp/u;
    %jmp/1 T_24.109, 6;
    %dup/vec4;
    %pushi/vec4 110, 0, 8;
    %cmp/u;
    %jmp/1 T_24.110, 6;
    %dup/vec4;
    %pushi/vec4 111, 0, 8;
    %cmp/u;
    %jmp/1 T_24.111, 6;
    %dup/vec4;
    %pushi/vec4 112, 0, 8;
    %cmp/u;
    %jmp/1 T_24.112, 6;
    %dup/vec4;
    %pushi/vec4 113, 0, 8;
    %cmp/u;
    %jmp/1 T_24.113, 6;
    %dup/vec4;
    %pushi/vec4 114, 0, 8;
    %cmp/u;
    %jmp/1 T_24.114, 6;
    %dup/vec4;
    %pushi/vec4 115, 0, 8;
    %cmp/u;
    %jmp/1 T_24.115, 6;
    %dup/vec4;
    %pushi/vec4 116, 0, 8;
    %cmp/u;
    %jmp/1 T_24.116, 6;
    %dup/vec4;
    %pushi/vec4 117, 0, 8;
    %cmp/u;
    %jmp/1 T_24.117, 6;
    %dup/vec4;
    %pushi/vec4 118, 0, 8;
    %cmp/u;
    %jmp/1 T_24.118, 6;
    %dup/vec4;
    %pushi/vec4 119, 0, 8;
    %cmp/u;
    %jmp/1 T_24.119, 6;
    %dup/vec4;
    %pushi/vec4 120, 0, 8;
    %cmp/u;
    %jmp/1 T_24.120, 6;
    %dup/vec4;
    %pushi/vec4 121, 0, 8;
    %cmp/u;
    %jmp/1 T_24.121, 6;
    %dup/vec4;
    %pushi/vec4 122, 0, 8;
    %cmp/u;
    %jmp/1 T_24.122, 6;
    %dup/vec4;
    %pushi/vec4 123, 0, 8;
    %cmp/u;
    %jmp/1 T_24.123, 6;
    %dup/vec4;
    %pushi/vec4 124, 0, 8;
    %cmp/u;
    %jmp/1 T_24.124, 6;
    %dup/vec4;
    %pushi/vec4 125, 0, 8;
    %cmp/u;
    %jmp/1 T_24.125, 6;
    %dup/vec4;
    %pushi/vec4 126, 0, 8;
    %cmp/u;
    %jmp/1 T_24.126, 6;
    %dup/vec4;
    %pushi/vec4 127, 0, 8;
    %cmp/u;
    %jmp/1 T_24.127, 6;
    %dup/vec4;
    %pushi/vec4 128, 0, 8;
    %cmp/u;
    %jmp/1 T_24.128, 6;
    %dup/vec4;
    %pushi/vec4 129, 0, 8;
    %cmp/u;
    %jmp/1 T_24.129, 6;
    %dup/vec4;
    %pushi/vec4 130, 0, 8;
    %cmp/u;
    %jmp/1 T_24.130, 6;
    %dup/vec4;
    %pushi/vec4 131, 0, 8;
    %cmp/u;
    %jmp/1 T_24.131, 6;
    %dup/vec4;
    %pushi/vec4 132, 0, 8;
    %cmp/u;
    %jmp/1 T_24.132, 6;
    %dup/vec4;
    %pushi/vec4 133, 0, 8;
    %cmp/u;
    %jmp/1 T_24.133, 6;
    %dup/vec4;
    %pushi/vec4 134, 0, 8;
    %cmp/u;
    %jmp/1 T_24.134, 6;
    %dup/vec4;
    %pushi/vec4 135, 0, 8;
    %cmp/u;
    %jmp/1 T_24.135, 6;
    %dup/vec4;
    %pushi/vec4 136, 0, 8;
    %cmp/u;
    %jmp/1 T_24.136, 6;
    %dup/vec4;
    %pushi/vec4 137, 0, 8;
    %cmp/u;
    %jmp/1 T_24.137, 6;
    %dup/vec4;
    %pushi/vec4 138, 0, 8;
    %cmp/u;
    %jmp/1 T_24.138, 6;
    %dup/vec4;
    %pushi/vec4 139, 0, 8;
    %cmp/u;
    %jmp/1 T_24.139, 6;
    %dup/vec4;
    %pushi/vec4 140, 0, 8;
    %cmp/u;
    %jmp/1 T_24.140, 6;
    %dup/vec4;
    %pushi/vec4 141, 0, 8;
    %cmp/u;
    %jmp/1 T_24.141, 6;
    %dup/vec4;
    %pushi/vec4 142, 0, 8;
    %cmp/u;
    %jmp/1 T_24.142, 6;
    %dup/vec4;
    %pushi/vec4 143, 0, 8;
    %cmp/u;
    %jmp/1 T_24.143, 6;
    %dup/vec4;
    %pushi/vec4 144, 0, 8;
    %cmp/u;
    %jmp/1 T_24.144, 6;
    %dup/vec4;
    %pushi/vec4 145, 0, 8;
    %cmp/u;
    %jmp/1 T_24.145, 6;
    %dup/vec4;
    %pushi/vec4 146, 0, 8;
    %cmp/u;
    %jmp/1 T_24.146, 6;
    %dup/vec4;
    %pushi/vec4 147, 0, 8;
    %cmp/u;
    %jmp/1 T_24.147, 6;
    %dup/vec4;
    %pushi/vec4 148, 0, 8;
    %cmp/u;
    %jmp/1 T_24.148, 6;
    %dup/vec4;
    %pushi/vec4 149, 0, 8;
    %cmp/u;
    %jmp/1 T_24.149, 6;
    %dup/vec4;
    %pushi/vec4 150, 0, 8;
    %cmp/u;
    %jmp/1 T_24.150, 6;
    %dup/vec4;
    %pushi/vec4 151, 0, 8;
    %cmp/u;
    %jmp/1 T_24.151, 6;
    %dup/vec4;
    %pushi/vec4 152, 0, 8;
    %cmp/u;
    %jmp/1 T_24.152, 6;
    %dup/vec4;
    %pushi/vec4 153, 0, 8;
    %cmp/u;
    %jmp/1 T_24.153, 6;
    %dup/vec4;
    %pushi/vec4 154, 0, 8;
    %cmp/u;
    %jmp/1 T_24.154, 6;
    %dup/vec4;
    %pushi/vec4 155, 0, 8;
    %cmp/u;
    %jmp/1 T_24.155, 6;
    %dup/vec4;
    %pushi/vec4 156, 0, 8;
    %cmp/u;
    %jmp/1 T_24.156, 6;
    %dup/vec4;
    %pushi/vec4 157, 0, 8;
    %cmp/u;
    %jmp/1 T_24.157, 6;
    %dup/vec4;
    %pushi/vec4 158, 0, 8;
    %cmp/u;
    %jmp/1 T_24.158, 6;
    %dup/vec4;
    %pushi/vec4 159, 0, 8;
    %cmp/u;
    %jmp/1 T_24.159, 6;
    %dup/vec4;
    %pushi/vec4 160, 0, 8;
    %cmp/u;
    %jmp/1 T_24.160, 6;
    %dup/vec4;
    %pushi/vec4 161, 0, 8;
    %cmp/u;
    %jmp/1 T_24.161, 6;
    %dup/vec4;
    %pushi/vec4 162, 0, 8;
    %cmp/u;
    %jmp/1 T_24.162, 6;
    %dup/vec4;
    %pushi/vec4 163, 0, 8;
    %cmp/u;
    %jmp/1 T_24.163, 6;
    %dup/vec4;
    %pushi/vec4 164, 0, 8;
    %cmp/u;
    %jmp/1 T_24.164, 6;
    %dup/vec4;
    %pushi/vec4 165, 0, 8;
    %cmp/u;
    %jmp/1 T_24.165, 6;
    %dup/vec4;
    %pushi/vec4 166, 0, 8;
    %cmp/u;
    %jmp/1 T_24.166, 6;
    %dup/vec4;
    %pushi/vec4 167, 0, 8;
    %cmp/u;
    %jmp/1 T_24.167, 6;
    %dup/vec4;
    %pushi/vec4 168, 0, 8;
    %cmp/u;
    %jmp/1 T_24.168, 6;
    %dup/vec4;
    %pushi/vec4 169, 0, 8;
    %cmp/u;
    %jmp/1 T_24.169, 6;
    %dup/vec4;
    %pushi/vec4 170, 0, 8;
    %cmp/u;
    %jmp/1 T_24.170, 6;
    %dup/vec4;
    %pushi/vec4 171, 0, 8;
    %cmp/u;
    %jmp/1 T_24.171, 6;
    %dup/vec4;
    %pushi/vec4 172, 0, 8;
    %cmp/u;
    %jmp/1 T_24.172, 6;
    %dup/vec4;
    %pushi/vec4 173, 0, 8;
    %cmp/u;
    %jmp/1 T_24.173, 6;
    %dup/vec4;
    %pushi/vec4 174, 0, 8;
    %cmp/u;
    %jmp/1 T_24.174, 6;
    %dup/vec4;
    %pushi/vec4 175, 0, 8;
    %cmp/u;
    %jmp/1 T_24.175, 6;
    %dup/vec4;
    %pushi/vec4 176, 0, 8;
    %cmp/u;
    %jmp/1 T_24.176, 6;
    %dup/vec4;
    %pushi/vec4 177, 0, 8;
    %cmp/u;
    %jmp/1 T_24.177, 6;
    %dup/vec4;
    %pushi/vec4 178, 0, 8;
    %cmp/u;
    %jmp/1 T_24.178, 6;
    %dup/vec4;
    %pushi/vec4 179, 0, 8;
    %cmp/u;
    %jmp/1 T_24.179, 6;
    %dup/vec4;
    %pushi/vec4 180, 0, 8;
    %cmp/u;
    %jmp/1 T_24.180, 6;
    %dup/vec4;
    %pushi/vec4 181, 0, 8;
    %cmp/u;
    %jmp/1 T_24.181, 6;
    %dup/vec4;
    %pushi/vec4 182, 0, 8;
    %cmp/u;
    %jmp/1 T_24.182, 6;
    %dup/vec4;
    %pushi/vec4 183, 0, 8;
    %cmp/u;
    %jmp/1 T_24.183, 6;
    %dup/vec4;
    %pushi/vec4 184, 0, 8;
    %cmp/u;
    %jmp/1 T_24.184, 6;
    %dup/vec4;
    %pushi/vec4 185, 0, 8;
    %cmp/u;
    %jmp/1 T_24.185, 6;
    %dup/vec4;
    %pushi/vec4 186, 0, 8;
    %cmp/u;
    %jmp/1 T_24.186, 6;
    %dup/vec4;
    %pushi/vec4 187, 0, 8;
    %cmp/u;
    %jmp/1 T_24.187, 6;
    %dup/vec4;
    %pushi/vec4 188, 0, 8;
    %cmp/u;
    %jmp/1 T_24.188, 6;
    %dup/vec4;
    %pushi/vec4 189, 0, 8;
    %cmp/u;
    %jmp/1 T_24.189, 6;
    %dup/vec4;
    %pushi/vec4 190, 0, 8;
    %cmp/u;
    %jmp/1 T_24.190, 6;
    %dup/vec4;
    %pushi/vec4 191, 0, 8;
    %cmp/u;
    %jmp/1 T_24.191, 6;
    %dup/vec4;
    %pushi/vec4 192, 0, 8;
    %cmp/u;
    %jmp/1 T_24.192, 6;
    %dup/vec4;
    %pushi/vec4 193, 0, 8;
    %cmp/u;
    %jmp/1 T_24.193, 6;
    %dup/vec4;
    %pushi/vec4 194, 0, 8;
    %cmp/u;
    %jmp/1 T_24.194, 6;
    %dup/vec4;
    %pushi/vec4 195, 0, 8;
    %cmp/u;
    %jmp/1 T_24.195, 6;
    %dup/vec4;
    %pushi/vec4 196, 0, 8;
    %cmp/u;
    %jmp/1 T_24.196, 6;
    %dup/vec4;
    %pushi/vec4 197, 0, 8;
    %cmp/u;
    %jmp/1 T_24.197, 6;
    %dup/vec4;
    %pushi/vec4 198, 0, 8;
    %cmp/u;
    %jmp/1 T_24.198, 6;
    %dup/vec4;
    %pushi/vec4 199, 0, 8;
    %cmp/u;
    %jmp/1 T_24.199, 6;
    %dup/vec4;
    %pushi/vec4 200, 0, 8;
    %cmp/u;
    %jmp/1 T_24.200, 6;
    %dup/vec4;
    %pushi/vec4 201, 0, 8;
    %cmp/u;
    %jmp/1 T_24.201, 6;
    %dup/vec4;
    %pushi/vec4 202, 0, 8;
    %cmp/u;
    %jmp/1 T_24.202, 6;
    %dup/vec4;
    %pushi/vec4 203, 0, 8;
    %cmp/u;
    %jmp/1 T_24.203, 6;
    %dup/vec4;
    %pushi/vec4 204, 0, 8;
    %cmp/u;
    %jmp/1 T_24.204, 6;
    %dup/vec4;
    %pushi/vec4 205, 0, 8;
    %cmp/u;
    %jmp/1 T_24.205, 6;
    %dup/vec4;
    %pushi/vec4 206, 0, 8;
    %cmp/u;
    %jmp/1 T_24.206, 6;
    %dup/vec4;
    %pushi/vec4 207, 0, 8;
    %cmp/u;
    %jmp/1 T_24.207, 6;
    %dup/vec4;
    %pushi/vec4 208, 0, 8;
    %cmp/u;
    %jmp/1 T_24.208, 6;
    %dup/vec4;
    %pushi/vec4 209, 0, 8;
    %cmp/u;
    %jmp/1 T_24.209, 6;
    %dup/vec4;
    %pushi/vec4 210, 0, 8;
    %cmp/u;
    %jmp/1 T_24.210, 6;
    %dup/vec4;
    %pushi/vec4 211, 0, 8;
    %cmp/u;
    %jmp/1 T_24.211, 6;
    %dup/vec4;
    %pushi/vec4 212, 0, 8;
    %cmp/u;
    %jmp/1 T_24.212, 6;
    %dup/vec4;
    %pushi/vec4 213, 0, 8;
    %cmp/u;
    %jmp/1 T_24.213, 6;
    %dup/vec4;
    %pushi/vec4 214, 0, 8;
    %cmp/u;
    %jmp/1 T_24.214, 6;
    %dup/vec4;
    %pushi/vec4 215, 0, 8;
    %cmp/u;
    %jmp/1 T_24.215, 6;
    %dup/vec4;
    %pushi/vec4 216, 0, 8;
    %cmp/u;
    %jmp/1 T_24.216, 6;
    %dup/vec4;
    %pushi/vec4 217, 0, 8;
    %cmp/u;
    %jmp/1 T_24.217, 6;
    %dup/vec4;
    %pushi/vec4 218, 0, 8;
    %cmp/u;
    %jmp/1 T_24.218, 6;
    %dup/vec4;
    %pushi/vec4 219, 0, 8;
    %cmp/u;
    %jmp/1 T_24.219, 6;
    %dup/vec4;
    %pushi/vec4 220, 0, 8;
    %cmp/u;
    %jmp/1 T_24.220, 6;
    %dup/vec4;
    %pushi/vec4 221, 0, 8;
    %cmp/u;
    %jmp/1 T_24.221, 6;
    %dup/vec4;
    %pushi/vec4 222, 0, 8;
    %cmp/u;
    %jmp/1 T_24.222, 6;
    %dup/vec4;
    %pushi/vec4 223, 0, 8;
    %cmp/u;
    %jmp/1 T_24.223, 6;
    %dup/vec4;
    %pushi/vec4 224, 0, 8;
    %cmp/u;
    %jmp/1 T_24.224, 6;
    %dup/vec4;
    %pushi/vec4 225, 0, 8;
    %cmp/u;
    %jmp/1 T_24.225, 6;
    %dup/vec4;
    %pushi/vec4 226, 0, 8;
    %cmp/u;
    %jmp/1 T_24.226, 6;
    %dup/vec4;
    %pushi/vec4 227, 0, 8;
    %cmp/u;
    %jmp/1 T_24.227, 6;
    %dup/vec4;
    %pushi/vec4 228, 0, 8;
    %cmp/u;
    %jmp/1 T_24.228, 6;
    %dup/vec4;
    %pushi/vec4 229, 0, 8;
    %cmp/u;
    %jmp/1 T_24.229, 6;
    %dup/vec4;
    %pushi/vec4 230, 0, 8;
    %cmp/u;
    %jmp/1 T_24.230, 6;
    %dup/vec4;
    %pushi/vec4 231, 0, 8;
    %cmp/u;
    %jmp/1 T_24.231, 6;
    %dup/vec4;
    %pushi/vec4 232, 0, 8;
    %cmp/u;
    %jmp/1 T_24.232, 6;
    %dup/vec4;
    %pushi/vec4 233, 0, 8;
    %cmp/u;
    %jmp/1 T_24.233, 6;
    %dup/vec4;
    %pushi/vec4 234, 0, 8;
    %cmp/u;
    %jmp/1 T_24.234, 6;
    %dup/vec4;
    %pushi/vec4 235, 0, 8;
    %cmp/u;
    %jmp/1 T_24.235, 6;
    %dup/vec4;
    %pushi/vec4 236, 0, 8;
    %cmp/u;
    %jmp/1 T_24.236, 6;
    %dup/vec4;
    %pushi/vec4 237, 0, 8;
    %cmp/u;
    %jmp/1 T_24.237, 6;
    %dup/vec4;
    %pushi/vec4 238, 0, 8;
    %cmp/u;
    %jmp/1 T_24.238, 6;
    %dup/vec4;
    %pushi/vec4 239, 0, 8;
    %cmp/u;
    %jmp/1 T_24.239, 6;
    %dup/vec4;
    %pushi/vec4 240, 0, 8;
    %cmp/u;
    %jmp/1 T_24.240, 6;
    %dup/vec4;
    %pushi/vec4 241, 0, 8;
    %cmp/u;
    %jmp/1 T_24.241, 6;
    %dup/vec4;
    %pushi/vec4 242, 0, 8;
    %cmp/u;
    %jmp/1 T_24.242, 6;
    %dup/vec4;
    %pushi/vec4 243, 0, 8;
    %cmp/u;
    %jmp/1 T_24.243, 6;
    %dup/vec4;
    %pushi/vec4 244, 0, 8;
    %cmp/u;
    %jmp/1 T_24.244, 6;
    %dup/vec4;
    %pushi/vec4 245, 0, 8;
    %cmp/u;
    %jmp/1 T_24.245, 6;
    %dup/vec4;
    %pushi/vec4 246, 0, 8;
    %cmp/u;
    %jmp/1 T_24.246, 6;
    %dup/vec4;
    %pushi/vec4 247, 0, 8;
    %cmp/u;
    %jmp/1 T_24.247, 6;
    %dup/vec4;
    %pushi/vec4 248, 0, 8;
    %cmp/u;
    %jmp/1 T_24.248, 6;
    %dup/vec4;
    %pushi/vec4 249, 0, 8;
    %cmp/u;
    %jmp/1 T_24.249, 6;
    %dup/vec4;
    %pushi/vec4 250, 0, 8;
    %cmp/u;
    %jmp/1 T_24.250, 6;
    %dup/vec4;
    %pushi/vec4 251, 0, 8;
    %cmp/u;
    %jmp/1 T_24.251, 6;
    %dup/vec4;
    %pushi/vec4 252, 0, 8;
    %cmp/u;
    %jmp/1 T_24.252, 6;
    %dup/vec4;
    %pushi/vec4 253, 0, 8;
    %cmp/u;
    %jmp/1 T_24.253, 6;
    %dup/vec4;
    %pushi/vec4 254, 0, 8;
    %cmp/u;
    %jmp/1 T_24.254, 6;
    %dup/vec4;
    %pushi/vec4 255, 0, 8;
    %cmp/u;
    %jmp/1 T_24.255, 6;
    %jmp T_24.256;
T_24.0 ;
    %pushi/vec4 99, 0, 8;
    %store/vec4 v00000149b14485c0_0, 0, 8;
    %jmp T_24.256;
T_24.1 ;
    %pushi/vec4 124, 0, 8;
    %store/vec4 v00000149b14485c0_0, 0, 8;
    %jmp T_24.256;
T_24.2 ;
    %pushi/vec4 119, 0, 8;
    %store/vec4 v00000149b14485c0_0, 0, 8;
    %jmp T_24.256;
T_24.3 ;
    %pushi/vec4 123, 0, 8;
    %store/vec4 v00000149b14485c0_0, 0, 8;
    %jmp T_24.256;
T_24.4 ;
    %pushi/vec4 242, 0, 8;
    %store/vec4 v00000149b14485c0_0, 0, 8;
    %jmp T_24.256;
T_24.5 ;
    %pushi/vec4 107, 0, 8;
    %store/vec4 v00000149b14485c0_0, 0, 8;
    %jmp T_24.256;
T_24.6 ;
    %pushi/vec4 111, 0, 8;
    %store/vec4 v00000149b14485c0_0, 0, 8;
    %jmp T_24.256;
T_24.7 ;
    %pushi/vec4 197, 0, 8;
    %store/vec4 v00000149b14485c0_0, 0, 8;
    %jmp T_24.256;
T_24.8 ;
    %pushi/vec4 48, 0, 8;
    %store/vec4 v00000149b14485c0_0, 0, 8;
    %jmp T_24.256;
T_24.9 ;
    %pushi/vec4 1, 0, 8;
    %store/vec4 v00000149b14485c0_0, 0, 8;
    %jmp T_24.256;
T_24.10 ;
    %pushi/vec4 103, 0, 8;
    %store/vec4 v00000149b14485c0_0, 0, 8;
    %jmp T_24.256;
T_24.11 ;
    %pushi/vec4 43, 0, 8;
    %store/vec4 v00000149b14485c0_0, 0, 8;
    %jmp T_24.256;
T_24.12 ;
    %pushi/vec4 254, 0, 8;
    %store/vec4 v00000149b14485c0_0, 0, 8;
    %jmp T_24.256;
T_24.13 ;
    %pushi/vec4 215, 0, 8;
    %store/vec4 v00000149b14485c0_0, 0, 8;
    %jmp T_24.256;
T_24.14 ;
    %pushi/vec4 171, 0, 8;
    %store/vec4 v00000149b14485c0_0, 0, 8;
    %jmp T_24.256;
T_24.15 ;
    %pushi/vec4 118, 0, 8;
    %store/vec4 v00000149b14485c0_0, 0, 8;
    %jmp T_24.256;
T_24.16 ;
    %pushi/vec4 202, 0, 8;
    %store/vec4 v00000149b14485c0_0, 0, 8;
    %jmp T_24.256;
T_24.17 ;
    %pushi/vec4 130, 0, 8;
    %store/vec4 v00000149b14485c0_0, 0, 8;
    %jmp T_24.256;
T_24.18 ;
    %pushi/vec4 201, 0, 8;
    %store/vec4 v00000149b14485c0_0, 0, 8;
    %jmp T_24.256;
T_24.19 ;
    %pushi/vec4 125, 0, 8;
    %store/vec4 v00000149b14485c0_0, 0, 8;
    %jmp T_24.256;
T_24.20 ;
    %pushi/vec4 250, 0, 8;
    %store/vec4 v00000149b14485c0_0, 0, 8;
    %jmp T_24.256;
T_24.21 ;
    %pushi/vec4 89, 0, 8;
    %store/vec4 v00000149b14485c0_0, 0, 8;
    %jmp T_24.256;
T_24.22 ;
    %pushi/vec4 71, 0, 8;
    %store/vec4 v00000149b14485c0_0, 0, 8;
    %jmp T_24.256;
T_24.23 ;
    %pushi/vec4 240, 0, 8;
    %store/vec4 v00000149b14485c0_0, 0, 8;
    %jmp T_24.256;
T_24.24 ;
    %pushi/vec4 173, 0, 8;
    %store/vec4 v00000149b14485c0_0, 0, 8;
    %jmp T_24.256;
T_24.25 ;
    %pushi/vec4 212, 0, 8;
    %store/vec4 v00000149b14485c0_0, 0, 8;
    %jmp T_24.256;
T_24.26 ;
    %pushi/vec4 162, 0, 8;
    %store/vec4 v00000149b14485c0_0, 0, 8;
    %jmp T_24.256;
T_24.27 ;
    %pushi/vec4 175, 0, 8;
    %store/vec4 v00000149b14485c0_0, 0, 8;
    %jmp T_24.256;
T_24.28 ;
    %pushi/vec4 156, 0, 8;
    %store/vec4 v00000149b14485c0_0, 0, 8;
    %jmp T_24.256;
T_24.29 ;
    %pushi/vec4 164, 0, 8;
    %store/vec4 v00000149b14485c0_0, 0, 8;
    %jmp T_24.256;
T_24.30 ;
    %pushi/vec4 114, 0, 8;
    %store/vec4 v00000149b14485c0_0, 0, 8;
    %jmp T_24.256;
T_24.31 ;
    %pushi/vec4 192, 0, 8;
    %store/vec4 v00000149b14485c0_0, 0, 8;
    %jmp T_24.256;
T_24.32 ;
    %pushi/vec4 183, 0, 8;
    %store/vec4 v00000149b14485c0_0, 0, 8;
    %jmp T_24.256;
T_24.33 ;
    %pushi/vec4 253, 0, 8;
    %store/vec4 v00000149b14485c0_0, 0, 8;
    %jmp T_24.256;
T_24.34 ;
    %pushi/vec4 147, 0, 8;
    %store/vec4 v00000149b14485c0_0, 0, 8;
    %jmp T_24.256;
T_24.35 ;
    %pushi/vec4 38, 0, 8;
    %store/vec4 v00000149b14485c0_0, 0, 8;
    %jmp T_24.256;
T_24.36 ;
    %pushi/vec4 54, 0, 8;
    %store/vec4 v00000149b14485c0_0, 0, 8;
    %jmp T_24.256;
T_24.37 ;
    %pushi/vec4 63, 0, 8;
    %store/vec4 v00000149b14485c0_0, 0, 8;
    %jmp T_24.256;
T_24.38 ;
    %pushi/vec4 247, 0, 8;
    %store/vec4 v00000149b14485c0_0, 0, 8;
    %jmp T_24.256;
T_24.39 ;
    %pushi/vec4 204, 0, 8;
    %store/vec4 v00000149b14485c0_0, 0, 8;
    %jmp T_24.256;
T_24.40 ;
    %pushi/vec4 52, 0, 8;
    %store/vec4 v00000149b14485c0_0, 0, 8;
    %jmp T_24.256;
T_24.41 ;
    %pushi/vec4 165, 0, 8;
    %store/vec4 v00000149b14485c0_0, 0, 8;
    %jmp T_24.256;
T_24.42 ;
    %pushi/vec4 229, 0, 8;
    %store/vec4 v00000149b14485c0_0, 0, 8;
    %jmp T_24.256;
T_24.43 ;
    %pushi/vec4 241, 0, 8;
    %store/vec4 v00000149b14485c0_0, 0, 8;
    %jmp T_24.256;
T_24.44 ;
    %pushi/vec4 113, 0, 8;
    %store/vec4 v00000149b14485c0_0, 0, 8;
    %jmp T_24.256;
T_24.45 ;
    %pushi/vec4 216, 0, 8;
    %store/vec4 v00000149b14485c0_0, 0, 8;
    %jmp T_24.256;
T_24.46 ;
    %pushi/vec4 49, 0, 8;
    %store/vec4 v00000149b14485c0_0, 0, 8;
    %jmp T_24.256;
T_24.47 ;
    %pushi/vec4 21, 0, 8;
    %store/vec4 v00000149b14485c0_0, 0, 8;
    %jmp T_24.256;
T_24.48 ;
    %pushi/vec4 4, 0, 8;
    %store/vec4 v00000149b14485c0_0, 0, 8;
    %jmp T_24.256;
T_24.49 ;
    %pushi/vec4 199, 0, 8;
    %store/vec4 v00000149b14485c0_0, 0, 8;
    %jmp T_24.256;
T_24.50 ;
    %pushi/vec4 35, 0, 8;
    %store/vec4 v00000149b14485c0_0, 0, 8;
    %jmp T_24.256;
T_24.51 ;
    %pushi/vec4 195, 0, 8;
    %store/vec4 v00000149b14485c0_0, 0, 8;
    %jmp T_24.256;
T_24.52 ;
    %pushi/vec4 24, 0, 8;
    %store/vec4 v00000149b14485c0_0, 0, 8;
    %jmp T_24.256;
T_24.53 ;
    %pushi/vec4 150, 0, 8;
    %store/vec4 v00000149b14485c0_0, 0, 8;
    %jmp T_24.256;
T_24.54 ;
    %pushi/vec4 5, 0, 8;
    %store/vec4 v00000149b14485c0_0, 0, 8;
    %jmp T_24.256;
T_24.55 ;
    %pushi/vec4 154, 0, 8;
    %store/vec4 v00000149b14485c0_0, 0, 8;
    %jmp T_24.256;
T_24.56 ;
    %pushi/vec4 7, 0, 8;
    %store/vec4 v00000149b14485c0_0, 0, 8;
    %jmp T_24.256;
T_24.57 ;
    %pushi/vec4 18, 0, 8;
    %store/vec4 v00000149b14485c0_0, 0, 8;
    %jmp T_24.256;
T_24.58 ;
    %pushi/vec4 128, 0, 8;
    %store/vec4 v00000149b14485c0_0, 0, 8;
    %jmp T_24.256;
T_24.59 ;
    %pushi/vec4 226, 0, 8;
    %store/vec4 v00000149b14485c0_0, 0, 8;
    %jmp T_24.256;
T_24.60 ;
    %pushi/vec4 235, 0, 8;
    %store/vec4 v00000149b14485c0_0, 0, 8;
    %jmp T_24.256;
T_24.61 ;
    %pushi/vec4 39, 0, 8;
    %store/vec4 v00000149b14485c0_0, 0, 8;
    %jmp T_24.256;
T_24.62 ;
    %pushi/vec4 178, 0, 8;
    %store/vec4 v00000149b14485c0_0, 0, 8;
    %jmp T_24.256;
T_24.63 ;
    %pushi/vec4 117, 0, 8;
    %store/vec4 v00000149b14485c0_0, 0, 8;
    %jmp T_24.256;
T_24.64 ;
    %pushi/vec4 9, 0, 8;
    %store/vec4 v00000149b14485c0_0, 0, 8;
    %jmp T_24.256;
T_24.65 ;
    %pushi/vec4 131, 0, 8;
    %store/vec4 v00000149b14485c0_0, 0, 8;
    %jmp T_24.256;
T_24.66 ;
    %pushi/vec4 44, 0, 8;
    %store/vec4 v00000149b14485c0_0, 0, 8;
    %jmp T_24.256;
T_24.67 ;
    %pushi/vec4 26, 0, 8;
    %store/vec4 v00000149b14485c0_0, 0, 8;
    %jmp T_24.256;
T_24.68 ;
    %pushi/vec4 27, 0, 8;
    %store/vec4 v00000149b14485c0_0, 0, 8;
    %jmp T_24.256;
T_24.69 ;
    %pushi/vec4 110, 0, 8;
    %store/vec4 v00000149b14485c0_0, 0, 8;
    %jmp T_24.256;
T_24.70 ;
    %pushi/vec4 90, 0, 8;
    %store/vec4 v00000149b14485c0_0, 0, 8;
    %jmp T_24.256;
T_24.71 ;
    %pushi/vec4 160, 0, 8;
    %store/vec4 v00000149b14485c0_0, 0, 8;
    %jmp T_24.256;
T_24.72 ;
    %pushi/vec4 82, 0, 8;
    %store/vec4 v00000149b14485c0_0, 0, 8;
    %jmp T_24.256;
T_24.73 ;
    %pushi/vec4 59, 0, 8;
    %store/vec4 v00000149b14485c0_0, 0, 8;
    %jmp T_24.256;
T_24.74 ;
    %pushi/vec4 214, 0, 8;
    %store/vec4 v00000149b14485c0_0, 0, 8;
    %jmp T_24.256;
T_24.75 ;
    %pushi/vec4 179, 0, 8;
    %store/vec4 v00000149b14485c0_0, 0, 8;
    %jmp T_24.256;
T_24.76 ;
    %pushi/vec4 41, 0, 8;
    %store/vec4 v00000149b14485c0_0, 0, 8;
    %jmp T_24.256;
T_24.77 ;
    %pushi/vec4 227, 0, 8;
    %store/vec4 v00000149b14485c0_0, 0, 8;
    %jmp T_24.256;
T_24.78 ;
    %pushi/vec4 47, 0, 8;
    %store/vec4 v00000149b14485c0_0, 0, 8;
    %jmp T_24.256;
T_24.79 ;
    %pushi/vec4 132, 0, 8;
    %store/vec4 v00000149b14485c0_0, 0, 8;
    %jmp T_24.256;
T_24.80 ;
    %pushi/vec4 83, 0, 8;
    %store/vec4 v00000149b14485c0_0, 0, 8;
    %jmp T_24.256;
T_24.81 ;
    %pushi/vec4 209, 0, 8;
    %store/vec4 v00000149b14485c0_0, 0, 8;
    %jmp T_24.256;
T_24.82 ;
    %pushi/vec4 0, 0, 8;
    %store/vec4 v00000149b14485c0_0, 0, 8;
    %jmp T_24.256;
T_24.83 ;
    %pushi/vec4 237, 0, 8;
    %store/vec4 v00000149b14485c0_0, 0, 8;
    %jmp T_24.256;
T_24.84 ;
    %pushi/vec4 32, 0, 8;
    %store/vec4 v00000149b14485c0_0, 0, 8;
    %jmp T_24.256;
T_24.85 ;
    %pushi/vec4 252, 0, 8;
    %store/vec4 v00000149b14485c0_0, 0, 8;
    %jmp T_24.256;
T_24.86 ;
    %pushi/vec4 177, 0, 8;
    %store/vec4 v00000149b14485c0_0, 0, 8;
    %jmp T_24.256;
T_24.87 ;
    %pushi/vec4 91, 0, 8;
    %store/vec4 v00000149b14485c0_0, 0, 8;
    %jmp T_24.256;
T_24.88 ;
    %pushi/vec4 106, 0, 8;
    %store/vec4 v00000149b14485c0_0, 0, 8;
    %jmp T_24.256;
T_24.89 ;
    %pushi/vec4 203, 0, 8;
    %store/vec4 v00000149b14485c0_0, 0, 8;
    %jmp T_24.256;
T_24.90 ;
    %pushi/vec4 190, 0, 8;
    %store/vec4 v00000149b14485c0_0, 0, 8;
    %jmp T_24.256;
T_24.91 ;
    %pushi/vec4 57, 0, 8;
    %store/vec4 v00000149b14485c0_0, 0, 8;
    %jmp T_24.256;
T_24.92 ;
    %pushi/vec4 74, 0, 8;
    %store/vec4 v00000149b14485c0_0, 0, 8;
    %jmp T_24.256;
T_24.93 ;
    %pushi/vec4 76, 0, 8;
    %store/vec4 v00000149b14485c0_0, 0, 8;
    %jmp T_24.256;
T_24.94 ;
    %pushi/vec4 88, 0, 8;
    %store/vec4 v00000149b14485c0_0, 0, 8;
    %jmp T_24.256;
T_24.95 ;
    %pushi/vec4 207, 0, 8;
    %store/vec4 v00000149b14485c0_0, 0, 8;
    %jmp T_24.256;
T_24.96 ;
    %pushi/vec4 208, 0, 8;
    %store/vec4 v00000149b14485c0_0, 0, 8;
    %jmp T_24.256;
T_24.97 ;
    %pushi/vec4 239, 0, 8;
    %store/vec4 v00000149b14485c0_0, 0, 8;
    %jmp T_24.256;
T_24.98 ;
    %pushi/vec4 170, 0, 8;
    %store/vec4 v00000149b14485c0_0, 0, 8;
    %jmp T_24.256;
T_24.99 ;
    %pushi/vec4 251, 0, 8;
    %store/vec4 v00000149b14485c0_0, 0, 8;
    %jmp T_24.256;
T_24.100 ;
    %pushi/vec4 67, 0, 8;
    %store/vec4 v00000149b14485c0_0, 0, 8;
    %jmp T_24.256;
T_24.101 ;
    %pushi/vec4 77, 0, 8;
    %store/vec4 v00000149b14485c0_0, 0, 8;
    %jmp T_24.256;
T_24.102 ;
    %pushi/vec4 51, 0, 8;
    %store/vec4 v00000149b14485c0_0, 0, 8;
    %jmp T_24.256;
T_24.103 ;
    %pushi/vec4 133, 0, 8;
    %store/vec4 v00000149b14485c0_0, 0, 8;
    %jmp T_24.256;
T_24.104 ;
    %pushi/vec4 69, 0, 8;
    %store/vec4 v00000149b14485c0_0, 0, 8;
    %jmp T_24.256;
T_24.105 ;
    %pushi/vec4 249, 0, 8;
    %store/vec4 v00000149b14485c0_0, 0, 8;
    %jmp T_24.256;
T_24.106 ;
    %pushi/vec4 2, 0, 8;
    %store/vec4 v00000149b14485c0_0, 0, 8;
    %jmp T_24.256;
T_24.107 ;
    %pushi/vec4 127, 0, 8;
    %store/vec4 v00000149b14485c0_0, 0, 8;
    %jmp T_24.256;
T_24.108 ;
    %pushi/vec4 80, 0, 8;
    %store/vec4 v00000149b14485c0_0, 0, 8;
    %jmp T_24.256;
T_24.109 ;
    %pushi/vec4 60, 0, 8;
    %store/vec4 v00000149b14485c0_0, 0, 8;
    %jmp T_24.256;
T_24.110 ;
    %pushi/vec4 159, 0, 8;
    %store/vec4 v00000149b14485c0_0, 0, 8;
    %jmp T_24.256;
T_24.111 ;
    %pushi/vec4 168, 0, 8;
    %store/vec4 v00000149b14485c0_0, 0, 8;
    %jmp T_24.256;
T_24.112 ;
    %pushi/vec4 81, 0, 8;
    %store/vec4 v00000149b14485c0_0, 0, 8;
    %jmp T_24.256;
T_24.113 ;
    %pushi/vec4 163, 0, 8;
    %store/vec4 v00000149b14485c0_0, 0, 8;
    %jmp T_24.256;
T_24.114 ;
    %pushi/vec4 64, 0, 8;
    %store/vec4 v00000149b14485c0_0, 0, 8;
    %jmp T_24.256;
T_24.115 ;
    %pushi/vec4 143, 0, 8;
    %store/vec4 v00000149b14485c0_0, 0, 8;
    %jmp T_24.256;
T_24.116 ;
    %pushi/vec4 146, 0, 8;
    %store/vec4 v00000149b14485c0_0, 0, 8;
    %jmp T_24.256;
T_24.117 ;
    %pushi/vec4 157, 0, 8;
    %store/vec4 v00000149b14485c0_0, 0, 8;
    %jmp T_24.256;
T_24.118 ;
    %pushi/vec4 56, 0, 8;
    %store/vec4 v00000149b14485c0_0, 0, 8;
    %jmp T_24.256;
T_24.119 ;
    %pushi/vec4 245, 0, 8;
    %store/vec4 v00000149b14485c0_0, 0, 8;
    %jmp T_24.256;
T_24.120 ;
    %pushi/vec4 188, 0, 8;
    %store/vec4 v00000149b14485c0_0, 0, 8;
    %jmp T_24.256;
T_24.121 ;
    %pushi/vec4 182, 0, 8;
    %store/vec4 v00000149b14485c0_0, 0, 8;
    %jmp T_24.256;
T_24.122 ;
    %pushi/vec4 218, 0, 8;
    %store/vec4 v00000149b14485c0_0, 0, 8;
    %jmp T_24.256;
T_24.123 ;
    %pushi/vec4 33, 0, 8;
    %store/vec4 v00000149b14485c0_0, 0, 8;
    %jmp T_24.256;
T_24.124 ;
    %pushi/vec4 16, 0, 8;
    %store/vec4 v00000149b14485c0_0, 0, 8;
    %jmp T_24.256;
T_24.125 ;
    %pushi/vec4 255, 0, 8;
    %store/vec4 v00000149b14485c0_0, 0, 8;
    %jmp T_24.256;
T_24.126 ;
    %pushi/vec4 243, 0, 8;
    %store/vec4 v00000149b14485c0_0, 0, 8;
    %jmp T_24.256;
T_24.127 ;
    %pushi/vec4 210, 0, 8;
    %store/vec4 v00000149b14485c0_0, 0, 8;
    %jmp T_24.256;
T_24.128 ;
    %pushi/vec4 205, 0, 8;
    %store/vec4 v00000149b14485c0_0, 0, 8;
    %jmp T_24.256;
T_24.129 ;
    %pushi/vec4 12, 0, 8;
    %store/vec4 v00000149b14485c0_0, 0, 8;
    %jmp T_24.256;
T_24.130 ;
    %pushi/vec4 19, 0, 8;
    %store/vec4 v00000149b14485c0_0, 0, 8;
    %jmp T_24.256;
T_24.131 ;
    %pushi/vec4 236, 0, 8;
    %store/vec4 v00000149b14485c0_0, 0, 8;
    %jmp T_24.256;
T_24.132 ;
    %pushi/vec4 95, 0, 8;
    %store/vec4 v00000149b14485c0_0, 0, 8;
    %jmp T_24.256;
T_24.133 ;
    %pushi/vec4 151, 0, 8;
    %store/vec4 v00000149b14485c0_0, 0, 8;
    %jmp T_24.256;
T_24.134 ;
    %pushi/vec4 68, 0, 8;
    %store/vec4 v00000149b14485c0_0, 0, 8;
    %jmp T_24.256;
T_24.135 ;
    %pushi/vec4 23, 0, 8;
    %store/vec4 v00000149b14485c0_0, 0, 8;
    %jmp T_24.256;
T_24.136 ;
    %pushi/vec4 196, 0, 8;
    %store/vec4 v00000149b14485c0_0, 0, 8;
    %jmp T_24.256;
T_24.137 ;
    %pushi/vec4 167, 0, 8;
    %store/vec4 v00000149b14485c0_0, 0, 8;
    %jmp T_24.256;
T_24.138 ;
    %pushi/vec4 126, 0, 8;
    %store/vec4 v00000149b14485c0_0, 0, 8;
    %jmp T_24.256;
T_24.139 ;
    %pushi/vec4 61, 0, 8;
    %store/vec4 v00000149b14485c0_0, 0, 8;
    %jmp T_24.256;
T_24.140 ;
    %pushi/vec4 100, 0, 8;
    %store/vec4 v00000149b14485c0_0, 0, 8;
    %jmp T_24.256;
T_24.141 ;
    %pushi/vec4 93, 0, 8;
    %store/vec4 v00000149b14485c0_0, 0, 8;
    %jmp T_24.256;
T_24.142 ;
    %pushi/vec4 25, 0, 8;
    %store/vec4 v00000149b14485c0_0, 0, 8;
    %jmp T_24.256;
T_24.143 ;
    %pushi/vec4 115, 0, 8;
    %store/vec4 v00000149b14485c0_0, 0, 8;
    %jmp T_24.256;
T_24.144 ;
    %pushi/vec4 96, 0, 8;
    %store/vec4 v00000149b14485c0_0, 0, 8;
    %jmp T_24.256;
T_24.145 ;
    %pushi/vec4 129, 0, 8;
    %store/vec4 v00000149b14485c0_0, 0, 8;
    %jmp T_24.256;
T_24.146 ;
    %pushi/vec4 79, 0, 8;
    %store/vec4 v00000149b14485c0_0, 0, 8;
    %jmp T_24.256;
T_24.147 ;
    %pushi/vec4 220, 0, 8;
    %store/vec4 v00000149b14485c0_0, 0, 8;
    %jmp T_24.256;
T_24.148 ;
    %pushi/vec4 34, 0, 8;
    %store/vec4 v00000149b14485c0_0, 0, 8;
    %jmp T_24.256;
T_24.149 ;
    %pushi/vec4 42, 0, 8;
    %store/vec4 v00000149b14485c0_0, 0, 8;
    %jmp T_24.256;
T_24.150 ;
    %pushi/vec4 144, 0, 8;
    %store/vec4 v00000149b14485c0_0, 0, 8;
    %jmp T_24.256;
T_24.151 ;
    %pushi/vec4 136, 0, 8;
    %store/vec4 v00000149b14485c0_0, 0, 8;
    %jmp T_24.256;
T_24.152 ;
    %pushi/vec4 70, 0, 8;
    %store/vec4 v00000149b14485c0_0, 0, 8;
    %jmp T_24.256;
T_24.153 ;
    %pushi/vec4 238, 0, 8;
    %store/vec4 v00000149b14485c0_0, 0, 8;
    %jmp T_24.256;
T_24.154 ;
    %pushi/vec4 184, 0, 8;
    %store/vec4 v00000149b14485c0_0, 0, 8;
    %jmp T_24.256;
T_24.155 ;
    %pushi/vec4 20, 0, 8;
    %store/vec4 v00000149b14485c0_0, 0, 8;
    %jmp T_24.256;
T_24.156 ;
    %pushi/vec4 222, 0, 8;
    %store/vec4 v00000149b14485c0_0, 0, 8;
    %jmp T_24.256;
T_24.157 ;
    %pushi/vec4 94, 0, 8;
    %store/vec4 v00000149b14485c0_0, 0, 8;
    %jmp T_24.256;
T_24.158 ;
    %pushi/vec4 11, 0, 8;
    %store/vec4 v00000149b14485c0_0, 0, 8;
    %jmp T_24.256;
T_24.159 ;
    %pushi/vec4 219, 0, 8;
    %store/vec4 v00000149b14485c0_0, 0, 8;
    %jmp T_24.256;
T_24.160 ;
    %pushi/vec4 224, 0, 8;
    %store/vec4 v00000149b14485c0_0, 0, 8;
    %jmp T_24.256;
T_24.161 ;
    %pushi/vec4 50, 0, 8;
    %store/vec4 v00000149b14485c0_0, 0, 8;
    %jmp T_24.256;
T_24.162 ;
    %pushi/vec4 58, 0, 8;
    %store/vec4 v00000149b14485c0_0, 0, 8;
    %jmp T_24.256;
T_24.163 ;
    %pushi/vec4 10, 0, 8;
    %store/vec4 v00000149b14485c0_0, 0, 8;
    %jmp T_24.256;
T_24.164 ;
    %pushi/vec4 73, 0, 8;
    %store/vec4 v00000149b14485c0_0, 0, 8;
    %jmp T_24.256;
T_24.165 ;
    %pushi/vec4 6, 0, 8;
    %store/vec4 v00000149b14485c0_0, 0, 8;
    %jmp T_24.256;
T_24.166 ;
    %pushi/vec4 36, 0, 8;
    %store/vec4 v00000149b14485c0_0, 0, 8;
    %jmp T_24.256;
T_24.167 ;
    %pushi/vec4 92, 0, 8;
    %store/vec4 v00000149b14485c0_0, 0, 8;
    %jmp T_24.256;
T_24.168 ;
    %pushi/vec4 194, 0, 8;
    %store/vec4 v00000149b14485c0_0, 0, 8;
    %jmp T_24.256;
T_24.169 ;
    %pushi/vec4 211, 0, 8;
    %store/vec4 v00000149b14485c0_0, 0, 8;
    %jmp T_24.256;
T_24.170 ;
    %pushi/vec4 172, 0, 8;
    %store/vec4 v00000149b14485c0_0, 0, 8;
    %jmp T_24.256;
T_24.171 ;
    %pushi/vec4 98, 0, 8;
    %store/vec4 v00000149b14485c0_0, 0, 8;
    %jmp T_24.256;
T_24.172 ;
    %pushi/vec4 145, 0, 8;
    %store/vec4 v00000149b14485c0_0, 0, 8;
    %jmp T_24.256;
T_24.173 ;
    %pushi/vec4 149, 0, 8;
    %store/vec4 v00000149b14485c0_0, 0, 8;
    %jmp T_24.256;
T_24.174 ;
    %pushi/vec4 228, 0, 8;
    %store/vec4 v00000149b14485c0_0, 0, 8;
    %jmp T_24.256;
T_24.175 ;
    %pushi/vec4 121, 0, 8;
    %store/vec4 v00000149b14485c0_0, 0, 8;
    %jmp T_24.256;
T_24.176 ;
    %pushi/vec4 231, 0, 8;
    %store/vec4 v00000149b14485c0_0, 0, 8;
    %jmp T_24.256;
T_24.177 ;
    %pushi/vec4 200, 0, 8;
    %store/vec4 v00000149b14485c0_0, 0, 8;
    %jmp T_24.256;
T_24.178 ;
    %pushi/vec4 55, 0, 8;
    %store/vec4 v00000149b14485c0_0, 0, 8;
    %jmp T_24.256;
T_24.179 ;
    %pushi/vec4 109, 0, 8;
    %store/vec4 v00000149b14485c0_0, 0, 8;
    %jmp T_24.256;
T_24.180 ;
    %pushi/vec4 141, 0, 8;
    %store/vec4 v00000149b14485c0_0, 0, 8;
    %jmp T_24.256;
T_24.181 ;
    %pushi/vec4 213, 0, 8;
    %store/vec4 v00000149b14485c0_0, 0, 8;
    %jmp T_24.256;
T_24.182 ;
    %pushi/vec4 78, 0, 8;
    %store/vec4 v00000149b14485c0_0, 0, 8;
    %jmp T_24.256;
T_24.183 ;
    %pushi/vec4 169, 0, 8;
    %store/vec4 v00000149b14485c0_0, 0, 8;
    %jmp T_24.256;
T_24.184 ;
    %pushi/vec4 108, 0, 8;
    %store/vec4 v00000149b14485c0_0, 0, 8;
    %jmp T_24.256;
T_24.185 ;
    %pushi/vec4 86, 0, 8;
    %store/vec4 v00000149b14485c0_0, 0, 8;
    %jmp T_24.256;
T_24.186 ;
    %pushi/vec4 244, 0, 8;
    %store/vec4 v00000149b14485c0_0, 0, 8;
    %jmp T_24.256;
T_24.187 ;
    %pushi/vec4 234, 0, 8;
    %store/vec4 v00000149b14485c0_0, 0, 8;
    %jmp T_24.256;
T_24.188 ;
    %pushi/vec4 101, 0, 8;
    %store/vec4 v00000149b14485c0_0, 0, 8;
    %jmp T_24.256;
T_24.189 ;
    %pushi/vec4 122, 0, 8;
    %store/vec4 v00000149b14485c0_0, 0, 8;
    %jmp T_24.256;
T_24.190 ;
    %pushi/vec4 174, 0, 8;
    %store/vec4 v00000149b14485c0_0, 0, 8;
    %jmp T_24.256;
T_24.191 ;
    %pushi/vec4 8, 0, 8;
    %store/vec4 v00000149b14485c0_0, 0, 8;
    %jmp T_24.256;
T_24.192 ;
    %pushi/vec4 186, 0, 8;
    %store/vec4 v00000149b14485c0_0, 0, 8;
    %jmp T_24.256;
T_24.193 ;
    %pushi/vec4 120, 0, 8;
    %store/vec4 v00000149b14485c0_0, 0, 8;
    %jmp T_24.256;
T_24.194 ;
    %pushi/vec4 37, 0, 8;
    %store/vec4 v00000149b14485c0_0, 0, 8;
    %jmp T_24.256;
T_24.195 ;
    %pushi/vec4 46, 0, 8;
    %store/vec4 v00000149b14485c0_0, 0, 8;
    %jmp T_24.256;
T_24.196 ;
    %pushi/vec4 28, 0, 8;
    %store/vec4 v00000149b14485c0_0, 0, 8;
    %jmp T_24.256;
T_24.197 ;
    %pushi/vec4 166, 0, 8;
    %store/vec4 v00000149b14485c0_0, 0, 8;
    %jmp T_24.256;
T_24.198 ;
    %pushi/vec4 180, 0, 8;
    %store/vec4 v00000149b14485c0_0, 0, 8;
    %jmp T_24.256;
T_24.199 ;
    %pushi/vec4 198, 0, 8;
    %store/vec4 v00000149b14485c0_0, 0, 8;
    %jmp T_24.256;
T_24.200 ;
    %pushi/vec4 232, 0, 8;
    %store/vec4 v00000149b14485c0_0, 0, 8;
    %jmp T_24.256;
T_24.201 ;
    %pushi/vec4 221, 0, 8;
    %store/vec4 v00000149b14485c0_0, 0, 8;
    %jmp T_24.256;
T_24.202 ;
    %pushi/vec4 116, 0, 8;
    %store/vec4 v00000149b14485c0_0, 0, 8;
    %jmp T_24.256;
T_24.203 ;
    %pushi/vec4 31, 0, 8;
    %store/vec4 v00000149b14485c0_0, 0, 8;
    %jmp T_24.256;
T_24.204 ;
    %pushi/vec4 75, 0, 8;
    %store/vec4 v00000149b14485c0_0, 0, 8;
    %jmp T_24.256;
T_24.205 ;
    %pushi/vec4 189, 0, 8;
    %store/vec4 v00000149b14485c0_0, 0, 8;
    %jmp T_24.256;
T_24.206 ;
    %pushi/vec4 139, 0, 8;
    %store/vec4 v00000149b14485c0_0, 0, 8;
    %jmp T_24.256;
T_24.207 ;
    %pushi/vec4 138, 0, 8;
    %store/vec4 v00000149b14485c0_0, 0, 8;
    %jmp T_24.256;
T_24.208 ;
    %pushi/vec4 112, 0, 8;
    %store/vec4 v00000149b14485c0_0, 0, 8;
    %jmp T_24.256;
T_24.209 ;
    %pushi/vec4 62, 0, 8;
    %store/vec4 v00000149b14485c0_0, 0, 8;
    %jmp T_24.256;
T_24.210 ;
    %pushi/vec4 181, 0, 8;
    %store/vec4 v00000149b14485c0_0, 0, 8;
    %jmp T_24.256;
T_24.211 ;
    %pushi/vec4 102, 0, 8;
    %store/vec4 v00000149b14485c0_0, 0, 8;
    %jmp T_24.256;
T_24.212 ;
    %pushi/vec4 72, 0, 8;
    %store/vec4 v00000149b14485c0_0, 0, 8;
    %jmp T_24.256;
T_24.213 ;
    %pushi/vec4 3, 0, 8;
    %store/vec4 v00000149b14485c0_0, 0, 8;
    %jmp T_24.256;
T_24.214 ;
    %pushi/vec4 246, 0, 8;
    %store/vec4 v00000149b14485c0_0, 0, 8;
    %jmp T_24.256;
T_24.215 ;
    %pushi/vec4 14, 0, 8;
    %store/vec4 v00000149b14485c0_0, 0, 8;
    %jmp T_24.256;
T_24.216 ;
    %pushi/vec4 97, 0, 8;
    %store/vec4 v00000149b14485c0_0, 0, 8;
    %jmp T_24.256;
T_24.217 ;
    %pushi/vec4 53, 0, 8;
    %store/vec4 v00000149b14485c0_0, 0, 8;
    %jmp T_24.256;
T_24.218 ;
    %pushi/vec4 87, 0, 8;
    %store/vec4 v00000149b14485c0_0, 0, 8;
    %jmp T_24.256;
T_24.219 ;
    %pushi/vec4 185, 0, 8;
    %store/vec4 v00000149b14485c0_0, 0, 8;
    %jmp T_24.256;
T_24.220 ;
    %pushi/vec4 134, 0, 8;
    %store/vec4 v00000149b14485c0_0, 0, 8;
    %jmp T_24.256;
T_24.221 ;
    %pushi/vec4 193, 0, 8;
    %store/vec4 v00000149b14485c0_0, 0, 8;
    %jmp T_24.256;
T_24.222 ;
    %pushi/vec4 29, 0, 8;
    %store/vec4 v00000149b14485c0_0, 0, 8;
    %jmp T_24.256;
T_24.223 ;
    %pushi/vec4 158, 0, 8;
    %store/vec4 v00000149b14485c0_0, 0, 8;
    %jmp T_24.256;
T_24.224 ;
    %pushi/vec4 225, 0, 8;
    %store/vec4 v00000149b14485c0_0, 0, 8;
    %jmp T_24.256;
T_24.225 ;
    %pushi/vec4 248, 0, 8;
    %store/vec4 v00000149b14485c0_0, 0, 8;
    %jmp T_24.256;
T_24.226 ;
    %pushi/vec4 152, 0, 8;
    %store/vec4 v00000149b14485c0_0, 0, 8;
    %jmp T_24.256;
T_24.227 ;
    %pushi/vec4 17, 0, 8;
    %store/vec4 v00000149b14485c0_0, 0, 8;
    %jmp T_24.256;
T_24.228 ;
    %pushi/vec4 105, 0, 8;
    %store/vec4 v00000149b14485c0_0, 0, 8;
    %jmp T_24.256;
T_24.229 ;
    %pushi/vec4 217, 0, 8;
    %store/vec4 v00000149b14485c0_0, 0, 8;
    %jmp T_24.256;
T_24.230 ;
    %pushi/vec4 142, 0, 8;
    %store/vec4 v00000149b14485c0_0, 0, 8;
    %jmp T_24.256;
T_24.231 ;
    %pushi/vec4 148, 0, 8;
    %store/vec4 v00000149b14485c0_0, 0, 8;
    %jmp T_24.256;
T_24.232 ;
    %pushi/vec4 155, 0, 8;
    %store/vec4 v00000149b14485c0_0, 0, 8;
    %jmp T_24.256;
T_24.233 ;
    %pushi/vec4 30, 0, 8;
    %store/vec4 v00000149b14485c0_0, 0, 8;
    %jmp T_24.256;
T_24.234 ;
    %pushi/vec4 135, 0, 8;
    %store/vec4 v00000149b14485c0_0, 0, 8;
    %jmp T_24.256;
T_24.235 ;
    %pushi/vec4 233, 0, 8;
    %store/vec4 v00000149b14485c0_0, 0, 8;
    %jmp T_24.256;
T_24.236 ;
    %pushi/vec4 206, 0, 8;
    %store/vec4 v00000149b14485c0_0, 0, 8;
    %jmp T_24.256;
T_24.237 ;
    %pushi/vec4 85, 0, 8;
    %store/vec4 v00000149b14485c0_0, 0, 8;
    %jmp T_24.256;
T_24.238 ;
    %pushi/vec4 40, 0, 8;
    %store/vec4 v00000149b14485c0_0, 0, 8;
    %jmp T_24.256;
T_24.239 ;
    %pushi/vec4 223, 0, 8;
    %store/vec4 v00000149b14485c0_0, 0, 8;
    %jmp T_24.256;
T_24.240 ;
    %pushi/vec4 140, 0, 8;
    %store/vec4 v00000149b14485c0_0, 0, 8;
    %jmp T_24.256;
T_24.241 ;
    %pushi/vec4 161, 0, 8;
    %store/vec4 v00000149b14485c0_0, 0, 8;
    %jmp T_24.256;
T_24.242 ;
    %pushi/vec4 137, 0, 8;
    %store/vec4 v00000149b14485c0_0, 0, 8;
    %jmp T_24.256;
T_24.243 ;
    %pushi/vec4 13, 0, 8;
    %store/vec4 v00000149b14485c0_0, 0, 8;
    %jmp T_24.256;
T_24.244 ;
    %pushi/vec4 191, 0, 8;
    %store/vec4 v00000149b14485c0_0, 0, 8;
    %jmp T_24.256;
T_24.245 ;
    %pushi/vec4 230, 0, 8;
    %store/vec4 v00000149b14485c0_0, 0, 8;
    %jmp T_24.256;
T_24.246 ;
    %pushi/vec4 66, 0, 8;
    %store/vec4 v00000149b14485c0_0, 0, 8;
    %jmp T_24.256;
T_24.247 ;
    %pushi/vec4 104, 0, 8;
    %store/vec4 v00000149b14485c0_0, 0, 8;
    %jmp T_24.256;
T_24.248 ;
    %pushi/vec4 65, 0, 8;
    %store/vec4 v00000149b14485c0_0, 0, 8;
    %jmp T_24.256;
T_24.249 ;
    %pushi/vec4 153, 0, 8;
    %store/vec4 v00000149b14485c0_0, 0, 8;
    %jmp T_24.256;
T_24.250 ;
    %pushi/vec4 45, 0, 8;
    %store/vec4 v00000149b14485c0_0, 0, 8;
    %jmp T_24.256;
T_24.251 ;
    %pushi/vec4 15, 0, 8;
    %store/vec4 v00000149b14485c0_0, 0, 8;
    %jmp T_24.256;
T_24.252 ;
    %pushi/vec4 176, 0, 8;
    %store/vec4 v00000149b14485c0_0, 0, 8;
    %jmp T_24.256;
T_24.253 ;
    %pushi/vec4 84, 0, 8;
    %store/vec4 v00000149b14485c0_0, 0, 8;
    %jmp T_24.256;
T_24.254 ;
    %pushi/vec4 187, 0, 8;
    %store/vec4 v00000149b14485c0_0, 0, 8;
    %jmp T_24.256;
T_24.255 ;
    %pushi/vec4 22, 0, 8;
    %store/vec4 v00000149b14485c0_0, 0, 8;
    %jmp T_24.256;
T_24.256 ;
    %pop/vec4 1;
    %jmp T_24;
    .thread T_24, $push;
    .scope S_00000149b144e2d0;
T_25 ;
    %wait E_00000149b1392c80;
    %load/vec4 v00000149b1448340_0;
    %dup/vec4;
    %pushi/vec4 0, 0, 8;
    %cmp/u;
    %jmp/1 T_25.0, 6;
    %dup/vec4;
    %pushi/vec4 1, 0, 8;
    %cmp/u;
    %jmp/1 T_25.1, 6;
    %dup/vec4;
    %pushi/vec4 2, 0, 8;
    %cmp/u;
    %jmp/1 T_25.2, 6;
    %dup/vec4;
    %pushi/vec4 3, 0, 8;
    %cmp/u;
    %jmp/1 T_25.3, 6;
    %dup/vec4;
    %pushi/vec4 4, 0, 8;
    %cmp/u;
    %jmp/1 T_25.4, 6;
    %dup/vec4;
    %pushi/vec4 5, 0, 8;
    %cmp/u;
    %jmp/1 T_25.5, 6;
    %dup/vec4;
    %pushi/vec4 6, 0, 8;
    %cmp/u;
    %jmp/1 T_25.6, 6;
    %dup/vec4;
    %pushi/vec4 7, 0, 8;
    %cmp/u;
    %jmp/1 T_25.7, 6;
    %dup/vec4;
    %pushi/vec4 8, 0, 8;
    %cmp/u;
    %jmp/1 T_25.8, 6;
    %dup/vec4;
    %pushi/vec4 9, 0, 8;
    %cmp/u;
    %jmp/1 T_25.9, 6;
    %dup/vec4;
    %pushi/vec4 10, 0, 8;
    %cmp/u;
    %jmp/1 T_25.10, 6;
    %dup/vec4;
    %pushi/vec4 11, 0, 8;
    %cmp/u;
    %jmp/1 T_25.11, 6;
    %dup/vec4;
    %pushi/vec4 12, 0, 8;
    %cmp/u;
    %jmp/1 T_25.12, 6;
    %dup/vec4;
    %pushi/vec4 13, 0, 8;
    %cmp/u;
    %jmp/1 T_25.13, 6;
    %dup/vec4;
    %pushi/vec4 14, 0, 8;
    %cmp/u;
    %jmp/1 T_25.14, 6;
    %dup/vec4;
    %pushi/vec4 15, 0, 8;
    %cmp/u;
    %jmp/1 T_25.15, 6;
    %dup/vec4;
    %pushi/vec4 16, 0, 8;
    %cmp/u;
    %jmp/1 T_25.16, 6;
    %dup/vec4;
    %pushi/vec4 17, 0, 8;
    %cmp/u;
    %jmp/1 T_25.17, 6;
    %dup/vec4;
    %pushi/vec4 18, 0, 8;
    %cmp/u;
    %jmp/1 T_25.18, 6;
    %dup/vec4;
    %pushi/vec4 19, 0, 8;
    %cmp/u;
    %jmp/1 T_25.19, 6;
    %dup/vec4;
    %pushi/vec4 20, 0, 8;
    %cmp/u;
    %jmp/1 T_25.20, 6;
    %dup/vec4;
    %pushi/vec4 21, 0, 8;
    %cmp/u;
    %jmp/1 T_25.21, 6;
    %dup/vec4;
    %pushi/vec4 22, 0, 8;
    %cmp/u;
    %jmp/1 T_25.22, 6;
    %dup/vec4;
    %pushi/vec4 23, 0, 8;
    %cmp/u;
    %jmp/1 T_25.23, 6;
    %dup/vec4;
    %pushi/vec4 24, 0, 8;
    %cmp/u;
    %jmp/1 T_25.24, 6;
    %dup/vec4;
    %pushi/vec4 25, 0, 8;
    %cmp/u;
    %jmp/1 T_25.25, 6;
    %dup/vec4;
    %pushi/vec4 26, 0, 8;
    %cmp/u;
    %jmp/1 T_25.26, 6;
    %dup/vec4;
    %pushi/vec4 27, 0, 8;
    %cmp/u;
    %jmp/1 T_25.27, 6;
    %dup/vec4;
    %pushi/vec4 28, 0, 8;
    %cmp/u;
    %jmp/1 T_25.28, 6;
    %dup/vec4;
    %pushi/vec4 29, 0, 8;
    %cmp/u;
    %jmp/1 T_25.29, 6;
    %dup/vec4;
    %pushi/vec4 30, 0, 8;
    %cmp/u;
    %jmp/1 T_25.30, 6;
    %dup/vec4;
    %pushi/vec4 31, 0, 8;
    %cmp/u;
    %jmp/1 T_25.31, 6;
    %dup/vec4;
    %pushi/vec4 32, 0, 8;
    %cmp/u;
    %jmp/1 T_25.32, 6;
    %dup/vec4;
    %pushi/vec4 33, 0, 8;
    %cmp/u;
    %jmp/1 T_25.33, 6;
    %dup/vec4;
    %pushi/vec4 34, 0, 8;
    %cmp/u;
    %jmp/1 T_25.34, 6;
    %dup/vec4;
    %pushi/vec4 35, 0, 8;
    %cmp/u;
    %jmp/1 T_25.35, 6;
    %dup/vec4;
    %pushi/vec4 36, 0, 8;
    %cmp/u;
    %jmp/1 T_25.36, 6;
    %dup/vec4;
    %pushi/vec4 37, 0, 8;
    %cmp/u;
    %jmp/1 T_25.37, 6;
    %dup/vec4;
    %pushi/vec4 38, 0, 8;
    %cmp/u;
    %jmp/1 T_25.38, 6;
    %dup/vec4;
    %pushi/vec4 39, 0, 8;
    %cmp/u;
    %jmp/1 T_25.39, 6;
    %dup/vec4;
    %pushi/vec4 40, 0, 8;
    %cmp/u;
    %jmp/1 T_25.40, 6;
    %dup/vec4;
    %pushi/vec4 41, 0, 8;
    %cmp/u;
    %jmp/1 T_25.41, 6;
    %dup/vec4;
    %pushi/vec4 42, 0, 8;
    %cmp/u;
    %jmp/1 T_25.42, 6;
    %dup/vec4;
    %pushi/vec4 43, 0, 8;
    %cmp/u;
    %jmp/1 T_25.43, 6;
    %dup/vec4;
    %pushi/vec4 44, 0, 8;
    %cmp/u;
    %jmp/1 T_25.44, 6;
    %dup/vec4;
    %pushi/vec4 45, 0, 8;
    %cmp/u;
    %jmp/1 T_25.45, 6;
    %dup/vec4;
    %pushi/vec4 46, 0, 8;
    %cmp/u;
    %jmp/1 T_25.46, 6;
    %dup/vec4;
    %pushi/vec4 47, 0, 8;
    %cmp/u;
    %jmp/1 T_25.47, 6;
    %dup/vec4;
    %pushi/vec4 48, 0, 8;
    %cmp/u;
    %jmp/1 T_25.48, 6;
    %dup/vec4;
    %pushi/vec4 49, 0, 8;
    %cmp/u;
    %jmp/1 T_25.49, 6;
    %dup/vec4;
    %pushi/vec4 50, 0, 8;
    %cmp/u;
    %jmp/1 T_25.50, 6;
    %dup/vec4;
    %pushi/vec4 51, 0, 8;
    %cmp/u;
    %jmp/1 T_25.51, 6;
    %dup/vec4;
    %pushi/vec4 52, 0, 8;
    %cmp/u;
    %jmp/1 T_25.52, 6;
    %dup/vec4;
    %pushi/vec4 53, 0, 8;
    %cmp/u;
    %jmp/1 T_25.53, 6;
    %dup/vec4;
    %pushi/vec4 54, 0, 8;
    %cmp/u;
    %jmp/1 T_25.54, 6;
    %dup/vec4;
    %pushi/vec4 55, 0, 8;
    %cmp/u;
    %jmp/1 T_25.55, 6;
    %dup/vec4;
    %pushi/vec4 56, 0, 8;
    %cmp/u;
    %jmp/1 T_25.56, 6;
    %dup/vec4;
    %pushi/vec4 57, 0, 8;
    %cmp/u;
    %jmp/1 T_25.57, 6;
    %dup/vec4;
    %pushi/vec4 58, 0, 8;
    %cmp/u;
    %jmp/1 T_25.58, 6;
    %dup/vec4;
    %pushi/vec4 59, 0, 8;
    %cmp/u;
    %jmp/1 T_25.59, 6;
    %dup/vec4;
    %pushi/vec4 60, 0, 8;
    %cmp/u;
    %jmp/1 T_25.60, 6;
    %dup/vec4;
    %pushi/vec4 61, 0, 8;
    %cmp/u;
    %jmp/1 T_25.61, 6;
    %dup/vec4;
    %pushi/vec4 62, 0, 8;
    %cmp/u;
    %jmp/1 T_25.62, 6;
    %dup/vec4;
    %pushi/vec4 63, 0, 8;
    %cmp/u;
    %jmp/1 T_25.63, 6;
    %dup/vec4;
    %pushi/vec4 64, 0, 8;
    %cmp/u;
    %jmp/1 T_25.64, 6;
    %dup/vec4;
    %pushi/vec4 65, 0, 8;
    %cmp/u;
    %jmp/1 T_25.65, 6;
    %dup/vec4;
    %pushi/vec4 66, 0, 8;
    %cmp/u;
    %jmp/1 T_25.66, 6;
    %dup/vec4;
    %pushi/vec4 67, 0, 8;
    %cmp/u;
    %jmp/1 T_25.67, 6;
    %dup/vec4;
    %pushi/vec4 68, 0, 8;
    %cmp/u;
    %jmp/1 T_25.68, 6;
    %dup/vec4;
    %pushi/vec4 69, 0, 8;
    %cmp/u;
    %jmp/1 T_25.69, 6;
    %dup/vec4;
    %pushi/vec4 70, 0, 8;
    %cmp/u;
    %jmp/1 T_25.70, 6;
    %dup/vec4;
    %pushi/vec4 71, 0, 8;
    %cmp/u;
    %jmp/1 T_25.71, 6;
    %dup/vec4;
    %pushi/vec4 72, 0, 8;
    %cmp/u;
    %jmp/1 T_25.72, 6;
    %dup/vec4;
    %pushi/vec4 73, 0, 8;
    %cmp/u;
    %jmp/1 T_25.73, 6;
    %dup/vec4;
    %pushi/vec4 74, 0, 8;
    %cmp/u;
    %jmp/1 T_25.74, 6;
    %dup/vec4;
    %pushi/vec4 75, 0, 8;
    %cmp/u;
    %jmp/1 T_25.75, 6;
    %dup/vec4;
    %pushi/vec4 76, 0, 8;
    %cmp/u;
    %jmp/1 T_25.76, 6;
    %dup/vec4;
    %pushi/vec4 77, 0, 8;
    %cmp/u;
    %jmp/1 T_25.77, 6;
    %dup/vec4;
    %pushi/vec4 78, 0, 8;
    %cmp/u;
    %jmp/1 T_25.78, 6;
    %dup/vec4;
    %pushi/vec4 79, 0, 8;
    %cmp/u;
    %jmp/1 T_25.79, 6;
    %dup/vec4;
    %pushi/vec4 80, 0, 8;
    %cmp/u;
    %jmp/1 T_25.80, 6;
    %dup/vec4;
    %pushi/vec4 81, 0, 8;
    %cmp/u;
    %jmp/1 T_25.81, 6;
    %dup/vec4;
    %pushi/vec4 82, 0, 8;
    %cmp/u;
    %jmp/1 T_25.82, 6;
    %dup/vec4;
    %pushi/vec4 83, 0, 8;
    %cmp/u;
    %jmp/1 T_25.83, 6;
    %dup/vec4;
    %pushi/vec4 84, 0, 8;
    %cmp/u;
    %jmp/1 T_25.84, 6;
    %dup/vec4;
    %pushi/vec4 85, 0, 8;
    %cmp/u;
    %jmp/1 T_25.85, 6;
    %dup/vec4;
    %pushi/vec4 86, 0, 8;
    %cmp/u;
    %jmp/1 T_25.86, 6;
    %dup/vec4;
    %pushi/vec4 87, 0, 8;
    %cmp/u;
    %jmp/1 T_25.87, 6;
    %dup/vec4;
    %pushi/vec4 88, 0, 8;
    %cmp/u;
    %jmp/1 T_25.88, 6;
    %dup/vec4;
    %pushi/vec4 89, 0, 8;
    %cmp/u;
    %jmp/1 T_25.89, 6;
    %dup/vec4;
    %pushi/vec4 90, 0, 8;
    %cmp/u;
    %jmp/1 T_25.90, 6;
    %dup/vec4;
    %pushi/vec4 91, 0, 8;
    %cmp/u;
    %jmp/1 T_25.91, 6;
    %dup/vec4;
    %pushi/vec4 92, 0, 8;
    %cmp/u;
    %jmp/1 T_25.92, 6;
    %dup/vec4;
    %pushi/vec4 93, 0, 8;
    %cmp/u;
    %jmp/1 T_25.93, 6;
    %dup/vec4;
    %pushi/vec4 94, 0, 8;
    %cmp/u;
    %jmp/1 T_25.94, 6;
    %dup/vec4;
    %pushi/vec4 95, 0, 8;
    %cmp/u;
    %jmp/1 T_25.95, 6;
    %dup/vec4;
    %pushi/vec4 96, 0, 8;
    %cmp/u;
    %jmp/1 T_25.96, 6;
    %dup/vec4;
    %pushi/vec4 97, 0, 8;
    %cmp/u;
    %jmp/1 T_25.97, 6;
    %dup/vec4;
    %pushi/vec4 98, 0, 8;
    %cmp/u;
    %jmp/1 T_25.98, 6;
    %dup/vec4;
    %pushi/vec4 99, 0, 8;
    %cmp/u;
    %jmp/1 T_25.99, 6;
    %dup/vec4;
    %pushi/vec4 100, 0, 8;
    %cmp/u;
    %jmp/1 T_25.100, 6;
    %dup/vec4;
    %pushi/vec4 101, 0, 8;
    %cmp/u;
    %jmp/1 T_25.101, 6;
    %dup/vec4;
    %pushi/vec4 102, 0, 8;
    %cmp/u;
    %jmp/1 T_25.102, 6;
    %dup/vec4;
    %pushi/vec4 103, 0, 8;
    %cmp/u;
    %jmp/1 T_25.103, 6;
    %dup/vec4;
    %pushi/vec4 104, 0, 8;
    %cmp/u;
    %jmp/1 T_25.104, 6;
    %dup/vec4;
    %pushi/vec4 105, 0, 8;
    %cmp/u;
    %jmp/1 T_25.105, 6;
    %dup/vec4;
    %pushi/vec4 106, 0, 8;
    %cmp/u;
    %jmp/1 T_25.106, 6;
    %dup/vec4;
    %pushi/vec4 107, 0, 8;
    %cmp/u;
    %jmp/1 T_25.107, 6;
    %dup/vec4;
    %pushi/vec4 108, 0, 8;
    %cmp/u;
    %jmp/1 T_25.108, 6;
    %dup/vec4;
    %pushi/vec4 109, 0, 8;
    %cmp/u;
    %jmp/1 T_25.109, 6;
    %dup/vec4;
    %pushi/vec4 110, 0, 8;
    %cmp/u;
    %jmp/1 T_25.110, 6;
    %dup/vec4;
    %pushi/vec4 111, 0, 8;
    %cmp/u;
    %jmp/1 T_25.111, 6;
    %dup/vec4;
    %pushi/vec4 112, 0, 8;
    %cmp/u;
    %jmp/1 T_25.112, 6;
    %dup/vec4;
    %pushi/vec4 113, 0, 8;
    %cmp/u;
    %jmp/1 T_25.113, 6;
    %dup/vec4;
    %pushi/vec4 114, 0, 8;
    %cmp/u;
    %jmp/1 T_25.114, 6;
    %dup/vec4;
    %pushi/vec4 115, 0, 8;
    %cmp/u;
    %jmp/1 T_25.115, 6;
    %dup/vec4;
    %pushi/vec4 116, 0, 8;
    %cmp/u;
    %jmp/1 T_25.116, 6;
    %dup/vec4;
    %pushi/vec4 117, 0, 8;
    %cmp/u;
    %jmp/1 T_25.117, 6;
    %dup/vec4;
    %pushi/vec4 118, 0, 8;
    %cmp/u;
    %jmp/1 T_25.118, 6;
    %dup/vec4;
    %pushi/vec4 119, 0, 8;
    %cmp/u;
    %jmp/1 T_25.119, 6;
    %dup/vec4;
    %pushi/vec4 120, 0, 8;
    %cmp/u;
    %jmp/1 T_25.120, 6;
    %dup/vec4;
    %pushi/vec4 121, 0, 8;
    %cmp/u;
    %jmp/1 T_25.121, 6;
    %dup/vec4;
    %pushi/vec4 122, 0, 8;
    %cmp/u;
    %jmp/1 T_25.122, 6;
    %dup/vec4;
    %pushi/vec4 123, 0, 8;
    %cmp/u;
    %jmp/1 T_25.123, 6;
    %dup/vec4;
    %pushi/vec4 124, 0, 8;
    %cmp/u;
    %jmp/1 T_25.124, 6;
    %dup/vec4;
    %pushi/vec4 125, 0, 8;
    %cmp/u;
    %jmp/1 T_25.125, 6;
    %dup/vec4;
    %pushi/vec4 126, 0, 8;
    %cmp/u;
    %jmp/1 T_25.126, 6;
    %dup/vec4;
    %pushi/vec4 127, 0, 8;
    %cmp/u;
    %jmp/1 T_25.127, 6;
    %dup/vec4;
    %pushi/vec4 128, 0, 8;
    %cmp/u;
    %jmp/1 T_25.128, 6;
    %dup/vec4;
    %pushi/vec4 129, 0, 8;
    %cmp/u;
    %jmp/1 T_25.129, 6;
    %dup/vec4;
    %pushi/vec4 130, 0, 8;
    %cmp/u;
    %jmp/1 T_25.130, 6;
    %dup/vec4;
    %pushi/vec4 131, 0, 8;
    %cmp/u;
    %jmp/1 T_25.131, 6;
    %dup/vec4;
    %pushi/vec4 132, 0, 8;
    %cmp/u;
    %jmp/1 T_25.132, 6;
    %dup/vec4;
    %pushi/vec4 133, 0, 8;
    %cmp/u;
    %jmp/1 T_25.133, 6;
    %dup/vec4;
    %pushi/vec4 134, 0, 8;
    %cmp/u;
    %jmp/1 T_25.134, 6;
    %dup/vec4;
    %pushi/vec4 135, 0, 8;
    %cmp/u;
    %jmp/1 T_25.135, 6;
    %dup/vec4;
    %pushi/vec4 136, 0, 8;
    %cmp/u;
    %jmp/1 T_25.136, 6;
    %dup/vec4;
    %pushi/vec4 137, 0, 8;
    %cmp/u;
    %jmp/1 T_25.137, 6;
    %dup/vec4;
    %pushi/vec4 138, 0, 8;
    %cmp/u;
    %jmp/1 T_25.138, 6;
    %dup/vec4;
    %pushi/vec4 139, 0, 8;
    %cmp/u;
    %jmp/1 T_25.139, 6;
    %dup/vec4;
    %pushi/vec4 140, 0, 8;
    %cmp/u;
    %jmp/1 T_25.140, 6;
    %dup/vec4;
    %pushi/vec4 141, 0, 8;
    %cmp/u;
    %jmp/1 T_25.141, 6;
    %dup/vec4;
    %pushi/vec4 142, 0, 8;
    %cmp/u;
    %jmp/1 T_25.142, 6;
    %dup/vec4;
    %pushi/vec4 143, 0, 8;
    %cmp/u;
    %jmp/1 T_25.143, 6;
    %dup/vec4;
    %pushi/vec4 144, 0, 8;
    %cmp/u;
    %jmp/1 T_25.144, 6;
    %dup/vec4;
    %pushi/vec4 145, 0, 8;
    %cmp/u;
    %jmp/1 T_25.145, 6;
    %dup/vec4;
    %pushi/vec4 146, 0, 8;
    %cmp/u;
    %jmp/1 T_25.146, 6;
    %dup/vec4;
    %pushi/vec4 147, 0, 8;
    %cmp/u;
    %jmp/1 T_25.147, 6;
    %dup/vec4;
    %pushi/vec4 148, 0, 8;
    %cmp/u;
    %jmp/1 T_25.148, 6;
    %dup/vec4;
    %pushi/vec4 149, 0, 8;
    %cmp/u;
    %jmp/1 T_25.149, 6;
    %dup/vec4;
    %pushi/vec4 150, 0, 8;
    %cmp/u;
    %jmp/1 T_25.150, 6;
    %dup/vec4;
    %pushi/vec4 151, 0, 8;
    %cmp/u;
    %jmp/1 T_25.151, 6;
    %dup/vec4;
    %pushi/vec4 152, 0, 8;
    %cmp/u;
    %jmp/1 T_25.152, 6;
    %dup/vec4;
    %pushi/vec4 153, 0, 8;
    %cmp/u;
    %jmp/1 T_25.153, 6;
    %dup/vec4;
    %pushi/vec4 154, 0, 8;
    %cmp/u;
    %jmp/1 T_25.154, 6;
    %dup/vec4;
    %pushi/vec4 155, 0, 8;
    %cmp/u;
    %jmp/1 T_25.155, 6;
    %dup/vec4;
    %pushi/vec4 156, 0, 8;
    %cmp/u;
    %jmp/1 T_25.156, 6;
    %dup/vec4;
    %pushi/vec4 157, 0, 8;
    %cmp/u;
    %jmp/1 T_25.157, 6;
    %dup/vec4;
    %pushi/vec4 158, 0, 8;
    %cmp/u;
    %jmp/1 T_25.158, 6;
    %dup/vec4;
    %pushi/vec4 159, 0, 8;
    %cmp/u;
    %jmp/1 T_25.159, 6;
    %dup/vec4;
    %pushi/vec4 160, 0, 8;
    %cmp/u;
    %jmp/1 T_25.160, 6;
    %dup/vec4;
    %pushi/vec4 161, 0, 8;
    %cmp/u;
    %jmp/1 T_25.161, 6;
    %dup/vec4;
    %pushi/vec4 162, 0, 8;
    %cmp/u;
    %jmp/1 T_25.162, 6;
    %dup/vec4;
    %pushi/vec4 163, 0, 8;
    %cmp/u;
    %jmp/1 T_25.163, 6;
    %dup/vec4;
    %pushi/vec4 164, 0, 8;
    %cmp/u;
    %jmp/1 T_25.164, 6;
    %dup/vec4;
    %pushi/vec4 165, 0, 8;
    %cmp/u;
    %jmp/1 T_25.165, 6;
    %dup/vec4;
    %pushi/vec4 166, 0, 8;
    %cmp/u;
    %jmp/1 T_25.166, 6;
    %dup/vec4;
    %pushi/vec4 167, 0, 8;
    %cmp/u;
    %jmp/1 T_25.167, 6;
    %dup/vec4;
    %pushi/vec4 168, 0, 8;
    %cmp/u;
    %jmp/1 T_25.168, 6;
    %dup/vec4;
    %pushi/vec4 169, 0, 8;
    %cmp/u;
    %jmp/1 T_25.169, 6;
    %dup/vec4;
    %pushi/vec4 170, 0, 8;
    %cmp/u;
    %jmp/1 T_25.170, 6;
    %dup/vec4;
    %pushi/vec4 171, 0, 8;
    %cmp/u;
    %jmp/1 T_25.171, 6;
    %dup/vec4;
    %pushi/vec4 172, 0, 8;
    %cmp/u;
    %jmp/1 T_25.172, 6;
    %dup/vec4;
    %pushi/vec4 173, 0, 8;
    %cmp/u;
    %jmp/1 T_25.173, 6;
    %dup/vec4;
    %pushi/vec4 174, 0, 8;
    %cmp/u;
    %jmp/1 T_25.174, 6;
    %dup/vec4;
    %pushi/vec4 175, 0, 8;
    %cmp/u;
    %jmp/1 T_25.175, 6;
    %dup/vec4;
    %pushi/vec4 176, 0, 8;
    %cmp/u;
    %jmp/1 T_25.176, 6;
    %dup/vec4;
    %pushi/vec4 177, 0, 8;
    %cmp/u;
    %jmp/1 T_25.177, 6;
    %dup/vec4;
    %pushi/vec4 178, 0, 8;
    %cmp/u;
    %jmp/1 T_25.178, 6;
    %dup/vec4;
    %pushi/vec4 179, 0, 8;
    %cmp/u;
    %jmp/1 T_25.179, 6;
    %dup/vec4;
    %pushi/vec4 180, 0, 8;
    %cmp/u;
    %jmp/1 T_25.180, 6;
    %dup/vec4;
    %pushi/vec4 181, 0, 8;
    %cmp/u;
    %jmp/1 T_25.181, 6;
    %dup/vec4;
    %pushi/vec4 182, 0, 8;
    %cmp/u;
    %jmp/1 T_25.182, 6;
    %dup/vec4;
    %pushi/vec4 183, 0, 8;
    %cmp/u;
    %jmp/1 T_25.183, 6;
    %dup/vec4;
    %pushi/vec4 184, 0, 8;
    %cmp/u;
    %jmp/1 T_25.184, 6;
    %dup/vec4;
    %pushi/vec4 185, 0, 8;
    %cmp/u;
    %jmp/1 T_25.185, 6;
    %dup/vec4;
    %pushi/vec4 186, 0, 8;
    %cmp/u;
    %jmp/1 T_25.186, 6;
    %dup/vec4;
    %pushi/vec4 187, 0, 8;
    %cmp/u;
    %jmp/1 T_25.187, 6;
    %dup/vec4;
    %pushi/vec4 188, 0, 8;
    %cmp/u;
    %jmp/1 T_25.188, 6;
    %dup/vec4;
    %pushi/vec4 189, 0, 8;
    %cmp/u;
    %jmp/1 T_25.189, 6;
    %dup/vec4;
    %pushi/vec4 190, 0, 8;
    %cmp/u;
    %jmp/1 T_25.190, 6;
    %dup/vec4;
    %pushi/vec4 191, 0, 8;
    %cmp/u;
    %jmp/1 T_25.191, 6;
    %dup/vec4;
    %pushi/vec4 192, 0, 8;
    %cmp/u;
    %jmp/1 T_25.192, 6;
    %dup/vec4;
    %pushi/vec4 193, 0, 8;
    %cmp/u;
    %jmp/1 T_25.193, 6;
    %dup/vec4;
    %pushi/vec4 194, 0, 8;
    %cmp/u;
    %jmp/1 T_25.194, 6;
    %dup/vec4;
    %pushi/vec4 195, 0, 8;
    %cmp/u;
    %jmp/1 T_25.195, 6;
    %dup/vec4;
    %pushi/vec4 196, 0, 8;
    %cmp/u;
    %jmp/1 T_25.196, 6;
    %dup/vec4;
    %pushi/vec4 197, 0, 8;
    %cmp/u;
    %jmp/1 T_25.197, 6;
    %dup/vec4;
    %pushi/vec4 198, 0, 8;
    %cmp/u;
    %jmp/1 T_25.198, 6;
    %dup/vec4;
    %pushi/vec4 199, 0, 8;
    %cmp/u;
    %jmp/1 T_25.199, 6;
    %dup/vec4;
    %pushi/vec4 200, 0, 8;
    %cmp/u;
    %jmp/1 T_25.200, 6;
    %dup/vec4;
    %pushi/vec4 201, 0, 8;
    %cmp/u;
    %jmp/1 T_25.201, 6;
    %dup/vec4;
    %pushi/vec4 202, 0, 8;
    %cmp/u;
    %jmp/1 T_25.202, 6;
    %dup/vec4;
    %pushi/vec4 203, 0, 8;
    %cmp/u;
    %jmp/1 T_25.203, 6;
    %dup/vec4;
    %pushi/vec4 204, 0, 8;
    %cmp/u;
    %jmp/1 T_25.204, 6;
    %dup/vec4;
    %pushi/vec4 205, 0, 8;
    %cmp/u;
    %jmp/1 T_25.205, 6;
    %dup/vec4;
    %pushi/vec4 206, 0, 8;
    %cmp/u;
    %jmp/1 T_25.206, 6;
    %dup/vec4;
    %pushi/vec4 207, 0, 8;
    %cmp/u;
    %jmp/1 T_25.207, 6;
    %dup/vec4;
    %pushi/vec4 208, 0, 8;
    %cmp/u;
    %jmp/1 T_25.208, 6;
    %dup/vec4;
    %pushi/vec4 209, 0, 8;
    %cmp/u;
    %jmp/1 T_25.209, 6;
    %dup/vec4;
    %pushi/vec4 210, 0, 8;
    %cmp/u;
    %jmp/1 T_25.210, 6;
    %dup/vec4;
    %pushi/vec4 211, 0, 8;
    %cmp/u;
    %jmp/1 T_25.211, 6;
    %dup/vec4;
    %pushi/vec4 212, 0, 8;
    %cmp/u;
    %jmp/1 T_25.212, 6;
    %dup/vec4;
    %pushi/vec4 213, 0, 8;
    %cmp/u;
    %jmp/1 T_25.213, 6;
    %dup/vec4;
    %pushi/vec4 214, 0, 8;
    %cmp/u;
    %jmp/1 T_25.214, 6;
    %dup/vec4;
    %pushi/vec4 215, 0, 8;
    %cmp/u;
    %jmp/1 T_25.215, 6;
    %dup/vec4;
    %pushi/vec4 216, 0, 8;
    %cmp/u;
    %jmp/1 T_25.216, 6;
    %dup/vec4;
    %pushi/vec4 217, 0, 8;
    %cmp/u;
    %jmp/1 T_25.217, 6;
    %dup/vec4;
    %pushi/vec4 218, 0, 8;
    %cmp/u;
    %jmp/1 T_25.218, 6;
    %dup/vec4;
    %pushi/vec4 219, 0, 8;
    %cmp/u;
    %jmp/1 T_25.219, 6;
    %dup/vec4;
    %pushi/vec4 220, 0, 8;
    %cmp/u;
    %jmp/1 T_25.220, 6;
    %dup/vec4;
    %pushi/vec4 221, 0, 8;
    %cmp/u;
    %jmp/1 T_25.221, 6;
    %dup/vec4;
    %pushi/vec4 222, 0, 8;
    %cmp/u;
    %jmp/1 T_25.222, 6;
    %dup/vec4;
    %pushi/vec4 223, 0, 8;
    %cmp/u;
    %jmp/1 T_25.223, 6;
    %dup/vec4;
    %pushi/vec4 224, 0, 8;
    %cmp/u;
    %jmp/1 T_25.224, 6;
    %dup/vec4;
    %pushi/vec4 225, 0, 8;
    %cmp/u;
    %jmp/1 T_25.225, 6;
    %dup/vec4;
    %pushi/vec4 226, 0, 8;
    %cmp/u;
    %jmp/1 T_25.226, 6;
    %dup/vec4;
    %pushi/vec4 227, 0, 8;
    %cmp/u;
    %jmp/1 T_25.227, 6;
    %dup/vec4;
    %pushi/vec4 228, 0, 8;
    %cmp/u;
    %jmp/1 T_25.228, 6;
    %dup/vec4;
    %pushi/vec4 229, 0, 8;
    %cmp/u;
    %jmp/1 T_25.229, 6;
    %dup/vec4;
    %pushi/vec4 230, 0, 8;
    %cmp/u;
    %jmp/1 T_25.230, 6;
    %dup/vec4;
    %pushi/vec4 231, 0, 8;
    %cmp/u;
    %jmp/1 T_25.231, 6;
    %dup/vec4;
    %pushi/vec4 232, 0, 8;
    %cmp/u;
    %jmp/1 T_25.232, 6;
    %dup/vec4;
    %pushi/vec4 233, 0, 8;
    %cmp/u;
    %jmp/1 T_25.233, 6;
    %dup/vec4;
    %pushi/vec4 234, 0, 8;
    %cmp/u;
    %jmp/1 T_25.234, 6;
    %dup/vec4;
    %pushi/vec4 235, 0, 8;
    %cmp/u;
    %jmp/1 T_25.235, 6;
    %dup/vec4;
    %pushi/vec4 236, 0, 8;
    %cmp/u;
    %jmp/1 T_25.236, 6;
    %dup/vec4;
    %pushi/vec4 237, 0, 8;
    %cmp/u;
    %jmp/1 T_25.237, 6;
    %dup/vec4;
    %pushi/vec4 238, 0, 8;
    %cmp/u;
    %jmp/1 T_25.238, 6;
    %dup/vec4;
    %pushi/vec4 239, 0, 8;
    %cmp/u;
    %jmp/1 T_25.239, 6;
    %dup/vec4;
    %pushi/vec4 240, 0, 8;
    %cmp/u;
    %jmp/1 T_25.240, 6;
    %dup/vec4;
    %pushi/vec4 241, 0, 8;
    %cmp/u;
    %jmp/1 T_25.241, 6;
    %dup/vec4;
    %pushi/vec4 242, 0, 8;
    %cmp/u;
    %jmp/1 T_25.242, 6;
    %dup/vec4;
    %pushi/vec4 243, 0, 8;
    %cmp/u;
    %jmp/1 T_25.243, 6;
    %dup/vec4;
    %pushi/vec4 244, 0, 8;
    %cmp/u;
    %jmp/1 T_25.244, 6;
    %dup/vec4;
    %pushi/vec4 245, 0, 8;
    %cmp/u;
    %jmp/1 T_25.245, 6;
    %dup/vec4;
    %pushi/vec4 246, 0, 8;
    %cmp/u;
    %jmp/1 T_25.246, 6;
    %dup/vec4;
    %pushi/vec4 247, 0, 8;
    %cmp/u;
    %jmp/1 T_25.247, 6;
    %dup/vec4;
    %pushi/vec4 248, 0, 8;
    %cmp/u;
    %jmp/1 T_25.248, 6;
    %dup/vec4;
    %pushi/vec4 249, 0, 8;
    %cmp/u;
    %jmp/1 T_25.249, 6;
    %dup/vec4;
    %pushi/vec4 250, 0, 8;
    %cmp/u;
    %jmp/1 T_25.250, 6;
    %dup/vec4;
    %pushi/vec4 251, 0, 8;
    %cmp/u;
    %jmp/1 T_25.251, 6;
    %dup/vec4;
    %pushi/vec4 252, 0, 8;
    %cmp/u;
    %jmp/1 T_25.252, 6;
    %dup/vec4;
    %pushi/vec4 253, 0, 8;
    %cmp/u;
    %jmp/1 T_25.253, 6;
    %dup/vec4;
    %pushi/vec4 254, 0, 8;
    %cmp/u;
    %jmp/1 T_25.254, 6;
    %dup/vec4;
    %pushi/vec4 255, 0, 8;
    %cmp/u;
    %jmp/1 T_25.255, 6;
    %jmp T_25.256;
T_25.0 ;
    %pushi/vec4 99, 0, 8;
    %store/vec4 v00000149b1448160_0, 0, 8;
    %jmp T_25.256;
T_25.1 ;
    %pushi/vec4 124, 0, 8;
    %store/vec4 v00000149b1448160_0, 0, 8;
    %jmp T_25.256;
T_25.2 ;
    %pushi/vec4 119, 0, 8;
    %store/vec4 v00000149b1448160_0, 0, 8;
    %jmp T_25.256;
T_25.3 ;
    %pushi/vec4 123, 0, 8;
    %store/vec4 v00000149b1448160_0, 0, 8;
    %jmp T_25.256;
T_25.4 ;
    %pushi/vec4 242, 0, 8;
    %store/vec4 v00000149b1448160_0, 0, 8;
    %jmp T_25.256;
T_25.5 ;
    %pushi/vec4 107, 0, 8;
    %store/vec4 v00000149b1448160_0, 0, 8;
    %jmp T_25.256;
T_25.6 ;
    %pushi/vec4 111, 0, 8;
    %store/vec4 v00000149b1448160_0, 0, 8;
    %jmp T_25.256;
T_25.7 ;
    %pushi/vec4 197, 0, 8;
    %store/vec4 v00000149b1448160_0, 0, 8;
    %jmp T_25.256;
T_25.8 ;
    %pushi/vec4 48, 0, 8;
    %store/vec4 v00000149b1448160_0, 0, 8;
    %jmp T_25.256;
T_25.9 ;
    %pushi/vec4 1, 0, 8;
    %store/vec4 v00000149b1448160_0, 0, 8;
    %jmp T_25.256;
T_25.10 ;
    %pushi/vec4 103, 0, 8;
    %store/vec4 v00000149b1448160_0, 0, 8;
    %jmp T_25.256;
T_25.11 ;
    %pushi/vec4 43, 0, 8;
    %store/vec4 v00000149b1448160_0, 0, 8;
    %jmp T_25.256;
T_25.12 ;
    %pushi/vec4 254, 0, 8;
    %store/vec4 v00000149b1448160_0, 0, 8;
    %jmp T_25.256;
T_25.13 ;
    %pushi/vec4 215, 0, 8;
    %store/vec4 v00000149b1448160_0, 0, 8;
    %jmp T_25.256;
T_25.14 ;
    %pushi/vec4 171, 0, 8;
    %store/vec4 v00000149b1448160_0, 0, 8;
    %jmp T_25.256;
T_25.15 ;
    %pushi/vec4 118, 0, 8;
    %store/vec4 v00000149b1448160_0, 0, 8;
    %jmp T_25.256;
T_25.16 ;
    %pushi/vec4 202, 0, 8;
    %store/vec4 v00000149b1448160_0, 0, 8;
    %jmp T_25.256;
T_25.17 ;
    %pushi/vec4 130, 0, 8;
    %store/vec4 v00000149b1448160_0, 0, 8;
    %jmp T_25.256;
T_25.18 ;
    %pushi/vec4 201, 0, 8;
    %store/vec4 v00000149b1448160_0, 0, 8;
    %jmp T_25.256;
T_25.19 ;
    %pushi/vec4 125, 0, 8;
    %store/vec4 v00000149b1448160_0, 0, 8;
    %jmp T_25.256;
T_25.20 ;
    %pushi/vec4 250, 0, 8;
    %store/vec4 v00000149b1448160_0, 0, 8;
    %jmp T_25.256;
T_25.21 ;
    %pushi/vec4 89, 0, 8;
    %store/vec4 v00000149b1448160_0, 0, 8;
    %jmp T_25.256;
T_25.22 ;
    %pushi/vec4 71, 0, 8;
    %store/vec4 v00000149b1448160_0, 0, 8;
    %jmp T_25.256;
T_25.23 ;
    %pushi/vec4 240, 0, 8;
    %store/vec4 v00000149b1448160_0, 0, 8;
    %jmp T_25.256;
T_25.24 ;
    %pushi/vec4 173, 0, 8;
    %store/vec4 v00000149b1448160_0, 0, 8;
    %jmp T_25.256;
T_25.25 ;
    %pushi/vec4 212, 0, 8;
    %store/vec4 v00000149b1448160_0, 0, 8;
    %jmp T_25.256;
T_25.26 ;
    %pushi/vec4 162, 0, 8;
    %store/vec4 v00000149b1448160_0, 0, 8;
    %jmp T_25.256;
T_25.27 ;
    %pushi/vec4 175, 0, 8;
    %store/vec4 v00000149b1448160_0, 0, 8;
    %jmp T_25.256;
T_25.28 ;
    %pushi/vec4 156, 0, 8;
    %store/vec4 v00000149b1448160_0, 0, 8;
    %jmp T_25.256;
T_25.29 ;
    %pushi/vec4 164, 0, 8;
    %store/vec4 v00000149b1448160_0, 0, 8;
    %jmp T_25.256;
T_25.30 ;
    %pushi/vec4 114, 0, 8;
    %store/vec4 v00000149b1448160_0, 0, 8;
    %jmp T_25.256;
T_25.31 ;
    %pushi/vec4 192, 0, 8;
    %store/vec4 v00000149b1448160_0, 0, 8;
    %jmp T_25.256;
T_25.32 ;
    %pushi/vec4 183, 0, 8;
    %store/vec4 v00000149b1448160_0, 0, 8;
    %jmp T_25.256;
T_25.33 ;
    %pushi/vec4 253, 0, 8;
    %store/vec4 v00000149b1448160_0, 0, 8;
    %jmp T_25.256;
T_25.34 ;
    %pushi/vec4 147, 0, 8;
    %store/vec4 v00000149b1448160_0, 0, 8;
    %jmp T_25.256;
T_25.35 ;
    %pushi/vec4 38, 0, 8;
    %store/vec4 v00000149b1448160_0, 0, 8;
    %jmp T_25.256;
T_25.36 ;
    %pushi/vec4 54, 0, 8;
    %store/vec4 v00000149b1448160_0, 0, 8;
    %jmp T_25.256;
T_25.37 ;
    %pushi/vec4 63, 0, 8;
    %store/vec4 v00000149b1448160_0, 0, 8;
    %jmp T_25.256;
T_25.38 ;
    %pushi/vec4 247, 0, 8;
    %store/vec4 v00000149b1448160_0, 0, 8;
    %jmp T_25.256;
T_25.39 ;
    %pushi/vec4 204, 0, 8;
    %store/vec4 v00000149b1448160_0, 0, 8;
    %jmp T_25.256;
T_25.40 ;
    %pushi/vec4 52, 0, 8;
    %store/vec4 v00000149b1448160_0, 0, 8;
    %jmp T_25.256;
T_25.41 ;
    %pushi/vec4 165, 0, 8;
    %store/vec4 v00000149b1448160_0, 0, 8;
    %jmp T_25.256;
T_25.42 ;
    %pushi/vec4 229, 0, 8;
    %store/vec4 v00000149b1448160_0, 0, 8;
    %jmp T_25.256;
T_25.43 ;
    %pushi/vec4 241, 0, 8;
    %store/vec4 v00000149b1448160_0, 0, 8;
    %jmp T_25.256;
T_25.44 ;
    %pushi/vec4 113, 0, 8;
    %store/vec4 v00000149b1448160_0, 0, 8;
    %jmp T_25.256;
T_25.45 ;
    %pushi/vec4 216, 0, 8;
    %store/vec4 v00000149b1448160_0, 0, 8;
    %jmp T_25.256;
T_25.46 ;
    %pushi/vec4 49, 0, 8;
    %store/vec4 v00000149b1448160_0, 0, 8;
    %jmp T_25.256;
T_25.47 ;
    %pushi/vec4 21, 0, 8;
    %store/vec4 v00000149b1448160_0, 0, 8;
    %jmp T_25.256;
T_25.48 ;
    %pushi/vec4 4, 0, 8;
    %store/vec4 v00000149b1448160_0, 0, 8;
    %jmp T_25.256;
T_25.49 ;
    %pushi/vec4 199, 0, 8;
    %store/vec4 v00000149b1448160_0, 0, 8;
    %jmp T_25.256;
T_25.50 ;
    %pushi/vec4 35, 0, 8;
    %store/vec4 v00000149b1448160_0, 0, 8;
    %jmp T_25.256;
T_25.51 ;
    %pushi/vec4 195, 0, 8;
    %store/vec4 v00000149b1448160_0, 0, 8;
    %jmp T_25.256;
T_25.52 ;
    %pushi/vec4 24, 0, 8;
    %store/vec4 v00000149b1448160_0, 0, 8;
    %jmp T_25.256;
T_25.53 ;
    %pushi/vec4 150, 0, 8;
    %store/vec4 v00000149b1448160_0, 0, 8;
    %jmp T_25.256;
T_25.54 ;
    %pushi/vec4 5, 0, 8;
    %store/vec4 v00000149b1448160_0, 0, 8;
    %jmp T_25.256;
T_25.55 ;
    %pushi/vec4 154, 0, 8;
    %store/vec4 v00000149b1448160_0, 0, 8;
    %jmp T_25.256;
T_25.56 ;
    %pushi/vec4 7, 0, 8;
    %store/vec4 v00000149b1448160_0, 0, 8;
    %jmp T_25.256;
T_25.57 ;
    %pushi/vec4 18, 0, 8;
    %store/vec4 v00000149b1448160_0, 0, 8;
    %jmp T_25.256;
T_25.58 ;
    %pushi/vec4 128, 0, 8;
    %store/vec4 v00000149b1448160_0, 0, 8;
    %jmp T_25.256;
T_25.59 ;
    %pushi/vec4 226, 0, 8;
    %store/vec4 v00000149b1448160_0, 0, 8;
    %jmp T_25.256;
T_25.60 ;
    %pushi/vec4 235, 0, 8;
    %store/vec4 v00000149b1448160_0, 0, 8;
    %jmp T_25.256;
T_25.61 ;
    %pushi/vec4 39, 0, 8;
    %store/vec4 v00000149b1448160_0, 0, 8;
    %jmp T_25.256;
T_25.62 ;
    %pushi/vec4 178, 0, 8;
    %store/vec4 v00000149b1448160_0, 0, 8;
    %jmp T_25.256;
T_25.63 ;
    %pushi/vec4 117, 0, 8;
    %store/vec4 v00000149b1448160_0, 0, 8;
    %jmp T_25.256;
T_25.64 ;
    %pushi/vec4 9, 0, 8;
    %store/vec4 v00000149b1448160_0, 0, 8;
    %jmp T_25.256;
T_25.65 ;
    %pushi/vec4 131, 0, 8;
    %store/vec4 v00000149b1448160_0, 0, 8;
    %jmp T_25.256;
T_25.66 ;
    %pushi/vec4 44, 0, 8;
    %store/vec4 v00000149b1448160_0, 0, 8;
    %jmp T_25.256;
T_25.67 ;
    %pushi/vec4 26, 0, 8;
    %store/vec4 v00000149b1448160_0, 0, 8;
    %jmp T_25.256;
T_25.68 ;
    %pushi/vec4 27, 0, 8;
    %store/vec4 v00000149b1448160_0, 0, 8;
    %jmp T_25.256;
T_25.69 ;
    %pushi/vec4 110, 0, 8;
    %store/vec4 v00000149b1448160_0, 0, 8;
    %jmp T_25.256;
T_25.70 ;
    %pushi/vec4 90, 0, 8;
    %store/vec4 v00000149b1448160_0, 0, 8;
    %jmp T_25.256;
T_25.71 ;
    %pushi/vec4 160, 0, 8;
    %store/vec4 v00000149b1448160_0, 0, 8;
    %jmp T_25.256;
T_25.72 ;
    %pushi/vec4 82, 0, 8;
    %store/vec4 v00000149b1448160_0, 0, 8;
    %jmp T_25.256;
T_25.73 ;
    %pushi/vec4 59, 0, 8;
    %store/vec4 v00000149b1448160_0, 0, 8;
    %jmp T_25.256;
T_25.74 ;
    %pushi/vec4 214, 0, 8;
    %store/vec4 v00000149b1448160_0, 0, 8;
    %jmp T_25.256;
T_25.75 ;
    %pushi/vec4 179, 0, 8;
    %store/vec4 v00000149b1448160_0, 0, 8;
    %jmp T_25.256;
T_25.76 ;
    %pushi/vec4 41, 0, 8;
    %store/vec4 v00000149b1448160_0, 0, 8;
    %jmp T_25.256;
T_25.77 ;
    %pushi/vec4 227, 0, 8;
    %store/vec4 v00000149b1448160_0, 0, 8;
    %jmp T_25.256;
T_25.78 ;
    %pushi/vec4 47, 0, 8;
    %store/vec4 v00000149b1448160_0, 0, 8;
    %jmp T_25.256;
T_25.79 ;
    %pushi/vec4 132, 0, 8;
    %store/vec4 v00000149b1448160_0, 0, 8;
    %jmp T_25.256;
T_25.80 ;
    %pushi/vec4 83, 0, 8;
    %store/vec4 v00000149b1448160_0, 0, 8;
    %jmp T_25.256;
T_25.81 ;
    %pushi/vec4 209, 0, 8;
    %store/vec4 v00000149b1448160_0, 0, 8;
    %jmp T_25.256;
T_25.82 ;
    %pushi/vec4 0, 0, 8;
    %store/vec4 v00000149b1448160_0, 0, 8;
    %jmp T_25.256;
T_25.83 ;
    %pushi/vec4 237, 0, 8;
    %store/vec4 v00000149b1448160_0, 0, 8;
    %jmp T_25.256;
T_25.84 ;
    %pushi/vec4 32, 0, 8;
    %store/vec4 v00000149b1448160_0, 0, 8;
    %jmp T_25.256;
T_25.85 ;
    %pushi/vec4 252, 0, 8;
    %store/vec4 v00000149b1448160_0, 0, 8;
    %jmp T_25.256;
T_25.86 ;
    %pushi/vec4 177, 0, 8;
    %store/vec4 v00000149b1448160_0, 0, 8;
    %jmp T_25.256;
T_25.87 ;
    %pushi/vec4 91, 0, 8;
    %store/vec4 v00000149b1448160_0, 0, 8;
    %jmp T_25.256;
T_25.88 ;
    %pushi/vec4 106, 0, 8;
    %store/vec4 v00000149b1448160_0, 0, 8;
    %jmp T_25.256;
T_25.89 ;
    %pushi/vec4 203, 0, 8;
    %store/vec4 v00000149b1448160_0, 0, 8;
    %jmp T_25.256;
T_25.90 ;
    %pushi/vec4 190, 0, 8;
    %store/vec4 v00000149b1448160_0, 0, 8;
    %jmp T_25.256;
T_25.91 ;
    %pushi/vec4 57, 0, 8;
    %store/vec4 v00000149b1448160_0, 0, 8;
    %jmp T_25.256;
T_25.92 ;
    %pushi/vec4 74, 0, 8;
    %store/vec4 v00000149b1448160_0, 0, 8;
    %jmp T_25.256;
T_25.93 ;
    %pushi/vec4 76, 0, 8;
    %store/vec4 v00000149b1448160_0, 0, 8;
    %jmp T_25.256;
T_25.94 ;
    %pushi/vec4 88, 0, 8;
    %store/vec4 v00000149b1448160_0, 0, 8;
    %jmp T_25.256;
T_25.95 ;
    %pushi/vec4 207, 0, 8;
    %store/vec4 v00000149b1448160_0, 0, 8;
    %jmp T_25.256;
T_25.96 ;
    %pushi/vec4 208, 0, 8;
    %store/vec4 v00000149b1448160_0, 0, 8;
    %jmp T_25.256;
T_25.97 ;
    %pushi/vec4 239, 0, 8;
    %store/vec4 v00000149b1448160_0, 0, 8;
    %jmp T_25.256;
T_25.98 ;
    %pushi/vec4 170, 0, 8;
    %store/vec4 v00000149b1448160_0, 0, 8;
    %jmp T_25.256;
T_25.99 ;
    %pushi/vec4 251, 0, 8;
    %store/vec4 v00000149b1448160_0, 0, 8;
    %jmp T_25.256;
T_25.100 ;
    %pushi/vec4 67, 0, 8;
    %store/vec4 v00000149b1448160_0, 0, 8;
    %jmp T_25.256;
T_25.101 ;
    %pushi/vec4 77, 0, 8;
    %store/vec4 v00000149b1448160_0, 0, 8;
    %jmp T_25.256;
T_25.102 ;
    %pushi/vec4 51, 0, 8;
    %store/vec4 v00000149b1448160_0, 0, 8;
    %jmp T_25.256;
T_25.103 ;
    %pushi/vec4 133, 0, 8;
    %store/vec4 v00000149b1448160_0, 0, 8;
    %jmp T_25.256;
T_25.104 ;
    %pushi/vec4 69, 0, 8;
    %store/vec4 v00000149b1448160_0, 0, 8;
    %jmp T_25.256;
T_25.105 ;
    %pushi/vec4 249, 0, 8;
    %store/vec4 v00000149b1448160_0, 0, 8;
    %jmp T_25.256;
T_25.106 ;
    %pushi/vec4 2, 0, 8;
    %store/vec4 v00000149b1448160_0, 0, 8;
    %jmp T_25.256;
T_25.107 ;
    %pushi/vec4 127, 0, 8;
    %store/vec4 v00000149b1448160_0, 0, 8;
    %jmp T_25.256;
T_25.108 ;
    %pushi/vec4 80, 0, 8;
    %store/vec4 v00000149b1448160_0, 0, 8;
    %jmp T_25.256;
T_25.109 ;
    %pushi/vec4 60, 0, 8;
    %store/vec4 v00000149b1448160_0, 0, 8;
    %jmp T_25.256;
T_25.110 ;
    %pushi/vec4 159, 0, 8;
    %store/vec4 v00000149b1448160_0, 0, 8;
    %jmp T_25.256;
T_25.111 ;
    %pushi/vec4 168, 0, 8;
    %store/vec4 v00000149b1448160_0, 0, 8;
    %jmp T_25.256;
T_25.112 ;
    %pushi/vec4 81, 0, 8;
    %store/vec4 v00000149b1448160_0, 0, 8;
    %jmp T_25.256;
T_25.113 ;
    %pushi/vec4 163, 0, 8;
    %store/vec4 v00000149b1448160_0, 0, 8;
    %jmp T_25.256;
T_25.114 ;
    %pushi/vec4 64, 0, 8;
    %store/vec4 v00000149b1448160_0, 0, 8;
    %jmp T_25.256;
T_25.115 ;
    %pushi/vec4 143, 0, 8;
    %store/vec4 v00000149b1448160_0, 0, 8;
    %jmp T_25.256;
T_25.116 ;
    %pushi/vec4 146, 0, 8;
    %store/vec4 v00000149b1448160_0, 0, 8;
    %jmp T_25.256;
T_25.117 ;
    %pushi/vec4 157, 0, 8;
    %store/vec4 v00000149b1448160_0, 0, 8;
    %jmp T_25.256;
T_25.118 ;
    %pushi/vec4 56, 0, 8;
    %store/vec4 v00000149b1448160_0, 0, 8;
    %jmp T_25.256;
T_25.119 ;
    %pushi/vec4 245, 0, 8;
    %store/vec4 v00000149b1448160_0, 0, 8;
    %jmp T_25.256;
T_25.120 ;
    %pushi/vec4 188, 0, 8;
    %store/vec4 v00000149b1448160_0, 0, 8;
    %jmp T_25.256;
T_25.121 ;
    %pushi/vec4 182, 0, 8;
    %store/vec4 v00000149b1448160_0, 0, 8;
    %jmp T_25.256;
T_25.122 ;
    %pushi/vec4 218, 0, 8;
    %store/vec4 v00000149b1448160_0, 0, 8;
    %jmp T_25.256;
T_25.123 ;
    %pushi/vec4 33, 0, 8;
    %store/vec4 v00000149b1448160_0, 0, 8;
    %jmp T_25.256;
T_25.124 ;
    %pushi/vec4 16, 0, 8;
    %store/vec4 v00000149b1448160_0, 0, 8;
    %jmp T_25.256;
T_25.125 ;
    %pushi/vec4 255, 0, 8;
    %store/vec4 v00000149b1448160_0, 0, 8;
    %jmp T_25.256;
T_25.126 ;
    %pushi/vec4 243, 0, 8;
    %store/vec4 v00000149b1448160_0, 0, 8;
    %jmp T_25.256;
T_25.127 ;
    %pushi/vec4 210, 0, 8;
    %store/vec4 v00000149b1448160_0, 0, 8;
    %jmp T_25.256;
T_25.128 ;
    %pushi/vec4 205, 0, 8;
    %store/vec4 v00000149b1448160_0, 0, 8;
    %jmp T_25.256;
T_25.129 ;
    %pushi/vec4 12, 0, 8;
    %store/vec4 v00000149b1448160_0, 0, 8;
    %jmp T_25.256;
T_25.130 ;
    %pushi/vec4 19, 0, 8;
    %store/vec4 v00000149b1448160_0, 0, 8;
    %jmp T_25.256;
T_25.131 ;
    %pushi/vec4 236, 0, 8;
    %store/vec4 v00000149b1448160_0, 0, 8;
    %jmp T_25.256;
T_25.132 ;
    %pushi/vec4 95, 0, 8;
    %store/vec4 v00000149b1448160_0, 0, 8;
    %jmp T_25.256;
T_25.133 ;
    %pushi/vec4 151, 0, 8;
    %store/vec4 v00000149b1448160_0, 0, 8;
    %jmp T_25.256;
T_25.134 ;
    %pushi/vec4 68, 0, 8;
    %store/vec4 v00000149b1448160_0, 0, 8;
    %jmp T_25.256;
T_25.135 ;
    %pushi/vec4 23, 0, 8;
    %store/vec4 v00000149b1448160_0, 0, 8;
    %jmp T_25.256;
T_25.136 ;
    %pushi/vec4 196, 0, 8;
    %store/vec4 v00000149b1448160_0, 0, 8;
    %jmp T_25.256;
T_25.137 ;
    %pushi/vec4 167, 0, 8;
    %store/vec4 v00000149b1448160_0, 0, 8;
    %jmp T_25.256;
T_25.138 ;
    %pushi/vec4 126, 0, 8;
    %store/vec4 v00000149b1448160_0, 0, 8;
    %jmp T_25.256;
T_25.139 ;
    %pushi/vec4 61, 0, 8;
    %store/vec4 v00000149b1448160_0, 0, 8;
    %jmp T_25.256;
T_25.140 ;
    %pushi/vec4 100, 0, 8;
    %store/vec4 v00000149b1448160_0, 0, 8;
    %jmp T_25.256;
T_25.141 ;
    %pushi/vec4 93, 0, 8;
    %store/vec4 v00000149b1448160_0, 0, 8;
    %jmp T_25.256;
T_25.142 ;
    %pushi/vec4 25, 0, 8;
    %store/vec4 v00000149b1448160_0, 0, 8;
    %jmp T_25.256;
T_25.143 ;
    %pushi/vec4 115, 0, 8;
    %store/vec4 v00000149b1448160_0, 0, 8;
    %jmp T_25.256;
T_25.144 ;
    %pushi/vec4 96, 0, 8;
    %store/vec4 v00000149b1448160_0, 0, 8;
    %jmp T_25.256;
T_25.145 ;
    %pushi/vec4 129, 0, 8;
    %store/vec4 v00000149b1448160_0, 0, 8;
    %jmp T_25.256;
T_25.146 ;
    %pushi/vec4 79, 0, 8;
    %store/vec4 v00000149b1448160_0, 0, 8;
    %jmp T_25.256;
T_25.147 ;
    %pushi/vec4 220, 0, 8;
    %store/vec4 v00000149b1448160_0, 0, 8;
    %jmp T_25.256;
T_25.148 ;
    %pushi/vec4 34, 0, 8;
    %store/vec4 v00000149b1448160_0, 0, 8;
    %jmp T_25.256;
T_25.149 ;
    %pushi/vec4 42, 0, 8;
    %store/vec4 v00000149b1448160_0, 0, 8;
    %jmp T_25.256;
T_25.150 ;
    %pushi/vec4 144, 0, 8;
    %store/vec4 v00000149b1448160_0, 0, 8;
    %jmp T_25.256;
T_25.151 ;
    %pushi/vec4 136, 0, 8;
    %store/vec4 v00000149b1448160_0, 0, 8;
    %jmp T_25.256;
T_25.152 ;
    %pushi/vec4 70, 0, 8;
    %store/vec4 v00000149b1448160_0, 0, 8;
    %jmp T_25.256;
T_25.153 ;
    %pushi/vec4 238, 0, 8;
    %store/vec4 v00000149b1448160_0, 0, 8;
    %jmp T_25.256;
T_25.154 ;
    %pushi/vec4 184, 0, 8;
    %store/vec4 v00000149b1448160_0, 0, 8;
    %jmp T_25.256;
T_25.155 ;
    %pushi/vec4 20, 0, 8;
    %store/vec4 v00000149b1448160_0, 0, 8;
    %jmp T_25.256;
T_25.156 ;
    %pushi/vec4 222, 0, 8;
    %store/vec4 v00000149b1448160_0, 0, 8;
    %jmp T_25.256;
T_25.157 ;
    %pushi/vec4 94, 0, 8;
    %store/vec4 v00000149b1448160_0, 0, 8;
    %jmp T_25.256;
T_25.158 ;
    %pushi/vec4 11, 0, 8;
    %store/vec4 v00000149b1448160_0, 0, 8;
    %jmp T_25.256;
T_25.159 ;
    %pushi/vec4 219, 0, 8;
    %store/vec4 v00000149b1448160_0, 0, 8;
    %jmp T_25.256;
T_25.160 ;
    %pushi/vec4 224, 0, 8;
    %store/vec4 v00000149b1448160_0, 0, 8;
    %jmp T_25.256;
T_25.161 ;
    %pushi/vec4 50, 0, 8;
    %store/vec4 v00000149b1448160_0, 0, 8;
    %jmp T_25.256;
T_25.162 ;
    %pushi/vec4 58, 0, 8;
    %store/vec4 v00000149b1448160_0, 0, 8;
    %jmp T_25.256;
T_25.163 ;
    %pushi/vec4 10, 0, 8;
    %store/vec4 v00000149b1448160_0, 0, 8;
    %jmp T_25.256;
T_25.164 ;
    %pushi/vec4 73, 0, 8;
    %store/vec4 v00000149b1448160_0, 0, 8;
    %jmp T_25.256;
T_25.165 ;
    %pushi/vec4 6, 0, 8;
    %store/vec4 v00000149b1448160_0, 0, 8;
    %jmp T_25.256;
T_25.166 ;
    %pushi/vec4 36, 0, 8;
    %store/vec4 v00000149b1448160_0, 0, 8;
    %jmp T_25.256;
T_25.167 ;
    %pushi/vec4 92, 0, 8;
    %store/vec4 v00000149b1448160_0, 0, 8;
    %jmp T_25.256;
T_25.168 ;
    %pushi/vec4 194, 0, 8;
    %store/vec4 v00000149b1448160_0, 0, 8;
    %jmp T_25.256;
T_25.169 ;
    %pushi/vec4 211, 0, 8;
    %store/vec4 v00000149b1448160_0, 0, 8;
    %jmp T_25.256;
T_25.170 ;
    %pushi/vec4 172, 0, 8;
    %store/vec4 v00000149b1448160_0, 0, 8;
    %jmp T_25.256;
T_25.171 ;
    %pushi/vec4 98, 0, 8;
    %store/vec4 v00000149b1448160_0, 0, 8;
    %jmp T_25.256;
T_25.172 ;
    %pushi/vec4 145, 0, 8;
    %store/vec4 v00000149b1448160_0, 0, 8;
    %jmp T_25.256;
T_25.173 ;
    %pushi/vec4 149, 0, 8;
    %store/vec4 v00000149b1448160_0, 0, 8;
    %jmp T_25.256;
T_25.174 ;
    %pushi/vec4 228, 0, 8;
    %store/vec4 v00000149b1448160_0, 0, 8;
    %jmp T_25.256;
T_25.175 ;
    %pushi/vec4 121, 0, 8;
    %store/vec4 v00000149b1448160_0, 0, 8;
    %jmp T_25.256;
T_25.176 ;
    %pushi/vec4 231, 0, 8;
    %store/vec4 v00000149b1448160_0, 0, 8;
    %jmp T_25.256;
T_25.177 ;
    %pushi/vec4 200, 0, 8;
    %store/vec4 v00000149b1448160_0, 0, 8;
    %jmp T_25.256;
T_25.178 ;
    %pushi/vec4 55, 0, 8;
    %store/vec4 v00000149b1448160_0, 0, 8;
    %jmp T_25.256;
T_25.179 ;
    %pushi/vec4 109, 0, 8;
    %store/vec4 v00000149b1448160_0, 0, 8;
    %jmp T_25.256;
T_25.180 ;
    %pushi/vec4 141, 0, 8;
    %store/vec4 v00000149b1448160_0, 0, 8;
    %jmp T_25.256;
T_25.181 ;
    %pushi/vec4 213, 0, 8;
    %store/vec4 v00000149b1448160_0, 0, 8;
    %jmp T_25.256;
T_25.182 ;
    %pushi/vec4 78, 0, 8;
    %store/vec4 v00000149b1448160_0, 0, 8;
    %jmp T_25.256;
T_25.183 ;
    %pushi/vec4 169, 0, 8;
    %store/vec4 v00000149b1448160_0, 0, 8;
    %jmp T_25.256;
T_25.184 ;
    %pushi/vec4 108, 0, 8;
    %store/vec4 v00000149b1448160_0, 0, 8;
    %jmp T_25.256;
T_25.185 ;
    %pushi/vec4 86, 0, 8;
    %store/vec4 v00000149b1448160_0, 0, 8;
    %jmp T_25.256;
T_25.186 ;
    %pushi/vec4 244, 0, 8;
    %store/vec4 v00000149b1448160_0, 0, 8;
    %jmp T_25.256;
T_25.187 ;
    %pushi/vec4 234, 0, 8;
    %store/vec4 v00000149b1448160_0, 0, 8;
    %jmp T_25.256;
T_25.188 ;
    %pushi/vec4 101, 0, 8;
    %store/vec4 v00000149b1448160_0, 0, 8;
    %jmp T_25.256;
T_25.189 ;
    %pushi/vec4 122, 0, 8;
    %store/vec4 v00000149b1448160_0, 0, 8;
    %jmp T_25.256;
T_25.190 ;
    %pushi/vec4 174, 0, 8;
    %store/vec4 v00000149b1448160_0, 0, 8;
    %jmp T_25.256;
T_25.191 ;
    %pushi/vec4 8, 0, 8;
    %store/vec4 v00000149b1448160_0, 0, 8;
    %jmp T_25.256;
T_25.192 ;
    %pushi/vec4 186, 0, 8;
    %store/vec4 v00000149b1448160_0, 0, 8;
    %jmp T_25.256;
T_25.193 ;
    %pushi/vec4 120, 0, 8;
    %store/vec4 v00000149b1448160_0, 0, 8;
    %jmp T_25.256;
T_25.194 ;
    %pushi/vec4 37, 0, 8;
    %store/vec4 v00000149b1448160_0, 0, 8;
    %jmp T_25.256;
T_25.195 ;
    %pushi/vec4 46, 0, 8;
    %store/vec4 v00000149b1448160_0, 0, 8;
    %jmp T_25.256;
T_25.196 ;
    %pushi/vec4 28, 0, 8;
    %store/vec4 v00000149b1448160_0, 0, 8;
    %jmp T_25.256;
T_25.197 ;
    %pushi/vec4 166, 0, 8;
    %store/vec4 v00000149b1448160_0, 0, 8;
    %jmp T_25.256;
T_25.198 ;
    %pushi/vec4 180, 0, 8;
    %store/vec4 v00000149b1448160_0, 0, 8;
    %jmp T_25.256;
T_25.199 ;
    %pushi/vec4 198, 0, 8;
    %store/vec4 v00000149b1448160_0, 0, 8;
    %jmp T_25.256;
T_25.200 ;
    %pushi/vec4 232, 0, 8;
    %store/vec4 v00000149b1448160_0, 0, 8;
    %jmp T_25.256;
T_25.201 ;
    %pushi/vec4 221, 0, 8;
    %store/vec4 v00000149b1448160_0, 0, 8;
    %jmp T_25.256;
T_25.202 ;
    %pushi/vec4 116, 0, 8;
    %store/vec4 v00000149b1448160_0, 0, 8;
    %jmp T_25.256;
T_25.203 ;
    %pushi/vec4 31, 0, 8;
    %store/vec4 v00000149b1448160_0, 0, 8;
    %jmp T_25.256;
T_25.204 ;
    %pushi/vec4 75, 0, 8;
    %store/vec4 v00000149b1448160_0, 0, 8;
    %jmp T_25.256;
T_25.205 ;
    %pushi/vec4 189, 0, 8;
    %store/vec4 v00000149b1448160_0, 0, 8;
    %jmp T_25.256;
T_25.206 ;
    %pushi/vec4 139, 0, 8;
    %store/vec4 v00000149b1448160_0, 0, 8;
    %jmp T_25.256;
T_25.207 ;
    %pushi/vec4 138, 0, 8;
    %store/vec4 v00000149b1448160_0, 0, 8;
    %jmp T_25.256;
T_25.208 ;
    %pushi/vec4 112, 0, 8;
    %store/vec4 v00000149b1448160_0, 0, 8;
    %jmp T_25.256;
T_25.209 ;
    %pushi/vec4 62, 0, 8;
    %store/vec4 v00000149b1448160_0, 0, 8;
    %jmp T_25.256;
T_25.210 ;
    %pushi/vec4 181, 0, 8;
    %store/vec4 v00000149b1448160_0, 0, 8;
    %jmp T_25.256;
T_25.211 ;
    %pushi/vec4 102, 0, 8;
    %store/vec4 v00000149b1448160_0, 0, 8;
    %jmp T_25.256;
T_25.212 ;
    %pushi/vec4 72, 0, 8;
    %store/vec4 v00000149b1448160_0, 0, 8;
    %jmp T_25.256;
T_25.213 ;
    %pushi/vec4 3, 0, 8;
    %store/vec4 v00000149b1448160_0, 0, 8;
    %jmp T_25.256;
T_25.214 ;
    %pushi/vec4 246, 0, 8;
    %store/vec4 v00000149b1448160_0, 0, 8;
    %jmp T_25.256;
T_25.215 ;
    %pushi/vec4 14, 0, 8;
    %store/vec4 v00000149b1448160_0, 0, 8;
    %jmp T_25.256;
T_25.216 ;
    %pushi/vec4 97, 0, 8;
    %store/vec4 v00000149b1448160_0, 0, 8;
    %jmp T_25.256;
T_25.217 ;
    %pushi/vec4 53, 0, 8;
    %store/vec4 v00000149b1448160_0, 0, 8;
    %jmp T_25.256;
T_25.218 ;
    %pushi/vec4 87, 0, 8;
    %store/vec4 v00000149b1448160_0, 0, 8;
    %jmp T_25.256;
T_25.219 ;
    %pushi/vec4 185, 0, 8;
    %store/vec4 v00000149b1448160_0, 0, 8;
    %jmp T_25.256;
T_25.220 ;
    %pushi/vec4 134, 0, 8;
    %store/vec4 v00000149b1448160_0, 0, 8;
    %jmp T_25.256;
T_25.221 ;
    %pushi/vec4 193, 0, 8;
    %store/vec4 v00000149b1448160_0, 0, 8;
    %jmp T_25.256;
T_25.222 ;
    %pushi/vec4 29, 0, 8;
    %store/vec4 v00000149b1448160_0, 0, 8;
    %jmp T_25.256;
T_25.223 ;
    %pushi/vec4 158, 0, 8;
    %store/vec4 v00000149b1448160_0, 0, 8;
    %jmp T_25.256;
T_25.224 ;
    %pushi/vec4 225, 0, 8;
    %store/vec4 v00000149b1448160_0, 0, 8;
    %jmp T_25.256;
T_25.225 ;
    %pushi/vec4 248, 0, 8;
    %store/vec4 v00000149b1448160_0, 0, 8;
    %jmp T_25.256;
T_25.226 ;
    %pushi/vec4 152, 0, 8;
    %store/vec4 v00000149b1448160_0, 0, 8;
    %jmp T_25.256;
T_25.227 ;
    %pushi/vec4 17, 0, 8;
    %store/vec4 v00000149b1448160_0, 0, 8;
    %jmp T_25.256;
T_25.228 ;
    %pushi/vec4 105, 0, 8;
    %store/vec4 v00000149b1448160_0, 0, 8;
    %jmp T_25.256;
T_25.229 ;
    %pushi/vec4 217, 0, 8;
    %store/vec4 v00000149b1448160_0, 0, 8;
    %jmp T_25.256;
T_25.230 ;
    %pushi/vec4 142, 0, 8;
    %store/vec4 v00000149b1448160_0, 0, 8;
    %jmp T_25.256;
T_25.231 ;
    %pushi/vec4 148, 0, 8;
    %store/vec4 v00000149b1448160_0, 0, 8;
    %jmp T_25.256;
T_25.232 ;
    %pushi/vec4 155, 0, 8;
    %store/vec4 v00000149b1448160_0, 0, 8;
    %jmp T_25.256;
T_25.233 ;
    %pushi/vec4 30, 0, 8;
    %store/vec4 v00000149b1448160_0, 0, 8;
    %jmp T_25.256;
T_25.234 ;
    %pushi/vec4 135, 0, 8;
    %store/vec4 v00000149b1448160_0, 0, 8;
    %jmp T_25.256;
T_25.235 ;
    %pushi/vec4 233, 0, 8;
    %store/vec4 v00000149b1448160_0, 0, 8;
    %jmp T_25.256;
T_25.236 ;
    %pushi/vec4 206, 0, 8;
    %store/vec4 v00000149b1448160_0, 0, 8;
    %jmp T_25.256;
T_25.237 ;
    %pushi/vec4 85, 0, 8;
    %store/vec4 v00000149b1448160_0, 0, 8;
    %jmp T_25.256;
T_25.238 ;
    %pushi/vec4 40, 0, 8;
    %store/vec4 v00000149b1448160_0, 0, 8;
    %jmp T_25.256;
T_25.239 ;
    %pushi/vec4 223, 0, 8;
    %store/vec4 v00000149b1448160_0, 0, 8;
    %jmp T_25.256;
T_25.240 ;
    %pushi/vec4 140, 0, 8;
    %store/vec4 v00000149b1448160_0, 0, 8;
    %jmp T_25.256;
T_25.241 ;
    %pushi/vec4 161, 0, 8;
    %store/vec4 v00000149b1448160_0, 0, 8;
    %jmp T_25.256;
T_25.242 ;
    %pushi/vec4 137, 0, 8;
    %store/vec4 v00000149b1448160_0, 0, 8;
    %jmp T_25.256;
T_25.243 ;
    %pushi/vec4 13, 0, 8;
    %store/vec4 v00000149b1448160_0, 0, 8;
    %jmp T_25.256;
T_25.244 ;
    %pushi/vec4 191, 0, 8;
    %store/vec4 v00000149b1448160_0, 0, 8;
    %jmp T_25.256;
T_25.245 ;
    %pushi/vec4 230, 0, 8;
    %store/vec4 v00000149b1448160_0, 0, 8;
    %jmp T_25.256;
T_25.246 ;
    %pushi/vec4 66, 0, 8;
    %store/vec4 v00000149b1448160_0, 0, 8;
    %jmp T_25.256;
T_25.247 ;
    %pushi/vec4 104, 0, 8;
    %store/vec4 v00000149b1448160_0, 0, 8;
    %jmp T_25.256;
T_25.248 ;
    %pushi/vec4 65, 0, 8;
    %store/vec4 v00000149b1448160_0, 0, 8;
    %jmp T_25.256;
T_25.249 ;
    %pushi/vec4 153, 0, 8;
    %store/vec4 v00000149b1448160_0, 0, 8;
    %jmp T_25.256;
T_25.250 ;
    %pushi/vec4 45, 0, 8;
    %store/vec4 v00000149b1448160_0, 0, 8;
    %jmp T_25.256;
T_25.251 ;
    %pushi/vec4 15, 0, 8;
    %store/vec4 v00000149b1448160_0, 0, 8;
    %jmp T_25.256;
T_25.252 ;
    %pushi/vec4 176, 0, 8;
    %store/vec4 v00000149b1448160_0, 0, 8;
    %jmp T_25.256;
T_25.253 ;
    %pushi/vec4 84, 0, 8;
    %store/vec4 v00000149b1448160_0, 0, 8;
    %jmp T_25.256;
T_25.254 ;
    %pushi/vec4 187, 0, 8;
    %store/vec4 v00000149b1448160_0, 0, 8;
    %jmp T_25.256;
T_25.255 ;
    %pushi/vec4 22, 0, 8;
    %store/vec4 v00000149b1448160_0, 0, 8;
    %jmp T_25.256;
T_25.256 ;
    %pop/vec4 1;
    %jmp T_25;
    .thread T_25, $push;
    .scope S_00000149b144f400;
T_26 ;
    %wait E_00000149b1392c40;
    %load/vec4 v00000149b14497e0_0;
    %dup/vec4;
    %pushi/vec4 0, 0, 8;
    %cmp/u;
    %jmp/1 T_26.0, 6;
    %dup/vec4;
    %pushi/vec4 1, 0, 8;
    %cmp/u;
    %jmp/1 T_26.1, 6;
    %dup/vec4;
    %pushi/vec4 2, 0, 8;
    %cmp/u;
    %jmp/1 T_26.2, 6;
    %dup/vec4;
    %pushi/vec4 3, 0, 8;
    %cmp/u;
    %jmp/1 T_26.3, 6;
    %dup/vec4;
    %pushi/vec4 4, 0, 8;
    %cmp/u;
    %jmp/1 T_26.4, 6;
    %dup/vec4;
    %pushi/vec4 5, 0, 8;
    %cmp/u;
    %jmp/1 T_26.5, 6;
    %dup/vec4;
    %pushi/vec4 6, 0, 8;
    %cmp/u;
    %jmp/1 T_26.6, 6;
    %dup/vec4;
    %pushi/vec4 7, 0, 8;
    %cmp/u;
    %jmp/1 T_26.7, 6;
    %dup/vec4;
    %pushi/vec4 8, 0, 8;
    %cmp/u;
    %jmp/1 T_26.8, 6;
    %dup/vec4;
    %pushi/vec4 9, 0, 8;
    %cmp/u;
    %jmp/1 T_26.9, 6;
    %dup/vec4;
    %pushi/vec4 10, 0, 8;
    %cmp/u;
    %jmp/1 T_26.10, 6;
    %dup/vec4;
    %pushi/vec4 11, 0, 8;
    %cmp/u;
    %jmp/1 T_26.11, 6;
    %dup/vec4;
    %pushi/vec4 12, 0, 8;
    %cmp/u;
    %jmp/1 T_26.12, 6;
    %dup/vec4;
    %pushi/vec4 13, 0, 8;
    %cmp/u;
    %jmp/1 T_26.13, 6;
    %dup/vec4;
    %pushi/vec4 14, 0, 8;
    %cmp/u;
    %jmp/1 T_26.14, 6;
    %dup/vec4;
    %pushi/vec4 15, 0, 8;
    %cmp/u;
    %jmp/1 T_26.15, 6;
    %dup/vec4;
    %pushi/vec4 16, 0, 8;
    %cmp/u;
    %jmp/1 T_26.16, 6;
    %dup/vec4;
    %pushi/vec4 17, 0, 8;
    %cmp/u;
    %jmp/1 T_26.17, 6;
    %dup/vec4;
    %pushi/vec4 18, 0, 8;
    %cmp/u;
    %jmp/1 T_26.18, 6;
    %dup/vec4;
    %pushi/vec4 19, 0, 8;
    %cmp/u;
    %jmp/1 T_26.19, 6;
    %dup/vec4;
    %pushi/vec4 20, 0, 8;
    %cmp/u;
    %jmp/1 T_26.20, 6;
    %dup/vec4;
    %pushi/vec4 21, 0, 8;
    %cmp/u;
    %jmp/1 T_26.21, 6;
    %dup/vec4;
    %pushi/vec4 22, 0, 8;
    %cmp/u;
    %jmp/1 T_26.22, 6;
    %dup/vec4;
    %pushi/vec4 23, 0, 8;
    %cmp/u;
    %jmp/1 T_26.23, 6;
    %dup/vec4;
    %pushi/vec4 24, 0, 8;
    %cmp/u;
    %jmp/1 T_26.24, 6;
    %dup/vec4;
    %pushi/vec4 25, 0, 8;
    %cmp/u;
    %jmp/1 T_26.25, 6;
    %dup/vec4;
    %pushi/vec4 26, 0, 8;
    %cmp/u;
    %jmp/1 T_26.26, 6;
    %dup/vec4;
    %pushi/vec4 27, 0, 8;
    %cmp/u;
    %jmp/1 T_26.27, 6;
    %dup/vec4;
    %pushi/vec4 28, 0, 8;
    %cmp/u;
    %jmp/1 T_26.28, 6;
    %dup/vec4;
    %pushi/vec4 29, 0, 8;
    %cmp/u;
    %jmp/1 T_26.29, 6;
    %dup/vec4;
    %pushi/vec4 30, 0, 8;
    %cmp/u;
    %jmp/1 T_26.30, 6;
    %dup/vec4;
    %pushi/vec4 31, 0, 8;
    %cmp/u;
    %jmp/1 T_26.31, 6;
    %dup/vec4;
    %pushi/vec4 32, 0, 8;
    %cmp/u;
    %jmp/1 T_26.32, 6;
    %dup/vec4;
    %pushi/vec4 33, 0, 8;
    %cmp/u;
    %jmp/1 T_26.33, 6;
    %dup/vec4;
    %pushi/vec4 34, 0, 8;
    %cmp/u;
    %jmp/1 T_26.34, 6;
    %dup/vec4;
    %pushi/vec4 35, 0, 8;
    %cmp/u;
    %jmp/1 T_26.35, 6;
    %dup/vec4;
    %pushi/vec4 36, 0, 8;
    %cmp/u;
    %jmp/1 T_26.36, 6;
    %dup/vec4;
    %pushi/vec4 37, 0, 8;
    %cmp/u;
    %jmp/1 T_26.37, 6;
    %dup/vec4;
    %pushi/vec4 38, 0, 8;
    %cmp/u;
    %jmp/1 T_26.38, 6;
    %dup/vec4;
    %pushi/vec4 39, 0, 8;
    %cmp/u;
    %jmp/1 T_26.39, 6;
    %dup/vec4;
    %pushi/vec4 40, 0, 8;
    %cmp/u;
    %jmp/1 T_26.40, 6;
    %dup/vec4;
    %pushi/vec4 41, 0, 8;
    %cmp/u;
    %jmp/1 T_26.41, 6;
    %dup/vec4;
    %pushi/vec4 42, 0, 8;
    %cmp/u;
    %jmp/1 T_26.42, 6;
    %dup/vec4;
    %pushi/vec4 43, 0, 8;
    %cmp/u;
    %jmp/1 T_26.43, 6;
    %dup/vec4;
    %pushi/vec4 44, 0, 8;
    %cmp/u;
    %jmp/1 T_26.44, 6;
    %dup/vec4;
    %pushi/vec4 45, 0, 8;
    %cmp/u;
    %jmp/1 T_26.45, 6;
    %dup/vec4;
    %pushi/vec4 46, 0, 8;
    %cmp/u;
    %jmp/1 T_26.46, 6;
    %dup/vec4;
    %pushi/vec4 47, 0, 8;
    %cmp/u;
    %jmp/1 T_26.47, 6;
    %dup/vec4;
    %pushi/vec4 48, 0, 8;
    %cmp/u;
    %jmp/1 T_26.48, 6;
    %dup/vec4;
    %pushi/vec4 49, 0, 8;
    %cmp/u;
    %jmp/1 T_26.49, 6;
    %dup/vec4;
    %pushi/vec4 50, 0, 8;
    %cmp/u;
    %jmp/1 T_26.50, 6;
    %dup/vec4;
    %pushi/vec4 51, 0, 8;
    %cmp/u;
    %jmp/1 T_26.51, 6;
    %dup/vec4;
    %pushi/vec4 52, 0, 8;
    %cmp/u;
    %jmp/1 T_26.52, 6;
    %dup/vec4;
    %pushi/vec4 53, 0, 8;
    %cmp/u;
    %jmp/1 T_26.53, 6;
    %dup/vec4;
    %pushi/vec4 54, 0, 8;
    %cmp/u;
    %jmp/1 T_26.54, 6;
    %dup/vec4;
    %pushi/vec4 55, 0, 8;
    %cmp/u;
    %jmp/1 T_26.55, 6;
    %dup/vec4;
    %pushi/vec4 56, 0, 8;
    %cmp/u;
    %jmp/1 T_26.56, 6;
    %dup/vec4;
    %pushi/vec4 57, 0, 8;
    %cmp/u;
    %jmp/1 T_26.57, 6;
    %dup/vec4;
    %pushi/vec4 58, 0, 8;
    %cmp/u;
    %jmp/1 T_26.58, 6;
    %dup/vec4;
    %pushi/vec4 59, 0, 8;
    %cmp/u;
    %jmp/1 T_26.59, 6;
    %dup/vec4;
    %pushi/vec4 60, 0, 8;
    %cmp/u;
    %jmp/1 T_26.60, 6;
    %dup/vec4;
    %pushi/vec4 61, 0, 8;
    %cmp/u;
    %jmp/1 T_26.61, 6;
    %dup/vec4;
    %pushi/vec4 62, 0, 8;
    %cmp/u;
    %jmp/1 T_26.62, 6;
    %dup/vec4;
    %pushi/vec4 63, 0, 8;
    %cmp/u;
    %jmp/1 T_26.63, 6;
    %dup/vec4;
    %pushi/vec4 64, 0, 8;
    %cmp/u;
    %jmp/1 T_26.64, 6;
    %dup/vec4;
    %pushi/vec4 65, 0, 8;
    %cmp/u;
    %jmp/1 T_26.65, 6;
    %dup/vec4;
    %pushi/vec4 66, 0, 8;
    %cmp/u;
    %jmp/1 T_26.66, 6;
    %dup/vec4;
    %pushi/vec4 67, 0, 8;
    %cmp/u;
    %jmp/1 T_26.67, 6;
    %dup/vec4;
    %pushi/vec4 68, 0, 8;
    %cmp/u;
    %jmp/1 T_26.68, 6;
    %dup/vec4;
    %pushi/vec4 69, 0, 8;
    %cmp/u;
    %jmp/1 T_26.69, 6;
    %dup/vec4;
    %pushi/vec4 70, 0, 8;
    %cmp/u;
    %jmp/1 T_26.70, 6;
    %dup/vec4;
    %pushi/vec4 71, 0, 8;
    %cmp/u;
    %jmp/1 T_26.71, 6;
    %dup/vec4;
    %pushi/vec4 72, 0, 8;
    %cmp/u;
    %jmp/1 T_26.72, 6;
    %dup/vec4;
    %pushi/vec4 73, 0, 8;
    %cmp/u;
    %jmp/1 T_26.73, 6;
    %dup/vec4;
    %pushi/vec4 74, 0, 8;
    %cmp/u;
    %jmp/1 T_26.74, 6;
    %dup/vec4;
    %pushi/vec4 75, 0, 8;
    %cmp/u;
    %jmp/1 T_26.75, 6;
    %dup/vec4;
    %pushi/vec4 76, 0, 8;
    %cmp/u;
    %jmp/1 T_26.76, 6;
    %dup/vec4;
    %pushi/vec4 77, 0, 8;
    %cmp/u;
    %jmp/1 T_26.77, 6;
    %dup/vec4;
    %pushi/vec4 78, 0, 8;
    %cmp/u;
    %jmp/1 T_26.78, 6;
    %dup/vec4;
    %pushi/vec4 79, 0, 8;
    %cmp/u;
    %jmp/1 T_26.79, 6;
    %dup/vec4;
    %pushi/vec4 80, 0, 8;
    %cmp/u;
    %jmp/1 T_26.80, 6;
    %dup/vec4;
    %pushi/vec4 81, 0, 8;
    %cmp/u;
    %jmp/1 T_26.81, 6;
    %dup/vec4;
    %pushi/vec4 82, 0, 8;
    %cmp/u;
    %jmp/1 T_26.82, 6;
    %dup/vec4;
    %pushi/vec4 83, 0, 8;
    %cmp/u;
    %jmp/1 T_26.83, 6;
    %dup/vec4;
    %pushi/vec4 84, 0, 8;
    %cmp/u;
    %jmp/1 T_26.84, 6;
    %dup/vec4;
    %pushi/vec4 85, 0, 8;
    %cmp/u;
    %jmp/1 T_26.85, 6;
    %dup/vec4;
    %pushi/vec4 86, 0, 8;
    %cmp/u;
    %jmp/1 T_26.86, 6;
    %dup/vec4;
    %pushi/vec4 87, 0, 8;
    %cmp/u;
    %jmp/1 T_26.87, 6;
    %dup/vec4;
    %pushi/vec4 88, 0, 8;
    %cmp/u;
    %jmp/1 T_26.88, 6;
    %dup/vec4;
    %pushi/vec4 89, 0, 8;
    %cmp/u;
    %jmp/1 T_26.89, 6;
    %dup/vec4;
    %pushi/vec4 90, 0, 8;
    %cmp/u;
    %jmp/1 T_26.90, 6;
    %dup/vec4;
    %pushi/vec4 91, 0, 8;
    %cmp/u;
    %jmp/1 T_26.91, 6;
    %dup/vec4;
    %pushi/vec4 92, 0, 8;
    %cmp/u;
    %jmp/1 T_26.92, 6;
    %dup/vec4;
    %pushi/vec4 93, 0, 8;
    %cmp/u;
    %jmp/1 T_26.93, 6;
    %dup/vec4;
    %pushi/vec4 94, 0, 8;
    %cmp/u;
    %jmp/1 T_26.94, 6;
    %dup/vec4;
    %pushi/vec4 95, 0, 8;
    %cmp/u;
    %jmp/1 T_26.95, 6;
    %dup/vec4;
    %pushi/vec4 96, 0, 8;
    %cmp/u;
    %jmp/1 T_26.96, 6;
    %dup/vec4;
    %pushi/vec4 97, 0, 8;
    %cmp/u;
    %jmp/1 T_26.97, 6;
    %dup/vec4;
    %pushi/vec4 98, 0, 8;
    %cmp/u;
    %jmp/1 T_26.98, 6;
    %dup/vec4;
    %pushi/vec4 99, 0, 8;
    %cmp/u;
    %jmp/1 T_26.99, 6;
    %dup/vec4;
    %pushi/vec4 100, 0, 8;
    %cmp/u;
    %jmp/1 T_26.100, 6;
    %dup/vec4;
    %pushi/vec4 101, 0, 8;
    %cmp/u;
    %jmp/1 T_26.101, 6;
    %dup/vec4;
    %pushi/vec4 102, 0, 8;
    %cmp/u;
    %jmp/1 T_26.102, 6;
    %dup/vec4;
    %pushi/vec4 103, 0, 8;
    %cmp/u;
    %jmp/1 T_26.103, 6;
    %dup/vec4;
    %pushi/vec4 104, 0, 8;
    %cmp/u;
    %jmp/1 T_26.104, 6;
    %dup/vec4;
    %pushi/vec4 105, 0, 8;
    %cmp/u;
    %jmp/1 T_26.105, 6;
    %dup/vec4;
    %pushi/vec4 106, 0, 8;
    %cmp/u;
    %jmp/1 T_26.106, 6;
    %dup/vec4;
    %pushi/vec4 107, 0, 8;
    %cmp/u;
    %jmp/1 T_26.107, 6;
    %dup/vec4;
    %pushi/vec4 108, 0, 8;
    %cmp/u;
    %jmp/1 T_26.108, 6;
    %dup/vec4;
    %pushi/vec4 109, 0, 8;
    %cmp/u;
    %jmp/1 T_26.109, 6;
    %dup/vec4;
    %pushi/vec4 110, 0, 8;
    %cmp/u;
    %jmp/1 T_26.110, 6;
    %dup/vec4;
    %pushi/vec4 111, 0, 8;
    %cmp/u;
    %jmp/1 T_26.111, 6;
    %dup/vec4;
    %pushi/vec4 112, 0, 8;
    %cmp/u;
    %jmp/1 T_26.112, 6;
    %dup/vec4;
    %pushi/vec4 113, 0, 8;
    %cmp/u;
    %jmp/1 T_26.113, 6;
    %dup/vec4;
    %pushi/vec4 114, 0, 8;
    %cmp/u;
    %jmp/1 T_26.114, 6;
    %dup/vec4;
    %pushi/vec4 115, 0, 8;
    %cmp/u;
    %jmp/1 T_26.115, 6;
    %dup/vec4;
    %pushi/vec4 116, 0, 8;
    %cmp/u;
    %jmp/1 T_26.116, 6;
    %dup/vec4;
    %pushi/vec4 117, 0, 8;
    %cmp/u;
    %jmp/1 T_26.117, 6;
    %dup/vec4;
    %pushi/vec4 118, 0, 8;
    %cmp/u;
    %jmp/1 T_26.118, 6;
    %dup/vec4;
    %pushi/vec4 119, 0, 8;
    %cmp/u;
    %jmp/1 T_26.119, 6;
    %dup/vec4;
    %pushi/vec4 120, 0, 8;
    %cmp/u;
    %jmp/1 T_26.120, 6;
    %dup/vec4;
    %pushi/vec4 121, 0, 8;
    %cmp/u;
    %jmp/1 T_26.121, 6;
    %dup/vec4;
    %pushi/vec4 122, 0, 8;
    %cmp/u;
    %jmp/1 T_26.122, 6;
    %dup/vec4;
    %pushi/vec4 123, 0, 8;
    %cmp/u;
    %jmp/1 T_26.123, 6;
    %dup/vec4;
    %pushi/vec4 124, 0, 8;
    %cmp/u;
    %jmp/1 T_26.124, 6;
    %dup/vec4;
    %pushi/vec4 125, 0, 8;
    %cmp/u;
    %jmp/1 T_26.125, 6;
    %dup/vec4;
    %pushi/vec4 126, 0, 8;
    %cmp/u;
    %jmp/1 T_26.126, 6;
    %dup/vec4;
    %pushi/vec4 127, 0, 8;
    %cmp/u;
    %jmp/1 T_26.127, 6;
    %dup/vec4;
    %pushi/vec4 128, 0, 8;
    %cmp/u;
    %jmp/1 T_26.128, 6;
    %dup/vec4;
    %pushi/vec4 129, 0, 8;
    %cmp/u;
    %jmp/1 T_26.129, 6;
    %dup/vec4;
    %pushi/vec4 130, 0, 8;
    %cmp/u;
    %jmp/1 T_26.130, 6;
    %dup/vec4;
    %pushi/vec4 131, 0, 8;
    %cmp/u;
    %jmp/1 T_26.131, 6;
    %dup/vec4;
    %pushi/vec4 132, 0, 8;
    %cmp/u;
    %jmp/1 T_26.132, 6;
    %dup/vec4;
    %pushi/vec4 133, 0, 8;
    %cmp/u;
    %jmp/1 T_26.133, 6;
    %dup/vec4;
    %pushi/vec4 134, 0, 8;
    %cmp/u;
    %jmp/1 T_26.134, 6;
    %dup/vec4;
    %pushi/vec4 135, 0, 8;
    %cmp/u;
    %jmp/1 T_26.135, 6;
    %dup/vec4;
    %pushi/vec4 136, 0, 8;
    %cmp/u;
    %jmp/1 T_26.136, 6;
    %dup/vec4;
    %pushi/vec4 137, 0, 8;
    %cmp/u;
    %jmp/1 T_26.137, 6;
    %dup/vec4;
    %pushi/vec4 138, 0, 8;
    %cmp/u;
    %jmp/1 T_26.138, 6;
    %dup/vec4;
    %pushi/vec4 139, 0, 8;
    %cmp/u;
    %jmp/1 T_26.139, 6;
    %dup/vec4;
    %pushi/vec4 140, 0, 8;
    %cmp/u;
    %jmp/1 T_26.140, 6;
    %dup/vec4;
    %pushi/vec4 141, 0, 8;
    %cmp/u;
    %jmp/1 T_26.141, 6;
    %dup/vec4;
    %pushi/vec4 142, 0, 8;
    %cmp/u;
    %jmp/1 T_26.142, 6;
    %dup/vec4;
    %pushi/vec4 143, 0, 8;
    %cmp/u;
    %jmp/1 T_26.143, 6;
    %dup/vec4;
    %pushi/vec4 144, 0, 8;
    %cmp/u;
    %jmp/1 T_26.144, 6;
    %dup/vec4;
    %pushi/vec4 145, 0, 8;
    %cmp/u;
    %jmp/1 T_26.145, 6;
    %dup/vec4;
    %pushi/vec4 146, 0, 8;
    %cmp/u;
    %jmp/1 T_26.146, 6;
    %dup/vec4;
    %pushi/vec4 147, 0, 8;
    %cmp/u;
    %jmp/1 T_26.147, 6;
    %dup/vec4;
    %pushi/vec4 148, 0, 8;
    %cmp/u;
    %jmp/1 T_26.148, 6;
    %dup/vec4;
    %pushi/vec4 149, 0, 8;
    %cmp/u;
    %jmp/1 T_26.149, 6;
    %dup/vec4;
    %pushi/vec4 150, 0, 8;
    %cmp/u;
    %jmp/1 T_26.150, 6;
    %dup/vec4;
    %pushi/vec4 151, 0, 8;
    %cmp/u;
    %jmp/1 T_26.151, 6;
    %dup/vec4;
    %pushi/vec4 152, 0, 8;
    %cmp/u;
    %jmp/1 T_26.152, 6;
    %dup/vec4;
    %pushi/vec4 153, 0, 8;
    %cmp/u;
    %jmp/1 T_26.153, 6;
    %dup/vec4;
    %pushi/vec4 154, 0, 8;
    %cmp/u;
    %jmp/1 T_26.154, 6;
    %dup/vec4;
    %pushi/vec4 155, 0, 8;
    %cmp/u;
    %jmp/1 T_26.155, 6;
    %dup/vec4;
    %pushi/vec4 156, 0, 8;
    %cmp/u;
    %jmp/1 T_26.156, 6;
    %dup/vec4;
    %pushi/vec4 157, 0, 8;
    %cmp/u;
    %jmp/1 T_26.157, 6;
    %dup/vec4;
    %pushi/vec4 158, 0, 8;
    %cmp/u;
    %jmp/1 T_26.158, 6;
    %dup/vec4;
    %pushi/vec4 159, 0, 8;
    %cmp/u;
    %jmp/1 T_26.159, 6;
    %dup/vec4;
    %pushi/vec4 160, 0, 8;
    %cmp/u;
    %jmp/1 T_26.160, 6;
    %dup/vec4;
    %pushi/vec4 161, 0, 8;
    %cmp/u;
    %jmp/1 T_26.161, 6;
    %dup/vec4;
    %pushi/vec4 162, 0, 8;
    %cmp/u;
    %jmp/1 T_26.162, 6;
    %dup/vec4;
    %pushi/vec4 163, 0, 8;
    %cmp/u;
    %jmp/1 T_26.163, 6;
    %dup/vec4;
    %pushi/vec4 164, 0, 8;
    %cmp/u;
    %jmp/1 T_26.164, 6;
    %dup/vec4;
    %pushi/vec4 165, 0, 8;
    %cmp/u;
    %jmp/1 T_26.165, 6;
    %dup/vec4;
    %pushi/vec4 166, 0, 8;
    %cmp/u;
    %jmp/1 T_26.166, 6;
    %dup/vec4;
    %pushi/vec4 167, 0, 8;
    %cmp/u;
    %jmp/1 T_26.167, 6;
    %dup/vec4;
    %pushi/vec4 168, 0, 8;
    %cmp/u;
    %jmp/1 T_26.168, 6;
    %dup/vec4;
    %pushi/vec4 169, 0, 8;
    %cmp/u;
    %jmp/1 T_26.169, 6;
    %dup/vec4;
    %pushi/vec4 170, 0, 8;
    %cmp/u;
    %jmp/1 T_26.170, 6;
    %dup/vec4;
    %pushi/vec4 171, 0, 8;
    %cmp/u;
    %jmp/1 T_26.171, 6;
    %dup/vec4;
    %pushi/vec4 172, 0, 8;
    %cmp/u;
    %jmp/1 T_26.172, 6;
    %dup/vec4;
    %pushi/vec4 173, 0, 8;
    %cmp/u;
    %jmp/1 T_26.173, 6;
    %dup/vec4;
    %pushi/vec4 174, 0, 8;
    %cmp/u;
    %jmp/1 T_26.174, 6;
    %dup/vec4;
    %pushi/vec4 175, 0, 8;
    %cmp/u;
    %jmp/1 T_26.175, 6;
    %dup/vec4;
    %pushi/vec4 176, 0, 8;
    %cmp/u;
    %jmp/1 T_26.176, 6;
    %dup/vec4;
    %pushi/vec4 177, 0, 8;
    %cmp/u;
    %jmp/1 T_26.177, 6;
    %dup/vec4;
    %pushi/vec4 178, 0, 8;
    %cmp/u;
    %jmp/1 T_26.178, 6;
    %dup/vec4;
    %pushi/vec4 179, 0, 8;
    %cmp/u;
    %jmp/1 T_26.179, 6;
    %dup/vec4;
    %pushi/vec4 180, 0, 8;
    %cmp/u;
    %jmp/1 T_26.180, 6;
    %dup/vec4;
    %pushi/vec4 181, 0, 8;
    %cmp/u;
    %jmp/1 T_26.181, 6;
    %dup/vec4;
    %pushi/vec4 182, 0, 8;
    %cmp/u;
    %jmp/1 T_26.182, 6;
    %dup/vec4;
    %pushi/vec4 183, 0, 8;
    %cmp/u;
    %jmp/1 T_26.183, 6;
    %dup/vec4;
    %pushi/vec4 184, 0, 8;
    %cmp/u;
    %jmp/1 T_26.184, 6;
    %dup/vec4;
    %pushi/vec4 185, 0, 8;
    %cmp/u;
    %jmp/1 T_26.185, 6;
    %dup/vec4;
    %pushi/vec4 186, 0, 8;
    %cmp/u;
    %jmp/1 T_26.186, 6;
    %dup/vec4;
    %pushi/vec4 187, 0, 8;
    %cmp/u;
    %jmp/1 T_26.187, 6;
    %dup/vec4;
    %pushi/vec4 188, 0, 8;
    %cmp/u;
    %jmp/1 T_26.188, 6;
    %dup/vec4;
    %pushi/vec4 189, 0, 8;
    %cmp/u;
    %jmp/1 T_26.189, 6;
    %dup/vec4;
    %pushi/vec4 190, 0, 8;
    %cmp/u;
    %jmp/1 T_26.190, 6;
    %dup/vec4;
    %pushi/vec4 191, 0, 8;
    %cmp/u;
    %jmp/1 T_26.191, 6;
    %dup/vec4;
    %pushi/vec4 192, 0, 8;
    %cmp/u;
    %jmp/1 T_26.192, 6;
    %dup/vec4;
    %pushi/vec4 193, 0, 8;
    %cmp/u;
    %jmp/1 T_26.193, 6;
    %dup/vec4;
    %pushi/vec4 194, 0, 8;
    %cmp/u;
    %jmp/1 T_26.194, 6;
    %dup/vec4;
    %pushi/vec4 195, 0, 8;
    %cmp/u;
    %jmp/1 T_26.195, 6;
    %dup/vec4;
    %pushi/vec4 196, 0, 8;
    %cmp/u;
    %jmp/1 T_26.196, 6;
    %dup/vec4;
    %pushi/vec4 197, 0, 8;
    %cmp/u;
    %jmp/1 T_26.197, 6;
    %dup/vec4;
    %pushi/vec4 198, 0, 8;
    %cmp/u;
    %jmp/1 T_26.198, 6;
    %dup/vec4;
    %pushi/vec4 199, 0, 8;
    %cmp/u;
    %jmp/1 T_26.199, 6;
    %dup/vec4;
    %pushi/vec4 200, 0, 8;
    %cmp/u;
    %jmp/1 T_26.200, 6;
    %dup/vec4;
    %pushi/vec4 201, 0, 8;
    %cmp/u;
    %jmp/1 T_26.201, 6;
    %dup/vec4;
    %pushi/vec4 202, 0, 8;
    %cmp/u;
    %jmp/1 T_26.202, 6;
    %dup/vec4;
    %pushi/vec4 203, 0, 8;
    %cmp/u;
    %jmp/1 T_26.203, 6;
    %dup/vec4;
    %pushi/vec4 204, 0, 8;
    %cmp/u;
    %jmp/1 T_26.204, 6;
    %dup/vec4;
    %pushi/vec4 205, 0, 8;
    %cmp/u;
    %jmp/1 T_26.205, 6;
    %dup/vec4;
    %pushi/vec4 206, 0, 8;
    %cmp/u;
    %jmp/1 T_26.206, 6;
    %dup/vec4;
    %pushi/vec4 207, 0, 8;
    %cmp/u;
    %jmp/1 T_26.207, 6;
    %dup/vec4;
    %pushi/vec4 208, 0, 8;
    %cmp/u;
    %jmp/1 T_26.208, 6;
    %dup/vec4;
    %pushi/vec4 209, 0, 8;
    %cmp/u;
    %jmp/1 T_26.209, 6;
    %dup/vec4;
    %pushi/vec4 210, 0, 8;
    %cmp/u;
    %jmp/1 T_26.210, 6;
    %dup/vec4;
    %pushi/vec4 211, 0, 8;
    %cmp/u;
    %jmp/1 T_26.211, 6;
    %dup/vec4;
    %pushi/vec4 212, 0, 8;
    %cmp/u;
    %jmp/1 T_26.212, 6;
    %dup/vec4;
    %pushi/vec4 213, 0, 8;
    %cmp/u;
    %jmp/1 T_26.213, 6;
    %dup/vec4;
    %pushi/vec4 214, 0, 8;
    %cmp/u;
    %jmp/1 T_26.214, 6;
    %dup/vec4;
    %pushi/vec4 215, 0, 8;
    %cmp/u;
    %jmp/1 T_26.215, 6;
    %dup/vec4;
    %pushi/vec4 216, 0, 8;
    %cmp/u;
    %jmp/1 T_26.216, 6;
    %dup/vec4;
    %pushi/vec4 217, 0, 8;
    %cmp/u;
    %jmp/1 T_26.217, 6;
    %dup/vec4;
    %pushi/vec4 218, 0, 8;
    %cmp/u;
    %jmp/1 T_26.218, 6;
    %dup/vec4;
    %pushi/vec4 219, 0, 8;
    %cmp/u;
    %jmp/1 T_26.219, 6;
    %dup/vec4;
    %pushi/vec4 220, 0, 8;
    %cmp/u;
    %jmp/1 T_26.220, 6;
    %dup/vec4;
    %pushi/vec4 221, 0, 8;
    %cmp/u;
    %jmp/1 T_26.221, 6;
    %dup/vec4;
    %pushi/vec4 222, 0, 8;
    %cmp/u;
    %jmp/1 T_26.222, 6;
    %dup/vec4;
    %pushi/vec4 223, 0, 8;
    %cmp/u;
    %jmp/1 T_26.223, 6;
    %dup/vec4;
    %pushi/vec4 224, 0, 8;
    %cmp/u;
    %jmp/1 T_26.224, 6;
    %dup/vec4;
    %pushi/vec4 225, 0, 8;
    %cmp/u;
    %jmp/1 T_26.225, 6;
    %dup/vec4;
    %pushi/vec4 226, 0, 8;
    %cmp/u;
    %jmp/1 T_26.226, 6;
    %dup/vec4;
    %pushi/vec4 227, 0, 8;
    %cmp/u;
    %jmp/1 T_26.227, 6;
    %dup/vec4;
    %pushi/vec4 228, 0, 8;
    %cmp/u;
    %jmp/1 T_26.228, 6;
    %dup/vec4;
    %pushi/vec4 229, 0, 8;
    %cmp/u;
    %jmp/1 T_26.229, 6;
    %dup/vec4;
    %pushi/vec4 230, 0, 8;
    %cmp/u;
    %jmp/1 T_26.230, 6;
    %dup/vec4;
    %pushi/vec4 231, 0, 8;
    %cmp/u;
    %jmp/1 T_26.231, 6;
    %dup/vec4;
    %pushi/vec4 232, 0, 8;
    %cmp/u;
    %jmp/1 T_26.232, 6;
    %dup/vec4;
    %pushi/vec4 233, 0, 8;
    %cmp/u;
    %jmp/1 T_26.233, 6;
    %dup/vec4;
    %pushi/vec4 234, 0, 8;
    %cmp/u;
    %jmp/1 T_26.234, 6;
    %dup/vec4;
    %pushi/vec4 235, 0, 8;
    %cmp/u;
    %jmp/1 T_26.235, 6;
    %dup/vec4;
    %pushi/vec4 236, 0, 8;
    %cmp/u;
    %jmp/1 T_26.236, 6;
    %dup/vec4;
    %pushi/vec4 237, 0, 8;
    %cmp/u;
    %jmp/1 T_26.237, 6;
    %dup/vec4;
    %pushi/vec4 238, 0, 8;
    %cmp/u;
    %jmp/1 T_26.238, 6;
    %dup/vec4;
    %pushi/vec4 239, 0, 8;
    %cmp/u;
    %jmp/1 T_26.239, 6;
    %dup/vec4;
    %pushi/vec4 240, 0, 8;
    %cmp/u;
    %jmp/1 T_26.240, 6;
    %dup/vec4;
    %pushi/vec4 241, 0, 8;
    %cmp/u;
    %jmp/1 T_26.241, 6;
    %dup/vec4;
    %pushi/vec4 242, 0, 8;
    %cmp/u;
    %jmp/1 T_26.242, 6;
    %dup/vec4;
    %pushi/vec4 243, 0, 8;
    %cmp/u;
    %jmp/1 T_26.243, 6;
    %dup/vec4;
    %pushi/vec4 244, 0, 8;
    %cmp/u;
    %jmp/1 T_26.244, 6;
    %dup/vec4;
    %pushi/vec4 245, 0, 8;
    %cmp/u;
    %jmp/1 T_26.245, 6;
    %dup/vec4;
    %pushi/vec4 246, 0, 8;
    %cmp/u;
    %jmp/1 T_26.246, 6;
    %dup/vec4;
    %pushi/vec4 247, 0, 8;
    %cmp/u;
    %jmp/1 T_26.247, 6;
    %dup/vec4;
    %pushi/vec4 248, 0, 8;
    %cmp/u;
    %jmp/1 T_26.248, 6;
    %dup/vec4;
    %pushi/vec4 249, 0, 8;
    %cmp/u;
    %jmp/1 T_26.249, 6;
    %dup/vec4;
    %pushi/vec4 250, 0, 8;
    %cmp/u;
    %jmp/1 T_26.250, 6;
    %dup/vec4;
    %pushi/vec4 251, 0, 8;
    %cmp/u;
    %jmp/1 T_26.251, 6;
    %dup/vec4;
    %pushi/vec4 252, 0, 8;
    %cmp/u;
    %jmp/1 T_26.252, 6;
    %dup/vec4;
    %pushi/vec4 253, 0, 8;
    %cmp/u;
    %jmp/1 T_26.253, 6;
    %dup/vec4;
    %pushi/vec4 254, 0, 8;
    %cmp/u;
    %jmp/1 T_26.254, 6;
    %dup/vec4;
    %pushi/vec4 255, 0, 8;
    %cmp/u;
    %jmp/1 T_26.255, 6;
    %jmp T_26.256;
T_26.0 ;
    %pushi/vec4 99, 0, 8;
    %store/vec4 v00000149b14492e0_0, 0, 8;
    %jmp T_26.256;
T_26.1 ;
    %pushi/vec4 124, 0, 8;
    %store/vec4 v00000149b14492e0_0, 0, 8;
    %jmp T_26.256;
T_26.2 ;
    %pushi/vec4 119, 0, 8;
    %store/vec4 v00000149b14492e0_0, 0, 8;
    %jmp T_26.256;
T_26.3 ;
    %pushi/vec4 123, 0, 8;
    %store/vec4 v00000149b14492e0_0, 0, 8;
    %jmp T_26.256;
T_26.4 ;
    %pushi/vec4 242, 0, 8;
    %store/vec4 v00000149b14492e0_0, 0, 8;
    %jmp T_26.256;
T_26.5 ;
    %pushi/vec4 107, 0, 8;
    %store/vec4 v00000149b14492e0_0, 0, 8;
    %jmp T_26.256;
T_26.6 ;
    %pushi/vec4 111, 0, 8;
    %store/vec4 v00000149b14492e0_0, 0, 8;
    %jmp T_26.256;
T_26.7 ;
    %pushi/vec4 197, 0, 8;
    %store/vec4 v00000149b14492e0_0, 0, 8;
    %jmp T_26.256;
T_26.8 ;
    %pushi/vec4 48, 0, 8;
    %store/vec4 v00000149b14492e0_0, 0, 8;
    %jmp T_26.256;
T_26.9 ;
    %pushi/vec4 1, 0, 8;
    %store/vec4 v00000149b14492e0_0, 0, 8;
    %jmp T_26.256;
T_26.10 ;
    %pushi/vec4 103, 0, 8;
    %store/vec4 v00000149b14492e0_0, 0, 8;
    %jmp T_26.256;
T_26.11 ;
    %pushi/vec4 43, 0, 8;
    %store/vec4 v00000149b14492e0_0, 0, 8;
    %jmp T_26.256;
T_26.12 ;
    %pushi/vec4 254, 0, 8;
    %store/vec4 v00000149b14492e0_0, 0, 8;
    %jmp T_26.256;
T_26.13 ;
    %pushi/vec4 215, 0, 8;
    %store/vec4 v00000149b14492e0_0, 0, 8;
    %jmp T_26.256;
T_26.14 ;
    %pushi/vec4 171, 0, 8;
    %store/vec4 v00000149b14492e0_0, 0, 8;
    %jmp T_26.256;
T_26.15 ;
    %pushi/vec4 118, 0, 8;
    %store/vec4 v00000149b14492e0_0, 0, 8;
    %jmp T_26.256;
T_26.16 ;
    %pushi/vec4 202, 0, 8;
    %store/vec4 v00000149b14492e0_0, 0, 8;
    %jmp T_26.256;
T_26.17 ;
    %pushi/vec4 130, 0, 8;
    %store/vec4 v00000149b14492e0_0, 0, 8;
    %jmp T_26.256;
T_26.18 ;
    %pushi/vec4 201, 0, 8;
    %store/vec4 v00000149b14492e0_0, 0, 8;
    %jmp T_26.256;
T_26.19 ;
    %pushi/vec4 125, 0, 8;
    %store/vec4 v00000149b14492e0_0, 0, 8;
    %jmp T_26.256;
T_26.20 ;
    %pushi/vec4 250, 0, 8;
    %store/vec4 v00000149b14492e0_0, 0, 8;
    %jmp T_26.256;
T_26.21 ;
    %pushi/vec4 89, 0, 8;
    %store/vec4 v00000149b14492e0_0, 0, 8;
    %jmp T_26.256;
T_26.22 ;
    %pushi/vec4 71, 0, 8;
    %store/vec4 v00000149b14492e0_0, 0, 8;
    %jmp T_26.256;
T_26.23 ;
    %pushi/vec4 240, 0, 8;
    %store/vec4 v00000149b14492e0_0, 0, 8;
    %jmp T_26.256;
T_26.24 ;
    %pushi/vec4 173, 0, 8;
    %store/vec4 v00000149b14492e0_0, 0, 8;
    %jmp T_26.256;
T_26.25 ;
    %pushi/vec4 212, 0, 8;
    %store/vec4 v00000149b14492e0_0, 0, 8;
    %jmp T_26.256;
T_26.26 ;
    %pushi/vec4 162, 0, 8;
    %store/vec4 v00000149b14492e0_0, 0, 8;
    %jmp T_26.256;
T_26.27 ;
    %pushi/vec4 175, 0, 8;
    %store/vec4 v00000149b14492e0_0, 0, 8;
    %jmp T_26.256;
T_26.28 ;
    %pushi/vec4 156, 0, 8;
    %store/vec4 v00000149b14492e0_0, 0, 8;
    %jmp T_26.256;
T_26.29 ;
    %pushi/vec4 164, 0, 8;
    %store/vec4 v00000149b14492e0_0, 0, 8;
    %jmp T_26.256;
T_26.30 ;
    %pushi/vec4 114, 0, 8;
    %store/vec4 v00000149b14492e0_0, 0, 8;
    %jmp T_26.256;
T_26.31 ;
    %pushi/vec4 192, 0, 8;
    %store/vec4 v00000149b14492e0_0, 0, 8;
    %jmp T_26.256;
T_26.32 ;
    %pushi/vec4 183, 0, 8;
    %store/vec4 v00000149b14492e0_0, 0, 8;
    %jmp T_26.256;
T_26.33 ;
    %pushi/vec4 253, 0, 8;
    %store/vec4 v00000149b14492e0_0, 0, 8;
    %jmp T_26.256;
T_26.34 ;
    %pushi/vec4 147, 0, 8;
    %store/vec4 v00000149b14492e0_0, 0, 8;
    %jmp T_26.256;
T_26.35 ;
    %pushi/vec4 38, 0, 8;
    %store/vec4 v00000149b14492e0_0, 0, 8;
    %jmp T_26.256;
T_26.36 ;
    %pushi/vec4 54, 0, 8;
    %store/vec4 v00000149b14492e0_0, 0, 8;
    %jmp T_26.256;
T_26.37 ;
    %pushi/vec4 63, 0, 8;
    %store/vec4 v00000149b14492e0_0, 0, 8;
    %jmp T_26.256;
T_26.38 ;
    %pushi/vec4 247, 0, 8;
    %store/vec4 v00000149b14492e0_0, 0, 8;
    %jmp T_26.256;
T_26.39 ;
    %pushi/vec4 204, 0, 8;
    %store/vec4 v00000149b14492e0_0, 0, 8;
    %jmp T_26.256;
T_26.40 ;
    %pushi/vec4 52, 0, 8;
    %store/vec4 v00000149b14492e0_0, 0, 8;
    %jmp T_26.256;
T_26.41 ;
    %pushi/vec4 165, 0, 8;
    %store/vec4 v00000149b14492e0_0, 0, 8;
    %jmp T_26.256;
T_26.42 ;
    %pushi/vec4 229, 0, 8;
    %store/vec4 v00000149b14492e0_0, 0, 8;
    %jmp T_26.256;
T_26.43 ;
    %pushi/vec4 241, 0, 8;
    %store/vec4 v00000149b14492e0_0, 0, 8;
    %jmp T_26.256;
T_26.44 ;
    %pushi/vec4 113, 0, 8;
    %store/vec4 v00000149b14492e0_0, 0, 8;
    %jmp T_26.256;
T_26.45 ;
    %pushi/vec4 216, 0, 8;
    %store/vec4 v00000149b14492e0_0, 0, 8;
    %jmp T_26.256;
T_26.46 ;
    %pushi/vec4 49, 0, 8;
    %store/vec4 v00000149b14492e0_0, 0, 8;
    %jmp T_26.256;
T_26.47 ;
    %pushi/vec4 21, 0, 8;
    %store/vec4 v00000149b14492e0_0, 0, 8;
    %jmp T_26.256;
T_26.48 ;
    %pushi/vec4 4, 0, 8;
    %store/vec4 v00000149b14492e0_0, 0, 8;
    %jmp T_26.256;
T_26.49 ;
    %pushi/vec4 199, 0, 8;
    %store/vec4 v00000149b14492e0_0, 0, 8;
    %jmp T_26.256;
T_26.50 ;
    %pushi/vec4 35, 0, 8;
    %store/vec4 v00000149b14492e0_0, 0, 8;
    %jmp T_26.256;
T_26.51 ;
    %pushi/vec4 195, 0, 8;
    %store/vec4 v00000149b14492e0_0, 0, 8;
    %jmp T_26.256;
T_26.52 ;
    %pushi/vec4 24, 0, 8;
    %store/vec4 v00000149b14492e0_0, 0, 8;
    %jmp T_26.256;
T_26.53 ;
    %pushi/vec4 150, 0, 8;
    %store/vec4 v00000149b14492e0_0, 0, 8;
    %jmp T_26.256;
T_26.54 ;
    %pushi/vec4 5, 0, 8;
    %store/vec4 v00000149b14492e0_0, 0, 8;
    %jmp T_26.256;
T_26.55 ;
    %pushi/vec4 154, 0, 8;
    %store/vec4 v00000149b14492e0_0, 0, 8;
    %jmp T_26.256;
T_26.56 ;
    %pushi/vec4 7, 0, 8;
    %store/vec4 v00000149b14492e0_0, 0, 8;
    %jmp T_26.256;
T_26.57 ;
    %pushi/vec4 18, 0, 8;
    %store/vec4 v00000149b14492e0_0, 0, 8;
    %jmp T_26.256;
T_26.58 ;
    %pushi/vec4 128, 0, 8;
    %store/vec4 v00000149b14492e0_0, 0, 8;
    %jmp T_26.256;
T_26.59 ;
    %pushi/vec4 226, 0, 8;
    %store/vec4 v00000149b14492e0_0, 0, 8;
    %jmp T_26.256;
T_26.60 ;
    %pushi/vec4 235, 0, 8;
    %store/vec4 v00000149b14492e0_0, 0, 8;
    %jmp T_26.256;
T_26.61 ;
    %pushi/vec4 39, 0, 8;
    %store/vec4 v00000149b14492e0_0, 0, 8;
    %jmp T_26.256;
T_26.62 ;
    %pushi/vec4 178, 0, 8;
    %store/vec4 v00000149b14492e0_0, 0, 8;
    %jmp T_26.256;
T_26.63 ;
    %pushi/vec4 117, 0, 8;
    %store/vec4 v00000149b14492e0_0, 0, 8;
    %jmp T_26.256;
T_26.64 ;
    %pushi/vec4 9, 0, 8;
    %store/vec4 v00000149b14492e0_0, 0, 8;
    %jmp T_26.256;
T_26.65 ;
    %pushi/vec4 131, 0, 8;
    %store/vec4 v00000149b14492e0_0, 0, 8;
    %jmp T_26.256;
T_26.66 ;
    %pushi/vec4 44, 0, 8;
    %store/vec4 v00000149b14492e0_0, 0, 8;
    %jmp T_26.256;
T_26.67 ;
    %pushi/vec4 26, 0, 8;
    %store/vec4 v00000149b14492e0_0, 0, 8;
    %jmp T_26.256;
T_26.68 ;
    %pushi/vec4 27, 0, 8;
    %store/vec4 v00000149b14492e0_0, 0, 8;
    %jmp T_26.256;
T_26.69 ;
    %pushi/vec4 110, 0, 8;
    %store/vec4 v00000149b14492e0_0, 0, 8;
    %jmp T_26.256;
T_26.70 ;
    %pushi/vec4 90, 0, 8;
    %store/vec4 v00000149b14492e0_0, 0, 8;
    %jmp T_26.256;
T_26.71 ;
    %pushi/vec4 160, 0, 8;
    %store/vec4 v00000149b14492e0_0, 0, 8;
    %jmp T_26.256;
T_26.72 ;
    %pushi/vec4 82, 0, 8;
    %store/vec4 v00000149b14492e0_0, 0, 8;
    %jmp T_26.256;
T_26.73 ;
    %pushi/vec4 59, 0, 8;
    %store/vec4 v00000149b14492e0_0, 0, 8;
    %jmp T_26.256;
T_26.74 ;
    %pushi/vec4 214, 0, 8;
    %store/vec4 v00000149b14492e0_0, 0, 8;
    %jmp T_26.256;
T_26.75 ;
    %pushi/vec4 179, 0, 8;
    %store/vec4 v00000149b14492e0_0, 0, 8;
    %jmp T_26.256;
T_26.76 ;
    %pushi/vec4 41, 0, 8;
    %store/vec4 v00000149b14492e0_0, 0, 8;
    %jmp T_26.256;
T_26.77 ;
    %pushi/vec4 227, 0, 8;
    %store/vec4 v00000149b14492e0_0, 0, 8;
    %jmp T_26.256;
T_26.78 ;
    %pushi/vec4 47, 0, 8;
    %store/vec4 v00000149b14492e0_0, 0, 8;
    %jmp T_26.256;
T_26.79 ;
    %pushi/vec4 132, 0, 8;
    %store/vec4 v00000149b14492e0_0, 0, 8;
    %jmp T_26.256;
T_26.80 ;
    %pushi/vec4 83, 0, 8;
    %store/vec4 v00000149b14492e0_0, 0, 8;
    %jmp T_26.256;
T_26.81 ;
    %pushi/vec4 209, 0, 8;
    %store/vec4 v00000149b14492e0_0, 0, 8;
    %jmp T_26.256;
T_26.82 ;
    %pushi/vec4 0, 0, 8;
    %store/vec4 v00000149b14492e0_0, 0, 8;
    %jmp T_26.256;
T_26.83 ;
    %pushi/vec4 237, 0, 8;
    %store/vec4 v00000149b14492e0_0, 0, 8;
    %jmp T_26.256;
T_26.84 ;
    %pushi/vec4 32, 0, 8;
    %store/vec4 v00000149b14492e0_0, 0, 8;
    %jmp T_26.256;
T_26.85 ;
    %pushi/vec4 252, 0, 8;
    %store/vec4 v00000149b14492e0_0, 0, 8;
    %jmp T_26.256;
T_26.86 ;
    %pushi/vec4 177, 0, 8;
    %store/vec4 v00000149b14492e0_0, 0, 8;
    %jmp T_26.256;
T_26.87 ;
    %pushi/vec4 91, 0, 8;
    %store/vec4 v00000149b14492e0_0, 0, 8;
    %jmp T_26.256;
T_26.88 ;
    %pushi/vec4 106, 0, 8;
    %store/vec4 v00000149b14492e0_0, 0, 8;
    %jmp T_26.256;
T_26.89 ;
    %pushi/vec4 203, 0, 8;
    %store/vec4 v00000149b14492e0_0, 0, 8;
    %jmp T_26.256;
T_26.90 ;
    %pushi/vec4 190, 0, 8;
    %store/vec4 v00000149b14492e0_0, 0, 8;
    %jmp T_26.256;
T_26.91 ;
    %pushi/vec4 57, 0, 8;
    %store/vec4 v00000149b14492e0_0, 0, 8;
    %jmp T_26.256;
T_26.92 ;
    %pushi/vec4 74, 0, 8;
    %store/vec4 v00000149b14492e0_0, 0, 8;
    %jmp T_26.256;
T_26.93 ;
    %pushi/vec4 76, 0, 8;
    %store/vec4 v00000149b14492e0_0, 0, 8;
    %jmp T_26.256;
T_26.94 ;
    %pushi/vec4 88, 0, 8;
    %store/vec4 v00000149b14492e0_0, 0, 8;
    %jmp T_26.256;
T_26.95 ;
    %pushi/vec4 207, 0, 8;
    %store/vec4 v00000149b14492e0_0, 0, 8;
    %jmp T_26.256;
T_26.96 ;
    %pushi/vec4 208, 0, 8;
    %store/vec4 v00000149b14492e0_0, 0, 8;
    %jmp T_26.256;
T_26.97 ;
    %pushi/vec4 239, 0, 8;
    %store/vec4 v00000149b14492e0_0, 0, 8;
    %jmp T_26.256;
T_26.98 ;
    %pushi/vec4 170, 0, 8;
    %store/vec4 v00000149b14492e0_0, 0, 8;
    %jmp T_26.256;
T_26.99 ;
    %pushi/vec4 251, 0, 8;
    %store/vec4 v00000149b14492e0_0, 0, 8;
    %jmp T_26.256;
T_26.100 ;
    %pushi/vec4 67, 0, 8;
    %store/vec4 v00000149b14492e0_0, 0, 8;
    %jmp T_26.256;
T_26.101 ;
    %pushi/vec4 77, 0, 8;
    %store/vec4 v00000149b14492e0_0, 0, 8;
    %jmp T_26.256;
T_26.102 ;
    %pushi/vec4 51, 0, 8;
    %store/vec4 v00000149b14492e0_0, 0, 8;
    %jmp T_26.256;
T_26.103 ;
    %pushi/vec4 133, 0, 8;
    %store/vec4 v00000149b14492e0_0, 0, 8;
    %jmp T_26.256;
T_26.104 ;
    %pushi/vec4 69, 0, 8;
    %store/vec4 v00000149b14492e0_0, 0, 8;
    %jmp T_26.256;
T_26.105 ;
    %pushi/vec4 249, 0, 8;
    %store/vec4 v00000149b14492e0_0, 0, 8;
    %jmp T_26.256;
T_26.106 ;
    %pushi/vec4 2, 0, 8;
    %store/vec4 v00000149b14492e0_0, 0, 8;
    %jmp T_26.256;
T_26.107 ;
    %pushi/vec4 127, 0, 8;
    %store/vec4 v00000149b14492e0_0, 0, 8;
    %jmp T_26.256;
T_26.108 ;
    %pushi/vec4 80, 0, 8;
    %store/vec4 v00000149b14492e0_0, 0, 8;
    %jmp T_26.256;
T_26.109 ;
    %pushi/vec4 60, 0, 8;
    %store/vec4 v00000149b14492e0_0, 0, 8;
    %jmp T_26.256;
T_26.110 ;
    %pushi/vec4 159, 0, 8;
    %store/vec4 v00000149b14492e0_0, 0, 8;
    %jmp T_26.256;
T_26.111 ;
    %pushi/vec4 168, 0, 8;
    %store/vec4 v00000149b14492e0_0, 0, 8;
    %jmp T_26.256;
T_26.112 ;
    %pushi/vec4 81, 0, 8;
    %store/vec4 v00000149b14492e0_0, 0, 8;
    %jmp T_26.256;
T_26.113 ;
    %pushi/vec4 163, 0, 8;
    %store/vec4 v00000149b14492e0_0, 0, 8;
    %jmp T_26.256;
T_26.114 ;
    %pushi/vec4 64, 0, 8;
    %store/vec4 v00000149b14492e0_0, 0, 8;
    %jmp T_26.256;
T_26.115 ;
    %pushi/vec4 143, 0, 8;
    %store/vec4 v00000149b14492e0_0, 0, 8;
    %jmp T_26.256;
T_26.116 ;
    %pushi/vec4 146, 0, 8;
    %store/vec4 v00000149b14492e0_0, 0, 8;
    %jmp T_26.256;
T_26.117 ;
    %pushi/vec4 157, 0, 8;
    %store/vec4 v00000149b14492e0_0, 0, 8;
    %jmp T_26.256;
T_26.118 ;
    %pushi/vec4 56, 0, 8;
    %store/vec4 v00000149b14492e0_0, 0, 8;
    %jmp T_26.256;
T_26.119 ;
    %pushi/vec4 245, 0, 8;
    %store/vec4 v00000149b14492e0_0, 0, 8;
    %jmp T_26.256;
T_26.120 ;
    %pushi/vec4 188, 0, 8;
    %store/vec4 v00000149b14492e0_0, 0, 8;
    %jmp T_26.256;
T_26.121 ;
    %pushi/vec4 182, 0, 8;
    %store/vec4 v00000149b14492e0_0, 0, 8;
    %jmp T_26.256;
T_26.122 ;
    %pushi/vec4 218, 0, 8;
    %store/vec4 v00000149b14492e0_0, 0, 8;
    %jmp T_26.256;
T_26.123 ;
    %pushi/vec4 33, 0, 8;
    %store/vec4 v00000149b14492e0_0, 0, 8;
    %jmp T_26.256;
T_26.124 ;
    %pushi/vec4 16, 0, 8;
    %store/vec4 v00000149b14492e0_0, 0, 8;
    %jmp T_26.256;
T_26.125 ;
    %pushi/vec4 255, 0, 8;
    %store/vec4 v00000149b14492e0_0, 0, 8;
    %jmp T_26.256;
T_26.126 ;
    %pushi/vec4 243, 0, 8;
    %store/vec4 v00000149b14492e0_0, 0, 8;
    %jmp T_26.256;
T_26.127 ;
    %pushi/vec4 210, 0, 8;
    %store/vec4 v00000149b14492e0_0, 0, 8;
    %jmp T_26.256;
T_26.128 ;
    %pushi/vec4 205, 0, 8;
    %store/vec4 v00000149b14492e0_0, 0, 8;
    %jmp T_26.256;
T_26.129 ;
    %pushi/vec4 12, 0, 8;
    %store/vec4 v00000149b14492e0_0, 0, 8;
    %jmp T_26.256;
T_26.130 ;
    %pushi/vec4 19, 0, 8;
    %store/vec4 v00000149b14492e0_0, 0, 8;
    %jmp T_26.256;
T_26.131 ;
    %pushi/vec4 236, 0, 8;
    %store/vec4 v00000149b14492e0_0, 0, 8;
    %jmp T_26.256;
T_26.132 ;
    %pushi/vec4 95, 0, 8;
    %store/vec4 v00000149b14492e0_0, 0, 8;
    %jmp T_26.256;
T_26.133 ;
    %pushi/vec4 151, 0, 8;
    %store/vec4 v00000149b14492e0_0, 0, 8;
    %jmp T_26.256;
T_26.134 ;
    %pushi/vec4 68, 0, 8;
    %store/vec4 v00000149b14492e0_0, 0, 8;
    %jmp T_26.256;
T_26.135 ;
    %pushi/vec4 23, 0, 8;
    %store/vec4 v00000149b14492e0_0, 0, 8;
    %jmp T_26.256;
T_26.136 ;
    %pushi/vec4 196, 0, 8;
    %store/vec4 v00000149b14492e0_0, 0, 8;
    %jmp T_26.256;
T_26.137 ;
    %pushi/vec4 167, 0, 8;
    %store/vec4 v00000149b14492e0_0, 0, 8;
    %jmp T_26.256;
T_26.138 ;
    %pushi/vec4 126, 0, 8;
    %store/vec4 v00000149b14492e0_0, 0, 8;
    %jmp T_26.256;
T_26.139 ;
    %pushi/vec4 61, 0, 8;
    %store/vec4 v00000149b14492e0_0, 0, 8;
    %jmp T_26.256;
T_26.140 ;
    %pushi/vec4 100, 0, 8;
    %store/vec4 v00000149b14492e0_0, 0, 8;
    %jmp T_26.256;
T_26.141 ;
    %pushi/vec4 93, 0, 8;
    %store/vec4 v00000149b14492e0_0, 0, 8;
    %jmp T_26.256;
T_26.142 ;
    %pushi/vec4 25, 0, 8;
    %store/vec4 v00000149b14492e0_0, 0, 8;
    %jmp T_26.256;
T_26.143 ;
    %pushi/vec4 115, 0, 8;
    %store/vec4 v00000149b14492e0_0, 0, 8;
    %jmp T_26.256;
T_26.144 ;
    %pushi/vec4 96, 0, 8;
    %store/vec4 v00000149b14492e0_0, 0, 8;
    %jmp T_26.256;
T_26.145 ;
    %pushi/vec4 129, 0, 8;
    %store/vec4 v00000149b14492e0_0, 0, 8;
    %jmp T_26.256;
T_26.146 ;
    %pushi/vec4 79, 0, 8;
    %store/vec4 v00000149b14492e0_0, 0, 8;
    %jmp T_26.256;
T_26.147 ;
    %pushi/vec4 220, 0, 8;
    %store/vec4 v00000149b14492e0_0, 0, 8;
    %jmp T_26.256;
T_26.148 ;
    %pushi/vec4 34, 0, 8;
    %store/vec4 v00000149b14492e0_0, 0, 8;
    %jmp T_26.256;
T_26.149 ;
    %pushi/vec4 42, 0, 8;
    %store/vec4 v00000149b14492e0_0, 0, 8;
    %jmp T_26.256;
T_26.150 ;
    %pushi/vec4 144, 0, 8;
    %store/vec4 v00000149b14492e0_0, 0, 8;
    %jmp T_26.256;
T_26.151 ;
    %pushi/vec4 136, 0, 8;
    %store/vec4 v00000149b14492e0_0, 0, 8;
    %jmp T_26.256;
T_26.152 ;
    %pushi/vec4 70, 0, 8;
    %store/vec4 v00000149b14492e0_0, 0, 8;
    %jmp T_26.256;
T_26.153 ;
    %pushi/vec4 238, 0, 8;
    %store/vec4 v00000149b14492e0_0, 0, 8;
    %jmp T_26.256;
T_26.154 ;
    %pushi/vec4 184, 0, 8;
    %store/vec4 v00000149b14492e0_0, 0, 8;
    %jmp T_26.256;
T_26.155 ;
    %pushi/vec4 20, 0, 8;
    %store/vec4 v00000149b14492e0_0, 0, 8;
    %jmp T_26.256;
T_26.156 ;
    %pushi/vec4 222, 0, 8;
    %store/vec4 v00000149b14492e0_0, 0, 8;
    %jmp T_26.256;
T_26.157 ;
    %pushi/vec4 94, 0, 8;
    %store/vec4 v00000149b14492e0_0, 0, 8;
    %jmp T_26.256;
T_26.158 ;
    %pushi/vec4 11, 0, 8;
    %store/vec4 v00000149b14492e0_0, 0, 8;
    %jmp T_26.256;
T_26.159 ;
    %pushi/vec4 219, 0, 8;
    %store/vec4 v00000149b14492e0_0, 0, 8;
    %jmp T_26.256;
T_26.160 ;
    %pushi/vec4 224, 0, 8;
    %store/vec4 v00000149b14492e0_0, 0, 8;
    %jmp T_26.256;
T_26.161 ;
    %pushi/vec4 50, 0, 8;
    %store/vec4 v00000149b14492e0_0, 0, 8;
    %jmp T_26.256;
T_26.162 ;
    %pushi/vec4 58, 0, 8;
    %store/vec4 v00000149b14492e0_0, 0, 8;
    %jmp T_26.256;
T_26.163 ;
    %pushi/vec4 10, 0, 8;
    %store/vec4 v00000149b14492e0_0, 0, 8;
    %jmp T_26.256;
T_26.164 ;
    %pushi/vec4 73, 0, 8;
    %store/vec4 v00000149b14492e0_0, 0, 8;
    %jmp T_26.256;
T_26.165 ;
    %pushi/vec4 6, 0, 8;
    %store/vec4 v00000149b14492e0_0, 0, 8;
    %jmp T_26.256;
T_26.166 ;
    %pushi/vec4 36, 0, 8;
    %store/vec4 v00000149b14492e0_0, 0, 8;
    %jmp T_26.256;
T_26.167 ;
    %pushi/vec4 92, 0, 8;
    %store/vec4 v00000149b14492e0_0, 0, 8;
    %jmp T_26.256;
T_26.168 ;
    %pushi/vec4 194, 0, 8;
    %store/vec4 v00000149b14492e0_0, 0, 8;
    %jmp T_26.256;
T_26.169 ;
    %pushi/vec4 211, 0, 8;
    %store/vec4 v00000149b14492e0_0, 0, 8;
    %jmp T_26.256;
T_26.170 ;
    %pushi/vec4 172, 0, 8;
    %store/vec4 v00000149b14492e0_0, 0, 8;
    %jmp T_26.256;
T_26.171 ;
    %pushi/vec4 98, 0, 8;
    %store/vec4 v00000149b14492e0_0, 0, 8;
    %jmp T_26.256;
T_26.172 ;
    %pushi/vec4 145, 0, 8;
    %store/vec4 v00000149b14492e0_0, 0, 8;
    %jmp T_26.256;
T_26.173 ;
    %pushi/vec4 149, 0, 8;
    %store/vec4 v00000149b14492e0_0, 0, 8;
    %jmp T_26.256;
T_26.174 ;
    %pushi/vec4 228, 0, 8;
    %store/vec4 v00000149b14492e0_0, 0, 8;
    %jmp T_26.256;
T_26.175 ;
    %pushi/vec4 121, 0, 8;
    %store/vec4 v00000149b14492e0_0, 0, 8;
    %jmp T_26.256;
T_26.176 ;
    %pushi/vec4 231, 0, 8;
    %store/vec4 v00000149b14492e0_0, 0, 8;
    %jmp T_26.256;
T_26.177 ;
    %pushi/vec4 200, 0, 8;
    %store/vec4 v00000149b14492e0_0, 0, 8;
    %jmp T_26.256;
T_26.178 ;
    %pushi/vec4 55, 0, 8;
    %store/vec4 v00000149b14492e0_0, 0, 8;
    %jmp T_26.256;
T_26.179 ;
    %pushi/vec4 109, 0, 8;
    %store/vec4 v00000149b14492e0_0, 0, 8;
    %jmp T_26.256;
T_26.180 ;
    %pushi/vec4 141, 0, 8;
    %store/vec4 v00000149b14492e0_0, 0, 8;
    %jmp T_26.256;
T_26.181 ;
    %pushi/vec4 213, 0, 8;
    %store/vec4 v00000149b14492e0_0, 0, 8;
    %jmp T_26.256;
T_26.182 ;
    %pushi/vec4 78, 0, 8;
    %store/vec4 v00000149b14492e0_0, 0, 8;
    %jmp T_26.256;
T_26.183 ;
    %pushi/vec4 169, 0, 8;
    %store/vec4 v00000149b14492e0_0, 0, 8;
    %jmp T_26.256;
T_26.184 ;
    %pushi/vec4 108, 0, 8;
    %store/vec4 v00000149b14492e0_0, 0, 8;
    %jmp T_26.256;
T_26.185 ;
    %pushi/vec4 86, 0, 8;
    %store/vec4 v00000149b14492e0_0, 0, 8;
    %jmp T_26.256;
T_26.186 ;
    %pushi/vec4 244, 0, 8;
    %store/vec4 v00000149b14492e0_0, 0, 8;
    %jmp T_26.256;
T_26.187 ;
    %pushi/vec4 234, 0, 8;
    %store/vec4 v00000149b14492e0_0, 0, 8;
    %jmp T_26.256;
T_26.188 ;
    %pushi/vec4 101, 0, 8;
    %store/vec4 v00000149b14492e0_0, 0, 8;
    %jmp T_26.256;
T_26.189 ;
    %pushi/vec4 122, 0, 8;
    %store/vec4 v00000149b14492e0_0, 0, 8;
    %jmp T_26.256;
T_26.190 ;
    %pushi/vec4 174, 0, 8;
    %store/vec4 v00000149b14492e0_0, 0, 8;
    %jmp T_26.256;
T_26.191 ;
    %pushi/vec4 8, 0, 8;
    %store/vec4 v00000149b14492e0_0, 0, 8;
    %jmp T_26.256;
T_26.192 ;
    %pushi/vec4 186, 0, 8;
    %store/vec4 v00000149b14492e0_0, 0, 8;
    %jmp T_26.256;
T_26.193 ;
    %pushi/vec4 120, 0, 8;
    %store/vec4 v00000149b14492e0_0, 0, 8;
    %jmp T_26.256;
T_26.194 ;
    %pushi/vec4 37, 0, 8;
    %store/vec4 v00000149b14492e0_0, 0, 8;
    %jmp T_26.256;
T_26.195 ;
    %pushi/vec4 46, 0, 8;
    %store/vec4 v00000149b14492e0_0, 0, 8;
    %jmp T_26.256;
T_26.196 ;
    %pushi/vec4 28, 0, 8;
    %store/vec4 v00000149b14492e0_0, 0, 8;
    %jmp T_26.256;
T_26.197 ;
    %pushi/vec4 166, 0, 8;
    %store/vec4 v00000149b14492e0_0, 0, 8;
    %jmp T_26.256;
T_26.198 ;
    %pushi/vec4 180, 0, 8;
    %store/vec4 v00000149b14492e0_0, 0, 8;
    %jmp T_26.256;
T_26.199 ;
    %pushi/vec4 198, 0, 8;
    %store/vec4 v00000149b14492e0_0, 0, 8;
    %jmp T_26.256;
T_26.200 ;
    %pushi/vec4 232, 0, 8;
    %store/vec4 v00000149b14492e0_0, 0, 8;
    %jmp T_26.256;
T_26.201 ;
    %pushi/vec4 221, 0, 8;
    %store/vec4 v00000149b14492e0_0, 0, 8;
    %jmp T_26.256;
T_26.202 ;
    %pushi/vec4 116, 0, 8;
    %store/vec4 v00000149b14492e0_0, 0, 8;
    %jmp T_26.256;
T_26.203 ;
    %pushi/vec4 31, 0, 8;
    %store/vec4 v00000149b14492e0_0, 0, 8;
    %jmp T_26.256;
T_26.204 ;
    %pushi/vec4 75, 0, 8;
    %store/vec4 v00000149b14492e0_0, 0, 8;
    %jmp T_26.256;
T_26.205 ;
    %pushi/vec4 189, 0, 8;
    %store/vec4 v00000149b14492e0_0, 0, 8;
    %jmp T_26.256;
T_26.206 ;
    %pushi/vec4 139, 0, 8;
    %store/vec4 v00000149b14492e0_0, 0, 8;
    %jmp T_26.256;
T_26.207 ;
    %pushi/vec4 138, 0, 8;
    %store/vec4 v00000149b14492e0_0, 0, 8;
    %jmp T_26.256;
T_26.208 ;
    %pushi/vec4 112, 0, 8;
    %store/vec4 v00000149b14492e0_0, 0, 8;
    %jmp T_26.256;
T_26.209 ;
    %pushi/vec4 62, 0, 8;
    %store/vec4 v00000149b14492e0_0, 0, 8;
    %jmp T_26.256;
T_26.210 ;
    %pushi/vec4 181, 0, 8;
    %store/vec4 v00000149b14492e0_0, 0, 8;
    %jmp T_26.256;
T_26.211 ;
    %pushi/vec4 102, 0, 8;
    %store/vec4 v00000149b14492e0_0, 0, 8;
    %jmp T_26.256;
T_26.212 ;
    %pushi/vec4 72, 0, 8;
    %store/vec4 v00000149b14492e0_0, 0, 8;
    %jmp T_26.256;
T_26.213 ;
    %pushi/vec4 3, 0, 8;
    %store/vec4 v00000149b14492e0_0, 0, 8;
    %jmp T_26.256;
T_26.214 ;
    %pushi/vec4 246, 0, 8;
    %store/vec4 v00000149b14492e0_0, 0, 8;
    %jmp T_26.256;
T_26.215 ;
    %pushi/vec4 14, 0, 8;
    %store/vec4 v00000149b14492e0_0, 0, 8;
    %jmp T_26.256;
T_26.216 ;
    %pushi/vec4 97, 0, 8;
    %store/vec4 v00000149b14492e0_0, 0, 8;
    %jmp T_26.256;
T_26.217 ;
    %pushi/vec4 53, 0, 8;
    %store/vec4 v00000149b14492e0_0, 0, 8;
    %jmp T_26.256;
T_26.218 ;
    %pushi/vec4 87, 0, 8;
    %store/vec4 v00000149b14492e0_0, 0, 8;
    %jmp T_26.256;
T_26.219 ;
    %pushi/vec4 185, 0, 8;
    %store/vec4 v00000149b14492e0_0, 0, 8;
    %jmp T_26.256;
T_26.220 ;
    %pushi/vec4 134, 0, 8;
    %store/vec4 v00000149b14492e0_0, 0, 8;
    %jmp T_26.256;
T_26.221 ;
    %pushi/vec4 193, 0, 8;
    %store/vec4 v00000149b14492e0_0, 0, 8;
    %jmp T_26.256;
T_26.222 ;
    %pushi/vec4 29, 0, 8;
    %store/vec4 v00000149b14492e0_0, 0, 8;
    %jmp T_26.256;
T_26.223 ;
    %pushi/vec4 158, 0, 8;
    %store/vec4 v00000149b14492e0_0, 0, 8;
    %jmp T_26.256;
T_26.224 ;
    %pushi/vec4 225, 0, 8;
    %store/vec4 v00000149b14492e0_0, 0, 8;
    %jmp T_26.256;
T_26.225 ;
    %pushi/vec4 248, 0, 8;
    %store/vec4 v00000149b14492e0_0, 0, 8;
    %jmp T_26.256;
T_26.226 ;
    %pushi/vec4 152, 0, 8;
    %store/vec4 v00000149b14492e0_0, 0, 8;
    %jmp T_26.256;
T_26.227 ;
    %pushi/vec4 17, 0, 8;
    %store/vec4 v00000149b14492e0_0, 0, 8;
    %jmp T_26.256;
T_26.228 ;
    %pushi/vec4 105, 0, 8;
    %store/vec4 v00000149b14492e0_0, 0, 8;
    %jmp T_26.256;
T_26.229 ;
    %pushi/vec4 217, 0, 8;
    %store/vec4 v00000149b14492e0_0, 0, 8;
    %jmp T_26.256;
T_26.230 ;
    %pushi/vec4 142, 0, 8;
    %store/vec4 v00000149b14492e0_0, 0, 8;
    %jmp T_26.256;
T_26.231 ;
    %pushi/vec4 148, 0, 8;
    %store/vec4 v00000149b14492e0_0, 0, 8;
    %jmp T_26.256;
T_26.232 ;
    %pushi/vec4 155, 0, 8;
    %store/vec4 v00000149b14492e0_0, 0, 8;
    %jmp T_26.256;
T_26.233 ;
    %pushi/vec4 30, 0, 8;
    %store/vec4 v00000149b14492e0_0, 0, 8;
    %jmp T_26.256;
T_26.234 ;
    %pushi/vec4 135, 0, 8;
    %store/vec4 v00000149b14492e0_0, 0, 8;
    %jmp T_26.256;
T_26.235 ;
    %pushi/vec4 233, 0, 8;
    %store/vec4 v00000149b14492e0_0, 0, 8;
    %jmp T_26.256;
T_26.236 ;
    %pushi/vec4 206, 0, 8;
    %store/vec4 v00000149b14492e0_0, 0, 8;
    %jmp T_26.256;
T_26.237 ;
    %pushi/vec4 85, 0, 8;
    %store/vec4 v00000149b14492e0_0, 0, 8;
    %jmp T_26.256;
T_26.238 ;
    %pushi/vec4 40, 0, 8;
    %store/vec4 v00000149b14492e0_0, 0, 8;
    %jmp T_26.256;
T_26.239 ;
    %pushi/vec4 223, 0, 8;
    %store/vec4 v00000149b14492e0_0, 0, 8;
    %jmp T_26.256;
T_26.240 ;
    %pushi/vec4 140, 0, 8;
    %store/vec4 v00000149b14492e0_0, 0, 8;
    %jmp T_26.256;
T_26.241 ;
    %pushi/vec4 161, 0, 8;
    %store/vec4 v00000149b14492e0_0, 0, 8;
    %jmp T_26.256;
T_26.242 ;
    %pushi/vec4 137, 0, 8;
    %store/vec4 v00000149b14492e0_0, 0, 8;
    %jmp T_26.256;
T_26.243 ;
    %pushi/vec4 13, 0, 8;
    %store/vec4 v00000149b14492e0_0, 0, 8;
    %jmp T_26.256;
T_26.244 ;
    %pushi/vec4 191, 0, 8;
    %store/vec4 v00000149b14492e0_0, 0, 8;
    %jmp T_26.256;
T_26.245 ;
    %pushi/vec4 230, 0, 8;
    %store/vec4 v00000149b14492e0_0, 0, 8;
    %jmp T_26.256;
T_26.246 ;
    %pushi/vec4 66, 0, 8;
    %store/vec4 v00000149b14492e0_0, 0, 8;
    %jmp T_26.256;
T_26.247 ;
    %pushi/vec4 104, 0, 8;
    %store/vec4 v00000149b14492e0_0, 0, 8;
    %jmp T_26.256;
T_26.248 ;
    %pushi/vec4 65, 0, 8;
    %store/vec4 v00000149b14492e0_0, 0, 8;
    %jmp T_26.256;
T_26.249 ;
    %pushi/vec4 153, 0, 8;
    %store/vec4 v00000149b14492e0_0, 0, 8;
    %jmp T_26.256;
T_26.250 ;
    %pushi/vec4 45, 0, 8;
    %store/vec4 v00000149b14492e0_0, 0, 8;
    %jmp T_26.256;
T_26.251 ;
    %pushi/vec4 15, 0, 8;
    %store/vec4 v00000149b14492e0_0, 0, 8;
    %jmp T_26.256;
T_26.252 ;
    %pushi/vec4 176, 0, 8;
    %store/vec4 v00000149b14492e0_0, 0, 8;
    %jmp T_26.256;
T_26.253 ;
    %pushi/vec4 84, 0, 8;
    %store/vec4 v00000149b14492e0_0, 0, 8;
    %jmp T_26.256;
T_26.254 ;
    %pushi/vec4 187, 0, 8;
    %store/vec4 v00000149b14492e0_0, 0, 8;
    %jmp T_26.256;
T_26.255 ;
    %pushi/vec4 22, 0, 8;
    %store/vec4 v00000149b14492e0_0, 0, 8;
    %jmp T_26.256;
T_26.256 ;
    %pop/vec4 1;
    %jmp T_26;
    .thread T_26, $push;
    .scope S_00000149b144e5f0;
T_27 ;
    %wait E_00000149b1392a80;
    %load/vec4 v00000149b1447a80_0;
    %dup/vec4;
    %pushi/vec4 0, 0, 8;
    %cmp/u;
    %jmp/1 T_27.0, 6;
    %dup/vec4;
    %pushi/vec4 1, 0, 8;
    %cmp/u;
    %jmp/1 T_27.1, 6;
    %dup/vec4;
    %pushi/vec4 2, 0, 8;
    %cmp/u;
    %jmp/1 T_27.2, 6;
    %dup/vec4;
    %pushi/vec4 3, 0, 8;
    %cmp/u;
    %jmp/1 T_27.3, 6;
    %dup/vec4;
    %pushi/vec4 4, 0, 8;
    %cmp/u;
    %jmp/1 T_27.4, 6;
    %dup/vec4;
    %pushi/vec4 5, 0, 8;
    %cmp/u;
    %jmp/1 T_27.5, 6;
    %dup/vec4;
    %pushi/vec4 6, 0, 8;
    %cmp/u;
    %jmp/1 T_27.6, 6;
    %dup/vec4;
    %pushi/vec4 7, 0, 8;
    %cmp/u;
    %jmp/1 T_27.7, 6;
    %dup/vec4;
    %pushi/vec4 8, 0, 8;
    %cmp/u;
    %jmp/1 T_27.8, 6;
    %dup/vec4;
    %pushi/vec4 9, 0, 8;
    %cmp/u;
    %jmp/1 T_27.9, 6;
    %dup/vec4;
    %pushi/vec4 10, 0, 8;
    %cmp/u;
    %jmp/1 T_27.10, 6;
    %dup/vec4;
    %pushi/vec4 11, 0, 8;
    %cmp/u;
    %jmp/1 T_27.11, 6;
    %dup/vec4;
    %pushi/vec4 12, 0, 8;
    %cmp/u;
    %jmp/1 T_27.12, 6;
    %dup/vec4;
    %pushi/vec4 13, 0, 8;
    %cmp/u;
    %jmp/1 T_27.13, 6;
    %dup/vec4;
    %pushi/vec4 14, 0, 8;
    %cmp/u;
    %jmp/1 T_27.14, 6;
    %dup/vec4;
    %pushi/vec4 15, 0, 8;
    %cmp/u;
    %jmp/1 T_27.15, 6;
    %dup/vec4;
    %pushi/vec4 16, 0, 8;
    %cmp/u;
    %jmp/1 T_27.16, 6;
    %dup/vec4;
    %pushi/vec4 17, 0, 8;
    %cmp/u;
    %jmp/1 T_27.17, 6;
    %dup/vec4;
    %pushi/vec4 18, 0, 8;
    %cmp/u;
    %jmp/1 T_27.18, 6;
    %dup/vec4;
    %pushi/vec4 19, 0, 8;
    %cmp/u;
    %jmp/1 T_27.19, 6;
    %dup/vec4;
    %pushi/vec4 20, 0, 8;
    %cmp/u;
    %jmp/1 T_27.20, 6;
    %dup/vec4;
    %pushi/vec4 21, 0, 8;
    %cmp/u;
    %jmp/1 T_27.21, 6;
    %dup/vec4;
    %pushi/vec4 22, 0, 8;
    %cmp/u;
    %jmp/1 T_27.22, 6;
    %dup/vec4;
    %pushi/vec4 23, 0, 8;
    %cmp/u;
    %jmp/1 T_27.23, 6;
    %dup/vec4;
    %pushi/vec4 24, 0, 8;
    %cmp/u;
    %jmp/1 T_27.24, 6;
    %dup/vec4;
    %pushi/vec4 25, 0, 8;
    %cmp/u;
    %jmp/1 T_27.25, 6;
    %dup/vec4;
    %pushi/vec4 26, 0, 8;
    %cmp/u;
    %jmp/1 T_27.26, 6;
    %dup/vec4;
    %pushi/vec4 27, 0, 8;
    %cmp/u;
    %jmp/1 T_27.27, 6;
    %dup/vec4;
    %pushi/vec4 28, 0, 8;
    %cmp/u;
    %jmp/1 T_27.28, 6;
    %dup/vec4;
    %pushi/vec4 29, 0, 8;
    %cmp/u;
    %jmp/1 T_27.29, 6;
    %dup/vec4;
    %pushi/vec4 30, 0, 8;
    %cmp/u;
    %jmp/1 T_27.30, 6;
    %dup/vec4;
    %pushi/vec4 31, 0, 8;
    %cmp/u;
    %jmp/1 T_27.31, 6;
    %dup/vec4;
    %pushi/vec4 32, 0, 8;
    %cmp/u;
    %jmp/1 T_27.32, 6;
    %dup/vec4;
    %pushi/vec4 33, 0, 8;
    %cmp/u;
    %jmp/1 T_27.33, 6;
    %dup/vec4;
    %pushi/vec4 34, 0, 8;
    %cmp/u;
    %jmp/1 T_27.34, 6;
    %dup/vec4;
    %pushi/vec4 35, 0, 8;
    %cmp/u;
    %jmp/1 T_27.35, 6;
    %dup/vec4;
    %pushi/vec4 36, 0, 8;
    %cmp/u;
    %jmp/1 T_27.36, 6;
    %dup/vec4;
    %pushi/vec4 37, 0, 8;
    %cmp/u;
    %jmp/1 T_27.37, 6;
    %dup/vec4;
    %pushi/vec4 38, 0, 8;
    %cmp/u;
    %jmp/1 T_27.38, 6;
    %dup/vec4;
    %pushi/vec4 39, 0, 8;
    %cmp/u;
    %jmp/1 T_27.39, 6;
    %dup/vec4;
    %pushi/vec4 40, 0, 8;
    %cmp/u;
    %jmp/1 T_27.40, 6;
    %dup/vec4;
    %pushi/vec4 41, 0, 8;
    %cmp/u;
    %jmp/1 T_27.41, 6;
    %dup/vec4;
    %pushi/vec4 42, 0, 8;
    %cmp/u;
    %jmp/1 T_27.42, 6;
    %dup/vec4;
    %pushi/vec4 43, 0, 8;
    %cmp/u;
    %jmp/1 T_27.43, 6;
    %dup/vec4;
    %pushi/vec4 44, 0, 8;
    %cmp/u;
    %jmp/1 T_27.44, 6;
    %dup/vec4;
    %pushi/vec4 45, 0, 8;
    %cmp/u;
    %jmp/1 T_27.45, 6;
    %dup/vec4;
    %pushi/vec4 46, 0, 8;
    %cmp/u;
    %jmp/1 T_27.46, 6;
    %dup/vec4;
    %pushi/vec4 47, 0, 8;
    %cmp/u;
    %jmp/1 T_27.47, 6;
    %dup/vec4;
    %pushi/vec4 48, 0, 8;
    %cmp/u;
    %jmp/1 T_27.48, 6;
    %dup/vec4;
    %pushi/vec4 49, 0, 8;
    %cmp/u;
    %jmp/1 T_27.49, 6;
    %dup/vec4;
    %pushi/vec4 50, 0, 8;
    %cmp/u;
    %jmp/1 T_27.50, 6;
    %dup/vec4;
    %pushi/vec4 51, 0, 8;
    %cmp/u;
    %jmp/1 T_27.51, 6;
    %dup/vec4;
    %pushi/vec4 52, 0, 8;
    %cmp/u;
    %jmp/1 T_27.52, 6;
    %dup/vec4;
    %pushi/vec4 53, 0, 8;
    %cmp/u;
    %jmp/1 T_27.53, 6;
    %dup/vec4;
    %pushi/vec4 54, 0, 8;
    %cmp/u;
    %jmp/1 T_27.54, 6;
    %dup/vec4;
    %pushi/vec4 55, 0, 8;
    %cmp/u;
    %jmp/1 T_27.55, 6;
    %dup/vec4;
    %pushi/vec4 56, 0, 8;
    %cmp/u;
    %jmp/1 T_27.56, 6;
    %dup/vec4;
    %pushi/vec4 57, 0, 8;
    %cmp/u;
    %jmp/1 T_27.57, 6;
    %dup/vec4;
    %pushi/vec4 58, 0, 8;
    %cmp/u;
    %jmp/1 T_27.58, 6;
    %dup/vec4;
    %pushi/vec4 59, 0, 8;
    %cmp/u;
    %jmp/1 T_27.59, 6;
    %dup/vec4;
    %pushi/vec4 60, 0, 8;
    %cmp/u;
    %jmp/1 T_27.60, 6;
    %dup/vec4;
    %pushi/vec4 61, 0, 8;
    %cmp/u;
    %jmp/1 T_27.61, 6;
    %dup/vec4;
    %pushi/vec4 62, 0, 8;
    %cmp/u;
    %jmp/1 T_27.62, 6;
    %dup/vec4;
    %pushi/vec4 63, 0, 8;
    %cmp/u;
    %jmp/1 T_27.63, 6;
    %dup/vec4;
    %pushi/vec4 64, 0, 8;
    %cmp/u;
    %jmp/1 T_27.64, 6;
    %dup/vec4;
    %pushi/vec4 65, 0, 8;
    %cmp/u;
    %jmp/1 T_27.65, 6;
    %dup/vec4;
    %pushi/vec4 66, 0, 8;
    %cmp/u;
    %jmp/1 T_27.66, 6;
    %dup/vec4;
    %pushi/vec4 67, 0, 8;
    %cmp/u;
    %jmp/1 T_27.67, 6;
    %dup/vec4;
    %pushi/vec4 68, 0, 8;
    %cmp/u;
    %jmp/1 T_27.68, 6;
    %dup/vec4;
    %pushi/vec4 69, 0, 8;
    %cmp/u;
    %jmp/1 T_27.69, 6;
    %dup/vec4;
    %pushi/vec4 70, 0, 8;
    %cmp/u;
    %jmp/1 T_27.70, 6;
    %dup/vec4;
    %pushi/vec4 71, 0, 8;
    %cmp/u;
    %jmp/1 T_27.71, 6;
    %dup/vec4;
    %pushi/vec4 72, 0, 8;
    %cmp/u;
    %jmp/1 T_27.72, 6;
    %dup/vec4;
    %pushi/vec4 73, 0, 8;
    %cmp/u;
    %jmp/1 T_27.73, 6;
    %dup/vec4;
    %pushi/vec4 74, 0, 8;
    %cmp/u;
    %jmp/1 T_27.74, 6;
    %dup/vec4;
    %pushi/vec4 75, 0, 8;
    %cmp/u;
    %jmp/1 T_27.75, 6;
    %dup/vec4;
    %pushi/vec4 76, 0, 8;
    %cmp/u;
    %jmp/1 T_27.76, 6;
    %dup/vec4;
    %pushi/vec4 77, 0, 8;
    %cmp/u;
    %jmp/1 T_27.77, 6;
    %dup/vec4;
    %pushi/vec4 78, 0, 8;
    %cmp/u;
    %jmp/1 T_27.78, 6;
    %dup/vec4;
    %pushi/vec4 79, 0, 8;
    %cmp/u;
    %jmp/1 T_27.79, 6;
    %dup/vec4;
    %pushi/vec4 80, 0, 8;
    %cmp/u;
    %jmp/1 T_27.80, 6;
    %dup/vec4;
    %pushi/vec4 81, 0, 8;
    %cmp/u;
    %jmp/1 T_27.81, 6;
    %dup/vec4;
    %pushi/vec4 82, 0, 8;
    %cmp/u;
    %jmp/1 T_27.82, 6;
    %dup/vec4;
    %pushi/vec4 83, 0, 8;
    %cmp/u;
    %jmp/1 T_27.83, 6;
    %dup/vec4;
    %pushi/vec4 84, 0, 8;
    %cmp/u;
    %jmp/1 T_27.84, 6;
    %dup/vec4;
    %pushi/vec4 85, 0, 8;
    %cmp/u;
    %jmp/1 T_27.85, 6;
    %dup/vec4;
    %pushi/vec4 86, 0, 8;
    %cmp/u;
    %jmp/1 T_27.86, 6;
    %dup/vec4;
    %pushi/vec4 87, 0, 8;
    %cmp/u;
    %jmp/1 T_27.87, 6;
    %dup/vec4;
    %pushi/vec4 88, 0, 8;
    %cmp/u;
    %jmp/1 T_27.88, 6;
    %dup/vec4;
    %pushi/vec4 89, 0, 8;
    %cmp/u;
    %jmp/1 T_27.89, 6;
    %dup/vec4;
    %pushi/vec4 90, 0, 8;
    %cmp/u;
    %jmp/1 T_27.90, 6;
    %dup/vec4;
    %pushi/vec4 91, 0, 8;
    %cmp/u;
    %jmp/1 T_27.91, 6;
    %dup/vec4;
    %pushi/vec4 92, 0, 8;
    %cmp/u;
    %jmp/1 T_27.92, 6;
    %dup/vec4;
    %pushi/vec4 93, 0, 8;
    %cmp/u;
    %jmp/1 T_27.93, 6;
    %dup/vec4;
    %pushi/vec4 94, 0, 8;
    %cmp/u;
    %jmp/1 T_27.94, 6;
    %dup/vec4;
    %pushi/vec4 95, 0, 8;
    %cmp/u;
    %jmp/1 T_27.95, 6;
    %dup/vec4;
    %pushi/vec4 96, 0, 8;
    %cmp/u;
    %jmp/1 T_27.96, 6;
    %dup/vec4;
    %pushi/vec4 97, 0, 8;
    %cmp/u;
    %jmp/1 T_27.97, 6;
    %dup/vec4;
    %pushi/vec4 98, 0, 8;
    %cmp/u;
    %jmp/1 T_27.98, 6;
    %dup/vec4;
    %pushi/vec4 99, 0, 8;
    %cmp/u;
    %jmp/1 T_27.99, 6;
    %dup/vec4;
    %pushi/vec4 100, 0, 8;
    %cmp/u;
    %jmp/1 T_27.100, 6;
    %dup/vec4;
    %pushi/vec4 101, 0, 8;
    %cmp/u;
    %jmp/1 T_27.101, 6;
    %dup/vec4;
    %pushi/vec4 102, 0, 8;
    %cmp/u;
    %jmp/1 T_27.102, 6;
    %dup/vec4;
    %pushi/vec4 103, 0, 8;
    %cmp/u;
    %jmp/1 T_27.103, 6;
    %dup/vec4;
    %pushi/vec4 104, 0, 8;
    %cmp/u;
    %jmp/1 T_27.104, 6;
    %dup/vec4;
    %pushi/vec4 105, 0, 8;
    %cmp/u;
    %jmp/1 T_27.105, 6;
    %dup/vec4;
    %pushi/vec4 106, 0, 8;
    %cmp/u;
    %jmp/1 T_27.106, 6;
    %dup/vec4;
    %pushi/vec4 107, 0, 8;
    %cmp/u;
    %jmp/1 T_27.107, 6;
    %dup/vec4;
    %pushi/vec4 108, 0, 8;
    %cmp/u;
    %jmp/1 T_27.108, 6;
    %dup/vec4;
    %pushi/vec4 109, 0, 8;
    %cmp/u;
    %jmp/1 T_27.109, 6;
    %dup/vec4;
    %pushi/vec4 110, 0, 8;
    %cmp/u;
    %jmp/1 T_27.110, 6;
    %dup/vec4;
    %pushi/vec4 111, 0, 8;
    %cmp/u;
    %jmp/1 T_27.111, 6;
    %dup/vec4;
    %pushi/vec4 112, 0, 8;
    %cmp/u;
    %jmp/1 T_27.112, 6;
    %dup/vec4;
    %pushi/vec4 113, 0, 8;
    %cmp/u;
    %jmp/1 T_27.113, 6;
    %dup/vec4;
    %pushi/vec4 114, 0, 8;
    %cmp/u;
    %jmp/1 T_27.114, 6;
    %dup/vec4;
    %pushi/vec4 115, 0, 8;
    %cmp/u;
    %jmp/1 T_27.115, 6;
    %dup/vec4;
    %pushi/vec4 116, 0, 8;
    %cmp/u;
    %jmp/1 T_27.116, 6;
    %dup/vec4;
    %pushi/vec4 117, 0, 8;
    %cmp/u;
    %jmp/1 T_27.117, 6;
    %dup/vec4;
    %pushi/vec4 118, 0, 8;
    %cmp/u;
    %jmp/1 T_27.118, 6;
    %dup/vec4;
    %pushi/vec4 119, 0, 8;
    %cmp/u;
    %jmp/1 T_27.119, 6;
    %dup/vec4;
    %pushi/vec4 120, 0, 8;
    %cmp/u;
    %jmp/1 T_27.120, 6;
    %dup/vec4;
    %pushi/vec4 121, 0, 8;
    %cmp/u;
    %jmp/1 T_27.121, 6;
    %dup/vec4;
    %pushi/vec4 122, 0, 8;
    %cmp/u;
    %jmp/1 T_27.122, 6;
    %dup/vec4;
    %pushi/vec4 123, 0, 8;
    %cmp/u;
    %jmp/1 T_27.123, 6;
    %dup/vec4;
    %pushi/vec4 124, 0, 8;
    %cmp/u;
    %jmp/1 T_27.124, 6;
    %dup/vec4;
    %pushi/vec4 125, 0, 8;
    %cmp/u;
    %jmp/1 T_27.125, 6;
    %dup/vec4;
    %pushi/vec4 126, 0, 8;
    %cmp/u;
    %jmp/1 T_27.126, 6;
    %dup/vec4;
    %pushi/vec4 127, 0, 8;
    %cmp/u;
    %jmp/1 T_27.127, 6;
    %dup/vec4;
    %pushi/vec4 128, 0, 8;
    %cmp/u;
    %jmp/1 T_27.128, 6;
    %dup/vec4;
    %pushi/vec4 129, 0, 8;
    %cmp/u;
    %jmp/1 T_27.129, 6;
    %dup/vec4;
    %pushi/vec4 130, 0, 8;
    %cmp/u;
    %jmp/1 T_27.130, 6;
    %dup/vec4;
    %pushi/vec4 131, 0, 8;
    %cmp/u;
    %jmp/1 T_27.131, 6;
    %dup/vec4;
    %pushi/vec4 132, 0, 8;
    %cmp/u;
    %jmp/1 T_27.132, 6;
    %dup/vec4;
    %pushi/vec4 133, 0, 8;
    %cmp/u;
    %jmp/1 T_27.133, 6;
    %dup/vec4;
    %pushi/vec4 134, 0, 8;
    %cmp/u;
    %jmp/1 T_27.134, 6;
    %dup/vec4;
    %pushi/vec4 135, 0, 8;
    %cmp/u;
    %jmp/1 T_27.135, 6;
    %dup/vec4;
    %pushi/vec4 136, 0, 8;
    %cmp/u;
    %jmp/1 T_27.136, 6;
    %dup/vec4;
    %pushi/vec4 137, 0, 8;
    %cmp/u;
    %jmp/1 T_27.137, 6;
    %dup/vec4;
    %pushi/vec4 138, 0, 8;
    %cmp/u;
    %jmp/1 T_27.138, 6;
    %dup/vec4;
    %pushi/vec4 139, 0, 8;
    %cmp/u;
    %jmp/1 T_27.139, 6;
    %dup/vec4;
    %pushi/vec4 140, 0, 8;
    %cmp/u;
    %jmp/1 T_27.140, 6;
    %dup/vec4;
    %pushi/vec4 141, 0, 8;
    %cmp/u;
    %jmp/1 T_27.141, 6;
    %dup/vec4;
    %pushi/vec4 142, 0, 8;
    %cmp/u;
    %jmp/1 T_27.142, 6;
    %dup/vec4;
    %pushi/vec4 143, 0, 8;
    %cmp/u;
    %jmp/1 T_27.143, 6;
    %dup/vec4;
    %pushi/vec4 144, 0, 8;
    %cmp/u;
    %jmp/1 T_27.144, 6;
    %dup/vec4;
    %pushi/vec4 145, 0, 8;
    %cmp/u;
    %jmp/1 T_27.145, 6;
    %dup/vec4;
    %pushi/vec4 146, 0, 8;
    %cmp/u;
    %jmp/1 T_27.146, 6;
    %dup/vec4;
    %pushi/vec4 147, 0, 8;
    %cmp/u;
    %jmp/1 T_27.147, 6;
    %dup/vec4;
    %pushi/vec4 148, 0, 8;
    %cmp/u;
    %jmp/1 T_27.148, 6;
    %dup/vec4;
    %pushi/vec4 149, 0, 8;
    %cmp/u;
    %jmp/1 T_27.149, 6;
    %dup/vec4;
    %pushi/vec4 150, 0, 8;
    %cmp/u;
    %jmp/1 T_27.150, 6;
    %dup/vec4;
    %pushi/vec4 151, 0, 8;
    %cmp/u;
    %jmp/1 T_27.151, 6;
    %dup/vec4;
    %pushi/vec4 152, 0, 8;
    %cmp/u;
    %jmp/1 T_27.152, 6;
    %dup/vec4;
    %pushi/vec4 153, 0, 8;
    %cmp/u;
    %jmp/1 T_27.153, 6;
    %dup/vec4;
    %pushi/vec4 154, 0, 8;
    %cmp/u;
    %jmp/1 T_27.154, 6;
    %dup/vec4;
    %pushi/vec4 155, 0, 8;
    %cmp/u;
    %jmp/1 T_27.155, 6;
    %dup/vec4;
    %pushi/vec4 156, 0, 8;
    %cmp/u;
    %jmp/1 T_27.156, 6;
    %dup/vec4;
    %pushi/vec4 157, 0, 8;
    %cmp/u;
    %jmp/1 T_27.157, 6;
    %dup/vec4;
    %pushi/vec4 158, 0, 8;
    %cmp/u;
    %jmp/1 T_27.158, 6;
    %dup/vec4;
    %pushi/vec4 159, 0, 8;
    %cmp/u;
    %jmp/1 T_27.159, 6;
    %dup/vec4;
    %pushi/vec4 160, 0, 8;
    %cmp/u;
    %jmp/1 T_27.160, 6;
    %dup/vec4;
    %pushi/vec4 161, 0, 8;
    %cmp/u;
    %jmp/1 T_27.161, 6;
    %dup/vec4;
    %pushi/vec4 162, 0, 8;
    %cmp/u;
    %jmp/1 T_27.162, 6;
    %dup/vec4;
    %pushi/vec4 163, 0, 8;
    %cmp/u;
    %jmp/1 T_27.163, 6;
    %dup/vec4;
    %pushi/vec4 164, 0, 8;
    %cmp/u;
    %jmp/1 T_27.164, 6;
    %dup/vec4;
    %pushi/vec4 165, 0, 8;
    %cmp/u;
    %jmp/1 T_27.165, 6;
    %dup/vec4;
    %pushi/vec4 166, 0, 8;
    %cmp/u;
    %jmp/1 T_27.166, 6;
    %dup/vec4;
    %pushi/vec4 167, 0, 8;
    %cmp/u;
    %jmp/1 T_27.167, 6;
    %dup/vec4;
    %pushi/vec4 168, 0, 8;
    %cmp/u;
    %jmp/1 T_27.168, 6;
    %dup/vec4;
    %pushi/vec4 169, 0, 8;
    %cmp/u;
    %jmp/1 T_27.169, 6;
    %dup/vec4;
    %pushi/vec4 170, 0, 8;
    %cmp/u;
    %jmp/1 T_27.170, 6;
    %dup/vec4;
    %pushi/vec4 171, 0, 8;
    %cmp/u;
    %jmp/1 T_27.171, 6;
    %dup/vec4;
    %pushi/vec4 172, 0, 8;
    %cmp/u;
    %jmp/1 T_27.172, 6;
    %dup/vec4;
    %pushi/vec4 173, 0, 8;
    %cmp/u;
    %jmp/1 T_27.173, 6;
    %dup/vec4;
    %pushi/vec4 174, 0, 8;
    %cmp/u;
    %jmp/1 T_27.174, 6;
    %dup/vec4;
    %pushi/vec4 175, 0, 8;
    %cmp/u;
    %jmp/1 T_27.175, 6;
    %dup/vec4;
    %pushi/vec4 176, 0, 8;
    %cmp/u;
    %jmp/1 T_27.176, 6;
    %dup/vec4;
    %pushi/vec4 177, 0, 8;
    %cmp/u;
    %jmp/1 T_27.177, 6;
    %dup/vec4;
    %pushi/vec4 178, 0, 8;
    %cmp/u;
    %jmp/1 T_27.178, 6;
    %dup/vec4;
    %pushi/vec4 179, 0, 8;
    %cmp/u;
    %jmp/1 T_27.179, 6;
    %dup/vec4;
    %pushi/vec4 180, 0, 8;
    %cmp/u;
    %jmp/1 T_27.180, 6;
    %dup/vec4;
    %pushi/vec4 181, 0, 8;
    %cmp/u;
    %jmp/1 T_27.181, 6;
    %dup/vec4;
    %pushi/vec4 182, 0, 8;
    %cmp/u;
    %jmp/1 T_27.182, 6;
    %dup/vec4;
    %pushi/vec4 183, 0, 8;
    %cmp/u;
    %jmp/1 T_27.183, 6;
    %dup/vec4;
    %pushi/vec4 184, 0, 8;
    %cmp/u;
    %jmp/1 T_27.184, 6;
    %dup/vec4;
    %pushi/vec4 185, 0, 8;
    %cmp/u;
    %jmp/1 T_27.185, 6;
    %dup/vec4;
    %pushi/vec4 186, 0, 8;
    %cmp/u;
    %jmp/1 T_27.186, 6;
    %dup/vec4;
    %pushi/vec4 187, 0, 8;
    %cmp/u;
    %jmp/1 T_27.187, 6;
    %dup/vec4;
    %pushi/vec4 188, 0, 8;
    %cmp/u;
    %jmp/1 T_27.188, 6;
    %dup/vec4;
    %pushi/vec4 189, 0, 8;
    %cmp/u;
    %jmp/1 T_27.189, 6;
    %dup/vec4;
    %pushi/vec4 190, 0, 8;
    %cmp/u;
    %jmp/1 T_27.190, 6;
    %dup/vec4;
    %pushi/vec4 191, 0, 8;
    %cmp/u;
    %jmp/1 T_27.191, 6;
    %dup/vec4;
    %pushi/vec4 192, 0, 8;
    %cmp/u;
    %jmp/1 T_27.192, 6;
    %dup/vec4;
    %pushi/vec4 193, 0, 8;
    %cmp/u;
    %jmp/1 T_27.193, 6;
    %dup/vec4;
    %pushi/vec4 194, 0, 8;
    %cmp/u;
    %jmp/1 T_27.194, 6;
    %dup/vec4;
    %pushi/vec4 195, 0, 8;
    %cmp/u;
    %jmp/1 T_27.195, 6;
    %dup/vec4;
    %pushi/vec4 196, 0, 8;
    %cmp/u;
    %jmp/1 T_27.196, 6;
    %dup/vec4;
    %pushi/vec4 197, 0, 8;
    %cmp/u;
    %jmp/1 T_27.197, 6;
    %dup/vec4;
    %pushi/vec4 198, 0, 8;
    %cmp/u;
    %jmp/1 T_27.198, 6;
    %dup/vec4;
    %pushi/vec4 199, 0, 8;
    %cmp/u;
    %jmp/1 T_27.199, 6;
    %dup/vec4;
    %pushi/vec4 200, 0, 8;
    %cmp/u;
    %jmp/1 T_27.200, 6;
    %dup/vec4;
    %pushi/vec4 201, 0, 8;
    %cmp/u;
    %jmp/1 T_27.201, 6;
    %dup/vec4;
    %pushi/vec4 202, 0, 8;
    %cmp/u;
    %jmp/1 T_27.202, 6;
    %dup/vec4;
    %pushi/vec4 203, 0, 8;
    %cmp/u;
    %jmp/1 T_27.203, 6;
    %dup/vec4;
    %pushi/vec4 204, 0, 8;
    %cmp/u;
    %jmp/1 T_27.204, 6;
    %dup/vec4;
    %pushi/vec4 205, 0, 8;
    %cmp/u;
    %jmp/1 T_27.205, 6;
    %dup/vec4;
    %pushi/vec4 206, 0, 8;
    %cmp/u;
    %jmp/1 T_27.206, 6;
    %dup/vec4;
    %pushi/vec4 207, 0, 8;
    %cmp/u;
    %jmp/1 T_27.207, 6;
    %dup/vec4;
    %pushi/vec4 208, 0, 8;
    %cmp/u;
    %jmp/1 T_27.208, 6;
    %dup/vec4;
    %pushi/vec4 209, 0, 8;
    %cmp/u;
    %jmp/1 T_27.209, 6;
    %dup/vec4;
    %pushi/vec4 210, 0, 8;
    %cmp/u;
    %jmp/1 T_27.210, 6;
    %dup/vec4;
    %pushi/vec4 211, 0, 8;
    %cmp/u;
    %jmp/1 T_27.211, 6;
    %dup/vec4;
    %pushi/vec4 212, 0, 8;
    %cmp/u;
    %jmp/1 T_27.212, 6;
    %dup/vec4;
    %pushi/vec4 213, 0, 8;
    %cmp/u;
    %jmp/1 T_27.213, 6;
    %dup/vec4;
    %pushi/vec4 214, 0, 8;
    %cmp/u;
    %jmp/1 T_27.214, 6;
    %dup/vec4;
    %pushi/vec4 215, 0, 8;
    %cmp/u;
    %jmp/1 T_27.215, 6;
    %dup/vec4;
    %pushi/vec4 216, 0, 8;
    %cmp/u;
    %jmp/1 T_27.216, 6;
    %dup/vec4;
    %pushi/vec4 217, 0, 8;
    %cmp/u;
    %jmp/1 T_27.217, 6;
    %dup/vec4;
    %pushi/vec4 218, 0, 8;
    %cmp/u;
    %jmp/1 T_27.218, 6;
    %dup/vec4;
    %pushi/vec4 219, 0, 8;
    %cmp/u;
    %jmp/1 T_27.219, 6;
    %dup/vec4;
    %pushi/vec4 220, 0, 8;
    %cmp/u;
    %jmp/1 T_27.220, 6;
    %dup/vec4;
    %pushi/vec4 221, 0, 8;
    %cmp/u;
    %jmp/1 T_27.221, 6;
    %dup/vec4;
    %pushi/vec4 222, 0, 8;
    %cmp/u;
    %jmp/1 T_27.222, 6;
    %dup/vec4;
    %pushi/vec4 223, 0, 8;
    %cmp/u;
    %jmp/1 T_27.223, 6;
    %dup/vec4;
    %pushi/vec4 224, 0, 8;
    %cmp/u;
    %jmp/1 T_27.224, 6;
    %dup/vec4;
    %pushi/vec4 225, 0, 8;
    %cmp/u;
    %jmp/1 T_27.225, 6;
    %dup/vec4;
    %pushi/vec4 226, 0, 8;
    %cmp/u;
    %jmp/1 T_27.226, 6;
    %dup/vec4;
    %pushi/vec4 227, 0, 8;
    %cmp/u;
    %jmp/1 T_27.227, 6;
    %dup/vec4;
    %pushi/vec4 228, 0, 8;
    %cmp/u;
    %jmp/1 T_27.228, 6;
    %dup/vec4;
    %pushi/vec4 229, 0, 8;
    %cmp/u;
    %jmp/1 T_27.229, 6;
    %dup/vec4;
    %pushi/vec4 230, 0, 8;
    %cmp/u;
    %jmp/1 T_27.230, 6;
    %dup/vec4;
    %pushi/vec4 231, 0, 8;
    %cmp/u;
    %jmp/1 T_27.231, 6;
    %dup/vec4;
    %pushi/vec4 232, 0, 8;
    %cmp/u;
    %jmp/1 T_27.232, 6;
    %dup/vec4;
    %pushi/vec4 233, 0, 8;
    %cmp/u;
    %jmp/1 T_27.233, 6;
    %dup/vec4;
    %pushi/vec4 234, 0, 8;
    %cmp/u;
    %jmp/1 T_27.234, 6;
    %dup/vec4;
    %pushi/vec4 235, 0, 8;
    %cmp/u;
    %jmp/1 T_27.235, 6;
    %dup/vec4;
    %pushi/vec4 236, 0, 8;
    %cmp/u;
    %jmp/1 T_27.236, 6;
    %dup/vec4;
    %pushi/vec4 237, 0, 8;
    %cmp/u;
    %jmp/1 T_27.237, 6;
    %dup/vec4;
    %pushi/vec4 238, 0, 8;
    %cmp/u;
    %jmp/1 T_27.238, 6;
    %dup/vec4;
    %pushi/vec4 239, 0, 8;
    %cmp/u;
    %jmp/1 T_27.239, 6;
    %dup/vec4;
    %pushi/vec4 240, 0, 8;
    %cmp/u;
    %jmp/1 T_27.240, 6;
    %dup/vec4;
    %pushi/vec4 241, 0, 8;
    %cmp/u;
    %jmp/1 T_27.241, 6;
    %dup/vec4;
    %pushi/vec4 242, 0, 8;
    %cmp/u;
    %jmp/1 T_27.242, 6;
    %dup/vec4;
    %pushi/vec4 243, 0, 8;
    %cmp/u;
    %jmp/1 T_27.243, 6;
    %dup/vec4;
    %pushi/vec4 244, 0, 8;
    %cmp/u;
    %jmp/1 T_27.244, 6;
    %dup/vec4;
    %pushi/vec4 245, 0, 8;
    %cmp/u;
    %jmp/1 T_27.245, 6;
    %dup/vec4;
    %pushi/vec4 246, 0, 8;
    %cmp/u;
    %jmp/1 T_27.246, 6;
    %dup/vec4;
    %pushi/vec4 247, 0, 8;
    %cmp/u;
    %jmp/1 T_27.247, 6;
    %dup/vec4;
    %pushi/vec4 248, 0, 8;
    %cmp/u;
    %jmp/1 T_27.248, 6;
    %dup/vec4;
    %pushi/vec4 249, 0, 8;
    %cmp/u;
    %jmp/1 T_27.249, 6;
    %dup/vec4;
    %pushi/vec4 250, 0, 8;
    %cmp/u;
    %jmp/1 T_27.250, 6;
    %dup/vec4;
    %pushi/vec4 251, 0, 8;
    %cmp/u;
    %jmp/1 T_27.251, 6;
    %dup/vec4;
    %pushi/vec4 252, 0, 8;
    %cmp/u;
    %jmp/1 T_27.252, 6;
    %dup/vec4;
    %pushi/vec4 253, 0, 8;
    %cmp/u;
    %jmp/1 T_27.253, 6;
    %dup/vec4;
    %pushi/vec4 254, 0, 8;
    %cmp/u;
    %jmp/1 T_27.254, 6;
    %dup/vec4;
    %pushi/vec4 255, 0, 8;
    %cmp/u;
    %jmp/1 T_27.255, 6;
    %jmp T_27.256;
T_27.0 ;
    %pushi/vec4 99, 0, 8;
    %store/vec4 v00000149b14487a0_0, 0, 8;
    %jmp T_27.256;
T_27.1 ;
    %pushi/vec4 124, 0, 8;
    %store/vec4 v00000149b14487a0_0, 0, 8;
    %jmp T_27.256;
T_27.2 ;
    %pushi/vec4 119, 0, 8;
    %store/vec4 v00000149b14487a0_0, 0, 8;
    %jmp T_27.256;
T_27.3 ;
    %pushi/vec4 123, 0, 8;
    %store/vec4 v00000149b14487a0_0, 0, 8;
    %jmp T_27.256;
T_27.4 ;
    %pushi/vec4 242, 0, 8;
    %store/vec4 v00000149b14487a0_0, 0, 8;
    %jmp T_27.256;
T_27.5 ;
    %pushi/vec4 107, 0, 8;
    %store/vec4 v00000149b14487a0_0, 0, 8;
    %jmp T_27.256;
T_27.6 ;
    %pushi/vec4 111, 0, 8;
    %store/vec4 v00000149b14487a0_0, 0, 8;
    %jmp T_27.256;
T_27.7 ;
    %pushi/vec4 197, 0, 8;
    %store/vec4 v00000149b14487a0_0, 0, 8;
    %jmp T_27.256;
T_27.8 ;
    %pushi/vec4 48, 0, 8;
    %store/vec4 v00000149b14487a0_0, 0, 8;
    %jmp T_27.256;
T_27.9 ;
    %pushi/vec4 1, 0, 8;
    %store/vec4 v00000149b14487a0_0, 0, 8;
    %jmp T_27.256;
T_27.10 ;
    %pushi/vec4 103, 0, 8;
    %store/vec4 v00000149b14487a0_0, 0, 8;
    %jmp T_27.256;
T_27.11 ;
    %pushi/vec4 43, 0, 8;
    %store/vec4 v00000149b14487a0_0, 0, 8;
    %jmp T_27.256;
T_27.12 ;
    %pushi/vec4 254, 0, 8;
    %store/vec4 v00000149b14487a0_0, 0, 8;
    %jmp T_27.256;
T_27.13 ;
    %pushi/vec4 215, 0, 8;
    %store/vec4 v00000149b14487a0_0, 0, 8;
    %jmp T_27.256;
T_27.14 ;
    %pushi/vec4 171, 0, 8;
    %store/vec4 v00000149b14487a0_0, 0, 8;
    %jmp T_27.256;
T_27.15 ;
    %pushi/vec4 118, 0, 8;
    %store/vec4 v00000149b14487a0_0, 0, 8;
    %jmp T_27.256;
T_27.16 ;
    %pushi/vec4 202, 0, 8;
    %store/vec4 v00000149b14487a0_0, 0, 8;
    %jmp T_27.256;
T_27.17 ;
    %pushi/vec4 130, 0, 8;
    %store/vec4 v00000149b14487a0_0, 0, 8;
    %jmp T_27.256;
T_27.18 ;
    %pushi/vec4 201, 0, 8;
    %store/vec4 v00000149b14487a0_0, 0, 8;
    %jmp T_27.256;
T_27.19 ;
    %pushi/vec4 125, 0, 8;
    %store/vec4 v00000149b14487a0_0, 0, 8;
    %jmp T_27.256;
T_27.20 ;
    %pushi/vec4 250, 0, 8;
    %store/vec4 v00000149b14487a0_0, 0, 8;
    %jmp T_27.256;
T_27.21 ;
    %pushi/vec4 89, 0, 8;
    %store/vec4 v00000149b14487a0_0, 0, 8;
    %jmp T_27.256;
T_27.22 ;
    %pushi/vec4 71, 0, 8;
    %store/vec4 v00000149b14487a0_0, 0, 8;
    %jmp T_27.256;
T_27.23 ;
    %pushi/vec4 240, 0, 8;
    %store/vec4 v00000149b14487a0_0, 0, 8;
    %jmp T_27.256;
T_27.24 ;
    %pushi/vec4 173, 0, 8;
    %store/vec4 v00000149b14487a0_0, 0, 8;
    %jmp T_27.256;
T_27.25 ;
    %pushi/vec4 212, 0, 8;
    %store/vec4 v00000149b14487a0_0, 0, 8;
    %jmp T_27.256;
T_27.26 ;
    %pushi/vec4 162, 0, 8;
    %store/vec4 v00000149b14487a0_0, 0, 8;
    %jmp T_27.256;
T_27.27 ;
    %pushi/vec4 175, 0, 8;
    %store/vec4 v00000149b14487a0_0, 0, 8;
    %jmp T_27.256;
T_27.28 ;
    %pushi/vec4 156, 0, 8;
    %store/vec4 v00000149b14487a0_0, 0, 8;
    %jmp T_27.256;
T_27.29 ;
    %pushi/vec4 164, 0, 8;
    %store/vec4 v00000149b14487a0_0, 0, 8;
    %jmp T_27.256;
T_27.30 ;
    %pushi/vec4 114, 0, 8;
    %store/vec4 v00000149b14487a0_0, 0, 8;
    %jmp T_27.256;
T_27.31 ;
    %pushi/vec4 192, 0, 8;
    %store/vec4 v00000149b14487a0_0, 0, 8;
    %jmp T_27.256;
T_27.32 ;
    %pushi/vec4 183, 0, 8;
    %store/vec4 v00000149b14487a0_0, 0, 8;
    %jmp T_27.256;
T_27.33 ;
    %pushi/vec4 253, 0, 8;
    %store/vec4 v00000149b14487a0_0, 0, 8;
    %jmp T_27.256;
T_27.34 ;
    %pushi/vec4 147, 0, 8;
    %store/vec4 v00000149b14487a0_0, 0, 8;
    %jmp T_27.256;
T_27.35 ;
    %pushi/vec4 38, 0, 8;
    %store/vec4 v00000149b14487a0_0, 0, 8;
    %jmp T_27.256;
T_27.36 ;
    %pushi/vec4 54, 0, 8;
    %store/vec4 v00000149b14487a0_0, 0, 8;
    %jmp T_27.256;
T_27.37 ;
    %pushi/vec4 63, 0, 8;
    %store/vec4 v00000149b14487a0_0, 0, 8;
    %jmp T_27.256;
T_27.38 ;
    %pushi/vec4 247, 0, 8;
    %store/vec4 v00000149b14487a0_0, 0, 8;
    %jmp T_27.256;
T_27.39 ;
    %pushi/vec4 204, 0, 8;
    %store/vec4 v00000149b14487a0_0, 0, 8;
    %jmp T_27.256;
T_27.40 ;
    %pushi/vec4 52, 0, 8;
    %store/vec4 v00000149b14487a0_0, 0, 8;
    %jmp T_27.256;
T_27.41 ;
    %pushi/vec4 165, 0, 8;
    %store/vec4 v00000149b14487a0_0, 0, 8;
    %jmp T_27.256;
T_27.42 ;
    %pushi/vec4 229, 0, 8;
    %store/vec4 v00000149b14487a0_0, 0, 8;
    %jmp T_27.256;
T_27.43 ;
    %pushi/vec4 241, 0, 8;
    %store/vec4 v00000149b14487a0_0, 0, 8;
    %jmp T_27.256;
T_27.44 ;
    %pushi/vec4 113, 0, 8;
    %store/vec4 v00000149b14487a0_0, 0, 8;
    %jmp T_27.256;
T_27.45 ;
    %pushi/vec4 216, 0, 8;
    %store/vec4 v00000149b14487a0_0, 0, 8;
    %jmp T_27.256;
T_27.46 ;
    %pushi/vec4 49, 0, 8;
    %store/vec4 v00000149b14487a0_0, 0, 8;
    %jmp T_27.256;
T_27.47 ;
    %pushi/vec4 21, 0, 8;
    %store/vec4 v00000149b14487a0_0, 0, 8;
    %jmp T_27.256;
T_27.48 ;
    %pushi/vec4 4, 0, 8;
    %store/vec4 v00000149b14487a0_0, 0, 8;
    %jmp T_27.256;
T_27.49 ;
    %pushi/vec4 199, 0, 8;
    %store/vec4 v00000149b14487a0_0, 0, 8;
    %jmp T_27.256;
T_27.50 ;
    %pushi/vec4 35, 0, 8;
    %store/vec4 v00000149b14487a0_0, 0, 8;
    %jmp T_27.256;
T_27.51 ;
    %pushi/vec4 195, 0, 8;
    %store/vec4 v00000149b14487a0_0, 0, 8;
    %jmp T_27.256;
T_27.52 ;
    %pushi/vec4 24, 0, 8;
    %store/vec4 v00000149b14487a0_0, 0, 8;
    %jmp T_27.256;
T_27.53 ;
    %pushi/vec4 150, 0, 8;
    %store/vec4 v00000149b14487a0_0, 0, 8;
    %jmp T_27.256;
T_27.54 ;
    %pushi/vec4 5, 0, 8;
    %store/vec4 v00000149b14487a0_0, 0, 8;
    %jmp T_27.256;
T_27.55 ;
    %pushi/vec4 154, 0, 8;
    %store/vec4 v00000149b14487a0_0, 0, 8;
    %jmp T_27.256;
T_27.56 ;
    %pushi/vec4 7, 0, 8;
    %store/vec4 v00000149b14487a0_0, 0, 8;
    %jmp T_27.256;
T_27.57 ;
    %pushi/vec4 18, 0, 8;
    %store/vec4 v00000149b14487a0_0, 0, 8;
    %jmp T_27.256;
T_27.58 ;
    %pushi/vec4 128, 0, 8;
    %store/vec4 v00000149b14487a0_0, 0, 8;
    %jmp T_27.256;
T_27.59 ;
    %pushi/vec4 226, 0, 8;
    %store/vec4 v00000149b14487a0_0, 0, 8;
    %jmp T_27.256;
T_27.60 ;
    %pushi/vec4 235, 0, 8;
    %store/vec4 v00000149b14487a0_0, 0, 8;
    %jmp T_27.256;
T_27.61 ;
    %pushi/vec4 39, 0, 8;
    %store/vec4 v00000149b14487a0_0, 0, 8;
    %jmp T_27.256;
T_27.62 ;
    %pushi/vec4 178, 0, 8;
    %store/vec4 v00000149b14487a0_0, 0, 8;
    %jmp T_27.256;
T_27.63 ;
    %pushi/vec4 117, 0, 8;
    %store/vec4 v00000149b14487a0_0, 0, 8;
    %jmp T_27.256;
T_27.64 ;
    %pushi/vec4 9, 0, 8;
    %store/vec4 v00000149b14487a0_0, 0, 8;
    %jmp T_27.256;
T_27.65 ;
    %pushi/vec4 131, 0, 8;
    %store/vec4 v00000149b14487a0_0, 0, 8;
    %jmp T_27.256;
T_27.66 ;
    %pushi/vec4 44, 0, 8;
    %store/vec4 v00000149b14487a0_0, 0, 8;
    %jmp T_27.256;
T_27.67 ;
    %pushi/vec4 26, 0, 8;
    %store/vec4 v00000149b14487a0_0, 0, 8;
    %jmp T_27.256;
T_27.68 ;
    %pushi/vec4 27, 0, 8;
    %store/vec4 v00000149b14487a0_0, 0, 8;
    %jmp T_27.256;
T_27.69 ;
    %pushi/vec4 110, 0, 8;
    %store/vec4 v00000149b14487a0_0, 0, 8;
    %jmp T_27.256;
T_27.70 ;
    %pushi/vec4 90, 0, 8;
    %store/vec4 v00000149b14487a0_0, 0, 8;
    %jmp T_27.256;
T_27.71 ;
    %pushi/vec4 160, 0, 8;
    %store/vec4 v00000149b14487a0_0, 0, 8;
    %jmp T_27.256;
T_27.72 ;
    %pushi/vec4 82, 0, 8;
    %store/vec4 v00000149b14487a0_0, 0, 8;
    %jmp T_27.256;
T_27.73 ;
    %pushi/vec4 59, 0, 8;
    %store/vec4 v00000149b14487a0_0, 0, 8;
    %jmp T_27.256;
T_27.74 ;
    %pushi/vec4 214, 0, 8;
    %store/vec4 v00000149b14487a0_0, 0, 8;
    %jmp T_27.256;
T_27.75 ;
    %pushi/vec4 179, 0, 8;
    %store/vec4 v00000149b14487a0_0, 0, 8;
    %jmp T_27.256;
T_27.76 ;
    %pushi/vec4 41, 0, 8;
    %store/vec4 v00000149b14487a0_0, 0, 8;
    %jmp T_27.256;
T_27.77 ;
    %pushi/vec4 227, 0, 8;
    %store/vec4 v00000149b14487a0_0, 0, 8;
    %jmp T_27.256;
T_27.78 ;
    %pushi/vec4 47, 0, 8;
    %store/vec4 v00000149b14487a0_0, 0, 8;
    %jmp T_27.256;
T_27.79 ;
    %pushi/vec4 132, 0, 8;
    %store/vec4 v00000149b14487a0_0, 0, 8;
    %jmp T_27.256;
T_27.80 ;
    %pushi/vec4 83, 0, 8;
    %store/vec4 v00000149b14487a0_0, 0, 8;
    %jmp T_27.256;
T_27.81 ;
    %pushi/vec4 209, 0, 8;
    %store/vec4 v00000149b14487a0_0, 0, 8;
    %jmp T_27.256;
T_27.82 ;
    %pushi/vec4 0, 0, 8;
    %store/vec4 v00000149b14487a0_0, 0, 8;
    %jmp T_27.256;
T_27.83 ;
    %pushi/vec4 237, 0, 8;
    %store/vec4 v00000149b14487a0_0, 0, 8;
    %jmp T_27.256;
T_27.84 ;
    %pushi/vec4 32, 0, 8;
    %store/vec4 v00000149b14487a0_0, 0, 8;
    %jmp T_27.256;
T_27.85 ;
    %pushi/vec4 252, 0, 8;
    %store/vec4 v00000149b14487a0_0, 0, 8;
    %jmp T_27.256;
T_27.86 ;
    %pushi/vec4 177, 0, 8;
    %store/vec4 v00000149b14487a0_0, 0, 8;
    %jmp T_27.256;
T_27.87 ;
    %pushi/vec4 91, 0, 8;
    %store/vec4 v00000149b14487a0_0, 0, 8;
    %jmp T_27.256;
T_27.88 ;
    %pushi/vec4 106, 0, 8;
    %store/vec4 v00000149b14487a0_0, 0, 8;
    %jmp T_27.256;
T_27.89 ;
    %pushi/vec4 203, 0, 8;
    %store/vec4 v00000149b14487a0_0, 0, 8;
    %jmp T_27.256;
T_27.90 ;
    %pushi/vec4 190, 0, 8;
    %store/vec4 v00000149b14487a0_0, 0, 8;
    %jmp T_27.256;
T_27.91 ;
    %pushi/vec4 57, 0, 8;
    %store/vec4 v00000149b14487a0_0, 0, 8;
    %jmp T_27.256;
T_27.92 ;
    %pushi/vec4 74, 0, 8;
    %store/vec4 v00000149b14487a0_0, 0, 8;
    %jmp T_27.256;
T_27.93 ;
    %pushi/vec4 76, 0, 8;
    %store/vec4 v00000149b14487a0_0, 0, 8;
    %jmp T_27.256;
T_27.94 ;
    %pushi/vec4 88, 0, 8;
    %store/vec4 v00000149b14487a0_0, 0, 8;
    %jmp T_27.256;
T_27.95 ;
    %pushi/vec4 207, 0, 8;
    %store/vec4 v00000149b14487a0_0, 0, 8;
    %jmp T_27.256;
T_27.96 ;
    %pushi/vec4 208, 0, 8;
    %store/vec4 v00000149b14487a0_0, 0, 8;
    %jmp T_27.256;
T_27.97 ;
    %pushi/vec4 239, 0, 8;
    %store/vec4 v00000149b14487a0_0, 0, 8;
    %jmp T_27.256;
T_27.98 ;
    %pushi/vec4 170, 0, 8;
    %store/vec4 v00000149b14487a0_0, 0, 8;
    %jmp T_27.256;
T_27.99 ;
    %pushi/vec4 251, 0, 8;
    %store/vec4 v00000149b14487a0_0, 0, 8;
    %jmp T_27.256;
T_27.100 ;
    %pushi/vec4 67, 0, 8;
    %store/vec4 v00000149b14487a0_0, 0, 8;
    %jmp T_27.256;
T_27.101 ;
    %pushi/vec4 77, 0, 8;
    %store/vec4 v00000149b14487a0_0, 0, 8;
    %jmp T_27.256;
T_27.102 ;
    %pushi/vec4 51, 0, 8;
    %store/vec4 v00000149b14487a0_0, 0, 8;
    %jmp T_27.256;
T_27.103 ;
    %pushi/vec4 133, 0, 8;
    %store/vec4 v00000149b14487a0_0, 0, 8;
    %jmp T_27.256;
T_27.104 ;
    %pushi/vec4 69, 0, 8;
    %store/vec4 v00000149b14487a0_0, 0, 8;
    %jmp T_27.256;
T_27.105 ;
    %pushi/vec4 249, 0, 8;
    %store/vec4 v00000149b14487a0_0, 0, 8;
    %jmp T_27.256;
T_27.106 ;
    %pushi/vec4 2, 0, 8;
    %store/vec4 v00000149b14487a0_0, 0, 8;
    %jmp T_27.256;
T_27.107 ;
    %pushi/vec4 127, 0, 8;
    %store/vec4 v00000149b14487a0_0, 0, 8;
    %jmp T_27.256;
T_27.108 ;
    %pushi/vec4 80, 0, 8;
    %store/vec4 v00000149b14487a0_0, 0, 8;
    %jmp T_27.256;
T_27.109 ;
    %pushi/vec4 60, 0, 8;
    %store/vec4 v00000149b14487a0_0, 0, 8;
    %jmp T_27.256;
T_27.110 ;
    %pushi/vec4 159, 0, 8;
    %store/vec4 v00000149b14487a0_0, 0, 8;
    %jmp T_27.256;
T_27.111 ;
    %pushi/vec4 168, 0, 8;
    %store/vec4 v00000149b14487a0_0, 0, 8;
    %jmp T_27.256;
T_27.112 ;
    %pushi/vec4 81, 0, 8;
    %store/vec4 v00000149b14487a0_0, 0, 8;
    %jmp T_27.256;
T_27.113 ;
    %pushi/vec4 163, 0, 8;
    %store/vec4 v00000149b14487a0_0, 0, 8;
    %jmp T_27.256;
T_27.114 ;
    %pushi/vec4 64, 0, 8;
    %store/vec4 v00000149b14487a0_0, 0, 8;
    %jmp T_27.256;
T_27.115 ;
    %pushi/vec4 143, 0, 8;
    %store/vec4 v00000149b14487a0_0, 0, 8;
    %jmp T_27.256;
T_27.116 ;
    %pushi/vec4 146, 0, 8;
    %store/vec4 v00000149b14487a0_0, 0, 8;
    %jmp T_27.256;
T_27.117 ;
    %pushi/vec4 157, 0, 8;
    %store/vec4 v00000149b14487a0_0, 0, 8;
    %jmp T_27.256;
T_27.118 ;
    %pushi/vec4 56, 0, 8;
    %store/vec4 v00000149b14487a0_0, 0, 8;
    %jmp T_27.256;
T_27.119 ;
    %pushi/vec4 245, 0, 8;
    %store/vec4 v00000149b14487a0_0, 0, 8;
    %jmp T_27.256;
T_27.120 ;
    %pushi/vec4 188, 0, 8;
    %store/vec4 v00000149b14487a0_0, 0, 8;
    %jmp T_27.256;
T_27.121 ;
    %pushi/vec4 182, 0, 8;
    %store/vec4 v00000149b14487a0_0, 0, 8;
    %jmp T_27.256;
T_27.122 ;
    %pushi/vec4 218, 0, 8;
    %store/vec4 v00000149b14487a0_0, 0, 8;
    %jmp T_27.256;
T_27.123 ;
    %pushi/vec4 33, 0, 8;
    %store/vec4 v00000149b14487a0_0, 0, 8;
    %jmp T_27.256;
T_27.124 ;
    %pushi/vec4 16, 0, 8;
    %store/vec4 v00000149b14487a0_0, 0, 8;
    %jmp T_27.256;
T_27.125 ;
    %pushi/vec4 255, 0, 8;
    %store/vec4 v00000149b14487a0_0, 0, 8;
    %jmp T_27.256;
T_27.126 ;
    %pushi/vec4 243, 0, 8;
    %store/vec4 v00000149b14487a0_0, 0, 8;
    %jmp T_27.256;
T_27.127 ;
    %pushi/vec4 210, 0, 8;
    %store/vec4 v00000149b14487a0_0, 0, 8;
    %jmp T_27.256;
T_27.128 ;
    %pushi/vec4 205, 0, 8;
    %store/vec4 v00000149b14487a0_0, 0, 8;
    %jmp T_27.256;
T_27.129 ;
    %pushi/vec4 12, 0, 8;
    %store/vec4 v00000149b14487a0_0, 0, 8;
    %jmp T_27.256;
T_27.130 ;
    %pushi/vec4 19, 0, 8;
    %store/vec4 v00000149b14487a0_0, 0, 8;
    %jmp T_27.256;
T_27.131 ;
    %pushi/vec4 236, 0, 8;
    %store/vec4 v00000149b14487a0_0, 0, 8;
    %jmp T_27.256;
T_27.132 ;
    %pushi/vec4 95, 0, 8;
    %store/vec4 v00000149b14487a0_0, 0, 8;
    %jmp T_27.256;
T_27.133 ;
    %pushi/vec4 151, 0, 8;
    %store/vec4 v00000149b14487a0_0, 0, 8;
    %jmp T_27.256;
T_27.134 ;
    %pushi/vec4 68, 0, 8;
    %store/vec4 v00000149b14487a0_0, 0, 8;
    %jmp T_27.256;
T_27.135 ;
    %pushi/vec4 23, 0, 8;
    %store/vec4 v00000149b14487a0_0, 0, 8;
    %jmp T_27.256;
T_27.136 ;
    %pushi/vec4 196, 0, 8;
    %store/vec4 v00000149b14487a0_0, 0, 8;
    %jmp T_27.256;
T_27.137 ;
    %pushi/vec4 167, 0, 8;
    %store/vec4 v00000149b14487a0_0, 0, 8;
    %jmp T_27.256;
T_27.138 ;
    %pushi/vec4 126, 0, 8;
    %store/vec4 v00000149b14487a0_0, 0, 8;
    %jmp T_27.256;
T_27.139 ;
    %pushi/vec4 61, 0, 8;
    %store/vec4 v00000149b14487a0_0, 0, 8;
    %jmp T_27.256;
T_27.140 ;
    %pushi/vec4 100, 0, 8;
    %store/vec4 v00000149b14487a0_0, 0, 8;
    %jmp T_27.256;
T_27.141 ;
    %pushi/vec4 93, 0, 8;
    %store/vec4 v00000149b14487a0_0, 0, 8;
    %jmp T_27.256;
T_27.142 ;
    %pushi/vec4 25, 0, 8;
    %store/vec4 v00000149b14487a0_0, 0, 8;
    %jmp T_27.256;
T_27.143 ;
    %pushi/vec4 115, 0, 8;
    %store/vec4 v00000149b14487a0_0, 0, 8;
    %jmp T_27.256;
T_27.144 ;
    %pushi/vec4 96, 0, 8;
    %store/vec4 v00000149b14487a0_0, 0, 8;
    %jmp T_27.256;
T_27.145 ;
    %pushi/vec4 129, 0, 8;
    %store/vec4 v00000149b14487a0_0, 0, 8;
    %jmp T_27.256;
T_27.146 ;
    %pushi/vec4 79, 0, 8;
    %store/vec4 v00000149b14487a0_0, 0, 8;
    %jmp T_27.256;
T_27.147 ;
    %pushi/vec4 220, 0, 8;
    %store/vec4 v00000149b14487a0_0, 0, 8;
    %jmp T_27.256;
T_27.148 ;
    %pushi/vec4 34, 0, 8;
    %store/vec4 v00000149b14487a0_0, 0, 8;
    %jmp T_27.256;
T_27.149 ;
    %pushi/vec4 42, 0, 8;
    %store/vec4 v00000149b14487a0_0, 0, 8;
    %jmp T_27.256;
T_27.150 ;
    %pushi/vec4 144, 0, 8;
    %store/vec4 v00000149b14487a0_0, 0, 8;
    %jmp T_27.256;
T_27.151 ;
    %pushi/vec4 136, 0, 8;
    %store/vec4 v00000149b14487a0_0, 0, 8;
    %jmp T_27.256;
T_27.152 ;
    %pushi/vec4 70, 0, 8;
    %store/vec4 v00000149b14487a0_0, 0, 8;
    %jmp T_27.256;
T_27.153 ;
    %pushi/vec4 238, 0, 8;
    %store/vec4 v00000149b14487a0_0, 0, 8;
    %jmp T_27.256;
T_27.154 ;
    %pushi/vec4 184, 0, 8;
    %store/vec4 v00000149b14487a0_0, 0, 8;
    %jmp T_27.256;
T_27.155 ;
    %pushi/vec4 20, 0, 8;
    %store/vec4 v00000149b14487a0_0, 0, 8;
    %jmp T_27.256;
T_27.156 ;
    %pushi/vec4 222, 0, 8;
    %store/vec4 v00000149b14487a0_0, 0, 8;
    %jmp T_27.256;
T_27.157 ;
    %pushi/vec4 94, 0, 8;
    %store/vec4 v00000149b14487a0_0, 0, 8;
    %jmp T_27.256;
T_27.158 ;
    %pushi/vec4 11, 0, 8;
    %store/vec4 v00000149b14487a0_0, 0, 8;
    %jmp T_27.256;
T_27.159 ;
    %pushi/vec4 219, 0, 8;
    %store/vec4 v00000149b14487a0_0, 0, 8;
    %jmp T_27.256;
T_27.160 ;
    %pushi/vec4 224, 0, 8;
    %store/vec4 v00000149b14487a0_0, 0, 8;
    %jmp T_27.256;
T_27.161 ;
    %pushi/vec4 50, 0, 8;
    %store/vec4 v00000149b14487a0_0, 0, 8;
    %jmp T_27.256;
T_27.162 ;
    %pushi/vec4 58, 0, 8;
    %store/vec4 v00000149b14487a0_0, 0, 8;
    %jmp T_27.256;
T_27.163 ;
    %pushi/vec4 10, 0, 8;
    %store/vec4 v00000149b14487a0_0, 0, 8;
    %jmp T_27.256;
T_27.164 ;
    %pushi/vec4 73, 0, 8;
    %store/vec4 v00000149b14487a0_0, 0, 8;
    %jmp T_27.256;
T_27.165 ;
    %pushi/vec4 6, 0, 8;
    %store/vec4 v00000149b14487a0_0, 0, 8;
    %jmp T_27.256;
T_27.166 ;
    %pushi/vec4 36, 0, 8;
    %store/vec4 v00000149b14487a0_0, 0, 8;
    %jmp T_27.256;
T_27.167 ;
    %pushi/vec4 92, 0, 8;
    %store/vec4 v00000149b14487a0_0, 0, 8;
    %jmp T_27.256;
T_27.168 ;
    %pushi/vec4 194, 0, 8;
    %store/vec4 v00000149b14487a0_0, 0, 8;
    %jmp T_27.256;
T_27.169 ;
    %pushi/vec4 211, 0, 8;
    %store/vec4 v00000149b14487a0_0, 0, 8;
    %jmp T_27.256;
T_27.170 ;
    %pushi/vec4 172, 0, 8;
    %store/vec4 v00000149b14487a0_0, 0, 8;
    %jmp T_27.256;
T_27.171 ;
    %pushi/vec4 98, 0, 8;
    %store/vec4 v00000149b14487a0_0, 0, 8;
    %jmp T_27.256;
T_27.172 ;
    %pushi/vec4 145, 0, 8;
    %store/vec4 v00000149b14487a0_0, 0, 8;
    %jmp T_27.256;
T_27.173 ;
    %pushi/vec4 149, 0, 8;
    %store/vec4 v00000149b14487a0_0, 0, 8;
    %jmp T_27.256;
T_27.174 ;
    %pushi/vec4 228, 0, 8;
    %store/vec4 v00000149b14487a0_0, 0, 8;
    %jmp T_27.256;
T_27.175 ;
    %pushi/vec4 121, 0, 8;
    %store/vec4 v00000149b14487a0_0, 0, 8;
    %jmp T_27.256;
T_27.176 ;
    %pushi/vec4 231, 0, 8;
    %store/vec4 v00000149b14487a0_0, 0, 8;
    %jmp T_27.256;
T_27.177 ;
    %pushi/vec4 200, 0, 8;
    %store/vec4 v00000149b14487a0_0, 0, 8;
    %jmp T_27.256;
T_27.178 ;
    %pushi/vec4 55, 0, 8;
    %store/vec4 v00000149b14487a0_0, 0, 8;
    %jmp T_27.256;
T_27.179 ;
    %pushi/vec4 109, 0, 8;
    %store/vec4 v00000149b14487a0_0, 0, 8;
    %jmp T_27.256;
T_27.180 ;
    %pushi/vec4 141, 0, 8;
    %store/vec4 v00000149b14487a0_0, 0, 8;
    %jmp T_27.256;
T_27.181 ;
    %pushi/vec4 213, 0, 8;
    %store/vec4 v00000149b14487a0_0, 0, 8;
    %jmp T_27.256;
T_27.182 ;
    %pushi/vec4 78, 0, 8;
    %store/vec4 v00000149b14487a0_0, 0, 8;
    %jmp T_27.256;
T_27.183 ;
    %pushi/vec4 169, 0, 8;
    %store/vec4 v00000149b14487a0_0, 0, 8;
    %jmp T_27.256;
T_27.184 ;
    %pushi/vec4 108, 0, 8;
    %store/vec4 v00000149b14487a0_0, 0, 8;
    %jmp T_27.256;
T_27.185 ;
    %pushi/vec4 86, 0, 8;
    %store/vec4 v00000149b14487a0_0, 0, 8;
    %jmp T_27.256;
T_27.186 ;
    %pushi/vec4 244, 0, 8;
    %store/vec4 v00000149b14487a0_0, 0, 8;
    %jmp T_27.256;
T_27.187 ;
    %pushi/vec4 234, 0, 8;
    %store/vec4 v00000149b14487a0_0, 0, 8;
    %jmp T_27.256;
T_27.188 ;
    %pushi/vec4 101, 0, 8;
    %store/vec4 v00000149b14487a0_0, 0, 8;
    %jmp T_27.256;
T_27.189 ;
    %pushi/vec4 122, 0, 8;
    %store/vec4 v00000149b14487a0_0, 0, 8;
    %jmp T_27.256;
T_27.190 ;
    %pushi/vec4 174, 0, 8;
    %store/vec4 v00000149b14487a0_0, 0, 8;
    %jmp T_27.256;
T_27.191 ;
    %pushi/vec4 8, 0, 8;
    %store/vec4 v00000149b14487a0_0, 0, 8;
    %jmp T_27.256;
T_27.192 ;
    %pushi/vec4 186, 0, 8;
    %store/vec4 v00000149b14487a0_0, 0, 8;
    %jmp T_27.256;
T_27.193 ;
    %pushi/vec4 120, 0, 8;
    %store/vec4 v00000149b14487a0_0, 0, 8;
    %jmp T_27.256;
T_27.194 ;
    %pushi/vec4 37, 0, 8;
    %store/vec4 v00000149b14487a0_0, 0, 8;
    %jmp T_27.256;
T_27.195 ;
    %pushi/vec4 46, 0, 8;
    %store/vec4 v00000149b14487a0_0, 0, 8;
    %jmp T_27.256;
T_27.196 ;
    %pushi/vec4 28, 0, 8;
    %store/vec4 v00000149b14487a0_0, 0, 8;
    %jmp T_27.256;
T_27.197 ;
    %pushi/vec4 166, 0, 8;
    %store/vec4 v00000149b14487a0_0, 0, 8;
    %jmp T_27.256;
T_27.198 ;
    %pushi/vec4 180, 0, 8;
    %store/vec4 v00000149b14487a0_0, 0, 8;
    %jmp T_27.256;
T_27.199 ;
    %pushi/vec4 198, 0, 8;
    %store/vec4 v00000149b14487a0_0, 0, 8;
    %jmp T_27.256;
T_27.200 ;
    %pushi/vec4 232, 0, 8;
    %store/vec4 v00000149b14487a0_0, 0, 8;
    %jmp T_27.256;
T_27.201 ;
    %pushi/vec4 221, 0, 8;
    %store/vec4 v00000149b14487a0_0, 0, 8;
    %jmp T_27.256;
T_27.202 ;
    %pushi/vec4 116, 0, 8;
    %store/vec4 v00000149b14487a0_0, 0, 8;
    %jmp T_27.256;
T_27.203 ;
    %pushi/vec4 31, 0, 8;
    %store/vec4 v00000149b14487a0_0, 0, 8;
    %jmp T_27.256;
T_27.204 ;
    %pushi/vec4 75, 0, 8;
    %store/vec4 v00000149b14487a0_0, 0, 8;
    %jmp T_27.256;
T_27.205 ;
    %pushi/vec4 189, 0, 8;
    %store/vec4 v00000149b14487a0_0, 0, 8;
    %jmp T_27.256;
T_27.206 ;
    %pushi/vec4 139, 0, 8;
    %store/vec4 v00000149b14487a0_0, 0, 8;
    %jmp T_27.256;
T_27.207 ;
    %pushi/vec4 138, 0, 8;
    %store/vec4 v00000149b14487a0_0, 0, 8;
    %jmp T_27.256;
T_27.208 ;
    %pushi/vec4 112, 0, 8;
    %store/vec4 v00000149b14487a0_0, 0, 8;
    %jmp T_27.256;
T_27.209 ;
    %pushi/vec4 62, 0, 8;
    %store/vec4 v00000149b14487a0_0, 0, 8;
    %jmp T_27.256;
T_27.210 ;
    %pushi/vec4 181, 0, 8;
    %store/vec4 v00000149b14487a0_0, 0, 8;
    %jmp T_27.256;
T_27.211 ;
    %pushi/vec4 102, 0, 8;
    %store/vec4 v00000149b14487a0_0, 0, 8;
    %jmp T_27.256;
T_27.212 ;
    %pushi/vec4 72, 0, 8;
    %store/vec4 v00000149b14487a0_0, 0, 8;
    %jmp T_27.256;
T_27.213 ;
    %pushi/vec4 3, 0, 8;
    %store/vec4 v00000149b14487a0_0, 0, 8;
    %jmp T_27.256;
T_27.214 ;
    %pushi/vec4 246, 0, 8;
    %store/vec4 v00000149b14487a0_0, 0, 8;
    %jmp T_27.256;
T_27.215 ;
    %pushi/vec4 14, 0, 8;
    %store/vec4 v00000149b14487a0_0, 0, 8;
    %jmp T_27.256;
T_27.216 ;
    %pushi/vec4 97, 0, 8;
    %store/vec4 v00000149b14487a0_0, 0, 8;
    %jmp T_27.256;
T_27.217 ;
    %pushi/vec4 53, 0, 8;
    %store/vec4 v00000149b14487a0_0, 0, 8;
    %jmp T_27.256;
T_27.218 ;
    %pushi/vec4 87, 0, 8;
    %store/vec4 v00000149b14487a0_0, 0, 8;
    %jmp T_27.256;
T_27.219 ;
    %pushi/vec4 185, 0, 8;
    %store/vec4 v00000149b14487a0_0, 0, 8;
    %jmp T_27.256;
T_27.220 ;
    %pushi/vec4 134, 0, 8;
    %store/vec4 v00000149b14487a0_0, 0, 8;
    %jmp T_27.256;
T_27.221 ;
    %pushi/vec4 193, 0, 8;
    %store/vec4 v00000149b14487a0_0, 0, 8;
    %jmp T_27.256;
T_27.222 ;
    %pushi/vec4 29, 0, 8;
    %store/vec4 v00000149b14487a0_0, 0, 8;
    %jmp T_27.256;
T_27.223 ;
    %pushi/vec4 158, 0, 8;
    %store/vec4 v00000149b14487a0_0, 0, 8;
    %jmp T_27.256;
T_27.224 ;
    %pushi/vec4 225, 0, 8;
    %store/vec4 v00000149b14487a0_0, 0, 8;
    %jmp T_27.256;
T_27.225 ;
    %pushi/vec4 248, 0, 8;
    %store/vec4 v00000149b14487a0_0, 0, 8;
    %jmp T_27.256;
T_27.226 ;
    %pushi/vec4 152, 0, 8;
    %store/vec4 v00000149b14487a0_0, 0, 8;
    %jmp T_27.256;
T_27.227 ;
    %pushi/vec4 17, 0, 8;
    %store/vec4 v00000149b14487a0_0, 0, 8;
    %jmp T_27.256;
T_27.228 ;
    %pushi/vec4 105, 0, 8;
    %store/vec4 v00000149b14487a0_0, 0, 8;
    %jmp T_27.256;
T_27.229 ;
    %pushi/vec4 217, 0, 8;
    %store/vec4 v00000149b14487a0_0, 0, 8;
    %jmp T_27.256;
T_27.230 ;
    %pushi/vec4 142, 0, 8;
    %store/vec4 v00000149b14487a0_0, 0, 8;
    %jmp T_27.256;
T_27.231 ;
    %pushi/vec4 148, 0, 8;
    %store/vec4 v00000149b14487a0_0, 0, 8;
    %jmp T_27.256;
T_27.232 ;
    %pushi/vec4 155, 0, 8;
    %store/vec4 v00000149b14487a0_0, 0, 8;
    %jmp T_27.256;
T_27.233 ;
    %pushi/vec4 30, 0, 8;
    %store/vec4 v00000149b14487a0_0, 0, 8;
    %jmp T_27.256;
T_27.234 ;
    %pushi/vec4 135, 0, 8;
    %store/vec4 v00000149b14487a0_0, 0, 8;
    %jmp T_27.256;
T_27.235 ;
    %pushi/vec4 233, 0, 8;
    %store/vec4 v00000149b14487a0_0, 0, 8;
    %jmp T_27.256;
T_27.236 ;
    %pushi/vec4 206, 0, 8;
    %store/vec4 v00000149b14487a0_0, 0, 8;
    %jmp T_27.256;
T_27.237 ;
    %pushi/vec4 85, 0, 8;
    %store/vec4 v00000149b14487a0_0, 0, 8;
    %jmp T_27.256;
T_27.238 ;
    %pushi/vec4 40, 0, 8;
    %store/vec4 v00000149b14487a0_0, 0, 8;
    %jmp T_27.256;
T_27.239 ;
    %pushi/vec4 223, 0, 8;
    %store/vec4 v00000149b14487a0_0, 0, 8;
    %jmp T_27.256;
T_27.240 ;
    %pushi/vec4 140, 0, 8;
    %store/vec4 v00000149b14487a0_0, 0, 8;
    %jmp T_27.256;
T_27.241 ;
    %pushi/vec4 161, 0, 8;
    %store/vec4 v00000149b14487a0_0, 0, 8;
    %jmp T_27.256;
T_27.242 ;
    %pushi/vec4 137, 0, 8;
    %store/vec4 v00000149b14487a0_0, 0, 8;
    %jmp T_27.256;
T_27.243 ;
    %pushi/vec4 13, 0, 8;
    %store/vec4 v00000149b14487a0_0, 0, 8;
    %jmp T_27.256;
T_27.244 ;
    %pushi/vec4 191, 0, 8;
    %store/vec4 v00000149b14487a0_0, 0, 8;
    %jmp T_27.256;
T_27.245 ;
    %pushi/vec4 230, 0, 8;
    %store/vec4 v00000149b14487a0_0, 0, 8;
    %jmp T_27.256;
T_27.246 ;
    %pushi/vec4 66, 0, 8;
    %store/vec4 v00000149b14487a0_0, 0, 8;
    %jmp T_27.256;
T_27.247 ;
    %pushi/vec4 104, 0, 8;
    %store/vec4 v00000149b14487a0_0, 0, 8;
    %jmp T_27.256;
T_27.248 ;
    %pushi/vec4 65, 0, 8;
    %store/vec4 v00000149b14487a0_0, 0, 8;
    %jmp T_27.256;
T_27.249 ;
    %pushi/vec4 153, 0, 8;
    %store/vec4 v00000149b14487a0_0, 0, 8;
    %jmp T_27.256;
T_27.250 ;
    %pushi/vec4 45, 0, 8;
    %store/vec4 v00000149b14487a0_0, 0, 8;
    %jmp T_27.256;
T_27.251 ;
    %pushi/vec4 15, 0, 8;
    %store/vec4 v00000149b14487a0_0, 0, 8;
    %jmp T_27.256;
T_27.252 ;
    %pushi/vec4 176, 0, 8;
    %store/vec4 v00000149b14487a0_0, 0, 8;
    %jmp T_27.256;
T_27.253 ;
    %pushi/vec4 84, 0, 8;
    %store/vec4 v00000149b14487a0_0, 0, 8;
    %jmp T_27.256;
T_27.254 ;
    %pushi/vec4 187, 0, 8;
    %store/vec4 v00000149b14487a0_0, 0, 8;
    %jmp T_27.256;
T_27.255 ;
    %pushi/vec4 22, 0, 8;
    %store/vec4 v00000149b14487a0_0, 0, 8;
    %jmp T_27.256;
T_27.256 ;
    %pop/vec4 1;
    %jmp T_27;
    .thread T_27, $push;
    .scope S_00000149b144eaa0;
T_28 ;
    %wait E_00000149b1392640;
    %load/vec4 v00000149b1447b20_0;
    %dup/vec4;
    %pushi/vec4 0, 0, 8;
    %cmp/u;
    %jmp/1 T_28.0, 6;
    %dup/vec4;
    %pushi/vec4 1, 0, 8;
    %cmp/u;
    %jmp/1 T_28.1, 6;
    %dup/vec4;
    %pushi/vec4 2, 0, 8;
    %cmp/u;
    %jmp/1 T_28.2, 6;
    %dup/vec4;
    %pushi/vec4 3, 0, 8;
    %cmp/u;
    %jmp/1 T_28.3, 6;
    %dup/vec4;
    %pushi/vec4 4, 0, 8;
    %cmp/u;
    %jmp/1 T_28.4, 6;
    %dup/vec4;
    %pushi/vec4 5, 0, 8;
    %cmp/u;
    %jmp/1 T_28.5, 6;
    %dup/vec4;
    %pushi/vec4 6, 0, 8;
    %cmp/u;
    %jmp/1 T_28.6, 6;
    %dup/vec4;
    %pushi/vec4 7, 0, 8;
    %cmp/u;
    %jmp/1 T_28.7, 6;
    %dup/vec4;
    %pushi/vec4 8, 0, 8;
    %cmp/u;
    %jmp/1 T_28.8, 6;
    %dup/vec4;
    %pushi/vec4 9, 0, 8;
    %cmp/u;
    %jmp/1 T_28.9, 6;
    %dup/vec4;
    %pushi/vec4 10, 0, 8;
    %cmp/u;
    %jmp/1 T_28.10, 6;
    %dup/vec4;
    %pushi/vec4 11, 0, 8;
    %cmp/u;
    %jmp/1 T_28.11, 6;
    %dup/vec4;
    %pushi/vec4 12, 0, 8;
    %cmp/u;
    %jmp/1 T_28.12, 6;
    %dup/vec4;
    %pushi/vec4 13, 0, 8;
    %cmp/u;
    %jmp/1 T_28.13, 6;
    %dup/vec4;
    %pushi/vec4 14, 0, 8;
    %cmp/u;
    %jmp/1 T_28.14, 6;
    %dup/vec4;
    %pushi/vec4 15, 0, 8;
    %cmp/u;
    %jmp/1 T_28.15, 6;
    %dup/vec4;
    %pushi/vec4 16, 0, 8;
    %cmp/u;
    %jmp/1 T_28.16, 6;
    %dup/vec4;
    %pushi/vec4 17, 0, 8;
    %cmp/u;
    %jmp/1 T_28.17, 6;
    %dup/vec4;
    %pushi/vec4 18, 0, 8;
    %cmp/u;
    %jmp/1 T_28.18, 6;
    %dup/vec4;
    %pushi/vec4 19, 0, 8;
    %cmp/u;
    %jmp/1 T_28.19, 6;
    %dup/vec4;
    %pushi/vec4 20, 0, 8;
    %cmp/u;
    %jmp/1 T_28.20, 6;
    %dup/vec4;
    %pushi/vec4 21, 0, 8;
    %cmp/u;
    %jmp/1 T_28.21, 6;
    %dup/vec4;
    %pushi/vec4 22, 0, 8;
    %cmp/u;
    %jmp/1 T_28.22, 6;
    %dup/vec4;
    %pushi/vec4 23, 0, 8;
    %cmp/u;
    %jmp/1 T_28.23, 6;
    %dup/vec4;
    %pushi/vec4 24, 0, 8;
    %cmp/u;
    %jmp/1 T_28.24, 6;
    %dup/vec4;
    %pushi/vec4 25, 0, 8;
    %cmp/u;
    %jmp/1 T_28.25, 6;
    %dup/vec4;
    %pushi/vec4 26, 0, 8;
    %cmp/u;
    %jmp/1 T_28.26, 6;
    %dup/vec4;
    %pushi/vec4 27, 0, 8;
    %cmp/u;
    %jmp/1 T_28.27, 6;
    %dup/vec4;
    %pushi/vec4 28, 0, 8;
    %cmp/u;
    %jmp/1 T_28.28, 6;
    %dup/vec4;
    %pushi/vec4 29, 0, 8;
    %cmp/u;
    %jmp/1 T_28.29, 6;
    %dup/vec4;
    %pushi/vec4 30, 0, 8;
    %cmp/u;
    %jmp/1 T_28.30, 6;
    %dup/vec4;
    %pushi/vec4 31, 0, 8;
    %cmp/u;
    %jmp/1 T_28.31, 6;
    %dup/vec4;
    %pushi/vec4 32, 0, 8;
    %cmp/u;
    %jmp/1 T_28.32, 6;
    %dup/vec4;
    %pushi/vec4 33, 0, 8;
    %cmp/u;
    %jmp/1 T_28.33, 6;
    %dup/vec4;
    %pushi/vec4 34, 0, 8;
    %cmp/u;
    %jmp/1 T_28.34, 6;
    %dup/vec4;
    %pushi/vec4 35, 0, 8;
    %cmp/u;
    %jmp/1 T_28.35, 6;
    %dup/vec4;
    %pushi/vec4 36, 0, 8;
    %cmp/u;
    %jmp/1 T_28.36, 6;
    %dup/vec4;
    %pushi/vec4 37, 0, 8;
    %cmp/u;
    %jmp/1 T_28.37, 6;
    %dup/vec4;
    %pushi/vec4 38, 0, 8;
    %cmp/u;
    %jmp/1 T_28.38, 6;
    %dup/vec4;
    %pushi/vec4 39, 0, 8;
    %cmp/u;
    %jmp/1 T_28.39, 6;
    %dup/vec4;
    %pushi/vec4 40, 0, 8;
    %cmp/u;
    %jmp/1 T_28.40, 6;
    %dup/vec4;
    %pushi/vec4 41, 0, 8;
    %cmp/u;
    %jmp/1 T_28.41, 6;
    %dup/vec4;
    %pushi/vec4 42, 0, 8;
    %cmp/u;
    %jmp/1 T_28.42, 6;
    %dup/vec4;
    %pushi/vec4 43, 0, 8;
    %cmp/u;
    %jmp/1 T_28.43, 6;
    %dup/vec4;
    %pushi/vec4 44, 0, 8;
    %cmp/u;
    %jmp/1 T_28.44, 6;
    %dup/vec4;
    %pushi/vec4 45, 0, 8;
    %cmp/u;
    %jmp/1 T_28.45, 6;
    %dup/vec4;
    %pushi/vec4 46, 0, 8;
    %cmp/u;
    %jmp/1 T_28.46, 6;
    %dup/vec4;
    %pushi/vec4 47, 0, 8;
    %cmp/u;
    %jmp/1 T_28.47, 6;
    %dup/vec4;
    %pushi/vec4 48, 0, 8;
    %cmp/u;
    %jmp/1 T_28.48, 6;
    %dup/vec4;
    %pushi/vec4 49, 0, 8;
    %cmp/u;
    %jmp/1 T_28.49, 6;
    %dup/vec4;
    %pushi/vec4 50, 0, 8;
    %cmp/u;
    %jmp/1 T_28.50, 6;
    %dup/vec4;
    %pushi/vec4 51, 0, 8;
    %cmp/u;
    %jmp/1 T_28.51, 6;
    %dup/vec4;
    %pushi/vec4 52, 0, 8;
    %cmp/u;
    %jmp/1 T_28.52, 6;
    %dup/vec4;
    %pushi/vec4 53, 0, 8;
    %cmp/u;
    %jmp/1 T_28.53, 6;
    %dup/vec4;
    %pushi/vec4 54, 0, 8;
    %cmp/u;
    %jmp/1 T_28.54, 6;
    %dup/vec4;
    %pushi/vec4 55, 0, 8;
    %cmp/u;
    %jmp/1 T_28.55, 6;
    %dup/vec4;
    %pushi/vec4 56, 0, 8;
    %cmp/u;
    %jmp/1 T_28.56, 6;
    %dup/vec4;
    %pushi/vec4 57, 0, 8;
    %cmp/u;
    %jmp/1 T_28.57, 6;
    %dup/vec4;
    %pushi/vec4 58, 0, 8;
    %cmp/u;
    %jmp/1 T_28.58, 6;
    %dup/vec4;
    %pushi/vec4 59, 0, 8;
    %cmp/u;
    %jmp/1 T_28.59, 6;
    %dup/vec4;
    %pushi/vec4 60, 0, 8;
    %cmp/u;
    %jmp/1 T_28.60, 6;
    %dup/vec4;
    %pushi/vec4 61, 0, 8;
    %cmp/u;
    %jmp/1 T_28.61, 6;
    %dup/vec4;
    %pushi/vec4 62, 0, 8;
    %cmp/u;
    %jmp/1 T_28.62, 6;
    %dup/vec4;
    %pushi/vec4 63, 0, 8;
    %cmp/u;
    %jmp/1 T_28.63, 6;
    %dup/vec4;
    %pushi/vec4 64, 0, 8;
    %cmp/u;
    %jmp/1 T_28.64, 6;
    %dup/vec4;
    %pushi/vec4 65, 0, 8;
    %cmp/u;
    %jmp/1 T_28.65, 6;
    %dup/vec4;
    %pushi/vec4 66, 0, 8;
    %cmp/u;
    %jmp/1 T_28.66, 6;
    %dup/vec4;
    %pushi/vec4 67, 0, 8;
    %cmp/u;
    %jmp/1 T_28.67, 6;
    %dup/vec4;
    %pushi/vec4 68, 0, 8;
    %cmp/u;
    %jmp/1 T_28.68, 6;
    %dup/vec4;
    %pushi/vec4 69, 0, 8;
    %cmp/u;
    %jmp/1 T_28.69, 6;
    %dup/vec4;
    %pushi/vec4 70, 0, 8;
    %cmp/u;
    %jmp/1 T_28.70, 6;
    %dup/vec4;
    %pushi/vec4 71, 0, 8;
    %cmp/u;
    %jmp/1 T_28.71, 6;
    %dup/vec4;
    %pushi/vec4 72, 0, 8;
    %cmp/u;
    %jmp/1 T_28.72, 6;
    %dup/vec4;
    %pushi/vec4 73, 0, 8;
    %cmp/u;
    %jmp/1 T_28.73, 6;
    %dup/vec4;
    %pushi/vec4 74, 0, 8;
    %cmp/u;
    %jmp/1 T_28.74, 6;
    %dup/vec4;
    %pushi/vec4 75, 0, 8;
    %cmp/u;
    %jmp/1 T_28.75, 6;
    %dup/vec4;
    %pushi/vec4 76, 0, 8;
    %cmp/u;
    %jmp/1 T_28.76, 6;
    %dup/vec4;
    %pushi/vec4 77, 0, 8;
    %cmp/u;
    %jmp/1 T_28.77, 6;
    %dup/vec4;
    %pushi/vec4 78, 0, 8;
    %cmp/u;
    %jmp/1 T_28.78, 6;
    %dup/vec4;
    %pushi/vec4 79, 0, 8;
    %cmp/u;
    %jmp/1 T_28.79, 6;
    %dup/vec4;
    %pushi/vec4 80, 0, 8;
    %cmp/u;
    %jmp/1 T_28.80, 6;
    %dup/vec4;
    %pushi/vec4 81, 0, 8;
    %cmp/u;
    %jmp/1 T_28.81, 6;
    %dup/vec4;
    %pushi/vec4 82, 0, 8;
    %cmp/u;
    %jmp/1 T_28.82, 6;
    %dup/vec4;
    %pushi/vec4 83, 0, 8;
    %cmp/u;
    %jmp/1 T_28.83, 6;
    %dup/vec4;
    %pushi/vec4 84, 0, 8;
    %cmp/u;
    %jmp/1 T_28.84, 6;
    %dup/vec4;
    %pushi/vec4 85, 0, 8;
    %cmp/u;
    %jmp/1 T_28.85, 6;
    %dup/vec4;
    %pushi/vec4 86, 0, 8;
    %cmp/u;
    %jmp/1 T_28.86, 6;
    %dup/vec4;
    %pushi/vec4 87, 0, 8;
    %cmp/u;
    %jmp/1 T_28.87, 6;
    %dup/vec4;
    %pushi/vec4 88, 0, 8;
    %cmp/u;
    %jmp/1 T_28.88, 6;
    %dup/vec4;
    %pushi/vec4 89, 0, 8;
    %cmp/u;
    %jmp/1 T_28.89, 6;
    %dup/vec4;
    %pushi/vec4 90, 0, 8;
    %cmp/u;
    %jmp/1 T_28.90, 6;
    %dup/vec4;
    %pushi/vec4 91, 0, 8;
    %cmp/u;
    %jmp/1 T_28.91, 6;
    %dup/vec4;
    %pushi/vec4 92, 0, 8;
    %cmp/u;
    %jmp/1 T_28.92, 6;
    %dup/vec4;
    %pushi/vec4 93, 0, 8;
    %cmp/u;
    %jmp/1 T_28.93, 6;
    %dup/vec4;
    %pushi/vec4 94, 0, 8;
    %cmp/u;
    %jmp/1 T_28.94, 6;
    %dup/vec4;
    %pushi/vec4 95, 0, 8;
    %cmp/u;
    %jmp/1 T_28.95, 6;
    %dup/vec4;
    %pushi/vec4 96, 0, 8;
    %cmp/u;
    %jmp/1 T_28.96, 6;
    %dup/vec4;
    %pushi/vec4 97, 0, 8;
    %cmp/u;
    %jmp/1 T_28.97, 6;
    %dup/vec4;
    %pushi/vec4 98, 0, 8;
    %cmp/u;
    %jmp/1 T_28.98, 6;
    %dup/vec4;
    %pushi/vec4 99, 0, 8;
    %cmp/u;
    %jmp/1 T_28.99, 6;
    %dup/vec4;
    %pushi/vec4 100, 0, 8;
    %cmp/u;
    %jmp/1 T_28.100, 6;
    %dup/vec4;
    %pushi/vec4 101, 0, 8;
    %cmp/u;
    %jmp/1 T_28.101, 6;
    %dup/vec4;
    %pushi/vec4 102, 0, 8;
    %cmp/u;
    %jmp/1 T_28.102, 6;
    %dup/vec4;
    %pushi/vec4 103, 0, 8;
    %cmp/u;
    %jmp/1 T_28.103, 6;
    %dup/vec4;
    %pushi/vec4 104, 0, 8;
    %cmp/u;
    %jmp/1 T_28.104, 6;
    %dup/vec4;
    %pushi/vec4 105, 0, 8;
    %cmp/u;
    %jmp/1 T_28.105, 6;
    %dup/vec4;
    %pushi/vec4 106, 0, 8;
    %cmp/u;
    %jmp/1 T_28.106, 6;
    %dup/vec4;
    %pushi/vec4 107, 0, 8;
    %cmp/u;
    %jmp/1 T_28.107, 6;
    %dup/vec4;
    %pushi/vec4 108, 0, 8;
    %cmp/u;
    %jmp/1 T_28.108, 6;
    %dup/vec4;
    %pushi/vec4 109, 0, 8;
    %cmp/u;
    %jmp/1 T_28.109, 6;
    %dup/vec4;
    %pushi/vec4 110, 0, 8;
    %cmp/u;
    %jmp/1 T_28.110, 6;
    %dup/vec4;
    %pushi/vec4 111, 0, 8;
    %cmp/u;
    %jmp/1 T_28.111, 6;
    %dup/vec4;
    %pushi/vec4 112, 0, 8;
    %cmp/u;
    %jmp/1 T_28.112, 6;
    %dup/vec4;
    %pushi/vec4 113, 0, 8;
    %cmp/u;
    %jmp/1 T_28.113, 6;
    %dup/vec4;
    %pushi/vec4 114, 0, 8;
    %cmp/u;
    %jmp/1 T_28.114, 6;
    %dup/vec4;
    %pushi/vec4 115, 0, 8;
    %cmp/u;
    %jmp/1 T_28.115, 6;
    %dup/vec4;
    %pushi/vec4 116, 0, 8;
    %cmp/u;
    %jmp/1 T_28.116, 6;
    %dup/vec4;
    %pushi/vec4 117, 0, 8;
    %cmp/u;
    %jmp/1 T_28.117, 6;
    %dup/vec4;
    %pushi/vec4 118, 0, 8;
    %cmp/u;
    %jmp/1 T_28.118, 6;
    %dup/vec4;
    %pushi/vec4 119, 0, 8;
    %cmp/u;
    %jmp/1 T_28.119, 6;
    %dup/vec4;
    %pushi/vec4 120, 0, 8;
    %cmp/u;
    %jmp/1 T_28.120, 6;
    %dup/vec4;
    %pushi/vec4 121, 0, 8;
    %cmp/u;
    %jmp/1 T_28.121, 6;
    %dup/vec4;
    %pushi/vec4 122, 0, 8;
    %cmp/u;
    %jmp/1 T_28.122, 6;
    %dup/vec4;
    %pushi/vec4 123, 0, 8;
    %cmp/u;
    %jmp/1 T_28.123, 6;
    %dup/vec4;
    %pushi/vec4 124, 0, 8;
    %cmp/u;
    %jmp/1 T_28.124, 6;
    %dup/vec4;
    %pushi/vec4 125, 0, 8;
    %cmp/u;
    %jmp/1 T_28.125, 6;
    %dup/vec4;
    %pushi/vec4 126, 0, 8;
    %cmp/u;
    %jmp/1 T_28.126, 6;
    %dup/vec4;
    %pushi/vec4 127, 0, 8;
    %cmp/u;
    %jmp/1 T_28.127, 6;
    %dup/vec4;
    %pushi/vec4 128, 0, 8;
    %cmp/u;
    %jmp/1 T_28.128, 6;
    %dup/vec4;
    %pushi/vec4 129, 0, 8;
    %cmp/u;
    %jmp/1 T_28.129, 6;
    %dup/vec4;
    %pushi/vec4 130, 0, 8;
    %cmp/u;
    %jmp/1 T_28.130, 6;
    %dup/vec4;
    %pushi/vec4 131, 0, 8;
    %cmp/u;
    %jmp/1 T_28.131, 6;
    %dup/vec4;
    %pushi/vec4 132, 0, 8;
    %cmp/u;
    %jmp/1 T_28.132, 6;
    %dup/vec4;
    %pushi/vec4 133, 0, 8;
    %cmp/u;
    %jmp/1 T_28.133, 6;
    %dup/vec4;
    %pushi/vec4 134, 0, 8;
    %cmp/u;
    %jmp/1 T_28.134, 6;
    %dup/vec4;
    %pushi/vec4 135, 0, 8;
    %cmp/u;
    %jmp/1 T_28.135, 6;
    %dup/vec4;
    %pushi/vec4 136, 0, 8;
    %cmp/u;
    %jmp/1 T_28.136, 6;
    %dup/vec4;
    %pushi/vec4 137, 0, 8;
    %cmp/u;
    %jmp/1 T_28.137, 6;
    %dup/vec4;
    %pushi/vec4 138, 0, 8;
    %cmp/u;
    %jmp/1 T_28.138, 6;
    %dup/vec4;
    %pushi/vec4 139, 0, 8;
    %cmp/u;
    %jmp/1 T_28.139, 6;
    %dup/vec4;
    %pushi/vec4 140, 0, 8;
    %cmp/u;
    %jmp/1 T_28.140, 6;
    %dup/vec4;
    %pushi/vec4 141, 0, 8;
    %cmp/u;
    %jmp/1 T_28.141, 6;
    %dup/vec4;
    %pushi/vec4 142, 0, 8;
    %cmp/u;
    %jmp/1 T_28.142, 6;
    %dup/vec4;
    %pushi/vec4 143, 0, 8;
    %cmp/u;
    %jmp/1 T_28.143, 6;
    %dup/vec4;
    %pushi/vec4 144, 0, 8;
    %cmp/u;
    %jmp/1 T_28.144, 6;
    %dup/vec4;
    %pushi/vec4 145, 0, 8;
    %cmp/u;
    %jmp/1 T_28.145, 6;
    %dup/vec4;
    %pushi/vec4 146, 0, 8;
    %cmp/u;
    %jmp/1 T_28.146, 6;
    %dup/vec4;
    %pushi/vec4 147, 0, 8;
    %cmp/u;
    %jmp/1 T_28.147, 6;
    %dup/vec4;
    %pushi/vec4 148, 0, 8;
    %cmp/u;
    %jmp/1 T_28.148, 6;
    %dup/vec4;
    %pushi/vec4 149, 0, 8;
    %cmp/u;
    %jmp/1 T_28.149, 6;
    %dup/vec4;
    %pushi/vec4 150, 0, 8;
    %cmp/u;
    %jmp/1 T_28.150, 6;
    %dup/vec4;
    %pushi/vec4 151, 0, 8;
    %cmp/u;
    %jmp/1 T_28.151, 6;
    %dup/vec4;
    %pushi/vec4 152, 0, 8;
    %cmp/u;
    %jmp/1 T_28.152, 6;
    %dup/vec4;
    %pushi/vec4 153, 0, 8;
    %cmp/u;
    %jmp/1 T_28.153, 6;
    %dup/vec4;
    %pushi/vec4 154, 0, 8;
    %cmp/u;
    %jmp/1 T_28.154, 6;
    %dup/vec4;
    %pushi/vec4 155, 0, 8;
    %cmp/u;
    %jmp/1 T_28.155, 6;
    %dup/vec4;
    %pushi/vec4 156, 0, 8;
    %cmp/u;
    %jmp/1 T_28.156, 6;
    %dup/vec4;
    %pushi/vec4 157, 0, 8;
    %cmp/u;
    %jmp/1 T_28.157, 6;
    %dup/vec4;
    %pushi/vec4 158, 0, 8;
    %cmp/u;
    %jmp/1 T_28.158, 6;
    %dup/vec4;
    %pushi/vec4 159, 0, 8;
    %cmp/u;
    %jmp/1 T_28.159, 6;
    %dup/vec4;
    %pushi/vec4 160, 0, 8;
    %cmp/u;
    %jmp/1 T_28.160, 6;
    %dup/vec4;
    %pushi/vec4 161, 0, 8;
    %cmp/u;
    %jmp/1 T_28.161, 6;
    %dup/vec4;
    %pushi/vec4 162, 0, 8;
    %cmp/u;
    %jmp/1 T_28.162, 6;
    %dup/vec4;
    %pushi/vec4 163, 0, 8;
    %cmp/u;
    %jmp/1 T_28.163, 6;
    %dup/vec4;
    %pushi/vec4 164, 0, 8;
    %cmp/u;
    %jmp/1 T_28.164, 6;
    %dup/vec4;
    %pushi/vec4 165, 0, 8;
    %cmp/u;
    %jmp/1 T_28.165, 6;
    %dup/vec4;
    %pushi/vec4 166, 0, 8;
    %cmp/u;
    %jmp/1 T_28.166, 6;
    %dup/vec4;
    %pushi/vec4 167, 0, 8;
    %cmp/u;
    %jmp/1 T_28.167, 6;
    %dup/vec4;
    %pushi/vec4 168, 0, 8;
    %cmp/u;
    %jmp/1 T_28.168, 6;
    %dup/vec4;
    %pushi/vec4 169, 0, 8;
    %cmp/u;
    %jmp/1 T_28.169, 6;
    %dup/vec4;
    %pushi/vec4 170, 0, 8;
    %cmp/u;
    %jmp/1 T_28.170, 6;
    %dup/vec4;
    %pushi/vec4 171, 0, 8;
    %cmp/u;
    %jmp/1 T_28.171, 6;
    %dup/vec4;
    %pushi/vec4 172, 0, 8;
    %cmp/u;
    %jmp/1 T_28.172, 6;
    %dup/vec4;
    %pushi/vec4 173, 0, 8;
    %cmp/u;
    %jmp/1 T_28.173, 6;
    %dup/vec4;
    %pushi/vec4 174, 0, 8;
    %cmp/u;
    %jmp/1 T_28.174, 6;
    %dup/vec4;
    %pushi/vec4 175, 0, 8;
    %cmp/u;
    %jmp/1 T_28.175, 6;
    %dup/vec4;
    %pushi/vec4 176, 0, 8;
    %cmp/u;
    %jmp/1 T_28.176, 6;
    %dup/vec4;
    %pushi/vec4 177, 0, 8;
    %cmp/u;
    %jmp/1 T_28.177, 6;
    %dup/vec4;
    %pushi/vec4 178, 0, 8;
    %cmp/u;
    %jmp/1 T_28.178, 6;
    %dup/vec4;
    %pushi/vec4 179, 0, 8;
    %cmp/u;
    %jmp/1 T_28.179, 6;
    %dup/vec4;
    %pushi/vec4 180, 0, 8;
    %cmp/u;
    %jmp/1 T_28.180, 6;
    %dup/vec4;
    %pushi/vec4 181, 0, 8;
    %cmp/u;
    %jmp/1 T_28.181, 6;
    %dup/vec4;
    %pushi/vec4 182, 0, 8;
    %cmp/u;
    %jmp/1 T_28.182, 6;
    %dup/vec4;
    %pushi/vec4 183, 0, 8;
    %cmp/u;
    %jmp/1 T_28.183, 6;
    %dup/vec4;
    %pushi/vec4 184, 0, 8;
    %cmp/u;
    %jmp/1 T_28.184, 6;
    %dup/vec4;
    %pushi/vec4 185, 0, 8;
    %cmp/u;
    %jmp/1 T_28.185, 6;
    %dup/vec4;
    %pushi/vec4 186, 0, 8;
    %cmp/u;
    %jmp/1 T_28.186, 6;
    %dup/vec4;
    %pushi/vec4 187, 0, 8;
    %cmp/u;
    %jmp/1 T_28.187, 6;
    %dup/vec4;
    %pushi/vec4 188, 0, 8;
    %cmp/u;
    %jmp/1 T_28.188, 6;
    %dup/vec4;
    %pushi/vec4 189, 0, 8;
    %cmp/u;
    %jmp/1 T_28.189, 6;
    %dup/vec4;
    %pushi/vec4 190, 0, 8;
    %cmp/u;
    %jmp/1 T_28.190, 6;
    %dup/vec4;
    %pushi/vec4 191, 0, 8;
    %cmp/u;
    %jmp/1 T_28.191, 6;
    %dup/vec4;
    %pushi/vec4 192, 0, 8;
    %cmp/u;
    %jmp/1 T_28.192, 6;
    %dup/vec4;
    %pushi/vec4 193, 0, 8;
    %cmp/u;
    %jmp/1 T_28.193, 6;
    %dup/vec4;
    %pushi/vec4 194, 0, 8;
    %cmp/u;
    %jmp/1 T_28.194, 6;
    %dup/vec4;
    %pushi/vec4 195, 0, 8;
    %cmp/u;
    %jmp/1 T_28.195, 6;
    %dup/vec4;
    %pushi/vec4 196, 0, 8;
    %cmp/u;
    %jmp/1 T_28.196, 6;
    %dup/vec4;
    %pushi/vec4 197, 0, 8;
    %cmp/u;
    %jmp/1 T_28.197, 6;
    %dup/vec4;
    %pushi/vec4 198, 0, 8;
    %cmp/u;
    %jmp/1 T_28.198, 6;
    %dup/vec4;
    %pushi/vec4 199, 0, 8;
    %cmp/u;
    %jmp/1 T_28.199, 6;
    %dup/vec4;
    %pushi/vec4 200, 0, 8;
    %cmp/u;
    %jmp/1 T_28.200, 6;
    %dup/vec4;
    %pushi/vec4 201, 0, 8;
    %cmp/u;
    %jmp/1 T_28.201, 6;
    %dup/vec4;
    %pushi/vec4 202, 0, 8;
    %cmp/u;
    %jmp/1 T_28.202, 6;
    %dup/vec4;
    %pushi/vec4 203, 0, 8;
    %cmp/u;
    %jmp/1 T_28.203, 6;
    %dup/vec4;
    %pushi/vec4 204, 0, 8;
    %cmp/u;
    %jmp/1 T_28.204, 6;
    %dup/vec4;
    %pushi/vec4 205, 0, 8;
    %cmp/u;
    %jmp/1 T_28.205, 6;
    %dup/vec4;
    %pushi/vec4 206, 0, 8;
    %cmp/u;
    %jmp/1 T_28.206, 6;
    %dup/vec4;
    %pushi/vec4 207, 0, 8;
    %cmp/u;
    %jmp/1 T_28.207, 6;
    %dup/vec4;
    %pushi/vec4 208, 0, 8;
    %cmp/u;
    %jmp/1 T_28.208, 6;
    %dup/vec4;
    %pushi/vec4 209, 0, 8;
    %cmp/u;
    %jmp/1 T_28.209, 6;
    %dup/vec4;
    %pushi/vec4 210, 0, 8;
    %cmp/u;
    %jmp/1 T_28.210, 6;
    %dup/vec4;
    %pushi/vec4 211, 0, 8;
    %cmp/u;
    %jmp/1 T_28.211, 6;
    %dup/vec4;
    %pushi/vec4 212, 0, 8;
    %cmp/u;
    %jmp/1 T_28.212, 6;
    %dup/vec4;
    %pushi/vec4 213, 0, 8;
    %cmp/u;
    %jmp/1 T_28.213, 6;
    %dup/vec4;
    %pushi/vec4 214, 0, 8;
    %cmp/u;
    %jmp/1 T_28.214, 6;
    %dup/vec4;
    %pushi/vec4 215, 0, 8;
    %cmp/u;
    %jmp/1 T_28.215, 6;
    %dup/vec4;
    %pushi/vec4 216, 0, 8;
    %cmp/u;
    %jmp/1 T_28.216, 6;
    %dup/vec4;
    %pushi/vec4 217, 0, 8;
    %cmp/u;
    %jmp/1 T_28.217, 6;
    %dup/vec4;
    %pushi/vec4 218, 0, 8;
    %cmp/u;
    %jmp/1 T_28.218, 6;
    %dup/vec4;
    %pushi/vec4 219, 0, 8;
    %cmp/u;
    %jmp/1 T_28.219, 6;
    %dup/vec4;
    %pushi/vec4 220, 0, 8;
    %cmp/u;
    %jmp/1 T_28.220, 6;
    %dup/vec4;
    %pushi/vec4 221, 0, 8;
    %cmp/u;
    %jmp/1 T_28.221, 6;
    %dup/vec4;
    %pushi/vec4 222, 0, 8;
    %cmp/u;
    %jmp/1 T_28.222, 6;
    %dup/vec4;
    %pushi/vec4 223, 0, 8;
    %cmp/u;
    %jmp/1 T_28.223, 6;
    %dup/vec4;
    %pushi/vec4 224, 0, 8;
    %cmp/u;
    %jmp/1 T_28.224, 6;
    %dup/vec4;
    %pushi/vec4 225, 0, 8;
    %cmp/u;
    %jmp/1 T_28.225, 6;
    %dup/vec4;
    %pushi/vec4 226, 0, 8;
    %cmp/u;
    %jmp/1 T_28.226, 6;
    %dup/vec4;
    %pushi/vec4 227, 0, 8;
    %cmp/u;
    %jmp/1 T_28.227, 6;
    %dup/vec4;
    %pushi/vec4 228, 0, 8;
    %cmp/u;
    %jmp/1 T_28.228, 6;
    %dup/vec4;
    %pushi/vec4 229, 0, 8;
    %cmp/u;
    %jmp/1 T_28.229, 6;
    %dup/vec4;
    %pushi/vec4 230, 0, 8;
    %cmp/u;
    %jmp/1 T_28.230, 6;
    %dup/vec4;
    %pushi/vec4 231, 0, 8;
    %cmp/u;
    %jmp/1 T_28.231, 6;
    %dup/vec4;
    %pushi/vec4 232, 0, 8;
    %cmp/u;
    %jmp/1 T_28.232, 6;
    %dup/vec4;
    %pushi/vec4 233, 0, 8;
    %cmp/u;
    %jmp/1 T_28.233, 6;
    %dup/vec4;
    %pushi/vec4 234, 0, 8;
    %cmp/u;
    %jmp/1 T_28.234, 6;
    %dup/vec4;
    %pushi/vec4 235, 0, 8;
    %cmp/u;
    %jmp/1 T_28.235, 6;
    %dup/vec4;
    %pushi/vec4 236, 0, 8;
    %cmp/u;
    %jmp/1 T_28.236, 6;
    %dup/vec4;
    %pushi/vec4 237, 0, 8;
    %cmp/u;
    %jmp/1 T_28.237, 6;
    %dup/vec4;
    %pushi/vec4 238, 0, 8;
    %cmp/u;
    %jmp/1 T_28.238, 6;
    %dup/vec4;
    %pushi/vec4 239, 0, 8;
    %cmp/u;
    %jmp/1 T_28.239, 6;
    %dup/vec4;
    %pushi/vec4 240, 0, 8;
    %cmp/u;
    %jmp/1 T_28.240, 6;
    %dup/vec4;
    %pushi/vec4 241, 0, 8;
    %cmp/u;
    %jmp/1 T_28.241, 6;
    %dup/vec4;
    %pushi/vec4 242, 0, 8;
    %cmp/u;
    %jmp/1 T_28.242, 6;
    %dup/vec4;
    %pushi/vec4 243, 0, 8;
    %cmp/u;
    %jmp/1 T_28.243, 6;
    %dup/vec4;
    %pushi/vec4 244, 0, 8;
    %cmp/u;
    %jmp/1 T_28.244, 6;
    %dup/vec4;
    %pushi/vec4 245, 0, 8;
    %cmp/u;
    %jmp/1 T_28.245, 6;
    %dup/vec4;
    %pushi/vec4 246, 0, 8;
    %cmp/u;
    %jmp/1 T_28.246, 6;
    %dup/vec4;
    %pushi/vec4 247, 0, 8;
    %cmp/u;
    %jmp/1 T_28.247, 6;
    %dup/vec4;
    %pushi/vec4 248, 0, 8;
    %cmp/u;
    %jmp/1 T_28.248, 6;
    %dup/vec4;
    %pushi/vec4 249, 0, 8;
    %cmp/u;
    %jmp/1 T_28.249, 6;
    %dup/vec4;
    %pushi/vec4 250, 0, 8;
    %cmp/u;
    %jmp/1 T_28.250, 6;
    %dup/vec4;
    %pushi/vec4 251, 0, 8;
    %cmp/u;
    %jmp/1 T_28.251, 6;
    %dup/vec4;
    %pushi/vec4 252, 0, 8;
    %cmp/u;
    %jmp/1 T_28.252, 6;
    %dup/vec4;
    %pushi/vec4 253, 0, 8;
    %cmp/u;
    %jmp/1 T_28.253, 6;
    %dup/vec4;
    %pushi/vec4 254, 0, 8;
    %cmp/u;
    %jmp/1 T_28.254, 6;
    %dup/vec4;
    %pushi/vec4 255, 0, 8;
    %cmp/u;
    %jmp/1 T_28.255, 6;
    %jmp T_28.256;
T_28.0 ;
    %pushi/vec4 99, 0, 8;
    %store/vec4 v00000149b1447580_0, 0, 8;
    %jmp T_28.256;
T_28.1 ;
    %pushi/vec4 124, 0, 8;
    %store/vec4 v00000149b1447580_0, 0, 8;
    %jmp T_28.256;
T_28.2 ;
    %pushi/vec4 119, 0, 8;
    %store/vec4 v00000149b1447580_0, 0, 8;
    %jmp T_28.256;
T_28.3 ;
    %pushi/vec4 123, 0, 8;
    %store/vec4 v00000149b1447580_0, 0, 8;
    %jmp T_28.256;
T_28.4 ;
    %pushi/vec4 242, 0, 8;
    %store/vec4 v00000149b1447580_0, 0, 8;
    %jmp T_28.256;
T_28.5 ;
    %pushi/vec4 107, 0, 8;
    %store/vec4 v00000149b1447580_0, 0, 8;
    %jmp T_28.256;
T_28.6 ;
    %pushi/vec4 111, 0, 8;
    %store/vec4 v00000149b1447580_0, 0, 8;
    %jmp T_28.256;
T_28.7 ;
    %pushi/vec4 197, 0, 8;
    %store/vec4 v00000149b1447580_0, 0, 8;
    %jmp T_28.256;
T_28.8 ;
    %pushi/vec4 48, 0, 8;
    %store/vec4 v00000149b1447580_0, 0, 8;
    %jmp T_28.256;
T_28.9 ;
    %pushi/vec4 1, 0, 8;
    %store/vec4 v00000149b1447580_0, 0, 8;
    %jmp T_28.256;
T_28.10 ;
    %pushi/vec4 103, 0, 8;
    %store/vec4 v00000149b1447580_0, 0, 8;
    %jmp T_28.256;
T_28.11 ;
    %pushi/vec4 43, 0, 8;
    %store/vec4 v00000149b1447580_0, 0, 8;
    %jmp T_28.256;
T_28.12 ;
    %pushi/vec4 254, 0, 8;
    %store/vec4 v00000149b1447580_0, 0, 8;
    %jmp T_28.256;
T_28.13 ;
    %pushi/vec4 215, 0, 8;
    %store/vec4 v00000149b1447580_0, 0, 8;
    %jmp T_28.256;
T_28.14 ;
    %pushi/vec4 171, 0, 8;
    %store/vec4 v00000149b1447580_0, 0, 8;
    %jmp T_28.256;
T_28.15 ;
    %pushi/vec4 118, 0, 8;
    %store/vec4 v00000149b1447580_0, 0, 8;
    %jmp T_28.256;
T_28.16 ;
    %pushi/vec4 202, 0, 8;
    %store/vec4 v00000149b1447580_0, 0, 8;
    %jmp T_28.256;
T_28.17 ;
    %pushi/vec4 130, 0, 8;
    %store/vec4 v00000149b1447580_0, 0, 8;
    %jmp T_28.256;
T_28.18 ;
    %pushi/vec4 201, 0, 8;
    %store/vec4 v00000149b1447580_0, 0, 8;
    %jmp T_28.256;
T_28.19 ;
    %pushi/vec4 125, 0, 8;
    %store/vec4 v00000149b1447580_0, 0, 8;
    %jmp T_28.256;
T_28.20 ;
    %pushi/vec4 250, 0, 8;
    %store/vec4 v00000149b1447580_0, 0, 8;
    %jmp T_28.256;
T_28.21 ;
    %pushi/vec4 89, 0, 8;
    %store/vec4 v00000149b1447580_0, 0, 8;
    %jmp T_28.256;
T_28.22 ;
    %pushi/vec4 71, 0, 8;
    %store/vec4 v00000149b1447580_0, 0, 8;
    %jmp T_28.256;
T_28.23 ;
    %pushi/vec4 240, 0, 8;
    %store/vec4 v00000149b1447580_0, 0, 8;
    %jmp T_28.256;
T_28.24 ;
    %pushi/vec4 173, 0, 8;
    %store/vec4 v00000149b1447580_0, 0, 8;
    %jmp T_28.256;
T_28.25 ;
    %pushi/vec4 212, 0, 8;
    %store/vec4 v00000149b1447580_0, 0, 8;
    %jmp T_28.256;
T_28.26 ;
    %pushi/vec4 162, 0, 8;
    %store/vec4 v00000149b1447580_0, 0, 8;
    %jmp T_28.256;
T_28.27 ;
    %pushi/vec4 175, 0, 8;
    %store/vec4 v00000149b1447580_0, 0, 8;
    %jmp T_28.256;
T_28.28 ;
    %pushi/vec4 156, 0, 8;
    %store/vec4 v00000149b1447580_0, 0, 8;
    %jmp T_28.256;
T_28.29 ;
    %pushi/vec4 164, 0, 8;
    %store/vec4 v00000149b1447580_0, 0, 8;
    %jmp T_28.256;
T_28.30 ;
    %pushi/vec4 114, 0, 8;
    %store/vec4 v00000149b1447580_0, 0, 8;
    %jmp T_28.256;
T_28.31 ;
    %pushi/vec4 192, 0, 8;
    %store/vec4 v00000149b1447580_0, 0, 8;
    %jmp T_28.256;
T_28.32 ;
    %pushi/vec4 183, 0, 8;
    %store/vec4 v00000149b1447580_0, 0, 8;
    %jmp T_28.256;
T_28.33 ;
    %pushi/vec4 253, 0, 8;
    %store/vec4 v00000149b1447580_0, 0, 8;
    %jmp T_28.256;
T_28.34 ;
    %pushi/vec4 147, 0, 8;
    %store/vec4 v00000149b1447580_0, 0, 8;
    %jmp T_28.256;
T_28.35 ;
    %pushi/vec4 38, 0, 8;
    %store/vec4 v00000149b1447580_0, 0, 8;
    %jmp T_28.256;
T_28.36 ;
    %pushi/vec4 54, 0, 8;
    %store/vec4 v00000149b1447580_0, 0, 8;
    %jmp T_28.256;
T_28.37 ;
    %pushi/vec4 63, 0, 8;
    %store/vec4 v00000149b1447580_0, 0, 8;
    %jmp T_28.256;
T_28.38 ;
    %pushi/vec4 247, 0, 8;
    %store/vec4 v00000149b1447580_0, 0, 8;
    %jmp T_28.256;
T_28.39 ;
    %pushi/vec4 204, 0, 8;
    %store/vec4 v00000149b1447580_0, 0, 8;
    %jmp T_28.256;
T_28.40 ;
    %pushi/vec4 52, 0, 8;
    %store/vec4 v00000149b1447580_0, 0, 8;
    %jmp T_28.256;
T_28.41 ;
    %pushi/vec4 165, 0, 8;
    %store/vec4 v00000149b1447580_0, 0, 8;
    %jmp T_28.256;
T_28.42 ;
    %pushi/vec4 229, 0, 8;
    %store/vec4 v00000149b1447580_0, 0, 8;
    %jmp T_28.256;
T_28.43 ;
    %pushi/vec4 241, 0, 8;
    %store/vec4 v00000149b1447580_0, 0, 8;
    %jmp T_28.256;
T_28.44 ;
    %pushi/vec4 113, 0, 8;
    %store/vec4 v00000149b1447580_0, 0, 8;
    %jmp T_28.256;
T_28.45 ;
    %pushi/vec4 216, 0, 8;
    %store/vec4 v00000149b1447580_0, 0, 8;
    %jmp T_28.256;
T_28.46 ;
    %pushi/vec4 49, 0, 8;
    %store/vec4 v00000149b1447580_0, 0, 8;
    %jmp T_28.256;
T_28.47 ;
    %pushi/vec4 21, 0, 8;
    %store/vec4 v00000149b1447580_0, 0, 8;
    %jmp T_28.256;
T_28.48 ;
    %pushi/vec4 4, 0, 8;
    %store/vec4 v00000149b1447580_0, 0, 8;
    %jmp T_28.256;
T_28.49 ;
    %pushi/vec4 199, 0, 8;
    %store/vec4 v00000149b1447580_0, 0, 8;
    %jmp T_28.256;
T_28.50 ;
    %pushi/vec4 35, 0, 8;
    %store/vec4 v00000149b1447580_0, 0, 8;
    %jmp T_28.256;
T_28.51 ;
    %pushi/vec4 195, 0, 8;
    %store/vec4 v00000149b1447580_0, 0, 8;
    %jmp T_28.256;
T_28.52 ;
    %pushi/vec4 24, 0, 8;
    %store/vec4 v00000149b1447580_0, 0, 8;
    %jmp T_28.256;
T_28.53 ;
    %pushi/vec4 150, 0, 8;
    %store/vec4 v00000149b1447580_0, 0, 8;
    %jmp T_28.256;
T_28.54 ;
    %pushi/vec4 5, 0, 8;
    %store/vec4 v00000149b1447580_0, 0, 8;
    %jmp T_28.256;
T_28.55 ;
    %pushi/vec4 154, 0, 8;
    %store/vec4 v00000149b1447580_0, 0, 8;
    %jmp T_28.256;
T_28.56 ;
    %pushi/vec4 7, 0, 8;
    %store/vec4 v00000149b1447580_0, 0, 8;
    %jmp T_28.256;
T_28.57 ;
    %pushi/vec4 18, 0, 8;
    %store/vec4 v00000149b1447580_0, 0, 8;
    %jmp T_28.256;
T_28.58 ;
    %pushi/vec4 128, 0, 8;
    %store/vec4 v00000149b1447580_0, 0, 8;
    %jmp T_28.256;
T_28.59 ;
    %pushi/vec4 226, 0, 8;
    %store/vec4 v00000149b1447580_0, 0, 8;
    %jmp T_28.256;
T_28.60 ;
    %pushi/vec4 235, 0, 8;
    %store/vec4 v00000149b1447580_0, 0, 8;
    %jmp T_28.256;
T_28.61 ;
    %pushi/vec4 39, 0, 8;
    %store/vec4 v00000149b1447580_0, 0, 8;
    %jmp T_28.256;
T_28.62 ;
    %pushi/vec4 178, 0, 8;
    %store/vec4 v00000149b1447580_0, 0, 8;
    %jmp T_28.256;
T_28.63 ;
    %pushi/vec4 117, 0, 8;
    %store/vec4 v00000149b1447580_0, 0, 8;
    %jmp T_28.256;
T_28.64 ;
    %pushi/vec4 9, 0, 8;
    %store/vec4 v00000149b1447580_0, 0, 8;
    %jmp T_28.256;
T_28.65 ;
    %pushi/vec4 131, 0, 8;
    %store/vec4 v00000149b1447580_0, 0, 8;
    %jmp T_28.256;
T_28.66 ;
    %pushi/vec4 44, 0, 8;
    %store/vec4 v00000149b1447580_0, 0, 8;
    %jmp T_28.256;
T_28.67 ;
    %pushi/vec4 26, 0, 8;
    %store/vec4 v00000149b1447580_0, 0, 8;
    %jmp T_28.256;
T_28.68 ;
    %pushi/vec4 27, 0, 8;
    %store/vec4 v00000149b1447580_0, 0, 8;
    %jmp T_28.256;
T_28.69 ;
    %pushi/vec4 110, 0, 8;
    %store/vec4 v00000149b1447580_0, 0, 8;
    %jmp T_28.256;
T_28.70 ;
    %pushi/vec4 90, 0, 8;
    %store/vec4 v00000149b1447580_0, 0, 8;
    %jmp T_28.256;
T_28.71 ;
    %pushi/vec4 160, 0, 8;
    %store/vec4 v00000149b1447580_0, 0, 8;
    %jmp T_28.256;
T_28.72 ;
    %pushi/vec4 82, 0, 8;
    %store/vec4 v00000149b1447580_0, 0, 8;
    %jmp T_28.256;
T_28.73 ;
    %pushi/vec4 59, 0, 8;
    %store/vec4 v00000149b1447580_0, 0, 8;
    %jmp T_28.256;
T_28.74 ;
    %pushi/vec4 214, 0, 8;
    %store/vec4 v00000149b1447580_0, 0, 8;
    %jmp T_28.256;
T_28.75 ;
    %pushi/vec4 179, 0, 8;
    %store/vec4 v00000149b1447580_0, 0, 8;
    %jmp T_28.256;
T_28.76 ;
    %pushi/vec4 41, 0, 8;
    %store/vec4 v00000149b1447580_0, 0, 8;
    %jmp T_28.256;
T_28.77 ;
    %pushi/vec4 227, 0, 8;
    %store/vec4 v00000149b1447580_0, 0, 8;
    %jmp T_28.256;
T_28.78 ;
    %pushi/vec4 47, 0, 8;
    %store/vec4 v00000149b1447580_0, 0, 8;
    %jmp T_28.256;
T_28.79 ;
    %pushi/vec4 132, 0, 8;
    %store/vec4 v00000149b1447580_0, 0, 8;
    %jmp T_28.256;
T_28.80 ;
    %pushi/vec4 83, 0, 8;
    %store/vec4 v00000149b1447580_0, 0, 8;
    %jmp T_28.256;
T_28.81 ;
    %pushi/vec4 209, 0, 8;
    %store/vec4 v00000149b1447580_0, 0, 8;
    %jmp T_28.256;
T_28.82 ;
    %pushi/vec4 0, 0, 8;
    %store/vec4 v00000149b1447580_0, 0, 8;
    %jmp T_28.256;
T_28.83 ;
    %pushi/vec4 237, 0, 8;
    %store/vec4 v00000149b1447580_0, 0, 8;
    %jmp T_28.256;
T_28.84 ;
    %pushi/vec4 32, 0, 8;
    %store/vec4 v00000149b1447580_0, 0, 8;
    %jmp T_28.256;
T_28.85 ;
    %pushi/vec4 252, 0, 8;
    %store/vec4 v00000149b1447580_0, 0, 8;
    %jmp T_28.256;
T_28.86 ;
    %pushi/vec4 177, 0, 8;
    %store/vec4 v00000149b1447580_0, 0, 8;
    %jmp T_28.256;
T_28.87 ;
    %pushi/vec4 91, 0, 8;
    %store/vec4 v00000149b1447580_0, 0, 8;
    %jmp T_28.256;
T_28.88 ;
    %pushi/vec4 106, 0, 8;
    %store/vec4 v00000149b1447580_0, 0, 8;
    %jmp T_28.256;
T_28.89 ;
    %pushi/vec4 203, 0, 8;
    %store/vec4 v00000149b1447580_0, 0, 8;
    %jmp T_28.256;
T_28.90 ;
    %pushi/vec4 190, 0, 8;
    %store/vec4 v00000149b1447580_0, 0, 8;
    %jmp T_28.256;
T_28.91 ;
    %pushi/vec4 57, 0, 8;
    %store/vec4 v00000149b1447580_0, 0, 8;
    %jmp T_28.256;
T_28.92 ;
    %pushi/vec4 74, 0, 8;
    %store/vec4 v00000149b1447580_0, 0, 8;
    %jmp T_28.256;
T_28.93 ;
    %pushi/vec4 76, 0, 8;
    %store/vec4 v00000149b1447580_0, 0, 8;
    %jmp T_28.256;
T_28.94 ;
    %pushi/vec4 88, 0, 8;
    %store/vec4 v00000149b1447580_0, 0, 8;
    %jmp T_28.256;
T_28.95 ;
    %pushi/vec4 207, 0, 8;
    %store/vec4 v00000149b1447580_0, 0, 8;
    %jmp T_28.256;
T_28.96 ;
    %pushi/vec4 208, 0, 8;
    %store/vec4 v00000149b1447580_0, 0, 8;
    %jmp T_28.256;
T_28.97 ;
    %pushi/vec4 239, 0, 8;
    %store/vec4 v00000149b1447580_0, 0, 8;
    %jmp T_28.256;
T_28.98 ;
    %pushi/vec4 170, 0, 8;
    %store/vec4 v00000149b1447580_0, 0, 8;
    %jmp T_28.256;
T_28.99 ;
    %pushi/vec4 251, 0, 8;
    %store/vec4 v00000149b1447580_0, 0, 8;
    %jmp T_28.256;
T_28.100 ;
    %pushi/vec4 67, 0, 8;
    %store/vec4 v00000149b1447580_0, 0, 8;
    %jmp T_28.256;
T_28.101 ;
    %pushi/vec4 77, 0, 8;
    %store/vec4 v00000149b1447580_0, 0, 8;
    %jmp T_28.256;
T_28.102 ;
    %pushi/vec4 51, 0, 8;
    %store/vec4 v00000149b1447580_0, 0, 8;
    %jmp T_28.256;
T_28.103 ;
    %pushi/vec4 133, 0, 8;
    %store/vec4 v00000149b1447580_0, 0, 8;
    %jmp T_28.256;
T_28.104 ;
    %pushi/vec4 69, 0, 8;
    %store/vec4 v00000149b1447580_0, 0, 8;
    %jmp T_28.256;
T_28.105 ;
    %pushi/vec4 249, 0, 8;
    %store/vec4 v00000149b1447580_0, 0, 8;
    %jmp T_28.256;
T_28.106 ;
    %pushi/vec4 2, 0, 8;
    %store/vec4 v00000149b1447580_0, 0, 8;
    %jmp T_28.256;
T_28.107 ;
    %pushi/vec4 127, 0, 8;
    %store/vec4 v00000149b1447580_0, 0, 8;
    %jmp T_28.256;
T_28.108 ;
    %pushi/vec4 80, 0, 8;
    %store/vec4 v00000149b1447580_0, 0, 8;
    %jmp T_28.256;
T_28.109 ;
    %pushi/vec4 60, 0, 8;
    %store/vec4 v00000149b1447580_0, 0, 8;
    %jmp T_28.256;
T_28.110 ;
    %pushi/vec4 159, 0, 8;
    %store/vec4 v00000149b1447580_0, 0, 8;
    %jmp T_28.256;
T_28.111 ;
    %pushi/vec4 168, 0, 8;
    %store/vec4 v00000149b1447580_0, 0, 8;
    %jmp T_28.256;
T_28.112 ;
    %pushi/vec4 81, 0, 8;
    %store/vec4 v00000149b1447580_0, 0, 8;
    %jmp T_28.256;
T_28.113 ;
    %pushi/vec4 163, 0, 8;
    %store/vec4 v00000149b1447580_0, 0, 8;
    %jmp T_28.256;
T_28.114 ;
    %pushi/vec4 64, 0, 8;
    %store/vec4 v00000149b1447580_0, 0, 8;
    %jmp T_28.256;
T_28.115 ;
    %pushi/vec4 143, 0, 8;
    %store/vec4 v00000149b1447580_0, 0, 8;
    %jmp T_28.256;
T_28.116 ;
    %pushi/vec4 146, 0, 8;
    %store/vec4 v00000149b1447580_0, 0, 8;
    %jmp T_28.256;
T_28.117 ;
    %pushi/vec4 157, 0, 8;
    %store/vec4 v00000149b1447580_0, 0, 8;
    %jmp T_28.256;
T_28.118 ;
    %pushi/vec4 56, 0, 8;
    %store/vec4 v00000149b1447580_0, 0, 8;
    %jmp T_28.256;
T_28.119 ;
    %pushi/vec4 245, 0, 8;
    %store/vec4 v00000149b1447580_0, 0, 8;
    %jmp T_28.256;
T_28.120 ;
    %pushi/vec4 188, 0, 8;
    %store/vec4 v00000149b1447580_0, 0, 8;
    %jmp T_28.256;
T_28.121 ;
    %pushi/vec4 182, 0, 8;
    %store/vec4 v00000149b1447580_0, 0, 8;
    %jmp T_28.256;
T_28.122 ;
    %pushi/vec4 218, 0, 8;
    %store/vec4 v00000149b1447580_0, 0, 8;
    %jmp T_28.256;
T_28.123 ;
    %pushi/vec4 33, 0, 8;
    %store/vec4 v00000149b1447580_0, 0, 8;
    %jmp T_28.256;
T_28.124 ;
    %pushi/vec4 16, 0, 8;
    %store/vec4 v00000149b1447580_0, 0, 8;
    %jmp T_28.256;
T_28.125 ;
    %pushi/vec4 255, 0, 8;
    %store/vec4 v00000149b1447580_0, 0, 8;
    %jmp T_28.256;
T_28.126 ;
    %pushi/vec4 243, 0, 8;
    %store/vec4 v00000149b1447580_0, 0, 8;
    %jmp T_28.256;
T_28.127 ;
    %pushi/vec4 210, 0, 8;
    %store/vec4 v00000149b1447580_0, 0, 8;
    %jmp T_28.256;
T_28.128 ;
    %pushi/vec4 205, 0, 8;
    %store/vec4 v00000149b1447580_0, 0, 8;
    %jmp T_28.256;
T_28.129 ;
    %pushi/vec4 12, 0, 8;
    %store/vec4 v00000149b1447580_0, 0, 8;
    %jmp T_28.256;
T_28.130 ;
    %pushi/vec4 19, 0, 8;
    %store/vec4 v00000149b1447580_0, 0, 8;
    %jmp T_28.256;
T_28.131 ;
    %pushi/vec4 236, 0, 8;
    %store/vec4 v00000149b1447580_0, 0, 8;
    %jmp T_28.256;
T_28.132 ;
    %pushi/vec4 95, 0, 8;
    %store/vec4 v00000149b1447580_0, 0, 8;
    %jmp T_28.256;
T_28.133 ;
    %pushi/vec4 151, 0, 8;
    %store/vec4 v00000149b1447580_0, 0, 8;
    %jmp T_28.256;
T_28.134 ;
    %pushi/vec4 68, 0, 8;
    %store/vec4 v00000149b1447580_0, 0, 8;
    %jmp T_28.256;
T_28.135 ;
    %pushi/vec4 23, 0, 8;
    %store/vec4 v00000149b1447580_0, 0, 8;
    %jmp T_28.256;
T_28.136 ;
    %pushi/vec4 196, 0, 8;
    %store/vec4 v00000149b1447580_0, 0, 8;
    %jmp T_28.256;
T_28.137 ;
    %pushi/vec4 167, 0, 8;
    %store/vec4 v00000149b1447580_0, 0, 8;
    %jmp T_28.256;
T_28.138 ;
    %pushi/vec4 126, 0, 8;
    %store/vec4 v00000149b1447580_0, 0, 8;
    %jmp T_28.256;
T_28.139 ;
    %pushi/vec4 61, 0, 8;
    %store/vec4 v00000149b1447580_0, 0, 8;
    %jmp T_28.256;
T_28.140 ;
    %pushi/vec4 100, 0, 8;
    %store/vec4 v00000149b1447580_0, 0, 8;
    %jmp T_28.256;
T_28.141 ;
    %pushi/vec4 93, 0, 8;
    %store/vec4 v00000149b1447580_0, 0, 8;
    %jmp T_28.256;
T_28.142 ;
    %pushi/vec4 25, 0, 8;
    %store/vec4 v00000149b1447580_0, 0, 8;
    %jmp T_28.256;
T_28.143 ;
    %pushi/vec4 115, 0, 8;
    %store/vec4 v00000149b1447580_0, 0, 8;
    %jmp T_28.256;
T_28.144 ;
    %pushi/vec4 96, 0, 8;
    %store/vec4 v00000149b1447580_0, 0, 8;
    %jmp T_28.256;
T_28.145 ;
    %pushi/vec4 129, 0, 8;
    %store/vec4 v00000149b1447580_0, 0, 8;
    %jmp T_28.256;
T_28.146 ;
    %pushi/vec4 79, 0, 8;
    %store/vec4 v00000149b1447580_0, 0, 8;
    %jmp T_28.256;
T_28.147 ;
    %pushi/vec4 220, 0, 8;
    %store/vec4 v00000149b1447580_0, 0, 8;
    %jmp T_28.256;
T_28.148 ;
    %pushi/vec4 34, 0, 8;
    %store/vec4 v00000149b1447580_0, 0, 8;
    %jmp T_28.256;
T_28.149 ;
    %pushi/vec4 42, 0, 8;
    %store/vec4 v00000149b1447580_0, 0, 8;
    %jmp T_28.256;
T_28.150 ;
    %pushi/vec4 144, 0, 8;
    %store/vec4 v00000149b1447580_0, 0, 8;
    %jmp T_28.256;
T_28.151 ;
    %pushi/vec4 136, 0, 8;
    %store/vec4 v00000149b1447580_0, 0, 8;
    %jmp T_28.256;
T_28.152 ;
    %pushi/vec4 70, 0, 8;
    %store/vec4 v00000149b1447580_0, 0, 8;
    %jmp T_28.256;
T_28.153 ;
    %pushi/vec4 238, 0, 8;
    %store/vec4 v00000149b1447580_0, 0, 8;
    %jmp T_28.256;
T_28.154 ;
    %pushi/vec4 184, 0, 8;
    %store/vec4 v00000149b1447580_0, 0, 8;
    %jmp T_28.256;
T_28.155 ;
    %pushi/vec4 20, 0, 8;
    %store/vec4 v00000149b1447580_0, 0, 8;
    %jmp T_28.256;
T_28.156 ;
    %pushi/vec4 222, 0, 8;
    %store/vec4 v00000149b1447580_0, 0, 8;
    %jmp T_28.256;
T_28.157 ;
    %pushi/vec4 94, 0, 8;
    %store/vec4 v00000149b1447580_0, 0, 8;
    %jmp T_28.256;
T_28.158 ;
    %pushi/vec4 11, 0, 8;
    %store/vec4 v00000149b1447580_0, 0, 8;
    %jmp T_28.256;
T_28.159 ;
    %pushi/vec4 219, 0, 8;
    %store/vec4 v00000149b1447580_0, 0, 8;
    %jmp T_28.256;
T_28.160 ;
    %pushi/vec4 224, 0, 8;
    %store/vec4 v00000149b1447580_0, 0, 8;
    %jmp T_28.256;
T_28.161 ;
    %pushi/vec4 50, 0, 8;
    %store/vec4 v00000149b1447580_0, 0, 8;
    %jmp T_28.256;
T_28.162 ;
    %pushi/vec4 58, 0, 8;
    %store/vec4 v00000149b1447580_0, 0, 8;
    %jmp T_28.256;
T_28.163 ;
    %pushi/vec4 10, 0, 8;
    %store/vec4 v00000149b1447580_0, 0, 8;
    %jmp T_28.256;
T_28.164 ;
    %pushi/vec4 73, 0, 8;
    %store/vec4 v00000149b1447580_0, 0, 8;
    %jmp T_28.256;
T_28.165 ;
    %pushi/vec4 6, 0, 8;
    %store/vec4 v00000149b1447580_0, 0, 8;
    %jmp T_28.256;
T_28.166 ;
    %pushi/vec4 36, 0, 8;
    %store/vec4 v00000149b1447580_0, 0, 8;
    %jmp T_28.256;
T_28.167 ;
    %pushi/vec4 92, 0, 8;
    %store/vec4 v00000149b1447580_0, 0, 8;
    %jmp T_28.256;
T_28.168 ;
    %pushi/vec4 194, 0, 8;
    %store/vec4 v00000149b1447580_0, 0, 8;
    %jmp T_28.256;
T_28.169 ;
    %pushi/vec4 211, 0, 8;
    %store/vec4 v00000149b1447580_0, 0, 8;
    %jmp T_28.256;
T_28.170 ;
    %pushi/vec4 172, 0, 8;
    %store/vec4 v00000149b1447580_0, 0, 8;
    %jmp T_28.256;
T_28.171 ;
    %pushi/vec4 98, 0, 8;
    %store/vec4 v00000149b1447580_0, 0, 8;
    %jmp T_28.256;
T_28.172 ;
    %pushi/vec4 145, 0, 8;
    %store/vec4 v00000149b1447580_0, 0, 8;
    %jmp T_28.256;
T_28.173 ;
    %pushi/vec4 149, 0, 8;
    %store/vec4 v00000149b1447580_0, 0, 8;
    %jmp T_28.256;
T_28.174 ;
    %pushi/vec4 228, 0, 8;
    %store/vec4 v00000149b1447580_0, 0, 8;
    %jmp T_28.256;
T_28.175 ;
    %pushi/vec4 121, 0, 8;
    %store/vec4 v00000149b1447580_0, 0, 8;
    %jmp T_28.256;
T_28.176 ;
    %pushi/vec4 231, 0, 8;
    %store/vec4 v00000149b1447580_0, 0, 8;
    %jmp T_28.256;
T_28.177 ;
    %pushi/vec4 200, 0, 8;
    %store/vec4 v00000149b1447580_0, 0, 8;
    %jmp T_28.256;
T_28.178 ;
    %pushi/vec4 55, 0, 8;
    %store/vec4 v00000149b1447580_0, 0, 8;
    %jmp T_28.256;
T_28.179 ;
    %pushi/vec4 109, 0, 8;
    %store/vec4 v00000149b1447580_0, 0, 8;
    %jmp T_28.256;
T_28.180 ;
    %pushi/vec4 141, 0, 8;
    %store/vec4 v00000149b1447580_0, 0, 8;
    %jmp T_28.256;
T_28.181 ;
    %pushi/vec4 213, 0, 8;
    %store/vec4 v00000149b1447580_0, 0, 8;
    %jmp T_28.256;
T_28.182 ;
    %pushi/vec4 78, 0, 8;
    %store/vec4 v00000149b1447580_0, 0, 8;
    %jmp T_28.256;
T_28.183 ;
    %pushi/vec4 169, 0, 8;
    %store/vec4 v00000149b1447580_0, 0, 8;
    %jmp T_28.256;
T_28.184 ;
    %pushi/vec4 108, 0, 8;
    %store/vec4 v00000149b1447580_0, 0, 8;
    %jmp T_28.256;
T_28.185 ;
    %pushi/vec4 86, 0, 8;
    %store/vec4 v00000149b1447580_0, 0, 8;
    %jmp T_28.256;
T_28.186 ;
    %pushi/vec4 244, 0, 8;
    %store/vec4 v00000149b1447580_0, 0, 8;
    %jmp T_28.256;
T_28.187 ;
    %pushi/vec4 234, 0, 8;
    %store/vec4 v00000149b1447580_0, 0, 8;
    %jmp T_28.256;
T_28.188 ;
    %pushi/vec4 101, 0, 8;
    %store/vec4 v00000149b1447580_0, 0, 8;
    %jmp T_28.256;
T_28.189 ;
    %pushi/vec4 122, 0, 8;
    %store/vec4 v00000149b1447580_0, 0, 8;
    %jmp T_28.256;
T_28.190 ;
    %pushi/vec4 174, 0, 8;
    %store/vec4 v00000149b1447580_0, 0, 8;
    %jmp T_28.256;
T_28.191 ;
    %pushi/vec4 8, 0, 8;
    %store/vec4 v00000149b1447580_0, 0, 8;
    %jmp T_28.256;
T_28.192 ;
    %pushi/vec4 186, 0, 8;
    %store/vec4 v00000149b1447580_0, 0, 8;
    %jmp T_28.256;
T_28.193 ;
    %pushi/vec4 120, 0, 8;
    %store/vec4 v00000149b1447580_0, 0, 8;
    %jmp T_28.256;
T_28.194 ;
    %pushi/vec4 37, 0, 8;
    %store/vec4 v00000149b1447580_0, 0, 8;
    %jmp T_28.256;
T_28.195 ;
    %pushi/vec4 46, 0, 8;
    %store/vec4 v00000149b1447580_0, 0, 8;
    %jmp T_28.256;
T_28.196 ;
    %pushi/vec4 28, 0, 8;
    %store/vec4 v00000149b1447580_0, 0, 8;
    %jmp T_28.256;
T_28.197 ;
    %pushi/vec4 166, 0, 8;
    %store/vec4 v00000149b1447580_0, 0, 8;
    %jmp T_28.256;
T_28.198 ;
    %pushi/vec4 180, 0, 8;
    %store/vec4 v00000149b1447580_0, 0, 8;
    %jmp T_28.256;
T_28.199 ;
    %pushi/vec4 198, 0, 8;
    %store/vec4 v00000149b1447580_0, 0, 8;
    %jmp T_28.256;
T_28.200 ;
    %pushi/vec4 232, 0, 8;
    %store/vec4 v00000149b1447580_0, 0, 8;
    %jmp T_28.256;
T_28.201 ;
    %pushi/vec4 221, 0, 8;
    %store/vec4 v00000149b1447580_0, 0, 8;
    %jmp T_28.256;
T_28.202 ;
    %pushi/vec4 116, 0, 8;
    %store/vec4 v00000149b1447580_0, 0, 8;
    %jmp T_28.256;
T_28.203 ;
    %pushi/vec4 31, 0, 8;
    %store/vec4 v00000149b1447580_0, 0, 8;
    %jmp T_28.256;
T_28.204 ;
    %pushi/vec4 75, 0, 8;
    %store/vec4 v00000149b1447580_0, 0, 8;
    %jmp T_28.256;
T_28.205 ;
    %pushi/vec4 189, 0, 8;
    %store/vec4 v00000149b1447580_0, 0, 8;
    %jmp T_28.256;
T_28.206 ;
    %pushi/vec4 139, 0, 8;
    %store/vec4 v00000149b1447580_0, 0, 8;
    %jmp T_28.256;
T_28.207 ;
    %pushi/vec4 138, 0, 8;
    %store/vec4 v00000149b1447580_0, 0, 8;
    %jmp T_28.256;
T_28.208 ;
    %pushi/vec4 112, 0, 8;
    %store/vec4 v00000149b1447580_0, 0, 8;
    %jmp T_28.256;
T_28.209 ;
    %pushi/vec4 62, 0, 8;
    %store/vec4 v00000149b1447580_0, 0, 8;
    %jmp T_28.256;
T_28.210 ;
    %pushi/vec4 181, 0, 8;
    %store/vec4 v00000149b1447580_0, 0, 8;
    %jmp T_28.256;
T_28.211 ;
    %pushi/vec4 102, 0, 8;
    %store/vec4 v00000149b1447580_0, 0, 8;
    %jmp T_28.256;
T_28.212 ;
    %pushi/vec4 72, 0, 8;
    %store/vec4 v00000149b1447580_0, 0, 8;
    %jmp T_28.256;
T_28.213 ;
    %pushi/vec4 3, 0, 8;
    %store/vec4 v00000149b1447580_0, 0, 8;
    %jmp T_28.256;
T_28.214 ;
    %pushi/vec4 246, 0, 8;
    %store/vec4 v00000149b1447580_0, 0, 8;
    %jmp T_28.256;
T_28.215 ;
    %pushi/vec4 14, 0, 8;
    %store/vec4 v00000149b1447580_0, 0, 8;
    %jmp T_28.256;
T_28.216 ;
    %pushi/vec4 97, 0, 8;
    %store/vec4 v00000149b1447580_0, 0, 8;
    %jmp T_28.256;
T_28.217 ;
    %pushi/vec4 53, 0, 8;
    %store/vec4 v00000149b1447580_0, 0, 8;
    %jmp T_28.256;
T_28.218 ;
    %pushi/vec4 87, 0, 8;
    %store/vec4 v00000149b1447580_0, 0, 8;
    %jmp T_28.256;
T_28.219 ;
    %pushi/vec4 185, 0, 8;
    %store/vec4 v00000149b1447580_0, 0, 8;
    %jmp T_28.256;
T_28.220 ;
    %pushi/vec4 134, 0, 8;
    %store/vec4 v00000149b1447580_0, 0, 8;
    %jmp T_28.256;
T_28.221 ;
    %pushi/vec4 193, 0, 8;
    %store/vec4 v00000149b1447580_0, 0, 8;
    %jmp T_28.256;
T_28.222 ;
    %pushi/vec4 29, 0, 8;
    %store/vec4 v00000149b1447580_0, 0, 8;
    %jmp T_28.256;
T_28.223 ;
    %pushi/vec4 158, 0, 8;
    %store/vec4 v00000149b1447580_0, 0, 8;
    %jmp T_28.256;
T_28.224 ;
    %pushi/vec4 225, 0, 8;
    %store/vec4 v00000149b1447580_0, 0, 8;
    %jmp T_28.256;
T_28.225 ;
    %pushi/vec4 248, 0, 8;
    %store/vec4 v00000149b1447580_0, 0, 8;
    %jmp T_28.256;
T_28.226 ;
    %pushi/vec4 152, 0, 8;
    %store/vec4 v00000149b1447580_0, 0, 8;
    %jmp T_28.256;
T_28.227 ;
    %pushi/vec4 17, 0, 8;
    %store/vec4 v00000149b1447580_0, 0, 8;
    %jmp T_28.256;
T_28.228 ;
    %pushi/vec4 105, 0, 8;
    %store/vec4 v00000149b1447580_0, 0, 8;
    %jmp T_28.256;
T_28.229 ;
    %pushi/vec4 217, 0, 8;
    %store/vec4 v00000149b1447580_0, 0, 8;
    %jmp T_28.256;
T_28.230 ;
    %pushi/vec4 142, 0, 8;
    %store/vec4 v00000149b1447580_0, 0, 8;
    %jmp T_28.256;
T_28.231 ;
    %pushi/vec4 148, 0, 8;
    %store/vec4 v00000149b1447580_0, 0, 8;
    %jmp T_28.256;
T_28.232 ;
    %pushi/vec4 155, 0, 8;
    %store/vec4 v00000149b1447580_0, 0, 8;
    %jmp T_28.256;
T_28.233 ;
    %pushi/vec4 30, 0, 8;
    %store/vec4 v00000149b1447580_0, 0, 8;
    %jmp T_28.256;
T_28.234 ;
    %pushi/vec4 135, 0, 8;
    %store/vec4 v00000149b1447580_0, 0, 8;
    %jmp T_28.256;
T_28.235 ;
    %pushi/vec4 233, 0, 8;
    %store/vec4 v00000149b1447580_0, 0, 8;
    %jmp T_28.256;
T_28.236 ;
    %pushi/vec4 206, 0, 8;
    %store/vec4 v00000149b1447580_0, 0, 8;
    %jmp T_28.256;
T_28.237 ;
    %pushi/vec4 85, 0, 8;
    %store/vec4 v00000149b1447580_0, 0, 8;
    %jmp T_28.256;
T_28.238 ;
    %pushi/vec4 40, 0, 8;
    %store/vec4 v00000149b1447580_0, 0, 8;
    %jmp T_28.256;
T_28.239 ;
    %pushi/vec4 223, 0, 8;
    %store/vec4 v00000149b1447580_0, 0, 8;
    %jmp T_28.256;
T_28.240 ;
    %pushi/vec4 140, 0, 8;
    %store/vec4 v00000149b1447580_0, 0, 8;
    %jmp T_28.256;
T_28.241 ;
    %pushi/vec4 161, 0, 8;
    %store/vec4 v00000149b1447580_0, 0, 8;
    %jmp T_28.256;
T_28.242 ;
    %pushi/vec4 137, 0, 8;
    %store/vec4 v00000149b1447580_0, 0, 8;
    %jmp T_28.256;
T_28.243 ;
    %pushi/vec4 13, 0, 8;
    %store/vec4 v00000149b1447580_0, 0, 8;
    %jmp T_28.256;
T_28.244 ;
    %pushi/vec4 191, 0, 8;
    %store/vec4 v00000149b1447580_0, 0, 8;
    %jmp T_28.256;
T_28.245 ;
    %pushi/vec4 230, 0, 8;
    %store/vec4 v00000149b1447580_0, 0, 8;
    %jmp T_28.256;
T_28.246 ;
    %pushi/vec4 66, 0, 8;
    %store/vec4 v00000149b1447580_0, 0, 8;
    %jmp T_28.256;
T_28.247 ;
    %pushi/vec4 104, 0, 8;
    %store/vec4 v00000149b1447580_0, 0, 8;
    %jmp T_28.256;
T_28.248 ;
    %pushi/vec4 65, 0, 8;
    %store/vec4 v00000149b1447580_0, 0, 8;
    %jmp T_28.256;
T_28.249 ;
    %pushi/vec4 153, 0, 8;
    %store/vec4 v00000149b1447580_0, 0, 8;
    %jmp T_28.256;
T_28.250 ;
    %pushi/vec4 45, 0, 8;
    %store/vec4 v00000149b1447580_0, 0, 8;
    %jmp T_28.256;
T_28.251 ;
    %pushi/vec4 15, 0, 8;
    %store/vec4 v00000149b1447580_0, 0, 8;
    %jmp T_28.256;
T_28.252 ;
    %pushi/vec4 176, 0, 8;
    %store/vec4 v00000149b1447580_0, 0, 8;
    %jmp T_28.256;
T_28.253 ;
    %pushi/vec4 84, 0, 8;
    %store/vec4 v00000149b1447580_0, 0, 8;
    %jmp T_28.256;
T_28.254 ;
    %pushi/vec4 187, 0, 8;
    %store/vec4 v00000149b1447580_0, 0, 8;
    %jmp T_28.256;
T_28.255 ;
    %pushi/vec4 22, 0, 8;
    %store/vec4 v00000149b1447580_0, 0, 8;
    %jmp T_28.256;
T_28.256 ;
    %pop/vec4 1;
    %jmp T_28;
    .thread T_28, $push;
    .scope S_00000149b144e910;
T_29 ;
    %wait E_00000149b1392600;
    %load/vec4 v00000149b1448e80_0;
    %dup/vec4;
    %pushi/vec4 0, 0, 8;
    %cmp/u;
    %jmp/1 T_29.0, 6;
    %dup/vec4;
    %pushi/vec4 1, 0, 8;
    %cmp/u;
    %jmp/1 T_29.1, 6;
    %dup/vec4;
    %pushi/vec4 2, 0, 8;
    %cmp/u;
    %jmp/1 T_29.2, 6;
    %dup/vec4;
    %pushi/vec4 3, 0, 8;
    %cmp/u;
    %jmp/1 T_29.3, 6;
    %dup/vec4;
    %pushi/vec4 4, 0, 8;
    %cmp/u;
    %jmp/1 T_29.4, 6;
    %dup/vec4;
    %pushi/vec4 5, 0, 8;
    %cmp/u;
    %jmp/1 T_29.5, 6;
    %dup/vec4;
    %pushi/vec4 6, 0, 8;
    %cmp/u;
    %jmp/1 T_29.6, 6;
    %dup/vec4;
    %pushi/vec4 7, 0, 8;
    %cmp/u;
    %jmp/1 T_29.7, 6;
    %dup/vec4;
    %pushi/vec4 8, 0, 8;
    %cmp/u;
    %jmp/1 T_29.8, 6;
    %dup/vec4;
    %pushi/vec4 9, 0, 8;
    %cmp/u;
    %jmp/1 T_29.9, 6;
    %dup/vec4;
    %pushi/vec4 10, 0, 8;
    %cmp/u;
    %jmp/1 T_29.10, 6;
    %dup/vec4;
    %pushi/vec4 11, 0, 8;
    %cmp/u;
    %jmp/1 T_29.11, 6;
    %dup/vec4;
    %pushi/vec4 12, 0, 8;
    %cmp/u;
    %jmp/1 T_29.12, 6;
    %dup/vec4;
    %pushi/vec4 13, 0, 8;
    %cmp/u;
    %jmp/1 T_29.13, 6;
    %dup/vec4;
    %pushi/vec4 14, 0, 8;
    %cmp/u;
    %jmp/1 T_29.14, 6;
    %dup/vec4;
    %pushi/vec4 15, 0, 8;
    %cmp/u;
    %jmp/1 T_29.15, 6;
    %dup/vec4;
    %pushi/vec4 16, 0, 8;
    %cmp/u;
    %jmp/1 T_29.16, 6;
    %dup/vec4;
    %pushi/vec4 17, 0, 8;
    %cmp/u;
    %jmp/1 T_29.17, 6;
    %dup/vec4;
    %pushi/vec4 18, 0, 8;
    %cmp/u;
    %jmp/1 T_29.18, 6;
    %dup/vec4;
    %pushi/vec4 19, 0, 8;
    %cmp/u;
    %jmp/1 T_29.19, 6;
    %dup/vec4;
    %pushi/vec4 20, 0, 8;
    %cmp/u;
    %jmp/1 T_29.20, 6;
    %dup/vec4;
    %pushi/vec4 21, 0, 8;
    %cmp/u;
    %jmp/1 T_29.21, 6;
    %dup/vec4;
    %pushi/vec4 22, 0, 8;
    %cmp/u;
    %jmp/1 T_29.22, 6;
    %dup/vec4;
    %pushi/vec4 23, 0, 8;
    %cmp/u;
    %jmp/1 T_29.23, 6;
    %dup/vec4;
    %pushi/vec4 24, 0, 8;
    %cmp/u;
    %jmp/1 T_29.24, 6;
    %dup/vec4;
    %pushi/vec4 25, 0, 8;
    %cmp/u;
    %jmp/1 T_29.25, 6;
    %dup/vec4;
    %pushi/vec4 26, 0, 8;
    %cmp/u;
    %jmp/1 T_29.26, 6;
    %dup/vec4;
    %pushi/vec4 27, 0, 8;
    %cmp/u;
    %jmp/1 T_29.27, 6;
    %dup/vec4;
    %pushi/vec4 28, 0, 8;
    %cmp/u;
    %jmp/1 T_29.28, 6;
    %dup/vec4;
    %pushi/vec4 29, 0, 8;
    %cmp/u;
    %jmp/1 T_29.29, 6;
    %dup/vec4;
    %pushi/vec4 30, 0, 8;
    %cmp/u;
    %jmp/1 T_29.30, 6;
    %dup/vec4;
    %pushi/vec4 31, 0, 8;
    %cmp/u;
    %jmp/1 T_29.31, 6;
    %dup/vec4;
    %pushi/vec4 32, 0, 8;
    %cmp/u;
    %jmp/1 T_29.32, 6;
    %dup/vec4;
    %pushi/vec4 33, 0, 8;
    %cmp/u;
    %jmp/1 T_29.33, 6;
    %dup/vec4;
    %pushi/vec4 34, 0, 8;
    %cmp/u;
    %jmp/1 T_29.34, 6;
    %dup/vec4;
    %pushi/vec4 35, 0, 8;
    %cmp/u;
    %jmp/1 T_29.35, 6;
    %dup/vec4;
    %pushi/vec4 36, 0, 8;
    %cmp/u;
    %jmp/1 T_29.36, 6;
    %dup/vec4;
    %pushi/vec4 37, 0, 8;
    %cmp/u;
    %jmp/1 T_29.37, 6;
    %dup/vec4;
    %pushi/vec4 38, 0, 8;
    %cmp/u;
    %jmp/1 T_29.38, 6;
    %dup/vec4;
    %pushi/vec4 39, 0, 8;
    %cmp/u;
    %jmp/1 T_29.39, 6;
    %dup/vec4;
    %pushi/vec4 40, 0, 8;
    %cmp/u;
    %jmp/1 T_29.40, 6;
    %dup/vec4;
    %pushi/vec4 41, 0, 8;
    %cmp/u;
    %jmp/1 T_29.41, 6;
    %dup/vec4;
    %pushi/vec4 42, 0, 8;
    %cmp/u;
    %jmp/1 T_29.42, 6;
    %dup/vec4;
    %pushi/vec4 43, 0, 8;
    %cmp/u;
    %jmp/1 T_29.43, 6;
    %dup/vec4;
    %pushi/vec4 44, 0, 8;
    %cmp/u;
    %jmp/1 T_29.44, 6;
    %dup/vec4;
    %pushi/vec4 45, 0, 8;
    %cmp/u;
    %jmp/1 T_29.45, 6;
    %dup/vec4;
    %pushi/vec4 46, 0, 8;
    %cmp/u;
    %jmp/1 T_29.46, 6;
    %dup/vec4;
    %pushi/vec4 47, 0, 8;
    %cmp/u;
    %jmp/1 T_29.47, 6;
    %dup/vec4;
    %pushi/vec4 48, 0, 8;
    %cmp/u;
    %jmp/1 T_29.48, 6;
    %dup/vec4;
    %pushi/vec4 49, 0, 8;
    %cmp/u;
    %jmp/1 T_29.49, 6;
    %dup/vec4;
    %pushi/vec4 50, 0, 8;
    %cmp/u;
    %jmp/1 T_29.50, 6;
    %dup/vec4;
    %pushi/vec4 51, 0, 8;
    %cmp/u;
    %jmp/1 T_29.51, 6;
    %dup/vec4;
    %pushi/vec4 52, 0, 8;
    %cmp/u;
    %jmp/1 T_29.52, 6;
    %dup/vec4;
    %pushi/vec4 53, 0, 8;
    %cmp/u;
    %jmp/1 T_29.53, 6;
    %dup/vec4;
    %pushi/vec4 54, 0, 8;
    %cmp/u;
    %jmp/1 T_29.54, 6;
    %dup/vec4;
    %pushi/vec4 55, 0, 8;
    %cmp/u;
    %jmp/1 T_29.55, 6;
    %dup/vec4;
    %pushi/vec4 56, 0, 8;
    %cmp/u;
    %jmp/1 T_29.56, 6;
    %dup/vec4;
    %pushi/vec4 57, 0, 8;
    %cmp/u;
    %jmp/1 T_29.57, 6;
    %dup/vec4;
    %pushi/vec4 58, 0, 8;
    %cmp/u;
    %jmp/1 T_29.58, 6;
    %dup/vec4;
    %pushi/vec4 59, 0, 8;
    %cmp/u;
    %jmp/1 T_29.59, 6;
    %dup/vec4;
    %pushi/vec4 60, 0, 8;
    %cmp/u;
    %jmp/1 T_29.60, 6;
    %dup/vec4;
    %pushi/vec4 61, 0, 8;
    %cmp/u;
    %jmp/1 T_29.61, 6;
    %dup/vec4;
    %pushi/vec4 62, 0, 8;
    %cmp/u;
    %jmp/1 T_29.62, 6;
    %dup/vec4;
    %pushi/vec4 63, 0, 8;
    %cmp/u;
    %jmp/1 T_29.63, 6;
    %dup/vec4;
    %pushi/vec4 64, 0, 8;
    %cmp/u;
    %jmp/1 T_29.64, 6;
    %dup/vec4;
    %pushi/vec4 65, 0, 8;
    %cmp/u;
    %jmp/1 T_29.65, 6;
    %dup/vec4;
    %pushi/vec4 66, 0, 8;
    %cmp/u;
    %jmp/1 T_29.66, 6;
    %dup/vec4;
    %pushi/vec4 67, 0, 8;
    %cmp/u;
    %jmp/1 T_29.67, 6;
    %dup/vec4;
    %pushi/vec4 68, 0, 8;
    %cmp/u;
    %jmp/1 T_29.68, 6;
    %dup/vec4;
    %pushi/vec4 69, 0, 8;
    %cmp/u;
    %jmp/1 T_29.69, 6;
    %dup/vec4;
    %pushi/vec4 70, 0, 8;
    %cmp/u;
    %jmp/1 T_29.70, 6;
    %dup/vec4;
    %pushi/vec4 71, 0, 8;
    %cmp/u;
    %jmp/1 T_29.71, 6;
    %dup/vec4;
    %pushi/vec4 72, 0, 8;
    %cmp/u;
    %jmp/1 T_29.72, 6;
    %dup/vec4;
    %pushi/vec4 73, 0, 8;
    %cmp/u;
    %jmp/1 T_29.73, 6;
    %dup/vec4;
    %pushi/vec4 74, 0, 8;
    %cmp/u;
    %jmp/1 T_29.74, 6;
    %dup/vec4;
    %pushi/vec4 75, 0, 8;
    %cmp/u;
    %jmp/1 T_29.75, 6;
    %dup/vec4;
    %pushi/vec4 76, 0, 8;
    %cmp/u;
    %jmp/1 T_29.76, 6;
    %dup/vec4;
    %pushi/vec4 77, 0, 8;
    %cmp/u;
    %jmp/1 T_29.77, 6;
    %dup/vec4;
    %pushi/vec4 78, 0, 8;
    %cmp/u;
    %jmp/1 T_29.78, 6;
    %dup/vec4;
    %pushi/vec4 79, 0, 8;
    %cmp/u;
    %jmp/1 T_29.79, 6;
    %dup/vec4;
    %pushi/vec4 80, 0, 8;
    %cmp/u;
    %jmp/1 T_29.80, 6;
    %dup/vec4;
    %pushi/vec4 81, 0, 8;
    %cmp/u;
    %jmp/1 T_29.81, 6;
    %dup/vec4;
    %pushi/vec4 82, 0, 8;
    %cmp/u;
    %jmp/1 T_29.82, 6;
    %dup/vec4;
    %pushi/vec4 83, 0, 8;
    %cmp/u;
    %jmp/1 T_29.83, 6;
    %dup/vec4;
    %pushi/vec4 84, 0, 8;
    %cmp/u;
    %jmp/1 T_29.84, 6;
    %dup/vec4;
    %pushi/vec4 85, 0, 8;
    %cmp/u;
    %jmp/1 T_29.85, 6;
    %dup/vec4;
    %pushi/vec4 86, 0, 8;
    %cmp/u;
    %jmp/1 T_29.86, 6;
    %dup/vec4;
    %pushi/vec4 87, 0, 8;
    %cmp/u;
    %jmp/1 T_29.87, 6;
    %dup/vec4;
    %pushi/vec4 88, 0, 8;
    %cmp/u;
    %jmp/1 T_29.88, 6;
    %dup/vec4;
    %pushi/vec4 89, 0, 8;
    %cmp/u;
    %jmp/1 T_29.89, 6;
    %dup/vec4;
    %pushi/vec4 90, 0, 8;
    %cmp/u;
    %jmp/1 T_29.90, 6;
    %dup/vec4;
    %pushi/vec4 91, 0, 8;
    %cmp/u;
    %jmp/1 T_29.91, 6;
    %dup/vec4;
    %pushi/vec4 92, 0, 8;
    %cmp/u;
    %jmp/1 T_29.92, 6;
    %dup/vec4;
    %pushi/vec4 93, 0, 8;
    %cmp/u;
    %jmp/1 T_29.93, 6;
    %dup/vec4;
    %pushi/vec4 94, 0, 8;
    %cmp/u;
    %jmp/1 T_29.94, 6;
    %dup/vec4;
    %pushi/vec4 95, 0, 8;
    %cmp/u;
    %jmp/1 T_29.95, 6;
    %dup/vec4;
    %pushi/vec4 96, 0, 8;
    %cmp/u;
    %jmp/1 T_29.96, 6;
    %dup/vec4;
    %pushi/vec4 97, 0, 8;
    %cmp/u;
    %jmp/1 T_29.97, 6;
    %dup/vec4;
    %pushi/vec4 98, 0, 8;
    %cmp/u;
    %jmp/1 T_29.98, 6;
    %dup/vec4;
    %pushi/vec4 99, 0, 8;
    %cmp/u;
    %jmp/1 T_29.99, 6;
    %dup/vec4;
    %pushi/vec4 100, 0, 8;
    %cmp/u;
    %jmp/1 T_29.100, 6;
    %dup/vec4;
    %pushi/vec4 101, 0, 8;
    %cmp/u;
    %jmp/1 T_29.101, 6;
    %dup/vec4;
    %pushi/vec4 102, 0, 8;
    %cmp/u;
    %jmp/1 T_29.102, 6;
    %dup/vec4;
    %pushi/vec4 103, 0, 8;
    %cmp/u;
    %jmp/1 T_29.103, 6;
    %dup/vec4;
    %pushi/vec4 104, 0, 8;
    %cmp/u;
    %jmp/1 T_29.104, 6;
    %dup/vec4;
    %pushi/vec4 105, 0, 8;
    %cmp/u;
    %jmp/1 T_29.105, 6;
    %dup/vec4;
    %pushi/vec4 106, 0, 8;
    %cmp/u;
    %jmp/1 T_29.106, 6;
    %dup/vec4;
    %pushi/vec4 107, 0, 8;
    %cmp/u;
    %jmp/1 T_29.107, 6;
    %dup/vec4;
    %pushi/vec4 108, 0, 8;
    %cmp/u;
    %jmp/1 T_29.108, 6;
    %dup/vec4;
    %pushi/vec4 109, 0, 8;
    %cmp/u;
    %jmp/1 T_29.109, 6;
    %dup/vec4;
    %pushi/vec4 110, 0, 8;
    %cmp/u;
    %jmp/1 T_29.110, 6;
    %dup/vec4;
    %pushi/vec4 111, 0, 8;
    %cmp/u;
    %jmp/1 T_29.111, 6;
    %dup/vec4;
    %pushi/vec4 112, 0, 8;
    %cmp/u;
    %jmp/1 T_29.112, 6;
    %dup/vec4;
    %pushi/vec4 113, 0, 8;
    %cmp/u;
    %jmp/1 T_29.113, 6;
    %dup/vec4;
    %pushi/vec4 114, 0, 8;
    %cmp/u;
    %jmp/1 T_29.114, 6;
    %dup/vec4;
    %pushi/vec4 115, 0, 8;
    %cmp/u;
    %jmp/1 T_29.115, 6;
    %dup/vec4;
    %pushi/vec4 116, 0, 8;
    %cmp/u;
    %jmp/1 T_29.116, 6;
    %dup/vec4;
    %pushi/vec4 117, 0, 8;
    %cmp/u;
    %jmp/1 T_29.117, 6;
    %dup/vec4;
    %pushi/vec4 118, 0, 8;
    %cmp/u;
    %jmp/1 T_29.118, 6;
    %dup/vec4;
    %pushi/vec4 119, 0, 8;
    %cmp/u;
    %jmp/1 T_29.119, 6;
    %dup/vec4;
    %pushi/vec4 120, 0, 8;
    %cmp/u;
    %jmp/1 T_29.120, 6;
    %dup/vec4;
    %pushi/vec4 121, 0, 8;
    %cmp/u;
    %jmp/1 T_29.121, 6;
    %dup/vec4;
    %pushi/vec4 122, 0, 8;
    %cmp/u;
    %jmp/1 T_29.122, 6;
    %dup/vec4;
    %pushi/vec4 123, 0, 8;
    %cmp/u;
    %jmp/1 T_29.123, 6;
    %dup/vec4;
    %pushi/vec4 124, 0, 8;
    %cmp/u;
    %jmp/1 T_29.124, 6;
    %dup/vec4;
    %pushi/vec4 125, 0, 8;
    %cmp/u;
    %jmp/1 T_29.125, 6;
    %dup/vec4;
    %pushi/vec4 126, 0, 8;
    %cmp/u;
    %jmp/1 T_29.126, 6;
    %dup/vec4;
    %pushi/vec4 127, 0, 8;
    %cmp/u;
    %jmp/1 T_29.127, 6;
    %dup/vec4;
    %pushi/vec4 128, 0, 8;
    %cmp/u;
    %jmp/1 T_29.128, 6;
    %dup/vec4;
    %pushi/vec4 129, 0, 8;
    %cmp/u;
    %jmp/1 T_29.129, 6;
    %dup/vec4;
    %pushi/vec4 130, 0, 8;
    %cmp/u;
    %jmp/1 T_29.130, 6;
    %dup/vec4;
    %pushi/vec4 131, 0, 8;
    %cmp/u;
    %jmp/1 T_29.131, 6;
    %dup/vec4;
    %pushi/vec4 132, 0, 8;
    %cmp/u;
    %jmp/1 T_29.132, 6;
    %dup/vec4;
    %pushi/vec4 133, 0, 8;
    %cmp/u;
    %jmp/1 T_29.133, 6;
    %dup/vec4;
    %pushi/vec4 134, 0, 8;
    %cmp/u;
    %jmp/1 T_29.134, 6;
    %dup/vec4;
    %pushi/vec4 135, 0, 8;
    %cmp/u;
    %jmp/1 T_29.135, 6;
    %dup/vec4;
    %pushi/vec4 136, 0, 8;
    %cmp/u;
    %jmp/1 T_29.136, 6;
    %dup/vec4;
    %pushi/vec4 137, 0, 8;
    %cmp/u;
    %jmp/1 T_29.137, 6;
    %dup/vec4;
    %pushi/vec4 138, 0, 8;
    %cmp/u;
    %jmp/1 T_29.138, 6;
    %dup/vec4;
    %pushi/vec4 139, 0, 8;
    %cmp/u;
    %jmp/1 T_29.139, 6;
    %dup/vec4;
    %pushi/vec4 140, 0, 8;
    %cmp/u;
    %jmp/1 T_29.140, 6;
    %dup/vec4;
    %pushi/vec4 141, 0, 8;
    %cmp/u;
    %jmp/1 T_29.141, 6;
    %dup/vec4;
    %pushi/vec4 142, 0, 8;
    %cmp/u;
    %jmp/1 T_29.142, 6;
    %dup/vec4;
    %pushi/vec4 143, 0, 8;
    %cmp/u;
    %jmp/1 T_29.143, 6;
    %dup/vec4;
    %pushi/vec4 144, 0, 8;
    %cmp/u;
    %jmp/1 T_29.144, 6;
    %dup/vec4;
    %pushi/vec4 145, 0, 8;
    %cmp/u;
    %jmp/1 T_29.145, 6;
    %dup/vec4;
    %pushi/vec4 146, 0, 8;
    %cmp/u;
    %jmp/1 T_29.146, 6;
    %dup/vec4;
    %pushi/vec4 147, 0, 8;
    %cmp/u;
    %jmp/1 T_29.147, 6;
    %dup/vec4;
    %pushi/vec4 148, 0, 8;
    %cmp/u;
    %jmp/1 T_29.148, 6;
    %dup/vec4;
    %pushi/vec4 149, 0, 8;
    %cmp/u;
    %jmp/1 T_29.149, 6;
    %dup/vec4;
    %pushi/vec4 150, 0, 8;
    %cmp/u;
    %jmp/1 T_29.150, 6;
    %dup/vec4;
    %pushi/vec4 151, 0, 8;
    %cmp/u;
    %jmp/1 T_29.151, 6;
    %dup/vec4;
    %pushi/vec4 152, 0, 8;
    %cmp/u;
    %jmp/1 T_29.152, 6;
    %dup/vec4;
    %pushi/vec4 153, 0, 8;
    %cmp/u;
    %jmp/1 T_29.153, 6;
    %dup/vec4;
    %pushi/vec4 154, 0, 8;
    %cmp/u;
    %jmp/1 T_29.154, 6;
    %dup/vec4;
    %pushi/vec4 155, 0, 8;
    %cmp/u;
    %jmp/1 T_29.155, 6;
    %dup/vec4;
    %pushi/vec4 156, 0, 8;
    %cmp/u;
    %jmp/1 T_29.156, 6;
    %dup/vec4;
    %pushi/vec4 157, 0, 8;
    %cmp/u;
    %jmp/1 T_29.157, 6;
    %dup/vec4;
    %pushi/vec4 158, 0, 8;
    %cmp/u;
    %jmp/1 T_29.158, 6;
    %dup/vec4;
    %pushi/vec4 159, 0, 8;
    %cmp/u;
    %jmp/1 T_29.159, 6;
    %dup/vec4;
    %pushi/vec4 160, 0, 8;
    %cmp/u;
    %jmp/1 T_29.160, 6;
    %dup/vec4;
    %pushi/vec4 161, 0, 8;
    %cmp/u;
    %jmp/1 T_29.161, 6;
    %dup/vec4;
    %pushi/vec4 162, 0, 8;
    %cmp/u;
    %jmp/1 T_29.162, 6;
    %dup/vec4;
    %pushi/vec4 163, 0, 8;
    %cmp/u;
    %jmp/1 T_29.163, 6;
    %dup/vec4;
    %pushi/vec4 164, 0, 8;
    %cmp/u;
    %jmp/1 T_29.164, 6;
    %dup/vec4;
    %pushi/vec4 165, 0, 8;
    %cmp/u;
    %jmp/1 T_29.165, 6;
    %dup/vec4;
    %pushi/vec4 166, 0, 8;
    %cmp/u;
    %jmp/1 T_29.166, 6;
    %dup/vec4;
    %pushi/vec4 167, 0, 8;
    %cmp/u;
    %jmp/1 T_29.167, 6;
    %dup/vec4;
    %pushi/vec4 168, 0, 8;
    %cmp/u;
    %jmp/1 T_29.168, 6;
    %dup/vec4;
    %pushi/vec4 169, 0, 8;
    %cmp/u;
    %jmp/1 T_29.169, 6;
    %dup/vec4;
    %pushi/vec4 170, 0, 8;
    %cmp/u;
    %jmp/1 T_29.170, 6;
    %dup/vec4;
    %pushi/vec4 171, 0, 8;
    %cmp/u;
    %jmp/1 T_29.171, 6;
    %dup/vec4;
    %pushi/vec4 172, 0, 8;
    %cmp/u;
    %jmp/1 T_29.172, 6;
    %dup/vec4;
    %pushi/vec4 173, 0, 8;
    %cmp/u;
    %jmp/1 T_29.173, 6;
    %dup/vec4;
    %pushi/vec4 174, 0, 8;
    %cmp/u;
    %jmp/1 T_29.174, 6;
    %dup/vec4;
    %pushi/vec4 175, 0, 8;
    %cmp/u;
    %jmp/1 T_29.175, 6;
    %dup/vec4;
    %pushi/vec4 176, 0, 8;
    %cmp/u;
    %jmp/1 T_29.176, 6;
    %dup/vec4;
    %pushi/vec4 177, 0, 8;
    %cmp/u;
    %jmp/1 T_29.177, 6;
    %dup/vec4;
    %pushi/vec4 178, 0, 8;
    %cmp/u;
    %jmp/1 T_29.178, 6;
    %dup/vec4;
    %pushi/vec4 179, 0, 8;
    %cmp/u;
    %jmp/1 T_29.179, 6;
    %dup/vec4;
    %pushi/vec4 180, 0, 8;
    %cmp/u;
    %jmp/1 T_29.180, 6;
    %dup/vec4;
    %pushi/vec4 181, 0, 8;
    %cmp/u;
    %jmp/1 T_29.181, 6;
    %dup/vec4;
    %pushi/vec4 182, 0, 8;
    %cmp/u;
    %jmp/1 T_29.182, 6;
    %dup/vec4;
    %pushi/vec4 183, 0, 8;
    %cmp/u;
    %jmp/1 T_29.183, 6;
    %dup/vec4;
    %pushi/vec4 184, 0, 8;
    %cmp/u;
    %jmp/1 T_29.184, 6;
    %dup/vec4;
    %pushi/vec4 185, 0, 8;
    %cmp/u;
    %jmp/1 T_29.185, 6;
    %dup/vec4;
    %pushi/vec4 186, 0, 8;
    %cmp/u;
    %jmp/1 T_29.186, 6;
    %dup/vec4;
    %pushi/vec4 187, 0, 8;
    %cmp/u;
    %jmp/1 T_29.187, 6;
    %dup/vec4;
    %pushi/vec4 188, 0, 8;
    %cmp/u;
    %jmp/1 T_29.188, 6;
    %dup/vec4;
    %pushi/vec4 189, 0, 8;
    %cmp/u;
    %jmp/1 T_29.189, 6;
    %dup/vec4;
    %pushi/vec4 190, 0, 8;
    %cmp/u;
    %jmp/1 T_29.190, 6;
    %dup/vec4;
    %pushi/vec4 191, 0, 8;
    %cmp/u;
    %jmp/1 T_29.191, 6;
    %dup/vec4;
    %pushi/vec4 192, 0, 8;
    %cmp/u;
    %jmp/1 T_29.192, 6;
    %dup/vec4;
    %pushi/vec4 193, 0, 8;
    %cmp/u;
    %jmp/1 T_29.193, 6;
    %dup/vec4;
    %pushi/vec4 194, 0, 8;
    %cmp/u;
    %jmp/1 T_29.194, 6;
    %dup/vec4;
    %pushi/vec4 195, 0, 8;
    %cmp/u;
    %jmp/1 T_29.195, 6;
    %dup/vec4;
    %pushi/vec4 196, 0, 8;
    %cmp/u;
    %jmp/1 T_29.196, 6;
    %dup/vec4;
    %pushi/vec4 197, 0, 8;
    %cmp/u;
    %jmp/1 T_29.197, 6;
    %dup/vec4;
    %pushi/vec4 198, 0, 8;
    %cmp/u;
    %jmp/1 T_29.198, 6;
    %dup/vec4;
    %pushi/vec4 199, 0, 8;
    %cmp/u;
    %jmp/1 T_29.199, 6;
    %dup/vec4;
    %pushi/vec4 200, 0, 8;
    %cmp/u;
    %jmp/1 T_29.200, 6;
    %dup/vec4;
    %pushi/vec4 201, 0, 8;
    %cmp/u;
    %jmp/1 T_29.201, 6;
    %dup/vec4;
    %pushi/vec4 202, 0, 8;
    %cmp/u;
    %jmp/1 T_29.202, 6;
    %dup/vec4;
    %pushi/vec4 203, 0, 8;
    %cmp/u;
    %jmp/1 T_29.203, 6;
    %dup/vec4;
    %pushi/vec4 204, 0, 8;
    %cmp/u;
    %jmp/1 T_29.204, 6;
    %dup/vec4;
    %pushi/vec4 205, 0, 8;
    %cmp/u;
    %jmp/1 T_29.205, 6;
    %dup/vec4;
    %pushi/vec4 206, 0, 8;
    %cmp/u;
    %jmp/1 T_29.206, 6;
    %dup/vec4;
    %pushi/vec4 207, 0, 8;
    %cmp/u;
    %jmp/1 T_29.207, 6;
    %dup/vec4;
    %pushi/vec4 208, 0, 8;
    %cmp/u;
    %jmp/1 T_29.208, 6;
    %dup/vec4;
    %pushi/vec4 209, 0, 8;
    %cmp/u;
    %jmp/1 T_29.209, 6;
    %dup/vec4;
    %pushi/vec4 210, 0, 8;
    %cmp/u;
    %jmp/1 T_29.210, 6;
    %dup/vec4;
    %pushi/vec4 211, 0, 8;
    %cmp/u;
    %jmp/1 T_29.211, 6;
    %dup/vec4;
    %pushi/vec4 212, 0, 8;
    %cmp/u;
    %jmp/1 T_29.212, 6;
    %dup/vec4;
    %pushi/vec4 213, 0, 8;
    %cmp/u;
    %jmp/1 T_29.213, 6;
    %dup/vec4;
    %pushi/vec4 214, 0, 8;
    %cmp/u;
    %jmp/1 T_29.214, 6;
    %dup/vec4;
    %pushi/vec4 215, 0, 8;
    %cmp/u;
    %jmp/1 T_29.215, 6;
    %dup/vec4;
    %pushi/vec4 216, 0, 8;
    %cmp/u;
    %jmp/1 T_29.216, 6;
    %dup/vec4;
    %pushi/vec4 217, 0, 8;
    %cmp/u;
    %jmp/1 T_29.217, 6;
    %dup/vec4;
    %pushi/vec4 218, 0, 8;
    %cmp/u;
    %jmp/1 T_29.218, 6;
    %dup/vec4;
    %pushi/vec4 219, 0, 8;
    %cmp/u;
    %jmp/1 T_29.219, 6;
    %dup/vec4;
    %pushi/vec4 220, 0, 8;
    %cmp/u;
    %jmp/1 T_29.220, 6;
    %dup/vec4;
    %pushi/vec4 221, 0, 8;
    %cmp/u;
    %jmp/1 T_29.221, 6;
    %dup/vec4;
    %pushi/vec4 222, 0, 8;
    %cmp/u;
    %jmp/1 T_29.222, 6;
    %dup/vec4;
    %pushi/vec4 223, 0, 8;
    %cmp/u;
    %jmp/1 T_29.223, 6;
    %dup/vec4;
    %pushi/vec4 224, 0, 8;
    %cmp/u;
    %jmp/1 T_29.224, 6;
    %dup/vec4;
    %pushi/vec4 225, 0, 8;
    %cmp/u;
    %jmp/1 T_29.225, 6;
    %dup/vec4;
    %pushi/vec4 226, 0, 8;
    %cmp/u;
    %jmp/1 T_29.226, 6;
    %dup/vec4;
    %pushi/vec4 227, 0, 8;
    %cmp/u;
    %jmp/1 T_29.227, 6;
    %dup/vec4;
    %pushi/vec4 228, 0, 8;
    %cmp/u;
    %jmp/1 T_29.228, 6;
    %dup/vec4;
    %pushi/vec4 229, 0, 8;
    %cmp/u;
    %jmp/1 T_29.229, 6;
    %dup/vec4;
    %pushi/vec4 230, 0, 8;
    %cmp/u;
    %jmp/1 T_29.230, 6;
    %dup/vec4;
    %pushi/vec4 231, 0, 8;
    %cmp/u;
    %jmp/1 T_29.231, 6;
    %dup/vec4;
    %pushi/vec4 232, 0, 8;
    %cmp/u;
    %jmp/1 T_29.232, 6;
    %dup/vec4;
    %pushi/vec4 233, 0, 8;
    %cmp/u;
    %jmp/1 T_29.233, 6;
    %dup/vec4;
    %pushi/vec4 234, 0, 8;
    %cmp/u;
    %jmp/1 T_29.234, 6;
    %dup/vec4;
    %pushi/vec4 235, 0, 8;
    %cmp/u;
    %jmp/1 T_29.235, 6;
    %dup/vec4;
    %pushi/vec4 236, 0, 8;
    %cmp/u;
    %jmp/1 T_29.236, 6;
    %dup/vec4;
    %pushi/vec4 237, 0, 8;
    %cmp/u;
    %jmp/1 T_29.237, 6;
    %dup/vec4;
    %pushi/vec4 238, 0, 8;
    %cmp/u;
    %jmp/1 T_29.238, 6;
    %dup/vec4;
    %pushi/vec4 239, 0, 8;
    %cmp/u;
    %jmp/1 T_29.239, 6;
    %dup/vec4;
    %pushi/vec4 240, 0, 8;
    %cmp/u;
    %jmp/1 T_29.240, 6;
    %dup/vec4;
    %pushi/vec4 241, 0, 8;
    %cmp/u;
    %jmp/1 T_29.241, 6;
    %dup/vec4;
    %pushi/vec4 242, 0, 8;
    %cmp/u;
    %jmp/1 T_29.242, 6;
    %dup/vec4;
    %pushi/vec4 243, 0, 8;
    %cmp/u;
    %jmp/1 T_29.243, 6;
    %dup/vec4;
    %pushi/vec4 244, 0, 8;
    %cmp/u;
    %jmp/1 T_29.244, 6;
    %dup/vec4;
    %pushi/vec4 245, 0, 8;
    %cmp/u;
    %jmp/1 T_29.245, 6;
    %dup/vec4;
    %pushi/vec4 246, 0, 8;
    %cmp/u;
    %jmp/1 T_29.246, 6;
    %dup/vec4;
    %pushi/vec4 247, 0, 8;
    %cmp/u;
    %jmp/1 T_29.247, 6;
    %dup/vec4;
    %pushi/vec4 248, 0, 8;
    %cmp/u;
    %jmp/1 T_29.248, 6;
    %dup/vec4;
    %pushi/vec4 249, 0, 8;
    %cmp/u;
    %jmp/1 T_29.249, 6;
    %dup/vec4;
    %pushi/vec4 250, 0, 8;
    %cmp/u;
    %jmp/1 T_29.250, 6;
    %dup/vec4;
    %pushi/vec4 251, 0, 8;
    %cmp/u;
    %jmp/1 T_29.251, 6;
    %dup/vec4;
    %pushi/vec4 252, 0, 8;
    %cmp/u;
    %jmp/1 T_29.252, 6;
    %dup/vec4;
    %pushi/vec4 253, 0, 8;
    %cmp/u;
    %jmp/1 T_29.253, 6;
    %dup/vec4;
    %pushi/vec4 254, 0, 8;
    %cmp/u;
    %jmp/1 T_29.254, 6;
    %dup/vec4;
    %pushi/vec4 255, 0, 8;
    %cmp/u;
    %jmp/1 T_29.255, 6;
    %jmp T_29.256;
T_29.0 ;
    %pushi/vec4 99, 0, 8;
    %store/vec4 v00000149b1448700_0, 0, 8;
    %jmp T_29.256;
T_29.1 ;
    %pushi/vec4 124, 0, 8;
    %store/vec4 v00000149b1448700_0, 0, 8;
    %jmp T_29.256;
T_29.2 ;
    %pushi/vec4 119, 0, 8;
    %store/vec4 v00000149b1448700_0, 0, 8;
    %jmp T_29.256;
T_29.3 ;
    %pushi/vec4 123, 0, 8;
    %store/vec4 v00000149b1448700_0, 0, 8;
    %jmp T_29.256;
T_29.4 ;
    %pushi/vec4 242, 0, 8;
    %store/vec4 v00000149b1448700_0, 0, 8;
    %jmp T_29.256;
T_29.5 ;
    %pushi/vec4 107, 0, 8;
    %store/vec4 v00000149b1448700_0, 0, 8;
    %jmp T_29.256;
T_29.6 ;
    %pushi/vec4 111, 0, 8;
    %store/vec4 v00000149b1448700_0, 0, 8;
    %jmp T_29.256;
T_29.7 ;
    %pushi/vec4 197, 0, 8;
    %store/vec4 v00000149b1448700_0, 0, 8;
    %jmp T_29.256;
T_29.8 ;
    %pushi/vec4 48, 0, 8;
    %store/vec4 v00000149b1448700_0, 0, 8;
    %jmp T_29.256;
T_29.9 ;
    %pushi/vec4 1, 0, 8;
    %store/vec4 v00000149b1448700_0, 0, 8;
    %jmp T_29.256;
T_29.10 ;
    %pushi/vec4 103, 0, 8;
    %store/vec4 v00000149b1448700_0, 0, 8;
    %jmp T_29.256;
T_29.11 ;
    %pushi/vec4 43, 0, 8;
    %store/vec4 v00000149b1448700_0, 0, 8;
    %jmp T_29.256;
T_29.12 ;
    %pushi/vec4 254, 0, 8;
    %store/vec4 v00000149b1448700_0, 0, 8;
    %jmp T_29.256;
T_29.13 ;
    %pushi/vec4 215, 0, 8;
    %store/vec4 v00000149b1448700_0, 0, 8;
    %jmp T_29.256;
T_29.14 ;
    %pushi/vec4 171, 0, 8;
    %store/vec4 v00000149b1448700_0, 0, 8;
    %jmp T_29.256;
T_29.15 ;
    %pushi/vec4 118, 0, 8;
    %store/vec4 v00000149b1448700_0, 0, 8;
    %jmp T_29.256;
T_29.16 ;
    %pushi/vec4 202, 0, 8;
    %store/vec4 v00000149b1448700_0, 0, 8;
    %jmp T_29.256;
T_29.17 ;
    %pushi/vec4 130, 0, 8;
    %store/vec4 v00000149b1448700_0, 0, 8;
    %jmp T_29.256;
T_29.18 ;
    %pushi/vec4 201, 0, 8;
    %store/vec4 v00000149b1448700_0, 0, 8;
    %jmp T_29.256;
T_29.19 ;
    %pushi/vec4 125, 0, 8;
    %store/vec4 v00000149b1448700_0, 0, 8;
    %jmp T_29.256;
T_29.20 ;
    %pushi/vec4 250, 0, 8;
    %store/vec4 v00000149b1448700_0, 0, 8;
    %jmp T_29.256;
T_29.21 ;
    %pushi/vec4 89, 0, 8;
    %store/vec4 v00000149b1448700_0, 0, 8;
    %jmp T_29.256;
T_29.22 ;
    %pushi/vec4 71, 0, 8;
    %store/vec4 v00000149b1448700_0, 0, 8;
    %jmp T_29.256;
T_29.23 ;
    %pushi/vec4 240, 0, 8;
    %store/vec4 v00000149b1448700_0, 0, 8;
    %jmp T_29.256;
T_29.24 ;
    %pushi/vec4 173, 0, 8;
    %store/vec4 v00000149b1448700_0, 0, 8;
    %jmp T_29.256;
T_29.25 ;
    %pushi/vec4 212, 0, 8;
    %store/vec4 v00000149b1448700_0, 0, 8;
    %jmp T_29.256;
T_29.26 ;
    %pushi/vec4 162, 0, 8;
    %store/vec4 v00000149b1448700_0, 0, 8;
    %jmp T_29.256;
T_29.27 ;
    %pushi/vec4 175, 0, 8;
    %store/vec4 v00000149b1448700_0, 0, 8;
    %jmp T_29.256;
T_29.28 ;
    %pushi/vec4 156, 0, 8;
    %store/vec4 v00000149b1448700_0, 0, 8;
    %jmp T_29.256;
T_29.29 ;
    %pushi/vec4 164, 0, 8;
    %store/vec4 v00000149b1448700_0, 0, 8;
    %jmp T_29.256;
T_29.30 ;
    %pushi/vec4 114, 0, 8;
    %store/vec4 v00000149b1448700_0, 0, 8;
    %jmp T_29.256;
T_29.31 ;
    %pushi/vec4 192, 0, 8;
    %store/vec4 v00000149b1448700_0, 0, 8;
    %jmp T_29.256;
T_29.32 ;
    %pushi/vec4 183, 0, 8;
    %store/vec4 v00000149b1448700_0, 0, 8;
    %jmp T_29.256;
T_29.33 ;
    %pushi/vec4 253, 0, 8;
    %store/vec4 v00000149b1448700_0, 0, 8;
    %jmp T_29.256;
T_29.34 ;
    %pushi/vec4 147, 0, 8;
    %store/vec4 v00000149b1448700_0, 0, 8;
    %jmp T_29.256;
T_29.35 ;
    %pushi/vec4 38, 0, 8;
    %store/vec4 v00000149b1448700_0, 0, 8;
    %jmp T_29.256;
T_29.36 ;
    %pushi/vec4 54, 0, 8;
    %store/vec4 v00000149b1448700_0, 0, 8;
    %jmp T_29.256;
T_29.37 ;
    %pushi/vec4 63, 0, 8;
    %store/vec4 v00000149b1448700_0, 0, 8;
    %jmp T_29.256;
T_29.38 ;
    %pushi/vec4 247, 0, 8;
    %store/vec4 v00000149b1448700_0, 0, 8;
    %jmp T_29.256;
T_29.39 ;
    %pushi/vec4 204, 0, 8;
    %store/vec4 v00000149b1448700_0, 0, 8;
    %jmp T_29.256;
T_29.40 ;
    %pushi/vec4 52, 0, 8;
    %store/vec4 v00000149b1448700_0, 0, 8;
    %jmp T_29.256;
T_29.41 ;
    %pushi/vec4 165, 0, 8;
    %store/vec4 v00000149b1448700_0, 0, 8;
    %jmp T_29.256;
T_29.42 ;
    %pushi/vec4 229, 0, 8;
    %store/vec4 v00000149b1448700_0, 0, 8;
    %jmp T_29.256;
T_29.43 ;
    %pushi/vec4 241, 0, 8;
    %store/vec4 v00000149b1448700_0, 0, 8;
    %jmp T_29.256;
T_29.44 ;
    %pushi/vec4 113, 0, 8;
    %store/vec4 v00000149b1448700_0, 0, 8;
    %jmp T_29.256;
T_29.45 ;
    %pushi/vec4 216, 0, 8;
    %store/vec4 v00000149b1448700_0, 0, 8;
    %jmp T_29.256;
T_29.46 ;
    %pushi/vec4 49, 0, 8;
    %store/vec4 v00000149b1448700_0, 0, 8;
    %jmp T_29.256;
T_29.47 ;
    %pushi/vec4 21, 0, 8;
    %store/vec4 v00000149b1448700_0, 0, 8;
    %jmp T_29.256;
T_29.48 ;
    %pushi/vec4 4, 0, 8;
    %store/vec4 v00000149b1448700_0, 0, 8;
    %jmp T_29.256;
T_29.49 ;
    %pushi/vec4 199, 0, 8;
    %store/vec4 v00000149b1448700_0, 0, 8;
    %jmp T_29.256;
T_29.50 ;
    %pushi/vec4 35, 0, 8;
    %store/vec4 v00000149b1448700_0, 0, 8;
    %jmp T_29.256;
T_29.51 ;
    %pushi/vec4 195, 0, 8;
    %store/vec4 v00000149b1448700_0, 0, 8;
    %jmp T_29.256;
T_29.52 ;
    %pushi/vec4 24, 0, 8;
    %store/vec4 v00000149b1448700_0, 0, 8;
    %jmp T_29.256;
T_29.53 ;
    %pushi/vec4 150, 0, 8;
    %store/vec4 v00000149b1448700_0, 0, 8;
    %jmp T_29.256;
T_29.54 ;
    %pushi/vec4 5, 0, 8;
    %store/vec4 v00000149b1448700_0, 0, 8;
    %jmp T_29.256;
T_29.55 ;
    %pushi/vec4 154, 0, 8;
    %store/vec4 v00000149b1448700_0, 0, 8;
    %jmp T_29.256;
T_29.56 ;
    %pushi/vec4 7, 0, 8;
    %store/vec4 v00000149b1448700_0, 0, 8;
    %jmp T_29.256;
T_29.57 ;
    %pushi/vec4 18, 0, 8;
    %store/vec4 v00000149b1448700_0, 0, 8;
    %jmp T_29.256;
T_29.58 ;
    %pushi/vec4 128, 0, 8;
    %store/vec4 v00000149b1448700_0, 0, 8;
    %jmp T_29.256;
T_29.59 ;
    %pushi/vec4 226, 0, 8;
    %store/vec4 v00000149b1448700_0, 0, 8;
    %jmp T_29.256;
T_29.60 ;
    %pushi/vec4 235, 0, 8;
    %store/vec4 v00000149b1448700_0, 0, 8;
    %jmp T_29.256;
T_29.61 ;
    %pushi/vec4 39, 0, 8;
    %store/vec4 v00000149b1448700_0, 0, 8;
    %jmp T_29.256;
T_29.62 ;
    %pushi/vec4 178, 0, 8;
    %store/vec4 v00000149b1448700_0, 0, 8;
    %jmp T_29.256;
T_29.63 ;
    %pushi/vec4 117, 0, 8;
    %store/vec4 v00000149b1448700_0, 0, 8;
    %jmp T_29.256;
T_29.64 ;
    %pushi/vec4 9, 0, 8;
    %store/vec4 v00000149b1448700_0, 0, 8;
    %jmp T_29.256;
T_29.65 ;
    %pushi/vec4 131, 0, 8;
    %store/vec4 v00000149b1448700_0, 0, 8;
    %jmp T_29.256;
T_29.66 ;
    %pushi/vec4 44, 0, 8;
    %store/vec4 v00000149b1448700_0, 0, 8;
    %jmp T_29.256;
T_29.67 ;
    %pushi/vec4 26, 0, 8;
    %store/vec4 v00000149b1448700_0, 0, 8;
    %jmp T_29.256;
T_29.68 ;
    %pushi/vec4 27, 0, 8;
    %store/vec4 v00000149b1448700_0, 0, 8;
    %jmp T_29.256;
T_29.69 ;
    %pushi/vec4 110, 0, 8;
    %store/vec4 v00000149b1448700_0, 0, 8;
    %jmp T_29.256;
T_29.70 ;
    %pushi/vec4 90, 0, 8;
    %store/vec4 v00000149b1448700_0, 0, 8;
    %jmp T_29.256;
T_29.71 ;
    %pushi/vec4 160, 0, 8;
    %store/vec4 v00000149b1448700_0, 0, 8;
    %jmp T_29.256;
T_29.72 ;
    %pushi/vec4 82, 0, 8;
    %store/vec4 v00000149b1448700_0, 0, 8;
    %jmp T_29.256;
T_29.73 ;
    %pushi/vec4 59, 0, 8;
    %store/vec4 v00000149b1448700_0, 0, 8;
    %jmp T_29.256;
T_29.74 ;
    %pushi/vec4 214, 0, 8;
    %store/vec4 v00000149b1448700_0, 0, 8;
    %jmp T_29.256;
T_29.75 ;
    %pushi/vec4 179, 0, 8;
    %store/vec4 v00000149b1448700_0, 0, 8;
    %jmp T_29.256;
T_29.76 ;
    %pushi/vec4 41, 0, 8;
    %store/vec4 v00000149b1448700_0, 0, 8;
    %jmp T_29.256;
T_29.77 ;
    %pushi/vec4 227, 0, 8;
    %store/vec4 v00000149b1448700_0, 0, 8;
    %jmp T_29.256;
T_29.78 ;
    %pushi/vec4 47, 0, 8;
    %store/vec4 v00000149b1448700_0, 0, 8;
    %jmp T_29.256;
T_29.79 ;
    %pushi/vec4 132, 0, 8;
    %store/vec4 v00000149b1448700_0, 0, 8;
    %jmp T_29.256;
T_29.80 ;
    %pushi/vec4 83, 0, 8;
    %store/vec4 v00000149b1448700_0, 0, 8;
    %jmp T_29.256;
T_29.81 ;
    %pushi/vec4 209, 0, 8;
    %store/vec4 v00000149b1448700_0, 0, 8;
    %jmp T_29.256;
T_29.82 ;
    %pushi/vec4 0, 0, 8;
    %store/vec4 v00000149b1448700_0, 0, 8;
    %jmp T_29.256;
T_29.83 ;
    %pushi/vec4 237, 0, 8;
    %store/vec4 v00000149b1448700_0, 0, 8;
    %jmp T_29.256;
T_29.84 ;
    %pushi/vec4 32, 0, 8;
    %store/vec4 v00000149b1448700_0, 0, 8;
    %jmp T_29.256;
T_29.85 ;
    %pushi/vec4 252, 0, 8;
    %store/vec4 v00000149b1448700_0, 0, 8;
    %jmp T_29.256;
T_29.86 ;
    %pushi/vec4 177, 0, 8;
    %store/vec4 v00000149b1448700_0, 0, 8;
    %jmp T_29.256;
T_29.87 ;
    %pushi/vec4 91, 0, 8;
    %store/vec4 v00000149b1448700_0, 0, 8;
    %jmp T_29.256;
T_29.88 ;
    %pushi/vec4 106, 0, 8;
    %store/vec4 v00000149b1448700_0, 0, 8;
    %jmp T_29.256;
T_29.89 ;
    %pushi/vec4 203, 0, 8;
    %store/vec4 v00000149b1448700_0, 0, 8;
    %jmp T_29.256;
T_29.90 ;
    %pushi/vec4 190, 0, 8;
    %store/vec4 v00000149b1448700_0, 0, 8;
    %jmp T_29.256;
T_29.91 ;
    %pushi/vec4 57, 0, 8;
    %store/vec4 v00000149b1448700_0, 0, 8;
    %jmp T_29.256;
T_29.92 ;
    %pushi/vec4 74, 0, 8;
    %store/vec4 v00000149b1448700_0, 0, 8;
    %jmp T_29.256;
T_29.93 ;
    %pushi/vec4 76, 0, 8;
    %store/vec4 v00000149b1448700_0, 0, 8;
    %jmp T_29.256;
T_29.94 ;
    %pushi/vec4 88, 0, 8;
    %store/vec4 v00000149b1448700_0, 0, 8;
    %jmp T_29.256;
T_29.95 ;
    %pushi/vec4 207, 0, 8;
    %store/vec4 v00000149b1448700_0, 0, 8;
    %jmp T_29.256;
T_29.96 ;
    %pushi/vec4 208, 0, 8;
    %store/vec4 v00000149b1448700_0, 0, 8;
    %jmp T_29.256;
T_29.97 ;
    %pushi/vec4 239, 0, 8;
    %store/vec4 v00000149b1448700_0, 0, 8;
    %jmp T_29.256;
T_29.98 ;
    %pushi/vec4 170, 0, 8;
    %store/vec4 v00000149b1448700_0, 0, 8;
    %jmp T_29.256;
T_29.99 ;
    %pushi/vec4 251, 0, 8;
    %store/vec4 v00000149b1448700_0, 0, 8;
    %jmp T_29.256;
T_29.100 ;
    %pushi/vec4 67, 0, 8;
    %store/vec4 v00000149b1448700_0, 0, 8;
    %jmp T_29.256;
T_29.101 ;
    %pushi/vec4 77, 0, 8;
    %store/vec4 v00000149b1448700_0, 0, 8;
    %jmp T_29.256;
T_29.102 ;
    %pushi/vec4 51, 0, 8;
    %store/vec4 v00000149b1448700_0, 0, 8;
    %jmp T_29.256;
T_29.103 ;
    %pushi/vec4 133, 0, 8;
    %store/vec4 v00000149b1448700_0, 0, 8;
    %jmp T_29.256;
T_29.104 ;
    %pushi/vec4 69, 0, 8;
    %store/vec4 v00000149b1448700_0, 0, 8;
    %jmp T_29.256;
T_29.105 ;
    %pushi/vec4 249, 0, 8;
    %store/vec4 v00000149b1448700_0, 0, 8;
    %jmp T_29.256;
T_29.106 ;
    %pushi/vec4 2, 0, 8;
    %store/vec4 v00000149b1448700_0, 0, 8;
    %jmp T_29.256;
T_29.107 ;
    %pushi/vec4 127, 0, 8;
    %store/vec4 v00000149b1448700_0, 0, 8;
    %jmp T_29.256;
T_29.108 ;
    %pushi/vec4 80, 0, 8;
    %store/vec4 v00000149b1448700_0, 0, 8;
    %jmp T_29.256;
T_29.109 ;
    %pushi/vec4 60, 0, 8;
    %store/vec4 v00000149b1448700_0, 0, 8;
    %jmp T_29.256;
T_29.110 ;
    %pushi/vec4 159, 0, 8;
    %store/vec4 v00000149b1448700_0, 0, 8;
    %jmp T_29.256;
T_29.111 ;
    %pushi/vec4 168, 0, 8;
    %store/vec4 v00000149b1448700_0, 0, 8;
    %jmp T_29.256;
T_29.112 ;
    %pushi/vec4 81, 0, 8;
    %store/vec4 v00000149b1448700_0, 0, 8;
    %jmp T_29.256;
T_29.113 ;
    %pushi/vec4 163, 0, 8;
    %store/vec4 v00000149b1448700_0, 0, 8;
    %jmp T_29.256;
T_29.114 ;
    %pushi/vec4 64, 0, 8;
    %store/vec4 v00000149b1448700_0, 0, 8;
    %jmp T_29.256;
T_29.115 ;
    %pushi/vec4 143, 0, 8;
    %store/vec4 v00000149b1448700_0, 0, 8;
    %jmp T_29.256;
T_29.116 ;
    %pushi/vec4 146, 0, 8;
    %store/vec4 v00000149b1448700_0, 0, 8;
    %jmp T_29.256;
T_29.117 ;
    %pushi/vec4 157, 0, 8;
    %store/vec4 v00000149b1448700_0, 0, 8;
    %jmp T_29.256;
T_29.118 ;
    %pushi/vec4 56, 0, 8;
    %store/vec4 v00000149b1448700_0, 0, 8;
    %jmp T_29.256;
T_29.119 ;
    %pushi/vec4 245, 0, 8;
    %store/vec4 v00000149b1448700_0, 0, 8;
    %jmp T_29.256;
T_29.120 ;
    %pushi/vec4 188, 0, 8;
    %store/vec4 v00000149b1448700_0, 0, 8;
    %jmp T_29.256;
T_29.121 ;
    %pushi/vec4 182, 0, 8;
    %store/vec4 v00000149b1448700_0, 0, 8;
    %jmp T_29.256;
T_29.122 ;
    %pushi/vec4 218, 0, 8;
    %store/vec4 v00000149b1448700_0, 0, 8;
    %jmp T_29.256;
T_29.123 ;
    %pushi/vec4 33, 0, 8;
    %store/vec4 v00000149b1448700_0, 0, 8;
    %jmp T_29.256;
T_29.124 ;
    %pushi/vec4 16, 0, 8;
    %store/vec4 v00000149b1448700_0, 0, 8;
    %jmp T_29.256;
T_29.125 ;
    %pushi/vec4 255, 0, 8;
    %store/vec4 v00000149b1448700_0, 0, 8;
    %jmp T_29.256;
T_29.126 ;
    %pushi/vec4 243, 0, 8;
    %store/vec4 v00000149b1448700_0, 0, 8;
    %jmp T_29.256;
T_29.127 ;
    %pushi/vec4 210, 0, 8;
    %store/vec4 v00000149b1448700_0, 0, 8;
    %jmp T_29.256;
T_29.128 ;
    %pushi/vec4 205, 0, 8;
    %store/vec4 v00000149b1448700_0, 0, 8;
    %jmp T_29.256;
T_29.129 ;
    %pushi/vec4 12, 0, 8;
    %store/vec4 v00000149b1448700_0, 0, 8;
    %jmp T_29.256;
T_29.130 ;
    %pushi/vec4 19, 0, 8;
    %store/vec4 v00000149b1448700_0, 0, 8;
    %jmp T_29.256;
T_29.131 ;
    %pushi/vec4 236, 0, 8;
    %store/vec4 v00000149b1448700_0, 0, 8;
    %jmp T_29.256;
T_29.132 ;
    %pushi/vec4 95, 0, 8;
    %store/vec4 v00000149b1448700_0, 0, 8;
    %jmp T_29.256;
T_29.133 ;
    %pushi/vec4 151, 0, 8;
    %store/vec4 v00000149b1448700_0, 0, 8;
    %jmp T_29.256;
T_29.134 ;
    %pushi/vec4 68, 0, 8;
    %store/vec4 v00000149b1448700_0, 0, 8;
    %jmp T_29.256;
T_29.135 ;
    %pushi/vec4 23, 0, 8;
    %store/vec4 v00000149b1448700_0, 0, 8;
    %jmp T_29.256;
T_29.136 ;
    %pushi/vec4 196, 0, 8;
    %store/vec4 v00000149b1448700_0, 0, 8;
    %jmp T_29.256;
T_29.137 ;
    %pushi/vec4 167, 0, 8;
    %store/vec4 v00000149b1448700_0, 0, 8;
    %jmp T_29.256;
T_29.138 ;
    %pushi/vec4 126, 0, 8;
    %store/vec4 v00000149b1448700_0, 0, 8;
    %jmp T_29.256;
T_29.139 ;
    %pushi/vec4 61, 0, 8;
    %store/vec4 v00000149b1448700_0, 0, 8;
    %jmp T_29.256;
T_29.140 ;
    %pushi/vec4 100, 0, 8;
    %store/vec4 v00000149b1448700_0, 0, 8;
    %jmp T_29.256;
T_29.141 ;
    %pushi/vec4 93, 0, 8;
    %store/vec4 v00000149b1448700_0, 0, 8;
    %jmp T_29.256;
T_29.142 ;
    %pushi/vec4 25, 0, 8;
    %store/vec4 v00000149b1448700_0, 0, 8;
    %jmp T_29.256;
T_29.143 ;
    %pushi/vec4 115, 0, 8;
    %store/vec4 v00000149b1448700_0, 0, 8;
    %jmp T_29.256;
T_29.144 ;
    %pushi/vec4 96, 0, 8;
    %store/vec4 v00000149b1448700_0, 0, 8;
    %jmp T_29.256;
T_29.145 ;
    %pushi/vec4 129, 0, 8;
    %store/vec4 v00000149b1448700_0, 0, 8;
    %jmp T_29.256;
T_29.146 ;
    %pushi/vec4 79, 0, 8;
    %store/vec4 v00000149b1448700_0, 0, 8;
    %jmp T_29.256;
T_29.147 ;
    %pushi/vec4 220, 0, 8;
    %store/vec4 v00000149b1448700_0, 0, 8;
    %jmp T_29.256;
T_29.148 ;
    %pushi/vec4 34, 0, 8;
    %store/vec4 v00000149b1448700_0, 0, 8;
    %jmp T_29.256;
T_29.149 ;
    %pushi/vec4 42, 0, 8;
    %store/vec4 v00000149b1448700_0, 0, 8;
    %jmp T_29.256;
T_29.150 ;
    %pushi/vec4 144, 0, 8;
    %store/vec4 v00000149b1448700_0, 0, 8;
    %jmp T_29.256;
T_29.151 ;
    %pushi/vec4 136, 0, 8;
    %store/vec4 v00000149b1448700_0, 0, 8;
    %jmp T_29.256;
T_29.152 ;
    %pushi/vec4 70, 0, 8;
    %store/vec4 v00000149b1448700_0, 0, 8;
    %jmp T_29.256;
T_29.153 ;
    %pushi/vec4 238, 0, 8;
    %store/vec4 v00000149b1448700_0, 0, 8;
    %jmp T_29.256;
T_29.154 ;
    %pushi/vec4 184, 0, 8;
    %store/vec4 v00000149b1448700_0, 0, 8;
    %jmp T_29.256;
T_29.155 ;
    %pushi/vec4 20, 0, 8;
    %store/vec4 v00000149b1448700_0, 0, 8;
    %jmp T_29.256;
T_29.156 ;
    %pushi/vec4 222, 0, 8;
    %store/vec4 v00000149b1448700_0, 0, 8;
    %jmp T_29.256;
T_29.157 ;
    %pushi/vec4 94, 0, 8;
    %store/vec4 v00000149b1448700_0, 0, 8;
    %jmp T_29.256;
T_29.158 ;
    %pushi/vec4 11, 0, 8;
    %store/vec4 v00000149b1448700_0, 0, 8;
    %jmp T_29.256;
T_29.159 ;
    %pushi/vec4 219, 0, 8;
    %store/vec4 v00000149b1448700_0, 0, 8;
    %jmp T_29.256;
T_29.160 ;
    %pushi/vec4 224, 0, 8;
    %store/vec4 v00000149b1448700_0, 0, 8;
    %jmp T_29.256;
T_29.161 ;
    %pushi/vec4 50, 0, 8;
    %store/vec4 v00000149b1448700_0, 0, 8;
    %jmp T_29.256;
T_29.162 ;
    %pushi/vec4 58, 0, 8;
    %store/vec4 v00000149b1448700_0, 0, 8;
    %jmp T_29.256;
T_29.163 ;
    %pushi/vec4 10, 0, 8;
    %store/vec4 v00000149b1448700_0, 0, 8;
    %jmp T_29.256;
T_29.164 ;
    %pushi/vec4 73, 0, 8;
    %store/vec4 v00000149b1448700_0, 0, 8;
    %jmp T_29.256;
T_29.165 ;
    %pushi/vec4 6, 0, 8;
    %store/vec4 v00000149b1448700_0, 0, 8;
    %jmp T_29.256;
T_29.166 ;
    %pushi/vec4 36, 0, 8;
    %store/vec4 v00000149b1448700_0, 0, 8;
    %jmp T_29.256;
T_29.167 ;
    %pushi/vec4 92, 0, 8;
    %store/vec4 v00000149b1448700_0, 0, 8;
    %jmp T_29.256;
T_29.168 ;
    %pushi/vec4 194, 0, 8;
    %store/vec4 v00000149b1448700_0, 0, 8;
    %jmp T_29.256;
T_29.169 ;
    %pushi/vec4 211, 0, 8;
    %store/vec4 v00000149b1448700_0, 0, 8;
    %jmp T_29.256;
T_29.170 ;
    %pushi/vec4 172, 0, 8;
    %store/vec4 v00000149b1448700_0, 0, 8;
    %jmp T_29.256;
T_29.171 ;
    %pushi/vec4 98, 0, 8;
    %store/vec4 v00000149b1448700_0, 0, 8;
    %jmp T_29.256;
T_29.172 ;
    %pushi/vec4 145, 0, 8;
    %store/vec4 v00000149b1448700_0, 0, 8;
    %jmp T_29.256;
T_29.173 ;
    %pushi/vec4 149, 0, 8;
    %store/vec4 v00000149b1448700_0, 0, 8;
    %jmp T_29.256;
T_29.174 ;
    %pushi/vec4 228, 0, 8;
    %store/vec4 v00000149b1448700_0, 0, 8;
    %jmp T_29.256;
T_29.175 ;
    %pushi/vec4 121, 0, 8;
    %store/vec4 v00000149b1448700_0, 0, 8;
    %jmp T_29.256;
T_29.176 ;
    %pushi/vec4 231, 0, 8;
    %store/vec4 v00000149b1448700_0, 0, 8;
    %jmp T_29.256;
T_29.177 ;
    %pushi/vec4 200, 0, 8;
    %store/vec4 v00000149b1448700_0, 0, 8;
    %jmp T_29.256;
T_29.178 ;
    %pushi/vec4 55, 0, 8;
    %store/vec4 v00000149b1448700_0, 0, 8;
    %jmp T_29.256;
T_29.179 ;
    %pushi/vec4 109, 0, 8;
    %store/vec4 v00000149b1448700_0, 0, 8;
    %jmp T_29.256;
T_29.180 ;
    %pushi/vec4 141, 0, 8;
    %store/vec4 v00000149b1448700_0, 0, 8;
    %jmp T_29.256;
T_29.181 ;
    %pushi/vec4 213, 0, 8;
    %store/vec4 v00000149b1448700_0, 0, 8;
    %jmp T_29.256;
T_29.182 ;
    %pushi/vec4 78, 0, 8;
    %store/vec4 v00000149b1448700_0, 0, 8;
    %jmp T_29.256;
T_29.183 ;
    %pushi/vec4 169, 0, 8;
    %store/vec4 v00000149b1448700_0, 0, 8;
    %jmp T_29.256;
T_29.184 ;
    %pushi/vec4 108, 0, 8;
    %store/vec4 v00000149b1448700_0, 0, 8;
    %jmp T_29.256;
T_29.185 ;
    %pushi/vec4 86, 0, 8;
    %store/vec4 v00000149b1448700_0, 0, 8;
    %jmp T_29.256;
T_29.186 ;
    %pushi/vec4 244, 0, 8;
    %store/vec4 v00000149b1448700_0, 0, 8;
    %jmp T_29.256;
T_29.187 ;
    %pushi/vec4 234, 0, 8;
    %store/vec4 v00000149b1448700_0, 0, 8;
    %jmp T_29.256;
T_29.188 ;
    %pushi/vec4 101, 0, 8;
    %store/vec4 v00000149b1448700_0, 0, 8;
    %jmp T_29.256;
T_29.189 ;
    %pushi/vec4 122, 0, 8;
    %store/vec4 v00000149b1448700_0, 0, 8;
    %jmp T_29.256;
T_29.190 ;
    %pushi/vec4 174, 0, 8;
    %store/vec4 v00000149b1448700_0, 0, 8;
    %jmp T_29.256;
T_29.191 ;
    %pushi/vec4 8, 0, 8;
    %store/vec4 v00000149b1448700_0, 0, 8;
    %jmp T_29.256;
T_29.192 ;
    %pushi/vec4 186, 0, 8;
    %store/vec4 v00000149b1448700_0, 0, 8;
    %jmp T_29.256;
T_29.193 ;
    %pushi/vec4 120, 0, 8;
    %store/vec4 v00000149b1448700_0, 0, 8;
    %jmp T_29.256;
T_29.194 ;
    %pushi/vec4 37, 0, 8;
    %store/vec4 v00000149b1448700_0, 0, 8;
    %jmp T_29.256;
T_29.195 ;
    %pushi/vec4 46, 0, 8;
    %store/vec4 v00000149b1448700_0, 0, 8;
    %jmp T_29.256;
T_29.196 ;
    %pushi/vec4 28, 0, 8;
    %store/vec4 v00000149b1448700_0, 0, 8;
    %jmp T_29.256;
T_29.197 ;
    %pushi/vec4 166, 0, 8;
    %store/vec4 v00000149b1448700_0, 0, 8;
    %jmp T_29.256;
T_29.198 ;
    %pushi/vec4 180, 0, 8;
    %store/vec4 v00000149b1448700_0, 0, 8;
    %jmp T_29.256;
T_29.199 ;
    %pushi/vec4 198, 0, 8;
    %store/vec4 v00000149b1448700_0, 0, 8;
    %jmp T_29.256;
T_29.200 ;
    %pushi/vec4 232, 0, 8;
    %store/vec4 v00000149b1448700_0, 0, 8;
    %jmp T_29.256;
T_29.201 ;
    %pushi/vec4 221, 0, 8;
    %store/vec4 v00000149b1448700_0, 0, 8;
    %jmp T_29.256;
T_29.202 ;
    %pushi/vec4 116, 0, 8;
    %store/vec4 v00000149b1448700_0, 0, 8;
    %jmp T_29.256;
T_29.203 ;
    %pushi/vec4 31, 0, 8;
    %store/vec4 v00000149b1448700_0, 0, 8;
    %jmp T_29.256;
T_29.204 ;
    %pushi/vec4 75, 0, 8;
    %store/vec4 v00000149b1448700_0, 0, 8;
    %jmp T_29.256;
T_29.205 ;
    %pushi/vec4 189, 0, 8;
    %store/vec4 v00000149b1448700_0, 0, 8;
    %jmp T_29.256;
T_29.206 ;
    %pushi/vec4 139, 0, 8;
    %store/vec4 v00000149b1448700_0, 0, 8;
    %jmp T_29.256;
T_29.207 ;
    %pushi/vec4 138, 0, 8;
    %store/vec4 v00000149b1448700_0, 0, 8;
    %jmp T_29.256;
T_29.208 ;
    %pushi/vec4 112, 0, 8;
    %store/vec4 v00000149b1448700_0, 0, 8;
    %jmp T_29.256;
T_29.209 ;
    %pushi/vec4 62, 0, 8;
    %store/vec4 v00000149b1448700_0, 0, 8;
    %jmp T_29.256;
T_29.210 ;
    %pushi/vec4 181, 0, 8;
    %store/vec4 v00000149b1448700_0, 0, 8;
    %jmp T_29.256;
T_29.211 ;
    %pushi/vec4 102, 0, 8;
    %store/vec4 v00000149b1448700_0, 0, 8;
    %jmp T_29.256;
T_29.212 ;
    %pushi/vec4 72, 0, 8;
    %store/vec4 v00000149b1448700_0, 0, 8;
    %jmp T_29.256;
T_29.213 ;
    %pushi/vec4 3, 0, 8;
    %store/vec4 v00000149b1448700_0, 0, 8;
    %jmp T_29.256;
T_29.214 ;
    %pushi/vec4 246, 0, 8;
    %store/vec4 v00000149b1448700_0, 0, 8;
    %jmp T_29.256;
T_29.215 ;
    %pushi/vec4 14, 0, 8;
    %store/vec4 v00000149b1448700_0, 0, 8;
    %jmp T_29.256;
T_29.216 ;
    %pushi/vec4 97, 0, 8;
    %store/vec4 v00000149b1448700_0, 0, 8;
    %jmp T_29.256;
T_29.217 ;
    %pushi/vec4 53, 0, 8;
    %store/vec4 v00000149b1448700_0, 0, 8;
    %jmp T_29.256;
T_29.218 ;
    %pushi/vec4 87, 0, 8;
    %store/vec4 v00000149b1448700_0, 0, 8;
    %jmp T_29.256;
T_29.219 ;
    %pushi/vec4 185, 0, 8;
    %store/vec4 v00000149b1448700_0, 0, 8;
    %jmp T_29.256;
T_29.220 ;
    %pushi/vec4 134, 0, 8;
    %store/vec4 v00000149b1448700_0, 0, 8;
    %jmp T_29.256;
T_29.221 ;
    %pushi/vec4 193, 0, 8;
    %store/vec4 v00000149b1448700_0, 0, 8;
    %jmp T_29.256;
T_29.222 ;
    %pushi/vec4 29, 0, 8;
    %store/vec4 v00000149b1448700_0, 0, 8;
    %jmp T_29.256;
T_29.223 ;
    %pushi/vec4 158, 0, 8;
    %store/vec4 v00000149b1448700_0, 0, 8;
    %jmp T_29.256;
T_29.224 ;
    %pushi/vec4 225, 0, 8;
    %store/vec4 v00000149b1448700_0, 0, 8;
    %jmp T_29.256;
T_29.225 ;
    %pushi/vec4 248, 0, 8;
    %store/vec4 v00000149b1448700_0, 0, 8;
    %jmp T_29.256;
T_29.226 ;
    %pushi/vec4 152, 0, 8;
    %store/vec4 v00000149b1448700_0, 0, 8;
    %jmp T_29.256;
T_29.227 ;
    %pushi/vec4 17, 0, 8;
    %store/vec4 v00000149b1448700_0, 0, 8;
    %jmp T_29.256;
T_29.228 ;
    %pushi/vec4 105, 0, 8;
    %store/vec4 v00000149b1448700_0, 0, 8;
    %jmp T_29.256;
T_29.229 ;
    %pushi/vec4 217, 0, 8;
    %store/vec4 v00000149b1448700_0, 0, 8;
    %jmp T_29.256;
T_29.230 ;
    %pushi/vec4 142, 0, 8;
    %store/vec4 v00000149b1448700_0, 0, 8;
    %jmp T_29.256;
T_29.231 ;
    %pushi/vec4 148, 0, 8;
    %store/vec4 v00000149b1448700_0, 0, 8;
    %jmp T_29.256;
T_29.232 ;
    %pushi/vec4 155, 0, 8;
    %store/vec4 v00000149b1448700_0, 0, 8;
    %jmp T_29.256;
T_29.233 ;
    %pushi/vec4 30, 0, 8;
    %store/vec4 v00000149b1448700_0, 0, 8;
    %jmp T_29.256;
T_29.234 ;
    %pushi/vec4 135, 0, 8;
    %store/vec4 v00000149b1448700_0, 0, 8;
    %jmp T_29.256;
T_29.235 ;
    %pushi/vec4 233, 0, 8;
    %store/vec4 v00000149b1448700_0, 0, 8;
    %jmp T_29.256;
T_29.236 ;
    %pushi/vec4 206, 0, 8;
    %store/vec4 v00000149b1448700_0, 0, 8;
    %jmp T_29.256;
T_29.237 ;
    %pushi/vec4 85, 0, 8;
    %store/vec4 v00000149b1448700_0, 0, 8;
    %jmp T_29.256;
T_29.238 ;
    %pushi/vec4 40, 0, 8;
    %store/vec4 v00000149b1448700_0, 0, 8;
    %jmp T_29.256;
T_29.239 ;
    %pushi/vec4 223, 0, 8;
    %store/vec4 v00000149b1448700_0, 0, 8;
    %jmp T_29.256;
T_29.240 ;
    %pushi/vec4 140, 0, 8;
    %store/vec4 v00000149b1448700_0, 0, 8;
    %jmp T_29.256;
T_29.241 ;
    %pushi/vec4 161, 0, 8;
    %store/vec4 v00000149b1448700_0, 0, 8;
    %jmp T_29.256;
T_29.242 ;
    %pushi/vec4 137, 0, 8;
    %store/vec4 v00000149b1448700_0, 0, 8;
    %jmp T_29.256;
T_29.243 ;
    %pushi/vec4 13, 0, 8;
    %store/vec4 v00000149b1448700_0, 0, 8;
    %jmp T_29.256;
T_29.244 ;
    %pushi/vec4 191, 0, 8;
    %store/vec4 v00000149b1448700_0, 0, 8;
    %jmp T_29.256;
T_29.245 ;
    %pushi/vec4 230, 0, 8;
    %store/vec4 v00000149b1448700_0, 0, 8;
    %jmp T_29.256;
T_29.246 ;
    %pushi/vec4 66, 0, 8;
    %store/vec4 v00000149b1448700_0, 0, 8;
    %jmp T_29.256;
T_29.247 ;
    %pushi/vec4 104, 0, 8;
    %store/vec4 v00000149b1448700_0, 0, 8;
    %jmp T_29.256;
T_29.248 ;
    %pushi/vec4 65, 0, 8;
    %store/vec4 v00000149b1448700_0, 0, 8;
    %jmp T_29.256;
T_29.249 ;
    %pushi/vec4 153, 0, 8;
    %store/vec4 v00000149b1448700_0, 0, 8;
    %jmp T_29.256;
T_29.250 ;
    %pushi/vec4 45, 0, 8;
    %store/vec4 v00000149b1448700_0, 0, 8;
    %jmp T_29.256;
T_29.251 ;
    %pushi/vec4 15, 0, 8;
    %store/vec4 v00000149b1448700_0, 0, 8;
    %jmp T_29.256;
T_29.252 ;
    %pushi/vec4 176, 0, 8;
    %store/vec4 v00000149b1448700_0, 0, 8;
    %jmp T_29.256;
T_29.253 ;
    %pushi/vec4 84, 0, 8;
    %store/vec4 v00000149b1448700_0, 0, 8;
    %jmp T_29.256;
T_29.254 ;
    %pushi/vec4 187, 0, 8;
    %store/vec4 v00000149b1448700_0, 0, 8;
    %jmp T_29.256;
T_29.255 ;
    %pushi/vec4 22, 0, 8;
    %store/vec4 v00000149b1448700_0, 0, 8;
    %jmp T_29.256;
T_29.256 ;
    %pop/vec4 1;
    %jmp T_29;
    .thread T_29, $push;
    .scope S_00000149b144e140;
T_30 ;
    %wait E_00000149b1392d00;
    %load/vec4 v00000149b1448fc0_0;
    %dup/vec4;
    %pushi/vec4 0, 0, 8;
    %cmp/u;
    %jmp/1 T_30.0, 6;
    %dup/vec4;
    %pushi/vec4 1, 0, 8;
    %cmp/u;
    %jmp/1 T_30.1, 6;
    %dup/vec4;
    %pushi/vec4 2, 0, 8;
    %cmp/u;
    %jmp/1 T_30.2, 6;
    %dup/vec4;
    %pushi/vec4 3, 0, 8;
    %cmp/u;
    %jmp/1 T_30.3, 6;
    %dup/vec4;
    %pushi/vec4 4, 0, 8;
    %cmp/u;
    %jmp/1 T_30.4, 6;
    %dup/vec4;
    %pushi/vec4 5, 0, 8;
    %cmp/u;
    %jmp/1 T_30.5, 6;
    %dup/vec4;
    %pushi/vec4 6, 0, 8;
    %cmp/u;
    %jmp/1 T_30.6, 6;
    %dup/vec4;
    %pushi/vec4 7, 0, 8;
    %cmp/u;
    %jmp/1 T_30.7, 6;
    %dup/vec4;
    %pushi/vec4 8, 0, 8;
    %cmp/u;
    %jmp/1 T_30.8, 6;
    %dup/vec4;
    %pushi/vec4 9, 0, 8;
    %cmp/u;
    %jmp/1 T_30.9, 6;
    %dup/vec4;
    %pushi/vec4 10, 0, 8;
    %cmp/u;
    %jmp/1 T_30.10, 6;
    %dup/vec4;
    %pushi/vec4 11, 0, 8;
    %cmp/u;
    %jmp/1 T_30.11, 6;
    %dup/vec4;
    %pushi/vec4 12, 0, 8;
    %cmp/u;
    %jmp/1 T_30.12, 6;
    %dup/vec4;
    %pushi/vec4 13, 0, 8;
    %cmp/u;
    %jmp/1 T_30.13, 6;
    %dup/vec4;
    %pushi/vec4 14, 0, 8;
    %cmp/u;
    %jmp/1 T_30.14, 6;
    %dup/vec4;
    %pushi/vec4 15, 0, 8;
    %cmp/u;
    %jmp/1 T_30.15, 6;
    %dup/vec4;
    %pushi/vec4 16, 0, 8;
    %cmp/u;
    %jmp/1 T_30.16, 6;
    %dup/vec4;
    %pushi/vec4 17, 0, 8;
    %cmp/u;
    %jmp/1 T_30.17, 6;
    %dup/vec4;
    %pushi/vec4 18, 0, 8;
    %cmp/u;
    %jmp/1 T_30.18, 6;
    %dup/vec4;
    %pushi/vec4 19, 0, 8;
    %cmp/u;
    %jmp/1 T_30.19, 6;
    %dup/vec4;
    %pushi/vec4 20, 0, 8;
    %cmp/u;
    %jmp/1 T_30.20, 6;
    %dup/vec4;
    %pushi/vec4 21, 0, 8;
    %cmp/u;
    %jmp/1 T_30.21, 6;
    %dup/vec4;
    %pushi/vec4 22, 0, 8;
    %cmp/u;
    %jmp/1 T_30.22, 6;
    %dup/vec4;
    %pushi/vec4 23, 0, 8;
    %cmp/u;
    %jmp/1 T_30.23, 6;
    %dup/vec4;
    %pushi/vec4 24, 0, 8;
    %cmp/u;
    %jmp/1 T_30.24, 6;
    %dup/vec4;
    %pushi/vec4 25, 0, 8;
    %cmp/u;
    %jmp/1 T_30.25, 6;
    %dup/vec4;
    %pushi/vec4 26, 0, 8;
    %cmp/u;
    %jmp/1 T_30.26, 6;
    %dup/vec4;
    %pushi/vec4 27, 0, 8;
    %cmp/u;
    %jmp/1 T_30.27, 6;
    %dup/vec4;
    %pushi/vec4 28, 0, 8;
    %cmp/u;
    %jmp/1 T_30.28, 6;
    %dup/vec4;
    %pushi/vec4 29, 0, 8;
    %cmp/u;
    %jmp/1 T_30.29, 6;
    %dup/vec4;
    %pushi/vec4 30, 0, 8;
    %cmp/u;
    %jmp/1 T_30.30, 6;
    %dup/vec4;
    %pushi/vec4 31, 0, 8;
    %cmp/u;
    %jmp/1 T_30.31, 6;
    %dup/vec4;
    %pushi/vec4 32, 0, 8;
    %cmp/u;
    %jmp/1 T_30.32, 6;
    %dup/vec4;
    %pushi/vec4 33, 0, 8;
    %cmp/u;
    %jmp/1 T_30.33, 6;
    %dup/vec4;
    %pushi/vec4 34, 0, 8;
    %cmp/u;
    %jmp/1 T_30.34, 6;
    %dup/vec4;
    %pushi/vec4 35, 0, 8;
    %cmp/u;
    %jmp/1 T_30.35, 6;
    %dup/vec4;
    %pushi/vec4 36, 0, 8;
    %cmp/u;
    %jmp/1 T_30.36, 6;
    %dup/vec4;
    %pushi/vec4 37, 0, 8;
    %cmp/u;
    %jmp/1 T_30.37, 6;
    %dup/vec4;
    %pushi/vec4 38, 0, 8;
    %cmp/u;
    %jmp/1 T_30.38, 6;
    %dup/vec4;
    %pushi/vec4 39, 0, 8;
    %cmp/u;
    %jmp/1 T_30.39, 6;
    %dup/vec4;
    %pushi/vec4 40, 0, 8;
    %cmp/u;
    %jmp/1 T_30.40, 6;
    %dup/vec4;
    %pushi/vec4 41, 0, 8;
    %cmp/u;
    %jmp/1 T_30.41, 6;
    %dup/vec4;
    %pushi/vec4 42, 0, 8;
    %cmp/u;
    %jmp/1 T_30.42, 6;
    %dup/vec4;
    %pushi/vec4 43, 0, 8;
    %cmp/u;
    %jmp/1 T_30.43, 6;
    %dup/vec4;
    %pushi/vec4 44, 0, 8;
    %cmp/u;
    %jmp/1 T_30.44, 6;
    %dup/vec4;
    %pushi/vec4 45, 0, 8;
    %cmp/u;
    %jmp/1 T_30.45, 6;
    %dup/vec4;
    %pushi/vec4 46, 0, 8;
    %cmp/u;
    %jmp/1 T_30.46, 6;
    %dup/vec4;
    %pushi/vec4 47, 0, 8;
    %cmp/u;
    %jmp/1 T_30.47, 6;
    %dup/vec4;
    %pushi/vec4 48, 0, 8;
    %cmp/u;
    %jmp/1 T_30.48, 6;
    %dup/vec4;
    %pushi/vec4 49, 0, 8;
    %cmp/u;
    %jmp/1 T_30.49, 6;
    %dup/vec4;
    %pushi/vec4 50, 0, 8;
    %cmp/u;
    %jmp/1 T_30.50, 6;
    %dup/vec4;
    %pushi/vec4 51, 0, 8;
    %cmp/u;
    %jmp/1 T_30.51, 6;
    %dup/vec4;
    %pushi/vec4 52, 0, 8;
    %cmp/u;
    %jmp/1 T_30.52, 6;
    %dup/vec4;
    %pushi/vec4 53, 0, 8;
    %cmp/u;
    %jmp/1 T_30.53, 6;
    %dup/vec4;
    %pushi/vec4 54, 0, 8;
    %cmp/u;
    %jmp/1 T_30.54, 6;
    %dup/vec4;
    %pushi/vec4 55, 0, 8;
    %cmp/u;
    %jmp/1 T_30.55, 6;
    %dup/vec4;
    %pushi/vec4 56, 0, 8;
    %cmp/u;
    %jmp/1 T_30.56, 6;
    %dup/vec4;
    %pushi/vec4 57, 0, 8;
    %cmp/u;
    %jmp/1 T_30.57, 6;
    %dup/vec4;
    %pushi/vec4 58, 0, 8;
    %cmp/u;
    %jmp/1 T_30.58, 6;
    %dup/vec4;
    %pushi/vec4 59, 0, 8;
    %cmp/u;
    %jmp/1 T_30.59, 6;
    %dup/vec4;
    %pushi/vec4 60, 0, 8;
    %cmp/u;
    %jmp/1 T_30.60, 6;
    %dup/vec4;
    %pushi/vec4 61, 0, 8;
    %cmp/u;
    %jmp/1 T_30.61, 6;
    %dup/vec4;
    %pushi/vec4 62, 0, 8;
    %cmp/u;
    %jmp/1 T_30.62, 6;
    %dup/vec4;
    %pushi/vec4 63, 0, 8;
    %cmp/u;
    %jmp/1 T_30.63, 6;
    %dup/vec4;
    %pushi/vec4 64, 0, 8;
    %cmp/u;
    %jmp/1 T_30.64, 6;
    %dup/vec4;
    %pushi/vec4 65, 0, 8;
    %cmp/u;
    %jmp/1 T_30.65, 6;
    %dup/vec4;
    %pushi/vec4 66, 0, 8;
    %cmp/u;
    %jmp/1 T_30.66, 6;
    %dup/vec4;
    %pushi/vec4 67, 0, 8;
    %cmp/u;
    %jmp/1 T_30.67, 6;
    %dup/vec4;
    %pushi/vec4 68, 0, 8;
    %cmp/u;
    %jmp/1 T_30.68, 6;
    %dup/vec4;
    %pushi/vec4 69, 0, 8;
    %cmp/u;
    %jmp/1 T_30.69, 6;
    %dup/vec4;
    %pushi/vec4 70, 0, 8;
    %cmp/u;
    %jmp/1 T_30.70, 6;
    %dup/vec4;
    %pushi/vec4 71, 0, 8;
    %cmp/u;
    %jmp/1 T_30.71, 6;
    %dup/vec4;
    %pushi/vec4 72, 0, 8;
    %cmp/u;
    %jmp/1 T_30.72, 6;
    %dup/vec4;
    %pushi/vec4 73, 0, 8;
    %cmp/u;
    %jmp/1 T_30.73, 6;
    %dup/vec4;
    %pushi/vec4 74, 0, 8;
    %cmp/u;
    %jmp/1 T_30.74, 6;
    %dup/vec4;
    %pushi/vec4 75, 0, 8;
    %cmp/u;
    %jmp/1 T_30.75, 6;
    %dup/vec4;
    %pushi/vec4 76, 0, 8;
    %cmp/u;
    %jmp/1 T_30.76, 6;
    %dup/vec4;
    %pushi/vec4 77, 0, 8;
    %cmp/u;
    %jmp/1 T_30.77, 6;
    %dup/vec4;
    %pushi/vec4 78, 0, 8;
    %cmp/u;
    %jmp/1 T_30.78, 6;
    %dup/vec4;
    %pushi/vec4 79, 0, 8;
    %cmp/u;
    %jmp/1 T_30.79, 6;
    %dup/vec4;
    %pushi/vec4 80, 0, 8;
    %cmp/u;
    %jmp/1 T_30.80, 6;
    %dup/vec4;
    %pushi/vec4 81, 0, 8;
    %cmp/u;
    %jmp/1 T_30.81, 6;
    %dup/vec4;
    %pushi/vec4 82, 0, 8;
    %cmp/u;
    %jmp/1 T_30.82, 6;
    %dup/vec4;
    %pushi/vec4 83, 0, 8;
    %cmp/u;
    %jmp/1 T_30.83, 6;
    %dup/vec4;
    %pushi/vec4 84, 0, 8;
    %cmp/u;
    %jmp/1 T_30.84, 6;
    %dup/vec4;
    %pushi/vec4 85, 0, 8;
    %cmp/u;
    %jmp/1 T_30.85, 6;
    %dup/vec4;
    %pushi/vec4 86, 0, 8;
    %cmp/u;
    %jmp/1 T_30.86, 6;
    %dup/vec4;
    %pushi/vec4 87, 0, 8;
    %cmp/u;
    %jmp/1 T_30.87, 6;
    %dup/vec4;
    %pushi/vec4 88, 0, 8;
    %cmp/u;
    %jmp/1 T_30.88, 6;
    %dup/vec4;
    %pushi/vec4 89, 0, 8;
    %cmp/u;
    %jmp/1 T_30.89, 6;
    %dup/vec4;
    %pushi/vec4 90, 0, 8;
    %cmp/u;
    %jmp/1 T_30.90, 6;
    %dup/vec4;
    %pushi/vec4 91, 0, 8;
    %cmp/u;
    %jmp/1 T_30.91, 6;
    %dup/vec4;
    %pushi/vec4 92, 0, 8;
    %cmp/u;
    %jmp/1 T_30.92, 6;
    %dup/vec4;
    %pushi/vec4 93, 0, 8;
    %cmp/u;
    %jmp/1 T_30.93, 6;
    %dup/vec4;
    %pushi/vec4 94, 0, 8;
    %cmp/u;
    %jmp/1 T_30.94, 6;
    %dup/vec4;
    %pushi/vec4 95, 0, 8;
    %cmp/u;
    %jmp/1 T_30.95, 6;
    %dup/vec4;
    %pushi/vec4 96, 0, 8;
    %cmp/u;
    %jmp/1 T_30.96, 6;
    %dup/vec4;
    %pushi/vec4 97, 0, 8;
    %cmp/u;
    %jmp/1 T_30.97, 6;
    %dup/vec4;
    %pushi/vec4 98, 0, 8;
    %cmp/u;
    %jmp/1 T_30.98, 6;
    %dup/vec4;
    %pushi/vec4 99, 0, 8;
    %cmp/u;
    %jmp/1 T_30.99, 6;
    %dup/vec4;
    %pushi/vec4 100, 0, 8;
    %cmp/u;
    %jmp/1 T_30.100, 6;
    %dup/vec4;
    %pushi/vec4 101, 0, 8;
    %cmp/u;
    %jmp/1 T_30.101, 6;
    %dup/vec4;
    %pushi/vec4 102, 0, 8;
    %cmp/u;
    %jmp/1 T_30.102, 6;
    %dup/vec4;
    %pushi/vec4 103, 0, 8;
    %cmp/u;
    %jmp/1 T_30.103, 6;
    %dup/vec4;
    %pushi/vec4 104, 0, 8;
    %cmp/u;
    %jmp/1 T_30.104, 6;
    %dup/vec4;
    %pushi/vec4 105, 0, 8;
    %cmp/u;
    %jmp/1 T_30.105, 6;
    %dup/vec4;
    %pushi/vec4 106, 0, 8;
    %cmp/u;
    %jmp/1 T_30.106, 6;
    %dup/vec4;
    %pushi/vec4 107, 0, 8;
    %cmp/u;
    %jmp/1 T_30.107, 6;
    %dup/vec4;
    %pushi/vec4 108, 0, 8;
    %cmp/u;
    %jmp/1 T_30.108, 6;
    %dup/vec4;
    %pushi/vec4 109, 0, 8;
    %cmp/u;
    %jmp/1 T_30.109, 6;
    %dup/vec4;
    %pushi/vec4 110, 0, 8;
    %cmp/u;
    %jmp/1 T_30.110, 6;
    %dup/vec4;
    %pushi/vec4 111, 0, 8;
    %cmp/u;
    %jmp/1 T_30.111, 6;
    %dup/vec4;
    %pushi/vec4 112, 0, 8;
    %cmp/u;
    %jmp/1 T_30.112, 6;
    %dup/vec4;
    %pushi/vec4 113, 0, 8;
    %cmp/u;
    %jmp/1 T_30.113, 6;
    %dup/vec4;
    %pushi/vec4 114, 0, 8;
    %cmp/u;
    %jmp/1 T_30.114, 6;
    %dup/vec4;
    %pushi/vec4 115, 0, 8;
    %cmp/u;
    %jmp/1 T_30.115, 6;
    %dup/vec4;
    %pushi/vec4 116, 0, 8;
    %cmp/u;
    %jmp/1 T_30.116, 6;
    %dup/vec4;
    %pushi/vec4 117, 0, 8;
    %cmp/u;
    %jmp/1 T_30.117, 6;
    %dup/vec4;
    %pushi/vec4 118, 0, 8;
    %cmp/u;
    %jmp/1 T_30.118, 6;
    %dup/vec4;
    %pushi/vec4 119, 0, 8;
    %cmp/u;
    %jmp/1 T_30.119, 6;
    %dup/vec4;
    %pushi/vec4 120, 0, 8;
    %cmp/u;
    %jmp/1 T_30.120, 6;
    %dup/vec4;
    %pushi/vec4 121, 0, 8;
    %cmp/u;
    %jmp/1 T_30.121, 6;
    %dup/vec4;
    %pushi/vec4 122, 0, 8;
    %cmp/u;
    %jmp/1 T_30.122, 6;
    %dup/vec4;
    %pushi/vec4 123, 0, 8;
    %cmp/u;
    %jmp/1 T_30.123, 6;
    %dup/vec4;
    %pushi/vec4 124, 0, 8;
    %cmp/u;
    %jmp/1 T_30.124, 6;
    %dup/vec4;
    %pushi/vec4 125, 0, 8;
    %cmp/u;
    %jmp/1 T_30.125, 6;
    %dup/vec4;
    %pushi/vec4 126, 0, 8;
    %cmp/u;
    %jmp/1 T_30.126, 6;
    %dup/vec4;
    %pushi/vec4 127, 0, 8;
    %cmp/u;
    %jmp/1 T_30.127, 6;
    %dup/vec4;
    %pushi/vec4 128, 0, 8;
    %cmp/u;
    %jmp/1 T_30.128, 6;
    %dup/vec4;
    %pushi/vec4 129, 0, 8;
    %cmp/u;
    %jmp/1 T_30.129, 6;
    %dup/vec4;
    %pushi/vec4 130, 0, 8;
    %cmp/u;
    %jmp/1 T_30.130, 6;
    %dup/vec4;
    %pushi/vec4 131, 0, 8;
    %cmp/u;
    %jmp/1 T_30.131, 6;
    %dup/vec4;
    %pushi/vec4 132, 0, 8;
    %cmp/u;
    %jmp/1 T_30.132, 6;
    %dup/vec4;
    %pushi/vec4 133, 0, 8;
    %cmp/u;
    %jmp/1 T_30.133, 6;
    %dup/vec4;
    %pushi/vec4 134, 0, 8;
    %cmp/u;
    %jmp/1 T_30.134, 6;
    %dup/vec4;
    %pushi/vec4 135, 0, 8;
    %cmp/u;
    %jmp/1 T_30.135, 6;
    %dup/vec4;
    %pushi/vec4 136, 0, 8;
    %cmp/u;
    %jmp/1 T_30.136, 6;
    %dup/vec4;
    %pushi/vec4 137, 0, 8;
    %cmp/u;
    %jmp/1 T_30.137, 6;
    %dup/vec4;
    %pushi/vec4 138, 0, 8;
    %cmp/u;
    %jmp/1 T_30.138, 6;
    %dup/vec4;
    %pushi/vec4 139, 0, 8;
    %cmp/u;
    %jmp/1 T_30.139, 6;
    %dup/vec4;
    %pushi/vec4 140, 0, 8;
    %cmp/u;
    %jmp/1 T_30.140, 6;
    %dup/vec4;
    %pushi/vec4 141, 0, 8;
    %cmp/u;
    %jmp/1 T_30.141, 6;
    %dup/vec4;
    %pushi/vec4 142, 0, 8;
    %cmp/u;
    %jmp/1 T_30.142, 6;
    %dup/vec4;
    %pushi/vec4 143, 0, 8;
    %cmp/u;
    %jmp/1 T_30.143, 6;
    %dup/vec4;
    %pushi/vec4 144, 0, 8;
    %cmp/u;
    %jmp/1 T_30.144, 6;
    %dup/vec4;
    %pushi/vec4 145, 0, 8;
    %cmp/u;
    %jmp/1 T_30.145, 6;
    %dup/vec4;
    %pushi/vec4 146, 0, 8;
    %cmp/u;
    %jmp/1 T_30.146, 6;
    %dup/vec4;
    %pushi/vec4 147, 0, 8;
    %cmp/u;
    %jmp/1 T_30.147, 6;
    %dup/vec4;
    %pushi/vec4 148, 0, 8;
    %cmp/u;
    %jmp/1 T_30.148, 6;
    %dup/vec4;
    %pushi/vec4 149, 0, 8;
    %cmp/u;
    %jmp/1 T_30.149, 6;
    %dup/vec4;
    %pushi/vec4 150, 0, 8;
    %cmp/u;
    %jmp/1 T_30.150, 6;
    %dup/vec4;
    %pushi/vec4 151, 0, 8;
    %cmp/u;
    %jmp/1 T_30.151, 6;
    %dup/vec4;
    %pushi/vec4 152, 0, 8;
    %cmp/u;
    %jmp/1 T_30.152, 6;
    %dup/vec4;
    %pushi/vec4 153, 0, 8;
    %cmp/u;
    %jmp/1 T_30.153, 6;
    %dup/vec4;
    %pushi/vec4 154, 0, 8;
    %cmp/u;
    %jmp/1 T_30.154, 6;
    %dup/vec4;
    %pushi/vec4 155, 0, 8;
    %cmp/u;
    %jmp/1 T_30.155, 6;
    %dup/vec4;
    %pushi/vec4 156, 0, 8;
    %cmp/u;
    %jmp/1 T_30.156, 6;
    %dup/vec4;
    %pushi/vec4 157, 0, 8;
    %cmp/u;
    %jmp/1 T_30.157, 6;
    %dup/vec4;
    %pushi/vec4 158, 0, 8;
    %cmp/u;
    %jmp/1 T_30.158, 6;
    %dup/vec4;
    %pushi/vec4 159, 0, 8;
    %cmp/u;
    %jmp/1 T_30.159, 6;
    %dup/vec4;
    %pushi/vec4 160, 0, 8;
    %cmp/u;
    %jmp/1 T_30.160, 6;
    %dup/vec4;
    %pushi/vec4 161, 0, 8;
    %cmp/u;
    %jmp/1 T_30.161, 6;
    %dup/vec4;
    %pushi/vec4 162, 0, 8;
    %cmp/u;
    %jmp/1 T_30.162, 6;
    %dup/vec4;
    %pushi/vec4 163, 0, 8;
    %cmp/u;
    %jmp/1 T_30.163, 6;
    %dup/vec4;
    %pushi/vec4 164, 0, 8;
    %cmp/u;
    %jmp/1 T_30.164, 6;
    %dup/vec4;
    %pushi/vec4 165, 0, 8;
    %cmp/u;
    %jmp/1 T_30.165, 6;
    %dup/vec4;
    %pushi/vec4 166, 0, 8;
    %cmp/u;
    %jmp/1 T_30.166, 6;
    %dup/vec4;
    %pushi/vec4 167, 0, 8;
    %cmp/u;
    %jmp/1 T_30.167, 6;
    %dup/vec4;
    %pushi/vec4 168, 0, 8;
    %cmp/u;
    %jmp/1 T_30.168, 6;
    %dup/vec4;
    %pushi/vec4 169, 0, 8;
    %cmp/u;
    %jmp/1 T_30.169, 6;
    %dup/vec4;
    %pushi/vec4 170, 0, 8;
    %cmp/u;
    %jmp/1 T_30.170, 6;
    %dup/vec4;
    %pushi/vec4 171, 0, 8;
    %cmp/u;
    %jmp/1 T_30.171, 6;
    %dup/vec4;
    %pushi/vec4 172, 0, 8;
    %cmp/u;
    %jmp/1 T_30.172, 6;
    %dup/vec4;
    %pushi/vec4 173, 0, 8;
    %cmp/u;
    %jmp/1 T_30.173, 6;
    %dup/vec4;
    %pushi/vec4 174, 0, 8;
    %cmp/u;
    %jmp/1 T_30.174, 6;
    %dup/vec4;
    %pushi/vec4 175, 0, 8;
    %cmp/u;
    %jmp/1 T_30.175, 6;
    %dup/vec4;
    %pushi/vec4 176, 0, 8;
    %cmp/u;
    %jmp/1 T_30.176, 6;
    %dup/vec4;
    %pushi/vec4 177, 0, 8;
    %cmp/u;
    %jmp/1 T_30.177, 6;
    %dup/vec4;
    %pushi/vec4 178, 0, 8;
    %cmp/u;
    %jmp/1 T_30.178, 6;
    %dup/vec4;
    %pushi/vec4 179, 0, 8;
    %cmp/u;
    %jmp/1 T_30.179, 6;
    %dup/vec4;
    %pushi/vec4 180, 0, 8;
    %cmp/u;
    %jmp/1 T_30.180, 6;
    %dup/vec4;
    %pushi/vec4 181, 0, 8;
    %cmp/u;
    %jmp/1 T_30.181, 6;
    %dup/vec4;
    %pushi/vec4 182, 0, 8;
    %cmp/u;
    %jmp/1 T_30.182, 6;
    %dup/vec4;
    %pushi/vec4 183, 0, 8;
    %cmp/u;
    %jmp/1 T_30.183, 6;
    %dup/vec4;
    %pushi/vec4 184, 0, 8;
    %cmp/u;
    %jmp/1 T_30.184, 6;
    %dup/vec4;
    %pushi/vec4 185, 0, 8;
    %cmp/u;
    %jmp/1 T_30.185, 6;
    %dup/vec4;
    %pushi/vec4 186, 0, 8;
    %cmp/u;
    %jmp/1 T_30.186, 6;
    %dup/vec4;
    %pushi/vec4 187, 0, 8;
    %cmp/u;
    %jmp/1 T_30.187, 6;
    %dup/vec4;
    %pushi/vec4 188, 0, 8;
    %cmp/u;
    %jmp/1 T_30.188, 6;
    %dup/vec4;
    %pushi/vec4 189, 0, 8;
    %cmp/u;
    %jmp/1 T_30.189, 6;
    %dup/vec4;
    %pushi/vec4 190, 0, 8;
    %cmp/u;
    %jmp/1 T_30.190, 6;
    %dup/vec4;
    %pushi/vec4 191, 0, 8;
    %cmp/u;
    %jmp/1 T_30.191, 6;
    %dup/vec4;
    %pushi/vec4 192, 0, 8;
    %cmp/u;
    %jmp/1 T_30.192, 6;
    %dup/vec4;
    %pushi/vec4 193, 0, 8;
    %cmp/u;
    %jmp/1 T_30.193, 6;
    %dup/vec4;
    %pushi/vec4 194, 0, 8;
    %cmp/u;
    %jmp/1 T_30.194, 6;
    %dup/vec4;
    %pushi/vec4 195, 0, 8;
    %cmp/u;
    %jmp/1 T_30.195, 6;
    %dup/vec4;
    %pushi/vec4 196, 0, 8;
    %cmp/u;
    %jmp/1 T_30.196, 6;
    %dup/vec4;
    %pushi/vec4 197, 0, 8;
    %cmp/u;
    %jmp/1 T_30.197, 6;
    %dup/vec4;
    %pushi/vec4 198, 0, 8;
    %cmp/u;
    %jmp/1 T_30.198, 6;
    %dup/vec4;
    %pushi/vec4 199, 0, 8;
    %cmp/u;
    %jmp/1 T_30.199, 6;
    %dup/vec4;
    %pushi/vec4 200, 0, 8;
    %cmp/u;
    %jmp/1 T_30.200, 6;
    %dup/vec4;
    %pushi/vec4 201, 0, 8;
    %cmp/u;
    %jmp/1 T_30.201, 6;
    %dup/vec4;
    %pushi/vec4 202, 0, 8;
    %cmp/u;
    %jmp/1 T_30.202, 6;
    %dup/vec4;
    %pushi/vec4 203, 0, 8;
    %cmp/u;
    %jmp/1 T_30.203, 6;
    %dup/vec4;
    %pushi/vec4 204, 0, 8;
    %cmp/u;
    %jmp/1 T_30.204, 6;
    %dup/vec4;
    %pushi/vec4 205, 0, 8;
    %cmp/u;
    %jmp/1 T_30.205, 6;
    %dup/vec4;
    %pushi/vec4 206, 0, 8;
    %cmp/u;
    %jmp/1 T_30.206, 6;
    %dup/vec4;
    %pushi/vec4 207, 0, 8;
    %cmp/u;
    %jmp/1 T_30.207, 6;
    %dup/vec4;
    %pushi/vec4 208, 0, 8;
    %cmp/u;
    %jmp/1 T_30.208, 6;
    %dup/vec4;
    %pushi/vec4 209, 0, 8;
    %cmp/u;
    %jmp/1 T_30.209, 6;
    %dup/vec4;
    %pushi/vec4 210, 0, 8;
    %cmp/u;
    %jmp/1 T_30.210, 6;
    %dup/vec4;
    %pushi/vec4 211, 0, 8;
    %cmp/u;
    %jmp/1 T_30.211, 6;
    %dup/vec4;
    %pushi/vec4 212, 0, 8;
    %cmp/u;
    %jmp/1 T_30.212, 6;
    %dup/vec4;
    %pushi/vec4 213, 0, 8;
    %cmp/u;
    %jmp/1 T_30.213, 6;
    %dup/vec4;
    %pushi/vec4 214, 0, 8;
    %cmp/u;
    %jmp/1 T_30.214, 6;
    %dup/vec4;
    %pushi/vec4 215, 0, 8;
    %cmp/u;
    %jmp/1 T_30.215, 6;
    %dup/vec4;
    %pushi/vec4 216, 0, 8;
    %cmp/u;
    %jmp/1 T_30.216, 6;
    %dup/vec4;
    %pushi/vec4 217, 0, 8;
    %cmp/u;
    %jmp/1 T_30.217, 6;
    %dup/vec4;
    %pushi/vec4 218, 0, 8;
    %cmp/u;
    %jmp/1 T_30.218, 6;
    %dup/vec4;
    %pushi/vec4 219, 0, 8;
    %cmp/u;
    %jmp/1 T_30.219, 6;
    %dup/vec4;
    %pushi/vec4 220, 0, 8;
    %cmp/u;
    %jmp/1 T_30.220, 6;
    %dup/vec4;
    %pushi/vec4 221, 0, 8;
    %cmp/u;
    %jmp/1 T_30.221, 6;
    %dup/vec4;
    %pushi/vec4 222, 0, 8;
    %cmp/u;
    %jmp/1 T_30.222, 6;
    %dup/vec4;
    %pushi/vec4 223, 0, 8;
    %cmp/u;
    %jmp/1 T_30.223, 6;
    %dup/vec4;
    %pushi/vec4 224, 0, 8;
    %cmp/u;
    %jmp/1 T_30.224, 6;
    %dup/vec4;
    %pushi/vec4 225, 0, 8;
    %cmp/u;
    %jmp/1 T_30.225, 6;
    %dup/vec4;
    %pushi/vec4 226, 0, 8;
    %cmp/u;
    %jmp/1 T_30.226, 6;
    %dup/vec4;
    %pushi/vec4 227, 0, 8;
    %cmp/u;
    %jmp/1 T_30.227, 6;
    %dup/vec4;
    %pushi/vec4 228, 0, 8;
    %cmp/u;
    %jmp/1 T_30.228, 6;
    %dup/vec4;
    %pushi/vec4 229, 0, 8;
    %cmp/u;
    %jmp/1 T_30.229, 6;
    %dup/vec4;
    %pushi/vec4 230, 0, 8;
    %cmp/u;
    %jmp/1 T_30.230, 6;
    %dup/vec4;
    %pushi/vec4 231, 0, 8;
    %cmp/u;
    %jmp/1 T_30.231, 6;
    %dup/vec4;
    %pushi/vec4 232, 0, 8;
    %cmp/u;
    %jmp/1 T_30.232, 6;
    %dup/vec4;
    %pushi/vec4 233, 0, 8;
    %cmp/u;
    %jmp/1 T_30.233, 6;
    %dup/vec4;
    %pushi/vec4 234, 0, 8;
    %cmp/u;
    %jmp/1 T_30.234, 6;
    %dup/vec4;
    %pushi/vec4 235, 0, 8;
    %cmp/u;
    %jmp/1 T_30.235, 6;
    %dup/vec4;
    %pushi/vec4 236, 0, 8;
    %cmp/u;
    %jmp/1 T_30.236, 6;
    %dup/vec4;
    %pushi/vec4 237, 0, 8;
    %cmp/u;
    %jmp/1 T_30.237, 6;
    %dup/vec4;
    %pushi/vec4 238, 0, 8;
    %cmp/u;
    %jmp/1 T_30.238, 6;
    %dup/vec4;
    %pushi/vec4 239, 0, 8;
    %cmp/u;
    %jmp/1 T_30.239, 6;
    %dup/vec4;
    %pushi/vec4 240, 0, 8;
    %cmp/u;
    %jmp/1 T_30.240, 6;
    %dup/vec4;
    %pushi/vec4 241, 0, 8;
    %cmp/u;
    %jmp/1 T_30.241, 6;
    %dup/vec4;
    %pushi/vec4 242, 0, 8;
    %cmp/u;
    %jmp/1 T_30.242, 6;
    %dup/vec4;
    %pushi/vec4 243, 0, 8;
    %cmp/u;
    %jmp/1 T_30.243, 6;
    %dup/vec4;
    %pushi/vec4 244, 0, 8;
    %cmp/u;
    %jmp/1 T_30.244, 6;
    %dup/vec4;
    %pushi/vec4 245, 0, 8;
    %cmp/u;
    %jmp/1 T_30.245, 6;
    %dup/vec4;
    %pushi/vec4 246, 0, 8;
    %cmp/u;
    %jmp/1 T_30.246, 6;
    %dup/vec4;
    %pushi/vec4 247, 0, 8;
    %cmp/u;
    %jmp/1 T_30.247, 6;
    %dup/vec4;
    %pushi/vec4 248, 0, 8;
    %cmp/u;
    %jmp/1 T_30.248, 6;
    %dup/vec4;
    %pushi/vec4 249, 0, 8;
    %cmp/u;
    %jmp/1 T_30.249, 6;
    %dup/vec4;
    %pushi/vec4 250, 0, 8;
    %cmp/u;
    %jmp/1 T_30.250, 6;
    %dup/vec4;
    %pushi/vec4 251, 0, 8;
    %cmp/u;
    %jmp/1 T_30.251, 6;
    %dup/vec4;
    %pushi/vec4 252, 0, 8;
    %cmp/u;
    %jmp/1 T_30.252, 6;
    %dup/vec4;
    %pushi/vec4 253, 0, 8;
    %cmp/u;
    %jmp/1 T_30.253, 6;
    %dup/vec4;
    %pushi/vec4 254, 0, 8;
    %cmp/u;
    %jmp/1 T_30.254, 6;
    %dup/vec4;
    %pushi/vec4 255, 0, 8;
    %cmp/u;
    %jmp/1 T_30.255, 6;
    %jmp T_30.256;
T_30.0 ;
    %pushi/vec4 99, 0, 8;
    %store/vec4 v00000149b1449380_0, 0, 8;
    %jmp T_30.256;
T_30.1 ;
    %pushi/vec4 124, 0, 8;
    %store/vec4 v00000149b1449380_0, 0, 8;
    %jmp T_30.256;
T_30.2 ;
    %pushi/vec4 119, 0, 8;
    %store/vec4 v00000149b1449380_0, 0, 8;
    %jmp T_30.256;
T_30.3 ;
    %pushi/vec4 123, 0, 8;
    %store/vec4 v00000149b1449380_0, 0, 8;
    %jmp T_30.256;
T_30.4 ;
    %pushi/vec4 242, 0, 8;
    %store/vec4 v00000149b1449380_0, 0, 8;
    %jmp T_30.256;
T_30.5 ;
    %pushi/vec4 107, 0, 8;
    %store/vec4 v00000149b1449380_0, 0, 8;
    %jmp T_30.256;
T_30.6 ;
    %pushi/vec4 111, 0, 8;
    %store/vec4 v00000149b1449380_0, 0, 8;
    %jmp T_30.256;
T_30.7 ;
    %pushi/vec4 197, 0, 8;
    %store/vec4 v00000149b1449380_0, 0, 8;
    %jmp T_30.256;
T_30.8 ;
    %pushi/vec4 48, 0, 8;
    %store/vec4 v00000149b1449380_0, 0, 8;
    %jmp T_30.256;
T_30.9 ;
    %pushi/vec4 1, 0, 8;
    %store/vec4 v00000149b1449380_0, 0, 8;
    %jmp T_30.256;
T_30.10 ;
    %pushi/vec4 103, 0, 8;
    %store/vec4 v00000149b1449380_0, 0, 8;
    %jmp T_30.256;
T_30.11 ;
    %pushi/vec4 43, 0, 8;
    %store/vec4 v00000149b1449380_0, 0, 8;
    %jmp T_30.256;
T_30.12 ;
    %pushi/vec4 254, 0, 8;
    %store/vec4 v00000149b1449380_0, 0, 8;
    %jmp T_30.256;
T_30.13 ;
    %pushi/vec4 215, 0, 8;
    %store/vec4 v00000149b1449380_0, 0, 8;
    %jmp T_30.256;
T_30.14 ;
    %pushi/vec4 171, 0, 8;
    %store/vec4 v00000149b1449380_0, 0, 8;
    %jmp T_30.256;
T_30.15 ;
    %pushi/vec4 118, 0, 8;
    %store/vec4 v00000149b1449380_0, 0, 8;
    %jmp T_30.256;
T_30.16 ;
    %pushi/vec4 202, 0, 8;
    %store/vec4 v00000149b1449380_0, 0, 8;
    %jmp T_30.256;
T_30.17 ;
    %pushi/vec4 130, 0, 8;
    %store/vec4 v00000149b1449380_0, 0, 8;
    %jmp T_30.256;
T_30.18 ;
    %pushi/vec4 201, 0, 8;
    %store/vec4 v00000149b1449380_0, 0, 8;
    %jmp T_30.256;
T_30.19 ;
    %pushi/vec4 125, 0, 8;
    %store/vec4 v00000149b1449380_0, 0, 8;
    %jmp T_30.256;
T_30.20 ;
    %pushi/vec4 250, 0, 8;
    %store/vec4 v00000149b1449380_0, 0, 8;
    %jmp T_30.256;
T_30.21 ;
    %pushi/vec4 89, 0, 8;
    %store/vec4 v00000149b1449380_0, 0, 8;
    %jmp T_30.256;
T_30.22 ;
    %pushi/vec4 71, 0, 8;
    %store/vec4 v00000149b1449380_0, 0, 8;
    %jmp T_30.256;
T_30.23 ;
    %pushi/vec4 240, 0, 8;
    %store/vec4 v00000149b1449380_0, 0, 8;
    %jmp T_30.256;
T_30.24 ;
    %pushi/vec4 173, 0, 8;
    %store/vec4 v00000149b1449380_0, 0, 8;
    %jmp T_30.256;
T_30.25 ;
    %pushi/vec4 212, 0, 8;
    %store/vec4 v00000149b1449380_0, 0, 8;
    %jmp T_30.256;
T_30.26 ;
    %pushi/vec4 162, 0, 8;
    %store/vec4 v00000149b1449380_0, 0, 8;
    %jmp T_30.256;
T_30.27 ;
    %pushi/vec4 175, 0, 8;
    %store/vec4 v00000149b1449380_0, 0, 8;
    %jmp T_30.256;
T_30.28 ;
    %pushi/vec4 156, 0, 8;
    %store/vec4 v00000149b1449380_0, 0, 8;
    %jmp T_30.256;
T_30.29 ;
    %pushi/vec4 164, 0, 8;
    %store/vec4 v00000149b1449380_0, 0, 8;
    %jmp T_30.256;
T_30.30 ;
    %pushi/vec4 114, 0, 8;
    %store/vec4 v00000149b1449380_0, 0, 8;
    %jmp T_30.256;
T_30.31 ;
    %pushi/vec4 192, 0, 8;
    %store/vec4 v00000149b1449380_0, 0, 8;
    %jmp T_30.256;
T_30.32 ;
    %pushi/vec4 183, 0, 8;
    %store/vec4 v00000149b1449380_0, 0, 8;
    %jmp T_30.256;
T_30.33 ;
    %pushi/vec4 253, 0, 8;
    %store/vec4 v00000149b1449380_0, 0, 8;
    %jmp T_30.256;
T_30.34 ;
    %pushi/vec4 147, 0, 8;
    %store/vec4 v00000149b1449380_0, 0, 8;
    %jmp T_30.256;
T_30.35 ;
    %pushi/vec4 38, 0, 8;
    %store/vec4 v00000149b1449380_0, 0, 8;
    %jmp T_30.256;
T_30.36 ;
    %pushi/vec4 54, 0, 8;
    %store/vec4 v00000149b1449380_0, 0, 8;
    %jmp T_30.256;
T_30.37 ;
    %pushi/vec4 63, 0, 8;
    %store/vec4 v00000149b1449380_0, 0, 8;
    %jmp T_30.256;
T_30.38 ;
    %pushi/vec4 247, 0, 8;
    %store/vec4 v00000149b1449380_0, 0, 8;
    %jmp T_30.256;
T_30.39 ;
    %pushi/vec4 204, 0, 8;
    %store/vec4 v00000149b1449380_0, 0, 8;
    %jmp T_30.256;
T_30.40 ;
    %pushi/vec4 52, 0, 8;
    %store/vec4 v00000149b1449380_0, 0, 8;
    %jmp T_30.256;
T_30.41 ;
    %pushi/vec4 165, 0, 8;
    %store/vec4 v00000149b1449380_0, 0, 8;
    %jmp T_30.256;
T_30.42 ;
    %pushi/vec4 229, 0, 8;
    %store/vec4 v00000149b1449380_0, 0, 8;
    %jmp T_30.256;
T_30.43 ;
    %pushi/vec4 241, 0, 8;
    %store/vec4 v00000149b1449380_0, 0, 8;
    %jmp T_30.256;
T_30.44 ;
    %pushi/vec4 113, 0, 8;
    %store/vec4 v00000149b1449380_0, 0, 8;
    %jmp T_30.256;
T_30.45 ;
    %pushi/vec4 216, 0, 8;
    %store/vec4 v00000149b1449380_0, 0, 8;
    %jmp T_30.256;
T_30.46 ;
    %pushi/vec4 49, 0, 8;
    %store/vec4 v00000149b1449380_0, 0, 8;
    %jmp T_30.256;
T_30.47 ;
    %pushi/vec4 21, 0, 8;
    %store/vec4 v00000149b1449380_0, 0, 8;
    %jmp T_30.256;
T_30.48 ;
    %pushi/vec4 4, 0, 8;
    %store/vec4 v00000149b1449380_0, 0, 8;
    %jmp T_30.256;
T_30.49 ;
    %pushi/vec4 199, 0, 8;
    %store/vec4 v00000149b1449380_0, 0, 8;
    %jmp T_30.256;
T_30.50 ;
    %pushi/vec4 35, 0, 8;
    %store/vec4 v00000149b1449380_0, 0, 8;
    %jmp T_30.256;
T_30.51 ;
    %pushi/vec4 195, 0, 8;
    %store/vec4 v00000149b1449380_0, 0, 8;
    %jmp T_30.256;
T_30.52 ;
    %pushi/vec4 24, 0, 8;
    %store/vec4 v00000149b1449380_0, 0, 8;
    %jmp T_30.256;
T_30.53 ;
    %pushi/vec4 150, 0, 8;
    %store/vec4 v00000149b1449380_0, 0, 8;
    %jmp T_30.256;
T_30.54 ;
    %pushi/vec4 5, 0, 8;
    %store/vec4 v00000149b1449380_0, 0, 8;
    %jmp T_30.256;
T_30.55 ;
    %pushi/vec4 154, 0, 8;
    %store/vec4 v00000149b1449380_0, 0, 8;
    %jmp T_30.256;
T_30.56 ;
    %pushi/vec4 7, 0, 8;
    %store/vec4 v00000149b1449380_0, 0, 8;
    %jmp T_30.256;
T_30.57 ;
    %pushi/vec4 18, 0, 8;
    %store/vec4 v00000149b1449380_0, 0, 8;
    %jmp T_30.256;
T_30.58 ;
    %pushi/vec4 128, 0, 8;
    %store/vec4 v00000149b1449380_0, 0, 8;
    %jmp T_30.256;
T_30.59 ;
    %pushi/vec4 226, 0, 8;
    %store/vec4 v00000149b1449380_0, 0, 8;
    %jmp T_30.256;
T_30.60 ;
    %pushi/vec4 235, 0, 8;
    %store/vec4 v00000149b1449380_0, 0, 8;
    %jmp T_30.256;
T_30.61 ;
    %pushi/vec4 39, 0, 8;
    %store/vec4 v00000149b1449380_0, 0, 8;
    %jmp T_30.256;
T_30.62 ;
    %pushi/vec4 178, 0, 8;
    %store/vec4 v00000149b1449380_0, 0, 8;
    %jmp T_30.256;
T_30.63 ;
    %pushi/vec4 117, 0, 8;
    %store/vec4 v00000149b1449380_0, 0, 8;
    %jmp T_30.256;
T_30.64 ;
    %pushi/vec4 9, 0, 8;
    %store/vec4 v00000149b1449380_0, 0, 8;
    %jmp T_30.256;
T_30.65 ;
    %pushi/vec4 131, 0, 8;
    %store/vec4 v00000149b1449380_0, 0, 8;
    %jmp T_30.256;
T_30.66 ;
    %pushi/vec4 44, 0, 8;
    %store/vec4 v00000149b1449380_0, 0, 8;
    %jmp T_30.256;
T_30.67 ;
    %pushi/vec4 26, 0, 8;
    %store/vec4 v00000149b1449380_0, 0, 8;
    %jmp T_30.256;
T_30.68 ;
    %pushi/vec4 27, 0, 8;
    %store/vec4 v00000149b1449380_0, 0, 8;
    %jmp T_30.256;
T_30.69 ;
    %pushi/vec4 110, 0, 8;
    %store/vec4 v00000149b1449380_0, 0, 8;
    %jmp T_30.256;
T_30.70 ;
    %pushi/vec4 90, 0, 8;
    %store/vec4 v00000149b1449380_0, 0, 8;
    %jmp T_30.256;
T_30.71 ;
    %pushi/vec4 160, 0, 8;
    %store/vec4 v00000149b1449380_0, 0, 8;
    %jmp T_30.256;
T_30.72 ;
    %pushi/vec4 82, 0, 8;
    %store/vec4 v00000149b1449380_0, 0, 8;
    %jmp T_30.256;
T_30.73 ;
    %pushi/vec4 59, 0, 8;
    %store/vec4 v00000149b1449380_0, 0, 8;
    %jmp T_30.256;
T_30.74 ;
    %pushi/vec4 214, 0, 8;
    %store/vec4 v00000149b1449380_0, 0, 8;
    %jmp T_30.256;
T_30.75 ;
    %pushi/vec4 179, 0, 8;
    %store/vec4 v00000149b1449380_0, 0, 8;
    %jmp T_30.256;
T_30.76 ;
    %pushi/vec4 41, 0, 8;
    %store/vec4 v00000149b1449380_0, 0, 8;
    %jmp T_30.256;
T_30.77 ;
    %pushi/vec4 227, 0, 8;
    %store/vec4 v00000149b1449380_0, 0, 8;
    %jmp T_30.256;
T_30.78 ;
    %pushi/vec4 47, 0, 8;
    %store/vec4 v00000149b1449380_0, 0, 8;
    %jmp T_30.256;
T_30.79 ;
    %pushi/vec4 132, 0, 8;
    %store/vec4 v00000149b1449380_0, 0, 8;
    %jmp T_30.256;
T_30.80 ;
    %pushi/vec4 83, 0, 8;
    %store/vec4 v00000149b1449380_0, 0, 8;
    %jmp T_30.256;
T_30.81 ;
    %pushi/vec4 209, 0, 8;
    %store/vec4 v00000149b1449380_0, 0, 8;
    %jmp T_30.256;
T_30.82 ;
    %pushi/vec4 0, 0, 8;
    %store/vec4 v00000149b1449380_0, 0, 8;
    %jmp T_30.256;
T_30.83 ;
    %pushi/vec4 237, 0, 8;
    %store/vec4 v00000149b1449380_0, 0, 8;
    %jmp T_30.256;
T_30.84 ;
    %pushi/vec4 32, 0, 8;
    %store/vec4 v00000149b1449380_0, 0, 8;
    %jmp T_30.256;
T_30.85 ;
    %pushi/vec4 252, 0, 8;
    %store/vec4 v00000149b1449380_0, 0, 8;
    %jmp T_30.256;
T_30.86 ;
    %pushi/vec4 177, 0, 8;
    %store/vec4 v00000149b1449380_0, 0, 8;
    %jmp T_30.256;
T_30.87 ;
    %pushi/vec4 91, 0, 8;
    %store/vec4 v00000149b1449380_0, 0, 8;
    %jmp T_30.256;
T_30.88 ;
    %pushi/vec4 106, 0, 8;
    %store/vec4 v00000149b1449380_0, 0, 8;
    %jmp T_30.256;
T_30.89 ;
    %pushi/vec4 203, 0, 8;
    %store/vec4 v00000149b1449380_0, 0, 8;
    %jmp T_30.256;
T_30.90 ;
    %pushi/vec4 190, 0, 8;
    %store/vec4 v00000149b1449380_0, 0, 8;
    %jmp T_30.256;
T_30.91 ;
    %pushi/vec4 57, 0, 8;
    %store/vec4 v00000149b1449380_0, 0, 8;
    %jmp T_30.256;
T_30.92 ;
    %pushi/vec4 74, 0, 8;
    %store/vec4 v00000149b1449380_0, 0, 8;
    %jmp T_30.256;
T_30.93 ;
    %pushi/vec4 76, 0, 8;
    %store/vec4 v00000149b1449380_0, 0, 8;
    %jmp T_30.256;
T_30.94 ;
    %pushi/vec4 88, 0, 8;
    %store/vec4 v00000149b1449380_0, 0, 8;
    %jmp T_30.256;
T_30.95 ;
    %pushi/vec4 207, 0, 8;
    %store/vec4 v00000149b1449380_0, 0, 8;
    %jmp T_30.256;
T_30.96 ;
    %pushi/vec4 208, 0, 8;
    %store/vec4 v00000149b1449380_0, 0, 8;
    %jmp T_30.256;
T_30.97 ;
    %pushi/vec4 239, 0, 8;
    %store/vec4 v00000149b1449380_0, 0, 8;
    %jmp T_30.256;
T_30.98 ;
    %pushi/vec4 170, 0, 8;
    %store/vec4 v00000149b1449380_0, 0, 8;
    %jmp T_30.256;
T_30.99 ;
    %pushi/vec4 251, 0, 8;
    %store/vec4 v00000149b1449380_0, 0, 8;
    %jmp T_30.256;
T_30.100 ;
    %pushi/vec4 67, 0, 8;
    %store/vec4 v00000149b1449380_0, 0, 8;
    %jmp T_30.256;
T_30.101 ;
    %pushi/vec4 77, 0, 8;
    %store/vec4 v00000149b1449380_0, 0, 8;
    %jmp T_30.256;
T_30.102 ;
    %pushi/vec4 51, 0, 8;
    %store/vec4 v00000149b1449380_0, 0, 8;
    %jmp T_30.256;
T_30.103 ;
    %pushi/vec4 133, 0, 8;
    %store/vec4 v00000149b1449380_0, 0, 8;
    %jmp T_30.256;
T_30.104 ;
    %pushi/vec4 69, 0, 8;
    %store/vec4 v00000149b1449380_0, 0, 8;
    %jmp T_30.256;
T_30.105 ;
    %pushi/vec4 249, 0, 8;
    %store/vec4 v00000149b1449380_0, 0, 8;
    %jmp T_30.256;
T_30.106 ;
    %pushi/vec4 2, 0, 8;
    %store/vec4 v00000149b1449380_0, 0, 8;
    %jmp T_30.256;
T_30.107 ;
    %pushi/vec4 127, 0, 8;
    %store/vec4 v00000149b1449380_0, 0, 8;
    %jmp T_30.256;
T_30.108 ;
    %pushi/vec4 80, 0, 8;
    %store/vec4 v00000149b1449380_0, 0, 8;
    %jmp T_30.256;
T_30.109 ;
    %pushi/vec4 60, 0, 8;
    %store/vec4 v00000149b1449380_0, 0, 8;
    %jmp T_30.256;
T_30.110 ;
    %pushi/vec4 159, 0, 8;
    %store/vec4 v00000149b1449380_0, 0, 8;
    %jmp T_30.256;
T_30.111 ;
    %pushi/vec4 168, 0, 8;
    %store/vec4 v00000149b1449380_0, 0, 8;
    %jmp T_30.256;
T_30.112 ;
    %pushi/vec4 81, 0, 8;
    %store/vec4 v00000149b1449380_0, 0, 8;
    %jmp T_30.256;
T_30.113 ;
    %pushi/vec4 163, 0, 8;
    %store/vec4 v00000149b1449380_0, 0, 8;
    %jmp T_30.256;
T_30.114 ;
    %pushi/vec4 64, 0, 8;
    %store/vec4 v00000149b1449380_0, 0, 8;
    %jmp T_30.256;
T_30.115 ;
    %pushi/vec4 143, 0, 8;
    %store/vec4 v00000149b1449380_0, 0, 8;
    %jmp T_30.256;
T_30.116 ;
    %pushi/vec4 146, 0, 8;
    %store/vec4 v00000149b1449380_0, 0, 8;
    %jmp T_30.256;
T_30.117 ;
    %pushi/vec4 157, 0, 8;
    %store/vec4 v00000149b1449380_0, 0, 8;
    %jmp T_30.256;
T_30.118 ;
    %pushi/vec4 56, 0, 8;
    %store/vec4 v00000149b1449380_0, 0, 8;
    %jmp T_30.256;
T_30.119 ;
    %pushi/vec4 245, 0, 8;
    %store/vec4 v00000149b1449380_0, 0, 8;
    %jmp T_30.256;
T_30.120 ;
    %pushi/vec4 188, 0, 8;
    %store/vec4 v00000149b1449380_0, 0, 8;
    %jmp T_30.256;
T_30.121 ;
    %pushi/vec4 182, 0, 8;
    %store/vec4 v00000149b1449380_0, 0, 8;
    %jmp T_30.256;
T_30.122 ;
    %pushi/vec4 218, 0, 8;
    %store/vec4 v00000149b1449380_0, 0, 8;
    %jmp T_30.256;
T_30.123 ;
    %pushi/vec4 33, 0, 8;
    %store/vec4 v00000149b1449380_0, 0, 8;
    %jmp T_30.256;
T_30.124 ;
    %pushi/vec4 16, 0, 8;
    %store/vec4 v00000149b1449380_0, 0, 8;
    %jmp T_30.256;
T_30.125 ;
    %pushi/vec4 255, 0, 8;
    %store/vec4 v00000149b1449380_0, 0, 8;
    %jmp T_30.256;
T_30.126 ;
    %pushi/vec4 243, 0, 8;
    %store/vec4 v00000149b1449380_0, 0, 8;
    %jmp T_30.256;
T_30.127 ;
    %pushi/vec4 210, 0, 8;
    %store/vec4 v00000149b1449380_0, 0, 8;
    %jmp T_30.256;
T_30.128 ;
    %pushi/vec4 205, 0, 8;
    %store/vec4 v00000149b1449380_0, 0, 8;
    %jmp T_30.256;
T_30.129 ;
    %pushi/vec4 12, 0, 8;
    %store/vec4 v00000149b1449380_0, 0, 8;
    %jmp T_30.256;
T_30.130 ;
    %pushi/vec4 19, 0, 8;
    %store/vec4 v00000149b1449380_0, 0, 8;
    %jmp T_30.256;
T_30.131 ;
    %pushi/vec4 236, 0, 8;
    %store/vec4 v00000149b1449380_0, 0, 8;
    %jmp T_30.256;
T_30.132 ;
    %pushi/vec4 95, 0, 8;
    %store/vec4 v00000149b1449380_0, 0, 8;
    %jmp T_30.256;
T_30.133 ;
    %pushi/vec4 151, 0, 8;
    %store/vec4 v00000149b1449380_0, 0, 8;
    %jmp T_30.256;
T_30.134 ;
    %pushi/vec4 68, 0, 8;
    %store/vec4 v00000149b1449380_0, 0, 8;
    %jmp T_30.256;
T_30.135 ;
    %pushi/vec4 23, 0, 8;
    %store/vec4 v00000149b1449380_0, 0, 8;
    %jmp T_30.256;
T_30.136 ;
    %pushi/vec4 196, 0, 8;
    %store/vec4 v00000149b1449380_0, 0, 8;
    %jmp T_30.256;
T_30.137 ;
    %pushi/vec4 167, 0, 8;
    %store/vec4 v00000149b1449380_0, 0, 8;
    %jmp T_30.256;
T_30.138 ;
    %pushi/vec4 126, 0, 8;
    %store/vec4 v00000149b1449380_0, 0, 8;
    %jmp T_30.256;
T_30.139 ;
    %pushi/vec4 61, 0, 8;
    %store/vec4 v00000149b1449380_0, 0, 8;
    %jmp T_30.256;
T_30.140 ;
    %pushi/vec4 100, 0, 8;
    %store/vec4 v00000149b1449380_0, 0, 8;
    %jmp T_30.256;
T_30.141 ;
    %pushi/vec4 93, 0, 8;
    %store/vec4 v00000149b1449380_0, 0, 8;
    %jmp T_30.256;
T_30.142 ;
    %pushi/vec4 25, 0, 8;
    %store/vec4 v00000149b1449380_0, 0, 8;
    %jmp T_30.256;
T_30.143 ;
    %pushi/vec4 115, 0, 8;
    %store/vec4 v00000149b1449380_0, 0, 8;
    %jmp T_30.256;
T_30.144 ;
    %pushi/vec4 96, 0, 8;
    %store/vec4 v00000149b1449380_0, 0, 8;
    %jmp T_30.256;
T_30.145 ;
    %pushi/vec4 129, 0, 8;
    %store/vec4 v00000149b1449380_0, 0, 8;
    %jmp T_30.256;
T_30.146 ;
    %pushi/vec4 79, 0, 8;
    %store/vec4 v00000149b1449380_0, 0, 8;
    %jmp T_30.256;
T_30.147 ;
    %pushi/vec4 220, 0, 8;
    %store/vec4 v00000149b1449380_0, 0, 8;
    %jmp T_30.256;
T_30.148 ;
    %pushi/vec4 34, 0, 8;
    %store/vec4 v00000149b1449380_0, 0, 8;
    %jmp T_30.256;
T_30.149 ;
    %pushi/vec4 42, 0, 8;
    %store/vec4 v00000149b1449380_0, 0, 8;
    %jmp T_30.256;
T_30.150 ;
    %pushi/vec4 144, 0, 8;
    %store/vec4 v00000149b1449380_0, 0, 8;
    %jmp T_30.256;
T_30.151 ;
    %pushi/vec4 136, 0, 8;
    %store/vec4 v00000149b1449380_0, 0, 8;
    %jmp T_30.256;
T_30.152 ;
    %pushi/vec4 70, 0, 8;
    %store/vec4 v00000149b1449380_0, 0, 8;
    %jmp T_30.256;
T_30.153 ;
    %pushi/vec4 238, 0, 8;
    %store/vec4 v00000149b1449380_0, 0, 8;
    %jmp T_30.256;
T_30.154 ;
    %pushi/vec4 184, 0, 8;
    %store/vec4 v00000149b1449380_0, 0, 8;
    %jmp T_30.256;
T_30.155 ;
    %pushi/vec4 20, 0, 8;
    %store/vec4 v00000149b1449380_0, 0, 8;
    %jmp T_30.256;
T_30.156 ;
    %pushi/vec4 222, 0, 8;
    %store/vec4 v00000149b1449380_0, 0, 8;
    %jmp T_30.256;
T_30.157 ;
    %pushi/vec4 94, 0, 8;
    %store/vec4 v00000149b1449380_0, 0, 8;
    %jmp T_30.256;
T_30.158 ;
    %pushi/vec4 11, 0, 8;
    %store/vec4 v00000149b1449380_0, 0, 8;
    %jmp T_30.256;
T_30.159 ;
    %pushi/vec4 219, 0, 8;
    %store/vec4 v00000149b1449380_0, 0, 8;
    %jmp T_30.256;
T_30.160 ;
    %pushi/vec4 224, 0, 8;
    %store/vec4 v00000149b1449380_0, 0, 8;
    %jmp T_30.256;
T_30.161 ;
    %pushi/vec4 50, 0, 8;
    %store/vec4 v00000149b1449380_0, 0, 8;
    %jmp T_30.256;
T_30.162 ;
    %pushi/vec4 58, 0, 8;
    %store/vec4 v00000149b1449380_0, 0, 8;
    %jmp T_30.256;
T_30.163 ;
    %pushi/vec4 10, 0, 8;
    %store/vec4 v00000149b1449380_0, 0, 8;
    %jmp T_30.256;
T_30.164 ;
    %pushi/vec4 73, 0, 8;
    %store/vec4 v00000149b1449380_0, 0, 8;
    %jmp T_30.256;
T_30.165 ;
    %pushi/vec4 6, 0, 8;
    %store/vec4 v00000149b1449380_0, 0, 8;
    %jmp T_30.256;
T_30.166 ;
    %pushi/vec4 36, 0, 8;
    %store/vec4 v00000149b1449380_0, 0, 8;
    %jmp T_30.256;
T_30.167 ;
    %pushi/vec4 92, 0, 8;
    %store/vec4 v00000149b1449380_0, 0, 8;
    %jmp T_30.256;
T_30.168 ;
    %pushi/vec4 194, 0, 8;
    %store/vec4 v00000149b1449380_0, 0, 8;
    %jmp T_30.256;
T_30.169 ;
    %pushi/vec4 211, 0, 8;
    %store/vec4 v00000149b1449380_0, 0, 8;
    %jmp T_30.256;
T_30.170 ;
    %pushi/vec4 172, 0, 8;
    %store/vec4 v00000149b1449380_0, 0, 8;
    %jmp T_30.256;
T_30.171 ;
    %pushi/vec4 98, 0, 8;
    %store/vec4 v00000149b1449380_0, 0, 8;
    %jmp T_30.256;
T_30.172 ;
    %pushi/vec4 145, 0, 8;
    %store/vec4 v00000149b1449380_0, 0, 8;
    %jmp T_30.256;
T_30.173 ;
    %pushi/vec4 149, 0, 8;
    %store/vec4 v00000149b1449380_0, 0, 8;
    %jmp T_30.256;
T_30.174 ;
    %pushi/vec4 228, 0, 8;
    %store/vec4 v00000149b1449380_0, 0, 8;
    %jmp T_30.256;
T_30.175 ;
    %pushi/vec4 121, 0, 8;
    %store/vec4 v00000149b1449380_0, 0, 8;
    %jmp T_30.256;
T_30.176 ;
    %pushi/vec4 231, 0, 8;
    %store/vec4 v00000149b1449380_0, 0, 8;
    %jmp T_30.256;
T_30.177 ;
    %pushi/vec4 200, 0, 8;
    %store/vec4 v00000149b1449380_0, 0, 8;
    %jmp T_30.256;
T_30.178 ;
    %pushi/vec4 55, 0, 8;
    %store/vec4 v00000149b1449380_0, 0, 8;
    %jmp T_30.256;
T_30.179 ;
    %pushi/vec4 109, 0, 8;
    %store/vec4 v00000149b1449380_0, 0, 8;
    %jmp T_30.256;
T_30.180 ;
    %pushi/vec4 141, 0, 8;
    %store/vec4 v00000149b1449380_0, 0, 8;
    %jmp T_30.256;
T_30.181 ;
    %pushi/vec4 213, 0, 8;
    %store/vec4 v00000149b1449380_0, 0, 8;
    %jmp T_30.256;
T_30.182 ;
    %pushi/vec4 78, 0, 8;
    %store/vec4 v00000149b1449380_0, 0, 8;
    %jmp T_30.256;
T_30.183 ;
    %pushi/vec4 169, 0, 8;
    %store/vec4 v00000149b1449380_0, 0, 8;
    %jmp T_30.256;
T_30.184 ;
    %pushi/vec4 108, 0, 8;
    %store/vec4 v00000149b1449380_0, 0, 8;
    %jmp T_30.256;
T_30.185 ;
    %pushi/vec4 86, 0, 8;
    %store/vec4 v00000149b1449380_0, 0, 8;
    %jmp T_30.256;
T_30.186 ;
    %pushi/vec4 244, 0, 8;
    %store/vec4 v00000149b1449380_0, 0, 8;
    %jmp T_30.256;
T_30.187 ;
    %pushi/vec4 234, 0, 8;
    %store/vec4 v00000149b1449380_0, 0, 8;
    %jmp T_30.256;
T_30.188 ;
    %pushi/vec4 101, 0, 8;
    %store/vec4 v00000149b1449380_0, 0, 8;
    %jmp T_30.256;
T_30.189 ;
    %pushi/vec4 122, 0, 8;
    %store/vec4 v00000149b1449380_0, 0, 8;
    %jmp T_30.256;
T_30.190 ;
    %pushi/vec4 174, 0, 8;
    %store/vec4 v00000149b1449380_0, 0, 8;
    %jmp T_30.256;
T_30.191 ;
    %pushi/vec4 8, 0, 8;
    %store/vec4 v00000149b1449380_0, 0, 8;
    %jmp T_30.256;
T_30.192 ;
    %pushi/vec4 186, 0, 8;
    %store/vec4 v00000149b1449380_0, 0, 8;
    %jmp T_30.256;
T_30.193 ;
    %pushi/vec4 120, 0, 8;
    %store/vec4 v00000149b1449380_0, 0, 8;
    %jmp T_30.256;
T_30.194 ;
    %pushi/vec4 37, 0, 8;
    %store/vec4 v00000149b1449380_0, 0, 8;
    %jmp T_30.256;
T_30.195 ;
    %pushi/vec4 46, 0, 8;
    %store/vec4 v00000149b1449380_0, 0, 8;
    %jmp T_30.256;
T_30.196 ;
    %pushi/vec4 28, 0, 8;
    %store/vec4 v00000149b1449380_0, 0, 8;
    %jmp T_30.256;
T_30.197 ;
    %pushi/vec4 166, 0, 8;
    %store/vec4 v00000149b1449380_0, 0, 8;
    %jmp T_30.256;
T_30.198 ;
    %pushi/vec4 180, 0, 8;
    %store/vec4 v00000149b1449380_0, 0, 8;
    %jmp T_30.256;
T_30.199 ;
    %pushi/vec4 198, 0, 8;
    %store/vec4 v00000149b1449380_0, 0, 8;
    %jmp T_30.256;
T_30.200 ;
    %pushi/vec4 232, 0, 8;
    %store/vec4 v00000149b1449380_0, 0, 8;
    %jmp T_30.256;
T_30.201 ;
    %pushi/vec4 221, 0, 8;
    %store/vec4 v00000149b1449380_0, 0, 8;
    %jmp T_30.256;
T_30.202 ;
    %pushi/vec4 116, 0, 8;
    %store/vec4 v00000149b1449380_0, 0, 8;
    %jmp T_30.256;
T_30.203 ;
    %pushi/vec4 31, 0, 8;
    %store/vec4 v00000149b1449380_0, 0, 8;
    %jmp T_30.256;
T_30.204 ;
    %pushi/vec4 75, 0, 8;
    %store/vec4 v00000149b1449380_0, 0, 8;
    %jmp T_30.256;
T_30.205 ;
    %pushi/vec4 189, 0, 8;
    %store/vec4 v00000149b1449380_0, 0, 8;
    %jmp T_30.256;
T_30.206 ;
    %pushi/vec4 139, 0, 8;
    %store/vec4 v00000149b1449380_0, 0, 8;
    %jmp T_30.256;
T_30.207 ;
    %pushi/vec4 138, 0, 8;
    %store/vec4 v00000149b1449380_0, 0, 8;
    %jmp T_30.256;
T_30.208 ;
    %pushi/vec4 112, 0, 8;
    %store/vec4 v00000149b1449380_0, 0, 8;
    %jmp T_30.256;
T_30.209 ;
    %pushi/vec4 62, 0, 8;
    %store/vec4 v00000149b1449380_0, 0, 8;
    %jmp T_30.256;
T_30.210 ;
    %pushi/vec4 181, 0, 8;
    %store/vec4 v00000149b1449380_0, 0, 8;
    %jmp T_30.256;
T_30.211 ;
    %pushi/vec4 102, 0, 8;
    %store/vec4 v00000149b1449380_0, 0, 8;
    %jmp T_30.256;
T_30.212 ;
    %pushi/vec4 72, 0, 8;
    %store/vec4 v00000149b1449380_0, 0, 8;
    %jmp T_30.256;
T_30.213 ;
    %pushi/vec4 3, 0, 8;
    %store/vec4 v00000149b1449380_0, 0, 8;
    %jmp T_30.256;
T_30.214 ;
    %pushi/vec4 246, 0, 8;
    %store/vec4 v00000149b1449380_0, 0, 8;
    %jmp T_30.256;
T_30.215 ;
    %pushi/vec4 14, 0, 8;
    %store/vec4 v00000149b1449380_0, 0, 8;
    %jmp T_30.256;
T_30.216 ;
    %pushi/vec4 97, 0, 8;
    %store/vec4 v00000149b1449380_0, 0, 8;
    %jmp T_30.256;
T_30.217 ;
    %pushi/vec4 53, 0, 8;
    %store/vec4 v00000149b1449380_0, 0, 8;
    %jmp T_30.256;
T_30.218 ;
    %pushi/vec4 87, 0, 8;
    %store/vec4 v00000149b1449380_0, 0, 8;
    %jmp T_30.256;
T_30.219 ;
    %pushi/vec4 185, 0, 8;
    %store/vec4 v00000149b1449380_0, 0, 8;
    %jmp T_30.256;
T_30.220 ;
    %pushi/vec4 134, 0, 8;
    %store/vec4 v00000149b1449380_0, 0, 8;
    %jmp T_30.256;
T_30.221 ;
    %pushi/vec4 193, 0, 8;
    %store/vec4 v00000149b1449380_0, 0, 8;
    %jmp T_30.256;
T_30.222 ;
    %pushi/vec4 29, 0, 8;
    %store/vec4 v00000149b1449380_0, 0, 8;
    %jmp T_30.256;
T_30.223 ;
    %pushi/vec4 158, 0, 8;
    %store/vec4 v00000149b1449380_0, 0, 8;
    %jmp T_30.256;
T_30.224 ;
    %pushi/vec4 225, 0, 8;
    %store/vec4 v00000149b1449380_0, 0, 8;
    %jmp T_30.256;
T_30.225 ;
    %pushi/vec4 248, 0, 8;
    %store/vec4 v00000149b1449380_0, 0, 8;
    %jmp T_30.256;
T_30.226 ;
    %pushi/vec4 152, 0, 8;
    %store/vec4 v00000149b1449380_0, 0, 8;
    %jmp T_30.256;
T_30.227 ;
    %pushi/vec4 17, 0, 8;
    %store/vec4 v00000149b1449380_0, 0, 8;
    %jmp T_30.256;
T_30.228 ;
    %pushi/vec4 105, 0, 8;
    %store/vec4 v00000149b1449380_0, 0, 8;
    %jmp T_30.256;
T_30.229 ;
    %pushi/vec4 217, 0, 8;
    %store/vec4 v00000149b1449380_0, 0, 8;
    %jmp T_30.256;
T_30.230 ;
    %pushi/vec4 142, 0, 8;
    %store/vec4 v00000149b1449380_0, 0, 8;
    %jmp T_30.256;
T_30.231 ;
    %pushi/vec4 148, 0, 8;
    %store/vec4 v00000149b1449380_0, 0, 8;
    %jmp T_30.256;
T_30.232 ;
    %pushi/vec4 155, 0, 8;
    %store/vec4 v00000149b1449380_0, 0, 8;
    %jmp T_30.256;
T_30.233 ;
    %pushi/vec4 30, 0, 8;
    %store/vec4 v00000149b1449380_0, 0, 8;
    %jmp T_30.256;
T_30.234 ;
    %pushi/vec4 135, 0, 8;
    %store/vec4 v00000149b1449380_0, 0, 8;
    %jmp T_30.256;
T_30.235 ;
    %pushi/vec4 233, 0, 8;
    %store/vec4 v00000149b1449380_0, 0, 8;
    %jmp T_30.256;
T_30.236 ;
    %pushi/vec4 206, 0, 8;
    %store/vec4 v00000149b1449380_0, 0, 8;
    %jmp T_30.256;
T_30.237 ;
    %pushi/vec4 85, 0, 8;
    %store/vec4 v00000149b1449380_0, 0, 8;
    %jmp T_30.256;
T_30.238 ;
    %pushi/vec4 40, 0, 8;
    %store/vec4 v00000149b1449380_0, 0, 8;
    %jmp T_30.256;
T_30.239 ;
    %pushi/vec4 223, 0, 8;
    %store/vec4 v00000149b1449380_0, 0, 8;
    %jmp T_30.256;
T_30.240 ;
    %pushi/vec4 140, 0, 8;
    %store/vec4 v00000149b1449380_0, 0, 8;
    %jmp T_30.256;
T_30.241 ;
    %pushi/vec4 161, 0, 8;
    %store/vec4 v00000149b1449380_0, 0, 8;
    %jmp T_30.256;
T_30.242 ;
    %pushi/vec4 137, 0, 8;
    %store/vec4 v00000149b1449380_0, 0, 8;
    %jmp T_30.256;
T_30.243 ;
    %pushi/vec4 13, 0, 8;
    %store/vec4 v00000149b1449380_0, 0, 8;
    %jmp T_30.256;
T_30.244 ;
    %pushi/vec4 191, 0, 8;
    %store/vec4 v00000149b1449380_0, 0, 8;
    %jmp T_30.256;
T_30.245 ;
    %pushi/vec4 230, 0, 8;
    %store/vec4 v00000149b1449380_0, 0, 8;
    %jmp T_30.256;
T_30.246 ;
    %pushi/vec4 66, 0, 8;
    %store/vec4 v00000149b1449380_0, 0, 8;
    %jmp T_30.256;
T_30.247 ;
    %pushi/vec4 104, 0, 8;
    %store/vec4 v00000149b1449380_0, 0, 8;
    %jmp T_30.256;
T_30.248 ;
    %pushi/vec4 65, 0, 8;
    %store/vec4 v00000149b1449380_0, 0, 8;
    %jmp T_30.256;
T_30.249 ;
    %pushi/vec4 153, 0, 8;
    %store/vec4 v00000149b1449380_0, 0, 8;
    %jmp T_30.256;
T_30.250 ;
    %pushi/vec4 45, 0, 8;
    %store/vec4 v00000149b1449380_0, 0, 8;
    %jmp T_30.256;
T_30.251 ;
    %pushi/vec4 15, 0, 8;
    %store/vec4 v00000149b1449380_0, 0, 8;
    %jmp T_30.256;
T_30.252 ;
    %pushi/vec4 176, 0, 8;
    %store/vec4 v00000149b1449380_0, 0, 8;
    %jmp T_30.256;
T_30.253 ;
    %pushi/vec4 84, 0, 8;
    %store/vec4 v00000149b1449380_0, 0, 8;
    %jmp T_30.256;
T_30.254 ;
    %pushi/vec4 187, 0, 8;
    %store/vec4 v00000149b1449380_0, 0, 8;
    %jmp T_30.256;
T_30.255 ;
    %pushi/vec4 22, 0, 8;
    %store/vec4 v00000149b1449380_0, 0, 8;
    %jmp T_30.256;
T_30.256 ;
    %pop/vec4 1;
    %jmp T_30;
    .thread T_30, $push;
    .scope S_00000149b144f590;
T_31 ;
    %wait E_00000149b1392e00;
    %load/vec4 v00000149b1448480_0;
    %dup/vec4;
    %pushi/vec4 0, 0, 8;
    %cmp/u;
    %jmp/1 T_31.0, 6;
    %dup/vec4;
    %pushi/vec4 1, 0, 8;
    %cmp/u;
    %jmp/1 T_31.1, 6;
    %dup/vec4;
    %pushi/vec4 2, 0, 8;
    %cmp/u;
    %jmp/1 T_31.2, 6;
    %dup/vec4;
    %pushi/vec4 3, 0, 8;
    %cmp/u;
    %jmp/1 T_31.3, 6;
    %dup/vec4;
    %pushi/vec4 4, 0, 8;
    %cmp/u;
    %jmp/1 T_31.4, 6;
    %dup/vec4;
    %pushi/vec4 5, 0, 8;
    %cmp/u;
    %jmp/1 T_31.5, 6;
    %dup/vec4;
    %pushi/vec4 6, 0, 8;
    %cmp/u;
    %jmp/1 T_31.6, 6;
    %dup/vec4;
    %pushi/vec4 7, 0, 8;
    %cmp/u;
    %jmp/1 T_31.7, 6;
    %dup/vec4;
    %pushi/vec4 8, 0, 8;
    %cmp/u;
    %jmp/1 T_31.8, 6;
    %dup/vec4;
    %pushi/vec4 9, 0, 8;
    %cmp/u;
    %jmp/1 T_31.9, 6;
    %dup/vec4;
    %pushi/vec4 10, 0, 8;
    %cmp/u;
    %jmp/1 T_31.10, 6;
    %dup/vec4;
    %pushi/vec4 11, 0, 8;
    %cmp/u;
    %jmp/1 T_31.11, 6;
    %dup/vec4;
    %pushi/vec4 12, 0, 8;
    %cmp/u;
    %jmp/1 T_31.12, 6;
    %dup/vec4;
    %pushi/vec4 13, 0, 8;
    %cmp/u;
    %jmp/1 T_31.13, 6;
    %dup/vec4;
    %pushi/vec4 14, 0, 8;
    %cmp/u;
    %jmp/1 T_31.14, 6;
    %dup/vec4;
    %pushi/vec4 15, 0, 8;
    %cmp/u;
    %jmp/1 T_31.15, 6;
    %dup/vec4;
    %pushi/vec4 16, 0, 8;
    %cmp/u;
    %jmp/1 T_31.16, 6;
    %dup/vec4;
    %pushi/vec4 17, 0, 8;
    %cmp/u;
    %jmp/1 T_31.17, 6;
    %dup/vec4;
    %pushi/vec4 18, 0, 8;
    %cmp/u;
    %jmp/1 T_31.18, 6;
    %dup/vec4;
    %pushi/vec4 19, 0, 8;
    %cmp/u;
    %jmp/1 T_31.19, 6;
    %dup/vec4;
    %pushi/vec4 20, 0, 8;
    %cmp/u;
    %jmp/1 T_31.20, 6;
    %dup/vec4;
    %pushi/vec4 21, 0, 8;
    %cmp/u;
    %jmp/1 T_31.21, 6;
    %dup/vec4;
    %pushi/vec4 22, 0, 8;
    %cmp/u;
    %jmp/1 T_31.22, 6;
    %dup/vec4;
    %pushi/vec4 23, 0, 8;
    %cmp/u;
    %jmp/1 T_31.23, 6;
    %dup/vec4;
    %pushi/vec4 24, 0, 8;
    %cmp/u;
    %jmp/1 T_31.24, 6;
    %dup/vec4;
    %pushi/vec4 25, 0, 8;
    %cmp/u;
    %jmp/1 T_31.25, 6;
    %dup/vec4;
    %pushi/vec4 26, 0, 8;
    %cmp/u;
    %jmp/1 T_31.26, 6;
    %dup/vec4;
    %pushi/vec4 27, 0, 8;
    %cmp/u;
    %jmp/1 T_31.27, 6;
    %dup/vec4;
    %pushi/vec4 28, 0, 8;
    %cmp/u;
    %jmp/1 T_31.28, 6;
    %dup/vec4;
    %pushi/vec4 29, 0, 8;
    %cmp/u;
    %jmp/1 T_31.29, 6;
    %dup/vec4;
    %pushi/vec4 30, 0, 8;
    %cmp/u;
    %jmp/1 T_31.30, 6;
    %dup/vec4;
    %pushi/vec4 31, 0, 8;
    %cmp/u;
    %jmp/1 T_31.31, 6;
    %dup/vec4;
    %pushi/vec4 32, 0, 8;
    %cmp/u;
    %jmp/1 T_31.32, 6;
    %dup/vec4;
    %pushi/vec4 33, 0, 8;
    %cmp/u;
    %jmp/1 T_31.33, 6;
    %dup/vec4;
    %pushi/vec4 34, 0, 8;
    %cmp/u;
    %jmp/1 T_31.34, 6;
    %dup/vec4;
    %pushi/vec4 35, 0, 8;
    %cmp/u;
    %jmp/1 T_31.35, 6;
    %dup/vec4;
    %pushi/vec4 36, 0, 8;
    %cmp/u;
    %jmp/1 T_31.36, 6;
    %dup/vec4;
    %pushi/vec4 37, 0, 8;
    %cmp/u;
    %jmp/1 T_31.37, 6;
    %dup/vec4;
    %pushi/vec4 38, 0, 8;
    %cmp/u;
    %jmp/1 T_31.38, 6;
    %dup/vec4;
    %pushi/vec4 39, 0, 8;
    %cmp/u;
    %jmp/1 T_31.39, 6;
    %dup/vec4;
    %pushi/vec4 40, 0, 8;
    %cmp/u;
    %jmp/1 T_31.40, 6;
    %dup/vec4;
    %pushi/vec4 41, 0, 8;
    %cmp/u;
    %jmp/1 T_31.41, 6;
    %dup/vec4;
    %pushi/vec4 42, 0, 8;
    %cmp/u;
    %jmp/1 T_31.42, 6;
    %dup/vec4;
    %pushi/vec4 43, 0, 8;
    %cmp/u;
    %jmp/1 T_31.43, 6;
    %dup/vec4;
    %pushi/vec4 44, 0, 8;
    %cmp/u;
    %jmp/1 T_31.44, 6;
    %dup/vec4;
    %pushi/vec4 45, 0, 8;
    %cmp/u;
    %jmp/1 T_31.45, 6;
    %dup/vec4;
    %pushi/vec4 46, 0, 8;
    %cmp/u;
    %jmp/1 T_31.46, 6;
    %dup/vec4;
    %pushi/vec4 47, 0, 8;
    %cmp/u;
    %jmp/1 T_31.47, 6;
    %dup/vec4;
    %pushi/vec4 48, 0, 8;
    %cmp/u;
    %jmp/1 T_31.48, 6;
    %dup/vec4;
    %pushi/vec4 49, 0, 8;
    %cmp/u;
    %jmp/1 T_31.49, 6;
    %dup/vec4;
    %pushi/vec4 50, 0, 8;
    %cmp/u;
    %jmp/1 T_31.50, 6;
    %dup/vec4;
    %pushi/vec4 51, 0, 8;
    %cmp/u;
    %jmp/1 T_31.51, 6;
    %dup/vec4;
    %pushi/vec4 52, 0, 8;
    %cmp/u;
    %jmp/1 T_31.52, 6;
    %dup/vec4;
    %pushi/vec4 53, 0, 8;
    %cmp/u;
    %jmp/1 T_31.53, 6;
    %dup/vec4;
    %pushi/vec4 54, 0, 8;
    %cmp/u;
    %jmp/1 T_31.54, 6;
    %dup/vec4;
    %pushi/vec4 55, 0, 8;
    %cmp/u;
    %jmp/1 T_31.55, 6;
    %dup/vec4;
    %pushi/vec4 56, 0, 8;
    %cmp/u;
    %jmp/1 T_31.56, 6;
    %dup/vec4;
    %pushi/vec4 57, 0, 8;
    %cmp/u;
    %jmp/1 T_31.57, 6;
    %dup/vec4;
    %pushi/vec4 58, 0, 8;
    %cmp/u;
    %jmp/1 T_31.58, 6;
    %dup/vec4;
    %pushi/vec4 59, 0, 8;
    %cmp/u;
    %jmp/1 T_31.59, 6;
    %dup/vec4;
    %pushi/vec4 60, 0, 8;
    %cmp/u;
    %jmp/1 T_31.60, 6;
    %dup/vec4;
    %pushi/vec4 61, 0, 8;
    %cmp/u;
    %jmp/1 T_31.61, 6;
    %dup/vec4;
    %pushi/vec4 62, 0, 8;
    %cmp/u;
    %jmp/1 T_31.62, 6;
    %dup/vec4;
    %pushi/vec4 63, 0, 8;
    %cmp/u;
    %jmp/1 T_31.63, 6;
    %dup/vec4;
    %pushi/vec4 64, 0, 8;
    %cmp/u;
    %jmp/1 T_31.64, 6;
    %dup/vec4;
    %pushi/vec4 65, 0, 8;
    %cmp/u;
    %jmp/1 T_31.65, 6;
    %dup/vec4;
    %pushi/vec4 66, 0, 8;
    %cmp/u;
    %jmp/1 T_31.66, 6;
    %dup/vec4;
    %pushi/vec4 67, 0, 8;
    %cmp/u;
    %jmp/1 T_31.67, 6;
    %dup/vec4;
    %pushi/vec4 68, 0, 8;
    %cmp/u;
    %jmp/1 T_31.68, 6;
    %dup/vec4;
    %pushi/vec4 69, 0, 8;
    %cmp/u;
    %jmp/1 T_31.69, 6;
    %dup/vec4;
    %pushi/vec4 70, 0, 8;
    %cmp/u;
    %jmp/1 T_31.70, 6;
    %dup/vec4;
    %pushi/vec4 71, 0, 8;
    %cmp/u;
    %jmp/1 T_31.71, 6;
    %dup/vec4;
    %pushi/vec4 72, 0, 8;
    %cmp/u;
    %jmp/1 T_31.72, 6;
    %dup/vec4;
    %pushi/vec4 73, 0, 8;
    %cmp/u;
    %jmp/1 T_31.73, 6;
    %dup/vec4;
    %pushi/vec4 74, 0, 8;
    %cmp/u;
    %jmp/1 T_31.74, 6;
    %dup/vec4;
    %pushi/vec4 75, 0, 8;
    %cmp/u;
    %jmp/1 T_31.75, 6;
    %dup/vec4;
    %pushi/vec4 76, 0, 8;
    %cmp/u;
    %jmp/1 T_31.76, 6;
    %dup/vec4;
    %pushi/vec4 77, 0, 8;
    %cmp/u;
    %jmp/1 T_31.77, 6;
    %dup/vec4;
    %pushi/vec4 78, 0, 8;
    %cmp/u;
    %jmp/1 T_31.78, 6;
    %dup/vec4;
    %pushi/vec4 79, 0, 8;
    %cmp/u;
    %jmp/1 T_31.79, 6;
    %dup/vec4;
    %pushi/vec4 80, 0, 8;
    %cmp/u;
    %jmp/1 T_31.80, 6;
    %dup/vec4;
    %pushi/vec4 81, 0, 8;
    %cmp/u;
    %jmp/1 T_31.81, 6;
    %dup/vec4;
    %pushi/vec4 82, 0, 8;
    %cmp/u;
    %jmp/1 T_31.82, 6;
    %dup/vec4;
    %pushi/vec4 83, 0, 8;
    %cmp/u;
    %jmp/1 T_31.83, 6;
    %dup/vec4;
    %pushi/vec4 84, 0, 8;
    %cmp/u;
    %jmp/1 T_31.84, 6;
    %dup/vec4;
    %pushi/vec4 85, 0, 8;
    %cmp/u;
    %jmp/1 T_31.85, 6;
    %dup/vec4;
    %pushi/vec4 86, 0, 8;
    %cmp/u;
    %jmp/1 T_31.86, 6;
    %dup/vec4;
    %pushi/vec4 87, 0, 8;
    %cmp/u;
    %jmp/1 T_31.87, 6;
    %dup/vec4;
    %pushi/vec4 88, 0, 8;
    %cmp/u;
    %jmp/1 T_31.88, 6;
    %dup/vec4;
    %pushi/vec4 89, 0, 8;
    %cmp/u;
    %jmp/1 T_31.89, 6;
    %dup/vec4;
    %pushi/vec4 90, 0, 8;
    %cmp/u;
    %jmp/1 T_31.90, 6;
    %dup/vec4;
    %pushi/vec4 91, 0, 8;
    %cmp/u;
    %jmp/1 T_31.91, 6;
    %dup/vec4;
    %pushi/vec4 92, 0, 8;
    %cmp/u;
    %jmp/1 T_31.92, 6;
    %dup/vec4;
    %pushi/vec4 93, 0, 8;
    %cmp/u;
    %jmp/1 T_31.93, 6;
    %dup/vec4;
    %pushi/vec4 94, 0, 8;
    %cmp/u;
    %jmp/1 T_31.94, 6;
    %dup/vec4;
    %pushi/vec4 95, 0, 8;
    %cmp/u;
    %jmp/1 T_31.95, 6;
    %dup/vec4;
    %pushi/vec4 96, 0, 8;
    %cmp/u;
    %jmp/1 T_31.96, 6;
    %dup/vec4;
    %pushi/vec4 97, 0, 8;
    %cmp/u;
    %jmp/1 T_31.97, 6;
    %dup/vec4;
    %pushi/vec4 98, 0, 8;
    %cmp/u;
    %jmp/1 T_31.98, 6;
    %dup/vec4;
    %pushi/vec4 99, 0, 8;
    %cmp/u;
    %jmp/1 T_31.99, 6;
    %dup/vec4;
    %pushi/vec4 100, 0, 8;
    %cmp/u;
    %jmp/1 T_31.100, 6;
    %dup/vec4;
    %pushi/vec4 101, 0, 8;
    %cmp/u;
    %jmp/1 T_31.101, 6;
    %dup/vec4;
    %pushi/vec4 102, 0, 8;
    %cmp/u;
    %jmp/1 T_31.102, 6;
    %dup/vec4;
    %pushi/vec4 103, 0, 8;
    %cmp/u;
    %jmp/1 T_31.103, 6;
    %dup/vec4;
    %pushi/vec4 104, 0, 8;
    %cmp/u;
    %jmp/1 T_31.104, 6;
    %dup/vec4;
    %pushi/vec4 105, 0, 8;
    %cmp/u;
    %jmp/1 T_31.105, 6;
    %dup/vec4;
    %pushi/vec4 106, 0, 8;
    %cmp/u;
    %jmp/1 T_31.106, 6;
    %dup/vec4;
    %pushi/vec4 107, 0, 8;
    %cmp/u;
    %jmp/1 T_31.107, 6;
    %dup/vec4;
    %pushi/vec4 108, 0, 8;
    %cmp/u;
    %jmp/1 T_31.108, 6;
    %dup/vec4;
    %pushi/vec4 109, 0, 8;
    %cmp/u;
    %jmp/1 T_31.109, 6;
    %dup/vec4;
    %pushi/vec4 110, 0, 8;
    %cmp/u;
    %jmp/1 T_31.110, 6;
    %dup/vec4;
    %pushi/vec4 111, 0, 8;
    %cmp/u;
    %jmp/1 T_31.111, 6;
    %dup/vec4;
    %pushi/vec4 112, 0, 8;
    %cmp/u;
    %jmp/1 T_31.112, 6;
    %dup/vec4;
    %pushi/vec4 113, 0, 8;
    %cmp/u;
    %jmp/1 T_31.113, 6;
    %dup/vec4;
    %pushi/vec4 114, 0, 8;
    %cmp/u;
    %jmp/1 T_31.114, 6;
    %dup/vec4;
    %pushi/vec4 115, 0, 8;
    %cmp/u;
    %jmp/1 T_31.115, 6;
    %dup/vec4;
    %pushi/vec4 116, 0, 8;
    %cmp/u;
    %jmp/1 T_31.116, 6;
    %dup/vec4;
    %pushi/vec4 117, 0, 8;
    %cmp/u;
    %jmp/1 T_31.117, 6;
    %dup/vec4;
    %pushi/vec4 118, 0, 8;
    %cmp/u;
    %jmp/1 T_31.118, 6;
    %dup/vec4;
    %pushi/vec4 119, 0, 8;
    %cmp/u;
    %jmp/1 T_31.119, 6;
    %dup/vec4;
    %pushi/vec4 120, 0, 8;
    %cmp/u;
    %jmp/1 T_31.120, 6;
    %dup/vec4;
    %pushi/vec4 121, 0, 8;
    %cmp/u;
    %jmp/1 T_31.121, 6;
    %dup/vec4;
    %pushi/vec4 122, 0, 8;
    %cmp/u;
    %jmp/1 T_31.122, 6;
    %dup/vec4;
    %pushi/vec4 123, 0, 8;
    %cmp/u;
    %jmp/1 T_31.123, 6;
    %dup/vec4;
    %pushi/vec4 124, 0, 8;
    %cmp/u;
    %jmp/1 T_31.124, 6;
    %dup/vec4;
    %pushi/vec4 125, 0, 8;
    %cmp/u;
    %jmp/1 T_31.125, 6;
    %dup/vec4;
    %pushi/vec4 126, 0, 8;
    %cmp/u;
    %jmp/1 T_31.126, 6;
    %dup/vec4;
    %pushi/vec4 127, 0, 8;
    %cmp/u;
    %jmp/1 T_31.127, 6;
    %dup/vec4;
    %pushi/vec4 128, 0, 8;
    %cmp/u;
    %jmp/1 T_31.128, 6;
    %dup/vec4;
    %pushi/vec4 129, 0, 8;
    %cmp/u;
    %jmp/1 T_31.129, 6;
    %dup/vec4;
    %pushi/vec4 130, 0, 8;
    %cmp/u;
    %jmp/1 T_31.130, 6;
    %dup/vec4;
    %pushi/vec4 131, 0, 8;
    %cmp/u;
    %jmp/1 T_31.131, 6;
    %dup/vec4;
    %pushi/vec4 132, 0, 8;
    %cmp/u;
    %jmp/1 T_31.132, 6;
    %dup/vec4;
    %pushi/vec4 133, 0, 8;
    %cmp/u;
    %jmp/1 T_31.133, 6;
    %dup/vec4;
    %pushi/vec4 134, 0, 8;
    %cmp/u;
    %jmp/1 T_31.134, 6;
    %dup/vec4;
    %pushi/vec4 135, 0, 8;
    %cmp/u;
    %jmp/1 T_31.135, 6;
    %dup/vec4;
    %pushi/vec4 136, 0, 8;
    %cmp/u;
    %jmp/1 T_31.136, 6;
    %dup/vec4;
    %pushi/vec4 137, 0, 8;
    %cmp/u;
    %jmp/1 T_31.137, 6;
    %dup/vec4;
    %pushi/vec4 138, 0, 8;
    %cmp/u;
    %jmp/1 T_31.138, 6;
    %dup/vec4;
    %pushi/vec4 139, 0, 8;
    %cmp/u;
    %jmp/1 T_31.139, 6;
    %dup/vec4;
    %pushi/vec4 140, 0, 8;
    %cmp/u;
    %jmp/1 T_31.140, 6;
    %dup/vec4;
    %pushi/vec4 141, 0, 8;
    %cmp/u;
    %jmp/1 T_31.141, 6;
    %dup/vec4;
    %pushi/vec4 142, 0, 8;
    %cmp/u;
    %jmp/1 T_31.142, 6;
    %dup/vec4;
    %pushi/vec4 143, 0, 8;
    %cmp/u;
    %jmp/1 T_31.143, 6;
    %dup/vec4;
    %pushi/vec4 144, 0, 8;
    %cmp/u;
    %jmp/1 T_31.144, 6;
    %dup/vec4;
    %pushi/vec4 145, 0, 8;
    %cmp/u;
    %jmp/1 T_31.145, 6;
    %dup/vec4;
    %pushi/vec4 146, 0, 8;
    %cmp/u;
    %jmp/1 T_31.146, 6;
    %dup/vec4;
    %pushi/vec4 147, 0, 8;
    %cmp/u;
    %jmp/1 T_31.147, 6;
    %dup/vec4;
    %pushi/vec4 148, 0, 8;
    %cmp/u;
    %jmp/1 T_31.148, 6;
    %dup/vec4;
    %pushi/vec4 149, 0, 8;
    %cmp/u;
    %jmp/1 T_31.149, 6;
    %dup/vec4;
    %pushi/vec4 150, 0, 8;
    %cmp/u;
    %jmp/1 T_31.150, 6;
    %dup/vec4;
    %pushi/vec4 151, 0, 8;
    %cmp/u;
    %jmp/1 T_31.151, 6;
    %dup/vec4;
    %pushi/vec4 152, 0, 8;
    %cmp/u;
    %jmp/1 T_31.152, 6;
    %dup/vec4;
    %pushi/vec4 153, 0, 8;
    %cmp/u;
    %jmp/1 T_31.153, 6;
    %dup/vec4;
    %pushi/vec4 154, 0, 8;
    %cmp/u;
    %jmp/1 T_31.154, 6;
    %dup/vec4;
    %pushi/vec4 155, 0, 8;
    %cmp/u;
    %jmp/1 T_31.155, 6;
    %dup/vec4;
    %pushi/vec4 156, 0, 8;
    %cmp/u;
    %jmp/1 T_31.156, 6;
    %dup/vec4;
    %pushi/vec4 157, 0, 8;
    %cmp/u;
    %jmp/1 T_31.157, 6;
    %dup/vec4;
    %pushi/vec4 158, 0, 8;
    %cmp/u;
    %jmp/1 T_31.158, 6;
    %dup/vec4;
    %pushi/vec4 159, 0, 8;
    %cmp/u;
    %jmp/1 T_31.159, 6;
    %dup/vec4;
    %pushi/vec4 160, 0, 8;
    %cmp/u;
    %jmp/1 T_31.160, 6;
    %dup/vec4;
    %pushi/vec4 161, 0, 8;
    %cmp/u;
    %jmp/1 T_31.161, 6;
    %dup/vec4;
    %pushi/vec4 162, 0, 8;
    %cmp/u;
    %jmp/1 T_31.162, 6;
    %dup/vec4;
    %pushi/vec4 163, 0, 8;
    %cmp/u;
    %jmp/1 T_31.163, 6;
    %dup/vec4;
    %pushi/vec4 164, 0, 8;
    %cmp/u;
    %jmp/1 T_31.164, 6;
    %dup/vec4;
    %pushi/vec4 165, 0, 8;
    %cmp/u;
    %jmp/1 T_31.165, 6;
    %dup/vec4;
    %pushi/vec4 166, 0, 8;
    %cmp/u;
    %jmp/1 T_31.166, 6;
    %dup/vec4;
    %pushi/vec4 167, 0, 8;
    %cmp/u;
    %jmp/1 T_31.167, 6;
    %dup/vec4;
    %pushi/vec4 168, 0, 8;
    %cmp/u;
    %jmp/1 T_31.168, 6;
    %dup/vec4;
    %pushi/vec4 169, 0, 8;
    %cmp/u;
    %jmp/1 T_31.169, 6;
    %dup/vec4;
    %pushi/vec4 170, 0, 8;
    %cmp/u;
    %jmp/1 T_31.170, 6;
    %dup/vec4;
    %pushi/vec4 171, 0, 8;
    %cmp/u;
    %jmp/1 T_31.171, 6;
    %dup/vec4;
    %pushi/vec4 172, 0, 8;
    %cmp/u;
    %jmp/1 T_31.172, 6;
    %dup/vec4;
    %pushi/vec4 173, 0, 8;
    %cmp/u;
    %jmp/1 T_31.173, 6;
    %dup/vec4;
    %pushi/vec4 174, 0, 8;
    %cmp/u;
    %jmp/1 T_31.174, 6;
    %dup/vec4;
    %pushi/vec4 175, 0, 8;
    %cmp/u;
    %jmp/1 T_31.175, 6;
    %dup/vec4;
    %pushi/vec4 176, 0, 8;
    %cmp/u;
    %jmp/1 T_31.176, 6;
    %dup/vec4;
    %pushi/vec4 177, 0, 8;
    %cmp/u;
    %jmp/1 T_31.177, 6;
    %dup/vec4;
    %pushi/vec4 178, 0, 8;
    %cmp/u;
    %jmp/1 T_31.178, 6;
    %dup/vec4;
    %pushi/vec4 179, 0, 8;
    %cmp/u;
    %jmp/1 T_31.179, 6;
    %dup/vec4;
    %pushi/vec4 180, 0, 8;
    %cmp/u;
    %jmp/1 T_31.180, 6;
    %dup/vec4;
    %pushi/vec4 181, 0, 8;
    %cmp/u;
    %jmp/1 T_31.181, 6;
    %dup/vec4;
    %pushi/vec4 182, 0, 8;
    %cmp/u;
    %jmp/1 T_31.182, 6;
    %dup/vec4;
    %pushi/vec4 183, 0, 8;
    %cmp/u;
    %jmp/1 T_31.183, 6;
    %dup/vec4;
    %pushi/vec4 184, 0, 8;
    %cmp/u;
    %jmp/1 T_31.184, 6;
    %dup/vec4;
    %pushi/vec4 185, 0, 8;
    %cmp/u;
    %jmp/1 T_31.185, 6;
    %dup/vec4;
    %pushi/vec4 186, 0, 8;
    %cmp/u;
    %jmp/1 T_31.186, 6;
    %dup/vec4;
    %pushi/vec4 187, 0, 8;
    %cmp/u;
    %jmp/1 T_31.187, 6;
    %dup/vec4;
    %pushi/vec4 188, 0, 8;
    %cmp/u;
    %jmp/1 T_31.188, 6;
    %dup/vec4;
    %pushi/vec4 189, 0, 8;
    %cmp/u;
    %jmp/1 T_31.189, 6;
    %dup/vec4;
    %pushi/vec4 190, 0, 8;
    %cmp/u;
    %jmp/1 T_31.190, 6;
    %dup/vec4;
    %pushi/vec4 191, 0, 8;
    %cmp/u;
    %jmp/1 T_31.191, 6;
    %dup/vec4;
    %pushi/vec4 192, 0, 8;
    %cmp/u;
    %jmp/1 T_31.192, 6;
    %dup/vec4;
    %pushi/vec4 193, 0, 8;
    %cmp/u;
    %jmp/1 T_31.193, 6;
    %dup/vec4;
    %pushi/vec4 194, 0, 8;
    %cmp/u;
    %jmp/1 T_31.194, 6;
    %dup/vec4;
    %pushi/vec4 195, 0, 8;
    %cmp/u;
    %jmp/1 T_31.195, 6;
    %dup/vec4;
    %pushi/vec4 196, 0, 8;
    %cmp/u;
    %jmp/1 T_31.196, 6;
    %dup/vec4;
    %pushi/vec4 197, 0, 8;
    %cmp/u;
    %jmp/1 T_31.197, 6;
    %dup/vec4;
    %pushi/vec4 198, 0, 8;
    %cmp/u;
    %jmp/1 T_31.198, 6;
    %dup/vec4;
    %pushi/vec4 199, 0, 8;
    %cmp/u;
    %jmp/1 T_31.199, 6;
    %dup/vec4;
    %pushi/vec4 200, 0, 8;
    %cmp/u;
    %jmp/1 T_31.200, 6;
    %dup/vec4;
    %pushi/vec4 201, 0, 8;
    %cmp/u;
    %jmp/1 T_31.201, 6;
    %dup/vec4;
    %pushi/vec4 202, 0, 8;
    %cmp/u;
    %jmp/1 T_31.202, 6;
    %dup/vec4;
    %pushi/vec4 203, 0, 8;
    %cmp/u;
    %jmp/1 T_31.203, 6;
    %dup/vec4;
    %pushi/vec4 204, 0, 8;
    %cmp/u;
    %jmp/1 T_31.204, 6;
    %dup/vec4;
    %pushi/vec4 205, 0, 8;
    %cmp/u;
    %jmp/1 T_31.205, 6;
    %dup/vec4;
    %pushi/vec4 206, 0, 8;
    %cmp/u;
    %jmp/1 T_31.206, 6;
    %dup/vec4;
    %pushi/vec4 207, 0, 8;
    %cmp/u;
    %jmp/1 T_31.207, 6;
    %dup/vec4;
    %pushi/vec4 208, 0, 8;
    %cmp/u;
    %jmp/1 T_31.208, 6;
    %dup/vec4;
    %pushi/vec4 209, 0, 8;
    %cmp/u;
    %jmp/1 T_31.209, 6;
    %dup/vec4;
    %pushi/vec4 210, 0, 8;
    %cmp/u;
    %jmp/1 T_31.210, 6;
    %dup/vec4;
    %pushi/vec4 211, 0, 8;
    %cmp/u;
    %jmp/1 T_31.211, 6;
    %dup/vec4;
    %pushi/vec4 212, 0, 8;
    %cmp/u;
    %jmp/1 T_31.212, 6;
    %dup/vec4;
    %pushi/vec4 213, 0, 8;
    %cmp/u;
    %jmp/1 T_31.213, 6;
    %dup/vec4;
    %pushi/vec4 214, 0, 8;
    %cmp/u;
    %jmp/1 T_31.214, 6;
    %dup/vec4;
    %pushi/vec4 215, 0, 8;
    %cmp/u;
    %jmp/1 T_31.215, 6;
    %dup/vec4;
    %pushi/vec4 216, 0, 8;
    %cmp/u;
    %jmp/1 T_31.216, 6;
    %dup/vec4;
    %pushi/vec4 217, 0, 8;
    %cmp/u;
    %jmp/1 T_31.217, 6;
    %dup/vec4;
    %pushi/vec4 218, 0, 8;
    %cmp/u;
    %jmp/1 T_31.218, 6;
    %dup/vec4;
    %pushi/vec4 219, 0, 8;
    %cmp/u;
    %jmp/1 T_31.219, 6;
    %dup/vec4;
    %pushi/vec4 220, 0, 8;
    %cmp/u;
    %jmp/1 T_31.220, 6;
    %dup/vec4;
    %pushi/vec4 221, 0, 8;
    %cmp/u;
    %jmp/1 T_31.221, 6;
    %dup/vec4;
    %pushi/vec4 222, 0, 8;
    %cmp/u;
    %jmp/1 T_31.222, 6;
    %dup/vec4;
    %pushi/vec4 223, 0, 8;
    %cmp/u;
    %jmp/1 T_31.223, 6;
    %dup/vec4;
    %pushi/vec4 224, 0, 8;
    %cmp/u;
    %jmp/1 T_31.224, 6;
    %dup/vec4;
    %pushi/vec4 225, 0, 8;
    %cmp/u;
    %jmp/1 T_31.225, 6;
    %dup/vec4;
    %pushi/vec4 226, 0, 8;
    %cmp/u;
    %jmp/1 T_31.226, 6;
    %dup/vec4;
    %pushi/vec4 227, 0, 8;
    %cmp/u;
    %jmp/1 T_31.227, 6;
    %dup/vec4;
    %pushi/vec4 228, 0, 8;
    %cmp/u;
    %jmp/1 T_31.228, 6;
    %dup/vec4;
    %pushi/vec4 229, 0, 8;
    %cmp/u;
    %jmp/1 T_31.229, 6;
    %dup/vec4;
    %pushi/vec4 230, 0, 8;
    %cmp/u;
    %jmp/1 T_31.230, 6;
    %dup/vec4;
    %pushi/vec4 231, 0, 8;
    %cmp/u;
    %jmp/1 T_31.231, 6;
    %dup/vec4;
    %pushi/vec4 232, 0, 8;
    %cmp/u;
    %jmp/1 T_31.232, 6;
    %dup/vec4;
    %pushi/vec4 233, 0, 8;
    %cmp/u;
    %jmp/1 T_31.233, 6;
    %dup/vec4;
    %pushi/vec4 234, 0, 8;
    %cmp/u;
    %jmp/1 T_31.234, 6;
    %dup/vec4;
    %pushi/vec4 235, 0, 8;
    %cmp/u;
    %jmp/1 T_31.235, 6;
    %dup/vec4;
    %pushi/vec4 236, 0, 8;
    %cmp/u;
    %jmp/1 T_31.236, 6;
    %dup/vec4;
    %pushi/vec4 237, 0, 8;
    %cmp/u;
    %jmp/1 T_31.237, 6;
    %dup/vec4;
    %pushi/vec4 238, 0, 8;
    %cmp/u;
    %jmp/1 T_31.238, 6;
    %dup/vec4;
    %pushi/vec4 239, 0, 8;
    %cmp/u;
    %jmp/1 T_31.239, 6;
    %dup/vec4;
    %pushi/vec4 240, 0, 8;
    %cmp/u;
    %jmp/1 T_31.240, 6;
    %dup/vec4;
    %pushi/vec4 241, 0, 8;
    %cmp/u;
    %jmp/1 T_31.241, 6;
    %dup/vec4;
    %pushi/vec4 242, 0, 8;
    %cmp/u;
    %jmp/1 T_31.242, 6;
    %dup/vec4;
    %pushi/vec4 243, 0, 8;
    %cmp/u;
    %jmp/1 T_31.243, 6;
    %dup/vec4;
    %pushi/vec4 244, 0, 8;
    %cmp/u;
    %jmp/1 T_31.244, 6;
    %dup/vec4;
    %pushi/vec4 245, 0, 8;
    %cmp/u;
    %jmp/1 T_31.245, 6;
    %dup/vec4;
    %pushi/vec4 246, 0, 8;
    %cmp/u;
    %jmp/1 T_31.246, 6;
    %dup/vec4;
    %pushi/vec4 247, 0, 8;
    %cmp/u;
    %jmp/1 T_31.247, 6;
    %dup/vec4;
    %pushi/vec4 248, 0, 8;
    %cmp/u;
    %jmp/1 T_31.248, 6;
    %dup/vec4;
    %pushi/vec4 249, 0, 8;
    %cmp/u;
    %jmp/1 T_31.249, 6;
    %dup/vec4;
    %pushi/vec4 250, 0, 8;
    %cmp/u;
    %jmp/1 T_31.250, 6;
    %dup/vec4;
    %pushi/vec4 251, 0, 8;
    %cmp/u;
    %jmp/1 T_31.251, 6;
    %dup/vec4;
    %pushi/vec4 252, 0, 8;
    %cmp/u;
    %jmp/1 T_31.252, 6;
    %dup/vec4;
    %pushi/vec4 253, 0, 8;
    %cmp/u;
    %jmp/1 T_31.253, 6;
    %dup/vec4;
    %pushi/vec4 254, 0, 8;
    %cmp/u;
    %jmp/1 T_31.254, 6;
    %dup/vec4;
    %pushi/vec4 255, 0, 8;
    %cmp/u;
    %jmp/1 T_31.255, 6;
    %jmp T_31.256;
T_31.0 ;
    %pushi/vec4 99, 0, 8;
    %store/vec4 v00000149b1447300_0, 0, 8;
    %jmp T_31.256;
T_31.1 ;
    %pushi/vec4 124, 0, 8;
    %store/vec4 v00000149b1447300_0, 0, 8;
    %jmp T_31.256;
T_31.2 ;
    %pushi/vec4 119, 0, 8;
    %store/vec4 v00000149b1447300_0, 0, 8;
    %jmp T_31.256;
T_31.3 ;
    %pushi/vec4 123, 0, 8;
    %store/vec4 v00000149b1447300_0, 0, 8;
    %jmp T_31.256;
T_31.4 ;
    %pushi/vec4 242, 0, 8;
    %store/vec4 v00000149b1447300_0, 0, 8;
    %jmp T_31.256;
T_31.5 ;
    %pushi/vec4 107, 0, 8;
    %store/vec4 v00000149b1447300_0, 0, 8;
    %jmp T_31.256;
T_31.6 ;
    %pushi/vec4 111, 0, 8;
    %store/vec4 v00000149b1447300_0, 0, 8;
    %jmp T_31.256;
T_31.7 ;
    %pushi/vec4 197, 0, 8;
    %store/vec4 v00000149b1447300_0, 0, 8;
    %jmp T_31.256;
T_31.8 ;
    %pushi/vec4 48, 0, 8;
    %store/vec4 v00000149b1447300_0, 0, 8;
    %jmp T_31.256;
T_31.9 ;
    %pushi/vec4 1, 0, 8;
    %store/vec4 v00000149b1447300_0, 0, 8;
    %jmp T_31.256;
T_31.10 ;
    %pushi/vec4 103, 0, 8;
    %store/vec4 v00000149b1447300_0, 0, 8;
    %jmp T_31.256;
T_31.11 ;
    %pushi/vec4 43, 0, 8;
    %store/vec4 v00000149b1447300_0, 0, 8;
    %jmp T_31.256;
T_31.12 ;
    %pushi/vec4 254, 0, 8;
    %store/vec4 v00000149b1447300_0, 0, 8;
    %jmp T_31.256;
T_31.13 ;
    %pushi/vec4 215, 0, 8;
    %store/vec4 v00000149b1447300_0, 0, 8;
    %jmp T_31.256;
T_31.14 ;
    %pushi/vec4 171, 0, 8;
    %store/vec4 v00000149b1447300_0, 0, 8;
    %jmp T_31.256;
T_31.15 ;
    %pushi/vec4 118, 0, 8;
    %store/vec4 v00000149b1447300_0, 0, 8;
    %jmp T_31.256;
T_31.16 ;
    %pushi/vec4 202, 0, 8;
    %store/vec4 v00000149b1447300_0, 0, 8;
    %jmp T_31.256;
T_31.17 ;
    %pushi/vec4 130, 0, 8;
    %store/vec4 v00000149b1447300_0, 0, 8;
    %jmp T_31.256;
T_31.18 ;
    %pushi/vec4 201, 0, 8;
    %store/vec4 v00000149b1447300_0, 0, 8;
    %jmp T_31.256;
T_31.19 ;
    %pushi/vec4 125, 0, 8;
    %store/vec4 v00000149b1447300_0, 0, 8;
    %jmp T_31.256;
T_31.20 ;
    %pushi/vec4 250, 0, 8;
    %store/vec4 v00000149b1447300_0, 0, 8;
    %jmp T_31.256;
T_31.21 ;
    %pushi/vec4 89, 0, 8;
    %store/vec4 v00000149b1447300_0, 0, 8;
    %jmp T_31.256;
T_31.22 ;
    %pushi/vec4 71, 0, 8;
    %store/vec4 v00000149b1447300_0, 0, 8;
    %jmp T_31.256;
T_31.23 ;
    %pushi/vec4 240, 0, 8;
    %store/vec4 v00000149b1447300_0, 0, 8;
    %jmp T_31.256;
T_31.24 ;
    %pushi/vec4 173, 0, 8;
    %store/vec4 v00000149b1447300_0, 0, 8;
    %jmp T_31.256;
T_31.25 ;
    %pushi/vec4 212, 0, 8;
    %store/vec4 v00000149b1447300_0, 0, 8;
    %jmp T_31.256;
T_31.26 ;
    %pushi/vec4 162, 0, 8;
    %store/vec4 v00000149b1447300_0, 0, 8;
    %jmp T_31.256;
T_31.27 ;
    %pushi/vec4 175, 0, 8;
    %store/vec4 v00000149b1447300_0, 0, 8;
    %jmp T_31.256;
T_31.28 ;
    %pushi/vec4 156, 0, 8;
    %store/vec4 v00000149b1447300_0, 0, 8;
    %jmp T_31.256;
T_31.29 ;
    %pushi/vec4 164, 0, 8;
    %store/vec4 v00000149b1447300_0, 0, 8;
    %jmp T_31.256;
T_31.30 ;
    %pushi/vec4 114, 0, 8;
    %store/vec4 v00000149b1447300_0, 0, 8;
    %jmp T_31.256;
T_31.31 ;
    %pushi/vec4 192, 0, 8;
    %store/vec4 v00000149b1447300_0, 0, 8;
    %jmp T_31.256;
T_31.32 ;
    %pushi/vec4 183, 0, 8;
    %store/vec4 v00000149b1447300_0, 0, 8;
    %jmp T_31.256;
T_31.33 ;
    %pushi/vec4 253, 0, 8;
    %store/vec4 v00000149b1447300_0, 0, 8;
    %jmp T_31.256;
T_31.34 ;
    %pushi/vec4 147, 0, 8;
    %store/vec4 v00000149b1447300_0, 0, 8;
    %jmp T_31.256;
T_31.35 ;
    %pushi/vec4 38, 0, 8;
    %store/vec4 v00000149b1447300_0, 0, 8;
    %jmp T_31.256;
T_31.36 ;
    %pushi/vec4 54, 0, 8;
    %store/vec4 v00000149b1447300_0, 0, 8;
    %jmp T_31.256;
T_31.37 ;
    %pushi/vec4 63, 0, 8;
    %store/vec4 v00000149b1447300_0, 0, 8;
    %jmp T_31.256;
T_31.38 ;
    %pushi/vec4 247, 0, 8;
    %store/vec4 v00000149b1447300_0, 0, 8;
    %jmp T_31.256;
T_31.39 ;
    %pushi/vec4 204, 0, 8;
    %store/vec4 v00000149b1447300_0, 0, 8;
    %jmp T_31.256;
T_31.40 ;
    %pushi/vec4 52, 0, 8;
    %store/vec4 v00000149b1447300_0, 0, 8;
    %jmp T_31.256;
T_31.41 ;
    %pushi/vec4 165, 0, 8;
    %store/vec4 v00000149b1447300_0, 0, 8;
    %jmp T_31.256;
T_31.42 ;
    %pushi/vec4 229, 0, 8;
    %store/vec4 v00000149b1447300_0, 0, 8;
    %jmp T_31.256;
T_31.43 ;
    %pushi/vec4 241, 0, 8;
    %store/vec4 v00000149b1447300_0, 0, 8;
    %jmp T_31.256;
T_31.44 ;
    %pushi/vec4 113, 0, 8;
    %store/vec4 v00000149b1447300_0, 0, 8;
    %jmp T_31.256;
T_31.45 ;
    %pushi/vec4 216, 0, 8;
    %store/vec4 v00000149b1447300_0, 0, 8;
    %jmp T_31.256;
T_31.46 ;
    %pushi/vec4 49, 0, 8;
    %store/vec4 v00000149b1447300_0, 0, 8;
    %jmp T_31.256;
T_31.47 ;
    %pushi/vec4 21, 0, 8;
    %store/vec4 v00000149b1447300_0, 0, 8;
    %jmp T_31.256;
T_31.48 ;
    %pushi/vec4 4, 0, 8;
    %store/vec4 v00000149b1447300_0, 0, 8;
    %jmp T_31.256;
T_31.49 ;
    %pushi/vec4 199, 0, 8;
    %store/vec4 v00000149b1447300_0, 0, 8;
    %jmp T_31.256;
T_31.50 ;
    %pushi/vec4 35, 0, 8;
    %store/vec4 v00000149b1447300_0, 0, 8;
    %jmp T_31.256;
T_31.51 ;
    %pushi/vec4 195, 0, 8;
    %store/vec4 v00000149b1447300_0, 0, 8;
    %jmp T_31.256;
T_31.52 ;
    %pushi/vec4 24, 0, 8;
    %store/vec4 v00000149b1447300_0, 0, 8;
    %jmp T_31.256;
T_31.53 ;
    %pushi/vec4 150, 0, 8;
    %store/vec4 v00000149b1447300_0, 0, 8;
    %jmp T_31.256;
T_31.54 ;
    %pushi/vec4 5, 0, 8;
    %store/vec4 v00000149b1447300_0, 0, 8;
    %jmp T_31.256;
T_31.55 ;
    %pushi/vec4 154, 0, 8;
    %store/vec4 v00000149b1447300_0, 0, 8;
    %jmp T_31.256;
T_31.56 ;
    %pushi/vec4 7, 0, 8;
    %store/vec4 v00000149b1447300_0, 0, 8;
    %jmp T_31.256;
T_31.57 ;
    %pushi/vec4 18, 0, 8;
    %store/vec4 v00000149b1447300_0, 0, 8;
    %jmp T_31.256;
T_31.58 ;
    %pushi/vec4 128, 0, 8;
    %store/vec4 v00000149b1447300_0, 0, 8;
    %jmp T_31.256;
T_31.59 ;
    %pushi/vec4 226, 0, 8;
    %store/vec4 v00000149b1447300_0, 0, 8;
    %jmp T_31.256;
T_31.60 ;
    %pushi/vec4 235, 0, 8;
    %store/vec4 v00000149b1447300_0, 0, 8;
    %jmp T_31.256;
T_31.61 ;
    %pushi/vec4 39, 0, 8;
    %store/vec4 v00000149b1447300_0, 0, 8;
    %jmp T_31.256;
T_31.62 ;
    %pushi/vec4 178, 0, 8;
    %store/vec4 v00000149b1447300_0, 0, 8;
    %jmp T_31.256;
T_31.63 ;
    %pushi/vec4 117, 0, 8;
    %store/vec4 v00000149b1447300_0, 0, 8;
    %jmp T_31.256;
T_31.64 ;
    %pushi/vec4 9, 0, 8;
    %store/vec4 v00000149b1447300_0, 0, 8;
    %jmp T_31.256;
T_31.65 ;
    %pushi/vec4 131, 0, 8;
    %store/vec4 v00000149b1447300_0, 0, 8;
    %jmp T_31.256;
T_31.66 ;
    %pushi/vec4 44, 0, 8;
    %store/vec4 v00000149b1447300_0, 0, 8;
    %jmp T_31.256;
T_31.67 ;
    %pushi/vec4 26, 0, 8;
    %store/vec4 v00000149b1447300_0, 0, 8;
    %jmp T_31.256;
T_31.68 ;
    %pushi/vec4 27, 0, 8;
    %store/vec4 v00000149b1447300_0, 0, 8;
    %jmp T_31.256;
T_31.69 ;
    %pushi/vec4 110, 0, 8;
    %store/vec4 v00000149b1447300_0, 0, 8;
    %jmp T_31.256;
T_31.70 ;
    %pushi/vec4 90, 0, 8;
    %store/vec4 v00000149b1447300_0, 0, 8;
    %jmp T_31.256;
T_31.71 ;
    %pushi/vec4 160, 0, 8;
    %store/vec4 v00000149b1447300_0, 0, 8;
    %jmp T_31.256;
T_31.72 ;
    %pushi/vec4 82, 0, 8;
    %store/vec4 v00000149b1447300_0, 0, 8;
    %jmp T_31.256;
T_31.73 ;
    %pushi/vec4 59, 0, 8;
    %store/vec4 v00000149b1447300_0, 0, 8;
    %jmp T_31.256;
T_31.74 ;
    %pushi/vec4 214, 0, 8;
    %store/vec4 v00000149b1447300_0, 0, 8;
    %jmp T_31.256;
T_31.75 ;
    %pushi/vec4 179, 0, 8;
    %store/vec4 v00000149b1447300_0, 0, 8;
    %jmp T_31.256;
T_31.76 ;
    %pushi/vec4 41, 0, 8;
    %store/vec4 v00000149b1447300_0, 0, 8;
    %jmp T_31.256;
T_31.77 ;
    %pushi/vec4 227, 0, 8;
    %store/vec4 v00000149b1447300_0, 0, 8;
    %jmp T_31.256;
T_31.78 ;
    %pushi/vec4 47, 0, 8;
    %store/vec4 v00000149b1447300_0, 0, 8;
    %jmp T_31.256;
T_31.79 ;
    %pushi/vec4 132, 0, 8;
    %store/vec4 v00000149b1447300_0, 0, 8;
    %jmp T_31.256;
T_31.80 ;
    %pushi/vec4 83, 0, 8;
    %store/vec4 v00000149b1447300_0, 0, 8;
    %jmp T_31.256;
T_31.81 ;
    %pushi/vec4 209, 0, 8;
    %store/vec4 v00000149b1447300_0, 0, 8;
    %jmp T_31.256;
T_31.82 ;
    %pushi/vec4 0, 0, 8;
    %store/vec4 v00000149b1447300_0, 0, 8;
    %jmp T_31.256;
T_31.83 ;
    %pushi/vec4 237, 0, 8;
    %store/vec4 v00000149b1447300_0, 0, 8;
    %jmp T_31.256;
T_31.84 ;
    %pushi/vec4 32, 0, 8;
    %store/vec4 v00000149b1447300_0, 0, 8;
    %jmp T_31.256;
T_31.85 ;
    %pushi/vec4 252, 0, 8;
    %store/vec4 v00000149b1447300_0, 0, 8;
    %jmp T_31.256;
T_31.86 ;
    %pushi/vec4 177, 0, 8;
    %store/vec4 v00000149b1447300_0, 0, 8;
    %jmp T_31.256;
T_31.87 ;
    %pushi/vec4 91, 0, 8;
    %store/vec4 v00000149b1447300_0, 0, 8;
    %jmp T_31.256;
T_31.88 ;
    %pushi/vec4 106, 0, 8;
    %store/vec4 v00000149b1447300_0, 0, 8;
    %jmp T_31.256;
T_31.89 ;
    %pushi/vec4 203, 0, 8;
    %store/vec4 v00000149b1447300_0, 0, 8;
    %jmp T_31.256;
T_31.90 ;
    %pushi/vec4 190, 0, 8;
    %store/vec4 v00000149b1447300_0, 0, 8;
    %jmp T_31.256;
T_31.91 ;
    %pushi/vec4 57, 0, 8;
    %store/vec4 v00000149b1447300_0, 0, 8;
    %jmp T_31.256;
T_31.92 ;
    %pushi/vec4 74, 0, 8;
    %store/vec4 v00000149b1447300_0, 0, 8;
    %jmp T_31.256;
T_31.93 ;
    %pushi/vec4 76, 0, 8;
    %store/vec4 v00000149b1447300_0, 0, 8;
    %jmp T_31.256;
T_31.94 ;
    %pushi/vec4 88, 0, 8;
    %store/vec4 v00000149b1447300_0, 0, 8;
    %jmp T_31.256;
T_31.95 ;
    %pushi/vec4 207, 0, 8;
    %store/vec4 v00000149b1447300_0, 0, 8;
    %jmp T_31.256;
T_31.96 ;
    %pushi/vec4 208, 0, 8;
    %store/vec4 v00000149b1447300_0, 0, 8;
    %jmp T_31.256;
T_31.97 ;
    %pushi/vec4 239, 0, 8;
    %store/vec4 v00000149b1447300_0, 0, 8;
    %jmp T_31.256;
T_31.98 ;
    %pushi/vec4 170, 0, 8;
    %store/vec4 v00000149b1447300_0, 0, 8;
    %jmp T_31.256;
T_31.99 ;
    %pushi/vec4 251, 0, 8;
    %store/vec4 v00000149b1447300_0, 0, 8;
    %jmp T_31.256;
T_31.100 ;
    %pushi/vec4 67, 0, 8;
    %store/vec4 v00000149b1447300_0, 0, 8;
    %jmp T_31.256;
T_31.101 ;
    %pushi/vec4 77, 0, 8;
    %store/vec4 v00000149b1447300_0, 0, 8;
    %jmp T_31.256;
T_31.102 ;
    %pushi/vec4 51, 0, 8;
    %store/vec4 v00000149b1447300_0, 0, 8;
    %jmp T_31.256;
T_31.103 ;
    %pushi/vec4 133, 0, 8;
    %store/vec4 v00000149b1447300_0, 0, 8;
    %jmp T_31.256;
T_31.104 ;
    %pushi/vec4 69, 0, 8;
    %store/vec4 v00000149b1447300_0, 0, 8;
    %jmp T_31.256;
T_31.105 ;
    %pushi/vec4 249, 0, 8;
    %store/vec4 v00000149b1447300_0, 0, 8;
    %jmp T_31.256;
T_31.106 ;
    %pushi/vec4 2, 0, 8;
    %store/vec4 v00000149b1447300_0, 0, 8;
    %jmp T_31.256;
T_31.107 ;
    %pushi/vec4 127, 0, 8;
    %store/vec4 v00000149b1447300_0, 0, 8;
    %jmp T_31.256;
T_31.108 ;
    %pushi/vec4 80, 0, 8;
    %store/vec4 v00000149b1447300_0, 0, 8;
    %jmp T_31.256;
T_31.109 ;
    %pushi/vec4 60, 0, 8;
    %store/vec4 v00000149b1447300_0, 0, 8;
    %jmp T_31.256;
T_31.110 ;
    %pushi/vec4 159, 0, 8;
    %store/vec4 v00000149b1447300_0, 0, 8;
    %jmp T_31.256;
T_31.111 ;
    %pushi/vec4 168, 0, 8;
    %store/vec4 v00000149b1447300_0, 0, 8;
    %jmp T_31.256;
T_31.112 ;
    %pushi/vec4 81, 0, 8;
    %store/vec4 v00000149b1447300_0, 0, 8;
    %jmp T_31.256;
T_31.113 ;
    %pushi/vec4 163, 0, 8;
    %store/vec4 v00000149b1447300_0, 0, 8;
    %jmp T_31.256;
T_31.114 ;
    %pushi/vec4 64, 0, 8;
    %store/vec4 v00000149b1447300_0, 0, 8;
    %jmp T_31.256;
T_31.115 ;
    %pushi/vec4 143, 0, 8;
    %store/vec4 v00000149b1447300_0, 0, 8;
    %jmp T_31.256;
T_31.116 ;
    %pushi/vec4 146, 0, 8;
    %store/vec4 v00000149b1447300_0, 0, 8;
    %jmp T_31.256;
T_31.117 ;
    %pushi/vec4 157, 0, 8;
    %store/vec4 v00000149b1447300_0, 0, 8;
    %jmp T_31.256;
T_31.118 ;
    %pushi/vec4 56, 0, 8;
    %store/vec4 v00000149b1447300_0, 0, 8;
    %jmp T_31.256;
T_31.119 ;
    %pushi/vec4 245, 0, 8;
    %store/vec4 v00000149b1447300_0, 0, 8;
    %jmp T_31.256;
T_31.120 ;
    %pushi/vec4 188, 0, 8;
    %store/vec4 v00000149b1447300_0, 0, 8;
    %jmp T_31.256;
T_31.121 ;
    %pushi/vec4 182, 0, 8;
    %store/vec4 v00000149b1447300_0, 0, 8;
    %jmp T_31.256;
T_31.122 ;
    %pushi/vec4 218, 0, 8;
    %store/vec4 v00000149b1447300_0, 0, 8;
    %jmp T_31.256;
T_31.123 ;
    %pushi/vec4 33, 0, 8;
    %store/vec4 v00000149b1447300_0, 0, 8;
    %jmp T_31.256;
T_31.124 ;
    %pushi/vec4 16, 0, 8;
    %store/vec4 v00000149b1447300_0, 0, 8;
    %jmp T_31.256;
T_31.125 ;
    %pushi/vec4 255, 0, 8;
    %store/vec4 v00000149b1447300_0, 0, 8;
    %jmp T_31.256;
T_31.126 ;
    %pushi/vec4 243, 0, 8;
    %store/vec4 v00000149b1447300_0, 0, 8;
    %jmp T_31.256;
T_31.127 ;
    %pushi/vec4 210, 0, 8;
    %store/vec4 v00000149b1447300_0, 0, 8;
    %jmp T_31.256;
T_31.128 ;
    %pushi/vec4 205, 0, 8;
    %store/vec4 v00000149b1447300_0, 0, 8;
    %jmp T_31.256;
T_31.129 ;
    %pushi/vec4 12, 0, 8;
    %store/vec4 v00000149b1447300_0, 0, 8;
    %jmp T_31.256;
T_31.130 ;
    %pushi/vec4 19, 0, 8;
    %store/vec4 v00000149b1447300_0, 0, 8;
    %jmp T_31.256;
T_31.131 ;
    %pushi/vec4 236, 0, 8;
    %store/vec4 v00000149b1447300_0, 0, 8;
    %jmp T_31.256;
T_31.132 ;
    %pushi/vec4 95, 0, 8;
    %store/vec4 v00000149b1447300_0, 0, 8;
    %jmp T_31.256;
T_31.133 ;
    %pushi/vec4 151, 0, 8;
    %store/vec4 v00000149b1447300_0, 0, 8;
    %jmp T_31.256;
T_31.134 ;
    %pushi/vec4 68, 0, 8;
    %store/vec4 v00000149b1447300_0, 0, 8;
    %jmp T_31.256;
T_31.135 ;
    %pushi/vec4 23, 0, 8;
    %store/vec4 v00000149b1447300_0, 0, 8;
    %jmp T_31.256;
T_31.136 ;
    %pushi/vec4 196, 0, 8;
    %store/vec4 v00000149b1447300_0, 0, 8;
    %jmp T_31.256;
T_31.137 ;
    %pushi/vec4 167, 0, 8;
    %store/vec4 v00000149b1447300_0, 0, 8;
    %jmp T_31.256;
T_31.138 ;
    %pushi/vec4 126, 0, 8;
    %store/vec4 v00000149b1447300_0, 0, 8;
    %jmp T_31.256;
T_31.139 ;
    %pushi/vec4 61, 0, 8;
    %store/vec4 v00000149b1447300_0, 0, 8;
    %jmp T_31.256;
T_31.140 ;
    %pushi/vec4 100, 0, 8;
    %store/vec4 v00000149b1447300_0, 0, 8;
    %jmp T_31.256;
T_31.141 ;
    %pushi/vec4 93, 0, 8;
    %store/vec4 v00000149b1447300_0, 0, 8;
    %jmp T_31.256;
T_31.142 ;
    %pushi/vec4 25, 0, 8;
    %store/vec4 v00000149b1447300_0, 0, 8;
    %jmp T_31.256;
T_31.143 ;
    %pushi/vec4 115, 0, 8;
    %store/vec4 v00000149b1447300_0, 0, 8;
    %jmp T_31.256;
T_31.144 ;
    %pushi/vec4 96, 0, 8;
    %store/vec4 v00000149b1447300_0, 0, 8;
    %jmp T_31.256;
T_31.145 ;
    %pushi/vec4 129, 0, 8;
    %store/vec4 v00000149b1447300_0, 0, 8;
    %jmp T_31.256;
T_31.146 ;
    %pushi/vec4 79, 0, 8;
    %store/vec4 v00000149b1447300_0, 0, 8;
    %jmp T_31.256;
T_31.147 ;
    %pushi/vec4 220, 0, 8;
    %store/vec4 v00000149b1447300_0, 0, 8;
    %jmp T_31.256;
T_31.148 ;
    %pushi/vec4 34, 0, 8;
    %store/vec4 v00000149b1447300_0, 0, 8;
    %jmp T_31.256;
T_31.149 ;
    %pushi/vec4 42, 0, 8;
    %store/vec4 v00000149b1447300_0, 0, 8;
    %jmp T_31.256;
T_31.150 ;
    %pushi/vec4 144, 0, 8;
    %store/vec4 v00000149b1447300_0, 0, 8;
    %jmp T_31.256;
T_31.151 ;
    %pushi/vec4 136, 0, 8;
    %store/vec4 v00000149b1447300_0, 0, 8;
    %jmp T_31.256;
T_31.152 ;
    %pushi/vec4 70, 0, 8;
    %store/vec4 v00000149b1447300_0, 0, 8;
    %jmp T_31.256;
T_31.153 ;
    %pushi/vec4 238, 0, 8;
    %store/vec4 v00000149b1447300_0, 0, 8;
    %jmp T_31.256;
T_31.154 ;
    %pushi/vec4 184, 0, 8;
    %store/vec4 v00000149b1447300_0, 0, 8;
    %jmp T_31.256;
T_31.155 ;
    %pushi/vec4 20, 0, 8;
    %store/vec4 v00000149b1447300_0, 0, 8;
    %jmp T_31.256;
T_31.156 ;
    %pushi/vec4 222, 0, 8;
    %store/vec4 v00000149b1447300_0, 0, 8;
    %jmp T_31.256;
T_31.157 ;
    %pushi/vec4 94, 0, 8;
    %store/vec4 v00000149b1447300_0, 0, 8;
    %jmp T_31.256;
T_31.158 ;
    %pushi/vec4 11, 0, 8;
    %store/vec4 v00000149b1447300_0, 0, 8;
    %jmp T_31.256;
T_31.159 ;
    %pushi/vec4 219, 0, 8;
    %store/vec4 v00000149b1447300_0, 0, 8;
    %jmp T_31.256;
T_31.160 ;
    %pushi/vec4 224, 0, 8;
    %store/vec4 v00000149b1447300_0, 0, 8;
    %jmp T_31.256;
T_31.161 ;
    %pushi/vec4 50, 0, 8;
    %store/vec4 v00000149b1447300_0, 0, 8;
    %jmp T_31.256;
T_31.162 ;
    %pushi/vec4 58, 0, 8;
    %store/vec4 v00000149b1447300_0, 0, 8;
    %jmp T_31.256;
T_31.163 ;
    %pushi/vec4 10, 0, 8;
    %store/vec4 v00000149b1447300_0, 0, 8;
    %jmp T_31.256;
T_31.164 ;
    %pushi/vec4 73, 0, 8;
    %store/vec4 v00000149b1447300_0, 0, 8;
    %jmp T_31.256;
T_31.165 ;
    %pushi/vec4 6, 0, 8;
    %store/vec4 v00000149b1447300_0, 0, 8;
    %jmp T_31.256;
T_31.166 ;
    %pushi/vec4 36, 0, 8;
    %store/vec4 v00000149b1447300_0, 0, 8;
    %jmp T_31.256;
T_31.167 ;
    %pushi/vec4 92, 0, 8;
    %store/vec4 v00000149b1447300_0, 0, 8;
    %jmp T_31.256;
T_31.168 ;
    %pushi/vec4 194, 0, 8;
    %store/vec4 v00000149b1447300_0, 0, 8;
    %jmp T_31.256;
T_31.169 ;
    %pushi/vec4 211, 0, 8;
    %store/vec4 v00000149b1447300_0, 0, 8;
    %jmp T_31.256;
T_31.170 ;
    %pushi/vec4 172, 0, 8;
    %store/vec4 v00000149b1447300_0, 0, 8;
    %jmp T_31.256;
T_31.171 ;
    %pushi/vec4 98, 0, 8;
    %store/vec4 v00000149b1447300_0, 0, 8;
    %jmp T_31.256;
T_31.172 ;
    %pushi/vec4 145, 0, 8;
    %store/vec4 v00000149b1447300_0, 0, 8;
    %jmp T_31.256;
T_31.173 ;
    %pushi/vec4 149, 0, 8;
    %store/vec4 v00000149b1447300_0, 0, 8;
    %jmp T_31.256;
T_31.174 ;
    %pushi/vec4 228, 0, 8;
    %store/vec4 v00000149b1447300_0, 0, 8;
    %jmp T_31.256;
T_31.175 ;
    %pushi/vec4 121, 0, 8;
    %store/vec4 v00000149b1447300_0, 0, 8;
    %jmp T_31.256;
T_31.176 ;
    %pushi/vec4 231, 0, 8;
    %store/vec4 v00000149b1447300_0, 0, 8;
    %jmp T_31.256;
T_31.177 ;
    %pushi/vec4 200, 0, 8;
    %store/vec4 v00000149b1447300_0, 0, 8;
    %jmp T_31.256;
T_31.178 ;
    %pushi/vec4 55, 0, 8;
    %store/vec4 v00000149b1447300_0, 0, 8;
    %jmp T_31.256;
T_31.179 ;
    %pushi/vec4 109, 0, 8;
    %store/vec4 v00000149b1447300_0, 0, 8;
    %jmp T_31.256;
T_31.180 ;
    %pushi/vec4 141, 0, 8;
    %store/vec4 v00000149b1447300_0, 0, 8;
    %jmp T_31.256;
T_31.181 ;
    %pushi/vec4 213, 0, 8;
    %store/vec4 v00000149b1447300_0, 0, 8;
    %jmp T_31.256;
T_31.182 ;
    %pushi/vec4 78, 0, 8;
    %store/vec4 v00000149b1447300_0, 0, 8;
    %jmp T_31.256;
T_31.183 ;
    %pushi/vec4 169, 0, 8;
    %store/vec4 v00000149b1447300_0, 0, 8;
    %jmp T_31.256;
T_31.184 ;
    %pushi/vec4 108, 0, 8;
    %store/vec4 v00000149b1447300_0, 0, 8;
    %jmp T_31.256;
T_31.185 ;
    %pushi/vec4 86, 0, 8;
    %store/vec4 v00000149b1447300_0, 0, 8;
    %jmp T_31.256;
T_31.186 ;
    %pushi/vec4 244, 0, 8;
    %store/vec4 v00000149b1447300_0, 0, 8;
    %jmp T_31.256;
T_31.187 ;
    %pushi/vec4 234, 0, 8;
    %store/vec4 v00000149b1447300_0, 0, 8;
    %jmp T_31.256;
T_31.188 ;
    %pushi/vec4 101, 0, 8;
    %store/vec4 v00000149b1447300_0, 0, 8;
    %jmp T_31.256;
T_31.189 ;
    %pushi/vec4 122, 0, 8;
    %store/vec4 v00000149b1447300_0, 0, 8;
    %jmp T_31.256;
T_31.190 ;
    %pushi/vec4 174, 0, 8;
    %store/vec4 v00000149b1447300_0, 0, 8;
    %jmp T_31.256;
T_31.191 ;
    %pushi/vec4 8, 0, 8;
    %store/vec4 v00000149b1447300_0, 0, 8;
    %jmp T_31.256;
T_31.192 ;
    %pushi/vec4 186, 0, 8;
    %store/vec4 v00000149b1447300_0, 0, 8;
    %jmp T_31.256;
T_31.193 ;
    %pushi/vec4 120, 0, 8;
    %store/vec4 v00000149b1447300_0, 0, 8;
    %jmp T_31.256;
T_31.194 ;
    %pushi/vec4 37, 0, 8;
    %store/vec4 v00000149b1447300_0, 0, 8;
    %jmp T_31.256;
T_31.195 ;
    %pushi/vec4 46, 0, 8;
    %store/vec4 v00000149b1447300_0, 0, 8;
    %jmp T_31.256;
T_31.196 ;
    %pushi/vec4 28, 0, 8;
    %store/vec4 v00000149b1447300_0, 0, 8;
    %jmp T_31.256;
T_31.197 ;
    %pushi/vec4 166, 0, 8;
    %store/vec4 v00000149b1447300_0, 0, 8;
    %jmp T_31.256;
T_31.198 ;
    %pushi/vec4 180, 0, 8;
    %store/vec4 v00000149b1447300_0, 0, 8;
    %jmp T_31.256;
T_31.199 ;
    %pushi/vec4 198, 0, 8;
    %store/vec4 v00000149b1447300_0, 0, 8;
    %jmp T_31.256;
T_31.200 ;
    %pushi/vec4 232, 0, 8;
    %store/vec4 v00000149b1447300_0, 0, 8;
    %jmp T_31.256;
T_31.201 ;
    %pushi/vec4 221, 0, 8;
    %store/vec4 v00000149b1447300_0, 0, 8;
    %jmp T_31.256;
T_31.202 ;
    %pushi/vec4 116, 0, 8;
    %store/vec4 v00000149b1447300_0, 0, 8;
    %jmp T_31.256;
T_31.203 ;
    %pushi/vec4 31, 0, 8;
    %store/vec4 v00000149b1447300_0, 0, 8;
    %jmp T_31.256;
T_31.204 ;
    %pushi/vec4 75, 0, 8;
    %store/vec4 v00000149b1447300_0, 0, 8;
    %jmp T_31.256;
T_31.205 ;
    %pushi/vec4 189, 0, 8;
    %store/vec4 v00000149b1447300_0, 0, 8;
    %jmp T_31.256;
T_31.206 ;
    %pushi/vec4 139, 0, 8;
    %store/vec4 v00000149b1447300_0, 0, 8;
    %jmp T_31.256;
T_31.207 ;
    %pushi/vec4 138, 0, 8;
    %store/vec4 v00000149b1447300_0, 0, 8;
    %jmp T_31.256;
T_31.208 ;
    %pushi/vec4 112, 0, 8;
    %store/vec4 v00000149b1447300_0, 0, 8;
    %jmp T_31.256;
T_31.209 ;
    %pushi/vec4 62, 0, 8;
    %store/vec4 v00000149b1447300_0, 0, 8;
    %jmp T_31.256;
T_31.210 ;
    %pushi/vec4 181, 0, 8;
    %store/vec4 v00000149b1447300_0, 0, 8;
    %jmp T_31.256;
T_31.211 ;
    %pushi/vec4 102, 0, 8;
    %store/vec4 v00000149b1447300_0, 0, 8;
    %jmp T_31.256;
T_31.212 ;
    %pushi/vec4 72, 0, 8;
    %store/vec4 v00000149b1447300_0, 0, 8;
    %jmp T_31.256;
T_31.213 ;
    %pushi/vec4 3, 0, 8;
    %store/vec4 v00000149b1447300_0, 0, 8;
    %jmp T_31.256;
T_31.214 ;
    %pushi/vec4 246, 0, 8;
    %store/vec4 v00000149b1447300_0, 0, 8;
    %jmp T_31.256;
T_31.215 ;
    %pushi/vec4 14, 0, 8;
    %store/vec4 v00000149b1447300_0, 0, 8;
    %jmp T_31.256;
T_31.216 ;
    %pushi/vec4 97, 0, 8;
    %store/vec4 v00000149b1447300_0, 0, 8;
    %jmp T_31.256;
T_31.217 ;
    %pushi/vec4 53, 0, 8;
    %store/vec4 v00000149b1447300_0, 0, 8;
    %jmp T_31.256;
T_31.218 ;
    %pushi/vec4 87, 0, 8;
    %store/vec4 v00000149b1447300_0, 0, 8;
    %jmp T_31.256;
T_31.219 ;
    %pushi/vec4 185, 0, 8;
    %store/vec4 v00000149b1447300_0, 0, 8;
    %jmp T_31.256;
T_31.220 ;
    %pushi/vec4 134, 0, 8;
    %store/vec4 v00000149b1447300_0, 0, 8;
    %jmp T_31.256;
T_31.221 ;
    %pushi/vec4 193, 0, 8;
    %store/vec4 v00000149b1447300_0, 0, 8;
    %jmp T_31.256;
T_31.222 ;
    %pushi/vec4 29, 0, 8;
    %store/vec4 v00000149b1447300_0, 0, 8;
    %jmp T_31.256;
T_31.223 ;
    %pushi/vec4 158, 0, 8;
    %store/vec4 v00000149b1447300_0, 0, 8;
    %jmp T_31.256;
T_31.224 ;
    %pushi/vec4 225, 0, 8;
    %store/vec4 v00000149b1447300_0, 0, 8;
    %jmp T_31.256;
T_31.225 ;
    %pushi/vec4 248, 0, 8;
    %store/vec4 v00000149b1447300_0, 0, 8;
    %jmp T_31.256;
T_31.226 ;
    %pushi/vec4 152, 0, 8;
    %store/vec4 v00000149b1447300_0, 0, 8;
    %jmp T_31.256;
T_31.227 ;
    %pushi/vec4 17, 0, 8;
    %store/vec4 v00000149b1447300_0, 0, 8;
    %jmp T_31.256;
T_31.228 ;
    %pushi/vec4 105, 0, 8;
    %store/vec4 v00000149b1447300_0, 0, 8;
    %jmp T_31.256;
T_31.229 ;
    %pushi/vec4 217, 0, 8;
    %store/vec4 v00000149b1447300_0, 0, 8;
    %jmp T_31.256;
T_31.230 ;
    %pushi/vec4 142, 0, 8;
    %store/vec4 v00000149b1447300_0, 0, 8;
    %jmp T_31.256;
T_31.231 ;
    %pushi/vec4 148, 0, 8;
    %store/vec4 v00000149b1447300_0, 0, 8;
    %jmp T_31.256;
T_31.232 ;
    %pushi/vec4 155, 0, 8;
    %store/vec4 v00000149b1447300_0, 0, 8;
    %jmp T_31.256;
T_31.233 ;
    %pushi/vec4 30, 0, 8;
    %store/vec4 v00000149b1447300_0, 0, 8;
    %jmp T_31.256;
T_31.234 ;
    %pushi/vec4 135, 0, 8;
    %store/vec4 v00000149b1447300_0, 0, 8;
    %jmp T_31.256;
T_31.235 ;
    %pushi/vec4 233, 0, 8;
    %store/vec4 v00000149b1447300_0, 0, 8;
    %jmp T_31.256;
T_31.236 ;
    %pushi/vec4 206, 0, 8;
    %store/vec4 v00000149b1447300_0, 0, 8;
    %jmp T_31.256;
T_31.237 ;
    %pushi/vec4 85, 0, 8;
    %store/vec4 v00000149b1447300_0, 0, 8;
    %jmp T_31.256;
T_31.238 ;
    %pushi/vec4 40, 0, 8;
    %store/vec4 v00000149b1447300_0, 0, 8;
    %jmp T_31.256;
T_31.239 ;
    %pushi/vec4 223, 0, 8;
    %store/vec4 v00000149b1447300_0, 0, 8;
    %jmp T_31.256;
T_31.240 ;
    %pushi/vec4 140, 0, 8;
    %store/vec4 v00000149b1447300_0, 0, 8;
    %jmp T_31.256;
T_31.241 ;
    %pushi/vec4 161, 0, 8;
    %store/vec4 v00000149b1447300_0, 0, 8;
    %jmp T_31.256;
T_31.242 ;
    %pushi/vec4 137, 0, 8;
    %store/vec4 v00000149b1447300_0, 0, 8;
    %jmp T_31.256;
T_31.243 ;
    %pushi/vec4 13, 0, 8;
    %store/vec4 v00000149b1447300_0, 0, 8;
    %jmp T_31.256;
T_31.244 ;
    %pushi/vec4 191, 0, 8;
    %store/vec4 v00000149b1447300_0, 0, 8;
    %jmp T_31.256;
T_31.245 ;
    %pushi/vec4 230, 0, 8;
    %store/vec4 v00000149b1447300_0, 0, 8;
    %jmp T_31.256;
T_31.246 ;
    %pushi/vec4 66, 0, 8;
    %store/vec4 v00000149b1447300_0, 0, 8;
    %jmp T_31.256;
T_31.247 ;
    %pushi/vec4 104, 0, 8;
    %store/vec4 v00000149b1447300_0, 0, 8;
    %jmp T_31.256;
T_31.248 ;
    %pushi/vec4 65, 0, 8;
    %store/vec4 v00000149b1447300_0, 0, 8;
    %jmp T_31.256;
T_31.249 ;
    %pushi/vec4 153, 0, 8;
    %store/vec4 v00000149b1447300_0, 0, 8;
    %jmp T_31.256;
T_31.250 ;
    %pushi/vec4 45, 0, 8;
    %store/vec4 v00000149b1447300_0, 0, 8;
    %jmp T_31.256;
T_31.251 ;
    %pushi/vec4 15, 0, 8;
    %store/vec4 v00000149b1447300_0, 0, 8;
    %jmp T_31.256;
T_31.252 ;
    %pushi/vec4 176, 0, 8;
    %store/vec4 v00000149b1447300_0, 0, 8;
    %jmp T_31.256;
T_31.253 ;
    %pushi/vec4 84, 0, 8;
    %store/vec4 v00000149b1447300_0, 0, 8;
    %jmp T_31.256;
T_31.254 ;
    %pushi/vec4 187, 0, 8;
    %store/vec4 v00000149b1447300_0, 0, 8;
    %jmp T_31.256;
T_31.255 ;
    %pushi/vec4 22, 0, 8;
    %store/vec4 v00000149b1447300_0, 0, 8;
    %jmp T_31.256;
T_31.256 ;
    %pop/vec4 1;
    %jmp T_31;
    .thread T_31, $push;
    .scope S_00000149b144f0e0;
T_32 ;
    %wait E_00000149b1392f80;
    %load/vec4 v00000149b1447c60_0;
    %dup/vec4;
    %pushi/vec4 0, 0, 8;
    %cmp/u;
    %jmp/1 T_32.0, 6;
    %dup/vec4;
    %pushi/vec4 1, 0, 8;
    %cmp/u;
    %jmp/1 T_32.1, 6;
    %dup/vec4;
    %pushi/vec4 2, 0, 8;
    %cmp/u;
    %jmp/1 T_32.2, 6;
    %dup/vec4;
    %pushi/vec4 3, 0, 8;
    %cmp/u;
    %jmp/1 T_32.3, 6;
    %dup/vec4;
    %pushi/vec4 4, 0, 8;
    %cmp/u;
    %jmp/1 T_32.4, 6;
    %dup/vec4;
    %pushi/vec4 5, 0, 8;
    %cmp/u;
    %jmp/1 T_32.5, 6;
    %dup/vec4;
    %pushi/vec4 6, 0, 8;
    %cmp/u;
    %jmp/1 T_32.6, 6;
    %dup/vec4;
    %pushi/vec4 7, 0, 8;
    %cmp/u;
    %jmp/1 T_32.7, 6;
    %dup/vec4;
    %pushi/vec4 8, 0, 8;
    %cmp/u;
    %jmp/1 T_32.8, 6;
    %dup/vec4;
    %pushi/vec4 9, 0, 8;
    %cmp/u;
    %jmp/1 T_32.9, 6;
    %dup/vec4;
    %pushi/vec4 10, 0, 8;
    %cmp/u;
    %jmp/1 T_32.10, 6;
    %dup/vec4;
    %pushi/vec4 11, 0, 8;
    %cmp/u;
    %jmp/1 T_32.11, 6;
    %dup/vec4;
    %pushi/vec4 12, 0, 8;
    %cmp/u;
    %jmp/1 T_32.12, 6;
    %dup/vec4;
    %pushi/vec4 13, 0, 8;
    %cmp/u;
    %jmp/1 T_32.13, 6;
    %dup/vec4;
    %pushi/vec4 14, 0, 8;
    %cmp/u;
    %jmp/1 T_32.14, 6;
    %dup/vec4;
    %pushi/vec4 15, 0, 8;
    %cmp/u;
    %jmp/1 T_32.15, 6;
    %dup/vec4;
    %pushi/vec4 16, 0, 8;
    %cmp/u;
    %jmp/1 T_32.16, 6;
    %dup/vec4;
    %pushi/vec4 17, 0, 8;
    %cmp/u;
    %jmp/1 T_32.17, 6;
    %dup/vec4;
    %pushi/vec4 18, 0, 8;
    %cmp/u;
    %jmp/1 T_32.18, 6;
    %dup/vec4;
    %pushi/vec4 19, 0, 8;
    %cmp/u;
    %jmp/1 T_32.19, 6;
    %dup/vec4;
    %pushi/vec4 20, 0, 8;
    %cmp/u;
    %jmp/1 T_32.20, 6;
    %dup/vec4;
    %pushi/vec4 21, 0, 8;
    %cmp/u;
    %jmp/1 T_32.21, 6;
    %dup/vec4;
    %pushi/vec4 22, 0, 8;
    %cmp/u;
    %jmp/1 T_32.22, 6;
    %dup/vec4;
    %pushi/vec4 23, 0, 8;
    %cmp/u;
    %jmp/1 T_32.23, 6;
    %dup/vec4;
    %pushi/vec4 24, 0, 8;
    %cmp/u;
    %jmp/1 T_32.24, 6;
    %dup/vec4;
    %pushi/vec4 25, 0, 8;
    %cmp/u;
    %jmp/1 T_32.25, 6;
    %dup/vec4;
    %pushi/vec4 26, 0, 8;
    %cmp/u;
    %jmp/1 T_32.26, 6;
    %dup/vec4;
    %pushi/vec4 27, 0, 8;
    %cmp/u;
    %jmp/1 T_32.27, 6;
    %dup/vec4;
    %pushi/vec4 28, 0, 8;
    %cmp/u;
    %jmp/1 T_32.28, 6;
    %dup/vec4;
    %pushi/vec4 29, 0, 8;
    %cmp/u;
    %jmp/1 T_32.29, 6;
    %dup/vec4;
    %pushi/vec4 30, 0, 8;
    %cmp/u;
    %jmp/1 T_32.30, 6;
    %dup/vec4;
    %pushi/vec4 31, 0, 8;
    %cmp/u;
    %jmp/1 T_32.31, 6;
    %dup/vec4;
    %pushi/vec4 32, 0, 8;
    %cmp/u;
    %jmp/1 T_32.32, 6;
    %dup/vec4;
    %pushi/vec4 33, 0, 8;
    %cmp/u;
    %jmp/1 T_32.33, 6;
    %dup/vec4;
    %pushi/vec4 34, 0, 8;
    %cmp/u;
    %jmp/1 T_32.34, 6;
    %dup/vec4;
    %pushi/vec4 35, 0, 8;
    %cmp/u;
    %jmp/1 T_32.35, 6;
    %dup/vec4;
    %pushi/vec4 36, 0, 8;
    %cmp/u;
    %jmp/1 T_32.36, 6;
    %dup/vec4;
    %pushi/vec4 37, 0, 8;
    %cmp/u;
    %jmp/1 T_32.37, 6;
    %dup/vec4;
    %pushi/vec4 38, 0, 8;
    %cmp/u;
    %jmp/1 T_32.38, 6;
    %dup/vec4;
    %pushi/vec4 39, 0, 8;
    %cmp/u;
    %jmp/1 T_32.39, 6;
    %dup/vec4;
    %pushi/vec4 40, 0, 8;
    %cmp/u;
    %jmp/1 T_32.40, 6;
    %dup/vec4;
    %pushi/vec4 41, 0, 8;
    %cmp/u;
    %jmp/1 T_32.41, 6;
    %dup/vec4;
    %pushi/vec4 42, 0, 8;
    %cmp/u;
    %jmp/1 T_32.42, 6;
    %dup/vec4;
    %pushi/vec4 43, 0, 8;
    %cmp/u;
    %jmp/1 T_32.43, 6;
    %dup/vec4;
    %pushi/vec4 44, 0, 8;
    %cmp/u;
    %jmp/1 T_32.44, 6;
    %dup/vec4;
    %pushi/vec4 45, 0, 8;
    %cmp/u;
    %jmp/1 T_32.45, 6;
    %dup/vec4;
    %pushi/vec4 46, 0, 8;
    %cmp/u;
    %jmp/1 T_32.46, 6;
    %dup/vec4;
    %pushi/vec4 47, 0, 8;
    %cmp/u;
    %jmp/1 T_32.47, 6;
    %dup/vec4;
    %pushi/vec4 48, 0, 8;
    %cmp/u;
    %jmp/1 T_32.48, 6;
    %dup/vec4;
    %pushi/vec4 49, 0, 8;
    %cmp/u;
    %jmp/1 T_32.49, 6;
    %dup/vec4;
    %pushi/vec4 50, 0, 8;
    %cmp/u;
    %jmp/1 T_32.50, 6;
    %dup/vec4;
    %pushi/vec4 51, 0, 8;
    %cmp/u;
    %jmp/1 T_32.51, 6;
    %dup/vec4;
    %pushi/vec4 52, 0, 8;
    %cmp/u;
    %jmp/1 T_32.52, 6;
    %dup/vec4;
    %pushi/vec4 53, 0, 8;
    %cmp/u;
    %jmp/1 T_32.53, 6;
    %dup/vec4;
    %pushi/vec4 54, 0, 8;
    %cmp/u;
    %jmp/1 T_32.54, 6;
    %dup/vec4;
    %pushi/vec4 55, 0, 8;
    %cmp/u;
    %jmp/1 T_32.55, 6;
    %dup/vec4;
    %pushi/vec4 56, 0, 8;
    %cmp/u;
    %jmp/1 T_32.56, 6;
    %dup/vec4;
    %pushi/vec4 57, 0, 8;
    %cmp/u;
    %jmp/1 T_32.57, 6;
    %dup/vec4;
    %pushi/vec4 58, 0, 8;
    %cmp/u;
    %jmp/1 T_32.58, 6;
    %dup/vec4;
    %pushi/vec4 59, 0, 8;
    %cmp/u;
    %jmp/1 T_32.59, 6;
    %dup/vec4;
    %pushi/vec4 60, 0, 8;
    %cmp/u;
    %jmp/1 T_32.60, 6;
    %dup/vec4;
    %pushi/vec4 61, 0, 8;
    %cmp/u;
    %jmp/1 T_32.61, 6;
    %dup/vec4;
    %pushi/vec4 62, 0, 8;
    %cmp/u;
    %jmp/1 T_32.62, 6;
    %dup/vec4;
    %pushi/vec4 63, 0, 8;
    %cmp/u;
    %jmp/1 T_32.63, 6;
    %dup/vec4;
    %pushi/vec4 64, 0, 8;
    %cmp/u;
    %jmp/1 T_32.64, 6;
    %dup/vec4;
    %pushi/vec4 65, 0, 8;
    %cmp/u;
    %jmp/1 T_32.65, 6;
    %dup/vec4;
    %pushi/vec4 66, 0, 8;
    %cmp/u;
    %jmp/1 T_32.66, 6;
    %dup/vec4;
    %pushi/vec4 67, 0, 8;
    %cmp/u;
    %jmp/1 T_32.67, 6;
    %dup/vec4;
    %pushi/vec4 68, 0, 8;
    %cmp/u;
    %jmp/1 T_32.68, 6;
    %dup/vec4;
    %pushi/vec4 69, 0, 8;
    %cmp/u;
    %jmp/1 T_32.69, 6;
    %dup/vec4;
    %pushi/vec4 70, 0, 8;
    %cmp/u;
    %jmp/1 T_32.70, 6;
    %dup/vec4;
    %pushi/vec4 71, 0, 8;
    %cmp/u;
    %jmp/1 T_32.71, 6;
    %dup/vec4;
    %pushi/vec4 72, 0, 8;
    %cmp/u;
    %jmp/1 T_32.72, 6;
    %dup/vec4;
    %pushi/vec4 73, 0, 8;
    %cmp/u;
    %jmp/1 T_32.73, 6;
    %dup/vec4;
    %pushi/vec4 74, 0, 8;
    %cmp/u;
    %jmp/1 T_32.74, 6;
    %dup/vec4;
    %pushi/vec4 75, 0, 8;
    %cmp/u;
    %jmp/1 T_32.75, 6;
    %dup/vec4;
    %pushi/vec4 76, 0, 8;
    %cmp/u;
    %jmp/1 T_32.76, 6;
    %dup/vec4;
    %pushi/vec4 77, 0, 8;
    %cmp/u;
    %jmp/1 T_32.77, 6;
    %dup/vec4;
    %pushi/vec4 78, 0, 8;
    %cmp/u;
    %jmp/1 T_32.78, 6;
    %dup/vec4;
    %pushi/vec4 79, 0, 8;
    %cmp/u;
    %jmp/1 T_32.79, 6;
    %dup/vec4;
    %pushi/vec4 80, 0, 8;
    %cmp/u;
    %jmp/1 T_32.80, 6;
    %dup/vec4;
    %pushi/vec4 81, 0, 8;
    %cmp/u;
    %jmp/1 T_32.81, 6;
    %dup/vec4;
    %pushi/vec4 82, 0, 8;
    %cmp/u;
    %jmp/1 T_32.82, 6;
    %dup/vec4;
    %pushi/vec4 83, 0, 8;
    %cmp/u;
    %jmp/1 T_32.83, 6;
    %dup/vec4;
    %pushi/vec4 84, 0, 8;
    %cmp/u;
    %jmp/1 T_32.84, 6;
    %dup/vec4;
    %pushi/vec4 85, 0, 8;
    %cmp/u;
    %jmp/1 T_32.85, 6;
    %dup/vec4;
    %pushi/vec4 86, 0, 8;
    %cmp/u;
    %jmp/1 T_32.86, 6;
    %dup/vec4;
    %pushi/vec4 87, 0, 8;
    %cmp/u;
    %jmp/1 T_32.87, 6;
    %dup/vec4;
    %pushi/vec4 88, 0, 8;
    %cmp/u;
    %jmp/1 T_32.88, 6;
    %dup/vec4;
    %pushi/vec4 89, 0, 8;
    %cmp/u;
    %jmp/1 T_32.89, 6;
    %dup/vec4;
    %pushi/vec4 90, 0, 8;
    %cmp/u;
    %jmp/1 T_32.90, 6;
    %dup/vec4;
    %pushi/vec4 91, 0, 8;
    %cmp/u;
    %jmp/1 T_32.91, 6;
    %dup/vec4;
    %pushi/vec4 92, 0, 8;
    %cmp/u;
    %jmp/1 T_32.92, 6;
    %dup/vec4;
    %pushi/vec4 93, 0, 8;
    %cmp/u;
    %jmp/1 T_32.93, 6;
    %dup/vec4;
    %pushi/vec4 94, 0, 8;
    %cmp/u;
    %jmp/1 T_32.94, 6;
    %dup/vec4;
    %pushi/vec4 95, 0, 8;
    %cmp/u;
    %jmp/1 T_32.95, 6;
    %dup/vec4;
    %pushi/vec4 96, 0, 8;
    %cmp/u;
    %jmp/1 T_32.96, 6;
    %dup/vec4;
    %pushi/vec4 97, 0, 8;
    %cmp/u;
    %jmp/1 T_32.97, 6;
    %dup/vec4;
    %pushi/vec4 98, 0, 8;
    %cmp/u;
    %jmp/1 T_32.98, 6;
    %dup/vec4;
    %pushi/vec4 99, 0, 8;
    %cmp/u;
    %jmp/1 T_32.99, 6;
    %dup/vec4;
    %pushi/vec4 100, 0, 8;
    %cmp/u;
    %jmp/1 T_32.100, 6;
    %dup/vec4;
    %pushi/vec4 101, 0, 8;
    %cmp/u;
    %jmp/1 T_32.101, 6;
    %dup/vec4;
    %pushi/vec4 102, 0, 8;
    %cmp/u;
    %jmp/1 T_32.102, 6;
    %dup/vec4;
    %pushi/vec4 103, 0, 8;
    %cmp/u;
    %jmp/1 T_32.103, 6;
    %dup/vec4;
    %pushi/vec4 104, 0, 8;
    %cmp/u;
    %jmp/1 T_32.104, 6;
    %dup/vec4;
    %pushi/vec4 105, 0, 8;
    %cmp/u;
    %jmp/1 T_32.105, 6;
    %dup/vec4;
    %pushi/vec4 106, 0, 8;
    %cmp/u;
    %jmp/1 T_32.106, 6;
    %dup/vec4;
    %pushi/vec4 107, 0, 8;
    %cmp/u;
    %jmp/1 T_32.107, 6;
    %dup/vec4;
    %pushi/vec4 108, 0, 8;
    %cmp/u;
    %jmp/1 T_32.108, 6;
    %dup/vec4;
    %pushi/vec4 109, 0, 8;
    %cmp/u;
    %jmp/1 T_32.109, 6;
    %dup/vec4;
    %pushi/vec4 110, 0, 8;
    %cmp/u;
    %jmp/1 T_32.110, 6;
    %dup/vec4;
    %pushi/vec4 111, 0, 8;
    %cmp/u;
    %jmp/1 T_32.111, 6;
    %dup/vec4;
    %pushi/vec4 112, 0, 8;
    %cmp/u;
    %jmp/1 T_32.112, 6;
    %dup/vec4;
    %pushi/vec4 113, 0, 8;
    %cmp/u;
    %jmp/1 T_32.113, 6;
    %dup/vec4;
    %pushi/vec4 114, 0, 8;
    %cmp/u;
    %jmp/1 T_32.114, 6;
    %dup/vec4;
    %pushi/vec4 115, 0, 8;
    %cmp/u;
    %jmp/1 T_32.115, 6;
    %dup/vec4;
    %pushi/vec4 116, 0, 8;
    %cmp/u;
    %jmp/1 T_32.116, 6;
    %dup/vec4;
    %pushi/vec4 117, 0, 8;
    %cmp/u;
    %jmp/1 T_32.117, 6;
    %dup/vec4;
    %pushi/vec4 118, 0, 8;
    %cmp/u;
    %jmp/1 T_32.118, 6;
    %dup/vec4;
    %pushi/vec4 119, 0, 8;
    %cmp/u;
    %jmp/1 T_32.119, 6;
    %dup/vec4;
    %pushi/vec4 120, 0, 8;
    %cmp/u;
    %jmp/1 T_32.120, 6;
    %dup/vec4;
    %pushi/vec4 121, 0, 8;
    %cmp/u;
    %jmp/1 T_32.121, 6;
    %dup/vec4;
    %pushi/vec4 122, 0, 8;
    %cmp/u;
    %jmp/1 T_32.122, 6;
    %dup/vec4;
    %pushi/vec4 123, 0, 8;
    %cmp/u;
    %jmp/1 T_32.123, 6;
    %dup/vec4;
    %pushi/vec4 124, 0, 8;
    %cmp/u;
    %jmp/1 T_32.124, 6;
    %dup/vec4;
    %pushi/vec4 125, 0, 8;
    %cmp/u;
    %jmp/1 T_32.125, 6;
    %dup/vec4;
    %pushi/vec4 126, 0, 8;
    %cmp/u;
    %jmp/1 T_32.126, 6;
    %dup/vec4;
    %pushi/vec4 127, 0, 8;
    %cmp/u;
    %jmp/1 T_32.127, 6;
    %dup/vec4;
    %pushi/vec4 128, 0, 8;
    %cmp/u;
    %jmp/1 T_32.128, 6;
    %dup/vec4;
    %pushi/vec4 129, 0, 8;
    %cmp/u;
    %jmp/1 T_32.129, 6;
    %dup/vec4;
    %pushi/vec4 130, 0, 8;
    %cmp/u;
    %jmp/1 T_32.130, 6;
    %dup/vec4;
    %pushi/vec4 131, 0, 8;
    %cmp/u;
    %jmp/1 T_32.131, 6;
    %dup/vec4;
    %pushi/vec4 132, 0, 8;
    %cmp/u;
    %jmp/1 T_32.132, 6;
    %dup/vec4;
    %pushi/vec4 133, 0, 8;
    %cmp/u;
    %jmp/1 T_32.133, 6;
    %dup/vec4;
    %pushi/vec4 134, 0, 8;
    %cmp/u;
    %jmp/1 T_32.134, 6;
    %dup/vec4;
    %pushi/vec4 135, 0, 8;
    %cmp/u;
    %jmp/1 T_32.135, 6;
    %dup/vec4;
    %pushi/vec4 136, 0, 8;
    %cmp/u;
    %jmp/1 T_32.136, 6;
    %dup/vec4;
    %pushi/vec4 137, 0, 8;
    %cmp/u;
    %jmp/1 T_32.137, 6;
    %dup/vec4;
    %pushi/vec4 138, 0, 8;
    %cmp/u;
    %jmp/1 T_32.138, 6;
    %dup/vec4;
    %pushi/vec4 139, 0, 8;
    %cmp/u;
    %jmp/1 T_32.139, 6;
    %dup/vec4;
    %pushi/vec4 140, 0, 8;
    %cmp/u;
    %jmp/1 T_32.140, 6;
    %dup/vec4;
    %pushi/vec4 141, 0, 8;
    %cmp/u;
    %jmp/1 T_32.141, 6;
    %dup/vec4;
    %pushi/vec4 142, 0, 8;
    %cmp/u;
    %jmp/1 T_32.142, 6;
    %dup/vec4;
    %pushi/vec4 143, 0, 8;
    %cmp/u;
    %jmp/1 T_32.143, 6;
    %dup/vec4;
    %pushi/vec4 144, 0, 8;
    %cmp/u;
    %jmp/1 T_32.144, 6;
    %dup/vec4;
    %pushi/vec4 145, 0, 8;
    %cmp/u;
    %jmp/1 T_32.145, 6;
    %dup/vec4;
    %pushi/vec4 146, 0, 8;
    %cmp/u;
    %jmp/1 T_32.146, 6;
    %dup/vec4;
    %pushi/vec4 147, 0, 8;
    %cmp/u;
    %jmp/1 T_32.147, 6;
    %dup/vec4;
    %pushi/vec4 148, 0, 8;
    %cmp/u;
    %jmp/1 T_32.148, 6;
    %dup/vec4;
    %pushi/vec4 149, 0, 8;
    %cmp/u;
    %jmp/1 T_32.149, 6;
    %dup/vec4;
    %pushi/vec4 150, 0, 8;
    %cmp/u;
    %jmp/1 T_32.150, 6;
    %dup/vec4;
    %pushi/vec4 151, 0, 8;
    %cmp/u;
    %jmp/1 T_32.151, 6;
    %dup/vec4;
    %pushi/vec4 152, 0, 8;
    %cmp/u;
    %jmp/1 T_32.152, 6;
    %dup/vec4;
    %pushi/vec4 153, 0, 8;
    %cmp/u;
    %jmp/1 T_32.153, 6;
    %dup/vec4;
    %pushi/vec4 154, 0, 8;
    %cmp/u;
    %jmp/1 T_32.154, 6;
    %dup/vec4;
    %pushi/vec4 155, 0, 8;
    %cmp/u;
    %jmp/1 T_32.155, 6;
    %dup/vec4;
    %pushi/vec4 156, 0, 8;
    %cmp/u;
    %jmp/1 T_32.156, 6;
    %dup/vec4;
    %pushi/vec4 157, 0, 8;
    %cmp/u;
    %jmp/1 T_32.157, 6;
    %dup/vec4;
    %pushi/vec4 158, 0, 8;
    %cmp/u;
    %jmp/1 T_32.158, 6;
    %dup/vec4;
    %pushi/vec4 159, 0, 8;
    %cmp/u;
    %jmp/1 T_32.159, 6;
    %dup/vec4;
    %pushi/vec4 160, 0, 8;
    %cmp/u;
    %jmp/1 T_32.160, 6;
    %dup/vec4;
    %pushi/vec4 161, 0, 8;
    %cmp/u;
    %jmp/1 T_32.161, 6;
    %dup/vec4;
    %pushi/vec4 162, 0, 8;
    %cmp/u;
    %jmp/1 T_32.162, 6;
    %dup/vec4;
    %pushi/vec4 163, 0, 8;
    %cmp/u;
    %jmp/1 T_32.163, 6;
    %dup/vec4;
    %pushi/vec4 164, 0, 8;
    %cmp/u;
    %jmp/1 T_32.164, 6;
    %dup/vec4;
    %pushi/vec4 165, 0, 8;
    %cmp/u;
    %jmp/1 T_32.165, 6;
    %dup/vec4;
    %pushi/vec4 166, 0, 8;
    %cmp/u;
    %jmp/1 T_32.166, 6;
    %dup/vec4;
    %pushi/vec4 167, 0, 8;
    %cmp/u;
    %jmp/1 T_32.167, 6;
    %dup/vec4;
    %pushi/vec4 168, 0, 8;
    %cmp/u;
    %jmp/1 T_32.168, 6;
    %dup/vec4;
    %pushi/vec4 169, 0, 8;
    %cmp/u;
    %jmp/1 T_32.169, 6;
    %dup/vec4;
    %pushi/vec4 170, 0, 8;
    %cmp/u;
    %jmp/1 T_32.170, 6;
    %dup/vec4;
    %pushi/vec4 171, 0, 8;
    %cmp/u;
    %jmp/1 T_32.171, 6;
    %dup/vec4;
    %pushi/vec4 172, 0, 8;
    %cmp/u;
    %jmp/1 T_32.172, 6;
    %dup/vec4;
    %pushi/vec4 173, 0, 8;
    %cmp/u;
    %jmp/1 T_32.173, 6;
    %dup/vec4;
    %pushi/vec4 174, 0, 8;
    %cmp/u;
    %jmp/1 T_32.174, 6;
    %dup/vec4;
    %pushi/vec4 175, 0, 8;
    %cmp/u;
    %jmp/1 T_32.175, 6;
    %dup/vec4;
    %pushi/vec4 176, 0, 8;
    %cmp/u;
    %jmp/1 T_32.176, 6;
    %dup/vec4;
    %pushi/vec4 177, 0, 8;
    %cmp/u;
    %jmp/1 T_32.177, 6;
    %dup/vec4;
    %pushi/vec4 178, 0, 8;
    %cmp/u;
    %jmp/1 T_32.178, 6;
    %dup/vec4;
    %pushi/vec4 179, 0, 8;
    %cmp/u;
    %jmp/1 T_32.179, 6;
    %dup/vec4;
    %pushi/vec4 180, 0, 8;
    %cmp/u;
    %jmp/1 T_32.180, 6;
    %dup/vec4;
    %pushi/vec4 181, 0, 8;
    %cmp/u;
    %jmp/1 T_32.181, 6;
    %dup/vec4;
    %pushi/vec4 182, 0, 8;
    %cmp/u;
    %jmp/1 T_32.182, 6;
    %dup/vec4;
    %pushi/vec4 183, 0, 8;
    %cmp/u;
    %jmp/1 T_32.183, 6;
    %dup/vec4;
    %pushi/vec4 184, 0, 8;
    %cmp/u;
    %jmp/1 T_32.184, 6;
    %dup/vec4;
    %pushi/vec4 185, 0, 8;
    %cmp/u;
    %jmp/1 T_32.185, 6;
    %dup/vec4;
    %pushi/vec4 186, 0, 8;
    %cmp/u;
    %jmp/1 T_32.186, 6;
    %dup/vec4;
    %pushi/vec4 187, 0, 8;
    %cmp/u;
    %jmp/1 T_32.187, 6;
    %dup/vec4;
    %pushi/vec4 188, 0, 8;
    %cmp/u;
    %jmp/1 T_32.188, 6;
    %dup/vec4;
    %pushi/vec4 189, 0, 8;
    %cmp/u;
    %jmp/1 T_32.189, 6;
    %dup/vec4;
    %pushi/vec4 190, 0, 8;
    %cmp/u;
    %jmp/1 T_32.190, 6;
    %dup/vec4;
    %pushi/vec4 191, 0, 8;
    %cmp/u;
    %jmp/1 T_32.191, 6;
    %dup/vec4;
    %pushi/vec4 192, 0, 8;
    %cmp/u;
    %jmp/1 T_32.192, 6;
    %dup/vec4;
    %pushi/vec4 193, 0, 8;
    %cmp/u;
    %jmp/1 T_32.193, 6;
    %dup/vec4;
    %pushi/vec4 194, 0, 8;
    %cmp/u;
    %jmp/1 T_32.194, 6;
    %dup/vec4;
    %pushi/vec4 195, 0, 8;
    %cmp/u;
    %jmp/1 T_32.195, 6;
    %dup/vec4;
    %pushi/vec4 196, 0, 8;
    %cmp/u;
    %jmp/1 T_32.196, 6;
    %dup/vec4;
    %pushi/vec4 197, 0, 8;
    %cmp/u;
    %jmp/1 T_32.197, 6;
    %dup/vec4;
    %pushi/vec4 198, 0, 8;
    %cmp/u;
    %jmp/1 T_32.198, 6;
    %dup/vec4;
    %pushi/vec4 199, 0, 8;
    %cmp/u;
    %jmp/1 T_32.199, 6;
    %dup/vec4;
    %pushi/vec4 200, 0, 8;
    %cmp/u;
    %jmp/1 T_32.200, 6;
    %dup/vec4;
    %pushi/vec4 201, 0, 8;
    %cmp/u;
    %jmp/1 T_32.201, 6;
    %dup/vec4;
    %pushi/vec4 202, 0, 8;
    %cmp/u;
    %jmp/1 T_32.202, 6;
    %dup/vec4;
    %pushi/vec4 203, 0, 8;
    %cmp/u;
    %jmp/1 T_32.203, 6;
    %dup/vec4;
    %pushi/vec4 204, 0, 8;
    %cmp/u;
    %jmp/1 T_32.204, 6;
    %dup/vec4;
    %pushi/vec4 205, 0, 8;
    %cmp/u;
    %jmp/1 T_32.205, 6;
    %dup/vec4;
    %pushi/vec4 206, 0, 8;
    %cmp/u;
    %jmp/1 T_32.206, 6;
    %dup/vec4;
    %pushi/vec4 207, 0, 8;
    %cmp/u;
    %jmp/1 T_32.207, 6;
    %dup/vec4;
    %pushi/vec4 208, 0, 8;
    %cmp/u;
    %jmp/1 T_32.208, 6;
    %dup/vec4;
    %pushi/vec4 209, 0, 8;
    %cmp/u;
    %jmp/1 T_32.209, 6;
    %dup/vec4;
    %pushi/vec4 210, 0, 8;
    %cmp/u;
    %jmp/1 T_32.210, 6;
    %dup/vec4;
    %pushi/vec4 211, 0, 8;
    %cmp/u;
    %jmp/1 T_32.211, 6;
    %dup/vec4;
    %pushi/vec4 212, 0, 8;
    %cmp/u;
    %jmp/1 T_32.212, 6;
    %dup/vec4;
    %pushi/vec4 213, 0, 8;
    %cmp/u;
    %jmp/1 T_32.213, 6;
    %dup/vec4;
    %pushi/vec4 214, 0, 8;
    %cmp/u;
    %jmp/1 T_32.214, 6;
    %dup/vec4;
    %pushi/vec4 215, 0, 8;
    %cmp/u;
    %jmp/1 T_32.215, 6;
    %dup/vec4;
    %pushi/vec4 216, 0, 8;
    %cmp/u;
    %jmp/1 T_32.216, 6;
    %dup/vec4;
    %pushi/vec4 217, 0, 8;
    %cmp/u;
    %jmp/1 T_32.217, 6;
    %dup/vec4;
    %pushi/vec4 218, 0, 8;
    %cmp/u;
    %jmp/1 T_32.218, 6;
    %dup/vec4;
    %pushi/vec4 219, 0, 8;
    %cmp/u;
    %jmp/1 T_32.219, 6;
    %dup/vec4;
    %pushi/vec4 220, 0, 8;
    %cmp/u;
    %jmp/1 T_32.220, 6;
    %dup/vec4;
    %pushi/vec4 221, 0, 8;
    %cmp/u;
    %jmp/1 T_32.221, 6;
    %dup/vec4;
    %pushi/vec4 222, 0, 8;
    %cmp/u;
    %jmp/1 T_32.222, 6;
    %dup/vec4;
    %pushi/vec4 223, 0, 8;
    %cmp/u;
    %jmp/1 T_32.223, 6;
    %dup/vec4;
    %pushi/vec4 224, 0, 8;
    %cmp/u;
    %jmp/1 T_32.224, 6;
    %dup/vec4;
    %pushi/vec4 225, 0, 8;
    %cmp/u;
    %jmp/1 T_32.225, 6;
    %dup/vec4;
    %pushi/vec4 226, 0, 8;
    %cmp/u;
    %jmp/1 T_32.226, 6;
    %dup/vec4;
    %pushi/vec4 227, 0, 8;
    %cmp/u;
    %jmp/1 T_32.227, 6;
    %dup/vec4;
    %pushi/vec4 228, 0, 8;
    %cmp/u;
    %jmp/1 T_32.228, 6;
    %dup/vec4;
    %pushi/vec4 229, 0, 8;
    %cmp/u;
    %jmp/1 T_32.229, 6;
    %dup/vec4;
    %pushi/vec4 230, 0, 8;
    %cmp/u;
    %jmp/1 T_32.230, 6;
    %dup/vec4;
    %pushi/vec4 231, 0, 8;
    %cmp/u;
    %jmp/1 T_32.231, 6;
    %dup/vec4;
    %pushi/vec4 232, 0, 8;
    %cmp/u;
    %jmp/1 T_32.232, 6;
    %dup/vec4;
    %pushi/vec4 233, 0, 8;
    %cmp/u;
    %jmp/1 T_32.233, 6;
    %dup/vec4;
    %pushi/vec4 234, 0, 8;
    %cmp/u;
    %jmp/1 T_32.234, 6;
    %dup/vec4;
    %pushi/vec4 235, 0, 8;
    %cmp/u;
    %jmp/1 T_32.235, 6;
    %dup/vec4;
    %pushi/vec4 236, 0, 8;
    %cmp/u;
    %jmp/1 T_32.236, 6;
    %dup/vec4;
    %pushi/vec4 237, 0, 8;
    %cmp/u;
    %jmp/1 T_32.237, 6;
    %dup/vec4;
    %pushi/vec4 238, 0, 8;
    %cmp/u;
    %jmp/1 T_32.238, 6;
    %dup/vec4;
    %pushi/vec4 239, 0, 8;
    %cmp/u;
    %jmp/1 T_32.239, 6;
    %dup/vec4;
    %pushi/vec4 240, 0, 8;
    %cmp/u;
    %jmp/1 T_32.240, 6;
    %dup/vec4;
    %pushi/vec4 241, 0, 8;
    %cmp/u;
    %jmp/1 T_32.241, 6;
    %dup/vec4;
    %pushi/vec4 242, 0, 8;
    %cmp/u;
    %jmp/1 T_32.242, 6;
    %dup/vec4;
    %pushi/vec4 243, 0, 8;
    %cmp/u;
    %jmp/1 T_32.243, 6;
    %dup/vec4;
    %pushi/vec4 244, 0, 8;
    %cmp/u;
    %jmp/1 T_32.244, 6;
    %dup/vec4;
    %pushi/vec4 245, 0, 8;
    %cmp/u;
    %jmp/1 T_32.245, 6;
    %dup/vec4;
    %pushi/vec4 246, 0, 8;
    %cmp/u;
    %jmp/1 T_32.246, 6;
    %dup/vec4;
    %pushi/vec4 247, 0, 8;
    %cmp/u;
    %jmp/1 T_32.247, 6;
    %dup/vec4;
    %pushi/vec4 248, 0, 8;
    %cmp/u;
    %jmp/1 T_32.248, 6;
    %dup/vec4;
    %pushi/vec4 249, 0, 8;
    %cmp/u;
    %jmp/1 T_32.249, 6;
    %dup/vec4;
    %pushi/vec4 250, 0, 8;
    %cmp/u;
    %jmp/1 T_32.250, 6;
    %dup/vec4;
    %pushi/vec4 251, 0, 8;
    %cmp/u;
    %jmp/1 T_32.251, 6;
    %dup/vec4;
    %pushi/vec4 252, 0, 8;
    %cmp/u;
    %jmp/1 T_32.252, 6;
    %dup/vec4;
    %pushi/vec4 253, 0, 8;
    %cmp/u;
    %jmp/1 T_32.253, 6;
    %dup/vec4;
    %pushi/vec4 254, 0, 8;
    %cmp/u;
    %jmp/1 T_32.254, 6;
    %dup/vec4;
    %pushi/vec4 255, 0, 8;
    %cmp/u;
    %jmp/1 T_32.255, 6;
    %jmp T_32.256;
T_32.0 ;
    %pushi/vec4 99, 0, 8;
    %store/vec4 v00000149b1449420_0, 0, 8;
    %jmp T_32.256;
T_32.1 ;
    %pushi/vec4 124, 0, 8;
    %store/vec4 v00000149b1449420_0, 0, 8;
    %jmp T_32.256;
T_32.2 ;
    %pushi/vec4 119, 0, 8;
    %store/vec4 v00000149b1449420_0, 0, 8;
    %jmp T_32.256;
T_32.3 ;
    %pushi/vec4 123, 0, 8;
    %store/vec4 v00000149b1449420_0, 0, 8;
    %jmp T_32.256;
T_32.4 ;
    %pushi/vec4 242, 0, 8;
    %store/vec4 v00000149b1449420_0, 0, 8;
    %jmp T_32.256;
T_32.5 ;
    %pushi/vec4 107, 0, 8;
    %store/vec4 v00000149b1449420_0, 0, 8;
    %jmp T_32.256;
T_32.6 ;
    %pushi/vec4 111, 0, 8;
    %store/vec4 v00000149b1449420_0, 0, 8;
    %jmp T_32.256;
T_32.7 ;
    %pushi/vec4 197, 0, 8;
    %store/vec4 v00000149b1449420_0, 0, 8;
    %jmp T_32.256;
T_32.8 ;
    %pushi/vec4 48, 0, 8;
    %store/vec4 v00000149b1449420_0, 0, 8;
    %jmp T_32.256;
T_32.9 ;
    %pushi/vec4 1, 0, 8;
    %store/vec4 v00000149b1449420_0, 0, 8;
    %jmp T_32.256;
T_32.10 ;
    %pushi/vec4 103, 0, 8;
    %store/vec4 v00000149b1449420_0, 0, 8;
    %jmp T_32.256;
T_32.11 ;
    %pushi/vec4 43, 0, 8;
    %store/vec4 v00000149b1449420_0, 0, 8;
    %jmp T_32.256;
T_32.12 ;
    %pushi/vec4 254, 0, 8;
    %store/vec4 v00000149b1449420_0, 0, 8;
    %jmp T_32.256;
T_32.13 ;
    %pushi/vec4 215, 0, 8;
    %store/vec4 v00000149b1449420_0, 0, 8;
    %jmp T_32.256;
T_32.14 ;
    %pushi/vec4 171, 0, 8;
    %store/vec4 v00000149b1449420_0, 0, 8;
    %jmp T_32.256;
T_32.15 ;
    %pushi/vec4 118, 0, 8;
    %store/vec4 v00000149b1449420_0, 0, 8;
    %jmp T_32.256;
T_32.16 ;
    %pushi/vec4 202, 0, 8;
    %store/vec4 v00000149b1449420_0, 0, 8;
    %jmp T_32.256;
T_32.17 ;
    %pushi/vec4 130, 0, 8;
    %store/vec4 v00000149b1449420_0, 0, 8;
    %jmp T_32.256;
T_32.18 ;
    %pushi/vec4 201, 0, 8;
    %store/vec4 v00000149b1449420_0, 0, 8;
    %jmp T_32.256;
T_32.19 ;
    %pushi/vec4 125, 0, 8;
    %store/vec4 v00000149b1449420_0, 0, 8;
    %jmp T_32.256;
T_32.20 ;
    %pushi/vec4 250, 0, 8;
    %store/vec4 v00000149b1449420_0, 0, 8;
    %jmp T_32.256;
T_32.21 ;
    %pushi/vec4 89, 0, 8;
    %store/vec4 v00000149b1449420_0, 0, 8;
    %jmp T_32.256;
T_32.22 ;
    %pushi/vec4 71, 0, 8;
    %store/vec4 v00000149b1449420_0, 0, 8;
    %jmp T_32.256;
T_32.23 ;
    %pushi/vec4 240, 0, 8;
    %store/vec4 v00000149b1449420_0, 0, 8;
    %jmp T_32.256;
T_32.24 ;
    %pushi/vec4 173, 0, 8;
    %store/vec4 v00000149b1449420_0, 0, 8;
    %jmp T_32.256;
T_32.25 ;
    %pushi/vec4 212, 0, 8;
    %store/vec4 v00000149b1449420_0, 0, 8;
    %jmp T_32.256;
T_32.26 ;
    %pushi/vec4 162, 0, 8;
    %store/vec4 v00000149b1449420_0, 0, 8;
    %jmp T_32.256;
T_32.27 ;
    %pushi/vec4 175, 0, 8;
    %store/vec4 v00000149b1449420_0, 0, 8;
    %jmp T_32.256;
T_32.28 ;
    %pushi/vec4 156, 0, 8;
    %store/vec4 v00000149b1449420_0, 0, 8;
    %jmp T_32.256;
T_32.29 ;
    %pushi/vec4 164, 0, 8;
    %store/vec4 v00000149b1449420_0, 0, 8;
    %jmp T_32.256;
T_32.30 ;
    %pushi/vec4 114, 0, 8;
    %store/vec4 v00000149b1449420_0, 0, 8;
    %jmp T_32.256;
T_32.31 ;
    %pushi/vec4 192, 0, 8;
    %store/vec4 v00000149b1449420_0, 0, 8;
    %jmp T_32.256;
T_32.32 ;
    %pushi/vec4 183, 0, 8;
    %store/vec4 v00000149b1449420_0, 0, 8;
    %jmp T_32.256;
T_32.33 ;
    %pushi/vec4 253, 0, 8;
    %store/vec4 v00000149b1449420_0, 0, 8;
    %jmp T_32.256;
T_32.34 ;
    %pushi/vec4 147, 0, 8;
    %store/vec4 v00000149b1449420_0, 0, 8;
    %jmp T_32.256;
T_32.35 ;
    %pushi/vec4 38, 0, 8;
    %store/vec4 v00000149b1449420_0, 0, 8;
    %jmp T_32.256;
T_32.36 ;
    %pushi/vec4 54, 0, 8;
    %store/vec4 v00000149b1449420_0, 0, 8;
    %jmp T_32.256;
T_32.37 ;
    %pushi/vec4 63, 0, 8;
    %store/vec4 v00000149b1449420_0, 0, 8;
    %jmp T_32.256;
T_32.38 ;
    %pushi/vec4 247, 0, 8;
    %store/vec4 v00000149b1449420_0, 0, 8;
    %jmp T_32.256;
T_32.39 ;
    %pushi/vec4 204, 0, 8;
    %store/vec4 v00000149b1449420_0, 0, 8;
    %jmp T_32.256;
T_32.40 ;
    %pushi/vec4 52, 0, 8;
    %store/vec4 v00000149b1449420_0, 0, 8;
    %jmp T_32.256;
T_32.41 ;
    %pushi/vec4 165, 0, 8;
    %store/vec4 v00000149b1449420_0, 0, 8;
    %jmp T_32.256;
T_32.42 ;
    %pushi/vec4 229, 0, 8;
    %store/vec4 v00000149b1449420_0, 0, 8;
    %jmp T_32.256;
T_32.43 ;
    %pushi/vec4 241, 0, 8;
    %store/vec4 v00000149b1449420_0, 0, 8;
    %jmp T_32.256;
T_32.44 ;
    %pushi/vec4 113, 0, 8;
    %store/vec4 v00000149b1449420_0, 0, 8;
    %jmp T_32.256;
T_32.45 ;
    %pushi/vec4 216, 0, 8;
    %store/vec4 v00000149b1449420_0, 0, 8;
    %jmp T_32.256;
T_32.46 ;
    %pushi/vec4 49, 0, 8;
    %store/vec4 v00000149b1449420_0, 0, 8;
    %jmp T_32.256;
T_32.47 ;
    %pushi/vec4 21, 0, 8;
    %store/vec4 v00000149b1449420_0, 0, 8;
    %jmp T_32.256;
T_32.48 ;
    %pushi/vec4 4, 0, 8;
    %store/vec4 v00000149b1449420_0, 0, 8;
    %jmp T_32.256;
T_32.49 ;
    %pushi/vec4 199, 0, 8;
    %store/vec4 v00000149b1449420_0, 0, 8;
    %jmp T_32.256;
T_32.50 ;
    %pushi/vec4 35, 0, 8;
    %store/vec4 v00000149b1449420_0, 0, 8;
    %jmp T_32.256;
T_32.51 ;
    %pushi/vec4 195, 0, 8;
    %store/vec4 v00000149b1449420_0, 0, 8;
    %jmp T_32.256;
T_32.52 ;
    %pushi/vec4 24, 0, 8;
    %store/vec4 v00000149b1449420_0, 0, 8;
    %jmp T_32.256;
T_32.53 ;
    %pushi/vec4 150, 0, 8;
    %store/vec4 v00000149b1449420_0, 0, 8;
    %jmp T_32.256;
T_32.54 ;
    %pushi/vec4 5, 0, 8;
    %store/vec4 v00000149b1449420_0, 0, 8;
    %jmp T_32.256;
T_32.55 ;
    %pushi/vec4 154, 0, 8;
    %store/vec4 v00000149b1449420_0, 0, 8;
    %jmp T_32.256;
T_32.56 ;
    %pushi/vec4 7, 0, 8;
    %store/vec4 v00000149b1449420_0, 0, 8;
    %jmp T_32.256;
T_32.57 ;
    %pushi/vec4 18, 0, 8;
    %store/vec4 v00000149b1449420_0, 0, 8;
    %jmp T_32.256;
T_32.58 ;
    %pushi/vec4 128, 0, 8;
    %store/vec4 v00000149b1449420_0, 0, 8;
    %jmp T_32.256;
T_32.59 ;
    %pushi/vec4 226, 0, 8;
    %store/vec4 v00000149b1449420_0, 0, 8;
    %jmp T_32.256;
T_32.60 ;
    %pushi/vec4 235, 0, 8;
    %store/vec4 v00000149b1449420_0, 0, 8;
    %jmp T_32.256;
T_32.61 ;
    %pushi/vec4 39, 0, 8;
    %store/vec4 v00000149b1449420_0, 0, 8;
    %jmp T_32.256;
T_32.62 ;
    %pushi/vec4 178, 0, 8;
    %store/vec4 v00000149b1449420_0, 0, 8;
    %jmp T_32.256;
T_32.63 ;
    %pushi/vec4 117, 0, 8;
    %store/vec4 v00000149b1449420_0, 0, 8;
    %jmp T_32.256;
T_32.64 ;
    %pushi/vec4 9, 0, 8;
    %store/vec4 v00000149b1449420_0, 0, 8;
    %jmp T_32.256;
T_32.65 ;
    %pushi/vec4 131, 0, 8;
    %store/vec4 v00000149b1449420_0, 0, 8;
    %jmp T_32.256;
T_32.66 ;
    %pushi/vec4 44, 0, 8;
    %store/vec4 v00000149b1449420_0, 0, 8;
    %jmp T_32.256;
T_32.67 ;
    %pushi/vec4 26, 0, 8;
    %store/vec4 v00000149b1449420_0, 0, 8;
    %jmp T_32.256;
T_32.68 ;
    %pushi/vec4 27, 0, 8;
    %store/vec4 v00000149b1449420_0, 0, 8;
    %jmp T_32.256;
T_32.69 ;
    %pushi/vec4 110, 0, 8;
    %store/vec4 v00000149b1449420_0, 0, 8;
    %jmp T_32.256;
T_32.70 ;
    %pushi/vec4 90, 0, 8;
    %store/vec4 v00000149b1449420_0, 0, 8;
    %jmp T_32.256;
T_32.71 ;
    %pushi/vec4 160, 0, 8;
    %store/vec4 v00000149b1449420_0, 0, 8;
    %jmp T_32.256;
T_32.72 ;
    %pushi/vec4 82, 0, 8;
    %store/vec4 v00000149b1449420_0, 0, 8;
    %jmp T_32.256;
T_32.73 ;
    %pushi/vec4 59, 0, 8;
    %store/vec4 v00000149b1449420_0, 0, 8;
    %jmp T_32.256;
T_32.74 ;
    %pushi/vec4 214, 0, 8;
    %store/vec4 v00000149b1449420_0, 0, 8;
    %jmp T_32.256;
T_32.75 ;
    %pushi/vec4 179, 0, 8;
    %store/vec4 v00000149b1449420_0, 0, 8;
    %jmp T_32.256;
T_32.76 ;
    %pushi/vec4 41, 0, 8;
    %store/vec4 v00000149b1449420_0, 0, 8;
    %jmp T_32.256;
T_32.77 ;
    %pushi/vec4 227, 0, 8;
    %store/vec4 v00000149b1449420_0, 0, 8;
    %jmp T_32.256;
T_32.78 ;
    %pushi/vec4 47, 0, 8;
    %store/vec4 v00000149b1449420_0, 0, 8;
    %jmp T_32.256;
T_32.79 ;
    %pushi/vec4 132, 0, 8;
    %store/vec4 v00000149b1449420_0, 0, 8;
    %jmp T_32.256;
T_32.80 ;
    %pushi/vec4 83, 0, 8;
    %store/vec4 v00000149b1449420_0, 0, 8;
    %jmp T_32.256;
T_32.81 ;
    %pushi/vec4 209, 0, 8;
    %store/vec4 v00000149b1449420_0, 0, 8;
    %jmp T_32.256;
T_32.82 ;
    %pushi/vec4 0, 0, 8;
    %store/vec4 v00000149b1449420_0, 0, 8;
    %jmp T_32.256;
T_32.83 ;
    %pushi/vec4 237, 0, 8;
    %store/vec4 v00000149b1449420_0, 0, 8;
    %jmp T_32.256;
T_32.84 ;
    %pushi/vec4 32, 0, 8;
    %store/vec4 v00000149b1449420_0, 0, 8;
    %jmp T_32.256;
T_32.85 ;
    %pushi/vec4 252, 0, 8;
    %store/vec4 v00000149b1449420_0, 0, 8;
    %jmp T_32.256;
T_32.86 ;
    %pushi/vec4 177, 0, 8;
    %store/vec4 v00000149b1449420_0, 0, 8;
    %jmp T_32.256;
T_32.87 ;
    %pushi/vec4 91, 0, 8;
    %store/vec4 v00000149b1449420_0, 0, 8;
    %jmp T_32.256;
T_32.88 ;
    %pushi/vec4 106, 0, 8;
    %store/vec4 v00000149b1449420_0, 0, 8;
    %jmp T_32.256;
T_32.89 ;
    %pushi/vec4 203, 0, 8;
    %store/vec4 v00000149b1449420_0, 0, 8;
    %jmp T_32.256;
T_32.90 ;
    %pushi/vec4 190, 0, 8;
    %store/vec4 v00000149b1449420_0, 0, 8;
    %jmp T_32.256;
T_32.91 ;
    %pushi/vec4 57, 0, 8;
    %store/vec4 v00000149b1449420_0, 0, 8;
    %jmp T_32.256;
T_32.92 ;
    %pushi/vec4 74, 0, 8;
    %store/vec4 v00000149b1449420_0, 0, 8;
    %jmp T_32.256;
T_32.93 ;
    %pushi/vec4 76, 0, 8;
    %store/vec4 v00000149b1449420_0, 0, 8;
    %jmp T_32.256;
T_32.94 ;
    %pushi/vec4 88, 0, 8;
    %store/vec4 v00000149b1449420_0, 0, 8;
    %jmp T_32.256;
T_32.95 ;
    %pushi/vec4 207, 0, 8;
    %store/vec4 v00000149b1449420_0, 0, 8;
    %jmp T_32.256;
T_32.96 ;
    %pushi/vec4 208, 0, 8;
    %store/vec4 v00000149b1449420_0, 0, 8;
    %jmp T_32.256;
T_32.97 ;
    %pushi/vec4 239, 0, 8;
    %store/vec4 v00000149b1449420_0, 0, 8;
    %jmp T_32.256;
T_32.98 ;
    %pushi/vec4 170, 0, 8;
    %store/vec4 v00000149b1449420_0, 0, 8;
    %jmp T_32.256;
T_32.99 ;
    %pushi/vec4 251, 0, 8;
    %store/vec4 v00000149b1449420_0, 0, 8;
    %jmp T_32.256;
T_32.100 ;
    %pushi/vec4 67, 0, 8;
    %store/vec4 v00000149b1449420_0, 0, 8;
    %jmp T_32.256;
T_32.101 ;
    %pushi/vec4 77, 0, 8;
    %store/vec4 v00000149b1449420_0, 0, 8;
    %jmp T_32.256;
T_32.102 ;
    %pushi/vec4 51, 0, 8;
    %store/vec4 v00000149b1449420_0, 0, 8;
    %jmp T_32.256;
T_32.103 ;
    %pushi/vec4 133, 0, 8;
    %store/vec4 v00000149b1449420_0, 0, 8;
    %jmp T_32.256;
T_32.104 ;
    %pushi/vec4 69, 0, 8;
    %store/vec4 v00000149b1449420_0, 0, 8;
    %jmp T_32.256;
T_32.105 ;
    %pushi/vec4 249, 0, 8;
    %store/vec4 v00000149b1449420_0, 0, 8;
    %jmp T_32.256;
T_32.106 ;
    %pushi/vec4 2, 0, 8;
    %store/vec4 v00000149b1449420_0, 0, 8;
    %jmp T_32.256;
T_32.107 ;
    %pushi/vec4 127, 0, 8;
    %store/vec4 v00000149b1449420_0, 0, 8;
    %jmp T_32.256;
T_32.108 ;
    %pushi/vec4 80, 0, 8;
    %store/vec4 v00000149b1449420_0, 0, 8;
    %jmp T_32.256;
T_32.109 ;
    %pushi/vec4 60, 0, 8;
    %store/vec4 v00000149b1449420_0, 0, 8;
    %jmp T_32.256;
T_32.110 ;
    %pushi/vec4 159, 0, 8;
    %store/vec4 v00000149b1449420_0, 0, 8;
    %jmp T_32.256;
T_32.111 ;
    %pushi/vec4 168, 0, 8;
    %store/vec4 v00000149b1449420_0, 0, 8;
    %jmp T_32.256;
T_32.112 ;
    %pushi/vec4 81, 0, 8;
    %store/vec4 v00000149b1449420_0, 0, 8;
    %jmp T_32.256;
T_32.113 ;
    %pushi/vec4 163, 0, 8;
    %store/vec4 v00000149b1449420_0, 0, 8;
    %jmp T_32.256;
T_32.114 ;
    %pushi/vec4 64, 0, 8;
    %store/vec4 v00000149b1449420_0, 0, 8;
    %jmp T_32.256;
T_32.115 ;
    %pushi/vec4 143, 0, 8;
    %store/vec4 v00000149b1449420_0, 0, 8;
    %jmp T_32.256;
T_32.116 ;
    %pushi/vec4 146, 0, 8;
    %store/vec4 v00000149b1449420_0, 0, 8;
    %jmp T_32.256;
T_32.117 ;
    %pushi/vec4 157, 0, 8;
    %store/vec4 v00000149b1449420_0, 0, 8;
    %jmp T_32.256;
T_32.118 ;
    %pushi/vec4 56, 0, 8;
    %store/vec4 v00000149b1449420_0, 0, 8;
    %jmp T_32.256;
T_32.119 ;
    %pushi/vec4 245, 0, 8;
    %store/vec4 v00000149b1449420_0, 0, 8;
    %jmp T_32.256;
T_32.120 ;
    %pushi/vec4 188, 0, 8;
    %store/vec4 v00000149b1449420_0, 0, 8;
    %jmp T_32.256;
T_32.121 ;
    %pushi/vec4 182, 0, 8;
    %store/vec4 v00000149b1449420_0, 0, 8;
    %jmp T_32.256;
T_32.122 ;
    %pushi/vec4 218, 0, 8;
    %store/vec4 v00000149b1449420_0, 0, 8;
    %jmp T_32.256;
T_32.123 ;
    %pushi/vec4 33, 0, 8;
    %store/vec4 v00000149b1449420_0, 0, 8;
    %jmp T_32.256;
T_32.124 ;
    %pushi/vec4 16, 0, 8;
    %store/vec4 v00000149b1449420_0, 0, 8;
    %jmp T_32.256;
T_32.125 ;
    %pushi/vec4 255, 0, 8;
    %store/vec4 v00000149b1449420_0, 0, 8;
    %jmp T_32.256;
T_32.126 ;
    %pushi/vec4 243, 0, 8;
    %store/vec4 v00000149b1449420_0, 0, 8;
    %jmp T_32.256;
T_32.127 ;
    %pushi/vec4 210, 0, 8;
    %store/vec4 v00000149b1449420_0, 0, 8;
    %jmp T_32.256;
T_32.128 ;
    %pushi/vec4 205, 0, 8;
    %store/vec4 v00000149b1449420_0, 0, 8;
    %jmp T_32.256;
T_32.129 ;
    %pushi/vec4 12, 0, 8;
    %store/vec4 v00000149b1449420_0, 0, 8;
    %jmp T_32.256;
T_32.130 ;
    %pushi/vec4 19, 0, 8;
    %store/vec4 v00000149b1449420_0, 0, 8;
    %jmp T_32.256;
T_32.131 ;
    %pushi/vec4 236, 0, 8;
    %store/vec4 v00000149b1449420_0, 0, 8;
    %jmp T_32.256;
T_32.132 ;
    %pushi/vec4 95, 0, 8;
    %store/vec4 v00000149b1449420_0, 0, 8;
    %jmp T_32.256;
T_32.133 ;
    %pushi/vec4 151, 0, 8;
    %store/vec4 v00000149b1449420_0, 0, 8;
    %jmp T_32.256;
T_32.134 ;
    %pushi/vec4 68, 0, 8;
    %store/vec4 v00000149b1449420_0, 0, 8;
    %jmp T_32.256;
T_32.135 ;
    %pushi/vec4 23, 0, 8;
    %store/vec4 v00000149b1449420_0, 0, 8;
    %jmp T_32.256;
T_32.136 ;
    %pushi/vec4 196, 0, 8;
    %store/vec4 v00000149b1449420_0, 0, 8;
    %jmp T_32.256;
T_32.137 ;
    %pushi/vec4 167, 0, 8;
    %store/vec4 v00000149b1449420_0, 0, 8;
    %jmp T_32.256;
T_32.138 ;
    %pushi/vec4 126, 0, 8;
    %store/vec4 v00000149b1449420_0, 0, 8;
    %jmp T_32.256;
T_32.139 ;
    %pushi/vec4 61, 0, 8;
    %store/vec4 v00000149b1449420_0, 0, 8;
    %jmp T_32.256;
T_32.140 ;
    %pushi/vec4 100, 0, 8;
    %store/vec4 v00000149b1449420_0, 0, 8;
    %jmp T_32.256;
T_32.141 ;
    %pushi/vec4 93, 0, 8;
    %store/vec4 v00000149b1449420_0, 0, 8;
    %jmp T_32.256;
T_32.142 ;
    %pushi/vec4 25, 0, 8;
    %store/vec4 v00000149b1449420_0, 0, 8;
    %jmp T_32.256;
T_32.143 ;
    %pushi/vec4 115, 0, 8;
    %store/vec4 v00000149b1449420_0, 0, 8;
    %jmp T_32.256;
T_32.144 ;
    %pushi/vec4 96, 0, 8;
    %store/vec4 v00000149b1449420_0, 0, 8;
    %jmp T_32.256;
T_32.145 ;
    %pushi/vec4 129, 0, 8;
    %store/vec4 v00000149b1449420_0, 0, 8;
    %jmp T_32.256;
T_32.146 ;
    %pushi/vec4 79, 0, 8;
    %store/vec4 v00000149b1449420_0, 0, 8;
    %jmp T_32.256;
T_32.147 ;
    %pushi/vec4 220, 0, 8;
    %store/vec4 v00000149b1449420_0, 0, 8;
    %jmp T_32.256;
T_32.148 ;
    %pushi/vec4 34, 0, 8;
    %store/vec4 v00000149b1449420_0, 0, 8;
    %jmp T_32.256;
T_32.149 ;
    %pushi/vec4 42, 0, 8;
    %store/vec4 v00000149b1449420_0, 0, 8;
    %jmp T_32.256;
T_32.150 ;
    %pushi/vec4 144, 0, 8;
    %store/vec4 v00000149b1449420_0, 0, 8;
    %jmp T_32.256;
T_32.151 ;
    %pushi/vec4 136, 0, 8;
    %store/vec4 v00000149b1449420_0, 0, 8;
    %jmp T_32.256;
T_32.152 ;
    %pushi/vec4 70, 0, 8;
    %store/vec4 v00000149b1449420_0, 0, 8;
    %jmp T_32.256;
T_32.153 ;
    %pushi/vec4 238, 0, 8;
    %store/vec4 v00000149b1449420_0, 0, 8;
    %jmp T_32.256;
T_32.154 ;
    %pushi/vec4 184, 0, 8;
    %store/vec4 v00000149b1449420_0, 0, 8;
    %jmp T_32.256;
T_32.155 ;
    %pushi/vec4 20, 0, 8;
    %store/vec4 v00000149b1449420_0, 0, 8;
    %jmp T_32.256;
T_32.156 ;
    %pushi/vec4 222, 0, 8;
    %store/vec4 v00000149b1449420_0, 0, 8;
    %jmp T_32.256;
T_32.157 ;
    %pushi/vec4 94, 0, 8;
    %store/vec4 v00000149b1449420_0, 0, 8;
    %jmp T_32.256;
T_32.158 ;
    %pushi/vec4 11, 0, 8;
    %store/vec4 v00000149b1449420_0, 0, 8;
    %jmp T_32.256;
T_32.159 ;
    %pushi/vec4 219, 0, 8;
    %store/vec4 v00000149b1449420_0, 0, 8;
    %jmp T_32.256;
T_32.160 ;
    %pushi/vec4 224, 0, 8;
    %store/vec4 v00000149b1449420_0, 0, 8;
    %jmp T_32.256;
T_32.161 ;
    %pushi/vec4 50, 0, 8;
    %store/vec4 v00000149b1449420_0, 0, 8;
    %jmp T_32.256;
T_32.162 ;
    %pushi/vec4 58, 0, 8;
    %store/vec4 v00000149b1449420_0, 0, 8;
    %jmp T_32.256;
T_32.163 ;
    %pushi/vec4 10, 0, 8;
    %store/vec4 v00000149b1449420_0, 0, 8;
    %jmp T_32.256;
T_32.164 ;
    %pushi/vec4 73, 0, 8;
    %store/vec4 v00000149b1449420_0, 0, 8;
    %jmp T_32.256;
T_32.165 ;
    %pushi/vec4 6, 0, 8;
    %store/vec4 v00000149b1449420_0, 0, 8;
    %jmp T_32.256;
T_32.166 ;
    %pushi/vec4 36, 0, 8;
    %store/vec4 v00000149b1449420_0, 0, 8;
    %jmp T_32.256;
T_32.167 ;
    %pushi/vec4 92, 0, 8;
    %store/vec4 v00000149b1449420_0, 0, 8;
    %jmp T_32.256;
T_32.168 ;
    %pushi/vec4 194, 0, 8;
    %store/vec4 v00000149b1449420_0, 0, 8;
    %jmp T_32.256;
T_32.169 ;
    %pushi/vec4 211, 0, 8;
    %store/vec4 v00000149b1449420_0, 0, 8;
    %jmp T_32.256;
T_32.170 ;
    %pushi/vec4 172, 0, 8;
    %store/vec4 v00000149b1449420_0, 0, 8;
    %jmp T_32.256;
T_32.171 ;
    %pushi/vec4 98, 0, 8;
    %store/vec4 v00000149b1449420_0, 0, 8;
    %jmp T_32.256;
T_32.172 ;
    %pushi/vec4 145, 0, 8;
    %store/vec4 v00000149b1449420_0, 0, 8;
    %jmp T_32.256;
T_32.173 ;
    %pushi/vec4 149, 0, 8;
    %store/vec4 v00000149b1449420_0, 0, 8;
    %jmp T_32.256;
T_32.174 ;
    %pushi/vec4 228, 0, 8;
    %store/vec4 v00000149b1449420_0, 0, 8;
    %jmp T_32.256;
T_32.175 ;
    %pushi/vec4 121, 0, 8;
    %store/vec4 v00000149b1449420_0, 0, 8;
    %jmp T_32.256;
T_32.176 ;
    %pushi/vec4 231, 0, 8;
    %store/vec4 v00000149b1449420_0, 0, 8;
    %jmp T_32.256;
T_32.177 ;
    %pushi/vec4 200, 0, 8;
    %store/vec4 v00000149b1449420_0, 0, 8;
    %jmp T_32.256;
T_32.178 ;
    %pushi/vec4 55, 0, 8;
    %store/vec4 v00000149b1449420_0, 0, 8;
    %jmp T_32.256;
T_32.179 ;
    %pushi/vec4 109, 0, 8;
    %store/vec4 v00000149b1449420_0, 0, 8;
    %jmp T_32.256;
T_32.180 ;
    %pushi/vec4 141, 0, 8;
    %store/vec4 v00000149b1449420_0, 0, 8;
    %jmp T_32.256;
T_32.181 ;
    %pushi/vec4 213, 0, 8;
    %store/vec4 v00000149b1449420_0, 0, 8;
    %jmp T_32.256;
T_32.182 ;
    %pushi/vec4 78, 0, 8;
    %store/vec4 v00000149b1449420_0, 0, 8;
    %jmp T_32.256;
T_32.183 ;
    %pushi/vec4 169, 0, 8;
    %store/vec4 v00000149b1449420_0, 0, 8;
    %jmp T_32.256;
T_32.184 ;
    %pushi/vec4 108, 0, 8;
    %store/vec4 v00000149b1449420_0, 0, 8;
    %jmp T_32.256;
T_32.185 ;
    %pushi/vec4 86, 0, 8;
    %store/vec4 v00000149b1449420_0, 0, 8;
    %jmp T_32.256;
T_32.186 ;
    %pushi/vec4 244, 0, 8;
    %store/vec4 v00000149b1449420_0, 0, 8;
    %jmp T_32.256;
T_32.187 ;
    %pushi/vec4 234, 0, 8;
    %store/vec4 v00000149b1449420_0, 0, 8;
    %jmp T_32.256;
T_32.188 ;
    %pushi/vec4 101, 0, 8;
    %store/vec4 v00000149b1449420_0, 0, 8;
    %jmp T_32.256;
T_32.189 ;
    %pushi/vec4 122, 0, 8;
    %store/vec4 v00000149b1449420_0, 0, 8;
    %jmp T_32.256;
T_32.190 ;
    %pushi/vec4 174, 0, 8;
    %store/vec4 v00000149b1449420_0, 0, 8;
    %jmp T_32.256;
T_32.191 ;
    %pushi/vec4 8, 0, 8;
    %store/vec4 v00000149b1449420_0, 0, 8;
    %jmp T_32.256;
T_32.192 ;
    %pushi/vec4 186, 0, 8;
    %store/vec4 v00000149b1449420_0, 0, 8;
    %jmp T_32.256;
T_32.193 ;
    %pushi/vec4 120, 0, 8;
    %store/vec4 v00000149b1449420_0, 0, 8;
    %jmp T_32.256;
T_32.194 ;
    %pushi/vec4 37, 0, 8;
    %store/vec4 v00000149b1449420_0, 0, 8;
    %jmp T_32.256;
T_32.195 ;
    %pushi/vec4 46, 0, 8;
    %store/vec4 v00000149b1449420_0, 0, 8;
    %jmp T_32.256;
T_32.196 ;
    %pushi/vec4 28, 0, 8;
    %store/vec4 v00000149b1449420_0, 0, 8;
    %jmp T_32.256;
T_32.197 ;
    %pushi/vec4 166, 0, 8;
    %store/vec4 v00000149b1449420_0, 0, 8;
    %jmp T_32.256;
T_32.198 ;
    %pushi/vec4 180, 0, 8;
    %store/vec4 v00000149b1449420_0, 0, 8;
    %jmp T_32.256;
T_32.199 ;
    %pushi/vec4 198, 0, 8;
    %store/vec4 v00000149b1449420_0, 0, 8;
    %jmp T_32.256;
T_32.200 ;
    %pushi/vec4 232, 0, 8;
    %store/vec4 v00000149b1449420_0, 0, 8;
    %jmp T_32.256;
T_32.201 ;
    %pushi/vec4 221, 0, 8;
    %store/vec4 v00000149b1449420_0, 0, 8;
    %jmp T_32.256;
T_32.202 ;
    %pushi/vec4 116, 0, 8;
    %store/vec4 v00000149b1449420_0, 0, 8;
    %jmp T_32.256;
T_32.203 ;
    %pushi/vec4 31, 0, 8;
    %store/vec4 v00000149b1449420_0, 0, 8;
    %jmp T_32.256;
T_32.204 ;
    %pushi/vec4 75, 0, 8;
    %store/vec4 v00000149b1449420_0, 0, 8;
    %jmp T_32.256;
T_32.205 ;
    %pushi/vec4 189, 0, 8;
    %store/vec4 v00000149b1449420_0, 0, 8;
    %jmp T_32.256;
T_32.206 ;
    %pushi/vec4 139, 0, 8;
    %store/vec4 v00000149b1449420_0, 0, 8;
    %jmp T_32.256;
T_32.207 ;
    %pushi/vec4 138, 0, 8;
    %store/vec4 v00000149b1449420_0, 0, 8;
    %jmp T_32.256;
T_32.208 ;
    %pushi/vec4 112, 0, 8;
    %store/vec4 v00000149b1449420_0, 0, 8;
    %jmp T_32.256;
T_32.209 ;
    %pushi/vec4 62, 0, 8;
    %store/vec4 v00000149b1449420_0, 0, 8;
    %jmp T_32.256;
T_32.210 ;
    %pushi/vec4 181, 0, 8;
    %store/vec4 v00000149b1449420_0, 0, 8;
    %jmp T_32.256;
T_32.211 ;
    %pushi/vec4 102, 0, 8;
    %store/vec4 v00000149b1449420_0, 0, 8;
    %jmp T_32.256;
T_32.212 ;
    %pushi/vec4 72, 0, 8;
    %store/vec4 v00000149b1449420_0, 0, 8;
    %jmp T_32.256;
T_32.213 ;
    %pushi/vec4 3, 0, 8;
    %store/vec4 v00000149b1449420_0, 0, 8;
    %jmp T_32.256;
T_32.214 ;
    %pushi/vec4 246, 0, 8;
    %store/vec4 v00000149b1449420_0, 0, 8;
    %jmp T_32.256;
T_32.215 ;
    %pushi/vec4 14, 0, 8;
    %store/vec4 v00000149b1449420_0, 0, 8;
    %jmp T_32.256;
T_32.216 ;
    %pushi/vec4 97, 0, 8;
    %store/vec4 v00000149b1449420_0, 0, 8;
    %jmp T_32.256;
T_32.217 ;
    %pushi/vec4 53, 0, 8;
    %store/vec4 v00000149b1449420_0, 0, 8;
    %jmp T_32.256;
T_32.218 ;
    %pushi/vec4 87, 0, 8;
    %store/vec4 v00000149b1449420_0, 0, 8;
    %jmp T_32.256;
T_32.219 ;
    %pushi/vec4 185, 0, 8;
    %store/vec4 v00000149b1449420_0, 0, 8;
    %jmp T_32.256;
T_32.220 ;
    %pushi/vec4 134, 0, 8;
    %store/vec4 v00000149b1449420_0, 0, 8;
    %jmp T_32.256;
T_32.221 ;
    %pushi/vec4 193, 0, 8;
    %store/vec4 v00000149b1449420_0, 0, 8;
    %jmp T_32.256;
T_32.222 ;
    %pushi/vec4 29, 0, 8;
    %store/vec4 v00000149b1449420_0, 0, 8;
    %jmp T_32.256;
T_32.223 ;
    %pushi/vec4 158, 0, 8;
    %store/vec4 v00000149b1449420_0, 0, 8;
    %jmp T_32.256;
T_32.224 ;
    %pushi/vec4 225, 0, 8;
    %store/vec4 v00000149b1449420_0, 0, 8;
    %jmp T_32.256;
T_32.225 ;
    %pushi/vec4 248, 0, 8;
    %store/vec4 v00000149b1449420_0, 0, 8;
    %jmp T_32.256;
T_32.226 ;
    %pushi/vec4 152, 0, 8;
    %store/vec4 v00000149b1449420_0, 0, 8;
    %jmp T_32.256;
T_32.227 ;
    %pushi/vec4 17, 0, 8;
    %store/vec4 v00000149b1449420_0, 0, 8;
    %jmp T_32.256;
T_32.228 ;
    %pushi/vec4 105, 0, 8;
    %store/vec4 v00000149b1449420_0, 0, 8;
    %jmp T_32.256;
T_32.229 ;
    %pushi/vec4 217, 0, 8;
    %store/vec4 v00000149b1449420_0, 0, 8;
    %jmp T_32.256;
T_32.230 ;
    %pushi/vec4 142, 0, 8;
    %store/vec4 v00000149b1449420_0, 0, 8;
    %jmp T_32.256;
T_32.231 ;
    %pushi/vec4 148, 0, 8;
    %store/vec4 v00000149b1449420_0, 0, 8;
    %jmp T_32.256;
T_32.232 ;
    %pushi/vec4 155, 0, 8;
    %store/vec4 v00000149b1449420_0, 0, 8;
    %jmp T_32.256;
T_32.233 ;
    %pushi/vec4 30, 0, 8;
    %store/vec4 v00000149b1449420_0, 0, 8;
    %jmp T_32.256;
T_32.234 ;
    %pushi/vec4 135, 0, 8;
    %store/vec4 v00000149b1449420_0, 0, 8;
    %jmp T_32.256;
T_32.235 ;
    %pushi/vec4 233, 0, 8;
    %store/vec4 v00000149b1449420_0, 0, 8;
    %jmp T_32.256;
T_32.236 ;
    %pushi/vec4 206, 0, 8;
    %store/vec4 v00000149b1449420_0, 0, 8;
    %jmp T_32.256;
T_32.237 ;
    %pushi/vec4 85, 0, 8;
    %store/vec4 v00000149b1449420_0, 0, 8;
    %jmp T_32.256;
T_32.238 ;
    %pushi/vec4 40, 0, 8;
    %store/vec4 v00000149b1449420_0, 0, 8;
    %jmp T_32.256;
T_32.239 ;
    %pushi/vec4 223, 0, 8;
    %store/vec4 v00000149b1449420_0, 0, 8;
    %jmp T_32.256;
T_32.240 ;
    %pushi/vec4 140, 0, 8;
    %store/vec4 v00000149b1449420_0, 0, 8;
    %jmp T_32.256;
T_32.241 ;
    %pushi/vec4 161, 0, 8;
    %store/vec4 v00000149b1449420_0, 0, 8;
    %jmp T_32.256;
T_32.242 ;
    %pushi/vec4 137, 0, 8;
    %store/vec4 v00000149b1449420_0, 0, 8;
    %jmp T_32.256;
T_32.243 ;
    %pushi/vec4 13, 0, 8;
    %store/vec4 v00000149b1449420_0, 0, 8;
    %jmp T_32.256;
T_32.244 ;
    %pushi/vec4 191, 0, 8;
    %store/vec4 v00000149b1449420_0, 0, 8;
    %jmp T_32.256;
T_32.245 ;
    %pushi/vec4 230, 0, 8;
    %store/vec4 v00000149b1449420_0, 0, 8;
    %jmp T_32.256;
T_32.246 ;
    %pushi/vec4 66, 0, 8;
    %store/vec4 v00000149b1449420_0, 0, 8;
    %jmp T_32.256;
T_32.247 ;
    %pushi/vec4 104, 0, 8;
    %store/vec4 v00000149b1449420_0, 0, 8;
    %jmp T_32.256;
T_32.248 ;
    %pushi/vec4 65, 0, 8;
    %store/vec4 v00000149b1449420_0, 0, 8;
    %jmp T_32.256;
T_32.249 ;
    %pushi/vec4 153, 0, 8;
    %store/vec4 v00000149b1449420_0, 0, 8;
    %jmp T_32.256;
T_32.250 ;
    %pushi/vec4 45, 0, 8;
    %store/vec4 v00000149b1449420_0, 0, 8;
    %jmp T_32.256;
T_32.251 ;
    %pushi/vec4 15, 0, 8;
    %store/vec4 v00000149b1449420_0, 0, 8;
    %jmp T_32.256;
T_32.252 ;
    %pushi/vec4 176, 0, 8;
    %store/vec4 v00000149b1449420_0, 0, 8;
    %jmp T_32.256;
T_32.253 ;
    %pushi/vec4 84, 0, 8;
    %store/vec4 v00000149b1449420_0, 0, 8;
    %jmp T_32.256;
T_32.254 ;
    %pushi/vec4 187, 0, 8;
    %store/vec4 v00000149b1449420_0, 0, 8;
    %jmp T_32.256;
T_32.255 ;
    %pushi/vec4 22, 0, 8;
    %store/vec4 v00000149b1449420_0, 0, 8;
    %jmp T_32.256;
T_32.256 ;
    %pop/vec4 1;
    %jmp T_32;
    .thread T_32, $push;
    .scope S_00000149b144dbc0;
T_33 ;
    %wait E_00000149b1393100;
    %load/vec4 v00000149b1449880_0;
    %nor/r;
    %flag_set/vec4 8;
    %jmp/0xz  T_33.0, 8;
    %pushi/vec4 0, 0, 128;
    %assign/vec4 v00000149b14488e0_0, 0;
    %jmp T_33.1;
T_33.0 ;
    %ix/load 4, 15, 0;
    %flag_set/imm 4, 0;
    %load/vec4a v00000149b1447120, 4;
    %ix/load 4, 14, 0;
    %flag_set/imm 4, 0;
    %load/vec4a v00000149b1447120, 4;
    %concat/vec4; draw_concat_vec4
    %ix/load 4, 13, 0;
    %flag_set/imm 4, 0;
    %load/vec4a v00000149b1447120, 4;
    %concat/vec4; draw_concat_vec4
    %ix/load 4, 12, 0;
    %flag_set/imm 4, 0;
    %load/vec4a v00000149b1447120, 4;
    %concat/vec4; draw_concat_vec4
    %ix/load 4, 11, 0;
    %flag_set/imm 4, 0;
    %load/vec4a v00000149b1447120, 4;
    %concat/vec4; draw_concat_vec4
    %ix/load 4, 10, 0;
    %flag_set/imm 4, 0;
    %load/vec4a v00000149b1447120, 4;
    %concat/vec4; draw_concat_vec4
    %ix/load 4, 9, 0;
    %flag_set/imm 4, 0;
    %load/vec4a v00000149b1447120, 4;
    %concat/vec4; draw_concat_vec4
    %ix/load 4, 8, 0;
    %flag_set/imm 4, 0;
    %load/vec4a v00000149b1447120, 4;
    %concat/vec4; draw_concat_vec4
    %ix/load 4, 7, 0;
    %flag_set/imm 4, 0;
    %load/vec4a v00000149b1447120, 4;
    %concat/vec4; draw_concat_vec4
    %ix/load 4, 6, 0;
    %flag_set/imm 4, 0;
    %load/vec4a v00000149b1447120, 4;
    %concat/vec4; draw_concat_vec4
    %ix/load 4, 5, 0;
    %flag_set/imm 4, 0;
    %load/vec4a v00000149b1447120, 4;
    %concat/vec4; draw_concat_vec4
    %ix/load 4, 4, 0;
    %flag_set/imm 4, 0;
    %load/vec4a v00000149b1447120, 4;
    %concat/vec4; draw_concat_vec4
    %ix/load 4, 3, 0;
    %flag_set/imm 4, 0;
    %load/vec4a v00000149b1447120, 4;
    %concat/vec4; draw_concat_vec4
    %ix/load 4, 2, 0;
    %flag_set/imm 4, 0;
    %load/vec4a v00000149b1447120, 4;
    %concat/vec4; draw_concat_vec4
    %ix/load 4, 1, 0;
    %flag_set/imm 4, 0;
    %load/vec4a v00000149b1447120, 4;
    %concat/vec4; draw_concat_vec4
    %ix/load 4, 0, 0;
    %flag_set/imm 4, 0;
    %load/vec4a v00000149b1447120, 4;
    %concat/vec4; draw_concat_vec4
    %assign/vec4 v00000149b14488e0_0, 0;
T_33.1 ;
    %jmp T_33;
    .thread T_33;
    .scope S_00000149b144f8b0;
T_34 ;
    %wait E_00000149b1393000;
    %load/vec4 v00000149b14526e0_0;
    %dup/vec4;
    %pushi/vec4 0, 0, 3;
    %cmp/u;
    %jmp/1 T_34.0, 6;
    %dup/vec4;
    %pushi/vec4 1, 0, 3;
    %cmp/u;
    %jmp/1 T_34.1, 6;
    %dup/vec4;
    %pushi/vec4 2, 0, 3;
    %cmp/u;
    %jmp/1 T_34.2, 6;
    %dup/vec4;
    %pushi/vec4 3, 0, 3;
    %cmp/u;
    %jmp/1 T_34.3, 6;
    %dup/vec4;
    %pushi/vec4 4, 0, 3;
    %cmp/u;
    %jmp/1 T_34.4, 6;
    %dup/vec4;
    %pushi/vec4 5, 0, 3;
    %cmp/u;
    %jmp/1 T_34.5, 6;
    %dup/vec4;
    %pushi/vec4 6, 0, 3;
    %cmp/u;
    %jmp/1 T_34.6, 6;
    %jmp T_34.7;
T_34.0 ;
    %load/vec4 v00000149b144a000_0;
    %load/vec4 v00000149b1449920_0;
    %and;
    %flag_set/vec4 8;
    %jmp/0xz  T_34.8, 8;
    %pushi/vec4 1, 0, 3;
    %store/vec4 v00000149b1449e20_0, 0, 3;
    %jmp T_34.9;
T_34.8 ;
    %load/vec4 v00000149b1448b60_0;
    %pad/u 32;
    %cmpi/ne 0, 0, 32;
    %jmp/0xz  T_34.10, 4;
    %pushi/vec4 4, 0, 3;
    %store/vec4 v00000149b1449e20_0, 0, 3;
    %jmp T_34.11;
T_34.10 ;
    %pushi/vec4 0, 0, 3;
    %store/vec4 v00000149b1449e20_0, 0, 3;
T_34.11 ;
T_34.9 ;
    %jmp T_34.7;
T_34.1 ;
    %pushi/vec4 2, 0, 3;
    %store/vec4 v00000149b1449e20_0, 0, 3;
    %jmp T_34.7;
T_34.2 ;
    %load/vec4 v00000149b1449d80_0;
    %flag_set/vec4 8;
    %jmp/0 T_34.12, 8;
    %pushi/vec4 3, 0, 32;
    %jmp/1 T_34.13, 8;
T_34.12 ; End of true expr.
    %pushi/vec4 2, 0, 32;
    %jmp/0 T_34.13, 8;
 ; End of false expr.
    %blend;
T_34.13;
    %pad/s 3;
    %store/vec4 v00000149b1449e20_0, 0, 3;
    %jmp T_34.7;
T_34.3 ;
    %load/vec4 v00000149b1448b60_0;
    %pad/u 32;
    %cmpi/ne 0, 0, 32;
    %flag_mov 8, 4;
    %jmp/0 T_34.14, 8;
    %pushi/vec4 4, 0, 32;
    %jmp/1 T_34.15, 8;
T_34.14 ; End of true expr.
    %pushi/vec4 0, 0, 32;
    %jmp/0 T_34.15, 8;
 ; End of false expr.
    %blend;
T_34.15;
    %pad/s 3;
    %store/vec4 v00000149b1449e20_0, 0, 3;
    %jmp T_34.7;
T_34.4 ;
    %load/vec4 v00000149b1448b60_0;
    %load/vec4 v00000149b1447620_0;
    %cmp/e;
    %flag_mov 8, 4;
    %jmp/0 T_34.16, 8;
    %pushi/vec4 5, 0, 32;
    %jmp/1 T_34.17, 8;
T_34.16 ; End of true expr.
    %pushi/vec4 4, 0, 32;
    %jmp/0 T_34.17, 8;
 ; End of false expr.
    %blend;
T_34.17;
    %pad/s 3;
    %store/vec4 v00000149b1449e20_0, 0, 3;
    %jmp T_34.7;
T_34.5 ;
    %load/vec4 v00000149b14476c0_0;
    %flag_set/vec4 8;
    %jmp/0 T_34.18, 8;
    %pushi/vec4 6, 0, 32;
    %jmp/1 T_34.19, 8;
T_34.18 ; End of true expr.
    %pushi/vec4 5, 0, 32;
    %jmp/0 T_34.19, 8;
 ; End of false expr.
    %blend;
T_34.19;
    %pad/s 3;
    %store/vec4 v00000149b1449e20_0, 0, 3;
    %jmp T_34.7;
T_34.6 ;
    %pushi/vec4 0, 0, 3;
    %store/vec4 v00000149b1449e20_0, 0, 3;
    %jmp T_34.7;
T_34.7 ;
    %pop/vec4 1;
    %jmp T_34;
    .thread T_34, $push;
    .scope S_00000149b144f8b0;
T_35 ;
    %wait E_00000149b1393100;
    %load/vec4 v00000149b1449ba0_0;
    %inv;
    %flag_set/vec4 8;
    %jmp/0xz  T_35.0, 8;
    %pushi/vec4 0, 0, 3;
    %assign/vec4 v00000149b14526e0_0, 0;
    %jmp T_35.1;
T_35.0 ;
    %load/vec4 v00000149b1449e20_0;
    %assign/vec4 v00000149b14526e0_0, 0;
T_35.1 ;
    %jmp T_35;
    .thread T_35;
    .scope S_00000149b144f8b0;
T_36 ;
    %wait E_00000149b1393100;
    %load/vec4 v00000149b1449ba0_0;
    %inv;
    %flag_set/vec4 8;
    %jmp/0xz  T_36.0, 8;
    %pushi/vec4 0, 0, 2;
    %assign/vec4 v00000149b1448b60_0, 0;
    %jmp T_36.1;
T_36.0 ;
    %load/vec4 v00000149b1449f60_0;
    %flag_set/vec4 8;
    %jmp/0xz  T_36.2, 8;
    %load/vec4 v00000149b1448b60_0;
    %pad/u 32;
    %cmpi/u 2, 0, 32;
    %jmp/0xz  T_36.4, 5;
    %load/vec4 v00000149b1448b60_0;
    %addi 1, 0, 2;
    %assign/vec4 v00000149b1448b60_0, 0;
T_36.4 ;
T_36.2 ;
    %load/vec4 v00000149b14526e0_0;
    %pad/u 32;
    %cmpi/e 6, 0, 32;
    %jmp/0xz  T_36.6, 4;
    %pushi/vec4 0, 0, 2;
    %assign/vec4 v00000149b1448b60_0, 0;
T_36.6 ;
T_36.1 ;
    %jmp T_36;
    .thread T_36;
    .scope S_00000149b144f8b0;
T_37 ;
    %wait E_00000149b1393100;
    %load/vec4 v00000149b1449ba0_0;
    %inv;
    %flag_set/vec4 8;
    %jmp/0xz  T_37.0, 8;
    %pushi/vec4 0, 0, 2;
    %assign/vec4 v00000149b1447620_0, 0;
    %jmp T_37.1;
T_37.0 ;
    %load/vec4 v00000149b14526e0_0;
    %pad/u 32;
    %cmpi/e 4, 0, 32;
    %jmp/0xz  T_37.2, 4;
    %load/vec4 v00000149b1447620_0;
    %load/vec4 v00000149b1448b60_0;
    %cmp/ne;
    %jmp/0xz  T_37.4, 4;
    %load/vec4 v00000149b1447620_0;
    %addi 1, 0, 2;
    %assign/vec4 v00000149b1447620_0, 0;
T_37.4 ;
T_37.2 ;
    %load/vec4 v00000149b14526e0_0;
    %pad/u 32;
    %cmpi/e 0, 0, 32;
    %jmp/0xz  T_37.6, 4;
    %pushi/vec4 0, 0, 2;
    %assign/vec4 v00000149b1447620_0, 0;
T_37.6 ;
T_37.1 ;
    %jmp T_37;
    .thread T_37;
    .scope S_00000149b144f8b0;
T_38 ;
    %wait E_00000149b1393100;
    %load/vec4 v00000149b1449ba0_0;
    %inv;
    %flag_set/vec4 8;
    %jmp/0xz  T_38.0, 8;
    %pushi/vec4 0, 0, 1;
    %assign/vec4 v00000149b1452640_0, 0;
    %jmp T_38.1;
T_38.0 ;
    %load/vec4 v00000149b14526e0_0;
    %pad/u 32;
    %cmpi/e 1, 0, 32;
    %flag_mov 8, 4;
    %load/vec4 v00000149b14526e0_0;
    %pad/u 32;
    %cmpi/e 0, 0, 32;
    %flag_or 4, 8;
    %jmp/0xz  T_38.2, 4;
    %pushi/vec4 0, 0, 1;
    %assign/vec4 v00000149b1452640_0, 0;
    %jmp T_38.3;
T_38.2 ;
    %load/vec4 v00000149b14526e0_0;
    %pad/u 32;
    %cmpi/e 3, 0, 32;
    %jmp/0xz  T_38.4, 4;
    %pushi/vec4 1, 0, 1;
    %assign/vec4 v00000149b1452640_0, 0;
    %jmp T_38.5;
T_38.4 ;
    %load/vec4 v00000149b1452640_0;
    %assign/vec4 v00000149b1452640_0, 0;
T_38.5 ;
T_38.3 ;
T_38.1 ;
    %jmp T_38;
    .thread T_38;
    .scope S_00000149b144f8b0;
T_39 ;
    %wait E_00000149b1392fc0;
    %pushi/vec4 0, 0, 1;
    %store/vec4 v00000149b1448980_0, 0, 1;
    %pushi/vec4 0, 0, 1;
    %store/vec4 v00000149b1449c40_0, 0, 1;
    %pushi/vec4 0, 0, 1;
    %store/vec4 v00000149b14499c0_0, 0, 1;
    %pushi/vec4 0, 0, 1;
    %store/vec4 v00000149b1447800_0, 0, 1;
    %load/vec4 v00000149b14526e0_0;
    %dup/vec4;
    %pushi/vec4 1, 0, 3;
    %cmp/u;
    %jmp/1 T_39.0, 6;
    %dup/vec4;
    %pushi/vec4 4, 0, 3;
    %cmp/u;
    %jmp/1 T_39.1, 6;
    %dup/vec4;
    %pushi/vec4 6, 0, 3;
    %cmp/u;
    %jmp/1 T_39.2, 6;
    %jmp T_39.3;
T_39.0 ;
    %pushi/vec4 1, 0, 1;
    %store/vec4 v00000149b1448980_0, 0, 1;
    %pushi/vec4 1, 0, 1;
    %store/vec4 v00000149b14499c0_0, 0, 1;
    %jmp T_39.3;
T_39.1 ;
    %load/vec4 v00000149b1447620_0;
    %load/vec4 v00000149b1448b60_0;
    %cmp/ne;
    %jmp/0xz  T_39.4, 4;
    %pushi/vec4 1, 0, 1;
    %store/vec4 v00000149b1447800_0, 0, 1;
    %pushi/vec4 1, 0, 1;
    %store/vec4 v00000149b1449c40_0, 0, 1;
T_39.4 ;
    %jmp T_39.3;
T_39.2 ;
    %jmp T_39.3;
T_39.3 ;
    %pop/vec4 1;
    %jmp T_39;
    .thread T_39, $push;
    .scope S_00000149b144f8b0;
T_40 ;
    %wait E_00000149b1393100;
    %load/vec4 v00000149b1449ba0_0;
    %inv;
    %flag_set/vec4 8;
    %jmp/0xz  T_40.0, 8;
    %pushi/vec4 1, 0, 1;
    %assign/vec4 v00000149b1449ec0_0, 0;
    %pushi/vec4 1, 0, 1;
    %assign/vec4 v00000149b1449ce0_0, 0;
    %jmp T_40.1;
T_40.0 ;
    %load/vec4 v00000149b14526e0_0;
    %pad/u 32;
    %cmpi/e 1, 0, 32;
    %flag_mov 8, 4;
    %load/vec4 v00000149b14526e0_0;
    %pad/u 32;
    %cmpi/e 2, 0, 32;
    %flag_or 4, 8;
    %flag_mov 8, 4;
    %load/vec4 v00000149b14526e0_0;
    %pad/u 32;
    %cmpi/e 4, 0, 32;
    %flag_or 4, 8;
    %flag_mov 8, 4;
    %load/vec4 v00000149b14526e0_0;
    %pad/u 32;
    %cmpi/e 5, 0, 32;
    %flag_or 4, 8;
    %jmp/0xz  T_40.2, 4;
    %pushi/vec4 0, 0, 1;
    %assign/vec4 v00000149b1449ce0_0, 0;
T_40.2 ;
    %load/vec4 v00000149b14526e0_0;
    %pad/u 32;
    %cmpi/e 0, 0, 32;
    %flag_mov 8, 4;
    %load/vec4 v00000149b14526e0_0;
    %pad/u 32;
    %cmpi/e 6, 0, 32;
    %flag_or 4, 8;
    %jmp/0xz  T_40.4, 4;
    %pushi/vec4 1, 0, 1;
    %assign/vec4 v00000149b1449ce0_0, 0;
T_40.4 ;
    %load/vec4 v00000149b1448b60_0;
    %pad/u 32;
    %cmpi/e 2, 0, 32;
    %flag_mov 8, 4;
    %load/vec4 v00000149b14526e0_0;
    %pad/u 32;
    %cmpi/e 3, 0, 32;
    %flag_or 4, 8;
    %flag_mov 8, 4;
    %load/vec4 v00000149b14526e0_0;
    %pad/u 32;
    %cmpi/e 4, 0, 32;
    %flag_or 4, 8;
    %flag_mov 8, 4;
    %load/vec4 v00000149b14526e0_0;
    %pad/u 32;
    %cmpi/e 5, 0, 32;
    %flag_or 4, 8;
    %jmp/0xz  T_40.6, 4;
    %pushi/vec4 0, 0, 1;
    %assign/vec4 v00000149b1449ec0_0, 0;
T_40.6 ;
    %load/vec4 v00000149b14526e0_0;
    %pad/u 32;
    %pushi/vec4 0, 0, 32;
    %cmp/e;
    %flag_get/vec4 4;
    %load/vec4 v00000149b14526e0_0;
    %pad/u 32;
    %pushi/vec4 6, 0, 32;
    %cmp/e;
    %flag_get/vec4 4;
    %or;
    %load/vec4 v00000149b14526e0_0;
    %pad/u 32;
    %pushi/vec4 1, 0, 32;
    %cmp/e;
    %flag_get/vec4 4;
    %or;
    %load/vec4 v00000149b14526e0_0;
    %pad/u 32;
    %pushi/vec4 2, 0, 32;
    %cmp/e;
    %flag_get/vec4 4;
    %or;
    %load/vec4 v00000149b1448b60_0;
    %pad/u 32;
    %pushi/vec4 2, 0, 32;
    %cmp/ne;
    %flag_get/vec4 4;
    %and;
    %flag_set/vec4 8;
    %jmp/0xz  T_40.8, 8;
    %pushi/vec4 1, 0, 1;
    %assign/vec4 v00000149b1449ec0_0, 0;
T_40.8 ;
T_40.1 ;
    %jmp T_40;
    .thread T_40;
# The file index is used to find the file name in the following table.
:file_names 23;
    "N/A";
    "<interactive>";
    "AES128_Pipeline.v";
    "./InputInterface_Pipeline.v";
    "./KeyLogic.v";
    "./KeyLogic_Controller.v";
    "./Mux2.v";
    "./Registerfile.v";
    "./RotWord.v";
    "./Xorr.v";
    "./Rcon.v";
    "./ProcessingCore_Pipeline.v";
    "./AddRoundKey.v";
    "./MixColumns_AddRoundKey.v";
    "./MixColumns.v";
    "./mul2.v";
    "./mul3.v";
    "./PCore_Controller_Pipeline.v";
    "./Registerfile_Data.v";
    "./ShiftRows.v";
    "./Sbox_wrapper.v";
    "./sbox.v";
    "./SystemController_Pipeline.v";
