#! /c/Source/iverilog-install/bin/vvp
:ivl_version "12.0 (devel)" "(s20150603-1110-g18392a46)";
:ivl_delay_selection "TYPICAL";
:vpi_time_precision + 0;
:vpi_module "D:\iverilog\iverilog\lib\ivl\system.vpi";
:vpi_module "D:\iverilog\iverilog\lib\ivl\vhdl_sys.vpi";
:vpi_module "D:\iverilog\iverilog\lib\ivl\vhdl_textio.vpi";
:vpi_module "D:\iverilog\iverilog\lib\ivl\v2005_math.vpi";
:vpi_module "D:\iverilog\iverilog\lib\ivl\va_math.vpi";
S_000002c3106b95d0 .scope module, "ProcessingCore_Pipeline" "ProcessingCore_Pipeline" 2 7;
 .timescale 0 0;
    .port_info 0 /INPUT 1 "clk";
    .port_info 1 /INPUT 1 "rst_n";
    .port_info 2 /INPUT 1 "datard";
    .port_info 3 /INPUT 128 "InputBlk";
    .port_info 4 /OUTPUT 4 "addr_key";
    .port_info 5 /INPUT 128 "key";
    .port_info 6 /OUTPUT 1 "done";
    .port_info 7 /OUTPUT 1 "ready_new_input";
    .port_info 8 /OUTPUT 1 "ready_new_key";
    .port_info 9 /OUTPUT 128 "sbox_in";
    .port_info 10 /INPUT 128 "sbox_out";
    .port_info 11 /OUTPUT 128 "ciphertext";
L_000002c3108855b0 .functor OR 1, v000002c31081a940_0, v000002c310818be0_0, C4<0>, C4<0>;
o000002c3107b0758 .functor BUFZ 128, C4<zzzzzzzzzzzzzzzzzzzzzzzzzzzzzzzzzzzzzzzzzzzzzzzzzzzzzzzzzzzzzzzzzzzzzzzzzzzzzzzzzzzzzzzzzzzzzzzzzzzzzzzzzzzzzzzzzzzzzzzzzzzzzzzz>; HiZ drive
v000002c31081be80_0 .net "InputBlk", 127 0, o000002c3107b0758;  0 drivers
v000002c31081d140_0 .net "addr_key", 3 0, v000002c310819fe0_0;  1 drivers
v000002c31081b2a0_0 .net "b_in", 127 0, L_000002c31087c930;  1 drivers
v000002c31081bfc0_0 .net "ciphertext", 127 0, L_000002c310876c70;  1 drivers
o000002c3107afc18 .functor BUFZ 1, C4<z>; HiZ drive
v000002c31081c060_0 .net "clk", 0 0, o000002c3107afc18;  0 drivers
v000002c31081c2e0_0 .net "ctvalid1", 0 0, v000002c31081a940_0;  1 drivers
v000002c31081c100_0 .net "ctvalid2", 0 0, v000002c310818be0_0;  1 drivers
o000002c3107b0248 .functor BUFZ 1, C4<z>; HiZ drive
v000002c31081cce0_0 .net "datard", 0 0, o000002c3107b0248;  0 drivers
v000002c31081d500_0 .net "done", 0 0, L_000002c3108855b0;  1 drivers
v000002c31081b0c0_0 .net "dout_rf", 127 0, L_000002c310876ce0;  1 drivers
o000002c3107a9d08 .functor BUFZ 128, C4<zzzzzzzzzzzzzzzzzzzzzzzzzzzzzzzzzzzzzzzzzzzzzzzzzzzzzzzzzzzzzzzzzzzzzzzzzzzzzzzzzzzzzzzzzzzzzzzzzzzzzzzzzzzzzzzzzzzzzzzzzzzzzzzz>; HiZ drive
v000002c31081ba20_0 .net "key", 127 0, o000002c3107a9d08;  0 drivers
v000002c31081b8e0_0 .net "out_MA", 127 0, v000002c31081ad00_0;  1 drivers
v000002c31081b200_0 .net "raddr", 0 0, v000002c3108192c0_0;  1 drivers
v000002c31081b340_0 .net "ready_new_input", 0 0, L_000002c310884d60;  1 drivers
v000002c31081bac0_0 .net "ready_new_key", 0 0, L_000002c31087cf70;  1 drivers
o000002c3107afc78 .functor BUFZ 1, C4<z>; HiZ drive
v000002c31081b980_0 .net "rst_n", 0 0, o000002c3107afc78;  0 drivers
v000002c31081b3e0_0 .net "sbox_in", 127 0, L_000002c31081dd20;  1 drivers
o000002c3107a9ca8 .functor BUFZ 128, C4<zzzzzzzzzzzzzzzzzzzzzzzzzzzzzzzzzzzzzzzzzzzzzzzzzzzzzzzzzzzzzzzzzzzzzzzzzzzzzzzzzzzzzzzzzzzzzzzzzzzzzzzzzzzzzzzzzzzzzzzzzzzzzzzz>; HiZ drive
v000002c31081b5c0_0 .net "sbox_out", 127 0, o000002c3107a9ca8;  0 drivers
v000002c31081c1a0_0 .net "src_input", 0 0, v000002c310819d60_0;  1 drivers
v000002c31081c240_0 .net "waddr", 0 0, v000002c31081c420_0;  1 drivers
v000002c31081b660_0 .net "wen", 0 0, v000002c31081d5a0_0;  1 drivers
S_000002c3106b7fe0 .scope module, "AddRoundKey_inst" "AddRoundKey" 2 40, 3 1 0, S_000002c3106b95d0;
 .timescale 0 0;
    .port_info 0 /INPUT 128 "din";
    .port_info 1 /INPUT 128 "key";
    .port_info 2 /OUTPUT 128 "dout";
L_000002c310876c70 .functor XOR 128, o000002c3107a9ca8, o000002c3107a9d08, C4<00000000000000000000000000000000000000000000000000000000000000000000000000000000000000000000000000000000000000000000000000000000>, C4<00000000000000000000000000000000000000000000000000000000000000000000000000000000000000000000000000000000000000000000000000000000>;
v000002c310793e30_0 .net "din", 127 0, o000002c3107a9ca8;  alias, 0 drivers
v000002c310792e90_0 .net "dout", 127 0, L_000002c310876c70;  alias, 1 drivers
v000002c310793390_0 .net "key", 127 0, o000002c3107a9d08;  alias, 0 drivers
S_000002c3106b8170 .scope module, "MixColumns_AddRoundKey_inst" "MixColumns_AddRoundKey" 2 32, 4 4 0, S_000002c3106b95d0;
 .timescale 0 0;
    .port_info 0 /INPUT 1 "clk";
    .port_info 1 /INPUT 1 "rst_n";
    .port_info 2 /INPUT 128 "din";
    .port_info 3 /INPUT 128 "key";
    .port_info 4 /OUTPUT 128 "dout";
v000002c310818820_0 .net "clk", 0 0, o000002c3107afc18;  alias, 0 drivers
v000002c310819f40_0 .net "din", 127 0, o000002c3107a9ca8;  alias, 0 drivers
v000002c31081ad00_0 .var "dout", 127 0;
v000002c3108188c0_0 .net "dout_tmp", 127 0, L_000002c310876dc0;  1 drivers
v000002c31081a300_0 .net "key", 127 0, o000002c3107a9d08;  alias, 0 drivers
v000002c310819b80_0 .net "rst_n", 0 0, o000002c3107afc78;  alias, 0 drivers
v000002c31081a8a0_0 .net "state_out", 127 0, L_000002c310827e80;  1 drivers
E_000002c310776810/0 .event negedge, v000002c310819b80_0;
E_000002c310776810/1 .event posedge, v000002c310818820_0;
E_000002c310776810 .event/or E_000002c310776810/0, E_000002c310776810/1;
S_000002c3106b8300 .scope module, "AddRoundKey_inst" "AddRoundKey" 4 16, 3 1 0, S_000002c3106b8170;
 .timescale 0 0;
    .port_info 0 /INPUT 128 "din";
    .port_info 1 /INPUT 128 "key";
    .port_info 2 /OUTPUT 128 "dout";
L_000002c310876dc0 .functor XOR 128, L_000002c310827e80, o000002c3107a9d08, C4<00000000000000000000000000000000000000000000000000000000000000000000000000000000000000000000000000000000000000000000000000000000>, C4<00000000000000000000000000000000000000000000000000000000000000000000000000000000000000000000000000000000000000000000000000000000>;
v000002c310793070_0 .net "din", 127 0, L_000002c310827e80;  alias, 1 drivers
v000002c3107931b0_0 .net "dout", 127 0, L_000002c310876dc0;  alias, 1 drivers
v000002c310793250_0 .net "key", 127 0, o000002c3107a9d08;  alias, 0 drivers
S_000002c3106e2980 .scope module, "MixColumns_inst" "MixColumns" 4 12, 5 3 0, S_000002c3106b8170;
 .timescale 0 0;
    .port_info 0 /INPUT 128 "state_in";
    .port_info 1 /OUTPUT 128 "state_out";
L_000002c3108762d0 .functor XOR 8, L_000002c310820680, L_000002c310799250, C4<00000000>, C4<00000000>;
L_000002c310875fc0 .functor XOR 8, L_000002c3108762d0, L_000002c31081d8c0, C4<00000000>, C4<00000000>;
L_000002c310875540 .functor XOR 8, L_000002c310875fc0, L_000002c31081db40, C4<00000000>, C4<00000000>;
L_000002c310875e70 .functor XOR 8, L_000002c31081d6e0, L_000002c310820c20, C4<00000000>, C4<00000000>;
L_000002c310876650 .functor XOR 8, L_000002c310875e70, L_000002c3107992c0, C4<00000000>, C4<00000000>;
L_000002c310875690 .functor XOR 8, L_000002c310876650, L_000002c31081db40, C4<00000000>, C4<00000000>;
L_000002c3108750e0 .functor XOR 8, L_000002c31081d6e0, L_000002c31081d820, C4<00000000>, C4<00000000>;
L_000002c310875c40 .functor XOR 8, L_000002c3108750e0, L_000002c310821e40, C4<00000000>, C4<00000000>;
L_000002c310876030 .functor XOR 8, L_000002c310875c40, L_000002c31078bbc0, C4<00000000>, C4<00000000>;
L_000002c3108757e0 .functor XOR 8, L_000002c310799100, L_000002c31081d820, C4<00000000>, C4<00000000>;
L_000002c310876570 .functor XOR 8, L_000002c3108757e0, L_000002c31081d8c0, C4<00000000>, C4<00000000>;
L_000002c310876180 .functor XOR 8, L_000002c310876570, L_000002c310820ae0, C4<00000000>, C4<00000000>;
L_000002c310875d20 .functor XOR 8, L_000002c310822520, L_000002c310875cb0, C4<00000000>, C4<00000000>;
L_000002c310875150 .functor XOR 8, L_000002c310875d20, L_000002c310820900, C4<00000000>, C4<00000000>;
L_000002c310876ab0 .functor XOR 8, L_000002c310875150, L_000002c310821300, C4<00000000>, C4<00000000>;
L_000002c310875230 .functor XOR 8, L_000002c31081dbe0, L_000002c310821bc0, C4<00000000>, C4<00000000>;
L_000002c310876340 .functor XOR 8, L_000002c310875230, L_000002c310875000, C4<00000000>, C4<00000000>;
L_000002c3108760a0 .functor XOR 8, L_000002c310876340, L_000002c310821300, C4<00000000>, C4<00000000>;
L_000002c310875bd0 .functor XOR 8, L_000002c31081dbe0, L_000002c3108213a0, C4<00000000>, C4<00000000>;
L_000002c310876420 .functor XOR 8, L_000002c310875bd0, L_000002c310822700, C4<00000000>, C4<00000000>;
L_000002c3108766c0 .functor XOR 8, L_000002c310876420, L_000002c310875af0, C4<00000000>, C4<00000000>;
L_000002c310875d90 .functor XOR 8, L_000002c3106d3160, L_000002c3108213a0, C4<00000000>, C4<00000000>;
L_000002c3108752a0 .functor XOR 8, L_000002c310875d90, L_000002c310820900, C4<00000000>, C4<00000000>;
L_000002c310876730 .functor XOR 8, L_000002c3108752a0, L_000002c310820540, C4<00000000>, C4<00000000>;
L_000002c310876490 .functor XOR 8, L_000002c310823420, L_000002c3108761f0, C4<00000000>, C4<00000000>;
L_000002c310875460 .functor XOR 8, L_000002c310876490, L_000002c310821080, C4<00000000>, C4<00000000>;
L_000002c310875930 .functor XOR 8, L_000002c310875460, L_000002c310821c60, C4<00000000>, C4<00000000>;
L_000002c310875a80 .functor XOR 8, L_000002c3108222a0, L_000002c310823920, C4<00000000>, C4<00000000>;
L_000002c3108767a0 .functor XOR 8, L_000002c310875a80, L_000002c310875070, C4<00000000>, C4<00000000>;
L_000002c310876260 .functor XOR 8, L_000002c3108767a0, L_000002c310821c60, C4<00000000>, C4<00000000>;
L_000002c310875310 .functor XOR 8, L_000002c3108222a0, L_000002c3108204a0, C4<00000000>, C4<00000000>;
L_000002c310875380 .functor XOR 8, L_000002c310875310, L_000002c310823c40, C4<00000000>, C4<00000000>;
L_000002c310875700 .functor XOR 8, L_000002c310875380, L_000002c310874f20, C4<00000000>, C4<00000000>;
L_000002c310875e00 .functor XOR 8, L_000002c3108763b0, L_000002c3108204a0, C4<00000000>, C4<00000000>;
L_000002c310875770 .functor XOR 8, L_000002c310875e00, L_000002c310821080, C4<00000000>, C4<00000000>;
L_000002c310876110 .functor XOR 8, L_000002c310875770, L_000002c310823a60, C4<00000000>, C4<00000000>;
L_000002c310875850 .functor XOR 8, L_000002c310823600, L_000002c3108769d0, C4<00000000>, C4<00000000>;
L_000002c310876500 .functor XOR 8, L_000002c310875850, L_000002c3108209a0, C4<00000000>, C4<00000000>;
L_000002c3108765e0 .functor XOR 8, L_000002c310876500, L_000002c310821a80, C4<00000000>, C4<00000000>;
L_000002c3108758c0 .functor XOR 8, L_000002c310821da0, L_000002c310823100, C4<00000000>, C4<00000000>;
L_000002c3108759a0 .functor XOR 8, L_000002c3108758c0, L_000002c3108754d0, C4<00000000>, C4<00000000>;
L_000002c310875a10 .functor XOR 8, L_000002c3108759a0, L_000002c310821a80, C4<00000000>, C4<00000000>;
L_000002c310875b60 .functor XOR 8, L_000002c310821da0, L_000002c310821f80, C4<00000000>, C4<00000000>;
L_000002c310876b20 .functor XOR 8, L_000002c310875b60, L_000002c3108243c0, C4<00000000>, C4<00000000>;
L_000002c310876b90 .functor XOR 8, L_000002c310876b20, L_000002c310876a40, C4<00000000>, C4<00000000>;
L_000002c310876e30 .functor XOR 8, L_000002c310874f90, L_000002c310821f80, C4<00000000>, C4<00000000>;
L_000002c310876d50 .functor XOR 8, L_000002c310876e30, L_000002c3108209a0, C4<00000000>, C4<00000000>;
L_000002c310876c00 .functor XOR 8, L_000002c310876d50, L_000002c310824640, C4<00000000>, C4<00000000>;
v000002c310813160_0 .net *"_ivl_100", 7 0, L_000002c310875770;  1 drivers
v000002c3108138e0_0 .net *"_ivl_104", 7 0, L_000002c310875850;  1 drivers
v000002c3108129e0_0 .net *"_ivl_106", 7 0, L_000002c310876500;  1 drivers
v000002c310812da0_0 .net *"_ivl_110", 7 0, L_000002c3108758c0;  1 drivers
v000002c310813ca0_0 .net *"_ivl_112", 7 0, L_000002c3108759a0;  1 drivers
v000002c310813ac0_0 .net *"_ivl_116", 7 0, L_000002c310875b60;  1 drivers
v000002c310812b20_0 .net *"_ivl_118", 7 0, L_000002c310876b20;  1 drivers
v000002c310812bc0_0 .net *"_ivl_122", 7 0, L_000002c310876e30;  1 drivers
v000002c310813480_0 .net *"_ivl_124", 7 0, L_000002c310876d50;  1 drivers
v000002c310813520_0 .net *"_ivl_32", 7 0, L_000002c3108762d0;  1 drivers
v000002c310817f60_0 .net *"_ivl_34", 7 0, L_000002c310875fc0;  1 drivers
v000002c310817600_0 .net *"_ivl_38", 7 0, L_000002c310875e70;  1 drivers
v000002c310816f20_0 .net *"_ivl_40", 7 0, L_000002c310876650;  1 drivers
v000002c3108180a0_0 .net *"_ivl_44", 7 0, L_000002c3108750e0;  1 drivers
v000002c3108168e0_0 .net *"_ivl_46", 7 0, L_000002c310875c40;  1 drivers
v000002c3108167a0_0 .net *"_ivl_50", 7 0, L_000002c3108757e0;  1 drivers
v000002c3108160c0_0 .net *"_ivl_52", 7 0, L_000002c310876570;  1 drivers
v000002c310816020_0 .net *"_ivl_56", 7 0, L_000002c310875d20;  1 drivers
v000002c310816e80_0 .net *"_ivl_58", 7 0, L_000002c310875150;  1 drivers
v000002c310818000_0 .net *"_ivl_62", 7 0, L_000002c310875230;  1 drivers
v000002c310817c40_0 .net *"_ivl_64", 7 0, L_000002c310876340;  1 drivers
v000002c310817ba0_0 .net *"_ivl_68", 7 0, L_000002c310875bd0;  1 drivers
v000002c3108183c0_0 .net *"_ivl_70", 7 0, L_000002c310876420;  1 drivers
v000002c310817d80_0 .net *"_ivl_74", 7 0, L_000002c310875d90;  1 drivers
v000002c310815f80_0 .net *"_ivl_76", 7 0, L_000002c3108752a0;  1 drivers
v000002c310816fc0_0 .net *"_ivl_80", 7 0, L_000002c310876490;  1 drivers
v000002c310816ac0_0 .net *"_ivl_82", 7 0, L_000002c310875460;  1 drivers
v000002c310818140_0 .net *"_ivl_86", 7 0, L_000002c310875a80;  1 drivers
v000002c310817060_0 .net *"_ivl_88", 7 0, L_000002c3108767a0;  1 drivers
v000002c310816a20_0 .net *"_ivl_92", 7 0, L_000002c310875310;  1 drivers
v000002c310817e20_0 .net *"_ivl_94", 7 0, L_000002c310875380;  1 drivers
v000002c310817100_0 .net *"_ivl_98", 7 0, L_000002c310875e00;  1 drivers
v000002c310816d40_0 .net "m0", 7 0, L_000002c310875540;  1 drivers
v000002c3108172e0_0 .net "m1", 7 0, L_000002c310875690;  1 drivers
v000002c310816700_0 .net "m10", 7 0, L_000002c310875700;  1 drivers
v000002c3108163e0_0 .net "m11", 7 0, L_000002c310876110;  1 drivers
v000002c310816840_0 .net "m12", 7 0, L_000002c3108765e0;  1 drivers
v000002c3108181e0_0 .net "m13", 7 0, L_000002c310875a10;  1 drivers
v000002c310817b00_0 .net "m14", 7 0, L_000002c310876b90;  1 drivers
v000002c310816980_0 .net "m15", 7 0, L_000002c310876c00;  1 drivers
v000002c310818280_0 .net "m2", 7 0, L_000002c310876030;  1 drivers
v000002c310816b60_0 .net "m3", 7 0, L_000002c310876180;  1 drivers
v000002c310818320_0 .net "m4", 7 0, L_000002c310876ab0;  1 drivers
v000002c310816c00_0 .net "m5", 7 0, L_000002c3108760a0;  1 drivers
v000002c310816660_0 .net "m6", 7 0, L_000002c3108766c0;  1 drivers
v000002c310817ce0_0 .net "m7", 7 0, L_000002c310876730;  1 drivers
v000002c310818460_0 .net "m8", 7 0, L_000002c310875930;  1 drivers
v000002c310817ec0_0 .net "m9", 7 0, L_000002c310876260;  1 drivers
v000002c310817880_0 .net "s0", 7 0, L_000002c31081d6e0;  1 drivers
v000002c3108185a0_0 .net "s0_2", 7 0, L_000002c310820680;  1 drivers
v000002c310818500_0 .net "s0_3", 7 0, L_000002c310799100;  1 drivers
v000002c310816340_0 .net "s1", 7 0, L_000002c31081d820;  1 drivers
v000002c310816520_0 .net "s10", 7 0, L_000002c310821080;  1 drivers
v000002c310816ca0_0 .net "s10_2", 7 0, L_000002c310823c40;  1 drivers
v000002c3108165c0_0 .net "s10_3", 7 0, L_000002c310875070;  1 drivers
v000002c310815e40_0 .net "s11", 7 0, L_000002c310821c60;  1 drivers
v000002c3108174c0_0 .net "s11_2", 7 0, L_000002c310823a60;  1 drivers
v000002c310816160_0 .net "s11_3", 7 0, L_000002c310874f20;  1 drivers
v000002c310815ee0_0 .net "s12", 7 0, L_000002c310821da0;  1 drivers
v000002c310816200_0 .net "s12_2", 7 0, L_000002c310823600;  1 drivers
v000002c310817920_0 .net "s12_3", 7 0, L_000002c310874f90;  1 drivers
v000002c310816de0_0 .net "s13", 7 0, L_000002c310821f80;  1 drivers
v000002c3108162a0_0 .net "s13_2", 7 0, L_000002c310823100;  1 drivers
v000002c310816480_0 .net "s13_3", 7 0, L_000002c3108769d0;  1 drivers
v000002c3108171a0_0 .net "s14", 7 0, L_000002c3108209a0;  1 drivers
v000002c310817240_0 .net "s14_2", 7 0, L_000002c3108243c0;  1 drivers
v000002c310817380_0 .net "s14_3", 7 0, L_000002c3108754d0;  1 drivers
v000002c310817420_0 .net "s15", 7 0, L_000002c310821a80;  1 drivers
v000002c3108176a0_0 .net "s15_2", 7 0, L_000002c310824640;  1 drivers
v000002c310817560_0 .net "s15_3", 7 0, L_000002c310876a40;  1 drivers
v000002c310817740_0 .net "s1_2", 7 0, L_000002c310820c20;  1 drivers
v000002c3108177e0_0 .net "s1_3", 7 0, L_000002c310799250;  1 drivers
v000002c3108179c0_0 .net "s2", 7 0, L_000002c31081d8c0;  1 drivers
v000002c310817a60_0 .net "s2_2", 7 0, L_000002c310821e40;  1 drivers
v000002c310818640_0 .net "s2_3", 7 0, L_000002c3107992c0;  1 drivers
v000002c310818b40_0 .net "s3", 7 0, L_000002c31081db40;  1 drivers
v000002c31081a9e0_0 .net "s3_2", 7 0, L_000002c310820ae0;  1 drivers
v000002c310818960_0 .net "s3_3", 7 0, L_000002c31078bbc0;  1 drivers
v000002c3108186e0_0 .net "s4", 7 0, L_000002c31081dbe0;  1 drivers
v000002c310819e00_0 .net "s4_2", 7 0, L_000002c310822520;  1 drivers
v000002c310818a00_0 .net "s4_3", 7 0, L_000002c3106d3160;  1 drivers
v000002c31081abc0_0 .net "s5", 7 0, L_000002c3108213a0;  1 drivers
v000002c3108197c0_0 .net "s5_2", 7 0, L_000002c310821bc0;  1 drivers
v000002c31081ada0_0 .net "s5_3", 7 0, L_000002c310875cb0;  1 drivers
v000002c310819860_0 .net "s6", 7 0, L_000002c310820900;  1 drivers
v000002c310818d20_0 .net "s6_2", 7 0, L_000002c310822700;  1 drivers
v000002c31081a760_0 .net "s6_3", 7 0, L_000002c310875000;  1 drivers
v000002c31081a1c0_0 .net "s7", 7 0, L_000002c310821300;  1 drivers
v000002c310818dc0_0 .net "s7_2", 7 0, L_000002c310820540;  1 drivers
v000002c310819900_0 .net "s7_3", 7 0, L_000002c310875af0;  1 drivers
v000002c31081a800_0 .net "s8", 7 0, L_000002c3108222a0;  1 drivers
v000002c310819180_0 .net "s8_2", 7 0, L_000002c310823420;  1 drivers
v000002c31081aa80_0 .net "s8_3", 7 0, L_000002c3108763b0;  1 drivers
v000002c310818780_0 .net "s9", 7 0, L_000002c3108204a0;  1 drivers
v000002c31081a580_0 .net "s9_2", 7 0, L_000002c310823920;  1 drivers
v000002c310818c80_0 .net "s9_3", 7 0, L_000002c3108761f0;  1 drivers
v000002c31081a080_0 .net "state_in", 127 0, o000002c3107a9ca8;  alias, 0 drivers
v000002c31081a260_0 .net "state_out", 127 0, L_000002c310827e80;  alias, 1 drivers
L_000002c31081d6e0 .part o000002c3107a9ca8, 120, 8;
L_000002c31081d820 .part o000002c3107a9ca8, 112, 8;
L_000002c31081d8c0 .part o000002c3107a9ca8, 104, 8;
L_000002c31081db40 .part o000002c3107a9ca8, 96, 8;
L_000002c31081dbe0 .part o000002c3107a9ca8, 88, 8;
L_000002c3108213a0 .part o000002c3107a9ca8, 80, 8;
L_000002c310820900 .part o000002c3107a9ca8, 72, 8;
L_000002c310821300 .part o000002c3107a9ca8, 64, 8;
L_000002c3108222a0 .part o000002c3107a9ca8, 56, 8;
L_000002c3108204a0 .part o000002c3107a9ca8, 48, 8;
L_000002c310821080 .part o000002c3107a9ca8, 40, 8;
L_000002c310821c60 .part o000002c3107a9ca8, 32, 8;
L_000002c310821da0 .part o000002c3107a9ca8, 24, 8;
L_000002c310821f80 .part o000002c3107a9ca8, 16, 8;
L_000002c3108209a0 .part o000002c3107a9ca8, 8, 8;
L_000002c310821a80 .part o000002c3107a9ca8, 0, 8;
LS_000002c310827e80_0_0 .concat [ 8 8 8 8], L_000002c310876c00, L_000002c310876b90, L_000002c310875a10, L_000002c3108765e0;
LS_000002c310827e80_0_4 .concat [ 8 8 8 8], L_000002c310876110, L_000002c310875700, L_000002c310876260, L_000002c310875930;
LS_000002c310827e80_0_8 .concat [ 8 8 8 8], L_000002c310876730, L_000002c3108766c0, L_000002c3108760a0, L_000002c310876ab0;
LS_000002c310827e80_0_12 .concat [ 8 8 8 8], L_000002c310876180, L_000002c310876030, L_000002c310875690, L_000002c310875540;
L_000002c310827e80 .concat [ 32 32 32 32], LS_000002c310827e80_0_0, LS_000002c310827e80_0_4, LS_000002c310827e80_0_8, LS_000002c310827e80_0_12;
S_000002c3106e2b10 .scope module, "u0_mul2" "mul2" 5 34, 6 1 0, S_000002c3106e2980;
 .timescale 0 0;
    .port_info 0 /INPUT 8 "a";
    .port_info 1 /OUTPUT 8 "result";
L_000002c310828390 .functor BUFT 1, C4<00011011>, C4<0>, C4<0>, C4<0>;
L_000002c310798920 .functor XOR 8, L_000002c310822020, L_000002c310828390, C4<00000000>, C4<00000000>;
v000002c310793430_0 .net *"_ivl_1", 0 0, L_000002c310821580;  1 drivers
v000002c310792490_0 .net *"_ivl_10", 7 0, L_000002c310798920;  1 drivers
v000002c310793570_0 .net *"_ivl_12", 7 0, L_000002c3108202c0;  1 drivers
v000002c310793a70_0 .net *"_ivl_14", 6 0, L_000002c310821620;  1 drivers
L_000002c3108283d8 .functor BUFT 1, C4<0>, C4<0>, C4<0>, C4<0>;
v000002c310793cf0_0 .net *"_ivl_16", 0 0, L_000002c3108283d8;  1 drivers
v000002c310792710_0 .net *"_ivl_2", 7 0, L_000002c310822020;  1 drivers
v000002c3107ff860_0 .net *"_ivl_4", 6 0, L_000002c3108205e0;  1 drivers
L_000002c310828348 .functor BUFT 1, C4<0>, C4<0>, C4<0>, C4<0>;
v000002c3107ff720_0 .net *"_ivl_6", 0 0, L_000002c310828348;  1 drivers
v000002c3107ff040_0 .net/2u *"_ivl_8", 7 0, L_000002c310828390;  1 drivers
v000002c3108001c0_0 .net "a", 7 0, L_000002c31081d6e0;  alias, 1 drivers
v000002c3107ff220_0 .net "result", 7 0, L_000002c310820680;  alias, 1 drivers
L_000002c310821580 .part L_000002c31081d6e0, 7, 1;
L_000002c3108205e0 .part L_000002c31081d6e0, 0, 7;
L_000002c310822020 .concat [ 1 7 0 0], L_000002c310828348, L_000002c3108205e0;
L_000002c310821620 .part L_000002c31081d6e0, 0, 7;
L_000002c3108202c0 .concat [ 1 7 0 0], L_000002c3108283d8, L_000002c310821620;
L_000002c310820680 .functor MUXZ 8, L_000002c3108202c0, L_000002c310798920, L_000002c310821580, C4<>;
S_000002c3106e2ca0 .scope module, "u0_mul3" "mul3" 5 52, 7 3 0, S_000002c3106e2980;
 .timescale 0 0;
    .port_info 0 /INPUT 8 "a";
    .port_info 1 /OUTPUT 8 "result";
L_000002c310799100 .functor XOR 8, L_000002c310822c00, L_000002c31081d6e0, C4<00000000>, C4<00000000>;
v000002c3107ffd60_0 .net "a", 7 0, L_000002c31081d6e0;  alias, 1 drivers
v000002c310800c60_0 .net "mul2_result", 7 0, L_000002c310822c00;  1 drivers
v000002c3107ffe00_0 .net "result", 7 0, L_000002c310799100;  alias, 1 drivers
S_000002c310707db0 .scope module, "u_mul2" "mul2" 7 9, 6 1 0, S_000002c3106e2ca0;
 .timescale 0 0;
    .port_info 0 /INPUT 8 "a";
    .port_info 1 /OUTPUT 8 "result";
L_000002c310829110 .functor BUFT 1, C4<00011011>, C4<0>, C4<0>, C4<0>;
L_000002c310799090 .functor XOR 8, L_000002c310824820, L_000002c310829110, C4<00000000>, C4<00000000>;
v000002c310800d00_0 .net *"_ivl_1", 0 0, L_000002c3108246e0;  1 drivers
v000002c310800b20_0 .net *"_ivl_10", 7 0, L_000002c310799090;  1 drivers
v000002c3107ffcc0_0 .net *"_ivl_12", 7 0, L_000002c310823740;  1 drivers
v000002c310800f80_0 .net *"_ivl_14", 6 0, L_000002c3108236a0;  1 drivers
L_000002c310829158 .functor BUFT 1, C4<0>, C4<0>, C4<0>, C4<0>;
v000002c3107fff40_0 .net *"_ivl_16", 0 0, L_000002c310829158;  1 drivers
v000002c3107ff9a0_0 .net *"_ivl_2", 7 0, L_000002c310824820;  1 drivers
v000002c310800120_0 .net *"_ivl_4", 6 0, L_000002c310823380;  1 drivers
L_000002c3108290c8 .functor BUFT 1, C4<0>, C4<0>, C4<0>, C4<0>;
v000002c310800260_0 .net *"_ivl_6", 0 0, L_000002c3108290c8;  1 drivers
v000002c3107fedc0_0 .net/2u *"_ivl_8", 7 0, L_000002c310829110;  1 drivers
v000002c310800bc0_0 .net "a", 7 0, L_000002c31081d6e0;  alias, 1 drivers
v000002c310800a80_0 .net "result", 7 0, L_000002c310822c00;  alias, 1 drivers
L_000002c3108246e0 .part L_000002c31081d6e0, 7, 1;
L_000002c310823380 .part L_000002c31081d6e0, 0, 7;
L_000002c310824820 .concat [ 1 7 0 0], L_000002c3108290c8, L_000002c310823380;
L_000002c3108236a0 .part L_000002c31081d6e0, 0, 7;
L_000002c310823740 .concat [ 1 7 0 0], L_000002c310829158, L_000002c3108236a0;
L_000002c310822c00 .functor MUXZ 8, L_000002c310823740, L_000002c310799090, L_000002c3108246e0, C4<>;
S_000002c310707f40 .scope module, "u10_mul2" "mul2" 5 44, 6 1 0, S_000002c3106e2980;
 .timescale 0 0;
    .port_info 0 /INPUT 8 "a";
    .port_info 1 /OUTPUT 8 "result";
L_000002c310828c00 .functor BUFT 1, C4<00011011>, C4<0>, C4<0>, C4<0>;
L_000002c310798ed0 .functor XOR 8, L_000002c310824280, L_000002c310828c00, C4<00000000>, C4<00000000>;
v000002c3107ffa40_0 .net *"_ivl_1", 0 0, L_000002c310824b40;  1 drivers
v000002c310800440_0 .net *"_ivl_10", 7 0, L_000002c310798ed0;  1 drivers
v000002c3108003a0_0 .net *"_ivl_12", 7 0, L_000002c3108245a0;  1 drivers
v000002c310800da0_0 .net *"_ivl_14", 6 0, L_000002c310824d20;  1 drivers
L_000002c310828c48 .functor BUFT 1, C4<0>, C4<0>, C4<0>, C4<0>;
v000002c310800800_0 .net *"_ivl_16", 0 0, L_000002c310828c48;  1 drivers
v000002c310801340_0 .net *"_ivl_2", 7 0, L_000002c310824280;  1 drivers
v000002c3107ff0e0_0 .net *"_ivl_4", 6 0, L_000002c310823ba0;  1 drivers
L_000002c310828bb8 .functor BUFT 1, C4<0>, C4<0>, C4<0>, C4<0>;
v000002c310800e40_0 .net *"_ivl_6", 0 0, L_000002c310828bb8;  1 drivers
v000002c310800300_0 .net/2u *"_ivl_8", 7 0, L_000002c310828c00;  1 drivers
v000002c3107ffae0_0 .net "a", 7 0, L_000002c310821080;  alias, 1 drivers
v000002c310801020_0 .net "result", 7 0, L_000002c310823c40;  alias, 1 drivers
L_000002c310824b40 .part L_000002c310821080, 7, 1;
L_000002c310823ba0 .part L_000002c310821080, 0, 7;
L_000002c310824280 .concat [ 1 7 0 0], L_000002c310828bb8, L_000002c310823ba0;
L_000002c310824d20 .part L_000002c310821080, 0, 7;
L_000002c3108245a0 .concat [ 1 7 0 0], L_000002c310828c48, L_000002c310824d20;
L_000002c310823c40 .functor MUXZ 8, L_000002c3108245a0, L_000002c310798ed0, L_000002c310824b40, C4<>;
S_000002c3107080d0 .scope module, "u10_mul3" "mul3" 5 62, 7 3 0, S_000002c3106e2980;
 .timescale 0 0;
    .port_info 0 /INPUT 8 "a";
    .port_info 1 /OUTPUT 8 "result";
L_000002c310875070 .functor XOR 8, L_000002c3108266c0, L_000002c310821080, C4<00000000>, C4<00000000>;
v000002c310801200_0 .net "a", 7 0, L_000002c310821080;  alias, 1 drivers
v000002c3108013e0_0 .net "mul2_result", 7 0, L_000002c3108266c0;  1 drivers
v000002c3107ff900_0 .net "result", 7 0, L_000002c310875070;  alias, 1 drivers
S_000002c3106e7180 .scope module, "u_mul2" "mul2" 7 9, 6 1 0, S_000002c3107080d0;
 .timescale 0 0;
    .port_info 0 /INPUT 8 "a";
    .port_info 1 /OUTPUT 8 "result";
L_000002c310829980 .functor BUFT 1, C4<00011011>, C4<0>, C4<0>, C4<0>;
L_000002c310875620 .functor XOR 8, L_000002c310825cc0, L_000002c310829980, C4<00000000>, C4<00000000>;
v000002c3108004e0_0 .net *"_ivl_1", 0 0, L_000002c3108257c0;  1 drivers
v000002c310800ee0_0 .net *"_ivl_10", 7 0, L_000002c310875620;  1 drivers
v000002c3107ff680_0 .net *"_ivl_12", 7 0, L_000002c310826d00;  1 drivers
v000002c3107ffb80_0 .net *"_ivl_14", 6 0, L_000002c310826940;  1 drivers
L_000002c3108299c8 .functor BUFT 1, C4<0>, C4<0>, C4<0>, C4<0>;
v000002c3107ff360_0 .net *"_ivl_16", 0 0, L_000002c3108299c8;  1 drivers
v000002c3108010c0_0 .net *"_ivl_2", 7 0, L_000002c310825cc0;  1 drivers
v000002c3107fffe0_0 .net *"_ivl_4", 6 0, L_000002c3108259a0;  1 drivers
L_000002c310829938 .functor BUFT 1, C4<0>, C4<0>, C4<0>, C4<0>;
v000002c310801160_0 .net *"_ivl_6", 0 0, L_000002c310829938;  1 drivers
v000002c3107ff7c0_0 .net/2u *"_ivl_8", 7 0, L_000002c310829980;  1 drivers
v000002c3108012a0_0 .net "a", 7 0, L_000002c310821080;  alias, 1 drivers
v000002c3107ffc20_0 .net "result", 7 0, L_000002c3108266c0;  alias, 1 drivers
L_000002c3108257c0 .part L_000002c310821080, 7, 1;
L_000002c3108259a0 .part L_000002c310821080, 0, 7;
L_000002c310825cc0 .concat [ 1 7 0 0], L_000002c310829938, L_000002c3108259a0;
L_000002c310826940 .part L_000002c310821080, 0, 7;
L_000002c310826d00 .concat [ 1 7 0 0], L_000002c3108299c8, L_000002c310826940;
L_000002c3108266c0 .functor MUXZ 8, L_000002c310826d00, L_000002c310875620, L_000002c3108257c0, C4<>;
S_000002c3106e7310 .scope module, "u11_mul2" "mul2" 5 45, 6 1 0, S_000002c3106e2980;
 .timescale 0 0;
    .port_info 0 /INPUT 8 "a";
    .port_info 1 /OUTPUT 8 "result";
L_000002c310828cd8 .functor BUFT 1, C4<00011011>, C4<0>, C4<0>, C4<0>;
L_000002c310798d10 .functor XOR 8, L_000002c3108248c0, L_000002c310828cd8, C4<00000000>, C4<00000000>;
v000002c3107ff4a0_0 .net *"_ivl_1", 0 0, L_000002c310824dc0;  1 drivers
v000002c3107fee60_0 .net *"_ivl_10", 7 0, L_000002c310798d10;  1 drivers
v000002c3107ffea0_0 .net *"_ivl_12", 7 0, L_000002c310824500;  1 drivers
v000002c3107ff540_0 .net *"_ivl_14", 6 0, L_000002c3108240a0;  1 drivers
L_000002c310828d20 .functor BUFT 1, C4<0>, C4<0>, C4<0>, C4<0>;
v000002c310800080_0 .net *"_ivl_16", 0 0, L_000002c310828d20;  1 drivers
v000002c310801480_0 .net *"_ivl_2", 7 0, L_000002c3108248c0;  1 drivers
v000002c310800580_0 .net *"_ivl_4", 6 0, L_000002c310824f00;  1 drivers
L_000002c310828c90 .functor BUFT 1, C4<0>, C4<0>, C4<0>, C4<0>;
v000002c310801520_0 .net *"_ivl_6", 0 0, L_000002c310828c90;  1 drivers
v000002c3107fef00_0 .net/2u *"_ivl_8", 7 0, L_000002c310828cd8;  1 drivers
v000002c310800620_0 .net "a", 7 0, L_000002c310821c60;  alias, 1 drivers
v000002c3107ff2c0_0 .net "result", 7 0, L_000002c310823a60;  alias, 1 drivers
L_000002c310824dc0 .part L_000002c310821c60, 7, 1;
L_000002c310824f00 .part L_000002c310821c60, 0, 7;
L_000002c3108248c0 .concat [ 1 7 0 0], L_000002c310828c90, L_000002c310824f00;
L_000002c3108240a0 .part L_000002c310821c60, 0, 7;
L_000002c310824500 .concat [ 1 7 0 0], L_000002c310828d20, L_000002c3108240a0;
L_000002c310823a60 .functor MUXZ 8, L_000002c310824500, L_000002c310798d10, L_000002c310824dc0, C4<>;
S_000002c3106e74a0 .scope module, "u11_mul3" "mul3" 5 63, 7 3 0, S_000002c3106e2980;
 .timescale 0 0;
    .port_info 0 /INPUT 8 "a";
    .port_info 1 /OUTPUT 8 "result";
L_000002c310874f20 .functor XOR 8, L_000002c310827020, L_000002c310821c60, C4<00000000>, C4<00000000>;
v000002c310802a60_0 .net "a", 7 0, L_000002c310821c60;  alias, 1 drivers
v000002c310802b00_0 .net "mul2_result", 7 0, L_000002c310827020;  1 drivers
v000002c310801b60_0 .net "result", 7 0, L_000002c310874f20;  alias, 1 drivers
S_000002c3106e1450 .scope module, "u_mul2" "mul2" 7 9, 6 1 0, S_000002c3106e74a0;
 .timescale 0 0;
    .port_info 0 /INPUT 8 "a";
    .port_info 1 /OUTPUT 8 "result";
L_000002c310829a58 .functor BUFT 1, C4<00011011>, C4<0>, C4<0>, C4<0>;
L_000002c3108768f0 .functor XOR 8, L_000002c310826da0, L_000002c310829a58, C4<00000000>, C4<00000000>;
v000002c3108006c0_0 .net *"_ivl_1", 0 0, L_000002c3108269e0;  1 drivers
v000002c3108008a0_0 .net *"_ivl_10", 7 0, L_000002c3108768f0;  1 drivers
v000002c310800760_0 .net *"_ivl_12", 7 0, L_000002c310826f80;  1 drivers
v000002c3107fefa0_0 .net *"_ivl_14", 6 0, L_000002c310826e40;  1 drivers
L_000002c310829aa0 .functor BUFT 1, C4<0>, C4<0>, C4<0>, C4<0>;
v000002c3107ff400_0 .net *"_ivl_16", 0 0, L_000002c310829aa0;  1 drivers
v000002c3108009e0_0 .net *"_ivl_2", 7 0, L_000002c310826da0;  1 drivers
v000002c3107ff180_0 .net *"_ivl_4", 6 0, L_000002c310826bc0;  1 drivers
L_000002c310829a10 .functor BUFT 1, C4<0>, C4<0>, C4<0>, C4<0>;
v000002c3107ff5e0_0 .net *"_ivl_6", 0 0, L_000002c310829a10;  1 drivers
v000002c310800940_0 .net/2u *"_ivl_8", 7 0, L_000002c310829a58;  1 drivers
v000002c310801660_0 .net "a", 7 0, L_000002c310821c60;  alias, 1 drivers
v000002c3108027e0_0 .net "result", 7 0, L_000002c310827020;  alias, 1 drivers
L_000002c3108269e0 .part L_000002c310821c60, 7, 1;
L_000002c310826bc0 .part L_000002c310821c60, 0, 7;
L_000002c310826da0 .concat [ 1 7 0 0], L_000002c310829a10, L_000002c310826bc0;
L_000002c310826e40 .part L_000002c310821c60, 0, 7;
L_000002c310826f80 .concat [ 1 7 0 0], L_000002c310829aa0, L_000002c310826e40;
L_000002c310827020 .functor MUXZ 8, L_000002c310826f80, L_000002c3108768f0, L_000002c3108269e0, C4<>;
S_000002c3106e15e0 .scope module, "u12_mul2" "mul2" 5 46, 6 1 0, S_000002c3106e2980;
 .timescale 0 0;
    .port_info 0 /INPUT 8 "a";
    .port_info 1 /OUTPUT 8 "result";
L_000002c310828db0 .functor BUFT 1, C4<00011011>, C4<0>, C4<0>, C4<0>;
L_000002c310798d80 .functor XOR 8, L_000002c310823560, L_000002c310828db0, C4<00000000>, C4<00000000>;
v000002c3108015c0_0 .net *"_ivl_1", 0 0, L_000002c310823e20;  1 drivers
v000002c310802740_0 .net *"_ivl_10", 7 0, L_000002c310798d80;  1 drivers
v000002c310802ba0_0 .net *"_ivl_12", 7 0, L_000002c3108234c0;  1 drivers
v000002c310802c40_0 .net *"_ivl_14", 6 0, L_000002c310824320;  1 drivers
L_000002c310828df8 .functor BUFT 1, C4<0>, C4<0>, C4<0>, C4<0>;
v000002c310801700_0 .net *"_ivl_16", 0 0, L_000002c310828df8;  1 drivers
v000002c310801980_0 .net *"_ivl_2", 7 0, L_000002c310823560;  1 drivers
v000002c310801840_0 .net *"_ivl_4", 6 0, L_000002c310823240;  1 drivers
L_000002c310828d68 .functor BUFT 1, C4<0>, C4<0>, C4<0>, C4<0>;
v000002c310802880_0 .net *"_ivl_6", 0 0, L_000002c310828d68;  1 drivers
v000002c310801ac0_0 .net/2u *"_ivl_8", 7 0, L_000002c310828db0;  1 drivers
v000002c3108026a0_0 .net "a", 7 0, L_000002c310821da0;  alias, 1 drivers
v000002c310802920_0 .net "result", 7 0, L_000002c310823600;  alias, 1 drivers
L_000002c310823e20 .part L_000002c310821da0, 7, 1;
L_000002c310823240 .part L_000002c310821da0, 0, 7;
L_000002c310823560 .concat [ 1 7 0 0], L_000002c310828d68, L_000002c310823240;
L_000002c310824320 .part L_000002c310821da0, 0, 7;
L_000002c3108234c0 .concat [ 1 7 0 0], L_000002c310828df8, L_000002c310824320;
L_000002c310823600 .functor MUXZ 8, L_000002c3108234c0, L_000002c310798d80, L_000002c310823e20, C4<>;
S_000002c3106e1770 .scope module, "u12_mul3" "mul3" 5 64, 7 3 0, S_000002c3106e2980;
 .timescale 0 0;
    .port_info 0 /INPUT 8 "a";
    .port_info 1 /OUTPUT 8 "result";
L_000002c310874f90 .functor XOR 8, L_000002c310827660, L_000002c310821da0, C4<00000000>, C4<00000000>;
v000002c310801f20_0 .net "a", 7 0, L_000002c310821da0;  alias, 1 drivers
v000002c310801fc0_0 .net "mul2_result", 7 0, L_000002c310827660;  1 drivers
v000002c310802060_0 .net "result", 7 0, L_000002c310874f90;  alias, 1 drivers
S_000002c3106e0270 .scope module, "u_mul2" "mul2" 7 9, 6 1 0, S_000002c3106e1770;
 .timescale 0 0;
    .port_info 0 /INPUT 8 "a";
    .port_info 1 /OUTPUT 8 "result";
L_000002c310829b30 .functor BUFT 1, C4<00011011>, C4<0>, C4<0>, C4<0>;
L_000002c3108751c0 .functor XOR 8, L_000002c310827200, L_000002c310829b30, C4<00000000>, C4<00000000>;
v000002c310802100_0 .net *"_ivl_1", 0 0, L_000002c3108270c0;  1 drivers
v000002c3108017a0_0 .net *"_ivl_10", 7 0, L_000002c3108751c0;  1 drivers
v000002c3108029c0_0 .net *"_ivl_12", 7 0, L_000002c310827480;  1 drivers
v000002c3108018e0_0 .net *"_ivl_14", 6 0, L_000002c3108272a0;  1 drivers
L_000002c310829b78 .functor BUFT 1, C4<0>, C4<0>, C4<0>, C4<0>;
v000002c310801a20_0 .net *"_ivl_16", 0 0, L_000002c310829b78;  1 drivers
v000002c310802420_0 .net *"_ivl_2", 7 0, L_000002c310827200;  1 drivers
v000002c310801e80_0 .net *"_ivl_4", 6 0, L_000002c310827160;  1 drivers
L_000002c310829ae8 .functor BUFT 1, C4<0>, C4<0>, C4<0>, C4<0>;
v000002c310801c00_0 .net *"_ivl_6", 0 0, L_000002c310829ae8;  1 drivers
v000002c310801ca0_0 .net/2u *"_ivl_8", 7 0, L_000002c310829b30;  1 drivers
v000002c310801d40_0 .net "a", 7 0, L_000002c310821da0;  alias, 1 drivers
v000002c310801de0_0 .net "result", 7 0, L_000002c310827660;  alias, 1 drivers
L_000002c3108270c0 .part L_000002c310821da0, 7, 1;
L_000002c310827160 .part L_000002c310821da0, 0, 7;
L_000002c310827200 .concat [ 1 7 0 0], L_000002c310829ae8, L_000002c310827160;
L_000002c3108272a0 .part L_000002c310821da0, 0, 7;
L_000002c310827480 .concat [ 1 7 0 0], L_000002c310829b78, L_000002c3108272a0;
L_000002c310827660 .functor MUXZ 8, L_000002c310827480, L_000002c3108751c0, L_000002c3108270c0, C4<>;
S_000002c310803400 .scope module, "u13_mul2" "mul2" 5 47, 6 1 0, S_000002c3106e2980;
 .timescale 0 0;
    .port_info 0 /INPUT 8 "a";
    .port_info 1 /OUTPUT 8 "result";
L_000002c310828e88 .functor BUFT 1, C4<00011011>, C4<0>, C4<0>, C4<0>;
L_000002c310798f40 .functor XOR 8, L_000002c3108232e0, L_000002c310828e88, C4<00000000>, C4<00000000>;
v000002c3108021a0_0 .net *"_ivl_1", 0 0, L_000002c310822ca0;  1 drivers
v000002c310802240_0 .net *"_ivl_10", 7 0, L_000002c310798f40;  1 drivers
v000002c3108022e0_0 .net *"_ivl_12", 7 0, L_000002c3108239c0;  1 drivers
v000002c310802380_0 .net *"_ivl_14", 6 0, L_000002c310824140;  1 drivers
L_000002c310828ed0 .functor BUFT 1, C4<0>, C4<0>, C4<0>, C4<0>;
v000002c3108024c0_0 .net *"_ivl_16", 0 0, L_000002c310828ed0;  1 drivers
v000002c310802560_0 .net *"_ivl_2", 7 0, L_000002c3108232e0;  1 drivers
v000002c310802600_0 .net *"_ivl_4", 6 0, L_000002c310824be0;  1 drivers
L_000002c310828e40 .functor BUFT 1, C4<0>, C4<0>, C4<0>, C4<0>;
v000002c310805140_0 .net *"_ivl_6", 0 0, L_000002c310828e40;  1 drivers
v000002c3108047e0_0 .net/2u *"_ivl_8", 7 0, L_000002c310828e88;  1 drivers
v000002c310805e60_0 .net "a", 7 0, L_000002c310821f80;  alias, 1 drivers
v000002c3108053c0_0 .net "result", 7 0, L_000002c310823100;  alias, 1 drivers
L_000002c310822ca0 .part L_000002c310821f80, 7, 1;
L_000002c310824be0 .part L_000002c310821f80, 0, 7;
L_000002c3108232e0 .concat [ 1 7 0 0], L_000002c310828e40, L_000002c310824be0;
L_000002c310824140 .part L_000002c310821f80, 0, 7;
L_000002c3108239c0 .concat [ 1 7 0 0], L_000002c310828ed0, L_000002c310824140;
L_000002c310823100 .functor MUXZ 8, L_000002c3108239c0, L_000002c310798f40, L_000002c310822ca0, C4<>;
S_000002c310803bd0 .scope module, "u13_mul3" "mul3" 5 65, 7 3 0, S_000002c3106e2980;
 .timescale 0 0;
    .port_info 0 /INPUT 8 "a";
    .port_info 1 /OUTPUT 8 "result";
L_000002c3108769d0 .functor XOR 8, L_000002c3108278e0, L_000002c310821f80, C4<00000000>, C4<00000000>;
v000002c310805fa0_0 .net "a", 7 0, L_000002c310821f80;  alias, 1 drivers
v000002c3108058c0_0 .net "mul2_result", 7 0, L_000002c3108278e0;  1 drivers
v000002c310806360_0 .net "result", 7 0, L_000002c3108769d0;  alias, 1 drivers
S_000002c310803270 .scope module, "u_mul2" "mul2" 7 9, 6 1 0, S_000002c310803bd0;
 .timescale 0 0;
    .port_info 0 /INPUT 8 "a";
    .port_info 1 /OUTPUT 8 "result";
L_000002c310829c08 .functor BUFT 1, C4<00011011>, C4<0>, C4<0>, C4<0>;
L_000002c310876960 .functor XOR 8, L_000002c3108277a0, L_000002c310829c08, C4<00000000>, C4<00000000>;
v000002c310805f00_0 .net *"_ivl_1", 0 0, L_000002c3108254a0;  1 drivers
v000002c310806400_0 .net *"_ivl_10", 7 0, L_000002c310876960;  1 drivers
v000002c3108041a0_0 .net *"_ivl_12", 7 0, L_000002c310827840;  1 drivers
v000002c310806180_0 .net *"_ivl_14", 6 0, L_000002c310825540;  1 drivers
L_000002c310829c50 .functor BUFT 1, C4<0>, C4<0>, C4<0>, C4<0>;
v000002c310804560_0 .net *"_ivl_16", 0 0, L_000002c310829c50;  1 drivers
v000002c3108064a0_0 .net *"_ivl_2", 7 0, L_000002c3108277a0;  1 drivers
v000002c3108042e0_0 .net *"_ivl_4", 6 0, L_000002c310827700;  1 drivers
L_000002c310829bc0 .functor BUFT 1, C4<0>, C4<0>, C4<0>, C4<0>;
v000002c3108044c0_0 .net *"_ivl_6", 0 0, L_000002c310829bc0;  1 drivers
v000002c310804880_0 .net/2u *"_ivl_8", 7 0, L_000002c310829c08;  1 drivers
v000002c310804060_0 .net "a", 7 0, L_000002c310821f80;  alias, 1 drivers
v000002c310803fc0_0 .net "result", 7 0, L_000002c3108278e0;  alias, 1 drivers
L_000002c3108254a0 .part L_000002c310821f80, 7, 1;
L_000002c310827700 .part L_000002c310821f80, 0, 7;
L_000002c3108277a0 .concat [ 1 7 0 0], L_000002c310829bc0, L_000002c310827700;
L_000002c310825540 .part L_000002c310821f80, 0, 7;
L_000002c310827840 .concat [ 1 7 0 0], L_000002c310829c50, L_000002c310825540;
L_000002c3108278e0 .functor MUXZ 8, L_000002c310827840, L_000002c310876960, L_000002c3108254a0, C4<>;
S_000002c310802dc0 .scope module, "u14_mul2" "mul2" 5 48, 6 1 0, S_000002c3106e2980;
 .timescale 0 0;
    .port_info 0 /INPUT 8 "a";
    .port_info 1 /OUTPUT 8 "result";
L_000002c310828f60 .functor BUFT 1, C4<00011011>, C4<0>, C4<0>, C4<0>;
L_000002c310798fb0 .functor XOR 8, L_000002c310825040, L_000002c310828f60, C4<00000000>, C4<00000000>;
v000002c3108050a0_0 .net *"_ivl_1", 0 0, L_000002c310824780;  1 drivers
v000002c310804f60_0 .net *"_ivl_10", 7 0, L_000002c310798fb0;  1 drivers
v000002c310805000_0 .net *"_ivl_12", 7 0, L_000002c310823ce0;  1 drivers
v000002c3108049c0_0 .net *"_ivl_14", 6 0, L_000002c310822a20;  1 drivers
L_000002c310828fa8 .functor BUFT 1, C4<0>, C4<0>, C4<0>, C4<0>;
v000002c3108051e0_0 .net *"_ivl_16", 0 0, L_000002c310828fa8;  1 drivers
v000002c310804380_0 .net *"_ivl_2", 7 0, L_000002c310825040;  1 drivers
v000002c310805aa0_0 .net *"_ivl_4", 6 0, L_000002c3108241e0;  1 drivers
L_000002c310828f18 .functor BUFT 1, C4<0>, C4<0>, C4<0>, C4<0>;
v000002c310805b40_0 .net *"_ivl_6", 0 0, L_000002c310828f18;  1 drivers
v000002c310805be0_0 .net/2u *"_ivl_8", 7 0, L_000002c310828f60;  1 drivers
v000002c310804920_0 .net "a", 7 0, L_000002c3108209a0;  alias, 1 drivers
v000002c310806040_0 .net "result", 7 0, L_000002c3108243c0;  alias, 1 drivers
L_000002c310824780 .part L_000002c3108209a0, 7, 1;
L_000002c3108241e0 .part L_000002c3108209a0, 0, 7;
L_000002c310825040 .concat [ 1 7 0 0], L_000002c310828f18, L_000002c3108241e0;
L_000002c310822a20 .part L_000002c3108209a0, 0, 7;
L_000002c310823ce0 .concat [ 1 7 0 0], L_000002c310828fa8, L_000002c310822a20;
L_000002c3108243c0 .functor MUXZ 8, L_000002c310823ce0, L_000002c310798fb0, L_000002c310824780, C4<>;
S_000002c3108030e0 .scope module, "u14_mul3" "mul3" 5 66, 7 3 0, S_000002c3106e2980;
 .timescale 0 0;
    .port_info 0 /INPUT 8 "a";
    .port_info 1 /OUTPUT 8 "result";
L_000002c3108754d0 .functor XOR 8, L_000002c310828060, L_000002c3108209a0, C4<00000000>, C4<00000000>;
v000002c3108060e0_0 .net "a", 7 0, L_000002c3108209a0;  alias, 1 drivers
v000002c310804100_0 .net "mul2_result", 7 0, L_000002c310828060;  1 drivers
v000002c310804240_0 .net "result", 7 0, L_000002c3108754d0;  alias, 1 drivers
S_000002c3108038b0 .scope module, "u_mul2" "mul2" 7 9, 6 1 0, S_000002c3108030e0;
 .timescale 0 0;
    .port_info 0 /INPUT 8 "a";
    .port_info 1 /OUTPUT 8 "result";
L_000002c310829ce0 .functor BUFT 1, C4<00011011>, C4<0>, C4<0>, C4<0>;
L_000002c310875f50 .functor XOR 8, L_000002c310827b60, L_000002c310829ce0, C4<00000000>, C4<00000000>;
v000002c3108062c0_0 .net *"_ivl_1", 0 0, L_000002c310825220;  1 drivers
v000002c310805280_0 .net *"_ivl_10", 7 0, L_000002c310875f50;  1 drivers
v000002c310804420_0 .net *"_ivl_12", 7 0, L_000002c310827c00;  1 drivers
v000002c310806540_0 .net *"_ivl_14", 6 0, L_000002c310827ac0;  1 drivers
L_000002c310829d28 .functor BUFT 1, C4<0>, C4<0>, C4<0>, C4<0>;
v000002c310805c80_0 .net *"_ivl_16", 0 0, L_000002c310829d28;  1 drivers
v000002c310804600_0 .net *"_ivl_2", 7 0, L_000002c310827b60;  1 drivers
v000002c310804740_0 .net *"_ivl_4", 6 0, L_000002c310827fc0;  1 drivers
L_000002c310829c98 .functor BUFT 1, C4<0>, C4<0>, C4<0>, C4<0>;
v000002c310805d20_0 .net *"_ivl_6", 0 0, L_000002c310829c98;  1 drivers
v000002c3108046a0_0 .net/2u *"_ivl_8", 7 0, L_000002c310829ce0;  1 drivers
v000002c310803de0_0 .net "a", 7 0, L_000002c3108209a0;  alias, 1 drivers
v000002c310805a00_0 .net "result", 7 0, L_000002c310828060;  alias, 1 drivers
L_000002c310825220 .part L_000002c3108209a0, 7, 1;
L_000002c310827fc0 .part L_000002c3108209a0, 0, 7;
L_000002c310827b60 .concat [ 1 7 0 0], L_000002c310829c98, L_000002c310827fc0;
L_000002c310827ac0 .part L_000002c3108209a0, 0, 7;
L_000002c310827c00 .concat [ 1 7 0 0], L_000002c310829d28, L_000002c310827ac0;
L_000002c310828060 .functor MUXZ 8, L_000002c310827c00, L_000002c310875f50, L_000002c310825220, C4<>;
S_000002c310802f50 .scope module, "u15_mul2" "mul2" 5 49, 6 1 0, S_000002c3106e2980;
 .timescale 0 0;
    .port_info 0 /INPUT 8 "a";
    .port_info 1 /OUTPUT 8 "result";
L_000002c310829038 .functor BUFT 1, C4<00011011>, C4<0>, C4<0>, C4<0>;
L_000002c310799020 .functor XOR 8, L_000002c310822f20, L_000002c310829038, C4<00000000>, C4<00000000>;
v000002c310803e80_0 .net *"_ivl_1", 0 0, L_000002c310823d80;  1 drivers
v000002c310805960_0 .net *"_ivl_10", 7 0, L_000002c310799020;  1 drivers
v000002c310805320_0 .net *"_ivl_12", 7 0, L_000002c310822b60;  1 drivers
v000002c310804a60_0 .net *"_ivl_14", 6 0, L_000002c310822ac0;  1 drivers
L_000002c310829080 .functor BUFT 1, C4<0>, C4<0>, C4<0>, C4<0>;
v000002c310806220_0 .net *"_ivl_16", 0 0, L_000002c310829080;  1 drivers
v000002c310804b00_0 .net *"_ivl_2", 7 0, L_000002c310822f20;  1 drivers
v000002c310804ba0_0 .net *"_ivl_4", 6 0, L_000002c310823ec0;  1 drivers
L_000002c310828ff0 .functor BUFT 1, C4<0>, C4<0>, C4<0>, C4<0>;
v000002c310805460_0 .net *"_ivl_6", 0 0, L_000002c310828ff0;  1 drivers
v000002c310805500_0 .net/2u *"_ivl_8", 7 0, L_000002c310829038;  1 drivers
v000002c310805dc0_0 .net "a", 7 0, L_000002c310821a80;  alias, 1 drivers
v000002c310803f20_0 .net "result", 7 0, L_000002c310824640;  alias, 1 drivers
L_000002c310823d80 .part L_000002c310821a80, 7, 1;
L_000002c310823ec0 .part L_000002c310821a80, 0, 7;
L_000002c310822f20 .concat [ 1 7 0 0], L_000002c310828ff0, L_000002c310823ec0;
L_000002c310822ac0 .part L_000002c310821a80, 0, 7;
L_000002c310822b60 .concat [ 1 7 0 0], L_000002c310829080, L_000002c310822ac0;
L_000002c310824640 .functor MUXZ 8, L_000002c310822b60, L_000002c310799020, L_000002c310823d80, C4<>;
S_000002c310803590 .scope module, "u15_mul3" "mul3" 5 67, 7 3 0, S_000002c3106e2980;
 .timescale 0 0;
    .port_info 0 /INPUT 8 "a";
    .port_info 1 /OUTPUT 8 "result";
L_000002c310876a40 .functor XOR 8, L_000002c310827de0, L_000002c310821a80, C4<00000000>, C4<00000000>;
v000002c310807a80_0 .net "a", 7 0, L_000002c310821a80;  alias, 1 drivers
v000002c310807620_0 .net "mul2_result", 7 0, L_000002c310827de0;  1 drivers
v000002c310807300_0 .net "result", 7 0, L_000002c310876a40;  alias, 1 drivers
S_000002c310803720 .scope module, "u_mul2" "mul2" 7 9, 6 1 0, S_000002c310803590;
 .timescale 0 0;
    .port_info 0 /INPUT 8 "a";
    .port_info 1 /OUTPUT 8 "result";
L_000002c310829db8 .functor BUFT 1, C4<00011011>, C4<0>, C4<0>, C4<0>;
L_000002c310876810 .functor XOR 8, L_000002c310827a20, L_000002c310829db8, C4<00000000>, C4<00000000>;
v000002c3108055a0_0 .net *"_ivl_1", 0 0, L_000002c310827980;  1 drivers
v000002c310805640_0 .net *"_ivl_10", 7 0, L_000002c310876810;  1 drivers
v000002c310804c40_0 .net *"_ivl_12", 7 0, L_000002c310827d40;  1 drivers
v000002c310804ce0_0 .net *"_ivl_14", 6 0, L_000002c310827ca0;  1 drivers
L_000002c310829e00 .functor BUFT 1, C4<0>, C4<0>, C4<0>, C4<0>;
v000002c310804d80_0 .net *"_ivl_16", 0 0, L_000002c310829e00;  1 drivers
v000002c310804e20_0 .net *"_ivl_2", 7 0, L_000002c310827a20;  1 drivers
v000002c310804ec0_0 .net *"_ivl_4", 6 0, L_000002c310827f20;  1 drivers
L_000002c310829d70 .functor BUFT 1, C4<0>, C4<0>, C4<0>, C4<0>;
v000002c3108056e0_0 .net *"_ivl_6", 0 0, L_000002c310829d70;  1 drivers
v000002c310805820_0 .net/2u *"_ivl_8", 7 0, L_000002c310829db8;  1 drivers
v000002c310805780_0 .net "a", 7 0, L_000002c310821a80;  alias, 1 drivers
v000002c3108076c0_0 .net "result", 7 0, L_000002c310827de0;  alias, 1 drivers
L_000002c310827980 .part L_000002c310821a80, 7, 1;
L_000002c310827f20 .part L_000002c310821a80, 0, 7;
L_000002c310827a20 .concat [ 1 7 0 0], L_000002c310829d70, L_000002c310827f20;
L_000002c310827ca0 .part L_000002c310821a80, 0, 7;
L_000002c310827d40 .concat [ 1 7 0 0], L_000002c310829e00, L_000002c310827ca0;
L_000002c310827de0 .functor MUXZ 8, L_000002c310827d40, L_000002c310876810, L_000002c310827980, C4<>;
S_000002c310803a40 .scope module, "u1_mul2" "mul2" 5 35, 6 1 0, S_000002c3106e2980;
 .timescale 0 0;
    .port_info 0 /INPUT 8 "a";
    .port_info 1 /OUTPUT 8 "result";
L_000002c310828468 .functor BUFT 1, C4<00011011>, C4<0>, C4<0>, C4<0>;
L_000002c3107996b0 .functor XOR 8, L_000002c3108216c0, L_000002c310828468, C4<00000000>, C4<00000000>;
v000002c310807260_0 .net *"_ivl_1", 0 0, L_000002c310821260;  1 drivers
v000002c310807bc0_0 .net *"_ivl_10", 7 0, L_000002c3107996b0;  1 drivers
v000002c310807c60_0 .net *"_ivl_12", 7 0, L_000002c310820b80;  1 drivers
v000002c3108078a0_0 .net *"_ivl_14", 6 0, L_000002c310822200;  1 drivers
L_000002c3108284b0 .functor BUFT 1, C4<0>, C4<0>, C4<0>, C4<0>;
v000002c310807760_0 .net *"_ivl_16", 0 0, L_000002c3108284b0;  1 drivers
v000002c3108073a0_0 .net *"_ivl_2", 7 0, L_000002c3108216c0;  1 drivers
v000002c310806e00_0 .net *"_ivl_4", 6 0, L_000002c310820720;  1 drivers
L_000002c310828420 .functor BUFT 1, C4<0>, C4<0>, C4<0>, C4<0>;
v000002c310807940_0 .net *"_ivl_6", 0 0, L_000002c310828420;  1 drivers
v000002c310806fe0_0 .net/2u *"_ivl_8", 7 0, L_000002c310828468;  1 drivers
v000002c3108065e0_0 .net "a", 7 0, L_000002c31081d820;  alias, 1 drivers
v000002c310806ea0_0 .net "result", 7 0, L_000002c310820c20;  alias, 1 drivers
L_000002c310821260 .part L_000002c31081d820, 7, 1;
L_000002c310820720 .part L_000002c31081d820, 0, 7;
L_000002c3108216c0 .concat [ 1 7 0 0], L_000002c310828420, L_000002c310820720;
L_000002c310822200 .part L_000002c31081d820, 0, 7;
L_000002c310820b80 .concat [ 1 7 0 0], L_000002c3108284b0, L_000002c310822200;
L_000002c310820c20 .functor MUXZ 8, L_000002c310820b80, L_000002c3107996b0, L_000002c310821260, C4<>;
S_000002c310809230 .scope module, "u1_mul3" "mul3" 5 53, 7 3 0, S_000002c3106e2980;
 .timescale 0 0;
    .port_info 0 /INPUT 8 "a";
    .port_info 1 /OUTPUT 8 "result";
L_000002c310799250 .functor XOR 8, L_000002c310822d40, L_000002c31081d820, C4<00000000>, C4<00000000>;
v000002c310806900_0 .net "a", 7 0, L_000002c31081d820;  alias, 1 drivers
v000002c3108069a0_0 .net "mul2_result", 7 0, L_000002c310822d40;  1 drivers
v000002c310806d60_0 .net "result", 7 0, L_000002c310799250;  alias, 1 drivers
S_000002c310808740 .scope module, "u_mul2" "mul2" 7 9, 6 1 0, S_000002c310809230;
 .timescale 0 0;
    .port_info 0 /INPUT 8 "a";
    .port_info 1 /OUTPUT 8 "result";
L_000002c3108291e8 .functor BUFT 1, C4<00011011>, C4<0>, C4<0>, C4<0>;
L_000002c310799170 .functor XOR 8, L_000002c310824c80, L_000002c3108291e8, C4<00000000>, C4<00000000>;
v000002c310806a40_0 .net *"_ivl_1", 0 0, L_000002c310824960;  1 drivers
v000002c310807b20_0 .net *"_ivl_10", 7 0, L_000002c310799170;  1 drivers
v000002c310806680_0 .net *"_ivl_12", 7 0, L_000002c310824fa0;  1 drivers
v000002c310806ae0_0 .net *"_ivl_14", 6 0, L_000002c310824a00;  1 drivers
L_000002c310829230 .functor BUFT 1, C4<0>, C4<0>, C4<0>, C4<0>;
v000002c310807800_0 .net *"_ivl_16", 0 0, L_000002c310829230;  1 drivers
v000002c310806720_0 .net *"_ivl_2", 7 0, L_000002c310824c80;  1 drivers
v000002c310806b80_0 .net *"_ivl_4", 6 0, L_000002c310824e60;  1 drivers
L_000002c3108291a0 .functor BUFT 1, C4<0>, C4<0>, C4<0>, C4<0>;
v000002c3108067c0_0 .net *"_ivl_6", 0 0, L_000002c3108291a0;  1 drivers
v000002c310807120_0 .net/2u *"_ivl_8", 7 0, L_000002c3108291e8;  1 drivers
v000002c3108079e0_0 .net "a", 7 0, L_000002c31081d820;  alias, 1 drivers
v000002c310806860_0 .net "result", 7 0, L_000002c310822d40;  alias, 1 drivers
L_000002c310824960 .part L_000002c31081d820, 7, 1;
L_000002c310824e60 .part L_000002c31081d820, 0, 7;
L_000002c310824c80 .concat [ 1 7 0 0], L_000002c3108291a0, L_000002c310824e60;
L_000002c310824a00 .part L_000002c31081d820, 0, 7;
L_000002c310824fa0 .concat [ 1 7 0 0], L_000002c310829230, L_000002c310824a00;
L_000002c310822d40 .functor MUXZ 8, L_000002c310824fa0, L_000002c310799170, L_000002c310824960, C4<>;
S_000002c310809870 .scope module, "u2_mul2" "mul2" 5 36, 6 1 0, S_000002c3106e2980;
 .timescale 0 0;
    .port_info 0 /INPUT 8 "a";
    .port_info 1 /OUTPUT 8 "result";
L_000002c310828540 .functor BUFT 1, C4<00011011>, C4<0>, C4<0>, C4<0>;
L_000002c3107991e0 .functor XOR 8, L_000002c310821760, L_000002c310828540, C4<00000000>, C4<00000000>;
v000002c310806c20_0 .net *"_ivl_1", 0 0, L_000002c310821440;  1 drivers
v000002c310806cc0_0 .net *"_ivl_10", 7 0, L_000002c3107991e0;  1 drivers
v000002c310806f40_0 .net *"_ivl_12", 7 0, L_000002c310820a40;  1 drivers
v000002c310807080_0 .net *"_ivl_14", 6 0, L_000002c310821d00;  1 drivers
L_000002c310828588 .functor BUFT 1, C4<0>, C4<0>, C4<0>, C4<0>;
v000002c3108071c0_0 .net *"_ivl_16", 0 0, L_000002c310828588;  1 drivers
v000002c310807440_0 .net *"_ivl_2", 7 0, L_000002c310821760;  1 drivers
v000002c3108074e0_0 .net *"_ivl_4", 6 0, L_000002c310821800;  1 drivers
L_000002c3108284f8 .functor BUFT 1, C4<0>, C4<0>, C4<0>, C4<0>;
v000002c310807580_0 .net *"_ivl_6", 0 0, L_000002c3108284f8;  1 drivers
v000002c31080f330_0 .net/2u *"_ivl_8", 7 0, L_000002c310828540;  1 drivers
v000002c31080fb50_0 .net "a", 7 0, L_000002c31081d8c0;  alias, 1 drivers
v000002c31080ecf0_0 .net "result", 7 0, L_000002c310821e40;  alias, 1 drivers
L_000002c310821440 .part L_000002c31081d8c0, 7, 1;
L_000002c310821800 .part L_000002c31081d8c0, 0, 7;
L_000002c310821760 .concat [ 1 7 0 0], L_000002c3108284f8, L_000002c310821800;
L_000002c310821d00 .part L_000002c31081d8c0, 0, 7;
L_000002c310820a40 .concat [ 1 7 0 0], L_000002c310828588, L_000002c310821d00;
L_000002c310821e40 .functor MUXZ 8, L_000002c310820a40, L_000002c3107991e0, L_000002c310821440, C4<>;
S_000002c3108093c0 .scope module, "u2_mul3" "mul3" 5 54, 7 3 0, S_000002c3106e2980;
 .timescale 0 0;
    .port_info 0 /INPUT 8 "a";
    .port_info 1 /OUTPUT 8 "result";
L_000002c3107992c0 .functor XOR 8, L_000002c310822e80, L_000002c31081d8c0, C4<00000000>, C4<00000000>;
v000002c31080e930_0 .net "a", 7 0, L_000002c31081d8c0;  alias, 1 drivers
v000002c31080ea70_0 .net "mul2_result", 7 0, L_000002c310822e80;  1 drivers
v000002c31080e610_0 .net "result", 7 0, L_000002c3107992c0;  alias, 1 drivers
S_000002c310809a00 .scope module, "u_mul2" "mul2" 7 9, 6 1 0, S_000002c3108093c0;
 .timescale 0 0;
    .port_info 0 /INPUT 8 "a";
    .port_info 1 /OUTPUT 8 "result";
L_000002c3108292c0 .functor BUFT 1, C4<00011011>, C4<0>, C4<0>, C4<0>;
L_000002c3107993a0 .functor XOR 8, L_000002c310822de0, L_000002c3108292c0, C4<00000000>, C4<00000000>;
v000002c31080f510_0 .net *"_ivl_1", 0 0, L_000002c310824aa0;  1 drivers
v000002c31080eb10_0 .net *"_ivl_10", 7 0, L_000002c3107993a0;  1 drivers
v000002c31080e890_0 .net *"_ivl_12", 7 0, L_000002c3108231a0;  1 drivers
v000002c31080f3d0_0 .net *"_ivl_14", 6 0, L_000002c310822980;  1 drivers
L_000002c310829308 .functor BUFT 1, C4<0>, C4<0>, C4<0>, C4<0>;
v000002c31080f5b0_0 .net *"_ivl_16", 0 0, L_000002c310829308;  1 drivers
v000002c31080f010_0 .net *"_ivl_2", 7 0, L_000002c310822de0;  1 drivers
v000002c31080e9d0_0 .net *"_ivl_4", 6 0, L_000002c3108250e0;  1 drivers
L_000002c310829278 .functor BUFT 1, C4<0>, C4<0>, C4<0>, C4<0>;
v000002c31080eed0_0 .net *"_ivl_6", 0 0, L_000002c310829278;  1 drivers
v000002c31080f150_0 .net/2u *"_ivl_8", 7 0, L_000002c3108292c0;  1 drivers
v000002c31080f290_0 .net "a", 7 0, L_000002c31081d8c0;  alias, 1 drivers
v000002c31080f790_0 .net "result", 7 0, L_000002c310822e80;  alias, 1 drivers
L_000002c310824aa0 .part L_000002c31081d8c0, 7, 1;
L_000002c3108250e0 .part L_000002c31081d8c0, 0, 7;
L_000002c310822de0 .concat [ 1 7 0 0], L_000002c310829278, L_000002c3108250e0;
L_000002c310822980 .part L_000002c31081d8c0, 0, 7;
L_000002c3108231a0 .concat [ 1 7 0 0], L_000002c310829308, L_000002c310822980;
L_000002c310822e80 .functor MUXZ 8, L_000002c3108231a0, L_000002c3107993a0, L_000002c310824aa0, C4<>;
S_000002c310809b90 .scope module, "u3_mul2" "mul2" 5 37, 6 1 0, S_000002c3106e2980;
 .timescale 0 0;
    .port_info 0 /INPUT 8 "a";
    .port_info 1 /OUTPUT 8 "result";
L_000002c310828618 .functor BUFT 1, C4<00011011>, C4<0>, C4<0>, C4<0>;
L_000002c3107987d0 .functor XOR 8, L_000002c310821b20, L_000002c310828618, C4<00000000>, C4<00000000>;
v000002c31080f0b0_0 .net *"_ivl_1", 0 0, L_000002c3108218a0;  1 drivers
v000002c31080e6b0_0 .net *"_ivl_10", 7 0, L_000002c3107987d0;  1 drivers
v000002c31080ebb0_0 .net *"_ivl_12", 7 0, L_000002c310820860;  1 drivers
v000002c31080e7f0_0 .net *"_ivl_14", 6 0, L_000002c3108223e0;  1 drivers
L_000002c310828660 .functor BUFT 1, C4<0>, C4<0>, C4<0>, C4<0>;
v000002c31080ec50_0 .net *"_ivl_16", 0 0, L_000002c310828660;  1 drivers
v000002c31080f1f0_0 .net *"_ivl_2", 7 0, L_000002c310821b20;  1 drivers
v000002c31080fab0_0 .net *"_ivl_4", 6 0, L_000002c310822340;  1 drivers
L_000002c3108285d0 .functor BUFT 1, C4<0>, C4<0>, C4<0>, C4<0>;
v000002c31080f470_0 .net *"_ivl_6", 0 0, L_000002c3108285d0;  1 drivers
v000002c31080f650_0 .net/2u *"_ivl_8", 7 0, L_000002c310828618;  1 drivers
v000002c31080f970_0 .net "a", 7 0, L_000002c31081db40;  alias, 1 drivers
v000002c31080ed90_0 .net "result", 7 0, L_000002c310820ae0;  alias, 1 drivers
L_000002c3108218a0 .part L_000002c31081db40, 7, 1;
L_000002c310822340 .part L_000002c31081db40, 0, 7;
L_000002c310821b20 .concat [ 1 7 0 0], L_000002c3108285d0, L_000002c310822340;
L_000002c3108223e0 .part L_000002c31081db40, 0, 7;
L_000002c310820860 .concat [ 1 7 0 0], L_000002c310828660, L_000002c3108223e0;
L_000002c310820ae0 .functor MUXZ 8, L_000002c310820860, L_000002c3107987d0, L_000002c3108218a0, C4<>;
S_000002c310809550 .scope module, "u3_mul3" "mul3" 5 55, 7 3 0, S_000002c3106e2980;
 .timescale 0 0;
    .port_info 0 /INPUT 8 "a";
    .port_info 1 /OUTPUT 8 "result";
L_000002c31078bbc0 .functor XOR 8, L_000002c310825d60, L_000002c31081db40, C4<00000000>, C4<00000000>;
v000002c31080e070_0 .net "a", 7 0, L_000002c31081db40;  alias, 1 drivers
v000002c31080dc10_0 .net "mul2_result", 7 0, L_000002c310825d60;  1 drivers
v000002c31080be10_0 .net "result", 7 0, L_000002c31078bbc0;  alias, 1 drivers
S_000002c310808290 .scope module, "u_mul2" "mul2" 7 9, 6 1 0, S_000002c310809550;
 .timescale 0 0;
    .port_info 0 /INPUT 8 "a";
    .port_info 1 /OUTPUT 8 "result";
L_000002c310829398 .functor BUFT 1, C4<00011011>, C4<0>, C4<0>, C4<0>;
L_000002c310799330 .functor XOR 8, L_000002c310823880, L_000002c310829398, C4<00000000>, C4<00000000>;
v000002c31080f6f0_0 .net *"_ivl_1", 0 0, L_000002c3108237e0;  1 drivers
v000002c31080e750_0 .net *"_ivl_10", 7 0, L_000002c310799330;  1 drivers
v000002c31080ef70_0 .net *"_ivl_12", 7 0, L_000002c310826760;  1 drivers
v000002c31080ee30_0 .net *"_ivl_14", 6 0, L_000002c310825e00;  1 drivers
L_000002c3108293e0 .functor BUFT 1, C4<0>, C4<0>, C4<0>, C4<0>;
v000002c31080f830_0 .net *"_ivl_16", 0 0, L_000002c3108293e0;  1 drivers
v000002c31080f8d0_0 .net *"_ivl_2", 7 0, L_000002c310823880;  1 drivers
v000002c31080fa10_0 .net *"_ivl_4", 6 0, L_000002c310822fc0;  1 drivers
L_000002c310829350 .functor BUFT 1, C4<0>, C4<0>, C4<0>, C4<0>;
v000002c31080fbf0_0 .net *"_ivl_6", 0 0, L_000002c310829350;  1 drivers
v000002c31080fc90_0 .net/2u *"_ivl_8", 7 0, L_000002c310829398;  1 drivers
v000002c31080db70_0 .net "a", 7 0, L_000002c31081db40;  alias, 1 drivers
v000002c31080c3b0_0 .net "result", 7 0, L_000002c310825d60;  alias, 1 drivers
L_000002c3108237e0 .part L_000002c31081db40, 7, 1;
L_000002c310822fc0 .part L_000002c31081db40, 0, 7;
L_000002c310823880 .concat [ 1 7 0 0], L_000002c310829350, L_000002c310822fc0;
L_000002c310825e00 .part L_000002c31081db40, 0, 7;
L_000002c310826760 .concat [ 1 7 0 0], L_000002c3108293e0, L_000002c310825e00;
L_000002c310825d60 .functor MUXZ 8, L_000002c310826760, L_000002c310799330, L_000002c3108237e0, C4<>;
S_000002c310808a60 .scope module, "u4_mul2" "mul2" 5 38, 6 1 0, S_000002c3106e2980;
 .timescale 0 0;
    .port_info 0 /INPUT 8 "a";
    .port_info 1 /OUTPUT 8 "result";
L_000002c3108286f0 .functor BUFT 1, C4<00011011>, C4<0>, C4<0>, C4<0>;
L_000002c310798990 .functor XOR 8, L_000002c310820180, L_000002c3108286f0, C4<00000000>, C4<00000000>;
v000002c31080c770_0 .net *"_ivl_1", 0 0, L_000002c310821ee0;  1 drivers
v000002c31080e1b0_0 .net *"_ivl_10", 7 0, L_000002c310798990;  1 drivers
v000002c31080e390_0 .net *"_ivl_12", 7 0, L_000002c310820f40;  1 drivers
v000002c31080d990_0 .net *"_ivl_14", 6 0, L_000002c3108220c0;  1 drivers
L_000002c310828738 .functor BUFT 1, C4<0>, C4<0>, C4<0>, C4<0>;
v000002c31080dcb0_0 .net *"_ivl_16", 0 0, L_000002c310828738;  1 drivers
v000002c31080cd10_0 .net *"_ivl_2", 7 0, L_000002c310820180;  1 drivers
v000002c31080cf90_0 .net *"_ivl_4", 6 0, L_000002c3108214e0;  1 drivers
L_000002c3108286a8 .functor BUFT 1, C4<0>, C4<0>, C4<0>, C4<0>;
v000002c31080d5d0_0 .net *"_ivl_6", 0 0, L_000002c3108286a8;  1 drivers
v000002c31080da30_0 .net/2u *"_ivl_8", 7 0, L_000002c3108286f0;  1 drivers
v000002c31080dd50_0 .net "a", 7 0, L_000002c31081dbe0;  alias, 1 drivers
v000002c31080ce50_0 .net "result", 7 0, L_000002c310822520;  alias, 1 drivers
L_000002c310821ee0 .part L_000002c31081dbe0, 7, 1;
L_000002c3108214e0 .part L_000002c31081dbe0, 0, 7;
L_000002c310820180 .concat [ 1 7 0 0], L_000002c3108286a8, L_000002c3108214e0;
L_000002c3108220c0 .part L_000002c31081dbe0, 0, 7;
L_000002c310820f40 .concat [ 1 7 0 0], L_000002c310828738, L_000002c3108220c0;
L_000002c310822520 .functor MUXZ 8, L_000002c310820f40, L_000002c310798990, L_000002c310821ee0, C4<>;
S_000002c310808d80 .scope module, "u4_mul3" "mul3" 5 56, 7 3 0, S_000002c3106e2980;
 .timescale 0 0;
    .port_info 0 /INPUT 8 "a";
    .port_info 1 /OUTPUT 8 "result";
L_000002c3106d3160 .functor XOR 8, L_000002c310825f40, L_000002c31081dbe0, C4<00000000>, C4<00000000>;
v000002c31080dfd0_0 .net "a", 7 0, L_000002c31081dbe0;  alias, 1 drivers
v000002c31080cb30_0 .net "mul2_result", 7 0, L_000002c310825f40;  1 drivers
v000002c31080d7b0_0 .net "result", 7 0, L_000002c3106d3160;  alias, 1 drivers
S_000002c310807de0 .scope module, "u_mul2" "mul2" 7 9, 6 1 0, S_000002c310808d80;
 .timescale 0 0;
    .port_info 0 /INPUT 8 "a";
    .port_info 1 /OUTPUT 8 "result";
L_000002c310829470 .functor BUFT 1, C4<00011011>, C4<0>, C4<0>, C4<0>;
L_000002c31078bca0 .functor XOR 8, L_000002c310825ea0, L_000002c310829470, C4<00000000>, C4<00000000>;
v000002c31080c810_0 .net *"_ivl_1", 0 0, L_000002c310826620;  1 drivers
v000002c31080d2b0_0 .net *"_ivl_10", 7 0, L_000002c31078bca0;  1 drivers
v000002c31080ca90_0 .net *"_ivl_12", 7 0, L_000002c310825c20;  1 drivers
v000002c31080d3f0_0 .net *"_ivl_14", 6 0, L_000002c310826b20;  1 drivers
L_000002c3108294b8 .functor BUFT 1, C4<0>, C4<0>, C4<0>, C4<0>;
v000002c31080c270_0 .net *"_ivl_16", 0 0, L_000002c3108294b8;  1 drivers
v000002c31080cc70_0 .net *"_ivl_2", 7 0, L_000002c310825ea0;  1 drivers
v000002c31080cef0_0 .net *"_ivl_4", 6 0, L_000002c310825a40;  1 drivers
L_000002c310829428 .functor BUFT 1, C4<0>, C4<0>, C4<0>, C4<0>;
v000002c31080c310_0 .net *"_ivl_6", 0 0, L_000002c310829428;  1 drivers
v000002c31080dad0_0 .net/2u *"_ivl_8", 7 0, L_000002c310829470;  1 drivers
v000002c31080c6d0_0 .net "a", 7 0, L_000002c31081dbe0;  alias, 1 drivers
v000002c31080c450_0 .net "result", 7 0, L_000002c310825f40;  alias, 1 drivers
L_000002c310826620 .part L_000002c31081dbe0, 7, 1;
L_000002c310825a40 .part L_000002c31081dbe0, 0, 7;
L_000002c310825ea0 .concat [ 1 7 0 0], L_000002c310829428, L_000002c310825a40;
L_000002c310826b20 .part L_000002c31081dbe0, 0, 7;
L_000002c310825c20 .concat [ 1 7 0 0], L_000002c3108294b8, L_000002c310826b20;
L_000002c310825f40 .functor MUXZ 8, L_000002c310825c20, L_000002c31078bca0, L_000002c310826620, C4<>;
S_000002c310807f70 .scope module, "u5_mul2" "mul2" 5 39, 6 1 0, S_000002c3106e2980;
 .timescale 0 0;
    .port_info 0 /INPUT 8 "a";
    .port_info 1 /OUTPUT 8 "result";
L_000002c3108287c8 .functor BUFT 1, C4<00011011>, C4<0>, C4<0>, C4<0>;
L_000002c310798ae0 .functor XOR 8, L_000002c310822160, L_000002c3108287c8, C4<00000000>, C4<00000000>;
v000002c31080d030_0 .net *"_ivl_1", 0 0, L_000002c3108225c0;  1 drivers
v000002c31080c4f0_0 .net *"_ivl_10", 7 0, L_000002c310798ae0;  1 drivers
v000002c31080e430_0 .net *"_ivl_12", 7 0, L_000002c310820400;  1 drivers
v000002c31080ddf0_0 .net *"_ivl_14", 6 0, L_000002c310822840;  1 drivers
L_000002c310828810 .functor BUFT 1, C4<0>, C4<0>, C4<0>, C4<0>;
v000002c31080c630_0 .net *"_ivl_16", 0 0, L_000002c310828810;  1 drivers
v000002c31080e110_0 .net *"_ivl_2", 7 0, L_000002c310822160;  1 drivers
v000002c31080c590_0 .net *"_ivl_4", 6 0, L_000002c310820360;  1 drivers
L_000002c310828780 .functor BUFT 1, C4<0>, C4<0>, C4<0>, C4<0>;
v000002c31080c8b0_0 .net *"_ivl_6", 0 0, L_000002c310828780;  1 drivers
v000002c31080beb0_0 .net/2u *"_ivl_8", 7 0, L_000002c3108287c8;  1 drivers
v000002c31080c950_0 .net "a", 7 0, L_000002c3108213a0;  alias, 1 drivers
v000002c31080d670_0 .net "result", 7 0, L_000002c310821bc0;  alias, 1 drivers
L_000002c3108225c0 .part L_000002c3108213a0, 7, 1;
L_000002c310820360 .part L_000002c3108213a0, 0, 7;
L_000002c310822160 .concat [ 1 7 0 0], L_000002c310828780, L_000002c310820360;
L_000002c310822840 .part L_000002c3108213a0, 0, 7;
L_000002c310820400 .concat [ 1 7 0 0], L_000002c310828810, L_000002c310822840;
L_000002c310821bc0 .functor MUXZ 8, L_000002c310820400, L_000002c310798ae0, L_000002c3108225c0, C4<>;
S_000002c310808100 .scope module, "u5_mul3" "mul3" 5 57, 7 3 0, S_000002c3106e2980;
 .timescale 0 0;
    .port_info 0 /INPUT 8 "a";
    .port_info 1 /OUTPUT 8 "result";
L_000002c310875cb0 .functor XOR 8, L_000002c3108263a0, L_000002c3108213a0, C4<00000000>, C4<00000000>;
v000002c31080e250_0 .net "a", 7 0, L_000002c3108213a0;  alias, 1 drivers
v000002c31080cdb0_0 .net "mul2_result", 7 0, L_000002c3108263a0;  1 drivers
v000002c31080d170_0 .net "result", 7 0, L_000002c310875cb0;  alias, 1 drivers
S_000002c3108096e0 .scope module, "u_mul2" "mul2" 7 9, 6 1 0, S_000002c310808100;
 .timescale 0 0;
    .port_info 0 /INPUT 8 "a";
    .port_info 1 /OUTPUT 8 "result";
L_000002c310829548 .functor BUFT 1, C4<00011011>, C4<0>, C4<0>, C4<0>;
L_000002c310708fa0 .functor XOR 8, L_000002c310826080, L_000002c310829548, C4<00000000>, C4<00000000>;
v000002c31080e4d0_0 .net *"_ivl_1", 0 0, L_000002c3108252c0;  1 drivers
v000002c31080e570_0 .net *"_ivl_10", 7 0, L_000002c310708fa0;  1 drivers
v000002c31080de90_0 .net *"_ivl_12", 7 0, L_000002c310827520;  1 drivers
v000002c31080c9f0_0 .net *"_ivl_14", 6 0, L_000002c310826120;  1 drivers
L_000002c310829590 .functor BUFT 1, C4<0>, C4<0>, C4<0>, C4<0>;
v000002c31080d710_0 .net *"_ivl_16", 0 0, L_000002c310829590;  1 drivers
v000002c31080bf50_0 .net *"_ivl_2", 7 0, L_000002c310826080;  1 drivers
v000002c31080d0d0_0 .net *"_ivl_4", 6 0, L_000002c310825ae0;  1 drivers
L_000002c310829500 .functor BUFT 1, C4<0>, C4<0>, C4<0>, C4<0>;
v000002c31080d490_0 .net *"_ivl_6", 0 0, L_000002c310829500;  1 drivers
v000002c31080bff0_0 .net/2u *"_ivl_8", 7 0, L_000002c310829548;  1 drivers
v000002c31080cbd0_0 .net "a", 7 0, L_000002c3108213a0;  alias, 1 drivers
v000002c31080df30_0 .net "result", 7 0, L_000002c3108263a0;  alias, 1 drivers
L_000002c3108252c0 .part L_000002c3108213a0, 7, 1;
L_000002c310825ae0 .part L_000002c3108213a0, 0, 7;
L_000002c310826080 .concat [ 1 7 0 0], L_000002c310829500, L_000002c310825ae0;
L_000002c310826120 .part L_000002c3108213a0, 0, 7;
L_000002c310827520 .concat [ 1 7 0 0], L_000002c310829590, L_000002c310826120;
L_000002c3108263a0 .functor MUXZ 8, L_000002c310827520, L_000002c310708fa0, L_000002c3108252c0, C4<>;
S_000002c310808420 .scope module, "u6_mul2" "mul2" 5 40, 6 1 0, S_000002c3106e2980;
 .timescale 0 0;
    .port_info 0 /INPUT 8 "a";
    .port_info 1 /OUTPUT 8 "result";
L_000002c3108288a0 .functor BUFT 1, C4<00011011>, C4<0>, C4<0>, C4<0>;
L_000002c310799410 .functor XOR 8, L_000002c3108207c0, L_000002c3108288a0, C4<00000000>, C4<00000000>;
v000002c31080d210_0 .net *"_ivl_1", 0 0, L_000002c310821940;  1 drivers
v000002c31080d350_0 .net *"_ivl_10", 7 0, L_000002c310799410;  1 drivers
v000002c31080d530_0 .net *"_ivl_12", 7 0, L_000002c310822660;  1 drivers
v000002c31080e2f0_0 .net *"_ivl_14", 6 0, L_000002c310822480;  1 drivers
L_000002c3108288e8 .functor BUFT 1, C4<0>, C4<0>, C4<0>, C4<0>;
v000002c31080c090_0 .net *"_ivl_16", 0 0, L_000002c3108288e8;  1 drivers
v000002c31080c130_0 .net *"_ivl_2", 7 0, L_000002c3108207c0;  1 drivers
v000002c31080c1d0_0 .net *"_ivl_4", 6 0, L_000002c310820cc0;  1 drivers
L_000002c310828858 .functor BUFT 1, C4<0>, C4<0>, C4<0>, C4<0>;
v000002c31080d850_0 .net *"_ivl_6", 0 0, L_000002c310828858;  1 drivers
v000002c31080d8f0_0 .net/2u *"_ivl_8", 7 0, L_000002c3108288a0;  1 drivers
v000002c310810c80_0 .net "a", 7 0, L_000002c310820900;  alias, 1 drivers
v000002c310812440_0 .net "result", 7 0, L_000002c310822700;  alias, 1 drivers
L_000002c310821940 .part L_000002c310820900, 7, 1;
L_000002c310820cc0 .part L_000002c310820900, 0, 7;
L_000002c3108207c0 .concat [ 1 7 0 0], L_000002c310828858, L_000002c310820cc0;
L_000002c310822480 .part L_000002c310820900, 0, 7;
L_000002c310822660 .concat [ 1 7 0 0], L_000002c3108288e8, L_000002c310822480;
L_000002c310822700 .functor MUXZ 8, L_000002c310822660, L_000002c310799410, L_000002c310821940, C4<>;
S_000002c310808bf0 .scope module, "u6_mul3" "mul3" 5 58, 7 3 0, S_000002c3106e2980;
 .timescale 0 0;
    .port_info 0 /INPUT 8 "a";
    .port_info 1 /OUTPUT 8 "result";
L_000002c310875000 .functor XOR 8, L_000002c310825860, L_000002c310820900, C4<00000000>, C4<00000000>;
v000002c3108112c0_0 .net "a", 7 0, L_000002c310820900;  alias, 1 drivers
v000002c310810aa0_0 .net "mul2_result", 7 0, L_000002c310825860;  1 drivers
v000002c3108114a0_0 .net "result", 7 0, L_000002c310875000;  alias, 1 drivers
S_000002c3108085b0 .scope module, "u_mul2" "mul2" 7 9, 6 1 0, S_000002c310808bf0;
 .timescale 0 0;
    .port_info 0 /INPUT 8 "a";
    .port_info 1 /OUTPUT 8 "result";
L_000002c310829620 .functor BUFT 1, C4<00011011>, C4<0>, C4<0>, C4<0>;
L_000002c3108755b0 .functor XOR 8, L_000002c3108255e0, L_000002c310829620, C4<00000000>, C4<00000000>;
v000002c3108124e0_0 .net *"_ivl_1", 0 0, L_000002c310825180;  1 drivers
v000002c310812080_0 .net *"_ivl_10", 7 0, L_000002c3108755b0;  1 drivers
v000002c310811c20_0 .net *"_ivl_12", 7 0, L_000002c310826c60;  1 drivers
v000002c31080fe20_0 .net *"_ivl_14", 6 0, L_000002c310826800;  1 drivers
L_000002c310829668 .functor BUFT 1, C4<0>, C4<0>, C4<0>, C4<0>;
v000002c310810d20_0 .net *"_ivl_16", 0 0, L_000002c310829668;  1 drivers
v000002c310810e60_0 .net *"_ivl_2", 7 0, L_000002c3108255e0;  1 drivers
v000002c310811fe0_0 .net *"_ivl_4", 6 0, L_000002c310825680;  1 drivers
L_000002c3108295d8 .functor BUFT 1, C4<0>, C4<0>, C4<0>, C4<0>;
v000002c310811cc0_0 .net *"_ivl_6", 0 0, L_000002c3108295d8;  1 drivers
v000002c310811b80_0 .net/2u *"_ivl_8", 7 0, L_000002c310829620;  1 drivers
v000002c310811400_0 .net "a", 7 0, L_000002c310820900;  alias, 1 drivers
v000002c3108119a0_0 .net "result", 7 0, L_000002c310825860;  alias, 1 drivers
L_000002c310825180 .part L_000002c310820900, 7, 1;
L_000002c310825680 .part L_000002c310820900, 0, 7;
L_000002c3108255e0 .concat [ 1 7 0 0], L_000002c3108295d8, L_000002c310825680;
L_000002c310826800 .part L_000002c310820900, 0, 7;
L_000002c310826c60 .concat [ 1 7 0 0], L_000002c310829668, L_000002c310826800;
L_000002c310825860 .functor MUXZ 8, L_000002c310826c60, L_000002c3108755b0, L_000002c310825180, C4<>;
S_000002c3108088d0 .scope module, "u7_mul2" "mul2" 5 41, 6 1 0, S_000002c3106e2980;
 .timescale 0 0;
    .port_info 0 /INPUT 8 "a";
    .port_info 1 /OUTPUT 8 "result";
L_000002c310828978 .functor BUFT 1, C4<00011011>, C4<0>, C4<0>, C4<0>;
L_000002c310798b50 .functor XOR 8, L_000002c3108228e0, L_000002c310828978, C4<00000000>, C4<00000000>;
v000002c310810f00_0 .net *"_ivl_1", 0 0, L_000002c3108227a0;  1 drivers
v000002c31080fec0_0 .net *"_ivl_10", 7 0, L_000002c310798b50;  1 drivers
v000002c310811d60_0 .net *"_ivl_12", 7 0, L_000002c310820220;  1 drivers
v000002c3108103c0_0 .net *"_ivl_14", 6 0, L_000002c3108219e0;  1 drivers
L_000002c3108289c0 .functor BUFT 1, C4<0>, C4<0>, C4<0>, C4<0>;
v000002c310810820_0 .net *"_ivl_16", 0 0, L_000002c3108289c0;  1 drivers
v000002c310811540_0 .net *"_ivl_2", 7 0, L_000002c3108228e0;  1 drivers
v000002c310810b40_0 .net *"_ivl_4", 6 0, L_000002c310820fe0;  1 drivers
L_000002c310828930 .functor BUFT 1, C4<0>, C4<0>, C4<0>, C4<0>;
v000002c3108100a0_0 .net *"_ivl_6", 0 0, L_000002c310828930;  1 drivers
v000002c310810140_0 .net/2u *"_ivl_8", 7 0, L_000002c310828978;  1 drivers
v000002c310810a00_0 .net "a", 7 0, L_000002c310821300;  alias, 1 drivers
v000002c3108105a0_0 .net "result", 7 0, L_000002c310820540;  alias, 1 drivers
L_000002c3108227a0 .part L_000002c310821300, 7, 1;
L_000002c310820fe0 .part L_000002c310821300, 0, 7;
L_000002c3108228e0 .concat [ 1 7 0 0], L_000002c310828930, L_000002c310820fe0;
L_000002c3108219e0 .part L_000002c310821300, 0, 7;
L_000002c310820220 .concat [ 1 7 0 0], L_000002c3108289c0, L_000002c3108219e0;
L_000002c310820540 .functor MUXZ 8, L_000002c310820220, L_000002c310798b50, L_000002c3108227a0, C4<>;
S_000002c310808f10 .scope module, "u7_mul3" "mul3" 5 59, 7 3 0, S_000002c3106e2980;
 .timescale 0 0;
    .port_info 0 /INPUT 8 "a";
    .port_info 1 /OUTPUT 8 "result";
L_000002c310875af0 .functor XOR 8, L_000002c310826a80, L_000002c310821300, C4<00000000>, C4<00000000>;
v000002c310812580_0 .net "a", 7 0, L_000002c310821300;  alias, 1 drivers
v000002c310811f40_0 .net "mul2_result", 7 0, L_000002c310826a80;  1 drivers
v000002c310810500_0 .net "result", 7 0, L_000002c310875af0;  alias, 1 drivers
S_000002c3108090a0 .scope module, "u_mul2" "mul2" 7 9, 6 1 0, S_000002c310808f10;
 .timescale 0 0;
    .port_info 0 /INPUT 8 "a";
    .port_info 1 /OUTPUT 8 "result";
L_000002c3108296f8 .functor BUFT 1, C4<00011011>, C4<0>, C4<0>, C4<0>;
L_000002c310876880 .functor XOR 8, L_000002c310825360, L_000002c3108296f8, C4<00000000>, C4<00000000>;
v000002c3108106e0_0 .net *"_ivl_1", 0 0, L_000002c310826440;  1 drivers
v000002c310810dc0_0 .net *"_ivl_10", 7 0, L_000002c310876880;  1 drivers
v000002c310811e00_0 .net *"_ivl_12", 7 0, L_000002c310825fe0;  1 drivers
v000002c310810640_0 .net *"_ivl_14", 6 0, L_000002c310826260;  1 drivers
L_000002c310829740 .functor BUFT 1, C4<0>, C4<0>, C4<0>, C4<0>;
v000002c31080ff60_0 .net *"_ivl_16", 0 0, L_000002c310829740;  1 drivers
v000002c310810780_0 .net *"_ivl_2", 7 0, L_000002c310825360;  1 drivers
v000002c3108115e0_0 .net *"_ivl_4", 6 0, L_000002c310827340;  1 drivers
L_000002c3108296b0 .functor BUFT 1, C4<0>, C4<0>, C4<0>, C4<0>;
v000002c310811220_0 .net *"_ivl_6", 0 0, L_000002c3108296b0;  1 drivers
v000002c310811ea0_0 .net/2u *"_ivl_8", 7 0, L_000002c3108296f8;  1 drivers
v000002c3108117c0_0 .net "a", 7 0, L_000002c310821300;  alias, 1 drivers
v000002c310810fa0_0 .net "result", 7 0, L_000002c310826a80;  alias, 1 drivers
L_000002c310826440 .part L_000002c310821300, 7, 1;
L_000002c310827340 .part L_000002c310821300, 0, 7;
L_000002c310825360 .concat [ 1 7 0 0], L_000002c3108296b0, L_000002c310827340;
L_000002c310826260 .part L_000002c310821300, 0, 7;
L_000002c310825fe0 .concat [ 1 7 0 0], L_000002c310829740, L_000002c310826260;
L_000002c310826a80 .functor MUXZ 8, L_000002c310825fe0, L_000002c310876880, L_000002c310826440, C4<>;
S_000002c310814aa0 .scope module, "u8_mul2" "mul2" 5 42, 6 1 0, S_000002c3106e2980;
 .timescale 0 0;
    .port_info 0 /INPUT 8 "a";
    .port_info 1 /OUTPUT 8 "result";
L_000002c310828a50 .functor BUFT 1, C4<00011011>, C4<0>, C4<0>, C4<0>;
L_000002c310798bc0 .functor XOR 8, L_000002c310820d60, L_000002c310828a50, C4<00000000>, C4<00000000>;
v000002c310811040_0 .net *"_ivl_1", 0 0, L_000002c3108211c0;  1 drivers
v000002c310810000_0 .net *"_ivl_10", 7 0, L_000002c310798bc0;  1 drivers
v000002c3108108c0_0 .net *"_ivl_12", 7 0, L_000002c310820ea0;  1 drivers
v000002c3108101e0_0 .net *"_ivl_14", 6 0, L_000002c310820e00;  1 drivers
L_000002c310828a98 .functor BUFT 1, C4<0>, C4<0>, C4<0>, C4<0>;
v000002c310810280_0 .net *"_ivl_16", 0 0, L_000002c310828a98;  1 drivers
v000002c3108110e0_0 .net *"_ivl_2", 7 0, L_000002c310820d60;  1 drivers
v000002c310812120_0 .net *"_ivl_4", 6 0, L_000002c310821120;  1 drivers
L_000002c310828a08 .functor BUFT 1, C4<0>, C4<0>, C4<0>, C4<0>;
v000002c310811180_0 .net *"_ivl_6", 0 0, L_000002c310828a08;  1 drivers
v000002c310811360_0 .net/2u *"_ivl_8", 7 0, L_000002c310828a50;  1 drivers
v000002c3108121c0_0 .net "a", 7 0, L_000002c3108222a0;  alias, 1 drivers
v000002c310810460_0 .net "result", 7 0, L_000002c310823420;  alias, 1 drivers
L_000002c3108211c0 .part L_000002c3108222a0, 7, 1;
L_000002c310821120 .part L_000002c3108222a0, 0, 7;
L_000002c310820d60 .concat [ 1 7 0 0], L_000002c310828a08, L_000002c310821120;
L_000002c310820e00 .part L_000002c3108222a0, 0, 7;
L_000002c310820ea0 .concat [ 1 7 0 0], L_000002c310828a98, L_000002c310820e00;
L_000002c310823420 .functor MUXZ 8, L_000002c310820ea0, L_000002c310798bc0, L_000002c3108211c0, C4<>;
S_000002c310815270 .scope module, "u8_mul3" "mul3" 5 60, 7 3 0, S_000002c3106e2980;
 .timescale 0 0;
    .port_info 0 /INPUT 8 "a";
    .port_info 1 /OUTPUT 8 "result";
L_000002c3108763b0 .functor XOR 8, L_000002c310825900, L_000002c3108222a0, C4<00000000>, C4<00000000>;
v000002c310811ae0_0 .net "a", 7 0, L_000002c3108222a0;  alias, 1 drivers
v000002c3108137a0_0 .net "mul2_result", 7 0, L_000002c310825900;  1 drivers
v000002c310812620_0 .net "result", 7 0, L_000002c3108763b0;  alias, 1 drivers
S_000002c3108142d0 .scope module, "u_mul2" "mul2" 7 9, 6 1 0, S_000002c310815270;
 .timescale 0 0;
    .port_info 0 /INPUT 8 "a";
    .port_info 1 /OUTPUT 8 "result";
L_000002c3108297d0 .functor BUFT 1, C4<00011011>, C4<0>, C4<0>, C4<0>;
L_000002c310875ee0 .functor XOR 8, L_000002c310825720, L_000002c3108297d0, C4<00000000>, C4<00000000>;
v000002c310811720_0 .net *"_ivl_1", 0 0, L_000002c3108261c0;  1 drivers
v000002c310810320_0 .net *"_ivl_10", 7 0, L_000002c310875ee0;  1 drivers
v000002c310810960_0 .net *"_ivl_12", 7 0, L_000002c3108268a0;  1 drivers
v000002c310812260_0 .net *"_ivl_14", 6 0, L_000002c310825400;  1 drivers
L_000002c310829818 .functor BUFT 1, C4<0>, C4<0>, C4<0>, C4<0>;
v000002c310811680_0 .net *"_ivl_16", 0 0, L_000002c310829818;  1 drivers
v000002c310811860_0 .net *"_ivl_2", 7 0, L_000002c310825720;  1 drivers
v000002c310810be0_0 .net *"_ivl_4", 6 0, L_000002c310826ee0;  1 drivers
L_000002c310829788 .functor BUFT 1, C4<0>, C4<0>, C4<0>, C4<0>;
v000002c310812300_0 .net *"_ivl_6", 0 0, L_000002c310829788;  1 drivers
v000002c310811900_0 .net/2u *"_ivl_8", 7 0, L_000002c3108297d0;  1 drivers
v000002c3108123a0_0 .net "a", 7 0, L_000002c3108222a0;  alias, 1 drivers
v000002c310811a40_0 .net "result", 7 0, L_000002c310825900;  alias, 1 drivers
L_000002c3108261c0 .part L_000002c3108222a0, 7, 1;
L_000002c310826ee0 .part L_000002c3108222a0, 0, 7;
L_000002c310825720 .concat [ 1 7 0 0], L_000002c310829788, L_000002c310826ee0;
L_000002c310825400 .part L_000002c3108222a0, 0, 7;
L_000002c3108268a0 .concat [ 1 7 0 0], L_000002c310829818, L_000002c310825400;
L_000002c310825900 .functor MUXZ 8, L_000002c3108268a0, L_000002c310875ee0, L_000002c3108261c0, C4<>;
S_000002c310814c30 .scope module, "u9_mul2" "mul2" 5 43, 6 1 0, S_000002c3106e2980;
 .timescale 0 0;
    .port_info 0 /INPUT 8 "a";
    .port_info 1 /OUTPUT 8 "result";
L_000002c310828b28 .functor BUFT 1, C4<00011011>, C4<0>, C4<0>, C4<0>;
L_000002c310798ca0 .functor XOR 8, L_000002c310823f60, L_000002c310828b28, C4<00000000>, C4<00000000>;
v000002c310812c60_0 .net *"_ivl_1", 0 0, L_000002c310823b00;  1 drivers
v000002c310813b60_0 .net *"_ivl_10", 7 0, L_000002c310798ca0;  1 drivers
v000002c310813c00_0 .net *"_ivl_12", 7 0, L_000002c310823060;  1 drivers
v000002c3108133e0_0 .net *"_ivl_14", 6 0, L_000002c310824460;  1 drivers
L_000002c310828b70 .functor BUFT 1, C4<0>, C4<0>, C4<0>, C4<0>;
v000002c3108135c0_0 .net *"_ivl_16", 0 0, L_000002c310828b70;  1 drivers
v000002c3108130c0_0 .net *"_ivl_2", 7 0, L_000002c310823f60;  1 drivers
v000002c310812a80_0 .net *"_ivl_4", 6 0, L_000002c310824000;  1 drivers
L_000002c310828ae0 .functor BUFT 1, C4<0>, C4<0>, C4<0>, C4<0>;
v000002c310812f80_0 .net *"_ivl_6", 0 0, L_000002c310828ae0;  1 drivers
v000002c310813200_0 .net/2u *"_ivl_8", 7 0, L_000002c310828b28;  1 drivers
v000002c310813340_0 .net "a", 7 0, L_000002c3108204a0;  alias, 1 drivers
v000002c310813840_0 .net "result", 7 0, L_000002c310823920;  alias, 1 drivers
L_000002c310823b00 .part L_000002c3108204a0, 7, 1;
L_000002c310824000 .part L_000002c3108204a0, 0, 7;
L_000002c310823f60 .concat [ 1 7 0 0], L_000002c310828ae0, L_000002c310824000;
L_000002c310824460 .part L_000002c3108204a0, 0, 7;
L_000002c310823060 .concat [ 1 7 0 0], L_000002c310828b70, L_000002c310824460;
L_000002c310823920 .functor MUXZ 8, L_000002c310823060, L_000002c310798ca0, L_000002c310823b00, C4<>;
S_000002c310814140 .scope module, "u9_mul3" "mul3" 5 61, 7 3 0, S_000002c3106e2980;
 .timescale 0 0;
    .port_info 0 /INPUT 8 "a";
    .port_info 1 /OUTPUT 8 "result";
L_000002c3108761f0 .functor XOR 8, L_000002c310826580, L_000002c3108204a0, C4<00000000>, C4<00000000>;
v000002c3108126c0_0 .net "a", 7 0, L_000002c3108204a0;  alias, 1 drivers
v000002c310812d00_0 .net "mul2_result", 7 0, L_000002c310826580;  1 drivers
v000002c310812940_0 .net "result", 7 0, L_000002c3108761f0;  alias, 1 drivers
S_000002c310814460 .scope module, "u_mul2" "mul2" 7 9, 6 1 0, S_000002c310814140;
 .timescale 0 0;
    .port_info 0 /INPUT 8 "a";
    .port_info 1 /OUTPUT 8 "result";
L_000002c3108298a8 .functor BUFT 1, C4<00011011>, C4<0>, C4<0>, C4<0>;
L_000002c3108753f0 .functor XOR 8, L_000002c310826300, L_000002c3108298a8, C4<00000000>, C4<00000000>;
v000002c310813700_0 .net *"_ivl_1", 0 0, L_000002c3108273e0;  1 drivers
v000002c310812800_0 .net *"_ivl_10", 7 0, L_000002c3108753f0;  1 drivers
v000002c310812ee0_0 .net *"_ivl_12", 7 0, L_000002c3108275c0;  1 drivers
v000002c310813660_0 .net *"_ivl_14", 6 0, L_000002c3108264e0;  1 drivers
L_000002c3108298f0 .functor BUFT 1, C4<0>, C4<0>, C4<0>, C4<0>;
v000002c310813980_0 .net *"_ivl_16", 0 0, L_000002c3108298f0;  1 drivers
v000002c3108132a0_0 .net *"_ivl_2", 7 0, L_000002c310826300;  1 drivers
v000002c310812760_0 .net *"_ivl_4", 6 0, L_000002c310825b80;  1 drivers
L_000002c310829860 .functor BUFT 1, C4<0>, C4<0>, C4<0>, C4<0>;
v000002c3108128a0_0 .net *"_ivl_6", 0 0, L_000002c310829860;  1 drivers
v000002c310812e40_0 .net/2u *"_ivl_8", 7 0, L_000002c3108298a8;  1 drivers
v000002c310813a20_0 .net "a", 7 0, L_000002c3108204a0;  alias, 1 drivers
v000002c310813020_0 .net "result", 7 0, L_000002c310826580;  alias, 1 drivers
L_000002c3108273e0 .part L_000002c3108204a0, 7, 1;
L_000002c310825b80 .part L_000002c3108204a0, 0, 7;
L_000002c310826300 .concat [ 1 7 0 0], L_000002c310829860, L_000002c310825b80;
L_000002c3108264e0 .part L_000002c3108204a0, 0, 7;
L_000002c3108275c0 .concat [ 1 7 0 0], L_000002c3108298f0, L_000002c3108264e0;
L_000002c310826580 .functor MUXZ 8, L_000002c3108275c0, L_000002c3108753f0, L_000002c3108273e0, C4<>;
S_000002c3108145f0 .scope module, "Mux2_inst" "Mux2" 2 60, 8 1 0, S_000002c3106b95d0;
 .timescale 0 0;
    .port_info 0 /INPUT 128 "a";
    .port_info 1 /INPUT 128 "b";
    .port_info 2 /INPUT 1 "select";
    .port_info 3 /OUTPUT 128 "c";
v000002c3108195e0_0 .net "a", 127 0, v000002c31081ad00_0;  alias, 1 drivers
v000002c310819ea0_0 .net "b", 127 0, L_000002c310876ce0;  alias, 1 drivers
v000002c31081a120_0 .net "c", 127 0, L_000002c31087c930;  alias, 1 drivers
v000002c310818e60_0 .net "select", 0 0, v000002c310819d60_0;  alias, 1 drivers
L_000002c31087c930 .functor MUXZ 128, v000002c31081ad00_0, L_000002c310876ce0, v000002c310819d60_0, C4<>;
S_000002c310813fb0 .scope module, "PCore_Controller_Pipeline_inst" "PCore_Controller_Pipeline" 2 68, 9 1 0, S_000002c3106b95d0;
 .timescale 0 0;
    .port_info 0 /INPUT 1 "clk";
    .port_info 1 /INPUT 1 "rst_n";
    .port_info 2 /INPUT 1 "datard";
    .port_info 3 /OUTPUT 1 "wen";
    .port_info 4 /OUTPUT 1 "waddr";
    .port_info 5 /OUTPUT 1 "raddr";
    .port_info 6 /OUTPUT 4 "addr_key";
    .port_info 7 /OUTPUT 1 "ctvalid1";
    .port_info 8 /OUTPUT 1 "ctvalid2";
    .port_info 9 /OUTPUT 1 "ready_new_input";
    .port_info 10 /OUTPUT 1 "ready_new_key";
    .port_info 11 /OUTPUT 1 "src_input";
P_000002c3106e0400 .param/l "DONE1" 1 9 23, +C4<00000000000000000000000000000100>;
P_000002c3106e0438 .param/l "DONE2" 1 9 30, +C4<00000000000000000000000000000100>;
P_000002c3106e0470 .param/l "IDLE1" 1 9 19, +C4<00000000000000000000000000000000>;
P_000002c3106e04a8 .param/l "IDLE2" 1 9 26, +C4<00000000000000000000000000000000>;
P_000002c3106e04e0 .param/l "LOAD_DATA1" 1 9 20, +C4<00000000000000000000000000000001>;
P_000002c3106e0518 .param/l "LOAD_DATA2" 1 9 27, +C4<00000000000000000000000000000001>;
P_000002c3106e0550 .param/l "MIXCOLUMNS_ADDROUNDKEY1" 1 9 22, +C4<00000000000000000000000000000011>;
P_000002c3106e0588 .param/l "MIXCOLUMNS_ADDROUNDKEY2" 1 9 29, +C4<00000000000000000000000000000011>;
P_000002c3106e05c0 .param/l "SHIFTROWS_SUBBYTES1" 1 9 21, +C4<00000000000000000000000000000010>;
P_000002c3106e05f8 .param/l "SHIFTROWS_SUBBYTES2" 1 9 28, +C4<00000000000000000000000000000010>;
L_000002c310884d60 .functor OR 1, v000002c310819400_0, v000002c3108194a0_0, C4<0>, C4<0>;
L_000002c310885b60 .functor AND 1, L_000002c31087c750, L_000002c31087ccf0, C4<1>, C4<1>;
v000002c31081a620_0 .net *"_ivl_10", 31 0, L_000002c31087ce30;  1 drivers
L_000002c310829f20 .functor BUFT 1, C4<00000000000000000000000000000>, C4<0>, C4<0>, C4<0>;
v000002c310819ae0_0 .net *"_ivl_13", 28 0, L_000002c310829f20;  1 drivers
L_000002c310829f68 .functor BUFT 1, C4<00000000000000000000000000000000>, C4<0>, C4<0>, C4<0>;
v000002c31081a3a0_0 .net/2u *"_ivl_14", 31 0, L_000002c310829f68;  1 drivers
v000002c310818f00_0 .net *"_ivl_16", 0 0, L_000002c31087ccf0;  1 drivers
v000002c31081a440_0 .net *"_ivl_19", 0 0, L_000002c310885b60;  1 drivers
v000002c31081ab20_0 .net *"_ivl_2", 31 0, L_000002c31087c390;  1 drivers
L_000002c310829fb0 .functor BUFT 1, C4<01>, C4<0>, C4<0>, C4<0>;
v000002c310819680_0 .net/2s *"_ivl_20", 1 0, L_000002c310829fb0;  1 drivers
L_000002c310829ff8 .functor BUFT 1, C4<00>, C4<0>, C4<0>, C4<0>;
v000002c31081a6c0_0 .net/2s *"_ivl_22", 1 0, L_000002c310829ff8;  1 drivers
v000002c3108199a0_0 .net *"_ivl_24", 1 0, L_000002c31087c110;  1 drivers
L_000002c310829e90 .functor BUFT 1, C4<00000000000000000000000000000>, C4<0>, C4<0>, C4<0>;
v000002c31081ac60_0 .net *"_ivl_5", 28 0, L_000002c310829e90;  1 drivers
L_000002c310829ed8 .functor BUFT 1, C4<00000000000000000000000000000000>, C4<0>, C4<0>, C4<0>;
v000002c3108190e0_0 .net/2u *"_ivl_6", 31 0, L_000002c310829ed8;  1 drivers
v000002c310818aa0_0 .net *"_ivl_8", 0 0, L_000002c31087c750;  1 drivers
v000002c310819fe0_0 .var "addr_key", 3 0;
v000002c310818fa0_0 .var "addr_key1", 3 0;
v000002c31081a4e0_0 .var "addr_key2", 3 0;
v000002c310819a40_0 .net "clk", 0 0, o000002c3107afc18;  alias, 0 drivers
v000002c310819c20_0 .var "cnt", 1 0;
v000002c31081a940_0 .var "ctvalid1", 0 0;
v000002c310818be0_0 .var "ctvalid2", 0 0;
v000002c310819cc0_0 .net "datard", 0 0, o000002c3107b0248;  alias, 0 drivers
v000002c310819040_0 .var "next_state1", 2 0;
v000002c310819220_0 .var "next_state2", 2 0;
v000002c3108192c0_0 .var "raddr", 0 0;
v000002c310819360_0 .net "ready_new_input", 0 0, L_000002c310884d60;  alias, 1 drivers
v000002c310819400_0 .var "ready_new_input1", 0 0;
v000002c3108194a0_0 .var "ready_new_input2", 0 0;
v000002c310819540_0 .net "ready_new_key", 0 0, L_000002c31087cf70;  alias, 1 drivers
v000002c310819720_0 .net "rst_n", 0 0, o000002c3107afc78;  alias, 0 drivers
v000002c310819d60_0 .var "src_input", 0 0;
v000002c31081bde0_0 .var "state1", 2 0;
v000002c31081d3c0_0 .var "state2", 2 0;
v000002c31081c420_0 .var "waddr", 0 0;
v000002c31081d5a0_0 .var "wen", 0 0;
E_000002c310776f50 .event anyedge, v000002c31081bde0_0, v000002c310819cc0_0, v000002c310819c20_0, v000002c31081d3c0_0;
E_000002c310776850/0 .event anyedge, v000002c31081d3c0_0, v000002c310819cc0_0, v000002c310819c20_0, v000002c31081bde0_0;
E_000002c310776850/1 .event anyedge, v000002c31081a4e0_0;
E_000002c310776850 .event/or E_000002c310776850/0, E_000002c310776850/1;
E_000002c310776610 .event anyedge, v000002c31081bde0_0, v000002c310819cc0_0, v000002c310819c20_0, v000002c310818fa0_0;
L_000002c31087c390 .concat [ 3 29 0 0], v000002c31081bde0_0, L_000002c310829e90;
L_000002c31087c750 .cmp/eq 32, L_000002c31087c390, L_000002c310829ed8;
L_000002c31087ce30 .concat [ 3 29 0 0], v000002c31081d3c0_0, L_000002c310829f20;
L_000002c31087ccf0 .cmp/eq 32, L_000002c31087ce30, L_000002c310829f68;
L_000002c31087c110 .functor MUXZ 2, L_000002c310829ff8, L_000002c310829fb0, L_000002c310885b60, C4<>;
L_000002c31087cf70 .part L_000002c31087c110, 0, 1;
S_000002c310814780 .scope module, "Registerfile_Data_inst" "Registerfile_Data" 2 49, 10 1 0, S_000002c3106b95d0;
 .timescale 0 0;
    .port_info 0 /INPUT 1 "clk";
    .port_info 1 /INPUT 1 "rst_n";
    .port_info 2 /INPUT 1 "wen";
    .port_info 3 /INPUT 1 "waddr";
    .port_info 4 /INPUT 1 "raddr";
    .port_info 5 /INPUT 128 "din";
    .port_info 6 /OUTPUT 128 "dout";
L_000002c310876ce0 .functor BUFZ 128, L_000002c31087db50, C4<00000000000000000000000000000000000000000000000000000000000000000000000000000000000000000000000000000000000000000000000000000000>, C4<00000000000000000000000000000000000000000000000000000000000000000000000000000000000000000000000000000000000000000000000000000000>, C4<00000000000000000000000000000000000000000000000000000000000000000000000000000000000000000000000000000000000000000000000000000000>;
v000002c31081b480_0 .net *"_ivl_0", 127 0, L_000002c31087db50;  1 drivers
v000002c31081d1e0_0 .net *"_ivl_2", 2 0, L_000002c31087c4d0;  1 drivers
L_000002c310829e48 .functor BUFT 1, C4<00>, C4<0>, C4<0>, C4<0>;
v000002c31081ae40_0 .net *"_ivl_5", 1 0, L_000002c310829e48;  1 drivers
v000002c31081b520_0 .net "clk", 0 0, o000002c3107afc18;  alias, 0 drivers
v000002c31081af80_0 .net "din", 127 0, o000002c3107b0758;  alias, 0 drivers
v000002c31081c9c0_0 .net "dout", 127 0, L_000002c310876ce0;  alias, 1 drivers
v000002c31081bb60 .array "mem", 1 0, 127 0;
v000002c31081b840_0 .net "raddr", 0 0, v000002c3108192c0_0;  alias, 1 drivers
v000002c31081cb00_0 .net "rst_n", 0 0, o000002c3107afc78;  alias, 0 drivers
v000002c31081d320_0 .net "waddr", 0 0, v000002c31081c420_0;  alias, 1 drivers
v000002c31081ca60_0 .net "wen", 0 0, v000002c31081d5a0_0;  alias, 1 drivers
L_000002c31087db50 .array/port v000002c31081bb60, L_000002c31087c4d0;
L_000002c31087c4d0 .concat [ 1 2 0 0], v000002c3108192c0_0, L_000002c310829e48;
S_000002c310814910 .scope module, "ShiftRows_inst" "ShiftRows" 2 26, 11 1 0, S_000002c3106b95d0;
 .timescale 0 0;
    .port_info 0 /INPUT 128 "b_in";
    .port_info 1 /OUTPUT 128 "b_out";
v000002c31081d000_0 .net *"_ivl_11", 7 0, L_000002c31081c380;  1 drivers
v000002c31081d0a0_0 .net *"_ivl_15", 7 0, L_000002c31081c4c0;  1 drivers
v000002c31081cec0_0 .net *"_ivl_19", 7 0, L_000002c31081c560;  1 drivers
v000002c31081b020_0 .net *"_ivl_23", 7 0, L_000002c31081c600;  1 drivers
v000002c31081cf60_0 .net *"_ivl_27", 7 0, L_000002c31081c6a0;  1 drivers
v000002c31081bd40_0 .net *"_ivl_3", 7 0, L_000002c31081b700;  1 drivers
v000002c31081c920_0 .net *"_ivl_31", 7 0, L_000002c31081c740;  1 drivers
v000002c31081cba0_0 .net *"_ivl_35", 7 0, L_000002c31081c7e0;  1 drivers
v000002c31081cc40_0 .net *"_ivl_39", 7 0, L_000002c31081c880;  1 drivers
v000002c31081aee0_0 .net *"_ivl_43", 7 0, L_000002c31081d780;  1 drivers
v000002c31081bca0_0 .net *"_ivl_47", 7 0, L_000002c31081d960;  1 drivers
v000002c31081bf20_0 .net *"_ivl_51", 7 0, L_000002c31081dc80;  1 drivers
v000002c31081cd80_0 .net *"_ivl_55", 7 0, L_000002c31081da00;  1 drivers
v000002c31081bc00_0 .net *"_ivl_59", 7 0, L_000002c31081daa0;  1 drivers
v000002c31081d280_0 .net *"_ivl_64", 7 0, L_000002c31081d640;  1 drivers
v000002c31081d460_0 .net *"_ivl_7", 7 0, L_000002c31081b7a0;  1 drivers
v000002c31081b160_0 .net "b_in", 127 0, L_000002c31087c930;  alias, 1 drivers
v000002c31081ce20_0 .net "b_out", 127 0, L_000002c31081dd20;  alias, 1 drivers
L_000002c31081b700 .part L_000002c31087c930, 120, 8;
L_000002c31081b7a0 .part L_000002c31087c930, 80, 8;
L_000002c31081c380 .part L_000002c31087c930, 40, 8;
L_000002c31081c4c0 .part L_000002c31087c930, 0, 8;
L_000002c31081c560 .part L_000002c31087c930, 88, 8;
L_000002c31081c600 .part L_000002c31087c930, 48, 8;
L_000002c31081c6a0 .part L_000002c31087c930, 8, 8;
L_000002c31081c740 .part L_000002c31087c930, 96, 8;
L_000002c31081c7e0 .part L_000002c31087c930, 56, 8;
L_000002c31081c880 .part L_000002c31087c930, 16, 8;
L_000002c31081d780 .part L_000002c31087c930, 104, 8;
L_000002c31081d960 .part L_000002c31087c930, 64, 8;
L_000002c31081dc80 .part L_000002c31087c930, 24, 8;
L_000002c31081da00 .part L_000002c31087c930, 112, 8;
L_000002c31081daa0 .part L_000002c31087c930, 72, 8;
LS_000002c31081dd20_0_0 .concat8 [ 8 8 8 8], L_000002c31081d640, L_000002c31081daa0, L_000002c31081da00, L_000002c31081dc80;
LS_000002c31081dd20_0_4 .concat8 [ 8 8 8 8], L_000002c31081d960, L_000002c31081d780, L_000002c31081c880, L_000002c31081c7e0;
LS_000002c31081dd20_0_8 .concat8 [ 8 8 8 8], L_000002c31081c740, L_000002c31081c6a0, L_000002c31081c600, L_000002c31081c560;
LS_000002c31081dd20_0_12 .concat8 [ 8 8 8 8], L_000002c31081c4c0, L_000002c31081c380, L_000002c31081b7a0, L_000002c31081b700;
L_000002c31081dd20 .concat8 [ 32 32 32 32], LS_000002c31081dd20_0_0, LS_000002c31081dd20_0_4, LS_000002c31081dd20_0_8, LS_000002c31081dd20_0_12;
L_000002c31081d640 .part L_000002c31087c930, 32, 8;
    .scope S_000002c3106b8170;
T_0 ;
    %wait E_000002c310776810;
    %load/vec4 v000002c310819b80_0;
    %inv;
    %flag_set/vec4 8;
    %jmp/0xz  T_0.0, 8;
    %pushi/vec4 0, 0, 128;
    %assign/vec4 v000002c31081ad00_0, 0;
    %jmp T_0.1;
T_0.0 ;
    %load/vec4 v000002c3108188c0_0;
    %assign/vec4 v000002c31081ad00_0, 0;
T_0.1 ;
    %jmp T_0;
    .thread T_0;
    .scope S_000002c310814780;
T_1 ;
    %wait E_000002c310776810;
    %load/vec4 v000002c31081cb00_0;
    %inv;
    %flag_set/vec4 8;
    %jmp/0xz  T_1.0, 8;
    %pushi/vec4 0, 0, 128;
    %ix/load 3, 0, 0;
    %flag_set/imm 4, 0;
    %ix/load 4, 0, 0; Constant delay
    %assign/vec4/a/d v000002c31081bb60, 0, 4;
    %pushi/vec4 0, 0, 128;
    %ix/load 3, 1, 0;
    %flag_set/imm 4, 0;
    %ix/load 4, 0, 0; Constant delay
    %assign/vec4/a/d v000002c31081bb60, 0, 4;
    %jmp T_1.1;
T_1.0 ;
    %load/vec4 v000002c31081ca60_0;
    %flag_set/vec4 8;
    %jmp/0xz  T_1.2, 8;
    %load/vec4 v000002c31081af80_0;
    %load/vec4 v000002c31081d320_0;
    %pad/u 3;
    %ix/vec4 3;
    %ix/load 4, 0, 0; Constant delay
    %assign/vec4/a/d v000002c31081bb60, 0, 4;
T_1.2 ;
T_1.1 ;
    %jmp T_1;
    .thread T_1;
    .scope S_000002c310813fb0;
T_2 ;
    %wait E_000002c310776610;
    %load/vec4 v000002c31081bde0_0;
    %dup/vec4;
    %pushi/vec4 0, 0, 3;
    %cmp/u;
    %jmp/1 T_2.0, 6;
    %dup/vec4;
    %pushi/vec4 1, 0, 3;
    %cmp/u;
    %jmp/1 T_2.1, 6;
    %dup/vec4;
    %pushi/vec4 2, 0, 3;
    %cmp/u;
    %jmp/1 T_2.2, 6;
    %dup/vec4;
    %pushi/vec4 3, 0, 3;
    %cmp/u;
    %jmp/1 T_2.3, 6;
    %dup/vec4;
    %pushi/vec4 4, 0, 3;
    %cmp/u;
    %jmp/1 T_2.4, 6;
    %pushi/vec4 0, 0, 3;
    %store/vec4 v000002c310819040_0, 0, 3;
    %jmp T_2.6;
T_2.0 ;
    %load/vec4 v000002c310819cc0_0;
    %load/vec4 v000002c310819c20_0;
    %inv;
    %pushi/vec4 0, 0, 2;
    %cmp/ne;
    %flag_get/vec4 4;
    %and;
    %flag_set/vec4 8;
    %jmp/0xz  T_2.7, 8;
    %pushi/vec4 1, 0, 3;
    %store/vec4 v000002c310819040_0, 0, 3;
    %jmp T_2.8;
T_2.7 ;
    %pushi/vec4 0, 0, 3;
    %store/vec4 v000002c310819040_0, 0, 3;
T_2.8 ;
    %jmp T_2.6;
T_2.1 ;
    %pushi/vec4 2, 0, 3;
    %store/vec4 v000002c310819040_0, 0, 3;
    %jmp T_2.6;
T_2.2 ;
    %pushi/vec4 3, 0, 3;
    %store/vec4 v000002c310819040_0, 0, 3;
    %jmp T_2.6;
T_2.3 ;
    %load/vec4 v000002c310818fa0_0;
    %pad/u 32;
    %cmpi/e 10, 0, 32;
    %flag_mov 8, 4;
    %jmp/0 T_2.9, 8;
    %pushi/vec4 4, 0, 32;
    %jmp/1 T_2.10, 8;
T_2.9 ; End of true expr.
    %pushi/vec4 3, 0, 32;
    %jmp/0 T_2.10, 8;
 ; End of false expr.
    %blend;
T_2.10;
    %pad/s 3;
    %store/vec4 v000002c310819040_0, 0, 3;
    %jmp T_2.6;
T_2.4 ;
    %pushi/vec4 0, 0, 3;
    %store/vec4 v000002c310819040_0, 0, 3;
    %jmp T_2.6;
T_2.6 ;
    %pop/vec4 1;
    %jmp T_2;
    .thread T_2, $push;
    .scope S_000002c310813fb0;
T_3 ;
    %wait E_000002c310776850;
    %load/vec4 v000002c31081d3c0_0;
    %dup/vec4;
    %pushi/vec4 0, 0, 3;
    %cmp/u;
    %jmp/1 T_3.0, 6;
    %dup/vec4;
    %pushi/vec4 1, 0, 3;
    %cmp/u;
    %jmp/1 T_3.1, 6;
    %dup/vec4;
    %pushi/vec4 2, 0, 3;
    %cmp/u;
    %jmp/1 T_3.2, 6;
    %dup/vec4;
    %pushi/vec4 3, 0, 3;
    %cmp/u;
    %jmp/1 T_3.3, 6;
    %dup/vec4;
    %pushi/vec4 4, 0, 3;
    %cmp/u;
    %jmp/1 T_3.4, 6;
    %pushi/vec4 0, 0, 3;
    %store/vec4 v000002c310819220_0, 0, 3;
    %jmp T_3.6;
T_3.0 ;
    %load/vec4 v000002c310819cc0_0;
    %load/vec4 v000002c310819c20_0;
    %pushi/vec4 0, 0, 2;
    %cmp/ne;
    %flag_get/vec4 4;
    %and;
    %flag_set/vec4 8;
    %jmp/0xz  T_3.7, 8;
    %pushi/vec4 1, 0, 3;
    %store/vec4 v000002c310819220_0, 0, 3;
    %jmp T_3.8;
T_3.7 ;
    %pushi/vec4 0, 0, 3;
    %store/vec4 v000002c310819220_0, 0, 3;
T_3.8 ;
    %jmp T_3.6;
T_3.1 ;
    %load/vec4 v000002c31081bde0_0;
    %pad/u 32;
    %cmpi/e 2, 0, 32;
    %flag_mov 8, 4;
    %jmp/0 T_3.9, 8;
    %pushi/vec4 2, 0, 32;
    %jmp/1 T_3.10, 8;
T_3.9 ; End of true expr.
    %pushi/vec4 1, 0, 32;
    %jmp/0 T_3.10, 8;
 ; End of false expr.
    %blend;
T_3.10;
    %pad/s 3;
    %store/vec4 v000002c310819220_0, 0, 3;
    %jmp T_3.6;
T_3.2 ;
    %pushi/vec4 3, 0, 3;
    %store/vec4 v000002c310819220_0, 0, 3;
    %jmp T_3.6;
T_3.3 ;
    %load/vec4 v000002c31081a4e0_0;
    %pad/u 32;
    %cmpi/e 10, 0, 32;
    %flag_mov 8, 4;
    %jmp/0 T_3.11, 8;
    %pushi/vec4 4, 0, 32;
    %jmp/1 T_3.12, 8;
T_3.11 ; End of true expr.
    %pushi/vec4 3, 0, 32;
    %jmp/0 T_3.12, 8;
 ; End of false expr.
    %blend;
T_3.12;
    %pad/s 3;
    %store/vec4 v000002c310819220_0, 0, 3;
    %jmp T_3.6;
T_3.4 ;
    %pushi/vec4 0, 0, 3;
    %store/vec4 v000002c310819220_0, 0, 3;
    %jmp T_3.6;
T_3.6 ;
    %pop/vec4 1;
    %jmp T_3;
    .thread T_3, $push;
    .scope S_000002c310813fb0;
T_4 ;
    %wait E_000002c310776810;
    %load/vec4 v000002c310819720_0;
    %inv;
    %flag_set/vec4 8;
    %jmp/0xz  T_4.0, 8;
    %pushi/vec4 0, 0, 3;
    %assign/vec4 v000002c31081bde0_0, 0;
    %jmp T_4.1;
T_4.0 ;
    %load/vec4 v000002c310819040_0;
    %assign/vec4 v000002c31081bde0_0, 0;
T_4.1 ;
    %jmp T_4;
    .thread T_4;
    .scope S_000002c310813fb0;
T_5 ;
    %wait E_000002c310776810;
    %load/vec4 v000002c310819720_0;
    %inv;
    %flag_set/vec4 8;
    %jmp/0xz  T_5.0, 8;
    %pushi/vec4 0, 0, 3;
    %assign/vec4 v000002c31081d3c0_0, 0;
    %jmp T_5.1;
T_5.0 ;
    %load/vec4 v000002c310819220_0;
    %assign/vec4 v000002c31081d3c0_0, 0;
T_5.1 ;
    %jmp T_5;
    .thread T_5;
    .scope S_000002c310813fb0;
T_6 ;
    %wait E_000002c310776810;
    %load/vec4 v000002c310819720_0;
    %inv;
    %flag_set/vec4 8;
    %jmp/0xz  T_6.0, 8;
    %pushi/vec4 0, 0, 2;
    %assign/vec4 v000002c310819c20_0, 0;
    %jmp T_6.1;
T_6.0 ;
    %load/vec4 v000002c310819cc0_0;
    %flag_set/vec4 8;
    %jmp/0xz  T_6.2, 8;
    %load/vec4 v000002c310819c20_0;
    %pad/u 32;
    %cmpi/e 2, 0, 32;
    %jmp/0xz  T_6.4, 4;
    %pushi/vec4 0, 0, 2;
    %assign/vec4 v000002c310819c20_0, 0;
    %jmp T_6.5;
T_6.4 ;
    %load/vec4 v000002c310819c20_0;
    %addi 1, 0, 2;
    %assign/vec4 v000002c310819c20_0, 0;
T_6.5 ;
T_6.2 ;
T_6.1 ;
    %jmp T_6;
    .thread T_6;
    .scope S_000002c310813fb0;
T_7 ;
    %wait E_000002c310776810;
    %load/vec4 v000002c310819720_0;
    %inv;
    %flag_set/vec4 8;
    %jmp/0xz  T_7.0, 8;
    %pushi/vec4 0, 0, 4;
    %assign/vec4 v000002c310818fa0_0, 0;
    %pushi/vec4 0, 0, 4;
    %assign/vec4 v000002c31081a4e0_0, 0;
    %pushi/vec4 0, 0, 4;
    %assign/vec4 v000002c310819fe0_0, 0;
    %jmp T_7.1;
T_7.0 ;
    %load/vec4 v000002c31081bde0_0;
    %pad/u 32;
    %cmpi/e 0, 0, 32;
    %jmp/0xz  T_7.2, 4;
    %pushi/vec4 0, 0, 4;
    %assign/vec4 v000002c310818fa0_0, 0;
T_7.2 ;
    %load/vec4 v000002c31081bde0_0;
    %pad/u 32;
    %cmpi/e 2, 0, 32;
    %jmp/0xz  T_7.4, 4;
    %load/vec4 v000002c310818fa0_0;
    %addi 1, 0, 4;
    %assign/vec4 v000002c310818fa0_0, 0;
    %load/vec4 v000002c310818fa0_0;
    %addi 1, 0, 4;
    %assign/vec4 v000002c310819fe0_0, 0;
T_7.4 ;
    %load/vec4 v000002c31081d3c0_0;
    %pad/u 32;
    %cmpi/e 0, 0, 32;
    %jmp/0xz  T_7.6, 4;
    %pushi/vec4 0, 0, 4;
    %assign/vec4 v000002c31081a4e0_0, 0;
T_7.6 ;
    %load/vec4 v000002c31081d3c0_0;
    %pad/u 32;
    %cmpi/e 2, 0, 32;
    %jmp/0xz  T_7.8, 4;
    %load/vec4 v000002c31081a4e0_0;
    %addi 1, 0, 4;
    %assign/vec4 v000002c31081a4e0_0, 0;
    %load/vec4 v000002c31081a4e0_0;
    %addi 1, 0, 4;
    %assign/vec4 v000002c310819fe0_0, 0;
T_7.8 ;
T_7.1 ;
    %jmp T_7;
    .thread T_7;
    .scope S_000002c310813fb0;
T_8 ;
    %wait E_000002c310776810;
    %load/vec4 v000002c310819720_0;
    %inv;
    %flag_set/vec4 8;
    %jmp/0xz  T_8.0, 8;
    %pushi/vec4 1, 0, 1;
    %assign/vec4 v000002c310819400_0, 0;
    %pushi/vec4 1, 0, 1;
    %assign/vec4 v000002c3108194a0_0, 0;
    %jmp T_8.1;
T_8.0 ;
    %load/vec4 v000002c31081bde0_0;
    %pad/u 32;
    %cmpi/e 0, 0, 32;
    %jmp/0xz  T_8.2, 4;
    %load/vec4 v000002c310819cc0_0;
    %load/vec4 v000002c310819c20_0;
    %pad/u 32;
    %pushi/vec4 0, 0, 32;
    %cmp/e;
    %flag_get/vec4 4;
    %and;
    %flag_set/vec4 8;
    %jmp/0xz  T_8.4, 8;
    %pushi/vec4 0, 0, 1;
    %assign/vec4 v000002c310819400_0, 0;
    %jmp T_8.5;
T_8.4 ;
    %pushi/vec4 1, 0, 1;
    %assign/vec4 v000002c310819400_0, 0;
T_8.5 ;
T_8.2 ;
    %load/vec4 v000002c31081d3c0_0;
    %pad/u 32;
    %cmpi/e 0, 0, 32;
    %jmp/0xz  T_8.6, 4;
    %load/vec4 v000002c310819cc0_0;
    %load/vec4 v000002c310819c20_0;
    %pad/u 32;
    %pushi/vec4 1, 0, 32;
    %cmp/e;
    %flag_get/vec4 4;
    %and;
    %flag_set/vec4 8;
    %jmp/0xz  T_8.8, 8;
    %pushi/vec4 0, 0, 1;
    %assign/vec4 v000002c3108194a0_0, 0;
    %jmp T_8.9;
T_8.8 ;
    %pushi/vec4 1, 0, 1;
    %assign/vec4 v000002c3108194a0_0, 0;
T_8.9 ;
T_8.6 ;
T_8.1 ;
    %jmp T_8;
    .thread T_8;
    .scope S_000002c310813fb0;
T_9 ;
    %wait E_000002c310776f50;
    %pushi/vec4 0, 0, 1;
    %store/vec4 v000002c31081d5a0_0, 0, 1;
    %pushi/vec4 0, 0, 1;
    %store/vec4 v000002c31081c420_0, 0, 1;
    %pushi/vec4 0, 0, 1;
    %store/vec4 v000002c3108192c0_0, 0, 1;
    %pushi/vec4 0, 0, 1;
    %store/vec4 v000002c310819d60_0, 0, 1;
    %pushi/vec4 0, 0, 1;
    %store/vec4 v000002c31081a940_0, 0, 1;
    %pushi/vec4 0, 0, 1;
    %store/vec4 v000002c310818be0_0, 0, 1;
    %load/vec4 v000002c31081bde0_0;
    %pad/u 32;
    %pushi/vec4 0, 0, 32;
    %cmp/e;
    %flag_get/vec4 4;
    %load/vec4 v000002c310819cc0_0;
    %and;
    %load/vec4 v000002c310819c20_0;
    %pad/u 32;
    %pushi/vec4 0, 0, 32;
    %cmp/e;
    %flag_get/vec4 4;
    %and;
    %flag_set/vec4 8;
    %jmp/0xz  T_9.0, 8;
    %pushi/vec4 1, 0, 1;
    %store/vec4 v000002c31081d5a0_0, 0, 1;
    %pushi/vec4 0, 0, 1;
    %store/vec4 v000002c31081c420_0, 0, 1;
    %jmp T_9.1;
T_9.0 ;
    %load/vec4 v000002c31081bde0_0;
    %pad/u 32;
    %cmpi/e 1, 0, 32;
    %jmp/0xz  T_9.2, 4;
    %pushi/vec4 0, 0, 1;
    %store/vec4 v000002c3108192c0_0, 0, 1;
    %pushi/vec4 1, 0, 1;
    %store/vec4 v000002c310819d60_0, 0, 1;
    %jmp T_9.3;
T_9.2 ;
    %load/vec4 v000002c31081d3c0_0;
    %pad/u 32;
    %pushi/vec4 0, 0, 32;
    %cmp/e;
    %flag_get/vec4 4;
    %load/vec4 v000002c310819cc0_0;
    %and;
    %load/vec4 v000002c310819c20_0;
    %pad/u 32;
    %pushi/vec4 1, 0, 32;
    %cmp/e;
    %flag_get/vec4 4;
    %and;
    %flag_set/vec4 8;
    %jmp/0xz  T_9.4, 8;
    %pushi/vec4 1, 0, 1;
    %store/vec4 v000002c31081d5a0_0, 0, 1;
    %pushi/vec4 1, 0, 1;
    %store/vec4 v000002c31081c420_0, 0, 1;
    %jmp T_9.5;
T_9.4 ;
    %load/vec4 v000002c31081d3c0_0;
    %pad/u 32;
    %cmpi/e 1, 0, 32;
    %jmp/0xz  T_9.6, 4;
    %pushi/vec4 1, 0, 1;
    %store/vec4 v000002c3108192c0_0, 0, 1;
    %pushi/vec4 1, 0, 1;
    %store/vec4 v000002c310819d60_0, 0, 1;
    %jmp T_9.7;
T_9.6 ;
    %load/vec4 v000002c31081bde0_0;
    %pad/u 32;
    %cmpi/e 4, 0, 32;
    %jmp/0xz  T_9.8, 4;
    %pushi/vec4 1, 0, 1;
    %store/vec4 v000002c31081a940_0, 0, 1;
    %jmp T_9.9;
T_9.8 ;
    %load/vec4 v000002c31081d3c0_0;
    %pad/u 32;
    %cmpi/e 4, 0, 32;
    %jmp/0xz  T_9.10, 4;
    %pushi/vec4 1, 0, 1;
    %store/vec4 v000002c310818be0_0, 0, 1;
T_9.10 ;
T_9.9 ;
T_9.7 ;
T_9.5 ;
T_9.3 ;
T_9.1 ;
    %jmp T_9;
    .thread T_9, $push;
# The file index is used to find the file name in the following table.
:file_names 12;
    "N/A";
    "<interactive>";
    "ProcessingCore_Pipeline.v";
    "./AddRoundKey.v";
    "./MixColumns_AddRoundKey.v";
    "./MixColumns.v";
    "./mul2.v";
    "./mul3.v";
    "./Mux2.v";
    "./PCore_Controller_Pipeline.v";
    "./Registerfile_Data.v";
    "./ShiftRows.v";
