#! /c/Source/iverilog-install/bin/vvp
:ivl_version "12.0 (devel)" "(s20150603-1110-g18392a46)";
:ivl_delay_selection "TYPICAL";
:vpi_time_precision + 0;
:vpi_module "D:\iverilog\iverilog\lib\ivl\system.vpi";
:vpi_module "D:\iverilog\iverilog\lib\ivl\vhdl_sys.vpi";
:vpi_module "D:\iverilog\iverilog\lib\ivl\vhdl_textio.vpi";
:vpi_module "D:\iverilog\iverilog\lib\ivl\v2005_math.vpi";
:vpi_module "D:\iverilog\iverilog\lib\ivl\va_math.vpi";
S_0000022107f595d0 .scope module, "ProcessingCore_Pipelinev1" "ProcessingCore_Pipelinev1" 2 7;
 .timescale 0 0;
    .port_info 0 /INPUT 1 "clk";
    .port_info 1 /INPUT 1 "rst_n";
    .port_info 2 /INPUT 1 "datard";
    .port_info 3 /INPUT 128 "InputBlk";
    .port_info 4 /OUTPUT 4 "addr_key";
    .port_info 5 /INPUT 128 "key";
    .port_info 6 /OUTPUT 1 "ctvalid1";
    .port_info 7 /OUTPUT 1 "ctvalid2";
    .port_info 8 /OUTPUT 1 "ready_new_input";
    .port_info 9 /OUTPUT 1 "ready_new_key";
    .port_info 10 /OUTPUT 128 "sbox_in";
    .port_info 11 /INPUT 128 "sbox_out";
    .port_info 12 /OUTPUT 128 "ciphertext";
o000002210804f688 .functor BUFZ 128, C4<zzzzzzzzzzzzzzzzzzzzzzzzzzzzzzzzzzzzzzzzzzzzzzzzzzzzzzzzzzzzzzzzzzzzzzzzzzzzzzzzzzzzzzzzzzzzzzzzzzzzzzzzzzzzzzzzzzzzzzzzzzzzzzzz>; HiZ drive
v00000221080bbf30_0 .net "InputBlk", 127 0, o000002210804f688;  0 drivers
v00000221080bb0d0_0 .net "addr_key", 3 0, v00000221080b8330_0;  1 drivers
v00000221080ba1d0_0 .net "b_in", 127 0, L_00000221080c6e10;  1 drivers
v00000221080b9d70_0 .net "ciphertext", 127 0, L_0000022108115ac0;  1 drivers
o000002210804eb48 .functor BUFZ 1, C4<z>; HiZ drive
v00000221080ba630_0 .net "clk", 0 0, o000002210804eb48;  0 drivers
v00000221080ba090_0 .net "ctvalid1", 0 0, v00000221080b95f0_0;  1 drivers
v00000221080ba950_0 .net "ctvalid2", 0 0, v00000221080b8470_0;  1 drivers
o000002210804f178 .functor BUFZ 1, C4<z>; HiZ drive
v00000221080ba450_0 .net "datard", 0 0, o000002210804f178;  0 drivers
v00000221080b9ff0_0 .net "dout_rf", 127 0, L_0000022108115970;  1 drivers
o0000022108048c38 .functor BUFZ 128, C4<zzzzzzzzzzzzzzzzzzzzzzzzzzzzzzzzzzzzzzzzzzzzzzzzzzzzzzzzzzzzzzzzzzzzzzzzzzzzzzzzzzzzzzzzzzzzzzzzzzzzzzzzzzzzzzzzzzzzzzzzzzzzzzzz>; HiZ drive
v00000221080ba270_0 .net "key", 127 0, o0000022108048c38;  0 drivers
v00000221080bc430_0 .net "out_MA", 127 0, v00000221080b7bb0_0;  1 drivers
v00000221080bc070_0 .net "raddr", 0 0, v00000221080b8fb0_0;  1 drivers
v00000221080bb5d0_0 .net "ready_new_input", 0 0, L_0000022108115ba0;  1 drivers
v00000221080bbe90_0 .net "ready_new_key", 0 0, L_0000022108121e80;  1 drivers
o000002210804eba8 .functor BUFZ 1, C4<z>; HiZ drive
v00000221080bb170_0 .net "rst_n", 0 0, o000002210804eba8;  0 drivers
v00000221080bb350_0 .net "sbox_in", 127 0, L_00000221080bca70;  1 drivers
o0000022108048bd8 .functor BUFZ 128, C4<zzzzzzzzzzzzzzzzzzzzzzzzzzzzzzzzzzzzzzzzzzzzzzzzzzzzzzzzzzzzzzzzzzzzzzzzzzzzzzzzzzzzzzzzzzzzzzzzzzzzzzzzzzzzzzzzzzzzzzzzzzzzzzzz>; HiZ drive
v00000221080bc2f0_0 .net "sbox_out", 127 0, o0000022108048bd8;  0 drivers
v00000221080baa90_0 .net "src_input", 0 0, v00000221080b7750_0;  1 drivers
v00000221080bc250_0 .net "waddr", 0 0, v00000221080bba30_0;  1 drivers
v00000221080ba810_0 .net "wen", 0 0, v00000221080bb2b0_0;  1 drivers
S_0000022107f59760 .scope module, "AddRoundKey_inst" "AddRoundKey" 2 40, 3 1 0, S_0000022107f595d0;
 .timescale 0 0;
    .port_info 0 /INPUT 128 "din";
    .port_info 1 /INPUT 128 "key";
    .port_info 2 /OUTPUT 128 "dout";
L_0000022108115ac0 .functor XOR 128, o0000022108048bd8, o0000022108048c38, C4<00000000000000000000000000000000000000000000000000000000000000000000000000000000000000000000000000000000000000000000000000000000>, C4<00000000000000000000000000000000000000000000000000000000000000000000000000000000000000000000000000000000000000000000000000000000>;
v0000022108031850_0 .net "din", 127 0, o0000022108048bd8;  alias, 0 drivers
v00000221080324d0_0 .net "dout", 127 0, L_0000022108115ac0;  alias, 1 drivers
v0000022108031a30_0 .net "key", 127 0, o0000022108048c38;  alias, 0 drivers
S_0000022107f57fe0 .scope module, "MixColumns_AddRoundKey_inst" "MixColumns_AddRoundKey" 2 32, 4 4 0, S_0000022107f595d0;
 .timescale 0 0;
    .port_info 0 /INPUT 1 "clk";
    .port_info 1 /INPUT 1 "rst_n";
    .port_info 2 /INPUT 128 "din";
    .port_info 3 /INPUT 128 "key";
    .port_info 4 /OUTPUT 128 "dout";
v00000221080b92d0_0 .net "clk", 0 0, o000002210804eb48;  alias, 0 drivers
v00000221080b8dd0_0 .net "din", 127 0, o0000022108048bd8;  alias, 0 drivers
v00000221080b7bb0_0 .var "dout", 127 0;
v00000221080b7d90_0 .net "dout_tmp", 127 0, L_00000221081159e0;  1 drivers
v00000221080b97d0_0 .net "key", 127 0, o0000022108048c38;  alias, 0 drivers
v00000221080b9a50_0 .net "rst_n", 0 0, o000002210804eba8;  alias, 0 drivers
v00000221080b9410_0 .net "state_out", 127 0, L_00000221080c6910;  1 drivers
E_0000022108015350/0 .event negedge, v00000221080b9a50_0;
E_0000022108015350/1 .event posedge, v00000221080b92d0_0;
E_0000022108015350 .event/or E_0000022108015350/0, E_0000022108015350/1;
S_0000022107f58170 .scope module, "AddRoundKey_inst" "AddRoundKey" 4 16, 3 1 0, S_0000022107f57fe0;
 .timescale 0 0;
    .port_info 0 /INPUT 128 "din";
    .port_info 1 /INPUT 128 "key";
    .port_info 2 /OUTPUT 128 "dout";
L_00000221081159e0 .functor XOR 128, L_00000221080c6910, o0000022108048c38, C4<00000000000000000000000000000000000000000000000000000000000000000000000000000000000000000000000000000000000000000000000000000000>, C4<00000000000000000000000000000000000000000000000000000000000000000000000000000000000000000000000000000000000000000000000000000000>;
v00000221080327f0_0 .net "din", 127 0, L_00000221080c6910;  alias, 1 drivers
v0000022108032b10_0 .net "dout", 127 0, L_00000221081159e0;  alias, 1 drivers
v0000022108031c10_0 .net "key", 127 0, o0000022108048c38;  alias, 0 drivers
S_0000022107f58300 .scope module, "MixColumns_inst" "MixColumns" 4 12, 5 3 0, S_0000022107f57fe0;
 .timescale 0 0;
    .port_info 0 /INPUT 128 "state_in";
    .port_info 1 /OUTPUT 128 "state_out";
L_00000221081141d0 .functor XOR 8, L_00000221080c0d30, L_0000022108037e60, C4<00000000>, C4<00000000>;
L_00000221081149b0 .functor XOR 8, L_00000221081141d0, L_00000221080bcbb0, C4<00000000>, C4<00000000>;
L_0000022108114390 .functor XOR 8, L_00000221081149b0, L_00000221080bc610, C4<00000000>, C4<00000000>;
L_0000022108114240 .functor XOR 8, L_00000221080bcb10, L_00000221080c05b0, C4<00000000>, C4<00000000>;
L_00000221081142b0 .functor XOR 8, L_0000022108114240, L_0000022108037ed0, C4<00000000>, C4<00000000>;
L_0000022108115890 .functor XOR 8, L_00000221081142b0, L_00000221080bc610, C4<00000000>, C4<00000000>;
L_00000221081140f0 .functor XOR 8, L_00000221080bcb10, L_00000221080bc890, C4<00000000>, C4<00000000>;
L_0000022108115740 .functor XOR 8, L_00000221081140f0, L_00000221080c0ab0, C4<00000000>, C4<00000000>;
L_0000022108114710 .functor XOR 8, L_0000022108115740, L_0000022108038020, C4<00000000>, C4<00000000>;
L_0000022108113ec0 .functor XOR 8, L_0000022108037a00, L_00000221080bc890, C4<00000000>, C4<00000000>;
L_0000022108115660 .functor XOR 8, L_0000022108113ec0, L_00000221080bcbb0, C4<00000000>, C4<00000000>;
L_0000022108114320 .functor XOR 8, L_0000022108115660, L_00000221080c1190, C4<00000000>, C4<00000000>;
L_0000022108114860 .functor XOR 8, L_00000221080c1230, L_0000022107fa9a70, C4<00000000>, C4<00000000>;
L_00000221081147f0 .functor XOR 8, L_0000022108114860, L_00000221080bc930, C4<00000000>, C4<00000000>;
L_0000022108114cc0 .functor XOR 8, L_00000221081147f0, L_00000221080bc9d0, C4<00000000>, C4<00000000>;
L_00000221081148d0 .functor XOR 8, L_00000221080bc6b0, L_00000221080c12d0, C4<00000000>, C4<00000000>;
L_0000022108115820 .functor XOR 8, L_00000221081148d0, L_0000022108115430, C4<00000000>, C4<00000000>;
L_0000022108115510 .functor XOR 8, L_0000022108115820, L_00000221080bc9d0, C4<00000000>, C4<00000000>;
L_0000022108114080 .functor XOR 8, L_00000221080bc6b0, L_00000221080bc570, C4<00000000>, C4<00000000>;
L_0000022108115900 .functor XOR 8, L_0000022108114080, L_00000221080c08d0, C4<00000000>, C4<00000000>;
L_0000022108114c50 .functor XOR 8, L_0000022108115900, L_00000221081156d0, C4<00000000>, C4<00000000>;
L_0000022108114010 .functor XOR 8, L_000002210802a300, L_00000221080bc570, C4<00000000>, C4<00000000>;
L_0000022108113f30 .functor XOR 8, L_0000022108114010, L_00000221080bc930, C4<00000000>, C4<00000000>;
L_0000022108114470 .functor XOR 8, L_0000022108113f30, L_00000221080c1370, C4<00000000>, C4<00000000>;
L_00000221081155f0 .functor XOR 8, L_00000221080bf250, L_00000221081154a0, C4<00000000>, C4<00000000>;
L_0000022108114fd0 .functor XOR 8, L_00000221081155f0, L_00000221080bfe30, C4<00000000>, C4<00000000>;
L_0000022108114be0 .functor XOR 8, L_0000022108114fd0, L_00000221080c15f0, C4<00000000>, C4<00000000>;
L_00000221081144e0 .functor XOR 8, L_00000221080bf750, L_00000221080c2b30, C4<00000000>, C4<00000000>;
L_0000022108115040 .functor XOR 8, L_00000221081144e0, L_0000022108114160, C4<00000000>, C4<00000000>;
L_0000022108114550 .functor XOR 8, L_0000022108115040, L_00000221080c15f0, C4<00000000>, C4<00000000>;
L_0000022108114d30 .functor XOR 8, L_00000221080bf750, L_00000221080bf570, C4<00000000>, C4<00000000>;
L_00000221081146a0 .functor XOR 8, L_0000022108114d30, L_00000221080c37b0, C4<00000000>, C4<00000000>;
L_00000221081145c0 .functor XOR 8, L_00000221081146a0, L_0000022108113e50, C4<00000000>, C4<00000000>;
L_0000022108114940 .functor XOR 8, L_0000022108114780, L_00000221080bf570, C4<00000000>, C4<00000000>;
L_0000022108115190 .functor XOR 8, L_0000022108114940, L_00000221080bfe30, C4<00000000>, C4<00000000>;
L_0000022108115200 .functor XOR 8, L_0000022108115190, L_00000221080c24f0, C4<00000000>, C4<00000000>;
L_0000022108114a20 .functor XOR 8, L_00000221080c1eb0, L_00000221081157b0, C4<00000000>, C4<00000000>;
L_0000022108114a90 .functor XOR 8, L_0000022108114a20, L_00000221080bf7f0, C4<00000000>, C4<00000000>;
L_0000022108114b00 .functor XOR 8, L_0000022108114a90, L_00000221080bf930, C4<00000000>, C4<00000000>;
L_0000022108114da0 .functor XOR 8, L_00000221080bf890, L_00000221080c17d0, C4<00000000>, C4<00000000>;
L_0000022108114e10 .functor XOR 8, L_0000022108114da0, L_0000022108114b70, C4<00000000>, C4<00000000>;
L_00000221081150b0 .functor XOR 8, L_0000022108114e10, L_00000221080bf930, C4<00000000>, C4<00000000>;
L_0000022108115120 .functor XOR 8, L_00000221080bf890, L_00000221080c10f0, C4<00000000>, C4<00000000>;
L_0000022108115270 .functor XOR 8, L_0000022108115120, L_00000221080c2090, C4<00000000>, C4<00000000>;
L_0000022108115c80 .functor XOR 8, L_0000022108115270, L_0000022108114f60, C4<00000000>, C4<00000000>;
L_0000022108115c10 .functor XOR 8, L_0000022108114400, L_00000221080c10f0, C4<00000000>, C4<00000000>;
L_0000022108115b30 .functor XOR 8, L_0000022108115c10, L_00000221080bf7f0, C4<00000000>, C4<00000000>;
L_0000022108115a50 .functor XOR 8, L_0000022108115b30, L_00000221080c21d0, C4<00000000>, C4<00000000>;
v00000221080b29f0_0 .net *"_ivl_100", 7 0, L_0000022108115190;  1 drivers
v00000221080b15f0_0 .net *"_ivl_104", 7 0, L_0000022108114a20;  1 drivers
v00000221080b2770_0 .net *"_ivl_106", 7 0, L_0000022108114a90;  1 drivers
v00000221080b1550_0 .net *"_ivl_110", 7 0, L_0000022108114da0;  1 drivers
v00000221080b1910_0 .net *"_ivl_112", 7 0, L_0000022108114e10;  1 drivers
v00000221080b19b0_0 .net *"_ivl_116", 7 0, L_0000022108115120;  1 drivers
v00000221080b1a50_0 .net *"_ivl_118", 7 0, L_0000022108115270;  1 drivers
v00000221080b1c30_0 .net *"_ivl_122", 7 0, L_0000022108115c10;  1 drivers
v00000221080b1d70_0 .net *"_ivl_124", 7 0, L_0000022108115b30;  1 drivers
v00000221080b1ff0_0 .net *"_ivl_32", 7 0, L_00000221081141d0;  1 drivers
v00000221080b1e10_0 .net *"_ivl_34", 7 0, L_00000221081149b0;  1 drivers
v00000221080b2090_0 .net *"_ivl_38", 7 0, L_0000022108114240;  1 drivers
v00000221080b6a30_0 .net *"_ivl_40", 7 0, L_00000221081142b0;  1 drivers
v00000221080b5130_0 .net *"_ivl_44", 7 0, L_00000221081140f0;  1 drivers
v00000221080b5950_0 .net *"_ivl_46", 7 0, L_0000022108115740;  1 drivers
v00000221080b54f0_0 .net *"_ivl_50", 7 0, L_0000022108113ec0;  1 drivers
v00000221080b5ef0_0 .net *"_ivl_52", 7 0, L_0000022108115660;  1 drivers
v00000221080b6cb0_0 .net *"_ivl_56", 7 0, L_0000022108114860;  1 drivers
v00000221080b5810_0 .net *"_ivl_58", 7 0, L_00000221081147f0;  1 drivers
v00000221080b68f0_0 .net *"_ivl_62", 7 0, L_00000221081148d0;  1 drivers
v00000221080b5310_0 .net *"_ivl_64", 7 0, L_0000022108115820;  1 drivers
v00000221080b51d0_0 .net *"_ivl_68", 7 0, L_0000022108114080;  1 drivers
v00000221080b7250_0 .net *"_ivl_70", 7 0, L_0000022108115900;  1 drivers
v00000221080b5f90_0 .net *"_ivl_74", 7 0, L_0000022108114010;  1 drivers
v00000221080b7110_0 .net *"_ivl_76", 7 0, L_0000022108113f30;  1 drivers
v00000221080b5590_0 .net *"_ivl_80", 7 0, L_00000221081155f0;  1 drivers
v00000221080b4e10_0 .net *"_ivl_82", 7 0, L_0000022108114fd0;  1 drivers
v00000221080b62b0_0 .net *"_ivl_86", 7 0, L_00000221081144e0;  1 drivers
v00000221080b59f0_0 .net *"_ivl_88", 7 0, L_0000022108115040;  1 drivers
v00000221080b6670_0 .net *"_ivl_92", 7 0, L_0000022108114d30;  1 drivers
v00000221080b72f0_0 .net *"_ivl_94", 7 0, L_00000221081146a0;  1 drivers
v00000221080b53b0_0 .net *"_ivl_98", 7 0, L_0000022108114940;  1 drivers
v00000221080b67b0_0 .net "m0", 7 0, L_0000022108114390;  1 drivers
v00000221080b5a90_0 .net "m1", 7 0, L_0000022108115890;  1 drivers
v00000221080b7430_0 .net "m10", 7 0, L_00000221081145c0;  1 drivers
v00000221080b5bd0_0 .net "m11", 7 0, L_0000022108115200;  1 drivers
v00000221080b5b30_0 .net "m12", 7 0, L_0000022108114b00;  1 drivers
v00000221080b6f30_0 .net "m13", 7 0, L_00000221081150b0;  1 drivers
v00000221080b6ad0_0 .net "m14", 7 0, L_0000022108115c80;  1 drivers
v00000221080b7070_0 .net "m15", 7 0, L_0000022108115a50;  1 drivers
v00000221080b60d0_0 .net "m2", 7 0, L_0000022108114710;  1 drivers
v00000221080b6fd0_0 .net "m3", 7 0, L_0000022108114320;  1 drivers
v00000221080b6c10_0 .net "m4", 7 0, L_0000022108114cc0;  1 drivers
v00000221080b5630_0 .net "m5", 7 0, L_0000022108115510;  1 drivers
v00000221080b5450_0 .net "m6", 7 0, L_0000022108114c50;  1 drivers
v00000221080b5d10_0 .net "m7", 7 0, L_0000022108114470;  1 drivers
v00000221080b5c70_0 .net "m8", 7 0, L_0000022108114be0;  1 drivers
v00000221080b7390_0 .net "m9", 7 0, L_0000022108114550;  1 drivers
v00000221080b56d0_0 .net "s0", 7 0, L_00000221080bcb10;  1 drivers
v00000221080b74d0_0 .net "s0_2", 7 0, L_00000221080c0d30;  1 drivers
v00000221080b5770_0 .net "s0_3", 7 0, L_0000022108037a00;  1 drivers
v00000221080b6850_0 .net "s1", 7 0, L_00000221080bc890;  1 drivers
v00000221080b5e50_0 .net "s10", 7 0, L_00000221080bfe30;  1 drivers
v00000221080b5db0_0 .net "s10_2", 7 0, L_00000221080c37b0;  1 drivers
v00000221080b58b0_0 .net "s10_3", 7 0, L_0000022108114160;  1 drivers
v00000221080b71b0_0 .net "s11", 7 0, L_00000221080c15f0;  1 drivers
v00000221080b6030_0 .net "s11_2", 7 0, L_00000221080c24f0;  1 drivers
v00000221080b4d70_0 .net "s11_3", 7 0, L_0000022108113e50;  1 drivers
v00000221080b6b70_0 .net "s12", 7 0, L_00000221080bf890;  1 drivers
v00000221080b4ff0_0 .net "s12_2", 7 0, L_00000221080c1eb0;  1 drivers
v00000221080b6170_0 .net "s12_3", 7 0, L_0000022108114400;  1 drivers
v00000221080b6350_0 .net "s13", 7 0, L_00000221080c10f0;  1 drivers
v00000221080b6210_0 .net "s13_2", 7 0, L_00000221080c17d0;  1 drivers
v00000221080b63f0_0 .net "s13_3", 7 0, L_00000221081157b0;  1 drivers
v00000221080b6490_0 .net "s14", 7 0, L_00000221080bf7f0;  1 drivers
v00000221080b6530_0 .net "s14_2", 7 0, L_00000221080c2090;  1 drivers
v00000221080b65d0_0 .net "s14_3", 7 0, L_0000022108114b70;  1 drivers
v00000221080b6710_0 .net "s15", 7 0, L_00000221080bf930;  1 drivers
v00000221080b6df0_0 .net "s15_2", 7 0, L_00000221080c21d0;  1 drivers
v00000221080b6990_0 .net "s15_3", 7 0, L_0000022108114f60;  1 drivers
v00000221080b4eb0_0 .net "s1_2", 7 0, L_00000221080c05b0;  1 drivers
v00000221080b6d50_0 .net "s1_3", 7 0, L_0000022108037e60;  1 drivers
v00000221080b4f50_0 .net "s2", 7 0, L_00000221080bcbb0;  1 drivers
v00000221080b6e90_0 .net "s2_2", 7 0, L_00000221080c0ab0;  1 drivers
v00000221080b5090_0 .net "s2_3", 7 0, L_0000022108037ed0;  1 drivers
v00000221080b5270_0 .net "s3", 7 0, L_00000221080bc610;  1 drivers
v00000221080b7b10_0 .net "s3_2", 7 0, L_00000221080c1190;  1 drivers
v00000221080b9370_0 .net "s3_3", 7 0, L_0000022108038020;  1 drivers
v00000221080b9550_0 .net "s4", 7 0, L_00000221080bc6b0;  1 drivers
v00000221080b7cf0_0 .net "s4_2", 7 0, L_00000221080c1230;  1 drivers
v00000221080b7c50_0 .net "s4_3", 7 0, L_000002210802a300;  1 drivers
v00000221080b8150_0 .net "s5", 7 0, L_00000221080bc570;  1 drivers
v00000221080b9870_0 .net "s5_2", 7 0, L_00000221080c12d0;  1 drivers
v00000221080b76b0_0 .net "s5_3", 7 0, L_0000022107fa9a70;  1 drivers
v00000221080b8510_0 .net "s6", 7 0, L_00000221080bc930;  1 drivers
v00000221080b9910_0 .net "s6_2", 7 0, L_00000221080c08d0;  1 drivers
v00000221080b85b0_0 .net "s6_3", 7 0, L_0000022108115430;  1 drivers
v00000221080b8970_0 .net "s7", 7 0, L_00000221080bc9d0;  1 drivers
v00000221080b8830_0 .net "s7_2", 7 0, L_00000221080c1370;  1 drivers
v00000221080b7f70_0 .net "s7_3", 7 0, L_00000221081156d0;  1 drivers
v00000221080b99b0_0 .net "s8", 7 0, L_00000221080bf750;  1 drivers
v00000221080b79d0_0 .net "s8_2", 7 0, L_00000221080bf250;  1 drivers
v00000221080b8650_0 .net "s8_3", 7 0, L_0000022108114780;  1 drivers
v00000221080b9050_0 .net "s9", 7 0, L_00000221080bf570;  1 drivers
v00000221080b86f0_0 .net "s9_2", 7 0, L_00000221080c2b30;  1 drivers
v00000221080b80b0_0 .net "s9_3", 7 0, L_00000221081154a0;  1 drivers
v00000221080b81f0_0 .net "state_in", 127 0, o0000022108048bd8;  alias, 0 drivers
v00000221080b7a70_0 .net "state_out", 127 0, L_00000221080c6910;  alias, 1 drivers
L_00000221080bcb10 .part o0000022108048bd8, 120, 8;
L_00000221080bc890 .part o0000022108048bd8, 112, 8;
L_00000221080bcbb0 .part o0000022108048bd8, 104, 8;
L_00000221080bc610 .part o0000022108048bd8, 96, 8;
L_00000221080bc6b0 .part o0000022108048bd8, 88, 8;
L_00000221080bc570 .part o0000022108048bd8, 80, 8;
L_00000221080bc930 .part o0000022108048bd8, 72, 8;
L_00000221080bc9d0 .part o0000022108048bd8, 64, 8;
L_00000221080bf750 .part o0000022108048bd8, 56, 8;
L_00000221080bf570 .part o0000022108048bd8, 48, 8;
L_00000221080bfe30 .part o0000022108048bd8, 40, 8;
L_00000221080c15f0 .part o0000022108048bd8, 32, 8;
L_00000221080bf890 .part o0000022108048bd8, 24, 8;
L_00000221080c10f0 .part o0000022108048bd8, 16, 8;
L_00000221080bf7f0 .part o0000022108048bd8, 8, 8;
L_00000221080bf930 .part o0000022108048bd8, 0, 8;
LS_00000221080c6910_0_0 .concat [ 8 8 8 8], L_0000022108115a50, L_0000022108115c80, L_00000221081150b0, L_0000022108114b00;
LS_00000221080c6910_0_4 .concat [ 8 8 8 8], L_0000022108115200, L_00000221081145c0, L_0000022108114550, L_0000022108114be0;
LS_00000221080c6910_0_8 .concat [ 8 8 8 8], L_0000022108114470, L_0000022108114c50, L_0000022108115510, L_0000022108114cc0;
LS_00000221080c6910_0_12 .concat [ 8 8 8 8], L_0000022108114320, L_0000022108114710, L_0000022108115890, L_0000022108114390;
L_00000221080c6910 .concat [ 32 32 32 32], LS_00000221080c6910_0_0, LS_00000221080c6910_0_4, LS_00000221080c6910_0_8, LS_00000221080c6910_0_12;
S_0000022107f82980 .scope module, "u0_mul2" "mul2" 5 34, 6 1 0, S_0000022107f58300;
 .timescale 0 0;
    .port_info 0 /INPUT 8 "a";
    .port_info 1 /OUTPUT 8 "result";
L_00000221080c71e0 .functor BUFT 1, C4<00011011>, C4<0>, C4<0>, C4<0>;
L_00000221080378b0 .functor XOR 8, L_00000221080bfc50, L_00000221080c71e0, C4<00000000>, C4<00000000>;
v0000022108031cb0_0 .net *"_ivl_1", 0 0, L_00000221080bfbb0;  1 drivers
v0000022108032070_0 .net *"_ivl_10", 7 0, L_00000221080378b0;  1 drivers
v0000022108032570_0 .net *"_ivl_12", 7 0, L_00000221080bfcf0;  1 drivers
v0000022108031df0_0 .net *"_ivl_14", 6 0, L_00000221080c0510;  1 drivers
L_00000221080c7228 .functor BUFT 1, C4<0>, C4<0>, C4<0>, C4<0>;
v00000221080321b0_0 .net *"_ivl_16", 0 0, L_00000221080c7228;  1 drivers
v00000221080326b0_0 .net *"_ivl_2", 7 0, L_00000221080bfc50;  1 drivers
v0000022108032750_0 .net *"_ivl_4", 6 0, L_00000221080bf9d0;  1 drivers
L_00000221080c7198 .functor BUFT 1, C4<0>, C4<0>, C4<0>, C4<0>;
v0000022108032930_0 .net *"_ivl_6", 0 0, L_00000221080c7198;  1 drivers
v00000221080a08b0_0 .net/2u *"_ivl_8", 7 0, L_00000221080c71e0;  1 drivers
v00000221080a0810_0 .net "a", 7 0, L_00000221080bcb10;  alias, 1 drivers
v00000221080a06d0_0 .net "result", 7 0, L_00000221080c0d30;  alias, 1 drivers
L_00000221080bfbb0 .part L_00000221080bcb10, 7, 1;
L_00000221080bf9d0 .part L_00000221080bcb10, 0, 7;
L_00000221080bfc50 .concat [ 1 7 0 0], L_00000221080c7198, L_00000221080bf9d0;
L_00000221080c0510 .part L_00000221080bcb10, 0, 7;
L_00000221080bfcf0 .concat [ 1 7 0 0], L_00000221080c7228, L_00000221080c0510;
L_00000221080c0d30 .functor MUXZ 8, L_00000221080bfcf0, L_00000221080378b0, L_00000221080bfbb0, C4<>;
S_0000022107f82b10 .scope module, "u0_mul3" "mul3" 5 52, 7 3 0, S_0000022107f58300;
 .timescale 0 0;
    .port_info 0 /INPUT 8 "a";
    .port_info 1 /OUTPUT 8 "result";
L_0000022108037a00 .functor XOR 8, L_00000221080c2d10, L_00000221080bcb10, C4<00000000>, C4<00000000>;
v00000221080a0ef0_0 .net "a", 7 0, L_00000221080bcb10;  alias, 1 drivers
v00000221080a1170_0 .net "mul2_result", 7 0, L_00000221080c2d10;  1 drivers
v00000221080a1670_0 .net "result", 7 0, L_0000022108037a00;  alias, 1 drivers
S_0000022107f82ca0 .scope module, "u_mul2" "mul2" 7 9, 6 1 0, S_0000022107f82b10;
 .timescale 0 0;
    .port_info 0 /INPUT 8 "a";
    .port_info 1 /OUTPUT 8 "result";
L_00000221080c7f60 .functor BUFT 1, C4<00011011>, C4<0>, C4<0>, C4<0>;
L_0000022108038250 .functor XOR 8, L_00000221080c3a30, L_00000221080c7f60, C4<00000000>, C4<00000000>;
v00000221080a0a90_0 .net *"_ivl_1", 0 0, L_00000221080c3990;  1 drivers
v00000221080a10d0_0 .net *"_ivl_10", 7 0, L_0000022108038250;  1 drivers
v00000221080a1210_0 .net *"_ivl_12", 7 0, L_00000221080c3350;  1 drivers
v00000221080a0f90_0 .net *"_ivl_14", 6 0, L_00000221080c2950;  1 drivers
L_00000221080c7fa8 .functor BUFT 1, C4<0>, C4<0>, C4<0>, C4<0>;
v00000221080a0950_0 .net *"_ivl_16", 0 0, L_00000221080c7fa8;  1 drivers
v00000221080a13f0_0 .net *"_ivl_2", 7 0, L_00000221080c3a30;  1 drivers
v00000221080a0c70_0 .net *"_ivl_4", 6 0, L_00000221080c1cd0;  1 drivers
L_00000221080c7f18 .functor BUFT 1, C4<0>, C4<0>, C4<0>, C4<0>;
v00000221080a1ad0_0 .net *"_ivl_6", 0 0, L_00000221080c7f18;  1 drivers
v00000221080a0d10_0 .net/2u *"_ivl_8", 7 0, L_00000221080c7f60;  1 drivers
v00000221080a17b0_0 .net "a", 7 0, L_00000221080bcb10;  alias, 1 drivers
v00000221080a0590_0 .net "result", 7 0, L_00000221080c2d10;  alias, 1 drivers
L_00000221080c3990 .part L_00000221080bcb10, 7, 1;
L_00000221080c1cd0 .part L_00000221080bcb10, 0, 7;
L_00000221080c3a30 .concat [ 1 7 0 0], L_00000221080c7f18, L_00000221080c1cd0;
L_00000221080c2950 .part L_00000221080bcb10, 0, 7;
L_00000221080c3350 .concat [ 1 7 0 0], L_00000221080c7fa8, L_00000221080c2950;
L_00000221080c2d10 .functor MUXZ 8, L_00000221080c3350, L_0000022108038250, L_00000221080c3990, C4<>;
S_0000022107fa8dc0 .scope module, "u10_mul2" "mul2" 5 44, 6 1 0, S_0000022107f58300;
 .timescale 0 0;
    .port_info 0 /INPUT 8 "a";
    .port_info 1 /OUTPUT 8 "result";
L_00000221080c7a50 .functor BUFT 1, C4<00011011>, C4<0>, C4<0>, C4<0>;
L_00000221080386b0 .functor XOR 8, L_00000221080c29f0, L_00000221080c7a50, C4<00000000>, C4<00000000>;
v00000221080a15d0_0 .net *"_ivl_1", 0 0, L_00000221080c2450;  1 drivers
v00000221080a12b0_0 .net *"_ivl_10", 7 0, L_00000221080386b0;  1 drivers
v00000221080a1030_0 .net *"_ivl_12", 7 0, L_00000221080c1d70;  1 drivers
v00000221080a1b70_0 .net *"_ivl_14", 6 0, L_00000221080c3710;  1 drivers
L_00000221080c7a98 .functor BUFT 1, C4<0>, C4<0>, C4<0>, C4<0>;
v00000221080a1490_0 .net *"_ivl_16", 0 0, L_00000221080c7a98;  1 drivers
v00000221080a1990_0 .net *"_ivl_2", 7 0, L_00000221080c29f0;  1 drivers
v00000221080a1a30_0 .net *"_ivl_4", 6 0, L_00000221080c1ff0;  1 drivers
L_00000221080c7a08 .functor BUFT 1, C4<0>, C4<0>, C4<0>, C4<0>;
v00000221080a1350_0 .net *"_ivl_6", 0 0, L_00000221080c7a08;  1 drivers
v00000221080a1530_0 .net/2u *"_ivl_8", 7 0, L_00000221080c7a50;  1 drivers
v00000221080a0b30_0 .net "a", 7 0, L_00000221080bfe30;  alias, 1 drivers
v00000221080a0770_0 .net "result", 7 0, L_00000221080c37b0;  alias, 1 drivers
L_00000221080c2450 .part L_00000221080bfe30, 7, 1;
L_00000221080c1ff0 .part L_00000221080bfe30, 0, 7;
L_00000221080c29f0 .concat [ 1 7 0 0], L_00000221080c7a08, L_00000221080c1ff0;
L_00000221080c3710 .part L_00000221080bfe30, 0, 7;
L_00000221080c1d70 .concat [ 1 7 0 0], L_00000221080c7a98, L_00000221080c3710;
L_00000221080c37b0 .functor MUXZ 8, L_00000221080c1d70, L_00000221080386b0, L_00000221080c2450, C4<>;
S_0000022107fa8f50 .scope module, "u10_mul3" "mul3" 5 62, 7 3 0, S_0000022107f58300;
 .timescale 0 0;
    .port_info 0 /INPUT 8 "a";
    .port_info 1 /OUTPUT 8 "result";
L_0000022108114160 .functor XOR 8, L_00000221080c5d30, L_00000221080bfe30, C4<00000000>, C4<00000000>;
v000002210809e830_0 .net "a", 7 0, L_00000221080bfe30;  alias, 1 drivers
v000002210809dcf0_0 .net "mul2_result", 7 0, L_00000221080c5d30;  1 drivers
v000002210809de30_0 .net "result", 7 0, L_0000022108114160;  alias, 1 drivers
S_0000022107fa90e0 .scope module, "u_mul2" "mul2" 7 9, 6 1 0, S_0000022107fa8f50;
 .timescale 0 0;
    .port_info 0 /INPUT 8 "a";
    .port_info 1 /OUTPUT 8 "result";
L_00000221080c87d0 .functor BUFT 1, C4<00011011>, C4<0>, C4<0>, C4<0>;
L_0000022108114ef0 .functor XOR 8, L_00000221080c44d0, L_00000221080c87d0, C4<00000000>, C4<00000000>;
v00000221080a09f0_0 .net *"_ivl_1", 0 0, L_00000221080c5330;  1 drivers
v00000221080a0bd0_0 .net *"_ivl_10", 7 0, L_0000022108114ef0;  1 drivers
v00000221080a0db0_0 .net *"_ivl_12", 7 0, L_00000221080c47f0;  1 drivers
v00000221080a04f0_0 .net *"_ivl_14", 6 0, L_00000221080c65f0;  1 drivers
L_00000221080c8818 .functor BUFT 1, C4<0>, C4<0>, C4<0>, C4<0>;
v00000221080a1710_0 .net *"_ivl_16", 0 0, L_00000221080c8818;  1 drivers
v00000221080a1850_0 .net *"_ivl_2", 7 0, L_00000221080c44d0;  1 drivers
v00000221080a18f0_0 .net *"_ivl_4", 6 0, L_00000221080c4c50;  1 drivers
L_00000221080c8788 .functor BUFT 1, C4<0>, C4<0>, C4<0>, C4<0>;
v00000221080a0630_0 .net *"_ivl_6", 0 0, L_00000221080c8788;  1 drivers
v00000221080a0e50_0 .net/2u *"_ivl_8", 7 0, L_00000221080c87d0;  1 drivers
v000002210809f5f0_0 .net "a", 7 0, L_00000221080bfe30;  alias, 1 drivers
v000002210809e010_0 .net "result", 7 0, L_00000221080c5d30;  alias, 1 drivers
L_00000221080c5330 .part L_00000221080bfe30, 7, 1;
L_00000221080c4c50 .part L_00000221080bfe30, 0, 7;
L_00000221080c44d0 .concat [ 1 7 0 0], L_00000221080c8788, L_00000221080c4c50;
L_00000221080c65f0 .part L_00000221080bfe30, 0, 7;
L_00000221080c47f0 .concat [ 1 7 0 0], L_00000221080c8818, L_00000221080c65f0;
L_00000221080c5d30 .functor MUXZ 8, L_00000221080c47f0, L_0000022108114ef0, L_00000221080c5330, C4<>;
S_0000022107f87180 .scope module, "u11_mul2" "mul2" 5 45, 6 1 0, S_0000022107f58300;
 .timescale 0 0;
    .port_info 0 /INPUT 8 "a";
    .port_info 1 /OUTPUT 8 "result";
L_00000221080c7b28 .functor BUFT 1, C4<00011011>, C4<0>, C4<0>, C4<0>;
L_0000022108038100 .functor XOR 8, L_00000221080c1910, L_00000221080c7b28, C4<00000000>, C4<00000000>;
v00000221080a0270_0 .net *"_ivl_1", 0 0, L_00000221080c3490;  1 drivers
v000002210809ded0_0 .net *"_ivl_10", 7 0, L_0000022108038100;  1 drivers
v000002210809ff50_0 .net *"_ivl_12", 7 0, L_00000221080c2310;  1 drivers
v000002210809edd0_0 .net *"_ivl_14", 6 0, L_00000221080c2a90;  1 drivers
L_00000221080c7b70 .functor BUFT 1, C4<0>, C4<0>, C4<0>, C4<0>;
v000002210809ed30_0 .net *"_ivl_16", 0 0, L_00000221080c7b70;  1 drivers
v000002210809e3d0_0 .net *"_ivl_2", 7 0, L_00000221080c1910;  1 drivers
v00000221080a0310_0 .net *"_ivl_4", 6 0, L_00000221080c19b0;  1 drivers
L_00000221080c7ae0 .functor BUFT 1, C4<0>, C4<0>, C4<0>, C4<0>;
v000002210809eb50_0 .net *"_ivl_6", 0 0, L_00000221080c7ae0;  1 drivers
v000002210809ec90_0 .net/2u *"_ivl_8", 7 0, L_00000221080c7b28;  1 drivers
v000002210809ee70_0 .net "a", 7 0, L_00000221080c15f0;  alias, 1 drivers
v00000221080a0090_0 .net "result", 7 0, L_00000221080c24f0;  alias, 1 drivers
L_00000221080c3490 .part L_00000221080c15f0, 7, 1;
L_00000221080c19b0 .part L_00000221080c15f0, 0, 7;
L_00000221080c1910 .concat [ 1 7 0 0], L_00000221080c7ae0, L_00000221080c19b0;
L_00000221080c2a90 .part L_00000221080c15f0, 0, 7;
L_00000221080c2310 .concat [ 1 7 0 0], L_00000221080c7b70, L_00000221080c2a90;
L_00000221080c24f0 .functor MUXZ 8, L_00000221080c2310, L_0000022108038100, L_00000221080c3490, C4<>;
S_0000022107f87310 .scope module, "u11_mul3" "mul3" 5 63, 7 3 0, S_0000022107f58300;
 .timescale 0 0;
    .port_info 0 /INPUT 8 "a";
    .port_info 1 /OUTPUT 8 "result";
L_0000022108113e50 .functor XOR 8, L_00000221080c4930, L_00000221080c15f0, C4<00000000>, C4<00000000>;
v000002210809fb90_0 .net "a", 7 0, L_00000221080c15f0;  alias, 1 drivers
v000002210809e510_0 .net "mul2_result", 7 0, L_00000221080c4930;  1 drivers
v000002210809efb0_0 .net "result", 7 0, L_0000022108113e50;  alias, 1 drivers
S_0000022107f874a0 .scope module, "u_mul2" "mul2" 7 9, 6 1 0, S_0000022107f87310;
 .timescale 0 0;
    .port_info 0 /INPUT 8 "a";
    .port_info 1 /OUTPUT 8 "result";
L_00000221080c88a8 .functor BUFT 1, C4<00011011>, C4<0>, C4<0>, C4<0>;
L_0000022108115350 .functor XOR 8, L_00000221080c6730, L_00000221080c88a8, C4<00000000>, C4<00000000>;
v000002210809f370_0 .net *"_ivl_1", 0 0, L_00000221080c4890;  1 drivers
v000002210809ef10_0 .net *"_ivl_10", 7 0, L_0000022108115350;  1 drivers
v000002210809e330_0 .net *"_ivl_12", 7 0, L_00000221080c5bf0;  1 drivers
v000002210809e470_0 .net *"_ivl_14", 6 0, L_00000221080c56f0;  1 drivers
L_00000221080c88f0 .functor BUFT 1, C4<0>, C4<0>, C4<0>, C4<0>;
v000002210809e8d0_0 .net *"_ivl_16", 0 0, L_00000221080c88f0;  1 drivers
v000002210809faf0_0 .net *"_ivl_2", 7 0, L_00000221080c6730;  1 drivers
v000002210809e1f0_0 .net *"_ivl_4", 6 0, L_00000221080c4390;  1 drivers
L_00000221080c8860 .functor BUFT 1, C4<0>, C4<0>, C4<0>, C4<0>;
v000002210809e970_0 .net *"_ivl_6", 0 0, L_00000221080c8860;  1 drivers
v000002210809f410_0 .net/2u *"_ivl_8", 7 0, L_00000221080c88a8;  1 drivers
v000002210809fff0_0 .net "a", 7 0, L_00000221080c15f0;  alias, 1 drivers
v000002210809f050_0 .net "result", 7 0, L_00000221080c4930;  alias, 1 drivers
L_00000221080c4890 .part L_00000221080c15f0, 7, 1;
L_00000221080c4390 .part L_00000221080c15f0, 0, 7;
L_00000221080c6730 .concat [ 1 7 0 0], L_00000221080c8860, L_00000221080c4390;
L_00000221080c56f0 .part L_00000221080c15f0, 0, 7;
L_00000221080c5bf0 .concat [ 1 7 0 0], L_00000221080c88f0, L_00000221080c56f0;
L_00000221080c4930 .functor MUXZ 8, L_00000221080c5bf0, L_0000022108115350, L_00000221080c4890, C4<>;
S_0000022107f81450 .scope module, "u12_mul2" "mul2" 5 46, 6 1 0, S_0000022107f58300;
 .timescale 0 0;
    .port_info 0 /INPUT 8 "a";
    .port_info 1 /OUTPUT 8 "result";
L_00000221080c7c00 .functor BUFT 1, C4<00011011>, C4<0>, C4<0>, C4<0>;
L_00000221080377d0 .functor XOR 8, L_00000221080c3df0, L_00000221080c7c00, C4<00000000>, C4<00000000>;
v000002210809f2d0_0 .net *"_ivl_1", 0 0, L_00000221080c2590;  1 drivers
v000002210809e150_0 .net *"_ivl_10", 7 0, L_00000221080377d0;  1 drivers
v000002210809feb0_0 .net *"_ivl_12", 7 0, L_00000221080c2630;  1 drivers
v000002210809f9b0_0 .net *"_ivl_14", 6 0, L_00000221080c2770;  1 drivers
L_00000221080c7c48 .functor BUFT 1, C4<0>, C4<0>, C4<0>, C4<0>;
v000002210809f0f0_0 .net *"_ivl_16", 0 0, L_00000221080c7c48;  1 drivers
v000002210809e290_0 .net *"_ivl_2", 7 0, L_00000221080c3df0;  1 drivers
v000002210809f730_0 .net *"_ivl_4", 6 0, L_00000221080c1a50;  1 drivers
L_00000221080c7bb8 .functor BUFT 1, C4<0>, C4<0>, C4<0>, C4<0>;
v00000221080a03b0_0 .net *"_ivl_6", 0 0, L_00000221080c7bb8;  1 drivers
v000002210809e0b0_0 .net/2u *"_ivl_8", 7 0, L_00000221080c7c00;  1 drivers
v000002210809ea10_0 .net "a", 7 0, L_00000221080bf890;  alias, 1 drivers
v000002210809df70_0 .net "result", 7 0, L_00000221080c1eb0;  alias, 1 drivers
L_00000221080c2590 .part L_00000221080bf890, 7, 1;
L_00000221080c1a50 .part L_00000221080bf890, 0, 7;
L_00000221080c3df0 .concat [ 1 7 0 0], L_00000221080c7bb8, L_00000221080c1a50;
L_00000221080c2770 .part L_00000221080bf890, 0, 7;
L_00000221080c2630 .concat [ 1 7 0 0], L_00000221080c7c48, L_00000221080c2770;
L_00000221080c1eb0 .functor MUXZ 8, L_00000221080c2630, L_00000221080377d0, L_00000221080c2590, C4<>;
S_0000022107f815e0 .scope module, "u12_mul3" "mul3" 5 64, 7 3 0, S_0000022107f58300;
 .timescale 0 0;
    .port_info 0 /INPUT 8 "a";
    .port_info 1 /OUTPUT 8 "result";
L_0000022108114400 .functor XOR 8, L_00000221080c4a70, L_00000221080bf890, C4<00000000>, C4<00000000>;
v00000221080a0450_0 .net "a", 7 0, L_00000221080bf890;  alias, 1 drivers
v000002210809e5b0_0 .net "mul2_result", 7 0, L_00000221080c4a70;  1 drivers
v000002210809e650_0 .net "result", 7 0, L_0000022108114400;  alias, 1 drivers
S_0000022107f81770 .scope module, "u_mul2" "mul2" 7 9, 6 1 0, S_0000022107f815e0;
 .timescale 0 0;
    .port_info 0 /INPUT 8 "a";
    .port_info 1 /OUTPUT 8 "result";
L_00000221080c8980 .functor BUFT 1, C4<00011011>, C4<0>, C4<0>, C4<0>;
L_0000022108114630 .functor XOR 8, L_00000221080c5fb0, L_00000221080c8980, C4<00000000>, C4<00000000>;
v000002210809fa50_0 .net *"_ivl_1", 0 0, L_00000221080c3fd0;  1 drivers
v000002210809fc30_0 .net *"_ivl_10", 7 0, L_0000022108114630;  1 drivers
v000002210809ebf0_0 .net *"_ivl_12", 7 0, L_00000221080c53d0;  1 drivers
v000002210809f190_0 .net *"_ivl_14", 6 0, L_00000221080c6230;  1 drivers
L_00000221080c89c8 .functor BUFT 1, C4<0>, C4<0>, C4<0>, C4<0>;
v000002210809fcd0_0 .net *"_ivl_16", 0 0, L_00000221080c89c8;  1 drivers
v000002210809fd70_0 .net *"_ivl_2", 7 0, L_00000221080c5fb0;  1 drivers
v000002210809f910_0 .net *"_ivl_4", 6 0, L_00000221080c5c90;  1 drivers
L_00000221080c8938 .functor BUFT 1, C4<0>, C4<0>, C4<0>, C4<0>;
v000002210809fe10_0 .net *"_ivl_6", 0 0, L_00000221080c8938;  1 drivers
v000002210809dd90_0 .net/2u *"_ivl_8", 7 0, L_00000221080c8980;  1 drivers
v00000221080a0130_0 .net "a", 7 0, L_00000221080bf890;  alias, 1 drivers
v00000221080a01d0_0 .net "result", 7 0, L_00000221080c4a70;  alias, 1 drivers
L_00000221080c3fd0 .part L_00000221080bf890, 7, 1;
L_00000221080c5c90 .part L_00000221080bf890, 0, 7;
L_00000221080c5fb0 .concat [ 1 7 0 0], L_00000221080c8938, L_00000221080c5c90;
L_00000221080c6230 .part L_00000221080bf890, 0, 7;
L_00000221080c53d0 .concat [ 1 7 0 0], L_00000221080c89c8, L_00000221080c6230;
L_00000221080c4a70 .functor MUXZ 8, L_00000221080c53d0, L_0000022108114630, L_00000221080c3fd0, C4<>;
S_00000221080a1cf0 .scope module, "u13_mul2" "mul2" 5 47, 6 1 0, S_0000022107f58300;
 .timescale 0 0;
    .port_info 0 /INPUT 8 "a";
    .port_info 1 /OUTPUT 8 "result";
L_00000221080c7cd8 .functor BUFT 1, C4<00011011>, C4<0>, C4<0>, C4<0>;
L_0000022108037fb0 .functor XOR 8, L_00000221080c26d0, L_00000221080c7cd8, C4<00000000>, C4<00000000>;
v000002210809f870_0 .net *"_ivl_1", 0 0, L_00000221080c2bd0;  1 drivers
v000002210809e6f0_0 .net *"_ivl_10", 7 0, L_0000022108037fb0;  1 drivers
v000002210809f230_0 .net *"_ivl_12", 7 0, L_00000221080c1e10;  1 drivers
v000002210809f4b0_0 .net *"_ivl_14", 6 0, L_00000221080c30d0;  1 drivers
L_00000221080c7d20 .functor BUFT 1, C4<0>, C4<0>, C4<0>, C4<0>;
v000002210809e790_0 .net *"_ivl_16", 0 0, L_00000221080c7d20;  1 drivers
v000002210809f550_0 .net *"_ivl_2", 7 0, L_00000221080c26d0;  1 drivers
v000002210809eab0_0 .net *"_ivl_4", 6 0, L_00000221080c3850;  1 drivers
L_00000221080c7c90 .functor BUFT 1, C4<0>, C4<0>, C4<0>, C4<0>;
v000002210809f690_0 .net *"_ivl_6", 0 0, L_00000221080c7c90;  1 drivers
v000002210809f7d0_0 .net/2u *"_ivl_8", 7 0, L_00000221080c7cd8;  1 drivers
v00000221080a5290_0 .net "a", 7 0, L_00000221080c10f0;  alias, 1 drivers
v00000221080a3350_0 .net "result", 7 0, L_00000221080c17d0;  alias, 1 drivers
L_00000221080c2bd0 .part L_00000221080c10f0, 7, 1;
L_00000221080c3850 .part L_00000221080c10f0, 0, 7;
L_00000221080c26d0 .concat [ 1 7 0 0], L_00000221080c7c90, L_00000221080c3850;
L_00000221080c30d0 .part L_00000221080c10f0, 0, 7;
L_00000221080c1e10 .concat [ 1 7 0 0], L_00000221080c7d20, L_00000221080c30d0;
L_00000221080c17d0 .functor MUXZ 8, L_00000221080c1e10, L_0000022108037fb0, L_00000221080c2bd0, C4<>;
S_00000221080a2330 .scope module, "u13_mul3" "mul3" 5 65, 7 3 0, S_0000022107f58300;
 .timescale 0 0;
    .port_info 0 /INPUT 8 "a";
    .port_info 1 /OUTPUT 8 "result";
L_00000221081157b0 .functor XOR 8, L_00000221080c55b0, L_00000221080c10f0, C4<00000000>, C4<00000000>;
v00000221080a3030_0 .net "a", 7 0, L_00000221080c10f0;  alias, 1 drivers
v00000221080a4610_0 .net "mul2_result", 7 0, L_00000221080c55b0;  1 drivers
v00000221080a3e90_0 .net "result", 7 0, L_00000221081157b0;  alias, 1 drivers
S_00000221080a21a0 .scope module, "u_mul2" "mul2" 7 9, 6 1 0, S_00000221080a2330;
 .timescale 0 0;
    .port_info 0 /INPUT 8 "a";
    .port_info 1 /OUTPUT 8 "result";
L_00000221080c8a58 .functor BUFT 1, C4<00011011>, C4<0>, C4<0>, C4<0>;
L_0000022108115580 .functor XOR 8, L_00000221080c49d0, L_00000221080c8a58, C4<00000000>, C4<00000000>;
v00000221080a3990_0 .net *"_ivl_1", 0 0, L_00000221080c5470;  1 drivers
v00000221080a2db0_0 .net *"_ivl_10", 7 0, L_0000022108115580;  1 drivers
v00000221080a2f90_0 .net *"_ivl_12", 7 0, L_00000221080c5510;  1 drivers
v00000221080a4070_0 .net *"_ivl_14", 6 0, L_00000221080c4d90;  1 drivers
L_00000221080c8aa0 .functor BUFT 1, C4<0>, C4<0>, C4<0>, C4<0>;
v00000221080a4ed0_0 .net *"_ivl_16", 0 0, L_00000221080c8aa0;  1 drivers
v00000221080a3a30_0 .net *"_ivl_2", 7 0, L_00000221080c49d0;  1 drivers
v00000221080a3530_0 .net *"_ivl_4", 6 0, L_00000221080c4250;  1 drivers
L_00000221080c8a10 .functor BUFT 1, C4<0>, C4<0>, C4<0>, C4<0>;
v00000221080a4a70_0 .net *"_ivl_6", 0 0, L_00000221080c8a10;  1 drivers
v00000221080a4b10_0 .net/2u *"_ivl_8", 7 0, L_00000221080c8a58;  1 drivers
v00000221080a4d90_0 .net "a", 7 0, L_00000221080c10f0;  alias, 1 drivers
v00000221080a4750_0 .net "result", 7 0, L_00000221080c55b0;  alias, 1 drivers
L_00000221080c5470 .part L_00000221080c10f0, 7, 1;
L_00000221080c4250 .part L_00000221080c10f0, 0, 7;
L_00000221080c49d0 .concat [ 1 7 0 0], L_00000221080c8a10, L_00000221080c4250;
L_00000221080c4d90 .part L_00000221080c10f0, 0, 7;
L_00000221080c5510 .concat [ 1 7 0 0], L_00000221080c8aa0, L_00000221080c4d90;
L_00000221080c55b0 .functor MUXZ 8, L_00000221080c5510, L_0000022108115580, L_00000221080c5470, C4<>;
S_00000221080a1e80 .scope module, "u14_mul2" "mul2" 5 48, 6 1 0, S_0000022107f58300;
 .timescale 0 0;
    .port_info 0 /INPUT 8 "a";
    .port_info 1 /OUTPUT 8 "result";
L_00000221080c7db0 .functor BUFT 1, C4<00011011>, C4<0>, C4<0>, C4<0>;
L_0000022108037920 .functor XOR 8, L_00000221080c2810, L_00000221080c7db0, C4<00000000>, C4<00000000>;
v00000221080a4cf0_0 .net *"_ivl_1", 0 0, L_00000221080c2f90;  1 drivers
v00000221080a30d0_0 .net *"_ivl_10", 7 0, L_0000022108037920;  1 drivers
v00000221080a38f0_0 .net *"_ivl_12", 7 0, L_00000221080c2270;  1 drivers
v00000221080a3170_0 .net *"_ivl_14", 6 0, L_00000221080c3670;  1 drivers
L_00000221080c7df8 .functor BUFT 1, C4<0>, C4<0>, C4<0>, C4<0>;
v00000221080a4110_0 .net *"_ivl_16", 0 0, L_00000221080c7df8;  1 drivers
v00000221080a5010_0 .net *"_ivl_2", 7 0, L_00000221080c2810;  1 drivers
v00000221080a3cb0_0 .net *"_ivl_4", 6 0, L_00000221080c2c70;  1 drivers
L_00000221080c7d68 .functor BUFT 1, C4<0>, C4<0>, C4<0>, C4<0>;
v00000221080a41b0_0 .net *"_ivl_6", 0 0, L_00000221080c7d68;  1 drivers
v00000221080a50b0_0 .net/2u *"_ivl_8", 7 0, L_00000221080c7db0;  1 drivers
v00000221080a47f0_0 .net "a", 7 0, L_00000221080bf7f0;  alias, 1 drivers
v00000221080a3210_0 .net "result", 7 0, L_00000221080c2090;  alias, 1 drivers
L_00000221080c2f90 .part L_00000221080bf7f0, 7, 1;
L_00000221080c2c70 .part L_00000221080bf7f0, 0, 7;
L_00000221080c2810 .concat [ 1 7 0 0], L_00000221080c7d68, L_00000221080c2c70;
L_00000221080c3670 .part L_00000221080bf7f0, 0, 7;
L_00000221080c2270 .concat [ 1 7 0 0], L_00000221080c7df8, L_00000221080c3670;
L_00000221080c2090 .functor MUXZ 8, L_00000221080c2270, L_0000022108037920, L_00000221080c2f90, C4<>;
S_00000221080a2010 .scope module, "u14_mul3" "mul3" 5 66, 7 3 0, S_0000022107f58300;
 .timescale 0 0;
    .port_info 0 /INPUT 8 "a";
    .port_info 1 /OUTPUT 8 "result";
L_0000022108114b70 .functor XOR 8, L_00000221080c67d0, L_00000221080bf7f0, C4<00000000>, C4<00000000>;
v00000221080a3ad0_0 .net "a", 7 0, L_00000221080bf7f0;  alias, 1 drivers
v00000221080a4c50_0 .net "mul2_result", 7 0, L_00000221080c67d0;  1 drivers
v00000221080a3b70_0 .net "result", 7 0, L_0000022108114b70;  alias, 1 drivers
S_00000221080a24c0 .scope module, "u_mul2" "mul2" 7 9, 6 1 0, S_00000221080a2010;
 .timescale 0 0;
    .port_info 0 /INPUT 8 "a";
    .port_info 1 /OUTPUT 8 "result";
L_00000221080c8b30 .functor BUFT 1, C4<00011011>, C4<0>, C4<0>, C4<0>;
L_00000221081153c0 .functor XOR 8, L_00000221080c58d0, L_00000221080c8b30, C4<00000000>, C4<00000000>;
v00000221080a4430_0 .net *"_ivl_1", 0 0, L_00000221080c5650;  1 drivers
v00000221080a49d0_0 .net *"_ivl_10", 7 0, L_00000221081153c0;  1 drivers
v00000221080a4bb0_0 .net *"_ivl_12", 7 0, L_00000221080c6eb0;  1 drivers
v00000221080a5470_0 .net *"_ivl_14", 6 0, L_00000221080c5a10;  1 drivers
L_00000221080c8b78 .functor BUFT 1, C4<0>, C4<0>, C4<0>, C4<0>;
v00000221080a32b0_0 .net *"_ivl_16", 0 0, L_00000221080c8b78;  1 drivers
v00000221080a33f0_0 .net *"_ivl_2", 7 0, L_00000221080c58d0;  1 drivers
v00000221080a4f70_0 .net *"_ivl_4", 6 0, L_00000221080c5830;  1 drivers
L_00000221080c8ae8 .functor BUFT 1, C4<0>, C4<0>, C4<0>, C4<0>;
v00000221080a5150_0 .net *"_ivl_6", 0 0, L_00000221080c8ae8;  1 drivers
v00000221080a46b0_0 .net/2u *"_ivl_8", 7 0, L_00000221080c8b30;  1 drivers
v00000221080a4e30_0 .net "a", 7 0, L_00000221080bf7f0;  alias, 1 drivers
v00000221080a35d0_0 .net "result", 7 0, L_00000221080c67d0;  alias, 1 drivers
L_00000221080c5650 .part L_00000221080bf7f0, 7, 1;
L_00000221080c5830 .part L_00000221080bf7f0, 0, 7;
L_00000221080c58d0 .concat [ 1 7 0 0], L_00000221080c8ae8, L_00000221080c5830;
L_00000221080c5a10 .part L_00000221080bf7f0, 0, 7;
L_00000221080c6eb0 .concat [ 1 7 0 0], L_00000221080c8b78, L_00000221080c5a10;
L_00000221080c67d0 .functor MUXZ 8, L_00000221080c6eb0, L_00000221081153c0, L_00000221080c5650, C4<>;
S_00000221080a2650 .scope module, "u15_mul2" "mul2" 5 49, 6 1 0, S_0000022107f58300;
 .timescale 0 0;
    .port_info 0 /INPUT 8 "a";
    .port_info 1 /OUTPUT 8 "result";
L_00000221080c7e88 .functor BUFT 1, C4<00011011>, C4<0>, C4<0>, C4<0>;
L_00000221080381e0 .functor XOR 8, L_00000221080c28b0, L_00000221080c7e88, C4<00000000>, C4<00000000>;
v00000221080a3c10_0 .net *"_ivl_1", 0 0, L_00000221080c2130;  1 drivers
v00000221080a51f0_0 .net *"_ivl_10", 7 0, L_00000221080381e0;  1 drivers
v00000221080a3d50_0 .net *"_ivl_12", 7 0, L_00000221080c38f0;  1 drivers
v00000221080a3850_0 .net *"_ivl_14", 6 0, L_00000221080c3170;  1 drivers
L_00000221080c7ed0 .functor BUFT 1, C4<0>, C4<0>, C4<0>, C4<0>;
v00000221080a3f30_0 .net *"_ivl_16", 0 0, L_00000221080c7ed0;  1 drivers
v00000221080a3df0_0 .net *"_ivl_2", 7 0, L_00000221080c28b0;  1 drivers
v00000221080a5330_0 .net *"_ivl_4", 6 0, L_00000221080c35d0;  1 drivers
L_00000221080c7e40 .functor BUFT 1, C4<0>, C4<0>, C4<0>, C4<0>;
v00000221080a42f0_0 .net *"_ivl_6", 0 0, L_00000221080c7e40;  1 drivers
v00000221080a3fd0_0 .net/2u *"_ivl_8", 7 0, L_00000221080c7e88;  1 drivers
v00000221080a3670_0 .net "a", 7 0, L_00000221080bf930;  alias, 1 drivers
v00000221080a53d0_0 .net "result", 7 0, L_00000221080c21d0;  alias, 1 drivers
L_00000221080c2130 .part L_00000221080bf930, 7, 1;
L_00000221080c35d0 .part L_00000221080bf930, 0, 7;
L_00000221080c28b0 .concat [ 1 7 0 0], L_00000221080c7e40, L_00000221080c35d0;
L_00000221080c3170 .part L_00000221080bf930, 0, 7;
L_00000221080c38f0 .concat [ 1 7 0 0], L_00000221080c7ed0, L_00000221080c3170;
L_00000221080c21d0 .functor MUXZ 8, L_00000221080c38f0, L_00000221080381e0, L_00000221080c2130, C4<>;
S_00000221080a27e0 .scope module, "u15_mul3" "mul3" 5 67, 7 3 0, S_0000022107f58300;
 .timescale 0 0;
    .port_info 0 /INPUT 8 "a";
    .port_info 1 /OUTPUT 8 "result";
L_0000022108114f60 .functor XOR 8, L_00000221080c6d70, L_00000221080bf930, C4<00000000>, C4<00000000>;
v00000221080a4930_0 .net "a", 7 0, L_00000221080bf930;  alias, 1 drivers
v00000221080a55b0_0 .net "mul2_result", 7 0, L_00000221080c6d70;  1 drivers
v00000221080a6af0_0 .net "result", 7 0, L_0000022108114f60;  alias, 1 drivers
S_00000221080a2970 .scope module, "u_mul2" "mul2" 7 9, 6 1 0, S_00000221080a27e0;
 .timescale 0 0;
    .port_info 0 /INPUT 8 "a";
    .port_info 1 /OUTPUT 8 "result";
L_00000221080c8c08 .functor BUFT 1, C4<00011011>, C4<0>, C4<0>, C4<0>;
L_0000022108113fa0 .functor XOR 8, L_00000221080c69b0, L_00000221080c8c08, C4<00000000>, C4<00000000>;
v00000221080a3490_0 .net *"_ivl_1", 0 0, L_00000221080c6af0;  1 drivers
v00000221080a3710_0 .net *"_ivl_10", 7 0, L_0000022108113fa0;  1 drivers
v00000221080a44d0_0 .net *"_ivl_12", 7 0, L_00000221080c6b90;  1 drivers
v00000221080a2e50_0 .net *"_ivl_14", 6 0, L_00000221080c6870;  1 drivers
L_00000221080c8c50 .functor BUFT 1, C4<0>, C4<0>, C4<0>, C4<0>;
v00000221080a4250_0 .net *"_ivl_16", 0 0, L_00000221080c8c50;  1 drivers
v00000221080a4570_0 .net *"_ivl_2", 7 0, L_00000221080c69b0;  1 drivers
v00000221080a2d10_0 .net *"_ivl_4", 6 0, L_00000221080c6cd0;  1 drivers
L_00000221080c8bc0 .functor BUFT 1, C4<0>, C4<0>, C4<0>, C4<0>;
v00000221080a4390_0 .net *"_ivl_6", 0 0, L_00000221080c8bc0;  1 drivers
v00000221080a37b0_0 .net/2u *"_ivl_8", 7 0, L_00000221080c8c08;  1 drivers
v00000221080a2ef0_0 .net "a", 7 0, L_00000221080bf930;  alias, 1 drivers
v00000221080a4890_0 .net "result", 7 0, L_00000221080c6d70;  alias, 1 drivers
L_00000221080c6af0 .part L_00000221080bf930, 7, 1;
L_00000221080c6cd0 .part L_00000221080bf930, 0, 7;
L_00000221080c69b0 .concat [ 1 7 0 0], L_00000221080c8bc0, L_00000221080c6cd0;
L_00000221080c6870 .part L_00000221080bf930, 0, 7;
L_00000221080c6b90 .concat [ 1 7 0 0], L_00000221080c8c50, L_00000221080c6870;
L_00000221080c6d70 .functor MUXZ 8, L_00000221080c6b90, L_0000022108113fa0, L_00000221080c6af0, C4<>;
S_00000221080a2b00 .scope module, "u1_mul2" "mul2" 5 35, 6 1 0, S_0000022107f58300;
 .timescale 0 0;
    .port_info 0 /INPUT 8 "a";
    .port_info 1 /OUTPUT 8 "result";
L_00000221080c72b8 .functor BUFT 1, C4<00011011>, C4<0>, C4<0>, C4<0>;
L_0000022108038480 .functor XOR 8, L_00000221080bfd90, L_00000221080c72b8, C4<00000000>, C4<00000000>;
v00000221080a6b90_0 .net *"_ivl_1", 0 0, L_00000221080c1050;  1 drivers
v00000221080a5b50_0 .net *"_ivl_10", 7 0, L_0000022108038480;  1 drivers
v00000221080a5e70_0 .net *"_ivl_12", 7 0, L_00000221080c0dd0;  1 drivers
v00000221080a58d0_0 .net *"_ivl_14", 6 0, L_00000221080bfed0;  1 drivers
L_00000221080c7300 .functor BUFT 1, C4<0>, C4<0>, C4<0>, C4<0>;
v00000221080a5510_0 .net *"_ivl_16", 0 0, L_00000221080c7300;  1 drivers
v00000221080a6190_0 .net *"_ivl_2", 7 0, L_00000221080bfd90;  1 drivers
v00000221080a67d0_0 .net *"_ivl_4", 6 0, L_00000221080c0a10;  1 drivers
L_00000221080c7270 .functor BUFT 1, C4<0>, C4<0>, C4<0>, C4<0>;
v00000221080a6730_0 .net *"_ivl_6", 0 0, L_00000221080c7270;  1 drivers
v00000221080a6370_0 .net/2u *"_ivl_8", 7 0, L_00000221080c72b8;  1 drivers
v00000221080a6690_0 .net "a", 7 0, L_00000221080bc890;  alias, 1 drivers
v00000221080a64b0_0 .net "result", 7 0, L_00000221080c05b0;  alias, 1 drivers
L_00000221080c1050 .part L_00000221080bc890, 7, 1;
L_00000221080c0a10 .part L_00000221080bc890, 0, 7;
L_00000221080bfd90 .concat [ 1 7 0 0], L_00000221080c7270, L_00000221080c0a10;
L_00000221080bfed0 .part L_00000221080bc890, 0, 7;
L_00000221080c0dd0 .concat [ 1 7 0 0], L_00000221080c7300, L_00000221080bfed0;
L_00000221080c05b0 .functor MUXZ 8, L_00000221080c0dd0, L_0000022108038480, L_00000221080c1050, C4<>;
S_00000221080aaad0 .scope module, "u1_mul3" "mul3" 5 53, 7 3 0, S_0000022107f58300;
 .timescale 0 0;
    .port_info 0 /INPUT 8 "a";
    .port_info 1 /OUTPUT 8 "result";
L_0000022108037e60 .functor XOR 8, L_00000221080c2e50, L_00000221080bc890, C4<00000000>, C4<00000000>;
v00000221080a5830_0 .net "a", 7 0, L_00000221080bc890;  alias, 1 drivers
v00000221080a62d0_0 .net "mul2_result", 7 0, L_00000221080c2e50;  1 drivers
v00000221080a6410_0 .net "result", 7 0, L_0000022108037e60;  alias, 1 drivers
S_00000221080a8d20 .scope module, "u_mul2" "mul2" 7 9, 6 1 0, S_00000221080aaad0;
 .timescale 0 0;
    .port_info 0 /INPUT 8 "a";
    .port_info 1 /OUTPUT 8 "result";
L_00000221080c8038 .functor BUFT 1, C4<00011011>, C4<0>, C4<0>, C4<0>;
L_0000022108037a70 .functor XOR 8, L_00000221080c3b70, L_00000221080c8038, C4<00000000>, C4<00000000>;
v00000221080a5650_0 .net *"_ivl_1", 0 0, L_00000221080c3ad0;  1 drivers
v00000221080a6870_0 .net *"_ivl_10", 7 0, L_0000022108037a70;  1 drivers
v00000221080a5d30_0 .net *"_ivl_12", 7 0, L_00000221080c3c10;  1 drivers
v00000221080a56f0_0 .net *"_ivl_14", 6 0, L_00000221080c2db0;  1 drivers
L_00000221080c8080 .functor BUFT 1, C4<0>, C4<0>, C4<0>, C4<0>;
v00000221080a5bf0_0 .net *"_ivl_16", 0 0, L_00000221080c8080;  1 drivers
v00000221080a5a10_0 .net *"_ivl_2", 7 0, L_00000221080c3b70;  1 drivers
v00000221080a5790_0 .net *"_ivl_4", 6 0, L_00000221080c1c30;  1 drivers
L_00000221080c7ff0 .functor BUFT 1, C4<0>, C4<0>, C4<0>, C4<0>;
v00000221080a69b0_0 .net *"_ivl_6", 0 0, L_00000221080c7ff0;  1 drivers
v00000221080a6230_0 .net/2u *"_ivl_8", 7 0, L_00000221080c8038;  1 drivers
v00000221080a6910_0 .net "a", 7 0, L_00000221080bc890;  alias, 1 drivers
v00000221080a5c90_0 .net "result", 7 0, L_00000221080c2e50;  alias, 1 drivers
L_00000221080c3ad0 .part L_00000221080bc890, 7, 1;
L_00000221080c1c30 .part L_00000221080bc890, 0, 7;
L_00000221080c3b70 .concat [ 1 7 0 0], L_00000221080c7ff0, L_00000221080c1c30;
L_00000221080c2db0 .part L_00000221080bc890, 0, 7;
L_00000221080c3c10 .concat [ 1 7 0 0], L_00000221080c8080, L_00000221080c2db0;
L_00000221080c2e50 .functor MUXZ 8, L_00000221080c3c10, L_0000022108037a70, L_00000221080c3ad0, C4<>;
S_00000221080a9e50 .scope module, "u2_mul2" "mul2" 5 36, 6 1 0, S_0000022107f58300;
 .timescale 0 0;
    .port_info 0 /INPUT 8 "a";
    .port_info 1 /OUTPUT 8 "result";
L_00000221080c7390 .functor BUFT 1, C4<00011011>, C4<0>, C4<0>, C4<0>;
L_00000221080384f0 .functor XOR 8, L_00000221080bff70, L_00000221080c7390, C4<00000000>, C4<00000000>;
v00000221080a5970_0 .net *"_ivl_1", 0 0, L_00000221080bf1b0;  1 drivers
v00000221080a60f0_0 .net *"_ivl_10", 7 0, L_00000221080384f0;  1 drivers
v00000221080a5dd0_0 .net *"_ivl_12", 7 0, L_00000221080bf430;  1 drivers
v00000221080a5ab0_0 .net *"_ivl_14", 6 0, L_00000221080bfa70;  1 drivers
L_00000221080c73d8 .functor BUFT 1, C4<0>, C4<0>, C4<0>, C4<0>;
v00000221080a5f10_0 .net *"_ivl_16", 0 0, L_00000221080c73d8;  1 drivers
v00000221080a5fb0_0 .net *"_ivl_2", 7 0, L_00000221080bff70;  1 drivers
v00000221080a6050_0 .net *"_ivl_4", 6 0, L_00000221080c0650;  1 drivers
L_00000221080c7348 .functor BUFT 1, C4<0>, C4<0>, C4<0>, C4<0>;
v00000221080a6550_0 .net *"_ivl_6", 0 0, L_00000221080c7348;  1 drivers
v00000221080a65f0_0 .net/2u *"_ivl_8", 7 0, L_00000221080c7390;  1 drivers
v00000221080a6a50_0 .net "a", 7 0, L_00000221080bcbb0;  alias, 1 drivers
v00000221080acd20_0 .net "result", 7 0, L_00000221080c0ab0;  alias, 1 drivers
L_00000221080bf1b0 .part L_00000221080bcbb0, 7, 1;
L_00000221080c0650 .part L_00000221080bcbb0, 0, 7;
L_00000221080bff70 .concat [ 1 7 0 0], L_00000221080c7348, L_00000221080c0650;
L_00000221080bfa70 .part L_00000221080bcbb0, 0, 7;
L_00000221080bf430 .concat [ 1 7 0 0], L_00000221080c73d8, L_00000221080bfa70;
L_00000221080c0ab0 .functor MUXZ 8, L_00000221080bf430, L_00000221080384f0, L_00000221080bf1b0, C4<>;
S_00000221080a9680 .scope module, "u2_mul3" "mul3" 5 54, 7 3 0, S_0000022107f58300;
 .timescale 0 0;
    .port_info 0 /INPUT 8 "a";
    .port_info 1 /OUTPUT 8 "result";
L_0000022108037ed0 .functor XOR 8, L_00000221080c1870, L_00000221080bcbb0, C4<00000000>, C4<00000000>;
v00000221080ac6e0_0 .net "a", 7 0, L_00000221080bcbb0;  alias, 1 drivers
v00000221080ab060_0 .net "mul2_result", 7 0, L_00000221080c1870;  1 drivers
v00000221080ad360_0 .net "result", 7 0, L_0000022108037ed0;  alias, 1 drivers
S_00000221080a9fe0 .scope module, "u_mul2" "mul2" 7 9, 6 1 0, S_00000221080a9680;
 .timescale 0 0;
    .port_info 0 /INPUT 8 "a";
    .port_info 1 /OUTPUT 8 "result";
L_00000221080c8110 .functor BUFT 1, C4<00011011>, C4<0>, C4<0>, C4<0>;
L_0000022108037bc0 .functor XOR 8, L_00000221080c3cb0, L_00000221080c8110, C4<00000000>, C4<00000000>;
v00000221080ab2e0_0 .net *"_ivl_1", 0 0, L_00000221080c3f30;  1 drivers
v00000221080aba60_0 .net *"_ivl_10", 7 0, L_0000022108037bc0;  1 drivers
v00000221080acbe0_0 .net *"_ivl_12", 7 0, L_00000221080c32b0;  1 drivers
v00000221080ac1e0_0 .net *"_ivl_14", 6 0, L_00000221080c3210;  1 drivers
L_00000221080c8158 .functor BUFT 1, C4<0>, C4<0>, C4<0>, C4<0>;
v00000221080abd80_0 .net *"_ivl_16", 0 0, L_00000221080c8158;  1 drivers
v00000221080ab420_0 .net *"_ivl_2", 7 0, L_00000221080c3cb0;  1 drivers
v00000221080ad4a0_0 .net *"_ivl_4", 6 0, L_00000221080c2ef0;  1 drivers
L_00000221080c80c8 .functor BUFT 1, C4<0>, C4<0>, C4<0>, C4<0>;
v00000221080abe20_0 .net *"_ivl_6", 0 0, L_00000221080c80c8;  1 drivers
v00000221080aca00_0 .net/2u *"_ivl_8", 7 0, L_00000221080c8110;  1 drivers
v00000221080acaa0_0 .net "a", 7 0, L_00000221080bcbb0;  alias, 1 drivers
v00000221080ac460_0 .net "result", 7 0, L_00000221080c1870;  alias, 1 drivers
L_00000221080c3f30 .part L_00000221080bcbb0, 7, 1;
L_00000221080c2ef0 .part L_00000221080bcbb0, 0, 7;
L_00000221080c3cb0 .concat [ 1 7 0 0], L_00000221080c80c8, L_00000221080c2ef0;
L_00000221080c3210 .part L_00000221080bcbb0, 0, 7;
L_00000221080c32b0 .concat [ 1 7 0 0], L_00000221080c8158, L_00000221080c3210;
L_00000221080c1870 .functor MUXZ 8, L_00000221080c32b0, L_0000022108037bc0, L_00000221080c3f30, C4<>;
S_00000221080a8eb0 .scope module, "u3_mul2" "mul2" 5 37, 6 1 0, S_0000022107f58300;
 .timescale 0 0;
    .port_info 0 /INPUT 8 "a";
    .port_info 1 /OUTPUT 8 "result";
L_00000221080c7468 .functor BUFT 1, C4<00011011>, C4<0>, C4<0>, C4<0>;
L_0000022108038560 .functor XOR 8, L_00000221080c0010, L_00000221080c7468, C4<00000000>, C4<00000000>;
v00000221080acb40_0 .net *"_ivl_1", 0 0, L_00000221080bfb10;  1 drivers
v00000221080aaf20_0 .net *"_ivl_10", 7 0, L_0000022108038560;  1 drivers
v00000221080ab380_0 .net *"_ivl_12", 7 0, L_00000221080bf610;  1 drivers
v00000221080ac8c0_0 .net *"_ivl_14", 6 0, L_00000221080c06f0;  1 drivers
L_00000221080c74b0 .functor BUFT 1, C4<0>, C4<0>, C4<0>, C4<0>;
v00000221080acdc0_0 .net *"_ivl_16", 0 0, L_00000221080c74b0;  1 drivers
v00000221080ad040_0 .net *"_ivl_2", 7 0, L_00000221080c0010;  1 drivers
v00000221080abec0_0 .net *"_ivl_4", 6 0, L_00000221080bf4d0;  1 drivers
L_00000221080c7420 .functor BUFT 1, C4<0>, C4<0>, C4<0>, C4<0>;
v00000221080ab100_0 .net *"_ivl_6", 0 0, L_00000221080c7420;  1 drivers
v00000221080acf00_0 .net/2u *"_ivl_8", 7 0, L_00000221080c7468;  1 drivers
v00000221080ad400_0 .net "a", 7 0, L_00000221080bc610;  alias, 1 drivers
v00000221080abba0_0 .net "result", 7 0, L_00000221080c1190;  alias, 1 drivers
L_00000221080bfb10 .part L_00000221080bc610, 7, 1;
L_00000221080bf4d0 .part L_00000221080bc610, 0, 7;
L_00000221080c0010 .concat [ 1 7 0 0], L_00000221080c7420, L_00000221080bf4d0;
L_00000221080c06f0 .part L_00000221080bc610, 0, 7;
L_00000221080bf610 .concat [ 1 7 0 0], L_00000221080c74b0, L_00000221080c06f0;
L_00000221080c1190 .functor MUXZ 8, L_00000221080bf610, L_0000022108038560, L_00000221080bfb10, C4<>;
S_00000221080aa170 .scope module, "u3_mul3" "mul3" 5 55, 7 3 0, S_0000022107f58300;
 .timescale 0 0;
    .port_info 0 /INPUT 8 "a";
    .port_info 1 /OUTPUT 8 "result";
L_0000022108038020 .functor XOR 8, L_00000221080c1b90, L_00000221080bc610, C4<00000000>, C4<00000000>;
v00000221080abf60_0 .net "a", 7 0, L_00000221080bc610;  alias, 1 drivers
v00000221080ac320_0 .net "mul2_result", 7 0, L_00000221080c1b90;  1 drivers
v00000221080acc80_0 .net "result", 7 0, L_0000022108038020;  alias, 1 drivers
S_00000221080a9040 .scope module, "u_mul2" "mul2" 7 9, 6 1 0, S_00000221080aa170;
 .timescale 0 0;
    .port_info 0 /INPUT 8 "a";
    .port_info 1 /OUTPUT 8 "result";
L_00000221080c81e8 .functor BUFT 1, C4<00011011>, C4<0>, C4<0>, C4<0>;
L_0000022108037c30 .functor XOR 8, L_00000221080c3d50, L_00000221080c81e8, C4<00000000>, C4<00000000>;
v00000221080ab6a0_0 .net *"_ivl_1", 0 0, L_00000221080c3030;  1 drivers
v00000221080ac280_0 .net *"_ivl_10", 7 0, L_0000022108037c30;  1 drivers
v00000221080aad40_0 .net *"_ivl_12", 7 0, L_00000221080c1af0;  1 drivers
v00000221080ab4c0_0 .net *"_ivl_14", 6 0, L_00000221080c3e90;  1 drivers
L_00000221080c8230 .functor BUFT 1, C4<0>, C4<0>, C4<0>, C4<0>;
v00000221080ab560_0 .net *"_ivl_16", 0 0, L_00000221080c8230;  1 drivers
v00000221080ac780_0 .net *"_ivl_2", 7 0, L_00000221080c3d50;  1 drivers
v00000221080abb00_0 .net *"_ivl_4", 6 0, L_00000221080c33f0;  1 drivers
L_00000221080c81a0 .functor BUFT 1, C4<0>, C4<0>, C4<0>, C4<0>;
v00000221080aade0_0 .net *"_ivl_6", 0 0, L_00000221080c81a0;  1 drivers
v00000221080abc40_0 .net/2u *"_ivl_8", 7 0, L_00000221080c81e8;  1 drivers
v00000221080ace60_0 .net "a", 7 0, L_00000221080bc610;  alias, 1 drivers
v00000221080aae80_0 .net "result", 7 0, L_00000221080c1b90;  alias, 1 drivers
L_00000221080c3030 .part L_00000221080bc610, 7, 1;
L_00000221080c33f0 .part L_00000221080bc610, 0, 7;
L_00000221080c3d50 .concat [ 1 7 0 0], L_00000221080c81a0, L_00000221080c33f0;
L_00000221080c3e90 .part L_00000221080bc610, 0, 7;
L_00000221080c1af0 .concat [ 1 7 0 0], L_00000221080c8230, L_00000221080c3e90;
L_00000221080c1b90 .functor MUXZ 8, L_00000221080c1af0, L_0000022108037c30, L_00000221080c3030, C4<>;
S_00000221080aa7b0 .scope module, "u4_mul2" "mul2" 5 38, 6 1 0, S_0000022107f58300;
 .timescale 0 0;
    .port_info 0 /INPUT 8 "a";
    .port_info 1 /OUTPUT 8 "result";
L_00000221080c7540 .functor BUFT 1, C4<00011011>, C4<0>, C4<0>, C4<0>;
L_0000022108038330 .functor XOR 8, L_00000221080c0fb0, L_00000221080c7540, C4<00000000>, C4<00000000>;
v00000221080acfa0_0 .net *"_ivl_1", 0 0, L_00000221080c00b0;  1 drivers
v00000221080ad0e0_0 .net *"_ivl_10", 7 0, L_0000022108038330;  1 drivers
v00000221080ad180_0 .net *"_ivl_12", 7 0, L_00000221080c0150;  1 drivers
v00000221080ab600_0 .net *"_ivl_14", 6 0, L_00000221080c0790;  1 drivers
L_00000221080c7588 .functor BUFT 1, C4<0>, C4<0>, C4<0>, C4<0>;
v00000221080ab740_0 .net *"_ivl_16", 0 0, L_00000221080c7588;  1 drivers
v00000221080ab7e0_0 .net *"_ivl_2", 7 0, L_00000221080c0fb0;  1 drivers
v00000221080ac000_0 .net *"_ivl_4", 6 0, L_00000221080befd0;  1 drivers
L_00000221080c74f8 .functor BUFT 1, C4<0>, C4<0>, C4<0>, C4<0>;
v00000221080ab880_0 .net *"_ivl_6", 0 0, L_00000221080c74f8;  1 drivers
v00000221080ad220_0 .net/2u *"_ivl_8", 7 0, L_00000221080c7540;  1 drivers
v00000221080aafc0_0 .net "a", 7 0, L_00000221080bc6b0;  alias, 1 drivers
v00000221080ab1a0_0 .net "result", 7 0, L_00000221080c1230;  alias, 1 drivers
L_00000221080c00b0 .part L_00000221080bc6b0, 7, 1;
L_00000221080befd0 .part L_00000221080bc6b0, 0, 7;
L_00000221080c0fb0 .concat [ 1 7 0 0], L_00000221080c74f8, L_00000221080befd0;
L_00000221080c0790 .part L_00000221080bc6b0, 0, 7;
L_00000221080c0150 .concat [ 1 7 0 0], L_00000221080c7588, L_00000221080c0790;
L_00000221080c1230 .functor MUXZ 8, L_00000221080c0150, L_0000022108038330, L_00000221080c00b0, C4<>;
S_00000221080a99a0 .scope module, "u4_mul3" "mul3" 5 56, 7 3 0, S_0000022107f58300;
 .timescale 0 0;
    .port_info 0 /INPUT 8 "a";
    .port_info 1 /OUTPUT 8 "result";
L_000002210802a300 .functor XOR 8, L_00000221080c5790, L_00000221080bc6b0, C4<00000000>, C4<00000000>;
v00000221080ac640_0 .net "a", 7 0, L_00000221080bc6b0;  alias, 1 drivers
v00000221080ac960_0 .net "mul2_result", 7 0, L_00000221080c5790;  1 drivers
v00000221080adb80_0 .net "result", 7 0, L_000002210802a300;  alias, 1 drivers
S_00000221080a9360 .scope module, "u_mul2" "mul2" 7 9, 6 1 0, S_00000221080a99a0;
 .timescale 0 0;
    .port_info 0 /INPUT 8 "a";
    .port_info 1 /OUTPUT 8 "result";
L_00000221080c82c0 .functor BUFT 1, C4<00011011>, C4<0>, C4<0>, C4<0>;
L_000002210802a290 .functor XOR 8, L_00000221080c4070, L_00000221080c82c0, C4<00000000>, C4<00000000>;
v00000221080abce0_0 .net *"_ivl_1", 0 0, L_00000221080c51f0;  1 drivers
v00000221080ac5a0_0 .net *"_ivl_10", 7 0, L_000002210802a290;  1 drivers
v00000221080ac140_0 .net *"_ivl_12", 7 0, L_00000221080c6410;  1 drivers
v00000221080ad2c0_0 .net *"_ivl_14", 6 0, L_00000221080c60f0;  1 drivers
L_00000221080c8308 .functor BUFT 1, C4<0>, C4<0>, C4<0>, C4<0>;
v00000221080ac820_0 .net *"_ivl_16", 0 0, L_00000221080c8308;  1 drivers
v00000221080ab240_0 .net *"_ivl_2", 7 0, L_00000221080c4070;  1 drivers
v00000221080ac3c0_0 .net *"_ivl_4", 6 0, L_00000221080c4f70;  1 drivers
L_00000221080c8278 .functor BUFT 1, C4<0>, C4<0>, C4<0>, C4<0>;
v00000221080ab920_0 .net *"_ivl_6", 0 0, L_00000221080c8278;  1 drivers
v00000221080ac500_0 .net/2u *"_ivl_8", 7 0, L_00000221080c82c0;  1 drivers
v00000221080ab9c0_0 .net "a", 7 0, L_00000221080bc6b0;  alias, 1 drivers
v00000221080ac0a0_0 .net "result", 7 0, L_00000221080c5790;  alias, 1 drivers
L_00000221080c51f0 .part L_00000221080bc6b0, 7, 1;
L_00000221080c4f70 .part L_00000221080bc6b0, 0, 7;
L_00000221080c4070 .concat [ 1 7 0 0], L_00000221080c8278, L_00000221080c4f70;
L_00000221080c60f0 .part L_00000221080bc6b0, 0, 7;
L_00000221080c6410 .concat [ 1 7 0 0], L_00000221080c8308, L_00000221080c60f0;
L_00000221080c5790 .functor MUXZ 8, L_00000221080c6410, L_000002210802a290, L_00000221080c51f0, C4<>;
S_00000221080a94f0 .scope module, "u5_mul2" "mul2" 5 39, 6 1 0, S_0000022107f58300;
 .timescale 0 0;
    .port_info 0 /INPUT 8 "a";
    .port_info 1 /OUTPUT 8 "result";
L_00000221080c7618 .functor BUFT 1, C4<00011011>, C4<0>, C4<0>, C4<0>;
L_0000022108037df0 .functor XOR 8, L_00000221080c0290, L_00000221080c7618, C4<00000000>, C4<00000000>;
v00000221080aebc0_0 .net *"_ivl_1", 0 0, L_00000221080c01f0;  1 drivers
v00000221080ae080_0 .net *"_ivl_10", 7 0, L_0000022108037df0;  1 drivers
v00000221080adcc0_0 .net *"_ivl_12", 7 0, L_00000221080c0c90;  1 drivers
v00000221080adf40_0 .net *"_ivl_14", 6 0, L_00000221080c0830;  1 drivers
L_00000221080c7660 .functor BUFT 1, C4<0>, C4<0>, C4<0>, C4<0>;
v00000221080ae120_0 .net *"_ivl_16", 0 0, L_00000221080c7660;  1 drivers
v00000221080ae440_0 .net *"_ivl_2", 7 0, L_00000221080c0290;  1 drivers
v00000221080adfe0_0 .net *"_ivl_4", 6 0, L_00000221080c1410;  1 drivers
L_00000221080c75d0 .functor BUFT 1, C4<0>, C4<0>, C4<0>, C4<0>;
v00000221080ad5e0_0 .net *"_ivl_6", 0 0, L_00000221080c75d0;  1 drivers
v00000221080ad860_0 .net/2u *"_ivl_8", 7 0, L_00000221080c7618;  1 drivers
v00000221080add60_0 .net "a", 7 0, L_00000221080bc570;  alias, 1 drivers
v00000221080adc20_0 .net "result", 7 0, L_00000221080c12d0;  alias, 1 drivers
L_00000221080c01f0 .part L_00000221080bc570, 7, 1;
L_00000221080c1410 .part L_00000221080bc570, 0, 7;
L_00000221080c0290 .concat [ 1 7 0 0], L_00000221080c75d0, L_00000221080c1410;
L_00000221080c0830 .part L_00000221080bc570, 0, 7;
L_00000221080c0c90 .concat [ 1 7 0 0], L_00000221080c7660, L_00000221080c0830;
L_00000221080c12d0 .functor MUXZ 8, L_00000221080c0c90, L_0000022108037df0, L_00000221080c01f0, C4<>;
S_00000221080a91d0 .scope module, "u5_mul3" "mul3" 5 57, 7 3 0, S_0000022107f58300;
 .timescale 0 0;
    .port_info 0 /INPUT 8 "a";
    .port_info 1 /OUTPUT 8 "result";
L_0000022107fa9a70 .functor XOR 8, L_00000221080c6050, L_00000221080bc570, C4<00000000>, C4<00000000>;
v00000221080ae9e0_0 .net "a", 7 0, L_00000221080bc570;  alias, 1 drivers
v00000221080ae3a0_0 .net "mul2_result", 7 0, L_00000221080c6050;  1 drivers
v00000221080ae580_0 .net "result", 7 0, L_0000022107fa9a70;  alias, 1 drivers
S_00000221080aa300 .scope module, "u_mul2" "mul2" 7 9, 6 1 0, S_00000221080a91d0;
 .timescale 0 0;
    .port_info 0 /INPUT 8 "a";
    .port_info 1 /OUTPUT 8 "result";
L_00000221080c8398 .functor BUFT 1, C4<00011011>, C4<0>, C4<0>, C4<0>;
L_0000022107f73b00 .functor XOR 8, L_00000221080c4e30, L_00000221080c8398, C4<00000000>, C4<00000000>;
v00000221080ae4e0_0 .net *"_ivl_1", 0 0, L_00000221080c4110;  1 drivers
v00000221080ae1c0_0 .net *"_ivl_10", 7 0, L_0000022107f73b00;  1 drivers
v00000221080ad540_0 .net *"_ivl_12", 7 0, L_00000221080c5dd0;  1 drivers
v00000221080ae8a0_0 .net *"_ivl_14", 6 0, L_00000221080c4570;  1 drivers
L_00000221080c83e0 .functor BUFT 1, C4<0>, C4<0>, C4<0>, C4<0>;
v00000221080ade00_0 .net *"_ivl_16", 0 0, L_00000221080c83e0;  1 drivers
v00000221080ae940_0 .net *"_ivl_2", 7 0, L_00000221080c4e30;  1 drivers
v00000221080adea0_0 .net *"_ivl_4", 6 0, L_00000221080c5e70;  1 drivers
L_00000221080c8350 .functor BUFT 1, C4<0>, C4<0>, C4<0>, C4<0>;
v00000221080ae260_0 .net *"_ivl_6", 0 0, L_00000221080c8350;  1 drivers
v00000221080adae0_0 .net/2u *"_ivl_8", 7 0, L_00000221080c8398;  1 drivers
v00000221080ad900_0 .net "a", 7 0, L_00000221080bc570;  alias, 1 drivers
v00000221080ae300_0 .net "result", 7 0, L_00000221080c6050;  alias, 1 drivers
L_00000221080c4110 .part L_00000221080bc570, 7, 1;
L_00000221080c5e70 .part L_00000221080bc570, 0, 7;
L_00000221080c4e30 .concat [ 1 7 0 0], L_00000221080c8350, L_00000221080c5e70;
L_00000221080c4570 .part L_00000221080bc570, 0, 7;
L_00000221080c5dd0 .concat [ 1 7 0 0], L_00000221080c83e0, L_00000221080c4570;
L_00000221080c6050 .functor MUXZ 8, L_00000221080c5dd0, L_0000022107f73b00, L_00000221080c4110, C4<>;
S_00000221080a9810 .scope module, "u6_mul2" "mul2" 5 40, 6 1 0, S_0000022107f58300;
 .timescale 0 0;
    .port_info 0 /INPUT 8 "a";
    .port_info 1 /OUTPUT 8 "result";
L_00000221080c76f0 .functor BUFT 1, C4<00011011>, C4<0>, C4<0>, C4<0>;
L_0000022108037f40 .functor XOR 8, L_00000221080bf6b0, L_00000221080c76f0, C4<00000000>, C4<00000000>;
v00000221080ae620_0 .net *"_ivl_1", 0 0, L_00000221080c0470;  1 drivers
v00000221080ae6c0_0 .net *"_ivl_10", 7 0, L_0000022108037f40;  1 drivers
v00000221080ad9a0_0 .net *"_ivl_12", 7 0, L_00000221080c03d0;  1 drivers
v00000221080aea80_0 .net *"_ivl_14", 6 0, L_00000221080c0e70;  1 drivers
L_00000221080c7738 .functor BUFT 1, C4<0>, C4<0>, C4<0>, C4<0>;
v00000221080ae760_0 .net *"_ivl_16", 0 0, L_00000221080c7738;  1 drivers
v00000221080ae800_0 .net *"_ivl_2", 7 0, L_00000221080bf6b0;  1 drivers
v00000221080ad720_0 .net *"_ivl_4", 6 0, L_00000221080c0330;  1 drivers
L_00000221080c76a8 .functor BUFT 1, C4<0>, C4<0>, C4<0>, C4<0>;
v00000221080ada40_0 .net *"_ivl_6", 0 0, L_00000221080c76a8;  1 drivers
v00000221080aeb20_0 .net/2u *"_ivl_8", 7 0, L_00000221080c76f0;  1 drivers
v00000221080ad680_0 .net "a", 7 0, L_00000221080bc930;  alias, 1 drivers
v00000221080ad7c0_0 .net "result", 7 0, L_00000221080c08d0;  alias, 1 drivers
L_00000221080c0470 .part L_00000221080bc930, 7, 1;
L_00000221080c0330 .part L_00000221080bc930, 0, 7;
L_00000221080bf6b0 .concat [ 1 7 0 0], L_00000221080c76a8, L_00000221080c0330;
L_00000221080c0e70 .part L_00000221080bc930, 0, 7;
L_00000221080c03d0 .concat [ 1 7 0 0], L_00000221080c7738, L_00000221080c0e70;
L_00000221080c08d0 .functor MUXZ 8, L_00000221080c03d0, L_0000022108037f40, L_00000221080c0470, C4<>;
S_00000221080a9b30 .scope module, "u6_mul3" "mul3" 5 58, 7 3 0, S_0000022107f58300;
 .timescale 0 0;
    .port_info 0 /INPUT 8 "a";
    .port_info 1 /OUTPUT 8 "result";
L_0000022108115430 .functor XOR 8, L_00000221080c5010, L_00000221080bc930, C4<00000000>, C4<00000000>;
v00000221080b0330_0 .net "a", 7 0, L_00000221080bc930;  alias, 1 drivers
v00000221080b0650_0 .net "mul2_result", 7 0, L_00000221080c5010;  1 drivers
v00000221080aefd0_0 .net "result", 7 0, L_0000022108115430;  alias, 1 drivers
S_00000221080a9cc0 .scope module, "u_mul2" "mul2" 7 9, 6 1 0, S_00000221080a9b30;
 .timescale 0 0;
    .port_info 0 /INPUT 8 "a";
    .port_info 1 /OUTPUT 8 "result";
L_00000221080c8470 .functor BUFT 1, C4<00011011>, C4<0>, C4<0>, C4<0>;
L_0000022108113d70 .functor XOR 8, L_00000221080c5970, L_00000221080c8470, C4<00000000>, C4<00000000>;
v00000221080b0b50_0 .net *"_ivl_1", 0 0, L_00000221080c6370;  1 drivers
v00000221080b0e70_0 .net *"_ivl_10", 7 0, L_0000022108113d70;  1 drivers
v00000221080b0c90_0 .net *"_ivl_12", 7 0, L_00000221080c5b50;  1 drivers
v00000221080af2f0_0 .net *"_ivl_14", 6 0, L_00000221080c42f0;  1 drivers
L_00000221080c84b8 .functor BUFT 1, C4<0>, C4<0>, C4<0>, C4<0>;
v00000221080b0bf0_0 .net *"_ivl_16", 0 0, L_00000221080c84b8;  1 drivers
v00000221080b1410_0 .net *"_ivl_2", 7 0, L_00000221080c5970;  1 drivers
v00000221080b0fb0_0 .net *"_ivl_4", 6 0, L_00000221080c5ab0;  1 drivers
L_00000221080c8428 .functor BUFT 1, C4<0>, C4<0>, C4<0>, C4<0>;
v00000221080b0f10_0 .net *"_ivl_6", 0 0, L_00000221080c8428;  1 drivers
v00000221080b0d30_0 .net/2u *"_ivl_8", 7 0, L_00000221080c8470;  1 drivers
v00000221080af390_0 .net "a", 7 0, L_00000221080bc930;  alias, 1 drivers
v00000221080b0dd0_0 .net "result", 7 0, L_00000221080c5010;  alias, 1 drivers
L_00000221080c6370 .part L_00000221080bc930, 7, 1;
L_00000221080c5ab0 .part L_00000221080bc930, 0, 7;
L_00000221080c5970 .concat [ 1 7 0 0], L_00000221080c8428, L_00000221080c5ab0;
L_00000221080c42f0 .part L_00000221080bc930, 0, 7;
L_00000221080c5b50 .concat [ 1 7 0 0], L_00000221080c84b8, L_00000221080c42f0;
L_00000221080c5010 .functor MUXZ 8, L_00000221080c5b50, L_0000022108113d70, L_00000221080c6370, C4<>;
S_00000221080aa490 .scope module, "u7_mul2" "mul2" 5 41, 6 1 0, S_0000022107f58300;
 .timescale 0 0;
    .port_info 0 /INPUT 8 "a";
    .port_info 1 /OUTPUT 8 "result";
L_00000221080c77c8 .functor BUFT 1, C4<00011011>, C4<0>, C4<0>, C4<0>;
L_0000022108038090 .functor XOR 8, L_00000221080bf110, L_00000221080c77c8, C4<00000000>, C4<00000000>;
v00000221080afcf0_0 .net *"_ivl_1", 0 0, L_00000221080c1690;  1 drivers
v00000221080b0290_0 .net *"_ivl_10", 7 0, L_0000022108038090;  1 drivers
v00000221080af750_0 .net *"_ivl_12", 7 0, L_00000221080c0970;  1 drivers
v00000221080b1050_0 .net *"_ivl_14", 6 0, L_00000221080c0f10;  1 drivers
L_00000221080c7810 .functor BUFT 1, C4<0>, C4<0>, C4<0>, C4<0>;
v00000221080aee90_0 .net *"_ivl_16", 0 0, L_00000221080c7810;  1 drivers
v00000221080b0830_0 .net *"_ivl_2", 7 0, L_00000221080bf110;  1 drivers
v00000221080aff70_0 .net *"_ivl_4", 6 0, L_00000221080bf070;  1 drivers
L_00000221080c7780 .functor BUFT 1, C4<0>, C4<0>, C4<0>, C4<0>;
v00000221080aef30_0 .net *"_ivl_6", 0 0, L_00000221080c7780;  1 drivers
v00000221080b0470_0 .net/2u *"_ivl_8", 7 0, L_00000221080c77c8;  1 drivers
v00000221080b0a10_0 .net "a", 7 0, L_00000221080bc9d0;  alias, 1 drivers
v00000221080af9d0_0 .net "result", 7 0, L_00000221080c1370;  alias, 1 drivers
L_00000221080c1690 .part L_00000221080bc9d0, 7, 1;
L_00000221080bf070 .part L_00000221080bc9d0, 0, 7;
L_00000221080bf110 .concat [ 1 7 0 0], L_00000221080c7780, L_00000221080bf070;
L_00000221080c0f10 .part L_00000221080bc9d0, 0, 7;
L_00000221080c0970 .concat [ 1 7 0 0], L_00000221080c7810, L_00000221080c0f10;
L_00000221080c1370 .functor MUXZ 8, L_00000221080c0970, L_0000022108038090, L_00000221080c1690, C4<>;
S_00000221080aa620 .scope module, "u7_mul3" "mul3" 5 59, 7 3 0, S_0000022107f58300;
 .timescale 0 0;
    .port_info 0 /INPUT 8 "a";
    .port_info 1 /OUTPUT 8 "result";
L_00000221081156d0 .functor XOR 8, L_00000221080c4cf0, L_00000221080bc9d0, C4<00000000>, C4<00000000>;
v00000221080aedf0_0 .net "a", 7 0, L_00000221080bc9d0;  alias, 1 drivers
v00000221080b12d0_0 .net "mul2_result", 7 0, L_00000221080c4cf0;  1 drivers
v00000221080af890_0 .net "result", 7 0, L_00000221081156d0;  alias, 1 drivers
S_00000221080aa940 .scope module, "u_mul2" "mul2" 7 9, 6 1 0, S_00000221080aa620;
 .timescale 0 0;
    .port_info 0 /INPUT 8 "a";
    .port_info 1 /OUTPUT 8 "result";
L_00000221080c8548 .functor BUFT 1, C4<00011011>, C4<0>, C4<0>, C4<0>;
L_0000022108114e80 .functor XOR 8, L_00000221080c4430, L_00000221080c8548, C4<00000000>, C4<00000000>;
v00000221080b10f0_0 .net *"_ivl_1", 0 0, L_00000221080c62d0;  1 drivers
v00000221080b1190_0 .net *"_ivl_10", 7 0, L_0000022108114e80;  1 drivers
v00000221080afe30_0 .net *"_ivl_12", 7 0, L_00000221080c46b0;  1 drivers
v00000221080b1230_0 .net *"_ivl_14", 6 0, L_00000221080c4610;  1 drivers
L_00000221080c8590 .functor BUFT 1, C4<0>, C4<0>, C4<0>, C4<0>;
v00000221080b0ab0_0 .net *"_ivl_16", 0 0, L_00000221080c8590;  1 drivers
v00000221080afc50_0 .net *"_ivl_2", 7 0, L_00000221080c4430;  1 drivers
v00000221080b0970_0 .net *"_ivl_4", 6 0, L_00000221080c4b10;  1 drivers
L_00000221080c8500 .functor BUFT 1, C4<0>, C4<0>, C4<0>, C4<0>;
v00000221080b06f0_0 .net *"_ivl_6", 0 0, L_00000221080c8500;  1 drivers
v00000221080af070_0 .net/2u *"_ivl_8", 7 0, L_00000221080c8548;  1 drivers
v00000221080b1370_0 .net "a", 7 0, L_00000221080bc9d0;  alias, 1 drivers
v00000221080aed50_0 .net "result", 7 0, L_00000221080c4cf0;  alias, 1 drivers
L_00000221080c62d0 .part L_00000221080bc9d0, 7, 1;
L_00000221080c4b10 .part L_00000221080bc9d0, 0, 7;
L_00000221080c4430 .concat [ 1 7 0 0], L_00000221080c8500, L_00000221080c4b10;
L_00000221080c4610 .part L_00000221080bc9d0, 0, 7;
L_00000221080c46b0 .concat [ 1 7 0 0], L_00000221080c8590, L_00000221080c4610;
L_00000221080c4cf0 .functor MUXZ 8, L_00000221080c46b0, L_0000022108114e80, L_00000221080c62d0, C4<>;
S_00000221080b4010 .scope module, "u8_mul2" "mul2" 5 42, 6 1 0, S_0000022107f58300;
 .timescale 0 0;
    .port_info 0 /INPUT 8 "a";
    .port_info 1 /OUTPUT 8 "result";
L_00000221080c78a0 .functor BUFT 1, C4<00011011>, C4<0>, C4<0>, C4<0>;
L_0000022108037ae0 .functor XOR 8, L_00000221080c14b0, L_00000221080c78a0, C4<00000000>, C4<00000000>;
v00000221080af4d0_0 .net *"_ivl_1", 0 0, L_00000221080c0b50;  1 drivers
v00000221080afd90_0 .net *"_ivl_10", 7 0, L_0000022108037ae0;  1 drivers
v00000221080afed0_0 .net *"_ivl_12", 7 0, L_00000221080c1730;  1 drivers
v00000221080b08d0_0 .net *"_ivl_14", 6 0, L_00000221080c1550;  1 drivers
L_00000221080c78e8 .functor BUFT 1, C4<0>, C4<0>, C4<0>, C4<0>;
v00000221080af430_0 .net *"_ivl_16", 0 0, L_00000221080c78e8;  1 drivers
v00000221080b0010_0 .net *"_ivl_2", 7 0, L_00000221080c14b0;  1 drivers
v00000221080af570_0 .net *"_ivl_4", 6 0, L_00000221080c0bf0;  1 drivers
L_00000221080c7858 .functor BUFT 1, C4<0>, C4<0>, C4<0>, C4<0>;
v00000221080b00b0_0 .net *"_ivl_6", 0 0, L_00000221080c7858;  1 drivers
v00000221080af610_0 .net/2u *"_ivl_8", 7 0, L_00000221080c78a0;  1 drivers
v00000221080af6b0_0 .net "a", 7 0, L_00000221080bf750;  alias, 1 drivers
v00000221080b14b0_0 .net "result", 7 0, L_00000221080bf250;  alias, 1 drivers
L_00000221080c0b50 .part L_00000221080bf750, 7, 1;
L_00000221080c0bf0 .part L_00000221080bf750, 0, 7;
L_00000221080c14b0 .concat [ 1 7 0 0], L_00000221080c7858, L_00000221080c0bf0;
L_00000221080c1550 .part L_00000221080bf750, 0, 7;
L_00000221080c1730 .concat [ 1 7 0 0], L_00000221080c78e8, L_00000221080c1550;
L_00000221080bf250 .functor MUXZ 8, L_00000221080c1730, L_0000022108037ae0, L_00000221080c0b50, C4<>;
S_00000221080b3200 .scope module, "u8_mul3" "mul3" 5 60, 7 3 0, S_0000022107f58300;
 .timescale 0 0;
    .port_info 0 /INPUT 8 "a";
    .port_info 1 /OUTPUT 8 "result";
L_0000022108114780 .functor XOR 8, L_00000221080c6190, L_00000221080bf750, C4<00000000>, C4<00000000>;
v00000221080b0510_0 .net "a", 7 0, L_00000221080bf750;  alias, 1 drivers
v00000221080b05b0_0 .net "mul2_result", 7 0, L_00000221080c6190;  1 drivers
v00000221080b0790_0 .net "result", 7 0, L_0000022108114780;  alias, 1 drivers
S_00000221080b4970 .scope module, "u_mul2" "mul2" 7 9, 6 1 0, S_00000221080b3200;
 .timescale 0 0;
    .port_info 0 /INPUT 8 "a";
    .port_info 1 /OUTPUT 8 "result";
L_00000221080c8620 .functor BUFT 1, C4<00011011>, C4<0>, C4<0>, C4<0>;
L_00000221081152e0 .functor XOR 8, L_00000221080c4ed0, L_00000221080c8620, C4<00000000>, C4<00000000>;
v00000221080af110_0 .net *"_ivl_1", 0 0, L_00000221080c4bb0;  1 drivers
v00000221080afa70_0 .net *"_ivl_10", 7 0, L_00000221081152e0;  1 drivers
v00000221080af7f0_0 .net *"_ivl_12", 7 0, L_00000221080c5f10;  1 drivers
v00000221080af250_0 .net *"_ivl_14", 6 0, L_00000221080c4750;  1 drivers
L_00000221080c8668 .functor BUFT 1, C4<0>, C4<0>, C4<0>, C4<0>;
v00000221080af930_0 .net *"_ivl_16", 0 0, L_00000221080c8668;  1 drivers
v00000221080af1b0_0 .net *"_ivl_2", 7 0, L_00000221080c4ed0;  1 drivers
v00000221080afb10_0 .net *"_ivl_4", 6 0, L_00000221080c50b0;  1 drivers
L_00000221080c85d8 .functor BUFT 1, C4<0>, C4<0>, C4<0>, C4<0>;
v00000221080b0150_0 .net *"_ivl_6", 0 0, L_00000221080c85d8;  1 drivers
v00000221080afbb0_0 .net/2u *"_ivl_8", 7 0, L_00000221080c8620;  1 drivers
v00000221080b01f0_0 .net "a", 7 0, L_00000221080bf750;  alias, 1 drivers
v00000221080b03d0_0 .net "result", 7 0, L_00000221080c6190;  alias, 1 drivers
L_00000221080c4bb0 .part L_00000221080bf750, 7, 1;
L_00000221080c50b0 .part L_00000221080bf750, 0, 7;
L_00000221080c4ed0 .concat [ 1 7 0 0], L_00000221080c85d8, L_00000221080c50b0;
L_00000221080c4750 .part L_00000221080bf750, 0, 7;
L_00000221080c5f10 .concat [ 1 7 0 0], L_00000221080c8668, L_00000221080c4750;
L_00000221080c6190 .functor MUXZ 8, L_00000221080c5f10, L_00000221081152e0, L_00000221080c4bb0, C4<>;
S_00000221080b3840 .scope module, "u9_mul2" "mul2" 5 43, 6 1 0, S_0000022107f58300;
 .timescale 0 0;
    .port_info 0 /INPUT 8 "a";
    .port_info 1 /OUTPUT 8 "result";
L_00000221080c7978 .functor BUFT 1, C4<00011011>, C4<0>, C4<0>, C4<0>;
L_0000022108038640 .functor XOR 8, L_00000221080c1f50, L_00000221080c7978, C4<00000000>, C4<00000000>;
v00000221080b21d0_0 .net *"_ivl_1", 0 0, L_00000221080bf2f0;  1 drivers
v00000221080b17d0_0 .net *"_ivl_10", 7 0, L_0000022108038640;  1 drivers
v00000221080b2950_0 .net *"_ivl_12", 7 0, L_00000221080c3530;  1 drivers
v00000221080b24f0_0 .net *"_ivl_14", 6 0, L_00000221080c23b0;  1 drivers
L_00000221080c79c0 .functor BUFT 1, C4<0>, C4<0>, C4<0>, C4<0>;
v00000221080b1f50_0 .net *"_ivl_16", 0 0, L_00000221080c79c0;  1 drivers
v00000221080b1870_0 .net *"_ivl_2", 7 0, L_00000221080c1f50;  1 drivers
v00000221080b2450_0 .net *"_ivl_4", 6 0, L_00000221080bf390;  1 drivers
L_00000221080c7930 .functor BUFT 1, C4<0>, C4<0>, C4<0>, C4<0>;
v00000221080b2bd0_0 .net *"_ivl_6", 0 0, L_00000221080c7930;  1 drivers
v00000221080b1730_0 .net/2u *"_ivl_8", 7 0, L_00000221080c7978;  1 drivers
v00000221080b1b90_0 .net "a", 7 0, L_00000221080bf570;  alias, 1 drivers
v00000221080b1690_0 .net "result", 7 0, L_00000221080c2b30;  alias, 1 drivers
L_00000221080bf2f0 .part L_00000221080bf570, 7, 1;
L_00000221080bf390 .part L_00000221080bf570, 0, 7;
L_00000221080c1f50 .concat [ 1 7 0 0], L_00000221080c7930, L_00000221080bf390;
L_00000221080c23b0 .part L_00000221080bf570, 0, 7;
L_00000221080c3530 .concat [ 1 7 0 0], L_00000221080c79c0, L_00000221080c23b0;
L_00000221080c2b30 .functor MUXZ 8, L_00000221080c3530, L_0000022108038640, L_00000221080bf2f0, C4<>;
S_00000221080b39d0 .scope module, "u9_mul3" "mul3" 5 61, 7 3 0, S_0000022107f58300;
 .timescale 0 0;
    .port_info 0 /INPUT 8 "a";
    .port_info 1 /OUTPUT 8 "result";
L_00000221081154a0 .functor XOR 8, L_00000221080c6690, L_00000221080bf570, C4<00000000>, C4<00000000>;
v00000221080b23b0_0 .net "a", 7 0, L_00000221080bf570;  alias, 1 drivers
v00000221080b1cd0_0 .net "mul2_result", 7 0, L_00000221080c6690;  1 drivers
v00000221080b28b0_0 .net "result", 7 0, L_00000221081154a0;  alias, 1 drivers
S_00000221080b41a0 .scope module, "u_mul2" "mul2" 7 9, 6 1 0, S_00000221080b39d0;
 .timescale 0 0;
    .port_info 0 /INPUT 8 "a";
    .port_info 1 /OUTPUT 8 "result";
L_00000221080c86f8 .functor BUFT 1, C4<00011011>, C4<0>, C4<0>, C4<0>;
L_0000022108113de0 .functor XOR 8, L_00000221080c5290, L_00000221080c86f8, C4<00000000>, C4<00000000>;
v00000221080b2130_0 .net *"_ivl_1", 0 0, L_00000221080c64b0;  1 drivers
v00000221080b1af0_0 .net *"_ivl_10", 7 0, L_0000022108113de0;  1 drivers
v00000221080b2810_0 .net *"_ivl_12", 7 0, L_00000221080c6550;  1 drivers
v00000221080b1eb0_0 .net *"_ivl_14", 6 0, L_00000221080c41b0;  1 drivers
L_00000221080c8740 .functor BUFT 1, C4<0>, C4<0>, C4<0>, C4<0>;
v00000221080b2590_0 .net *"_ivl_16", 0 0, L_00000221080c8740;  1 drivers
v00000221080b2270_0 .net *"_ivl_2", 7 0, L_00000221080c5290;  1 drivers
v00000221080b2a90_0 .net *"_ivl_4", 6 0, L_00000221080c5150;  1 drivers
L_00000221080c86b0 .functor BUFT 1, C4<0>, C4<0>, C4<0>, C4<0>;
v00000221080b2b30_0 .net *"_ivl_6", 0 0, L_00000221080c86b0;  1 drivers
v00000221080b2630_0 .net/2u *"_ivl_8", 7 0, L_00000221080c86f8;  1 drivers
v00000221080b26d0_0 .net "a", 7 0, L_00000221080bf570;  alias, 1 drivers
v00000221080b2310_0 .net "result", 7 0, L_00000221080c6690;  alias, 1 drivers
L_00000221080c64b0 .part L_00000221080bf570, 7, 1;
L_00000221080c5150 .part L_00000221080bf570, 0, 7;
L_00000221080c5290 .concat [ 1 7 0 0], L_00000221080c86b0, L_00000221080c5150;
L_00000221080c41b0 .part L_00000221080bf570, 0, 7;
L_00000221080c6550 .concat [ 1 7 0 0], L_00000221080c8740, L_00000221080c41b0;
L_00000221080c6690 .functor MUXZ 8, L_00000221080c6550, L_0000022108113de0, L_00000221080c64b0, C4<>;
S_00000221080b4330 .scope module, "Mux2_inst" "Mux2" 2 60, 8 1 0, S_0000022107f595d0;
 .timescale 0 0;
    .port_info 0 /INPUT 128 "a";
    .port_info 1 /INPUT 128 "b";
    .port_info 2 /INPUT 1 "select";
    .port_info 3 /OUTPUT 128 "c";
v00000221080b8ab0_0 .net "a", 127 0, v00000221080b7bb0_0;  alias, 1 drivers
v00000221080b8f10_0 .net "b", 127 0, L_0000022108115970;  alias, 1 drivers
v00000221080b7890_0 .net "c", 127 0, L_00000221080c6e10;  alias, 1 drivers
v00000221080b9b90_0 .net "select", 0 0, v00000221080b7750_0;  alias, 1 drivers
L_00000221080c6e10 .functor MUXZ 128, v00000221080b7bb0_0, L_0000022108115970, v00000221080b7750_0, C4<>;
S_00000221080b2d50 .scope module, "PCore_Controller_Pipeline_inst" "PCore_Controller_Pipeline" 2 68, 9 1 0, S_0000022107f595d0;
 .timescale 0 0;
    .port_info 0 /INPUT 1 "clk";
    .port_info 1 /INPUT 1 "rst_n";
    .port_info 2 /INPUT 1 "datard";
    .port_info 3 /OUTPUT 1 "wen";
    .port_info 4 /OUTPUT 1 "waddr";
    .port_info 5 /OUTPUT 1 "raddr";
    .port_info 6 /OUTPUT 4 "addr_key";
    .port_info 7 /OUTPUT 1 "ctvalid1";
    .port_info 8 /OUTPUT 1 "ctvalid2";
    .port_info 9 /OUTPUT 1 "ready_new_input";
    .port_info 10 /OUTPUT 1 "ready_new_key";
    .port_info 11 /OUTPUT 1 "src_input";
P_00000221080bed30 .param/l "DONE1" 1 9 23, +C4<00000000000000000000000000000100>;
P_00000221080bed68 .param/l "DONE2" 1 9 30, +C4<00000000000000000000000000000100>;
P_00000221080beda0 .param/l "IDLE1" 1 9 19, +C4<00000000000000000000000000000000>;
P_00000221080bedd8 .param/l "IDLE2" 1 9 26, +C4<00000000000000000000000000000000>;
P_00000221080bee10 .param/l "LOAD_DATA1" 1 9 20, +C4<00000000000000000000000000000001>;
P_00000221080bee48 .param/l "LOAD_DATA2" 1 9 27, +C4<00000000000000000000000000000001>;
P_00000221080bee80 .param/l "MIXCOLUMNS_ADDROUNDKEY1" 1 9 22, +C4<00000000000000000000000000000011>;
P_00000221080beeb8 .param/l "MIXCOLUMNS_ADDROUNDKEY2" 1 9 29, +C4<00000000000000000000000000000011>;
P_00000221080beef0 .param/l "SHIFTROWS_SUBBYTES1" 1 9 21, +C4<00000000000000000000000000000010>;
P_00000221080bef28 .param/l "SHIFTROWS_SUBBYTES2" 1 9 28, +C4<00000000000000000000000000000010>;
L_0000022108115ba0 .functor OR 1, v00000221080b9190_0, v00000221080b9cd0_0, C4<0>, C4<0>;
L_00000221081346d0 .functor AND 1, L_0000022108122060, L_00000221081201c0, C4<1>, C4<1>;
v00000221080b8790_0 .net *"_ivl_10", 31 0, L_0000022108121660;  1 drivers
L_00000221080c8d70 .functor BUFT 1, C4<00000000000000000000000000000>, C4<0>, C4<0>, C4<0>;
v00000221080b88d0_0 .net *"_ivl_13", 28 0, L_00000221080c8d70;  1 drivers
L_00000221080c8db8 .functor BUFT 1, C4<00000000000000000000000000000000>, C4<0>, C4<0>, C4<0>;
v00000221080b7e30_0 .net/2u *"_ivl_14", 31 0, L_00000221080c8db8;  1 drivers
v00000221080b7ed0_0 .net *"_ivl_16", 0 0, L_00000221081201c0;  1 drivers
v00000221080b8010_0 .net *"_ivl_19", 0 0, L_00000221081346d0;  1 drivers
v00000221080b83d0_0 .net *"_ivl_2", 31 0, L_0000022108120b20;  1 drivers
L_00000221080c8e00 .functor BUFT 1, C4<01>, C4<0>, C4<0>, C4<0>;
v00000221080b9c30_0 .net/2s *"_ivl_20", 1 0, L_00000221080c8e00;  1 drivers
L_00000221080c8e48 .functor BUFT 1, C4<00>, C4<0>, C4<0>, C4<0>;
v00000221080b9230_0 .net/2s *"_ivl_22", 1 0, L_00000221080c8e48;  1 drivers
v00000221080b8290_0 .net *"_ivl_24", 1 0, L_00000221081210c0;  1 drivers
L_00000221080c8ce0 .functor BUFT 1, C4<00000000000000000000000000000>, C4<0>, C4<0>, C4<0>;
v00000221080b8e70_0 .net *"_ivl_5", 28 0, L_00000221080c8ce0;  1 drivers
L_00000221080c8d28 .functor BUFT 1, C4<00000000000000000000000000000000>, C4<0>, C4<0>, C4<0>;
v00000221080b8a10_0 .net/2u *"_ivl_6", 31 0, L_00000221080c8d28;  1 drivers
v00000221080b8b50_0 .net *"_ivl_8", 0 0, L_0000022108122060;  1 drivers
v00000221080b8330_0 .var "addr_key", 3 0;
v00000221080b9af0_0 .var "addr_key1", 3 0;
v00000221080b9730_0 .var "addr_key2", 3 0;
v00000221080b94b0_0 .net "clk", 0 0, o000002210804eb48;  alias, 0 drivers
v00000221080b8bf0_0 .var "cnt", 1 0;
v00000221080b95f0_0 .var "ctvalid1", 0 0;
v00000221080b8470_0 .var "ctvalid2", 0 0;
v00000221080b9690_0 .net "datard", 0 0, o000002210804f178;  alias, 0 drivers
v00000221080b8c90_0 .var "next_state1", 2 0;
v00000221080b8d30_0 .var "next_state2", 2 0;
v00000221080b8fb0_0 .var "raddr", 0 0;
v00000221080b90f0_0 .net "ready_new_input", 0 0, L_0000022108115ba0;  alias, 1 drivers
v00000221080b9190_0 .var "ready_new_input1", 0 0;
v00000221080b9cd0_0 .var "ready_new_input2", 0 0;
v00000221080b7570_0 .net "ready_new_key", 0 0, L_0000022108121e80;  alias, 1 drivers
v00000221080b7610_0 .net "rst_n", 0 0, o000002210804eba8;  alias, 0 drivers
v00000221080b7750_0 .var "src_input", 0 0;
v00000221080b77f0_0 .var "state1", 2 0;
v00000221080b7930_0 .var "state2", 2 0;
v00000221080bba30_0 .var "waddr", 0 0;
v00000221080bb2b0_0 .var "wen", 0 0;
E_0000022108015550 .event anyedge, v00000221080b77f0_0, v00000221080b9690_0, v00000221080b8bf0_0, v00000221080b7930_0;
E_00000221080155d0/0 .event anyedge, v00000221080b7930_0, v00000221080b9690_0, v00000221080b8bf0_0, v00000221080b77f0_0;
E_00000221080155d0/1 .event anyedge, v00000221080b9730_0;
E_00000221080155d0 .event/or E_00000221080155d0/0, E_00000221080155d0/1;
E_00000221080176d0 .event anyedge, v00000221080b77f0_0, v00000221080b9690_0, v00000221080b8bf0_0, v00000221080b9af0_0;
L_0000022108120b20 .concat [ 3 29 0 0], v00000221080b77f0_0, L_00000221080c8ce0;
L_0000022108122060 .cmp/eq 32, L_0000022108120b20, L_00000221080c8d28;
L_0000022108121660 .concat [ 3 29 0 0], v00000221080b7930_0, L_00000221080c8d70;
L_00000221081201c0 .cmp/eq 32, L_0000022108121660, L_00000221080c8db8;
L_00000221081210c0 .functor MUXZ 2, L_00000221080c8e48, L_00000221080c8e00, L_00000221081346d0, C4<>;
L_0000022108121e80 .part L_00000221081210c0, 0, 1;
S_00000221080b44c0 .scope module, "Registerfile_Data_inst" "Registerfile_Data" 2 49, 10 1 0, S_0000022107f595d0;
 .timescale 0 0;
    .port_info 0 /INPUT 1 "clk";
    .port_info 1 /INPUT 1 "rst_n";
    .port_info 2 /INPUT 1 "wen";
    .port_info 3 /INPUT 1 "waddr";
    .port_info 4 /INPUT 1 "raddr";
    .port_info 5 /INPUT 128 "din";
    .port_info 6 /OUTPUT 128 "dout";
L_0000022108115970 .functor BUFZ 128, L_00000221080c6a50, C4<00000000000000000000000000000000000000000000000000000000000000000000000000000000000000000000000000000000000000000000000000000000>, C4<00000000000000000000000000000000000000000000000000000000000000000000000000000000000000000000000000000000000000000000000000000000>, C4<00000000000000000000000000000000000000000000000000000000000000000000000000000000000000000000000000000000000000000000000000000000>;
v00000221080badb0_0 .net *"_ivl_0", 127 0, L_00000221080c6a50;  1 drivers
v00000221080bae50_0 .net *"_ivl_2", 2 0, L_00000221080c6c30;  1 drivers
L_00000221080c8c98 .functor BUFT 1, C4<00>, C4<0>, C4<0>, C4<0>;
v00000221080bb8f0_0 .net *"_ivl_5", 1 0, L_00000221080c8c98;  1 drivers
v00000221080ba6d0_0 .net "clk", 0 0, o000002210804eb48;  alias, 0 drivers
v00000221080ba130_0 .net "din", 127 0, o000002210804f688;  alias, 0 drivers
v00000221080ba590_0 .net "dout", 127 0, L_0000022108115970;  alias, 1 drivers
v00000221080baef0 .array "mem", 1 0, 127 0;
v00000221080bc110_0 .net "raddr", 0 0, v00000221080b8fb0_0;  alias, 1 drivers
v00000221080bac70_0 .net "rst_n", 0 0, o000002210804eba8;  alias, 0 drivers
v00000221080ba770_0 .net "waddr", 0 0, v00000221080bba30_0;  alias, 1 drivers
v00000221080ba310_0 .net "wen", 0 0, v00000221080bb2b0_0;  alias, 1 drivers
L_00000221080c6a50 .array/port v00000221080baef0, L_00000221080c6c30;
L_00000221080c6c30 .concat [ 1 2 0 0], v00000221080b8fb0_0, L_00000221080c8c98;
S_00000221080b3390 .scope module, "ShiftRows_inst" "ShiftRows" 2 26, 11 1 0, S_0000022107f595d0;
 .timescale 0 0;
    .port_info 0 /INPUT 128 "b_in";
    .port_info 1 /OUTPUT 128 "b_out";
v00000221080ba3b0_0 .net *"_ivl_11", 7 0, L_00000221080bc390;  1 drivers
v00000221080ba4f0_0 .net *"_ivl_15", 7 0, L_00000221080bc4d0;  1 drivers
v00000221080bb530_0 .net *"_ivl_19", 7 0, L_00000221080bb210;  1 drivers
v00000221080babd0_0 .net *"_ivl_23", 7 0, L_00000221080bb3f0;  1 drivers
v00000221080ba9f0_0 .net *"_ivl_27", 7 0, L_00000221080bb490;  1 drivers
v00000221080b9e10_0 .net *"_ivl_3", 7 0, L_00000221080bab30;  1 drivers
v00000221080bbc10_0 .net *"_ivl_31", 7 0, L_00000221080bb670;  1 drivers
v00000221080baf90_0 .net *"_ivl_35", 7 0, L_00000221080bbb70;  1 drivers
v00000221080b9f50_0 .net *"_ivl_39", 7 0, L_00000221080bb710;  1 drivers
v00000221080bc1b0_0 .net *"_ivl_43", 7 0, L_00000221080bb850;  1 drivers
v00000221080bb990_0 .net *"_ivl_47", 7 0, L_00000221080bbcb0;  1 drivers
v00000221080ba8b0_0 .net *"_ivl_51", 7 0, L_00000221080bbd50;  1 drivers
v00000221080bb030_0 .net *"_ivl_55", 7 0, L_00000221080bc7f0;  1 drivers
v00000221080bbad0_0 .net *"_ivl_59", 7 0, L_00000221080bc750;  1 drivers
v00000221080bbdf0_0 .net *"_ivl_64", 7 0, L_00000221080bcc50;  1 drivers
v00000221080bb7b0_0 .net *"_ivl_7", 7 0, L_00000221080bbfd0;  1 drivers
v00000221080b9eb0_0 .net "b_in", 127 0, L_00000221080c6e10;  alias, 1 drivers
v00000221080bad10_0 .net "b_out", 127 0, L_00000221080bca70;  alias, 1 drivers
L_00000221080bab30 .part L_00000221080c6e10, 120, 8;
L_00000221080bbfd0 .part L_00000221080c6e10, 80, 8;
L_00000221080bc390 .part L_00000221080c6e10, 40, 8;
L_00000221080bc4d0 .part L_00000221080c6e10, 0, 8;
L_00000221080bb210 .part L_00000221080c6e10, 88, 8;
L_00000221080bb3f0 .part L_00000221080c6e10, 48, 8;
L_00000221080bb490 .part L_00000221080c6e10, 8, 8;
L_00000221080bb670 .part L_00000221080c6e10, 96, 8;
L_00000221080bbb70 .part L_00000221080c6e10, 56, 8;
L_00000221080bb710 .part L_00000221080c6e10, 16, 8;
L_00000221080bb850 .part L_00000221080c6e10, 104, 8;
L_00000221080bbcb0 .part L_00000221080c6e10, 64, 8;
L_00000221080bbd50 .part L_00000221080c6e10, 24, 8;
L_00000221080bc7f0 .part L_00000221080c6e10, 112, 8;
L_00000221080bc750 .part L_00000221080c6e10, 72, 8;
LS_00000221080bca70_0_0 .concat8 [ 8 8 8 8], L_00000221080bcc50, L_00000221080bc750, L_00000221080bc7f0, L_00000221080bbd50;
LS_00000221080bca70_0_4 .concat8 [ 8 8 8 8], L_00000221080bbcb0, L_00000221080bb850, L_00000221080bb710, L_00000221080bbb70;
LS_00000221080bca70_0_8 .concat8 [ 8 8 8 8], L_00000221080bb670, L_00000221080bb490, L_00000221080bb3f0, L_00000221080bb210;
LS_00000221080bca70_0_12 .concat8 [ 8 8 8 8], L_00000221080bc4d0, L_00000221080bc390, L_00000221080bbfd0, L_00000221080bab30;
L_00000221080bca70 .concat8 [ 32 32 32 32], LS_00000221080bca70_0_0, LS_00000221080bca70_0_4, LS_00000221080bca70_0_8, LS_00000221080bca70_0_12;
L_00000221080bcc50 .part L_00000221080c6e10, 32, 8;
    .scope S_0000022107f57fe0;
T_0 ;
    %wait E_0000022108015350;
    %load/vec4 v00000221080b9a50_0;
    %inv;
    %flag_set/vec4 8;
    %jmp/0xz  T_0.0, 8;
    %pushi/vec4 0, 0, 128;
    %assign/vec4 v00000221080b7bb0_0, 0;
    %jmp T_0.1;
T_0.0 ;
    %load/vec4 v00000221080b7d90_0;
    %assign/vec4 v00000221080b7bb0_0, 0;
T_0.1 ;
    %jmp T_0;
    .thread T_0;
    .scope S_00000221080b44c0;
T_1 ;
    %wait E_0000022108015350;
    %load/vec4 v00000221080bac70_0;
    %inv;
    %flag_set/vec4 8;
    %jmp/0xz  T_1.0, 8;
    %pushi/vec4 0, 0, 128;
    %ix/load 3, 0, 0;
    %flag_set/imm 4, 0;
    %ix/load 4, 0, 0; Constant delay
    %assign/vec4/a/d v00000221080baef0, 0, 4;
    %pushi/vec4 0, 0, 128;
    %ix/load 3, 1, 0;
    %flag_set/imm 4, 0;
    %ix/load 4, 0, 0; Constant delay
    %assign/vec4/a/d v00000221080baef0, 0, 4;
    %jmp T_1.1;
T_1.0 ;
    %load/vec4 v00000221080ba310_0;
    %flag_set/vec4 8;
    %jmp/0xz  T_1.2, 8;
    %load/vec4 v00000221080ba130_0;
    %load/vec4 v00000221080ba770_0;
    %pad/u 3;
    %ix/vec4 3;
    %ix/load 4, 0, 0; Constant delay
    %assign/vec4/a/d v00000221080baef0, 0, 4;
T_1.2 ;
T_1.1 ;
    %jmp T_1;
    .thread T_1;
    .scope S_00000221080b2d50;
T_2 ;
    %wait E_00000221080176d0;
    %load/vec4 v00000221080b77f0_0;
    %dup/vec4;
    %pushi/vec4 0, 0, 3;
    %cmp/u;
    %jmp/1 T_2.0, 6;
    %dup/vec4;
    %pushi/vec4 1, 0, 3;
    %cmp/u;
    %jmp/1 T_2.1, 6;
    %dup/vec4;
    %pushi/vec4 2, 0, 3;
    %cmp/u;
    %jmp/1 T_2.2, 6;
    %dup/vec4;
    %pushi/vec4 3, 0, 3;
    %cmp/u;
    %jmp/1 T_2.3, 6;
    %dup/vec4;
    %pushi/vec4 4, 0, 3;
    %cmp/u;
    %jmp/1 T_2.4, 6;
    %pushi/vec4 0, 0, 3;
    %store/vec4 v00000221080b8c90_0, 0, 3;
    %jmp T_2.6;
T_2.0 ;
    %load/vec4 v00000221080b9690_0;
    %load/vec4 v00000221080b8bf0_0;
    %inv;
    %pushi/vec4 0, 0, 2;
    %cmp/ne;
    %flag_get/vec4 4;
    %and;
    %flag_set/vec4 8;
    %jmp/0xz  T_2.7, 8;
    %pushi/vec4 1, 0, 3;
    %store/vec4 v00000221080b8c90_0, 0, 3;
    %jmp T_2.8;
T_2.7 ;
    %pushi/vec4 0, 0, 3;
    %store/vec4 v00000221080b8c90_0, 0, 3;
T_2.8 ;
    %jmp T_2.6;
T_2.1 ;
    %pushi/vec4 2, 0, 3;
    %store/vec4 v00000221080b8c90_0, 0, 3;
    %jmp T_2.6;
T_2.2 ;
    %pushi/vec4 3, 0, 3;
    %store/vec4 v00000221080b8c90_0, 0, 3;
    %jmp T_2.6;
T_2.3 ;
    %load/vec4 v00000221080b9af0_0;
    %pad/u 32;
    %cmpi/e 10, 0, 32;
    %flag_mov 8, 4;
    %jmp/0 T_2.9, 8;
    %pushi/vec4 4, 0, 32;
    %jmp/1 T_2.10, 8;
T_2.9 ; End of true expr.
    %pushi/vec4 2, 0, 32;
    %jmp/0 T_2.10, 8;
 ; End of false expr.
    %blend;
T_2.10;
    %pad/s 3;
    %store/vec4 v00000221080b8c90_0, 0, 3;
    %jmp T_2.6;
T_2.4 ;
    %pushi/vec4 0, 0, 3;
    %store/vec4 v00000221080b8c90_0, 0, 3;
    %jmp T_2.6;
T_2.6 ;
    %pop/vec4 1;
    %jmp T_2;
    .thread T_2, $push;
    .scope S_00000221080b2d50;
T_3 ;
    %wait E_00000221080155d0;
    %load/vec4 v00000221080b7930_0;
    %dup/vec4;
    %pushi/vec4 0, 0, 3;
    %cmp/u;
    %jmp/1 T_3.0, 6;
    %dup/vec4;
    %pushi/vec4 1, 0, 3;
    %cmp/u;
    %jmp/1 T_3.1, 6;
    %dup/vec4;
    %pushi/vec4 2, 0, 3;
    %cmp/u;
    %jmp/1 T_3.2, 6;
    %dup/vec4;
    %pushi/vec4 3, 0, 3;
    %cmp/u;
    %jmp/1 T_3.3, 6;
    %dup/vec4;
    %pushi/vec4 4, 0, 3;
    %cmp/u;
    %jmp/1 T_3.4, 6;
    %pushi/vec4 0, 0, 3;
    %store/vec4 v00000221080b8d30_0, 0, 3;
    %jmp T_3.6;
T_3.0 ;
    %load/vec4 v00000221080b9690_0;
    %load/vec4 v00000221080b8bf0_0;
    %pushi/vec4 0, 0, 2;
    %cmp/ne;
    %flag_get/vec4 4;
    %and;
    %flag_set/vec4 8;
    %jmp/0xz  T_3.7, 8;
    %pushi/vec4 1, 0, 3;
    %store/vec4 v00000221080b8d30_0, 0, 3;
    %jmp T_3.8;
T_3.7 ;
    %pushi/vec4 0, 0, 3;
    %store/vec4 v00000221080b8d30_0, 0, 3;
T_3.8 ;
    %jmp T_3.6;
T_3.1 ;
    %load/vec4 v00000221080b77f0_0;
    %pad/u 32;
    %cmpi/e 2, 0, 32;
    %flag_mov 8, 4;
    %jmp/0 T_3.9, 8;
    %pushi/vec4 2, 0, 32;
    %jmp/1 T_3.10, 8;
T_3.9 ; End of true expr.
    %pushi/vec4 1, 0, 32;
    %jmp/0 T_3.10, 8;
 ; End of false expr.
    %blend;
T_3.10;
    %pad/s 3;
    %store/vec4 v00000221080b8d30_0, 0, 3;
    %jmp T_3.6;
T_3.2 ;
    %pushi/vec4 3, 0, 3;
    %store/vec4 v00000221080b8d30_0, 0, 3;
    %jmp T_3.6;
T_3.3 ;
    %load/vec4 v00000221080b9730_0;
    %pad/u 32;
    %cmpi/e 10, 0, 32;
    %flag_mov 8, 4;
    %jmp/0 T_3.11, 8;
    %pushi/vec4 4, 0, 32;
    %jmp/1 T_3.12, 8;
T_3.11 ; End of true expr.
    %pushi/vec4 2, 0, 32;
    %jmp/0 T_3.12, 8;
 ; End of false expr.
    %blend;
T_3.12;
    %pad/s 3;
    %store/vec4 v00000221080b8d30_0, 0, 3;
    %jmp T_3.6;
T_3.4 ;
    %pushi/vec4 0, 0, 3;
    %store/vec4 v00000221080b8d30_0, 0, 3;
    %jmp T_3.6;
T_3.6 ;
    %pop/vec4 1;
    %jmp T_3;
    .thread T_3, $push;
    .scope S_00000221080b2d50;
T_4 ;
    %wait E_0000022108015350;
    %load/vec4 v00000221080b7610_0;
    %inv;
    %flag_set/vec4 8;
    %jmp/0xz  T_4.0, 8;
    %pushi/vec4 0, 0, 3;
    %assign/vec4 v00000221080b77f0_0, 0;
    %jmp T_4.1;
T_4.0 ;
    %load/vec4 v00000221080b8c90_0;
    %assign/vec4 v00000221080b77f0_0, 0;
T_4.1 ;
    %jmp T_4;
    .thread T_4;
    .scope S_00000221080b2d50;
T_5 ;
    %wait E_0000022108015350;
    %load/vec4 v00000221080b7610_0;
    %inv;
    %flag_set/vec4 8;
    %jmp/0xz  T_5.0, 8;
    %pushi/vec4 0, 0, 3;
    %assign/vec4 v00000221080b7930_0, 0;
    %jmp T_5.1;
T_5.0 ;
    %load/vec4 v00000221080b8d30_0;
    %assign/vec4 v00000221080b7930_0, 0;
T_5.1 ;
    %jmp T_5;
    .thread T_5;
    .scope S_00000221080b2d50;
T_6 ;
    %wait E_0000022108015350;
    %load/vec4 v00000221080b7610_0;
    %inv;
    %flag_set/vec4 8;
    %jmp/0xz  T_6.0, 8;
    %pushi/vec4 0, 0, 2;
    %assign/vec4 v00000221080b8bf0_0, 0;
    %jmp T_6.1;
T_6.0 ;
    %load/vec4 v00000221080b9690_0;
    %flag_set/vec4 8;
    %jmp/0xz  T_6.2, 8;
    %load/vec4 v00000221080b8bf0_0;
    %addi 1, 0, 2;
    %assign/vec4 v00000221080b8bf0_0, 0;
T_6.2 ;
    %load/vec4 v00000221080b8bf0_0;
    %pad/u 32;
    %cmpi/e 2, 0, 32;
    %jmp/0xz  T_6.4, 4;
    %pushi/vec4 0, 0, 2;
    %assign/vec4 v00000221080b8bf0_0, 0;
T_6.4 ;
T_6.1 ;
    %jmp T_6;
    .thread T_6;
    .scope S_00000221080b2d50;
T_7 ;
    %wait E_0000022108015350;
    %load/vec4 v00000221080b7610_0;
    %inv;
    %flag_set/vec4 8;
    %jmp/0xz  T_7.0, 8;
    %pushi/vec4 1, 0, 4;
    %assign/vec4 v00000221080b9af0_0, 0;
    %pushi/vec4 1, 0, 4;
    %assign/vec4 v00000221080b9730_0, 0;
    %pushi/vec4 1, 0, 4;
    %assign/vec4 v00000221080b8330_0, 0;
    %jmp T_7.1;
T_7.0 ;
    %load/vec4 v00000221080b77f0_0;
    %pad/u 32;
    %cmpi/e 0, 0, 32;
    %jmp/0xz  T_7.2, 4;
    %pushi/vec4 1, 0, 4;
    %assign/vec4 v00000221080b9af0_0, 0;
T_7.2 ;
    %load/vec4 v00000221080b77f0_0;
    %pad/u 32;
    %cmpi/e 2, 0, 32;
    %jmp/0xz  T_7.4, 4;
    %load/vec4 v00000221080b9af0_0;
    %addi 1, 0, 4;
    %assign/vec4 v00000221080b9af0_0, 0;
    %load/vec4 v00000221080b9af0_0;
    %addi 1, 0, 4;
    %assign/vec4 v00000221080b8330_0, 0;
T_7.4 ;
    %load/vec4 v00000221080b7930_0;
    %pad/u 32;
    %cmpi/e 0, 0, 32;
    %jmp/0xz  T_7.6, 4;
    %pushi/vec4 1, 0, 4;
    %assign/vec4 v00000221080b9730_0, 0;
T_7.6 ;
    %load/vec4 v00000221080b7930_0;
    %pad/u 32;
    %cmpi/e 2, 0, 32;
    %jmp/0xz  T_7.8, 4;
    %load/vec4 v00000221080b9730_0;
    %addi 1, 0, 4;
    %assign/vec4 v00000221080b9730_0, 0;
    %load/vec4 v00000221080b9730_0;
    %addi 1, 0, 4;
    %assign/vec4 v00000221080b8330_0, 0;
T_7.8 ;
    %load/vec4 v00000221080b77f0_0;
    %pad/u 32;
    %pushi/vec4 0, 0, 32;
    %cmp/e;
    %flag_get/vec4 4;
    %load/vec4 v00000221080b7930_0;
    %pad/u 32;
    %pushi/vec4 0, 0, 32;
    %cmp/e;
    %flag_get/vec4 4;
    %and;
    %flag_set/vec4 8;
    %jmp/0xz  T_7.10, 8;
    %pushi/vec4 1, 0, 4;
    %assign/vec4 v00000221080b8330_0, 0;
T_7.10 ;
T_7.1 ;
    %jmp T_7;
    .thread T_7;
    .scope S_00000221080b2d50;
T_8 ;
    %wait E_0000022108015350;
    %load/vec4 v00000221080b7610_0;
    %inv;
    %flag_set/vec4 8;
    %jmp/0xz  T_8.0, 8;
    %pushi/vec4 1, 0, 1;
    %assign/vec4 v00000221080b9190_0, 0;
    %pushi/vec4 1, 0, 1;
    %assign/vec4 v00000221080b9cd0_0, 0;
    %jmp T_8.1;
T_8.0 ;
    %load/vec4 v00000221080b77f0_0;
    %pad/u 32;
    %cmpi/e 0, 0, 32;
    %jmp/0xz  T_8.2, 4;
    %load/vec4 v00000221080b9690_0;
    %load/vec4 v00000221080b8bf0_0;
    %pad/u 32;
    %pushi/vec4 0, 0, 32;
    %cmp/e;
    %flag_get/vec4 4;
    %and;
    %flag_set/vec4 8;
    %jmp/0xz  T_8.4, 8;
    %pushi/vec4 0, 0, 1;
    %assign/vec4 v00000221080b9190_0, 0;
    %jmp T_8.5;
T_8.4 ;
    %pushi/vec4 1, 0, 1;
    %assign/vec4 v00000221080b9190_0, 0;
T_8.5 ;
T_8.2 ;
    %load/vec4 v00000221080b7930_0;
    %pad/u 32;
    %cmpi/e 0, 0, 32;
    %jmp/0xz  T_8.6, 4;
    %load/vec4 v00000221080b9690_0;
    %load/vec4 v00000221080b8bf0_0;
    %pad/u 32;
    %pushi/vec4 1, 0, 32;
    %cmp/e;
    %flag_get/vec4 4;
    %and;
    %flag_set/vec4 8;
    %jmp/0xz  T_8.8, 8;
    %pushi/vec4 0, 0, 1;
    %assign/vec4 v00000221080b9cd0_0, 0;
    %jmp T_8.9;
T_8.8 ;
    %pushi/vec4 1, 0, 1;
    %assign/vec4 v00000221080b9cd0_0, 0;
T_8.9 ;
T_8.6 ;
T_8.1 ;
    %jmp T_8;
    .thread T_8;
    .scope S_00000221080b2d50;
T_9 ;
    %wait E_0000022108015550;
    %pushi/vec4 0, 0, 1;
    %store/vec4 v00000221080bb2b0_0, 0, 1;
    %pushi/vec4 0, 0, 1;
    %store/vec4 v00000221080bba30_0, 0, 1;
    %pushi/vec4 0, 0, 1;
    %store/vec4 v00000221080b8fb0_0, 0, 1;
    %pushi/vec4 0, 0, 1;
    %store/vec4 v00000221080b7750_0, 0, 1;
    %pushi/vec4 0, 0, 1;
    %store/vec4 v00000221080b95f0_0, 0, 1;
    %pushi/vec4 0, 0, 1;
    %store/vec4 v00000221080b8470_0, 0, 1;
    %load/vec4 v00000221080b77f0_0;
    %pad/u 32;
    %pushi/vec4 0, 0, 32;
    %cmp/e;
    %flag_get/vec4 4;
    %load/vec4 v00000221080b9690_0;
    %and;
    %load/vec4 v00000221080b8bf0_0;
    %pad/u 32;
    %pushi/vec4 0, 0, 32;
    %cmp/e;
    %flag_get/vec4 4;
    %and;
    %flag_set/vec4 8;
    %jmp/0xz  T_9.0, 8;
    %pushi/vec4 1, 0, 1;
    %store/vec4 v00000221080bb2b0_0, 0, 1;
    %pushi/vec4 0, 0, 1;
    %store/vec4 v00000221080bba30_0, 0, 1;
    %jmp T_9.1;
T_9.0 ;
    %load/vec4 v00000221080b77f0_0;
    %pad/u 32;
    %cmpi/e 1, 0, 32;
    %jmp/0xz  T_9.2, 4;
    %pushi/vec4 0, 0, 1;
    %store/vec4 v00000221080b8fb0_0, 0, 1;
    %pushi/vec4 1, 0, 1;
    %store/vec4 v00000221080b7750_0, 0, 1;
T_9.2 ;
T_9.1 ;
    %load/vec4 v00000221080b7930_0;
    %pad/u 32;
    %pushi/vec4 0, 0, 32;
    %cmp/e;
    %flag_get/vec4 4;
    %load/vec4 v00000221080b9690_0;
    %and;
    %load/vec4 v00000221080b8bf0_0;
    %pad/u 32;
    %pushi/vec4 1, 0, 32;
    %cmp/e;
    %flag_get/vec4 4;
    %and;
    %flag_set/vec4 8;
    %jmp/0xz  T_9.4, 8;
    %pushi/vec4 1, 0, 1;
    %store/vec4 v00000221080bb2b0_0, 0, 1;
    %pushi/vec4 1, 0, 1;
    %store/vec4 v00000221080bba30_0, 0, 1;
    %jmp T_9.5;
T_9.4 ;
    %load/vec4 v00000221080b7930_0;
    %pad/u 32;
    %cmpi/e 1, 0, 32;
    %jmp/0xz  T_9.6, 4;
    %pushi/vec4 1, 0, 1;
    %store/vec4 v00000221080b8fb0_0, 0, 1;
    %pushi/vec4 1, 0, 1;
    %store/vec4 v00000221080b7750_0, 0, 1;
    %jmp T_9.7;
T_9.6 ;
    %load/vec4 v00000221080b77f0_0;
    %pad/u 32;
    %cmpi/e 4, 0, 32;
    %jmp/0xz  T_9.8, 4;
    %pushi/vec4 1, 0, 1;
    %store/vec4 v00000221080b95f0_0, 0, 1;
    %jmp T_9.9;
T_9.8 ;
    %load/vec4 v00000221080b7930_0;
    %pad/u 32;
    %cmpi/e 4, 0, 32;
    %jmp/0xz  T_9.10, 4;
    %pushi/vec4 1, 0, 1;
    %store/vec4 v00000221080b8470_0, 0, 1;
T_9.10 ;
T_9.9 ;
T_9.7 ;
T_9.5 ;
    %jmp T_9;
    .thread T_9, $push;
# The file index is used to find the file name in the following table.
:file_names 12;
    "N/A";
    "<interactive>";
    "ProcessingCore_Pipelinev1.v";
    "./AddRoundKey.v";
    "./MixColumns_AddRoundKey.v";
    "./MixColumns.v";
    "./mul2.v";
    "./mul3.v";
    "./Mux2.v";
    "./PCore_Controller_Pipeline.v";
    "./Registerfile_Data.v";
    "./ShiftRows.v";
