#! /c/Source/iverilog-install/bin/vvp
:ivl_version "12.0 (devel)" "(s20150603-1110-g18392a46)";
:ivl_delay_selection "TYPICAL";
:vpi_time_precision - 12;
:vpi_module "D:\iverilog\iverilog\lib\ivl\system.vpi";
:vpi_module "D:\iverilog\iverilog\lib\ivl\vhdl_sys.vpi";
:vpi_module "D:\iverilog\iverilog\lib\ivl\vhdl_textio.vpi";
:vpi_module "D:\iverilog\iverilog\lib\ivl\v2005_math.vpi";
:vpi_module "D:\iverilog\iverilog\lib\ivl\va_math.vpi";
S_000001f3eeae4820 .scope module, "verification_KeyLogic_tb" "verification_KeyLogic_tb" 2 4;
 .timescale -9 -12;
v000001f3eeb3bdb0_0 .var "InputBlk", 127 0;
v000001f3eeb3be50_0 .net "Key_data", 127 0, L_000001f3eeae7f80;  1 drivers
v000001f3eeb3bef0_0 .var "Key_rd", 0 0;
v000001f3eeb3bf90_0 .var "addr_key", 3 0;
v000001f3eeb3c030_0 .var "clk", 0 0;
v000001f3eeb3c0d0_0 .net "done", 0 0, v000001f3ee95a7c0_0;  1 drivers
v000001f3eeb3c170_0 .var "rst_n", 0 0;
S_000001f3eeae8270 .scope module, "dut" "verification_KeyLogic" 2 16, 3 4 0, S_000001f3eeae4820;
 .timescale -9 -12;
    .port_info 0 /INPUT 1 "clk";
    .port_info 1 /INPUT 1 "rst_n";
    .port_info 2 /INPUT 1 "Key_rd";
    .port_info 3 /INPUT 4 "addr_key";
    .port_info 4 /INPUT 128 "InputBlk";
    .port_info 5 /OUTPUT 1 "done";
    .port_info 6 /OUTPUT 1 "mode";
    .port_info 7 /OUTPUT 128 "Key_data";
v000001f3eeb3d4d0_0 .net "InputBlk", 127 0, v000001f3eeb3bdb0_0;  1 drivers
v000001f3eeb3bc70_0 .net "Key_data", 127 0, L_000001f3eeae7f80;  alias, 1 drivers
v000001f3eeb3d570_0 .net "Key_rd", 0 0, v000001f3eeb3bef0_0;  1 drivers
L_000001f3eeb600d0 .functor BUFT 1, C4<000000000000000000000000000000000000000000000000000000000000000000000000000000000000000000000000>, C4<0>, C4<0>, C4<0>;
v000001f3eeb3cf30_0 .net/2u *"_ivl_0", 95 0, L_000001f3eeb600d0;  1 drivers
v000001f3eeb3d610_0 .net "addr_key", 3 0, v000001f3eeb3bf90_0;  1 drivers
v000001f3eeb3bd10_0 .net "clk", 0 0, v000001f3eeb3c030_0;  1 drivers
v000001f3eeb3c210_0 .net "done", 0 0, v000001f3ee95a7c0_0;  alias, 1 drivers
v000001f3eeb3cfd0_0 .net "mode", 0 0, v000001f3ee95a180_0;  1 drivers
v000001f3eeb3d070_0 .net "rot_out", 31 0, L_000001f3eeb41130;  1 drivers
v000001f3eeb3d6b0_0 .net "rst_n", 0 0, v000001f3eeb3c170_0;  1 drivers
v000001f3eeb3d750_0 .net "state_out", 127 0, v000001f3eeb3cd50_0;  1 drivers
v000001f3eeb3d890_0 .net "sub_in", 31 0, L_000001f3eeb3fbf0;  1 drivers
L_000001f3eeb3fd30 .concat [ 32 96 0 0], L_000001f3eeb41130, L_000001f3eeb600d0;
L_000001f3eeb3fbf0 .part v000001f3eeb3cd50_0, 0, 32;
S_000001f3eeae8400 .scope module, "KeyLogic_inst" "KeyLogic" 3 17, 4 7 0, S_000001f3eeae8270;
 .timescale -9 -12;
    .port_info 0 /INPUT 1 "clk";
    .port_info 1 /INPUT 1 "rst_n";
    .port_info 2 /INPUT 1 "Key_rd";
    .port_info 3 /INPUT 4 "addr_key";
    .port_info 4 /INPUT 128 "InputBlk";
    .port_info 5 /OUTPUT 1 "done";
    .port_info 6 /OUTPUT 1 "mode";
    .port_info 7 /OUTPUT 128 "Key_data";
    .port_info 8 /INPUT 32 "sub_in";
    .port_info 9 /OUTPUT 32 "rot_out";
L_000001f3eeae7f80 .functor BUFZ 128, L_000001f3eeae7a40, C4<00000000000000000000000000000000000000000000000000000000000000000000000000000000000000000000000000000000000000000000000000000000>, C4<00000000000000000000000000000000000000000000000000000000000000000000000000000000000000000000000000000000000000000000000000000000>, C4<00000000000000000000000000000000000000000000000000000000000000000000000000000000000000000000000000000000000000000000000000000000>;
v000001f3eeb39790_0 .net "InputBlk", 127 0, v000001f3eeb3bdb0_0;  alias, 1 drivers
v000001f3eeb39970_0 .net "Key_data", 127 0, L_000001f3eeae7f80;  alias, 1 drivers
v000001f3eeb39c90_0 .net "Key_rd", 0 0, v000001f3eeb3bef0_0;  alias, 1 drivers
v000001f3eeb3a7d0_0 .net "addr_key", 3 0, v000001f3eeb3bf90_0;  alias, 1 drivers
v000001f3eeb3a0f0_0 .net "clk", 0 0, v000001f3eeb3c030_0;  alias, 1 drivers
v000001f3eeb3a410_0 .net "din", 127 0, L_000001f3eeb407d0;  1 drivers
v000001f3eeb3a190_0 .net "done", 0 0, v000001f3ee95a7c0_0;  alias, 1 drivers
v000001f3eeb39bf0_0 .net "dout", 127 0, L_000001f3eeae7a40;  1 drivers
v000001f3eeb3a4b0_0 .net "key_new", 127 0, L_000001f3eeb404b0;  1 drivers
v000001f3eeb39ab0_0 .net "mode", 0 0, v000001f3ee95a180_0;  alias, 1 drivers
v000001f3eeb3a550_0 .net "raddr", 3 0, v000001f3ee95b580_0;  1 drivers
v000001f3eeb39010_0 .net "rot_out", 31 0, L_000001f3eeb41130;  alias, 1 drivers
v000001f3eeb3a690_0 .net "round", 3 0, v000001f3ee95ad60_0;  1 drivers
v000001f3eeb395b0_0 .net "rst_n", 0 0, v000001f3eeb3c170_0;  alias, 1 drivers
v000001f3eeb39dd0_0 .net "src_rf", 0 0, v000001f3ee95a040_0;  1 drivers
v000001f3eeb3a910_0 .net "sub_in", 31 0, L_000001f3eeb3fbf0;  alias, 1 drivers
v000001f3eeb3a730_0 .net "waddr", 3 0, v000001f3ee95b080_0;  1 drivers
v000001f3eeb39b50_0 .net "wen", 0 0, v000001f3ee95b260_0;  1 drivers
L_000001f3eeb411d0 .part L_000001f3eeae7a40, 0, 32;
S_000001f3ee8e5a30 .scope module, "KeyLogic_Contronller_inst" "KeyLogic_Contronller" 4 63, 5 1 0, S_000001f3eeae8400;
 .timescale -9 -12;
    .port_info 0 /INPUT 1 "clk";
    .port_info 1 /INPUT 1 "rst_n";
    .port_info 2 /INPUT 1 "Key_rd";
    .port_info 3 /INPUT 4 "addr_key";
    .port_info 4 /OUTPUT 1 "done";
    .port_info 5 /OUTPUT 1 "mode";
    .port_info 6 /OUTPUT 4 "round";
    .port_info 7 /OUTPUT 4 "raddr";
    .port_info 8 /OUTPUT 4 "waddr";
    .port_info 9 /OUTPUT 1 "wen";
    .port_info 10 /OUTPUT 1 "src_rf";
P_000001f3eea7ade0 .param/l "IDLE" 1 5 16, +C4<00000000000000000000000000000000>;
P_000001f3eea7ae18 .param/l "LOAD_KEY" 1 5 17, +C4<00000000000000000000000000000001>;
P_000001f3eea7ae50 .param/l "READ_KEY" 1 5 20, +C4<00000000000000000000000000000100>;
P_000001f3eea7ae88 .param/l "ROTWORD_SUBWORD" 1 5 18, +C4<00000000000000000000000000000010>;
P_000001f3eea7aec0 .param/l "XORR_WRITE_RF" 1 5 19, +C4<00000000000000000000000000000011>;
v000001f3ee95a2c0_0 .net "Key_rd", 0 0, v000001f3eeb3bef0_0;  alias, 1 drivers
v000001f3ee95acc0_0 .net "addr_key", 3 0, v000001f3eeb3bf90_0;  alias, 1 drivers
v000001f3ee95b4e0_0 .net "clk", 0 0, v000001f3eeb3c030_0;  alias, 1 drivers
v000001f3ee95a7c0_0 .var "done", 0 0;
v000001f3ee95a180_0 .var "mode", 0 0;
v000001f3ee95ba80_0 .var "next_state", 2 0;
v000001f3ee95b580_0 .var "raddr", 3 0;
v000001f3ee95ad60_0 .var "round", 3 0;
v000001f3ee95a9a0_0 .net "rst_n", 0 0, v000001f3eeb3c170_0;  alias, 1 drivers
v000001f3ee95a040_0 .var "src_rf", 0 0;
v000001f3ee95b800_0 .var "state", 2 0;
v000001f3ee95b080_0 .var "waddr", 3 0;
v000001f3ee95b260_0 .var "wen", 0 0;
E_000001f3eeabd240/0 .event anyedge, v000001f3ee95b800_0, v000001f3ee95b080_0, v000001f3ee95b580_0, v000001f3ee95ad60_0;
E_000001f3eeabd240/1 .event anyedge, v000001f3ee95acc0_0;
E_000001f3eeabd240 .event/or E_000001f3eeabd240/0, E_000001f3eeabd240/1;
E_000001f3eeabd2c0/0 .event negedge, v000001f3ee95a9a0_0;
E_000001f3eeabd2c0/1 .event posedge, v000001f3ee95b4e0_0;
E_000001f3eeabd2c0 .event/or E_000001f3eeabd2c0/0, E_000001f3eeabd2c0/1;
E_000001f3eeabd480 .event anyedge, v000001f3ee95b800_0, v000001f3ee95a2c0_0, v000001f3ee95b080_0;
S_000001f3ee8e5c80 .scope module, "Mux2_inst" "Mux2" 4 31, 6 1 0, S_000001f3eeae8400;
 .timescale -9 -12;
    .port_info 0 /INPUT 128 "a";
    .port_info 1 /INPUT 128 "b";
    .port_info 2 /INPUT 1 "select";
    .port_info 3 /OUTPUT 128 "c";
v000001f3ee95b8a0_0 .net "a", 127 0, L_000001f3eeb404b0;  alias, 1 drivers
v000001f3ee95bb20_0 .net "b", 127 0, v000001f3eeb3bdb0_0;  alias, 1 drivers
v000001f3ee95b120_0 .net "c", 127 0, L_000001f3eeb407d0;  alias, 1 drivers
v000001f3ee95b1c0_0 .net "select", 0 0, v000001f3ee95a040_0;  alias, 1 drivers
L_000001f3eeb407d0 .functor MUXZ 128, L_000001f3eeb404b0, v000001f3eeb3bdb0_0, v000001f3ee95a040_0, C4<>;
S_000001f3ee8f5560 .scope module, "Registerfile_inst" "Registerfile" 4 38, 7 1 0, S_000001f3eeae8400;
 .timescale -9 -12;
    .port_info 0 /INPUT 1 "clk";
    .port_info 1 /INPUT 1 "rst_n";
    .port_info 2 /INPUT 1 "wen";
    .port_info 3 /INPUT 4 "waddr";
    .port_info 4 /INPUT 128 "din";
    .port_info 5 /INPUT 4 "raddr";
    .port_info 6 /OUTPUT 128 "dout";
L_000001f3eeae7a40 .functor BUFZ 128, L_000001f3eeb3fdd0, C4<00000000000000000000000000000000000000000000000000000000000000000000000000000000000000000000000000000000000000000000000000000000>, C4<00000000000000000000000000000000000000000000000000000000000000000000000000000000000000000000000000000000000000000000000000000000>, C4<00000000000000000000000000000000000000000000000000000000000000000000000000000000000000000000000000000000000000000000000000000000>;
v000001f3ee95bbc0_0 .net *"_ivl_0", 127 0, L_000001f3eeb3fdd0;  1 drivers
v000001f3ee95bc60_0 .net *"_ivl_2", 4 0, L_000001f3eeb41630;  1 drivers
L_000001f3eeb60088 .functor BUFT 1, C4<0>, C4<0>, C4<0>, C4<0>;
v000001f3ee95a680_0 .net *"_ivl_5", 0 0, L_000001f3eeb60088;  1 drivers
v000001f3ee95bd00_0 .net "clk", 0 0, v000001f3eeb3c030_0;  alias, 1 drivers
v000001f3ee959f00_0 .net "din", 127 0, L_000001f3eeb407d0;  alias, 1 drivers
v000001f3ee959fa0_0 .net "dout", 127 0, L_000001f3eeae7a40;  alias, 1 drivers
v000001f3ee95a220_0 .var/i "i", 31 0;
v000001f3eeb393d0_0 .net "raddr", 3 0, v000001f3ee95b580_0;  alias, 1 drivers
v000001f3eeb39150 .array "regs", 10 0, 127 0;
v000001f3eeb3a050_0 .net "rst_n", 0 0, v000001f3eeb3c170_0;  alias, 1 drivers
v000001f3eeb39e70_0 .net "waddr", 3 0, v000001f3ee95b080_0;  alias, 1 drivers
v000001f3eeb38ed0_0 .net "wen", 0 0, v000001f3ee95b260_0;  alias, 1 drivers
L_000001f3eeb3fdd0 .array/port v000001f3eeb39150, L_000001f3eeb41630;
L_000001f3eeb41630 .concat [ 4 1 0 0], v000001f3ee95b580_0, L_000001f3eeb60088;
S_000001f3ee8f56f0 .scope module, "RotWord_inst" "RotWord" 4 49, 8 1 0, S_000001f3eeae8400;
 .timescale -9 -12;
    .port_info 0 /INPUT 32 "rot_in";
    .port_info 1 /OUTPUT 32 "rot_out";
v000001f3eeb3a370_0 .net *"_ivl_1", 23 0, L_000001f3eeb40370;  1 drivers
v000001f3eeb391f0_0 .net *"_ivl_3", 7 0, L_000001f3eeb40d70;  1 drivers
v000001f3eeb39470_0 .net "rot_in", 31 0, L_000001f3eeb411d0;  1 drivers
v000001f3eeb39290_0 .net "rot_out", 31 0, L_000001f3eeb41130;  alias, 1 drivers
L_000001f3eeb40370 .part L_000001f3eeb411d0, 0, 24;
L_000001f3eeb40d70 .part L_000001f3eeb411d0, 24, 8;
L_000001f3eeb41130 .concat [ 8 24 0 0], L_000001f3eeb40d70, L_000001f3eeb40370;
S_000001f3ee8f5880 .scope module, "Xorr_inst" "Xorr" 4 56, 9 4 0, S_000001f3eeae8400;
 .timescale -9 -12;
    .port_info 0 /INPUT 128 "key_prev";
    .port_info 1 /INPUT 32 "sub_in";
    .port_info 2 /INPUT 4 "round";
    .port_info 3 /OUTPUT 128 "key_new";
L_000001f3eeae7650 .functor BUFZ 128, L_000001f3eeae7a40, C4<00000000000000000000000000000000000000000000000000000000000000000000000000000000000000000000000000000000000000000000000000000000>, C4<00000000000000000000000000000000000000000000000000000000000000000000000000000000000000000000000000000000000000000000000000000000>, C4<00000000000000000000000000000000000000000000000000000000000000000000000000000000000000000000000000000000000000000000000000000000>;
L_000001f3eeae7c70 .functor XOR 32, L_000001f3eeb3fbf0, v000001f3eeb390b0_0, C4<00000000000000000000000000000000>, C4<00000000000000000000000000000000>;
L_000001f3eeae7110 .functor XOR 32, L_000001f3eeb402d0, L_000001f3eeae7c70, C4<00000000000000000000000000000000>, C4<00000000000000000000000000000000>;
L_000001f3eeae7c00 .functor XOR 32, L_000001f3eeb40af0, L_000001f3eeae7110, C4<00000000000000000000000000000000>, C4<00000000000000000000000000000000>;
L_000001f3eeae7ea0 .functor XOR 32, L_000001f3eeb40410, L_000001f3eeae7c00, C4<00000000000000000000000000000000>, C4<00000000000000000000000000000000>;
L_000001f3eeae7ab0 .functor XOR 32, L_000001f3eeb41950, L_000001f3eeae7ea0, C4<00000000000000000000000000000000>, C4<00000000000000000000000000000000>;
v000001f3eeb39330_0 .net *"_ivl_6", 127 0, L_000001f3eeae7650;  1 drivers
v000001f3eeb38f70_0 .net "key_new", 127 0, L_000001f3eeb404b0;  alias, 1 drivers
v000001f3eeb39f10_0 .net "key_prev", 127 0, L_000001f3eeae7a40;  alias, 1 drivers
v000001f3eeb39a10_0 .net "rcon", 31 0, v000001f3eeb390b0_0;  1 drivers
v000001f3eeb38b10_0 .net "round", 3 0, v000001f3ee95ad60_0;  alias, 1 drivers
v000001f3eeb396f0_0 .net "sub_in", 31 0, L_000001f3eeb3fbf0;  alias, 1 drivers
v000001f3eeb3a5f0_0 .net "temp", 31 0, L_000001f3eeae7c70;  1 drivers
v000001f3eeb39fb0_0 .net "w0", 31 0, L_000001f3eeb402d0;  1 drivers
v000001f3eeb38d90_0 .net "w1", 31 0, L_000001f3eeb40af0;  1 drivers
v000001f3eeb39510_0 .net "w2", 31 0, L_000001f3eeb40410;  1 drivers
v000001f3eeb39830_0 .net "w3", 31 0, L_000001f3eeb41950;  1 drivers
v000001f3eeb39650_0 .net "w4", 31 0, L_000001f3eeae7110;  1 drivers
v000001f3eeb3a230_0 .net "w5", 31 0, L_000001f3eeae7c00;  1 drivers
v000001f3eeb3a2d0_0 .net "w6", 31 0, L_000001f3eeae7ea0;  1 drivers
v000001f3eeb39d30_0 .net "w7", 31 0, L_000001f3eeae7ab0;  1 drivers
L_000001f3eeb402d0 .part L_000001f3eeae7650, 96, 32;
L_000001f3eeb40af0 .part L_000001f3eeae7650, 64, 32;
L_000001f3eeb40410 .part L_000001f3eeae7650, 32, 32;
L_000001f3eeb41950 .part L_000001f3eeae7650, 0, 32;
L_000001f3eeb404b0 .concat [ 32 32 32 32], L_000001f3eeae7ab0, L_000001f3eeae7ea0, L_000001f3eeae7c00, L_000001f3eeae7110;
S_000001f3ee8c8480 .scope module, "u_rcon" "Rcon" 9 19, 10 1 0, S_000001f3ee8f5880;
 .timescale -9 -12;
    .port_info 0 /INPUT 4 "round";
    .port_info 1 /OUTPUT 32 "rcon_out";
v000001f3eeb390b0_0 .var "rcon_out", 31 0;
v000001f3eeb398d0_0 .net "round", 3 0, v000001f3ee95ad60_0;  alias, 1 drivers
E_000001f3eeabebc0 .event anyedge, v000001f3ee95ad60_0;
S_000001f3ee8c8720 .scope module, "Sbox_wrapper_inst" "Sbox_wrapper" 3 30, 11 3 0, S_000001f3eeae8270;
 .timescale -9 -12;
    .port_info 0 /INPUT 1 "clk";
    .port_info 1 /INPUT 1 "rst_n";
    .port_info 2 /INPUT 128 "state_in";
    .port_info 3 /OUTPUT 128 "state_out";
v000001f3eeb3cc10_0 .net "clk", 0 0, v000001f3eeb3c030_0;  alias, 1 drivers
v000001f3eeb3ba90_0 .net "rst_n", 0 0, v000001f3eeb3c170_0;  alias, 1 drivers
v000001f3eeb3ccb0 .array "sbox_out", 0 15;
v000001f3eeb3ccb0_0 .net v000001f3eeb3ccb0 0, 7 0, v000001f3eeb3a870_0; 1 drivers
v000001f3eeb3ccb0_1 .net v000001f3eeb3ccb0 1, 7 0, v000001f3eeb38c50_0; 1 drivers
v000001f3eeb3ccb0_2 .net v000001f3eeb3ccb0 2, 7 0, v000001f3eeb38e30_0; 1 drivers
v000001f3eeb3ccb0_3 .net v000001f3eeb3ccb0 3, 7 0, v000001f3eeb3c850_0; 1 drivers
v000001f3eeb3ccb0_4 .net v000001f3eeb3ccb0 4, 7 0, v000001f3eeb3c5d0_0; 1 drivers
v000001f3eeb3ccb0_5 .net v000001f3eeb3ccb0 5, 7 0, v000001f3eeb3cdf0_0; 1 drivers
v000001f3eeb3ccb0_6 .net v000001f3eeb3ccb0 6, 7 0, v000001f3eeb3c2b0_0; 1 drivers
v000001f3eeb3ccb0_7 .net v000001f3eeb3ccb0 7, 7 0, v000001f3eeb3c710_0; 1 drivers
v000001f3eeb3ccb0_8 .net v000001f3eeb3ccb0 8, 7 0, v000001f3eeb3bbd0_0; 1 drivers
v000001f3eeb3ccb0_9 .net v000001f3eeb3ccb0 9, 7 0, v000001f3eeb3d430_0; 1 drivers
v000001f3eeb3ccb0_10 .net v000001f3eeb3ccb0 10, 7 0, v000001f3eeb3d930_0; 1 drivers
v000001f3eeb3ccb0_11 .net v000001f3eeb3ccb0 11, 7 0, v000001f3eeb3ce90_0; 1 drivers
v000001f3eeb3ccb0_12 .net v000001f3eeb3ccb0 12, 7 0, v000001f3eeb3c670_0; 1 drivers
v000001f3eeb3ccb0_13 .net v000001f3eeb3ccb0 13, 7 0, v000001f3eeb3c990_0; 1 drivers
v000001f3eeb3ccb0_14 .net v000001f3eeb3ccb0 14, 7 0, v000001f3eeb3d2f0_0; 1 drivers
v000001f3eeb3ccb0_15 .net v000001f3eeb3ccb0 15, 7 0, v000001f3eeb3cb70_0; 1 drivers
v000001f3eeb3d390_0 .net "state_in", 127 0, L_000001f3eeb3fd30;  1 drivers
v000001f3eeb3cd50_0 .var "state_out", 127 0;
L_000001f3eeb41270 .part L_000001f3eeb3fd30, 0, 8;
L_000001f3eeb3fab0 .part L_000001f3eeb3fd30, 8, 8;
L_000001f3eeb40550 .part L_000001f3eeb3fd30, 16, 8;
L_000001f3eeb41310 .part L_000001f3eeb3fd30, 24, 8;
L_000001f3eeb416d0 .part L_000001f3eeb3fd30, 32, 8;
L_000001f3eeb40b90 .part L_000001f3eeb3fd30, 40, 8;
L_000001f3eeb40e10 .part L_000001f3eeb3fd30, 48, 8;
L_000001f3eeb40ff0 .part L_000001f3eeb3fd30, 56, 8;
L_000001f3eeb41090 .part L_000001f3eeb3fd30, 64, 8;
L_000001f3eeb40a50 .part L_000001f3eeb3fd30, 72, 8;
L_000001f3eeb413b0 .part L_000001f3eeb3fd30, 80, 8;
L_000001f3eeb41450 .part L_000001f3eeb3fd30, 88, 8;
L_000001f3eeb400f0 .part L_000001f3eeb3fd30, 96, 8;
L_000001f3eeb3fb50 .part L_000001f3eeb3fd30, 104, 8;
L_000001f3eeb40230 .part L_000001f3eeb3fd30, 112, 8;
L_000001f3eeb414f0 .part L_000001f3eeb3fd30, 120, 8;
S_000001f3ee8ad510 .scope generate, "SBOX_LOOP[0]" "SBOX_LOOP[0]" 11 14, 11 14 0, S_000001f3ee8c8720;
 .timescale -9 -12;
P_000001f3eeabe680 .param/l "i" 0 11 14, +C4<00>;
S_000001f3ee8ad6a0 .scope module, "sbox_inst" "sbox" 11 15, 12 1 0, S_000001f3ee8ad510;
 .timescale -9 -12;
    .port_info 0 /INPUT 8 "a";
    .port_info 1 /OUTPUT 8 "c";
v000001f3eeb38a70_0 .net "a", 7 0, L_000001f3eeb41270;  1 drivers
v000001f3eeb3a870_0 .var "c", 7 0;
E_000001f3eeabeb00 .event anyedge, v000001f3eeb38a70_0;
S_000001f3ee8ad830 .scope generate, "SBOX_LOOP[1]" "SBOX_LOOP[1]" 11 14, 11 14 0, S_000001f3ee8c8720;
 .timescale -9 -12;
P_000001f3eeabe1c0 .param/l "i" 0 11 14, +C4<01>;
S_000001f3ee8f2dd0 .scope module, "sbox_inst" "sbox" 11 15, 12 1 0, S_000001f3ee8ad830;
 .timescale -9 -12;
    .port_info 0 /INPUT 8 "a";
    .port_info 1 /OUTPUT 8 "c";
v000001f3eeb38bb0_0 .net "a", 7 0, L_000001f3eeb3fab0;  1 drivers
v000001f3eeb38c50_0 .var "c", 7 0;
E_000001f3eeabe780 .event anyedge, v000001f3eeb38bb0_0;
S_000001f3ee8f2f60 .scope generate, "SBOX_LOOP[2]" "SBOX_LOOP[2]" 11 14, 11 14 0, S_000001f3ee8c8720;
 .timescale -9 -12;
P_000001f3eeabe840 .param/l "i" 0 11 14, +C4<010>;
S_000001f3eeb3aa80 .scope module, "sbox_inst" "sbox" 11 15, 12 1 0, S_000001f3ee8f2f60;
 .timescale -9 -12;
    .port_info 0 /INPUT 8 "a";
    .port_info 1 /OUTPUT 8 "c";
v000001f3eeb38cf0_0 .net "a", 7 0, L_000001f3eeb40550;  1 drivers
v000001f3eeb38e30_0 .var "c", 7 0;
E_000001f3eeabe9c0 .event anyedge, v000001f3eeb38cf0_0;
S_000001f3eeb3ac10 .scope generate, "SBOX_LOOP[3]" "SBOX_LOOP[3]" 11 14, 11 14 0, S_000001f3ee8c8720;
 .timescale -9 -12;
P_000001f3eeabea00 .param/l "i" 0 11 14, +C4<011>;
S_000001f3eeb3b3e0 .scope module, "sbox_inst" "sbox" 11 15, 12 1 0, S_000001f3eeb3ac10;
 .timescale -9 -12;
    .port_info 0 /INPUT 8 "a";
    .port_info 1 /OUTPUT 8 "c";
v000001f3eeb3c7b0_0 .net "a", 7 0, L_000001f3eeb41310;  1 drivers
v000001f3eeb3c850_0 .var "c", 7 0;
E_000001f3eeabea80 .event anyedge, v000001f3eeb3c7b0_0;
S_000001f3eeb3ada0 .scope generate, "SBOX_LOOP[4]" "SBOX_LOOP[4]" 11 14, 11 14 0, S_000001f3ee8c8720;
 .timescale -9 -12;
P_000001f3eeabef40 .param/l "i" 0 11 14, +C4<0100>;
S_000001f3eeb3b570 .scope module, "sbox_inst" "sbox" 11 15, 12 1 0, S_000001f3eeb3ada0;
 .timescale -9 -12;
    .port_info 0 /INPUT 8 "a";
    .port_info 1 /OUTPUT 8 "c";
v000001f3eeb3c3f0_0 .net "a", 7 0, L_000001f3eeb416d0;  1 drivers
v000001f3eeb3c5d0_0 .var "c", 7 0;
E_000001f3eeabec80 .event anyedge, v000001f3eeb3c3f0_0;
S_000001f3eeb3b0c0 .scope generate, "SBOX_LOOP[5]" "SBOX_LOOP[5]" 11 14, 11 14 0, S_000001f3ee8c8720;
 .timescale -9 -12;
P_000001f3eeabef80 .param/l "i" 0 11 14, +C4<0101>;
S_000001f3eeb3af30 .scope module, "sbox_inst" "sbox" 11 15, 12 1 0, S_000001f3eeb3b0c0;
 .timescale -9 -12;
    .port_info 0 /INPUT 8 "a";
    .port_info 1 /OUTPUT 8 "c";
v000001f3eeb3c350_0 .net "a", 7 0, L_000001f3eeb40b90;  1 drivers
v000001f3eeb3cdf0_0 .var "c", 7 0;
E_000001f3eeabeac0 .event anyedge, v000001f3eeb3c350_0;
S_000001f3eeb3b250 .scope generate, "SBOX_LOOP[6]" "SBOX_LOOP[6]" 11 14, 11 14 0, S_000001f3ee8c8720;
 .timescale -9 -12;
P_000001f3eeabf080 .param/l "i" 0 11 14, +C4<0110>;
S_000001f3eeb3b700 .scope module, "sbox_inst" "sbox" 11 15, 12 1 0, S_000001f3eeb3b250;
 .timescale -9 -12;
    .port_info 0 /INPUT 8 "a";
    .port_info 1 /OUTPUT 8 "c";
v000001f3eeb3d1b0_0 .net "a", 7 0, L_000001f3eeb40e10;  1 drivers
v000001f3eeb3c2b0_0 .var "c", 7 0;
E_000001f3eeabe200 .event anyedge, v000001f3eeb3d1b0_0;
S_000001f3eeb3b890 .scope generate, "SBOX_LOOP[7]" "SBOX_LOOP[7]" 11 14, 11 14 0, S_000001f3ee8c8720;
 .timescale -9 -12;
P_000001f3eeabeb40 .param/l "i" 0 11 14, +C4<0111>;
S_000001f3eeb3e590 .scope module, "sbox_inst" "sbox" 11 15, 12 1 0, S_000001f3eeb3b890;
 .timescale -9 -12;
    .port_info 0 /INPUT 8 "a";
    .port_info 1 /OUTPUT 8 "c";
v000001f3eeb3bb30_0 .net "a", 7 0, L_000001f3eeb40ff0;  1 drivers
v000001f3eeb3c710_0 .var "c", 7 0;
E_000001f3eeabe2c0 .event anyedge, v000001f3eeb3bb30_0;
S_000001f3eeb3f530 .scope generate, "SBOX_LOOP[8]" "SBOX_LOOP[8]" 11 14, 11 14 0, S_000001f3ee8c8720;
 .timescale -9 -12;
P_000001f3eeabe300 .param/l "i" 0 11 14, +C4<01000>;
S_000001f3eeb3f850 .scope module, "sbox_inst" "sbox" 11 15, 12 1 0, S_000001f3eeb3f530;
 .timescale -9 -12;
    .port_info 0 /INPUT 8 "a";
    .port_info 1 /OUTPUT 8 "c";
v000001f3eeb3c8f0_0 .net "a", 7 0, L_000001f3eeb41090;  1 drivers
v000001f3eeb3bbd0_0 .var "c", 7 0;
E_000001f3eeabe3c0 .event anyedge, v000001f3eeb3c8f0_0;
S_000001f3eeb3e720 .scope generate, "SBOX_LOOP[9]" "SBOX_LOOP[9]" 11 14, 11 14 0, S_000001f3ee8c8720;
 .timescale -9 -12;
P_000001f3eeabf700 .param/l "i" 0 11 14, +C4<01001>;
S_000001f3eeb3df50 .scope module, "sbox_inst" "sbox" 11 15, 12 1 0, S_000001f3eeb3e720;
 .timescale -9 -12;
    .port_info 0 /INPUT 8 "a";
    .port_info 1 /OUTPUT 8 "c";
v000001f3eeb3d110_0 .net "a", 7 0, L_000001f3eeb40a50;  1 drivers
v000001f3eeb3d430_0 .var "c", 7 0;
E_000001f3eeabfd80 .event anyedge, v000001f3eeb3d110_0;
S_000001f3eeb3daa0 .scope generate, "SBOX_LOOP[10]" "SBOX_LOOP[10]" 11 14, 11 14 0, S_000001f3ee8c8720;
 .timescale -9 -12;
P_000001f3eeabfdc0 .param/l "i" 0 11 14, +C4<01010>;
S_000001f3eeb3f210 .scope module, "sbox_inst" "sbox" 11 15, 12 1 0, S_000001f3eeb3daa0;
 .timescale -9 -12;
    .port_info 0 /INPUT 8 "a";
    .port_info 1 /OUTPUT 8 "c";
v000001f3eeb3c490_0 .net "a", 7 0, L_000001f3eeb413b0;  1 drivers
v000001f3eeb3d930_0 .var "c", 7 0;
E_000001f3eeabf640 .event anyedge, v000001f3eeb3c490_0;
S_000001f3eeb3ea40 .scope generate, "SBOX_LOOP[11]" "SBOX_LOOP[11]" 11 14, 11 14 0, S_000001f3ee8c8720;
 .timescale -9 -12;
P_000001f3eeabfe00 .param/l "i" 0 11 14, +C4<01011>;
S_000001f3eeb3f3a0 .scope module, "sbox_inst" "sbox" 11 15, 12 1 0, S_000001f3eeb3ea40;
 .timescale -9 -12;
    .port_info 0 /INPUT 8 "a";
    .port_info 1 /OUTPUT 8 "c";
v000001f3eeb3c530_0 .net "a", 7 0, L_000001f3eeb41450;  1 drivers
v000001f3eeb3ce90_0 .var "c", 7 0;
E_000001f3eeabf680 .event anyedge, v000001f3eeb3c530_0;
S_000001f3eeb3f080 .scope generate, "SBOX_LOOP[12]" "SBOX_LOOP[12]" 11 14, 11 14 0, S_000001f3ee8c8720;
 .timescale -9 -12;
P_000001f3eeabfe40 .param/l "i" 0 11 14, +C4<01100>;
S_000001f3eeb3e8b0 .scope module, "sbox_inst" "sbox" 11 15, 12 1 0, S_000001f3eeb3f080;
 .timescale -9 -12;
    .port_info 0 /INPUT 8 "a";
    .port_info 1 /OUTPUT 8 "c";
v000001f3eeb3d250_0 .net "a", 7 0, L_000001f3eeb400f0;  1 drivers
v000001f3eeb3c670_0 .var "c", 7 0;
E_000001f3eeabff80 .event anyedge, v000001f3eeb3d250_0;
S_000001f3eeb3e0e0 .scope generate, "SBOX_LOOP[13]" "SBOX_LOOP[13]" 11 14, 11 14 0, S_000001f3ee8c8720;
 .timescale -9 -12;
P_000001f3eeabf3c0 .param/l "i" 0 11 14, +C4<01101>;
S_000001f3eeb3ddc0 .scope module, "sbox_inst" "sbox" 11 15, 12 1 0, S_000001f3eeb3e0e0;
 .timescale -9 -12;
    .port_info 0 /INPUT 8 "a";
    .port_info 1 /OUTPUT 8 "c";
v000001f3eeb3ca30_0 .net "a", 7 0, L_000001f3eeb3fb50;  1 drivers
v000001f3eeb3c990_0 .var "c", 7 0;
E_000001f3eeabfa40 .event anyedge, v000001f3eeb3ca30_0;
S_000001f3eeb3f6c0 .scope generate, "SBOX_LOOP[14]" "SBOX_LOOP[14]" 11 14, 11 14 0, S_000001f3ee8c8720;
 .timescale -9 -12;
P_000001f3eeabf340 .param/l "i" 0 11 14, +C4<01110>;
S_000001f3eeb3ebd0 .scope module, "sbox_inst" "sbox" 11 15, 12 1 0, S_000001f3eeb3f6c0;
 .timescale -9 -12;
    .port_info 0 /INPUT 8 "a";
    .port_info 1 /OUTPUT 8 "c";
v000001f3eeb3cad0_0 .net "a", 7 0, L_000001f3eeb40230;  1 drivers
v000001f3eeb3d2f0_0 .var "c", 7 0;
E_000001f3eeabf180 .event anyedge, v000001f3eeb3cad0_0;
S_000001f3eeb3ed60 .scope generate, "SBOX_LOOP[15]" "SBOX_LOOP[15]" 11 14, 11 14 0, S_000001f3ee8c8720;
 .timescale -9 -12;
P_000001f3eeabfec0 .param/l "i" 0 11 14, +C4<01111>;
S_000001f3eeb3dc30 .scope module, "sbox_inst" "sbox" 11 15, 12 1 0, S_000001f3eeb3ed60;
 .timescale -9 -12;
    .port_info 0 /INPUT 8 "a";
    .port_info 1 /OUTPUT 8 "c";
v000001f3eeb3d7f0_0 .net "a", 7 0, L_000001f3eeb414f0;  1 drivers
v000001f3eeb3cb70_0 .var "c", 7 0;
E_000001f3eeabfac0 .event anyedge, v000001f3eeb3d7f0_0;
    .scope S_000001f3ee8f5560;
T_0 ;
    %wait E_000001f3eeabd2c0;
    %load/vec4 v000001f3eeb3a050_0;
    %nor/r;
    %flag_set/vec4 8;
    %jmp/0xz  T_0.0, 8;
    %pushi/vec4 0, 0, 32;
    %store/vec4 v000001f3ee95a220_0, 0, 32;
T_0.2 ;
    %load/vec4 v000001f3ee95a220_0;
    %cmpi/s 11, 0, 32;
    %jmp/0xz T_0.3, 5;
    %pushi/vec4 0, 0, 128;
    %ix/getv/s 3, v000001f3ee95a220_0;
    %ix/load 4, 0, 0; Constant delay
    %assign/vec4/a/d v000001f3eeb39150, 0, 4;
    %load/vec4 v000001f3ee95a220_0;
    %addi 1, 0, 32;
    %store/vec4 v000001f3ee95a220_0, 0, 32;
    %jmp T_0.2;
T_0.3 ;
    %jmp T_0.1;
T_0.0 ;
    %load/vec4 v000001f3eeb38ed0_0;
    %flag_set/vec4 8;
    %jmp/0xz  T_0.4, 8;
    %load/vec4 v000001f3ee959f00_0;
    %load/vec4 v000001f3eeb39e70_0;
    %pad/u 5;
    %ix/vec4 3;
    %ix/load 4, 0, 0; Constant delay
    %assign/vec4/a/d v000001f3eeb39150, 0, 4;
T_0.4 ;
T_0.1 ;
    %jmp T_0;
    .thread T_0;
    .scope S_000001f3ee8c8480;
T_1 ;
    %wait E_000001f3eeabebc0;
    %load/vec4 v000001f3eeb398d0_0;
    %dup/vec4;
    %pushi/vec4 1, 0, 4;
    %cmp/u;
    %jmp/1 T_1.0, 6;
    %dup/vec4;
    %pushi/vec4 2, 0, 4;
    %cmp/u;
    %jmp/1 T_1.1, 6;
    %dup/vec4;
    %pushi/vec4 3, 0, 4;
    %cmp/u;
    %jmp/1 T_1.2, 6;
    %dup/vec4;
    %pushi/vec4 4, 0, 4;
    %cmp/u;
    %jmp/1 T_1.3, 6;
    %dup/vec4;
    %pushi/vec4 5, 0, 4;
    %cmp/u;
    %jmp/1 T_1.4, 6;
    %dup/vec4;
    %pushi/vec4 6, 0, 4;
    %cmp/u;
    %jmp/1 T_1.5, 6;
    %dup/vec4;
    %pushi/vec4 7, 0, 4;
    %cmp/u;
    %jmp/1 T_1.6, 6;
    %dup/vec4;
    %pushi/vec4 8, 0, 4;
    %cmp/u;
    %jmp/1 T_1.7, 6;
    %dup/vec4;
    %pushi/vec4 9, 0, 4;
    %cmp/u;
    %jmp/1 T_1.8, 6;
    %dup/vec4;
    %pushi/vec4 10, 0, 4;
    %cmp/u;
    %jmp/1 T_1.9, 6;
    %pushi/vec4 0, 0, 32;
    %store/vec4 v000001f3eeb390b0_0, 0, 32;
    %jmp T_1.11;
T_1.0 ;
    %pushi/vec4 16777216, 0, 32;
    %store/vec4 v000001f3eeb390b0_0, 0, 32;
    %jmp T_1.11;
T_1.1 ;
    %pushi/vec4 33554432, 0, 32;
    %store/vec4 v000001f3eeb390b0_0, 0, 32;
    %jmp T_1.11;
T_1.2 ;
    %pushi/vec4 67108864, 0, 32;
    %store/vec4 v000001f3eeb390b0_0, 0, 32;
    %jmp T_1.11;
T_1.3 ;
    %pushi/vec4 134217728, 0, 32;
    %store/vec4 v000001f3eeb390b0_0, 0, 32;
    %jmp T_1.11;
T_1.4 ;
    %pushi/vec4 268435456, 0, 32;
    %store/vec4 v000001f3eeb390b0_0, 0, 32;
    %jmp T_1.11;
T_1.5 ;
    %pushi/vec4 536870912, 0, 32;
    %store/vec4 v000001f3eeb390b0_0, 0, 32;
    %jmp T_1.11;
T_1.6 ;
    %pushi/vec4 1073741824, 0, 32;
    %store/vec4 v000001f3eeb390b0_0, 0, 32;
    %jmp T_1.11;
T_1.7 ;
    %pushi/vec4 2147483648, 0, 32;
    %store/vec4 v000001f3eeb390b0_0, 0, 32;
    %jmp T_1.11;
T_1.8 ;
    %pushi/vec4 452984832, 0, 32;
    %store/vec4 v000001f3eeb390b0_0, 0, 32;
    %jmp T_1.11;
T_1.9 ;
    %pushi/vec4 905969664, 0, 32;
    %store/vec4 v000001f3eeb390b0_0, 0, 32;
    %jmp T_1.11;
T_1.11 ;
    %pop/vec4 1;
    %jmp T_1;
    .thread T_1, $push;
    .scope S_000001f3ee8e5a30;
T_2 ;
    %wait E_000001f3eeabd480;
    %load/vec4 v000001f3ee95b800_0;
    %dup/vec4;
    %pushi/vec4 0, 0, 3;
    %cmp/u;
    %jmp/1 T_2.0, 6;
    %dup/vec4;
    %pushi/vec4 1, 0, 3;
    %cmp/u;
    %jmp/1 T_2.1, 6;
    %dup/vec4;
    %pushi/vec4 2, 0, 3;
    %cmp/u;
    %jmp/1 T_2.2, 6;
    %dup/vec4;
    %pushi/vec4 3, 0, 3;
    %cmp/u;
    %jmp/1 T_2.3, 6;
    %dup/vec4;
    %pushi/vec4 4, 0, 3;
    %cmp/u;
    %jmp/1 T_2.4, 6;
    %pushi/vec4 0, 0, 3;
    %store/vec4 v000001f3ee95ba80_0, 0, 3;
    %jmp T_2.6;
T_2.0 ;
    %load/vec4 v000001f3ee95a2c0_0;
    %flag_set/vec4 8;
    %jmp/0 T_2.7, 8;
    %pushi/vec4 1, 0, 32;
    %jmp/1 T_2.8, 8;
T_2.7 ; End of true expr.
    %pushi/vec4 0, 0, 32;
    %jmp/0 T_2.8, 8;
 ; End of false expr.
    %blend;
T_2.8;
    %pad/s 3;
    %store/vec4 v000001f3ee95ba80_0, 0, 3;
    %jmp T_2.6;
T_2.1 ;
    %pushi/vec4 2, 0, 3;
    %store/vec4 v000001f3ee95ba80_0, 0, 3;
    %jmp T_2.6;
T_2.2 ;
    %pushi/vec4 3, 0, 3;
    %store/vec4 v000001f3ee95ba80_0, 0, 3;
    %jmp T_2.6;
T_2.3 ;
    %load/vec4 v000001f3ee95b080_0;
    %pad/u 32;
    %cmpi/e 10, 0, 32;
    %flag_mov 8, 4;
    %jmp/0 T_2.9, 8;
    %pushi/vec4 4, 0, 32;
    %jmp/1 T_2.10, 8;
T_2.9 ; End of true expr.
    %pushi/vec4 2, 0, 32;
    %jmp/0 T_2.10, 8;
 ; End of false expr.
    %blend;
T_2.10;
    %pad/s 3;
    %store/vec4 v000001f3ee95ba80_0, 0, 3;
    %jmp T_2.6;
T_2.4 ;
    %load/vec4 v000001f3ee95a2c0_0;
    %flag_set/vec4 8;
    %jmp/0 T_2.11, 8;
    %pushi/vec4 1, 0, 32;
    %jmp/1 T_2.12, 8;
T_2.11 ; End of true expr.
    %pushi/vec4 4, 0, 32;
    %jmp/0 T_2.12, 8;
 ; End of false expr.
    %blend;
T_2.12;
    %pad/s 3;
    %store/vec4 v000001f3ee95ba80_0, 0, 3;
    %jmp T_2.6;
T_2.6 ;
    %pop/vec4 1;
    %jmp T_2;
    .thread T_2, $push;
    .scope S_000001f3ee8e5a30;
T_3 ;
    %wait E_000001f3eeabd2c0;
    %load/vec4 v000001f3ee95a9a0_0;
    %inv;
    %flag_set/vec4 8;
    %jmp/0xz  T_3.0, 8;
    %pushi/vec4 0, 0, 3;
    %assign/vec4 v000001f3ee95b800_0, 0;
    %jmp T_3.1;
T_3.0 ;
    %load/vec4 v000001f3ee95ba80_0;
    %assign/vec4 v000001f3ee95b800_0, 0;
T_3.1 ;
    %jmp T_3;
    .thread T_3;
    .scope S_000001f3ee8e5a30;
T_4 ;
    %wait E_000001f3eeabd240;
    %pushi/vec4 0, 0, 1;
    %store/vec4 v000001f3ee95a7c0_0, 0, 1;
    %pushi/vec4 0, 0, 1;
    %store/vec4 v000001f3ee95a180_0, 0, 1;
    %pushi/vec4 0, 0, 1;
    %store/vec4 v000001f3ee95b260_0, 0, 1;
    %pushi/vec4 0, 0, 1;
    %store/vec4 v000001f3ee95a040_0, 0, 1;
    %load/vec4 v000001f3ee95b800_0;
    %dup/vec4;
    %pushi/vec4 1, 0, 3;
    %cmp/u;
    %jmp/1 T_4.0, 6;
    %dup/vec4;
    %pushi/vec4 2, 0, 3;
    %cmp/u;
    %jmp/1 T_4.1, 6;
    %dup/vec4;
    %pushi/vec4 3, 0, 3;
    %cmp/u;
    %jmp/1 T_4.2, 6;
    %dup/vec4;
    %pushi/vec4 4, 0, 3;
    %cmp/u;
    %jmp/1 T_4.3, 6;
    %pushi/vec4 0, 0, 1;
    %store/vec4 v000001f3ee95a7c0_0, 0, 1;
    %pushi/vec4 0, 0, 1;
    %store/vec4 v000001f3ee95a180_0, 0, 1;
    %pushi/vec4 0, 0, 1;
    %store/vec4 v000001f3ee95b260_0, 0, 1;
    %pushi/vec4 0, 0, 1;
    %store/vec4 v000001f3ee95a040_0, 0, 1;
    %pushi/vec4 0, 0, 4;
    %store/vec4 v000001f3ee95b580_0, 0, 4;
    %pushi/vec4 0, 0, 4;
    %store/vec4 v000001f3ee95b080_0, 0, 4;
    %pushi/vec4 0, 0, 4;
    %store/vec4 v000001f3ee95ad60_0, 0, 4;
    %jmp T_4.5;
T_4.0 ;
    %pushi/vec4 0, 0, 4;
    %store/vec4 v000001f3ee95b080_0, 0, 4;
    %pushi/vec4 1, 0, 1;
    %store/vec4 v000001f3ee95b260_0, 0, 1;
    %pushi/vec4 1, 0, 1;
    %store/vec4 v000001f3ee95a040_0, 0, 1;
    %pushi/vec4 0, 0, 4;
    %store/vec4 v000001f3ee95b580_0, 0, 4;
    %pushi/vec4 1, 0, 4;
    %store/vec4 v000001f3ee95ad60_0, 0, 4;
    %jmp T_4.5;
T_4.1 ;
    %load/vec4 v000001f3ee95b080_0;
    %addi 1, 0, 4;
    %store/vec4 v000001f3ee95b080_0, 0, 4;
    %jmp T_4.5;
T_4.2 ;
    %pushi/vec4 1, 0, 1;
    %store/vec4 v000001f3ee95b260_0, 0, 1;
    %load/vec4 v000001f3ee95b580_0;
    %addi 1, 0, 4;
    %store/vec4 v000001f3ee95b580_0, 0, 4;
    %load/vec4 v000001f3ee95ad60_0;
    %addi 1, 0, 4;
    %store/vec4 v000001f3ee95ad60_0, 0, 4;
    %jmp T_4.5;
T_4.3 ;
    %pushi/vec4 1, 0, 1;
    %store/vec4 v000001f3ee95a7c0_0, 0, 1;
    %pushi/vec4 1, 0, 1;
    %store/vec4 v000001f3ee95a180_0, 0, 1;
    %load/vec4 v000001f3ee95acc0_0;
    %store/vec4 v000001f3ee95b580_0, 0, 4;
    %pushi/vec4 0, 0, 4;
    %store/vec4 v000001f3ee95b080_0, 0, 4;
    %pushi/vec4 0, 0, 4;
    %store/vec4 v000001f3ee95b580_0, 0, 4;
    %pushi/vec4 0, 0, 1;
    %store/vec4 v000001f3ee95a040_0, 0, 1;
    %pushi/vec4 0, 0, 1;
    %store/vec4 v000001f3ee95b260_0, 0, 1;
    %jmp T_4.5;
T_4.5 ;
    %pop/vec4 1;
    %jmp T_4;
    .thread T_4, $push;
    .scope S_000001f3ee8ad6a0;
T_5 ;
    %wait E_000001f3eeabeb00;
    %load/vec4 v000001f3eeb38a70_0;
    %dup/vec4;
    %pushi/vec4 0, 0, 8;
    %cmp/u;
    %jmp/1 T_5.0, 6;
    %dup/vec4;
    %pushi/vec4 1, 0, 8;
    %cmp/u;
    %jmp/1 T_5.1, 6;
    %dup/vec4;
    %pushi/vec4 2, 0, 8;
    %cmp/u;
    %jmp/1 T_5.2, 6;
    %dup/vec4;
    %pushi/vec4 3, 0, 8;
    %cmp/u;
    %jmp/1 T_5.3, 6;
    %dup/vec4;
    %pushi/vec4 4, 0, 8;
    %cmp/u;
    %jmp/1 T_5.4, 6;
    %dup/vec4;
    %pushi/vec4 5, 0, 8;
    %cmp/u;
    %jmp/1 T_5.5, 6;
    %dup/vec4;
    %pushi/vec4 6, 0, 8;
    %cmp/u;
    %jmp/1 T_5.6, 6;
    %dup/vec4;
    %pushi/vec4 7, 0, 8;
    %cmp/u;
    %jmp/1 T_5.7, 6;
    %dup/vec4;
    %pushi/vec4 8, 0, 8;
    %cmp/u;
    %jmp/1 T_5.8, 6;
    %dup/vec4;
    %pushi/vec4 9, 0, 8;
    %cmp/u;
    %jmp/1 T_5.9, 6;
    %dup/vec4;
    %pushi/vec4 10, 0, 8;
    %cmp/u;
    %jmp/1 T_5.10, 6;
    %dup/vec4;
    %pushi/vec4 11, 0, 8;
    %cmp/u;
    %jmp/1 T_5.11, 6;
    %dup/vec4;
    %pushi/vec4 12, 0, 8;
    %cmp/u;
    %jmp/1 T_5.12, 6;
    %dup/vec4;
    %pushi/vec4 13, 0, 8;
    %cmp/u;
    %jmp/1 T_5.13, 6;
    %dup/vec4;
    %pushi/vec4 14, 0, 8;
    %cmp/u;
    %jmp/1 T_5.14, 6;
    %dup/vec4;
    %pushi/vec4 15, 0, 8;
    %cmp/u;
    %jmp/1 T_5.15, 6;
    %dup/vec4;
    %pushi/vec4 16, 0, 8;
    %cmp/u;
    %jmp/1 T_5.16, 6;
    %dup/vec4;
    %pushi/vec4 17, 0, 8;
    %cmp/u;
    %jmp/1 T_5.17, 6;
    %dup/vec4;
    %pushi/vec4 18, 0, 8;
    %cmp/u;
    %jmp/1 T_5.18, 6;
    %dup/vec4;
    %pushi/vec4 19, 0, 8;
    %cmp/u;
    %jmp/1 T_5.19, 6;
    %dup/vec4;
    %pushi/vec4 20, 0, 8;
    %cmp/u;
    %jmp/1 T_5.20, 6;
    %dup/vec4;
    %pushi/vec4 21, 0, 8;
    %cmp/u;
    %jmp/1 T_5.21, 6;
    %dup/vec4;
    %pushi/vec4 22, 0, 8;
    %cmp/u;
    %jmp/1 T_5.22, 6;
    %dup/vec4;
    %pushi/vec4 23, 0, 8;
    %cmp/u;
    %jmp/1 T_5.23, 6;
    %dup/vec4;
    %pushi/vec4 24, 0, 8;
    %cmp/u;
    %jmp/1 T_5.24, 6;
    %dup/vec4;
    %pushi/vec4 25, 0, 8;
    %cmp/u;
    %jmp/1 T_5.25, 6;
    %dup/vec4;
    %pushi/vec4 26, 0, 8;
    %cmp/u;
    %jmp/1 T_5.26, 6;
    %dup/vec4;
    %pushi/vec4 27, 0, 8;
    %cmp/u;
    %jmp/1 T_5.27, 6;
    %dup/vec4;
    %pushi/vec4 28, 0, 8;
    %cmp/u;
    %jmp/1 T_5.28, 6;
    %dup/vec4;
    %pushi/vec4 29, 0, 8;
    %cmp/u;
    %jmp/1 T_5.29, 6;
    %dup/vec4;
    %pushi/vec4 30, 0, 8;
    %cmp/u;
    %jmp/1 T_5.30, 6;
    %dup/vec4;
    %pushi/vec4 31, 0, 8;
    %cmp/u;
    %jmp/1 T_5.31, 6;
    %dup/vec4;
    %pushi/vec4 32, 0, 8;
    %cmp/u;
    %jmp/1 T_5.32, 6;
    %dup/vec4;
    %pushi/vec4 33, 0, 8;
    %cmp/u;
    %jmp/1 T_5.33, 6;
    %dup/vec4;
    %pushi/vec4 34, 0, 8;
    %cmp/u;
    %jmp/1 T_5.34, 6;
    %dup/vec4;
    %pushi/vec4 35, 0, 8;
    %cmp/u;
    %jmp/1 T_5.35, 6;
    %dup/vec4;
    %pushi/vec4 36, 0, 8;
    %cmp/u;
    %jmp/1 T_5.36, 6;
    %dup/vec4;
    %pushi/vec4 37, 0, 8;
    %cmp/u;
    %jmp/1 T_5.37, 6;
    %dup/vec4;
    %pushi/vec4 38, 0, 8;
    %cmp/u;
    %jmp/1 T_5.38, 6;
    %dup/vec4;
    %pushi/vec4 39, 0, 8;
    %cmp/u;
    %jmp/1 T_5.39, 6;
    %dup/vec4;
    %pushi/vec4 40, 0, 8;
    %cmp/u;
    %jmp/1 T_5.40, 6;
    %dup/vec4;
    %pushi/vec4 41, 0, 8;
    %cmp/u;
    %jmp/1 T_5.41, 6;
    %dup/vec4;
    %pushi/vec4 42, 0, 8;
    %cmp/u;
    %jmp/1 T_5.42, 6;
    %dup/vec4;
    %pushi/vec4 43, 0, 8;
    %cmp/u;
    %jmp/1 T_5.43, 6;
    %dup/vec4;
    %pushi/vec4 44, 0, 8;
    %cmp/u;
    %jmp/1 T_5.44, 6;
    %dup/vec4;
    %pushi/vec4 45, 0, 8;
    %cmp/u;
    %jmp/1 T_5.45, 6;
    %dup/vec4;
    %pushi/vec4 46, 0, 8;
    %cmp/u;
    %jmp/1 T_5.46, 6;
    %dup/vec4;
    %pushi/vec4 47, 0, 8;
    %cmp/u;
    %jmp/1 T_5.47, 6;
    %dup/vec4;
    %pushi/vec4 48, 0, 8;
    %cmp/u;
    %jmp/1 T_5.48, 6;
    %dup/vec4;
    %pushi/vec4 49, 0, 8;
    %cmp/u;
    %jmp/1 T_5.49, 6;
    %dup/vec4;
    %pushi/vec4 50, 0, 8;
    %cmp/u;
    %jmp/1 T_5.50, 6;
    %dup/vec4;
    %pushi/vec4 51, 0, 8;
    %cmp/u;
    %jmp/1 T_5.51, 6;
    %dup/vec4;
    %pushi/vec4 52, 0, 8;
    %cmp/u;
    %jmp/1 T_5.52, 6;
    %dup/vec4;
    %pushi/vec4 53, 0, 8;
    %cmp/u;
    %jmp/1 T_5.53, 6;
    %dup/vec4;
    %pushi/vec4 54, 0, 8;
    %cmp/u;
    %jmp/1 T_5.54, 6;
    %dup/vec4;
    %pushi/vec4 55, 0, 8;
    %cmp/u;
    %jmp/1 T_5.55, 6;
    %dup/vec4;
    %pushi/vec4 56, 0, 8;
    %cmp/u;
    %jmp/1 T_5.56, 6;
    %dup/vec4;
    %pushi/vec4 57, 0, 8;
    %cmp/u;
    %jmp/1 T_5.57, 6;
    %dup/vec4;
    %pushi/vec4 58, 0, 8;
    %cmp/u;
    %jmp/1 T_5.58, 6;
    %dup/vec4;
    %pushi/vec4 59, 0, 8;
    %cmp/u;
    %jmp/1 T_5.59, 6;
    %dup/vec4;
    %pushi/vec4 60, 0, 8;
    %cmp/u;
    %jmp/1 T_5.60, 6;
    %dup/vec4;
    %pushi/vec4 61, 0, 8;
    %cmp/u;
    %jmp/1 T_5.61, 6;
    %dup/vec4;
    %pushi/vec4 62, 0, 8;
    %cmp/u;
    %jmp/1 T_5.62, 6;
    %dup/vec4;
    %pushi/vec4 63, 0, 8;
    %cmp/u;
    %jmp/1 T_5.63, 6;
    %dup/vec4;
    %pushi/vec4 64, 0, 8;
    %cmp/u;
    %jmp/1 T_5.64, 6;
    %dup/vec4;
    %pushi/vec4 65, 0, 8;
    %cmp/u;
    %jmp/1 T_5.65, 6;
    %dup/vec4;
    %pushi/vec4 66, 0, 8;
    %cmp/u;
    %jmp/1 T_5.66, 6;
    %dup/vec4;
    %pushi/vec4 67, 0, 8;
    %cmp/u;
    %jmp/1 T_5.67, 6;
    %dup/vec4;
    %pushi/vec4 68, 0, 8;
    %cmp/u;
    %jmp/1 T_5.68, 6;
    %dup/vec4;
    %pushi/vec4 69, 0, 8;
    %cmp/u;
    %jmp/1 T_5.69, 6;
    %dup/vec4;
    %pushi/vec4 70, 0, 8;
    %cmp/u;
    %jmp/1 T_5.70, 6;
    %dup/vec4;
    %pushi/vec4 71, 0, 8;
    %cmp/u;
    %jmp/1 T_5.71, 6;
    %dup/vec4;
    %pushi/vec4 72, 0, 8;
    %cmp/u;
    %jmp/1 T_5.72, 6;
    %dup/vec4;
    %pushi/vec4 73, 0, 8;
    %cmp/u;
    %jmp/1 T_5.73, 6;
    %dup/vec4;
    %pushi/vec4 74, 0, 8;
    %cmp/u;
    %jmp/1 T_5.74, 6;
    %dup/vec4;
    %pushi/vec4 75, 0, 8;
    %cmp/u;
    %jmp/1 T_5.75, 6;
    %dup/vec4;
    %pushi/vec4 76, 0, 8;
    %cmp/u;
    %jmp/1 T_5.76, 6;
    %dup/vec4;
    %pushi/vec4 77, 0, 8;
    %cmp/u;
    %jmp/1 T_5.77, 6;
    %dup/vec4;
    %pushi/vec4 78, 0, 8;
    %cmp/u;
    %jmp/1 T_5.78, 6;
    %dup/vec4;
    %pushi/vec4 79, 0, 8;
    %cmp/u;
    %jmp/1 T_5.79, 6;
    %dup/vec4;
    %pushi/vec4 80, 0, 8;
    %cmp/u;
    %jmp/1 T_5.80, 6;
    %dup/vec4;
    %pushi/vec4 81, 0, 8;
    %cmp/u;
    %jmp/1 T_5.81, 6;
    %dup/vec4;
    %pushi/vec4 82, 0, 8;
    %cmp/u;
    %jmp/1 T_5.82, 6;
    %dup/vec4;
    %pushi/vec4 83, 0, 8;
    %cmp/u;
    %jmp/1 T_5.83, 6;
    %dup/vec4;
    %pushi/vec4 84, 0, 8;
    %cmp/u;
    %jmp/1 T_5.84, 6;
    %dup/vec4;
    %pushi/vec4 85, 0, 8;
    %cmp/u;
    %jmp/1 T_5.85, 6;
    %dup/vec4;
    %pushi/vec4 86, 0, 8;
    %cmp/u;
    %jmp/1 T_5.86, 6;
    %dup/vec4;
    %pushi/vec4 87, 0, 8;
    %cmp/u;
    %jmp/1 T_5.87, 6;
    %dup/vec4;
    %pushi/vec4 88, 0, 8;
    %cmp/u;
    %jmp/1 T_5.88, 6;
    %dup/vec4;
    %pushi/vec4 89, 0, 8;
    %cmp/u;
    %jmp/1 T_5.89, 6;
    %dup/vec4;
    %pushi/vec4 90, 0, 8;
    %cmp/u;
    %jmp/1 T_5.90, 6;
    %dup/vec4;
    %pushi/vec4 91, 0, 8;
    %cmp/u;
    %jmp/1 T_5.91, 6;
    %dup/vec4;
    %pushi/vec4 92, 0, 8;
    %cmp/u;
    %jmp/1 T_5.92, 6;
    %dup/vec4;
    %pushi/vec4 93, 0, 8;
    %cmp/u;
    %jmp/1 T_5.93, 6;
    %dup/vec4;
    %pushi/vec4 94, 0, 8;
    %cmp/u;
    %jmp/1 T_5.94, 6;
    %dup/vec4;
    %pushi/vec4 95, 0, 8;
    %cmp/u;
    %jmp/1 T_5.95, 6;
    %dup/vec4;
    %pushi/vec4 96, 0, 8;
    %cmp/u;
    %jmp/1 T_5.96, 6;
    %dup/vec4;
    %pushi/vec4 97, 0, 8;
    %cmp/u;
    %jmp/1 T_5.97, 6;
    %dup/vec4;
    %pushi/vec4 98, 0, 8;
    %cmp/u;
    %jmp/1 T_5.98, 6;
    %dup/vec4;
    %pushi/vec4 99, 0, 8;
    %cmp/u;
    %jmp/1 T_5.99, 6;
    %dup/vec4;
    %pushi/vec4 100, 0, 8;
    %cmp/u;
    %jmp/1 T_5.100, 6;
    %dup/vec4;
    %pushi/vec4 101, 0, 8;
    %cmp/u;
    %jmp/1 T_5.101, 6;
    %dup/vec4;
    %pushi/vec4 102, 0, 8;
    %cmp/u;
    %jmp/1 T_5.102, 6;
    %dup/vec4;
    %pushi/vec4 103, 0, 8;
    %cmp/u;
    %jmp/1 T_5.103, 6;
    %dup/vec4;
    %pushi/vec4 104, 0, 8;
    %cmp/u;
    %jmp/1 T_5.104, 6;
    %dup/vec4;
    %pushi/vec4 105, 0, 8;
    %cmp/u;
    %jmp/1 T_5.105, 6;
    %dup/vec4;
    %pushi/vec4 106, 0, 8;
    %cmp/u;
    %jmp/1 T_5.106, 6;
    %dup/vec4;
    %pushi/vec4 107, 0, 8;
    %cmp/u;
    %jmp/1 T_5.107, 6;
    %dup/vec4;
    %pushi/vec4 108, 0, 8;
    %cmp/u;
    %jmp/1 T_5.108, 6;
    %dup/vec4;
    %pushi/vec4 109, 0, 8;
    %cmp/u;
    %jmp/1 T_5.109, 6;
    %dup/vec4;
    %pushi/vec4 110, 0, 8;
    %cmp/u;
    %jmp/1 T_5.110, 6;
    %dup/vec4;
    %pushi/vec4 111, 0, 8;
    %cmp/u;
    %jmp/1 T_5.111, 6;
    %dup/vec4;
    %pushi/vec4 112, 0, 8;
    %cmp/u;
    %jmp/1 T_5.112, 6;
    %dup/vec4;
    %pushi/vec4 113, 0, 8;
    %cmp/u;
    %jmp/1 T_5.113, 6;
    %dup/vec4;
    %pushi/vec4 114, 0, 8;
    %cmp/u;
    %jmp/1 T_5.114, 6;
    %dup/vec4;
    %pushi/vec4 115, 0, 8;
    %cmp/u;
    %jmp/1 T_5.115, 6;
    %dup/vec4;
    %pushi/vec4 116, 0, 8;
    %cmp/u;
    %jmp/1 T_5.116, 6;
    %dup/vec4;
    %pushi/vec4 117, 0, 8;
    %cmp/u;
    %jmp/1 T_5.117, 6;
    %dup/vec4;
    %pushi/vec4 118, 0, 8;
    %cmp/u;
    %jmp/1 T_5.118, 6;
    %dup/vec4;
    %pushi/vec4 119, 0, 8;
    %cmp/u;
    %jmp/1 T_5.119, 6;
    %dup/vec4;
    %pushi/vec4 120, 0, 8;
    %cmp/u;
    %jmp/1 T_5.120, 6;
    %dup/vec4;
    %pushi/vec4 121, 0, 8;
    %cmp/u;
    %jmp/1 T_5.121, 6;
    %dup/vec4;
    %pushi/vec4 122, 0, 8;
    %cmp/u;
    %jmp/1 T_5.122, 6;
    %dup/vec4;
    %pushi/vec4 123, 0, 8;
    %cmp/u;
    %jmp/1 T_5.123, 6;
    %dup/vec4;
    %pushi/vec4 124, 0, 8;
    %cmp/u;
    %jmp/1 T_5.124, 6;
    %dup/vec4;
    %pushi/vec4 125, 0, 8;
    %cmp/u;
    %jmp/1 T_5.125, 6;
    %dup/vec4;
    %pushi/vec4 126, 0, 8;
    %cmp/u;
    %jmp/1 T_5.126, 6;
    %dup/vec4;
    %pushi/vec4 127, 0, 8;
    %cmp/u;
    %jmp/1 T_5.127, 6;
    %dup/vec4;
    %pushi/vec4 128, 0, 8;
    %cmp/u;
    %jmp/1 T_5.128, 6;
    %dup/vec4;
    %pushi/vec4 129, 0, 8;
    %cmp/u;
    %jmp/1 T_5.129, 6;
    %dup/vec4;
    %pushi/vec4 130, 0, 8;
    %cmp/u;
    %jmp/1 T_5.130, 6;
    %dup/vec4;
    %pushi/vec4 131, 0, 8;
    %cmp/u;
    %jmp/1 T_5.131, 6;
    %dup/vec4;
    %pushi/vec4 132, 0, 8;
    %cmp/u;
    %jmp/1 T_5.132, 6;
    %dup/vec4;
    %pushi/vec4 133, 0, 8;
    %cmp/u;
    %jmp/1 T_5.133, 6;
    %dup/vec4;
    %pushi/vec4 134, 0, 8;
    %cmp/u;
    %jmp/1 T_5.134, 6;
    %dup/vec4;
    %pushi/vec4 135, 0, 8;
    %cmp/u;
    %jmp/1 T_5.135, 6;
    %dup/vec4;
    %pushi/vec4 136, 0, 8;
    %cmp/u;
    %jmp/1 T_5.136, 6;
    %dup/vec4;
    %pushi/vec4 137, 0, 8;
    %cmp/u;
    %jmp/1 T_5.137, 6;
    %dup/vec4;
    %pushi/vec4 138, 0, 8;
    %cmp/u;
    %jmp/1 T_5.138, 6;
    %dup/vec4;
    %pushi/vec4 139, 0, 8;
    %cmp/u;
    %jmp/1 T_5.139, 6;
    %dup/vec4;
    %pushi/vec4 140, 0, 8;
    %cmp/u;
    %jmp/1 T_5.140, 6;
    %dup/vec4;
    %pushi/vec4 141, 0, 8;
    %cmp/u;
    %jmp/1 T_5.141, 6;
    %dup/vec4;
    %pushi/vec4 142, 0, 8;
    %cmp/u;
    %jmp/1 T_5.142, 6;
    %dup/vec4;
    %pushi/vec4 143, 0, 8;
    %cmp/u;
    %jmp/1 T_5.143, 6;
    %dup/vec4;
    %pushi/vec4 144, 0, 8;
    %cmp/u;
    %jmp/1 T_5.144, 6;
    %dup/vec4;
    %pushi/vec4 145, 0, 8;
    %cmp/u;
    %jmp/1 T_5.145, 6;
    %dup/vec4;
    %pushi/vec4 146, 0, 8;
    %cmp/u;
    %jmp/1 T_5.146, 6;
    %dup/vec4;
    %pushi/vec4 147, 0, 8;
    %cmp/u;
    %jmp/1 T_5.147, 6;
    %dup/vec4;
    %pushi/vec4 148, 0, 8;
    %cmp/u;
    %jmp/1 T_5.148, 6;
    %dup/vec4;
    %pushi/vec4 149, 0, 8;
    %cmp/u;
    %jmp/1 T_5.149, 6;
    %dup/vec4;
    %pushi/vec4 150, 0, 8;
    %cmp/u;
    %jmp/1 T_5.150, 6;
    %dup/vec4;
    %pushi/vec4 151, 0, 8;
    %cmp/u;
    %jmp/1 T_5.151, 6;
    %dup/vec4;
    %pushi/vec4 152, 0, 8;
    %cmp/u;
    %jmp/1 T_5.152, 6;
    %dup/vec4;
    %pushi/vec4 153, 0, 8;
    %cmp/u;
    %jmp/1 T_5.153, 6;
    %dup/vec4;
    %pushi/vec4 154, 0, 8;
    %cmp/u;
    %jmp/1 T_5.154, 6;
    %dup/vec4;
    %pushi/vec4 155, 0, 8;
    %cmp/u;
    %jmp/1 T_5.155, 6;
    %dup/vec4;
    %pushi/vec4 156, 0, 8;
    %cmp/u;
    %jmp/1 T_5.156, 6;
    %dup/vec4;
    %pushi/vec4 157, 0, 8;
    %cmp/u;
    %jmp/1 T_5.157, 6;
    %dup/vec4;
    %pushi/vec4 158, 0, 8;
    %cmp/u;
    %jmp/1 T_5.158, 6;
    %dup/vec4;
    %pushi/vec4 159, 0, 8;
    %cmp/u;
    %jmp/1 T_5.159, 6;
    %dup/vec4;
    %pushi/vec4 160, 0, 8;
    %cmp/u;
    %jmp/1 T_5.160, 6;
    %dup/vec4;
    %pushi/vec4 161, 0, 8;
    %cmp/u;
    %jmp/1 T_5.161, 6;
    %dup/vec4;
    %pushi/vec4 162, 0, 8;
    %cmp/u;
    %jmp/1 T_5.162, 6;
    %dup/vec4;
    %pushi/vec4 163, 0, 8;
    %cmp/u;
    %jmp/1 T_5.163, 6;
    %dup/vec4;
    %pushi/vec4 164, 0, 8;
    %cmp/u;
    %jmp/1 T_5.164, 6;
    %dup/vec4;
    %pushi/vec4 165, 0, 8;
    %cmp/u;
    %jmp/1 T_5.165, 6;
    %dup/vec4;
    %pushi/vec4 166, 0, 8;
    %cmp/u;
    %jmp/1 T_5.166, 6;
    %dup/vec4;
    %pushi/vec4 167, 0, 8;
    %cmp/u;
    %jmp/1 T_5.167, 6;
    %dup/vec4;
    %pushi/vec4 168, 0, 8;
    %cmp/u;
    %jmp/1 T_5.168, 6;
    %dup/vec4;
    %pushi/vec4 169, 0, 8;
    %cmp/u;
    %jmp/1 T_5.169, 6;
    %dup/vec4;
    %pushi/vec4 170, 0, 8;
    %cmp/u;
    %jmp/1 T_5.170, 6;
    %dup/vec4;
    %pushi/vec4 171, 0, 8;
    %cmp/u;
    %jmp/1 T_5.171, 6;
    %dup/vec4;
    %pushi/vec4 172, 0, 8;
    %cmp/u;
    %jmp/1 T_5.172, 6;
    %dup/vec4;
    %pushi/vec4 173, 0, 8;
    %cmp/u;
    %jmp/1 T_5.173, 6;
    %dup/vec4;
    %pushi/vec4 174, 0, 8;
    %cmp/u;
    %jmp/1 T_5.174, 6;
    %dup/vec4;
    %pushi/vec4 175, 0, 8;
    %cmp/u;
    %jmp/1 T_5.175, 6;
    %dup/vec4;
    %pushi/vec4 176, 0, 8;
    %cmp/u;
    %jmp/1 T_5.176, 6;
    %dup/vec4;
    %pushi/vec4 177, 0, 8;
    %cmp/u;
    %jmp/1 T_5.177, 6;
    %dup/vec4;
    %pushi/vec4 178, 0, 8;
    %cmp/u;
    %jmp/1 T_5.178, 6;
    %dup/vec4;
    %pushi/vec4 179, 0, 8;
    %cmp/u;
    %jmp/1 T_5.179, 6;
    %dup/vec4;
    %pushi/vec4 180, 0, 8;
    %cmp/u;
    %jmp/1 T_5.180, 6;
    %dup/vec4;
    %pushi/vec4 181, 0, 8;
    %cmp/u;
    %jmp/1 T_5.181, 6;
    %dup/vec4;
    %pushi/vec4 182, 0, 8;
    %cmp/u;
    %jmp/1 T_5.182, 6;
    %dup/vec4;
    %pushi/vec4 183, 0, 8;
    %cmp/u;
    %jmp/1 T_5.183, 6;
    %dup/vec4;
    %pushi/vec4 184, 0, 8;
    %cmp/u;
    %jmp/1 T_5.184, 6;
    %dup/vec4;
    %pushi/vec4 185, 0, 8;
    %cmp/u;
    %jmp/1 T_5.185, 6;
    %dup/vec4;
    %pushi/vec4 186, 0, 8;
    %cmp/u;
    %jmp/1 T_5.186, 6;
    %dup/vec4;
    %pushi/vec4 187, 0, 8;
    %cmp/u;
    %jmp/1 T_5.187, 6;
    %dup/vec4;
    %pushi/vec4 188, 0, 8;
    %cmp/u;
    %jmp/1 T_5.188, 6;
    %dup/vec4;
    %pushi/vec4 189, 0, 8;
    %cmp/u;
    %jmp/1 T_5.189, 6;
    %dup/vec4;
    %pushi/vec4 190, 0, 8;
    %cmp/u;
    %jmp/1 T_5.190, 6;
    %dup/vec4;
    %pushi/vec4 191, 0, 8;
    %cmp/u;
    %jmp/1 T_5.191, 6;
    %dup/vec4;
    %pushi/vec4 192, 0, 8;
    %cmp/u;
    %jmp/1 T_5.192, 6;
    %dup/vec4;
    %pushi/vec4 193, 0, 8;
    %cmp/u;
    %jmp/1 T_5.193, 6;
    %dup/vec4;
    %pushi/vec4 194, 0, 8;
    %cmp/u;
    %jmp/1 T_5.194, 6;
    %dup/vec4;
    %pushi/vec4 195, 0, 8;
    %cmp/u;
    %jmp/1 T_5.195, 6;
    %dup/vec4;
    %pushi/vec4 196, 0, 8;
    %cmp/u;
    %jmp/1 T_5.196, 6;
    %dup/vec4;
    %pushi/vec4 197, 0, 8;
    %cmp/u;
    %jmp/1 T_5.197, 6;
    %dup/vec4;
    %pushi/vec4 198, 0, 8;
    %cmp/u;
    %jmp/1 T_5.198, 6;
    %dup/vec4;
    %pushi/vec4 199, 0, 8;
    %cmp/u;
    %jmp/1 T_5.199, 6;
    %dup/vec4;
    %pushi/vec4 200, 0, 8;
    %cmp/u;
    %jmp/1 T_5.200, 6;
    %dup/vec4;
    %pushi/vec4 201, 0, 8;
    %cmp/u;
    %jmp/1 T_5.201, 6;
    %dup/vec4;
    %pushi/vec4 202, 0, 8;
    %cmp/u;
    %jmp/1 T_5.202, 6;
    %dup/vec4;
    %pushi/vec4 203, 0, 8;
    %cmp/u;
    %jmp/1 T_5.203, 6;
    %dup/vec4;
    %pushi/vec4 204, 0, 8;
    %cmp/u;
    %jmp/1 T_5.204, 6;
    %dup/vec4;
    %pushi/vec4 205, 0, 8;
    %cmp/u;
    %jmp/1 T_5.205, 6;
    %dup/vec4;
    %pushi/vec4 206, 0, 8;
    %cmp/u;
    %jmp/1 T_5.206, 6;
    %dup/vec4;
    %pushi/vec4 207, 0, 8;
    %cmp/u;
    %jmp/1 T_5.207, 6;
    %dup/vec4;
    %pushi/vec4 208, 0, 8;
    %cmp/u;
    %jmp/1 T_5.208, 6;
    %dup/vec4;
    %pushi/vec4 209, 0, 8;
    %cmp/u;
    %jmp/1 T_5.209, 6;
    %dup/vec4;
    %pushi/vec4 210, 0, 8;
    %cmp/u;
    %jmp/1 T_5.210, 6;
    %dup/vec4;
    %pushi/vec4 211, 0, 8;
    %cmp/u;
    %jmp/1 T_5.211, 6;
    %dup/vec4;
    %pushi/vec4 212, 0, 8;
    %cmp/u;
    %jmp/1 T_5.212, 6;
    %dup/vec4;
    %pushi/vec4 213, 0, 8;
    %cmp/u;
    %jmp/1 T_5.213, 6;
    %dup/vec4;
    %pushi/vec4 214, 0, 8;
    %cmp/u;
    %jmp/1 T_5.214, 6;
    %dup/vec4;
    %pushi/vec4 215, 0, 8;
    %cmp/u;
    %jmp/1 T_5.215, 6;
    %dup/vec4;
    %pushi/vec4 216, 0, 8;
    %cmp/u;
    %jmp/1 T_5.216, 6;
    %dup/vec4;
    %pushi/vec4 217, 0, 8;
    %cmp/u;
    %jmp/1 T_5.217, 6;
    %dup/vec4;
    %pushi/vec4 218, 0, 8;
    %cmp/u;
    %jmp/1 T_5.218, 6;
    %dup/vec4;
    %pushi/vec4 219, 0, 8;
    %cmp/u;
    %jmp/1 T_5.219, 6;
    %dup/vec4;
    %pushi/vec4 220, 0, 8;
    %cmp/u;
    %jmp/1 T_5.220, 6;
    %dup/vec4;
    %pushi/vec4 221, 0, 8;
    %cmp/u;
    %jmp/1 T_5.221, 6;
    %dup/vec4;
    %pushi/vec4 222, 0, 8;
    %cmp/u;
    %jmp/1 T_5.222, 6;
    %dup/vec4;
    %pushi/vec4 223, 0, 8;
    %cmp/u;
    %jmp/1 T_5.223, 6;
    %dup/vec4;
    %pushi/vec4 224, 0, 8;
    %cmp/u;
    %jmp/1 T_5.224, 6;
    %dup/vec4;
    %pushi/vec4 225, 0, 8;
    %cmp/u;
    %jmp/1 T_5.225, 6;
    %dup/vec4;
    %pushi/vec4 226, 0, 8;
    %cmp/u;
    %jmp/1 T_5.226, 6;
    %dup/vec4;
    %pushi/vec4 227, 0, 8;
    %cmp/u;
    %jmp/1 T_5.227, 6;
    %dup/vec4;
    %pushi/vec4 228, 0, 8;
    %cmp/u;
    %jmp/1 T_5.228, 6;
    %dup/vec4;
    %pushi/vec4 229, 0, 8;
    %cmp/u;
    %jmp/1 T_5.229, 6;
    %dup/vec4;
    %pushi/vec4 230, 0, 8;
    %cmp/u;
    %jmp/1 T_5.230, 6;
    %dup/vec4;
    %pushi/vec4 231, 0, 8;
    %cmp/u;
    %jmp/1 T_5.231, 6;
    %dup/vec4;
    %pushi/vec4 232, 0, 8;
    %cmp/u;
    %jmp/1 T_5.232, 6;
    %dup/vec4;
    %pushi/vec4 233, 0, 8;
    %cmp/u;
    %jmp/1 T_5.233, 6;
    %dup/vec4;
    %pushi/vec4 234, 0, 8;
    %cmp/u;
    %jmp/1 T_5.234, 6;
    %dup/vec4;
    %pushi/vec4 235, 0, 8;
    %cmp/u;
    %jmp/1 T_5.235, 6;
    %dup/vec4;
    %pushi/vec4 236, 0, 8;
    %cmp/u;
    %jmp/1 T_5.236, 6;
    %dup/vec4;
    %pushi/vec4 237, 0, 8;
    %cmp/u;
    %jmp/1 T_5.237, 6;
    %dup/vec4;
    %pushi/vec4 238, 0, 8;
    %cmp/u;
    %jmp/1 T_5.238, 6;
    %dup/vec4;
    %pushi/vec4 239, 0, 8;
    %cmp/u;
    %jmp/1 T_5.239, 6;
    %dup/vec4;
    %pushi/vec4 240, 0, 8;
    %cmp/u;
    %jmp/1 T_5.240, 6;
    %dup/vec4;
    %pushi/vec4 241, 0, 8;
    %cmp/u;
    %jmp/1 T_5.241, 6;
    %dup/vec4;
    %pushi/vec4 242, 0, 8;
    %cmp/u;
    %jmp/1 T_5.242, 6;
    %dup/vec4;
    %pushi/vec4 243, 0, 8;
    %cmp/u;
    %jmp/1 T_5.243, 6;
    %dup/vec4;
    %pushi/vec4 244, 0, 8;
    %cmp/u;
    %jmp/1 T_5.244, 6;
    %dup/vec4;
    %pushi/vec4 245, 0, 8;
    %cmp/u;
    %jmp/1 T_5.245, 6;
    %dup/vec4;
    %pushi/vec4 246, 0, 8;
    %cmp/u;
    %jmp/1 T_5.246, 6;
    %dup/vec4;
    %pushi/vec4 247, 0, 8;
    %cmp/u;
    %jmp/1 T_5.247, 6;
    %dup/vec4;
    %pushi/vec4 248, 0, 8;
    %cmp/u;
    %jmp/1 T_5.248, 6;
    %dup/vec4;
    %pushi/vec4 249, 0, 8;
    %cmp/u;
    %jmp/1 T_5.249, 6;
    %dup/vec4;
    %pushi/vec4 250, 0, 8;
    %cmp/u;
    %jmp/1 T_5.250, 6;
    %dup/vec4;
    %pushi/vec4 251, 0, 8;
    %cmp/u;
    %jmp/1 T_5.251, 6;
    %dup/vec4;
    %pushi/vec4 252, 0, 8;
    %cmp/u;
    %jmp/1 T_5.252, 6;
    %dup/vec4;
    %pushi/vec4 253, 0, 8;
    %cmp/u;
    %jmp/1 T_5.253, 6;
    %dup/vec4;
    %pushi/vec4 254, 0, 8;
    %cmp/u;
    %jmp/1 T_5.254, 6;
    %dup/vec4;
    %pushi/vec4 255, 0, 8;
    %cmp/u;
    %jmp/1 T_5.255, 6;
    %jmp T_5.256;
T_5.0 ;
    %pushi/vec4 99, 0, 8;
    %store/vec4 v000001f3eeb3a870_0, 0, 8;
    %jmp T_5.256;
T_5.1 ;
    %pushi/vec4 124, 0, 8;
    %store/vec4 v000001f3eeb3a870_0, 0, 8;
    %jmp T_5.256;
T_5.2 ;
    %pushi/vec4 119, 0, 8;
    %store/vec4 v000001f3eeb3a870_0, 0, 8;
    %jmp T_5.256;
T_5.3 ;
    %pushi/vec4 123, 0, 8;
    %store/vec4 v000001f3eeb3a870_0, 0, 8;
    %jmp T_5.256;
T_5.4 ;
    %pushi/vec4 242, 0, 8;
    %store/vec4 v000001f3eeb3a870_0, 0, 8;
    %jmp T_5.256;
T_5.5 ;
    %pushi/vec4 107, 0, 8;
    %store/vec4 v000001f3eeb3a870_0, 0, 8;
    %jmp T_5.256;
T_5.6 ;
    %pushi/vec4 111, 0, 8;
    %store/vec4 v000001f3eeb3a870_0, 0, 8;
    %jmp T_5.256;
T_5.7 ;
    %pushi/vec4 197, 0, 8;
    %store/vec4 v000001f3eeb3a870_0, 0, 8;
    %jmp T_5.256;
T_5.8 ;
    %pushi/vec4 48, 0, 8;
    %store/vec4 v000001f3eeb3a870_0, 0, 8;
    %jmp T_5.256;
T_5.9 ;
    %pushi/vec4 1, 0, 8;
    %store/vec4 v000001f3eeb3a870_0, 0, 8;
    %jmp T_5.256;
T_5.10 ;
    %pushi/vec4 103, 0, 8;
    %store/vec4 v000001f3eeb3a870_0, 0, 8;
    %jmp T_5.256;
T_5.11 ;
    %pushi/vec4 43, 0, 8;
    %store/vec4 v000001f3eeb3a870_0, 0, 8;
    %jmp T_5.256;
T_5.12 ;
    %pushi/vec4 254, 0, 8;
    %store/vec4 v000001f3eeb3a870_0, 0, 8;
    %jmp T_5.256;
T_5.13 ;
    %pushi/vec4 215, 0, 8;
    %store/vec4 v000001f3eeb3a870_0, 0, 8;
    %jmp T_5.256;
T_5.14 ;
    %pushi/vec4 171, 0, 8;
    %store/vec4 v000001f3eeb3a870_0, 0, 8;
    %jmp T_5.256;
T_5.15 ;
    %pushi/vec4 118, 0, 8;
    %store/vec4 v000001f3eeb3a870_0, 0, 8;
    %jmp T_5.256;
T_5.16 ;
    %pushi/vec4 202, 0, 8;
    %store/vec4 v000001f3eeb3a870_0, 0, 8;
    %jmp T_5.256;
T_5.17 ;
    %pushi/vec4 130, 0, 8;
    %store/vec4 v000001f3eeb3a870_0, 0, 8;
    %jmp T_5.256;
T_5.18 ;
    %pushi/vec4 201, 0, 8;
    %store/vec4 v000001f3eeb3a870_0, 0, 8;
    %jmp T_5.256;
T_5.19 ;
    %pushi/vec4 125, 0, 8;
    %store/vec4 v000001f3eeb3a870_0, 0, 8;
    %jmp T_5.256;
T_5.20 ;
    %pushi/vec4 250, 0, 8;
    %store/vec4 v000001f3eeb3a870_0, 0, 8;
    %jmp T_5.256;
T_5.21 ;
    %pushi/vec4 89, 0, 8;
    %store/vec4 v000001f3eeb3a870_0, 0, 8;
    %jmp T_5.256;
T_5.22 ;
    %pushi/vec4 71, 0, 8;
    %store/vec4 v000001f3eeb3a870_0, 0, 8;
    %jmp T_5.256;
T_5.23 ;
    %pushi/vec4 240, 0, 8;
    %store/vec4 v000001f3eeb3a870_0, 0, 8;
    %jmp T_5.256;
T_5.24 ;
    %pushi/vec4 173, 0, 8;
    %store/vec4 v000001f3eeb3a870_0, 0, 8;
    %jmp T_5.256;
T_5.25 ;
    %pushi/vec4 212, 0, 8;
    %store/vec4 v000001f3eeb3a870_0, 0, 8;
    %jmp T_5.256;
T_5.26 ;
    %pushi/vec4 162, 0, 8;
    %store/vec4 v000001f3eeb3a870_0, 0, 8;
    %jmp T_5.256;
T_5.27 ;
    %pushi/vec4 175, 0, 8;
    %store/vec4 v000001f3eeb3a870_0, 0, 8;
    %jmp T_5.256;
T_5.28 ;
    %pushi/vec4 156, 0, 8;
    %store/vec4 v000001f3eeb3a870_0, 0, 8;
    %jmp T_5.256;
T_5.29 ;
    %pushi/vec4 164, 0, 8;
    %store/vec4 v000001f3eeb3a870_0, 0, 8;
    %jmp T_5.256;
T_5.30 ;
    %pushi/vec4 114, 0, 8;
    %store/vec4 v000001f3eeb3a870_0, 0, 8;
    %jmp T_5.256;
T_5.31 ;
    %pushi/vec4 192, 0, 8;
    %store/vec4 v000001f3eeb3a870_0, 0, 8;
    %jmp T_5.256;
T_5.32 ;
    %pushi/vec4 183, 0, 8;
    %store/vec4 v000001f3eeb3a870_0, 0, 8;
    %jmp T_5.256;
T_5.33 ;
    %pushi/vec4 253, 0, 8;
    %store/vec4 v000001f3eeb3a870_0, 0, 8;
    %jmp T_5.256;
T_5.34 ;
    %pushi/vec4 147, 0, 8;
    %store/vec4 v000001f3eeb3a870_0, 0, 8;
    %jmp T_5.256;
T_5.35 ;
    %pushi/vec4 38, 0, 8;
    %store/vec4 v000001f3eeb3a870_0, 0, 8;
    %jmp T_5.256;
T_5.36 ;
    %pushi/vec4 54, 0, 8;
    %store/vec4 v000001f3eeb3a870_0, 0, 8;
    %jmp T_5.256;
T_5.37 ;
    %pushi/vec4 63, 0, 8;
    %store/vec4 v000001f3eeb3a870_0, 0, 8;
    %jmp T_5.256;
T_5.38 ;
    %pushi/vec4 247, 0, 8;
    %store/vec4 v000001f3eeb3a870_0, 0, 8;
    %jmp T_5.256;
T_5.39 ;
    %pushi/vec4 204, 0, 8;
    %store/vec4 v000001f3eeb3a870_0, 0, 8;
    %jmp T_5.256;
T_5.40 ;
    %pushi/vec4 52, 0, 8;
    %store/vec4 v000001f3eeb3a870_0, 0, 8;
    %jmp T_5.256;
T_5.41 ;
    %pushi/vec4 165, 0, 8;
    %store/vec4 v000001f3eeb3a870_0, 0, 8;
    %jmp T_5.256;
T_5.42 ;
    %pushi/vec4 229, 0, 8;
    %store/vec4 v000001f3eeb3a870_0, 0, 8;
    %jmp T_5.256;
T_5.43 ;
    %pushi/vec4 241, 0, 8;
    %store/vec4 v000001f3eeb3a870_0, 0, 8;
    %jmp T_5.256;
T_5.44 ;
    %pushi/vec4 113, 0, 8;
    %store/vec4 v000001f3eeb3a870_0, 0, 8;
    %jmp T_5.256;
T_5.45 ;
    %pushi/vec4 216, 0, 8;
    %store/vec4 v000001f3eeb3a870_0, 0, 8;
    %jmp T_5.256;
T_5.46 ;
    %pushi/vec4 49, 0, 8;
    %store/vec4 v000001f3eeb3a870_0, 0, 8;
    %jmp T_5.256;
T_5.47 ;
    %pushi/vec4 21, 0, 8;
    %store/vec4 v000001f3eeb3a870_0, 0, 8;
    %jmp T_5.256;
T_5.48 ;
    %pushi/vec4 4, 0, 8;
    %store/vec4 v000001f3eeb3a870_0, 0, 8;
    %jmp T_5.256;
T_5.49 ;
    %pushi/vec4 199, 0, 8;
    %store/vec4 v000001f3eeb3a870_0, 0, 8;
    %jmp T_5.256;
T_5.50 ;
    %pushi/vec4 35, 0, 8;
    %store/vec4 v000001f3eeb3a870_0, 0, 8;
    %jmp T_5.256;
T_5.51 ;
    %pushi/vec4 195, 0, 8;
    %store/vec4 v000001f3eeb3a870_0, 0, 8;
    %jmp T_5.256;
T_5.52 ;
    %pushi/vec4 24, 0, 8;
    %store/vec4 v000001f3eeb3a870_0, 0, 8;
    %jmp T_5.256;
T_5.53 ;
    %pushi/vec4 150, 0, 8;
    %store/vec4 v000001f3eeb3a870_0, 0, 8;
    %jmp T_5.256;
T_5.54 ;
    %pushi/vec4 5, 0, 8;
    %store/vec4 v000001f3eeb3a870_0, 0, 8;
    %jmp T_5.256;
T_5.55 ;
    %pushi/vec4 154, 0, 8;
    %store/vec4 v000001f3eeb3a870_0, 0, 8;
    %jmp T_5.256;
T_5.56 ;
    %pushi/vec4 7, 0, 8;
    %store/vec4 v000001f3eeb3a870_0, 0, 8;
    %jmp T_5.256;
T_5.57 ;
    %pushi/vec4 18, 0, 8;
    %store/vec4 v000001f3eeb3a870_0, 0, 8;
    %jmp T_5.256;
T_5.58 ;
    %pushi/vec4 128, 0, 8;
    %store/vec4 v000001f3eeb3a870_0, 0, 8;
    %jmp T_5.256;
T_5.59 ;
    %pushi/vec4 226, 0, 8;
    %store/vec4 v000001f3eeb3a870_0, 0, 8;
    %jmp T_5.256;
T_5.60 ;
    %pushi/vec4 235, 0, 8;
    %store/vec4 v000001f3eeb3a870_0, 0, 8;
    %jmp T_5.256;
T_5.61 ;
    %pushi/vec4 39, 0, 8;
    %store/vec4 v000001f3eeb3a870_0, 0, 8;
    %jmp T_5.256;
T_5.62 ;
    %pushi/vec4 178, 0, 8;
    %store/vec4 v000001f3eeb3a870_0, 0, 8;
    %jmp T_5.256;
T_5.63 ;
    %pushi/vec4 117, 0, 8;
    %store/vec4 v000001f3eeb3a870_0, 0, 8;
    %jmp T_5.256;
T_5.64 ;
    %pushi/vec4 9, 0, 8;
    %store/vec4 v000001f3eeb3a870_0, 0, 8;
    %jmp T_5.256;
T_5.65 ;
    %pushi/vec4 131, 0, 8;
    %store/vec4 v000001f3eeb3a870_0, 0, 8;
    %jmp T_5.256;
T_5.66 ;
    %pushi/vec4 44, 0, 8;
    %store/vec4 v000001f3eeb3a870_0, 0, 8;
    %jmp T_5.256;
T_5.67 ;
    %pushi/vec4 26, 0, 8;
    %store/vec4 v000001f3eeb3a870_0, 0, 8;
    %jmp T_5.256;
T_5.68 ;
    %pushi/vec4 27, 0, 8;
    %store/vec4 v000001f3eeb3a870_0, 0, 8;
    %jmp T_5.256;
T_5.69 ;
    %pushi/vec4 110, 0, 8;
    %store/vec4 v000001f3eeb3a870_0, 0, 8;
    %jmp T_5.256;
T_5.70 ;
    %pushi/vec4 90, 0, 8;
    %store/vec4 v000001f3eeb3a870_0, 0, 8;
    %jmp T_5.256;
T_5.71 ;
    %pushi/vec4 160, 0, 8;
    %store/vec4 v000001f3eeb3a870_0, 0, 8;
    %jmp T_5.256;
T_5.72 ;
    %pushi/vec4 82, 0, 8;
    %store/vec4 v000001f3eeb3a870_0, 0, 8;
    %jmp T_5.256;
T_5.73 ;
    %pushi/vec4 59, 0, 8;
    %store/vec4 v000001f3eeb3a870_0, 0, 8;
    %jmp T_5.256;
T_5.74 ;
    %pushi/vec4 214, 0, 8;
    %store/vec4 v000001f3eeb3a870_0, 0, 8;
    %jmp T_5.256;
T_5.75 ;
    %pushi/vec4 179, 0, 8;
    %store/vec4 v000001f3eeb3a870_0, 0, 8;
    %jmp T_5.256;
T_5.76 ;
    %pushi/vec4 41, 0, 8;
    %store/vec4 v000001f3eeb3a870_0, 0, 8;
    %jmp T_5.256;
T_5.77 ;
    %pushi/vec4 227, 0, 8;
    %store/vec4 v000001f3eeb3a870_0, 0, 8;
    %jmp T_5.256;
T_5.78 ;
    %pushi/vec4 47, 0, 8;
    %store/vec4 v000001f3eeb3a870_0, 0, 8;
    %jmp T_5.256;
T_5.79 ;
    %pushi/vec4 132, 0, 8;
    %store/vec4 v000001f3eeb3a870_0, 0, 8;
    %jmp T_5.256;
T_5.80 ;
    %pushi/vec4 83, 0, 8;
    %store/vec4 v000001f3eeb3a870_0, 0, 8;
    %jmp T_5.256;
T_5.81 ;
    %pushi/vec4 209, 0, 8;
    %store/vec4 v000001f3eeb3a870_0, 0, 8;
    %jmp T_5.256;
T_5.82 ;
    %pushi/vec4 0, 0, 8;
    %store/vec4 v000001f3eeb3a870_0, 0, 8;
    %jmp T_5.256;
T_5.83 ;
    %pushi/vec4 237, 0, 8;
    %store/vec4 v000001f3eeb3a870_0, 0, 8;
    %jmp T_5.256;
T_5.84 ;
    %pushi/vec4 32, 0, 8;
    %store/vec4 v000001f3eeb3a870_0, 0, 8;
    %jmp T_5.256;
T_5.85 ;
    %pushi/vec4 252, 0, 8;
    %store/vec4 v000001f3eeb3a870_0, 0, 8;
    %jmp T_5.256;
T_5.86 ;
    %pushi/vec4 177, 0, 8;
    %store/vec4 v000001f3eeb3a870_0, 0, 8;
    %jmp T_5.256;
T_5.87 ;
    %pushi/vec4 91, 0, 8;
    %store/vec4 v000001f3eeb3a870_0, 0, 8;
    %jmp T_5.256;
T_5.88 ;
    %pushi/vec4 106, 0, 8;
    %store/vec4 v000001f3eeb3a870_0, 0, 8;
    %jmp T_5.256;
T_5.89 ;
    %pushi/vec4 203, 0, 8;
    %store/vec4 v000001f3eeb3a870_0, 0, 8;
    %jmp T_5.256;
T_5.90 ;
    %pushi/vec4 190, 0, 8;
    %store/vec4 v000001f3eeb3a870_0, 0, 8;
    %jmp T_5.256;
T_5.91 ;
    %pushi/vec4 57, 0, 8;
    %store/vec4 v000001f3eeb3a870_0, 0, 8;
    %jmp T_5.256;
T_5.92 ;
    %pushi/vec4 74, 0, 8;
    %store/vec4 v000001f3eeb3a870_0, 0, 8;
    %jmp T_5.256;
T_5.93 ;
    %pushi/vec4 76, 0, 8;
    %store/vec4 v000001f3eeb3a870_0, 0, 8;
    %jmp T_5.256;
T_5.94 ;
    %pushi/vec4 88, 0, 8;
    %store/vec4 v000001f3eeb3a870_0, 0, 8;
    %jmp T_5.256;
T_5.95 ;
    %pushi/vec4 207, 0, 8;
    %store/vec4 v000001f3eeb3a870_0, 0, 8;
    %jmp T_5.256;
T_5.96 ;
    %pushi/vec4 208, 0, 8;
    %store/vec4 v000001f3eeb3a870_0, 0, 8;
    %jmp T_5.256;
T_5.97 ;
    %pushi/vec4 239, 0, 8;
    %store/vec4 v000001f3eeb3a870_0, 0, 8;
    %jmp T_5.256;
T_5.98 ;
    %pushi/vec4 170, 0, 8;
    %store/vec4 v000001f3eeb3a870_0, 0, 8;
    %jmp T_5.256;
T_5.99 ;
    %pushi/vec4 251, 0, 8;
    %store/vec4 v000001f3eeb3a870_0, 0, 8;
    %jmp T_5.256;
T_5.100 ;
    %pushi/vec4 67, 0, 8;
    %store/vec4 v000001f3eeb3a870_0, 0, 8;
    %jmp T_5.256;
T_5.101 ;
    %pushi/vec4 77, 0, 8;
    %store/vec4 v000001f3eeb3a870_0, 0, 8;
    %jmp T_5.256;
T_5.102 ;
    %pushi/vec4 51, 0, 8;
    %store/vec4 v000001f3eeb3a870_0, 0, 8;
    %jmp T_5.256;
T_5.103 ;
    %pushi/vec4 133, 0, 8;
    %store/vec4 v000001f3eeb3a870_0, 0, 8;
    %jmp T_5.256;
T_5.104 ;
    %pushi/vec4 69, 0, 8;
    %store/vec4 v000001f3eeb3a870_0, 0, 8;
    %jmp T_5.256;
T_5.105 ;
    %pushi/vec4 249, 0, 8;
    %store/vec4 v000001f3eeb3a870_0, 0, 8;
    %jmp T_5.256;
T_5.106 ;
    %pushi/vec4 2, 0, 8;
    %store/vec4 v000001f3eeb3a870_0, 0, 8;
    %jmp T_5.256;
T_5.107 ;
    %pushi/vec4 127, 0, 8;
    %store/vec4 v000001f3eeb3a870_0, 0, 8;
    %jmp T_5.256;
T_5.108 ;
    %pushi/vec4 80, 0, 8;
    %store/vec4 v000001f3eeb3a870_0, 0, 8;
    %jmp T_5.256;
T_5.109 ;
    %pushi/vec4 60, 0, 8;
    %store/vec4 v000001f3eeb3a870_0, 0, 8;
    %jmp T_5.256;
T_5.110 ;
    %pushi/vec4 159, 0, 8;
    %store/vec4 v000001f3eeb3a870_0, 0, 8;
    %jmp T_5.256;
T_5.111 ;
    %pushi/vec4 168, 0, 8;
    %store/vec4 v000001f3eeb3a870_0, 0, 8;
    %jmp T_5.256;
T_5.112 ;
    %pushi/vec4 81, 0, 8;
    %store/vec4 v000001f3eeb3a870_0, 0, 8;
    %jmp T_5.256;
T_5.113 ;
    %pushi/vec4 163, 0, 8;
    %store/vec4 v000001f3eeb3a870_0, 0, 8;
    %jmp T_5.256;
T_5.114 ;
    %pushi/vec4 64, 0, 8;
    %store/vec4 v000001f3eeb3a870_0, 0, 8;
    %jmp T_5.256;
T_5.115 ;
    %pushi/vec4 143, 0, 8;
    %store/vec4 v000001f3eeb3a870_0, 0, 8;
    %jmp T_5.256;
T_5.116 ;
    %pushi/vec4 146, 0, 8;
    %store/vec4 v000001f3eeb3a870_0, 0, 8;
    %jmp T_5.256;
T_5.117 ;
    %pushi/vec4 157, 0, 8;
    %store/vec4 v000001f3eeb3a870_0, 0, 8;
    %jmp T_5.256;
T_5.118 ;
    %pushi/vec4 56, 0, 8;
    %store/vec4 v000001f3eeb3a870_0, 0, 8;
    %jmp T_5.256;
T_5.119 ;
    %pushi/vec4 245, 0, 8;
    %store/vec4 v000001f3eeb3a870_0, 0, 8;
    %jmp T_5.256;
T_5.120 ;
    %pushi/vec4 188, 0, 8;
    %store/vec4 v000001f3eeb3a870_0, 0, 8;
    %jmp T_5.256;
T_5.121 ;
    %pushi/vec4 182, 0, 8;
    %store/vec4 v000001f3eeb3a870_0, 0, 8;
    %jmp T_5.256;
T_5.122 ;
    %pushi/vec4 218, 0, 8;
    %store/vec4 v000001f3eeb3a870_0, 0, 8;
    %jmp T_5.256;
T_5.123 ;
    %pushi/vec4 33, 0, 8;
    %store/vec4 v000001f3eeb3a870_0, 0, 8;
    %jmp T_5.256;
T_5.124 ;
    %pushi/vec4 16, 0, 8;
    %store/vec4 v000001f3eeb3a870_0, 0, 8;
    %jmp T_5.256;
T_5.125 ;
    %pushi/vec4 255, 0, 8;
    %store/vec4 v000001f3eeb3a870_0, 0, 8;
    %jmp T_5.256;
T_5.126 ;
    %pushi/vec4 243, 0, 8;
    %store/vec4 v000001f3eeb3a870_0, 0, 8;
    %jmp T_5.256;
T_5.127 ;
    %pushi/vec4 210, 0, 8;
    %store/vec4 v000001f3eeb3a870_0, 0, 8;
    %jmp T_5.256;
T_5.128 ;
    %pushi/vec4 205, 0, 8;
    %store/vec4 v000001f3eeb3a870_0, 0, 8;
    %jmp T_5.256;
T_5.129 ;
    %pushi/vec4 12, 0, 8;
    %store/vec4 v000001f3eeb3a870_0, 0, 8;
    %jmp T_5.256;
T_5.130 ;
    %pushi/vec4 19, 0, 8;
    %store/vec4 v000001f3eeb3a870_0, 0, 8;
    %jmp T_5.256;
T_5.131 ;
    %pushi/vec4 236, 0, 8;
    %store/vec4 v000001f3eeb3a870_0, 0, 8;
    %jmp T_5.256;
T_5.132 ;
    %pushi/vec4 95, 0, 8;
    %store/vec4 v000001f3eeb3a870_0, 0, 8;
    %jmp T_5.256;
T_5.133 ;
    %pushi/vec4 151, 0, 8;
    %store/vec4 v000001f3eeb3a870_0, 0, 8;
    %jmp T_5.256;
T_5.134 ;
    %pushi/vec4 68, 0, 8;
    %store/vec4 v000001f3eeb3a870_0, 0, 8;
    %jmp T_5.256;
T_5.135 ;
    %pushi/vec4 23, 0, 8;
    %store/vec4 v000001f3eeb3a870_0, 0, 8;
    %jmp T_5.256;
T_5.136 ;
    %pushi/vec4 196, 0, 8;
    %store/vec4 v000001f3eeb3a870_0, 0, 8;
    %jmp T_5.256;
T_5.137 ;
    %pushi/vec4 167, 0, 8;
    %store/vec4 v000001f3eeb3a870_0, 0, 8;
    %jmp T_5.256;
T_5.138 ;
    %pushi/vec4 126, 0, 8;
    %store/vec4 v000001f3eeb3a870_0, 0, 8;
    %jmp T_5.256;
T_5.139 ;
    %pushi/vec4 61, 0, 8;
    %store/vec4 v000001f3eeb3a870_0, 0, 8;
    %jmp T_5.256;
T_5.140 ;
    %pushi/vec4 100, 0, 8;
    %store/vec4 v000001f3eeb3a870_0, 0, 8;
    %jmp T_5.256;
T_5.141 ;
    %pushi/vec4 93, 0, 8;
    %store/vec4 v000001f3eeb3a870_0, 0, 8;
    %jmp T_5.256;
T_5.142 ;
    %pushi/vec4 25, 0, 8;
    %store/vec4 v000001f3eeb3a870_0, 0, 8;
    %jmp T_5.256;
T_5.143 ;
    %pushi/vec4 115, 0, 8;
    %store/vec4 v000001f3eeb3a870_0, 0, 8;
    %jmp T_5.256;
T_5.144 ;
    %pushi/vec4 96, 0, 8;
    %store/vec4 v000001f3eeb3a870_0, 0, 8;
    %jmp T_5.256;
T_5.145 ;
    %pushi/vec4 129, 0, 8;
    %store/vec4 v000001f3eeb3a870_0, 0, 8;
    %jmp T_5.256;
T_5.146 ;
    %pushi/vec4 79, 0, 8;
    %store/vec4 v000001f3eeb3a870_0, 0, 8;
    %jmp T_5.256;
T_5.147 ;
    %pushi/vec4 220, 0, 8;
    %store/vec4 v000001f3eeb3a870_0, 0, 8;
    %jmp T_5.256;
T_5.148 ;
    %pushi/vec4 34, 0, 8;
    %store/vec4 v000001f3eeb3a870_0, 0, 8;
    %jmp T_5.256;
T_5.149 ;
    %pushi/vec4 42, 0, 8;
    %store/vec4 v000001f3eeb3a870_0, 0, 8;
    %jmp T_5.256;
T_5.150 ;
    %pushi/vec4 144, 0, 8;
    %store/vec4 v000001f3eeb3a870_0, 0, 8;
    %jmp T_5.256;
T_5.151 ;
    %pushi/vec4 136, 0, 8;
    %store/vec4 v000001f3eeb3a870_0, 0, 8;
    %jmp T_5.256;
T_5.152 ;
    %pushi/vec4 70, 0, 8;
    %store/vec4 v000001f3eeb3a870_0, 0, 8;
    %jmp T_5.256;
T_5.153 ;
    %pushi/vec4 238, 0, 8;
    %store/vec4 v000001f3eeb3a870_0, 0, 8;
    %jmp T_5.256;
T_5.154 ;
    %pushi/vec4 184, 0, 8;
    %store/vec4 v000001f3eeb3a870_0, 0, 8;
    %jmp T_5.256;
T_5.155 ;
    %pushi/vec4 20, 0, 8;
    %store/vec4 v000001f3eeb3a870_0, 0, 8;
    %jmp T_5.256;
T_5.156 ;
    %pushi/vec4 222, 0, 8;
    %store/vec4 v000001f3eeb3a870_0, 0, 8;
    %jmp T_5.256;
T_5.157 ;
    %pushi/vec4 94, 0, 8;
    %store/vec4 v000001f3eeb3a870_0, 0, 8;
    %jmp T_5.256;
T_5.158 ;
    %pushi/vec4 11, 0, 8;
    %store/vec4 v000001f3eeb3a870_0, 0, 8;
    %jmp T_5.256;
T_5.159 ;
    %pushi/vec4 219, 0, 8;
    %store/vec4 v000001f3eeb3a870_0, 0, 8;
    %jmp T_5.256;
T_5.160 ;
    %pushi/vec4 224, 0, 8;
    %store/vec4 v000001f3eeb3a870_0, 0, 8;
    %jmp T_5.256;
T_5.161 ;
    %pushi/vec4 50, 0, 8;
    %store/vec4 v000001f3eeb3a870_0, 0, 8;
    %jmp T_5.256;
T_5.162 ;
    %pushi/vec4 58, 0, 8;
    %store/vec4 v000001f3eeb3a870_0, 0, 8;
    %jmp T_5.256;
T_5.163 ;
    %pushi/vec4 10, 0, 8;
    %store/vec4 v000001f3eeb3a870_0, 0, 8;
    %jmp T_5.256;
T_5.164 ;
    %pushi/vec4 73, 0, 8;
    %store/vec4 v000001f3eeb3a870_0, 0, 8;
    %jmp T_5.256;
T_5.165 ;
    %pushi/vec4 6, 0, 8;
    %store/vec4 v000001f3eeb3a870_0, 0, 8;
    %jmp T_5.256;
T_5.166 ;
    %pushi/vec4 36, 0, 8;
    %store/vec4 v000001f3eeb3a870_0, 0, 8;
    %jmp T_5.256;
T_5.167 ;
    %pushi/vec4 92, 0, 8;
    %store/vec4 v000001f3eeb3a870_0, 0, 8;
    %jmp T_5.256;
T_5.168 ;
    %pushi/vec4 194, 0, 8;
    %store/vec4 v000001f3eeb3a870_0, 0, 8;
    %jmp T_5.256;
T_5.169 ;
    %pushi/vec4 211, 0, 8;
    %store/vec4 v000001f3eeb3a870_0, 0, 8;
    %jmp T_5.256;
T_5.170 ;
    %pushi/vec4 172, 0, 8;
    %store/vec4 v000001f3eeb3a870_0, 0, 8;
    %jmp T_5.256;
T_5.171 ;
    %pushi/vec4 98, 0, 8;
    %store/vec4 v000001f3eeb3a870_0, 0, 8;
    %jmp T_5.256;
T_5.172 ;
    %pushi/vec4 145, 0, 8;
    %store/vec4 v000001f3eeb3a870_0, 0, 8;
    %jmp T_5.256;
T_5.173 ;
    %pushi/vec4 149, 0, 8;
    %store/vec4 v000001f3eeb3a870_0, 0, 8;
    %jmp T_5.256;
T_5.174 ;
    %pushi/vec4 228, 0, 8;
    %store/vec4 v000001f3eeb3a870_0, 0, 8;
    %jmp T_5.256;
T_5.175 ;
    %pushi/vec4 121, 0, 8;
    %store/vec4 v000001f3eeb3a870_0, 0, 8;
    %jmp T_5.256;
T_5.176 ;
    %pushi/vec4 231, 0, 8;
    %store/vec4 v000001f3eeb3a870_0, 0, 8;
    %jmp T_5.256;
T_5.177 ;
    %pushi/vec4 200, 0, 8;
    %store/vec4 v000001f3eeb3a870_0, 0, 8;
    %jmp T_5.256;
T_5.178 ;
    %pushi/vec4 55, 0, 8;
    %store/vec4 v000001f3eeb3a870_0, 0, 8;
    %jmp T_5.256;
T_5.179 ;
    %pushi/vec4 109, 0, 8;
    %store/vec4 v000001f3eeb3a870_0, 0, 8;
    %jmp T_5.256;
T_5.180 ;
    %pushi/vec4 141, 0, 8;
    %store/vec4 v000001f3eeb3a870_0, 0, 8;
    %jmp T_5.256;
T_5.181 ;
    %pushi/vec4 213, 0, 8;
    %store/vec4 v000001f3eeb3a870_0, 0, 8;
    %jmp T_5.256;
T_5.182 ;
    %pushi/vec4 78, 0, 8;
    %store/vec4 v000001f3eeb3a870_0, 0, 8;
    %jmp T_5.256;
T_5.183 ;
    %pushi/vec4 169, 0, 8;
    %store/vec4 v000001f3eeb3a870_0, 0, 8;
    %jmp T_5.256;
T_5.184 ;
    %pushi/vec4 108, 0, 8;
    %store/vec4 v000001f3eeb3a870_0, 0, 8;
    %jmp T_5.256;
T_5.185 ;
    %pushi/vec4 86, 0, 8;
    %store/vec4 v000001f3eeb3a870_0, 0, 8;
    %jmp T_5.256;
T_5.186 ;
    %pushi/vec4 244, 0, 8;
    %store/vec4 v000001f3eeb3a870_0, 0, 8;
    %jmp T_5.256;
T_5.187 ;
    %pushi/vec4 234, 0, 8;
    %store/vec4 v000001f3eeb3a870_0, 0, 8;
    %jmp T_5.256;
T_5.188 ;
    %pushi/vec4 101, 0, 8;
    %store/vec4 v000001f3eeb3a870_0, 0, 8;
    %jmp T_5.256;
T_5.189 ;
    %pushi/vec4 122, 0, 8;
    %store/vec4 v000001f3eeb3a870_0, 0, 8;
    %jmp T_5.256;
T_5.190 ;
    %pushi/vec4 174, 0, 8;
    %store/vec4 v000001f3eeb3a870_0, 0, 8;
    %jmp T_5.256;
T_5.191 ;
    %pushi/vec4 8, 0, 8;
    %store/vec4 v000001f3eeb3a870_0, 0, 8;
    %jmp T_5.256;
T_5.192 ;
    %pushi/vec4 186, 0, 8;
    %store/vec4 v000001f3eeb3a870_0, 0, 8;
    %jmp T_5.256;
T_5.193 ;
    %pushi/vec4 120, 0, 8;
    %store/vec4 v000001f3eeb3a870_0, 0, 8;
    %jmp T_5.256;
T_5.194 ;
    %pushi/vec4 37, 0, 8;
    %store/vec4 v000001f3eeb3a870_0, 0, 8;
    %jmp T_5.256;
T_5.195 ;
    %pushi/vec4 46, 0, 8;
    %store/vec4 v000001f3eeb3a870_0, 0, 8;
    %jmp T_5.256;
T_5.196 ;
    %pushi/vec4 28, 0, 8;
    %store/vec4 v000001f3eeb3a870_0, 0, 8;
    %jmp T_5.256;
T_5.197 ;
    %pushi/vec4 166, 0, 8;
    %store/vec4 v000001f3eeb3a870_0, 0, 8;
    %jmp T_5.256;
T_5.198 ;
    %pushi/vec4 180, 0, 8;
    %store/vec4 v000001f3eeb3a870_0, 0, 8;
    %jmp T_5.256;
T_5.199 ;
    %pushi/vec4 198, 0, 8;
    %store/vec4 v000001f3eeb3a870_0, 0, 8;
    %jmp T_5.256;
T_5.200 ;
    %pushi/vec4 232, 0, 8;
    %store/vec4 v000001f3eeb3a870_0, 0, 8;
    %jmp T_5.256;
T_5.201 ;
    %pushi/vec4 221, 0, 8;
    %store/vec4 v000001f3eeb3a870_0, 0, 8;
    %jmp T_5.256;
T_5.202 ;
    %pushi/vec4 116, 0, 8;
    %store/vec4 v000001f3eeb3a870_0, 0, 8;
    %jmp T_5.256;
T_5.203 ;
    %pushi/vec4 31, 0, 8;
    %store/vec4 v000001f3eeb3a870_0, 0, 8;
    %jmp T_5.256;
T_5.204 ;
    %pushi/vec4 75, 0, 8;
    %store/vec4 v000001f3eeb3a870_0, 0, 8;
    %jmp T_5.256;
T_5.205 ;
    %pushi/vec4 189, 0, 8;
    %store/vec4 v000001f3eeb3a870_0, 0, 8;
    %jmp T_5.256;
T_5.206 ;
    %pushi/vec4 139, 0, 8;
    %store/vec4 v000001f3eeb3a870_0, 0, 8;
    %jmp T_5.256;
T_5.207 ;
    %pushi/vec4 138, 0, 8;
    %store/vec4 v000001f3eeb3a870_0, 0, 8;
    %jmp T_5.256;
T_5.208 ;
    %pushi/vec4 112, 0, 8;
    %store/vec4 v000001f3eeb3a870_0, 0, 8;
    %jmp T_5.256;
T_5.209 ;
    %pushi/vec4 62, 0, 8;
    %store/vec4 v000001f3eeb3a870_0, 0, 8;
    %jmp T_5.256;
T_5.210 ;
    %pushi/vec4 181, 0, 8;
    %store/vec4 v000001f3eeb3a870_0, 0, 8;
    %jmp T_5.256;
T_5.211 ;
    %pushi/vec4 102, 0, 8;
    %store/vec4 v000001f3eeb3a870_0, 0, 8;
    %jmp T_5.256;
T_5.212 ;
    %pushi/vec4 72, 0, 8;
    %store/vec4 v000001f3eeb3a870_0, 0, 8;
    %jmp T_5.256;
T_5.213 ;
    %pushi/vec4 3, 0, 8;
    %store/vec4 v000001f3eeb3a870_0, 0, 8;
    %jmp T_5.256;
T_5.214 ;
    %pushi/vec4 246, 0, 8;
    %store/vec4 v000001f3eeb3a870_0, 0, 8;
    %jmp T_5.256;
T_5.215 ;
    %pushi/vec4 14, 0, 8;
    %store/vec4 v000001f3eeb3a870_0, 0, 8;
    %jmp T_5.256;
T_5.216 ;
    %pushi/vec4 97, 0, 8;
    %store/vec4 v000001f3eeb3a870_0, 0, 8;
    %jmp T_5.256;
T_5.217 ;
    %pushi/vec4 53, 0, 8;
    %store/vec4 v000001f3eeb3a870_0, 0, 8;
    %jmp T_5.256;
T_5.218 ;
    %pushi/vec4 87, 0, 8;
    %store/vec4 v000001f3eeb3a870_0, 0, 8;
    %jmp T_5.256;
T_5.219 ;
    %pushi/vec4 185, 0, 8;
    %store/vec4 v000001f3eeb3a870_0, 0, 8;
    %jmp T_5.256;
T_5.220 ;
    %pushi/vec4 134, 0, 8;
    %store/vec4 v000001f3eeb3a870_0, 0, 8;
    %jmp T_5.256;
T_5.221 ;
    %pushi/vec4 193, 0, 8;
    %store/vec4 v000001f3eeb3a870_0, 0, 8;
    %jmp T_5.256;
T_5.222 ;
    %pushi/vec4 29, 0, 8;
    %store/vec4 v000001f3eeb3a870_0, 0, 8;
    %jmp T_5.256;
T_5.223 ;
    %pushi/vec4 158, 0, 8;
    %store/vec4 v000001f3eeb3a870_0, 0, 8;
    %jmp T_5.256;
T_5.224 ;
    %pushi/vec4 225, 0, 8;
    %store/vec4 v000001f3eeb3a870_0, 0, 8;
    %jmp T_5.256;
T_5.225 ;
    %pushi/vec4 248, 0, 8;
    %store/vec4 v000001f3eeb3a870_0, 0, 8;
    %jmp T_5.256;
T_5.226 ;
    %pushi/vec4 152, 0, 8;
    %store/vec4 v000001f3eeb3a870_0, 0, 8;
    %jmp T_5.256;
T_5.227 ;
    %pushi/vec4 17, 0, 8;
    %store/vec4 v000001f3eeb3a870_0, 0, 8;
    %jmp T_5.256;
T_5.228 ;
    %pushi/vec4 105, 0, 8;
    %store/vec4 v000001f3eeb3a870_0, 0, 8;
    %jmp T_5.256;
T_5.229 ;
    %pushi/vec4 217, 0, 8;
    %store/vec4 v000001f3eeb3a870_0, 0, 8;
    %jmp T_5.256;
T_5.230 ;
    %pushi/vec4 142, 0, 8;
    %store/vec4 v000001f3eeb3a870_0, 0, 8;
    %jmp T_5.256;
T_5.231 ;
    %pushi/vec4 148, 0, 8;
    %store/vec4 v000001f3eeb3a870_0, 0, 8;
    %jmp T_5.256;
T_5.232 ;
    %pushi/vec4 155, 0, 8;
    %store/vec4 v000001f3eeb3a870_0, 0, 8;
    %jmp T_5.256;
T_5.233 ;
    %pushi/vec4 30, 0, 8;
    %store/vec4 v000001f3eeb3a870_0, 0, 8;
    %jmp T_5.256;
T_5.234 ;
    %pushi/vec4 135, 0, 8;
    %store/vec4 v000001f3eeb3a870_0, 0, 8;
    %jmp T_5.256;
T_5.235 ;
    %pushi/vec4 233, 0, 8;
    %store/vec4 v000001f3eeb3a870_0, 0, 8;
    %jmp T_5.256;
T_5.236 ;
    %pushi/vec4 206, 0, 8;
    %store/vec4 v000001f3eeb3a870_0, 0, 8;
    %jmp T_5.256;
T_5.237 ;
    %pushi/vec4 85, 0, 8;
    %store/vec4 v000001f3eeb3a870_0, 0, 8;
    %jmp T_5.256;
T_5.238 ;
    %pushi/vec4 40, 0, 8;
    %store/vec4 v000001f3eeb3a870_0, 0, 8;
    %jmp T_5.256;
T_5.239 ;
    %pushi/vec4 223, 0, 8;
    %store/vec4 v000001f3eeb3a870_0, 0, 8;
    %jmp T_5.256;
T_5.240 ;
    %pushi/vec4 140, 0, 8;
    %store/vec4 v000001f3eeb3a870_0, 0, 8;
    %jmp T_5.256;
T_5.241 ;
    %pushi/vec4 161, 0, 8;
    %store/vec4 v000001f3eeb3a870_0, 0, 8;
    %jmp T_5.256;
T_5.242 ;
    %pushi/vec4 137, 0, 8;
    %store/vec4 v000001f3eeb3a870_0, 0, 8;
    %jmp T_5.256;
T_5.243 ;
    %pushi/vec4 13, 0, 8;
    %store/vec4 v000001f3eeb3a870_0, 0, 8;
    %jmp T_5.256;
T_5.244 ;
    %pushi/vec4 191, 0, 8;
    %store/vec4 v000001f3eeb3a870_0, 0, 8;
    %jmp T_5.256;
T_5.245 ;
    %pushi/vec4 230, 0, 8;
    %store/vec4 v000001f3eeb3a870_0, 0, 8;
    %jmp T_5.256;
T_5.246 ;
    %pushi/vec4 66, 0, 8;
    %store/vec4 v000001f3eeb3a870_0, 0, 8;
    %jmp T_5.256;
T_5.247 ;
    %pushi/vec4 104, 0, 8;
    %store/vec4 v000001f3eeb3a870_0, 0, 8;
    %jmp T_5.256;
T_5.248 ;
    %pushi/vec4 65, 0, 8;
    %store/vec4 v000001f3eeb3a870_0, 0, 8;
    %jmp T_5.256;
T_5.249 ;
    %pushi/vec4 153, 0, 8;
    %store/vec4 v000001f3eeb3a870_0, 0, 8;
    %jmp T_5.256;
T_5.250 ;
    %pushi/vec4 45, 0, 8;
    %store/vec4 v000001f3eeb3a870_0, 0, 8;
    %jmp T_5.256;
T_5.251 ;
    %pushi/vec4 15, 0, 8;
    %store/vec4 v000001f3eeb3a870_0, 0, 8;
    %jmp T_5.256;
T_5.252 ;
    %pushi/vec4 176, 0, 8;
    %store/vec4 v000001f3eeb3a870_0, 0, 8;
    %jmp T_5.256;
T_5.253 ;
    %pushi/vec4 84, 0, 8;
    %store/vec4 v000001f3eeb3a870_0, 0, 8;
    %jmp T_5.256;
T_5.254 ;
    %pushi/vec4 187, 0, 8;
    %store/vec4 v000001f3eeb3a870_0, 0, 8;
    %jmp T_5.256;
T_5.255 ;
    %pushi/vec4 22, 0, 8;
    %store/vec4 v000001f3eeb3a870_0, 0, 8;
    %jmp T_5.256;
T_5.256 ;
    %pop/vec4 1;
    %jmp T_5;
    .thread T_5, $push;
    .scope S_000001f3ee8f2dd0;
T_6 ;
    %wait E_000001f3eeabe780;
    %load/vec4 v000001f3eeb38bb0_0;
    %dup/vec4;
    %pushi/vec4 0, 0, 8;
    %cmp/u;
    %jmp/1 T_6.0, 6;
    %dup/vec4;
    %pushi/vec4 1, 0, 8;
    %cmp/u;
    %jmp/1 T_6.1, 6;
    %dup/vec4;
    %pushi/vec4 2, 0, 8;
    %cmp/u;
    %jmp/1 T_6.2, 6;
    %dup/vec4;
    %pushi/vec4 3, 0, 8;
    %cmp/u;
    %jmp/1 T_6.3, 6;
    %dup/vec4;
    %pushi/vec4 4, 0, 8;
    %cmp/u;
    %jmp/1 T_6.4, 6;
    %dup/vec4;
    %pushi/vec4 5, 0, 8;
    %cmp/u;
    %jmp/1 T_6.5, 6;
    %dup/vec4;
    %pushi/vec4 6, 0, 8;
    %cmp/u;
    %jmp/1 T_6.6, 6;
    %dup/vec4;
    %pushi/vec4 7, 0, 8;
    %cmp/u;
    %jmp/1 T_6.7, 6;
    %dup/vec4;
    %pushi/vec4 8, 0, 8;
    %cmp/u;
    %jmp/1 T_6.8, 6;
    %dup/vec4;
    %pushi/vec4 9, 0, 8;
    %cmp/u;
    %jmp/1 T_6.9, 6;
    %dup/vec4;
    %pushi/vec4 10, 0, 8;
    %cmp/u;
    %jmp/1 T_6.10, 6;
    %dup/vec4;
    %pushi/vec4 11, 0, 8;
    %cmp/u;
    %jmp/1 T_6.11, 6;
    %dup/vec4;
    %pushi/vec4 12, 0, 8;
    %cmp/u;
    %jmp/1 T_6.12, 6;
    %dup/vec4;
    %pushi/vec4 13, 0, 8;
    %cmp/u;
    %jmp/1 T_6.13, 6;
    %dup/vec4;
    %pushi/vec4 14, 0, 8;
    %cmp/u;
    %jmp/1 T_6.14, 6;
    %dup/vec4;
    %pushi/vec4 15, 0, 8;
    %cmp/u;
    %jmp/1 T_6.15, 6;
    %dup/vec4;
    %pushi/vec4 16, 0, 8;
    %cmp/u;
    %jmp/1 T_6.16, 6;
    %dup/vec4;
    %pushi/vec4 17, 0, 8;
    %cmp/u;
    %jmp/1 T_6.17, 6;
    %dup/vec4;
    %pushi/vec4 18, 0, 8;
    %cmp/u;
    %jmp/1 T_6.18, 6;
    %dup/vec4;
    %pushi/vec4 19, 0, 8;
    %cmp/u;
    %jmp/1 T_6.19, 6;
    %dup/vec4;
    %pushi/vec4 20, 0, 8;
    %cmp/u;
    %jmp/1 T_6.20, 6;
    %dup/vec4;
    %pushi/vec4 21, 0, 8;
    %cmp/u;
    %jmp/1 T_6.21, 6;
    %dup/vec4;
    %pushi/vec4 22, 0, 8;
    %cmp/u;
    %jmp/1 T_6.22, 6;
    %dup/vec4;
    %pushi/vec4 23, 0, 8;
    %cmp/u;
    %jmp/1 T_6.23, 6;
    %dup/vec4;
    %pushi/vec4 24, 0, 8;
    %cmp/u;
    %jmp/1 T_6.24, 6;
    %dup/vec4;
    %pushi/vec4 25, 0, 8;
    %cmp/u;
    %jmp/1 T_6.25, 6;
    %dup/vec4;
    %pushi/vec4 26, 0, 8;
    %cmp/u;
    %jmp/1 T_6.26, 6;
    %dup/vec4;
    %pushi/vec4 27, 0, 8;
    %cmp/u;
    %jmp/1 T_6.27, 6;
    %dup/vec4;
    %pushi/vec4 28, 0, 8;
    %cmp/u;
    %jmp/1 T_6.28, 6;
    %dup/vec4;
    %pushi/vec4 29, 0, 8;
    %cmp/u;
    %jmp/1 T_6.29, 6;
    %dup/vec4;
    %pushi/vec4 30, 0, 8;
    %cmp/u;
    %jmp/1 T_6.30, 6;
    %dup/vec4;
    %pushi/vec4 31, 0, 8;
    %cmp/u;
    %jmp/1 T_6.31, 6;
    %dup/vec4;
    %pushi/vec4 32, 0, 8;
    %cmp/u;
    %jmp/1 T_6.32, 6;
    %dup/vec4;
    %pushi/vec4 33, 0, 8;
    %cmp/u;
    %jmp/1 T_6.33, 6;
    %dup/vec4;
    %pushi/vec4 34, 0, 8;
    %cmp/u;
    %jmp/1 T_6.34, 6;
    %dup/vec4;
    %pushi/vec4 35, 0, 8;
    %cmp/u;
    %jmp/1 T_6.35, 6;
    %dup/vec4;
    %pushi/vec4 36, 0, 8;
    %cmp/u;
    %jmp/1 T_6.36, 6;
    %dup/vec4;
    %pushi/vec4 37, 0, 8;
    %cmp/u;
    %jmp/1 T_6.37, 6;
    %dup/vec4;
    %pushi/vec4 38, 0, 8;
    %cmp/u;
    %jmp/1 T_6.38, 6;
    %dup/vec4;
    %pushi/vec4 39, 0, 8;
    %cmp/u;
    %jmp/1 T_6.39, 6;
    %dup/vec4;
    %pushi/vec4 40, 0, 8;
    %cmp/u;
    %jmp/1 T_6.40, 6;
    %dup/vec4;
    %pushi/vec4 41, 0, 8;
    %cmp/u;
    %jmp/1 T_6.41, 6;
    %dup/vec4;
    %pushi/vec4 42, 0, 8;
    %cmp/u;
    %jmp/1 T_6.42, 6;
    %dup/vec4;
    %pushi/vec4 43, 0, 8;
    %cmp/u;
    %jmp/1 T_6.43, 6;
    %dup/vec4;
    %pushi/vec4 44, 0, 8;
    %cmp/u;
    %jmp/1 T_6.44, 6;
    %dup/vec4;
    %pushi/vec4 45, 0, 8;
    %cmp/u;
    %jmp/1 T_6.45, 6;
    %dup/vec4;
    %pushi/vec4 46, 0, 8;
    %cmp/u;
    %jmp/1 T_6.46, 6;
    %dup/vec4;
    %pushi/vec4 47, 0, 8;
    %cmp/u;
    %jmp/1 T_6.47, 6;
    %dup/vec4;
    %pushi/vec4 48, 0, 8;
    %cmp/u;
    %jmp/1 T_6.48, 6;
    %dup/vec4;
    %pushi/vec4 49, 0, 8;
    %cmp/u;
    %jmp/1 T_6.49, 6;
    %dup/vec4;
    %pushi/vec4 50, 0, 8;
    %cmp/u;
    %jmp/1 T_6.50, 6;
    %dup/vec4;
    %pushi/vec4 51, 0, 8;
    %cmp/u;
    %jmp/1 T_6.51, 6;
    %dup/vec4;
    %pushi/vec4 52, 0, 8;
    %cmp/u;
    %jmp/1 T_6.52, 6;
    %dup/vec4;
    %pushi/vec4 53, 0, 8;
    %cmp/u;
    %jmp/1 T_6.53, 6;
    %dup/vec4;
    %pushi/vec4 54, 0, 8;
    %cmp/u;
    %jmp/1 T_6.54, 6;
    %dup/vec4;
    %pushi/vec4 55, 0, 8;
    %cmp/u;
    %jmp/1 T_6.55, 6;
    %dup/vec4;
    %pushi/vec4 56, 0, 8;
    %cmp/u;
    %jmp/1 T_6.56, 6;
    %dup/vec4;
    %pushi/vec4 57, 0, 8;
    %cmp/u;
    %jmp/1 T_6.57, 6;
    %dup/vec4;
    %pushi/vec4 58, 0, 8;
    %cmp/u;
    %jmp/1 T_6.58, 6;
    %dup/vec4;
    %pushi/vec4 59, 0, 8;
    %cmp/u;
    %jmp/1 T_6.59, 6;
    %dup/vec4;
    %pushi/vec4 60, 0, 8;
    %cmp/u;
    %jmp/1 T_6.60, 6;
    %dup/vec4;
    %pushi/vec4 61, 0, 8;
    %cmp/u;
    %jmp/1 T_6.61, 6;
    %dup/vec4;
    %pushi/vec4 62, 0, 8;
    %cmp/u;
    %jmp/1 T_6.62, 6;
    %dup/vec4;
    %pushi/vec4 63, 0, 8;
    %cmp/u;
    %jmp/1 T_6.63, 6;
    %dup/vec4;
    %pushi/vec4 64, 0, 8;
    %cmp/u;
    %jmp/1 T_6.64, 6;
    %dup/vec4;
    %pushi/vec4 65, 0, 8;
    %cmp/u;
    %jmp/1 T_6.65, 6;
    %dup/vec4;
    %pushi/vec4 66, 0, 8;
    %cmp/u;
    %jmp/1 T_6.66, 6;
    %dup/vec4;
    %pushi/vec4 67, 0, 8;
    %cmp/u;
    %jmp/1 T_6.67, 6;
    %dup/vec4;
    %pushi/vec4 68, 0, 8;
    %cmp/u;
    %jmp/1 T_6.68, 6;
    %dup/vec4;
    %pushi/vec4 69, 0, 8;
    %cmp/u;
    %jmp/1 T_6.69, 6;
    %dup/vec4;
    %pushi/vec4 70, 0, 8;
    %cmp/u;
    %jmp/1 T_6.70, 6;
    %dup/vec4;
    %pushi/vec4 71, 0, 8;
    %cmp/u;
    %jmp/1 T_6.71, 6;
    %dup/vec4;
    %pushi/vec4 72, 0, 8;
    %cmp/u;
    %jmp/1 T_6.72, 6;
    %dup/vec4;
    %pushi/vec4 73, 0, 8;
    %cmp/u;
    %jmp/1 T_6.73, 6;
    %dup/vec4;
    %pushi/vec4 74, 0, 8;
    %cmp/u;
    %jmp/1 T_6.74, 6;
    %dup/vec4;
    %pushi/vec4 75, 0, 8;
    %cmp/u;
    %jmp/1 T_6.75, 6;
    %dup/vec4;
    %pushi/vec4 76, 0, 8;
    %cmp/u;
    %jmp/1 T_6.76, 6;
    %dup/vec4;
    %pushi/vec4 77, 0, 8;
    %cmp/u;
    %jmp/1 T_6.77, 6;
    %dup/vec4;
    %pushi/vec4 78, 0, 8;
    %cmp/u;
    %jmp/1 T_6.78, 6;
    %dup/vec4;
    %pushi/vec4 79, 0, 8;
    %cmp/u;
    %jmp/1 T_6.79, 6;
    %dup/vec4;
    %pushi/vec4 80, 0, 8;
    %cmp/u;
    %jmp/1 T_6.80, 6;
    %dup/vec4;
    %pushi/vec4 81, 0, 8;
    %cmp/u;
    %jmp/1 T_6.81, 6;
    %dup/vec4;
    %pushi/vec4 82, 0, 8;
    %cmp/u;
    %jmp/1 T_6.82, 6;
    %dup/vec4;
    %pushi/vec4 83, 0, 8;
    %cmp/u;
    %jmp/1 T_6.83, 6;
    %dup/vec4;
    %pushi/vec4 84, 0, 8;
    %cmp/u;
    %jmp/1 T_6.84, 6;
    %dup/vec4;
    %pushi/vec4 85, 0, 8;
    %cmp/u;
    %jmp/1 T_6.85, 6;
    %dup/vec4;
    %pushi/vec4 86, 0, 8;
    %cmp/u;
    %jmp/1 T_6.86, 6;
    %dup/vec4;
    %pushi/vec4 87, 0, 8;
    %cmp/u;
    %jmp/1 T_6.87, 6;
    %dup/vec4;
    %pushi/vec4 88, 0, 8;
    %cmp/u;
    %jmp/1 T_6.88, 6;
    %dup/vec4;
    %pushi/vec4 89, 0, 8;
    %cmp/u;
    %jmp/1 T_6.89, 6;
    %dup/vec4;
    %pushi/vec4 90, 0, 8;
    %cmp/u;
    %jmp/1 T_6.90, 6;
    %dup/vec4;
    %pushi/vec4 91, 0, 8;
    %cmp/u;
    %jmp/1 T_6.91, 6;
    %dup/vec4;
    %pushi/vec4 92, 0, 8;
    %cmp/u;
    %jmp/1 T_6.92, 6;
    %dup/vec4;
    %pushi/vec4 93, 0, 8;
    %cmp/u;
    %jmp/1 T_6.93, 6;
    %dup/vec4;
    %pushi/vec4 94, 0, 8;
    %cmp/u;
    %jmp/1 T_6.94, 6;
    %dup/vec4;
    %pushi/vec4 95, 0, 8;
    %cmp/u;
    %jmp/1 T_6.95, 6;
    %dup/vec4;
    %pushi/vec4 96, 0, 8;
    %cmp/u;
    %jmp/1 T_6.96, 6;
    %dup/vec4;
    %pushi/vec4 97, 0, 8;
    %cmp/u;
    %jmp/1 T_6.97, 6;
    %dup/vec4;
    %pushi/vec4 98, 0, 8;
    %cmp/u;
    %jmp/1 T_6.98, 6;
    %dup/vec4;
    %pushi/vec4 99, 0, 8;
    %cmp/u;
    %jmp/1 T_6.99, 6;
    %dup/vec4;
    %pushi/vec4 100, 0, 8;
    %cmp/u;
    %jmp/1 T_6.100, 6;
    %dup/vec4;
    %pushi/vec4 101, 0, 8;
    %cmp/u;
    %jmp/1 T_6.101, 6;
    %dup/vec4;
    %pushi/vec4 102, 0, 8;
    %cmp/u;
    %jmp/1 T_6.102, 6;
    %dup/vec4;
    %pushi/vec4 103, 0, 8;
    %cmp/u;
    %jmp/1 T_6.103, 6;
    %dup/vec4;
    %pushi/vec4 104, 0, 8;
    %cmp/u;
    %jmp/1 T_6.104, 6;
    %dup/vec4;
    %pushi/vec4 105, 0, 8;
    %cmp/u;
    %jmp/1 T_6.105, 6;
    %dup/vec4;
    %pushi/vec4 106, 0, 8;
    %cmp/u;
    %jmp/1 T_6.106, 6;
    %dup/vec4;
    %pushi/vec4 107, 0, 8;
    %cmp/u;
    %jmp/1 T_6.107, 6;
    %dup/vec4;
    %pushi/vec4 108, 0, 8;
    %cmp/u;
    %jmp/1 T_6.108, 6;
    %dup/vec4;
    %pushi/vec4 109, 0, 8;
    %cmp/u;
    %jmp/1 T_6.109, 6;
    %dup/vec4;
    %pushi/vec4 110, 0, 8;
    %cmp/u;
    %jmp/1 T_6.110, 6;
    %dup/vec4;
    %pushi/vec4 111, 0, 8;
    %cmp/u;
    %jmp/1 T_6.111, 6;
    %dup/vec4;
    %pushi/vec4 112, 0, 8;
    %cmp/u;
    %jmp/1 T_6.112, 6;
    %dup/vec4;
    %pushi/vec4 113, 0, 8;
    %cmp/u;
    %jmp/1 T_6.113, 6;
    %dup/vec4;
    %pushi/vec4 114, 0, 8;
    %cmp/u;
    %jmp/1 T_6.114, 6;
    %dup/vec4;
    %pushi/vec4 115, 0, 8;
    %cmp/u;
    %jmp/1 T_6.115, 6;
    %dup/vec4;
    %pushi/vec4 116, 0, 8;
    %cmp/u;
    %jmp/1 T_6.116, 6;
    %dup/vec4;
    %pushi/vec4 117, 0, 8;
    %cmp/u;
    %jmp/1 T_6.117, 6;
    %dup/vec4;
    %pushi/vec4 118, 0, 8;
    %cmp/u;
    %jmp/1 T_6.118, 6;
    %dup/vec4;
    %pushi/vec4 119, 0, 8;
    %cmp/u;
    %jmp/1 T_6.119, 6;
    %dup/vec4;
    %pushi/vec4 120, 0, 8;
    %cmp/u;
    %jmp/1 T_6.120, 6;
    %dup/vec4;
    %pushi/vec4 121, 0, 8;
    %cmp/u;
    %jmp/1 T_6.121, 6;
    %dup/vec4;
    %pushi/vec4 122, 0, 8;
    %cmp/u;
    %jmp/1 T_6.122, 6;
    %dup/vec4;
    %pushi/vec4 123, 0, 8;
    %cmp/u;
    %jmp/1 T_6.123, 6;
    %dup/vec4;
    %pushi/vec4 124, 0, 8;
    %cmp/u;
    %jmp/1 T_6.124, 6;
    %dup/vec4;
    %pushi/vec4 125, 0, 8;
    %cmp/u;
    %jmp/1 T_6.125, 6;
    %dup/vec4;
    %pushi/vec4 126, 0, 8;
    %cmp/u;
    %jmp/1 T_6.126, 6;
    %dup/vec4;
    %pushi/vec4 127, 0, 8;
    %cmp/u;
    %jmp/1 T_6.127, 6;
    %dup/vec4;
    %pushi/vec4 128, 0, 8;
    %cmp/u;
    %jmp/1 T_6.128, 6;
    %dup/vec4;
    %pushi/vec4 129, 0, 8;
    %cmp/u;
    %jmp/1 T_6.129, 6;
    %dup/vec4;
    %pushi/vec4 130, 0, 8;
    %cmp/u;
    %jmp/1 T_6.130, 6;
    %dup/vec4;
    %pushi/vec4 131, 0, 8;
    %cmp/u;
    %jmp/1 T_6.131, 6;
    %dup/vec4;
    %pushi/vec4 132, 0, 8;
    %cmp/u;
    %jmp/1 T_6.132, 6;
    %dup/vec4;
    %pushi/vec4 133, 0, 8;
    %cmp/u;
    %jmp/1 T_6.133, 6;
    %dup/vec4;
    %pushi/vec4 134, 0, 8;
    %cmp/u;
    %jmp/1 T_6.134, 6;
    %dup/vec4;
    %pushi/vec4 135, 0, 8;
    %cmp/u;
    %jmp/1 T_6.135, 6;
    %dup/vec4;
    %pushi/vec4 136, 0, 8;
    %cmp/u;
    %jmp/1 T_6.136, 6;
    %dup/vec4;
    %pushi/vec4 137, 0, 8;
    %cmp/u;
    %jmp/1 T_6.137, 6;
    %dup/vec4;
    %pushi/vec4 138, 0, 8;
    %cmp/u;
    %jmp/1 T_6.138, 6;
    %dup/vec4;
    %pushi/vec4 139, 0, 8;
    %cmp/u;
    %jmp/1 T_6.139, 6;
    %dup/vec4;
    %pushi/vec4 140, 0, 8;
    %cmp/u;
    %jmp/1 T_6.140, 6;
    %dup/vec4;
    %pushi/vec4 141, 0, 8;
    %cmp/u;
    %jmp/1 T_6.141, 6;
    %dup/vec4;
    %pushi/vec4 142, 0, 8;
    %cmp/u;
    %jmp/1 T_6.142, 6;
    %dup/vec4;
    %pushi/vec4 143, 0, 8;
    %cmp/u;
    %jmp/1 T_6.143, 6;
    %dup/vec4;
    %pushi/vec4 144, 0, 8;
    %cmp/u;
    %jmp/1 T_6.144, 6;
    %dup/vec4;
    %pushi/vec4 145, 0, 8;
    %cmp/u;
    %jmp/1 T_6.145, 6;
    %dup/vec4;
    %pushi/vec4 146, 0, 8;
    %cmp/u;
    %jmp/1 T_6.146, 6;
    %dup/vec4;
    %pushi/vec4 147, 0, 8;
    %cmp/u;
    %jmp/1 T_6.147, 6;
    %dup/vec4;
    %pushi/vec4 148, 0, 8;
    %cmp/u;
    %jmp/1 T_6.148, 6;
    %dup/vec4;
    %pushi/vec4 149, 0, 8;
    %cmp/u;
    %jmp/1 T_6.149, 6;
    %dup/vec4;
    %pushi/vec4 150, 0, 8;
    %cmp/u;
    %jmp/1 T_6.150, 6;
    %dup/vec4;
    %pushi/vec4 151, 0, 8;
    %cmp/u;
    %jmp/1 T_6.151, 6;
    %dup/vec4;
    %pushi/vec4 152, 0, 8;
    %cmp/u;
    %jmp/1 T_6.152, 6;
    %dup/vec4;
    %pushi/vec4 153, 0, 8;
    %cmp/u;
    %jmp/1 T_6.153, 6;
    %dup/vec4;
    %pushi/vec4 154, 0, 8;
    %cmp/u;
    %jmp/1 T_6.154, 6;
    %dup/vec4;
    %pushi/vec4 155, 0, 8;
    %cmp/u;
    %jmp/1 T_6.155, 6;
    %dup/vec4;
    %pushi/vec4 156, 0, 8;
    %cmp/u;
    %jmp/1 T_6.156, 6;
    %dup/vec4;
    %pushi/vec4 157, 0, 8;
    %cmp/u;
    %jmp/1 T_6.157, 6;
    %dup/vec4;
    %pushi/vec4 158, 0, 8;
    %cmp/u;
    %jmp/1 T_6.158, 6;
    %dup/vec4;
    %pushi/vec4 159, 0, 8;
    %cmp/u;
    %jmp/1 T_6.159, 6;
    %dup/vec4;
    %pushi/vec4 160, 0, 8;
    %cmp/u;
    %jmp/1 T_6.160, 6;
    %dup/vec4;
    %pushi/vec4 161, 0, 8;
    %cmp/u;
    %jmp/1 T_6.161, 6;
    %dup/vec4;
    %pushi/vec4 162, 0, 8;
    %cmp/u;
    %jmp/1 T_6.162, 6;
    %dup/vec4;
    %pushi/vec4 163, 0, 8;
    %cmp/u;
    %jmp/1 T_6.163, 6;
    %dup/vec4;
    %pushi/vec4 164, 0, 8;
    %cmp/u;
    %jmp/1 T_6.164, 6;
    %dup/vec4;
    %pushi/vec4 165, 0, 8;
    %cmp/u;
    %jmp/1 T_6.165, 6;
    %dup/vec4;
    %pushi/vec4 166, 0, 8;
    %cmp/u;
    %jmp/1 T_6.166, 6;
    %dup/vec4;
    %pushi/vec4 167, 0, 8;
    %cmp/u;
    %jmp/1 T_6.167, 6;
    %dup/vec4;
    %pushi/vec4 168, 0, 8;
    %cmp/u;
    %jmp/1 T_6.168, 6;
    %dup/vec4;
    %pushi/vec4 169, 0, 8;
    %cmp/u;
    %jmp/1 T_6.169, 6;
    %dup/vec4;
    %pushi/vec4 170, 0, 8;
    %cmp/u;
    %jmp/1 T_6.170, 6;
    %dup/vec4;
    %pushi/vec4 171, 0, 8;
    %cmp/u;
    %jmp/1 T_6.171, 6;
    %dup/vec4;
    %pushi/vec4 172, 0, 8;
    %cmp/u;
    %jmp/1 T_6.172, 6;
    %dup/vec4;
    %pushi/vec4 173, 0, 8;
    %cmp/u;
    %jmp/1 T_6.173, 6;
    %dup/vec4;
    %pushi/vec4 174, 0, 8;
    %cmp/u;
    %jmp/1 T_6.174, 6;
    %dup/vec4;
    %pushi/vec4 175, 0, 8;
    %cmp/u;
    %jmp/1 T_6.175, 6;
    %dup/vec4;
    %pushi/vec4 176, 0, 8;
    %cmp/u;
    %jmp/1 T_6.176, 6;
    %dup/vec4;
    %pushi/vec4 177, 0, 8;
    %cmp/u;
    %jmp/1 T_6.177, 6;
    %dup/vec4;
    %pushi/vec4 178, 0, 8;
    %cmp/u;
    %jmp/1 T_6.178, 6;
    %dup/vec4;
    %pushi/vec4 179, 0, 8;
    %cmp/u;
    %jmp/1 T_6.179, 6;
    %dup/vec4;
    %pushi/vec4 180, 0, 8;
    %cmp/u;
    %jmp/1 T_6.180, 6;
    %dup/vec4;
    %pushi/vec4 181, 0, 8;
    %cmp/u;
    %jmp/1 T_6.181, 6;
    %dup/vec4;
    %pushi/vec4 182, 0, 8;
    %cmp/u;
    %jmp/1 T_6.182, 6;
    %dup/vec4;
    %pushi/vec4 183, 0, 8;
    %cmp/u;
    %jmp/1 T_6.183, 6;
    %dup/vec4;
    %pushi/vec4 184, 0, 8;
    %cmp/u;
    %jmp/1 T_6.184, 6;
    %dup/vec4;
    %pushi/vec4 185, 0, 8;
    %cmp/u;
    %jmp/1 T_6.185, 6;
    %dup/vec4;
    %pushi/vec4 186, 0, 8;
    %cmp/u;
    %jmp/1 T_6.186, 6;
    %dup/vec4;
    %pushi/vec4 187, 0, 8;
    %cmp/u;
    %jmp/1 T_6.187, 6;
    %dup/vec4;
    %pushi/vec4 188, 0, 8;
    %cmp/u;
    %jmp/1 T_6.188, 6;
    %dup/vec4;
    %pushi/vec4 189, 0, 8;
    %cmp/u;
    %jmp/1 T_6.189, 6;
    %dup/vec4;
    %pushi/vec4 190, 0, 8;
    %cmp/u;
    %jmp/1 T_6.190, 6;
    %dup/vec4;
    %pushi/vec4 191, 0, 8;
    %cmp/u;
    %jmp/1 T_6.191, 6;
    %dup/vec4;
    %pushi/vec4 192, 0, 8;
    %cmp/u;
    %jmp/1 T_6.192, 6;
    %dup/vec4;
    %pushi/vec4 193, 0, 8;
    %cmp/u;
    %jmp/1 T_6.193, 6;
    %dup/vec4;
    %pushi/vec4 194, 0, 8;
    %cmp/u;
    %jmp/1 T_6.194, 6;
    %dup/vec4;
    %pushi/vec4 195, 0, 8;
    %cmp/u;
    %jmp/1 T_6.195, 6;
    %dup/vec4;
    %pushi/vec4 196, 0, 8;
    %cmp/u;
    %jmp/1 T_6.196, 6;
    %dup/vec4;
    %pushi/vec4 197, 0, 8;
    %cmp/u;
    %jmp/1 T_6.197, 6;
    %dup/vec4;
    %pushi/vec4 198, 0, 8;
    %cmp/u;
    %jmp/1 T_6.198, 6;
    %dup/vec4;
    %pushi/vec4 199, 0, 8;
    %cmp/u;
    %jmp/1 T_6.199, 6;
    %dup/vec4;
    %pushi/vec4 200, 0, 8;
    %cmp/u;
    %jmp/1 T_6.200, 6;
    %dup/vec4;
    %pushi/vec4 201, 0, 8;
    %cmp/u;
    %jmp/1 T_6.201, 6;
    %dup/vec4;
    %pushi/vec4 202, 0, 8;
    %cmp/u;
    %jmp/1 T_6.202, 6;
    %dup/vec4;
    %pushi/vec4 203, 0, 8;
    %cmp/u;
    %jmp/1 T_6.203, 6;
    %dup/vec4;
    %pushi/vec4 204, 0, 8;
    %cmp/u;
    %jmp/1 T_6.204, 6;
    %dup/vec4;
    %pushi/vec4 205, 0, 8;
    %cmp/u;
    %jmp/1 T_6.205, 6;
    %dup/vec4;
    %pushi/vec4 206, 0, 8;
    %cmp/u;
    %jmp/1 T_6.206, 6;
    %dup/vec4;
    %pushi/vec4 207, 0, 8;
    %cmp/u;
    %jmp/1 T_6.207, 6;
    %dup/vec4;
    %pushi/vec4 208, 0, 8;
    %cmp/u;
    %jmp/1 T_6.208, 6;
    %dup/vec4;
    %pushi/vec4 209, 0, 8;
    %cmp/u;
    %jmp/1 T_6.209, 6;
    %dup/vec4;
    %pushi/vec4 210, 0, 8;
    %cmp/u;
    %jmp/1 T_6.210, 6;
    %dup/vec4;
    %pushi/vec4 211, 0, 8;
    %cmp/u;
    %jmp/1 T_6.211, 6;
    %dup/vec4;
    %pushi/vec4 212, 0, 8;
    %cmp/u;
    %jmp/1 T_6.212, 6;
    %dup/vec4;
    %pushi/vec4 213, 0, 8;
    %cmp/u;
    %jmp/1 T_6.213, 6;
    %dup/vec4;
    %pushi/vec4 214, 0, 8;
    %cmp/u;
    %jmp/1 T_6.214, 6;
    %dup/vec4;
    %pushi/vec4 215, 0, 8;
    %cmp/u;
    %jmp/1 T_6.215, 6;
    %dup/vec4;
    %pushi/vec4 216, 0, 8;
    %cmp/u;
    %jmp/1 T_6.216, 6;
    %dup/vec4;
    %pushi/vec4 217, 0, 8;
    %cmp/u;
    %jmp/1 T_6.217, 6;
    %dup/vec4;
    %pushi/vec4 218, 0, 8;
    %cmp/u;
    %jmp/1 T_6.218, 6;
    %dup/vec4;
    %pushi/vec4 219, 0, 8;
    %cmp/u;
    %jmp/1 T_6.219, 6;
    %dup/vec4;
    %pushi/vec4 220, 0, 8;
    %cmp/u;
    %jmp/1 T_6.220, 6;
    %dup/vec4;
    %pushi/vec4 221, 0, 8;
    %cmp/u;
    %jmp/1 T_6.221, 6;
    %dup/vec4;
    %pushi/vec4 222, 0, 8;
    %cmp/u;
    %jmp/1 T_6.222, 6;
    %dup/vec4;
    %pushi/vec4 223, 0, 8;
    %cmp/u;
    %jmp/1 T_6.223, 6;
    %dup/vec4;
    %pushi/vec4 224, 0, 8;
    %cmp/u;
    %jmp/1 T_6.224, 6;
    %dup/vec4;
    %pushi/vec4 225, 0, 8;
    %cmp/u;
    %jmp/1 T_6.225, 6;
    %dup/vec4;
    %pushi/vec4 226, 0, 8;
    %cmp/u;
    %jmp/1 T_6.226, 6;
    %dup/vec4;
    %pushi/vec4 227, 0, 8;
    %cmp/u;
    %jmp/1 T_6.227, 6;
    %dup/vec4;
    %pushi/vec4 228, 0, 8;
    %cmp/u;
    %jmp/1 T_6.228, 6;
    %dup/vec4;
    %pushi/vec4 229, 0, 8;
    %cmp/u;
    %jmp/1 T_6.229, 6;
    %dup/vec4;
    %pushi/vec4 230, 0, 8;
    %cmp/u;
    %jmp/1 T_6.230, 6;
    %dup/vec4;
    %pushi/vec4 231, 0, 8;
    %cmp/u;
    %jmp/1 T_6.231, 6;
    %dup/vec4;
    %pushi/vec4 232, 0, 8;
    %cmp/u;
    %jmp/1 T_6.232, 6;
    %dup/vec4;
    %pushi/vec4 233, 0, 8;
    %cmp/u;
    %jmp/1 T_6.233, 6;
    %dup/vec4;
    %pushi/vec4 234, 0, 8;
    %cmp/u;
    %jmp/1 T_6.234, 6;
    %dup/vec4;
    %pushi/vec4 235, 0, 8;
    %cmp/u;
    %jmp/1 T_6.235, 6;
    %dup/vec4;
    %pushi/vec4 236, 0, 8;
    %cmp/u;
    %jmp/1 T_6.236, 6;
    %dup/vec4;
    %pushi/vec4 237, 0, 8;
    %cmp/u;
    %jmp/1 T_6.237, 6;
    %dup/vec4;
    %pushi/vec4 238, 0, 8;
    %cmp/u;
    %jmp/1 T_6.238, 6;
    %dup/vec4;
    %pushi/vec4 239, 0, 8;
    %cmp/u;
    %jmp/1 T_6.239, 6;
    %dup/vec4;
    %pushi/vec4 240, 0, 8;
    %cmp/u;
    %jmp/1 T_6.240, 6;
    %dup/vec4;
    %pushi/vec4 241, 0, 8;
    %cmp/u;
    %jmp/1 T_6.241, 6;
    %dup/vec4;
    %pushi/vec4 242, 0, 8;
    %cmp/u;
    %jmp/1 T_6.242, 6;
    %dup/vec4;
    %pushi/vec4 243, 0, 8;
    %cmp/u;
    %jmp/1 T_6.243, 6;
    %dup/vec4;
    %pushi/vec4 244, 0, 8;
    %cmp/u;
    %jmp/1 T_6.244, 6;
    %dup/vec4;
    %pushi/vec4 245, 0, 8;
    %cmp/u;
    %jmp/1 T_6.245, 6;
    %dup/vec4;
    %pushi/vec4 246, 0, 8;
    %cmp/u;
    %jmp/1 T_6.246, 6;
    %dup/vec4;
    %pushi/vec4 247, 0, 8;
    %cmp/u;
    %jmp/1 T_6.247, 6;
    %dup/vec4;
    %pushi/vec4 248, 0, 8;
    %cmp/u;
    %jmp/1 T_6.248, 6;
    %dup/vec4;
    %pushi/vec4 249, 0, 8;
    %cmp/u;
    %jmp/1 T_6.249, 6;
    %dup/vec4;
    %pushi/vec4 250, 0, 8;
    %cmp/u;
    %jmp/1 T_6.250, 6;
    %dup/vec4;
    %pushi/vec4 251, 0, 8;
    %cmp/u;
    %jmp/1 T_6.251, 6;
    %dup/vec4;
    %pushi/vec4 252, 0, 8;
    %cmp/u;
    %jmp/1 T_6.252, 6;
    %dup/vec4;
    %pushi/vec4 253, 0, 8;
    %cmp/u;
    %jmp/1 T_6.253, 6;
    %dup/vec4;
    %pushi/vec4 254, 0, 8;
    %cmp/u;
    %jmp/1 T_6.254, 6;
    %dup/vec4;
    %pushi/vec4 255, 0, 8;
    %cmp/u;
    %jmp/1 T_6.255, 6;
    %jmp T_6.256;
T_6.0 ;
    %pushi/vec4 99, 0, 8;
    %store/vec4 v000001f3eeb38c50_0, 0, 8;
    %jmp T_6.256;
T_6.1 ;
    %pushi/vec4 124, 0, 8;
    %store/vec4 v000001f3eeb38c50_0, 0, 8;
    %jmp T_6.256;
T_6.2 ;
    %pushi/vec4 119, 0, 8;
    %store/vec4 v000001f3eeb38c50_0, 0, 8;
    %jmp T_6.256;
T_6.3 ;
    %pushi/vec4 123, 0, 8;
    %store/vec4 v000001f3eeb38c50_0, 0, 8;
    %jmp T_6.256;
T_6.4 ;
    %pushi/vec4 242, 0, 8;
    %store/vec4 v000001f3eeb38c50_0, 0, 8;
    %jmp T_6.256;
T_6.5 ;
    %pushi/vec4 107, 0, 8;
    %store/vec4 v000001f3eeb38c50_0, 0, 8;
    %jmp T_6.256;
T_6.6 ;
    %pushi/vec4 111, 0, 8;
    %store/vec4 v000001f3eeb38c50_0, 0, 8;
    %jmp T_6.256;
T_6.7 ;
    %pushi/vec4 197, 0, 8;
    %store/vec4 v000001f3eeb38c50_0, 0, 8;
    %jmp T_6.256;
T_6.8 ;
    %pushi/vec4 48, 0, 8;
    %store/vec4 v000001f3eeb38c50_0, 0, 8;
    %jmp T_6.256;
T_6.9 ;
    %pushi/vec4 1, 0, 8;
    %store/vec4 v000001f3eeb38c50_0, 0, 8;
    %jmp T_6.256;
T_6.10 ;
    %pushi/vec4 103, 0, 8;
    %store/vec4 v000001f3eeb38c50_0, 0, 8;
    %jmp T_6.256;
T_6.11 ;
    %pushi/vec4 43, 0, 8;
    %store/vec4 v000001f3eeb38c50_0, 0, 8;
    %jmp T_6.256;
T_6.12 ;
    %pushi/vec4 254, 0, 8;
    %store/vec4 v000001f3eeb38c50_0, 0, 8;
    %jmp T_6.256;
T_6.13 ;
    %pushi/vec4 215, 0, 8;
    %store/vec4 v000001f3eeb38c50_0, 0, 8;
    %jmp T_6.256;
T_6.14 ;
    %pushi/vec4 171, 0, 8;
    %store/vec4 v000001f3eeb38c50_0, 0, 8;
    %jmp T_6.256;
T_6.15 ;
    %pushi/vec4 118, 0, 8;
    %store/vec4 v000001f3eeb38c50_0, 0, 8;
    %jmp T_6.256;
T_6.16 ;
    %pushi/vec4 202, 0, 8;
    %store/vec4 v000001f3eeb38c50_0, 0, 8;
    %jmp T_6.256;
T_6.17 ;
    %pushi/vec4 130, 0, 8;
    %store/vec4 v000001f3eeb38c50_0, 0, 8;
    %jmp T_6.256;
T_6.18 ;
    %pushi/vec4 201, 0, 8;
    %store/vec4 v000001f3eeb38c50_0, 0, 8;
    %jmp T_6.256;
T_6.19 ;
    %pushi/vec4 125, 0, 8;
    %store/vec4 v000001f3eeb38c50_0, 0, 8;
    %jmp T_6.256;
T_6.20 ;
    %pushi/vec4 250, 0, 8;
    %store/vec4 v000001f3eeb38c50_0, 0, 8;
    %jmp T_6.256;
T_6.21 ;
    %pushi/vec4 89, 0, 8;
    %store/vec4 v000001f3eeb38c50_0, 0, 8;
    %jmp T_6.256;
T_6.22 ;
    %pushi/vec4 71, 0, 8;
    %store/vec4 v000001f3eeb38c50_0, 0, 8;
    %jmp T_6.256;
T_6.23 ;
    %pushi/vec4 240, 0, 8;
    %store/vec4 v000001f3eeb38c50_0, 0, 8;
    %jmp T_6.256;
T_6.24 ;
    %pushi/vec4 173, 0, 8;
    %store/vec4 v000001f3eeb38c50_0, 0, 8;
    %jmp T_6.256;
T_6.25 ;
    %pushi/vec4 212, 0, 8;
    %store/vec4 v000001f3eeb38c50_0, 0, 8;
    %jmp T_6.256;
T_6.26 ;
    %pushi/vec4 162, 0, 8;
    %store/vec4 v000001f3eeb38c50_0, 0, 8;
    %jmp T_6.256;
T_6.27 ;
    %pushi/vec4 175, 0, 8;
    %store/vec4 v000001f3eeb38c50_0, 0, 8;
    %jmp T_6.256;
T_6.28 ;
    %pushi/vec4 156, 0, 8;
    %store/vec4 v000001f3eeb38c50_0, 0, 8;
    %jmp T_6.256;
T_6.29 ;
    %pushi/vec4 164, 0, 8;
    %store/vec4 v000001f3eeb38c50_0, 0, 8;
    %jmp T_6.256;
T_6.30 ;
    %pushi/vec4 114, 0, 8;
    %store/vec4 v000001f3eeb38c50_0, 0, 8;
    %jmp T_6.256;
T_6.31 ;
    %pushi/vec4 192, 0, 8;
    %store/vec4 v000001f3eeb38c50_0, 0, 8;
    %jmp T_6.256;
T_6.32 ;
    %pushi/vec4 183, 0, 8;
    %store/vec4 v000001f3eeb38c50_0, 0, 8;
    %jmp T_6.256;
T_6.33 ;
    %pushi/vec4 253, 0, 8;
    %store/vec4 v000001f3eeb38c50_0, 0, 8;
    %jmp T_6.256;
T_6.34 ;
    %pushi/vec4 147, 0, 8;
    %store/vec4 v000001f3eeb38c50_0, 0, 8;
    %jmp T_6.256;
T_6.35 ;
    %pushi/vec4 38, 0, 8;
    %store/vec4 v000001f3eeb38c50_0, 0, 8;
    %jmp T_6.256;
T_6.36 ;
    %pushi/vec4 54, 0, 8;
    %store/vec4 v000001f3eeb38c50_0, 0, 8;
    %jmp T_6.256;
T_6.37 ;
    %pushi/vec4 63, 0, 8;
    %store/vec4 v000001f3eeb38c50_0, 0, 8;
    %jmp T_6.256;
T_6.38 ;
    %pushi/vec4 247, 0, 8;
    %store/vec4 v000001f3eeb38c50_0, 0, 8;
    %jmp T_6.256;
T_6.39 ;
    %pushi/vec4 204, 0, 8;
    %store/vec4 v000001f3eeb38c50_0, 0, 8;
    %jmp T_6.256;
T_6.40 ;
    %pushi/vec4 52, 0, 8;
    %store/vec4 v000001f3eeb38c50_0, 0, 8;
    %jmp T_6.256;
T_6.41 ;
    %pushi/vec4 165, 0, 8;
    %store/vec4 v000001f3eeb38c50_0, 0, 8;
    %jmp T_6.256;
T_6.42 ;
    %pushi/vec4 229, 0, 8;
    %store/vec4 v000001f3eeb38c50_0, 0, 8;
    %jmp T_6.256;
T_6.43 ;
    %pushi/vec4 241, 0, 8;
    %store/vec4 v000001f3eeb38c50_0, 0, 8;
    %jmp T_6.256;
T_6.44 ;
    %pushi/vec4 113, 0, 8;
    %store/vec4 v000001f3eeb38c50_0, 0, 8;
    %jmp T_6.256;
T_6.45 ;
    %pushi/vec4 216, 0, 8;
    %store/vec4 v000001f3eeb38c50_0, 0, 8;
    %jmp T_6.256;
T_6.46 ;
    %pushi/vec4 49, 0, 8;
    %store/vec4 v000001f3eeb38c50_0, 0, 8;
    %jmp T_6.256;
T_6.47 ;
    %pushi/vec4 21, 0, 8;
    %store/vec4 v000001f3eeb38c50_0, 0, 8;
    %jmp T_6.256;
T_6.48 ;
    %pushi/vec4 4, 0, 8;
    %store/vec4 v000001f3eeb38c50_0, 0, 8;
    %jmp T_6.256;
T_6.49 ;
    %pushi/vec4 199, 0, 8;
    %store/vec4 v000001f3eeb38c50_0, 0, 8;
    %jmp T_6.256;
T_6.50 ;
    %pushi/vec4 35, 0, 8;
    %store/vec4 v000001f3eeb38c50_0, 0, 8;
    %jmp T_6.256;
T_6.51 ;
    %pushi/vec4 195, 0, 8;
    %store/vec4 v000001f3eeb38c50_0, 0, 8;
    %jmp T_6.256;
T_6.52 ;
    %pushi/vec4 24, 0, 8;
    %store/vec4 v000001f3eeb38c50_0, 0, 8;
    %jmp T_6.256;
T_6.53 ;
    %pushi/vec4 150, 0, 8;
    %store/vec4 v000001f3eeb38c50_0, 0, 8;
    %jmp T_6.256;
T_6.54 ;
    %pushi/vec4 5, 0, 8;
    %store/vec4 v000001f3eeb38c50_0, 0, 8;
    %jmp T_6.256;
T_6.55 ;
    %pushi/vec4 154, 0, 8;
    %store/vec4 v000001f3eeb38c50_0, 0, 8;
    %jmp T_6.256;
T_6.56 ;
    %pushi/vec4 7, 0, 8;
    %store/vec4 v000001f3eeb38c50_0, 0, 8;
    %jmp T_6.256;
T_6.57 ;
    %pushi/vec4 18, 0, 8;
    %store/vec4 v000001f3eeb38c50_0, 0, 8;
    %jmp T_6.256;
T_6.58 ;
    %pushi/vec4 128, 0, 8;
    %store/vec4 v000001f3eeb38c50_0, 0, 8;
    %jmp T_6.256;
T_6.59 ;
    %pushi/vec4 226, 0, 8;
    %store/vec4 v000001f3eeb38c50_0, 0, 8;
    %jmp T_6.256;
T_6.60 ;
    %pushi/vec4 235, 0, 8;
    %store/vec4 v000001f3eeb38c50_0, 0, 8;
    %jmp T_6.256;
T_6.61 ;
    %pushi/vec4 39, 0, 8;
    %store/vec4 v000001f3eeb38c50_0, 0, 8;
    %jmp T_6.256;
T_6.62 ;
    %pushi/vec4 178, 0, 8;
    %store/vec4 v000001f3eeb38c50_0, 0, 8;
    %jmp T_6.256;
T_6.63 ;
    %pushi/vec4 117, 0, 8;
    %store/vec4 v000001f3eeb38c50_0, 0, 8;
    %jmp T_6.256;
T_6.64 ;
    %pushi/vec4 9, 0, 8;
    %store/vec4 v000001f3eeb38c50_0, 0, 8;
    %jmp T_6.256;
T_6.65 ;
    %pushi/vec4 131, 0, 8;
    %store/vec4 v000001f3eeb38c50_0, 0, 8;
    %jmp T_6.256;
T_6.66 ;
    %pushi/vec4 44, 0, 8;
    %store/vec4 v000001f3eeb38c50_0, 0, 8;
    %jmp T_6.256;
T_6.67 ;
    %pushi/vec4 26, 0, 8;
    %store/vec4 v000001f3eeb38c50_0, 0, 8;
    %jmp T_6.256;
T_6.68 ;
    %pushi/vec4 27, 0, 8;
    %store/vec4 v000001f3eeb38c50_0, 0, 8;
    %jmp T_6.256;
T_6.69 ;
    %pushi/vec4 110, 0, 8;
    %store/vec4 v000001f3eeb38c50_0, 0, 8;
    %jmp T_6.256;
T_6.70 ;
    %pushi/vec4 90, 0, 8;
    %store/vec4 v000001f3eeb38c50_0, 0, 8;
    %jmp T_6.256;
T_6.71 ;
    %pushi/vec4 160, 0, 8;
    %store/vec4 v000001f3eeb38c50_0, 0, 8;
    %jmp T_6.256;
T_6.72 ;
    %pushi/vec4 82, 0, 8;
    %store/vec4 v000001f3eeb38c50_0, 0, 8;
    %jmp T_6.256;
T_6.73 ;
    %pushi/vec4 59, 0, 8;
    %store/vec4 v000001f3eeb38c50_0, 0, 8;
    %jmp T_6.256;
T_6.74 ;
    %pushi/vec4 214, 0, 8;
    %store/vec4 v000001f3eeb38c50_0, 0, 8;
    %jmp T_6.256;
T_6.75 ;
    %pushi/vec4 179, 0, 8;
    %store/vec4 v000001f3eeb38c50_0, 0, 8;
    %jmp T_6.256;
T_6.76 ;
    %pushi/vec4 41, 0, 8;
    %store/vec4 v000001f3eeb38c50_0, 0, 8;
    %jmp T_6.256;
T_6.77 ;
    %pushi/vec4 227, 0, 8;
    %store/vec4 v000001f3eeb38c50_0, 0, 8;
    %jmp T_6.256;
T_6.78 ;
    %pushi/vec4 47, 0, 8;
    %store/vec4 v000001f3eeb38c50_0, 0, 8;
    %jmp T_6.256;
T_6.79 ;
    %pushi/vec4 132, 0, 8;
    %store/vec4 v000001f3eeb38c50_0, 0, 8;
    %jmp T_6.256;
T_6.80 ;
    %pushi/vec4 83, 0, 8;
    %store/vec4 v000001f3eeb38c50_0, 0, 8;
    %jmp T_6.256;
T_6.81 ;
    %pushi/vec4 209, 0, 8;
    %store/vec4 v000001f3eeb38c50_0, 0, 8;
    %jmp T_6.256;
T_6.82 ;
    %pushi/vec4 0, 0, 8;
    %store/vec4 v000001f3eeb38c50_0, 0, 8;
    %jmp T_6.256;
T_6.83 ;
    %pushi/vec4 237, 0, 8;
    %store/vec4 v000001f3eeb38c50_0, 0, 8;
    %jmp T_6.256;
T_6.84 ;
    %pushi/vec4 32, 0, 8;
    %store/vec4 v000001f3eeb38c50_0, 0, 8;
    %jmp T_6.256;
T_6.85 ;
    %pushi/vec4 252, 0, 8;
    %store/vec4 v000001f3eeb38c50_0, 0, 8;
    %jmp T_6.256;
T_6.86 ;
    %pushi/vec4 177, 0, 8;
    %store/vec4 v000001f3eeb38c50_0, 0, 8;
    %jmp T_6.256;
T_6.87 ;
    %pushi/vec4 91, 0, 8;
    %store/vec4 v000001f3eeb38c50_0, 0, 8;
    %jmp T_6.256;
T_6.88 ;
    %pushi/vec4 106, 0, 8;
    %store/vec4 v000001f3eeb38c50_0, 0, 8;
    %jmp T_6.256;
T_6.89 ;
    %pushi/vec4 203, 0, 8;
    %store/vec4 v000001f3eeb38c50_0, 0, 8;
    %jmp T_6.256;
T_6.90 ;
    %pushi/vec4 190, 0, 8;
    %store/vec4 v000001f3eeb38c50_0, 0, 8;
    %jmp T_6.256;
T_6.91 ;
    %pushi/vec4 57, 0, 8;
    %store/vec4 v000001f3eeb38c50_0, 0, 8;
    %jmp T_6.256;
T_6.92 ;
    %pushi/vec4 74, 0, 8;
    %store/vec4 v000001f3eeb38c50_0, 0, 8;
    %jmp T_6.256;
T_6.93 ;
    %pushi/vec4 76, 0, 8;
    %store/vec4 v000001f3eeb38c50_0, 0, 8;
    %jmp T_6.256;
T_6.94 ;
    %pushi/vec4 88, 0, 8;
    %store/vec4 v000001f3eeb38c50_0, 0, 8;
    %jmp T_6.256;
T_6.95 ;
    %pushi/vec4 207, 0, 8;
    %store/vec4 v000001f3eeb38c50_0, 0, 8;
    %jmp T_6.256;
T_6.96 ;
    %pushi/vec4 208, 0, 8;
    %store/vec4 v000001f3eeb38c50_0, 0, 8;
    %jmp T_6.256;
T_6.97 ;
    %pushi/vec4 239, 0, 8;
    %store/vec4 v000001f3eeb38c50_0, 0, 8;
    %jmp T_6.256;
T_6.98 ;
    %pushi/vec4 170, 0, 8;
    %store/vec4 v000001f3eeb38c50_0, 0, 8;
    %jmp T_6.256;
T_6.99 ;
    %pushi/vec4 251, 0, 8;
    %store/vec4 v000001f3eeb38c50_0, 0, 8;
    %jmp T_6.256;
T_6.100 ;
    %pushi/vec4 67, 0, 8;
    %store/vec4 v000001f3eeb38c50_0, 0, 8;
    %jmp T_6.256;
T_6.101 ;
    %pushi/vec4 77, 0, 8;
    %store/vec4 v000001f3eeb38c50_0, 0, 8;
    %jmp T_6.256;
T_6.102 ;
    %pushi/vec4 51, 0, 8;
    %store/vec4 v000001f3eeb38c50_0, 0, 8;
    %jmp T_6.256;
T_6.103 ;
    %pushi/vec4 133, 0, 8;
    %store/vec4 v000001f3eeb38c50_0, 0, 8;
    %jmp T_6.256;
T_6.104 ;
    %pushi/vec4 69, 0, 8;
    %store/vec4 v000001f3eeb38c50_0, 0, 8;
    %jmp T_6.256;
T_6.105 ;
    %pushi/vec4 249, 0, 8;
    %store/vec4 v000001f3eeb38c50_0, 0, 8;
    %jmp T_6.256;
T_6.106 ;
    %pushi/vec4 2, 0, 8;
    %store/vec4 v000001f3eeb38c50_0, 0, 8;
    %jmp T_6.256;
T_6.107 ;
    %pushi/vec4 127, 0, 8;
    %store/vec4 v000001f3eeb38c50_0, 0, 8;
    %jmp T_6.256;
T_6.108 ;
    %pushi/vec4 80, 0, 8;
    %store/vec4 v000001f3eeb38c50_0, 0, 8;
    %jmp T_6.256;
T_6.109 ;
    %pushi/vec4 60, 0, 8;
    %store/vec4 v000001f3eeb38c50_0, 0, 8;
    %jmp T_6.256;
T_6.110 ;
    %pushi/vec4 159, 0, 8;
    %store/vec4 v000001f3eeb38c50_0, 0, 8;
    %jmp T_6.256;
T_6.111 ;
    %pushi/vec4 168, 0, 8;
    %store/vec4 v000001f3eeb38c50_0, 0, 8;
    %jmp T_6.256;
T_6.112 ;
    %pushi/vec4 81, 0, 8;
    %store/vec4 v000001f3eeb38c50_0, 0, 8;
    %jmp T_6.256;
T_6.113 ;
    %pushi/vec4 163, 0, 8;
    %store/vec4 v000001f3eeb38c50_0, 0, 8;
    %jmp T_6.256;
T_6.114 ;
    %pushi/vec4 64, 0, 8;
    %store/vec4 v000001f3eeb38c50_0, 0, 8;
    %jmp T_6.256;
T_6.115 ;
    %pushi/vec4 143, 0, 8;
    %store/vec4 v000001f3eeb38c50_0, 0, 8;
    %jmp T_6.256;
T_6.116 ;
    %pushi/vec4 146, 0, 8;
    %store/vec4 v000001f3eeb38c50_0, 0, 8;
    %jmp T_6.256;
T_6.117 ;
    %pushi/vec4 157, 0, 8;
    %store/vec4 v000001f3eeb38c50_0, 0, 8;
    %jmp T_6.256;
T_6.118 ;
    %pushi/vec4 56, 0, 8;
    %store/vec4 v000001f3eeb38c50_0, 0, 8;
    %jmp T_6.256;
T_6.119 ;
    %pushi/vec4 245, 0, 8;
    %store/vec4 v000001f3eeb38c50_0, 0, 8;
    %jmp T_6.256;
T_6.120 ;
    %pushi/vec4 188, 0, 8;
    %store/vec4 v000001f3eeb38c50_0, 0, 8;
    %jmp T_6.256;
T_6.121 ;
    %pushi/vec4 182, 0, 8;
    %store/vec4 v000001f3eeb38c50_0, 0, 8;
    %jmp T_6.256;
T_6.122 ;
    %pushi/vec4 218, 0, 8;
    %store/vec4 v000001f3eeb38c50_0, 0, 8;
    %jmp T_6.256;
T_6.123 ;
    %pushi/vec4 33, 0, 8;
    %store/vec4 v000001f3eeb38c50_0, 0, 8;
    %jmp T_6.256;
T_6.124 ;
    %pushi/vec4 16, 0, 8;
    %store/vec4 v000001f3eeb38c50_0, 0, 8;
    %jmp T_6.256;
T_6.125 ;
    %pushi/vec4 255, 0, 8;
    %store/vec4 v000001f3eeb38c50_0, 0, 8;
    %jmp T_6.256;
T_6.126 ;
    %pushi/vec4 243, 0, 8;
    %store/vec4 v000001f3eeb38c50_0, 0, 8;
    %jmp T_6.256;
T_6.127 ;
    %pushi/vec4 210, 0, 8;
    %store/vec4 v000001f3eeb38c50_0, 0, 8;
    %jmp T_6.256;
T_6.128 ;
    %pushi/vec4 205, 0, 8;
    %store/vec4 v000001f3eeb38c50_0, 0, 8;
    %jmp T_6.256;
T_6.129 ;
    %pushi/vec4 12, 0, 8;
    %store/vec4 v000001f3eeb38c50_0, 0, 8;
    %jmp T_6.256;
T_6.130 ;
    %pushi/vec4 19, 0, 8;
    %store/vec4 v000001f3eeb38c50_0, 0, 8;
    %jmp T_6.256;
T_6.131 ;
    %pushi/vec4 236, 0, 8;
    %store/vec4 v000001f3eeb38c50_0, 0, 8;
    %jmp T_6.256;
T_6.132 ;
    %pushi/vec4 95, 0, 8;
    %store/vec4 v000001f3eeb38c50_0, 0, 8;
    %jmp T_6.256;
T_6.133 ;
    %pushi/vec4 151, 0, 8;
    %store/vec4 v000001f3eeb38c50_0, 0, 8;
    %jmp T_6.256;
T_6.134 ;
    %pushi/vec4 68, 0, 8;
    %store/vec4 v000001f3eeb38c50_0, 0, 8;
    %jmp T_6.256;
T_6.135 ;
    %pushi/vec4 23, 0, 8;
    %store/vec4 v000001f3eeb38c50_0, 0, 8;
    %jmp T_6.256;
T_6.136 ;
    %pushi/vec4 196, 0, 8;
    %store/vec4 v000001f3eeb38c50_0, 0, 8;
    %jmp T_6.256;
T_6.137 ;
    %pushi/vec4 167, 0, 8;
    %store/vec4 v000001f3eeb38c50_0, 0, 8;
    %jmp T_6.256;
T_6.138 ;
    %pushi/vec4 126, 0, 8;
    %store/vec4 v000001f3eeb38c50_0, 0, 8;
    %jmp T_6.256;
T_6.139 ;
    %pushi/vec4 61, 0, 8;
    %store/vec4 v000001f3eeb38c50_0, 0, 8;
    %jmp T_6.256;
T_6.140 ;
    %pushi/vec4 100, 0, 8;
    %store/vec4 v000001f3eeb38c50_0, 0, 8;
    %jmp T_6.256;
T_6.141 ;
    %pushi/vec4 93, 0, 8;
    %store/vec4 v000001f3eeb38c50_0, 0, 8;
    %jmp T_6.256;
T_6.142 ;
    %pushi/vec4 25, 0, 8;
    %store/vec4 v000001f3eeb38c50_0, 0, 8;
    %jmp T_6.256;
T_6.143 ;
    %pushi/vec4 115, 0, 8;
    %store/vec4 v000001f3eeb38c50_0, 0, 8;
    %jmp T_6.256;
T_6.144 ;
    %pushi/vec4 96, 0, 8;
    %store/vec4 v000001f3eeb38c50_0, 0, 8;
    %jmp T_6.256;
T_6.145 ;
    %pushi/vec4 129, 0, 8;
    %store/vec4 v000001f3eeb38c50_0, 0, 8;
    %jmp T_6.256;
T_6.146 ;
    %pushi/vec4 79, 0, 8;
    %store/vec4 v000001f3eeb38c50_0, 0, 8;
    %jmp T_6.256;
T_6.147 ;
    %pushi/vec4 220, 0, 8;
    %store/vec4 v000001f3eeb38c50_0, 0, 8;
    %jmp T_6.256;
T_6.148 ;
    %pushi/vec4 34, 0, 8;
    %store/vec4 v000001f3eeb38c50_0, 0, 8;
    %jmp T_6.256;
T_6.149 ;
    %pushi/vec4 42, 0, 8;
    %store/vec4 v000001f3eeb38c50_0, 0, 8;
    %jmp T_6.256;
T_6.150 ;
    %pushi/vec4 144, 0, 8;
    %store/vec4 v000001f3eeb38c50_0, 0, 8;
    %jmp T_6.256;
T_6.151 ;
    %pushi/vec4 136, 0, 8;
    %store/vec4 v000001f3eeb38c50_0, 0, 8;
    %jmp T_6.256;
T_6.152 ;
    %pushi/vec4 70, 0, 8;
    %store/vec4 v000001f3eeb38c50_0, 0, 8;
    %jmp T_6.256;
T_6.153 ;
    %pushi/vec4 238, 0, 8;
    %store/vec4 v000001f3eeb38c50_0, 0, 8;
    %jmp T_6.256;
T_6.154 ;
    %pushi/vec4 184, 0, 8;
    %store/vec4 v000001f3eeb38c50_0, 0, 8;
    %jmp T_6.256;
T_6.155 ;
    %pushi/vec4 20, 0, 8;
    %store/vec4 v000001f3eeb38c50_0, 0, 8;
    %jmp T_6.256;
T_6.156 ;
    %pushi/vec4 222, 0, 8;
    %store/vec4 v000001f3eeb38c50_0, 0, 8;
    %jmp T_6.256;
T_6.157 ;
    %pushi/vec4 94, 0, 8;
    %store/vec4 v000001f3eeb38c50_0, 0, 8;
    %jmp T_6.256;
T_6.158 ;
    %pushi/vec4 11, 0, 8;
    %store/vec4 v000001f3eeb38c50_0, 0, 8;
    %jmp T_6.256;
T_6.159 ;
    %pushi/vec4 219, 0, 8;
    %store/vec4 v000001f3eeb38c50_0, 0, 8;
    %jmp T_6.256;
T_6.160 ;
    %pushi/vec4 224, 0, 8;
    %store/vec4 v000001f3eeb38c50_0, 0, 8;
    %jmp T_6.256;
T_6.161 ;
    %pushi/vec4 50, 0, 8;
    %store/vec4 v000001f3eeb38c50_0, 0, 8;
    %jmp T_6.256;
T_6.162 ;
    %pushi/vec4 58, 0, 8;
    %store/vec4 v000001f3eeb38c50_0, 0, 8;
    %jmp T_6.256;
T_6.163 ;
    %pushi/vec4 10, 0, 8;
    %store/vec4 v000001f3eeb38c50_0, 0, 8;
    %jmp T_6.256;
T_6.164 ;
    %pushi/vec4 73, 0, 8;
    %store/vec4 v000001f3eeb38c50_0, 0, 8;
    %jmp T_6.256;
T_6.165 ;
    %pushi/vec4 6, 0, 8;
    %store/vec4 v000001f3eeb38c50_0, 0, 8;
    %jmp T_6.256;
T_6.166 ;
    %pushi/vec4 36, 0, 8;
    %store/vec4 v000001f3eeb38c50_0, 0, 8;
    %jmp T_6.256;
T_6.167 ;
    %pushi/vec4 92, 0, 8;
    %store/vec4 v000001f3eeb38c50_0, 0, 8;
    %jmp T_6.256;
T_6.168 ;
    %pushi/vec4 194, 0, 8;
    %store/vec4 v000001f3eeb38c50_0, 0, 8;
    %jmp T_6.256;
T_6.169 ;
    %pushi/vec4 211, 0, 8;
    %store/vec4 v000001f3eeb38c50_0, 0, 8;
    %jmp T_6.256;
T_6.170 ;
    %pushi/vec4 172, 0, 8;
    %store/vec4 v000001f3eeb38c50_0, 0, 8;
    %jmp T_6.256;
T_6.171 ;
    %pushi/vec4 98, 0, 8;
    %store/vec4 v000001f3eeb38c50_0, 0, 8;
    %jmp T_6.256;
T_6.172 ;
    %pushi/vec4 145, 0, 8;
    %store/vec4 v000001f3eeb38c50_0, 0, 8;
    %jmp T_6.256;
T_6.173 ;
    %pushi/vec4 149, 0, 8;
    %store/vec4 v000001f3eeb38c50_0, 0, 8;
    %jmp T_6.256;
T_6.174 ;
    %pushi/vec4 228, 0, 8;
    %store/vec4 v000001f3eeb38c50_0, 0, 8;
    %jmp T_6.256;
T_6.175 ;
    %pushi/vec4 121, 0, 8;
    %store/vec4 v000001f3eeb38c50_0, 0, 8;
    %jmp T_6.256;
T_6.176 ;
    %pushi/vec4 231, 0, 8;
    %store/vec4 v000001f3eeb38c50_0, 0, 8;
    %jmp T_6.256;
T_6.177 ;
    %pushi/vec4 200, 0, 8;
    %store/vec4 v000001f3eeb38c50_0, 0, 8;
    %jmp T_6.256;
T_6.178 ;
    %pushi/vec4 55, 0, 8;
    %store/vec4 v000001f3eeb38c50_0, 0, 8;
    %jmp T_6.256;
T_6.179 ;
    %pushi/vec4 109, 0, 8;
    %store/vec4 v000001f3eeb38c50_0, 0, 8;
    %jmp T_6.256;
T_6.180 ;
    %pushi/vec4 141, 0, 8;
    %store/vec4 v000001f3eeb38c50_0, 0, 8;
    %jmp T_6.256;
T_6.181 ;
    %pushi/vec4 213, 0, 8;
    %store/vec4 v000001f3eeb38c50_0, 0, 8;
    %jmp T_6.256;
T_6.182 ;
    %pushi/vec4 78, 0, 8;
    %store/vec4 v000001f3eeb38c50_0, 0, 8;
    %jmp T_6.256;
T_6.183 ;
    %pushi/vec4 169, 0, 8;
    %store/vec4 v000001f3eeb38c50_0, 0, 8;
    %jmp T_6.256;
T_6.184 ;
    %pushi/vec4 108, 0, 8;
    %store/vec4 v000001f3eeb38c50_0, 0, 8;
    %jmp T_6.256;
T_6.185 ;
    %pushi/vec4 86, 0, 8;
    %store/vec4 v000001f3eeb38c50_0, 0, 8;
    %jmp T_6.256;
T_6.186 ;
    %pushi/vec4 244, 0, 8;
    %store/vec4 v000001f3eeb38c50_0, 0, 8;
    %jmp T_6.256;
T_6.187 ;
    %pushi/vec4 234, 0, 8;
    %store/vec4 v000001f3eeb38c50_0, 0, 8;
    %jmp T_6.256;
T_6.188 ;
    %pushi/vec4 101, 0, 8;
    %store/vec4 v000001f3eeb38c50_0, 0, 8;
    %jmp T_6.256;
T_6.189 ;
    %pushi/vec4 122, 0, 8;
    %store/vec4 v000001f3eeb38c50_0, 0, 8;
    %jmp T_6.256;
T_6.190 ;
    %pushi/vec4 174, 0, 8;
    %store/vec4 v000001f3eeb38c50_0, 0, 8;
    %jmp T_6.256;
T_6.191 ;
    %pushi/vec4 8, 0, 8;
    %store/vec4 v000001f3eeb38c50_0, 0, 8;
    %jmp T_6.256;
T_6.192 ;
    %pushi/vec4 186, 0, 8;
    %store/vec4 v000001f3eeb38c50_0, 0, 8;
    %jmp T_6.256;
T_6.193 ;
    %pushi/vec4 120, 0, 8;
    %store/vec4 v000001f3eeb38c50_0, 0, 8;
    %jmp T_6.256;
T_6.194 ;
    %pushi/vec4 37, 0, 8;
    %store/vec4 v000001f3eeb38c50_0, 0, 8;
    %jmp T_6.256;
T_6.195 ;
    %pushi/vec4 46, 0, 8;
    %store/vec4 v000001f3eeb38c50_0, 0, 8;
    %jmp T_6.256;
T_6.196 ;
    %pushi/vec4 28, 0, 8;
    %store/vec4 v000001f3eeb38c50_0, 0, 8;
    %jmp T_6.256;
T_6.197 ;
    %pushi/vec4 166, 0, 8;
    %store/vec4 v000001f3eeb38c50_0, 0, 8;
    %jmp T_6.256;
T_6.198 ;
    %pushi/vec4 180, 0, 8;
    %store/vec4 v000001f3eeb38c50_0, 0, 8;
    %jmp T_6.256;
T_6.199 ;
    %pushi/vec4 198, 0, 8;
    %store/vec4 v000001f3eeb38c50_0, 0, 8;
    %jmp T_6.256;
T_6.200 ;
    %pushi/vec4 232, 0, 8;
    %store/vec4 v000001f3eeb38c50_0, 0, 8;
    %jmp T_6.256;
T_6.201 ;
    %pushi/vec4 221, 0, 8;
    %store/vec4 v000001f3eeb38c50_0, 0, 8;
    %jmp T_6.256;
T_6.202 ;
    %pushi/vec4 116, 0, 8;
    %store/vec4 v000001f3eeb38c50_0, 0, 8;
    %jmp T_6.256;
T_6.203 ;
    %pushi/vec4 31, 0, 8;
    %store/vec4 v000001f3eeb38c50_0, 0, 8;
    %jmp T_6.256;
T_6.204 ;
    %pushi/vec4 75, 0, 8;
    %store/vec4 v000001f3eeb38c50_0, 0, 8;
    %jmp T_6.256;
T_6.205 ;
    %pushi/vec4 189, 0, 8;
    %store/vec4 v000001f3eeb38c50_0, 0, 8;
    %jmp T_6.256;
T_6.206 ;
    %pushi/vec4 139, 0, 8;
    %store/vec4 v000001f3eeb38c50_0, 0, 8;
    %jmp T_6.256;
T_6.207 ;
    %pushi/vec4 138, 0, 8;
    %store/vec4 v000001f3eeb38c50_0, 0, 8;
    %jmp T_6.256;
T_6.208 ;
    %pushi/vec4 112, 0, 8;
    %store/vec4 v000001f3eeb38c50_0, 0, 8;
    %jmp T_6.256;
T_6.209 ;
    %pushi/vec4 62, 0, 8;
    %store/vec4 v000001f3eeb38c50_0, 0, 8;
    %jmp T_6.256;
T_6.210 ;
    %pushi/vec4 181, 0, 8;
    %store/vec4 v000001f3eeb38c50_0, 0, 8;
    %jmp T_6.256;
T_6.211 ;
    %pushi/vec4 102, 0, 8;
    %store/vec4 v000001f3eeb38c50_0, 0, 8;
    %jmp T_6.256;
T_6.212 ;
    %pushi/vec4 72, 0, 8;
    %store/vec4 v000001f3eeb38c50_0, 0, 8;
    %jmp T_6.256;
T_6.213 ;
    %pushi/vec4 3, 0, 8;
    %store/vec4 v000001f3eeb38c50_0, 0, 8;
    %jmp T_6.256;
T_6.214 ;
    %pushi/vec4 246, 0, 8;
    %store/vec4 v000001f3eeb38c50_0, 0, 8;
    %jmp T_6.256;
T_6.215 ;
    %pushi/vec4 14, 0, 8;
    %store/vec4 v000001f3eeb38c50_0, 0, 8;
    %jmp T_6.256;
T_6.216 ;
    %pushi/vec4 97, 0, 8;
    %store/vec4 v000001f3eeb38c50_0, 0, 8;
    %jmp T_6.256;
T_6.217 ;
    %pushi/vec4 53, 0, 8;
    %store/vec4 v000001f3eeb38c50_0, 0, 8;
    %jmp T_6.256;
T_6.218 ;
    %pushi/vec4 87, 0, 8;
    %store/vec4 v000001f3eeb38c50_0, 0, 8;
    %jmp T_6.256;
T_6.219 ;
    %pushi/vec4 185, 0, 8;
    %store/vec4 v000001f3eeb38c50_0, 0, 8;
    %jmp T_6.256;
T_6.220 ;
    %pushi/vec4 134, 0, 8;
    %store/vec4 v000001f3eeb38c50_0, 0, 8;
    %jmp T_6.256;
T_6.221 ;
    %pushi/vec4 193, 0, 8;
    %store/vec4 v000001f3eeb38c50_0, 0, 8;
    %jmp T_6.256;
T_6.222 ;
    %pushi/vec4 29, 0, 8;
    %store/vec4 v000001f3eeb38c50_0, 0, 8;
    %jmp T_6.256;
T_6.223 ;
    %pushi/vec4 158, 0, 8;
    %store/vec4 v000001f3eeb38c50_0, 0, 8;
    %jmp T_6.256;
T_6.224 ;
    %pushi/vec4 225, 0, 8;
    %store/vec4 v000001f3eeb38c50_0, 0, 8;
    %jmp T_6.256;
T_6.225 ;
    %pushi/vec4 248, 0, 8;
    %store/vec4 v000001f3eeb38c50_0, 0, 8;
    %jmp T_6.256;
T_6.226 ;
    %pushi/vec4 152, 0, 8;
    %store/vec4 v000001f3eeb38c50_0, 0, 8;
    %jmp T_6.256;
T_6.227 ;
    %pushi/vec4 17, 0, 8;
    %store/vec4 v000001f3eeb38c50_0, 0, 8;
    %jmp T_6.256;
T_6.228 ;
    %pushi/vec4 105, 0, 8;
    %store/vec4 v000001f3eeb38c50_0, 0, 8;
    %jmp T_6.256;
T_6.229 ;
    %pushi/vec4 217, 0, 8;
    %store/vec4 v000001f3eeb38c50_0, 0, 8;
    %jmp T_6.256;
T_6.230 ;
    %pushi/vec4 142, 0, 8;
    %store/vec4 v000001f3eeb38c50_0, 0, 8;
    %jmp T_6.256;
T_6.231 ;
    %pushi/vec4 148, 0, 8;
    %store/vec4 v000001f3eeb38c50_0, 0, 8;
    %jmp T_6.256;
T_6.232 ;
    %pushi/vec4 155, 0, 8;
    %store/vec4 v000001f3eeb38c50_0, 0, 8;
    %jmp T_6.256;
T_6.233 ;
    %pushi/vec4 30, 0, 8;
    %store/vec4 v000001f3eeb38c50_0, 0, 8;
    %jmp T_6.256;
T_6.234 ;
    %pushi/vec4 135, 0, 8;
    %store/vec4 v000001f3eeb38c50_0, 0, 8;
    %jmp T_6.256;
T_6.235 ;
    %pushi/vec4 233, 0, 8;
    %store/vec4 v000001f3eeb38c50_0, 0, 8;
    %jmp T_6.256;
T_6.236 ;
    %pushi/vec4 206, 0, 8;
    %store/vec4 v000001f3eeb38c50_0, 0, 8;
    %jmp T_6.256;
T_6.237 ;
    %pushi/vec4 85, 0, 8;
    %store/vec4 v000001f3eeb38c50_0, 0, 8;
    %jmp T_6.256;
T_6.238 ;
    %pushi/vec4 40, 0, 8;
    %store/vec4 v000001f3eeb38c50_0, 0, 8;
    %jmp T_6.256;
T_6.239 ;
    %pushi/vec4 223, 0, 8;
    %store/vec4 v000001f3eeb38c50_0, 0, 8;
    %jmp T_6.256;
T_6.240 ;
    %pushi/vec4 140, 0, 8;
    %store/vec4 v000001f3eeb38c50_0, 0, 8;
    %jmp T_6.256;
T_6.241 ;
    %pushi/vec4 161, 0, 8;
    %store/vec4 v000001f3eeb38c50_0, 0, 8;
    %jmp T_6.256;
T_6.242 ;
    %pushi/vec4 137, 0, 8;
    %store/vec4 v000001f3eeb38c50_0, 0, 8;
    %jmp T_6.256;
T_6.243 ;
    %pushi/vec4 13, 0, 8;
    %store/vec4 v000001f3eeb38c50_0, 0, 8;
    %jmp T_6.256;
T_6.244 ;
    %pushi/vec4 191, 0, 8;
    %store/vec4 v000001f3eeb38c50_0, 0, 8;
    %jmp T_6.256;
T_6.245 ;
    %pushi/vec4 230, 0, 8;
    %store/vec4 v000001f3eeb38c50_0, 0, 8;
    %jmp T_6.256;
T_6.246 ;
    %pushi/vec4 66, 0, 8;
    %store/vec4 v000001f3eeb38c50_0, 0, 8;
    %jmp T_6.256;
T_6.247 ;
    %pushi/vec4 104, 0, 8;
    %store/vec4 v000001f3eeb38c50_0, 0, 8;
    %jmp T_6.256;
T_6.248 ;
    %pushi/vec4 65, 0, 8;
    %store/vec4 v000001f3eeb38c50_0, 0, 8;
    %jmp T_6.256;
T_6.249 ;
    %pushi/vec4 153, 0, 8;
    %store/vec4 v000001f3eeb38c50_0, 0, 8;
    %jmp T_6.256;
T_6.250 ;
    %pushi/vec4 45, 0, 8;
    %store/vec4 v000001f3eeb38c50_0, 0, 8;
    %jmp T_6.256;
T_6.251 ;
    %pushi/vec4 15, 0, 8;
    %store/vec4 v000001f3eeb38c50_0, 0, 8;
    %jmp T_6.256;
T_6.252 ;
    %pushi/vec4 176, 0, 8;
    %store/vec4 v000001f3eeb38c50_0, 0, 8;
    %jmp T_6.256;
T_6.253 ;
    %pushi/vec4 84, 0, 8;
    %store/vec4 v000001f3eeb38c50_0, 0, 8;
    %jmp T_6.256;
T_6.254 ;
    %pushi/vec4 187, 0, 8;
    %store/vec4 v000001f3eeb38c50_0, 0, 8;
    %jmp T_6.256;
T_6.255 ;
    %pushi/vec4 22, 0, 8;
    %store/vec4 v000001f3eeb38c50_0, 0, 8;
    %jmp T_6.256;
T_6.256 ;
    %pop/vec4 1;
    %jmp T_6;
    .thread T_6, $push;
    .scope S_000001f3eeb3aa80;
T_7 ;
    %wait E_000001f3eeabe9c0;
    %load/vec4 v000001f3eeb38cf0_0;
    %dup/vec4;
    %pushi/vec4 0, 0, 8;
    %cmp/u;
    %jmp/1 T_7.0, 6;
    %dup/vec4;
    %pushi/vec4 1, 0, 8;
    %cmp/u;
    %jmp/1 T_7.1, 6;
    %dup/vec4;
    %pushi/vec4 2, 0, 8;
    %cmp/u;
    %jmp/1 T_7.2, 6;
    %dup/vec4;
    %pushi/vec4 3, 0, 8;
    %cmp/u;
    %jmp/1 T_7.3, 6;
    %dup/vec4;
    %pushi/vec4 4, 0, 8;
    %cmp/u;
    %jmp/1 T_7.4, 6;
    %dup/vec4;
    %pushi/vec4 5, 0, 8;
    %cmp/u;
    %jmp/1 T_7.5, 6;
    %dup/vec4;
    %pushi/vec4 6, 0, 8;
    %cmp/u;
    %jmp/1 T_7.6, 6;
    %dup/vec4;
    %pushi/vec4 7, 0, 8;
    %cmp/u;
    %jmp/1 T_7.7, 6;
    %dup/vec4;
    %pushi/vec4 8, 0, 8;
    %cmp/u;
    %jmp/1 T_7.8, 6;
    %dup/vec4;
    %pushi/vec4 9, 0, 8;
    %cmp/u;
    %jmp/1 T_7.9, 6;
    %dup/vec4;
    %pushi/vec4 10, 0, 8;
    %cmp/u;
    %jmp/1 T_7.10, 6;
    %dup/vec4;
    %pushi/vec4 11, 0, 8;
    %cmp/u;
    %jmp/1 T_7.11, 6;
    %dup/vec4;
    %pushi/vec4 12, 0, 8;
    %cmp/u;
    %jmp/1 T_7.12, 6;
    %dup/vec4;
    %pushi/vec4 13, 0, 8;
    %cmp/u;
    %jmp/1 T_7.13, 6;
    %dup/vec4;
    %pushi/vec4 14, 0, 8;
    %cmp/u;
    %jmp/1 T_7.14, 6;
    %dup/vec4;
    %pushi/vec4 15, 0, 8;
    %cmp/u;
    %jmp/1 T_7.15, 6;
    %dup/vec4;
    %pushi/vec4 16, 0, 8;
    %cmp/u;
    %jmp/1 T_7.16, 6;
    %dup/vec4;
    %pushi/vec4 17, 0, 8;
    %cmp/u;
    %jmp/1 T_7.17, 6;
    %dup/vec4;
    %pushi/vec4 18, 0, 8;
    %cmp/u;
    %jmp/1 T_7.18, 6;
    %dup/vec4;
    %pushi/vec4 19, 0, 8;
    %cmp/u;
    %jmp/1 T_7.19, 6;
    %dup/vec4;
    %pushi/vec4 20, 0, 8;
    %cmp/u;
    %jmp/1 T_7.20, 6;
    %dup/vec4;
    %pushi/vec4 21, 0, 8;
    %cmp/u;
    %jmp/1 T_7.21, 6;
    %dup/vec4;
    %pushi/vec4 22, 0, 8;
    %cmp/u;
    %jmp/1 T_7.22, 6;
    %dup/vec4;
    %pushi/vec4 23, 0, 8;
    %cmp/u;
    %jmp/1 T_7.23, 6;
    %dup/vec4;
    %pushi/vec4 24, 0, 8;
    %cmp/u;
    %jmp/1 T_7.24, 6;
    %dup/vec4;
    %pushi/vec4 25, 0, 8;
    %cmp/u;
    %jmp/1 T_7.25, 6;
    %dup/vec4;
    %pushi/vec4 26, 0, 8;
    %cmp/u;
    %jmp/1 T_7.26, 6;
    %dup/vec4;
    %pushi/vec4 27, 0, 8;
    %cmp/u;
    %jmp/1 T_7.27, 6;
    %dup/vec4;
    %pushi/vec4 28, 0, 8;
    %cmp/u;
    %jmp/1 T_7.28, 6;
    %dup/vec4;
    %pushi/vec4 29, 0, 8;
    %cmp/u;
    %jmp/1 T_7.29, 6;
    %dup/vec4;
    %pushi/vec4 30, 0, 8;
    %cmp/u;
    %jmp/1 T_7.30, 6;
    %dup/vec4;
    %pushi/vec4 31, 0, 8;
    %cmp/u;
    %jmp/1 T_7.31, 6;
    %dup/vec4;
    %pushi/vec4 32, 0, 8;
    %cmp/u;
    %jmp/1 T_7.32, 6;
    %dup/vec4;
    %pushi/vec4 33, 0, 8;
    %cmp/u;
    %jmp/1 T_7.33, 6;
    %dup/vec4;
    %pushi/vec4 34, 0, 8;
    %cmp/u;
    %jmp/1 T_7.34, 6;
    %dup/vec4;
    %pushi/vec4 35, 0, 8;
    %cmp/u;
    %jmp/1 T_7.35, 6;
    %dup/vec4;
    %pushi/vec4 36, 0, 8;
    %cmp/u;
    %jmp/1 T_7.36, 6;
    %dup/vec4;
    %pushi/vec4 37, 0, 8;
    %cmp/u;
    %jmp/1 T_7.37, 6;
    %dup/vec4;
    %pushi/vec4 38, 0, 8;
    %cmp/u;
    %jmp/1 T_7.38, 6;
    %dup/vec4;
    %pushi/vec4 39, 0, 8;
    %cmp/u;
    %jmp/1 T_7.39, 6;
    %dup/vec4;
    %pushi/vec4 40, 0, 8;
    %cmp/u;
    %jmp/1 T_7.40, 6;
    %dup/vec4;
    %pushi/vec4 41, 0, 8;
    %cmp/u;
    %jmp/1 T_7.41, 6;
    %dup/vec4;
    %pushi/vec4 42, 0, 8;
    %cmp/u;
    %jmp/1 T_7.42, 6;
    %dup/vec4;
    %pushi/vec4 43, 0, 8;
    %cmp/u;
    %jmp/1 T_7.43, 6;
    %dup/vec4;
    %pushi/vec4 44, 0, 8;
    %cmp/u;
    %jmp/1 T_7.44, 6;
    %dup/vec4;
    %pushi/vec4 45, 0, 8;
    %cmp/u;
    %jmp/1 T_7.45, 6;
    %dup/vec4;
    %pushi/vec4 46, 0, 8;
    %cmp/u;
    %jmp/1 T_7.46, 6;
    %dup/vec4;
    %pushi/vec4 47, 0, 8;
    %cmp/u;
    %jmp/1 T_7.47, 6;
    %dup/vec4;
    %pushi/vec4 48, 0, 8;
    %cmp/u;
    %jmp/1 T_7.48, 6;
    %dup/vec4;
    %pushi/vec4 49, 0, 8;
    %cmp/u;
    %jmp/1 T_7.49, 6;
    %dup/vec4;
    %pushi/vec4 50, 0, 8;
    %cmp/u;
    %jmp/1 T_7.50, 6;
    %dup/vec4;
    %pushi/vec4 51, 0, 8;
    %cmp/u;
    %jmp/1 T_7.51, 6;
    %dup/vec4;
    %pushi/vec4 52, 0, 8;
    %cmp/u;
    %jmp/1 T_7.52, 6;
    %dup/vec4;
    %pushi/vec4 53, 0, 8;
    %cmp/u;
    %jmp/1 T_7.53, 6;
    %dup/vec4;
    %pushi/vec4 54, 0, 8;
    %cmp/u;
    %jmp/1 T_7.54, 6;
    %dup/vec4;
    %pushi/vec4 55, 0, 8;
    %cmp/u;
    %jmp/1 T_7.55, 6;
    %dup/vec4;
    %pushi/vec4 56, 0, 8;
    %cmp/u;
    %jmp/1 T_7.56, 6;
    %dup/vec4;
    %pushi/vec4 57, 0, 8;
    %cmp/u;
    %jmp/1 T_7.57, 6;
    %dup/vec4;
    %pushi/vec4 58, 0, 8;
    %cmp/u;
    %jmp/1 T_7.58, 6;
    %dup/vec4;
    %pushi/vec4 59, 0, 8;
    %cmp/u;
    %jmp/1 T_7.59, 6;
    %dup/vec4;
    %pushi/vec4 60, 0, 8;
    %cmp/u;
    %jmp/1 T_7.60, 6;
    %dup/vec4;
    %pushi/vec4 61, 0, 8;
    %cmp/u;
    %jmp/1 T_7.61, 6;
    %dup/vec4;
    %pushi/vec4 62, 0, 8;
    %cmp/u;
    %jmp/1 T_7.62, 6;
    %dup/vec4;
    %pushi/vec4 63, 0, 8;
    %cmp/u;
    %jmp/1 T_7.63, 6;
    %dup/vec4;
    %pushi/vec4 64, 0, 8;
    %cmp/u;
    %jmp/1 T_7.64, 6;
    %dup/vec4;
    %pushi/vec4 65, 0, 8;
    %cmp/u;
    %jmp/1 T_7.65, 6;
    %dup/vec4;
    %pushi/vec4 66, 0, 8;
    %cmp/u;
    %jmp/1 T_7.66, 6;
    %dup/vec4;
    %pushi/vec4 67, 0, 8;
    %cmp/u;
    %jmp/1 T_7.67, 6;
    %dup/vec4;
    %pushi/vec4 68, 0, 8;
    %cmp/u;
    %jmp/1 T_7.68, 6;
    %dup/vec4;
    %pushi/vec4 69, 0, 8;
    %cmp/u;
    %jmp/1 T_7.69, 6;
    %dup/vec4;
    %pushi/vec4 70, 0, 8;
    %cmp/u;
    %jmp/1 T_7.70, 6;
    %dup/vec4;
    %pushi/vec4 71, 0, 8;
    %cmp/u;
    %jmp/1 T_7.71, 6;
    %dup/vec4;
    %pushi/vec4 72, 0, 8;
    %cmp/u;
    %jmp/1 T_7.72, 6;
    %dup/vec4;
    %pushi/vec4 73, 0, 8;
    %cmp/u;
    %jmp/1 T_7.73, 6;
    %dup/vec4;
    %pushi/vec4 74, 0, 8;
    %cmp/u;
    %jmp/1 T_7.74, 6;
    %dup/vec4;
    %pushi/vec4 75, 0, 8;
    %cmp/u;
    %jmp/1 T_7.75, 6;
    %dup/vec4;
    %pushi/vec4 76, 0, 8;
    %cmp/u;
    %jmp/1 T_7.76, 6;
    %dup/vec4;
    %pushi/vec4 77, 0, 8;
    %cmp/u;
    %jmp/1 T_7.77, 6;
    %dup/vec4;
    %pushi/vec4 78, 0, 8;
    %cmp/u;
    %jmp/1 T_7.78, 6;
    %dup/vec4;
    %pushi/vec4 79, 0, 8;
    %cmp/u;
    %jmp/1 T_7.79, 6;
    %dup/vec4;
    %pushi/vec4 80, 0, 8;
    %cmp/u;
    %jmp/1 T_7.80, 6;
    %dup/vec4;
    %pushi/vec4 81, 0, 8;
    %cmp/u;
    %jmp/1 T_7.81, 6;
    %dup/vec4;
    %pushi/vec4 82, 0, 8;
    %cmp/u;
    %jmp/1 T_7.82, 6;
    %dup/vec4;
    %pushi/vec4 83, 0, 8;
    %cmp/u;
    %jmp/1 T_7.83, 6;
    %dup/vec4;
    %pushi/vec4 84, 0, 8;
    %cmp/u;
    %jmp/1 T_7.84, 6;
    %dup/vec4;
    %pushi/vec4 85, 0, 8;
    %cmp/u;
    %jmp/1 T_7.85, 6;
    %dup/vec4;
    %pushi/vec4 86, 0, 8;
    %cmp/u;
    %jmp/1 T_7.86, 6;
    %dup/vec4;
    %pushi/vec4 87, 0, 8;
    %cmp/u;
    %jmp/1 T_7.87, 6;
    %dup/vec4;
    %pushi/vec4 88, 0, 8;
    %cmp/u;
    %jmp/1 T_7.88, 6;
    %dup/vec4;
    %pushi/vec4 89, 0, 8;
    %cmp/u;
    %jmp/1 T_7.89, 6;
    %dup/vec4;
    %pushi/vec4 90, 0, 8;
    %cmp/u;
    %jmp/1 T_7.90, 6;
    %dup/vec4;
    %pushi/vec4 91, 0, 8;
    %cmp/u;
    %jmp/1 T_7.91, 6;
    %dup/vec4;
    %pushi/vec4 92, 0, 8;
    %cmp/u;
    %jmp/1 T_7.92, 6;
    %dup/vec4;
    %pushi/vec4 93, 0, 8;
    %cmp/u;
    %jmp/1 T_7.93, 6;
    %dup/vec4;
    %pushi/vec4 94, 0, 8;
    %cmp/u;
    %jmp/1 T_7.94, 6;
    %dup/vec4;
    %pushi/vec4 95, 0, 8;
    %cmp/u;
    %jmp/1 T_7.95, 6;
    %dup/vec4;
    %pushi/vec4 96, 0, 8;
    %cmp/u;
    %jmp/1 T_7.96, 6;
    %dup/vec4;
    %pushi/vec4 97, 0, 8;
    %cmp/u;
    %jmp/1 T_7.97, 6;
    %dup/vec4;
    %pushi/vec4 98, 0, 8;
    %cmp/u;
    %jmp/1 T_7.98, 6;
    %dup/vec4;
    %pushi/vec4 99, 0, 8;
    %cmp/u;
    %jmp/1 T_7.99, 6;
    %dup/vec4;
    %pushi/vec4 100, 0, 8;
    %cmp/u;
    %jmp/1 T_7.100, 6;
    %dup/vec4;
    %pushi/vec4 101, 0, 8;
    %cmp/u;
    %jmp/1 T_7.101, 6;
    %dup/vec4;
    %pushi/vec4 102, 0, 8;
    %cmp/u;
    %jmp/1 T_7.102, 6;
    %dup/vec4;
    %pushi/vec4 103, 0, 8;
    %cmp/u;
    %jmp/1 T_7.103, 6;
    %dup/vec4;
    %pushi/vec4 104, 0, 8;
    %cmp/u;
    %jmp/1 T_7.104, 6;
    %dup/vec4;
    %pushi/vec4 105, 0, 8;
    %cmp/u;
    %jmp/1 T_7.105, 6;
    %dup/vec4;
    %pushi/vec4 106, 0, 8;
    %cmp/u;
    %jmp/1 T_7.106, 6;
    %dup/vec4;
    %pushi/vec4 107, 0, 8;
    %cmp/u;
    %jmp/1 T_7.107, 6;
    %dup/vec4;
    %pushi/vec4 108, 0, 8;
    %cmp/u;
    %jmp/1 T_7.108, 6;
    %dup/vec4;
    %pushi/vec4 109, 0, 8;
    %cmp/u;
    %jmp/1 T_7.109, 6;
    %dup/vec4;
    %pushi/vec4 110, 0, 8;
    %cmp/u;
    %jmp/1 T_7.110, 6;
    %dup/vec4;
    %pushi/vec4 111, 0, 8;
    %cmp/u;
    %jmp/1 T_7.111, 6;
    %dup/vec4;
    %pushi/vec4 112, 0, 8;
    %cmp/u;
    %jmp/1 T_7.112, 6;
    %dup/vec4;
    %pushi/vec4 113, 0, 8;
    %cmp/u;
    %jmp/1 T_7.113, 6;
    %dup/vec4;
    %pushi/vec4 114, 0, 8;
    %cmp/u;
    %jmp/1 T_7.114, 6;
    %dup/vec4;
    %pushi/vec4 115, 0, 8;
    %cmp/u;
    %jmp/1 T_7.115, 6;
    %dup/vec4;
    %pushi/vec4 116, 0, 8;
    %cmp/u;
    %jmp/1 T_7.116, 6;
    %dup/vec4;
    %pushi/vec4 117, 0, 8;
    %cmp/u;
    %jmp/1 T_7.117, 6;
    %dup/vec4;
    %pushi/vec4 118, 0, 8;
    %cmp/u;
    %jmp/1 T_7.118, 6;
    %dup/vec4;
    %pushi/vec4 119, 0, 8;
    %cmp/u;
    %jmp/1 T_7.119, 6;
    %dup/vec4;
    %pushi/vec4 120, 0, 8;
    %cmp/u;
    %jmp/1 T_7.120, 6;
    %dup/vec4;
    %pushi/vec4 121, 0, 8;
    %cmp/u;
    %jmp/1 T_7.121, 6;
    %dup/vec4;
    %pushi/vec4 122, 0, 8;
    %cmp/u;
    %jmp/1 T_7.122, 6;
    %dup/vec4;
    %pushi/vec4 123, 0, 8;
    %cmp/u;
    %jmp/1 T_7.123, 6;
    %dup/vec4;
    %pushi/vec4 124, 0, 8;
    %cmp/u;
    %jmp/1 T_7.124, 6;
    %dup/vec4;
    %pushi/vec4 125, 0, 8;
    %cmp/u;
    %jmp/1 T_7.125, 6;
    %dup/vec4;
    %pushi/vec4 126, 0, 8;
    %cmp/u;
    %jmp/1 T_7.126, 6;
    %dup/vec4;
    %pushi/vec4 127, 0, 8;
    %cmp/u;
    %jmp/1 T_7.127, 6;
    %dup/vec4;
    %pushi/vec4 128, 0, 8;
    %cmp/u;
    %jmp/1 T_7.128, 6;
    %dup/vec4;
    %pushi/vec4 129, 0, 8;
    %cmp/u;
    %jmp/1 T_7.129, 6;
    %dup/vec4;
    %pushi/vec4 130, 0, 8;
    %cmp/u;
    %jmp/1 T_7.130, 6;
    %dup/vec4;
    %pushi/vec4 131, 0, 8;
    %cmp/u;
    %jmp/1 T_7.131, 6;
    %dup/vec4;
    %pushi/vec4 132, 0, 8;
    %cmp/u;
    %jmp/1 T_7.132, 6;
    %dup/vec4;
    %pushi/vec4 133, 0, 8;
    %cmp/u;
    %jmp/1 T_7.133, 6;
    %dup/vec4;
    %pushi/vec4 134, 0, 8;
    %cmp/u;
    %jmp/1 T_7.134, 6;
    %dup/vec4;
    %pushi/vec4 135, 0, 8;
    %cmp/u;
    %jmp/1 T_7.135, 6;
    %dup/vec4;
    %pushi/vec4 136, 0, 8;
    %cmp/u;
    %jmp/1 T_7.136, 6;
    %dup/vec4;
    %pushi/vec4 137, 0, 8;
    %cmp/u;
    %jmp/1 T_7.137, 6;
    %dup/vec4;
    %pushi/vec4 138, 0, 8;
    %cmp/u;
    %jmp/1 T_7.138, 6;
    %dup/vec4;
    %pushi/vec4 139, 0, 8;
    %cmp/u;
    %jmp/1 T_7.139, 6;
    %dup/vec4;
    %pushi/vec4 140, 0, 8;
    %cmp/u;
    %jmp/1 T_7.140, 6;
    %dup/vec4;
    %pushi/vec4 141, 0, 8;
    %cmp/u;
    %jmp/1 T_7.141, 6;
    %dup/vec4;
    %pushi/vec4 142, 0, 8;
    %cmp/u;
    %jmp/1 T_7.142, 6;
    %dup/vec4;
    %pushi/vec4 143, 0, 8;
    %cmp/u;
    %jmp/1 T_7.143, 6;
    %dup/vec4;
    %pushi/vec4 144, 0, 8;
    %cmp/u;
    %jmp/1 T_7.144, 6;
    %dup/vec4;
    %pushi/vec4 145, 0, 8;
    %cmp/u;
    %jmp/1 T_7.145, 6;
    %dup/vec4;
    %pushi/vec4 146, 0, 8;
    %cmp/u;
    %jmp/1 T_7.146, 6;
    %dup/vec4;
    %pushi/vec4 147, 0, 8;
    %cmp/u;
    %jmp/1 T_7.147, 6;
    %dup/vec4;
    %pushi/vec4 148, 0, 8;
    %cmp/u;
    %jmp/1 T_7.148, 6;
    %dup/vec4;
    %pushi/vec4 149, 0, 8;
    %cmp/u;
    %jmp/1 T_7.149, 6;
    %dup/vec4;
    %pushi/vec4 150, 0, 8;
    %cmp/u;
    %jmp/1 T_7.150, 6;
    %dup/vec4;
    %pushi/vec4 151, 0, 8;
    %cmp/u;
    %jmp/1 T_7.151, 6;
    %dup/vec4;
    %pushi/vec4 152, 0, 8;
    %cmp/u;
    %jmp/1 T_7.152, 6;
    %dup/vec4;
    %pushi/vec4 153, 0, 8;
    %cmp/u;
    %jmp/1 T_7.153, 6;
    %dup/vec4;
    %pushi/vec4 154, 0, 8;
    %cmp/u;
    %jmp/1 T_7.154, 6;
    %dup/vec4;
    %pushi/vec4 155, 0, 8;
    %cmp/u;
    %jmp/1 T_7.155, 6;
    %dup/vec4;
    %pushi/vec4 156, 0, 8;
    %cmp/u;
    %jmp/1 T_7.156, 6;
    %dup/vec4;
    %pushi/vec4 157, 0, 8;
    %cmp/u;
    %jmp/1 T_7.157, 6;
    %dup/vec4;
    %pushi/vec4 158, 0, 8;
    %cmp/u;
    %jmp/1 T_7.158, 6;
    %dup/vec4;
    %pushi/vec4 159, 0, 8;
    %cmp/u;
    %jmp/1 T_7.159, 6;
    %dup/vec4;
    %pushi/vec4 160, 0, 8;
    %cmp/u;
    %jmp/1 T_7.160, 6;
    %dup/vec4;
    %pushi/vec4 161, 0, 8;
    %cmp/u;
    %jmp/1 T_7.161, 6;
    %dup/vec4;
    %pushi/vec4 162, 0, 8;
    %cmp/u;
    %jmp/1 T_7.162, 6;
    %dup/vec4;
    %pushi/vec4 163, 0, 8;
    %cmp/u;
    %jmp/1 T_7.163, 6;
    %dup/vec4;
    %pushi/vec4 164, 0, 8;
    %cmp/u;
    %jmp/1 T_7.164, 6;
    %dup/vec4;
    %pushi/vec4 165, 0, 8;
    %cmp/u;
    %jmp/1 T_7.165, 6;
    %dup/vec4;
    %pushi/vec4 166, 0, 8;
    %cmp/u;
    %jmp/1 T_7.166, 6;
    %dup/vec4;
    %pushi/vec4 167, 0, 8;
    %cmp/u;
    %jmp/1 T_7.167, 6;
    %dup/vec4;
    %pushi/vec4 168, 0, 8;
    %cmp/u;
    %jmp/1 T_7.168, 6;
    %dup/vec4;
    %pushi/vec4 169, 0, 8;
    %cmp/u;
    %jmp/1 T_7.169, 6;
    %dup/vec4;
    %pushi/vec4 170, 0, 8;
    %cmp/u;
    %jmp/1 T_7.170, 6;
    %dup/vec4;
    %pushi/vec4 171, 0, 8;
    %cmp/u;
    %jmp/1 T_7.171, 6;
    %dup/vec4;
    %pushi/vec4 172, 0, 8;
    %cmp/u;
    %jmp/1 T_7.172, 6;
    %dup/vec4;
    %pushi/vec4 173, 0, 8;
    %cmp/u;
    %jmp/1 T_7.173, 6;
    %dup/vec4;
    %pushi/vec4 174, 0, 8;
    %cmp/u;
    %jmp/1 T_7.174, 6;
    %dup/vec4;
    %pushi/vec4 175, 0, 8;
    %cmp/u;
    %jmp/1 T_7.175, 6;
    %dup/vec4;
    %pushi/vec4 176, 0, 8;
    %cmp/u;
    %jmp/1 T_7.176, 6;
    %dup/vec4;
    %pushi/vec4 177, 0, 8;
    %cmp/u;
    %jmp/1 T_7.177, 6;
    %dup/vec4;
    %pushi/vec4 178, 0, 8;
    %cmp/u;
    %jmp/1 T_7.178, 6;
    %dup/vec4;
    %pushi/vec4 179, 0, 8;
    %cmp/u;
    %jmp/1 T_7.179, 6;
    %dup/vec4;
    %pushi/vec4 180, 0, 8;
    %cmp/u;
    %jmp/1 T_7.180, 6;
    %dup/vec4;
    %pushi/vec4 181, 0, 8;
    %cmp/u;
    %jmp/1 T_7.181, 6;
    %dup/vec4;
    %pushi/vec4 182, 0, 8;
    %cmp/u;
    %jmp/1 T_7.182, 6;
    %dup/vec4;
    %pushi/vec4 183, 0, 8;
    %cmp/u;
    %jmp/1 T_7.183, 6;
    %dup/vec4;
    %pushi/vec4 184, 0, 8;
    %cmp/u;
    %jmp/1 T_7.184, 6;
    %dup/vec4;
    %pushi/vec4 185, 0, 8;
    %cmp/u;
    %jmp/1 T_7.185, 6;
    %dup/vec4;
    %pushi/vec4 186, 0, 8;
    %cmp/u;
    %jmp/1 T_7.186, 6;
    %dup/vec4;
    %pushi/vec4 187, 0, 8;
    %cmp/u;
    %jmp/1 T_7.187, 6;
    %dup/vec4;
    %pushi/vec4 188, 0, 8;
    %cmp/u;
    %jmp/1 T_7.188, 6;
    %dup/vec4;
    %pushi/vec4 189, 0, 8;
    %cmp/u;
    %jmp/1 T_7.189, 6;
    %dup/vec4;
    %pushi/vec4 190, 0, 8;
    %cmp/u;
    %jmp/1 T_7.190, 6;
    %dup/vec4;
    %pushi/vec4 191, 0, 8;
    %cmp/u;
    %jmp/1 T_7.191, 6;
    %dup/vec4;
    %pushi/vec4 192, 0, 8;
    %cmp/u;
    %jmp/1 T_7.192, 6;
    %dup/vec4;
    %pushi/vec4 193, 0, 8;
    %cmp/u;
    %jmp/1 T_7.193, 6;
    %dup/vec4;
    %pushi/vec4 194, 0, 8;
    %cmp/u;
    %jmp/1 T_7.194, 6;
    %dup/vec4;
    %pushi/vec4 195, 0, 8;
    %cmp/u;
    %jmp/1 T_7.195, 6;
    %dup/vec4;
    %pushi/vec4 196, 0, 8;
    %cmp/u;
    %jmp/1 T_7.196, 6;
    %dup/vec4;
    %pushi/vec4 197, 0, 8;
    %cmp/u;
    %jmp/1 T_7.197, 6;
    %dup/vec4;
    %pushi/vec4 198, 0, 8;
    %cmp/u;
    %jmp/1 T_7.198, 6;
    %dup/vec4;
    %pushi/vec4 199, 0, 8;
    %cmp/u;
    %jmp/1 T_7.199, 6;
    %dup/vec4;
    %pushi/vec4 200, 0, 8;
    %cmp/u;
    %jmp/1 T_7.200, 6;
    %dup/vec4;
    %pushi/vec4 201, 0, 8;
    %cmp/u;
    %jmp/1 T_7.201, 6;
    %dup/vec4;
    %pushi/vec4 202, 0, 8;
    %cmp/u;
    %jmp/1 T_7.202, 6;
    %dup/vec4;
    %pushi/vec4 203, 0, 8;
    %cmp/u;
    %jmp/1 T_7.203, 6;
    %dup/vec4;
    %pushi/vec4 204, 0, 8;
    %cmp/u;
    %jmp/1 T_7.204, 6;
    %dup/vec4;
    %pushi/vec4 205, 0, 8;
    %cmp/u;
    %jmp/1 T_7.205, 6;
    %dup/vec4;
    %pushi/vec4 206, 0, 8;
    %cmp/u;
    %jmp/1 T_7.206, 6;
    %dup/vec4;
    %pushi/vec4 207, 0, 8;
    %cmp/u;
    %jmp/1 T_7.207, 6;
    %dup/vec4;
    %pushi/vec4 208, 0, 8;
    %cmp/u;
    %jmp/1 T_7.208, 6;
    %dup/vec4;
    %pushi/vec4 209, 0, 8;
    %cmp/u;
    %jmp/1 T_7.209, 6;
    %dup/vec4;
    %pushi/vec4 210, 0, 8;
    %cmp/u;
    %jmp/1 T_7.210, 6;
    %dup/vec4;
    %pushi/vec4 211, 0, 8;
    %cmp/u;
    %jmp/1 T_7.211, 6;
    %dup/vec4;
    %pushi/vec4 212, 0, 8;
    %cmp/u;
    %jmp/1 T_7.212, 6;
    %dup/vec4;
    %pushi/vec4 213, 0, 8;
    %cmp/u;
    %jmp/1 T_7.213, 6;
    %dup/vec4;
    %pushi/vec4 214, 0, 8;
    %cmp/u;
    %jmp/1 T_7.214, 6;
    %dup/vec4;
    %pushi/vec4 215, 0, 8;
    %cmp/u;
    %jmp/1 T_7.215, 6;
    %dup/vec4;
    %pushi/vec4 216, 0, 8;
    %cmp/u;
    %jmp/1 T_7.216, 6;
    %dup/vec4;
    %pushi/vec4 217, 0, 8;
    %cmp/u;
    %jmp/1 T_7.217, 6;
    %dup/vec4;
    %pushi/vec4 218, 0, 8;
    %cmp/u;
    %jmp/1 T_7.218, 6;
    %dup/vec4;
    %pushi/vec4 219, 0, 8;
    %cmp/u;
    %jmp/1 T_7.219, 6;
    %dup/vec4;
    %pushi/vec4 220, 0, 8;
    %cmp/u;
    %jmp/1 T_7.220, 6;
    %dup/vec4;
    %pushi/vec4 221, 0, 8;
    %cmp/u;
    %jmp/1 T_7.221, 6;
    %dup/vec4;
    %pushi/vec4 222, 0, 8;
    %cmp/u;
    %jmp/1 T_7.222, 6;
    %dup/vec4;
    %pushi/vec4 223, 0, 8;
    %cmp/u;
    %jmp/1 T_7.223, 6;
    %dup/vec4;
    %pushi/vec4 224, 0, 8;
    %cmp/u;
    %jmp/1 T_7.224, 6;
    %dup/vec4;
    %pushi/vec4 225, 0, 8;
    %cmp/u;
    %jmp/1 T_7.225, 6;
    %dup/vec4;
    %pushi/vec4 226, 0, 8;
    %cmp/u;
    %jmp/1 T_7.226, 6;
    %dup/vec4;
    %pushi/vec4 227, 0, 8;
    %cmp/u;
    %jmp/1 T_7.227, 6;
    %dup/vec4;
    %pushi/vec4 228, 0, 8;
    %cmp/u;
    %jmp/1 T_7.228, 6;
    %dup/vec4;
    %pushi/vec4 229, 0, 8;
    %cmp/u;
    %jmp/1 T_7.229, 6;
    %dup/vec4;
    %pushi/vec4 230, 0, 8;
    %cmp/u;
    %jmp/1 T_7.230, 6;
    %dup/vec4;
    %pushi/vec4 231, 0, 8;
    %cmp/u;
    %jmp/1 T_7.231, 6;
    %dup/vec4;
    %pushi/vec4 232, 0, 8;
    %cmp/u;
    %jmp/1 T_7.232, 6;
    %dup/vec4;
    %pushi/vec4 233, 0, 8;
    %cmp/u;
    %jmp/1 T_7.233, 6;
    %dup/vec4;
    %pushi/vec4 234, 0, 8;
    %cmp/u;
    %jmp/1 T_7.234, 6;
    %dup/vec4;
    %pushi/vec4 235, 0, 8;
    %cmp/u;
    %jmp/1 T_7.235, 6;
    %dup/vec4;
    %pushi/vec4 236, 0, 8;
    %cmp/u;
    %jmp/1 T_7.236, 6;
    %dup/vec4;
    %pushi/vec4 237, 0, 8;
    %cmp/u;
    %jmp/1 T_7.237, 6;
    %dup/vec4;
    %pushi/vec4 238, 0, 8;
    %cmp/u;
    %jmp/1 T_7.238, 6;
    %dup/vec4;
    %pushi/vec4 239, 0, 8;
    %cmp/u;
    %jmp/1 T_7.239, 6;
    %dup/vec4;
    %pushi/vec4 240, 0, 8;
    %cmp/u;
    %jmp/1 T_7.240, 6;
    %dup/vec4;
    %pushi/vec4 241, 0, 8;
    %cmp/u;
    %jmp/1 T_7.241, 6;
    %dup/vec4;
    %pushi/vec4 242, 0, 8;
    %cmp/u;
    %jmp/1 T_7.242, 6;
    %dup/vec4;
    %pushi/vec4 243, 0, 8;
    %cmp/u;
    %jmp/1 T_7.243, 6;
    %dup/vec4;
    %pushi/vec4 244, 0, 8;
    %cmp/u;
    %jmp/1 T_7.244, 6;
    %dup/vec4;
    %pushi/vec4 245, 0, 8;
    %cmp/u;
    %jmp/1 T_7.245, 6;
    %dup/vec4;
    %pushi/vec4 246, 0, 8;
    %cmp/u;
    %jmp/1 T_7.246, 6;
    %dup/vec4;
    %pushi/vec4 247, 0, 8;
    %cmp/u;
    %jmp/1 T_7.247, 6;
    %dup/vec4;
    %pushi/vec4 248, 0, 8;
    %cmp/u;
    %jmp/1 T_7.248, 6;
    %dup/vec4;
    %pushi/vec4 249, 0, 8;
    %cmp/u;
    %jmp/1 T_7.249, 6;
    %dup/vec4;
    %pushi/vec4 250, 0, 8;
    %cmp/u;
    %jmp/1 T_7.250, 6;
    %dup/vec4;
    %pushi/vec4 251, 0, 8;
    %cmp/u;
    %jmp/1 T_7.251, 6;
    %dup/vec4;
    %pushi/vec4 252, 0, 8;
    %cmp/u;
    %jmp/1 T_7.252, 6;
    %dup/vec4;
    %pushi/vec4 253, 0, 8;
    %cmp/u;
    %jmp/1 T_7.253, 6;
    %dup/vec4;
    %pushi/vec4 254, 0, 8;
    %cmp/u;
    %jmp/1 T_7.254, 6;
    %dup/vec4;
    %pushi/vec4 255, 0, 8;
    %cmp/u;
    %jmp/1 T_7.255, 6;
    %jmp T_7.256;
T_7.0 ;
    %pushi/vec4 99, 0, 8;
    %store/vec4 v000001f3eeb38e30_0, 0, 8;
    %jmp T_7.256;
T_7.1 ;
    %pushi/vec4 124, 0, 8;
    %store/vec4 v000001f3eeb38e30_0, 0, 8;
    %jmp T_7.256;
T_7.2 ;
    %pushi/vec4 119, 0, 8;
    %store/vec4 v000001f3eeb38e30_0, 0, 8;
    %jmp T_7.256;
T_7.3 ;
    %pushi/vec4 123, 0, 8;
    %store/vec4 v000001f3eeb38e30_0, 0, 8;
    %jmp T_7.256;
T_7.4 ;
    %pushi/vec4 242, 0, 8;
    %store/vec4 v000001f3eeb38e30_0, 0, 8;
    %jmp T_7.256;
T_7.5 ;
    %pushi/vec4 107, 0, 8;
    %store/vec4 v000001f3eeb38e30_0, 0, 8;
    %jmp T_7.256;
T_7.6 ;
    %pushi/vec4 111, 0, 8;
    %store/vec4 v000001f3eeb38e30_0, 0, 8;
    %jmp T_7.256;
T_7.7 ;
    %pushi/vec4 197, 0, 8;
    %store/vec4 v000001f3eeb38e30_0, 0, 8;
    %jmp T_7.256;
T_7.8 ;
    %pushi/vec4 48, 0, 8;
    %store/vec4 v000001f3eeb38e30_0, 0, 8;
    %jmp T_7.256;
T_7.9 ;
    %pushi/vec4 1, 0, 8;
    %store/vec4 v000001f3eeb38e30_0, 0, 8;
    %jmp T_7.256;
T_7.10 ;
    %pushi/vec4 103, 0, 8;
    %store/vec4 v000001f3eeb38e30_0, 0, 8;
    %jmp T_7.256;
T_7.11 ;
    %pushi/vec4 43, 0, 8;
    %store/vec4 v000001f3eeb38e30_0, 0, 8;
    %jmp T_7.256;
T_7.12 ;
    %pushi/vec4 254, 0, 8;
    %store/vec4 v000001f3eeb38e30_0, 0, 8;
    %jmp T_7.256;
T_7.13 ;
    %pushi/vec4 215, 0, 8;
    %store/vec4 v000001f3eeb38e30_0, 0, 8;
    %jmp T_7.256;
T_7.14 ;
    %pushi/vec4 171, 0, 8;
    %store/vec4 v000001f3eeb38e30_0, 0, 8;
    %jmp T_7.256;
T_7.15 ;
    %pushi/vec4 118, 0, 8;
    %store/vec4 v000001f3eeb38e30_0, 0, 8;
    %jmp T_7.256;
T_7.16 ;
    %pushi/vec4 202, 0, 8;
    %store/vec4 v000001f3eeb38e30_0, 0, 8;
    %jmp T_7.256;
T_7.17 ;
    %pushi/vec4 130, 0, 8;
    %store/vec4 v000001f3eeb38e30_0, 0, 8;
    %jmp T_7.256;
T_7.18 ;
    %pushi/vec4 201, 0, 8;
    %store/vec4 v000001f3eeb38e30_0, 0, 8;
    %jmp T_7.256;
T_7.19 ;
    %pushi/vec4 125, 0, 8;
    %store/vec4 v000001f3eeb38e30_0, 0, 8;
    %jmp T_7.256;
T_7.20 ;
    %pushi/vec4 250, 0, 8;
    %store/vec4 v000001f3eeb38e30_0, 0, 8;
    %jmp T_7.256;
T_7.21 ;
    %pushi/vec4 89, 0, 8;
    %store/vec4 v000001f3eeb38e30_0, 0, 8;
    %jmp T_7.256;
T_7.22 ;
    %pushi/vec4 71, 0, 8;
    %store/vec4 v000001f3eeb38e30_0, 0, 8;
    %jmp T_7.256;
T_7.23 ;
    %pushi/vec4 240, 0, 8;
    %store/vec4 v000001f3eeb38e30_0, 0, 8;
    %jmp T_7.256;
T_7.24 ;
    %pushi/vec4 173, 0, 8;
    %store/vec4 v000001f3eeb38e30_0, 0, 8;
    %jmp T_7.256;
T_7.25 ;
    %pushi/vec4 212, 0, 8;
    %store/vec4 v000001f3eeb38e30_0, 0, 8;
    %jmp T_7.256;
T_7.26 ;
    %pushi/vec4 162, 0, 8;
    %store/vec4 v000001f3eeb38e30_0, 0, 8;
    %jmp T_7.256;
T_7.27 ;
    %pushi/vec4 175, 0, 8;
    %store/vec4 v000001f3eeb38e30_0, 0, 8;
    %jmp T_7.256;
T_7.28 ;
    %pushi/vec4 156, 0, 8;
    %store/vec4 v000001f3eeb38e30_0, 0, 8;
    %jmp T_7.256;
T_7.29 ;
    %pushi/vec4 164, 0, 8;
    %store/vec4 v000001f3eeb38e30_0, 0, 8;
    %jmp T_7.256;
T_7.30 ;
    %pushi/vec4 114, 0, 8;
    %store/vec4 v000001f3eeb38e30_0, 0, 8;
    %jmp T_7.256;
T_7.31 ;
    %pushi/vec4 192, 0, 8;
    %store/vec4 v000001f3eeb38e30_0, 0, 8;
    %jmp T_7.256;
T_7.32 ;
    %pushi/vec4 183, 0, 8;
    %store/vec4 v000001f3eeb38e30_0, 0, 8;
    %jmp T_7.256;
T_7.33 ;
    %pushi/vec4 253, 0, 8;
    %store/vec4 v000001f3eeb38e30_0, 0, 8;
    %jmp T_7.256;
T_7.34 ;
    %pushi/vec4 147, 0, 8;
    %store/vec4 v000001f3eeb38e30_0, 0, 8;
    %jmp T_7.256;
T_7.35 ;
    %pushi/vec4 38, 0, 8;
    %store/vec4 v000001f3eeb38e30_0, 0, 8;
    %jmp T_7.256;
T_7.36 ;
    %pushi/vec4 54, 0, 8;
    %store/vec4 v000001f3eeb38e30_0, 0, 8;
    %jmp T_7.256;
T_7.37 ;
    %pushi/vec4 63, 0, 8;
    %store/vec4 v000001f3eeb38e30_0, 0, 8;
    %jmp T_7.256;
T_7.38 ;
    %pushi/vec4 247, 0, 8;
    %store/vec4 v000001f3eeb38e30_0, 0, 8;
    %jmp T_7.256;
T_7.39 ;
    %pushi/vec4 204, 0, 8;
    %store/vec4 v000001f3eeb38e30_0, 0, 8;
    %jmp T_7.256;
T_7.40 ;
    %pushi/vec4 52, 0, 8;
    %store/vec4 v000001f3eeb38e30_0, 0, 8;
    %jmp T_7.256;
T_7.41 ;
    %pushi/vec4 165, 0, 8;
    %store/vec4 v000001f3eeb38e30_0, 0, 8;
    %jmp T_7.256;
T_7.42 ;
    %pushi/vec4 229, 0, 8;
    %store/vec4 v000001f3eeb38e30_0, 0, 8;
    %jmp T_7.256;
T_7.43 ;
    %pushi/vec4 241, 0, 8;
    %store/vec4 v000001f3eeb38e30_0, 0, 8;
    %jmp T_7.256;
T_7.44 ;
    %pushi/vec4 113, 0, 8;
    %store/vec4 v000001f3eeb38e30_0, 0, 8;
    %jmp T_7.256;
T_7.45 ;
    %pushi/vec4 216, 0, 8;
    %store/vec4 v000001f3eeb38e30_0, 0, 8;
    %jmp T_7.256;
T_7.46 ;
    %pushi/vec4 49, 0, 8;
    %store/vec4 v000001f3eeb38e30_0, 0, 8;
    %jmp T_7.256;
T_7.47 ;
    %pushi/vec4 21, 0, 8;
    %store/vec4 v000001f3eeb38e30_0, 0, 8;
    %jmp T_7.256;
T_7.48 ;
    %pushi/vec4 4, 0, 8;
    %store/vec4 v000001f3eeb38e30_0, 0, 8;
    %jmp T_7.256;
T_7.49 ;
    %pushi/vec4 199, 0, 8;
    %store/vec4 v000001f3eeb38e30_0, 0, 8;
    %jmp T_7.256;
T_7.50 ;
    %pushi/vec4 35, 0, 8;
    %store/vec4 v000001f3eeb38e30_0, 0, 8;
    %jmp T_7.256;
T_7.51 ;
    %pushi/vec4 195, 0, 8;
    %store/vec4 v000001f3eeb38e30_0, 0, 8;
    %jmp T_7.256;
T_7.52 ;
    %pushi/vec4 24, 0, 8;
    %store/vec4 v000001f3eeb38e30_0, 0, 8;
    %jmp T_7.256;
T_7.53 ;
    %pushi/vec4 150, 0, 8;
    %store/vec4 v000001f3eeb38e30_0, 0, 8;
    %jmp T_7.256;
T_7.54 ;
    %pushi/vec4 5, 0, 8;
    %store/vec4 v000001f3eeb38e30_0, 0, 8;
    %jmp T_7.256;
T_7.55 ;
    %pushi/vec4 154, 0, 8;
    %store/vec4 v000001f3eeb38e30_0, 0, 8;
    %jmp T_7.256;
T_7.56 ;
    %pushi/vec4 7, 0, 8;
    %store/vec4 v000001f3eeb38e30_0, 0, 8;
    %jmp T_7.256;
T_7.57 ;
    %pushi/vec4 18, 0, 8;
    %store/vec4 v000001f3eeb38e30_0, 0, 8;
    %jmp T_7.256;
T_7.58 ;
    %pushi/vec4 128, 0, 8;
    %store/vec4 v000001f3eeb38e30_0, 0, 8;
    %jmp T_7.256;
T_7.59 ;
    %pushi/vec4 226, 0, 8;
    %store/vec4 v000001f3eeb38e30_0, 0, 8;
    %jmp T_7.256;
T_7.60 ;
    %pushi/vec4 235, 0, 8;
    %store/vec4 v000001f3eeb38e30_0, 0, 8;
    %jmp T_7.256;
T_7.61 ;
    %pushi/vec4 39, 0, 8;
    %store/vec4 v000001f3eeb38e30_0, 0, 8;
    %jmp T_7.256;
T_7.62 ;
    %pushi/vec4 178, 0, 8;
    %store/vec4 v000001f3eeb38e30_0, 0, 8;
    %jmp T_7.256;
T_7.63 ;
    %pushi/vec4 117, 0, 8;
    %store/vec4 v000001f3eeb38e30_0, 0, 8;
    %jmp T_7.256;
T_7.64 ;
    %pushi/vec4 9, 0, 8;
    %store/vec4 v000001f3eeb38e30_0, 0, 8;
    %jmp T_7.256;
T_7.65 ;
    %pushi/vec4 131, 0, 8;
    %store/vec4 v000001f3eeb38e30_0, 0, 8;
    %jmp T_7.256;
T_7.66 ;
    %pushi/vec4 44, 0, 8;
    %store/vec4 v000001f3eeb38e30_0, 0, 8;
    %jmp T_7.256;
T_7.67 ;
    %pushi/vec4 26, 0, 8;
    %store/vec4 v000001f3eeb38e30_0, 0, 8;
    %jmp T_7.256;
T_7.68 ;
    %pushi/vec4 27, 0, 8;
    %store/vec4 v000001f3eeb38e30_0, 0, 8;
    %jmp T_7.256;
T_7.69 ;
    %pushi/vec4 110, 0, 8;
    %store/vec4 v000001f3eeb38e30_0, 0, 8;
    %jmp T_7.256;
T_7.70 ;
    %pushi/vec4 90, 0, 8;
    %store/vec4 v000001f3eeb38e30_0, 0, 8;
    %jmp T_7.256;
T_7.71 ;
    %pushi/vec4 160, 0, 8;
    %store/vec4 v000001f3eeb38e30_0, 0, 8;
    %jmp T_7.256;
T_7.72 ;
    %pushi/vec4 82, 0, 8;
    %store/vec4 v000001f3eeb38e30_0, 0, 8;
    %jmp T_7.256;
T_7.73 ;
    %pushi/vec4 59, 0, 8;
    %store/vec4 v000001f3eeb38e30_0, 0, 8;
    %jmp T_7.256;
T_7.74 ;
    %pushi/vec4 214, 0, 8;
    %store/vec4 v000001f3eeb38e30_0, 0, 8;
    %jmp T_7.256;
T_7.75 ;
    %pushi/vec4 179, 0, 8;
    %store/vec4 v000001f3eeb38e30_0, 0, 8;
    %jmp T_7.256;
T_7.76 ;
    %pushi/vec4 41, 0, 8;
    %store/vec4 v000001f3eeb38e30_0, 0, 8;
    %jmp T_7.256;
T_7.77 ;
    %pushi/vec4 227, 0, 8;
    %store/vec4 v000001f3eeb38e30_0, 0, 8;
    %jmp T_7.256;
T_7.78 ;
    %pushi/vec4 47, 0, 8;
    %store/vec4 v000001f3eeb38e30_0, 0, 8;
    %jmp T_7.256;
T_7.79 ;
    %pushi/vec4 132, 0, 8;
    %store/vec4 v000001f3eeb38e30_0, 0, 8;
    %jmp T_7.256;
T_7.80 ;
    %pushi/vec4 83, 0, 8;
    %store/vec4 v000001f3eeb38e30_0, 0, 8;
    %jmp T_7.256;
T_7.81 ;
    %pushi/vec4 209, 0, 8;
    %store/vec4 v000001f3eeb38e30_0, 0, 8;
    %jmp T_7.256;
T_7.82 ;
    %pushi/vec4 0, 0, 8;
    %store/vec4 v000001f3eeb38e30_0, 0, 8;
    %jmp T_7.256;
T_7.83 ;
    %pushi/vec4 237, 0, 8;
    %store/vec4 v000001f3eeb38e30_0, 0, 8;
    %jmp T_7.256;
T_7.84 ;
    %pushi/vec4 32, 0, 8;
    %store/vec4 v000001f3eeb38e30_0, 0, 8;
    %jmp T_7.256;
T_7.85 ;
    %pushi/vec4 252, 0, 8;
    %store/vec4 v000001f3eeb38e30_0, 0, 8;
    %jmp T_7.256;
T_7.86 ;
    %pushi/vec4 177, 0, 8;
    %store/vec4 v000001f3eeb38e30_0, 0, 8;
    %jmp T_7.256;
T_7.87 ;
    %pushi/vec4 91, 0, 8;
    %store/vec4 v000001f3eeb38e30_0, 0, 8;
    %jmp T_7.256;
T_7.88 ;
    %pushi/vec4 106, 0, 8;
    %store/vec4 v000001f3eeb38e30_0, 0, 8;
    %jmp T_7.256;
T_7.89 ;
    %pushi/vec4 203, 0, 8;
    %store/vec4 v000001f3eeb38e30_0, 0, 8;
    %jmp T_7.256;
T_7.90 ;
    %pushi/vec4 190, 0, 8;
    %store/vec4 v000001f3eeb38e30_0, 0, 8;
    %jmp T_7.256;
T_7.91 ;
    %pushi/vec4 57, 0, 8;
    %store/vec4 v000001f3eeb38e30_0, 0, 8;
    %jmp T_7.256;
T_7.92 ;
    %pushi/vec4 74, 0, 8;
    %store/vec4 v000001f3eeb38e30_0, 0, 8;
    %jmp T_7.256;
T_7.93 ;
    %pushi/vec4 76, 0, 8;
    %store/vec4 v000001f3eeb38e30_0, 0, 8;
    %jmp T_7.256;
T_7.94 ;
    %pushi/vec4 88, 0, 8;
    %store/vec4 v000001f3eeb38e30_0, 0, 8;
    %jmp T_7.256;
T_7.95 ;
    %pushi/vec4 207, 0, 8;
    %store/vec4 v000001f3eeb38e30_0, 0, 8;
    %jmp T_7.256;
T_7.96 ;
    %pushi/vec4 208, 0, 8;
    %store/vec4 v000001f3eeb38e30_0, 0, 8;
    %jmp T_7.256;
T_7.97 ;
    %pushi/vec4 239, 0, 8;
    %store/vec4 v000001f3eeb38e30_0, 0, 8;
    %jmp T_7.256;
T_7.98 ;
    %pushi/vec4 170, 0, 8;
    %store/vec4 v000001f3eeb38e30_0, 0, 8;
    %jmp T_7.256;
T_7.99 ;
    %pushi/vec4 251, 0, 8;
    %store/vec4 v000001f3eeb38e30_0, 0, 8;
    %jmp T_7.256;
T_7.100 ;
    %pushi/vec4 67, 0, 8;
    %store/vec4 v000001f3eeb38e30_0, 0, 8;
    %jmp T_7.256;
T_7.101 ;
    %pushi/vec4 77, 0, 8;
    %store/vec4 v000001f3eeb38e30_0, 0, 8;
    %jmp T_7.256;
T_7.102 ;
    %pushi/vec4 51, 0, 8;
    %store/vec4 v000001f3eeb38e30_0, 0, 8;
    %jmp T_7.256;
T_7.103 ;
    %pushi/vec4 133, 0, 8;
    %store/vec4 v000001f3eeb38e30_0, 0, 8;
    %jmp T_7.256;
T_7.104 ;
    %pushi/vec4 69, 0, 8;
    %store/vec4 v000001f3eeb38e30_0, 0, 8;
    %jmp T_7.256;
T_7.105 ;
    %pushi/vec4 249, 0, 8;
    %store/vec4 v000001f3eeb38e30_0, 0, 8;
    %jmp T_7.256;
T_7.106 ;
    %pushi/vec4 2, 0, 8;
    %store/vec4 v000001f3eeb38e30_0, 0, 8;
    %jmp T_7.256;
T_7.107 ;
    %pushi/vec4 127, 0, 8;
    %store/vec4 v000001f3eeb38e30_0, 0, 8;
    %jmp T_7.256;
T_7.108 ;
    %pushi/vec4 80, 0, 8;
    %store/vec4 v000001f3eeb38e30_0, 0, 8;
    %jmp T_7.256;
T_7.109 ;
    %pushi/vec4 60, 0, 8;
    %store/vec4 v000001f3eeb38e30_0, 0, 8;
    %jmp T_7.256;
T_7.110 ;
    %pushi/vec4 159, 0, 8;
    %store/vec4 v000001f3eeb38e30_0, 0, 8;
    %jmp T_7.256;
T_7.111 ;
    %pushi/vec4 168, 0, 8;
    %store/vec4 v000001f3eeb38e30_0, 0, 8;
    %jmp T_7.256;
T_7.112 ;
    %pushi/vec4 81, 0, 8;
    %store/vec4 v000001f3eeb38e30_0, 0, 8;
    %jmp T_7.256;
T_7.113 ;
    %pushi/vec4 163, 0, 8;
    %store/vec4 v000001f3eeb38e30_0, 0, 8;
    %jmp T_7.256;
T_7.114 ;
    %pushi/vec4 64, 0, 8;
    %store/vec4 v000001f3eeb38e30_0, 0, 8;
    %jmp T_7.256;
T_7.115 ;
    %pushi/vec4 143, 0, 8;
    %store/vec4 v000001f3eeb38e30_0, 0, 8;
    %jmp T_7.256;
T_7.116 ;
    %pushi/vec4 146, 0, 8;
    %store/vec4 v000001f3eeb38e30_0, 0, 8;
    %jmp T_7.256;
T_7.117 ;
    %pushi/vec4 157, 0, 8;
    %store/vec4 v000001f3eeb38e30_0, 0, 8;
    %jmp T_7.256;
T_7.118 ;
    %pushi/vec4 56, 0, 8;
    %store/vec4 v000001f3eeb38e30_0, 0, 8;
    %jmp T_7.256;
T_7.119 ;
    %pushi/vec4 245, 0, 8;
    %store/vec4 v000001f3eeb38e30_0, 0, 8;
    %jmp T_7.256;
T_7.120 ;
    %pushi/vec4 188, 0, 8;
    %store/vec4 v000001f3eeb38e30_0, 0, 8;
    %jmp T_7.256;
T_7.121 ;
    %pushi/vec4 182, 0, 8;
    %store/vec4 v000001f3eeb38e30_0, 0, 8;
    %jmp T_7.256;
T_7.122 ;
    %pushi/vec4 218, 0, 8;
    %store/vec4 v000001f3eeb38e30_0, 0, 8;
    %jmp T_7.256;
T_7.123 ;
    %pushi/vec4 33, 0, 8;
    %store/vec4 v000001f3eeb38e30_0, 0, 8;
    %jmp T_7.256;
T_7.124 ;
    %pushi/vec4 16, 0, 8;
    %store/vec4 v000001f3eeb38e30_0, 0, 8;
    %jmp T_7.256;
T_7.125 ;
    %pushi/vec4 255, 0, 8;
    %store/vec4 v000001f3eeb38e30_0, 0, 8;
    %jmp T_7.256;
T_7.126 ;
    %pushi/vec4 243, 0, 8;
    %store/vec4 v000001f3eeb38e30_0, 0, 8;
    %jmp T_7.256;
T_7.127 ;
    %pushi/vec4 210, 0, 8;
    %store/vec4 v000001f3eeb38e30_0, 0, 8;
    %jmp T_7.256;
T_7.128 ;
    %pushi/vec4 205, 0, 8;
    %store/vec4 v000001f3eeb38e30_0, 0, 8;
    %jmp T_7.256;
T_7.129 ;
    %pushi/vec4 12, 0, 8;
    %store/vec4 v000001f3eeb38e30_0, 0, 8;
    %jmp T_7.256;
T_7.130 ;
    %pushi/vec4 19, 0, 8;
    %store/vec4 v000001f3eeb38e30_0, 0, 8;
    %jmp T_7.256;
T_7.131 ;
    %pushi/vec4 236, 0, 8;
    %store/vec4 v000001f3eeb38e30_0, 0, 8;
    %jmp T_7.256;
T_7.132 ;
    %pushi/vec4 95, 0, 8;
    %store/vec4 v000001f3eeb38e30_0, 0, 8;
    %jmp T_7.256;
T_7.133 ;
    %pushi/vec4 151, 0, 8;
    %store/vec4 v000001f3eeb38e30_0, 0, 8;
    %jmp T_7.256;
T_7.134 ;
    %pushi/vec4 68, 0, 8;
    %store/vec4 v000001f3eeb38e30_0, 0, 8;
    %jmp T_7.256;
T_7.135 ;
    %pushi/vec4 23, 0, 8;
    %store/vec4 v000001f3eeb38e30_0, 0, 8;
    %jmp T_7.256;
T_7.136 ;
    %pushi/vec4 196, 0, 8;
    %store/vec4 v000001f3eeb38e30_0, 0, 8;
    %jmp T_7.256;
T_7.137 ;
    %pushi/vec4 167, 0, 8;
    %store/vec4 v000001f3eeb38e30_0, 0, 8;
    %jmp T_7.256;
T_7.138 ;
    %pushi/vec4 126, 0, 8;
    %store/vec4 v000001f3eeb38e30_0, 0, 8;
    %jmp T_7.256;
T_7.139 ;
    %pushi/vec4 61, 0, 8;
    %store/vec4 v000001f3eeb38e30_0, 0, 8;
    %jmp T_7.256;
T_7.140 ;
    %pushi/vec4 100, 0, 8;
    %store/vec4 v000001f3eeb38e30_0, 0, 8;
    %jmp T_7.256;
T_7.141 ;
    %pushi/vec4 93, 0, 8;
    %store/vec4 v000001f3eeb38e30_0, 0, 8;
    %jmp T_7.256;
T_7.142 ;
    %pushi/vec4 25, 0, 8;
    %store/vec4 v000001f3eeb38e30_0, 0, 8;
    %jmp T_7.256;
T_7.143 ;
    %pushi/vec4 115, 0, 8;
    %store/vec4 v000001f3eeb38e30_0, 0, 8;
    %jmp T_7.256;
T_7.144 ;
    %pushi/vec4 96, 0, 8;
    %store/vec4 v000001f3eeb38e30_0, 0, 8;
    %jmp T_7.256;
T_7.145 ;
    %pushi/vec4 129, 0, 8;
    %store/vec4 v000001f3eeb38e30_0, 0, 8;
    %jmp T_7.256;
T_7.146 ;
    %pushi/vec4 79, 0, 8;
    %store/vec4 v000001f3eeb38e30_0, 0, 8;
    %jmp T_7.256;
T_7.147 ;
    %pushi/vec4 220, 0, 8;
    %store/vec4 v000001f3eeb38e30_0, 0, 8;
    %jmp T_7.256;
T_7.148 ;
    %pushi/vec4 34, 0, 8;
    %store/vec4 v000001f3eeb38e30_0, 0, 8;
    %jmp T_7.256;
T_7.149 ;
    %pushi/vec4 42, 0, 8;
    %store/vec4 v000001f3eeb38e30_0, 0, 8;
    %jmp T_7.256;
T_7.150 ;
    %pushi/vec4 144, 0, 8;
    %store/vec4 v000001f3eeb38e30_0, 0, 8;
    %jmp T_7.256;
T_7.151 ;
    %pushi/vec4 136, 0, 8;
    %store/vec4 v000001f3eeb38e30_0, 0, 8;
    %jmp T_7.256;
T_7.152 ;
    %pushi/vec4 70, 0, 8;
    %store/vec4 v000001f3eeb38e30_0, 0, 8;
    %jmp T_7.256;
T_7.153 ;
    %pushi/vec4 238, 0, 8;
    %store/vec4 v000001f3eeb38e30_0, 0, 8;
    %jmp T_7.256;
T_7.154 ;
    %pushi/vec4 184, 0, 8;
    %store/vec4 v000001f3eeb38e30_0, 0, 8;
    %jmp T_7.256;
T_7.155 ;
    %pushi/vec4 20, 0, 8;
    %store/vec4 v000001f3eeb38e30_0, 0, 8;
    %jmp T_7.256;
T_7.156 ;
    %pushi/vec4 222, 0, 8;
    %store/vec4 v000001f3eeb38e30_0, 0, 8;
    %jmp T_7.256;
T_7.157 ;
    %pushi/vec4 94, 0, 8;
    %store/vec4 v000001f3eeb38e30_0, 0, 8;
    %jmp T_7.256;
T_7.158 ;
    %pushi/vec4 11, 0, 8;
    %store/vec4 v000001f3eeb38e30_0, 0, 8;
    %jmp T_7.256;
T_7.159 ;
    %pushi/vec4 219, 0, 8;
    %store/vec4 v000001f3eeb38e30_0, 0, 8;
    %jmp T_7.256;
T_7.160 ;
    %pushi/vec4 224, 0, 8;
    %store/vec4 v000001f3eeb38e30_0, 0, 8;
    %jmp T_7.256;
T_7.161 ;
    %pushi/vec4 50, 0, 8;
    %store/vec4 v000001f3eeb38e30_0, 0, 8;
    %jmp T_7.256;
T_7.162 ;
    %pushi/vec4 58, 0, 8;
    %store/vec4 v000001f3eeb38e30_0, 0, 8;
    %jmp T_7.256;
T_7.163 ;
    %pushi/vec4 10, 0, 8;
    %store/vec4 v000001f3eeb38e30_0, 0, 8;
    %jmp T_7.256;
T_7.164 ;
    %pushi/vec4 73, 0, 8;
    %store/vec4 v000001f3eeb38e30_0, 0, 8;
    %jmp T_7.256;
T_7.165 ;
    %pushi/vec4 6, 0, 8;
    %store/vec4 v000001f3eeb38e30_0, 0, 8;
    %jmp T_7.256;
T_7.166 ;
    %pushi/vec4 36, 0, 8;
    %store/vec4 v000001f3eeb38e30_0, 0, 8;
    %jmp T_7.256;
T_7.167 ;
    %pushi/vec4 92, 0, 8;
    %store/vec4 v000001f3eeb38e30_0, 0, 8;
    %jmp T_7.256;
T_7.168 ;
    %pushi/vec4 194, 0, 8;
    %store/vec4 v000001f3eeb38e30_0, 0, 8;
    %jmp T_7.256;
T_7.169 ;
    %pushi/vec4 211, 0, 8;
    %store/vec4 v000001f3eeb38e30_0, 0, 8;
    %jmp T_7.256;
T_7.170 ;
    %pushi/vec4 172, 0, 8;
    %store/vec4 v000001f3eeb38e30_0, 0, 8;
    %jmp T_7.256;
T_7.171 ;
    %pushi/vec4 98, 0, 8;
    %store/vec4 v000001f3eeb38e30_0, 0, 8;
    %jmp T_7.256;
T_7.172 ;
    %pushi/vec4 145, 0, 8;
    %store/vec4 v000001f3eeb38e30_0, 0, 8;
    %jmp T_7.256;
T_7.173 ;
    %pushi/vec4 149, 0, 8;
    %store/vec4 v000001f3eeb38e30_0, 0, 8;
    %jmp T_7.256;
T_7.174 ;
    %pushi/vec4 228, 0, 8;
    %store/vec4 v000001f3eeb38e30_0, 0, 8;
    %jmp T_7.256;
T_7.175 ;
    %pushi/vec4 121, 0, 8;
    %store/vec4 v000001f3eeb38e30_0, 0, 8;
    %jmp T_7.256;
T_7.176 ;
    %pushi/vec4 231, 0, 8;
    %store/vec4 v000001f3eeb38e30_0, 0, 8;
    %jmp T_7.256;
T_7.177 ;
    %pushi/vec4 200, 0, 8;
    %store/vec4 v000001f3eeb38e30_0, 0, 8;
    %jmp T_7.256;
T_7.178 ;
    %pushi/vec4 55, 0, 8;
    %store/vec4 v000001f3eeb38e30_0, 0, 8;
    %jmp T_7.256;
T_7.179 ;
    %pushi/vec4 109, 0, 8;
    %store/vec4 v000001f3eeb38e30_0, 0, 8;
    %jmp T_7.256;
T_7.180 ;
    %pushi/vec4 141, 0, 8;
    %store/vec4 v000001f3eeb38e30_0, 0, 8;
    %jmp T_7.256;
T_7.181 ;
    %pushi/vec4 213, 0, 8;
    %store/vec4 v000001f3eeb38e30_0, 0, 8;
    %jmp T_7.256;
T_7.182 ;
    %pushi/vec4 78, 0, 8;
    %store/vec4 v000001f3eeb38e30_0, 0, 8;
    %jmp T_7.256;
T_7.183 ;
    %pushi/vec4 169, 0, 8;
    %store/vec4 v000001f3eeb38e30_0, 0, 8;
    %jmp T_7.256;
T_7.184 ;
    %pushi/vec4 108, 0, 8;
    %store/vec4 v000001f3eeb38e30_0, 0, 8;
    %jmp T_7.256;
T_7.185 ;
    %pushi/vec4 86, 0, 8;
    %store/vec4 v000001f3eeb38e30_0, 0, 8;
    %jmp T_7.256;
T_7.186 ;
    %pushi/vec4 244, 0, 8;
    %store/vec4 v000001f3eeb38e30_0, 0, 8;
    %jmp T_7.256;
T_7.187 ;
    %pushi/vec4 234, 0, 8;
    %store/vec4 v000001f3eeb38e30_0, 0, 8;
    %jmp T_7.256;
T_7.188 ;
    %pushi/vec4 101, 0, 8;
    %store/vec4 v000001f3eeb38e30_0, 0, 8;
    %jmp T_7.256;
T_7.189 ;
    %pushi/vec4 122, 0, 8;
    %store/vec4 v000001f3eeb38e30_0, 0, 8;
    %jmp T_7.256;
T_7.190 ;
    %pushi/vec4 174, 0, 8;
    %store/vec4 v000001f3eeb38e30_0, 0, 8;
    %jmp T_7.256;
T_7.191 ;
    %pushi/vec4 8, 0, 8;
    %store/vec4 v000001f3eeb38e30_0, 0, 8;
    %jmp T_7.256;
T_7.192 ;
    %pushi/vec4 186, 0, 8;
    %store/vec4 v000001f3eeb38e30_0, 0, 8;
    %jmp T_7.256;
T_7.193 ;
    %pushi/vec4 120, 0, 8;
    %store/vec4 v000001f3eeb38e30_0, 0, 8;
    %jmp T_7.256;
T_7.194 ;
    %pushi/vec4 37, 0, 8;
    %store/vec4 v000001f3eeb38e30_0, 0, 8;
    %jmp T_7.256;
T_7.195 ;
    %pushi/vec4 46, 0, 8;
    %store/vec4 v000001f3eeb38e30_0, 0, 8;
    %jmp T_7.256;
T_7.196 ;
    %pushi/vec4 28, 0, 8;
    %store/vec4 v000001f3eeb38e30_0, 0, 8;
    %jmp T_7.256;
T_7.197 ;
    %pushi/vec4 166, 0, 8;
    %store/vec4 v000001f3eeb38e30_0, 0, 8;
    %jmp T_7.256;
T_7.198 ;
    %pushi/vec4 180, 0, 8;
    %store/vec4 v000001f3eeb38e30_0, 0, 8;
    %jmp T_7.256;
T_7.199 ;
    %pushi/vec4 198, 0, 8;
    %store/vec4 v000001f3eeb38e30_0, 0, 8;
    %jmp T_7.256;
T_7.200 ;
    %pushi/vec4 232, 0, 8;
    %store/vec4 v000001f3eeb38e30_0, 0, 8;
    %jmp T_7.256;
T_7.201 ;
    %pushi/vec4 221, 0, 8;
    %store/vec4 v000001f3eeb38e30_0, 0, 8;
    %jmp T_7.256;
T_7.202 ;
    %pushi/vec4 116, 0, 8;
    %store/vec4 v000001f3eeb38e30_0, 0, 8;
    %jmp T_7.256;
T_7.203 ;
    %pushi/vec4 31, 0, 8;
    %store/vec4 v000001f3eeb38e30_0, 0, 8;
    %jmp T_7.256;
T_7.204 ;
    %pushi/vec4 75, 0, 8;
    %store/vec4 v000001f3eeb38e30_0, 0, 8;
    %jmp T_7.256;
T_7.205 ;
    %pushi/vec4 189, 0, 8;
    %store/vec4 v000001f3eeb38e30_0, 0, 8;
    %jmp T_7.256;
T_7.206 ;
    %pushi/vec4 139, 0, 8;
    %store/vec4 v000001f3eeb38e30_0, 0, 8;
    %jmp T_7.256;
T_7.207 ;
    %pushi/vec4 138, 0, 8;
    %store/vec4 v000001f3eeb38e30_0, 0, 8;
    %jmp T_7.256;
T_7.208 ;
    %pushi/vec4 112, 0, 8;
    %store/vec4 v000001f3eeb38e30_0, 0, 8;
    %jmp T_7.256;
T_7.209 ;
    %pushi/vec4 62, 0, 8;
    %store/vec4 v000001f3eeb38e30_0, 0, 8;
    %jmp T_7.256;
T_7.210 ;
    %pushi/vec4 181, 0, 8;
    %store/vec4 v000001f3eeb38e30_0, 0, 8;
    %jmp T_7.256;
T_7.211 ;
    %pushi/vec4 102, 0, 8;
    %store/vec4 v000001f3eeb38e30_0, 0, 8;
    %jmp T_7.256;
T_7.212 ;
    %pushi/vec4 72, 0, 8;
    %store/vec4 v000001f3eeb38e30_0, 0, 8;
    %jmp T_7.256;
T_7.213 ;
    %pushi/vec4 3, 0, 8;
    %store/vec4 v000001f3eeb38e30_0, 0, 8;
    %jmp T_7.256;
T_7.214 ;
    %pushi/vec4 246, 0, 8;
    %store/vec4 v000001f3eeb38e30_0, 0, 8;
    %jmp T_7.256;
T_7.215 ;
    %pushi/vec4 14, 0, 8;
    %store/vec4 v000001f3eeb38e30_0, 0, 8;
    %jmp T_7.256;
T_7.216 ;
    %pushi/vec4 97, 0, 8;
    %store/vec4 v000001f3eeb38e30_0, 0, 8;
    %jmp T_7.256;
T_7.217 ;
    %pushi/vec4 53, 0, 8;
    %store/vec4 v000001f3eeb38e30_0, 0, 8;
    %jmp T_7.256;
T_7.218 ;
    %pushi/vec4 87, 0, 8;
    %store/vec4 v000001f3eeb38e30_0, 0, 8;
    %jmp T_7.256;
T_7.219 ;
    %pushi/vec4 185, 0, 8;
    %store/vec4 v000001f3eeb38e30_0, 0, 8;
    %jmp T_7.256;
T_7.220 ;
    %pushi/vec4 134, 0, 8;
    %store/vec4 v000001f3eeb38e30_0, 0, 8;
    %jmp T_7.256;
T_7.221 ;
    %pushi/vec4 193, 0, 8;
    %store/vec4 v000001f3eeb38e30_0, 0, 8;
    %jmp T_7.256;
T_7.222 ;
    %pushi/vec4 29, 0, 8;
    %store/vec4 v000001f3eeb38e30_0, 0, 8;
    %jmp T_7.256;
T_7.223 ;
    %pushi/vec4 158, 0, 8;
    %store/vec4 v000001f3eeb38e30_0, 0, 8;
    %jmp T_7.256;
T_7.224 ;
    %pushi/vec4 225, 0, 8;
    %store/vec4 v000001f3eeb38e30_0, 0, 8;
    %jmp T_7.256;
T_7.225 ;
    %pushi/vec4 248, 0, 8;
    %store/vec4 v000001f3eeb38e30_0, 0, 8;
    %jmp T_7.256;
T_7.226 ;
    %pushi/vec4 152, 0, 8;
    %store/vec4 v000001f3eeb38e30_0, 0, 8;
    %jmp T_7.256;
T_7.227 ;
    %pushi/vec4 17, 0, 8;
    %store/vec4 v000001f3eeb38e30_0, 0, 8;
    %jmp T_7.256;
T_7.228 ;
    %pushi/vec4 105, 0, 8;
    %store/vec4 v000001f3eeb38e30_0, 0, 8;
    %jmp T_7.256;
T_7.229 ;
    %pushi/vec4 217, 0, 8;
    %store/vec4 v000001f3eeb38e30_0, 0, 8;
    %jmp T_7.256;
T_7.230 ;
    %pushi/vec4 142, 0, 8;
    %store/vec4 v000001f3eeb38e30_0, 0, 8;
    %jmp T_7.256;
T_7.231 ;
    %pushi/vec4 148, 0, 8;
    %store/vec4 v000001f3eeb38e30_0, 0, 8;
    %jmp T_7.256;
T_7.232 ;
    %pushi/vec4 155, 0, 8;
    %store/vec4 v000001f3eeb38e30_0, 0, 8;
    %jmp T_7.256;
T_7.233 ;
    %pushi/vec4 30, 0, 8;
    %store/vec4 v000001f3eeb38e30_0, 0, 8;
    %jmp T_7.256;
T_7.234 ;
    %pushi/vec4 135, 0, 8;
    %store/vec4 v000001f3eeb38e30_0, 0, 8;
    %jmp T_7.256;
T_7.235 ;
    %pushi/vec4 233, 0, 8;
    %store/vec4 v000001f3eeb38e30_0, 0, 8;
    %jmp T_7.256;
T_7.236 ;
    %pushi/vec4 206, 0, 8;
    %store/vec4 v000001f3eeb38e30_0, 0, 8;
    %jmp T_7.256;
T_7.237 ;
    %pushi/vec4 85, 0, 8;
    %store/vec4 v000001f3eeb38e30_0, 0, 8;
    %jmp T_7.256;
T_7.238 ;
    %pushi/vec4 40, 0, 8;
    %store/vec4 v000001f3eeb38e30_0, 0, 8;
    %jmp T_7.256;
T_7.239 ;
    %pushi/vec4 223, 0, 8;
    %store/vec4 v000001f3eeb38e30_0, 0, 8;
    %jmp T_7.256;
T_7.240 ;
    %pushi/vec4 140, 0, 8;
    %store/vec4 v000001f3eeb38e30_0, 0, 8;
    %jmp T_7.256;
T_7.241 ;
    %pushi/vec4 161, 0, 8;
    %store/vec4 v000001f3eeb38e30_0, 0, 8;
    %jmp T_7.256;
T_7.242 ;
    %pushi/vec4 137, 0, 8;
    %store/vec4 v000001f3eeb38e30_0, 0, 8;
    %jmp T_7.256;
T_7.243 ;
    %pushi/vec4 13, 0, 8;
    %store/vec4 v000001f3eeb38e30_0, 0, 8;
    %jmp T_7.256;
T_7.244 ;
    %pushi/vec4 191, 0, 8;
    %store/vec4 v000001f3eeb38e30_0, 0, 8;
    %jmp T_7.256;
T_7.245 ;
    %pushi/vec4 230, 0, 8;
    %store/vec4 v000001f3eeb38e30_0, 0, 8;
    %jmp T_7.256;
T_7.246 ;
    %pushi/vec4 66, 0, 8;
    %store/vec4 v000001f3eeb38e30_0, 0, 8;
    %jmp T_7.256;
T_7.247 ;
    %pushi/vec4 104, 0, 8;
    %store/vec4 v000001f3eeb38e30_0, 0, 8;
    %jmp T_7.256;
T_7.248 ;
    %pushi/vec4 65, 0, 8;
    %store/vec4 v000001f3eeb38e30_0, 0, 8;
    %jmp T_7.256;
T_7.249 ;
    %pushi/vec4 153, 0, 8;
    %store/vec4 v000001f3eeb38e30_0, 0, 8;
    %jmp T_7.256;
T_7.250 ;
    %pushi/vec4 45, 0, 8;
    %store/vec4 v000001f3eeb38e30_0, 0, 8;
    %jmp T_7.256;
T_7.251 ;
    %pushi/vec4 15, 0, 8;
    %store/vec4 v000001f3eeb38e30_0, 0, 8;
    %jmp T_7.256;
T_7.252 ;
    %pushi/vec4 176, 0, 8;
    %store/vec4 v000001f3eeb38e30_0, 0, 8;
    %jmp T_7.256;
T_7.253 ;
    %pushi/vec4 84, 0, 8;
    %store/vec4 v000001f3eeb38e30_0, 0, 8;
    %jmp T_7.256;
T_7.254 ;
    %pushi/vec4 187, 0, 8;
    %store/vec4 v000001f3eeb38e30_0, 0, 8;
    %jmp T_7.256;
T_7.255 ;
    %pushi/vec4 22, 0, 8;
    %store/vec4 v000001f3eeb38e30_0, 0, 8;
    %jmp T_7.256;
T_7.256 ;
    %pop/vec4 1;
    %jmp T_7;
    .thread T_7, $push;
    .scope S_000001f3eeb3b3e0;
T_8 ;
    %wait E_000001f3eeabea80;
    %load/vec4 v000001f3eeb3c7b0_0;
    %dup/vec4;
    %pushi/vec4 0, 0, 8;
    %cmp/u;
    %jmp/1 T_8.0, 6;
    %dup/vec4;
    %pushi/vec4 1, 0, 8;
    %cmp/u;
    %jmp/1 T_8.1, 6;
    %dup/vec4;
    %pushi/vec4 2, 0, 8;
    %cmp/u;
    %jmp/1 T_8.2, 6;
    %dup/vec4;
    %pushi/vec4 3, 0, 8;
    %cmp/u;
    %jmp/1 T_8.3, 6;
    %dup/vec4;
    %pushi/vec4 4, 0, 8;
    %cmp/u;
    %jmp/1 T_8.4, 6;
    %dup/vec4;
    %pushi/vec4 5, 0, 8;
    %cmp/u;
    %jmp/1 T_8.5, 6;
    %dup/vec4;
    %pushi/vec4 6, 0, 8;
    %cmp/u;
    %jmp/1 T_8.6, 6;
    %dup/vec4;
    %pushi/vec4 7, 0, 8;
    %cmp/u;
    %jmp/1 T_8.7, 6;
    %dup/vec4;
    %pushi/vec4 8, 0, 8;
    %cmp/u;
    %jmp/1 T_8.8, 6;
    %dup/vec4;
    %pushi/vec4 9, 0, 8;
    %cmp/u;
    %jmp/1 T_8.9, 6;
    %dup/vec4;
    %pushi/vec4 10, 0, 8;
    %cmp/u;
    %jmp/1 T_8.10, 6;
    %dup/vec4;
    %pushi/vec4 11, 0, 8;
    %cmp/u;
    %jmp/1 T_8.11, 6;
    %dup/vec4;
    %pushi/vec4 12, 0, 8;
    %cmp/u;
    %jmp/1 T_8.12, 6;
    %dup/vec4;
    %pushi/vec4 13, 0, 8;
    %cmp/u;
    %jmp/1 T_8.13, 6;
    %dup/vec4;
    %pushi/vec4 14, 0, 8;
    %cmp/u;
    %jmp/1 T_8.14, 6;
    %dup/vec4;
    %pushi/vec4 15, 0, 8;
    %cmp/u;
    %jmp/1 T_8.15, 6;
    %dup/vec4;
    %pushi/vec4 16, 0, 8;
    %cmp/u;
    %jmp/1 T_8.16, 6;
    %dup/vec4;
    %pushi/vec4 17, 0, 8;
    %cmp/u;
    %jmp/1 T_8.17, 6;
    %dup/vec4;
    %pushi/vec4 18, 0, 8;
    %cmp/u;
    %jmp/1 T_8.18, 6;
    %dup/vec4;
    %pushi/vec4 19, 0, 8;
    %cmp/u;
    %jmp/1 T_8.19, 6;
    %dup/vec4;
    %pushi/vec4 20, 0, 8;
    %cmp/u;
    %jmp/1 T_8.20, 6;
    %dup/vec4;
    %pushi/vec4 21, 0, 8;
    %cmp/u;
    %jmp/1 T_8.21, 6;
    %dup/vec4;
    %pushi/vec4 22, 0, 8;
    %cmp/u;
    %jmp/1 T_8.22, 6;
    %dup/vec4;
    %pushi/vec4 23, 0, 8;
    %cmp/u;
    %jmp/1 T_8.23, 6;
    %dup/vec4;
    %pushi/vec4 24, 0, 8;
    %cmp/u;
    %jmp/1 T_8.24, 6;
    %dup/vec4;
    %pushi/vec4 25, 0, 8;
    %cmp/u;
    %jmp/1 T_8.25, 6;
    %dup/vec4;
    %pushi/vec4 26, 0, 8;
    %cmp/u;
    %jmp/1 T_8.26, 6;
    %dup/vec4;
    %pushi/vec4 27, 0, 8;
    %cmp/u;
    %jmp/1 T_8.27, 6;
    %dup/vec4;
    %pushi/vec4 28, 0, 8;
    %cmp/u;
    %jmp/1 T_8.28, 6;
    %dup/vec4;
    %pushi/vec4 29, 0, 8;
    %cmp/u;
    %jmp/1 T_8.29, 6;
    %dup/vec4;
    %pushi/vec4 30, 0, 8;
    %cmp/u;
    %jmp/1 T_8.30, 6;
    %dup/vec4;
    %pushi/vec4 31, 0, 8;
    %cmp/u;
    %jmp/1 T_8.31, 6;
    %dup/vec4;
    %pushi/vec4 32, 0, 8;
    %cmp/u;
    %jmp/1 T_8.32, 6;
    %dup/vec4;
    %pushi/vec4 33, 0, 8;
    %cmp/u;
    %jmp/1 T_8.33, 6;
    %dup/vec4;
    %pushi/vec4 34, 0, 8;
    %cmp/u;
    %jmp/1 T_8.34, 6;
    %dup/vec4;
    %pushi/vec4 35, 0, 8;
    %cmp/u;
    %jmp/1 T_8.35, 6;
    %dup/vec4;
    %pushi/vec4 36, 0, 8;
    %cmp/u;
    %jmp/1 T_8.36, 6;
    %dup/vec4;
    %pushi/vec4 37, 0, 8;
    %cmp/u;
    %jmp/1 T_8.37, 6;
    %dup/vec4;
    %pushi/vec4 38, 0, 8;
    %cmp/u;
    %jmp/1 T_8.38, 6;
    %dup/vec4;
    %pushi/vec4 39, 0, 8;
    %cmp/u;
    %jmp/1 T_8.39, 6;
    %dup/vec4;
    %pushi/vec4 40, 0, 8;
    %cmp/u;
    %jmp/1 T_8.40, 6;
    %dup/vec4;
    %pushi/vec4 41, 0, 8;
    %cmp/u;
    %jmp/1 T_8.41, 6;
    %dup/vec4;
    %pushi/vec4 42, 0, 8;
    %cmp/u;
    %jmp/1 T_8.42, 6;
    %dup/vec4;
    %pushi/vec4 43, 0, 8;
    %cmp/u;
    %jmp/1 T_8.43, 6;
    %dup/vec4;
    %pushi/vec4 44, 0, 8;
    %cmp/u;
    %jmp/1 T_8.44, 6;
    %dup/vec4;
    %pushi/vec4 45, 0, 8;
    %cmp/u;
    %jmp/1 T_8.45, 6;
    %dup/vec4;
    %pushi/vec4 46, 0, 8;
    %cmp/u;
    %jmp/1 T_8.46, 6;
    %dup/vec4;
    %pushi/vec4 47, 0, 8;
    %cmp/u;
    %jmp/1 T_8.47, 6;
    %dup/vec4;
    %pushi/vec4 48, 0, 8;
    %cmp/u;
    %jmp/1 T_8.48, 6;
    %dup/vec4;
    %pushi/vec4 49, 0, 8;
    %cmp/u;
    %jmp/1 T_8.49, 6;
    %dup/vec4;
    %pushi/vec4 50, 0, 8;
    %cmp/u;
    %jmp/1 T_8.50, 6;
    %dup/vec4;
    %pushi/vec4 51, 0, 8;
    %cmp/u;
    %jmp/1 T_8.51, 6;
    %dup/vec4;
    %pushi/vec4 52, 0, 8;
    %cmp/u;
    %jmp/1 T_8.52, 6;
    %dup/vec4;
    %pushi/vec4 53, 0, 8;
    %cmp/u;
    %jmp/1 T_8.53, 6;
    %dup/vec4;
    %pushi/vec4 54, 0, 8;
    %cmp/u;
    %jmp/1 T_8.54, 6;
    %dup/vec4;
    %pushi/vec4 55, 0, 8;
    %cmp/u;
    %jmp/1 T_8.55, 6;
    %dup/vec4;
    %pushi/vec4 56, 0, 8;
    %cmp/u;
    %jmp/1 T_8.56, 6;
    %dup/vec4;
    %pushi/vec4 57, 0, 8;
    %cmp/u;
    %jmp/1 T_8.57, 6;
    %dup/vec4;
    %pushi/vec4 58, 0, 8;
    %cmp/u;
    %jmp/1 T_8.58, 6;
    %dup/vec4;
    %pushi/vec4 59, 0, 8;
    %cmp/u;
    %jmp/1 T_8.59, 6;
    %dup/vec4;
    %pushi/vec4 60, 0, 8;
    %cmp/u;
    %jmp/1 T_8.60, 6;
    %dup/vec4;
    %pushi/vec4 61, 0, 8;
    %cmp/u;
    %jmp/1 T_8.61, 6;
    %dup/vec4;
    %pushi/vec4 62, 0, 8;
    %cmp/u;
    %jmp/1 T_8.62, 6;
    %dup/vec4;
    %pushi/vec4 63, 0, 8;
    %cmp/u;
    %jmp/1 T_8.63, 6;
    %dup/vec4;
    %pushi/vec4 64, 0, 8;
    %cmp/u;
    %jmp/1 T_8.64, 6;
    %dup/vec4;
    %pushi/vec4 65, 0, 8;
    %cmp/u;
    %jmp/1 T_8.65, 6;
    %dup/vec4;
    %pushi/vec4 66, 0, 8;
    %cmp/u;
    %jmp/1 T_8.66, 6;
    %dup/vec4;
    %pushi/vec4 67, 0, 8;
    %cmp/u;
    %jmp/1 T_8.67, 6;
    %dup/vec4;
    %pushi/vec4 68, 0, 8;
    %cmp/u;
    %jmp/1 T_8.68, 6;
    %dup/vec4;
    %pushi/vec4 69, 0, 8;
    %cmp/u;
    %jmp/1 T_8.69, 6;
    %dup/vec4;
    %pushi/vec4 70, 0, 8;
    %cmp/u;
    %jmp/1 T_8.70, 6;
    %dup/vec4;
    %pushi/vec4 71, 0, 8;
    %cmp/u;
    %jmp/1 T_8.71, 6;
    %dup/vec4;
    %pushi/vec4 72, 0, 8;
    %cmp/u;
    %jmp/1 T_8.72, 6;
    %dup/vec4;
    %pushi/vec4 73, 0, 8;
    %cmp/u;
    %jmp/1 T_8.73, 6;
    %dup/vec4;
    %pushi/vec4 74, 0, 8;
    %cmp/u;
    %jmp/1 T_8.74, 6;
    %dup/vec4;
    %pushi/vec4 75, 0, 8;
    %cmp/u;
    %jmp/1 T_8.75, 6;
    %dup/vec4;
    %pushi/vec4 76, 0, 8;
    %cmp/u;
    %jmp/1 T_8.76, 6;
    %dup/vec4;
    %pushi/vec4 77, 0, 8;
    %cmp/u;
    %jmp/1 T_8.77, 6;
    %dup/vec4;
    %pushi/vec4 78, 0, 8;
    %cmp/u;
    %jmp/1 T_8.78, 6;
    %dup/vec4;
    %pushi/vec4 79, 0, 8;
    %cmp/u;
    %jmp/1 T_8.79, 6;
    %dup/vec4;
    %pushi/vec4 80, 0, 8;
    %cmp/u;
    %jmp/1 T_8.80, 6;
    %dup/vec4;
    %pushi/vec4 81, 0, 8;
    %cmp/u;
    %jmp/1 T_8.81, 6;
    %dup/vec4;
    %pushi/vec4 82, 0, 8;
    %cmp/u;
    %jmp/1 T_8.82, 6;
    %dup/vec4;
    %pushi/vec4 83, 0, 8;
    %cmp/u;
    %jmp/1 T_8.83, 6;
    %dup/vec4;
    %pushi/vec4 84, 0, 8;
    %cmp/u;
    %jmp/1 T_8.84, 6;
    %dup/vec4;
    %pushi/vec4 85, 0, 8;
    %cmp/u;
    %jmp/1 T_8.85, 6;
    %dup/vec4;
    %pushi/vec4 86, 0, 8;
    %cmp/u;
    %jmp/1 T_8.86, 6;
    %dup/vec4;
    %pushi/vec4 87, 0, 8;
    %cmp/u;
    %jmp/1 T_8.87, 6;
    %dup/vec4;
    %pushi/vec4 88, 0, 8;
    %cmp/u;
    %jmp/1 T_8.88, 6;
    %dup/vec4;
    %pushi/vec4 89, 0, 8;
    %cmp/u;
    %jmp/1 T_8.89, 6;
    %dup/vec4;
    %pushi/vec4 90, 0, 8;
    %cmp/u;
    %jmp/1 T_8.90, 6;
    %dup/vec4;
    %pushi/vec4 91, 0, 8;
    %cmp/u;
    %jmp/1 T_8.91, 6;
    %dup/vec4;
    %pushi/vec4 92, 0, 8;
    %cmp/u;
    %jmp/1 T_8.92, 6;
    %dup/vec4;
    %pushi/vec4 93, 0, 8;
    %cmp/u;
    %jmp/1 T_8.93, 6;
    %dup/vec4;
    %pushi/vec4 94, 0, 8;
    %cmp/u;
    %jmp/1 T_8.94, 6;
    %dup/vec4;
    %pushi/vec4 95, 0, 8;
    %cmp/u;
    %jmp/1 T_8.95, 6;
    %dup/vec4;
    %pushi/vec4 96, 0, 8;
    %cmp/u;
    %jmp/1 T_8.96, 6;
    %dup/vec4;
    %pushi/vec4 97, 0, 8;
    %cmp/u;
    %jmp/1 T_8.97, 6;
    %dup/vec4;
    %pushi/vec4 98, 0, 8;
    %cmp/u;
    %jmp/1 T_8.98, 6;
    %dup/vec4;
    %pushi/vec4 99, 0, 8;
    %cmp/u;
    %jmp/1 T_8.99, 6;
    %dup/vec4;
    %pushi/vec4 100, 0, 8;
    %cmp/u;
    %jmp/1 T_8.100, 6;
    %dup/vec4;
    %pushi/vec4 101, 0, 8;
    %cmp/u;
    %jmp/1 T_8.101, 6;
    %dup/vec4;
    %pushi/vec4 102, 0, 8;
    %cmp/u;
    %jmp/1 T_8.102, 6;
    %dup/vec4;
    %pushi/vec4 103, 0, 8;
    %cmp/u;
    %jmp/1 T_8.103, 6;
    %dup/vec4;
    %pushi/vec4 104, 0, 8;
    %cmp/u;
    %jmp/1 T_8.104, 6;
    %dup/vec4;
    %pushi/vec4 105, 0, 8;
    %cmp/u;
    %jmp/1 T_8.105, 6;
    %dup/vec4;
    %pushi/vec4 106, 0, 8;
    %cmp/u;
    %jmp/1 T_8.106, 6;
    %dup/vec4;
    %pushi/vec4 107, 0, 8;
    %cmp/u;
    %jmp/1 T_8.107, 6;
    %dup/vec4;
    %pushi/vec4 108, 0, 8;
    %cmp/u;
    %jmp/1 T_8.108, 6;
    %dup/vec4;
    %pushi/vec4 109, 0, 8;
    %cmp/u;
    %jmp/1 T_8.109, 6;
    %dup/vec4;
    %pushi/vec4 110, 0, 8;
    %cmp/u;
    %jmp/1 T_8.110, 6;
    %dup/vec4;
    %pushi/vec4 111, 0, 8;
    %cmp/u;
    %jmp/1 T_8.111, 6;
    %dup/vec4;
    %pushi/vec4 112, 0, 8;
    %cmp/u;
    %jmp/1 T_8.112, 6;
    %dup/vec4;
    %pushi/vec4 113, 0, 8;
    %cmp/u;
    %jmp/1 T_8.113, 6;
    %dup/vec4;
    %pushi/vec4 114, 0, 8;
    %cmp/u;
    %jmp/1 T_8.114, 6;
    %dup/vec4;
    %pushi/vec4 115, 0, 8;
    %cmp/u;
    %jmp/1 T_8.115, 6;
    %dup/vec4;
    %pushi/vec4 116, 0, 8;
    %cmp/u;
    %jmp/1 T_8.116, 6;
    %dup/vec4;
    %pushi/vec4 117, 0, 8;
    %cmp/u;
    %jmp/1 T_8.117, 6;
    %dup/vec4;
    %pushi/vec4 118, 0, 8;
    %cmp/u;
    %jmp/1 T_8.118, 6;
    %dup/vec4;
    %pushi/vec4 119, 0, 8;
    %cmp/u;
    %jmp/1 T_8.119, 6;
    %dup/vec4;
    %pushi/vec4 120, 0, 8;
    %cmp/u;
    %jmp/1 T_8.120, 6;
    %dup/vec4;
    %pushi/vec4 121, 0, 8;
    %cmp/u;
    %jmp/1 T_8.121, 6;
    %dup/vec4;
    %pushi/vec4 122, 0, 8;
    %cmp/u;
    %jmp/1 T_8.122, 6;
    %dup/vec4;
    %pushi/vec4 123, 0, 8;
    %cmp/u;
    %jmp/1 T_8.123, 6;
    %dup/vec4;
    %pushi/vec4 124, 0, 8;
    %cmp/u;
    %jmp/1 T_8.124, 6;
    %dup/vec4;
    %pushi/vec4 125, 0, 8;
    %cmp/u;
    %jmp/1 T_8.125, 6;
    %dup/vec4;
    %pushi/vec4 126, 0, 8;
    %cmp/u;
    %jmp/1 T_8.126, 6;
    %dup/vec4;
    %pushi/vec4 127, 0, 8;
    %cmp/u;
    %jmp/1 T_8.127, 6;
    %dup/vec4;
    %pushi/vec4 128, 0, 8;
    %cmp/u;
    %jmp/1 T_8.128, 6;
    %dup/vec4;
    %pushi/vec4 129, 0, 8;
    %cmp/u;
    %jmp/1 T_8.129, 6;
    %dup/vec4;
    %pushi/vec4 130, 0, 8;
    %cmp/u;
    %jmp/1 T_8.130, 6;
    %dup/vec4;
    %pushi/vec4 131, 0, 8;
    %cmp/u;
    %jmp/1 T_8.131, 6;
    %dup/vec4;
    %pushi/vec4 132, 0, 8;
    %cmp/u;
    %jmp/1 T_8.132, 6;
    %dup/vec4;
    %pushi/vec4 133, 0, 8;
    %cmp/u;
    %jmp/1 T_8.133, 6;
    %dup/vec4;
    %pushi/vec4 134, 0, 8;
    %cmp/u;
    %jmp/1 T_8.134, 6;
    %dup/vec4;
    %pushi/vec4 135, 0, 8;
    %cmp/u;
    %jmp/1 T_8.135, 6;
    %dup/vec4;
    %pushi/vec4 136, 0, 8;
    %cmp/u;
    %jmp/1 T_8.136, 6;
    %dup/vec4;
    %pushi/vec4 137, 0, 8;
    %cmp/u;
    %jmp/1 T_8.137, 6;
    %dup/vec4;
    %pushi/vec4 138, 0, 8;
    %cmp/u;
    %jmp/1 T_8.138, 6;
    %dup/vec4;
    %pushi/vec4 139, 0, 8;
    %cmp/u;
    %jmp/1 T_8.139, 6;
    %dup/vec4;
    %pushi/vec4 140, 0, 8;
    %cmp/u;
    %jmp/1 T_8.140, 6;
    %dup/vec4;
    %pushi/vec4 141, 0, 8;
    %cmp/u;
    %jmp/1 T_8.141, 6;
    %dup/vec4;
    %pushi/vec4 142, 0, 8;
    %cmp/u;
    %jmp/1 T_8.142, 6;
    %dup/vec4;
    %pushi/vec4 143, 0, 8;
    %cmp/u;
    %jmp/1 T_8.143, 6;
    %dup/vec4;
    %pushi/vec4 144, 0, 8;
    %cmp/u;
    %jmp/1 T_8.144, 6;
    %dup/vec4;
    %pushi/vec4 145, 0, 8;
    %cmp/u;
    %jmp/1 T_8.145, 6;
    %dup/vec4;
    %pushi/vec4 146, 0, 8;
    %cmp/u;
    %jmp/1 T_8.146, 6;
    %dup/vec4;
    %pushi/vec4 147, 0, 8;
    %cmp/u;
    %jmp/1 T_8.147, 6;
    %dup/vec4;
    %pushi/vec4 148, 0, 8;
    %cmp/u;
    %jmp/1 T_8.148, 6;
    %dup/vec4;
    %pushi/vec4 149, 0, 8;
    %cmp/u;
    %jmp/1 T_8.149, 6;
    %dup/vec4;
    %pushi/vec4 150, 0, 8;
    %cmp/u;
    %jmp/1 T_8.150, 6;
    %dup/vec4;
    %pushi/vec4 151, 0, 8;
    %cmp/u;
    %jmp/1 T_8.151, 6;
    %dup/vec4;
    %pushi/vec4 152, 0, 8;
    %cmp/u;
    %jmp/1 T_8.152, 6;
    %dup/vec4;
    %pushi/vec4 153, 0, 8;
    %cmp/u;
    %jmp/1 T_8.153, 6;
    %dup/vec4;
    %pushi/vec4 154, 0, 8;
    %cmp/u;
    %jmp/1 T_8.154, 6;
    %dup/vec4;
    %pushi/vec4 155, 0, 8;
    %cmp/u;
    %jmp/1 T_8.155, 6;
    %dup/vec4;
    %pushi/vec4 156, 0, 8;
    %cmp/u;
    %jmp/1 T_8.156, 6;
    %dup/vec4;
    %pushi/vec4 157, 0, 8;
    %cmp/u;
    %jmp/1 T_8.157, 6;
    %dup/vec4;
    %pushi/vec4 158, 0, 8;
    %cmp/u;
    %jmp/1 T_8.158, 6;
    %dup/vec4;
    %pushi/vec4 159, 0, 8;
    %cmp/u;
    %jmp/1 T_8.159, 6;
    %dup/vec4;
    %pushi/vec4 160, 0, 8;
    %cmp/u;
    %jmp/1 T_8.160, 6;
    %dup/vec4;
    %pushi/vec4 161, 0, 8;
    %cmp/u;
    %jmp/1 T_8.161, 6;
    %dup/vec4;
    %pushi/vec4 162, 0, 8;
    %cmp/u;
    %jmp/1 T_8.162, 6;
    %dup/vec4;
    %pushi/vec4 163, 0, 8;
    %cmp/u;
    %jmp/1 T_8.163, 6;
    %dup/vec4;
    %pushi/vec4 164, 0, 8;
    %cmp/u;
    %jmp/1 T_8.164, 6;
    %dup/vec4;
    %pushi/vec4 165, 0, 8;
    %cmp/u;
    %jmp/1 T_8.165, 6;
    %dup/vec4;
    %pushi/vec4 166, 0, 8;
    %cmp/u;
    %jmp/1 T_8.166, 6;
    %dup/vec4;
    %pushi/vec4 167, 0, 8;
    %cmp/u;
    %jmp/1 T_8.167, 6;
    %dup/vec4;
    %pushi/vec4 168, 0, 8;
    %cmp/u;
    %jmp/1 T_8.168, 6;
    %dup/vec4;
    %pushi/vec4 169, 0, 8;
    %cmp/u;
    %jmp/1 T_8.169, 6;
    %dup/vec4;
    %pushi/vec4 170, 0, 8;
    %cmp/u;
    %jmp/1 T_8.170, 6;
    %dup/vec4;
    %pushi/vec4 171, 0, 8;
    %cmp/u;
    %jmp/1 T_8.171, 6;
    %dup/vec4;
    %pushi/vec4 172, 0, 8;
    %cmp/u;
    %jmp/1 T_8.172, 6;
    %dup/vec4;
    %pushi/vec4 173, 0, 8;
    %cmp/u;
    %jmp/1 T_8.173, 6;
    %dup/vec4;
    %pushi/vec4 174, 0, 8;
    %cmp/u;
    %jmp/1 T_8.174, 6;
    %dup/vec4;
    %pushi/vec4 175, 0, 8;
    %cmp/u;
    %jmp/1 T_8.175, 6;
    %dup/vec4;
    %pushi/vec4 176, 0, 8;
    %cmp/u;
    %jmp/1 T_8.176, 6;
    %dup/vec4;
    %pushi/vec4 177, 0, 8;
    %cmp/u;
    %jmp/1 T_8.177, 6;
    %dup/vec4;
    %pushi/vec4 178, 0, 8;
    %cmp/u;
    %jmp/1 T_8.178, 6;
    %dup/vec4;
    %pushi/vec4 179, 0, 8;
    %cmp/u;
    %jmp/1 T_8.179, 6;
    %dup/vec4;
    %pushi/vec4 180, 0, 8;
    %cmp/u;
    %jmp/1 T_8.180, 6;
    %dup/vec4;
    %pushi/vec4 181, 0, 8;
    %cmp/u;
    %jmp/1 T_8.181, 6;
    %dup/vec4;
    %pushi/vec4 182, 0, 8;
    %cmp/u;
    %jmp/1 T_8.182, 6;
    %dup/vec4;
    %pushi/vec4 183, 0, 8;
    %cmp/u;
    %jmp/1 T_8.183, 6;
    %dup/vec4;
    %pushi/vec4 184, 0, 8;
    %cmp/u;
    %jmp/1 T_8.184, 6;
    %dup/vec4;
    %pushi/vec4 185, 0, 8;
    %cmp/u;
    %jmp/1 T_8.185, 6;
    %dup/vec4;
    %pushi/vec4 186, 0, 8;
    %cmp/u;
    %jmp/1 T_8.186, 6;
    %dup/vec4;
    %pushi/vec4 187, 0, 8;
    %cmp/u;
    %jmp/1 T_8.187, 6;
    %dup/vec4;
    %pushi/vec4 188, 0, 8;
    %cmp/u;
    %jmp/1 T_8.188, 6;
    %dup/vec4;
    %pushi/vec4 189, 0, 8;
    %cmp/u;
    %jmp/1 T_8.189, 6;
    %dup/vec4;
    %pushi/vec4 190, 0, 8;
    %cmp/u;
    %jmp/1 T_8.190, 6;
    %dup/vec4;
    %pushi/vec4 191, 0, 8;
    %cmp/u;
    %jmp/1 T_8.191, 6;
    %dup/vec4;
    %pushi/vec4 192, 0, 8;
    %cmp/u;
    %jmp/1 T_8.192, 6;
    %dup/vec4;
    %pushi/vec4 193, 0, 8;
    %cmp/u;
    %jmp/1 T_8.193, 6;
    %dup/vec4;
    %pushi/vec4 194, 0, 8;
    %cmp/u;
    %jmp/1 T_8.194, 6;
    %dup/vec4;
    %pushi/vec4 195, 0, 8;
    %cmp/u;
    %jmp/1 T_8.195, 6;
    %dup/vec4;
    %pushi/vec4 196, 0, 8;
    %cmp/u;
    %jmp/1 T_8.196, 6;
    %dup/vec4;
    %pushi/vec4 197, 0, 8;
    %cmp/u;
    %jmp/1 T_8.197, 6;
    %dup/vec4;
    %pushi/vec4 198, 0, 8;
    %cmp/u;
    %jmp/1 T_8.198, 6;
    %dup/vec4;
    %pushi/vec4 199, 0, 8;
    %cmp/u;
    %jmp/1 T_8.199, 6;
    %dup/vec4;
    %pushi/vec4 200, 0, 8;
    %cmp/u;
    %jmp/1 T_8.200, 6;
    %dup/vec4;
    %pushi/vec4 201, 0, 8;
    %cmp/u;
    %jmp/1 T_8.201, 6;
    %dup/vec4;
    %pushi/vec4 202, 0, 8;
    %cmp/u;
    %jmp/1 T_8.202, 6;
    %dup/vec4;
    %pushi/vec4 203, 0, 8;
    %cmp/u;
    %jmp/1 T_8.203, 6;
    %dup/vec4;
    %pushi/vec4 204, 0, 8;
    %cmp/u;
    %jmp/1 T_8.204, 6;
    %dup/vec4;
    %pushi/vec4 205, 0, 8;
    %cmp/u;
    %jmp/1 T_8.205, 6;
    %dup/vec4;
    %pushi/vec4 206, 0, 8;
    %cmp/u;
    %jmp/1 T_8.206, 6;
    %dup/vec4;
    %pushi/vec4 207, 0, 8;
    %cmp/u;
    %jmp/1 T_8.207, 6;
    %dup/vec4;
    %pushi/vec4 208, 0, 8;
    %cmp/u;
    %jmp/1 T_8.208, 6;
    %dup/vec4;
    %pushi/vec4 209, 0, 8;
    %cmp/u;
    %jmp/1 T_8.209, 6;
    %dup/vec4;
    %pushi/vec4 210, 0, 8;
    %cmp/u;
    %jmp/1 T_8.210, 6;
    %dup/vec4;
    %pushi/vec4 211, 0, 8;
    %cmp/u;
    %jmp/1 T_8.211, 6;
    %dup/vec4;
    %pushi/vec4 212, 0, 8;
    %cmp/u;
    %jmp/1 T_8.212, 6;
    %dup/vec4;
    %pushi/vec4 213, 0, 8;
    %cmp/u;
    %jmp/1 T_8.213, 6;
    %dup/vec4;
    %pushi/vec4 214, 0, 8;
    %cmp/u;
    %jmp/1 T_8.214, 6;
    %dup/vec4;
    %pushi/vec4 215, 0, 8;
    %cmp/u;
    %jmp/1 T_8.215, 6;
    %dup/vec4;
    %pushi/vec4 216, 0, 8;
    %cmp/u;
    %jmp/1 T_8.216, 6;
    %dup/vec4;
    %pushi/vec4 217, 0, 8;
    %cmp/u;
    %jmp/1 T_8.217, 6;
    %dup/vec4;
    %pushi/vec4 218, 0, 8;
    %cmp/u;
    %jmp/1 T_8.218, 6;
    %dup/vec4;
    %pushi/vec4 219, 0, 8;
    %cmp/u;
    %jmp/1 T_8.219, 6;
    %dup/vec4;
    %pushi/vec4 220, 0, 8;
    %cmp/u;
    %jmp/1 T_8.220, 6;
    %dup/vec4;
    %pushi/vec4 221, 0, 8;
    %cmp/u;
    %jmp/1 T_8.221, 6;
    %dup/vec4;
    %pushi/vec4 222, 0, 8;
    %cmp/u;
    %jmp/1 T_8.222, 6;
    %dup/vec4;
    %pushi/vec4 223, 0, 8;
    %cmp/u;
    %jmp/1 T_8.223, 6;
    %dup/vec4;
    %pushi/vec4 224, 0, 8;
    %cmp/u;
    %jmp/1 T_8.224, 6;
    %dup/vec4;
    %pushi/vec4 225, 0, 8;
    %cmp/u;
    %jmp/1 T_8.225, 6;
    %dup/vec4;
    %pushi/vec4 226, 0, 8;
    %cmp/u;
    %jmp/1 T_8.226, 6;
    %dup/vec4;
    %pushi/vec4 227, 0, 8;
    %cmp/u;
    %jmp/1 T_8.227, 6;
    %dup/vec4;
    %pushi/vec4 228, 0, 8;
    %cmp/u;
    %jmp/1 T_8.228, 6;
    %dup/vec4;
    %pushi/vec4 229, 0, 8;
    %cmp/u;
    %jmp/1 T_8.229, 6;
    %dup/vec4;
    %pushi/vec4 230, 0, 8;
    %cmp/u;
    %jmp/1 T_8.230, 6;
    %dup/vec4;
    %pushi/vec4 231, 0, 8;
    %cmp/u;
    %jmp/1 T_8.231, 6;
    %dup/vec4;
    %pushi/vec4 232, 0, 8;
    %cmp/u;
    %jmp/1 T_8.232, 6;
    %dup/vec4;
    %pushi/vec4 233, 0, 8;
    %cmp/u;
    %jmp/1 T_8.233, 6;
    %dup/vec4;
    %pushi/vec4 234, 0, 8;
    %cmp/u;
    %jmp/1 T_8.234, 6;
    %dup/vec4;
    %pushi/vec4 235, 0, 8;
    %cmp/u;
    %jmp/1 T_8.235, 6;
    %dup/vec4;
    %pushi/vec4 236, 0, 8;
    %cmp/u;
    %jmp/1 T_8.236, 6;
    %dup/vec4;
    %pushi/vec4 237, 0, 8;
    %cmp/u;
    %jmp/1 T_8.237, 6;
    %dup/vec4;
    %pushi/vec4 238, 0, 8;
    %cmp/u;
    %jmp/1 T_8.238, 6;
    %dup/vec4;
    %pushi/vec4 239, 0, 8;
    %cmp/u;
    %jmp/1 T_8.239, 6;
    %dup/vec4;
    %pushi/vec4 240, 0, 8;
    %cmp/u;
    %jmp/1 T_8.240, 6;
    %dup/vec4;
    %pushi/vec4 241, 0, 8;
    %cmp/u;
    %jmp/1 T_8.241, 6;
    %dup/vec4;
    %pushi/vec4 242, 0, 8;
    %cmp/u;
    %jmp/1 T_8.242, 6;
    %dup/vec4;
    %pushi/vec4 243, 0, 8;
    %cmp/u;
    %jmp/1 T_8.243, 6;
    %dup/vec4;
    %pushi/vec4 244, 0, 8;
    %cmp/u;
    %jmp/1 T_8.244, 6;
    %dup/vec4;
    %pushi/vec4 245, 0, 8;
    %cmp/u;
    %jmp/1 T_8.245, 6;
    %dup/vec4;
    %pushi/vec4 246, 0, 8;
    %cmp/u;
    %jmp/1 T_8.246, 6;
    %dup/vec4;
    %pushi/vec4 247, 0, 8;
    %cmp/u;
    %jmp/1 T_8.247, 6;
    %dup/vec4;
    %pushi/vec4 248, 0, 8;
    %cmp/u;
    %jmp/1 T_8.248, 6;
    %dup/vec4;
    %pushi/vec4 249, 0, 8;
    %cmp/u;
    %jmp/1 T_8.249, 6;
    %dup/vec4;
    %pushi/vec4 250, 0, 8;
    %cmp/u;
    %jmp/1 T_8.250, 6;
    %dup/vec4;
    %pushi/vec4 251, 0, 8;
    %cmp/u;
    %jmp/1 T_8.251, 6;
    %dup/vec4;
    %pushi/vec4 252, 0, 8;
    %cmp/u;
    %jmp/1 T_8.252, 6;
    %dup/vec4;
    %pushi/vec4 253, 0, 8;
    %cmp/u;
    %jmp/1 T_8.253, 6;
    %dup/vec4;
    %pushi/vec4 254, 0, 8;
    %cmp/u;
    %jmp/1 T_8.254, 6;
    %dup/vec4;
    %pushi/vec4 255, 0, 8;
    %cmp/u;
    %jmp/1 T_8.255, 6;
    %jmp T_8.256;
T_8.0 ;
    %pushi/vec4 99, 0, 8;
    %store/vec4 v000001f3eeb3c850_0, 0, 8;
    %jmp T_8.256;
T_8.1 ;
    %pushi/vec4 124, 0, 8;
    %store/vec4 v000001f3eeb3c850_0, 0, 8;
    %jmp T_8.256;
T_8.2 ;
    %pushi/vec4 119, 0, 8;
    %store/vec4 v000001f3eeb3c850_0, 0, 8;
    %jmp T_8.256;
T_8.3 ;
    %pushi/vec4 123, 0, 8;
    %store/vec4 v000001f3eeb3c850_0, 0, 8;
    %jmp T_8.256;
T_8.4 ;
    %pushi/vec4 242, 0, 8;
    %store/vec4 v000001f3eeb3c850_0, 0, 8;
    %jmp T_8.256;
T_8.5 ;
    %pushi/vec4 107, 0, 8;
    %store/vec4 v000001f3eeb3c850_0, 0, 8;
    %jmp T_8.256;
T_8.6 ;
    %pushi/vec4 111, 0, 8;
    %store/vec4 v000001f3eeb3c850_0, 0, 8;
    %jmp T_8.256;
T_8.7 ;
    %pushi/vec4 197, 0, 8;
    %store/vec4 v000001f3eeb3c850_0, 0, 8;
    %jmp T_8.256;
T_8.8 ;
    %pushi/vec4 48, 0, 8;
    %store/vec4 v000001f3eeb3c850_0, 0, 8;
    %jmp T_8.256;
T_8.9 ;
    %pushi/vec4 1, 0, 8;
    %store/vec4 v000001f3eeb3c850_0, 0, 8;
    %jmp T_8.256;
T_8.10 ;
    %pushi/vec4 103, 0, 8;
    %store/vec4 v000001f3eeb3c850_0, 0, 8;
    %jmp T_8.256;
T_8.11 ;
    %pushi/vec4 43, 0, 8;
    %store/vec4 v000001f3eeb3c850_0, 0, 8;
    %jmp T_8.256;
T_8.12 ;
    %pushi/vec4 254, 0, 8;
    %store/vec4 v000001f3eeb3c850_0, 0, 8;
    %jmp T_8.256;
T_8.13 ;
    %pushi/vec4 215, 0, 8;
    %store/vec4 v000001f3eeb3c850_0, 0, 8;
    %jmp T_8.256;
T_8.14 ;
    %pushi/vec4 171, 0, 8;
    %store/vec4 v000001f3eeb3c850_0, 0, 8;
    %jmp T_8.256;
T_8.15 ;
    %pushi/vec4 118, 0, 8;
    %store/vec4 v000001f3eeb3c850_0, 0, 8;
    %jmp T_8.256;
T_8.16 ;
    %pushi/vec4 202, 0, 8;
    %store/vec4 v000001f3eeb3c850_0, 0, 8;
    %jmp T_8.256;
T_8.17 ;
    %pushi/vec4 130, 0, 8;
    %store/vec4 v000001f3eeb3c850_0, 0, 8;
    %jmp T_8.256;
T_8.18 ;
    %pushi/vec4 201, 0, 8;
    %store/vec4 v000001f3eeb3c850_0, 0, 8;
    %jmp T_8.256;
T_8.19 ;
    %pushi/vec4 125, 0, 8;
    %store/vec4 v000001f3eeb3c850_0, 0, 8;
    %jmp T_8.256;
T_8.20 ;
    %pushi/vec4 250, 0, 8;
    %store/vec4 v000001f3eeb3c850_0, 0, 8;
    %jmp T_8.256;
T_8.21 ;
    %pushi/vec4 89, 0, 8;
    %store/vec4 v000001f3eeb3c850_0, 0, 8;
    %jmp T_8.256;
T_8.22 ;
    %pushi/vec4 71, 0, 8;
    %store/vec4 v000001f3eeb3c850_0, 0, 8;
    %jmp T_8.256;
T_8.23 ;
    %pushi/vec4 240, 0, 8;
    %store/vec4 v000001f3eeb3c850_0, 0, 8;
    %jmp T_8.256;
T_8.24 ;
    %pushi/vec4 173, 0, 8;
    %store/vec4 v000001f3eeb3c850_0, 0, 8;
    %jmp T_8.256;
T_8.25 ;
    %pushi/vec4 212, 0, 8;
    %store/vec4 v000001f3eeb3c850_0, 0, 8;
    %jmp T_8.256;
T_8.26 ;
    %pushi/vec4 162, 0, 8;
    %store/vec4 v000001f3eeb3c850_0, 0, 8;
    %jmp T_8.256;
T_8.27 ;
    %pushi/vec4 175, 0, 8;
    %store/vec4 v000001f3eeb3c850_0, 0, 8;
    %jmp T_8.256;
T_8.28 ;
    %pushi/vec4 156, 0, 8;
    %store/vec4 v000001f3eeb3c850_0, 0, 8;
    %jmp T_8.256;
T_8.29 ;
    %pushi/vec4 164, 0, 8;
    %store/vec4 v000001f3eeb3c850_0, 0, 8;
    %jmp T_8.256;
T_8.30 ;
    %pushi/vec4 114, 0, 8;
    %store/vec4 v000001f3eeb3c850_0, 0, 8;
    %jmp T_8.256;
T_8.31 ;
    %pushi/vec4 192, 0, 8;
    %store/vec4 v000001f3eeb3c850_0, 0, 8;
    %jmp T_8.256;
T_8.32 ;
    %pushi/vec4 183, 0, 8;
    %store/vec4 v000001f3eeb3c850_0, 0, 8;
    %jmp T_8.256;
T_8.33 ;
    %pushi/vec4 253, 0, 8;
    %store/vec4 v000001f3eeb3c850_0, 0, 8;
    %jmp T_8.256;
T_8.34 ;
    %pushi/vec4 147, 0, 8;
    %store/vec4 v000001f3eeb3c850_0, 0, 8;
    %jmp T_8.256;
T_8.35 ;
    %pushi/vec4 38, 0, 8;
    %store/vec4 v000001f3eeb3c850_0, 0, 8;
    %jmp T_8.256;
T_8.36 ;
    %pushi/vec4 54, 0, 8;
    %store/vec4 v000001f3eeb3c850_0, 0, 8;
    %jmp T_8.256;
T_8.37 ;
    %pushi/vec4 63, 0, 8;
    %store/vec4 v000001f3eeb3c850_0, 0, 8;
    %jmp T_8.256;
T_8.38 ;
    %pushi/vec4 247, 0, 8;
    %store/vec4 v000001f3eeb3c850_0, 0, 8;
    %jmp T_8.256;
T_8.39 ;
    %pushi/vec4 204, 0, 8;
    %store/vec4 v000001f3eeb3c850_0, 0, 8;
    %jmp T_8.256;
T_8.40 ;
    %pushi/vec4 52, 0, 8;
    %store/vec4 v000001f3eeb3c850_0, 0, 8;
    %jmp T_8.256;
T_8.41 ;
    %pushi/vec4 165, 0, 8;
    %store/vec4 v000001f3eeb3c850_0, 0, 8;
    %jmp T_8.256;
T_8.42 ;
    %pushi/vec4 229, 0, 8;
    %store/vec4 v000001f3eeb3c850_0, 0, 8;
    %jmp T_8.256;
T_8.43 ;
    %pushi/vec4 241, 0, 8;
    %store/vec4 v000001f3eeb3c850_0, 0, 8;
    %jmp T_8.256;
T_8.44 ;
    %pushi/vec4 113, 0, 8;
    %store/vec4 v000001f3eeb3c850_0, 0, 8;
    %jmp T_8.256;
T_8.45 ;
    %pushi/vec4 216, 0, 8;
    %store/vec4 v000001f3eeb3c850_0, 0, 8;
    %jmp T_8.256;
T_8.46 ;
    %pushi/vec4 49, 0, 8;
    %store/vec4 v000001f3eeb3c850_0, 0, 8;
    %jmp T_8.256;
T_8.47 ;
    %pushi/vec4 21, 0, 8;
    %store/vec4 v000001f3eeb3c850_0, 0, 8;
    %jmp T_8.256;
T_8.48 ;
    %pushi/vec4 4, 0, 8;
    %store/vec4 v000001f3eeb3c850_0, 0, 8;
    %jmp T_8.256;
T_8.49 ;
    %pushi/vec4 199, 0, 8;
    %store/vec4 v000001f3eeb3c850_0, 0, 8;
    %jmp T_8.256;
T_8.50 ;
    %pushi/vec4 35, 0, 8;
    %store/vec4 v000001f3eeb3c850_0, 0, 8;
    %jmp T_8.256;
T_8.51 ;
    %pushi/vec4 195, 0, 8;
    %store/vec4 v000001f3eeb3c850_0, 0, 8;
    %jmp T_8.256;
T_8.52 ;
    %pushi/vec4 24, 0, 8;
    %store/vec4 v000001f3eeb3c850_0, 0, 8;
    %jmp T_8.256;
T_8.53 ;
    %pushi/vec4 150, 0, 8;
    %store/vec4 v000001f3eeb3c850_0, 0, 8;
    %jmp T_8.256;
T_8.54 ;
    %pushi/vec4 5, 0, 8;
    %store/vec4 v000001f3eeb3c850_0, 0, 8;
    %jmp T_8.256;
T_8.55 ;
    %pushi/vec4 154, 0, 8;
    %store/vec4 v000001f3eeb3c850_0, 0, 8;
    %jmp T_8.256;
T_8.56 ;
    %pushi/vec4 7, 0, 8;
    %store/vec4 v000001f3eeb3c850_0, 0, 8;
    %jmp T_8.256;
T_8.57 ;
    %pushi/vec4 18, 0, 8;
    %store/vec4 v000001f3eeb3c850_0, 0, 8;
    %jmp T_8.256;
T_8.58 ;
    %pushi/vec4 128, 0, 8;
    %store/vec4 v000001f3eeb3c850_0, 0, 8;
    %jmp T_8.256;
T_8.59 ;
    %pushi/vec4 226, 0, 8;
    %store/vec4 v000001f3eeb3c850_0, 0, 8;
    %jmp T_8.256;
T_8.60 ;
    %pushi/vec4 235, 0, 8;
    %store/vec4 v000001f3eeb3c850_0, 0, 8;
    %jmp T_8.256;
T_8.61 ;
    %pushi/vec4 39, 0, 8;
    %store/vec4 v000001f3eeb3c850_0, 0, 8;
    %jmp T_8.256;
T_8.62 ;
    %pushi/vec4 178, 0, 8;
    %store/vec4 v000001f3eeb3c850_0, 0, 8;
    %jmp T_8.256;
T_8.63 ;
    %pushi/vec4 117, 0, 8;
    %store/vec4 v000001f3eeb3c850_0, 0, 8;
    %jmp T_8.256;
T_8.64 ;
    %pushi/vec4 9, 0, 8;
    %store/vec4 v000001f3eeb3c850_0, 0, 8;
    %jmp T_8.256;
T_8.65 ;
    %pushi/vec4 131, 0, 8;
    %store/vec4 v000001f3eeb3c850_0, 0, 8;
    %jmp T_8.256;
T_8.66 ;
    %pushi/vec4 44, 0, 8;
    %store/vec4 v000001f3eeb3c850_0, 0, 8;
    %jmp T_8.256;
T_8.67 ;
    %pushi/vec4 26, 0, 8;
    %store/vec4 v000001f3eeb3c850_0, 0, 8;
    %jmp T_8.256;
T_8.68 ;
    %pushi/vec4 27, 0, 8;
    %store/vec4 v000001f3eeb3c850_0, 0, 8;
    %jmp T_8.256;
T_8.69 ;
    %pushi/vec4 110, 0, 8;
    %store/vec4 v000001f3eeb3c850_0, 0, 8;
    %jmp T_8.256;
T_8.70 ;
    %pushi/vec4 90, 0, 8;
    %store/vec4 v000001f3eeb3c850_0, 0, 8;
    %jmp T_8.256;
T_8.71 ;
    %pushi/vec4 160, 0, 8;
    %store/vec4 v000001f3eeb3c850_0, 0, 8;
    %jmp T_8.256;
T_8.72 ;
    %pushi/vec4 82, 0, 8;
    %store/vec4 v000001f3eeb3c850_0, 0, 8;
    %jmp T_8.256;
T_8.73 ;
    %pushi/vec4 59, 0, 8;
    %store/vec4 v000001f3eeb3c850_0, 0, 8;
    %jmp T_8.256;
T_8.74 ;
    %pushi/vec4 214, 0, 8;
    %store/vec4 v000001f3eeb3c850_0, 0, 8;
    %jmp T_8.256;
T_8.75 ;
    %pushi/vec4 179, 0, 8;
    %store/vec4 v000001f3eeb3c850_0, 0, 8;
    %jmp T_8.256;
T_8.76 ;
    %pushi/vec4 41, 0, 8;
    %store/vec4 v000001f3eeb3c850_0, 0, 8;
    %jmp T_8.256;
T_8.77 ;
    %pushi/vec4 227, 0, 8;
    %store/vec4 v000001f3eeb3c850_0, 0, 8;
    %jmp T_8.256;
T_8.78 ;
    %pushi/vec4 47, 0, 8;
    %store/vec4 v000001f3eeb3c850_0, 0, 8;
    %jmp T_8.256;
T_8.79 ;
    %pushi/vec4 132, 0, 8;
    %store/vec4 v000001f3eeb3c850_0, 0, 8;
    %jmp T_8.256;
T_8.80 ;
    %pushi/vec4 83, 0, 8;
    %store/vec4 v000001f3eeb3c850_0, 0, 8;
    %jmp T_8.256;
T_8.81 ;
    %pushi/vec4 209, 0, 8;
    %store/vec4 v000001f3eeb3c850_0, 0, 8;
    %jmp T_8.256;
T_8.82 ;
    %pushi/vec4 0, 0, 8;
    %store/vec4 v000001f3eeb3c850_0, 0, 8;
    %jmp T_8.256;
T_8.83 ;
    %pushi/vec4 237, 0, 8;
    %store/vec4 v000001f3eeb3c850_0, 0, 8;
    %jmp T_8.256;
T_8.84 ;
    %pushi/vec4 32, 0, 8;
    %store/vec4 v000001f3eeb3c850_0, 0, 8;
    %jmp T_8.256;
T_8.85 ;
    %pushi/vec4 252, 0, 8;
    %store/vec4 v000001f3eeb3c850_0, 0, 8;
    %jmp T_8.256;
T_8.86 ;
    %pushi/vec4 177, 0, 8;
    %store/vec4 v000001f3eeb3c850_0, 0, 8;
    %jmp T_8.256;
T_8.87 ;
    %pushi/vec4 91, 0, 8;
    %store/vec4 v000001f3eeb3c850_0, 0, 8;
    %jmp T_8.256;
T_8.88 ;
    %pushi/vec4 106, 0, 8;
    %store/vec4 v000001f3eeb3c850_0, 0, 8;
    %jmp T_8.256;
T_8.89 ;
    %pushi/vec4 203, 0, 8;
    %store/vec4 v000001f3eeb3c850_0, 0, 8;
    %jmp T_8.256;
T_8.90 ;
    %pushi/vec4 190, 0, 8;
    %store/vec4 v000001f3eeb3c850_0, 0, 8;
    %jmp T_8.256;
T_8.91 ;
    %pushi/vec4 57, 0, 8;
    %store/vec4 v000001f3eeb3c850_0, 0, 8;
    %jmp T_8.256;
T_8.92 ;
    %pushi/vec4 74, 0, 8;
    %store/vec4 v000001f3eeb3c850_0, 0, 8;
    %jmp T_8.256;
T_8.93 ;
    %pushi/vec4 76, 0, 8;
    %store/vec4 v000001f3eeb3c850_0, 0, 8;
    %jmp T_8.256;
T_8.94 ;
    %pushi/vec4 88, 0, 8;
    %store/vec4 v000001f3eeb3c850_0, 0, 8;
    %jmp T_8.256;
T_8.95 ;
    %pushi/vec4 207, 0, 8;
    %store/vec4 v000001f3eeb3c850_0, 0, 8;
    %jmp T_8.256;
T_8.96 ;
    %pushi/vec4 208, 0, 8;
    %store/vec4 v000001f3eeb3c850_0, 0, 8;
    %jmp T_8.256;
T_8.97 ;
    %pushi/vec4 239, 0, 8;
    %store/vec4 v000001f3eeb3c850_0, 0, 8;
    %jmp T_8.256;
T_8.98 ;
    %pushi/vec4 170, 0, 8;
    %store/vec4 v000001f3eeb3c850_0, 0, 8;
    %jmp T_8.256;
T_8.99 ;
    %pushi/vec4 251, 0, 8;
    %store/vec4 v000001f3eeb3c850_0, 0, 8;
    %jmp T_8.256;
T_8.100 ;
    %pushi/vec4 67, 0, 8;
    %store/vec4 v000001f3eeb3c850_0, 0, 8;
    %jmp T_8.256;
T_8.101 ;
    %pushi/vec4 77, 0, 8;
    %store/vec4 v000001f3eeb3c850_0, 0, 8;
    %jmp T_8.256;
T_8.102 ;
    %pushi/vec4 51, 0, 8;
    %store/vec4 v000001f3eeb3c850_0, 0, 8;
    %jmp T_8.256;
T_8.103 ;
    %pushi/vec4 133, 0, 8;
    %store/vec4 v000001f3eeb3c850_0, 0, 8;
    %jmp T_8.256;
T_8.104 ;
    %pushi/vec4 69, 0, 8;
    %store/vec4 v000001f3eeb3c850_0, 0, 8;
    %jmp T_8.256;
T_8.105 ;
    %pushi/vec4 249, 0, 8;
    %store/vec4 v000001f3eeb3c850_0, 0, 8;
    %jmp T_8.256;
T_8.106 ;
    %pushi/vec4 2, 0, 8;
    %store/vec4 v000001f3eeb3c850_0, 0, 8;
    %jmp T_8.256;
T_8.107 ;
    %pushi/vec4 127, 0, 8;
    %store/vec4 v000001f3eeb3c850_0, 0, 8;
    %jmp T_8.256;
T_8.108 ;
    %pushi/vec4 80, 0, 8;
    %store/vec4 v000001f3eeb3c850_0, 0, 8;
    %jmp T_8.256;
T_8.109 ;
    %pushi/vec4 60, 0, 8;
    %store/vec4 v000001f3eeb3c850_0, 0, 8;
    %jmp T_8.256;
T_8.110 ;
    %pushi/vec4 159, 0, 8;
    %store/vec4 v000001f3eeb3c850_0, 0, 8;
    %jmp T_8.256;
T_8.111 ;
    %pushi/vec4 168, 0, 8;
    %store/vec4 v000001f3eeb3c850_0, 0, 8;
    %jmp T_8.256;
T_8.112 ;
    %pushi/vec4 81, 0, 8;
    %store/vec4 v000001f3eeb3c850_0, 0, 8;
    %jmp T_8.256;
T_8.113 ;
    %pushi/vec4 163, 0, 8;
    %store/vec4 v000001f3eeb3c850_0, 0, 8;
    %jmp T_8.256;
T_8.114 ;
    %pushi/vec4 64, 0, 8;
    %store/vec4 v000001f3eeb3c850_0, 0, 8;
    %jmp T_8.256;
T_8.115 ;
    %pushi/vec4 143, 0, 8;
    %store/vec4 v000001f3eeb3c850_0, 0, 8;
    %jmp T_8.256;
T_8.116 ;
    %pushi/vec4 146, 0, 8;
    %store/vec4 v000001f3eeb3c850_0, 0, 8;
    %jmp T_8.256;
T_8.117 ;
    %pushi/vec4 157, 0, 8;
    %store/vec4 v000001f3eeb3c850_0, 0, 8;
    %jmp T_8.256;
T_8.118 ;
    %pushi/vec4 56, 0, 8;
    %store/vec4 v000001f3eeb3c850_0, 0, 8;
    %jmp T_8.256;
T_8.119 ;
    %pushi/vec4 245, 0, 8;
    %store/vec4 v000001f3eeb3c850_0, 0, 8;
    %jmp T_8.256;
T_8.120 ;
    %pushi/vec4 188, 0, 8;
    %store/vec4 v000001f3eeb3c850_0, 0, 8;
    %jmp T_8.256;
T_8.121 ;
    %pushi/vec4 182, 0, 8;
    %store/vec4 v000001f3eeb3c850_0, 0, 8;
    %jmp T_8.256;
T_8.122 ;
    %pushi/vec4 218, 0, 8;
    %store/vec4 v000001f3eeb3c850_0, 0, 8;
    %jmp T_8.256;
T_8.123 ;
    %pushi/vec4 33, 0, 8;
    %store/vec4 v000001f3eeb3c850_0, 0, 8;
    %jmp T_8.256;
T_8.124 ;
    %pushi/vec4 16, 0, 8;
    %store/vec4 v000001f3eeb3c850_0, 0, 8;
    %jmp T_8.256;
T_8.125 ;
    %pushi/vec4 255, 0, 8;
    %store/vec4 v000001f3eeb3c850_0, 0, 8;
    %jmp T_8.256;
T_8.126 ;
    %pushi/vec4 243, 0, 8;
    %store/vec4 v000001f3eeb3c850_0, 0, 8;
    %jmp T_8.256;
T_8.127 ;
    %pushi/vec4 210, 0, 8;
    %store/vec4 v000001f3eeb3c850_0, 0, 8;
    %jmp T_8.256;
T_8.128 ;
    %pushi/vec4 205, 0, 8;
    %store/vec4 v000001f3eeb3c850_0, 0, 8;
    %jmp T_8.256;
T_8.129 ;
    %pushi/vec4 12, 0, 8;
    %store/vec4 v000001f3eeb3c850_0, 0, 8;
    %jmp T_8.256;
T_8.130 ;
    %pushi/vec4 19, 0, 8;
    %store/vec4 v000001f3eeb3c850_0, 0, 8;
    %jmp T_8.256;
T_8.131 ;
    %pushi/vec4 236, 0, 8;
    %store/vec4 v000001f3eeb3c850_0, 0, 8;
    %jmp T_8.256;
T_8.132 ;
    %pushi/vec4 95, 0, 8;
    %store/vec4 v000001f3eeb3c850_0, 0, 8;
    %jmp T_8.256;
T_8.133 ;
    %pushi/vec4 151, 0, 8;
    %store/vec4 v000001f3eeb3c850_0, 0, 8;
    %jmp T_8.256;
T_8.134 ;
    %pushi/vec4 68, 0, 8;
    %store/vec4 v000001f3eeb3c850_0, 0, 8;
    %jmp T_8.256;
T_8.135 ;
    %pushi/vec4 23, 0, 8;
    %store/vec4 v000001f3eeb3c850_0, 0, 8;
    %jmp T_8.256;
T_8.136 ;
    %pushi/vec4 196, 0, 8;
    %store/vec4 v000001f3eeb3c850_0, 0, 8;
    %jmp T_8.256;
T_8.137 ;
    %pushi/vec4 167, 0, 8;
    %store/vec4 v000001f3eeb3c850_0, 0, 8;
    %jmp T_8.256;
T_8.138 ;
    %pushi/vec4 126, 0, 8;
    %store/vec4 v000001f3eeb3c850_0, 0, 8;
    %jmp T_8.256;
T_8.139 ;
    %pushi/vec4 61, 0, 8;
    %store/vec4 v000001f3eeb3c850_0, 0, 8;
    %jmp T_8.256;
T_8.140 ;
    %pushi/vec4 100, 0, 8;
    %store/vec4 v000001f3eeb3c850_0, 0, 8;
    %jmp T_8.256;
T_8.141 ;
    %pushi/vec4 93, 0, 8;
    %store/vec4 v000001f3eeb3c850_0, 0, 8;
    %jmp T_8.256;
T_8.142 ;
    %pushi/vec4 25, 0, 8;
    %store/vec4 v000001f3eeb3c850_0, 0, 8;
    %jmp T_8.256;
T_8.143 ;
    %pushi/vec4 115, 0, 8;
    %store/vec4 v000001f3eeb3c850_0, 0, 8;
    %jmp T_8.256;
T_8.144 ;
    %pushi/vec4 96, 0, 8;
    %store/vec4 v000001f3eeb3c850_0, 0, 8;
    %jmp T_8.256;
T_8.145 ;
    %pushi/vec4 129, 0, 8;
    %store/vec4 v000001f3eeb3c850_0, 0, 8;
    %jmp T_8.256;
T_8.146 ;
    %pushi/vec4 79, 0, 8;
    %store/vec4 v000001f3eeb3c850_0, 0, 8;
    %jmp T_8.256;
T_8.147 ;
    %pushi/vec4 220, 0, 8;
    %store/vec4 v000001f3eeb3c850_0, 0, 8;
    %jmp T_8.256;
T_8.148 ;
    %pushi/vec4 34, 0, 8;
    %store/vec4 v000001f3eeb3c850_0, 0, 8;
    %jmp T_8.256;
T_8.149 ;
    %pushi/vec4 42, 0, 8;
    %store/vec4 v000001f3eeb3c850_0, 0, 8;
    %jmp T_8.256;
T_8.150 ;
    %pushi/vec4 144, 0, 8;
    %store/vec4 v000001f3eeb3c850_0, 0, 8;
    %jmp T_8.256;
T_8.151 ;
    %pushi/vec4 136, 0, 8;
    %store/vec4 v000001f3eeb3c850_0, 0, 8;
    %jmp T_8.256;
T_8.152 ;
    %pushi/vec4 70, 0, 8;
    %store/vec4 v000001f3eeb3c850_0, 0, 8;
    %jmp T_8.256;
T_8.153 ;
    %pushi/vec4 238, 0, 8;
    %store/vec4 v000001f3eeb3c850_0, 0, 8;
    %jmp T_8.256;
T_8.154 ;
    %pushi/vec4 184, 0, 8;
    %store/vec4 v000001f3eeb3c850_0, 0, 8;
    %jmp T_8.256;
T_8.155 ;
    %pushi/vec4 20, 0, 8;
    %store/vec4 v000001f3eeb3c850_0, 0, 8;
    %jmp T_8.256;
T_8.156 ;
    %pushi/vec4 222, 0, 8;
    %store/vec4 v000001f3eeb3c850_0, 0, 8;
    %jmp T_8.256;
T_8.157 ;
    %pushi/vec4 94, 0, 8;
    %store/vec4 v000001f3eeb3c850_0, 0, 8;
    %jmp T_8.256;
T_8.158 ;
    %pushi/vec4 11, 0, 8;
    %store/vec4 v000001f3eeb3c850_0, 0, 8;
    %jmp T_8.256;
T_8.159 ;
    %pushi/vec4 219, 0, 8;
    %store/vec4 v000001f3eeb3c850_0, 0, 8;
    %jmp T_8.256;
T_8.160 ;
    %pushi/vec4 224, 0, 8;
    %store/vec4 v000001f3eeb3c850_0, 0, 8;
    %jmp T_8.256;
T_8.161 ;
    %pushi/vec4 50, 0, 8;
    %store/vec4 v000001f3eeb3c850_0, 0, 8;
    %jmp T_8.256;
T_8.162 ;
    %pushi/vec4 58, 0, 8;
    %store/vec4 v000001f3eeb3c850_0, 0, 8;
    %jmp T_8.256;
T_8.163 ;
    %pushi/vec4 10, 0, 8;
    %store/vec4 v000001f3eeb3c850_0, 0, 8;
    %jmp T_8.256;
T_8.164 ;
    %pushi/vec4 73, 0, 8;
    %store/vec4 v000001f3eeb3c850_0, 0, 8;
    %jmp T_8.256;
T_8.165 ;
    %pushi/vec4 6, 0, 8;
    %store/vec4 v000001f3eeb3c850_0, 0, 8;
    %jmp T_8.256;
T_8.166 ;
    %pushi/vec4 36, 0, 8;
    %store/vec4 v000001f3eeb3c850_0, 0, 8;
    %jmp T_8.256;
T_8.167 ;
    %pushi/vec4 92, 0, 8;
    %store/vec4 v000001f3eeb3c850_0, 0, 8;
    %jmp T_8.256;
T_8.168 ;
    %pushi/vec4 194, 0, 8;
    %store/vec4 v000001f3eeb3c850_0, 0, 8;
    %jmp T_8.256;
T_8.169 ;
    %pushi/vec4 211, 0, 8;
    %store/vec4 v000001f3eeb3c850_0, 0, 8;
    %jmp T_8.256;
T_8.170 ;
    %pushi/vec4 172, 0, 8;
    %store/vec4 v000001f3eeb3c850_0, 0, 8;
    %jmp T_8.256;
T_8.171 ;
    %pushi/vec4 98, 0, 8;
    %store/vec4 v000001f3eeb3c850_0, 0, 8;
    %jmp T_8.256;
T_8.172 ;
    %pushi/vec4 145, 0, 8;
    %store/vec4 v000001f3eeb3c850_0, 0, 8;
    %jmp T_8.256;
T_8.173 ;
    %pushi/vec4 149, 0, 8;
    %store/vec4 v000001f3eeb3c850_0, 0, 8;
    %jmp T_8.256;
T_8.174 ;
    %pushi/vec4 228, 0, 8;
    %store/vec4 v000001f3eeb3c850_0, 0, 8;
    %jmp T_8.256;
T_8.175 ;
    %pushi/vec4 121, 0, 8;
    %store/vec4 v000001f3eeb3c850_0, 0, 8;
    %jmp T_8.256;
T_8.176 ;
    %pushi/vec4 231, 0, 8;
    %store/vec4 v000001f3eeb3c850_0, 0, 8;
    %jmp T_8.256;
T_8.177 ;
    %pushi/vec4 200, 0, 8;
    %store/vec4 v000001f3eeb3c850_0, 0, 8;
    %jmp T_8.256;
T_8.178 ;
    %pushi/vec4 55, 0, 8;
    %store/vec4 v000001f3eeb3c850_0, 0, 8;
    %jmp T_8.256;
T_8.179 ;
    %pushi/vec4 109, 0, 8;
    %store/vec4 v000001f3eeb3c850_0, 0, 8;
    %jmp T_8.256;
T_8.180 ;
    %pushi/vec4 141, 0, 8;
    %store/vec4 v000001f3eeb3c850_0, 0, 8;
    %jmp T_8.256;
T_8.181 ;
    %pushi/vec4 213, 0, 8;
    %store/vec4 v000001f3eeb3c850_0, 0, 8;
    %jmp T_8.256;
T_8.182 ;
    %pushi/vec4 78, 0, 8;
    %store/vec4 v000001f3eeb3c850_0, 0, 8;
    %jmp T_8.256;
T_8.183 ;
    %pushi/vec4 169, 0, 8;
    %store/vec4 v000001f3eeb3c850_0, 0, 8;
    %jmp T_8.256;
T_8.184 ;
    %pushi/vec4 108, 0, 8;
    %store/vec4 v000001f3eeb3c850_0, 0, 8;
    %jmp T_8.256;
T_8.185 ;
    %pushi/vec4 86, 0, 8;
    %store/vec4 v000001f3eeb3c850_0, 0, 8;
    %jmp T_8.256;
T_8.186 ;
    %pushi/vec4 244, 0, 8;
    %store/vec4 v000001f3eeb3c850_0, 0, 8;
    %jmp T_8.256;
T_8.187 ;
    %pushi/vec4 234, 0, 8;
    %store/vec4 v000001f3eeb3c850_0, 0, 8;
    %jmp T_8.256;
T_8.188 ;
    %pushi/vec4 101, 0, 8;
    %store/vec4 v000001f3eeb3c850_0, 0, 8;
    %jmp T_8.256;
T_8.189 ;
    %pushi/vec4 122, 0, 8;
    %store/vec4 v000001f3eeb3c850_0, 0, 8;
    %jmp T_8.256;
T_8.190 ;
    %pushi/vec4 174, 0, 8;
    %store/vec4 v000001f3eeb3c850_0, 0, 8;
    %jmp T_8.256;
T_8.191 ;
    %pushi/vec4 8, 0, 8;
    %store/vec4 v000001f3eeb3c850_0, 0, 8;
    %jmp T_8.256;
T_8.192 ;
    %pushi/vec4 186, 0, 8;
    %store/vec4 v000001f3eeb3c850_0, 0, 8;
    %jmp T_8.256;
T_8.193 ;
    %pushi/vec4 120, 0, 8;
    %store/vec4 v000001f3eeb3c850_0, 0, 8;
    %jmp T_8.256;
T_8.194 ;
    %pushi/vec4 37, 0, 8;
    %store/vec4 v000001f3eeb3c850_0, 0, 8;
    %jmp T_8.256;
T_8.195 ;
    %pushi/vec4 46, 0, 8;
    %store/vec4 v000001f3eeb3c850_0, 0, 8;
    %jmp T_8.256;
T_8.196 ;
    %pushi/vec4 28, 0, 8;
    %store/vec4 v000001f3eeb3c850_0, 0, 8;
    %jmp T_8.256;
T_8.197 ;
    %pushi/vec4 166, 0, 8;
    %store/vec4 v000001f3eeb3c850_0, 0, 8;
    %jmp T_8.256;
T_8.198 ;
    %pushi/vec4 180, 0, 8;
    %store/vec4 v000001f3eeb3c850_0, 0, 8;
    %jmp T_8.256;
T_8.199 ;
    %pushi/vec4 198, 0, 8;
    %store/vec4 v000001f3eeb3c850_0, 0, 8;
    %jmp T_8.256;
T_8.200 ;
    %pushi/vec4 232, 0, 8;
    %store/vec4 v000001f3eeb3c850_0, 0, 8;
    %jmp T_8.256;
T_8.201 ;
    %pushi/vec4 221, 0, 8;
    %store/vec4 v000001f3eeb3c850_0, 0, 8;
    %jmp T_8.256;
T_8.202 ;
    %pushi/vec4 116, 0, 8;
    %store/vec4 v000001f3eeb3c850_0, 0, 8;
    %jmp T_8.256;
T_8.203 ;
    %pushi/vec4 31, 0, 8;
    %store/vec4 v000001f3eeb3c850_0, 0, 8;
    %jmp T_8.256;
T_8.204 ;
    %pushi/vec4 75, 0, 8;
    %store/vec4 v000001f3eeb3c850_0, 0, 8;
    %jmp T_8.256;
T_8.205 ;
    %pushi/vec4 189, 0, 8;
    %store/vec4 v000001f3eeb3c850_0, 0, 8;
    %jmp T_8.256;
T_8.206 ;
    %pushi/vec4 139, 0, 8;
    %store/vec4 v000001f3eeb3c850_0, 0, 8;
    %jmp T_8.256;
T_8.207 ;
    %pushi/vec4 138, 0, 8;
    %store/vec4 v000001f3eeb3c850_0, 0, 8;
    %jmp T_8.256;
T_8.208 ;
    %pushi/vec4 112, 0, 8;
    %store/vec4 v000001f3eeb3c850_0, 0, 8;
    %jmp T_8.256;
T_8.209 ;
    %pushi/vec4 62, 0, 8;
    %store/vec4 v000001f3eeb3c850_0, 0, 8;
    %jmp T_8.256;
T_8.210 ;
    %pushi/vec4 181, 0, 8;
    %store/vec4 v000001f3eeb3c850_0, 0, 8;
    %jmp T_8.256;
T_8.211 ;
    %pushi/vec4 102, 0, 8;
    %store/vec4 v000001f3eeb3c850_0, 0, 8;
    %jmp T_8.256;
T_8.212 ;
    %pushi/vec4 72, 0, 8;
    %store/vec4 v000001f3eeb3c850_0, 0, 8;
    %jmp T_8.256;
T_8.213 ;
    %pushi/vec4 3, 0, 8;
    %store/vec4 v000001f3eeb3c850_0, 0, 8;
    %jmp T_8.256;
T_8.214 ;
    %pushi/vec4 246, 0, 8;
    %store/vec4 v000001f3eeb3c850_0, 0, 8;
    %jmp T_8.256;
T_8.215 ;
    %pushi/vec4 14, 0, 8;
    %store/vec4 v000001f3eeb3c850_0, 0, 8;
    %jmp T_8.256;
T_8.216 ;
    %pushi/vec4 97, 0, 8;
    %store/vec4 v000001f3eeb3c850_0, 0, 8;
    %jmp T_8.256;
T_8.217 ;
    %pushi/vec4 53, 0, 8;
    %store/vec4 v000001f3eeb3c850_0, 0, 8;
    %jmp T_8.256;
T_8.218 ;
    %pushi/vec4 87, 0, 8;
    %store/vec4 v000001f3eeb3c850_0, 0, 8;
    %jmp T_8.256;
T_8.219 ;
    %pushi/vec4 185, 0, 8;
    %store/vec4 v000001f3eeb3c850_0, 0, 8;
    %jmp T_8.256;
T_8.220 ;
    %pushi/vec4 134, 0, 8;
    %store/vec4 v000001f3eeb3c850_0, 0, 8;
    %jmp T_8.256;
T_8.221 ;
    %pushi/vec4 193, 0, 8;
    %store/vec4 v000001f3eeb3c850_0, 0, 8;
    %jmp T_8.256;
T_8.222 ;
    %pushi/vec4 29, 0, 8;
    %store/vec4 v000001f3eeb3c850_0, 0, 8;
    %jmp T_8.256;
T_8.223 ;
    %pushi/vec4 158, 0, 8;
    %store/vec4 v000001f3eeb3c850_0, 0, 8;
    %jmp T_8.256;
T_8.224 ;
    %pushi/vec4 225, 0, 8;
    %store/vec4 v000001f3eeb3c850_0, 0, 8;
    %jmp T_8.256;
T_8.225 ;
    %pushi/vec4 248, 0, 8;
    %store/vec4 v000001f3eeb3c850_0, 0, 8;
    %jmp T_8.256;
T_8.226 ;
    %pushi/vec4 152, 0, 8;
    %store/vec4 v000001f3eeb3c850_0, 0, 8;
    %jmp T_8.256;
T_8.227 ;
    %pushi/vec4 17, 0, 8;
    %store/vec4 v000001f3eeb3c850_0, 0, 8;
    %jmp T_8.256;
T_8.228 ;
    %pushi/vec4 105, 0, 8;
    %store/vec4 v000001f3eeb3c850_0, 0, 8;
    %jmp T_8.256;
T_8.229 ;
    %pushi/vec4 217, 0, 8;
    %store/vec4 v000001f3eeb3c850_0, 0, 8;
    %jmp T_8.256;
T_8.230 ;
    %pushi/vec4 142, 0, 8;
    %store/vec4 v000001f3eeb3c850_0, 0, 8;
    %jmp T_8.256;
T_8.231 ;
    %pushi/vec4 148, 0, 8;
    %store/vec4 v000001f3eeb3c850_0, 0, 8;
    %jmp T_8.256;
T_8.232 ;
    %pushi/vec4 155, 0, 8;
    %store/vec4 v000001f3eeb3c850_0, 0, 8;
    %jmp T_8.256;
T_8.233 ;
    %pushi/vec4 30, 0, 8;
    %store/vec4 v000001f3eeb3c850_0, 0, 8;
    %jmp T_8.256;
T_8.234 ;
    %pushi/vec4 135, 0, 8;
    %store/vec4 v000001f3eeb3c850_0, 0, 8;
    %jmp T_8.256;
T_8.235 ;
    %pushi/vec4 233, 0, 8;
    %store/vec4 v000001f3eeb3c850_0, 0, 8;
    %jmp T_8.256;
T_8.236 ;
    %pushi/vec4 206, 0, 8;
    %store/vec4 v000001f3eeb3c850_0, 0, 8;
    %jmp T_8.256;
T_8.237 ;
    %pushi/vec4 85, 0, 8;
    %store/vec4 v000001f3eeb3c850_0, 0, 8;
    %jmp T_8.256;
T_8.238 ;
    %pushi/vec4 40, 0, 8;
    %store/vec4 v000001f3eeb3c850_0, 0, 8;
    %jmp T_8.256;
T_8.239 ;
    %pushi/vec4 223, 0, 8;
    %store/vec4 v000001f3eeb3c850_0, 0, 8;
    %jmp T_8.256;
T_8.240 ;
    %pushi/vec4 140, 0, 8;
    %store/vec4 v000001f3eeb3c850_0, 0, 8;
    %jmp T_8.256;
T_8.241 ;
    %pushi/vec4 161, 0, 8;
    %store/vec4 v000001f3eeb3c850_0, 0, 8;
    %jmp T_8.256;
T_8.242 ;
    %pushi/vec4 137, 0, 8;
    %store/vec4 v000001f3eeb3c850_0, 0, 8;
    %jmp T_8.256;
T_8.243 ;
    %pushi/vec4 13, 0, 8;
    %store/vec4 v000001f3eeb3c850_0, 0, 8;
    %jmp T_8.256;
T_8.244 ;
    %pushi/vec4 191, 0, 8;
    %store/vec4 v000001f3eeb3c850_0, 0, 8;
    %jmp T_8.256;
T_8.245 ;
    %pushi/vec4 230, 0, 8;
    %store/vec4 v000001f3eeb3c850_0, 0, 8;
    %jmp T_8.256;
T_8.246 ;
    %pushi/vec4 66, 0, 8;
    %store/vec4 v000001f3eeb3c850_0, 0, 8;
    %jmp T_8.256;
T_8.247 ;
    %pushi/vec4 104, 0, 8;
    %store/vec4 v000001f3eeb3c850_0, 0, 8;
    %jmp T_8.256;
T_8.248 ;
    %pushi/vec4 65, 0, 8;
    %store/vec4 v000001f3eeb3c850_0, 0, 8;
    %jmp T_8.256;
T_8.249 ;
    %pushi/vec4 153, 0, 8;
    %store/vec4 v000001f3eeb3c850_0, 0, 8;
    %jmp T_8.256;
T_8.250 ;
    %pushi/vec4 45, 0, 8;
    %store/vec4 v000001f3eeb3c850_0, 0, 8;
    %jmp T_8.256;
T_8.251 ;
    %pushi/vec4 15, 0, 8;
    %store/vec4 v000001f3eeb3c850_0, 0, 8;
    %jmp T_8.256;
T_8.252 ;
    %pushi/vec4 176, 0, 8;
    %store/vec4 v000001f3eeb3c850_0, 0, 8;
    %jmp T_8.256;
T_8.253 ;
    %pushi/vec4 84, 0, 8;
    %store/vec4 v000001f3eeb3c850_0, 0, 8;
    %jmp T_8.256;
T_8.254 ;
    %pushi/vec4 187, 0, 8;
    %store/vec4 v000001f3eeb3c850_0, 0, 8;
    %jmp T_8.256;
T_8.255 ;
    %pushi/vec4 22, 0, 8;
    %store/vec4 v000001f3eeb3c850_0, 0, 8;
    %jmp T_8.256;
T_8.256 ;
    %pop/vec4 1;
    %jmp T_8;
    .thread T_8, $push;
    .scope S_000001f3eeb3b570;
T_9 ;
    %wait E_000001f3eeabec80;
    %load/vec4 v000001f3eeb3c3f0_0;
    %dup/vec4;
    %pushi/vec4 0, 0, 8;
    %cmp/u;
    %jmp/1 T_9.0, 6;
    %dup/vec4;
    %pushi/vec4 1, 0, 8;
    %cmp/u;
    %jmp/1 T_9.1, 6;
    %dup/vec4;
    %pushi/vec4 2, 0, 8;
    %cmp/u;
    %jmp/1 T_9.2, 6;
    %dup/vec4;
    %pushi/vec4 3, 0, 8;
    %cmp/u;
    %jmp/1 T_9.3, 6;
    %dup/vec4;
    %pushi/vec4 4, 0, 8;
    %cmp/u;
    %jmp/1 T_9.4, 6;
    %dup/vec4;
    %pushi/vec4 5, 0, 8;
    %cmp/u;
    %jmp/1 T_9.5, 6;
    %dup/vec4;
    %pushi/vec4 6, 0, 8;
    %cmp/u;
    %jmp/1 T_9.6, 6;
    %dup/vec4;
    %pushi/vec4 7, 0, 8;
    %cmp/u;
    %jmp/1 T_9.7, 6;
    %dup/vec4;
    %pushi/vec4 8, 0, 8;
    %cmp/u;
    %jmp/1 T_9.8, 6;
    %dup/vec4;
    %pushi/vec4 9, 0, 8;
    %cmp/u;
    %jmp/1 T_9.9, 6;
    %dup/vec4;
    %pushi/vec4 10, 0, 8;
    %cmp/u;
    %jmp/1 T_9.10, 6;
    %dup/vec4;
    %pushi/vec4 11, 0, 8;
    %cmp/u;
    %jmp/1 T_9.11, 6;
    %dup/vec4;
    %pushi/vec4 12, 0, 8;
    %cmp/u;
    %jmp/1 T_9.12, 6;
    %dup/vec4;
    %pushi/vec4 13, 0, 8;
    %cmp/u;
    %jmp/1 T_9.13, 6;
    %dup/vec4;
    %pushi/vec4 14, 0, 8;
    %cmp/u;
    %jmp/1 T_9.14, 6;
    %dup/vec4;
    %pushi/vec4 15, 0, 8;
    %cmp/u;
    %jmp/1 T_9.15, 6;
    %dup/vec4;
    %pushi/vec4 16, 0, 8;
    %cmp/u;
    %jmp/1 T_9.16, 6;
    %dup/vec4;
    %pushi/vec4 17, 0, 8;
    %cmp/u;
    %jmp/1 T_9.17, 6;
    %dup/vec4;
    %pushi/vec4 18, 0, 8;
    %cmp/u;
    %jmp/1 T_9.18, 6;
    %dup/vec4;
    %pushi/vec4 19, 0, 8;
    %cmp/u;
    %jmp/1 T_9.19, 6;
    %dup/vec4;
    %pushi/vec4 20, 0, 8;
    %cmp/u;
    %jmp/1 T_9.20, 6;
    %dup/vec4;
    %pushi/vec4 21, 0, 8;
    %cmp/u;
    %jmp/1 T_9.21, 6;
    %dup/vec4;
    %pushi/vec4 22, 0, 8;
    %cmp/u;
    %jmp/1 T_9.22, 6;
    %dup/vec4;
    %pushi/vec4 23, 0, 8;
    %cmp/u;
    %jmp/1 T_9.23, 6;
    %dup/vec4;
    %pushi/vec4 24, 0, 8;
    %cmp/u;
    %jmp/1 T_9.24, 6;
    %dup/vec4;
    %pushi/vec4 25, 0, 8;
    %cmp/u;
    %jmp/1 T_9.25, 6;
    %dup/vec4;
    %pushi/vec4 26, 0, 8;
    %cmp/u;
    %jmp/1 T_9.26, 6;
    %dup/vec4;
    %pushi/vec4 27, 0, 8;
    %cmp/u;
    %jmp/1 T_9.27, 6;
    %dup/vec4;
    %pushi/vec4 28, 0, 8;
    %cmp/u;
    %jmp/1 T_9.28, 6;
    %dup/vec4;
    %pushi/vec4 29, 0, 8;
    %cmp/u;
    %jmp/1 T_9.29, 6;
    %dup/vec4;
    %pushi/vec4 30, 0, 8;
    %cmp/u;
    %jmp/1 T_9.30, 6;
    %dup/vec4;
    %pushi/vec4 31, 0, 8;
    %cmp/u;
    %jmp/1 T_9.31, 6;
    %dup/vec4;
    %pushi/vec4 32, 0, 8;
    %cmp/u;
    %jmp/1 T_9.32, 6;
    %dup/vec4;
    %pushi/vec4 33, 0, 8;
    %cmp/u;
    %jmp/1 T_9.33, 6;
    %dup/vec4;
    %pushi/vec4 34, 0, 8;
    %cmp/u;
    %jmp/1 T_9.34, 6;
    %dup/vec4;
    %pushi/vec4 35, 0, 8;
    %cmp/u;
    %jmp/1 T_9.35, 6;
    %dup/vec4;
    %pushi/vec4 36, 0, 8;
    %cmp/u;
    %jmp/1 T_9.36, 6;
    %dup/vec4;
    %pushi/vec4 37, 0, 8;
    %cmp/u;
    %jmp/1 T_9.37, 6;
    %dup/vec4;
    %pushi/vec4 38, 0, 8;
    %cmp/u;
    %jmp/1 T_9.38, 6;
    %dup/vec4;
    %pushi/vec4 39, 0, 8;
    %cmp/u;
    %jmp/1 T_9.39, 6;
    %dup/vec4;
    %pushi/vec4 40, 0, 8;
    %cmp/u;
    %jmp/1 T_9.40, 6;
    %dup/vec4;
    %pushi/vec4 41, 0, 8;
    %cmp/u;
    %jmp/1 T_9.41, 6;
    %dup/vec4;
    %pushi/vec4 42, 0, 8;
    %cmp/u;
    %jmp/1 T_9.42, 6;
    %dup/vec4;
    %pushi/vec4 43, 0, 8;
    %cmp/u;
    %jmp/1 T_9.43, 6;
    %dup/vec4;
    %pushi/vec4 44, 0, 8;
    %cmp/u;
    %jmp/1 T_9.44, 6;
    %dup/vec4;
    %pushi/vec4 45, 0, 8;
    %cmp/u;
    %jmp/1 T_9.45, 6;
    %dup/vec4;
    %pushi/vec4 46, 0, 8;
    %cmp/u;
    %jmp/1 T_9.46, 6;
    %dup/vec4;
    %pushi/vec4 47, 0, 8;
    %cmp/u;
    %jmp/1 T_9.47, 6;
    %dup/vec4;
    %pushi/vec4 48, 0, 8;
    %cmp/u;
    %jmp/1 T_9.48, 6;
    %dup/vec4;
    %pushi/vec4 49, 0, 8;
    %cmp/u;
    %jmp/1 T_9.49, 6;
    %dup/vec4;
    %pushi/vec4 50, 0, 8;
    %cmp/u;
    %jmp/1 T_9.50, 6;
    %dup/vec4;
    %pushi/vec4 51, 0, 8;
    %cmp/u;
    %jmp/1 T_9.51, 6;
    %dup/vec4;
    %pushi/vec4 52, 0, 8;
    %cmp/u;
    %jmp/1 T_9.52, 6;
    %dup/vec4;
    %pushi/vec4 53, 0, 8;
    %cmp/u;
    %jmp/1 T_9.53, 6;
    %dup/vec4;
    %pushi/vec4 54, 0, 8;
    %cmp/u;
    %jmp/1 T_9.54, 6;
    %dup/vec4;
    %pushi/vec4 55, 0, 8;
    %cmp/u;
    %jmp/1 T_9.55, 6;
    %dup/vec4;
    %pushi/vec4 56, 0, 8;
    %cmp/u;
    %jmp/1 T_9.56, 6;
    %dup/vec4;
    %pushi/vec4 57, 0, 8;
    %cmp/u;
    %jmp/1 T_9.57, 6;
    %dup/vec4;
    %pushi/vec4 58, 0, 8;
    %cmp/u;
    %jmp/1 T_9.58, 6;
    %dup/vec4;
    %pushi/vec4 59, 0, 8;
    %cmp/u;
    %jmp/1 T_9.59, 6;
    %dup/vec4;
    %pushi/vec4 60, 0, 8;
    %cmp/u;
    %jmp/1 T_9.60, 6;
    %dup/vec4;
    %pushi/vec4 61, 0, 8;
    %cmp/u;
    %jmp/1 T_9.61, 6;
    %dup/vec4;
    %pushi/vec4 62, 0, 8;
    %cmp/u;
    %jmp/1 T_9.62, 6;
    %dup/vec4;
    %pushi/vec4 63, 0, 8;
    %cmp/u;
    %jmp/1 T_9.63, 6;
    %dup/vec4;
    %pushi/vec4 64, 0, 8;
    %cmp/u;
    %jmp/1 T_9.64, 6;
    %dup/vec4;
    %pushi/vec4 65, 0, 8;
    %cmp/u;
    %jmp/1 T_9.65, 6;
    %dup/vec4;
    %pushi/vec4 66, 0, 8;
    %cmp/u;
    %jmp/1 T_9.66, 6;
    %dup/vec4;
    %pushi/vec4 67, 0, 8;
    %cmp/u;
    %jmp/1 T_9.67, 6;
    %dup/vec4;
    %pushi/vec4 68, 0, 8;
    %cmp/u;
    %jmp/1 T_9.68, 6;
    %dup/vec4;
    %pushi/vec4 69, 0, 8;
    %cmp/u;
    %jmp/1 T_9.69, 6;
    %dup/vec4;
    %pushi/vec4 70, 0, 8;
    %cmp/u;
    %jmp/1 T_9.70, 6;
    %dup/vec4;
    %pushi/vec4 71, 0, 8;
    %cmp/u;
    %jmp/1 T_9.71, 6;
    %dup/vec4;
    %pushi/vec4 72, 0, 8;
    %cmp/u;
    %jmp/1 T_9.72, 6;
    %dup/vec4;
    %pushi/vec4 73, 0, 8;
    %cmp/u;
    %jmp/1 T_9.73, 6;
    %dup/vec4;
    %pushi/vec4 74, 0, 8;
    %cmp/u;
    %jmp/1 T_9.74, 6;
    %dup/vec4;
    %pushi/vec4 75, 0, 8;
    %cmp/u;
    %jmp/1 T_9.75, 6;
    %dup/vec4;
    %pushi/vec4 76, 0, 8;
    %cmp/u;
    %jmp/1 T_9.76, 6;
    %dup/vec4;
    %pushi/vec4 77, 0, 8;
    %cmp/u;
    %jmp/1 T_9.77, 6;
    %dup/vec4;
    %pushi/vec4 78, 0, 8;
    %cmp/u;
    %jmp/1 T_9.78, 6;
    %dup/vec4;
    %pushi/vec4 79, 0, 8;
    %cmp/u;
    %jmp/1 T_9.79, 6;
    %dup/vec4;
    %pushi/vec4 80, 0, 8;
    %cmp/u;
    %jmp/1 T_9.80, 6;
    %dup/vec4;
    %pushi/vec4 81, 0, 8;
    %cmp/u;
    %jmp/1 T_9.81, 6;
    %dup/vec4;
    %pushi/vec4 82, 0, 8;
    %cmp/u;
    %jmp/1 T_9.82, 6;
    %dup/vec4;
    %pushi/vec4 83, 0, 8;
    %cmp/u;
    %jmp/1 T_9.83, 6;
    %dup/vec4;
    %pushi/vec4 84, 0, 8;
    %cmp/u;
    %jmp/1 T_9.84, 6;
    %dup/vec4;
    %pushi/vec4 85, 0, 8;
    %cmp/u;
    %jmp/1 T_9.85, 6;
    %dup/vec4;
    %pushi/vec4 86, 0, 8;
    %cmp/u;
    %jmp/1 T_9.86, 6;
    %dup/vec4;
    %pushi/vec4 87, 0, 8;
    %cmp/u;
    %jmp/1 T_9.87, 6;
    %dup/vec4;
    %pushi/vec4 88, 0, 8;
    %cmp/u;
    %jmp/1 T_9.88, 6;
    %dup/vec4;
    %pushi/vec4 89, 0, 8;
    %cmp/u;
    %jmp/1 T_9.89, 6;
    %dup/vec4;
    %pushi/vec4 90, 0, 8;
    %cmp/u;
    %jmp/1 T_9.90, 6;
    %dup/vec4;
    %pushi/vec4 91, 0, 8;
    %cmp/u;
    %jmp/1 T_9.91, 6;
    %dup/vec4;
    %pushi/vec4 92, 0, 8;
    %cmp/u;
    %jmp/1 T_9.92, 6;
    %dup/vec4;
    %pushi/vec4 93, 0, 8;
    %cmp/u;
    %jmp/1 T_9.93, 6;
    %dup/vec4;
    %pushi/vec4 94, 0, 8;
    %cmp/u;
    %jmp/1 T_9.94, 6;
    %dup/vec4;
    %pushi/vec4 95, 0, 8;
    %cmp/u;
    %jmp/1 T_9.95, 6;
    %dup/vec4;
    %pushi/vec4 96, 0, 8;
    %cmp/u;
    %jmp/1 T_9.96, 6;
    %dup/vec4;
    %pushi/vec4 97, 0, 8;
    %cmp/u;
    %jmp/1 T_9.97, 6;
    %dup/vec4;
    %pushi/vec4 98, 0, 8;
    %cmp/u;
    %jmp/1 T_9.98, 6;
    %dup/vec4;
    %pushi/vec4 99, 0, 8;
    %cmp/u;
    %jmp/1 T_9.99, 6;
    %dup/vec4;
    %pushi/vec4 100, 0, 8;
    %cmp/u;
    %jmp/1 T_9.100, 6;
    %dup/vec4;
    %pushi/vec4 101, 0, 8;
    %cmp/u;
    %jmp/1 T_9.101, 6;
    %dup/vec4;
    %pushi/vec4 102, 0, 8;
    %cmp/u;
    %jmp/1 T_9.102, 6;
    %dup/vec4;
    %pushi/vec4 103, 0, 8;
    %cmp/u;
    %jmp/1 T_9.103, 6;
    %dup/vec4;
    %pushi/vec4 104, 0, 8;
    %cmp/u;
    %jmp/1 T_9.104, 6;
    %dup/vec4;
    %pushi/vec4 105, 0, 8;
    %cmp/u;
    %jmp/1 T_9.105, 6;
    %dup/vec4;
    %pushi/vec4 106, 0, 8;
    %cmp/u;
    %jmp/1 T_9.106, 6;
    %dup/vec4;
    %pushi/vec4 107, 0, 8;
    %cmp/u;
    %jmp/1 T_9.107, 6;
    %dup/vec4;
    %pushi/vec4 108, 0, 8;
    %cmp/u;
    %jmp/1 T_9.108, 6;
    %dup/vec4;
    %pushi/vec4 109, 0, 8;
    %cmp/u;
    %jmp/1 T_9.109, 6;
    %dup/vec4;
    %pushi/vec4 110, 0, 8;
    %cmp/u;
    %jmp/1 T_9.110, 6;
    %dup/vec4;
    %pushi/vec4 111, 0, 8;
    %cmp/u;
    %jmp/1 T_9.111, 6;
    %dup/vec4;
    %pushi/vec4 112, 0, 8;
    %cmp/u;
    %jmp/1 T_9.112, 6;
    %dup/vec4;
    %pushi/vec4 113, 0, 8;
    %cmp/u;
    %jmp/1 T_9.113, 6;
    %dup/vec4;
    %pushi/vec4 114, 0, 8;
    %cmp/u;
    %jmp/1 T_9.114, 6;
    %dup/vec4;
    %pushi/vec4 115, 0, 8;
    %cmp/u;
    %jmp/1 T_9.115, 6;
    %dup/vec4;
    %pushi/vec4 116, 0, 8;
    %cmp/u;
    %jmp/1 T_9.116, 6;
    %dup/vec4;
    %pushi/vec4 117, 0, 8;
    %cmp/u;
    %jmp/1 T_9.117, 6;
    %dup/vec4;
    %pushi/vec4 118, 0, 8;
    %cmp/u;
    %jmp/1 T_9.118, 6;
    %dup/vec4;
    %pushi/vec4 119, 0, 8;
    %cmp/u;
    %jmp/1 T_9.119, 6;
    %dup/vec4;
    %pushi/vec4 120, 0, 8;
    %cmp/u;
    %jmp/1 T_9.120, 6;
    %dup/vec4;
    %pushi/vec4 121, 0, 8;
    %cmp/u;
    %jmp/1 T_9.121, 6;
    %dup/vec4;
    %pushi/vec4 122, 0, 8;
    %cmp/u;
    %jmp/1 T_9.122, 6;
    %dup/vec4;
    %pushi/vec4 123, 0, 8;
    %cmp/u;
    %jmp/1 T_9.123, 6;
    %dup/vec4;
    %pushi/vec4 124, 0, 8;
    %cmp/u;
    %jmp/1 T_9.124, 6;
    %dup/vec4;
    %pushi/vec4 125, 0, 8;
    %cmp/u;
    %jmp/1 T_9.125, 6;
    %dup/vec4;
    %pushi/vec4 126, 0, 8;
    %cmp/u;
    %jmp/1 T_9.126, 6;
    %dup/vec4;
    %pushi/vec4 127, 0, 8;
    %cmp/u;
    %jmp/1 T_9.127, 6;
    %dup/vec4;
    %pushi/vec4 128, 0, 8;
    %cmp/u;
    %jmp/1 T_9.128, 6;
    %dup/vec4;
    %pushi/vec4 129, 0, 8;
    %cmp/u;
    %jmp/1 T_9.129, 6;
    %dup/vec4;
    %pushi/vec4 130, 0, 8;
    %cmp/u;
    %jmp/1 T_9.130, 6;
    %dup/vec4;
    %pushi/vec4 131, 0, 8;
    %cmp/u;
    %jmp/1 T_9.131, 6;
    %dup/vec4;
    %pushi/vec4 132, 0, 8;
    %cmp/u;
    %jmp/1 T_9.132, 6;
    %dup/vec4;
    %pushi/vec4 133, 0, 8;
    %cmp/u;
    %jmp/1 T_9.133, 6;
    %dup/vec4;
    %pushi/vec4 134, 0, 8;
    %cmp/u;
    %jmp/1 T_9.134, 6;
    %dup/vec4;
    %pushi/vec4 135, 0, 8;
    %cmp/u;
    %jmp/1 T_9.135, 6;
    %dup/vec4;
    %pushi/vec4 136, 0, 8;
    %cmp/u;
    %jmp/1 T_9.136, 6;
    %dup/vec4;
    %pushi/vec4 137, 0, 8;
    %cmp/u;
    %jmp/1 T_9.137, 6;
    %dup/vec4;
    %pushi/vec4 138, 0, 8;
    %cmp/u;
    %jmp/1 T_9.138, 6;
    %dup/vec4;
    %pushi/vec4 139, 0, 8;
    %cmp/u;
    %jmp/1 T_9.139, 6;
    %dup/vec4;
    %pushi/vec4 140, 0, 8;
    %cmp/u;
    %jmp/1 T_9.140, 6;
    %dup/vec4;
    %pushi/vec4 141, 0, 8;
    %cmp/u;
    %jmp/1 T_9.141, 6;
    %dup/vec4;
    %pushi/vec4 142, 0, 8;
    %cmp/u;
    %jmp/1 T_9.142, 6;
    %dup/vec4;
    %pushi/vec4 143, 0, 8;
    %cmp/u;
    %jmp/1 T_9.143, 6;
    %dup/vec4;
    %pushi/vec4 144, 0, 8;
    %cmp/u;
    %jmp/1 T_9.144, 6;
    %dup/vec4;
    %pushi/vec4 145, 0, 8;
    %cmp/u;
    %jmp/1 T_9.145, 6;
    %dup/vec4;
    %pushi/vec4 146, 0, 8;
    %cmp/u;
    %jmp/1 T_9.146, 6;
    %dup/vec4;
    %pushi/vec4 147, 0, 8;
    %cmp/u;
    %jmp/1 T_9.147, 6;
    %dup/vec4;
    %pushi/vec4 148, 0, 8;
    %cmp/u;
    %jmp/1 T_9.148, 6;
    %dup/vec4;
    %pushi/vec4 149, 0, 8;
    %cmp/u;
    %jmp/1 T_9.149, 6;
    %dup/vec4;
    %pushi/vec4 150, 0, 8;
    %cmp/u;
    %jmp/1 T_9.150, 6;
    %dup/vec4;
    %pushi/vec4 151, 0, 8;
    %cmp/u;
    %jmp/1 T_9.151, 6;
    %dup/vec4;
    %pushi/vec4 152, 0, 8;
    %cmp/u;
    %jmp/1 T_9.152, 6;
    %dup/vec4;
    %pushi/vec4 153, 0, 8;
    %cmp/u;
    %jmp/1 T_9.153, 6;
    %dup/vec4;
    %pushi/vec4 154, 0, 8;
    %cmp/u;
    %jmp/1 T_9.154, 6;
    %dup/vec4;
    %pushi/vec4 155, 0, 8;
    %cmp/u;
    %jmp/1 T_9.155, 6;
    %dup/vec4;
    %pushi/vec4 156, 0, 8;
    %cmp/u;
    %jmp/1 T_9.156, 6;
    %dup/vec4;
    %pushi/vec4 157, 0, 8;
    %cmp/u;
    %jmp/1 T_9.157, 6;
    %dup/vec4;
    %pushi/vec4 158, 0, 8;
    %cmp/u;
    %jmp/1 T_9.158, 6;
    %dup/vec4;
    %pushi/vec4 159, 0, 8;
    %cmp/u;
    %jmp/1 T_9.159, 6;
    %dup/vec4;
    %pushi/vec4 160, 0, 8;
    %cmp/u;
    %jmp/1 T_9.160, 6;
    %dup/vec4;
    %pushi/vec4 161, 0, 8;
    %cmp/u;
    %jmp/1 T_9.161, 6;
    %dup/vec4;
    %pushi/vec4 162, 0, 8;
    %cmp/u;
    %jmp/1 T_9.162, 6;
    %dup/vec4;
    %pushi/vec4 163, 0, 8;
    %cmp/u;
    %jmp/1 T_9.163, 6;
    %dup/vec4;
    %pushi/vec4 164, 0, 8;
    %cmp/u;
    %jmp/1 T_9.164, 6;
    %dup/vec4;
    %pushi/vec4 165, 0, 8;
    %cmp/u;
    %jmp/1 T_9.165, 6;
    %dup/vec4;
    %pushi/vec4 166, 0, 8;
    %cmp/u;
    %jmp/1 T_9.166, 6;
    %dup/vec4;
    %pushi/vec4 167, 0, 8;
    %cmp/u;
    %jmp/1 T_9.167, 6;
    %dup/vec4;
    %pushi/vec4 168, 0, 8;
    %cmp/u;
    %jmp/1 T_9.168, 6;
    %dup/vec4;
    %pushi/vec4 169, 0, 8;
    %cmp/u;
    %jmp/1 T_9.169, 6;
    %dup/vec4;
    %pushi/vec4 170, 0, 8;
    %cmp/u;
    %jmp/1 T_9.170, 6;
    %dup/vec4;
    %pushi/vec4 171, 0, 8;
    %cmp/u;
    %jmp/1 T_9.171, 6;
    %dup/vec4;
    %pushi/vec4 172, 0, 8;
    %cmp/u;
    %jmp/1 T_9.172, 6;
    %dup/vec4;
    %pushi/vec4 173, 0, 8;
    %cmp/u;
    %jmp/1 T_9.173, 6;
    %dup/vec4;
    %pushi/vec4 174, 0, 8;
    %cmp/u;
    %jmp/1 T_9.174, 6;
    %dup/vec4;
    %pushi/vec4 175, 0, 8;
    %cmp/u;
    %jmp/1 T_9.175, 6;
    %dup/vec4;
    %pushi/vec4 176, 0, 8;
    %cmp/u;
    %jmp/1 T_9.176, 6;
    %dup/vec4;
    %pushi/vec4 177, 0, 8;
    %cmp/u;
    %jmp/1 T_9.177, 6;
    %dup/vec4;
    %pushi/vec4 178, 0, 8;
    %cmp/u;
    %jmp/1 T_9.178, 6;
    %dup/vec4;
    %pushi/vec4 179, 0, 8;
    %cmp/u;
    %jmp/1 T_9.179, 6;
    %dup/vec4;
    %pushi/vec4 180, 0, 8;
    %cmp/u;
    %jmp/1 T_9.180, 6;
    %dup/vec4;
    %pushi/vec4 181, 0, 8;
    %cmp/u;
    %jmp/1 T_9.181, 6;
    %dup/vec4;
    %pushi/vec4 182, 0, 8;
    %cmp/u;
    %jmp/1 T_9.182, 6;
    %dup/vec4;
    %pushi/vec4 183, 0, 8;
    %cmp/u;
    %jmp/1 T_9.183, 6;
    %dup/vec4;
    %pushi/vec4 184, 0, 8;
    %cmp/u;
    %jmp/1 T_9.184, 6;
    %dup/vec4;
    %pushi/vec4 185, 0, 8;
    %cmp/u;
    %jmp/1 T_9.185, 6;
    %dup/vec4;
    %pushi/vec4 186, 0, 8;
    %cmp/u;
    %jmp/1 T_9.186, 6;
    %dup/vec4;
    %pushi/vec4 187, 0, 8;
    %cmp/u;
    %jmp/1 T_9.187, 6;
    %dup/vec4;
    %pushi/vec4 188, 0, 8;
    %cmp/u;
    %jmp/1 T_9.188, 6;
    %dup/vec4;
    %pushi/vec4 189, 0, 8;
    %cmp/u;
    %jmp/1 T_9.189, 6;
    %dup/vec4;
    %pushi/vec4 190, 0, 8;
    %cmp/u;
    %jmp/1 T_9.190, 6;
    %dup/vec4;
    %pushi/vec4 191, 0, 8;
    %cmp/u;
    %jmp/1 T_9.191, 6;
    %dup/vec4;
    %pushi/vec4 192, 0, 8;
    %cmp/u;
    %jmp/1 T_9.192, 6;
    %dup/vec4;
    %pushi/vec4 193, 0, 8;
    %cmp/u;
    %jmp/1 T_9.193, 6;
    %dup/vec4;
    %pushi/vec4 194, 0, 8;
    %cmp/u;
    %jmp/1 T_9.194, 6;
    %dup/vec4;
    %pushi/vec4 195, 0, 8;
    %cmp/u;
    %jmp/1 T_9.195, 6;
    %dup/vec4;
    %pushi/vec4 196, 0, 8;
    %cmp/u;
    %jmp/1 T_9.196, 6;
    %dup/vec4;
    %pushi/vec4 197, 0, 8;
    %cmp/u;
    %jmp/1 T_9.197, 6;
    %dup/vec4;
    %pushi/vec4 198, 0, 8;
    %cmp/u;
    %jmp/1 T_9.198, 6;
    %dup/vec4;
    %pushi/vec4 199, 0, 8;
    %cmp/u;
    %jmp/1 T_9.199, 6;
    %dup/vec4;
    %pushi/vec4 200, 0, 8;
    %cmp/u;
    %jmp/1 T_9.200, 6;
    %dup/vec4;
    %pushi/vec4 201, 0, 8;
    %cmp/u;
    %jmp/1 T_9.201, 6;
    %dup/vec4;
    %pushi/vec4 202, 0, 8;
    %cmp/u;
    %jmp/1 T_9.202, 6;
    %dup/vec4;
    %pushi/vec4 203, 0, 8;
    %cmp/u;
    %jmp/1 T_9.203, 6;
    %dup/vec4;
    %pushi/vec4 204, 0, 8;
    %cmp/u;
    %jmp/1 T_9.204, 6;
    %dup/vec4;
    %pushi/vec4 205, 0, 8;
    %cmp/u;
    %jmp/1 T_9.205, 6;
    %dup/vec4;
    %pushi/vec4 206, 0, 8;
    %cmp/u;
    %jmp/1 T_9.206, 6;
    %dup/vec4;
    %pushi/vec4 207, 0, 8;
    %cmp/u;
    %jmp/1 T_9.207, 6;
    %dup/vec4;
    %pushi/vec4 208, 0, 8;
    %cmp/u;
    %jmp/1 T_9.208, 6;
    %dup/vec4;
    %pushi/vec4 209, 0, 8;
    %cmp/u;
    %jmp/1 T_9.209, 6;
    %dup/vec4;
    %pushi/vec4 210, 0, 8;
    %cmp/u;
    %jmp/1 T_9.210, 6;
    %dup/vec4;
    %pushi/vec4 211, 0, 8;
    %cmp/u;
    %jmp/1 T_9.211, 6;
    %dup/vec4;
    %pushi/vec4 212, 0, 8;
    %cmp/u;
    %jmp/1 T_9.212, 6;
    %dup/vec4;
    %pushi/vec4 213, 0, 8;
    %cmp/u;
    %jmp/1 T_9.213, 6;
    %dup/vec4;
    %pushi/vec4 214, 0, 8;
    %cmp/u;
    %jmp/1 T_9.214, 6;
    %dup/vec4;
    %pushi/vec4 215, 0, 8;
    %cmp/u;
    %jmp/1 T_9.215, 6;
    %dup/vec4;
    %pushi/vec4 216, 0, 8;
    %cmp/u;
    %jmp/1 T_9.216, 6;
    %dup/vec4;
    %pushi/vec4 217, 0, 8;
    %cmp/u;
    %jmp/1 T_9.217, 6;
    %dup/vec4;
    %pushi/vec4 218, 0, 8;
    %cmp/u;
    %jmp/1 T_9.218, 6;
    %dup/vec4;
    %pushi/vec4 219, 0, 8;
    %cmp/u;
    %jmp/1 T_9.219, 6;
    %dup/vec4;
    %pushi/vec4 220, 0, 8;
    %cmp/u;
    %jmp/1 T_9.220, 6;
    %dup/vec4;
    %pushi/vec4 221, 0, 8;
    %cmp/u;
    %jmp/1 T_9.221, 6;
    %dup/vec4;
    %pushi/vec4 222, 0, 8;
    %cmp/u;
    %jmp/1 T_9.222, 6;
    %dup/vec4;
    %pushi/vec4 223, 0, 8;
    %cmp/u;
    %jmp/1 T_9.223, 6;
    %dup/vec4;
    %pushi/vec4 224, 0, 8;
    %cmp/u;
    %jmp/1 T_9.224, 6;
    %dup/vec4;
    %pushi/vec4 225, 0, 8;
    %cmp/u;
    %jmp/1 T_9.225, 6;
    %dup/vec4;
    %pushi/vec4 226, 0, 8;
    %cmp/u;
    %jmp/1 T_9.226, 6;
    %dup/vec4;
    %pushi/vec4 227, 0, 8;
    %cmp/u;
    %jmp/1 T_9.227, 6;
    %dup/vec4;
    %pushi/vec4 228, 0, 8;
    %cmp/u;
    %jmp/1 T_9.228, 6;
    %dup/vec4;
    %pushi/vec4 229, 0, 8;
    %cmp/u;
    %jmp/1 T_9.229, 6;
    %dup/vec4;
    %pushi/vec4 230, 0, 8;
    %cmp/u;
    %jmp/1 T_9.230, 6;
    %dup/vec4;
    %pushi/vec4 231, 0, 8;
    %cmp/u;
    %jmp/1 T_9.231, 6;
    %dup/vec4;
    %pushi/vec4 232, 0, 8;
    %cmp/u;
    %jmp/1 T_9.232, 6;
    %dup/vec4;
    %pushi/vec4 233, 0, 8;
    %cmp/u;
    %jmp/1 T_9.233, 6;
    %dup/vec4;
    %pushi/vec4 234, 0, 8;
    %cmp/u;
    %jmp/1 T_9.234, 6;
    %dup/vec4;
    %pushi/vec4 235, 0, 8;
    %cmp/u;
    %jmp/1 T_9.235, 6;
    %dup/vec4;
    %pushi/vec4 236, 0, 8;
    %cmp/u;
    %jmp/1 T_9.236, 6;
    %dup/vec4;
    %pushi/vec4 237, 0, 8;
    %cmp/u;
    %jmp/1 T_9.237, 6;
    %dup/vec4;
    %pushi/vec4 238, 0, 8;
    %cmp/u;
    %jmp/1 T_9.238, 6;
    %dup/vec4;
    %pushi/vec4 239, 0, 8;
    %cmp/u;
    %jmp/1 T_9.239, 6;
    %dup/vec4;
    %pushi/vec4 240, 0, 8;
    %cmp/u;
    %jmp/1 T_9.240, 6;
    %dup/vec4;
    %pushi/vec4 241, 0, 8;
    %cmp/u;
    %jmp/1 T_9.241, 6;
    %dup/vec4;
    %pushi/vec4 242, 0, 8;
    %cmp/u;
    %jmp/1 T_9.242, 6;
    %dup/vec4;
    %pushi/vec4 243, 0, 8;
    %cmp/u;
    %jmp/1 T_9.243, 6;
    %dup/vec4;
    %pushi/vec4 244, 0, 8;
    %cmp/u;
    %jmp/1 T_9.244, 6;
    %dup/vec4;
    %pushi/vec4 245, 0, 8;
    %cmp/u;
    %jmp/1 T_9.245, 6;
    %dup/vec4;
    %pushi/vec4 246, 0, 8;
    %cmp/u;
    %jmp/1 T_9.246, 6;
    %dup/vec4;
    %pushi/vec4 247, 0, 8;
    %cmp/u;
    %jmp/1 T_9.247, 6;
    %dup/vec4;
    %pushi/vec4 248, 0, 8;
    %cmp/u;
    %jmp/1 T_9.248, 6;
    %dup/vec4;
    %pushi/vec4 249, 0, 8;
    %cmp/u;
    %jmp/1 T_9.249, 6;
    %dup/vec4;
    %pushi/vec4 250, 0, 8;
    %cmp/u;
    %jmp/1 T_9.250, 6;
    %dup/vec4;
    %pushi/vec4 251, 0, 8;
    %cmp/u;
    %jmp/1 T_9.251, 6;
    %dup/vec4;
    %pushi/vec4 252, 0, 8;
    %cmp/u;
    %jmp/1 T_9.252, 6;
    %dup/vec4;
    %pushi/vec4 253, 0, 8;
    %cmp/u;
    %jmp/1 T_9.253, 6;
    %dup/vec4;
    %pushi/vec4 254, 0, 8;
    %cmp/u;
    %jmp/1 T_9.254, 6;
    %dup/vec4;
    %pushi/vec4 255, 0, 8;
    %cmp/u;
    %jmp/1 T_9.255, 6;
    %jmp T_9.256;
T_9.0 ;
    %pushi/vec4 99, 0, 8;
    %store/vec4 v000001f3eeb3c5d0_0, 0, 8;
    %jmp T_9.256;
T_9.1 ;
    %pushi/vec4 124, 0, 8;
    %store/vec4 v000001f3eeb3c5d0_0, 0, 8;
    %jmp T_9.256;
T_9.2 ;
    %pushi/vec4 119, 0, 8;
    %store/vec4 v000001f3eeb3c5d0_0, 0, 8;
    %jmp T_9.256;
T_9.3 ;
    %pushi/vec4 123, 0, 8;
    %store/vec4 v000001f3eeb3c5d0_0, 0, 8;
    %jmp T_9.256;
T_9.4 ;
    %pushi/vec4 242, 0, 8;
    %store/vec4 v000001f3eeb3c5d0_0, 0, 8;
    %jmp T_9.256;
T_9.5 ;
    %pushi/vec4 107, 0, 8;
    %store/vec4 v000001f3eeb3c5d0_0, 0, 8;
    %jmp T_9.256;
T_9.6 ;
    %pushi/vec4 111, 0, 8;
    %store/vec4 v000001f3eeb3c5d0_0, 0, 8;
    %jmp T_9.256;
T_9.7 ;
    %pushi/vec4 197, 0, 8;
    %store/vec4 v000001f3eeb3c5d0_0, 0, 8;
    %jmp T_9.256;
T_9.8 ;
    %pushi/vec4 48, 0, 8;
    %store/vec4 v000001f3eeb3c5d0_0, 0, 8;
    %jmp T_9.256;
T_9.9 ;
    %pushi/vec4 1, 0, 8;
    %store/vec4 v000001f3eeb3c5d0_0, 0, 8;
    %jmp T_9.256;
T_9.10 ;
    %pushi/vec4 103, 0, 8;
    %store/vec4 v000001f3eeb3c5d0_0, 0, 8;
    %jmp T_9.256;
T_9.11 ;
    %pushi/vec4 43, 0, 8;
    %store/vec4 v000001f3eeb3c5d0_0, 0, 8;
    %jmp T_9.256;
T_9.12 ;
    %pushi/vec4 254, 0, 8;
    %store/vec4 v000001f3eeb3c5d0_0, 0, 8;
    %jmp T_9.256;
T_9.13 ;
    %pushi/vec4 215, 0, 8;
    %store/vec4 v000001f3eeb3c5d0_0, 0, 8;
    %jmp T_9.256;
T_9.14 ;
    %pushi/vec4 171, 0, 8;
    %store/vec4 v000001f3eeb3c5d0_0, 0, 8;
    %jmp T_9.256;
T_9.15 ;
    %pushi/vec4 118, 0, 8;
    %store/vec4 v000001f3eeb3c5d0_0, 0, 8;
    %jmp T_9.256;
T_9.16 ;
    %pushi/vec4 202, 0, 8;
    %store/vec4 v000001f3eeb3c5d0_0, 0, 8;
    %jmp T_9.256;
T_9.17 ;
    %pushi/vec4 130, 0, 8;
    %store/vec4 v000001f3eeb3c5d0_0, 0, 8;
    %jmp T_9.256;
T_9.18 ;
    %pushi/vec4 201, 0, 8;
    %store/vec4 v000001f3eeb3c5d0_0, 0, 8;
    %jmp T_9.256;
T_9.19 ;
    %pushi/vec4 125, 0, 8;
    %store/vec4 v000001f3eeb3c5d0_0, 0, 8;
    %jmp T_9.256;
T_9.20 ;
    %pushi/vec4 250, 0, 8;
    %store/vec4 v000001f3eeb3c5d0_0, 0, 8;
    %jmp T_9.256;
T_9.21 ;
    %pushi/vec4 89, 0, 8;
    %store/vec4 v000001f3eeb3c5d0_0, 0, 8;
    %jmp T_9.256;
T_9.22 ;
    %pushi/vec4 71, 0, 8;
    %store/vec4 v000001f3eeb3c5d0_0, 0, 8;
    %jmp T_9.256;
T_9.23 ;
    %pushi/vec4 240, 0, 8;
    %store/vec4 v000001f3eeb3c5d0_0, 0, 8;
    %jmp T_9.256;
T_9.24 ;
    %pushi/vec4 173, 0, 8;
    %store/vec4 v000001f3eeb3c5d0_0, 0, 8;
    %jmp T_9.256;
T_9.25 ;
    %pushi/vec4 212, 0, 8;
    %store/vec4 v000001f3eeb3c5d0_0, 0, 8;
    %jmp T_9.256;
T_9.26 ;
    %pushi/vec4 162, 0, 8;
    %store/vec4 v000001f3eeb3c5d0_0, 0, 8;
    %jmp T_9.256;
T_9.27 ;
    %pushi/vec4 175, 0, 8;
    %store/vec4 v000001f3eeb3c5d0_0, 0, 8;
    %jmp T_9.256;
T_9.28 ;
    %pushi/vec4 156, 0, 8;
    %store/vec4 v000001f3eeb3c5d0_0, 0, 8;
    %jmp T_9.256;
T_9.29 ;
    %pushi/vec4 164, 0, 8;
    %store/vec4 v000001f3eeb3c5d0_0, 0, 8;
    %jmp T_9.256;
T_9.30 ;
    %pushi/vec4 114, 0, 8;
    %store/vec4 v000001f3eeb3c5d0_0, 0, 8;
    %jmp T_9.256;
T_9.31 ;
    %pushi/vec4 192, 0, 8;
    %store/vec4 v000001f3eeb3c5d0_0, 0, 8;
    %jmp T_9.256;
T_9.32 ;
    %pushi/vec4 183, 0, 8;
    %store/vec4 v000001f3eeb3c5d0_0, 0, 8;
    %jmp T_9.256;
T_9.33 ;
    %pushi/vec4 253, 0, 8;
    %store/vec4 v000001f3eeb3c5d0_0, 0, 8;
    %jmp T_9.256;
T_9.34 ;
    %pushi/vec4 147, 0, 8;
    %store/vec4 v000001f3eeb3c5d0_0, 0, 8;
    %jmp T_9.256;
T_9.35 ;
    %pushi/vec4 38, 0, 8;
    %store/vec4 v000001f3eeb3c5d0_0, 0, 8;
    %jmp T_9.256;
T_9.36 ;
    %pushi/vec4 54, 0, 8;
    %store/vec4 v000001f3eeb3c5d0_0, 0, 8;
    %jmp T_9.256;
T_9.37 ;
    %pushi/vec4 63, 0, 8;
    %store/vec4 v000001f3eeb3c5d0_0, 0, 8;
    %jmp T_9.256;
T_9.38 ;
    %pushi/vec4 247, 0, 8;
    %store/vec4 v000001f3eeb3c5d0_0, 0, 8;
    %jmp T_9.256;
T_9.39 ;
    %pushi/vec4 204, 0, 8;
    %store/vec4 v000001f3eeb3c5d0_0, 0, 8;
    %jmp T_9.256;
T_9.40 ;
    %pushi/vec4 52, 0, 8;
    %store/vec4 v000001f3eeb3c5d0_0, 0, 8;
    %jmp T_9.256;
T_9.41 ;
    %pushi/vec4 165, 0, 8;
    %store/vec4 v000001f3eeb3c5d0_0, 0, 8;
    %jmp T_9.256;
T_9.42 ;
    %pushi/vec4 229, 0, 8;
    %store/vec4 v000001f3eeb3c5d0_0, 0, 8;
    %jmp T_9.256;
T_9.43 ;
    %pushi/vec4 241, 0, 8;
    %store/vec4 v000001f3eeb3c5d0_0, 0, 8;
    %jmp T_9.256;
T_9.44 ;
    %pushi/vec4 113, 0, 8;
    %store/vec4 v000001f3eeb3c5d0_0, 0, 8;
    %jmp T_9.256;
T_9.45 ;
    %pushi/vec4 216, 0, 8;
    %store/vec4 v000001f3eeb3c5d0_0, 0, 8;
    %jmp T_9.256;
T_9.46 ;
    %pushi/vec4 49, 0, 8;
    %store/vec4 v000001f3eeb3c5d0_0, 0, 8;
    %jmp T_9.256;
T_9.47 ;
    %pushi/vec4 21, 0, 8;
    %store/vec4 v000001f3eeb3c5d0_0, 0, 8;
    %jmp T_9.256;
T_9.48 ;
    %pushi/vec4 4, 0, 8;
    %store/vec4 v000001f3eeb3c5d0_0, 0, 8;
    %jmp T_9.256;
T_9.49 ;
    %pushi/vec4 199, 0, 8;
    %store/vec4 v000001f3eeb3c5d0_0, 0, 8;
    %jmp T_9.256;
T_9.50 ;
    %pushi/vec4 35, 0, 8;
    %store/vec4 v000001f3eeb3c5d0_0, 0, 8;
    %jmp T_9.256;
T_9.51 ;
    %pushi/vec4 195, 0, 8;
    %store/vec4 v000001f3eeb3c5d0_0, 0, 8;
    %jmp T_9.256;
T_9.52 ;
    %pushi/vec4 24, 0, 8;
    %store/vec4 v000001f3eeb3c5d0_0, 0, 8;
    %jmp T_9.256;
T_9.53 ;
    %pushi/vec4 150, 0, 8;
    %store/vec4 v000001f3eeb3c5d0_0, 0, 8;
    %jmp T_9.256;
T_9.54 ;
    %pushi/vec4 5, 0, 8;
    %store/vec4 v000001f3eeb3c5d0_0, 0, 8;
    %jmp T_9.256;
T_9.55 ;
    %pushi/vec4 154, 0, 8;
    %store/vec4 v000001f3eeb3c5d0_0, 0, 8;
    %jmp T_9.256;
T_9.56 ;
    %pushi/vec4 7, 0, 8;
    %store/vec4 v000001f3eeb3c5d0_0, 0, 8;
    %jmp T_9.256;
T_9.57 ;
    %pushi/vec4 18, 0, 8;
    %store/vec4 v000001f3eeb3c5d0_0, 0, 8;
    %jmp T_9.256;
T_9.58 ;
    %pushi/vec4 128, 0, 8;
    %store/vec4 v000001f3eeb3c5d0_0, 0, 8;
    %jmp T_9.256;
T_9.59 ;
    %pushi/vec4 226, 0, 8;
    %store/vec4 v000001f3eeb3c5d0_0, 0, 8;
    %jmp T_9.256;
T_9.60 ;
    %pushi/vec4 235, 0, 8;
    %store/vec4 v000001f3eeb3c5d0_0, 0, 8;
    %jmp T_9.256;
T_9.61 ;
    %pushi/vec4 39, 0, 8;
    %store/vec4 v000001f3eeb3c5d0_0, 0, 8;
    %jmp T_9.256;
T_9.62 ;
    %pushi/vec4 178, 0, 8;
    %store/vec4 v000001f3eeb3c5d0_0, 0, 8;
    %jmp T_9.256;
T_9.63 ;
    %pushi/vec4 117, 0, 8;
    %store/vec4 v000001f3eeb3c5d0_0, 0, 8;
    %jmp T_9.256;
T_9.64 ;
    %pushi/vec4 9, 0, 8;
    %store/vec4 v000001f3eeb3c5d0_0, 0, 8;
    %jmp T_9.256;
T_9.65 ;
    %pushi/vec4 131, 0, 8;
    %store/vec4 v000001f3eeb3c5d0_0, 0, 8;
    %jmp T_9.256;
T_9.66 ;
    %pushi/vec4 44, 0, 8;
    %store/vec4 v000001f3eeb3c5d0_0, 0, 8;
    %jmp T_9.256;
T_9.67 ;
    %pushi/vec4 26, 0, 8;
    %store/vec4 v000001f3eeb3c5d0_0, 0, 8;
    %jmp T_9.256;
T_9.68 ;
    %pushi/vec4 27, 0, 8;
    %store/vec4 v000001f3eeb3c5d0_0, 0, 8;
    %jmp T_9.256;
T_9.69 ;
    %pushi/vec4 110, 0, 8;
    %store/vec4 v000001f3eeb3c5d0_0, 0, 8;
    %jmp T_9.256;
T_9.70 ;
    %pushi/vec4 90, 0, 8;
    %store/vec4 v000001f3eeb3c5d0_0, 0, 8;
    %jmp T_9.256;
T_9.71 ;
    %pushi/vec4 160, 0, 8;
    %store/vec4 v000001f3eeb3c5d0_0, 0, 8;
    %jmp T_9.256;
T_9.72 ;
    %pushi/vec4 82, 0, 8;
    %store/vec4 v000001f3eeb3c5d0_0, 0, 8;
    %jmp T_9.256;
T_9.73 ;
    %pushi/vec4 59, 0, 8;
    %store/vec4 v000001f3eeb3c5d0_0, 0, 8;
    %jmp T_9.256;
T_9.74 ;
    %pushi/vec4 214, 0, 8;
    %store/vec4 v000001f3eeb3c5d0_0, 0, 8;
    %jmp T_9.256;
T_9.75 ;
    %pushi/vec4 179, 0, 8;
    %store/vec4 v000001f3eeb3c5d0_0, 0, 8;
    %jmp T_9.256;
T_9.76 ;
    %pushi/vec4 41, 0, 8;
    %store/vec4 v000001f3eeb3c5d0_0, 0, 8;
    %jmp T_9.256;
T_9.77 ;
    %pushi/vec4 227, 0, 8;
    %store/vec4 v000001f3eeb3c5d0_0, 0, 8;
    %jmp T_9.256;
T_9.78 ;
    %pushi/vec4 47, 0, 8;
    %store/vec4 v000001f3eeb3c5d0_0, 0, 8;
    %jmp T_9.256;
T_9.79 ;
    %pushi/vec4 132, 0, 8;
    %store/vec4 v000001f3eeb3c5d0_0, 0, 8;
    %jmp T_9.256;
T_9.80 ;
    %pushi/vec4 83, 0, 8;
    %store/vec4 v000001f3eeb3c5d0_0, 0, 8;
    %jmp T_9.256;
T_9.81 ;
    %pushi/vec4 209, 0, 8;
    %store/vec4 v000001f3eeb3c5d0_0, 0, 8;
    %jmp T_9.256;
T_9.82 ;
    %pushi/vec4 0, 0, 8;
    %store/vec4 v000001f3eeb3c5d0_0, 0, 8;
    %jmp T_9.256;
T_9.83 ;
    %pushi/vec4 237, 0, 8;
    %store/vec4 v000001f3eeb3c5d0_0, 0, 8;
    %jmp T_9.256;
T_9.84 ;
    %pushi/vec4 32, 0, 8;
    %store/vec4 v000001f3eeb3c5d0_0, 0, 8;
    %jmp T_9.256;
T_9.85 ;
    %pushi/vec4 252, 0, 8;
    %store/vec4 v000001f3eeb3c5d0_0, 0, 8;
    %jmp T_9.256;
T_9.86 ;
    %pushi/vec4 177, 0, 8;
    %store/vec4 v000001f3eeb3c5d0_0, 0, 8;
    %jmp T_9.256;
T_9.87 ;
    %pushi/vec4 91, 0, 8;
    %store/vec4 v000001f3eeb3c5d0_0, 0, 8;
    %jmp T_9.256;
T_9.88 ;
    %pushi/vec4 106, 0, 8;
    %store/vec4 v000001f3eeb3c5d0_0, 0, 8;
    %jmp T_9.256;
T_9.89 ;
    %pushi/vec4 203, 0, 8;
    %store/vec4 v000001f3eeb3c5d0_0, 0, 8;
    %jmp T_9.256;
T_9.90 ;
    %pushi/vec4 190, 0, 8;
    %store/vec4 v000001f3eeb3c5d0_0, 0, 8;
    %jmp T_9.256;
T_9.91 ;
    %pushi/vec4 57, 0, 8;
    %store/vec4 v000001f3eeb3c5d0_0, 0, 8;
    %jmp T_9.256;
T_9.92 ;
    %pushi/vec4 74, 0, 8;
    %store/vec4 v000001f3eeb3c5d0_0, 0, 8;
    %jmp T_9.256;
T_9.93 ;
    %pushi/vec4 76, 0, 8;
    %store/vec4 v000001f3eeb3c5d0_0, 0, 8;
    %jmp T_9.256;
T_9.94 ;
    %pushi/vec4 88, 0, 8;
    %store/vec4 v000001f3eeb3c5d0_0, 0, 8;
    %jmp T_9.256;
T_9.95 ;
    %pushi/vec4 207, 0, 8;
    %store/vec4 v000001f3eeb3c5d0_0, 0, 8;
    %jmp T_9.256;
T_9.96 ;
    %pushi/vec4 208, 0, 8;
    %store/vec4 v000001f3eeb3c5d0_0, 0, 8;
    %jmp T_9.256;
T_9.97 ;
    %pushi/vec4 239, 0, 8;
    %store/vec4 v000001f3eeb3c5d0_0, 0, 8;
    %jmp T_9.256;
T_9.98 ;
    %pushi/vec4 170, 0, 8;
    %store/vec4 v000001f3eeb3c5d0_0, 0, 8;
    %jmp T_9.256;
T_9.99 ;
    %pushi/vec4 251, 0, 8;
    %store/vec4 v000001f3eeb3c5d0_0, 0, 8;
    %jmp T_9.256;
T_9.100 ;
    %pushi/vec4 67, 0, 8;
    %store/vec4 v000001f3eeb3c5d0_0, 0, 8;
    %jmp T_9.256;
T_9.101 ;
    %pushi/vec4 77, 0, 8;
    %store/vec4 v000001f3eeb3c5d0_0, 0, 8;
    %jmp T_9.256;
T_9.102 ;
    %pushi/vec4 51, 0, 8;
    %store/vec4 v000001f3eeb3c5d0_0, 0, 8;
    %jmp T_9.256;
T_9.103 ;
    %pushi/vec4 133, 0, 8;
    %store/vec4 v000001f3eeb3c5d0_0, 0, 8;
    %jmp T_9.256;
T_9.104 ;
    %pushi/vec4 69, 0, 8;
    %store/vec4 v000001f3eeb3c5d0_0, 0, 8;
    %jmp T_9.256;
T_9.105 ;
    %pushi/vec4 249, 0, 8;
    %store/vec4 v000001f3eeb3c5d0_0, 0, 8;
    %jmp T_9.256;
T_9.106 ;
    %pushi/vec4 2, 0, 8;
    %store/vec4 v000001f3eeb3c5d0_0, 0, 8;
    %jmp T_9.256;
T_9.107 ;
    %pushi/vec4 127, 0, 8;
    %store/vec4 v000001f3eeb3c5d0_0, 0, 8;
    %jmp T_9.256;
T_9.108 ;
    %pushi/vec4 80, 0, 8;
    %store/vec4 v000001f3eeb3c5d0_0, 0, 8;
    %jmp T_9.256;
T_9.109 ;
    %pushi/vec4 60, 0, 8;
    %store/vec4 v000001f3eeb3c5d0_0, 0, 8;
    %jmp T_9.256;
T_9.110 ;
    %pushi/vec4 159, 0, 8;
    %store/vec4 v000001f3eeb3c5d0_0, 0, 8;
    %jmp T_9.256;
T_9.111 ;
    %pushi/vec4 168, 0, 8;
    %store/vec4 v000001f3eeb3c5d0_0, 0, 8;
    %jmp T_9.256;
T_9.112 ;
    %pushi/vec4 81, 0, 8;
    %store/vec4 v000001f3eeb3c5d0_0, 0, 8;
    %jmp T_9.256;
T_9.113 ;
    %pushi/vec4 163, 0, 8;
    %store/vec4 v000001f3eeb3c5d0_0, 0, 8;
    %jmp T_9.256;
T_9.114 ;
    %pushi/vec4 64, 0, 8;
    %store/vec4 v000001f3eeb3c5d0_0, 0, 8;
    %jmp T_9.256;
T_9.115 ;
    %pushi/vec4 143, 0, 8;
    %store/vec4 v000001f3eeb3c5d0_0, 0, 8;
    %jmp T_9.256;
T_9.116 ;
    %pushi/vec4 146, 0, 8;
    %store/vec4 v000001f3eeb3c5d0_0, 0, 8;
    %jmp T_9.256;
T_9.117 ;
    %pushi/vec4 157, 0, 8;
    %store/vec4 v000001f3eeb3c5d0_0, 0, 8;
    %jmp T_9.256;
T_9.118 ;
    %pushi/vec4 56, 0, 8;
    %store/vec4 v000001f3eeb3c5d0_0, 0, 8;
    %jmp T_9.256;
T_9.119 ;
    %pushi/vec4 245, 0, 8;
    %store/vec4 v000001f3eeb3c5d0_0, 0, 8;
    %jmp T_9.256;
T_9.120 ;
    %pushi/vec4 188, 0, 8;
    %store/vec4 v000001f3eeb3c5d0_0, 0, 8;
    %jmp T_9.256;
T_9.121 ;
    %pushi/vec4 182, 0, 8;
    %store/vec4 v000001f3eeb3c5d0_0, 0, 8;
    %jmp T_9.256;
T_9.122 ;
    %pushi/vec4 218, 0, 8;
    %store/vec4 v000001f3eeb3c5d0_0, 0, 8;
    %jmp T_9.256;
T_9.123 ;
    %pushi/vec4 33, 0, 8;
    %store/vec4 v000001f3eeb3c5d0_0, 0, 8;
    %jmp T_9.256;
T_9.124 ;
    %pushi/vec4 16, 0, 8;
    %store/vec4 v000001f3eeb3c5d0_0, 0, 8;
    %jmp T_9.256;
T_9.125 ;
    %pushi/vec4 255, 0, 8;
    %store/vec4 v000001f3eeb3c5d0_0, 0, 8;
    %jmp T_9.256;
T_9.126 ;
    %pushi/vec4 243, 0, 8;
    %store/vec4 v000001f3eeb3c5d0_0, 0, 8;
    %jmp T_9.256;
T_9.127 ;
    %pushi/vec4 210, 0, 8;
    %store/vec4 v000001f3eeb3c5d0_0, 0, 8;
    %jmp T_9.256;
T_9.128 ;
    %pushi/vec4 205, 0, 8;
    %store/vec4 v000001f3eeb3c5d0_0, 0, 8;
    %jmp T_9.256;
T_9.129 ;
    %pushi/vec4 12, 0, 8;
    %store/vec4 v000001f3eeb3c5d0_0, 0, 8;
    %jmp T_9.256;
T_9.130 ;
    %pushi/vec4 19, 0, 8;
    %store/vec4 v000001f3eeb3c5d0_0, 0, 8;
    %jmp T_9.256;
T_9.131 ;
    %pushi/vec4 236, 0, 8;
    %store/vec4 v000001f3eeb3c5d0_0, 0, 8;
    %jmp T_9.256;
T_9.132 ;
    %pushi/vec4 95, 0, 8;
    %store/vec4 v000001f3eeb3c5d0_0, 0, 8;
    %jmp T_9.256;
T_9.133 ;
    %pushi/vec4 151, 0, 8;
    %store/vec4 v000001f3eeb3c5d0_0, 0, 8;
    %jmp T_9.256;
T_9.134 ;
    %pushi/vec4 68, 0, 8;
    %store/vec4 v000001f3eeb3c5d0_0, 0, 8;
    %jmp T_9.256;
T_9.135 ;
    %pushi/vec4 23, 0, 8;
    %store/vec4 v000001f3eeb3c5d0_0, 0, 8;
    %jmp T_9.256;
T_9.136 ;
    %pushi/vec4 196, 0, 8;
    %store/vec4 v000001f3eeb3c5d0_0, 0, 8;
    %jmp T_9.256;
T_9.137 ;
    %pushi/vec4 167, 0, 8;
    %store/vec4 v000001f3eeb3c5d0_0, 0, 8;
    %jmp T_9.256;
T_9.138 ;
    %pushi/vec4 126, 0, 8;
    %store/vec4 v000001f3eeb3c5d0_0, 0, 8;
    %jmp T_9.256;
T_9.139 ;
    %pushi/vec4 61, 0, 8;
    %store/vec4 v000001f3eeb3c5d0_0, 0, 8;
    %jmp T_9.256;
T_9.140 ;
    %pushi/vec4 100, 0, 8;
    %store/vec4 v000001f3eeb3c5d0_0, 0, 8;
    %jmp T_9.256;
T_9.141 ;
    %pushi/vec4 93, 0, 8;
    %store/vec4 v000001f3eeb3c5d0_0, 0, 8;
    %jmp T_9.256;
T_9.142 ;
    %pushi/vec4 25, 0, 8;
    %store/vec4 v000001f3eeb3c5d0_0, 0, 8;
    %jmp T_9.256;
T_9.143 ;
    %pushi/vec4 115, 0, 8;
    %store/vec4 v000001f3eeb3c5d0_0, 0, 8;
    %jmp T_9.256;
T_9.144 ;
    %pushi/vec4 96, 0, 8;
    %store/vec4 v000001f3eeb3c5d0_0, 0, 8;
    %jmp T_9.256;
T_9.145 ;
    %pushi/vec4 129, 0, 8;
    %store/vec4 v000001f3eeb3c5d0_0, 0, 8;
    %jmp T_9.256;
T_9.146 ;
    %pushi/vec4 79, 0, 8;
    %store/vec4 v000001f3eeb3c5d0_0, 0, 8;
    %jmp T_9.256;
T_9.147 ;
    %pushi/vec4 220, 0, 8;
    %store/vec4 v000001f3eeb3c5d0_0, 0, 8;
    %jmp T_9.256;
T_9.148 ;
    %pushi/vec4 34, 0, 8;
    %store/vec4 v000001f3eeb3c5d0_0, 0, 8;
    %jmp T_9.256;
T_9.149 ;
    %pushi/vec4 42, 0, 8;
    %store/vec4 v000001f3eeb3c5d0_0, 0, 8;
    %jmp T_9.256;
T_9.150 ;
    %pushi/vec4 144, 0, 8;
    %store/vec4 v000001f3eeb3c5d0_0, 0, 8;
    %jmp T_9.256;
T_9.151 ;
    %pushi/vec4 136, 0, 8;
    %store/vec4 v000001f3eeb3c5d0_0, 0, 8;
    %jmp T_9.256;
T_9.152 ;
    %pushi/vec4 70, 0, 8;
    %store/vec4 v000001f3eeb3c5d0_0, 0, 8;
    %jmp T_9.256;
T_9.153 ;
    %pushi/vec4 238, 0, 8;
    %store/vec4 v000001f3eeb3c5d0_0, 0, 8;
    %jmp T_9.256;
T_9.154 ;
    %pushi/vec4 184, 0, 8;
    %store/vec4 v000001f3eeb3c5d0_0, 0, 8;
    %jmp T_9.256;
T_9.155 ;
    %pushi/vec4 20, 0, 8;
    %store/vec4 v000001f3eeb3c5d0_0, 0, 8;
    %jmp T_9.256;
T_9.156 ;
    %pushi/vec4 222, 0, 8;
    %store/vec4 v000001f3eeb3c5d0_0, 0, 8;
    %jmp T_9.256;
T_9.157 ;
    %pushi/vec4 94, 0, 8;
    %store/vec4 v000001f3eeb3c5d0_0, 0, 8;
    %jmp T_9.256;
T_9.158 ;
    %pushi/vec4 11, 0, 8;
    %store/vec4 v000001f3eeb3c5d0_0, 0, 8;
    %jmp T_9.256;
T_9.159 ;
    %pushi/vec4 219, 0, 8;
    %store/vec4 v000001f3eeb3c5d0_0, 0, 8;
    %jmp T_9.256;
T_9.160 ;
    %pushi/vec4 224, 0, 8;
    %store/vec4 v000001f3eeb3c5d0_0, 0, 8;
    %jmp T_9.256;
T_9.161 ;
    %pushi/vec4 50, 0, 8;
    %store/vec4 v000001f3eeb3c5d0_0, 0, 8;
    %jmp T_9.256;
T_9.162 ;
    %pushi/vec4 58, 0, 8;
    %store/vec4 v000001f3eeb3c5d0_0, 0, 8;
    %jmp T_9.256;
T_9.163 ;
    %pushi/vec4 10, 0, 8;
    %store/vec4 v000001f3eeb3c5d0_0, 0, 8;
    %jmp T_9.256;
T_9.164 ;
    %pushi/vec4 73, 0, 8;
    %store/vec4 v000001f3eeb3c5d0_0, 0, 8;
    %jmp T_9.256;
T_9.165 ;
    %pushi/vec4 6, 0, 8;
    %store/vec4 v000001f3eeb3c5d0_0, 0, 8;
    %jmp T_9.256;
T_9.166 ;
    %pushi/vec4 36, 0, 8;
    %store/vec4 v000001f3eeb3c5d0_0, 0, 8;
    %jmp T_9.256;
T_9.167 ;
    %pushi/vec4 92, 0, 8;
    %store/vec4 v000001f3eeb3c5d0_0, 0, 8;
    %jmp T_9.256;
T_9.168 ;
    %pushi/vec4 194, 0, 8;
    %store/vec4 v000001f3eeb3c5d0_0, 0, 8;
    %jmp T_9.256;
T_9.169 ;
    %pushi/vec4 211, 0, 8;
    %store/vec4 v000001f3eeb3c5d0_0, 0, 8;
    %jmp T_9.256;
T_9.170 ;
    %pushi/vec4 172, 0, 8;
    %store/vec4 v000001f3eeb3c5d0_0, 0, 8;
    %jmp T_9.256;
T_9.171 ;
    %pushi/vec4 98, 0, 8;
    %store/vec4 v000001f3eeb3c5d0_0, 0, 8;
    %jmp T_9.256;
T_9.172 ;
    %pushi/vec4 145, 0, 8;
    %store/vec4 v000001f3eeb3c5d0_0, 0, 8;
    %jmp T_9.256;
T_9.173 ;
    %pushi/vec4 149, 0, 8;
    %store/vec4 v000001f3eeb3c5d0_0, 0, 8;
    %jmp T_9.256;
T_9.174 ;
    %pushi/vec4 228, 0, 8;
    %store/vec4 v000001f3eeb3c5d0_0, 0, 8;
    %jmp T_9.256;
T_9.175 ;
    %pushi/vec4 121, 0, 8;
    %store/vec4 v000001f3eeb3c5d0_0, 0, 8;
    %jmp T_9.256;
T_9.176 ;
    %pushi/vec4 231, 0, 8;
    %store/vec4 v000001f3eeb3c5d0_0, 0, 8;
    %jmp T_9.256;
T_9.177 ;
    %pushi/vec4 200, 0, 8;
    %store/vec4 v000001f3eeb3c5d0_0, 0, 8;
    %jmp T_9.256;
T_9.178 ;
    %pushi/vec4 55, 0, 8;
    %store/vec4 v000001f3eeb3c5d0_0, 0, 8;
    %jmp T_9.256;
T_9.179 ;
    %pushi/vec4 109, 0, 8;
    %store/vec4 v000001f3eeb3c5d0_0, 0, 8;
    %jmp T_9.256;
T_9.180 ;
    %pushi/vec4 141, 0, 8;
    %store/vec4 v000001f3eeb3c5d0_0, 0, 8;
    %jmp T_9.256;
T_9.181 ;
    %pushi/vec4 213, 0, 8;
    %store/vec4 v000001f3eeb3c5d0_0, 0, 8;
    %jmp T_9.256;
T_9.182 ;
    %pushi/vec4 78, 0, 8;
    %store/vec4 v000001f3eeb3c5d0_0, 0, 8;
    %jmp T_9.256;
T_9.183 ;
    %pushi/vec4 169, 0, 8;
    %store/vec4 v000001f3eeb3c5d0_0, 0, 8;
    %jmp T_9.256;
T_9.184 ;
    %pushi/vec4 108, 0, 8;
    %store/vec4 v000001f3eeb3c5d0_0, 0, 8;
    %jmp T_9.256;
T_9.185 ;
    %pushi/vec4 86, 0, 8;
    %store/vec4 v000001f3eeb3c5d0_0, 0, 8;
    %jmp T_9.256;
T_9.186 ;
    %pushi/vec4 244, 0, 8;
    %store/vec4 v000001f3eeb3c5d0_0, 0, 8;
    %jmp T_9.256;
T_9.187 ;
    %pushi/vec4 234, 0, 8;
    %store/vec4 v000001f3eeb3c5d0_0, 0, 8;
    %jmp T_9.256;
T_9.188 ;
    %pushi/vec4 101, 0, 8;
    %store/vec4 v000001f3eeb3c5d0_0, 0, 8;
    %jmp T_9.256;
T_9.189 ;
    %pushi/vec4 122, 0, 8;
    %store/vec4 v000001f3eeb3c5d0_0, 0, 8;
    %jmp T_9.256;
T_9.190 ;
    %pushi/vec4 174, 0, 8;
    %store/vec4 v000001f3eeb3c5d0_0, 0, 8;
    %jmp T_9.256;
T_9.191 ;
    %pushi/vec4 8, 0, 8;
    %store/vec4 v000001f3eeb3c5d0_0, 0, 8;
    %jmp T_9.256;
T_9.192 ;
    %pushi/vec4 186, 0, 8;
    %store/vec4 v000001f3eeb3c5d0_0, 0, 8;
    %jmp T_9.256;
T_9.193 ;
    %pushi/vec4 120, 0, 8;
    %store/vec4 v000001f3eeb3c5d0_0, 0, 8;
    %jmp T_9.256;
T_9.194 ;
    %pushi/vec4 37, 0, 8;
    %store/vec4 v000001f3eeb3c5d0_0, 0, 8;
    %jmp T_9.256;
T_9.195 ;
    %pushi/vec4 46, 0, 8;
    %store/vec4 v000001f3eeb3c5d0_0, 0, 8;
    %jmp T_9.256;
T_9.196 ;
    %pushi/vec4 28, 0, 8;
    %store/vec4 v000001f3eeb3c5d0_0, 0, 8;
    %jmp T_9.256;
T_9.197 ;
    %pushi/vec4 166, 0, 8;
    %store/vec4 v000001f3eeb3c5d0_0, 0, 8;
    %jmp T_9.256;
T_9.198 ;
    %pushi/vec4 180, 0, 8;
    %store/vec4 v000001f3eeb3c5d0_0, 0, 8;
    %jmp T_9.256;
T_9.199 ;
    %pushi/vec4 198, 0, 8;
    %store/vec4 v000001f3eeb3c5d0_0, 0, 8;
    %jmp T_9.256;
T_9.200 ;
    %pushi/vec4 232, 0, 8;
    %store/vec4 v000001f3eeb3c5d0_0, 0, 8;
    %jmp T_9.256;
T_9.201 ;
    %pushi/vec4 221, 0, 8;
    %store/vec4 v000001f3eeb3c5d0_0, 0, 8;
    %jmp T_9.256;
T_9.202 ;
    %pushi/vec4 116, 0, 8;
    %store/vec4 v000001f3eeb3c5d0_0, 0, 8;
    %jmp T_9.256;
T_9.203 ;
    %pushi/vec4 31, 0, 8;
    %store/vec4 v000001f3eeb3c5d0_0, 0, 8;
    %jmp T_9.256;
T_9.204 ;
    %pushi/vec4 75, 0, 8;
    %store/vec4 v000001f3eeb3c5d0_0, 0, 8;
    %jmp T_9.256;
T_9.205 ;
    %pushi/vec4 189, 0, 8;
    %store/vec4 v000001f3eeb3c5d0_0, 0, 8;
    %jmp T_9.256;
T_9.206 ;
    %pushi/vec4 139, 0, 8;
    %store/vec4 v000001f3eeb3c5d0_0, 0, 8;
    %jmp T_9.256;
T_9.207 ;
    %pushi/vec4 138, 0, 8;
    %store/vec4 v000001f3eeb3c5d0_0, 0, 8;
    %jmp T_9.256;
T_9.208 ;
    %pushi/vec4 112, 0, 8;
    %store/vec4 v000001f3eeb3c5d0_0, 0, 8;
    %jmp T_9.256;
T_9.209 ;
    %pushi/vec4 62, 0, 8;
    %store/vec4 v000001f3eeb3c5d0_0, 0, 8;
    %jmp T_9.256;
T_9.210 ;
    %pushi/vec4 181, 0, 8;
    %store/vec4 v000001f3eeb3c5d0_0, 0, 8;
    %jmp T_9.256;
T_9.211 ;
    %pushi/vec4 102, 0, 8;
    %store/vec4 v000001f3eeb3c5d0_0, 0, 8;
    %jmp T_9.256;
T_9.212 ;
    %pushi/vec4 72, 0, 8;
    %store/vec4 v000001f3eeb3c5d0_0, 0, 8;
    %jmp T_9.256;
T_9.213 ;
    %pushi/vec4 3, 0, 8;
    %store/vec4 v000001f3eeb3c5d0_0, 0, 8;
    %jmp T_9.256;
T_9.214 ;
    %pushi/vec4 246, 0, 8;
    %store/vec4 v000001f3eeb3c5d0_0, 0, 8;
    %jmp T_9.256;
T_9.215 ;
    %pushi/vec4 14, 0, 8;
    %store/vec4 v000001f3eeb3c5d0_0, 0, 8;
    %jmp T_9.256;
T_9.216 ;
    %pushi/vec4 97, 0, 8;
    %store/vec4 v000001f3eeb3c5d0_0, 0, 8;
    %jmp T_9.256;
T_9.217 ;
    %pushi/vec4 53, 0, 8;
    %store/vec4 v000001f3eeb3c5d0_0, 0, 8;
    %jmp T_9.256;
T_9.218 ;
    %pushi/vec4 87, 0, 8;
    %store/vec4 v000001f3eeb3c5d0_0, 0, 8;
    %jmp T_9.256;
T_9.219 ;
    %pushi/vec4 185, 0, 8;
    %store/vec4 v000001f3eeb3c5d0_0, 0, 8;
    %jmp T_9.256;
T_9.220 ;
    %pushi/vec4 134, 0, 8;
    %store/vec4 v000001f3eeb3c5d0_0, 0, 8;
    %jmp T_9.256;
T_9.221 ;
    %pushi/vec4 193, 0, 8;
    %store/vec4 v000001f3eeb3c5d0_0, 0, 8;
    %jmp T_9.256;
T_9.222 ;
    %pushi/vec4 29, 0, 8;
    %store/vec4 v000001f3eeb3c5d0_0, 0, 8;
    %jmp T_9.256;
T_9.223 ;
    %pushi/vec4 158, 0, 8;
    %store/vec4 v000001f3eeb3c5d0_0, 0, 8;
    %jmp T_9.256;
T_9.224 ;
    %pushi/vec4 225, 0, 8;
    %store/vec4 v000001f3eeb3c5d0_0, 0, 8;
    %jmp T_9.256;
T_9.225 ;
    %pushi/vec4 248, 0, 8;
    %store/vec4 v000001f3eeb3c5d0_0, 0, 8;
    %jmp T_9.256;
T_9.226 ;
    %pushi/vec4 152, 0, 8;
    %store/vec4 v000001f3eeb3c5d0_0, 0, 8;
    %jmp T_9.256;
T_9.227 ;
    %pushi/vec4 17, 0, 8;
    %store/vec4 v000001f3eeb3c5d0_0, 0, 8;
    %jmp T_9.256;
T_9.228 ;
    %pushi/vec4 105, 0, 8;
    %store/vec4 v000001f3eeb3c5d0_0, 0, 8;
    %jmp T_9.256;
T_9.229 ;
    %pushi/vec4 217, 0, 8;
    %store/vec4 v000001f3eeb3c5d0_0, 0, 8;
    %jmp T_9.256;
T_9.230 ;
    %pushi/vec4 142, 0, 8;
    %store/vec4 v000001f3eeb3c5d0_0, 0, 8;
    %jmp T_9.256;
T_9.231 ;
    %pushi/vec4 148, 0, 8;
    %store/vec4 v000001f3eeb3c5d0_0, 0, 8;
    %jmp T_9.256;
T_9.232 ;
    %pushi/vec4 155, 0, 8;
    %store/vec4 v000001f3eeb3c5d0_0, 0, 8;
    %jmp T_9.256;
T_9.233 ;
    %pushi/vec4 30, 0, 8;
    %store/vec4 v000001f3eeb3c5d0_0, 0, 8;
    %jmp T_9.256;
T_9.234 ;
    %pushi/vec4 135, 0, 8;
    %store/vec4 v000001f3eeb3c5d0_0, 0, 8;
    %jmp T_9.256;
T_9.235 ;
    %pushi/vec4 233, 0, 8;
    %store/vec4 v000001f3eeb3c5d0_0, 0, 8;
    %jmp T_9.256;
T_9.236 ;
    %pushi/vec4 206, 0, 8;
    %store/vec4 v000001f3eeb3c5d0_0, 0, 8;
    %jmp T_9.256;
T_9.237 ;
    %pushi/vec4 85, 0, 8;
    %store/vec4 v000001f3eeb3c5d0_0, 0, 8;
    %jmp T_9.256;
T_9.238 ;
    %pushi/vec4 40, 0, 8;
    %store/vec4 v000001f3eeb3c5d0_0, 0, 8;
    %jmp T_9.256;
T_9.239 ;
    %pushi/vec4 223, 0, 8;
    %store/vec4 v000001f3eeb3c5d0_0, 0, 8;
    %jmp T_9.256;
T_9.240 ;
    %pushi/vec4 140, 0, 8;
    %store/vec4 v000001f3eeb3c5d0_0, 0, 8;
    %jmp T_9.256;
T_9.241 ;
    %pushi/vec4 161, 0, 8;
    %store/vec4 v000001f3eeb3c5d0_0, 0, 8;
    %jmp T_9.256;
T_9.242 ;
    %pushi/vec4 137, 0, 8;
    %store/vec4 v000001f3eeb3c5d0_0, 0, 8;
    %jmp T_9.256;
T_9.243 ;
    %pushi/vec4 13, 0, 8;
    %store/vec4 v000001f3eeb3c5d0_0, 0, 8;
    %jmp T_9.256;
T_9.244 ;
    %pushi/vec4 191, 0, 8;
    %store/vec4 v000001f3eeb3c5d0_0, 0, 8;
    %jmp T_9.256;
T_9.245 ;
    %pushi/vec4 230, 0, 8;
    %store/vec4 v000001f3eeb3c5d0_0, 0, 8;
    %jmp T_9.256;
T_9.246 ;
    %pushi/vec4 66, 0, 8;
    %store/vec4 v000001f3eeb3c5d0_0, 0, 8;
    %jmp T_9.256;
T_9.247 ;
    %pushi/vec4 104, 0, 8;
    %store/vec4 v000001f3eeb3c5d0_0, 0, 8;
    %jmp T_9.256;
T_9.248 ;
    %pushi/vec4 65, 0, 8;
    %store/vec4 v000001f3eeb3c5d0_0, 0, 8;
    %jmp T_9.256;
T_9.249 ;
    %pushi/vec4 153, 0, 8;
    %store/vec4 v000001f3eeb3c5d0_0, 0, 8;
    %jmp T_9.256;
T_9.250 ;
    %pushi/vec4 45, 0, 8;
    %store/vec4 v000001f3eeb3c5d0_0, 0, 8;
    %jmp T_9.256;
T_9.251 ;
    %pushi/vec4 15, 0, 8;
    %store/vec4 v000001f3eeb3c5d0_0, 0, 8;
    %jmp T_9.256;
T_9.252 ;
    %pushi/vec4 176, 0, 8;
    %store/vec4 v000001f3eeb3c5d0_0, 0, 8;
    %jmp T_9.256;
T_9.253 ;
    %pushi/vec4 84, 0, 8;
    %store/vec4 v000001f3eeb3c5d0_0, 0, 8;
    %jmp T_9.256;
T_9.254 ;
    %pushi/vec4 187, 0, 8;
    %store/vec4 v000001f3eeb3c5d0_0, 0, 8;
    %jmp T_9.256;
T_9.255 ;
    %pushi/vec4 22, 0, 8;
    %store/vec4 v000001f3eeb3c5d0_0, 0, 8;
    %jmp T_9.256;
T_9.256 ;
    %pop/vec4 1;
    %jmp T_9;
    .thread T_9, $push;
    .scope S_000001f3eeb3af30;
T_10 ;
    %wait E_000001f3eeabeac0;
    %load/vec4 v000001f3eeb3c350_0;
    %dup/vec4;
    %pushi/vec4 0, 0, 8;
    %cmp/u;
    %jmp/1 T_10.0, 6;
    %dup/vec4;
    %pushi/vec4 1, 0, 8;
    %cmp/u;
    %jmp/1 T_10.1, 6;
    %dup/vec4;
    %pushi/vec4 2, 0, 8;
    %cmp/u;
    %jmp/1 T_10.2, 6;
    %dup/vec4;
    %pushi/vec4 3, 0, 8;
    %cmp/u;
    %jmp/1 T_10.3, 6;
    %dup/vec4;
    %pushi/vec4 4, 0, 8;
    %cmp/u;
    %jmp/1 T_10.4, 6;
    %dup/vec4;
    %pushi/vec4 5, 0, 8;
    %cmp/u;
    %jmp/1 T_10.5, 6;
    %dup/vec4;
    %pushi/vec4 6, 0, 8;
    %cmp/u;
    %jmp/1 T_10.6, 6;
    %dup/vec4;
    %pushi/vec4 7, 0, 8;
    %cmp/u;
    %jmp/1 T_10.7, 6;
    %dup/vec4;
    %pushi/vec4 8, 0, 8;
    %cmp/u;
    %jmp/1 T_10.8, 6;
    %dup/vec4;
    %pushi/vec4 9, 0, 8;
    %cmp/u;
    %jmp/1 T_10.9, 6;
    %dup/vec4;
    %pushi/vec4 10, 0, 8;
    %cmp/u;
    %jmp/1 T_10.10, 6;
    %dup/vec4;
    %pushi/vec4 11, 0, 8;
    %cmp/u;
    %jmp/1 T_10.11, 6;
    %dup/vec4;
    %pushi/vec4 12, 0, 8;
    %cmp/u;
    %jmp/1 T_10.12, 6;
    %dup/vec4;
    %pushi/vec4 13, 0, 8;
    %cmp/u;
    %jmp/1 T_10.13, 6;
    %dup/vec4;
    %pushi/vec4 14, 0, 8;
    %cmp/u;
    %jmp/1 T_10.14, 6;
    %dup/vec4;
    %pushi/vec4 15, 0, 8;
    %cmp/u;
    %jmp/1 T_10.15, 6;
    %dup/vec4;
    %pushi/vec4 16, 0, 8;
    %cmp/u;
    %jmp/1 T_10.16, 6;
    %dup/vec4;
    %pushi/vec4 17, 0, 8;
    %cmp/u;
    %jmp/1 T_10.17, 6;
    %dup/vec4;
    %pushi/vec4 18, 0, 8;
    %cmp/u;
    %jmp/1 T_10.18, 6;
    %dup/vec4;
    %pushi/vec4 19, 0, 8;
    %cmp/u;
    %jmp/1 T_10.19, 6;
    %dup/vec4;
    %pushi/vec4 20, 0, 8;
    %cmp/u;
    %jmp/1 T_10.20, 6;
    %dup/vec4;
    %pushi/vec4 21, 0, 8;
    %cmp/u;
    %jmp/1 T_10.21, 6;
    %dup/vec4;
    %pushi/vec4 22, 0, 8;
    %cmp/u;
    %jmp/1 T_10.22, 6;
    %dup/vec4;
    %pushi/vec4 23, 0, 8;
    %cmp/u;
    %jmp/1 T_10.23, 6;
    %dup/vec4;
    %pushi/vec4 24, 0, 8;
    %cmp/u;
    %jmp/1 T_10.24, 6;
    %dup/vec4;
    %pushi/vec4 25, 0, 8;
    %cmp/u;
    %jmp/1 T_10.25, 6;
    %dup/vec4;
    %pushi/vec4 26, 0, 8;
    %cmp/u;
    %jmp/1 T_10.26, 6;
    %dup/vec4;
    %pushi/vec4 27, 0, 8;
    %cmp/u;
    %jmp/1 T_10.27, 6;
    %dup/vec4;
    %pushi/vec4 28, 0, 8;
    %cmp/u;
    %jmp/1 T_10.28, 6;
    %dup/vec4;
    %pushi/vec4 29, 0, 8;
    %cmp/u;
    %jmp/1 T_10.29, 6;
    %dup/vec4;
    %pushi/vec4 30, 0, 8;
    %cmp/u;
    %jmp/1 T_10.30, 6;
    %dup/vec4;
    %pushi/vec4 31, 0, 8;
    %cmp/u;
    %jmp/1 T_10.31, 6;
    %dup/vec4;
    %pushi/vec4 32, 0, 8;
    %cmp/u;
    %jmp/1 T_10.32, 6;
    %dup/vec4;
    %pushi/vec4 33, 0, 8;
    %cmp/u;
    %jmp/1 T_10.33, 6;
    %dup/vec4;
    %pushi/vec4 34, 0, 8;
    %cmp/u;
    %jmp/1 T_10.34, 6;
    %dup/vec4;
    %pushi/vec4 35, 0, 8;
    %cmp/u;
    %jmp/1 T_10.35, 6;
    %dup/vec4;
    %pushi/vec4 36, 0, 8;
    %cmp/u;
    %jmp/1 T_10.36, 6;
    %dup/vec4;
    %pushi/vec4 37, 0, 8;
    %cmp/u;
    %jmp/1 T_10.37, 6;
    %dup/vec4;
    %pushi/vec4 38, 0, 8;
    %cmp/u;
    %jmp/1 T_10.38, 6;
    %dup/vec4;
    %pushi/vec4 39, 0, 8;
    %cmp/u;
    %jmp/1 T_10.39, 6;
    %dup/vec4;
    %pushi/vec4 40, 0, 8;
    %cmp/u;
    %jmp/1 T_10.40, 6;
    %dup/vec4;
    %pushi/vec4 41, 0, 8;
    %cmp/u;
    %jmp/1 T_10.41, 6;
    %dup/vec4;
    %pushi/vec4 42, 0, 8;
    %cmp/u;
    %jmp/1 T_10.42, 6;
    %dup/vec4;
    %pushi/vec4 43, 0, 8;
    %cmp/u;
    %jmp/1 T_10.43, 6;
    %dup/vec4;
    %pushi/vec4 44, 0, 8;
    %cmp/u;
    %jmp/1 T_10.44, 6;
    %dup/vec4;
    %pushi/vec4 45, 0, 8;
    %cmp/u;
    %jmp/1 T_10.45, 6;
    %dup/vec4;
    %pushi/vec4 46, 0, 8;
    %cmp/u;
    %jmp/1 T_10.46, 6;
    %dup/vec4;
    %pushi/vec4 47, 0, 8;
    %cmp/u;
    %jmp/1 T_10.47, 6;
    %dup/vec4;
    %pushi/vec4 48, 0, 8;
    %cmp/u;
    %jmp/1 T_10.48, 6;
    %dup/vec4;
    %pushi/vec4 49, 0, 8;
    %cmp/u;
    %jmp/1 T_10.49, 6;
    %dup/vec4;
    %pushi/vec4 50, 0, 8;
    %cmp/u;
    %jmp/1 T_10.50, 6;
    %dup/vec4;
    %pushi/vec4 51, 0, 8;
    %cmp/u;
    %jmp/1 T_10.51, 6;
    %dup/vec4;
    %pushi/vec4 52, 0, 8;
    %cmp/u;
    %jmp/1 T_10.52, 6;
    %dup/vec4;
    %pushi/vec4 53, 0, 8;
    %cmp/u;
    %jmp/1 T_10.53, 6;
    %dup/vec4;
    %pushi/vec4 54, 0, 8;
    %cmp/u;
    %jmp/1 T_10.54, 6;
    %dup/vec4;
    %pushi/vec4 55, 0, 8;
    %cmp/u;
    %jmp/1 T_10.55, 6;
    %dup/vec4;
    %pushi/vec4 56, 0, 8;
    %cmp/u;
    %jmp/1 T_10.56, 6;
    %dup/vec4;
    %pushi/vec4 57, 0, 8;
    %cmp/u;
    %jmp/1 T_10.57, 6;
    %dup/vec4;
    %pushi/vec4 58, 0, 8;
    %cmp/u;
    %jmp/1 T_10.58, 6;
    %dup/vec4;
    %pushi/vec4 59, 0, 8;
    %cmp/u;
    %jmp/1 T_10.59, 6;
    %dup/vec4;
    %pushi/vec4 60, 0, 8;
    %cmp/u;
    %jmp/1 T_10.60, 6;
    %dup/vec4;
    %pushi/vec4 61, 0, 8;
    %cmp/u;
    %jmp/1 T_10.61, 6;
    %dup/vec4;
    %pushi/vec4 62, 0, 8;
    %cmp/u;
    %jmp/1 T_10.62, 6;
    %dup/vec4;
    %pushi/vec4 63, 0, 8;
    %cmp/u;
    %jmp/1 T_10.63, 6;
    %dup/vec4;
    %pushi/vec4 64, 0, 8;
    %cmp/u;
    %jmp/1 T_10.64, 6;
    %dup/vec4;
    %pushi/vec4 65, 0, 8;
    %cmp/u;
    %jmp/1 T_10.65, 6;
    %dup/vec4;
    %pushi/vec4 66, 0, 8;
    %cmp/u;
    %jmp/1 T_10.66, 6;
    %dup/vec4;
    %pushi/vec4 67, 0, 8;
    %cmp/u;
    %jmp/1 T_10.67, 6;
    %dup/vec4;
    %pushi/vec4 68, 0, 8;
    %cmp/u;
    %jmp/1 T_10.68, 6;
    %dup/vec4;
    %pushi/vec4 69, 0, 8;
    %cmp/u;
    %jmp/1 T_10.69, 6;
    %dup/vec4;
    %pushi/vec4 70, 0, 8;
    %cmp/u;
    %jmp/1 T_10.70, 6;
    %dup/vec4;
    %pushi/vec4 71, 0, 8;
    %cmp/u;
    %jmp/1 T_10.71, 6;
    %dup/vec4;
    %pushi/vec4 72, 0, 8;
    %cmp/u;
    %jmp/1 T_10.72, 6;
    %dup/vec4;
    %pushi/vec4 73, 0, 8;
    %cmp/u;
    %jmp/1 T_10.73, 6;
    %dup/vec4;
    %pushi/vec4 74, 0, 8;
    %cmp/u;
    %jmp/1 T_10.74, 6;
    %dup/vec4;
    %pushi/vec4 75, 0, 8;
    %cmp/u;
    %jmp/1 T_10.75, 6;
    %dup/vec4;
    %pushi/vec4 76, 0, 8;
    %cmp/u;
    %jmp/1 T_10.76, 6;
    %dup/vec4;
    %pushi/vec4 77, 0, 8;
    %cmp/u;
    %jmp/1 T_10.77, 6;
    %dup/vec4;
    %pushi/vec4 78, 0, 8;
    %cmp/u;
    %jmp/1 T_10.78, 6;
    %dup/vec4;
    %pushi/vec4 79, 0, 8;
    %cmp/u;
    %jmp/1 T_10.79, 6;
    %dup/vec4;
    %pushi/vec4 80, 0, 8;
    %cmp/u;
    %jmp/1 T_10.80, 6;
    %dup/vec4;
    %pushi/vec4 81, 0, 8;
    %cmp/u;
    %jmp/1 T_10.81, 6;
    %dup/vec4;
    %pushi/vec4 82, 0, 8;
    %cmp/u;
    %jmp/1 T_10.82, 6;
    %dup/vec4;
    %pushi/vec4 83, 0, 8;
    %cmp/u;
    %jmp/1 T_10.83, 6;
    %dup/vec4;
    %pushi/vec4 84, 0, 8;
    %cmp/u;
    %jmp/1 T_10.84, 6;
    %dup/vec4;
    %pushi/vec4 85, 0, 8;
    %cmp/u;
    %jmp/1 T_10.85, 6;
    %dup/vec4;
    %pushi/vec4 86, 0, 8;
    %cmp/u;
    %jmp/1 T_10.86, 6;
    %dup/vec4;
    %pushi/vec4 87, 0, 8;
    %cmp/u;
    %jmp/1 T_10.87, 6;
    %dup/vec4;
    %pushi/vec4 88, 0, 8;
    %cmp/u;
    %jmp/1 T_10.88, 6;
    %dup/vec4;
    %pushi/vec4 89, 0, 8;
    %cmp/u;
    %jmp/1 T_10.89, 6;
    %dup/vec4;
    %pushi/vec4 90, 0, 8;
    %cmp/u;
    %jmp/1 T_10.90, 6;
    %dup/vec4;
    %pushi/vec4 91, 0, 8;
    %cmp/u;
    %jmp/1 T_10.91, 6;
    %dup/vec4;
    %pushi/vec4 92, 0, 8;
    %cmp/u;
    %jmp/1 T_10.92, 6;
    %dup/vec4;
    %pushi/vec4 93, 0, 8;
    %cmp/u;
    %jmp/1 T_10.93, 6;
    %dup/vec4;
    %pushi/vec4 94, 0, 8;
    %cmp/u;
    %jmp/1 T_10.94, 6;
    %dup/vec4;
    %pushi/vec4 95, 0, 8;
    %cmp/u;
    %jmp/1 T_10.95, 6;
    %dup/vec4;
    %pushi/vec4 96, 0, 8;
    %cmp/u;
    %jmp/1 T_10.96, 6;
    %dup/vec4;
    %pushi/vec4 97, 0, 8;
    %cmp/u;
    %jmp/1 T_10.97, 6;
    %dup/vec4;
    %pushi/vec4 98, 0, 8;
    %cmp/u;
    %jmp/1 T_10.98, 6;
    %dup/vec4;
    %pushi/vec4 99, 0, 8;
    %cmp/u;
    %jmp/1 T_10.99, 6;
    %dup/vec4;
    %pushi/vec4 100, 0, 8;
    %cmp/u;
    %jmp/1 T_10.100, 6;
    %dup/vec4;
    %pushi/vec4 101, 0, 8;
    %cmp/u;
    %jmp/1 T_10.101, 6;
    %dup/vec4;
    %pushi/vec4 102, 0, 8;
    %cmp/u;
    %jmp/1 T_10.102, 6;
    %dup/vec4;
    %pushi/vec4 103, 0, 8;
    %cmp/u;
    %jmp/1 T_10.103, 6;
    %dup/vec4;
    %pushi/vec4 104, 0, 8;
    %cmp/u;
    %jmp/1 T_10.104, 6;
    %dup/vec4;
    %pushi/vec4 105, 0, 8;
    %cmp/u;
    %jmp/1 T_10.105, 6;
    %dup/vec4;
    %pushi/vec4 106, 0, 8;
    %cmp/u;
    %jmp/1 T_10.106, 6;
    %dup/vec4;
    %pushi/vec4 107, 0, 8;
    %cmp/u;
    %jmp/1 T_10.107, 6;
    %dup/vec4;
    %pushi/vec4 108, 0, 8;
    %cmp/u;
    %jmp/1 T_10.108, 6;
    %dup/vec4;
    %pushi/vec4 109, 0, 8;
    %cmp/u;
    %jmp/1 T_10.109, 6;
    %dup/vec4;
    %pushi/vec4 110, 0, 8;
    %cmp/u;
    %jmp/1 T_10.110, 6;
    %dup/vec4;
    %pushi/vec4 111, 0, 8;
    %cmp/u;
    %jmp/1 T_10.111, 6;
    %dup/vec4;
    %pushi/vec4 112, 0, 8;
    %cmp/u;
    %jmp/1 T_10.112, 6;
    %dup/vec4;
    %pushi/vec4 113, 0, 8;
    %cmp/u;
    %jmp/1 T_10.113, 6;
    %dup/vec4;
    %pushi/vec4 114, 0, 8;
    %cmp/u;
    %jmp/1 T_10.114, 6;
    %dup/vec4;
    %pushi/vec4 115, 0, 8;
    %cmp/u;
    %jmp/1 T_10.115, 6;
    %dup/vec4;
    %pushi/vec4 116, 0, 8;
    %cmp/u;
    %jmp/1 T_10.116, 6;
    %dup/vec4;
    %pushi/vec4 117, 0, 8;
    %cmp/u;
    %jmp/1 T_10.117, 6;
    %dup/vec4;
    %pushi/vec4 118, 0, 8;
    %cmp/u;
    %jmp/1 T_10.118, 6;
    %dup/vec4;
    %pushi/vec4 119, 0, 8;
    %cmp/u;
    %jmp/1 T_10.119, 6;
    %dup/vec4;
    %pushi/vec4 120, 0, 8;
    %cmp/u;
    %jmp/1 T_10.120, 6;
    %dup/vec4;
    %pushi/vec4 121, 0, 8;
    %cmp/u;
    %jmp/1 T_10.121, 6;
    %dup/vec4;
    %pushi/vec4 122, 0, 8;
    %cmp/u;
    %jmp/1 T_10.122, 6;
    %dup/vec4;
    %pushi/vec4 123, 0, 8;
    %cmp/u;
    %jmp/1 T_10.123, 6;
    %dup/vec4;
    %pushi/vec4 124, 0, 8;
    %cmp/u;
    %jmp/1 T_10.124, 6;
    %dup/vec4;
    %pushi/vec4 125, 0, 8;
    %cmp/u;
    %jmp/1 T_10.125, 6;
    %dup/vec4;
    %pushi/vec4 126, 0, 8;
    %cmp/u;
    %jmp/1 T_10.126, 6;
    %dup/vec4;
    %pushi/vec4 127, 0, 8;
    %cmp/u;
    %jmp/1 T_10.127, 6;
    %dup/vec4;
    %pushi/vec4 128, 0, 8;
    %cmp/u;
    %jmp/1 T_10.128, 6;
    %dup/vec4;
    %pushi/vec4 129, 0, 8;
    %cmp/u;
    %jmp/1 T_10.129, 6;
    %dup/vec4;
    %pushi/vec4 130, 0, 8;
    %cmp/u;
    %jmp/1 T_10.130, 6;
    %dup/vec4;
    %pushi/vec4 131, 0, 8;
    %cmp/u;
    %jmp/1 T_10.131, 6;
    %dup/vec4;
    %pushi/vec4 132, 0, 8;
    %cmp/u;
    %jmp/1 T_10.132, 6;
    %dup/vec4;
    %pushi/vec4 133, 0, 8;
    %cmp/u;
    %jmp/1 T_10.133, 6;
    %dup/vec4;
    %pushi/vec4 134, 0, 8;
    %cmp/u;
    %jmp/1 T_10.134, 6;
    %dup/vec4;
    %pushi/vec4 135, 0, 8;
    %cmp/u;
    %jmp/1 T_10.135, 6;
    %dup/vec4;
    %pushi/vec4 136, 0, 8;
    %cmp/u;
    %jmp/1 T_10.136, 6;
    %dup/vec4;
    %pushi/vec4 137, 0, 8;
    %cmp/u;
    %jmp/1 T_10.137, 6;
    %dup/vec4;
    %pushi/vec4 138, 0, 8;
    %cmp/u;
    %jmp/1 T_10.138, 6;
    %dup/vec4;
    %pushi/vec4 139, 0, 8;
    %cmp/u;
    %jmp/1 T_10.139, 6;
    %dup/vec4;
    %pushi/vec4 140, 0, 8;
    %cmp/u;
    %jmp/1 T_10.140, 6;
    %dup/vec4;
    %pushi/vec4 141, 0, 8;
    %cmp/u;
    %jmp/1 T_10.141, 6;
    %dup/vec4;
    %pushi/vec4 142, 0, 8;
    %cmp/u;
    %jmp/1 T_10.142, 6;
    %dup/vec4;
    %pushi/vec4 143, 0, 8;
    %cmp/u;
    %jmp/1 T_10.143, 6;
    %dup/vec4;
    %pushi/vec4 144, 0, 8;
    %cmp/u;
    %jmp/1 T_10.144, 6;
    %dup/vec4;
    %pushi/vec4 145, 0, 8;
    %cmp/u;
    %jmp/1 T_10.145, 6;
    %dup/vec4;
    %pushi/vec4 146, 0, 8;
    %cmp/u;
    %jmp/1 T_10.146, 6;
    %dup/vec4;
    %pushi/vec4 147, 0, 8;
    %cmp/u;
    %jmp/1 T_10.147, 6;
    %dup/vec4;
    %pushi/vec4 148, 0, 8;
    %cmp/u;
    %jmp/1 T_10.148, 6;
    %dup/vec4;
    %pushi/vec4 149, 0, 8;
    %cmp/u;
    %jmp/1 T_10.149, 6;
    %dup/vec4;
    %pushi/vec4 150, 0, 8;
    %cmp/u;
    %jmp/1 T_10.150, 6;
    %dup/vec4;
    %pushi/vec4 151, 0, 8;
    %cmp/u;
    %jmp/1 T_10.151, 6;
    %dup/vec4;
    %pushi/vec4 152, 0, 8;
    %cmp/u;
    %jmp/1 T_10.152, 6;
    %dup/vec4;
    %pushi/vec4 153, 0, 8;
    %cmp/u;
    %jmp/1 T_10.153, 6;
    %dup/vec4;
    %pushi/vec4 154, 0, 8;
    %cmp/u;
    %jmp/1 T_10.154, 6;
    %dup/vec4;
    %pushi/vec4 155, 0, 8;
    %cmp/u;
    %jmp/1 T_10.155, 6;
    %dup/vec4;
    %pushi/vec4 156, 0, 8;
    %cmp/u;
    %jmp/1 T_10.156, 6;
    %dup/vec4;
    %pushi/vec4 157, 0, 8;
    %cmp/u;
    %jmp/1 T_10.157, 6;
    %dup/vec4;
    %pushi/vec4 158, 0, 8;
    %cmp/u;
    %jmp/1 T_10.158, 6;
    %dup/vec4;
    %pushi/vec4 159, 0, 8;
    %cmp/u;
    %jmp/1 T_10.159, 6;
    %dup/vec4;
    %pushi/vec4 160, 0, 8;
    %cmp/u;
    %jmp/1 T_10.160, 6;
    %dup/vec4;
    %pushi/vec4 161, 0, 8;
    %cmp/u;
    %jmp/1 T_10.161, 6;
    %dup/vec4;
    %pushi/vec4 162, 0, 8;
    %cmp/u;
    %jmp/1 T_10.162, 6;
    %dup/vec4;
    %pushi/vec4 163, 0, 8;
    %cmp/u;
    %jmp/1 T_10.163, 6;
    %dup/vec4;
    %pushi/vec4 164, 0, 8;
    %cmp/u;
    %jmp/1 T_10.164, 6;
    %dup/vec4;
    %pushi/vec4 165, 0, 8;
    %cmp/u;
    %jmp/1 T_10.165, 6;
    %dup/vec4;
    %pushi/vec4 166, 0, 8;
    %cmp/u;
    %jmp/1 T_10.166, 6;
    %dup/vec4;
    %pushi/vec4 167, 0, 8;
    %cmp/u;
    %jmp/1 T_10.167, 6;
    %dup/vec4;
    %pushi/vec4 168, 0, 8;
    %cmp/u;
    %jmp/1 T_10.168, 6;
    %dup/vec4;
    %pushi/vec4 169, 0, 8;
    %cmp/u;
    %jmp/1 T_10.169, 6;
    %dup/vec4;
    %pushi/vec4 170, 0, 8;
    %cmp/u;
    %jmp/1 T_10.170, 6;
    %dup/vec4;
    %pushi/vec4 171, 0, 8;
    %cmp/u;
    %jmp/1 T_10.171, 6;
    %dup/vec4;
    %pushi/vec4 172, 0, 8;
    %cmp/u;
    %jmp/1 T_10.172, 6;
    %dup/vec4;
    %pushi/vec4 173, 0, 8;
    %cmp/u;
    %jmp/1 T_10.173, 6;
    %dup/vec4;
    %pushi/vec4 174, 0, 8;
    %cmp/u;
    %jmp/1 T_10.174, 6;
    %dup/vec4;
    %pushi/vec4 175, 0, 8;
    %cmp/u;
    %jmp/1 T_10.175, 6;
    %dup/vec4;
    %pushi/vec4 176, 0, 8;
    %cmp/u;
    %jmp/1 T_10.176, 6;
    %dup/vec4;
    %pushi/vec4 177, 0, 8;
    %cmp/u;
    %jmp/1 T_10.177, 6;
    %dup/vec4;
    %pushi/vec4 178, 0, 8;
    %cmp/u;
    %jmp/1 T_10.178, 6;
    %dup/vec4;
    %pushi/vec4 179, 0, 8;
    %cmp/u;
    %jmp/1 T_10.179, 6;
    %dup/vec4;
    %pushi/vec4 180, 0, 8;
    %cmp/u;
    %jmp/1 T_10.180, 6;
    %dup/vec4;
    %pushi/vec4 181, 0, 8;
    %cmp/u;
    %jmp/1 T_10.181, 6;
    %dup/vec4;
    %pushi/vec4 182, 0, 8;
    %cmp/u;
    %jmp/1 T_10.182, 6;
    %dup/vec4;
    %pushi/vec4 183, 0, 8;
    %cmp/u;
    %jmp/1 T_10.183, 6;
    %dup/vec4;
    %pushi/vec4 184, 0, 8;
    %cmp/u;
    %jmp/1 T_10.184, 6;
    %dup/vec4;
    %pushi/vec4 185, 0, 8;
    %cmp/u;
    %jmp/1 T_10.185, 6;
    %dup/vec4;
    %pushi/vec4 186, 0, 8;
    %cmp/u;
    %jmp/1 T_10.186, 6;
    %dup/vec4;
    %pushi/vec4 187, 0, 8;
    %cmp/u;
    %jmp/1 T_10.187, 6;
    %dup/vec4;
    %pushi/vec4 188, 0, 8;
    %cmp/u;
    %jmp/1 T_10.188, 6;
    %dup/vec4;
    %pushi/vec4 189, 0, 8;
    %cmp/u;
    %jmp/1 T_10.189, 6;
    %dup/vec4;
    %pushi/vec4 190, 0, 8;
    %cmp/u;
    %jmp/1 T_10.190, 6;
    %dup/vec4;
    %pushi/vec4 191, 0, 8;
    %cmp/u;
    %jmp/1 T_10.191, 6;
    %dup/vec4;
    %pushi/vec4 192, 0, 8;
    %cmp/u;
    %jmp/1 T_10.192, 6;
    %dup/vec4;
    %pushi/vec4 193, 0, 8;
    %cmp/u;
    %jmp/1 T_10.193, 6;
    %dup/vec4;
    %pushi/vec4 194, 0, 8;
    %cmp/u;
    %jmp/1 T_10.194, 6;
    %dup/vec4;
    %pushi/vec4 195, 0, 8;
    %cmp/u;
    %jmp/1 T_10.195, 6;
    %dup/vec4;
    %pushi/vec4 196, 0, 8;
    %cmp/u;
    %jmp/1 T_10.196, 6;
    %dup/vec4;
    %pushi/vec4 197, 0, 8;
    %cmp/u;
    %jmp/1 T_10.197, 6;
    %dup/vec4;
    %pushi/vec4 198, 0, 8;
    %cmp/u;
    %jmp/1 T_10.198, 6;
    %dup/vec4;
    %pushi/vec4 199, 0, 8;
    %cmp/u;
    %jmp/1 T_10.199, 6;
    %dup/vec4;
    %pushi/vec4 200, 0, 8;
    %cmp/u;
    %jmp/1 T_10.200, 6;
    %dup/vec4;
    %pushi/vec4 201, 0, 8;
    %cmp/u;
    %jmp/1 T_10.201, 6;
    %dup/vec4;
    %pushi/vec4 202, 0, 8;
    %cmp/u;
    %jmp/1 T_10.202, 6;
    %dup/vec4;
    %pushi/vec4 203, 0, 8;
    %cmp/u;
    %jmp/1 T_10.203, 6;
    %dup/vec4;
    %pushi/vec4 204, 0, 8;
    %cmp/u;
    %jmp/1 T_10.204, 6;
    %dup/vec4;
    %pushi/vec4 205, 0, 8;
    %cmp/u;
    %jmp/1 T_10.205, 6;
    %dup/vec4;
    %pushi/vec4 206, 0, 8;
    %cmp/u;
    %jmp/1 T_10.206, 6;
    %dup/vec4;
    %pushi/vec4 207, 0, 8;
    %cmp/u;
    %jmp/1 T_10.207, 6;
    %dup/vec4;
    %pushi/vec4 208, 0, 8;
    %cmp/u;
    %jmp/1 T_10.208, 6;
    %dup/vec4;
    %pushi/vec4 209, 0, 8;
    %cmp/u;
    %jmp/1 T_10.209, 6;
    %dup/vec4;
    %pushi/vec4 210, 0, 8;
    %cmp/u;
    %jmp/1 T_10.210, 6;
    %dup/vec4;
    %pushi/vec4 211, 0, 8;
    %cmp/u;
    %jmp/1 T_10.211, 6;
    %dup/vec4;
    %pushi/vec4 212, 0, 8;
    %cmp/u;
    %jmp/1 T_10.212, 6;
    %dup/vec4;
    %pushi/vec4 213, 0, 8;
    %cmp/u;
    %jmp/1 T_10.213, 6;
    %dup/vec4;
    %pushi/vec4 214, 0, 8;
    %cmp/u;
    %jmp/1 T_10.214, 6;
    %dup/vec4;
    %pushi/vec4 215, 0, 8;
    %cmp/u;
    %jmp/1 T_10.215, 6;
    %dup/vec4;
    %pushi/vec4 216, 0, 8;
    %cmp/u;
    %jmp/1 T_10.216, 6;
    %dup/vec4;
    %pushi/vec4 217, 0, 8;
    %cmp/u;
    %jmp/1 T_10.217, 6;
    %dup/vec4;
    %pushi/vec4 218, 0, 8;
    %cmp/u;
    %jmp/1 T_10.218, 6;
    %dup/vec4;
    %pushi/vec4 219, 0, 8;
    %cmp/u;
    %jmp/1 T_10.219, 6;
    %dup/vec4;
    %pushi/vec4 220, 0, 8;
    %cmp/u;
    %jmp/1 T_10.220, 6;
    %dup/vec4;
    %pushi/vec4 221, 0, 8;
    %cmp/u;
    %jmp/1 T_10.221, 6;
    %dup/vec4;
    %pushi/vec4 222, 0, 8;
    %cmp/u;
    %jmp/1 T_10.222, 6;
    %dup/vec4;
    %pushi/vec4 223, 0, 8;
    %cmp/u;
    %jmp/1 T_10.223, 6;
    %dup/vec4;
    %pushi/vec4 224, 0, 8;
    %cmp/u;
    %jmp/1 T_10.224, 6;
    %dup/vec4;
    %pushi/vec4 225, 0, 8;
    %cmp/u;
    %jmp/1 T_10.225, 6;
    %dup/vec4;
    %pushi/vec4 226, 0, 8;
    %cmp/u;
    %jmp/1 T_10.226, 6;
    %dup/vec4;
    %pushi/vec4 227, 0, 8;
    %cmp/u;
    %jmp/1 T_10.227, 6;
    %dup/vec4;
    %pushi/vec4 228, 0, 8;
    %cmp/u;
    %jmp/1 T_10.228, 6;
    %dup/vec4;
    %pushi/vec4 229, 0, 8;
    %cmp/u;
    %jmp/1 T_10.229, 6;
    %dup/vec4;
    %pushi/vec4 230, 0, 8;
    %cmp/u;
    %jmp/1 T_10.230, 6;
    %dup/vec4;
    %pushi/vec4 231, 0, 8;
    %cmp/u;
    %jmp/1 T_10.231, 6;
    %dup/vec4;
    %pushi/vec4 232, 0, 8;
    %cmp/u;
    %jmp/1 T_10.232, 6;
    %dup/vec4;
    %pushi/vec4 233, 0, 8;
    %cmp/u;
    %jmp/1 T_10.233, 6;
    %dup/vec4;
    %pushi/vec4 234, 0, 8;
    %cmp/u;
    %jmp/1 T_10.234, 6;
    %dup/vec4;
    %pushi/vec4 235, 0, 8;
    %cmp/u;
    %jmp/1 T_10.235, 6;
    %dup/vec4;
    %pushi/vec4 236, 0, 8;
    %cmp/u;
    %jmp/1 T_10.236, 6;
    %dup/vec4;
    %pushi/vec4 237, 0, 8;
    %cmp/u;
    %jmp/1 T_10.237, 6;
    %dup/vec4;
    %pushi/vec4 238, 0, 8;
    %cmp/u;
    %jmp/1 T_10.238, 6;
    %dup/vec4;
    %pushi/vec4 239, 0, 8;
    %cmp/u;
    %jmp/1 T_10.239, 6;
    %dup/vec4;
    %pushi/vec4 240, 0, 8;
    %cmp/u;
    %jmp/1 T_10.240, 6;
    %dup/vec4;
    %pushi/vec4 241, 0, 8;
    %cmp/u;
    %jmp/1 T_10.241, 6;
    %dup/vec4;
    %pushi/vec4 242, 0, 8;
    %cmp/u;
    %jmp/1 T_10.242, 6;
    %dup/vec4;
    %pushi/vec4 243, 0, 8;
    %cmp/u;
    %jmp/1 T_10.243, 6;
    %dup/vec4;
    %pushi/vec4 244, 0, 8;
    %cmp/u;
    %jmp/1 T_10.244, 6;
    %dup/vec4;
    %pushi/vec4 245, 0, 8;
    %cmp/u;
    %jmp/1 T_10.245, 6;
    %dup/vec4;
    %pushi/vec4 246, 0, 8;
    %cmp/u;
    %jmp/1 T_10.246, 6;
    %dup/vec4;
    %pushi/vec4 247, 0, 8;
    %cmp/u;
    %jmp/1 T_10.247, 6;
    %dup/vec4;
    %pushi/vec4 248, 0, 8;
    %cmp/u;
    %jmp/1 T_10.248, 6;
    %dup/vec4;
    %pushi/vec4 249, 0, 8;
    %cmp/u;
    %jmp/1 T_10.249, 6;
    %dup/vec4;
    %pushi/vec4 250, 0, 8;
    %cmp/u;
    %jmp/1 T_10.250, 6;
    %dup/vec4;
    %pushi/vec4 251, 0, 8;
    %cmp/u;
    %jmp/1 T_10.251, 6;
    %dup/vec4;
    %pushi/vec4 252, 0, 8;
    %cmp/u;
    %jmp/1 T_10.252, 6;
    %dup/vec4;
    %pushi/vec4 253, 0, 8;
    %cmp/u;
    %jmp/1 T_10.253, 6;
    %dup/vec4;
    %pushi/vec4 254, 0, 8;
    %cmp/u;
    %jmp/1 T_10.254, 6;
    %dup/vec4;
    %pushi/vec4 255, 0, 8;
    %cmp/u;
    %jmp/1 T_10.255, 6;
    %jmp T_10.256;
T_10.0 ;
    %pushi/vec4 99, 0, 8;
    %store/vec4 v000001f3eeb3cdf0_0, 0, 8;
    %jmp T_10.256;
T_10.1 ;
    %pushi/vec4 124, 0, 8;
    %store/vec4 v000001f3eeb3cdf0_0, 0, 8;
    %jmp T_10.256;
T_10.2 ;
    %pushi/vec4 119, 0, 8;
    %store/vec4 v000001f3eeb3cdf0_0, 0, 8;
    %jmp T_10.256;
T_10.3 ;
    %pushi/vec4 123, 0, 8;
    %store/vec4 v000001f3eeb3cdf0_0, 0, 8;
    %jmp T_10.256;
T_10.4 ;
    %pushi/vec4 242, 0, 8;
    %store/vec4 v000001f3eeb3cdf0_0, 0, 8;
    %jmp T_10.256;
T_10.5 ;
    %pushi/vec4 107, 0, 8;
    %store/vec4 v000001f3eeb3cdf0_0, 0, 8;
    %jmp T_10.256;
T_10.6 ;
    %pushi/vec4 111, 0, 8;
    %store/vec4 v000001f3eeb3cdf0_0, 0, 8;
    %jmp T_10.256;
T_10.7 ;
    %pushi/vec4 197, 0, 8;
    %store/vec4 v000001f3eeb3cdf0_0, 0, 8;
    %jmp T_10.256;
T_10.8 ;
    %pushi/vec4 48, 0, 8;
    %store/vec4 v000001f3eeb3cdf0_0, 0, 8;
    %jmp T_10.256;
T_10.9 ;
    %pushi/vec4 1, 0, 8;
    %store/vec4 v000001f3eeb3cdf0_0, 0, 8;
    %jmp T_10.256;
T_10.10 ;
    %pushi/vec4 103, 0, 8;
    %store/vec4 v000001f3eeb3cdf0_0, 0, 8;
    %jmp T_10.256;
T_10.11 ;
    %pushi/vec4 43, 0, 8;
    %store/vec4 v000001f3eeb3cdf0_0, 0, 8;
    %jmp T_10.256;
T_10.12 ;
    %pushi/vec4 254, 0, 8;
    %store/vec4 v000001f3eeb3cdf0_0, 0, 8;
    %jmp T_10.256;
T_10.13 ;
    %pushi/vec4 215, 0, 8;
    %store/vec4 v000001f3eeb3cdf0_0, 0, 8;
    %jmp T_10.256;
T_10.14 ;
    %pushi/vec4 171, 0, 8;
    %store/vec4 v000001f3eeb3cdf0_0, 0, 8;
    %jmp T_10.256;
T_10.15 ;
    %pushi/vec4 118, 0, 8;
    %store/vec4 v000001f3eeb3cdf0_0, 0, 8;
    %jmp T_10.256;
T_10.16 ;
    %pushi/vec4 202, 0, 8;
    %store/vec4 v000001f3eeb3cdf0_0, 0, 8;
    %jmp T_10.256;
T_10.17 ;
    %pushi/vec4 130, 0, 8;
    %store/vec4 v000001f3eeb3cdf0_0, 0, 8;
    %jmp T_10.256;
T_10.18 ;
    %pushi/vec4 201, 0, 8;
    %store/vec4 v000001f3eeb3cdf0_0, 0, 8;
    %jmp T_10.256;
T_10.19 ;
    %pushi/vec4 125, 0, 8;
    %store/vec4 v000001f3eeb3cdf0_0, 0, 8;
    %jmp T_10.256;
T_10.20 ;
    %pushi/vec4 250, 0, 8;
    %store/vec4 v000001f3eeb3cdf0_0, 0, 8;
    %jmp T_10.256;
T_10.21 ;
    %pushi/vec4 89, 0, 8;
    %store/vec4 v000001f3eeb3cdf0_0, 0, 8;
    %jmp T_10.256;
T_10.22 ;
    %pushi/vec4 71, 0, 8;
    %store/vec4 v000001f3eeb3cdf0_0, 0, 8;
    %jmp T_10.256;
T_10.23 ;
    %pushi/vec4 240, 0, 8;
    %store/vec4 v000001f3eeb3cdf0_0, 0, 8;
    %jmp T_10.256;
T_10.24 ;
    %pushi/vec4 173, 0, 8;
    %store/vec4 v000001f3eeb3cdf0_0, 0, 8;
    %jmp T_10.256;
T_10.25 ;
    %pushi/vec4 212, 0, 8;
    %store/vec4 v000001f3eeb3cdf0_0, 0, 8;
    %jmp T_10.256;
T_10.26 ;
    %pushi/vec4 162, 0, 8;
    %store/vec4 v000001f3eeb3cdf0_0, 0, 8;
    %jmp T_10.256;
T_10.27 ;
    %pushi/vec4 175, 0, 8;
    %store/vec4 v000001f3eeb3cdf0_0, 0, 8;
    %jmp T_10.256;
T_10.28 ;
    %pushi/vec4 156, 0, 8;
    %store/vec4 v000001f3eeb3cdf0_0, 0, 8;
    %jmp T_10.256;
T_10.29 ;
    %pushi/vec4 164, 0, 8;
    %store/vec4 v000001f3eeb3cdf0_0, 0, 8;
    %jmp T_10.256;
T_10.30 ;
    %pushi/vec4 114, 0, 8;
    %store/vec4 v000001f3eeb3cdf0_0, 0, 8;
    %jmp T_10.256;
T_10.31 ;
    %pushi/vec4 192, 0, 8;
    %store/vec4 v000001f3eeb3cdf0_0, 0, 8;
    %jmp T_10.256;
T_10.32 ;
    %pushi/vec4 183, 0, 8;
    %store/vec4 v000001f3eeb3cdf0_0, 0, 8;
    %jmp T_10.256;
T_10.33 ;
    %pushi/vec4 253, 0, 8;
    %store/vec4 v000001f3eeb3cdf0_0, 0, 8;
    %jmp T_10.256;
T_10.34 ;
    %pushi/vec4 147, 0, 8;
    %store/vec4 v000001f3eeb3cdf0_0, 0, 8;
    %jmp T_10.256;
T_10.35 ;
    %pushi/vec4 38, 0, 8;
    %store/vec4 v000001f3eeb3cdf0_0, 0, 8;
    %jmp T_10.256;
T_10.36 ;
    %pushi/vec4 54, 0, 8;
    %store/vec4 v000001f3eeb3cdf0_0, 0, 8;
    %jmp T_10.256;
T_10.37 ;
    %pushi/vec4 63, 0, 8;
    %store/vec4 v000001f3eeb3cdf0_0, 0, 8;
    %jmp T_10.256;
T_10.38 ;
    %pushi/vec4 247, 0, 8;
    %store/vec4 v000001f3eeb3cdf0_0, 0, 8;
    %jmp T_10.256;
T_10.39 ;
    %pushi/vec4 204, 0, 8;
    %store/vec4 v000001f3eeb3cdf0_0, 0, 8;
    %jmp T_10.256;
T_10.40 ;
    %pushi/vec4 52, 0, 8;
    %store/vec4 v000001f3eeb3cdf0_0, 0, 8;
    %jmp T_10.256;
T_10.41 ;
    %pushi/vec4 165, 0, 8;
    %store/vec4 v000001f3eeb3cdf0_0, 0, 8;
    %jmp T_10.256;
T_10.42 ;
    %pushi/vec4 229, 0, 8;
    %store/vec4 v000001f3eeb3cdf0_0, 0, 8;
    %jmp T_10.256;
T_10.43 ;
    %pushi/vec4 241, 0, 8;
    %store/vec4 v000001f3eeb3cdf0_0, 0, 8;
    %jmp T_10.256;
T_10.44 ;
    %pushi/vec4 113, 0, 8;
    %store/vec4 v000001f3eeb3cdf0_0, 0, 8;
    %jmp T_10.256;
T_10.45 ;
    %pushi/vec4 216, 0, 8;
    %store/vec4 v000001f3eeb3cdf0_0, 0, 8;
    %jmp T_10.256;
T_10.46 ;
    %pushi/vec4 49, 0, 8;
    %store/vec4 v000001f3eeb3cdf0_0, 0, 8;
    %jmp T_10.256;
T_10.47 ;
    %pushi/vec4 21, 0, 8;
    %store/vec4 v000001f3eeb3cdf0_0, 0, 8;
    %jmp T_10.256;
T_10.48 ;
    %pushi/vec4 4, 0, 8;
    %store/vec4 v000001f3eeb3cdf0_0, 0, 8;
    %jmp T_10.256;
T_10.49 ;
    %pushi/vec4 199, 0, 8;
    %store/vec4 v000001f3eeb3cdf0_0, 0, 8;
    %jmp T_10.256;
T_10.50 ;
    %pushi/vec4 35, 0, 8;
    %store/vec4 v000001f3eeb3cdf0_0, 0, 8;
    %jmp T_10.256;
T_10.51 ;
    %pushi/vec4 195, 0, 8;
    %store/vec4 v000001f3eeb3cdf0_0, 0, 8;
    %jmp T_10.256;
T_10.52 ;
    %pushi/vec4 24, 0, 8;
    %store/vec4 v000001f3eeb3cdf0_0, 0, 8;
    %jmp T_10.256;
T_10.53 ;
    %pushi/vec4 150, 0, 8;
    %store/vec4 v000001f3eeb3cdf0_0, 0, 8;
    %jmp T_10.256;
T_10.54 ;
    %pushi/vec4 5, 0, 8;
    %store/vec4 v000001f3eeb3cdf0_0, 0, 8;
    %jmp T_10.256;
T_10.55 ;
    %pushi/vec4 154, 0, 8;
    %store/vec4 v000001f3eeb3cdf0_0, 0, 8;
    %jmp T_10.256;
T_10.56 ;
    %pushi/vec4 7, 0, 8;
    %store/vec4 v000001f3eeb3cdf0_0, 0, 8;
    %jmp T_10.256;
T_10.57 ;
    %pushi/vec4 18, 0, 8;
    %store/vec4 v000001f3eeb3cdf0_0, 0, 8;
    %jmp T_10.256;
T_10.58 ;
    %pushi/vec4 128, 0, 8;
    %store/vec4 v000001f3eeb3cdf0_0, 0, 8;
    %jmp T_10.256;
T_10.59 ;
    %pushi/vec4 226, 0, 8;
    %store/vec4 v000001f3eeb3cdf0_0, 0, 8;
    %jmp T_10.256;
T_10.60 ;
    %pushi/vec4 235, 0, 8;
    %store/vec4 v000001f3eeb3cdf0_0, 0, 8;
    %jmp T_10.256;
T_10.61 ;
    %pushi/vec4 39, 0, 8;
    %store/vec4 v000001f3eeb3cdf0_0, 0, 8;
    %jmp T_10.256;
T_10.62 ;
    %pushi/vec4 178, 0, 8;
    %store/vec4 v000001f3eeb3cdf0_0, 0, 8;
    %jmp T_10.256;
T_10.63 ;
    %pushi/vec4 117, 0, 8;
    %store/vec4 v000001f3eeb3cdf0_0, 0, 8;
    %jmp T_10.256;
T_10.64 ;
    %pushi/vec4 9, 0, 8;
    %store/vec4 v000001f3eeb3cdf0_0, 0, 8;
    %jmp T_10.256;
T_10.65 ;
    %pushi/vec4 131, 0, 8;
    %store/vec4 v000001f3eeb3cdf0_0, 0, 8;
    %jmp T_10.256;
T_10.66 ;
    %pushi/vec4 44, 0, 8;
    %store/vec4 v000001f3eeb3cdf0_0, 0, 8;
    %jmp T_10.256;
T_10.67 ;
    %pushi/vec4 26, 0, 8;
    %store/vec4 v000001f3eeb3cdf0_0, 0, 8;
    %jmp T_10.256;
T_10.68 ;
    %pushi/vec4 27, 0, 8;
    %store/vec4 v000001f3eeb3cdf0_0, 0, 8;
    %jmp T_10.256;
T_10.69 ;
    %pushi/vec4 110, 0, 8;
    %store/vec4 v000001f3eeb3cdf0_0, 0, 8;
    %jmp T_10.256;
T_10.70 ;
    %pushi/vec4 90, 0, 8;
    %store/vec4 v000001f3eeb3cdf0_0, 0, 8;
    %jmp T_10.256;
T_10.71 ;
    %pushi/vec4 160, 0, 8;
    %store/vec4 v000001f3eeb3cdf0_0, 0, 8;
    %jmp T_10.256;
T_10.72 ;
    %pushi/vec4 82, 0, 8;
    %store/vec4 v000001f3eeb3cdf0_0, 0, 8;
    %jmp T_10.256;
T_10.73 ;
    %pushi/vec4 59, 0, 8;
    %store/vec4 v000001f3eeb3cdf0_0, 0, 8;
    %jmp T_10.256;
T_10.74 ;
    %pushi/vec4 214, 0, 8;
    %store/vec4 v000001f3eeb3cdf0_0, 0, 8;
    %jmp T_10.256;
T_10.75 ;
    %pushi/vec4 179, 0, 8;
    %store/vec4 v000001f3eeb3cdf0_0, 0, 8;
    %jmp T_10.256;
T_10.76 ;
    %pushi/vec4 41, 0, 8;
    %store/vec4 v000001f3eeb3cdf0_0, 0, 8;
    %jmp T_10.256;
T_10.77 ;
    %pushi/vec4 227, 0, 8;
    %store/vec4 v000001f3eeb3cdf0_0, 0, 8;
    %jmp T_10.256;
T_10.78 ;
    %pushi/vec4 47, 0, 8;
    %store/vec4 v000001f3eeb3cdf0_0, 0, 8;
    %jmp T_10.256;
T_10.79 ;
    %pushi/vec4 132, 0, 8;
    %store/vec4 v000001f3eeb3cdf0_0, 0, 8;
    %jmp T_10.256;
T_10.80 ;
    %pushi/vec4 83, 0, 8;
    %store/vec4 v000001f3eeb3cdf0_0, 0, 8;
    %jmp T_10.256;
T_10.81 ;
    %pushi/vec4 209, 0, 8;
    %store/vec4 v000001f3eeb3cdf0_0, 0, 8;
    %jmp T_10.256;
T_10.82 ;
    %pushi/vec4 0, 0, 8;
    %store/vec4 v000001f3eeb3cdf0_0, 0, 8;
    %jmp T_10.256;
T_10.83 ;
    %pushi/vec4 237, 0, 8;
    %store/vec4 v000001f3eeb3cdf0_0, 0, 8;
    %jmp T_10.256;
T_10.84 ;
    %pushi/vec4 32, 0, 8;
    %store/vec4 v000001f3eeb3cdf0_0, 0, 8;
    %jmp T_10.256;
T_10.85 ;
    %pushi/vec4 252, 0, 8;
    %store/vec4 v000001f3eeb3cdf0_0, 0, 8;
    %jmp T_10.256;
T_10.86 ;
    %pushi/vec4 177, 0, 8;
    %store/vec4 v000001f3eeb3cdf0_0, 0, 8;
    %jmp T_10.256;
T_10.87 ;
    %pushi/vec4 91, 0, 8;
    %store/vec4 v000001f3eeb3cdf0_0, 0, 8;
    %jmp T_10.256;
T_10.88 ;
    %pushi/vec4 106, 0, 8;
    %store/vec4 v000001f3eeb3cdf0_0, 0, 8;
    %jmp T_10.256;
T_10.89 ;
    %pushi/vec4 203, 0, 8;
    %store/vec4 v000001f3eeb3cdf0_0, 0, 8;
    %jmp T_10.256;
T_10.90 ;
    %pushi/vec4 190, 0, 8;
    %store/vec4 v000001f3eeb3cdf0_0, 0, 8;
    %jmp T_10.256;
T_10.91 ;
    %pushi/vec4 57, 0, 8;
    %store/vec4 v000001f3eeb3cdf0_0, 0, 8;
    %jmp T_10.256;
T_10.92 ;
    %pushi/vec4 74, 0, 8;
    %store/vec4 v000001f3eeb3cdf0_0, 0, 8;
    %jmp T_10.256;
T_10.93 ;
    %pushi/vec4 76, 0, 8;
    %store/vec4 v000001f3eeb3cdf0_0, 0, 8;
    %jmp T_10.256;
T_10.94 ;
    %pushi/vec4 88, 0, 8;
    %store/vec4 v000001f3eeb3cdf0_0, 0, 8;
    %jmp T_10.256;
T_10.95 ;
    %pushi/vec4 207, 0, 8;
    %store/vec4 v000001f3eeb3cdf0_0, 0, 8;
    %jmp T_10.256;
T_10.96 ;
    %pushi/vec4 208, 0, 8;
    %store/vec4 v000001f3eeb3cdf0_0, 0, 8;
    %jmp T_10.256;
T_10.97 ;
    %pushi/vec4 239, 0, 8;
    %store/vec4 v000001f3eeb3cdf0_0, 0, 8;
    %jmp T_10.256;
T_10.98 ;
    %pushi/vec4 170, 0, 8;
    %store/vec4 v000001f3eeb3cdf0_0, 0, 8;
    %jmp T_10.256;
T_10.99 ;
    %pushi/vec4 251, 0, 8;
    %store/vec4 v000001f3eeb3cdf0_0, 0, 8;
    %jmp T_10.256;
T_10.100 ;
    %pushi/vec4 67, 0, 8;
    %store/vec4 v000001f3eeb3cdf0_0, 0, 8;
    %jmp T_10.256;
T_10.101 ;
    %pushi/vec4 77, 0, 8;
    %store/vec4 v000001f3eeb3cdf0_0, 0, 8;
    %jmp T_10.256;
T_10.102 ;
    %pushi/vec4 51, 0, 8;
    %store/vec4 v000001f3eeb3cdf0_0, 0, 8;
    %jmp T_10.256;
T_10.103 ;
    %pushi/vec4 133, 0, 8;
    %store/vec4 v000001f3eeb3cdf0_0, 0, 8;
    %jmp T_10.256;
T_10.104 ;
    %pushi/vec4 69, 0, 8;
    %store/vec4 v000001f3eeb3cdf0_0, 0, 8;
    %jmp T_10.256;
T_10.105 ;
    %pushi/vec4 249, 0, 8;
    %store/vec4 v000001f3eeb3cdf0_0, 0, 8;
    %jmp T_10.256;
T_10.106 ;
    %pushi/vec4 2, 0, 8;
    %store/vec4 v000001f3eeb3cdf0_0, 0, 8;
    %jmp T_10.256;
T_10.107 ;
    %pushi/vec4 127, 0, 8;
    %store/vec4 v000001f3eeb3cdf0_0, 0, 8;
    %jmp T_10.256;
T_10.108 ;
    %pushi/vec4 80, 0, 8;
    %store/vec4 v000001f3eeb3cdf0_0, 0, 8;
    %jmp T_10.256;
T_10.109 ;
    %pushi/vec4 60, 0, 8;
    %store/vec4 v000001f3eeb3cdf0_0, 0, 8;
    %jmp T_10.256;
T_10.110 ;
    %pushi/vec4 159, 0, 8;
    %store/vec4 v000001f3eeb3cdf0_0, 0, 8;
    %jmp T_10.256;
T_10.111 ;
    %pushi/vec4 168, 0, 8;
    %store/vec4 v000001f3eeb3cdf0_0, 0, 8;
    %jmp T_10.256;
T_10.112 ;
    %pushi/vec4 81, 0, 8;
    %store/vec4 v000001f3eeb3cdf0_0, 0, 8;
    %jmp T_10.256;
T_10.113 ;
    %pushi/vec4 163, 0, 8;
    %store/vec4 v000001f3eeb3cdf0_0, 0, 8;
    %jmp T_10.256;
T_10.114 ;
    %pushi/vec4 64, 0, 8;
    %store/vec4 v000001f3eeb3cdf0_0, 0, 8;
    %jmp T_10.256;
T_10.115 ;
    %pushi/vec4 143, 0, 8;
    %store/vec4 v000001f3eeb3cdf0_0, 0, 8;
    %jmp T_10.256;
T_10.116 ;
    %pushi/vec4 146, 0, 8;
    %store/vec4 v000001f3eeb3cdf0_0, 0, 8;
    %jmp T_10.256;
T_10.117 ;
    %pushi/vec4 157, 0, 8;
    %store/vec4 v000001f3eeb3cdf0_0, 0, 8;
    %jmp T_10.256;
T_10.118 ;
    %pushi/vec4 56, 0, 8;
    %store/vec4 v000001f3eeb3cdf0_0, 0, 8;
    %jmp T_10.256;
T_10.119 ;
    %pushi/vec4 245, 0, 8;
    %store/vec4 v000001f3eeb3cdf0_0, 0, 8;
    %jmp T_10.256;
T_10.120 ;
    %pushi/vec4 188, 0, 8;
    %store/vec4 v000001f3eeb3cdf0_0, 0, 8;
    %jmp T_10.256;
T_10.121 ;
    %pushi/vec4 182, 0, 8;
    %store/vec4 v000001f3eeb3cdf0_0, 0, 8;
    %jmp T_10.256;
T_10.122 ;
    %pushi/vec4 218, 0, 8;
    %store/vec4 v000001f3eeb3cdf0_0, 0, 8;
    %jmp T_10.256;
T_10.123 ;
    %pushi/vec4 33, 0, 8;
    %store/vec4 v000001f3eeb3cdf0_0, 0, 8;
    %jmp T_10.256;
T_10.124 ;
    %pushi/vec4 16, 0, 8;
    %store/vec4 v000001f3eeb3cdf0_0, 0, 8;
    %jmp T_10.256;
T_10.125 ;
    %pushi/vec4 255, 0, 8;
    %store/vec4 v000001f3eeb3cdf0_0, 0, 8;
    %jmp T_10.256;
T_10.126 ;
    %pushi/vec4 243, 0, 8;
    %store/vec4 v000001f3eeb3cdf0_0, 0, 8;
    %jmp T_10.256;
T_10.127 ;
    %pushi/vec4 210, 0, 8;
    %store/vec4 v000001f3eeb3cdf0_0, 0, 8;
    %jmp T_10.256;
T_10.128 ;
    %pushi/vec4 205, 0, 8;
    %store/vec4 v000001f3eeb3cdf0_0, 0, 8;
    %jmp T_10.256;
T_10.129 ;
    %pushi/vec4 12, 0, 8;
    %store/vec4 v000001f3eeb3cdf0_0, 0, 8;
    %jmp T_10.256;
T_10.130 ;
    %pushi/vec4 19, 0, 8;
    %store/vec4 v000001f3eeb3cdf0_0, 0, 8;
    %jmp T_10.256;
T_10.131 ;
    %pushi/vec4 236, 0, 8;
    %store/vec4 v000001f3eeb3cdf0_0, 0, 8;
    %jmp T_10.256;
T_10.132 ;
    %pushi/vec4 95, 0, 8;
    %store/vec4 v000001f3eeb3cdf0_0, 0, 8;
    %jmp T_10.256;
T_10.133 ;
    %pushi/vec4 151, 0, 8;
    %store/vec4 v000001f3eeb3cdf0_0, 0, 8;
    %jmp T_10.256;
T_10.134 ;
    %pushi/vec4 68, 0, 8;
    %store/vec4 v000001f3eeb3cdf0_0, 0, 8;
    %jmp T_10.256;
T_10.135 ;
    %pushi/vec4 23, 0, 8;
    %store/vec4 v000001f3eeb3cdf0_0, 0, 8;
    %jmp T_10.256;
T_10.136 ;
    %pushi/vec4 196, 0, 8;
    %store/vec4 v000001f3eeb3cdf0_0, 0, 8;
    %jmp T_10.256;
T_10.137 ;
    %pushi/vec4 167, 0, 8;
    %store/vec4 v000001f3eeb3cdf0_0, 0, 8;
    %jmp T_10.256;
T_10.138 ;
    %pushi/vec4 126, 0, 8;
    %store/vec4 v000001f3eeb3cdf0_0, 0, 8;
    %jmp T_10.256;
T_10.139 ;
    %pushi/vec4 61, 0, 8;
    %store/vec4 v000001f3eeb3cdf0_0, 0, 8;
    %jmp T_10.256;
T_10.140 ;
    %pushi/vec4 100, 0, 8;
    %store/vec4 v000001f3eeb3cdf0_0, 0, 8;
    %jmp T_10.256;
T_10.141 ;
    %pushi/vec4 93, 0, 8;
    %store/vec4 v000001f3eeb3cdf0_0, 0, 8;
    %jmp T_10.256;
T_10.142 ;
    %pushi/vec4 25, 0, 8;
    %store/vec4 v000001f3eeb3cdf0_0, 0, 8;
    %jmp T_10.256;
T_10.143 ;
    %pushi/vec4 115, 0, 8;
    %store/vec4 v000001f3eeb3cdf0_0, 0, 8;
    %jmp T_10.256;
T_10.144 ;
    %pushi/vec4 96, 0, 8;
    %store/vec4 v000001f3eeb3cdf0_0, 0, 8;
    %jmp T_10.256;
T_10.145 ;
    %pushi/vec4 129, 0, 8;
    %store/vec4 v000001f3eeb3cdf0_0, 0, 8;
    %jmp T_10.256;
T_10.146 ;
    %pushi/vec4 79, 0, 8;
    %store/vec4 v000001f3eeb3cdf0_0, 0, 8;
    %jmp T_10.256;
T_10.147 ;
    %pushi/vec4 220, 0, 8;
    %store/vec4 v000001f3eeb3cdf0_0, 0, 8;
    %jmp T_10.256;
T_10.148 ;
    %pushi/vec4 34, 0, 8;
    %store/vec4 v000001f3eeb3cdf0_0, 0, 8;
    %jmp T_10.256;
T_10.149 ;
    %pushi/vec4 42, 0, 8;
    %store/vec4 v000001f3eeb3cdf0_0, 0, 8;
    %jmp T_10.256;
T_10.150 ;
    %pushi/vec4 144, 0, 8;
    %store/vec4 v000001f3eeb3cdf0_0, 0, 8;
    %jmp T_10.256;
T_10.151 ;
    %pushi/vec4 136, 0, 8;
    %store/vec4 v000001f3eeb3cdf0_0, 0, 8;
    %jmp T_10.256;
T_10.152 ;
    %pushi/vec4 70, 0, 8;
    %store/vec4 v000001f3eeb3cdf0_0, 0, 8;
    %jmp T_10.256;
T_10.153 ;
    %pushi/vec4 238, 0, 8;
    %store/vec4 v000001f3eeb3cdf0_0, 0, 8;
    %jmp T_10.256;
T_10.154 ;
    %pushi/vec4 184, 0, 8;
    %store/vec4 v000001f3eeb3cdf0_0, 0, 8;
    %jmp T_10.256;
T_10.155 ;
    %pushi/vec4 20, 0, 8;
    %store/vec4 v000001f3eeb3cdf0_0, 0, 8;
    %jmp T_10.256;
T_10.156 ;
    %pushi/vec4 222, 0, 8;
    %store/vec4 v000001f3eeb3cdf0_0, 0, 8;
    %jmp T_10.256;
T_10.157 ;
    %pushi/vec4 94, 0, 8;
    %store/vec4 v000001f3eeb3cdf0_0, 0, 8;
    %jmp T_10.256;
T_10.158 ;
    %pushi/vec4 11, 0, 8;
    %store/vec4 v000001f3eeb3cdf0_0, 0, 8;
    %jmp T_10.256;
T_10.159 ;
    %pushi/vec4 219, 0, 8;
    %store/vec4 v000001f3eeb3cdf0_0, 0, 8;
    %jmp T_10.256;
T_10.160 ;
    %pushi/vec4 224, 0, 8;
    %store/vec4 v000001f3eeb3cdf0_0, 0, 8;
    %jmp T_10.256;
T_10.161 ;
    %pushi/vec4 50, 0, 8;
    %store/vec4 v000001f3eeb3cdf0_0, 0, 8;
    %jmp T_10.256;
T_10.162 ;
    %pushi/vec4 58, 0, 8;
    %store/vec4 v000001f3eeb3cdf0_0, 0, 8;
    %jmp T_10.256;
T_10.163 ;
    %pushi/vec4 10, 0, 8;
    %store/vec4 v000001f3eeb3cdf0_0, 0, 8;
    %jmp T_10.256;
T_10.164 ;
    %pushi/vec4 73, 0, 8;
    %store/vec4 v000001f3eeb3cdf0_0, 0, 8;
    %jmp T_10.256;
T_10.165 ;
    %pushi/vec4 6, 0, 8;
    %store/vec4 v000001f3eeb3cdf0_0, 0, 8;
    %jmp T_10.256;
T_10.166 ;
    %pushi/vec4 36, 0, 8;
    %store/vec4 v000001f3eeb3cdf0_0, 0, 8;
    %jmp T_10.256;
T_10.167 ;
    %pushi/vec4 92, 0, 8;
    %store/vec4 v000001f3eeb3cdf0_0, 0, 8;
    %jmp T_10.256;
T_10.168 ;
    %pushi/vec4 194, 0, 8;
    %store/vec4 v000001f3eeb3cdf0_0, 0, 8;
    %jmp T_10.256;
T_10.169 ;
    %pushi/vec4 211, 0, 8;
    %store/vec4 v000001f3eeb3cdf0_0, 0, 8;
    %jmp T_10.256;
T_10.170 ;
    %pushi/vec4 172, 0, 8;
    %store/vec4 v000001f3eeb3cdf0_0, 0, 8;
    %jmp T_10.256;
T_10.171 ;
    %pushi/vec4 98, 0, 8;
    %store/vec4 v000001f3eeb3cdf0_0, 0, 8;
    %jmp T_10.256;
T_10.172 ;
    %pushi/vec4 145, 0, 8;
    %store/vec4 v000001f3eeb3cdf0_0, 0, 8;
    %jmp T_10.256;
T_10.173 ;
    %pushi/vec4 149, 0, 8;
    %store/vec4 v000001f3eeb3cdf0_0, 0, 8;
    %jmp T_10.256;
T_10.174 ;
    %pushi/vec4 228, 0, 8;
    %store/vec4 v000001f3eeb3cdf0_0, 0, 8;
    %jmp T_10.256;
T_10.175 ;
    %pushi/vec4 121, 0, 8;
    %store/vec4 v000001f3eeb3cdf0_0, 0, 8;
    %jmp T_10.256;
T_10.176 ;
    %pushi/vec4 231, 0, 8;
    %store/vec4 v000001f3eeb3cdf0_0, 0, 8;
    %jmp T_10.256;
T_10.177 ;
    %pushi/vec4 200, 0, 8;
    %store/vec4 v000001f3eeb3cdf0_0, 0, 8;
    %jmp T_10.256;
T_10.178 ;
    %pushi/vec4 55, 0, 8;
    %store/vec4 v000001f3eeb3cdf0_0, 0, 8;
    %jmp T_10.256;
T_10.179 ;
    %pushi/vec4 109, 0, 8;
    %store/vec4 v000001f3eeb3cdf0_0, 0, 8;
    %jmp T_10.256;
T_10.180 ;
    %pushi/vec4 141, 0, 8;
    %store/vec4 v000001f3eeb3cdf0_0, 0, 8;
    %jmp T_10.256;
T_10.181 ;
    %pushi/vec4 213, 0, 8;
    %store/vec4 v000001f3eeb3cdf0_0, 0, 8;
    %jmp T_10.256;
T_10.182 ;
    %pushi/vec4 78, 0, 8;
    %store/vec4 v000001f3eeb3cdf0_0, 0, 8;
    %jmp T_10.256;
T_10.183 ;
    %pushi/vec4 169, 0, 8;
    %store/vec4 v000001f3eeb3cdf0_0, 0, 8;
    %jmp T_10.256;
T_10.184 ;
    %pushi/vec4 108, 0, 8;
    %store/vec4 v000001f3eeb3cdf0_0, 0, 8;
    %jmp T_10.256;
T_10.185 ;
    %pushi/vec4 86, 0, 8;
    %store/vec4 v000001f3eeb3cdf0_0, 0, 8;
    %jmp T_10.256;
T_10.186 ;
    %pushi/vec4 244, 0, 8;
    %store/vec4 v000001f3eeb3cdf0_0, 0, 8;
    %jmp T_10.256;
T_10.187 ;
    %pushi/vec4 234, 0, 8;
    %store/vec4 v000001f3eeb3cdf0_0, 0, 8;
    %jmp T_10.256;
T_10.188 ;
    %pushi/vec4 101, 0, 8;
    %store/vec4 v000001f3eeb3cdf0_0, 0, 8;
    %jmp T_10.256;
T_10.189 ;
    %pushi/vec4 122, 0, 8;
    %store/vec4 v000001f3eeb3cdf0_0, 0, 8;
    %jmp T_10.256;
T_10.190 ;
    %pushi/vec4 174, 0, 8;
    %store/vec4 v000001f3eeb3cdf0_0, 0, 8;
    %jmp T_10.256;
T_10.191 ;
    %pushi/vec4 8, 0, 8;
    %store/vec4 v000001f3eeb3cdf0_0, 0, 8;
    %jmp T_10.256;
T_10.192 ;
    %pushi/vec4 186, 0, 8;
    %store/vec4 v000001f3eeb3cdf0_0, 0, 8;
    %jmp T_10.256;
T_10.193 ;
    %pushi/vec4 120, 0, 8;
    %store/vec4 v000001f3eeb3cdf0_0, 0, 8;
    %jmp T_10.256;
T_10.194 ;
    %pushi/vec4 37, 0, 8;
    %store/vec4 v000001f3eeb3cdf0_0, 0, 8;
    %jmp T_10.256;
T_10.195 ;
    %pushi/vec4 46, 0, 8;
    %store/vec4 v000001f3eeb3cdf0_0, 0, 8;
    %jmp T_10.256;
T_10.196 ;
    %pushi/vec4 28, 0, 8;
    %store/vec4 v000001f3eeb3cdf0_0, 0, 8;
    %jmp T_10.256;
T_10.197 ;
    %pushi/vec4 166, 0, 8;
    %store/vec4 v000001f3eeb3cdf0_0, 0, 8;
    %jmp T_10.256;
T_10.198 ;
    %pushi/vec4 180, 0, 8;
    %store/vec4 v000001f3eeb3cdf0_0, 0, 8;
    %jmp T_10.256;
T_10.199 ;
    %pushi/vec4 198, 0, 8;
    %store/vec4 v000001f3eeb3cdf0_0, 0, 8;
    %jmp T_10.256;
T_10.200 ;
    %pushi/vec4 232, 0, 8;
    %store/vec4 v000001f3eeb3cdf0_0, 0, 8;
    %jmp T_10.256;
T_10.201 ;
    %pushi/vec4 221, 0, 8;
    %store/vec4 v000001f3eeb3cdf0_0, 0, 8;
    %jmp T_10.256;
T_10.202 ;
    %pushi/vec4 116, 0, 8;
    %store/vec4 v000001f3eeb3cdf0_0, 0, 8;
    %jmp T_10.256;
T_10.203 ;
    %pushi/vec4 31, 0, 8;
    %store/vec4 v000001f3eeb3cdf0_0, 0, 8;
    %jmp T_10.256;
T_10.204 ;
    %pushi/vec4 75, 0, 8;
    %store/vec4 v000001f3eeb3cdf0_0, 0, 8;
    %jmp T_10.256;
T_10.205 ;
    %pushi/vec4 189, 0, 8;
    %store/vec4 v000001f3eeb3cdf0_0, 0, 8;
    %jmp T_10.256;
T_10.206 ;
    %pushi/vec4 139, 0, 8;
    %store/vec4 v000001f3eeb3cdf0_0, 0, 8;
    %jmp T_10.256;
T_10.207 ;
    %pushi/vec4 138, 0, 8;
    %store/vec4 v000001f3eeb3cdf0_0, 0, 8;
    %jmp T_10.256;
T_10.208 ;
    %pushi/vec4 112, 0, 8;
    %store/vec4 v000001f3eeb3cdf0_0, 0, 8;
    %jmp T_10.256;
T_10.209 ;
    %pushi/vec4 62, 0, 8;
    %store/vec4 v000001f3eeb3cdf0_0, 0, 8;
    %jmp T_10.256;
T_10.210 ;
    %pushi/vec4 181, 0, 8;
    %store/vec4 v000001f3eeb3cdf0_0, 0, 8;
    %jmp T_10.256;
T_10.211 ;
    %pushi/vec4 102, 0, 8;
    %store/vec4 v000001f3eeb3cdf0_0, 0, 8;
    %jmp T_10.256;
T_10.212 ;
    %pushi/vec4 72, 0, 8;
    %store/vec4 v000001f3eeb3cdf0_0, 0, 8;
    %jmp T_10.256;
T_10.213 ;
    %pushi/vec4 3, 0, 8;
    %store/vec4 v000001f3eeb3cdf0_0, 0, 8;
    %jmp T_10.256;
T_10.214 ;
    %pushi/vec4 246, 0, 8;
    %store/vec4 v000001f3eeb3cdf0_0, 0, 8;
    %jmp T_10.256;
T_10.215 ;
    %pushi/vec4 14, 0, 8;
    %store/vec4 v000001f3eeb3cdf0_0, 0, 8;
    %jmp T_10.256;
T_10.216 ;
    %pushi/vec4 97, 0, 8;
    %store/vec4 v000001f3eeb3cdf0_0, 0, 8;
    %jmp T_10.256;
T_10.217 ;
    %pushi/vec4 53, 0, 8;
    %store/vec4 v000001f3eeb3cdf0_0, 0, 8;
    %jmp T_10.256;
T_10.218 ;
    %pushi/vec4 87, 0, 8;
    %store/vec4 v000001f3eeb3cdf0_0, 0, 8;
    %jmp T_10.256;
T_10.219 ;
    %pushi/vec4 185, 0, 8;
    %store/vec4 v000001f3eeb3cdf0_0, 0, 8;
    %jmp T_10.256;
T_10.220 ;
    %pushi/vec4 134, 0, 8;
    %store/vec4 v000001f3eeb3cdf0_0, 0, 8;
    %jmp T_10.256;
T_10.221 ;
    %pushi/vec4 193, 0, 8;
    %store/vec4 v000001f3eeb3cdf0_0, 0, 8;
    %jmp T_10.256;
T_10.222 ;
    %pushi/vec4 29, 0, 8;
    %store/vec4 v000001f3eeb3cdf0_0, 0, 8;
    %jmp T_10.256;
T_10.223 ;
    %pushi/vec4 158, 0, 8;
    %store/vec4 v000001f3eeb3cdf0_0, 0, 8;
    %jmp T_10.256;
T_10.224 ;
    %pushi/vec4 225, 0, 8;
    %store/vec4 v000001f3eeb3cdf0_0, 0, 8;
    %jmp T_10.256;
T_10.225 ;
    %pushi/vec4 248, 0, 8;
    %store/vec4 v000001f3eeb3cdf0_0, 0, 8;
    %jmp T_10.256;
T_10.226 ;
    %pushi/vec4 152, 0, 8;
    %store/vec4 v000001f3eeb3cdf0_0, 0, 8;
    %jmp T_10.256;
T_10.227 ;
    %pushi/vec4 17, 0, 8;
    %store/vec4 v000001f3eeb3cdf0_0, 0, 8;
    %jmp T_10.256;
T_10.228 ;
    %pushi/vec4 105, 0, 8;
    %store/vec4 v000001f3eeb3cdf0_0, 0, 8;
    %jmp T_10.256;
T_10.229 ;
    %pushi/vec4 217, 0, 8;
    %store/vec4 v000001f3eeb3cdf0_0, 0, 8;
    %jmp T_10.256;
T_10.230 ;
    %pushi/vec4 142, 0, 8;
    %store/vec4 v000001f3eeb3cdf0_0, 0, 8;
    %jmp T_10.256;
T_10.231 ;
    %pushi/vec4 148, 0, 8;
    %store/vec4 v000001f3eeb3cdf0_0, 0, 8;
    %jmp T_10.256;
T_10.232 ;
    %pushi/vec4 155, 0, 8;
    %store/vec4 v000001f3eeb3cdf0_0, 0, 8;
    %jmp T_10.256;
T_10.233 ;
    %pushi/vec4 30, 0, 8;
    %store/vec4 v000001f3eeb3cdf0_0, 0, 8;
    %jmp T_10.256;
T_10.234 ;
    %pushi/vec4 135, 0, 8;
    %store/vec4 v000001f3eeb3cdf0_0, 0, 8;
    %jmp T_10.256;
T_10.235 ;
    %pushi/vec4 233, 0, 8;
    %store/vec4 v000001f3eeb3cdf0_0, 0, 8;
    %jmp T_10.256;
T_10.236 ;
    %pushi/vec4 206, 0, 8;
    %store/vec4 v000001f3eeb3cdf0_0, 0, 8;
    %jmp T_10.256;
T_10.237 ;
    %pushi/vec4 85, 0, 8;
    %store/vec4 v000001f3eeb3cdf0_0, 0, 8;
    %jmp T_10.256;
T_10.238 ;
    %pushi/vec4 40, 0, 8;
    %store/vec4 v000001f3eeb3cdf0_0, 0, 8;
    %jmp T_10.256;
T_10.239 ;
    %pushi/vec4 223, 0, 8;
    %store/vec4 v000001f3eeb3cdf0_0, 0, 8;
    %jmp T_10.256;
T_10.240 ;
    %pushi/vec4 140, 0, 8;
    %store/vec4 v000001f3eeb3cdf0_0, 0, 8;
    %jmp T_10.256;
T_10.241 ;
    %pushi/vec4 161, 0, 8;
    %store/vec4 v000001f3eeb3cdf0_0, 0, 8;
    %jmp T_10.256;
T_10.242 ;
    %pushi/vec4 137, 0, 8;
    %store/vec4 v000001f3eeb3cdf0_0, 0, 8;
    %jmp T_10.256;
T_10.243 ;
    %pushi/vec4 13, 0, 8;
    %store/vec4 v000001f3eeb3cdf0_0, 0, 8;
    %jmp T_10.256;
T_10.244 ;
    %pushi/vec4 191, 0, 8;
    %store/vec4 v000001f3eeb3cdf0_0, 0, 8;
    %jmp T_10.256;
T_10.245 ;
    %pushi/vec4 230, 0, 8;
    %store/vec4 v000001f3eeb3cdf0_0, 0, 8;
    %jmp T_10.256;
T_10.246 ;
    %pushi/vec4 66, 0, 8;
    %store/vec4 v000001f3eeb3cdf0_0, 0, 8;
    %jmp T_10.256;
T_10.247 ;
    %pushi/vec4 104, 0, 8;
    %store/vec4 v000001f3eeb3cdf0_0, 0, 8;
    %jmp T_10.256;
T_10.248 ;
    %pushi/vec4 65, 0, 8;
    %store/vec4 v000001f3eeb3cdf0_0, 0, 8;
    %jmp T_10.256;
T_10.249 ;
    %pushi/vec4 153, 0, 8;
    %store/vec4 v000001f3eeb3cdf0_0, 0, 8;
    %jmp T_10.256;
T_10.250 ;
    %pushi/vec4 45, 0, 8;
    %store/vec4 v000001f3eeb3cdf0_0, 0, 8;
    %jmp T_10.256;
T_10.251 ;
    %pushi/vec4 15, 0, 8;
    %store/vec4 v000001f3eeb3cdf0_0, 0, 8;
    %jmp T_10.256;
T_10.252 ;
    %pushi/vec4 176, 0, 8;
    %store/vec4 v000001f3eeb3cdf0_0, 0, 8;
    %jmp T_10.256;
T_10.253 ;
    %pushi/vec4 84, 0, 8;
    %store/vec4 v000001f3eeb3cdf0_0, 0, 8;
    %jmp T_10.256;
T_10.254 ;
    %pushi/vec4 187, 0, 8;
    %store/vec4 v000001f3eeb3cdf0_0, 0, 8;
    %jmp T_10.256;
T_10.255 ;
    %pushi/vec4 22, 0, 8;
    %store/vec4 v000001f3eeb3cdf0_0, 0, 8;
    %jmp T_10.256;
T_10.256 ;
    %pop/vec4 1;
    %jmp T_10;
    .thread T_10, $push;
    .scope S_000001f3eeb3b700;
T_11 ;
    %wait E_000001f3eeabe200;
    %load/vec4 v000001f3eeb3d1b0_0;
    %dup/vec4;
    %pushi/vec4 0, 0, 8;
    %cmp/u;
    %jmp/1 T_11.0, 6;
    %dup/vec4;
    %pushi/vec4 1, 0, 8;
    %cmp/u;
    %jmp/1 T_11.1, 6;
    %dup/vec4;
    %pushi/vec4 2, 0, 8;
    %cmp/u;
    %jmp/1 T_11.2, 6;
    %dup/vec4;
    %pushi/vec4 3, 0, 8;
    %cmp/u;
    %jmp/1 T_11.3, 6;
    %dup/vec4;
    %pushi/vec4 4, 0, 8;
    %cmp/u;
    %jmp/1 T_11.4, 6;
    %dup/vec4;
    %pushi/vec4 5, 0, 8;
    %cmp/u;
    %jmp/1 T_11.5, 6;
    %dup/vec4;
    %pushi/vec4 6, 0, 8;
    %cmp/u;
    %jmp/1 T_11.6, 6;
    %dup/vec4;
    %pushi/vec4 7, 0, 8;
    %cmp/u;
    %jmp/1 T_11.7, 6;
    %dup/vec4;
    %pushi/vec4 8, 0, 8;
    %cmp/u;
    %jmp/1 T_11.8, 6;
    %dup/vec4;
    %pushi/vec4 9, 0, 8;
    %cmp/u;
    %jmp/1 T_11.9, 6;
    %dup/vec4;
    %pushi/vec4 10, 0, 8;
    %cmp/u;
    %jmp/1 T_11.10, 6;
    %dup/vec4;
    %pushi/vec4 11, 0, 8;
    %cmp/u;
    %jmp/1 T_11.11, 6;
    %dup/vec4;
    %pushi/vec4 12, 0, 8;
    %cmp/u;
    %jmp/1 T_11.12, 6;
    %dup/vec4;
    %pushi/vec4 13, 0, 8;
    %cmp/u;
    %jmp/1 T_11.13, 6;
    %dup/vec4;
    %pushi/vec4 14, 0, 8;
    %cmp/u;
    %jmp/1 T_11.14, 6;
    %dup/vec4;
    %pushi/vec4 15, 0, 8;
    %cmp/u;
    %jmp/1 T_11.15, 6;
    %dup/vec4;
    %pushi/vec4 16, 0, 8;
    %cmp/u;
    %jmp/1 T_11.16, 6;
    %dup/vec4;
    %pushi/vec4 17, 0, 8;
    %cmp/u;
    %jmp/1 T_11.17, 6;
    %dup/vec4;
    %pushi/vec4 18, 0, 8;
    %cmp/u;
    %jmp/1 T_11.18, 6;
    %dup/vec4;
    %pushi/vec4 19, 0, 8;
    %cmp/u;
    %jmp/1 T_11.19, 6;
    %dup/vec4;
    %pushi/vec4 20, 0, 8;
    %cmp/u;
    %jmp/1 T_11.20, 6;
    %dup/vec4;
    %pushi/vec4 21, 0, 8;
    %cmp/u;
    %jmp/1 T_11.21, 6;
    %dup/vec4;
    %pushi/vec4 22, 0, 8;
    %cmp/u;
    %jmp/1 T_11.22, 6;
    %dup/vec4;
    %pushi/vec4 23, 0, 8;
    %cmp/u;
    %jmp/1 T_11.23, 6;
    %dup/vec4;
    %pushi/vec4 24, 0, 8;
    %cmp/u;
    %jmp/1 T_11.24, 6;
    %dup/vec4;
    %pushi/vec4 25, 0, 8;
    %cmp/u;
    %jmp/1 T_11.25, 6;
    %dup/vec4;
    %pushi/vec4 26, 0, 8;
    %cmp/u;
    %jmp/1 T_11.26, 6;
    %dup/vec4;
    %pushi/vec4 27, 0, 8;
    %cmp/u;
    %jmp/1 T_11.27, 6;
    %dup/vec4;
    %pushi/vec4 28, 0, 8;
    %cmp/u;
    %jmp/1 T_11.28, 6;
    %dup/vec4;
    %pushi/vec4 29, 0, 8;
    %cmp/u;
    %jmp/1 T_11.29, 6;
    %dup/vec4;
    %pushi/vec4 30, 0, 8;
    %cmp/u;
    %jmp/1 T_11.30, 6;
    %dup/vec4;
    %pushi/vec4 31, 0, 8;
    %cmp/u;
    %jmp/1 T_11.31, 6;
    %dup/vec4;
    %pushi/vec4 32, 0, 8;
    %cmp/u;
    %jmp/1 T_11.32, 6;
    %dup/vec4;
    %pushi/vec4 33, 0, 8;
    %cmp/u;
    %jmp/1 T_11.33, 6;
    %dup/vec4;
    %pushi/vec4 34, 0, 8;
    %cmp/u;
    %jmp/1 T_11.34, 6;
    %dup/vec4;
    %pushi/vec4 35, 0, 8;
    %cmp/u;
    %jmp/1 T_11.35, 6;
    %dup/vec4;
    %pushi/vec4 36, 0, 8;
    %cmp/u;
    %jmp/1 T_11.36, 6;
    %dup/vec4;
    %pushi/vec4 37, 0, 8;
    %cmp/u;
    %jmp/1 T_11.37, 6;
    %dup/vec4;
    %pushi/vec4 38, 0, 8;
    %cmp/u;
    %jmp/1 T_11.38, 6;
    %dup/vec4;
    %pushi/vec4 39, 0, 8;
    %cmp/u;
    %jmp/1 T_11.39, 6;
    %dup/vec4;
    %pushi/vec4 40, 0, 8;
    %cmp/u;
    %jmp/1 T_11.40, 6;
    %dup/vec4;
    %pushi/vec4 41, 0, 8;
    %cmp/u;
    %jmp/1 T_11.41, 6;
    %dup/vec4;
    %pushi/vec4 42, 0, 8;
    %cmp/u;
    %jmp/1 T_11.42, 6;
    %dup/vec4;
    %pushi/vec4 43, 0, 8;
    %cmp/u;
    %jmp/1 T_11.43, 6;
    %dup/vec4;
    %pushi/vec4 44, 0, 8;
    %cmp/u;
    %jmp/1 T_11.44, 6;
    %dup/vec4;
    %pushi/vec4 45, 0, 8;
    %cmp/u;
    %jmp/1 T_11.45, 6;
    %dup/vec4;
    %pushi/vec4 46, 0, 8;
    %cmp/u;
    %jmp/1 T_11.46, 6;
    %dup/vec4;
    %pushi/vec4 47, 0, 8;
    %cmp/u;
    %jmp/1 T_11.47, 6;
    %dup/vec4;
    %pushi/vec4 48, 0, 8;
    %cmp/u;
    %jmp/1 T_11.48, 6;
    %dup/vec4;
    %pushi/vec4 49, 0, 8;
    %cmp/u;
    %jmp/1 T_11.49, 6;
    %dup/vec4;
    %pushi/vec4 50, 0, 8;
    %cmp/u;
    %jmp/1 T_11.50, 6;
    %dup/vec4;
    %pushi/vec4 51, 0, 8;
    %cmp/u;
    %jmp/1 T_11.51, 6;
    %dup/vec4;
    %pushi/vec4 52, 0, 8;
    %cmp/u;
    %jmp/1 T_11.52, 6;
    %dup/vec4;
    %pushi/vec4 53, 0, 8;
    %cmp/u;
    %jmp/1 T_11.53, 6;
    %dup/vec4;
    %pushi/vec4 54, 0, 8;
    %cmp/u;
    %jmp/1 T_11.54, 6;
    %dup/vec4;
    %pushi/vec4 55, 0, 8;
    %cmp/u;
    %jmp/1 T_11.55, 6;
    %dup/vec4;
    %pushi/vec4 56, 0, 8;
    %cmp/u;
    %jmp/1 T_11.56, 6;
    %dup/vec4;
    %pushi/vec4 57, 0, 8;
    %cmp/u;
    %jmp/1 T_11.57, 6;
    %dup/vec4;
    %pushi/vec4 58, 0, 8;
    %cmp/u;
    %jmp/1 T_11.58, 6;
    %dup/vec4;
    %pushi/vec4 59, 0, 8;
    %cmp/u;
    %jmp/1 T_11.59, 6;
    %dup/vec4;
    %pushi/vec4 60, 0, 8;
    %cmp/u;
    %jmp/1 T_11.60, 6;
    %dup/vec4;
    %pushi/vec4 61, 0, 8;
    %cmp/u;
    %jmp/1 T_11.61, 6;
    %dup/vec4;
    %pushi/vec4 62, 0, 8;
    %cmp/u;
    %jmp/1 T_11.62, 6;
    %dup/vec4;
    %pushi/vec4 63, 0, 8;
    %cmp/u;
    %jmp/1 T_11.63, 6;
    %dup/vec4;
    %pushi/vec4 64, 0, 8;
    %cmp/u;
    %jmp/1 T_11.64, 6;
    %dup/vec4;
    %pushi/vec4 65, 0, 8;
    %cmp/u;
    %jmp/1 T_11.65, 6;
    %dup/vec4;
    %pushi/vec4 66, 0, 8;
    %cmp/u;
    %jmp/1 T_11.66, 6;
    %dup/vec4;
    %pushi/vec4 67, 0, 8;
    %cmp/u;
    %jmp/1 T_11.67, 6;
    %dup/vec4;
    %pushi/vec4 68, 0, 8;
    %cmp/u;
    %jmp/1 T_11.68, 6;
    %dup/vec4;
    %pushi/vec4 69, 0, 8;
    %cmp/u;
    %jmp/1 T_11.69, 6;
    %dup/vec4;
    %pushi/vec4 70, 0, 8;
    %cmp/u;
    %jmp/1 T_11.70, 6;
    %dup/vec4;
    %pushi/vec4 71, 0, 8;
    %cmp/u;
    %jmp/1 T_11.71, 6;
    %dup/vec4;
    %pushi/vec4 72, 0, 8;
    %cmp/u;
    %jmp/1 T_11.72, 6;
    %dup/vec4;
    %pushi/vec4 73, 0, 8;
    %cmp/u;
    %jmp/1 T_11.73, 6;
    %dup/vec4;
    %pushi/vec4 74, 0, 8;
    %cmp/u;
    %jmp/1 T_11.74, 6;
    %dup/vec4;
    %pushi/vec4 75, 0, 8;
    %cmp/u;
    %jmp/1 T_11.75, 6;
    %dup/vec4;
    %pushi/vec4 76, 0, 8;
    %cmp/u;
    %jmp/1 T_11.76, 6;
    %dup/vec4;
    %pushi/vec4 77, 0, 8;
    %cmp/u;
    %jmp/1 T_11.77, 6;
    %dup/vec4;
    %pushi/vec4 78, 0, 8;
    %cmp/u;
    %jmp/1 T_11.78, 6;
    %dup/vec4;
    %pushi/vec4 79, 0, 8;
    %cmp/u;
    %jmp/1 T_11.79, 6;
    %dup/vec4;
    %pushi/vec4 80, 0, 8;
    %cmp/u;
    %jmp/1 T_11.80, 6;
    %dup/vec4;
    %pushi/vec4 81, 0, 8;
    %cmp/u;
    %jmp/1 T_11.81, 6;
    %dup/vec4;
    %pushi/vec4 82, 0, 8;
    %cmp/u;
    %jmp/1 T_11.82, 6;
    %dup/vec4;
    %pushi/vec4 83, 0, 8;
    %cmp/u;
    %jmp/1 T_11.83, 6;
    %dup/vec4;
    %pushi/vec4 84, 0, 8;
    %cmp/u;
    %jmp/1 T_11.84, 6;
    %dup/vec4;
    %pushi/vec4 85, 0, 8;
    %cmp/u;
    %jmp/1 T_11.85, 6;
    %dup/vec4;
    %pushi/vec4 86, 0, 8;
    %cmp/u;
    %jmp/1 T_11.86, 6;
    %dup/vec4;
    %pushi/vec4 87, 0, 8;
    %cmp/u;
    %jmp/1 T_11.87, 6;
    %dup/vec4;
    %pushi/vec4 88, 0, 8;
    %cmp/u;
    %jmp/1 T_11.88, 6;
    %dup/vec4;
    %pushi/vec4 89, 0, 8;
    %cmp/u;
    %jmp/1 T_11.89, 6;
    %dup/vec4;
    %pushi/vec4 90, 0, 8;
    %cmp/u;
    %jmp/1 T_11.90, 6;
    %dup/vec4;
    %pushi/vec4 91, 0, 8;
    %cmp/u;
    %jmp/1 T_11.91, 6;
    %dup/vec4;
    %pushi/vec4 92, 0, 8;
    %cmp/u;
    %jmp/1 T_11.92, 6;
    %dup/vec4;
    %pushi/vec4 93, 0, 8;
    %cmp/u;
    %jmp/1 T_11.93, 6;
    %dup/vec4;
    %pushi/vec4 94, 0, 8;
    %cmp/u;
    %jmp/1 T_11.94, 6;
    %dup/vec4;
    %pushi/vec4 95, 0, 8;
    %cmp/u;
    %jmp/1 T_11.95, 6;
    %dup/vec4;
    %pushi/vec4 96, 0, 8;
    %cmp/u;
    %jmp/1 T_11.96, 6;
    %dup/vec4;
    %pushi/vec4 97, 0, 8;
    %cmp/u;
    %jmp/1 T_11.97, 6;
    %dup/vec4;
    %pushi/vec4 98, 0, 8;
    %cmp/u;
    %jmp/1 T_11.98, 6;
    %dup/vec4;
    %pushi/vec4 99, 0, 8;
    %cmp/u;
    %jmp/1 T_11.99, 6;
    %dup/vec4;
    %pushi/vec4 100, 0, 8;
    %cmp/u;
    %jmp/1 T_11.100, 6;
    %dup/vec4;
    %pushi/vec4 101, 0, 8;
    %cmp/u;
    %jmp/1 T_11.101, 6;
    %dup/vec4;
    %pushi/vec4 102, 0, 8;
    %cmp/u;
    %jmp/1 T_11.102, 6;
    %dup/vec4;
    %pushi/vec4 103, 0, 8;
    %cmp/u;
    %jmp/1 T_11.103, 6;
    %dup/vec4;
    %pushi/vec4 104, 0, 8;
    %cmp/u;
    %jmp/1 T_11.104, 6;
    %dup/vec4;
    %pushi/vec4 105, 0, 8;
    %cmp/u;
    %jmp/1 T_11.105, 6;
    %dup/vec4;
    %pushi/vec4 106, 0, 8;
    %cmp/u;
    %jmp/1 T_11.106, 6;
    %dup/vec4;
    %pushi/vec4 107, 0, 8;
    %cmp/u;
    %jmp/1 T_11.107, 6;
    %dup/vec4;
    %pushi/vec4 108, 0, 8;
    %cmp/u;
    %jmp/1 T_11.108, 6;
    %dup/vec4;
    %pushi/vec4 109, 0, 8;
    %cmp/u;
    %jmp/1 T_11.109, 6;
    %dup/vec4;
    %pushi/vec4 110, 0, 8;
    %cmp/u;
    %jmp/1 T_11.110, 6;
    %dup/vec4;
    %pushi/vec4 111, 0, 8;
    %cmp/u;
    %jmp/1 T_11.111, 6;
    %dup/vec4;
    %pushi/vec4 112, 0, 8;
    %cmp/u;
    %jmp/1 T_11.112, 6;
    %dup/vec4;
    %pushi/vec4 113, 0, 8;
    %cmp/u;
    %jmp/1 T_11.113, 6;
    %dup/vec4;
    %pushi/vec4 114, 0, 8;
    %cmp/u;
    %jmp/1 T_11.114, 6;
    %dup/vec4;
    %pushi/vec4 115, 0, 8;
    %cmp/u;
    %jmp/1 T_11.115, 6;
    %dup/vec4;
    %pushi/vec4 116, 0, 8;
    %cmp/u;
    %jmp/1 T_11.116, 6;
    %dup/vec4;
    %pushi/vec4 117, 0, 8;
    %cmp/u;
    %jmp/1 T_11.117, 6;
    %dup/vec4;
    %pushi/vec4 118, 0, 8;
    %cmp/u;
    %jmp/1 T_11.118, 6;
    %dup/vec4;
    %pushi/vec4 119, 0, 8;
    %cmp/u;
    %jmp/1 T_11.119, 6;
    %dup/vec4;
    %pushi/vec4 120, 0, 8;
    %cmp/u;
    %jmp/1 T_11.120, 6;
    %dup/vec4;
    %pushi/vec4 121, 0, 8;
    %cmp/u;
    %jmp/1 T_11.121, 6;
    %dup/vec4;
    %pushi/vec4 122, 0, 8;
    %cmp/u;
    %jmp/1 T_11.122, 6;
    %dup/vec4;
    %pushi/vec4 123, 0, 8;
    %cmp/u;
    %jmp/1 T_11.123, 6;
    %dup/vec4;
    %pushi/vec4 124, 0, 8;
    %cmp/u;
    %jmp/1 T_11.124, 6;
    %dup/vec4;
    %pushi/vec4 125, 0, 8;
    %cmp/u;
    %jmp/1 T_11.125, 6;
    %dup/vec4;
    %pushi/vec4 126, 0, 8;
    %cmp/u;
    %jmp/1 T_11.126, 6;
    %dup/vec4;
    %pushi/vec4 127, 0, 8;
    %cmp/u;
    %jmp/1 T_11.127, 6;
    %dup/vec4;
    %pushi/vec4 128, 0, 8;
    %cmp/u;
    %jmp/1 T_11.128, 6;
    %dup/vec4;
    %pushi/vec4 129, 0, 8;
    %cmp/u;
    %jmp/1 T_11.129, 6;
    %dup/vec4;
    %pushi/vec4 130, 0, 8;
    %cmp/u;
    %jmp/1 T_11.130, 6;
    %dup/vec4;
    %pushi/vec4 131, 0, 8;
    %cmp/u;
    %jmp/1 T_11.131, 6;
    %dup/vec4;
    %pushi/vec4 132, 0, 8;
    %cmp/u;
    %jmp/1 T_11.132, 6;
    %dup/vec4;
    %pushi/vec4 133, 0, 8;
    %cmp/u;
    %jmp/1 T_11.133, 6;
    %dup/vec4;
    %pushi/vec4 134, 0, 8;
    %cmp/u;
    %jmp/1 T_11.134, 6;
    %dup/vec4;
    %pushi/vec4 135, 0, 8;
    %cmp/u;
    %jmp/1 T_11.135, 6;
    %dup/vec4;
    %pushi/vec4 136, 0, 8;
    %cmp/u;
    %jmp/1 T_11.136, 6;
    %dup/vec4;
    %pushi/vec4 137, 0, 8;
    %cmp/u;
    %jmp/1 T_11.137, 6;
    %dup/vec4;
    %pushi/vec4 138, 0, 8;
    %cmp/u;
    %jmp/1 T_11.138, 6;
    %dup/vec4;
    %pushi/vec4 139, 0, 8;
    %cmp/u;
    %jmp/1 T_11.139, 6;
    %dup/vec4;
    %pushi/vec4 140, 0, 8;
    %cmp/u;
    %jmp/1 T_11.140, 6;
    %dup/vec4;
    %pushi/vec4 141, 0, 8;
    %cmp/u;
    %jmp/1 T_11.141, 6;
    %dup/vec4;
    %pushi/vec4 142, 0, 8;
    %cmp/u;
    %jmp/1 T_11.142, 6;
    %dup/vec4;
    %pushi/vec4 143, 0, 8;
    %cmp/u;
    %jmp/1 T_11.143, 6;
    %dup/vec4;
    %pushi/vec4 144, 0, 8;
    %cmp/u;
    %jmp/1 T_11.144, 6;
    %dup/vec4;
    %pushi/vec4 145, 0, 8;
    %cmp/u;
    %jmp/1 T_11.145, 6;
    %dup/vec4;
    %pushi/vec4 146, 0, 8;
    %cmp/u;
    %jmp/1 T_11.146, 6;
    %dup/vec4;
    %pushi/vec4 147, 0, 8;
    %cmp/u;
    %jmp/1 T_11.147, 6;
    %dup/vec4;
    %pushi/vec4 148, 0, 8;
    %cmp/u;
    %jmp/1 T_11.148, 6;
    %dup/vec4;
    %pushi/vec4 149, 0, 8;
    %cmp/u;
    %jmp/1 T_11.149, 6;
    %dup/vec4;
    %pushi/vec4 150, 0, 8;
    %cmp/u;
    %jmp/1 T_11.150, 6;
    %dup/vec4;
    %pushi/vec4 151, 0, 8;
    %cmp/u;
    %jmp/1 T_11.151, 6;
    %dup/vec4;
    %pushi/vec4 152, 0, 8;
    %cmp/u;
    %jmp/1 T_11.152, 6;
    %dup/vec4;
    %pushi/vec4 153, 0, 8;
    %cmp/u;
    %jmp/1 T_11.153, 6;
    %dup/vec4;
    %pushi/vec4 154, 0, 8;
    %cmp/u;
    %jmp/1 T_11.154, 6;
    %dup/vec4;
    %pushi/vec4 155, 0, 8;
    %cmp/u;
    %jmp/1 T_11.155, 6;
    %dup/vec4;
    %pushi/vec4 156, 0, 8;
    %cmp/u;
    %jmp/1 T_11.156, 6;
    %dup/vec4;
    %pushi/vec4 157, 0, 8;
    %cmp/u;
    %jmp/1 T_11.157, 6;
    %dup/vec4;
    %pushi/vec4 158, 0, 8;
    %cmp/u;
    %jmp/1 T_11.158, 6;
    %dup/vec4;
    %pushi/vec4 159, 0, 8;
    %cmp/u;
    %jmp/1 T_11.159, 6;
    %dup/vec4;
    %pushi/vec4 160, 0, 8;
    %cmp/u;
    %jmp/1 T_11.160, 6;
    %dup/vec4;
    %pushi/vec4 161, 0, 8;
    %cmp/u;
    %jmp/1 T_11.161, 6;
    %dup/vec4;
    %pushi/vec4 162, 0, 8;
    %cmp/u;
    %jmp/1 T_11.162, 6;
    %dup/vec4;
    %pushi/vec4 163, 0, 8;
    %cmp/u;
    %jmp/1 T_11.163, 6;
    %dup/vec4;
    %pushi/vec4 164, 0, 8;
    %cmp/u;
    %jmp/1 T_11.164, 6;
    %dup/vec4;
    %pushi/vec4 165, 0, 8;
    %cmp/u;
    %jmp/1 T_11.165, 6;
    %dup/vec4;
    %pushi/vec4 166, 0, 8;
    %cmp/u;
    %jmp/1 T_11.166, 6;
    %dup/vec4;
    %pushi/vec4 167, 0, 8;
    %cmp/u;
    %jmp/1 T_11.167, 6;
    %dup/vec4;
    %pushi/vec4 168, 0, 8;
    %cmp/u;
    %jmp/1 T_11.168, 6;
    %dup/vec4;
    %pushi/vec4 169, 0, 8;
    %cmp/u;
    %jmp/1 T_11.169, 6;
    %dup/vec4;
    %pushi/vec4 170, 0, 8;
    %cmp/u;
    %jmp/1 T_11.170, 6;
    %dup/vec4;
    %pushi/vec4 171, 0, 8;
    %cmp/u;
    %jmp/1 T_11.171, 6;
    %dup/vec4;
    %pushi/vec4 172, 0, 8;
    %cmp/u;
    %jmp/1 T_11.172, 6;
    %dup/vec4;
    %pushi/vec4 173, 0, 8;
    %cmp/u;
    %jmp/1 T_11.173, 6;
    %dup/vec4;
    %pushi/vec4 174, 0, 8;
    %cmp/u;
    %jmp/1 T_11.174, 6;
    %dup/vec4;
    %pushi/vec4 175, 0, 8;
    %cmp/u;
    %jmp/1 T_11.175, 6;
    %dup/vec4;
    %pushi/vec4 176, 0, 8;
    %cmp/u;
    %jmp/1 T_11.176, 6;
    %dup/vec4;
    %pushi/vec4 177, 0, 8;
    %cmp/u;
    %jmp/1 T_11.177, 6;
    %dup/vec4;
    %pushi/vec4 178, 0, 8;
    %cmp/u;
    %jmp/1 T_11.178, 6;
    %dup/vec4;
    %pushi/vec4 179, 0, 8;
    %cmp/u;
    %jmp/1 T_11.179, 6;
    %dup/vec4;
    %pushi/vec4 180, 0, 8;
    %cmp/u;
    %jmp/1 T_11.180, 6;
    %dup/vec4;
    %pushi/vec4 181, 0, 8;
    %cmp/u;
    %jmp/1 T_11.181, 6;
    %dup/vec4;
    %pushi/vec4 182, 0, 8;
    %cmp/u;
    %jmp/1 T_11.182, 6;
    %dup/vec4;
    %pushi/vec4 183, 0, 8;
    %cmp/u;
    %jmp/1 T_11.183, 6;
    %dup/vec4;
    %pushi/vec4 184, 0, 8;
    %cmp/u;
    %jmp/1 T_11.184, 6;
    %dup/vec4;
    %pushi/vec4 185, 0, 8;
    %cmp/u;
    %jmp/1 T_11.185, 6;
    %dup/vec4;
    %pushi/vec4 186, 0, 8;
    %cmp/u;
    %jmp/1 T_11.186, 6;
    %dup/vec4;
    %pushi/vec4 187, 0, 8;
    %cmp/u;
    %jmp/1 T_11.187, 6;
    %dup/vec4;
    %pushi/vec4 188, 0, 8;
    %cmp/u;
    %jmp/1 T_11.188, 6;
    %dup/vec4;
    %pushi/vec4 189, 0, 8;
    %cmp/u;
    %jmp/1 T_11.189, 6;
    %dup/vec4;
    %pushi/vec4 190, 0, 8;
    %cmp/u;
    %jmp/1 T_11.190, 6;
    %dup/vec4;
    %pushi/vec4 191, 0, 8;
    %cmp/u;
    %jmp/1 T_11.191, 6;
    %dup/vec4;
    %pushi/vec4 192, 0, 8;
    %cmp/u;
    %jmp/1 T_11.192, 6;
    %dup/vec4;
    %pushi/vec4 193, 0, 8;
    %cmp/u;
    %jmp/1 T_11.193, 6;
    %dup/vec4;
    %pushi/vec4 194, 0, 8;
    %cmp/u;
    %jmp/1 T_11.194, 6;
    %dup/vec4;
    %pushi/vec4 195, 0, 8;
    %cmp/u;
    %jmp/1 T_11.195, 6;
    %dup/vec4;
    %pushi/vec4 196, 0, 8;
    %cmp/u;
    %jmp/1 T_11.196, 6;
    %dup/vec4;
    %pushi/vec4 197, 0, 8;
    %cmp/u;
    %jmp/1 T_11.197, 6;
    %dup/vec4;
    %pushi/vec4 198, 0, 8;
    %cmp/u;
    %jmp/1 T_11.198, 6;
    %dup/vec4;
    %pushi/vec4 199, 0, 8;
    %cmp/u;
    %jmp/1 T_11.199, 6;
    %dup/vec4;
    %pushi/vec4 200, 0, 8;
    %cmp/u;
    %jmp/1 T_11.200, 6;
    %dup/vec4;
    %pushi/vec4 201, 0, 8;
    %cmp/u;
    %jmp/1 T_11.201, 6;
    %dup/vec4;
    %pushi/vec4 202, 0, 8;
    %cmp/u;
    %jmp/1 T_11.202, 6;
    %dup/vec4;
    %pushi/vec4 203, 0, 8;
    %cmp/u;
    %jmp/1 T_11.203, 6;
    %dup/vec4;
    %pushi/vec4 204, 0, 8;
    %cmp/u;
    %jmp/1 T_11.204, 6;
    %dup/vec4;
    %pushi/vec4 205, 0, 8;
    %cmp/u;
    %jmp/1 T_11.205, 6;
    %dup/vec4;
    %pushi/vec4 206, 0, 8;
    %cmp/u;
    %jmp/1 T_11.206, 6;
    %dup/vec4;
    %pushi/vec4 207, 0, 8;
    %cmp/u;
    %jmp/1 T_11.207, 6;
    %dup/vec4;
    %pushi/vec4 208, 0, 8;
    %cmp/u;
    %jmp/1 T_11.208, 6;
    %dup/vec4;
    %pushi/vec4 209, 0, 8;
    %cmp/u;
    %jmp/1 T_11.209, 6;
    %dup/vec4;
    %pushi/vec4 210, 0, 8;
    %cmp/u;
    %jmp/1 T_11.210, 6;
    %dup/vec4;
    %pushi/vec4 211, 0, 8;
    %cmp/u;
    %jmp/1 T_11.211, 6;
    %dup/vec4;
    %pushi/vec4 212, 0, 8;
    %cmp/u;
    %jmp/1 T_11.212, 6;
    %dup/vec4;
    %pushi/vec4 213, 0, 8;
    %cmp/u;
    %jmp/1 T_11.213, 6;
    %dup/vec4;
    %pushi/vec4 214, 0, 8;
    %cmp/u;
    %jmp/1 T_11.214, 6;
    %dup/vec4;
    %pushi/vec4 215, 0, 8;
    %cmp/u;
    %jmp/1 T_11.215, 6;
    %dup/vec4;
    %pushi/vec4 216, 0, 8;
    %cmp/u;
    %jmp/1 T_11.216, 6;
    %dup/vec4;
    %pushi/vec4 217, 0, 8;
    %cmp/u;
    %jmp/1 T_11.217, 6;
    %dup/vec4;
    %pushi/vec4 218, 0, 8;
    %cmp/u;
    %jmp/1 T_11.218, 6;
    %dup/vec4;
    %pushi/vec4 219, 0, 8;
    %cmp/u;
    %jmp/1 T_11.219, 6;
    %dup/vec4;
    %pushi/vec4 220, 0, 8;
    %cmp/u;
    %jmp/1 T_11.220, 6;
    %dup/vec4;
    %pushi/vec4 221, 0, 8;
    %cmp/u;
    %jmp/1 T_11.221, 6;
    %dup/vec4;
    %pushi/vec4 222, 0, 8;
    %cmp/u;
    %jmp/1 T_11.222, 6;
    %dup/vec4;
    %pushi/vec4 223, 0, 8;
    %cmp/u;
    %jmp/1 T_11.223, 6;
    %dup/vec4;
    %pushi/vec4 224, 0, 8;
    %cmp/u;
    %jmp/1 T_11.224, 6;
    %dup/vec4;
    %pushi/vec4 225, 0, 8;
    %cmp/u;
    %jmp/1 T_11.225, 6;
    %dup/vec4;
    %pushi/vec4 226, 0, 8;
    %cmp/u;
    %jmp/1 T_11.226, 6;
    %dup/vec4;
    %pushi/vec4 227, 0, 8;
    %cmp/u;
    %jmp/1 T_11.227, 6;
    %dup/vec4;
    %pushi/vec4 228, 0, 8;
    %cmp/u;
    %jmp/1 T_11.228, 6;
    %dup/vec4;
    %pushi/vec4 229, 0, 8;
    %cmp/u;
    %jmp/1 T_11.229, 6;
    %dup/vec4;
    %pushi/vec4 230, 0, 8;
    %cmp/u;
    %jmp/1 T_11.230, 6;
    %dup/vec4;
    %pushi/vec4 231, 0, 8;
    %cmp/u;
    %jmp/1 T_11.231, 6;
    %dup/vec4;
    %pushi/vec4 232, 0, 8;
    %cmp/u;
    %jmp/1 T_11.232, 6;
    %dup/vec4;
    %pushi/vec4 233, 0, 8;
    %cmp/u;
    %jmp/1 T_11.233, 6;
    %dup/vec4;
    %pushi/vec4 234, 0, 8;
    %cmp/u;
    %jmp/1 T_11.234, 6;
    %dup/vec4;
    %pushi/vec4 235, 0, 8;
    %cmp/u;
    %jmp/1 T_11.235, 6;
    %dup/vec4;
    %pushi/vec4 236, 0, 8;
    %cmp/u;
    %jmp/1 T_11.236, 6;
    %dup/vec4;
    %pushi/vec4 237, 0, 8;
    %cmp/u;
    %jmp/1 T_11.237, 6;
    %dup/vec4;
    %pushi/vec4 238, 0, 8;
    %cmp/u;
    %jmp/1 T_11.238, 6;
    %dup/vec4;
    %pushi/vec4 239, 0, 8;
    %cmp/u;
    %jmp/1 T_11.239, 6;
    %dup/vec4;
    %pushi/vec4 240, 0, 8;
    %cmp/u;
    %jmp/1 T_11.240, 6;
    %dup/vec4;
    %pushi/vec4 241, 0, 8;
    %cmp/u;
    %jmp/1 T_11.241, 6;
    %dup/vec4;
    %pushi/vec4 242, 0, 8;
    %cmp/u;
    %jmp/1 T_11.242, 6;
    %dup/vec4;
    %pushi/vec4 243, 0, 8;
    %cmp/u;
    %jmp/1 T_11.243, 6;
    %dup/vec4;
    %pushi/vec4 244, 0, 8;
    %cmp/u;
    %jmp/1 T_11.244, 6;
    %dup/vec4;
    %pushi/vec4 245, 0, 8;
    %cmp/u;
    %jmp/1 T_11.245, 6;
    %dup/vec4;
    %pushi/vec4 246, 0, 8;
    %cmp/u;
    %jmp/1 T_11.246, 6;
    %dup/vec4;
    %pushi/vec4 247, 0, 8;
    %cmp/u;
    %jmp/1 T_11.247, 6;
    %dup/vec4;
    %pushi/vec4 248, 0, 8;
    %cmp/u;
    %jmp/1 T_11.248, 6;
    %dup/vec4;
    %pushi/vec4 249, 0, 8;
    %cmp/u;
    %jmp/1 T_11.249, 6;
    %dup/vec4;
    %pushi/vec4 250, 0, 8;
    %cmp/u;
    %jmp/1 T_11.250, 6;
    %dup/vec4;
    %pushi/vec4 251, 0, 8;
    %cmp/u;
    %jmp/1 T_11.251, 6;
    %dup/vec4;
    %pushi/vec4 252, 0, 8;
    %cmp/u;
    %jmp/1 T_11.252, 6;
    %dup/vec4;
    %pushi/vec4 253, 0, 8;
    %cmp/u;
    %jmp/1 T_11.253, 6;
    %dup/vec4;
    %pushi/vec4 254, 0, 8;
    %cmp/u;
    %jmp/1 T_11.254, 6;
    %dup/vec4;
    %pushi/vec4 255, 0, 8;
    %cmp/u;
    %jmp/1 T_11.255, 6;
    %jmp T_11.256;
T_11.0 ;
    %pushi/vec4 99, 0, 8;
    %store/vec4 v000001f3eeb3c2b0_0, 0, 8;
    %jmp T_11.256;
T_11.1 ;
    %pushi/vec4 124, 0, 8;
    %store/vec4 v000001f3eeb3c2b0_0, 0, 8;
    %jmp T_11.256;
T_11.2 ;
    %pushi/vec4 119, 0, 8;
    %store/vec4 v000001f3eeb3c2b0_0, 0, 8;
    %jmp T_11.256;
T_11.3 ;
    %pushi/vec4 123, 0, 8;
    %store/vec4 v000001f3eeb3c2b0_0, 0, 8;
    %jmp T_11.256;
T_11.4 ;
    %pushi/vec4 242, 0, 8;
    %store/vec4 v000001f3eeb3c2b0_0, 0, 8;
    %jmp T_11.256;
T_11.5 ;
    %pushi/vec4 107, 0, 8;
    %store/vec4 v000001f3eeb3c2b0_0, 0, 8;
    %jmp T_11.256;
T_11.6 ;
    %pushi/vec4 111, 0, 8;
    %store/vec4 v000001f3eeb3c2b0_0, 0, 8;
    %jmp T_11.256;
T_11.7 ;
    %pushi/vec4 197, 0, 8;
    %store/vec4 v000001f3eeb3c2b0_0, 0, 8;
    %jmp T_11.256;
T_11.8 ;
    %pushi/vec4 48, 0, 8;
    %store/vec4 v000001f3eeb3c2b0_0, 0, 8;
    %jmp T_11.256;
T_11.9 ;
    %pushi/vec4 1, 0, 8;
    %store/vec4 v000001f3eeb3c2b0_0, 0, 8;
    %jmp T_11.256;
T_11.10 ;
    %pushi/vec4 103, 0, 8;
    %store/vec4 v000001f3eeb3c2b0_0, 0, 8;
    %jmp T_11.256;
T_11.11 ;
    %pushi/vec4 43, 0, 8;
    %store/vec4 v000001f3eeb3c2b0_0, 0, 8;
    %jmp T_11.256;
T_11.12 ;
    %pushi/vec4 254, 0, 8;
    %store/vec4 v000001f3eeb3c2b0_0, 0, 8;
    %jmp T_11.256;
T_11.13 ;
    %pushi/vec4 215, 0, 8;
    %store/vec4 v000001f3eeb3c2b0_0, 0, 8;
    %jmp T_11.256;
T_11.14 ;
    %pushi/vec4 171, 0, 8;
    %store/vec4 v000001f3eeb3c2b0_0, 0, 8;
    %jmp T_11.256;
T_11.15 ;
    %pushi/vec4 118, 0, 8;
    %store/vec4 v000001f3eeb3c2b0_0, 0, 8;
    %jmp T_11.256;
T_11.16 ;
    %pushi/vec4 202, 0, 8;
    %store/vec4 v000001f3eeb3c2b0_0, 0, 8;
    %jmp T_11.256;
T_11.17 ;
    %pushi/vec4 130, 0, 8;
    %store/vec4 v000001f3eeb3c2b0_0, 0, 8;
    %jmp T_11.256;
T_11.18 ;
    %pushi/vec4 201, 0, 8;
    %store/vec4 v000001f3eeb3c2b0_0, 0, 8;
    %jmp T_11.256;
T_11.19 ;
    %pushi/vec4 125, 0, 8;
    %store/vec4 v000001f3eeb3c2b0_0, 0, 8;
    %jmp T_11.256;
T_11.20 ;
    %pushi/vec4 250, 0, 8;
    %store/vec4 v000001f3eeb3c2b0_0, 0, 8;
    %jmp T_11.256;
T_11.21 ;
    %pushi/vec4 89, 0, 8;
    %store/vec4 v000001f3eeb3c2b0_0, 0, 8;
    %jmp T_11.256;
T_11.22 ;
    %pushi/vec4 71, 0, 8;
    %store/vec4 v000001f3eeb3c2b0_0, 0, 8;
    %jmp T_11.256;
T_11.23 ;
    %pushi/vec4 240, 0, 8;
    %store/vec4 v000001f3eeb3c2b0_0, 0, 8;
    %jmp T_11.256;
T_11.24 ;
    %pushi/vec4 173, 0, 8;
    %store/vec4 v000001f3eeb3c2b0_0, 0, 8;
    %jmp T_11.256;
T_11.25 ;
    %pushi/vec4 212, 0, 8;
    %store/vec4 v000001f3eeb3c2b0_0, 0, 8;
    %jmp T_11.256;
T_11.26 ;
    %pushi/vec4 162, 0, 8;
    %store/vec4 v000001f3eeb3c2b0_0, 0, 8;
    %jmp T_11.256;
T_11.27 ;
    %pushi/vec4 175, 0, 8;
    %store/vec4 v000001f3eeb3c2b0_0, 0, 8;
    %jmp T_11.256;
T_11.28 ;
    %pushi/vec4 156, 0, 8;
    %store/vec4 v000001f3eeb3c2b0_0, 0, 8;
    %jmp T_11.256;
T_11.29 ;
    %pushi/vec4 164, 0, 8;
    %store/vec4 v000001f3eeb3c2b0_0, 0, 8;
    %jmp T_11.256;
T_11.30 ;
    %pushi/vec4 114, 0, 8;
    %store/vec4 v000001f3eeb3c2b0_0, 0, 8;
    %jmp T_11.256;
T_11.31 ;
    %pushi/vec4 192, 0, 8;
    %store/vec4 v000001f3eeb3c2b0_0, 0, 8;
    %jmp T_11.256;
T_11.32 ;
    %pushi/vec4 183, 0, 8;
    %store/vec4 v000001f3eeb3c2b0_0, 0, 8;
    %jmp T_11.256;
T_11.33 ;
    %pushi/vec4 253, 0, 8;
    %store/vec4 v000001f3eeb3c2b0_0, 0, 8;
    %jmp T_11.256;
T_11.34 ;
    %pushi/vec4 147, 0, 8;
    %store/vec4 v000001f3eeb3c2b0_0, 0, 8;
    %jmp T_11.256;
T_11.35 ;
    %pushi/vec4 38, 0, 8;
    %store/vec4 v000001f3eeb3c2b0_0, 0, 8;
    %jmp T_11.256;
T_11.36 ;
    %pushi/vec4 54, 0, 8;
    %store/vec4 v000001f3eeb3c2b0_0, 0, 8;
    %jmp T_11.256;
T_11.37 ;
    %pushi/vec4 63, 0, 8;
    %store/vec4 v000001f3eeb3c2b0_0, 0, 8;
    %jmp T_11.256;
T_11.38 ;
    %pushi/vec4 247, 0, 8;
    %store/vec4 v000001f3eeb3c2b0_0, 0, 8;
    %jmp T_11.256;
T_11.39 ;
    %pushi/vec4 204, 0, 8;
    %store/vec4 v000001f3eeb3c2b0_0, 0, 8;
    %jmp T_11.256;
T_11.40 ;
    %pushi/vec4 52, 0, 8;
    %store/vec4 v000001f3eeb3c2b0_0, 0, 8;
    %jmp T_11.256;
T_11.41 ;
    %pushi/vec4 165, 0, 8;
    %store/vec4 v000001f3eeb3c2b0_0, 0, 8;
    %jmp T_11.256;
T_11.42 ;
    %pushi/vec4 229, 0, 8;
    %store/vec4 v000001f3eeb3c2b0_0, 0, 8;
    %jmp T_11.256;
T_11.43 ;
    %pushi/vec4 241, 0, 8;
    %store/vec4 v000001f3eeb3c2b0_0, 0, 8;
    %jmp T_11.256;
T_11.44 ;
    %pushi/vec4 113, 0, 8;
    %store/vec4 v000001f3eeb3c2b0_0, 0, 8;
    %jmp T_11.256;
T_11.45 ;
    %pushi/vec4 216, 0, 8;
    %store/vec4 v000001f3eeb3c2b0_0, 0, 8;
    %jmp T_11.256;
T_11.46 ;
    %pushi/vec4 49, 0, 8;
    %store/vec4 v000001f3eeb3c2b0_0, 0, 8;
    %jmp T_11.256;
T_11.47 ;
    %pushi/vec4 21, 0, 8;
    %store/vec4 v000001f3eeb3c2b0_0, 0, 8;
    %jmp T_11.256;
T_11.48 ;
    %pushi/vec4 4, 0, 8;
    %store/vec4 v000001f3eeb3c2b0_0, 0, 8;
    %jmp T_11.256;
T_11.49 ;
    %pushi/vec4 199, 0, 8;
    %store/vec4 v000001f3eeb3c2b0_0, 0, 8;
    %jmp T_11.256;
T_11.50 ;
    %pushi/vec4 35, 0, 8;
    %store/vec4 v000001f3eeb3c2b0_0, 0, 8;
    %jmp T_11.256;
T_11.51 ;
    %pushi/vec4 195, 0, 8;
    %store/vec4 v000001f3eeb3c2b0_0, 0, 8;
    %jmp T_11.256;
T_11.52 ;
    %pushi/vec4 24, 0, 8;
    %store/vec4 v000001f3eeb3c2b0_0, 0, 8;
    %jmp T_11.256;
T_11.53 ;
    %pushi/vec4 150, 0, 8;
    %store/vec4 v000001f3eeb3c2b0_0, 0, 8;
    %jmp T_11.256;
T_11.54 ;
    %pushi/vec4 5, 0, 8;
    %store/vec4 v000001f3eeb3c2b0_0, 0, 8;
    %jmp T_11.256;
T_11.55 ;
    %pushi/vec4 154, 0, 8;
    %store/vec4 v000001f3eeb3c2b0_0, 0, 8;
    %jmp T_11.256;
T_11.56 ;
    %pushi/vec4 7, 0, 8;
    %store/vec4 v000001f3eeb3c2b0_0, 0, 8;
    %jmp T_11.256;
T_11.57 ;
    %pushi/vec4 18, 0, 8;
    %store/vec4 v000001f3eeb3c2b0_0, 0, 8;
    %jmp T_11.256;
T_11.58 ;
    %pushi/vec4 128, 0, 8;
    %store/vec4 v000001f3eeb3c2b0_0, 0, 8;
    %jmp T_11.256;
T_11.59 ;
    %pushi/vec4 226, 0, 8;
    %store/vec4 v000001f3eeb3c2b0_0, 0, 8;
    %jmp T_11.256;
T_11.60 ;
    %pushi/vec4 235, 0, 8;
    %store/vec4 v000001f3eeb3c2b0_0, 0, 8;
    %jmp T_11.256;
T_11.61 ;
    %pushi/vec4 39, 0, 8;
    %store/vec4 v000001f3eeb3c2b0_0, 0, 8;
    %jmp T_11.256;
T_11.62 ;
    %pushi/vec4 178, 0, 8;
    %store/vec4 v000001f3eeb3c2b0_0, 0, 8;
    %jmp T_11.256;
T_11.63 ;
    %pushi/vec4 117, 0, 8;
    %store/vec4 v000001f3eeb3c2b0_0, 0, 8;
    %jmp T_11.256;
T_11.64 ;
    %pushi/vec4 9, 0, 8;
    %store/vec4 v000001f3eeb3c2b0_0, 0, 8;
    %jmp T_11.256;
T_11.65 ;
    %pushi/vec4 131, 0, 8;
    %store/vec4 v000001f3eeb3c2b0_0, 0, 8;
    %jmp T_11.256;
T_11.66 ;
    %pushi/vec4 44, 0, 8;
    %store/vec4 v000001f3eeb3c2b0_0, 0, 8;
    %jmp T_11.256;
T_11.67 ;
    %pushi/vec4 26, 0, 8;
    %store/vec4 v000001f3eeb3c2b0_0, 0, 8;
    %jmp T_11.256;
T_11.68 ;
    %pushi/vec4 27, 0, 8;
    %store/vec4 v000001f3eeb3c2b0_0, 0, 8;
    %jmp T_11.256;
T_11.69 ;
    %pushi/vec4 110, 0, 8;
    %store/vec4 v000001f3eeb3c2b0_0, 0, 8;
    %jmp T_11.256;
T_11.70 ;
    %pushi/vec4 90, 0, 8;
    %store/vec4 v000001f3eeb3c2b0_0, 0, 8;
    %jmp T_11.256;
T_11.71 ;
    %pushi/vec4 160, 0, 8;
    %store/vec4 v000001f3eeb3c2b0_0, 0, 8;
    %jmp T_11.256;
T_11.72 ;
    %pushi/vec4 82, 0, 8;
    %store/vec4 v000001f3eeb3c2b0_0, 0, 8;
    %jmp T_11.256;
T_11.73 ;
    %pushi/vec4 59, 0, 8;
    %store/vec4 v000001f3eeb3c2b0_0, 0, 8;
    %jmp T_11.256;
T_11.74 ;
    %pushi/vec4 214, 0, 8;
    %store/vec4 v000001f3eeb3c2b0_0, 0, 8;
    %jmp T_11.256;
T_11.75 ;
    %pushi/vec4 179, 0, 8;
    %store/vec4 v000001f3eeb3c2b0_0, 0, 8;
    %jmp T_11.256;
T_11.76 ;
    %pushi/vec4 41, 0, 8;
    %store/vec4 v000001f3eeb3c2b0_0, 0, 8;
    %jmp T_11.256;
T_11.77 ;
    %pushi/vec4 227, 0, 8;
    %store/vec4 v000001f3eeb3c2b0_0, 0, 8;
    %jmp T_11.256;
T_11.78 ;
    %pushi/vec4 47, 0, 8;
    %store/vec4 v000001f3eeb3c2b0_0, 0, 8;
    %jmp T_11.256;
T_11.79 ;
    %pushi/vec4 132, 0, 8;
    %store/vec4 v000001f3eeb3c2b0_0, 0, 8;
    %jmp T_11.256;
T_11.80 ;
    %pushi/vec4 83, 0, 8;
    %store/vec4 v000001f3eeb3c2b0_0, 0, 8;
    %jmp T_11.256;
T_11.81 ;
    %pushi/vec4 209, 0, 8;
    %store/vec4 v000001f3eeb3c2b0_0, 0, 8;
    %jmp T_11.256;
T_11.82 ;
    %pushi/vec4 0, 0, 8;
    %store/vec4 v000001f3eeb3c2b0_0, 0, 8;
    %jmp T_11.256;
T_11.83 ;
    %pushi/vec4 237, 0, 8;
    %store/vec4 v000001f3eeb3c2b0_0, 0, 8;
    %jmp T_11.256;
T_11.84 ;
    %pushi/vec4 32, 0, 8;
    %store/vec4 v000001f3eeb3c2b0_0, 0, 8;
    %jmp T_11.256;
T_11.85 ;
    %pushi/vec4 252, 0, 8;
    %store/vec4 v000001f3eeb3c2b0_0, 0, 8;
    %jmp T_11.256;
T_11.86 ;
    %pushi/vec4 177, 0, 8;
    %store/vec4 v000001f3eeb3c2b0_0, 0, 8;
    %jmp T_11.256;
T_11.87 ;
    %pushi/vec4 91, 0, 8;
    %store/vec4 v000001f3eeb3c2b0_0, 0, 8;
    %jmp T_11.256;
T_11.88 ;
    %pushi/vec4 106, 0, 8;
    %store/vec4 v000001f3eeb3c2b0_0, 0, 8;
    %jmp T_11.256;
T_11.89 ;
    %pushi/vec4 203, 0, 8;
    %store/vec4 v000001f3eeb3c2b0_0, 0, 8;
    %jmp T_11.256;
T_11.90 ;
    %pushi/vec4 190, 0, 8;
    %store/vec4 v000001f3eeb3c2b0_0, 0, 8;
    %jmp T_11.256;
T_11.91 ;
    %pushi/vec4 57, 0, 8;
    %store/vec4 v000001f3eeb3c2b0_0, 0, 8;
    %jmp T_11.256;
T_11.92 ;
    %pushi/vec4 74, 0, 8;
    %store/vec4 v000001f3eeb3c2b0_0, 0, 8;
    %jmp T_11.256;
T_11.93 ;
    %pushi/vec4 76, 0, 8;
    %store/vec4 v000001f3eeb3c2b0_0, 0, 8;
    %jmp T_11.256;
T_11.94 ;
    %pushi/vec4 88, 0, 8;
    %store/vec4 v000001f3eeb3c2b0_0, 0, 8;
    %jmp T_11.256;
T_11.95 ;
    %pushi/vec4 207, 0, 8;
    %store/vec4 v000001f3eeb3c2b0_0, 0, 8;
    %jmp T_11.256;
T_11.96 ;
    %pushi/vec4 208, 0, 8;
    %store/vec4 v000001f3eeb3c2b0_0, 0, 8;
    %jmp T_11.256;
T_11.97 ;
    %pushi/vec4 239, 0, 8;
    %store/vec4 v000001f3eeb3c2b0_0, 0, 8;
    %jmp T_11.256;
T_11.98 ;
    %pushi/vec4 170, 0, 8;
    %store/vec4 v000001f3eeb3c2b0_0, 0, 8;
    %jmp T_11.256;
T_11.99 ;
    %pushi/vec4 251, 0, 8;
    %store/vec4 v000001f3eeb3c2b0_0, 0, 8;
    %jmp T_11.256;
T_11.100 ;
    %pushi/vec4 67, 0, 8;
    %store/vec4 v000001f3eeb3c2b0_0, 0, 8;
    %jmp T_11.256;
T_11.101 ;
    %pushi/vec4 77, 0, 8;
    %store/vec4 v000001f3eeb3c2b0_0, 0, 8;
    %jmp T_11.256;
T_11.102 ;
    %pushi/vec4 51, 0, 8;
    %store/vec4 v000001f3eeb3c2b0_0, 0, 8;
    %jmp T_11.256;
T_11.103 ;
    %pushi/vec4 133, 0, 8;
    %store/vec4 v000001f3eeb3c2b0_0, 0, 8;
    %jmp T_11.256;
T_11.104 ;
    %pushi/vec4 69, 0, 8;
    %store/vec4 v000001f3eeb3c2b0_0, 0, 8;
    %jmp T_11.256;
T_11.105 ;
    %pushi/vec4 249, 0, 8;
    %store/vec4 v000001f3eeb3c2b0_0, 0, 8;
    %jmp T_11.256;
T_11.106 ;
    %pushi/vec4 2, 0, 8;
    %store/vec4 v000001f3eeb3c2b0_0, 0, 8;
    %jmp T_11.256;
T_11.107 ;
    %pushi/vec4 127, 0, 8;
    %store/vec4 v000001f3eeb3c2b0_0, 0, 8;
    %jmp T_11.256;
T_11.108 ;
    %pushi/vec4 80, 0, 8;
    %store/vec4 v000001f3eeb3c2b0_0, 0, 8;
    %jmp T_11.256;
T_11.109 ;
    %pushi/vec4 60, 0, 8;
    %store/vec4 v000001f3eeb3c2b0_0, 0, 8;
    %jmp T_11.256;
T_11.110 ;
    %pushi/vec4 159, 0, 8;
    %store/vec4 v000001f3eeb3c2b0_0, 0, 8;
    %jmp T_11.256;
T_11.111 ;
    %pushi/vec4 168, 0, 8;
    %store/vec4 v000001f3eeb3c2b0_0, 0, 8;
    %jmp T_11.256;
T_11.112 ;
    %pushi/vec4 81, 0, 8;
    %store/vec4 v000001f3eeb3c2b0_0, 0, 8;
    %jmp T_11.256;
T_11.113 ;
    %pushi/vec4 163, 0, 8;
    %store/vec4 v000001f3eeb3c2b0_0, 0, 8;
    %jmp T_11.256;
T_11.114 ;
    %pushi/vec4 64, 0, 8;
    %store/vec4 v000001f3eeb3c2b0_0, 0, 8;
    %jmp T_11.256;
T_11.115 ;
    %pushi/vec4 143, 0, 8;
    %store/vec4 v000001f3eeb3c2b0_0, 0, 8;
    %jmp T_11.256;
T_11.116 ;
    %pushi/vec4 146, 0, 8;
    %store/vec4 v000001f3eeb3c2b0_0, 0, 8;
    %jmp T_11.256;
T_11.117 ;
    %pushi/vec4 157, 0, 8;
    %store/vec4 v000001f3eeb3c2b0_0, 0, 8;
    %jmp T_11.256;
T_11.118 ;
    %pushi/vec4 56, 0, 8;
    %store/vec4 v000001f3eeb3c2b0_0, 0, 8;
    %jmp T_11.256;
T_11.119 ;
    %pushi/vec4 245, 0, 8;
    %store/vec4 v000001f3eeb3c2b0_0, 0, 8;
    %jmp T_11.256;
T_11.120 ;
    %pushi/vec4 188, 0, 8;
    %store/vec4 v000001f3eeb3c2b0_0, 0, 8;
    %jmp T_11.256;
T_11.121 ;
    %pushi/vec4 182, 0, 8;
    %store/vec4 v000001f3eeb3c2b0_0, 0, 8;
    %jmp T_11.256;
T_11.122 ;
    %pushi/vec4 218, 0, 8;
    %store/vec4 v000001f3eeb3c2b0_0, 0, 8;
    %jmp T_11.256;
T_11.123 ;
    %pushi/vec4 33, 0, 8;
    %store/vec4 v000001f3eeb3c2b0_0, 0, 8;
    %jmp T_11.256;
T_11.124 ;
    %pushi/vec4 16, 0, 8;
    %store/vec4 v000001f3eeb3c2b0_0, 0, 8;
    %jmp T_11.256;
T_11.125 ;
    %pushi/vec4 255, 0, 8;
    %store/vec4 v000001f3eeb3c2b0_0, 0, 8;
    %jmp T_11.256;
T_11.126 ;
    %pushi/vec4 243, 0, 8;
    %store/vec4 v000001f3eeb3c2b0_0, 0, 8;
    %jmp T_11.256;
T_11.127 ;
    %pushi/vec4 210, 0, 8;
    %store/vec4 v000001f3eeb3c2b0_0, 0, 8;
    %jmp T_11.256;
T_11.128 ;
    %pushi/vec4 205, 0, 8;
    %store/vec4 v000001f3eeb3c2b0_0, 0, 8;
    %jmp T_11.256;
T_11.129 ;
    %pushi/vec4 12, 0, 8;
    %store/vec4 v000001f3eeb3c2b0_0, 0, 8;
    %jmp T_11.256;
T_11.130 ;
    %pushi/vec4 19, 0, 8;
    %store/vec4 v000001f3eeb3c2b0_0, 0, 8;
    %jmp T_11.256;
T_11.131 ;
    %pushi/vec4 236, 0, 8;
    %store/vec4 v000001f3eeb3c2b0_0, 0, 8;
    %jmp T_11.256;
T_11.132 ;
    %pushi/vec4 95, 0, 8;
    %store/vec4 v000001f3eeb3c2b0_0, 0, 8;
    %jmp T_11.256;
T_11.133 ;
    %pushi/vec4 151, 0, 8;
    %store/vec4 v000001f3eeb3c2b0_0, 0, 8;
    %jmp T_11.256;
T_11.134 ;
    %pushi/vec4 68, 0, 8;
    %store/vec4 v000001f3eeb3c2b0_0, 0, 8;
    %jmp T_11.256;
T_11.135 ;
    %pushi/vec4 23, 0, 8;
    %store/vec4 v000001f3eeb3c2b0_0, 0, 8;
    %jmp T_11.256;
T_11.136 ;
    %pushi/vec4 196, 0, 8;
    %store/vec4 v000001f3eeb3c2b0_0, 0, 8;
    %jmp T_11.256;
T_11.137 ;
    %pushi/vec4 167, 0, 8;
    %store/vec4 v000001f3eeb3c2b0_0, 0, 8;
    %jmp T_11.256;
T_11.138 ;
    %pushi/vec4 126, 0, 8;
    %store/vec4 v000001f3eeb3c2b0_0, 0, 8;
    %jmp T_11.256;
T_11.139 ;
    %pushi/vec4 61, 0, 8;
    %store/vec4 v000001f3eeb3c2b0_0, 0, 8;
    %jmp T_11.256;
T_11.140 ;
    %pushi/vec4 100, 0, 8;
    %store/vec4 v000001f3eeb3c2b0_0, 0, 8;
    %jmp T_11.256;
T_11.141 ;
    %pushi/vec4 93, 0, 8;
    %store/vec4 v000001f3eeb3c2b0_0, 0, 8;
    %jmp T_11.256;
T_11.142 ;
    %pushi/vec4 25, 0, 8;
    %store/vec4 v000001f3eeb3c2b0_0, 0, 8;
    %jmp T_11.256;
T_11.143 ;
    %pushi/vec4 115, 0, 8;
    %store/vec4 v000001f3eeb3c2b0_0, 0, 8;
    %jmp T_11.256;
T_11.144 ;
    %pushi/vec4 96, 0, 8;
    %store/vec4 v000001f3eeb3c2b0_0, 0, 8;
    %jmp T_11.256;
T_11.145 ;
    %pushi/vec4 129, 0, 8;
    %store/vec4 v000001f3eeb3c2b0_0, 0, 8;
    %jmp T_11.256;
T_11.146 ;
    %pushi/vec4 79, 0, 8;
    %store/vec4 v000001f3eeb3c2b0_0, 0, 8;
    %jmp T_11.256;
T_11.147 ;
    %pushi/vec4 220, 0, 8;
    %store/vec4 v000001f3eeb3c2b0_0, 0, 8;
    %jmp T_11.256;
T_11.148 ;
    %pushi/vec4 34, 0, 8;
    %store/vec4 v000001f3eeb3c2b0_0, 0, 8;
    %jmp T_11.256;
T_11.149 ;
    %pushi/vec4 42, 0, 8;
    %store/vec4 v000001f3eeb3c2b0_0, 0, 8;
    %jmp T_11.256;
T_11.150 ;
    %pushi/vec4 144, 0, 8;
    %store/vec4 v000001f3eeb3c2b0_0, 0, 8;
    %jmp T_11.256;
T_11.151 ;
    %pushi/vec4 136, 0, 8;
    %store/vec4 v000001f3eeb3c2b0_0, 0, 8;
    %jmp T_11.256;
T_11.152 ;
    %pushi/vec4 70, 0, 8;
    %store/vec4 v000001f3eeb3c2b0_0, 0, 8;
    %jmp T_11.256;
T_11.153 ;
    %pushi/vec4 238, 0, 8;
    %store/vec4 v000001f3eeb3c2b0_0, 0, 8;
    %jmp T_11.256;
T_11.154 ;
    %pushi/vec4 184, 0, 8;
    %store/vec4 v000001f3eeb3c2b0_0, 0, 8;
    %jmp T_11.256;
T_11.155 ;
    %pushi/vec4 20, 0, 8;
    %store/vec4 v000001f3eeb3c2b0_0, 0, 8;
    %jmp T_11.256;
T_11.156 ;
    %pushi/vec4 222, 0, 8;
    %store/vec4 v000001f3eeb3c2b0_0, 0, 8;
    %jmp T_11.256;
T_11.157 ;
    %pushi/vec4 94, 0, 8;
    %store/vec4 v000001f3eeb3c2b0_0, 0, 8;
    %jmp T_11.256;
T_11.158 ;
    %pushi/vec4 11, 0, 8;
    %store/vec4 v000001f3eeb3c2b0_0, 0, 8;
    %jmp T_11.256;
T_11.159 ;
    %pushi/vec4 219, 0, 8;
    %store/vec4 v000001f3eeb3c2b0_0, 0, 8;
    %jmp T_11.256;
T_11.160 ;
    %pushi/vec4 224, 0, 8;
    %store/vec4 v000001f3eeb3c2b0_0, 0, 8;
    %jmp T_11.256;
T_11.161 ;
    %pushi/vec4 50, 0, 8;
    %store/vec4 v000001f3eeb3c2b0_0, 0, 8;
    %jmp T_11.256;
T_11.162 ;
    %pushi/vec4 58, 0, 8;
    %store/vec4 v000001f3eeb3c2b0_0, 0, 8;
    %jmp T_11.256;
T_11.163 ;
    %pushi/vec4 10, 0, 8;
    %store/vec4 v000001f3eeb3c2b0_0, 0, 8;
    %jmp T_11.256;
T_11.164 ;
    %pushi/vec4 73, 0, 8;
    %store/vec4 v000001f3eeb3c2b0_0, 0, 8;
    %jmp T_11.256;
T_11.165 ;
    %pushi/vec4 6, 0, 8;
    %store/vec4 v000001f3eeb3c2b0_0, 0, 8;
    %jmp T_11.256;
T_11.166 ;
    %pushi/vec4 36, 0, 8;
    %store/vec4 v000001f3eeb3c2b0_0, 0, 8;
    %jmp T_11.256;
T_11.167 ;
    %pushi/vec4 92, 0, 8;
    %store/vec4 v000001f3eeb3c2b0_0, 0, 8;
    %jmp T_11.256;
T_11.168 ;
    %pushi/vec4 194, 0, 8;
    %store/vec4 v000001f3eeb3c2b0_0, 0, 8;
    %jmp T_11.256;
T_11.169 ;
    %pushi/vec4 211, 0, 8;
    %store/vec4 v000001f3eeb3c2b0_0, 0, 8;
    %jmp T_11.256;
T_11.170 ;
    %pushi/vec4 172, 0, 8;
    %store/vec4 v000001f3eeb3c2b0_0, 0, 8;
    %jmp T_11.256;
T_11.171 ;
    %pushi/vec4 98, 0, 8;
    %store/vec4 v000001f3eeb3c2b0_0, 0, 8;
    %jmp T_11.256;
T_11.172 ;
    %pushi/vec4 145, 0, 8;
    %store/vec4 v000001f3eeb3c2b0_0, 0, 8;
    %jmp T_11.256;
T_11.173 ;
    %pushi/vec4 149, 0, 8;
    %store/vec4 v000001f3eeb3c2b0_0, 0, 8;
    %jmp T_11.256;
T_11.174 ;
    %pushi/vec4 228, 0, 8;
    %store/vec4 v000001f3eeb3c2b0_0, 0, 8;
    %jmp T_11.256;
T_11.175 ;
    %pushi/vec4 121, 0, 8;
    %store/vec4 v000001f3eeb3c2b0_0, 0, 8;
    %jmp T_11.256;
T_11.176 ;
    %pushi/vec4 231, 0, 8;
    %store/vec4 v000001f3eeb3c2b0_0, 0, 8;
    %jmp T_11.256;
T_11.177 ;
    %pushi/vec4 200, 0, 8;
    %store/vec4 v000001f3eeb3c2b0_0, 0, 8;
    %jmp T_11.256;
T_11.178 ;
    %pushi/vec4 55, 0, 8;
    %store/vec4 v000001f3eeb3c2b0_0, 0, 8;
    %jmp T_11.256;
T_11.179 ;
    %pushi/vec4 109, 0, 8;
    %store/vec4 v000001f3eeb3c2b0_0, 0, 8;
    %jmp T_11.256;
T_11.180 ;
    %pushi/vec4 141, 0, 8;
    %store/vec4 v000001f3eeb3c2b0_0, 0, 8;
    %jmp T_11.256;
T_11.181 ;
    %pushi/vec4 213, 0, 8;
    %store/vec4 v000001f3eeb3c2b0_0, 0, 8;
    %jmp T_11.256;
T_11.182 ;
    %pushi/vec4 78, 0, 8;
    %store/vec4 v000001f3eeb3c2b0_0, 0, 8;
    %jmp T_11.256;
T_11.183 ;
    %pushi/vec4 169, 0, 8;
    %store/vec4 v000001f3eeb3c2b0_0, 0, 8;
    %jmp T_11.256;
T_11.184 ;
    %pushi/vec4 108, 0, 8;
    %store/vec4 v000001f3eeb3c2b0_0, 0, 8;
    %jmp T_11.256;
T_11.185 ;
    %pushi/vec4 86, 0, 8;
    %store/vec4 v000001f3eeb3c2b0_0, 0, 8;
    %jmp T_11.256;
T_11.186 ;
    %pushi/vec4 244, 0, 8;
    %store/vec4 v000001f3eeb3c2b0_0, 0, 8;
    %jmp T_11.256;
T_11.187 ;
    %pushi/vec4 234, 0, 8;
    %store/vec4 v000001f3eeb3c2b0_0, 0, 8;
    %jmp T_11.256;
T_11.188 ;
    %pushi/vec4 101, 0, 8;
    %store/vec4 v000001f3eeb3c2b0_0, 0, 8;
    %jmp T_11.256;
T_11.189 ;
    %pushi/vec4 122, 0, 8;
    %store/vec4 v000001f3eeb3c2b0_0, 0, 8;
    %jmp T_11.256;
T_11.190 ;
    %pushi/vec4 174, 0, 8;
    %store/vec4 v000001f3eeb3c2b0_0, 0, 8;
    %jmp T_11.256;
T_11.191 ;
    %pushi/vec4 8, 0, 8;
    %store/vec4 v000001f3eeb3c2b0_0, 0, 8;
    %jmp T_11.256;
T_11.192 ;
    %pushi/vec4 186, 0, 8;
    %store/vec4 v000001f3eeb3c2b0_0, 0, 8;
    %jmp T_11.256;
T_11.193 ;
    %pushi/vec4 120, 0, 8;
    %store/vec4 v000001f3eeb3c2b0_0, 0, 8;
    %jmp T_11.256;
T_11.194 ;
    %pushi/vec4 37, 0, 8;
    %store/vec4 v000001f3eeb3c2b0_0, 0, 8;
    %jmp T_11.256;
T_11.195 ;
    %pushi/vec4 46, 0, 8;
    %store/vec4 v000001f3eeb3c2b0_0, 0, 8;
    %jmp T_11.256;
T_11.196 ;
    %pushi/vec4 28, 0, 8;
    %store/vec4 v000001f3eeb3c2b0_0, 0, 8;
    %jmp T_11.256;
T_11.197 ;
    %pushi/vec4 166, 0, 8;
    %store/vec4 v000001f3eeb3c2b0_0, 0, 8;
    %jmp T_11.256;
T_11.198 ;
    %pushi/vec4 180, 0, 8;
    %store/vec4 v000001f3eeb3c2b0_0, 0, 8;
    %jmp T_11.256;
T_11.199 ;
    %pushi/vec4 198, 0, 8;
    %store/vec4 v000001f3eeb3c2b0_0, 0, 8;
    %jmp T_11.256;
T_11.200 ;
    %pushi/vec4 232, 0, 8;
    %store/vec4 v000001f3eeb3c2b0_0, 0, 8;
    %jmp T_11.256;
T_11.201 ;
    %pushi/vec4 221, 0, 8;
    %store/vec4 v000001f3eeb3c2b0_0, 0, 8;
    %jmp T_11.256;
T_11.202 ;
    %pushi/vec4 116, 0, 8;
    %store/vec4 v000001f3eeb3c2b0_0, 0, 8;
    %jmp T_11.256;
T_11.203 ;
    %pushi/vec4 31, 0, 8;
    %store/vec4 v000001f3eeb3c2b0_0, 0, 8;
    %jmp T_11.256;
T_11.204 ;
    %pushi/vec4 75, 0, 8;
    %store/vec4 v000001f3eeb3c2b0_0, 0, 8;
    %jmp T_11.256;
T_11.205 ;
    %pushi/vec4 189, 0, 8;
    %store/vec4 v000001f3eeb3c2b0_0, 0, 8;
    %jmp T_11.256;
T_11.206 ;
    %pushi/vec4 139, 0, 8;
    %store/vec4 v000001f3eeb3c2b0_0, 0, 8;
    %jmp T_11.256;
T_11.207 ;
    %pushi/vec4 138, 0, 8;
    %store/vec4 v000001f3eeb3c2b0_0, 0, 8;
    %jmp T_11.256;
T_11.208 ;
    %pushi/vec4 112, 0, 8;
    %store/vec4 v000001f3eeb3c2b0_0, 0, 8;
    %jmp T_11.256;
T_11.209 ;
    %pushi/vec4 62, 0, 8;
    %store/vec4 v000001f3eeb3c2b0_0, 0, 8;
    %jmp T_11.256;
T_11.210 ;
    %pushi/vec4 181, 0, 8;
    %store/vec4 v000001f3eeb3c2b0_0, 0, 8;
    %jmp T_11.256;
T_11.211 ;
    %pushi/vec4 102, 0, 8;
    %store/vec4 v000001f3eeb3c2b0_0, 0, 8;
    %jmp T_11.256;
T_11.212 ;
    %pushi/vec4 72, 0, 8;
    %store/vec4 v000001f3eeb3c2b0_0, 0, 8;
    %jmp T_11.256;
T_11.213 ;
    %pushi/vec4 3, 0, 8;
    %store/vec4 v000001f3eeb3c2b0_0, 0, 8;
    %jmp T_11.256;
T_11.214 ;
    %pushi/vec4 246, 0, 8;
    %store/vec4 v000001f3eeb3c2b0_0, 0, 8;
    %jmp T_11.256;
T_11.215 ;
    %pushi/vec4 14, 0, 8;
    %store/vec4 v000001f3eeb3c2b0_0, 0, 8;
    %jmp T_11.256;
T_11.216 ;
    %pushi/vec4 97, 0, 8;
    %store/vec4 v000001f3eeb3c2b0_0, 0, 8;
    %jmp T_11.256;
T_11.217 ;
    %pushi/vec4 53, 0, 8;
    %store/vec4 v000001f3eeb3c2b0_0, 0, 8;
    %jmp T_11.256;
T_11.218 ;
    %pushi/vec4 87, 0, 8;
    %store/vec4 v000001f3eeb3c2b0_0, 0, 8;
    %jmp T_11.256;
T_11.219 ;
    %pushi/vec4 185, 0, 8;
    %store/vec4 v000001f3eeb3c2b0_0, 0, 8;
    %jmp T_11.256;
T_11.220 ;
    %pushi/vec4 134, 0, 8;
    %store/vec4 v000001f3eeb3c2b0_0, 0, 8;
    %jmp T_11.256;
T_11.221 ;
    %pushi/vec4 193, 0, 8;
    %store/vec4 v000001f3eeb3c2b0_0, 0, 8;
    %jmp T_11.256;
T_11.222 ;
    %pushi/vec4 29, 0, 8;
    %store/vec4 v000001f3eeb3c2b0_0, 0, 8;
    %jmp T_11.256;
T_11.223 ;
    %pushi/vec4 158, 0, 8;
    %store/vec4 v000001f3eeb3c2b0_0, 0, 8;
    %jmp T_11.256;
T_11.224 ;
    %pushi/vec4 225, 0, 8;
    %store/vec4 v000001f3eeb3c2b0_0, 0, 8;
    %jmp T_11.256;
T_11.225 ;
    %pushi/vec4 248, 0, 8;
    %store/vec4 v000001f3eeb3c2b0_0, 0, 8;
    %jmp T_11.256;
T_11.226 ;
    %pushi/vec4 152, 0, 8;
    %store/vec4 v000001f3eeb3c2b0_0, 0, 8;
    %jmp T_11.256;
T_11.227 ;
    %pushi/vec4 17, 0, 8;
    %store/vec4 v000001f3eeb3c2b0_0, 0, 8;
    %jmp T_11.256;
T_11.228 ;
    %pushi/vec4 105, 0, 8;
    %store/vec4 v000001f3eeb3c2b0_0, 0, 8;
    %jmp T_11.256;
T_11.229 ;
    %pushi/vec4 217, 0, 8;
    %store/vec4 v000001f3eeb3c2b0_0, 0, 8;
    %jmp T_11.256;
T_11.230 ;
    %pushi/vec4 142, 0, 8;
    %store/vec4 v000001f3eeb3c2b0_0, 0, 8;
    %jmp T_11.256;
T_11.231 ;
    %pushi/vec4 148, 0, 8;
    %store/vec4 v000001f3eeb3c2b0_0, 0, 8;
    %jmp T_11.256;
T_11.232 ;
    %pushi/vec4 155, 0, 8;
    %store/vec4 v000001f3eeb3c2b0_0, 0, 8;
    %jmp T_11.256;
T_11.233 ;
    %pushi/vec4 30, 0, 8;
    %store/vec4 v000001f3eeb3c2b0_0, 0, 8;
    %jmp T_11.256;
T_11.234 ;
    %pushi/vec4 135, 0, 8;
    %store/vec4 v000001f3eeb3c2b0_0, 0, 8;
    %jmp T_11.256;
T_11.235 ;
    %pushi/vec4 233, 0, 8;
    %store/vec4 v000001f3eeb3c2b0_0, 0, 8;
    %jmp T_11.256;
T_11.236 ;
    %pushi/vec4 206, 0, 8;
    %store/vec4 v000001f3eeb3c2b0_0, 0, 8;
    %jmp T_11.256;
T_11.237 ;
    %pushi/vec4 85, 0, 8;
    %store/vec4 v000001f3eeb3c2b0_0, 0, 8;
    %jmp T_11.256;
T_11.238 ;
    %pushi/vec4 40, 0, 8;
    %store/vec4 v000001f3eeb3c2b0_0, 0, 8;
    %jmp T_11.256;
T_11.239 ;
    %pushi/vec4 223, 0, 8;
    %store/vec4 v000001f3eeb3c2b0_0, 0, 8;
    %jmp T_11.256;
T_11.240 ;
    %pushi/vec4 140, 0, 8;
    %store/vec4 v000001f3eeb3c2b0_0, 0, 8;
    %jmp T_11.256;
T_11.241 ;
    %pushi/vec4 161, 0, 8;
    %store/vec4 v000001f3eeb3c2b0_0, 0, 8;
    %jmp T_11.256;
T_11.242 ;
    %pushi/vec4 137, 0, 8;
    %store/vec4 v000001f3eeb3c2b0_0, 0, 8;
    %jmp T_11.256;
T_11.243 ;
    %pushi/vec4 13, 0, 8;
    %store/vec4 v000001f3eeb3c2b0_0, 0, 8;
    %jmp T_11.256;
T_11.244 ;
    %pushi/vec4 191, 0, 8;
    %store/vec4 v000001f3eeb3c2b0_0, 0, 8;
    %jmp T_11.256;
T_11.245 ;
    %pushi/vec4 230, 0, 8;
    %store/vec4 v000001f3eeb3c2b0_0, 0, 8;
    %jmp T_11.256;
T_11.246 ;
    %pushi/vec4 66, 0, 8;
    %store/vec4 v000001f3eeb3c2b0_0, 0, 8;
    %jmp T_11.256;
T_11.247 ;
    %pushi/vec4 104, 0, 8;
    %store/vec4 v000001f3eeb3c2b0_0, 0, 8;
    %jmp T_11.256;
T_11.248 ;
    %pushi/vec4 65, 0, 8;
    %store/vec4 v000001f3eeb3c2b0_0, 0, 8;
    %jmp T_11.256;
T_11.249 ;
    %pushi/vec4 153, 0, 8;
    %store/vec4 v000001f3eeb3c2b0_0, 0, 8;
    %jmp T_11.256;
T_11.250 ;
    %pushi/vec4 45, 0, 8;
    %store/vec4 v000001f3eeb3c2b0_0, 0, 8;
    %jmp T_11.256;
T_11.251 ;
    %pushi/vec4 15, 0, 8;
    %store/vec4 v000001f3eeb3c2b0_0, 0, 8;
    %jmp T_11.256;
T_11.252 ;
    %pushi/vec4 176, 0, 8;
    %store/vec4 v000001f3eeb3c2b0_0, 0, 8;
    %jmp T_11.256;
T_11.253 ;
    %pushi/vec4 84, 0, 8;
    %store/vec4 v000001f3eeb3c2b0_0, 0, 8;
    %jmp T_11.256;
T_11.254 ;
    %pushi/vec4 187, 0, 8;
    %store/vec4 v000001f3eeb3c2b0_0, 0, 8;
    %jmp T_11.256;
T_11.255 ;
    %pushi/vec4 22, 0, 8;
    %store/vec4 v000001f3eeb3c2b0_0, 0, 8;
    %jmp T_11.256;
T_11.256 ;
    %pop/vec4 1;
    %jmp T_11;
    .thread T_11, $push;
    .scope S_000001f3eeb3e590;
T_12 ;
    %wait E_000001f3eeabe2c0;
    %load/vec4 v000001f3eeb3bb30_0;
    %dup/vec4;
    %pushi/vec4 0, 0, 8;
    %cmp/u;
    %jmp/1 T_12.0, 6;
    %dup/vec4;
    %pushi/vec4 1, 0, 8;
    %cmp/u;
    %jmp/1 T_12.1, 6;
    %dup/vec4;
    %pushi/vec4 2, 0, 8;
    %cmp/u;
    %jmp/1 T_12.2, 6;
    %dup/vec4;
    %pushi/vec4 3, 0, 8;
    %cmp/u;
    %jmp/1 T_12.3, 6;
    %dup/vec4;
    %pushi/vec4 4, 0, 8;
    %cmp/u;
    %jmp/1 T_12.4, 6;
    %dup/vec4;
    %pushi/vec4 5, 0, 8;
    %cmp/u;
    %jmp/1 T_12.5, 6;
    %dup/vec4;
    %pushi/vec4 6, 0, 8;
    %cmp/u;
    %jmp/1 T_12.6, 6;
    %dup/vec4;
    %pushi/vec4 7, 0, 8;
    %cmp/u;
    %jmp/1 T_12.7, 6;
    %dup/vec4;
    %pushi/vec4 8, 0, 8;
    %cmp/u;
    %jmp/1 T_12.8, 6;
    %dup/vec4;
    %pushi/vec4 9, 0, 8;
    %cmp/u;
    %jmp/1 T_12.9, 6;
    %dup/vec4;
    %pushi/vec4 10, 0, 8;
    %cmp/u;
    %jmp/1 T_12.10, 6;
    %dup/vec4;
    %pushi/vec4 11, 0, 8;
    %cmp/u;
    %jmp/1 T_12.11, 6;
    %dup/vec4;
    %pushi/vec4 12, 0, 8;
    %cmp/u;
    %jmp/1 T_12.12, 6;
    %dup/vec4;
    %pushi/vec4 13, 0, 8;
    %cmp/u;
    %jmp/1 T_12.13, 6;
    %dup/vec4;
    %pushi/vec4 14, 0, 8;
    %cmp/u;
    %jmp/1 T_12.14, 6;
    %dup/vec4;
    %pushi/vec4 15, 0, 8;
    %cmp/u;
    %jmp/1 T_12.15, 6;
    %dup/vec4;
    %pushi/vec4 16, 0, 8;
    %cmp/u;
    %jmp/1 T_12.16, 6;
    %dup/vec4;
    %pushi/vec4 17, 0, 8;
    %cmp/u;
    %jmp/1 T_12.17, 6;
    %dup/vec4;
    %pushi/vec4 18, 0, 8;
    %cmp/u;
    %jmp/1 T_12.18, 6;
    %dup/vec4;
    %pushi/vec4 19, 0, 8;
    %cmp/u;
    %jmp/1 T_12.19, 6;
    %dup/vec4;
    %pushi/vec4 20, 0, 8;
    %cmp/u;
    %jmp/1 T_12.20, 6;
    %dup/vec4;
    %pushi/vec4 21, 0, 8;
    %cmp/u;
    %jmp/1 T_12.21, 6;
    %dup/vec4;
    %pushi/vec4 22, 0, 8;
    %cmp/u;
    %jmp/1 T_12.22, 6;
    %dup/vec4;
    %pushi/vec4 23, 0, 8;
    %cmp/u;
    %jmp/1 T_12.23, 6;
    %dup/vec4;
    %pushi/vec4 24, 0, 8;
    %cmp/u;
    %jmp/1 T_12.24, 6;
    %dup/vec4;
    %pushi/vec4 25, 0, 8;
    %cmp/u;
    %jmp/1 T_12.25, 6;
    %dup/vec4;
    %pushi/vec4 26, 0, 8;
    %cmp/u;
    %jmp/1 T_12.26, 6;
    %dup/vec4;
    %pushi/vec4 27, 0, 8;
    %cmp/u;
    %jmp/1 T_12.27, 6;
    %dup/vec4;
    %pushi/vec4 28, 0, 8;
    %cmp/u;
    %jmp/1 T_12.28, 6;
    %dup/vec4;
    %pushi/vec4 29, 0, 8;
    %cmp/u;
    %jmp/1 T_12.29, 6;
    %dup/vec4;
    %pushi/vec4 30, 0, 8;
    %cmp/u;
    %jmp/1 T_12.30, 6;
    %dup/vec4;
    %pushi/vec4 31, 0, 8;
    %cmp/u;
    %jmp/1 T_12.31, 6;
    %dup/vec4;
    %pushi/vec4 32, 0, 8;
    %cmp/u;
    %jmp/1 T_12.32, 6;
    %dup/vec4;
    %pushi/vec4 33, 0, 8;
    %cmp/u;
    %jmp/1 T_12.33, 6;
    %dup/vec4;
    %pushi/vec4 34, 0, 8;
    %cmp/u;
    %jmp/1 T_12.34, 6;
    %dup/vec4;
    %pushi/vec4 35, 0, 8;
    %cmp/u;
    %jmp/1 T_12.35, 6;
    %dup/vec4;
    %pushi/vec4 36, 0, 8;
    %cmp/u;
    %jmp/1 T_12.36, 6;
    %dup/vec4;
    %pushi/vec4 37, 0, 8;
    %cmp/u;
    %jmp/1 T_12.37, 6;
    %dup/vec4;
    %pushi/vec4 38, 0, 8;
    %cmp/u;
    %jmp/1 T_12.38, 6;
    %dup/vec4;
    %pushi/vec4 39, 0, 8;
    %cmp/u;
    %jmp/1 T_12.39, 6;
    %dup/vec4;
    %pushi/vec4 40, 0, 8;
    %cmp/u;
    %jmp/1 T_12.40, 6;
    %dup/vec4;
    %pushi/vec4 41, 0, 8;
    %cmp/u;
    %jmp/1 T_12.41, 6;
    %dup/vec4;
    %pushi/vec4 42, 0, 8;
    %cmp/u;
    %jmp/1 T_12.42, 6;
    %dup/vec4;
    %pushi/vec4 43, 0, 8;
    %cmp/u;
    %jmp/1 T_12.43, 6;
    %dup/vec4;
    %pushi/vec4 44, 0, 8;
    %cmp/u;
    %jmp/1 T_12.44, 6;
    %dup/vec4;
    %pushi/vec4 45, 0, 8;
    %cmp/u;
    %jmp/1 T_12.45, 6;
    %dup/vec4;
    %pushi/vec4 46, 0, 8;
    %cmp/u;
    %jmp/1 T_12.46, 6;
    %dup/vec4;
    %pushi/vec4 47, 0, 8;
    %cmp/u;
    %jmp/1 T_12.47, 6;
    %dup/vec4;
    %pushi/vec4 48, 0, 8;
    %cmp/u;
    %jmp/1 T_12.48, 6;
    %dup/vec4;
    %pushi/vec4 49, 0, 8;
    %cmp/u;
    %jmp/1 T_12.49, 6;
    %dup/vec4;
    %pushi/vec4 50, 0, 8;
    %cmp/u;
    %jmp/1 T_12.50, 6;
    %dup/vec4;
    %pushi/vec4 51, 0, 8;
    %cmp/u;
    %jmp/1 T_12.51, 6;
    %dup/vec4;
    %pushi/vec4 52, 0, 8;
    %cmp/u;
    %jmp/1 T_12.52, 6;
    %dup/vec4;
    %pushi/vec4 53, 0, 8;
    %cmp/u;
    %jmp/1 T_12.53, 6;
    %dup/vec4;
    %pushi/vec4 54, 0, 8;
    %cmp/u;
    %jmp/1 T_12.54, 6;
    %dup/vec4;
    %pushi/vec4 55, 0, 8;
    %cmp/u;
    %jmp/1 T_12.55, 6;
    %dup/vec4;
    %pushi/vec4 56, 0, 8;
    %cmp/u;
    %jmp/1 T_12.56, 6;
    %dup/vec4;
    %pushi/vec4 57, 0, 8;
    %cmp/u;
    %jmp/1 T_12.57, 6;
    %dup/vec4;
    %pushi/vec4 58, 0, 8;
    %cmp/u;
    %jmp/1 T_12.58, 6;
    %dup/vec4;
    %pushi/vec4 59, 0, 8;
    %cmp/u;
    %jmp/1 T_12.59, 6;
    %dup/vec4;
    %pushi/vec4 60, 0, 8;
    %cmp/u;
    %jmp/1 T_12.60, 6;
    %dup/vec4;
    %pushi/vec4 61, 0, 8;
    %cmp/u;
    %jmp/1 T_12.61, 6;
    %dup/vec4;
    %pushi/vec4 62, 0, 8;
    %cmp/u;
    %jmp/1 T_12.62, 6;
    %dup/vec4;
    %pushi/vec4 63, 0, 8;
    %cmp/u;
    %jmp/1 T_12.63, 6;
    %dup/vec4;
    %pushi/vec4 64, 0, 8;
    %cmp/u;
    %jmp/1 T_12.64, 6;
    %dup/vec4;
    %pushi/vec4 65, 0, 8;
    %cmp/u;
    %jmp/1 T_12.65, 6;
    %dup/vec4;
    %pushi/vec4 66, 0, 8;
    %cmp/u;
    %jmp/1 T_12.66, 6;
    %dup/vec4;
    %pushi/vec4 67, 0, 8;
    %cmp/u;
    %jmp/1 T_12.67, 6;
    %dup/vec4;
    %pushi/vec4 68, 0, 8;
    %cmp/u;
    %jmp/1 T_12.68, 6;
    %dup/vec4;
    %pushi/vec4 69, 0, 8;
    %cmp/u;
    %jmp/1 T_12.69, 6;
    %dup/vec4;
    %pushi/vec4 70, 0, 8;
    %cmp/u;
    %jmp/1 T_12.70, 6;
    %dup/vec4;
    %pushi/vec4 71, 0, 8;
    %cmp/u;
    %jmp/1 T_12.71, 6;
    %dup/vec4;
    %pushi/vec4 72, 0, 8;
    %cmp/u;
    %jmp/1 T_12.72, 6;
    %dup/vec4;
    %pushi/vec4 73, 0, 8;
    %cmp/u;
    %jmp/1 T_12.73, 6;
    %dup/vec4;
    %pushi/vec4 74, 0, 8;
    %cmp/u;
    %jmp/1 T_12.74, 6;
    %dup/vec4;
    %pushi/vec4 75, 0, 8;
    %cmp/u;
    %jmp/1 T_12.75, 6;
    %dup/vec4;
    %pushi/vec4 76, 0, 8;
    %cmp/u;
    %jmp/1 T_12.76, 6;
    %dup/vec4;
    %pushi/vec4 77, 0, 8;
    %cmp/u;
    %jmp/1 T_12.77, 6;
    %dup/vec4;
    %pushi/vec4 78, 0, 8;
    %cmp/u;
    %jmp/1 T_12.78, 6;
    %dup/vec4;
    %pushi/vec4 79, 0, 8;
    %cmp/u;
    %jmp/1 T_12.79, 6;
    %dup/vec4;
    %pushi/vec4 80, 0, 8;
    %cmp/u;
    %jmp/1 T_12.80, 6;
    %dup/vec4;
    %pushi/vec4 81, 0, 8;
    %cmp/u;
    %jmp/1 T_12.81, 6;
    %dup/vec4;
    %pushi/vec4 82, 0, 8;
    %cmp/u;
    %jmp/1 T_12.82, 6;
    %dup/vec4;
    %pushi/vec4 83, 0, 8;
    %cmp/u;
    %jmp/1 T_12.83, 6;
    %dup/vec4;
    %pushi/vec4 84, 0, 8;
    %cmp/u;
    %jmp/1 T_12.84, 6;
    %dup/vec4;
    %pushi/vec4 85, 0, 8;
    %cmp/u;
    %jmp/1 T_12.85, 6;
    %dup/vec4;
    %pushi/vec4 86, 0, 8;
    %cmp/u;
    %jmp/1 T_12.86, 6;
    %dup/vec4;
    %pushi/vec4 87, 0, 8;
    %cmp/u;
    %jmp/1 T_12.87, 6;
    %dup/vec4;
    %pushi/vec4 88, 0, 8;
    %cmp/u;
    %jmp/1 T_12.88, 6;
    %dup/vec4;
    %pushi/vec4 89, 0, 8;
    %cmp/u;
    %jmp/1 T_12.89, 6;
    %dup/vec4;
    %pushi/vec4 90, 0, 8;
    %cmp/u;
    %jmp/1 T_12.90, 6;
    %dup/vec4;
    %pushi/vec4 91, 0, 8;
    %cmp/u;
    %jmp/1 T_12.91, 6;
    %dup/vec4;
    %pushi/vec4 92, 0, 8;
    %cmp/u;
    %jmp/1 T_12.92, 6;
    %dup/vec4;
    %pushi/vec4 93, 0, 8;
    %cmp/u;
    %jmp/1 T_12.93, 6;
    %dup/vec4;
    %pushi/vec4 94, 0, 8;
    %cmp/u;
    %jmp/1 T_12.94, 6;
    %dup/vec4;
    %pushi/vec4 95, 0, 8;
    %cmp/u;
    %jmp/1 T_12.95, 6;
    %dup/vec4;
    %pushi/vec4 96, 0, 8;
    %cmp/u;
    %jmp/1 T_12.96, 6;
    %dup/vec4;
    %pushi/vec4 97, 0, 8;
    %cmp/u;
    %jmp/1 T_12.97, 6;
    %dup/vec4;
    %pushi/vec4 98, 0, 8;
    %cmp/u;
    %jmp/1 T_12.98, 6;
    %dup/vec4;
    %pushi/vec4 99, 0, 8;
    %cmp/u;
    %jmp/1 T_12.99, 6;
    %dup/vec4;
    %pushi/vec4 100, 0, 8;
    %cmp/u;
    %jmp/1 T_12.100, 6;
    %dup/vec4;
    %pushi/vec4 101, 0, 8;
    %cmp/u;
    %jmp/1 T_12.101, 6;
    %dup/vec4;
    %pushi/vec4 102, 0, 8;
    %cmp/u;
    %jmp/1 T_12.102, 6;
    %dup/vec4;
    %pushi/vec4 103, 0, 8;
    %cmp/u;
    %jmp/1 T_12.103, 6;
    %dup/vec4;
    %pushi/vec4 104, 0, 8;
    %cmp/u;
    %jmp/1 T_12.104, 6;
    %dup/vec4;
    %pushi/vec4 105, 0, 8;
    %cmp/u;
    %jmp/1 T_12.105, 6;
    %dup/vec4;
    %pushi/vec4 106, 0, 8;
    %cmp/u;
    %jmp/1 T_12.106, 6;
    %dup/vec4;
    %pushi/vec4 107, 0, 8;
    %cmp/u;
    %jmp/1 T_12.107, 6;
    %dup/vec4;
    %pushi/vec4 108, 0, 8;
    %cmp/u;
    %jmp/1 T_12.108, 6;
    %dup/vec4;
    %pushi/vec4 109, 0, 8;
    %cmp/u;
    %jmp/1 T_12.109, 6;
    %dup/vec4;
    %pushi/vec4 110, 0, 8;
    %cmp/u;
    %jmp/1 T_12.110, 6;
    %dup/vec4;
    %pushi/vec4 111, 0, 8;
    %cmp/u;
    %jmp/1 T_12.111, 6;
    %dup/vec4;
    %pushi/vec4 112, 0, 8;
    %cmp/u;
    %jmp/1 T_12.112, 6;
    %dup/vec4;
    %pushi/vec4 113, 0, 8;
    %cmp/u;
    %jmp/1 T_12.113, 6;
    %dup/vec4;
    %pushi/vec4 114, 0, 8;
    %cmp/u;
    %jmp/1 T_12.114, 6;
    %dup/vec4;
    %pushi/vec4 115, 0, 8;
    %cmp/u;
    %jmp/1 T_12.115, 6;
    %dup/vec4;
    %pushi/vec4 116, 0, 8;
    %cmp/u;
    %jmp/1 T_12.116, 6;
    %dup/vec4;
    %pushi/vec4 117, 0, 8;
    %cmp/u;
    %jmp/1 T_12.117, 6;
    %dup/vec4;
    %pushi/vec4 118, 0, 8;
    %cmp/u;
    %jmp/1 T_12.118, 6;
    %dup/vec4;
    %pushi/vec4 119, 0, 8;
    %cmp/u;
    %jmp/1 T_12.119, 6;
    %dup/vec4;
    %pushi/vec4 120, 0, 8;
    %cmp/u;
    %jmp/1 T_12.120, 6;
    %dup/vec4;
    %pushi/vec4 121, 0, 8;
    %cmp/u;
    %jmp/1 T_12.121, 6;
    %dup/vec4;
    %pushi/vec4 122, 0, 8;
    %cmp/u;
    %jmp/1 T_12.122, 6;
    %dup/vec4;
    %pushi/vec4 123, 0, 8;
    %cmp/u;
    %jmp/1 T_12.123, 6;
    %dup/vec4;
    %pushi/vec4 124, 0, 8;
    %cmp/u;
    %jmp/1 T_12.124, 6;
    %dup/vec4;
    %pushi/vec4 125, 0, 8;
    %cmp/u;
    %jmp/1 T_12.125, 6;
    %dup/vec4;
    %pushi/vec4 126, 0, 8;
    %cmp/u;
    %jmp/1 T_12.126, 6;
    %dup/vec4;
    %pushi/vec4 127, 0, 8;
    %cmp/u;
    %jmp/1 T_12.127, 6;
    %dup/vec4;
    %pushi/vec4 128, 0, 8;
    %cmp/u;
    %jmp/1 T_12.128, 6;
    %dup/vec4;
    %pushi/vec4 129, 0, 8;
    %cmp/u;
    %jmp/1 T_12.129, 6;
    %dup/vec4;
    %pushi/vec4 130, 0, 8;
    %cmp/u;
    %jmp/1 T_12.130, 6;
    %dup/vec4;
    %pushi/vec4 131, 0, 8;
    %cmp/u;
    %jmp/1 T_12.131, 6;
    %dup/vec4;
    %pushi/vec4 132, 0, 8;
    %cmp/u;
    %jmp/1 T_12.132, 6;
    %dup/vec4;
    %pushi/vec4 133, 0, 8;
    %cmp/u;
    %jmp/1 T_12.133, 6;
    %dup/vec4;
    %pushi/vec4 134, 0, 8;
    %cmp/u;
    %jmp/1 T_12.134, 6;
    %dup/vec4;
    %pushi/vec4 135, 0, 8;
    %cmp/u;
    %jmp/1 T_12.135, 6;
    %dup/vec4;
    %pushi/vec4 136, 0, 8;
    %cmp/u;
    %jmp/1 T_12.136, 6;
    %dup/vec4;
    %pushi/vec4 137, 0, 8;
    %cmp/u;
    %jmp/1 T_12.137, 6;
    %dup/vec4;
    %pushi/vec4 138, 0, 8;
    %cmp/u;
    %jmp/1 T_12.138, 6;
    %dup/vec4;
    %pushi/vec4 139, 0, 8;
    %cmp/u;
    %jmp/1 T_12.139, 6;
    %dup/vec4;
    %pushi/vec4 140, 0, 8;
    %cmp/u;
    %jmp/1 T_12.140, 6;
    %dup/vec4;
    %pushi/vec4 141, 0, 8;
    %cmp/u;
    %jmp/1 T_12.141, 6;
    %dup/vec4;
    %pushi/vec4 142, 0, 8;
    %cmp/u;
    %jmp/1 T_12.142, 6;
    %dup/vec4;
    %pushi/vec4 143, 0, 8;
    %cmp/u;
    %jmp/1 T_12.143, 6;
    %dup/vec4;
    %pushi/vec4 144, 0, 8;
    %cmp/u;
    %jmp/1 T_12.144, 6;
    %dup/vec4;
    %pushi/vec4 145, 0, 8;
    %cmp/u;
    %jmp/1 T_12.145, 6;
    %dup/vec4;
    %pushi/vec4 146, 0, 8;
    %cmp/u;
    %jmp/1 T_12.146, 6;
    %dup/vec4;
    %pushi/vec4 147, 0, 8;
    %cmp/u;
    %jmp/1 T_12.147, 6;
    %dup/vec4;
    %pushi/vec4 148, 0, 8;
    %cmp/u;
    %jmp/1 T_12.148, 6;
    %dup/vec4;
    %pushi/vec4 149, 0, 8;
    %cmp/u;
    %jmp/1 T_12.149, 6;
    %dup/vec4;
    %pushi/vec4 150, 0, 8;
    %cmp/u;
    %jmp/1 T_12.150, 6;
    %dup/vec4;
    %pushi/vec4 151, 0, 8;
    %cmp/u;
    %jmp/1 T_12.151, 6;
    %dup/vec4;
    %pushi/vec4 152, 0, 8;
    %cmp/u;
    %jmp/1 T_12.152, 6;
    %dup/vec4;
    %pushi/vec4 153, 0, 8;
    %cmp/u;
    %jmp/1 T_12.153, 6;
    %dup/vec4;
    %pushi/vec4 154, 0, 8;
    %cmp/u;
    %jmp/1 T_12.154, 6;
    %dup/vec4;
    %pushi/vec4 155, 0, 8;
    %cmp/u;
    %jmp/1 T_12.155, 6;
    %dup/vec4;
    %pushi/vec4 156, 0, 8;
    %cmp/u;
    %jmp/1 T_12.156, 6;
    %dup/vec4;
    %pushi/vec4 157, 0, 8;
    %cmp/u;
    %jmp/1 T_12.157, 6;
    %dup/vec4;
    %pushi/vec4 158, 0, 8;
    %cmp/u;
    %jmp/1 T_12.158, 6;
    %dup/vec4;
    %pushi/vec4 159, 0, 8;
    %cmp/u;
    %jmp/1 T_12.159, 6;
    %dup/vec4;
    %pushi/vec4 160, 0, 8;
    %cmp/u;
    %jmp/1 T_12.160, 6;
    %dup/vec4;
    %pushi/vec4 161, 0, 8;
    %cmp/u;
    %jmp/1 T_12.161, 6;
    %dup/vec4;
    %pushi/vec4 162, 0, 8;
    %cmp/u;
    %jmp/1 T_12.162, 6;
    %dup/vec4;
    %pushi/vec4 163, 0, 8;
    %cmp/u;
    %jmp/1 T_12.163, 6;
    %dup/vec4;
    %pushi/vec4 164, 0, 8;
    %cmp/u;
    %jmp/1 T_12.164, 6;
    %dup/vec4;
    %pushi/vec4 165, 0, 8;
    %cmp/u;
    %jmp/1 T_12.165, 6;
    %dup/vec4;
    %pushi/vec4 166, 0, 8;
    %cmp/u;
    %jmp/1 T_12.166, 6;
    %dup/vec4;
    %pushi/vec4 167, 0, 8;
    %cmp/u;
    %jmp/1 T_12.167, 6;
    %dup/vec4;
    %pushi/vec4 168, 0, 8;
    %cmp/u;
    %jmp/1 T_12.168, 6;
    %dup/vec4;
    %pushi/vec4 169, 0, 8;
    %cmp/u;
    %jmp/1 T_12.169, 6;
    %dup/vec4;
    %pushi/vec4 170, 0, 8;
    %cmp/u;
    %jmp/1 T_12.170, 6;
    %dup/vec4;
    %pushi/vec4 171, 0, 8;
    %cmp/u;
    %jmp/1 T_12.171, 6;
    %dup/vec4;
    %pushi/vec4 172, 0, 8;
    %cmp/u;
    %jmp/1 T_12.172, 6;
    %dup/vec4;
    %pushi/vec4 173, 0, 8;
    %cmp/u;
    %jmp/1 T_12.173, 6;
    %dup/vec4;
    %pushi/vec4 174, 0, 8;
    %cmp/u;
    %jmp/1 T_12.174, 6;
    %dup/vec4;
    %pushi/vec4 175, 0, 8;
    %cmp/u;
    %jmp/1 T_12.175, 6;
    %dup/vec4;
    %pushi/vec4 176, 0, 8;
    %cmp/u;
    %jmp/1 T_12.176, 6;
    %dup/vec4;
    %pushi/vec4 177, 0, 8;
    %cmp/u;
    %jmp/1 T_12.177, 6;
    %dup/vec4;
    %pushi/vec4 178, 0, 8;
    %cmp/u;
    %jmp/1 T_12.178, 6;
    %dup/vec4;
    %pushi/vec4 179, 0, 8;
    %cmp/u;
    %jmp/1 T_12.179, 6;
    %dup/vec4;
    %pushi/vec4 180, 0, 8;
    %cmp/u;
    %jmp/1 T_12.180, 6;
    %dup/vec4;
    %pushi/vec4 181, 0, 8;
    %cmp/u;
    %jmp/1 T_12.181, 6;
    %dup/vec4;
    %pushi/vec4 182, 0, 8;
    %cmp/u;
    %jmp/1 T_12.182, 6;
    %dup/vec4;
    %pushi/vec4 183, 0, 8;
    %cmp/u;
    %jmp/1 T_12.183, 6;
    %dup/vec4;
    %pushi/vec4 184, 0, 8;
    %cmp/u;
    %jmp/1 T_12.184, 6;
    %dup/vec4;
    %pushi/vec4 185, 0, 8;
    %cmp/u;
    %jmp/1 T_12.185, 6;
    %dup/vec4;
    %pushi/vec4 186, 0, 8;
    %cmp/u;
    %jmp/1 T_12.186, 6;
    %dup/vec4;
    %pushi/vec4 187, 0, 8;
    %cmp/u;
    %jmp/1 T_12.187, 6;
    %dup/vec4;
    %pushi/vec4 188, 0, 8;
    %cmp/u;
    %jmp/1 T_12.188, 6;
    %dup/vec4;
    %pushi/vec4 189, 0, 8;
    %cmp/u;
    %jmp/1 T_12.189, 6;
    %dup/vec4;
    %pushi/vec4 190, 0, 8;
    %cmp/u;
    %jmp/1 T_12.190, 6;
    %dup/vec4;
    %pushi/vec4 191, 0, 8;
    %cmp/u;
    %jmp/1 T_12.191, 6;
    %dup/vec4;
    %pushi/vec4 192, 0, 8;
    %cmp/u;
    %jmp/1 T_12.192, 6;
    %dup/vec4;
    %pushi/vec4 193, 0, 8;
    %cmp/u;
    %jmp/1 T_12.193, 6;
    %dup/vec4;
    %pushi/vec4 194, 0, 8;
    %cmp/u;
    %jmp/1 T_12.194, 6;
    %dup/vec4;
    %pushi/vec4 195, 0, 8;
    %cmp/u;
    %jmp/1 T_12.195, 6;
    %dup/vec4;
    %pushi/vec4 196, 0, 8;
    %cmp/u;
    %jmp/1 T_12.196, 6;
    %dup/vec4;
    %pushi/vec4 197, 0, 8;
    %cmp/u;
    %jmp/1 T_12.197, 6;
    %dup/vec4;
    %pushi/vec4 198, 0, 8;
    %cmp/u;
    %jmp/1 T_12.198, 6;
    %dup/vec4;
    %pushi/vec4 199, 0, 8;
    %cmp/u;
    %jmp/1 T_12.199, 6;
    %dup/vec4;
    %pushi/vec4 200, 0, 8;
    %cmp/u;
    %jmp/1 T_12.200, 6;
    %dup/vec4;
    %pushi/vec4 201, 0, 8;
    %cmp/u;
    %jmp/1 T_12.201, 6;
    %dup/vec4;
    %pushi/vec4 202, 0, 8;
    %cmp/u;
    %jmp/1 T_12.202, 6;
    %dup/vec4;
    %pushi/vec4 203, 0, 8;
    %cmp/u;
    %jmp/1 T_12.203, 6;
    %dup/vec4;
    %pushi/vec4 204, 0, 8;
    %cmp/u;
    %jmp/1 T_12.204, 6;
    %dup/vec4;
    %pushi/vec4 205, 0, 8;
    %cmp/u;
    %jmp/1 T_12.205, 6;
    %dup/vec4;
    %pushi/vec4 206, 0, 8;
    %cmp/u;
    %jmp/1 T_12.206, 6;
    %dup/vec4;
    %pushi/vec4 207, 0, 8;
    %cmp/u;
    %jmp/1 T_12.207, 6;
    %dup/vec4;
    %pushi/vec4 208, 0, 8;
    %cmp/u;
    %jmp/1 T_12.208, 6;
    %dup/vec4;
    %pushi/vec4 209, 0, 8;
    %cmp/u;
    %jmp/1 T_12.209, 6;
    %dup/vec4;
    %pushi/vec4 210, 0, 8;
    %cmp/u;
    %jmp/1 T_12.210, 6;
    %dup/vec4;
    %pushi/vec4 211, 0, 8;
    %cmp/u;
    %jmp/1 T_12.211, 6;
    %dup/vec4;
    %pushi/vec4 212, 0, 8;
    %cmp/u;
    %jmp/1 T_12.212, 6;
    %dup/vec4;
    %pushi/vec4 213, 0, 8;
    %cmp/u;
    %jmp/1 T_12.213, 6;
    %dup/vec4;
    %pushi/vec4 214, 0, 8;
    %cmp/u;
    %jmp/1 T_12.214, 6;
    %dup/vec4;
    %pushi/vec4 215, 0, 8;
    %cmp/u;
    %jmp/1 T_12.215, 6;
    %dup/vec4;
    %pushi/vec4 216, 0, 8;
    %cmp/u;
    %jmp/1 T_12.216, 6;
    %dup/vec4;
    %pushi/vec4 217, 0, 8;
    %cmp/u;
    %jmp/1 T_12.217, 6;
    %dup/vec4;
    %pushi/vec4 218, 0, 8;
    %cmp/u;
    %jmp/1 T_12.218, 6;
    %dup/vec4;
    %pushi/vec4 219, 0, 8;
    %cmp/u;
    %jmp/1 T_12.219, 6;
    %dup/vec4;
    %pushi/vec4 220, 0, 8;
    %cmp/u;
    %jmp/1 T_12.220, 6;
    %dup/vec4;
    %pushi/vec4 221, 0, 8;
    %cmp/u;
    %jmp/1 T_12.221, 6;
    %dup/vec4;
    %pushi/vec4 222, 0, 8;
    %cmp/u;
    %jmp/1 T_12.222, 6;
    %dup/vec4;
    %pushi/vec4 223, 0, 8;
    %cmp/u;
    %jmp/1 T_12.223, 6;
    %dup/vec4;
    %pushi/vec4 224, 0, 8;
    %cmp/u;
    %jmp/1 T_12.224, 6;
    %dup/vec4;
    %pushi/vec4 225, 0, 8;
    %cmp/u;
    %jmp/1 T_12.225, 6;
    %dup/vec4;
    %pushi/vec4 226, 0, 8;
    %cmp/u;
    %jmp/1 T_12.226, 6;
    %dup/vec4;
    %pushi/vec4 227, 0, 8;
    %cmp/u;
    %jmp/1 T_12.227, 6;
    %dup/vec4;
    %pushi/vec4 228, 0, 8;
    %cmp/u;
    %jmp/1 T_12.228, 6;
    %dup/vec4;
    %pushi/vec4 229, 0, 8;
    %cmp/u;
    %jmp/1 T_12.229, 6;
    %dup/vec4;
    %pushi/vec4 230, 0, 8;
    %cmp/u;
    %jmp/1 T_12.230, 6;
    %dup/vec4;
    %pushi/vec4 231, 0, 8;
    %cmp/u;
    %jmp/1 T_12.231, 6;
    %dup/vec4;
    %pushi/vec4 232, 0, 8;
    %cmp/u;
    %jmp/1 T_12.232, 6;
    %dup/vec4;
    %pushi/vec4 233, 0, 8;
    %cmp/u;
    %jmp/1 T_12.233, 6;
    %dup/vec4;
    %pushi/vec4 234, 0, 8;
    %cmp/u;
    %jmp/1 T_12.234, 6;
    %dup/vec4;
    %pushi/vec4 235, 0, 8;
    %cmp/u;
    %jmp/1 T_12.235, 6;
    %dup/vec4;
    %pushi/vec4 236, 0, 8;
    %cmp/u;
    %jmp/1 T_12.236, 6;
    %dup/vec4;
    %pushi/vec4 237, 0, 8;
    %cmp/u;
    %jmp/1 T_12.237, 6;
    %dup/vec4;
    %pushi/vec4 238, 0, 8;
    %cmp/u;
    %jmp/1 T_12.238, 6;
    %dup/vec4;
    %pushi/vec4 239, 0, 8;
    %cmp/u;
    %jmp/1 T_12.239, 6;
    %dup/vec4;
    %pushi/vec4 240, 0, 8;
    %cmp/u;
    %jmp/1 T_12.240, 6;
    %dup/vec4;
    %pushi/vec4 241, 0, 8;
    %cmp/u;
    %jmp/1 T_12.241, 6;
    %dup/vec4;
    %pushi/vec4 242, 0, 8;
    %cmp/u;
    %jmp/1 T_12.242, 6;
    %dup/vec4;
    %pushi/vec4 243, 0, 8;
    %cmp/u;
    %jmp/1 T_12.243, 6;
    %dup/vec4;
    %pushi/vec4 244, 0, 8;
    %cmp/u;
    %jmp/1 T_12.244, 6;
    %dup/vec4;
    %pushi/vec4 245, 0, 8;
    %cmp/u;
    %jmp/1 T_12.245, 6;
    %dup/vec4;
    %pushi/vec4 246, 0, 8;
    %cmp/u;
    %jmp/1 T_12.246, 6;
    %dup/vec4;
    %pushi/vec4 247, 0, 8;
    %cmp/u;
    %jmp/1 T_12.247, 6;
    %dup/vec4;
    %pushi/vec4 248, 0, 8;
    %cmp/u;
    %jmp/1 T_12.248, 6;
    %dup/vec4;
    %pushi/vec4 249, 0, 8;
    %cmp/u;
    %jmp/1 T_12.249, 6;
    %dup/vec4;
    %pushi/vec4 250, 0, 8;
    %cmp/u;
    %jmp/1 T_12.250, 6;
    %dup/vec4;
    %pushi/vec4 251, 0, 8;
    %cmp/u;
    %jmp/1 T_12.251, 6;
    %dup/vec4;
    %pushi/vec4 252, 0, 8;
    %cmp/u;
    %jmp/1 T_12.252, 6;
    %dup/vec4;
    %pushi/vec4 253, 0, 8;
    %cmp/u;
    %jmp/1 T_12.253, 6;
    %dup/vec4;
    %pushi/vec4 254, 0, 8;
    %cmp/u;
    %jmp/1 T_12.254, 6;
    %dup/vec4;
    %pushi/vec4 255, 0, 8;
    %cmp/u;
    %jmp/1 T_12.255, 6;
    %jmp T_12.256;
T_12.0 ;
    %pushi/vec4 99, 0, 8;
    %store/vec4 v000001f3eeb3c710_0, 0, 8;
    %jmp T_12.256;
T_12.1 ;
    %pushi/vec4 124, 0, 8;
    %store/vec4 v000001f3eeb3c710_0, 0, 8;
    %jmp T_12.256;
T_12.2 ;
    %pushi/vec4 119, 0, 8;
    %store/vec4 v000001f3eeb3c710_0, 0, 8;
    %jmp T_12.256;
T_12.3 ;
    %pushi/vec4 123, 0, 8;
    %store/vec4 v000001f3eeb3c710_0, 0, 8;
    %jmp T_12.256;
T_12.4 ;
    %pushi/vec4 242, 0, 8;
    %store/vec4 v000001f3eeb3c710_0, 0, 8;
    %jmp T_12.256;
T_12.5 ;
    %pushi/vec4 107, 0, 8;
    %store/vec4 v000001f3eeb3c710_0, 0, 8;
    %jmp T_12.256;
T_12.6 ;
    %pushi/vec4 111, 0, 8;
    %store/vec4 v000001f3eeb3c710_0, 0, 8;
    %jmp T_12.256;
T_12.7 ;
    %pushi/vec4 197, 0, 8;
    %store/vec4 v000001f3eeb3c710_0, 0, 8;
    %jmp T_12.256;
T_12.8 ;
    %pushi/vec4 48, 0, 8;
    %store/vec4 v000001f3eeb3c710_0, 0, 8;
    %jmp T_12.256;
T_12.9 ;
    %pushi/vec4 1, 0, 8;
    %store/vec4 v000001f3eeb3c710_0, 0, 8;
    %jmp T_12.256;
T_12.10 ;
    %pushi/vec4 103, 0, 8;
    %store/vec4 v000001f3eeb3c710_0, 0, 8;
    %jmp T_12.256;
T_12.11 ;
    %pushi/vec4 43, 0, 8;
    %store/vec4 v000001f3eeb3c710_0, 0, 8;
    %jmp T_12.256;
T_12.12 ;
    %pushi/vec4 254, 0, 8;
    %store/vec4 v000001f3eeb3c710_0, 0, 8;
    %jmp T_12.256;
T_12.13 ;
    %pushi/vec4 215, 0, 8;
    %store/vec4 v000001f3eeb3c710_0, 0, 8;
    %jmp T_12.256;
T_12.14 ;
    %pushi/vec4 171, 0, 8;
    %store/vec4 v000001f3eeb3c710_0, 0, 8;
    %jmp T_12.256;
T_12.15 ;
    %pushi/vec4 118, 0, 8;
    %store/vec4 v000001f3eeb3c710_0, 0, 8;
    %jmp T_12.256;
T_12.16 ;
    %pushi/vec4 202, 0, 8;
    %store/vec4 v000001f3eeb3c710_0, 0, 8;
    %jmp T_12.256;
T_12.17 ;
    %pushi/vec4 130, 0, 8;
    %store/vec4 v000001f3eeb3c710_0, 0, 8;
    %jmp T_12.256;
T_12.18 ;
    %pushi/vec4 201, 0, 8;
    %store/vec4 v000001f3eeb3c710_0, 0, 8;
    %jmp T_12.256;
T_12.19 ;
    %pushi/vec4 125, 0, 8;
    %store/vec4 v000001f3eeb3c710_0, 0, 8;
    %jmp T_12.256;
T_12.20 ;
    %pushi/vec4 250, 0, 8;
    %store/vec4 v000001f3eeb3c710_0, 0, 8;
    %jmp T_12.256;
T_12.21 ;
    %pushi/vec4 89, 0, 8;
    %store/vec4 v000001f3eeb3c710_0, 0, 8;
    %jmp T_12.256;
T_12.22 ;
    %pushi/vec4 71, 0, 8;
    %store/vec4 v000001f3eeb3c710_0, 0, 8;
    %jmp T_12.256;
T_12.23 ;
    %pushi/vec4 240, 0, 8;
    %store/vec4 v000001f3eeb3c710_0, 0, 8;
    %jmp T_12.256;
T_12.24 ;
    %pushi/vec4 173, 0, 8;
    %store/vec4 v000001f3eeb3c710_0, 0, 8;
    %jmp T_12.256;
T_12.25 ;
    %pushi/vec4 212, 0, 8;
    %store/vec4 v000001f3eeb3c710_0, 0, 8;
    %jmp T_12.256;
T_12.26 ;
    %pushi/vec4 162, 0, 8;
    %store/vec4 v000001f3eeb3c710_0, 0, 8;
    %jmp T_12.256;
T_12.27 ;
    %pushi/vec4 175, 0, 8;
    %store/vec4 v000001f3eeb3c710_0, 0, 8;
    %jmp T_12.256;
T_12.28 ;
    %pushi/vec4 156, 0, 8;
    %store/vec4 v000001f3eeb3c710_0, 0, 8;
    %jmp T_12.256;
T_12.29 ;
    %pushi/vec4 164, 0, 8;
    %store/vec4 v000001f3eeb3c710_0, 0, 8;
    %jmp T_12.256;
T_12.30 ;
    %pushi/vec4 114, 0, 8;
    %store/vec4 v000001f3eeb3c710_0, 0, 8;
    %jmp T_12.256;
T_12.31 ;
    %pushi/vec4 192, 0, 8;
    %store/vec4 v000001f3eeb3c710_0, 0, 8;
    %jmp T_12.256;
T_12.32 ;
    %pushi/vec4 183, 0, 8;
    %store/vec4 v000001f3eeb3c710_0, 0, 8;
    %jmp T_12.256;
T_12.33 ;
    %pushi/vec4 253, 0, 8;
    %store/vec4 v000001f3eeb3c710_0, 0, 8;
    %jmp T_12.256;
T_12.34 ;
    %pushi/vec4 147, 0, 8;
    %store/vec4 v000001f3eeb3c710_0, 0, 8;
    %jmp T_12.256;
T_12.35 ;
    %pushi/vec4 38, 0, 8;
    %store/vec4 v000001f3eeb3c710_0, 0, 8;
    %jmp T_12.256;
T_12.36 ;
    %pushi/vec4 54, 0, 8;
    %store/vec4 v000001f3eeb3c710_0, 0, 8;
    %jmp T_12.256;
T_12.37 ;
    %pushi/vec4 63, 0, 8;
    %store/vec4 v000001f3eeb3c710_0, 0, 8;
    %jmp T_12.256;
T_12.38 ;
    %pushi/vec4 247, 0, 8;
    %store/vec4 v000001f3eeb3c710_0, 0, 8;
    %jmp T_12.256;
T_12.39 ;
    %pushi/vec4 204, 0, 8;
    %store/vec4 v000001f3eeb3c710_0, 0, 8;
    %jmp T_12.256;
T_12.40 ;
    %pushi/vec4 52, 0, 8;
    %store/vec4 v000001f3eeb3c710_0, 0, 8;
    %jmp T_12.256;
T_12.41 ;
    %pushi/vec4 165, 0, 8;
    %store/vec4 v000001f3eeb3c710_0, 0, 8;
    %jmp T_12.256;
T_12.42 ;
    %pushi/vec4 229, 0, 8;
    %store/vec4 v000001f3eeb3c710_0, 0, 8;
    %jmp T_12.256;
T_12.43 ;
    %pushi/vec4 241, 0, 8;
    %store/vec4 v000001f3eeb3c710_0, 0, 8;
    %jmp T_12.256;
T_12.44 ;
    %pushi/vec4 113, 0, 8;
    %store/vec4 v000001f3eeb3c710_0, 0, 8;
    %jmp T_12.256;
T_12.45 ;
    %pushi/vec4 216, 0, 8;
    %store/vec4 v000001f3eeb3c710_0, 0, 8;
    %jmp T_12.256;
T_12.46 ;
    %pushi/vec4 49, 0, 8;
    %store/vec4 v000001f3eeb3c710_0, 0, 8;
    %jmp T_12.256;
T_12.47 ;
    %pushi/vec4 21, 0, 8;
    %store/vec4 v000001f3eeb3c710_0, 0, 8;
    %jmp T_12.256;
T_12.48 ;
    %pushi/vec4 4, 0, 8;
    %store/vec4 v000001f3eeb3c710_0, 0, 8;
    %jmp T_12.256;
T_12.49 ;
    %pushi/vec4 199, 0, 8;
    %store/vec4 v000001f3eeb3c710_0, 0, 8;
    %jmp T_12.256;
T_12.50 ;
    %pushi/vec4 35, 0, 8;
    %store/vec4 v000001f3eeb3c710_0, 0, 8;
    %jmp T_12.256;
T_12.51 ;
    %pushi/vec4 195, 0, 8;
    %store/vec4 v000001f3eeb3c710_0, 0, 8;
    %jmp T_12.256;
T_12.52 ;
    %pushi/vec4 24, 0, 8;
    %store/vec4 v000001f3eeb3c710_0, 0, 8;
    %jmp T_12.256;
T_12.53 ;
    %pushi/vec4 150, 0, 8;
    %store/vec4 v000001f3eeb3c710_0, 0, 8;
    %jmp T_12.256;
T_12.54 ;
    %pushi/vec4 5, 0, 8;
    %store/vec4 v000001f3eeb3c710_0, 0, 8;
    %jmp T_12.256;
T_12.55 ;
    %pushi/vec4 154, 0, 8;
    %store/vec4 v000001f3eeb3c710_0, 0, 8;
    %jmp T_12.256;
T_12.56 ;
    %pushi/vec4 7, 0, 8;
    %store/vec4 v000001f3eeb3c710_0, 0, 8;
    %jmp T_12.256;
T_12.57 ;
    %pushi/vec4 18, 0, 8;
    %store/vec4 v000001f3eeb3c710_0, 0, 8;
    %jmp T_12.256;
T_12.58 ;
    %pushi/vec4 128, 0, 8;
    %store/vec4 v000001f3eeb3c710_0, 0, 8;
    %jmp T_12.256;
T_12.59 ;
    %pushi/vec4 226, 0, 8;
    %store/vec4 v000001f3eeb3c710_0, 0, 8;
    %jmp T_12.256;
T_12.60 ;
    %pushi/vec4 235, 0, 8;
    %store/vec4 v000001f3eeb3c710_0, 0, 8;
    %jmp T_12.256;
T_12.61 ;
    %pushi/vec4 39, 0, 8;
    %store/vec4 v000001f3eeb3c710_0, 0, 8;
    %jmp T_12.256;
T_12.62 ;
    %pushi/vec4 178, 0, 8;
    %store/vec4 v000001f3eeb3c710_0, 0, 8;
    %jmp T_12.256;
T_12.63 ;
    %pushi/vec4 117, 0, 8;
    %store/vec4 v000001f3eeb3c710_0, 0, 8;
    %jmp T_12.256;
T_12.64 ;
    %pushi/vec4 9, 0, 8;
    %store/vec4 v000001f3eeb3c710_0, 0, 8;
    %jmp T_12.256;
T_12.65 ;
    %pushi/vec4 131, 0, 8;
    %store/vec4 v000001f3eeb3c710_0, 0, 8;
    %jmp T_12.256;
T_12.66 ;
    %pushi/vec4 44, 0, 8;
    %store/vec4 v000001f3eeb3c710_0, 0, 8;
    %jmp T_12.256;
T_12.67 ;
    %pushi/vec4 26, 0, 8;
    %store/vec4 v000001f3eeb3c710_0, 0, 8;
    %jmp T_12.256;
T_12.68 ;
    %pushi/vec4 27, 0, 8;
    %store/vec4 v000001f3eeb3c710_0, 0, 8;
    %jmp T_12.256;
T_12.69 ;
    %pushi/vec4 110, 0, 8;
    %store/vec4 v000001f3eeb3c710_0, 0, 8;
    %jmp T_12.256;
T_12.70 ;
    %pushi/vec4 90, 0, 8;
    %store/vec4 v000001f3eeb3c710_0, 0, 8;
    %jmp T_12.256;
T_12.71 ;
    %pushi/vec4 160, 0, 8;
    %store/vec4 v000001f3eeb3c710_0, 0, 8;
    %jmp T_12.256;
T_12.72 ;
    %pushi/vec4 82, 0, 8;
    %store/vec4 v000001f3eeb3c710_0, 0, 8;
    %jmp T_12.256;
T_12.73 ;
    %pushi/vec4 59, 0, 8;
    %store/vec4 v000001f3eeb3c710_0, 0, 8;
    %jmp T_12.256;
T_12.74 ;
    %pushi/vec4 214, 0, 8;
    %store/vec4 v000001f3eeb3c710_0, 0, 8;
    %jmp T_12.256;
T_12.75 ;
    %pushi/vec4 179, 0, 8;
    %store/vec4 v000001f3eeb3c710_0, 0, 8;
    %jmp T_12.256;
T_12.76 ;
    %pushi/vec4 41, 0, 8;
    %store/vec4 v000001f3eeb3c710_0, 0, 8;
    %jmp T_12.256;
T_12.77 ;
    %pushi/vec4 227, 0, 8;
    %store/vec4 v000001f3eeb3c710_0, 0, 8;
    %jmp T_12.256;
T_12.78 ;
    %pushi/vec4 47, 0, 8;
    %store/vec4 v000001f3eeb3c710_0, 0, 8;
    %jmp T_12.256;
T_12.79 ;
    %pushi/vec4 132, 0, 8;
    %store/vec4 v000001f3eeb3c710_0, 0, 8;
    %jmp T_12.256;
T_12.80 ;
    %pushi/vec4 83, 0, 8;
    %store/vec4 v000001f3eeb3c710_0, 0, 8;
    %jmp T_12.256;
T_12.81 ;
    %pushi/vec4 209, 0, 8;
    %store/vec4 v000001f3eeb3c710_0, 0, 8;
    %jmp T_12.256;
T_12.82 ;
    %pushi/vec4 0, 0, 8;
    %store/vec4 v000001f3eeb3c710_0, 0, 8;
    %jmp T_12.256;
T_12.83 ;
    %pushi/vec4 237, 0, 8;
    %store/vec4 v000001f3eeb3c710_0, 0, 8;
    %jmp T_12.256;
T_12.84 ;
    %pushi/vec4 32, 0, 8;
    %store/vec4 v000001f3eeb3c710_0, 0, 8;
    %jmp T_12.256;
T_12.85 ;
    %pushi/vec4 252, 0, 8;
    %store/vec4 v000001f3eeb3c710_0, 0, 8;
    %jmp T_12.256;
T_12.86 ;
    %pushi/vec4 177, 0, 8;
    %store/vec4 v000001f3eeb3c710_0, 0, 8;
    %jmp T_12.256;
T_12.87 ;
    %pushi/vec4 91, 0, 8;
    %store/vec4 v000001f3eeb3c710_0, 0, 8;
    %jmp T_12.256;
T_12.88 ;
    %pushi/vec4 106, 0, 8;
    %store/vec4 v000001f3eeb3c710_0, 0, 8;
    %jmp T_12.256;
T_12.89 ;
    %pushi/vec4 203, 0, 8;
    %store/vec4 v000001f3eeb3c710_0, 0, 8;
    %jmp T_12.256;
T_12.90 ;
    %pushi/vec4 190, 0, 8;
    %store/vec4 v000001f3eeb3c710_0, 0, 8;
    %jmp T_12.256;
T_12.91 ;
    %pushi/vec4 57, 0, 8;
    %store/vec4 v000001f3eeb3c710_0, 0, 8;
    %jmp T_12.256;
T_12.92 ;
    %pushi/vec4 74, 0, 8;
    %store/vec4 v000001f3eeb3c710_0, 0, 8;
    %jmp T_12.256;
T_12.93 ;
    %pushi/vec4 76, 0, 8;
    %store/vec4 v000001f3eeb3c710_0, 0, 8;
    %jmp T_12.256;
T_12.94 ;
    %pushi/vec4 88, 0, 8;
    %store/vec4 v000001f3eeb3c710_0, 0, 8;
    %jmp T_12.256;
T_12.95 ;
    %pushi/vec4 207, 0, 8;
    %store/vec4 v000001f3eeb3c710_0, 0, 8;
    %jmp T_12.256;
T_12.96 ;
    %pushi/vec4 208, 0, 8;
    %store/vec4 v000001f3eeb3c710_0, 0, 8;
    %jmp T_12.256;
T_12.97 ;
    %pushi/vec4 239, 0, 8;
    %store/vec4 v000001f3eeb3c710_0, 0, 8;
    %jmp T_12.256;
T_12.98 ;
    %pushi/vec4 170, 0, 8;
    %store/vec4 v000001f3eeb3c710_0, 0, 8;
    %jmp T_12.256;
T_12.99 ;
    %pushi/vec4 251, 0, 8;
    %store/vec4 v000001f3eeb3c710_0, 0, 8;
    %jmp T_12.256;
T_12.100 ;
    %pushi/vec4 67, 0, 8;
    %store/vec4 v000001f3eeb3c710_0, 0, 8;
    %jmp T_12.256;
T_12.101 ;
    %pushi/vec4 77, 0, 8;
    %store/vec4 v000001f3eeb3c710_0, 0, 8;
    %jmp T_12.256;
T_12.102 ;
    %pushi/vec4 51, 0, 8;
    %store/vec4 v000001f3eeb3c710_0, 0, 8;
    %jmp T_12.256;
T_12.103 ;
    %pushi/vec4 133, 0, 8;
    %store/vec4 v000001f3eeb3c710_0, 0, 8;
    %jmp T_12.256;
T_12.104 ;
    %pushi/vec4 69, 0, 8;
    %store/vec4 v000001f3eeb3c710_0, 0, 8;
    %jmp T_12.256;
T_12.105 ;
    %pushi/vec4 249, 0, 8;
    %store/vec4 v000001f3eeb3c710_0, 0, 8;
    %jmp T_12.256;
T_12.106 ;
    %pushi/vec4 2, 0, 8;
    %store/vec4 v000001f3eeb3c710_0, 0, 8;
    %jmp T_12.256;
T_12.107 ;
    %pushi/vec4 127, 0, 8;
    %store/vec4 v000001f3eeb3c710_0, 0, 8;
    %jmp T_12.256;
T_12.108 ;
    %pushi/vec4 80, 0, 8;
    %store/vec4 v000001f3eeb3c710_0, 0, 8;
    %jmp T_12.256;
T_12.109 ;
    %pushi/vec4 60, 0, 8;
    %store/vec4 v000001f3eeb3c710_0, 0, 8;
    %jmp T_12.256;
T_12.110 ;
    %pushi/vec4 159, 0, 8;
    %store/vec4 v000001f3eeb3c710_0, 0, 8;
    %jmp T_12.256;
T_12.111 ;
    %pushi/vec4 168, 0, 8;
    %store/vec4 v000001f3eeb3c710_0, 0, 8;
    %jmp T_12.256;
T_12.112 ;
    %pushi/vec4 81, 0, 8;
    %store/vec4 v000001f3eeb3c710_0, 0, 8;
    %jmp T_12.256;
T_12.113 ;
    %pushi/vec4 163, 0, 8;
    %store/vec4 v000001f3eeb3c710_0, 0, 8;
    %jmp T_12.256;
T_12.114 ;
    %pushi/vec4 64, 0, 8;
    %store/vec4 v000001f3eeb3c710_0, 0, 8;
    %jmp T_12.256;
T_12.115 ;
    %pushi/vec4 143, 0, 8;
    %store/vec4 v000001f3eeb3c710_0, 0, 8;
    %jmp T_12.256;
T_12.116 ;
    %pushi/vec4 146, 0, 8;
    %store/vec4 v000001f3eeb3c710_0, 0, 8;
    %jmp T_12.256;
T_12.117 ;
    %pushi/vec4 157, 0, 8;
    %store/vec4 v000001f3eeb3c710_0, 0, 8;
    %jmp T_12.256;
T_12.118 ;
    %pushi/vec4 56, 0, 8;
    %store/vec4 v000001f3eeb3c710_0, 0, 8;
    %jmp T_12.256;
T_12.119 ;
    %pushi/vec4 245, 0, 8;
    %store/vec4 v000001f3eeb3c710_0, 0, 8;
    %jmp T_12.256;
T_12.120 ;
    %pushi/vec4 188, 0, 8;
    %store/vec4 v000001f3eeb3c710_0, 0, 8;
    %jmp T_12.256;
T_12.121 ;
    %pushi/vec4 182, 0, 8;
    %store/vec4 v000001f3eeb3c710_0, 0, 8;
    %jmp T_12.256;
T_12.122 ;
    %pushi/vec4 218, 0, 8;
    %store/vec4 v000001f3eeb3c710_0, 0, 8;
    %jmp T_12.256;
T_12.123 ;
    %pushi/vec4 33, 0, 8;
    %store/vec4 v000001f3eeb3c710_0, 0, 8;
    %jmp T_12.256;
T_12.124 ;
    %pushi/vec4 16, 0, 8;
    %store/vec4 v000001f3eeb3c710_0, 0, 8;
    %jmp T_12.256;
T_12.125 ;
    %pushi/vec4 255, 0, 8;
    %store/vec4 v000001f3eeb3c710_0, 0, 8;
    %jmp T_12.256;
T_12.126 ;
    %pushi/vec4 243, 0, 8;
    %store/vec4 v000001f3eeb3c710_0, 0, 8;
    %jmp T_12.256;
T_12.127 ;
    %pushi/vec4 210, 0, 8;
    %store/vec4 v000001f3eeb3c710_0, 0, 8;
    %jmp T_12.256;
T_12.128 ;
    %pushi/vec4 205, 0, 8;
    %store/vec4 v000001f3eeb3c710_0, 0, 8;
    %jmp T_12.256;
T_12.129 ;
    %pushi/vec4 12, 0, 8;
    %store/vec4 v000001f3eeb3c710_0, 0, 8;
    %jmp T_12.256;
T_12.130 ;
    %pushi/vec4 19, 0, 8;
    %store/vec4 v000001f3eeb3c710_0, 0, 8;
    %jmp T_12.256;
T_12.131 ;
    %pushi/vec4 236, 0, 8;
    %store/vec4 v000001f3eeb3c710_0, 0, 8;
    %jmp T_12.256;
T_12.132 ;
    %pushi/vec4 95, 0, 8;
    %store/vec4 v000001f3eeb3c710_0, 0, 8;
    %jmp T_12.256;
T_12.133 ;
    %pushi/vec4 151, 0, 8;
    %store/vec4 v000001f3eeb3c710_0, 0, 8;
    %jmp T_12.256;
T_12.134 ;
    %pushi/vec4 68, 0, 8;
    %store/vec4 v000001f3eeb3c710_0, 0, 8;
    %jmp T_12.256;
T_12.135 ;
    %pushi/vec4 23, 0, 8;
    %store/vec4 v000001f3eeb3c710_0, 0, 8;
    %jmp T_12.256;
T_12.136 ;
    %pushi/vec4 196, 0, 8;
    %store/vec4 v000001f3eeb3c710_0, 0, 8;
    %jmp T_12.256;
T_12.137 ;
    %pushi/vec4 167, 0, 8;
    %store/vec4 v000001f3eeb3c710_0, 0, 8;
    %jmp T_12.256;
T_12.138 ;
    %pushi/vec4 126, 0, 8;
    %store/vec4 v000001f3eeb3c710_0, 0, 8;
    %jmp T_12.256;
T_12.139 ;
    %pushi/vec4 61, 0, 8;
    %store/vec4 v000001f3eeb3c710_0, 0, 8;
    %jmp T_12.256;
T_12.140 ;
    %pushi/vec4 100, 0, 8;
    %store/vec4 v000001f3eeb3c710_0, 0, 8;
    %jmp T_12.256;
T_12.141 ;
    %pushi/vec4 93, 0, 8;
    %store/vec4 v000001f3eeb3c710_0, 0, 8;
    %jmp T_12.256;
T_12.142 ;
    %pushi/vec4 25, 0, 8;
    %store/vec4 v000001f3eeb3c710_0, 0, 8;
    %jmp T_12.256;
T_12.143 ;
    %pushi/vec4 115, 0, 8;
    %store/vec4 v000001f3eeb3c710_0, 0, 8;
    %jmp T_12.256;
T_12.144 ;
    %pushi/vec4 96, 0, 8;
    %store/vec4 v000001f3eeb3c710_0, 0, 8;
    %jmp T_12.256;
T_12.145 ;
    %pushi/vec4 129, 0, 8;
    %store/vec4 v000001f3eeb3c710_0, 0, 8;
    %jmp T_12.256;
T_12.146 ;
    %pushi/vec4 79, 0, 8;
    %store/vec4 v000001f3eeb3c710_0, 0, 8;
    %jmp T_12.256;
T_12.147 ;
    %pushi/vec4 220, 0, 8;
    %store/vec4 v000001f3eeb3c710_0, 0, 8;
    %jmp T_12.256;
T_12.148 ;
    %pushi/vec4 34, 0, 8;
    %store/vec4 v000001f3eeb3c710_0, 0, 8;
    %jmp T_12.256;
T_12.149 ;
    %pushi/vec4 42, 0, 8;
    %store/vec4 v000001f3eeb3c710_0, 0, 8;
    %jmp T_12.256;
T_12.150 ;
    %pushi/vec4 144, 0, 8;
    %store/vec4 v000001f3eeb3c710_0, 0, 8;
    %jmp T_12.256;
T_12.151 ;
    %pushi/vec4 136, 0, 8;
    %store/vec4 v000001f3eeb3c710_0, 0, 8;
    %jmp T_12.256;
T_12.152 ;
    %pushi/vec4 70, 0, 8;
    %store/vec4 v000001f3eeb3c710_0, 0, 8;
    %jmp T_12.256;
T_12.153 ;
    %pushi/vec4 238, 0, 8;
    %store/vec4 v000001f3eeb3c710_0, 0, 8;
    %jmp T_12.256;
T_12.154 ;
    %pushi/vec4 184, 0, 8;
    %store/vec4 v000001f3eeb3c710_0, 0, 8;
    %jmp T_12.256;
T_12.155 ;
    %pushi/vec4 20, 0, 8;
    %store/vec4 v000001f3eeb3c710_0, 0, 8;
    %jmp T_12.256;
T_12.156 ;
    %pushi/vec4 222, 0, 8;
    %store/vec4 v000001f3eeb3c710_0, 0, 8;
    %jmp T_12.256;
T_12.157 ;
    %pushi/vec4 94, 0, 8;
    %store/vec4 v000001f3eeb3c710_0, 0, 8;
    %jmp T_12.256;
T_12.158 ;
    %pushi/vec4 11, 0, 8;
    %store/vec4 v000001f3eeb3c710_0, 0, 8;
    %jmp T_12.256;
T_12.159 ;
    %pushi/vec4 219, 0, 8;
    %store/vec4 v000001f3eeb3c710_0, 0, 8;
    %jmp T_12.256;
T_12.160 ;
    %pushi/vec4 224, 0, 8;
    %store/vec4 v000001f3eeb3c710_0, 0, 8;
    %jmp T_12.256;
T_12.161 ;
    %pushi/vec4 50, 0, 8;
    %store/vec4 v000001f3eeb3c710_0, 0, 8;
    %jmp T_12.256;
T_12.162 ;
    %pushi/vec4 58, 0, 8;
    %store/vec4 v000001f3eeb3c710_0, 0, 8;
    %jmp T_12.256;
T_12.163 ;
    %pushi/vec4 10, 0, 8;
    %store/vec4 v000001f3eeb3c710_0, 0, 8;
    %jmp T_12.256;
T_12.164 ;
    %pushi/vec4 73, 0, 8;
    %store/vec4 v000001f3eeb3c710_0, 0, 8;
    %jmp T_12.256;
T_12.165 ;
    %pushi/vec4 6, 0, 8;
    %store/vec4 v000001f3eeb3c710_0, 0, 8;
    %jmp T_12.256;
T_12.166 ;
    %pushi/vec4 36, 0, 8;
    %store/vec4 v000001f3eeb3c710_0, 0, 8;
    %jmp T_12.256;
T_12.167 ;
    %pushi/vec4 92, 0, 8;
    %store/vec4 v000001f3eeb3c710_0, 0, 8;
    %jmp T_12.256;
T_12.168 ;
    %pushi/vec4 194, 0, 8;
    %store/vec4 v000001f3eeb3c710_0, 0, 8;
    %jmp T_12.256;
T_12.169 ;
    %pushi/vec4 211, 0, 8;
    %store/vec4 v000001f3eeb3c710_0, 0, 8;
    %jmp T_12.256;
T_12.170 ;
    %pushi/vec4 172, 0, 8;
    %store/vec4 v000001f3eeb3c710_0, 0, 8;
    %jmp T_12.256;
T_12.171 ;
    %pushi/vec4 98, 0, 8;
    %store/vec4 v000001f3eeb3c710_0, 0, 8;
    %jmp T_12.256;
T_12.172 ;
    %pushi/vec4 145, 0, 8;
    %store/vec4 v000001f3eeb3c710_0, 0, 8;
    %jmp T_12.256;
T_12.173 ;
    %pushi/vec4 149, 0, 8;
    %store/vec4 v000001f3eeb3c710_0, 0, 8;
    %jmp T_12.256;
T_12.174 ;
    %pushi/vec4 228, 0, 8;
    %store/vec4 v000001f3eeb3c710_0, 0, 8;
    %jmp T_12.256;
T_12.175 ;
    %pushi/vec4 121, 0, 8;
    %store/vec4 v000001f3eeb3c710_0, 0, 8;
    %jmp T_12.256;
T_12.176 ;
    %pushi/vec4 231, 0, 8;
    %store/vec4 v000001f3eeb3c710_0, 0, 8;
    %jmp T_12.256;
T_12.177 ;
    %pushi/vec4 200, 0, 8;
    %store/vec4 v000001f3eeb3c710_0, 0, 8;
    %jmp T_12.256;
T_12.178 ;
    %pushi/vec4 55, 0, 8;
    %store/vec4 v000001f3eeb3c710_0, 0, 8;
    %jmp T_12.256;
T_12.179 ;
    %pushi/vec4 109, 0, 8;
    %store/vec4 v000001f3eeb3c710_0, 0, 8;
    %jmp T_12.256;
T_12.180 ;
    %pushi/vec4 141, 0, 8;
    %store/vec4 v000001f3eeb3c710_0, 0, 8;
    %jmp T_12.256;
T_12.181 ;
    %pushi/vec4 213, 0, 8;
    %store/vec4 v000001f3eeb3c710_0, 0, 8;
    %jmp T_12.256;
T_12.182 ;
    %pushi/vec4 78, 0, 8;
    %store/vec4 v000001f3eeb3c710_0, 0, 8;
    %jmp T_12.256;
T_12.183 ;
    %pushi/vec4 169, 0, 8;
    %store/vec4 v000001f3eeb3c710_0, 0, 8;
    %jmp T_12.256;
T_12.184 ;
    %pushi/vec4 108, 0, 8;
    %store/vec4 v000001f3eeb3c710_0, 0, 8;
    %jmp T_12.256;
T_12.185 ;
    %pushi/vec4 86, 0, 8;
    %store/vec4 v000001f3eeb3c710_0, 0, 8;
    %jmp T_12.256;
T_12.186 ;
    %pushi/vec4 244, 0, 8;
    %store/vec4 v000001f3eeb3c710_0, 0, 8;
    %jmp T_12.256;
T_12.187 ;
    %pushi/vec4 234, 0, 8;
    %store/vec4 v000001f3eeb3c710_0, 0, 8;
    %jmp T_12.256;
T_12.188 ;
    %pushi/vec4 101, 0, 8;
    %store/vec4 v000001f3eeb3c710_0, 0, 8;
    %jmp T_12.256;
T_12.189 ;
    %pushi/vec4 122, 0, 8;
    %store/vec4 v000001f3eeb3c710_0, 0, 8;
    %jmp T_12.256;
T_12.190 ;
    %pushi/vec4 174, 0, 8;
    %store/vec4 v000001f3eeb3c710_0, 0, 8;
    %jmp T_12.256;
T_12.191 ;
    %pushi/vec4 8, 0, 8;
    %store/vec4 v000001f3eeb3c710_0, 0, 8;
    %jmp T_12.256;
T_12.192 ;
    %pushi/vec4 186, 0, 8;
    %store/vec4 v000001f3eeb3c710_0, 0, 8;
    %jmp T_12.256;
T_12.193 ;
    %pushi/vec4 120, 0, 8;
    %store/vec4 v000001f3eeb3c710_0, 0, 8;
    %jmp T_12.256;
T_12.194 ;
    %pushi/vec4 37, 0, 8;
    %store/vec4 v000001f3eeb3c710_0, 0, 8;
    %jmp T_12.256;
T_12.195 ;
    %pushi/vec4 46, 0, 8;
    %store/vec4 v000001f3eeb3c710_0, 0, 8;
    %jmp T_12.256;
T_12.196 ;
    %pushi/vec4 28, 0, 8;
    %store/vec4 v000001f3eeb3c710_0, 0, 8;
    %jmp T_12.256;
T_12.197 ;
    %pushi/vec4 166, 0, 8;
    %store/vec4 v000001f3eeb3c710_0, 0, 8;
    %jmp T_12.256;
T_12.198 ;
    %pushi/vec4 180, 0, 8;
    %store/vec4 v000001f3eeb3c710_0, 0, 8;
    %jmp T_12.256;
T_12.199 ;
    %pushi/vec4 198, 0, 8;
    %store/vec4 v000001f3eeb3c710_0, 0, 8;
    %jmp T_12.256;
T_12.200 ;
    %pushi/vec4 232, 0, 8;
    %store/vec4 v000001f3eeb3c710_0, 0, 8;
    %jmp T_12.256;
T_12.201 ;
    %pushi/vec4 221, 0, 8;
    %store/vec4 v000001f3eeb3c710_0, 0, 8;
    %jmp T_12.256;
T_12.202 ;
    %pushi/vec4 116, 0, 8;
    %store/vec4 v000001f3eeb3c710_0, 0, 8;
    %jmp T_12.256;
T_12.203 ;
    %pushi/vec4 31, 0, 8;
    %store/vec4 v000001f3eeb3c710_0, 0, 8;
    %jmp T_12.256;
T_12.204 ;
    %pushi/vec4 75, 0, 8;
    %store/vec4 v000001f3eeb3c710_0, 0, 8;
    %jmp T_12.256;
T_12.205 ;
    %pushi/vec4 189, 0, 8;
    %store/vec4 v000001f3eeb3c710_0, 0, 8;
    %jmp T_12.256;
T_12.206 ;
    %pushi/vec4 139, 0, 8;
    %store/vec4 v000001f3eeb3c710_0, 0, 8;
    %jmp T_12.256;
T_12.207 ;
    %pushi/vec4 138, 0, 8;
    %store/vec4 v000001f3eeb3c710_0, 0, 8;
    %jmp T_12.256;
T_12.208 ;
    %pushi/vec4 112, 0, 8;
    %store/vec4 v000001f3eeb3c710_0, 0, 8;
    %jmp T_12.256;
T_12.209 ;
    %pushi/vec4 62, 0, 8;
    %store/vec4 v000001f3eeb3c710_0, 0, 8;
    %jmp T_12.256;
T_12.210 ;
    %pushi/vec4 181, 0, 8;
    %store/vec4 v000001f3eeb3c710_0, 0, 8;
    %jmp T_12.256;
T_12.211 ;
    %pushi/vec4 102, 0, 8;
    %store/vec4 v000001f3eeb3c710_0, 0, 8;
    %jmp T_12.256;
T_12.212 ;
    %pushi/vec4 72, 0, 8;
    %store/vec4 v000001f3eeb3c710_0, 0, 8;
    %jmp T_12.256;
T_12.213 ;
    %pushi/vec4 3, 0, 8;
    %store/vec4 v000001f3eeb3c710_0, 0, 8;
    %jmp T_12.256;
T_12.214 ;
    %pushi/vec4 246, 0, 8;
    %store/vec4 v000001f3eeb3c710_0, 0, 8;
    %jmp T_12.256;
T_12.215 ;
    %pushi/vec4 14, 0, 8;
    %store/vec4 v000001f3eeb3c710_0, 0, 8;
    %jmp T_12.256;
T_12.216 ;
    %pushi/vec4 97, 0, 8;
    %store/vec4 v000001f3eeb3c710_0, 0, 8;
    %jmp T_12.256;
T_12.217 ;
    %pushi/vec4 53, 0, 8;
    %store/vec4 v000001f3eeb3c710_0, 0, 8;
    %jmp T_12.256;
T_12.218 ;
    %pushi/vec4 87, 0, 8;
    %store/vec4 v000001f3eeb3c710_0, 0, 8;
    %jmp T_12.256;
T_12.219 ;
    %pushi/vec4 185, 0, 8;
    %store/vec4 v000001f3eeb3c710_0, 0, 8;
    %jmp T_12.256;
T_12.220 ;
    %pushi/vec4 134, 0, 8;
    %store/vec4 v000001f3eeb3c710_0, 0, 8;
    %jmp T_12.256;
T_12.221 ;
    %pushi/vec4 193, 0, 8;
    %store/vec4 v000001f3eeb3c710_0, 0, 8;
    %jmp T_12.256;
T_12.222 ;
    %pushi/vec4 29, 0, 8;
    %store/vec4 v000001f3eeb3c710_0, 0, 8;
    %jmp T_12.256;
T_12.223 ;
    %pushi/vec4 158, 0, 8;
    %store/vec4 v000001f3eeb3c710_0, 0, 8;
    %jmp T_12.256;
T_12.224 ;
    %pushi/vec4 225, 0, 8;
    %store/vec4 v000001f3eeb3c710_0, 0, 8;
    %jmp T_12.256;
T_12.225 ;
    %pushi/vec4 248, 0, 8;
    %store/vec4 v000001f3eeb3c710_0, 0, 8;
    %jmp T_12.256;
T_12.226 ;
    %pushi/vec4 152, 0, 8;
    %store/vec4 v000001f3eeb3c710_0, 0, 8;
    %jmp T_12.256;
T_12.227 ;
    %pushi/vec4 17, 0, 8;
    %store/vec4 v000001f3eeb3c710_0, 0, 8;
    %jmp T_12.256;
T_12.228 ;
    %pushi/vec4 105, 0, 8;
    %store/vec4 v000001f3eeb3c710_0, 0, 8;
    %jmp T_12.256;
T_12.229 ;
    %pushi/vec4 217, 0, 8;
    %store/vec4 v000001f3eeb3c710_0, 0, 8;
    %jmp T_12.256;
T_12.230 ;
    %pushi/vec4 142, 0, 8;
    %store/vec4 v000001f3eeb3c710_0, 0, 8;
    %jmp T_12.256;
T_12.231 ;
    %pushi/vec4 148, 0, 8;
    %store/vec4 v000001f3eeb3c710_0, 0, 8;
    %jmp T_12.256;
T_12.232 ;
    %pushi/vec4 155, 0, 8;
    %store/vec4 v000001f3eeb3c710_0, 0, 8;
    %jmp T_12.256;
T_12.233 ;
    %pushi/vec4 30, 0, 8;
    %store/vec4 v000001f3eeb3c710_0, 0, 8;
    %jmp T_12.256;
T_12.234 ;
    %pushi/vec4 135, 0, 8;
    %store/vec4 v000001f3eeb3c710_0, 0, 8;
    %jmp T_12.256;
T_12.235 ;
    %pushi/vec4 233, 0, 8;
    %store/vec4 v000001f3eeb3c710_0, 0, 8;
    %jmp T_12.256;
T_12.236 ;
    %pushi/vec4 206, 0, 8;
    %store/vec4 v000001f3eeb3c710_0, 0, 8;
    %jmp T_12.256;
T_12.237 ;
    %pushi/vec4 85, 0, 8;
    %store/vec4 v000001f3eeb3c710_0, 0, 8;
    %jmp T_12.256;
T_12.238 ;
    %pushi/vec4 40, 0, 8;
    %store/vec4 v000001f3eeb3c710_0, 0, 8;
    %jmp T_12.256;
T_12.239 ;
    %pushi/vec4 223, 0, 8;
    %store/vec4 v000001f3eeb3c710_0, 0, 8;
    %jmp T_12.256;
T_12.240 ;
    %pushi/vec4 140, 0, 8;
    %store/vec4 v000001f3eeb3c710_0, 0, 8;
    %jmp T_12.256;
T_12.241 ;
    %pushi/vec4 161, 0, 8;
    %store/vec4 v000001f3eeb3c710_0, 0, 8;
    %jmp T_12.256;
T_12.242 ;
    %pushi/vec4 137, 0, 8;
    %store/vec4 v000001f3eeb3c710_0, 0, 8;
    %jmp T_12.256;
T_12.243 ;
    %pushi/vec4 13, 0, 8;
    %store/vec4 v000001f3eeb3c710_0, 0, 8;
    %jmp T_12.256;
T_12.244 ;
    %pushi/vec4 191, 0, 8;
    %store/vec4 v000001f3eeb3c710_0, 0, 8;
    %jmp T_12.256;
T_12.245 ;
    %pushi/vec4 230, 0, 8;
    %store/vec4 v000001f3eeb3c710_0, 0, 8;
    %jmp T_12.256;
T_12.246 ;
    %pushi/vec4 66, 0, 8;
    %store/vec4 v000001f3eeb3c710_0, 0, 8;
    %jmp T_12.256;
T_12.247 ;
    %pushi/vec4 104, 0, 8;
    %store/vec4 v000001f3eeb3c710_0, 0, 8;
    %jmp T_12.256;
T_12.248 ;
    %pushi/vec4 65, 0, 8;
    %store/vec4 v000001f3eeb3c710_0, 0, 8;
    %jmp T_12.256;
T_12.249 ;
    %pushi/vec4 153, 0, 8;
    %store/vec4 v000001f3eeb3c710_0, 0, 8;
    %jmp T_12.256;
T_12.250 ;
    %pushi/vec4 45, 0, 8;
    %store/vec4 v000001f3eeb3c710_0, 0, 8;
    %jmp T_12.256;
T_12.251 ;
    %pushi/vec4 15, 0, 8;
    %store/vec4 v000001f3eeb3c710_0, 0, 8;
    %jmp T_12.256;
T_12.252 ;
    %pushi/vec4 176, 0, 8;
    %store/vec4 v000001f3eeb3c710_0, 0, 8;
    %jmp T_12.256;
T_12.253 ;
    %pushi/vec4 84, 0, 8;
    %store/vec4 v000001f3eeb3c710_0, 0, 8;
    %jmp T_12.256;
T_12.254 ;
    %pushi/vec4 187, 0, 8;
    %store/vec4 v000001f3eeb3c710_0, 0, 8;
    %jmp T_12.256;
T_12.255 ;
    %pushi/vec4 22, 0, 8;
    %store/vec4 v000001f3eeb3c710_0, 0, 8;
    %jmp T_12.256;
T_12.256 ;
    %pop/vec4 1;
    %jmp T_12;
    .thread T_12, $push;
    .scope S_000001f3eeb3f850;
T_13 ;
    %wait E_000001f3eeabe3c0;
    %load/vec4 v000001f3eeb3c8f0_0;
    %dup/vec4;
    %pushi/vec4 0, 0, 8;
    %cmp/u;
    %jmp/1 T_13.0, 6;
    %dup/vec4;
    %pushi/vec4 1, 0, 8;
    %cmp/u;
    %jmp/1 T_13.1, 6;
    %dup/vec4;
    %pushi/vec4 2, 0, 8;
    %cmp/u;
    %jmp/1 T_13.2, 6;
    %dup/vec4;
    %pushi/vec4 3, 0, 8;
    %cmp/u;
    %jmp/1 T_13.3, 6;
    %dup/vec4;
    %pushi/vec4 4, 0, 8;
    %cmp/u;
    %jmp/1 T_13.4, 6;
    %dup/vec4;
    %pushi/vec4 5, 0, 8;
    %cmp/u;
    %jmp/1 T_13.5, 6;
    %dup/vec4;
    %pushi/vec4 6, 0, 8;
    %cmp/u;
    %jmp/1 T_13.6, 6;
    %dup/vec4;
    %pushi/vec4 7, 0, 8;
    %cmp/u;
    %jmp/1 T_13.7, 6;
    %dup/vec4;
    %pushi/vec4 8, 0, 8;
    %cmp/u;
    %jmp/1 T_13.8, 6;
    %dup/vec4;
    %pushi/vec4 9, 0, 8;
    %cmp/u;
    %jmp/1 T_13.9, 6;
    %dup/vec4;
    %pushi/vec4 10, 0, 8;
    %cmp/u;
    %jmp/1 T_13.10, 6;
    %dup/vec4;
    %pushi/vec4 11, 0, 8;
    %cmp/u;
    %jmp/1 T_13.11, 6;
    %dup/vec4;
    %pushi/vec4 12, 0, 8;
    %cmp/u;
    %jmp/1 T_13.12, 6;
    %dup/vec4;
    %pushi/vec4 13, 0, 8;
    %cmp/u;
    %jmp/1 T_13.13, 6;
    %dup/vec4;
    %pushi/vec4 14, 0, 8;
    %cmp/u;
    %jmp/1 T_13.14, 6;
    %dup/vec4;
    %pushi/vec4 15, 0, 8;
    %cmp/u;
    %jmp/1 T_13.15, 6;
    %dup/vec4;
    %pushi/vec4 16, 0, 8;
    %cmp/u;
    %jmp/1 T_13.16, 6;
    %dup/vec4;
    %pushi/vec4 17, 0, 8;
    %cmp/u;
    %jmp/1 T_13.17, 6;
    %dup/vec4;
    %pushi/vec4 18, 0, 8;
    %cmp/u;
    %jmp/1 T_13.18, 6;
    %dup/vec4;
    %pushi/vec4 19, 0, 8;
    %cmp/u;
    %jmp/1 T_13.19, 6;
    %dup/vec4;
    %pushi/vec4 20, 0, 8;
    %cmp/u;
    %jmp/1 T_13.20, 6;
    %dup/vec4;
    %pushi/vec4 21, 0, 8;
    %cmp/u;
    %jmp/1 T_13.21, 6;
    %dup/vec4;
    %pushi/vec4 22, 0, 8;
    %cmp/u;
    %jmp/1 T_13.22, 6;
    %dup/vec4;
    %pushi/vec4 23, 0, 8;
    %cmp/u;
    %jmp/1 T_13.23, 6;
    %dup/vec4;
    %pushi/vec4 24, 0, 8;
    %cmp/u;
    %jmp/1 T_13.24, 6;
    %dup/vec4;
    %pushi/vec4 25, 0, 8;
    %cmp/u;
    %jmp/1 T_13.25, 6;
    %dup/vec4;
    %pushi/vec4 26, 0, 8;
    %cmp/u;
    %jmp/1 T_13.26, 6;
    %dup/vec4;
    %pushi/vec4 27, 0, 8;
    %cmp/u;
    %jmp/1 T_13.27, 6;
    %dup/vec4;
    %pushi/vec4 28, 0, 8;
    %cmp/u;
    %jmp/1 T_13.28, 6;
    %dup/vec4;
    %pushi/vec4 29, 0, 8;
    %cmp/u;
    %jmp/1 T_13.29, 6;
    %dup/vec4;
    %pushi/vec4 30, 0, 8;
    %cmp/u;
    %jmp/1 T_13.30, 6;
    %dup/vec4;
    %pushi/vec4 31, 0, 8;
    %cmp/u;
    %jmp/1 T_13.31, 6;
    %dup/vec4;
    %pushi/vec4 32, 0, 8;
    %cmp/u;
    %jmp/1 T_13.32, 6;
    %dup/vec4;
    %pushi/vec4 33, 0, 8;
    %cmp/u;
    %jmp/1 T_13.33, 6;
    %dup/vec4;
    %pushi/vec4 34, 0, 8;
    %cmp/u;
    %jmp/1 T_13.34, 6;
    %dup/vec4;
    %pushi/vec4 35, 0, 8;
    %cmp/u;
    %jmp/1 T_13.35, 6;
    %dup/vec4;
    %pushi/vec4 36, 0, 8;
    %cmp/u;
    %jmp/1 T_13.36, 6;
    %dup/vec4;
    %pushi/vec4 37, 0, 8;
    %cmp/u;
    %jmp/1 T_13.37, 6;
    %dup/vec4;
    %pushi/vec4 38, 0, 8;
    %cmp/u;
    %jmp/1 T_13.38, 6;
    %dup/vec4;
    %pushi/vec4 39, 0, 8;
    %cmp/u;
    %jmp/1 T_13.39, 6;
    %dup/vec4;
    %pushi/vec4 40, 0, 8;
    %cmp/u;
    %jmp/1 T_13.40, 6;
    %dup/vec4;
    %pushi/vec4 41, 0, 8;
    %cmp/u;
    %jmp/1 T_13.41, 6;
    %dup/vec4;
    %pushi/vec4 42, 0, 8;
    %cmp/u;
    %jmp/1 T_13.42, 6;
    %dup/vec4;
    %pushi/vec4 43, 0, 8;
    %cmp/u;
    %jmp/1 T_13.43, 6;
    %dup/vec4;
    %pushi/vec4 44, 0, 8;
    %cmp/u;
    %jmp/1 T_13.44, 6;
    %dup/vec4;
    %pushi/vec4 45, 0, 8;
    %cmp/u;
    %jmp/1 T_13.45, 6;
    %dup/vec4;
    %pushi/vec4 46, 0, 8;
    %cmp/u;
    %jmp/1 T_13.46, 6;
    %dup/vec4;
    %pushi/vec4 47, 0, 8;
    %cmp/u;
    %jmp/1 T_13.47, 6;
    %dup/vec4;
    %pushi/vec4 48, 0, 8;
    %cmp/u;
    %jmp/1 T_13.48, 6;
    %dup/vec4;
    %pushi/vec4 49, 0, 8;
    %cmp/u;
    %jmp/1 T_13.49, 6;
    %dup/vec4;
    %pushi/vec4 50, 0, 8;
    %cmp/u;
    %jmp/1 T_13.50, 6;
    %dup/vec4;
    %pushi/vec4 51, 0, 8;
    %cmp/u;
    %jmp/1 T_13.51, 6;
    %dup/vec4;
    %pushi/vec4 52, 0, 8;
    %cmp/u;
    %jmp/1 T_13.52, 6;
    %dup/vec4;
    %pushi/vec4 53, 0, 8;
    %cmp/u;
    %jmp/1 T_13.53, 6;
    %dup/vec4;
    %pushi/vec4 54, 0, 8;
    %cmp/u;
    %jmp/1 T_13.54, 6;
    %dup/vec4;
    %pushi/vec4 55, 0, 8;
    %cmp/u;
    %jmp/1 T_13.55, 6;
    %dup/vec4;
    %pushi/vec4 56, 0, 8;
    %cmp/u;
    %jmp/1 T_13.56, 6;
    %dup/vec4;
    %pushi/vec4 57, 0, 8;
    %cmp/u;
    %jmp/1 T_13.57, 6;
    %dup/vec4;
    %pushi/vec4 58, 0, 8;
    %cmp/u;
    %jmp/1 T_13.58, 6;
    %dup/vec4;
    %pushi/vec4 59, 0, 8;
    %cmp/u;
    %jmp/1 T_13.59, 6;
    %dup/vec4;
    %pushi/vec4 60, 0, 8;
    %cmp/u;
    %jmp/1 T_13.60, 6;
    %dup/vec4;
    %pushi/vec4 61, 0, 8;
    %cmp/u;
    %jmp/1 T_13.61, 6;
    %dup/vec4;
    %pushi/vec4 62, 0, 8;
    %cmp/u;
    %jmp/1 T_13.62, 6;
    %dup/vec4;
    %pushi/vec4 63, 0, 8;
    %cmp/u;
    %jmp/1 T_13.63, 6;
    %dup/vec4;
    %pushi/vec4 64, 0, 8;
    %cmp/u;
    %jmp/1 T_13.64, 6;
    %dup/vec4;
    %pushi/vec4 65, 0, 8;
    %cmp/u;
    %jmp/1 T_13.65, 6;
    %dup/vec4;
    %pushi/vec4 66, 0, 8;
    %cmp/u;
    %jmp/1 T_13.66, 6;
    %dup/vec4;
    %pushi/vec4 67, 0, 8;
    %cmp/u;
    %jmp/1 T_13.67, 6;
    %dup/vec4;
    %pushi/vec4 68, 0, 8;
    %cmp/u;
    %jmp/1 T_13.68, 6;
    %dup/vec4;
    %pushi/vec4 69, 0, 8;
    %cmp/u;
    %jmp/1 T_13.69, 6;
    %dup/vec4;
    %pushi/vec4 70, 0, 8;
    %cmp/u;
    %jmp/1 T_13.70, 6;
    %dup/vec4;
    %pushi/vec4 71, 0, 8;
    %cmp/u;
    %jmp/1 T_13.71, 6;
    %dup/vec4;
    %pushi/vec4 72, 0, 8;
    %cmp/u;
    %jmp/1 T_13.72, 6;
    %dup/vec4;
    %pushi/vec4 73, 0, 8;
    %cmp/u;
    %jmp/1 T_13.73, 6;
    %dup/vec4;
    %pushi/vec4 74, 0, 8;
    %cmp/u;
    %jmp/1 T_13.74, 6;
    %dup/vec4;
    %pushi/vec4 75, 0, 8;
    %cmp/u;
    %jmp/1 T_13.75, 6;
    %dup/vec4;
    %pushi/vec4 76, 0, 8;
    %cmp/u;
    %jmp/1 T_13.76, 6;
    %dup/vec4;
    %pushi/vec4 77, 0, 8;
    %cmp/u;
    %jmp/1 T_13.77, 6;
    %dup/vec4;
    %pushi/vec4 78, 0, 8;
    %cmp/u;
    %jmp/1 T_13.78, 6;
    %dup/vec4;
    %pushi/vec4 79, 0, 8;
    %cmp/u;
    %jmp/1 T_13.79, 6;
    %dup/vec4;
    %pushi/vec4 80, 0, 8;
    %cmp/u;
    %jmp/1 T_13.80, 6;
    %dup/vec4;
    %pushi/vec4 81, 0, 8;
    %cmp/u;
    %jmp/1 T_13.81, 6;
    %dup/vec4;
    %pushi/vec4 82, 0, 8;
    %cmp/u;
    %jmp/1 T_13.82, 6;
    %dup/vec4;
    %pushi/vec4 83, 0, 8;
    %cmp/u;
    %jmp/1 T_13.83, 6;
    %dup/vec4;
    %pushi/vec4 84, 0, 8;
    %cmp/u;
    %jmp/1 T_13.84, 6;
    %dup/vec4;
    %pushi/vec4 85, 0, 8;
    %cmp/u;
    %jmp/1 T_13.85, 6;
    %dup/vec4;
    %pushi/vec4 86, 0, 8;
    %cmp/u;
    %jmp/1 T_13.86, 6;
    %dup/vec4;
    %pushi/vec4 87, 0, 8;
    %cmp/u;
    %jmp/1 T_13.87, 6;
    %dup/vec4;
    %pushi/vec4 88, 0, 8;
    %cmp/u;
    %jmp/1 T_13.88, 6;
    %dup/vec4;
    %pushi/vec4 89, 0, 8;
    %cmp/u;
    %jmp/1 T_13.89, 6;
    %dup/vec4;
    %pushi/vec4 90, 0, 8;
    %cmp/u;
    %jmp/1 T_13.90, 6;
    %dup/vec4;
    %pushi/vec4 91, 0, 8;
    %cmp/u;
    %jmp/1 T_13.91, 6;
    %dup/vec4;
    %pushi/vec4 92, 0, 8;
    %cmp/u;
    %jmp/1 T_13.92, 6;
    %dup/vec4;
    %pushi/vec4 93, 0, 8;
    %cmp/u;
    %jmp/1 T_13.93, 6;
    %dup/vec4;
    %pushi/vec4 94, 0, 8;
    %cmp/u;
    %jmp/1 T_13.94, 6;
    %dup/vec4;
    %pushi/vec4 95, 0, 8;
    %cmp/u;
    %jmp/1 T_13.95, 6;
    %dup/vec4;
    %pushi/vec4 96, 0, 8;
    %cmp/u;
    %jmp/1 T_13.96, 6;
    %dup/vec4;
    %pushi/vec4 97, 0, 8;
    %cmp/u;
    %jmp/1 T_13.97, 6;
    %dup/vec4;
    %pushi/vec4 98, 0, 8;
    %cmp/u;
    %jmp/1 T_13.98, 6;
    %dup/vec4;
    %pushi/vec4 99, 0, 8;
    %cmp/u;
    %jmp/1 T_13.99, 6;
    %dup/vec4;
    %pushi/vec4 100, 0, 8;
    %cmp/u;
    %jmp/1 T_13.100, 6;
    %dup/vec4;
    %pushi/vec4 101, 0, 8;
    %cmp/u;
    %jmp/1 T_13.101, 6;
    %dup/vec4;
    %pushi/vec4 102, 0, 8;
    %cmp/u;
    %jmp/1 T_13.102, 6;
    %dup/vec4;
    %pushi/vec4 103, 0, 8;
    %cmp/u;
    %jmp/1 T_13.103, 6;
    %dup/vec4;
    %pushi/vec4 104, 0, 8;
    %cmp/u;
    %jmp/1 T_13.104, 6;
    %dup/vec4;
    %pushi/vec4 105, 0, 8;
    %cmp/u;
    %jmp/1 T_13.105, 6;
    %dup/vec4;
    %pushi/vec4 106, 0, 8;
    %cmp/u;
    %jmp/1 T_13.106, 6;
    %dup/vec4;
    %pushi/vec4 107, 0, 8;
    %cmp/u;
    %jmp/1 T_13.107, 6;
    %dup/vec4;
    %pushi/vec4 108, 0, 8;
    %cmp/u;
    %jmp/1 T_13.108, 6;
    %dup/vec4;
    %pushi/vec4 109, 0, 8;
    %cmp/u;
    %jmp/1 T_13.109, 6;
    %dup/vec4;
    %pushi/vec4 110, 0, 8;
    %cmp/u;
    %jmp/1 T_13.110, 6;
    %dup/vec4;
    %pushi/vec4 111, 0, 8;
    %cmp/u;
    %jmp/1 T_13.111, 6;
    %dup/vec4;
    %pushi/vec4 112, 0, 8;
    %cmp/u;
    %jmp/1 T_13.112, 6;
    %dup/vec4;
    %pushi/vec4 113, 0, 8;
    %cmp/u;
    %jmp/1 T_13.113, 6;
    %dup/vec4;
    %pushi/vec4 114, 0, 8;
    %cmp/u;
    %jmp/1 T_13.114, 6;
    %dup/vec4;
    %pushi/vec4 115, 0, 8;
    %cmp/u;
    %jmp/1 T_13.115, 6;
    %dup/vec4;
    %pushi/vec4 116, 0, 8;
    %cmp/u;
    %jmp/1 T_13.116, 6;
    %dup/vec4;
    %pushi/vec4 117, 0, 8;
    %cmp/u;
    %jmp/1 T_13.117, 6;
    %dup/vec4;
    %pushi/vec4 118, 0, 8;
    %cmp/u;
    %jmp/1 T_13.118, 6;
    %dup/vec4;
    %pushi/vec4 119, 0, 8;
    %cmp/u;
    %jmp/1 T_13.119, 6;
    %dup/vec4;
    %pushi/vec4 120, 0, 8;
    %cmp/u;
    %jmp/1 T_13.120, 6;
    %dup/vec4;
    %pushi/vec4 121, 0, 8;
    %cmp/u;
    %jmp/1 T_13.121, 6;
    %dup/vec4;
    %pushi/vec4 122, 0, 8;
    %cmp/u;
    %jmp/1 T_13.122, 6;
    %dup/vec4;
    %pushi/vec4 123, 0, 8;
    %cmp/u;
    %jmp/1 T_13.123, 6;
    %dup/vec4;
    %pushi/vec4 124, 0, 8;
    %cmp/u;
    %jmp/1 T_13.124, 6;
    %dup/vec4;
    %pushi/vec4 125, 0, 8;
    %cmp/u;
    %jmp/1 T_13.125, 6;
    %dup/vec4;
    %pushi/vec4 126, 0, 8;
    %cmp/u;
    %jmp/1 T_13.126, 6;
    %dup/vec4;
    %pushi/vec4 127, 0, 8;
    %cmp/u;
    %jmp/1 T_13.127, 6;
    %dup/vec4;
    %pushi/vec4 128, 0, 8;
    %cmp/u;
    %jmp/1 T_13.128, 6;
    %dup/vec4;
    %pushi/vec4 129, 0, 8;
    %cmp/u;
    %jmp/1 T_13.129, 6;
    %dup/vec4;
    %pushi/vec4 130, 0, 8;
    %cmp/u;
    %jmp/1 T_13.130, 6;
    %dup/vec4;
    %pushi/vec4 131, 0, 8;
    %cmp/u;
    %jmp/1 T_13.131, 6;
    %dup/vec4;
    %pushi/vec4 132, 0, 8;
    %cmp/u;
    %jmp/1 T_13.132, 6;
    %dup/vec4;
    %pushi/vec4 133, 0, 8;
    %cmp/u;
    %jmp/1 T_13.133, 6;
    %dup/vec4;
    %pushi/vec4 134, 0, 8;
    %cmp/u;
    %jmp/1 T_13.134, 6;
    %dup/vec4;
    %pushi/vec4 135, 0, 8;
    %cmp/u;
    %jmp/1 T_13.135, 6;
    %dup/vec4;
    %pushi/vec4 136, 0, 8;
    %cmp/u;
    %jmp/1 T_13.136, 6;
    %dup/vec4;
    %pushi/vec4 137, 0, 8;
    %cmp/u;
    %jmp/1 T_13.137, 6;
    %dup/vec4;
    %pushi/vec4 138, 0, 8;
    %cmp/u;
    %jmp/1 T_13.138, 6;
    %dup/vec4;
    %pushi/vec4 139, 0, 8;
    %cmp/u;
    %jmp/1 T_13.139, 6;
    %dup/vec4;
    %pushi/vec4 140, 0, 8;
    %cmp/u;
    %jmp/1 T_13.140, 6;
    %dup/vec4;
    %pushi/vec4 141, 0, 8;
    %cmp/u;
    %jmp/1 T_13.141, 6;
    %dup/vec4;
    %pushi/vec4 142, 0, 8;
    %cmp/u;
    %jmp/1 T_13.142, 6;
    %dup/vec4;
    %pushi/vec4 143, 0, 8;
    %cmp/u;
    %jmp/1 T_13.143, 6;
    %dup/vec4;
    %pushi/vec4 144, 0, 8;
    %cmp/u;
    %jmp/1 T_13.144, 6;
    %dup/vec4;
    %pushi/vec4 145, 0, 8;
    %cmp/u;
    %jmp/1 T_13.145, 6;
    %dup/vec4;
    %pushi/vec4 146, 0, 8;
    %cmp/u;
    %jmp/1 T_13.146, 6;
    %dup/vec4;
    %pushi/vec4 147, 0, 8;
    %cmp/u;
    %jmp/1 T_13.147, 6;
    %dup/vec4;
    %pushi/vec4 148, 0, 8;
    %cmp/u;
    %jmp/1 T_13.148, 6;
    %dup/vec4;
    %pushi/vec4 149, 0, 8;
    %cmp/u;
    %jmp/1 T_13.149, 6;
    %dup/vec4;
    %pushi/vec4 150, 0, 8;
    %cmp/u;
    %jmp/1 T_13.150, 6;
    %dup/vec4;
    %pushi/vec4 151, 0, 8;
    %cmp/u;
    %jmp/1 T_13.151, 6;
    %dup/vec4;
    %pushi/vec4 152, 0, 8;
    %cmp/u;
    %jmp/1 T_13.152, 6;
    %dup/vec4;
    %pushi/vec4 153, 0, 8;
    %cmp/u;
    %jmp/1 T_13.153, 6;
    %dup/vec4;
    %pushi/vec4 154, 0, 8;
    %cmp/u;
    %jmp/1 T_13.154, 6;
    %dup/vec4;
    %pushi/vec4 155, 0, 8;
    %cmp/u;
    %jmp/1 T_13.155, 6;
    %dup/vec4;
    %pushi/vec4 156, 0, 8;
    %cmp/u;
    %jmp/1 T_13.156, 6;
    %dup/vec4;
    %pushi/vec4 157, 0, 8;
    %cmp/u;
    %jmp/1 T_13.157, 6;
    %dup/vec4;
    %pushi/vec4 158, 0, 8;
    %cmp/u;
    %jmp/1 T_13.158, 6;
    %dup/vec4;
    %pushi/vec4 159, 0, 8;
    %cmp/u;
    %jmp/1 T_13.159, 6;
    %dup/vec4;
    %pushi/vec4 160, 0, 8;
    %cmp/u;
    %jmp/1 T_13.160, 6;
    %dup/vec4;
    %pushi/vec4 161, 0, 8;
    %cmp/u;
    %jmp/1 T_13.161, 6;
    %dup/vec4;
    %pushi/vec4 162, 0, 8;
    %cmp/u;
    %jmp/1 T_13.162, 6;
    %dup/vec4;
    %pushi/vec4 163, 0, 8;
    %cmp/u;
    %jmp/1 T_13.163, 6;
    %dup/vec4;
    %pushi/vec4 164, 0, 8;
    %cmp/u;
    %jmp/1 T_13.164, 6;
    %dup/vec4;
    %pushi/vec4 165, 0, 8;
    %cmp/u;
    %jmp/1 T_13.165, 6;
    %dup/vec4;
    %pushi/vec4 166, 0, 8;
    %cmp/u;
    %jmp/1 T_13.166, 6;
    %dup/vec4;
    %pushi/vec4 167, 0, 8;
    %cmp/u;
    %jmp/1 T_13.167, 6;
    %dup/vec4;
    %pushi/vec4 168, 0, 8;
    %cmp/u;
    %jmp/1 T_13.168, 6;
    %dup/vec4;
    %pushi/vec4 169, 0, 8;
    %cmp/u;
    %jmp/1 T_13.169, 6;
    %dup/vec4;
    %pushi/vec4 170, 0, 8;
    %cmp/u;
    %jmp/1 T_13.170, 6;
    %dup/vec4;
    %pushi/vec4 171, 0, 8;
    %cmp/u;
    %jmp/1 T_13.171, 6;
    %dup/vec4;
    %pushi/vec4 172, 0, 8;
    %cmp/u;
    %jmp/1 T_13.172, 6;
    %dup/vec4;
    %pushi/vec4 173, 0, 8;
    %cmp/u;
    %jmp/1 T_13.173, 6;
    %dup/vec4;
    %pushi/vec4 174, 0, 8;
    %cmp/u;
    %jmp/1 T_13.174, 6;
    %dup/vec4;
    %pushi/vec4 175, 0, 8;
    %cmp/u;
    %jmp/1 T_13.175, 6;
    %dup/vec4;
    %pushi/vec4 176, 0, 8;
    %cmp/u;
    %jmp/1 T_13.176, 6;
    %dup/vec4;
    %pushi/vec4 177, 0, 8;
    %cmp/u;
    %jmp/1 T_13.177, 6;
    %dup/vec4;
    %pushi/vec4 178, 0, 8;
    %cmp/u;
    %jmp/1 T_13.178, 6;
    %dup/vec4;
    %pushi/vec4 179, 0, 8;
    %cmp/u;
    %jmp/1 T_13.179, 6;
    %dup/vec4;
    %pushi/vec4 180, 0, 8;
    %cmp/u;
    %jmp/1 T_13.180, 6;
    %dup/vec4;
    %pushi/vec4 181, 0, 8;
    %cmp/u;
    %jmp/1 T_13.181, 6;
    %dup/vec4;
    %pushi/vec4 182, 0, 8;
    %cmp/u;
    %jmp/1 T_13.182, 6;
    %dup/vec4;
    %pushi/vec4 183, 0, 8;
    %cmp/u;
    %jmp/1 T_13.183, 6;
    %dup/vec4;
    %pushi/vec4 184, 0, 8;
    %cmp/u;
    %jmp/1 T_13.184, 6;
    %dup/vec4;
    %pushi/vec4 185, 0, 8;
    %cmp/u;
    %jmp/1 T_13.185, 6;
    %dup/vec4;
    %pushi/vec4 186, 0, 8;
    %cmp/u;
    %jmp/1 T_13.186, 6;
    %dup/vec4;
    %pushi/vec4 187, 0, 8;
    %cmp/u;
    %jmp/1 T_13.187, 6;
    %dup/vec4;
    %pushi/vec4 188, 0, 8;
    %cmp/u;
    %jmp/1 T_13.188, 6;
    %dup/vec4;
    %pushi/vec4 189, 0, 8;
    %cmp/u;
    %jmp/1 T_13.189, 6;
    %dup/vec4;
    %pushi/vec4 190, 0, 8;
    %cmp/u;
    %jmp/1 T_13.190, 6;
    %dup/vec4;
    %pushi/vec4 191, 0, 8;
    %cmp/u;
    %jmp/1 T_13.191, 6;
    %dup/vec4;
    %pushi/vec4 192, 0, 8;
    %cmp/u;
    %jmp/1 T_13.192, 6;
    %dup/vec4;
    %pushi/vec4 193, 0, 8;
    %cmp/u;
    %jmp/1 T_13.193, 6;
    %dup/vec4;
    %pushi/vec4 194, 0, 8;
    %cmp/u;
    %jmp/1 T_13.194, 6;
    %dup/vec4;
    %pushi/vec4 195, 0, 8;
    %cmp/u;
    %jmp/1 T_13.195, 6;
    %dup/vec4;
    %pushi/vec4 196, 0, 8;
    %cmp/u;
    %jmp/1 T_13.196, 6;
    %dup/vec4;
    %pushi/vec4 197, 0, 8;
    %cmp/u;
    %jmp/1 T_13.197, 6;
    %dup/vec4;
    %pushi/vec4 198, 0, 8;
    %cmp/u;
    %jmp/1 T_13.198, 6;
    %dup/vec4;
    %pushi/vec4 199, 0, 8;
    %cmp/u;
    %jmp/1 T_13.199, 6;
    %dup/vec4;
    %pushi/vec4 200, 0, 8;
    %cmp/u;
    %jmp/1 T_13.200, 6;
    %dup/vec4;
    %pushi/vec4 201, 0, 8;
    %cmp/u;
    %jmp/1 T_13.201, 6;
    %dup/vec4;
    %pushi/vec4 202, 0, 8;
    %cmp/u;
    %jmp/1 T_13.202, 6;
    %dup/vec4;
    %pushi/vec4 203, 0, 8;
    %cmp/u;
    %jmp/1 T_13.203, 6;
    %dup/vec4;
    %pushi/vec4 204, 0, 8;
    %cmp/u;
    %jmp/1 T_13.204, 6;
    %dup/vec4;
    %pushi/vec4 205, 0, 8;
    %cmp/u;
    %jmp/1 T_13.205, 6;
    %dup/vec4;
    %pushi/vec4 206, 0, 8;
    %cmp/u;
    %jmp/1 T_13.206, 6;
    %dup/vec4;
    %pushi/vec4 207, 0, 8;
    %cmp/u;
    %jmp/1 T_13.207, 6;
    %dup/vec4;
    %pushi/vec4 208, 0, 8;
    %cmp/u;
    %jmp/1 T_13.208, 6;
    %dup/vec4;
    %pushi/vec4 209, 0, 8;
    %cmp/u;
    %jmp/1 T_13.209, 6;
    %dup/vec4;
    %pushi/vec4 210, 0, 8;
    %cmp/u;
    %jmp/1 T_13.210, 6;
    %dup/vec4;
    %pushi/vec4 211, 0, 8;
    %cmp/u;
    %jmp/1 T_13.211, 6;
    %dup/vec4;
    %pushi/vec4 212, 0, 8;
    %cmp/u;
    %jmp/1 T_13.212, 6;
    %dup/vec4;
    %pushi/vec4 213, 0, 8;
    %cmp/u;
    %jmp/1 T_13.213, 6;
    %dup/vec4;
    %pushi/vec4 214, 0, 8;
    %cmp/u;
    %jmp/1 T_13.214, 6;
    %dup/vec4;
    %pushi/vec4 215, 0, 8;
    %cmp/u;
    %jmp/1 T_13.215, 6;
    %dup/vec4;
    %pushi/vec4 216, 0, 8;
    %cmp/u;
    %jmp/1 T_13.216, 6;
    %dup/vec4;
    %pushi/vec4 217, 0, 8;
    %cmp/u;
    %jmp/1 T_13.217, 6;
    %dup/vec4;
    %pushi/vec4 218, 0, 8;
    %cmp/u;
    %jmp/1 T_13.218, 6;
    %dup/vec4;
    %pushi/vec4 219, 0, 8;
    %cmp/u;
    %jmp/1 T_13.219, 6;
    %dup/vec4;
    %pushi/vec4 220, 0, 8;
    %cmp/u;
    %jmp/1 T_13.220, 6;
    %dup/vec4;
    %pushi/vec4 221, 0, 8;
    %cmp/u;
    %jmp/1 T_13.221, 6;
    %dup/vec4;
    %pushi/vec4 222, 0, 8;
    %cmp/u;
    %jmp/1 T_13.222, 6;
    %dup/vec4;
    %pushi/vec4 223, 0, 8;
    %cmp/u;
    %jmp/1 T_13.223, 6;
    %dup/vec4;
    %pushi/vec4 224, 0, 8;
    %cmp/u;
    %jmp/1 T_13.224, 6;
    %dup/vec4;
    %pushi/vec4 225, 0, 8;
    %cmp/u;
    %jmp/1 T_13.225, 6;
    %dup/vec4;
    %pushi/vec4 226, 0, 8;
    %cmp/u;
    %jmp/1 T_13.226, 6;
    %dup/vec4;
    %pushi/vec4 227, 0, 8;
    %cmp/u;
    %jmp/1 T_13.227, 6;
    %dup/vec4;
    %pushi/vec4 228, 0, 8;
    %cmp/u;
    %jmp/1 T_13.228, 6;
    %dup/vec4;
    %pushi/vec4 229, 0, 8;
    %cmp/u;
    %jmp/1 T_13.229, 6;
    %dup/vec4;
    %pushi/vec4 230, 0, 8;
    %cmp/u;
    %jmp/1 T_13.230, 6;
    %dup/vec4;
    %pushi/vec4 231, 0, 8;
    %cmp/u;
    %jmp/1 T_13.231, 6;
    %dup/vec4;
    %pushi/vec4 232, 0, 8;
    %cmp/u;
    %jmp/1 T_13.232, 6;
    %dup/vec4;
    %pushi/vec4 233, 0, 8;
    %cmp/u;
    %jmp/1 T_13.233, 6;
    %dup/vec4;
    %pushi/vec4 234, 0, 8;
    %cmp/u;
    %jmp/1 T_13.234, 6;
    %dup/vec4;
    %pushi/vec4 235, 0, 8;
    %cmp/u;
    %jmp/1 T_13.235, 6;
    %dup/vec4;
    %pushi/vec4 236, 0, 8;
    %cmp/u;
    %jmp/1 T_13.236, 6;
    %dup/vec4;
    %pushi/vec4 237, 0, 8;
    %cmp/u;
    %jmp/1 T_13.237, 6;
    %dup/vec4;
    %pushi/vec4 238, 0, 8;
    %cmp/u;
    %jmp/1 T_13.238, 6;
    %dup/vec4;
    %pushi/vec4 239, 0, 8;
    %cmp/u;
    %jmp/1 T_13.239, 6;
    %dup/vec4;
    %pushi/vec4 240, 0, 8;
    %cmp/u;
    %jmp/1 T_13.240, 6;
    %dup/vec4;
    %pushi/vec4 241, 0, 8;
    %cmp/u;
    %jmp/1 T_13.241, 6;
    %dup/vec4;
    %pushi/vec4 242, 0, 8;
    %cmp/u;
    %jmp/1 T_13.242, 6;
    %dup/vec4;
    %pushi/vec4 243, 0, 8;
    %cmp/u;
    %jmp/1 T_13.243, 6;
    %dup/vec4;
    %pushi/vec4 244, 0, 8;
    %cmp/u;
    %jmp/1 T_13.244, 6;
    %dup/vec4;
    %pushi/vec4 245, 0, 8;
    %cmp/u;
    %jmp/1 T_13.245, 6;
    %dup/vec4;
    %pushi/vec4 246, 0, 8;
    %cmp/u;
    %jmp/1 T_13.246, 6;
    %dup/vec4;
    %pushi/vec4 247, 0, 8;
    %cmp/u;
    %jmp/1 T_13.247, 6;
    %dup/vec4;
    %pushi/vec4 248, 0, 8;
    %cmp/u;
    %jmp/1 T_13.248, 6;
    %dup/vec4;
    %pushi/vec4 249, 0, 8;
    %cmp/u;
    %jmp/1 T_13.249, 6;
    %dup/vec4;
    %pushi/vec4 250, 0, 8;
    %cmp/u;
    %jmp/1 T_13.250, 6;
    %dup/vec4;
    %pushi/vec4 251, 0, 8;
    %cmp/u;
    %jmp/1 T_13.251, 6;
    %dup/vec4;
    %pushi/vec4 252, 0, 8;
    %cmp/u;
    %jmp/1 T_13.252, 6;
    %dup/vec4;
    %pushi/vec4 253, 0, 8;
    %cmp/u;
    %jmp/1 T_13.253, 6;
    %dup/vec4;
    %pushi/vec4 254, 0, 8;
    %cmp/u;
    %jmp/1 T_13.254, 6;
    %dup/vec4;
    %pushi/vec4 255, 0, 8;
    %cmp/u;
    %jmp/1 T_13.255, 6;
    %jmp T_13.256;
T_13.0 ;
    %pushi/vec4 99, 0, 8;
    %store/vec4 v000001f3eeb3bbd0_0, 0, 8;
    %jmp T_13.256;
T_13.1 ;
    %pushi/vec4 124, 0, 8;
    %store/vec4 v000001f3eeb3bbd0_0, 0, 8;
    %jmp T_13.256;
T_13.2 ;
    %pushi/vec4 119, 0, 8;
    %store/vec4 v000001f3eeb3bbd0_0, 0, 8;
    %jmp T_13.256;
T_13.3 ;
    %pushi/vec4 123, 0, 8;
    %store/vec4 v000001f3eeb3bbd0_0, 0, 8;
    %jmp T_13.256;
T_13.4 ;
    %pushi/vec4 242, 0, 8;
    %store/vec4 v000001f3eeb3bbd0_0, 0, 8;
    %jmp T_13.256;
T_13.5 ;
    %pushi/vec4 107, 0, 8;
    %store/vec4 v000001f3eeb3bbd0_0, 0, 8;
    %jmp T_13.256;
T_13.6 ;
    %pushi/vec4 111, 0, 8;
    %store/vec4 v000001f3eeb3bbd0_0, 0, 8;
    %jmp T_13.256;
T_13.7 ;
    %pushi/vec4 197, 0, 8;
    %store/vec4 v000001f3eeb3bbd0_0, 0, 8;
    %jmp T_13.256;
T_13.8 ;
    %pushi/vec4 48, 0, 8;
    %store/vec4 v000001f3eeb3bbd0_0, 0, 8;
    %jmp T_13.256;
T_13.9 ;
    %pushi/vec4 1, 0, 8;
    %store/vec4 v000001f3eeb3bbd0_0, 0, 8;
    %jmp T_13.256;
T_13.10 ;
    %pushi/vec4 103, 0, 8;
    %store/vec4 v000001f3eeb3bbd0_0, 0, 8;
    %jmp T_13.256;
T_13.11 ;
    %pushi/vec4 43, 0, 8;
    %store/vec4 v000001f3eeb3bbd0_0, 0, 8;
    %jmp T_13.256;
T_13.12 ;
    %pushi/vec4 254, 0, 8;
    %store/vec4 v000001f3eeb3bbd0_0, 0, 8;
    %jmp T_13.256;
T_13.13 ;
    %pushi/vec4 215, 0, 8;
    %store/vec4 v000001f3eeb3bbd0_0, 0, 8;
    %jmp T_13.256;
T_13.14 ;
    %pushi/vec4 171, 0, 8;
    %store/vec4 v000001f3eeb3bbd0_0, 0, 8;
    %jmp T_13.256;
T_13.15 ;
    %pushi/vec4 118, 0, 8;
    %store/vec4 v000001f3eeb3bbd0_0, 0, 8;
    %jmp T_13.256;
T_13.16 ;
    %pushi/vec4 202, 0, 8;
    %store/vec4 v000001f3eeb3bbd0_0, 0, 8;
    %jmp T_13.256;
T_13.17 ;
    %pushi/vec4 130, 0, 8;
    %store/vec4 v000001f3eeb3bbd0_0, 0, 8;
    %jmp T_13.256;
T_13.18 ;
    %pushi/vec4 201, 0, 8;
    %store/vec4 v000001f3eeb3bbd0_0, 0, 8;
    %jmp T_13.256;
T_13.19 ;
    %pushi/vec4 125, 0, 8;
    %store/vec4 v000001f3eeb3bbd0_0, 0, 8;
    %jmp T_13.256;
T_13.20 ;
    %pushi/vec4 250, 0, 8;
    %store/vec4 v000001f3eeb3bbd0_0, 0, 8;
    %jmp T_13.256;
T_13.21 ;
    %pushi/vec4 89, 0, 8;
    %store/vec4 v000001f3eeb3bbd0_0, 0, 8;
    %jmp T_13.256;
T_13.22 ;
    %pushi/vec4 71, 0, 8;
    %store/vec4 v000001f3eeb3bbd0_0, 0, 8;
    %jmp T_13.256;
T_13.23 ;
    %pushi/vec4 240, 0, 8;
    %store/vec4 v000001f3eeb3bbd0_0, 0, 8;
    %jmp T_13.256;
T_13.24 ;
    %pushi/vec4 173, 0, 8;
    %store/vec4 v000001f3eeb3bbd0_0, 0, 8;
    %jmp T_13.256;
T_13.25 ;
    %pushi/vec4 212, 0, 8;
    %store/vec4 v000001f3eeb3bbd0_0, 0, 8;
    %jmp T_13.256;
T_13.26 ;
    %pushi/vec4 162, 0, 8;
    %store/vec4 v000001f3eeb3bbd0_0, 0, 8;
    %jmp T_13.256;
T_13.27 ;
    %pushi/vec4 175, 0, 8;
    %store/vec4 v000001f3eeb3bbd0_0, 0, 8;
    %jmp T_13.256;
T_13.28 ;
    %pushi/vec4 156, 0, 8;
    %store/vec4 v000001f3eeb3bbd0_0, 0, 8;
    %jmp T_13.256;
T_13.29 ;
    %pushi/vec4 164, 0, 8;
    %store/vec4 v000001f3eeb3bbd0_0, 0, 8;
    %jmp T_13.256;
T_13.30 ;
    %pushi/vec4 114, 0, 8;
    %store/vec4 v000001f3eeb3bbd0_0, 0, 8;
    %jmp T_13.256;
T_13.31 ;
    %pushi/vec4 192, 0, 8;
    %store/vec4 v000001f3eeb3bbd0_0, 0, 8;
    %jmp T_13.256;
T_13.32 ;
    %pushi/vec4 183, 0, 8;
    %store/vec4 v000001f3eeb3bbd0_0, 0, 8;
    %jmp T_13.256;
T_13.33 ;
    %pushi/vec4 253, 0, 8;
    %store/vec4 v000001f3eeb3bbd0_0, 0, 8;
    %jmp T_13.256;
T_13.34 ;
    %pushi/vec4 147, 0, 8;
    %store/vec4 v000001f3eeb3bbd0_0, 0, 8;
    %jmp T_13.256;
T_13.35 ;
    %pushi/vec4 38, 0, 8;
    %store/vec4 v000001f3eeb3bbd0_0, 0, 8;
    %jmp T_13.256;
T_13.36 ;
    %pushi/vec4 54, 0, 8;
    %store/vec4 v000001f3eeb3bbd0_0, 0, 8;
    %jmp T_13.256;
T_13.37 ;
    %pushi/vec4 63, 0, 8;
    %store/vec4 v000001f3eeb3bbd0_0, 0, 8;
    %jmp T_13.256;
T_13.38 ;
    %pushi/vec4 247, 0, 8;
    %store/vec4 v000001f3eeb3bbd0_0, 0, 8;
    %jmp T_13.256;
T_13.39 ;
    %pushi/vec4 204, 0, 8;
    %store/vec4 v000001f3eeb3bbd0_0, 0, 8;
    %jmp T_13.256;
T_13.40 ;
    %pushi/vec4 52, 0, 8;
    %store/vec4 v000001f3eeb3bbd0_0, 0, 8;
    %jmp T_13.256;
T_13.41 ;
    %pushi/vec4 165, 0, 8;
    %store/vec4 v000001f3eeb3bbd0_0, 0, 8;
    %jmp T_13.256;
T_13.42 ;
    %pushi/vec4 229, 0, 8;
    %store/vec4 v000001f3eeb3bbd0_0, 0, 8;
    %jmp T_13.256;
T_13.43 ;
    %pushi/vec4 241, 0, 8;
    %store/vec4 v000001f3eeb3bbd0_0, 0, 8;
    %jmp T_13.256;
T_13.44 ;
    %pushi/vec4 113, 0, 8;
    %store/vec4 v000001f3eeb3bbd0_0, 0, 8;
    %jmp T_13.256;
T_13.45 ;
    %pushi/vec4 216, 0, 8;
    %store/vec4 v000001f3eeb3bbd0_0, 0, 8;
    %jmp T_13.256;
T_13.46 ;
    %pushi/vec4 49, 0, 8;
    %store/vec4 v000001f3eeb3bbd0_0, 0, 8;
    %jmp T_13.256;
T_13.47 ;
    %pushi/vec4 21, 0, 8;
    %store/vec4 v000001f3eeb3bbd0_0, 0, 8;
    %jmp T_13.256;
T_13.48 ;
    %pushi/vec4 4, 0, 8;
    %store/vec4 v000001f3eeb3bbd0_0, 0, 8;
    %jmp T_13.256;
T_13.49 ;
    %pushi/vec4 199, 0, 8;
    %store/vec4 v000001f3eeb3bbd0_0, 0, 8;
    %jmp T_13.256;
T_13.50 ;
    %pushi/vec4 35, 0, 8;
    %store/vec4 v000001f3eeb3bbd0_0, 0, 8;
    %jmp T_13.256;
T_13.51 ;
    %pushi/vec4 195, 0, 8;
    %store/vec4 v000001f3eeb3bbd0_0, 0, 8;
    %jmp T_13.256;
T_13.52 ;
    %pushi/vec4 24, 0, 8;
    %store/vec4 v000001f3eeb3bbd0_0, 0, 8;
    %jmp T_13.256;
T_13.53 ;
    %pushi/vec4 150, 0, 8;
    %store/vec4 v000001f3eeb3bbd0_0, 0, 8;
    %jmp T_13.256;
T_13.54 ;
    %pushi/vec4 5, 0, 8;
    %store/vec4 v000001f3eeb3bbd0_0, 0, 8;
    %jmp T_13.256;
T_13.55 ;
    %pushi/vec4 154, 0, 8;
    %store/vec4 v000001f3eeb3bbd0_0, 0, 8;
    %jmp T_13.256;
T_13.56 ;
    %pushi/vec4 7, 0, 8;
    %store/vec4 v000001f3eeb3bbd0_0, 0, 8;
    %jmp T_13.256;
T_13.57 ;
    %pushi/vec4 18, 0, 8;
    %store/vec4 v000001f3eeb3bbd0_0, 0, 8;
    %jmp T_13.256;
T_13.58 ;
    %pushi/vec4 128, 0, 8;
    %store/vec4 v000001f3eeb3bbd0_0, 0, 8;
    %jmp T_13.256;
T_13.59 ;
    %pushi/vec4 226, 0, 8;
    %store/vec4 v000001f3eeb3bbd0_0, 0, 8;
    %jmp T_13.256;
T_13.60 ;
    %pushi/vec4 235, 0, 8;
    %store/vec4 v000001f3eeb3bbd0_0, 0, 8;
    %jmp T_13.256;
T_13.61 ;
    %pushi/vec4 39, 0, 8;
    %store/vec4 v000001f3eeb3bbd0_0, 0, 8;
    %jmp T_13.256;
T_13.62 ;
    %pushi/vec4 178, 0, 8;
    %store/vec4 v000001f3eeb3bbd0_0, 0, 8;
    %jmp T_13.256;
T_13.63 ;
    %pushi/vec4 117, 0, 8;
    %store/vec4 v000001f3eeb3bbd0_0, 0, 8;
    %jmp T_13.256;
T_13.64 ;
    %pushi/vec4 9, 0, 8;
    %store/vec4 v000001f3eeb3bbd0_0, 0, 8;
    %jmp T_13.256;
T_13.65 ;
    %pushi/vec4 131, 0, 8;
    %store/vec4 v000001f3eeb3bbd0_0, 0, 8;
    %jmp T_13.256;
T_13.66 ;
    %pushi/vec4 44, 0, 8;
    %store/vec4 v000001f3eeb3bbd0_0, 0, 8;
    %jmp T_13.256;
T_13.67 ;
    %pushi/vec4 26, 0, 8;
    %store/vec4 v000001f3eeb3bbd0_0, 0, 8;
    %jmp T_13.256;
T_13.68 ;
    %pushi/vec4 27, 0, 8;
    %store/vec4 v000001f3eeb3bbd0_0, 0, 8;
    %jmp T_13.256;
T_13.69 ;
    %pushi/vec4 110, 0, 8;
    %store/vec4 v000001f3eeb3bbd0_0, 0, 8;
    %jmp T_13.256;
T_13.70 ;
    %pushi/vec4 90, 0, 8;
    %store/vec4 v000001f3eeb3bbd0_0, 0, 8;
    %jmp T_13.256;
T_13.71 ;
    %pushi/vec4 160, 0, 8;
    %store/vec4 v000001f3eeb3bbd0_0, 0, 8;
    %jmp T_13.256;
T_13.72 ;
    %pushi/vec4 82, 0, 8;
    %store/vec4 v000001f3eeb3bbd0_0, 0, 8;
    %jmp T_13.256;
T_13.73 ;
    %pushi/vec4 59, 0, 8;
    %store/vec4 v000001f3eeb3bbd0_0, 0, 8;
    %jmp T_13.256;
T_13.74 ;
    %pushi/vec4 214, 0, 8;
    %store/vec4 v000001f3eeb3bbd0_0, 0, 8;
    %jmp T_13.256;
T_13.75 ;
    %pushi/vec4 179, 0, 8;
    %store/vec4 v000001f3eeb3bbd0_0, 0, 8;
    %jmp T_13.256;
T_13.76 ;
    %pushi/vec4 41, 0, 8;
    %store/vec4 v000001f3eeb3bbd0_0, 0, 8;
    %jmp T_13.256;
T_13.77 ;
    %pushi/vec4 227, 0, 8;
    %store/vec4 v000001f3eeb3bbd0_0, 0, 8;
    %jmp T_13.256;
T_13.78 ;
    %pushi/vec4 47, 0, 8;
    %store/vec4 v000001f3eeb3bbd0_0, 0, 8;
    %jmp T_13.256;
T_13.79 ;
    %pushi/vec4 132, 0, 8;
    %store/vec4 v000001f3eeb3bbd0_0, 0, 8;
    %jmp T_13.256;
T_13.80 ;
    %pushi/vec4 83, 0, 8;
    %store/vec4 v000001f3eeb3bbd0_0, 0, 8;
    %jmp T_13.256;
T_13.81 ;
    %pushi/vec4 209, 0, 8;
    %store/vec4 v000001f3eeb3bbd0_0, 0, 8;
    %jmp T_13.256;
T_13.82 ;
    %pushi/vec4 0, 0, 8;
    %store/vec4 v000001f3eeb3bbd0_0, 0, 8;
    %jmp T_13.256;
T_13.83 ;
    %pushi/vec4 237, 0, 8;
    %store/vec4 v000001f3eeb3bbd0_0, 0, 8;
    %jmp T_13.256;
T_13.84 ;
    %pushi/vec4 32, 0, 8;
    %store/vec4 v000001f3eeb3bbd0_0, 0, 8;
    %jmp T_13.256;
T_13.85 ;
    %pushi/vec4 252, 0, 8;
    %store/vec4 v000001f3eeb3bbd0_0, 0, 8;
    %jmp T_13.256;
T_13.86 ;
    %pushi/vec4 177, 0, 8;
    %store/vec4 v000001f3eeb3bbd0_0, 0, 8;
    %jmp T_13.256;
T_13.87 ;
    %pushi/vec4 91, 0, 8;
    %store/vec4 v000001f3eeb3bbd0_0, 0, 8;
    %jmp T_13.256;
T_13.88 ;
    %pushi/vec4 106, 0, 8;
    %store/vec4 v000001f3eeb3bbd0_0, 0, 8;
    %jmp T_13.256;
T_13.89 ;
    %pushi/vec4 203, 0, 8;
    %store/vec4 v000001f3eeb3bbd0_0, 0, 8;
    %jmp T_13.256;
T_13.90 ;
    %pushi/vec4 190, 0, 8;
    %store/vec4 v000001f3eeb3bbd0_0, 0, 8;
    %jmp T_13.256;
T_13.91 ;
    %pushi/vec4 57, 0, 8;
    %store/vec4 v000001f3eeb3bbd0_0, 0, 8;
    %jmp T_13.256;
T_13.92 ;
    %pushi/vec4 74, 0, 8;
    %store/vec4 v000001f3eeb3bbd0_0, 0, 8;
    %jmp T_13.256;
T_13.93 ;
    %pushi/vec4 76, 0, 8;
    %store/vec4 v000001f3eeb3bbd0_0, 0, 8;
    %jmp T_13.256;
T_13.94 ;
    %pushi/vec4 88, 0, 8;
    %store/vec4 v000001f3eeb3bbd0_0, 0, 8;
    %jmp T_13.256;
T_13.95 ;
    %pushi/vec4 207, 0, 8;
    %store/vec4 v000001f3eeb3bbd0_0, 0, 8;
    %jmp T_13.256;
T_13.96 ;
    %pushi/vec4 208, 0, 8;
    %store/vec4 v000001f3eeb3bbd0_0, 0, 8;
    %jmp T_13.256;
T_13.97 ;
    %pushi/vec4 239, 0, 8;
    %store/vec4 v000001f3eeb3bbd0_0, 0, 8;
    %jmp T_13.256;
T_13.98 ;
    %pushi/vec4 170, 0, 8;
    %store/vec4 v000001f3eeb3bbd0_0, 0, 8;
    %jmp T_13.256;
T_13.99 ;
    %pushi/vec4 251, 0, 8;
    %store/vec4 v000001f3eeb3bbd0_0, 0, 8;
    %jmp T_13.256;
T_13.100 ;
    %pushi/vec4 67, 0, 8;
    %store/vec4 v000001f3eeb3bbd0_0, 0, 8;
    %jmp T_13.256;
T_13.101 ;
    %pushi/vec4 77, 0, 8;
    %store/vec4 v000001f3eeb3bbd0_0, 0, 8;
    %jmp T_13.256;
T_13.102 ;
    %pushi/vec4 51, 0, 8;
    %store/vec4 v000001f3eeb3bbd0_0, 0, 8;
    %jmp T_13.256;
T_13.103 ;
    %pushi/vec4 133, 0, 8;
    %store/vec4 v000001f3eeb3bbd0_0, 0, 8;
    %jmp T_13.256;
T_13.104 ;
    %pushi/vec4 69, 0, 8;
    %store/vec4 v000001f3eeb3bbd0_0, 0, 8;
    %jmp T_13.256;
T_13.105 ;
    %pushi/vec4 249, 0, 8;
    %store/vec4 v000001f3eeb3bbd0_0, 0, 8;
    %jmp T_13.256;
T_13.106 ;
    %pushi/vec4 2, 0, 8;
    %store/vec4 v000001f3eeb3bbd0_0, 0, 8;
    %jmp T_13.256;
T_13.107 ;
    %pushi/vec4 127, 0, 8;
    %store/vec4 v000001f3eeb3bbd0_0, 0, 8;
    %jmp T_13.256;
T_13.108 ;
    %pushi/vec4 80, 0, 8;
    %store/vec4 v000001f3eeb3bbd0_0, 0, 8;
    %jmp T_13.256;
T_13.109 ;
    %pushi/vec4 60, 0, 8;
    %store/vec4 v000001f3eeb3bbd0_0, 0, 8;
    %jmp T_13.256;
T_13.110 ;
    %pushi/vec4 159, 0, 8;
    %store/vec4 v000001f3eeb3bbd0_0, 0, 8;
    %jmp T_13.256;
T_13.111 ;
    %pushi/vec4 168, 0, 8;
    %store/vec4 v000001f3eeb3bbd0_0, 0, 8;
    %jmp T_13.256;
T_13.112 ;
    %pushi/vec4 81, 0, 8;
    %store/vec4 v000001f3eeb3bbd0_0, 0, 8;
    %jmp T_13.256;
T_13.113 ;
    %pushi/vec4 163, 0, 8;
    %store/vec4 v000001f3eeb3bbd0_0, 0, 8;
    %jmp T_13.256;
T_13.114 ;
    %pushi/vec4 64, 0, 8;
    %store/vec4 v000001f3eeb3bbd0_0, 0, 8;
    %jmp T_13.256;
T_13.115 ;
    %pushi/vec4 143, 0, 8;
    %store/vec4 v000001f3eeb3bbd0_0, 0, 8;
    %jmp T_13.256;
T_13.116 ;
    %pushi/vec4 146, 0, 8;
    %store/vec4 v000001f3eeb3bbd0_0, 0, 8;
    %jmp T_13.256;
T_13.117 ;
    %pushi/vec4 157, 0, 8;
    %store/vec4 v000001f3eeb3bbd0_0, 0, 8;
    %jmp T_13.256;
T_13.118 ;
    %pushi/vec4 56, 0, 8;
    %store/vec4 v000001f3eeb3bbd0_0, 0, 8;
    %jmp T_13.256;
T_13.119 ;
    %pushi/vec4 245, 0, 8;
    %store/vec4 v000001f3eeb3bbd0_0, 0, 8;
    %jmp T_13.256;
T_13.120 ;
    %pushi/vec4 188, 0, 8;
    %store/vec4 v000001f3eeb3bbd0_0, 0, 8;
    %jmp T_13.256;
T_13.121 ;
    %pushi/vec4 182, 0, 8;
    %store/vec4 v000001f3eeb3bbd0_0, 0, 8;
    %jmp T_13.256;
T_13.122 ;
    %pushi/vec4 218, 0, 8;
    %store/vec4 v000001f3eeb3bbd0_0, 0, 8;
    %jmp T_13.256;
T_13.123 ;
    %pushi/vec4 33, 0, 8;
    %store/vec4 v000001f3eeb3bbd0_0, 0, 8;
    %jmp T_13.256;
T_13.124 ;
    %pushi/vec4 16, 0, 8;
    %store/vec4 v000001f3eeb3bbd0_0, 0, 8;
    %jmp T_13.256;
T_13.125 ;
    %pushi/vec4 255, 0, 8;
    %store/vec4 v000001f3eeb3bbd0_0, 0, 8;
    %jmp T_13.256;
T_13.126 ;
    %pushi/vec4 243, 0, 8;
    %store/vec4 v000001f3eeb3bbd0_0, 0, 8;
    %jmp T_13.256;
T_13.127 ;
    %pushi/vec4 210, 0, 8;
    %store/vec4 v000001f3eeb3bbd0_0, 0, 8;
    %jmp T_13.256;
T_13.128 ;
    %pushi/vec4 205, 0, 8;
    %store/vec4 v000001f3eeb3bbd0_0, 0, 8;
    %jmp T_13.256;
T_13.129 ;
    %pushi/vec4 12, 0, 8;
    %store/vec4 v000001f3eeb3bbd0_0, 0, 8;
    %jmp T_13.256;
T_13.130 ;
    %pushi/vec4 19, 0, 8;
    %store/vec4 v000001f3eeb3bbd0_0, 0, 8;
    %jmp T_13.256;
T_13.131 ;
    %pushi/vec4 236, 0, 8;
    %store/vec4 v000001f3eeb3bbd0_0, 0, 8;
    %jmp T_13.256;
T_13.132 ;
    %pushi/vec4 95, 0, 8;
    %store/vec4 v000001f3eeb3bbd0_0, 0, 8;
    %jmp T_13.256;
T_13.133 ;
    %pushi/vec4 151, 0, 8;
    %store/vec4 v000001f3eeb3bbd0_0, 0, 8;
    %jmp T_13.256;
T_13.134 ;
    %pushi/vec4 68, 0, 8;
    %store/vec4 v000001f3eeb3bbd0_0, 0, 8;
    %jmp T_13.256;
T_13.135 ;
    %pushi/vec4 23, 0, 8;
    %store/vec4 v000001f3eeb3bbd0_0, 0, 8;
    %jmp T_13.256;
T_13.136 ;
    %pushi/vec4 196, 0, 8;
    %store/vec4 v000001f3eeb3bbd0_0, 0, 8;
    %jmp T_13.256;
T_13.137 ;
    %pushi/vec4 167, 0, 8;
    %store/vec4 v000001f3eeb3bbd0_0, 0, 8;
    %jmp T_13.256;
T_13.138 ;
    %pushi/vec4 126, 0, 8;
    %store/vec4 v000001f3eeb3bbd0_0, 0, 8;
    %jmp T_13.256;
T_13.139 ;
    %pushi/vec4 61, 0, 8;
    %store/vec4 v000001f3eeb3bbd0_0, 0, 8;
    %jmp T_13.256;
T_13.140 ;
    %pushi/vec4 100, 0, 8;
    %store/vec4 v000001f3eeb3bbd0_0, 0, 8;
    %jmp T_13.256;
T_13.141 ;
    %pushi/vec4 93, 0, 8;
    %store/vec4 v000001f3eeb3bbd0_0, 0, 8;
    %jmp T_13.256;
T_13.142 ;
    %pushi/vec4 25, 0, 8;
    %store/vec4 v000001f3eeb3bbd0_0, 0, 8;
    %jmp T_13.256;
T_13.143 ;
    %pushi/vec4 115, 0, 8;
    %store/vec4 v000001f3eeb3bbd0_0, 0, 8;
    %jmp T_13.256;
T_13.144 ;
    %pushi/vec4 96, 0, 8;
    %store/vec4 v000001f3eeb3bbd0_0, 0, 8;
    %jmp T_13.256;
T_13.145 ;
    %pushi/vec4 129, 0, 8;
    %store/vec4 v000001f3eeb3bbd0_0, 0, 8;
    %jmp T_13.256;
T_13.146 ;
    %pushi/vec4 79, 0, 8;
    %store/vec4 v000001f3eeb3bbd0_0, 0, 8;
    %jmp T_13.256;
T_13.147 ;
    %pushi/vec4 220, 0, 8;
    %store/vec4 v000001f3eeb3bbd0_0, 0, 8;
    %jmp T_13.256;
T_13.148 ;
    %pushi/vec4 34, 0, 8;
    %store/vec4 v000001f3eeb3bbd0_0, 0, 8;
    %jmp T_13.256;
T_13.149 ;
    %pushi/vec4 42, 0, 8;
    %store/vec4 v000001f3eeb3bbd0_0, 0, 8;
    %jmp T_13.256;
T_13.150 ;
    %pushi/vec4 144, 0, 8;
    %store/vec4 v000001f3eeb3bbd0_0, 0, 8;
    %jmp T_13.256;
T_13.151 ;
    %pushi/vec4 136, 0, 8;
    %store/vec4 v000001f3eeb3bbd0_0, 0, 8;
    %jmp T_13.256;
T_13.152 ;
    %pushi/vec4 70, 0, 8;
    %store/vec4 v000001f3eeb3bbd0_0, 0, 8;
    %jmp T_13.256;
T_13.153 ;
    %pushi/vec4 238, 0, 8;
    %store/vec4 v000001f3eeb3bbd0_0, 0, 8;
    %jmp T_13.256;
T_13.154 ;
    %pushi/vec4 184, 0, 8;
    %store/vec4 v000001f3eeb3bbd0_0, 0, 8;
    %jmp T_13.256;
T_13.155 ;
    %pushi/vec4 20, 0, 8;
    %store/vec4 v000001f3eeb3bbd0_0, 0, 8;
    %jmp T_13.256;
T_13.156 ;
    %pushi/vec4 222, 0, 8;
    %store/vec4 v000001f3eeb3bbd0_0, 0, 8;
    %jmp T_13.256;
T_13.157 ;
    %pushi/vec4 94, 0, 8;
    %store/vec4 v000001f3eeb3bbd0_0, 0, 8;
    %jmp T_13.256;
T_13.158 ;
    %pushi/vec4 11, 0, 8;
    %store/vec4 v000001f3eeb3bbd0_0, 0, 8;
    %jmp T_13.256;
T_13.159 ;
    %pushi/vec4 219, 0, 8;
    %store/vec4 v000001f3eeb3bbd0_0, 0, 8;
    %jmp T_13.256;
T_13.160 ;
    %pushi/vec4 224, 0, 8;
    %store/vec4 v000001f3eeb3bbd0_0, 0, 8;
    %jmp T_13.256;
T_13.161 ;
    %pushi/vec4 50, 0, 8;
    %store/vec4 v000001f3eeb3bbd0_0, 0, 8;
    %jmp T_13.256;
T_13.162 ;
    %pushi/vec4 58, 0, 8;
    %store/vec4 v000001f3eeb3bbd0_0, 0, 8;
    %jmp T_13.256;
T_13.163 ;
    %pushi/vec4 10, 0, 8;
    %store/vec4 v000001f3eeb3bbd0_0, 0, 8;
    %jmp T_13.256;
T_13.164 ;
    %pushi/vec4 73, 0, 8;
    %store/vec4 v000001f3eeb3bbd0_0, 0, 8;
    %jmp T_13.256;
T_13.165 ;
    %pushi/vec4 6, 0, 8;
    %store/vec4 v000001f3eeb3bbd0_0, 0, 8;
    %jmp T_13.256;
T_13.166 ;
    %pushi/vec4 36, 0, 8;
    %store/vec4 v000001f3eeb3bbd0_0, 0, 8;
    %jmp T_13.256;
T_13.167 ;
    %pushi/vec4 92, 0, 8;
    %store/vec4 v000001f3eeb3bbd0_0, 0, 8;
    %jmp T_13.256;
T_13.168 ;
    %pushi/vec4 194, 0, 8;
    %store/vec4 v000001f3eeb3bbd0_0, 0, 8;
    %jmp T_13.256;
T_13.169 ;
    %pushi/vec4 211, 0, 8;
    %store/vec4 v000001f3eeb3bbd0_0, 0, 8;
    %jmp T_13.256;
T_13.170 ;
    %pushi/vec4 172, 0, 8;
    %store/vec4 v000001f3eeb3bbd0_0, 0, 8;
    %jmp T_13.256;
T_13.171 ;
    %pushi/vec4 98, 0, 8;
    %store/vec4 v000001f3eeb3bbd0_0, 0, 8;
    %jmp T_13.256;
T_13.172 ;
    %pushi/vec4 145, 0, 8;
    %store/vec4 v000001f3eeb3bbd0_0, 0, 8;
    %jmp T_13.256;
T_13.173 ;
    %pushi/vec4 149, 0, 8;
    %store/vec4 v000001f3eeb3bbd0_0, 0, 8;
    %jmp T_13.256;
T_13.174 ;
    %pushi/vec4 228, 0, 8;
    %store/vec4 v000001f3eeb3bbd0_0, 0, 8;
    %jmp T_13.256;
T_13.175 ;
    %pushi/vec4 121, 0, 8;
    %store/vec4 v000001f3eeb3bbd0_0, 0, 8;
    %jmp T_13.256;
T_13.176 ;
    %pushi/vec4 231, 0, 8;
    %store/vec4 v000001f3eeb3bbd0_0, 0, 8;
    %jmp T_13.256;
T_13.177 ;
    %pushi/vec4 200, 0, 8;
    %store/vec4 v000001f3eeb3bbd0_0, 0, 8;
    %jmp T_13.256;
T_13.178 ;
    %pushi/vec4 55, 0, 8;
    %store/vec4 v000001f3eeb3bbd0_0, 0, 8;
    %jmp T_13.256;
T_13.179 ;
    %pushi/vec4 109, 0, 8;
    %store/vec4 v000001f3eeb3bbd0_0, 0, 8;
    %jmp T_13.256;
T_13.180 ;
    %pushi/vec4 141, 0, 8;
    %store/vec4 v000001f3eeb3bbd0_0, 0, 8;
    %jmp T_13.256;
T_13.181 ;
    %pushi/vec4 213, 0, 8;
    %store/vec4 v000001f3eeb3bbd0_0, 0, 8;
    %jmp T_13.256;
T_13.182 ;
    %pushi/vec4 78, 0, 8;
    %store/vec4 v000001f3eeb3bbd0_0, 0, 8;
    %jmp T_13.256;
T_13.183 ;
    %pushi/vec4 169, 0, 8;
    %store/vec4 v000001f3eeb3bbd0_0, 0, 8;
    %jmp T_13.256;
T_13.184 ;
    %pushi/vec4 108, 0, 8;
    %store/vec4 v000001f3eeb3bbd0_0, 0, 8;
    %jmp T_13.256;
T_13.185 ;
    %pushi/vec4 86, 0, 8;
    %store/vec4 v000001f3eeb3bbd0_0, 0, 8;
    %jmp T_13.256;
T_13.186 ;
    %pushi/vec4 244, 0, 8;
    %store/vec4 v000001f3eeb3bbd0_0, 0, 8;
    %jmp T_13.256;
T_13.187 ;
    %pushi/vec4 234, 0, 8;
    %store/vec4 v000001f3eeb3bbd0_0, 0, 8;
    %jmp T_13.256;
T_13.188 ;
    %pushi/vec4 101, 0, 8;
    %store/vec4 v000001f3eeb3bbd0_0, 0, 8;
    %jmp T_13.256;
T_13.189 ;
    %pushi/vec4 122, 0, 8;
    %store/vec4 v000001f3eeb3bbd0_0, 0, 8;
    %jmp T_13.256;
T_13.190 ;
    %pushi/vec4 174, 0, 8;
    %store/vec4 v000001f3eeb3bbd0_0, 0, 8;
    %jmp T_13.256;
T_13.191 ;
    %pushi/vec4 8, 0, 8;
    %store/vec4 v000001f3eeb3bbd0_0, 0, 8;
    %jmp T_13.256;
T_13.192 ;
    %pushi/vec4 186, 0, 8;
    %store/vec4 v000001f3eeb3bbd0_0, 0, 8;
    %jmp T_13.256;
T_13.193 ;
    %pushi/vec4 120, 0, 8;
    %store/vec4 v000001f3eeb3bbd0_0, 0, 8;
    %jmp T_13.256;
T_13.194 ;
    %pushi/vec4 37, 0, 8;
    %store/vec4 v000001f3eeb3bbd0_0, 0, 8;
    %jmp T_13.256;
T_13.195 ;
    %pushi/vec4 46, 0, 8;
    %store/vec4 v000001f3eeb3bbd0_0, 0, 8;
    %jmp T_13.256;
T_13.196 ;
    %pushi/vec4 28, 0, 8;
    %store/vec4 v000001f3eeb3bbd0_0, 0, 8;
    %jmp T_13.256;
T_13.197 ;
    %pushi/vec4 166, 0, 8;
    %store/vec4 v000001f3eeb3bbd0_0, 0, 8;
    %jmp T_13.256;
T_13.198 ;
    %pushi/vec4 180, 0, 8;
    %store/vec4 v000001f3eeb3bbd0_0, 0, 8;
    %jmp T_13.256;
T_13.199 ;
    %pushi/vec4 198, 0, 8;
    %store/vec4 v000001f3eeb3bbd0_0, 0, 8;
    %jmp T_13.256;
T_13.200 ;
    %pushi/vec4 232, 0, 8;
    %store/vec4 v000001f3eeb3bbd0_0, 0, 8;
    %jmp T_13.256;
T_13.201 ;
    %pushi/vec4 221, 0, 8;
    %store/vec4 v000001f3eeb3bbd0_0, 0, 8;
    %jmp T_13.256;
T_13.202 ;
    %pushi/vec4 116, 0, 8;
    %store/vec4 v000001f3eeb3bbd0_0, 0, 8;
    %jmp T_13.256;
T_13.203 ;
    %pushi/vec4 31, 0, 8;
    %store/vec4 v000001f3eeb3bbd0_0, 0, 8;
    %jmp T_13.256;
T_13.204 ;
    %pushi/vec4 75, 0, 8;
    %store/vec4 v000001f3eeb3bbd0_0, 0, 8;
    %jmp T_13.256;
T_13.205 ;
    %pushi/vec4 189, 0, 8;
    %store/vec4 v000001f3eeb3bbd0_0, 0, 8;
    %jmp T_13.256;
T_13.206 ;
    %pushi/vec4 139, 0, 8;
    %store/vec4 v000001f3eeb3bbd0_0, 0, 8;
    %jmp T_13.256;
T_13.207 ;
    %pushi/vec4 138, 0, 8;
    %store/vec4 v000001f3eeb3bbd0_0, 0, 8;
    %jmp T_13.256;
T_13.208 ;
    %pushi/vec4 112, 0, 8;
    %store/vec4 v000001f3eeb3bbd0_0, 0, 8;
    %jmp T_13.256;
T_13.209 ;
    %pushi/vec4 62, 0, 8;
    %store/vec4 v000001f3eeb3bbd0_0, 0, 8;
    %jmp T_13.256;
T_13.210 ;
    %pushi/vec4 181, 0, 8;
    %store/vec4 v000001f3eeb3bbd0_0, 0, 8;
    %jmp T_13.256;
T_13.211 ;
    %pushi/vec4 102, 0, 8;
    %store/vec4 v000001f3eeb3bbd0_0, 0, 8;
    %jmp T_13.256;
T_13.212 ;
    %pushi/vec4 72, 0, 8;
    %store/vec4 v000001f3eeb3bbd0_0, 0, 8;
    %jmp T_13.256;
T_13.213 ;
    %pushi/vec4 3, 0, 8;
    %store/vec4 v000001f3eeb3bbd0_0, 0, 8;
    %jmp T_13.256;
T_13.214 ;
    %pushi/vec4 246, 0, 8;
    %store/vec4 v000001f3eeb3bbd0_0, 0, 8;
    %jmp T_13.256;
T_13.215 ;
    %pushi/vec4 14, 0, 8;
    %store/vec4 v000001f3eeb3bbd0_0, 0, 8;
    %jmp T_13.256;
T_13.216 ;
    %pushi/vec4 97, 0, 8;
    %store/vec4 v000001f3eeb3bbd0_0, 0, 8;
    %jmp T_13.256;
T_13.217 ;
    %pushi/vec4 53, 0, 8;
    %store/vec4 v000001f3eeb3bbd0_0, 0, 8;
    %jmp T_13.256;
T_13.218 ;
    %pushi/vec4 87, 0, 8;
    %store/vec4 v000001f3eeb3bbd0_0, 0, 8;
    %jmp T_13.256;
T_13.219 ;
    %pushi/vec4 185, 0, 8;
    %store/vec4 v000001f3eeb3bbd0_0, 0, 8;
    %jmp T_13.256;
T_13.220 ;
    %pushi/vec4 134, 0, 8;
    %store/vec4 v000001f3eeb3bbd0_0, 0, 8;
    %jmp T_13.256;
T_13.221 ;
    %pushi/vec4 193, 0, 8;
    %store/vec4 v000001f3eeb3bbd0_0, 0, 8;
    %jmp T_13.256;
T_13.222 ;
    %pushi/vec4 29, 0, 8;
    %store/vec4 v000001f3eeb3bbd0_0, 0, 8;
    %jmp T_13.256;
T_13.223 ;
    %pushi/vec4 158, 0, 8;
    %store/vec4 v000001f3eeb3bbd0_0, 0, 8;
    %jmp T_13.256;
T_13.224 ;
    %pushi/vec4 225, 0, 8;
    %store/vec4 v000001f3eeb3bbd0_0, 0, 8;
    %jmp T_13.256;
T_13.225 ;
    %pushi/vec4 248, 0, 8;
    %store/vec4 v000001f3eeb3bbd0_0, 0, 8;
    %jmp T_13.256;
T_13.226 ;
    %pushi/vec4 152, 0, 8;
    %store/vec4 v000001f3eeb3bbd0_0, 0, 8;
    %jmp T_13.256;
T_13.227 ;
    %pushi/vec4 17, 0, 8;
    %store/vec4 v000001f3eeb3bbd0_0, 0, 8;
    %jmp T_13.256;
T_13.228 ;
    %pushi/vec4 105, 0, 8;
    %store/vec4 v000001f3eeb3bbd0_0, 0, 8;
    %jmp T_13.256;
T_13.229 ;
    %pushi/vec4 217, 0, 8;
    %store/vec4 v000001f3eeb3bbd0_0, 0, 8;
    %jmp T_13.256;
T_13.230 ;
    %pushi/vec4 142, 0, 8;
    %store/vec4 v000001f3eeb3bbd0_0, 0, 8;
    %jmp T_13.256;
T_13.231 ;
    %pushi/vec4 148, 0, 8;
    %store/vec4 v000001f3eeb3bbd0_0, 0, 8;
    %jmp T_13.256;
T_13.232 ;
    %pushi/vec4 155, 0, 8;
    %store/vec4 v000001f3eeb3bbd0_0, 0, 8;
    %jmp T_13.256;
T_13.233 ;
    %pushi/vec4 30, 0, 8;
    %store/vec4 v000001f3eeb3bbd0_0, 0, 8;
    %jmp T_13.256;
T_13.234 ;
    %pushi/vec4 135, 0, 8;
    %store/vec4 v000001f3eeb3bbd0_0, 0, 8;
    %jmp T_13.256;
T_13.235 ;
    %pushi/vec4 233, 0, 8;
    %store/vec4 v000001f3eeb3bbd0_0, 0, 8;
    %jmp T_13.256;
T_13.236 ;
    %pushi/vec4 206, 0, 8;
    %store/vec4 v000001f3eeb3bbd0_0, 0, 8;
    %jmp T_13.256;
T_13.237 ;
    %pushi/vec4 85, 0, 8;
    %store/vec4 v000001f3eeb3bbd0_0, 0, 8;
    %jmp T_13.256;
T_13.238 ;
    %pushi/vec4 40, 0, 8;
    %store/vec4 v000001f3eeb3bbd0_0, 0, 8;
    %jmp T_13.256;
T_13.239 ;
    %pushi/vec4 223, 0, 8;
    %store/vec4 v000001f3eeb3bbd0_0, 0, 8;
    %jmp T_13.256;
T_13.240 ;
    %pushi/vec4 140, 0, 8;
    %store/vec4 v000001f3eeb3bbd0_0, 0, 8;
    %jmp T_13.256;
T_13.241 ;
    %pushi/vec4 161, 0, 8;
    %store/vec4 v000001f3eeb3bbd0_0, 0, 8;
    %jmp T_13.256;
T_13.242 ;
    %pushi/vec4 137, 0, 8;
    %store/vec4 v000001f3eeb3bbd0_0, 0, 8;
    %jmp T_13.256;
T_13.243 ;
    %pushi/vec4 13, 0, 8;
    %store/vec4 v000001f3eeb3bbd0_0, 0, 8;
    %jmp T_13.256;
T_13.244 ;
    %pushi/vec4 191, 0, 8;
    %store/vec4 v000001f3eeb3bbd0_0, 0, 8;
    %jmp T_13.256;
T_13.245 ;
    %pushi/vec4 230, 0, 8;
    %store/vec4 v000001f3eeb3bbd0_0, 0, 8;
    %jmp T_13.256;
T_13.246 ;
    %pushi/vec4 66, 0, 8;
    %store/vec4 v000001f3eeb3bbd0_0, 0, 8;
    %jmp T_13.256;
T_13.247 ;
    %pushi/vec4 104, 0, 8;
    %store/vec4 v000001f3eeb3bbd0_0, 0, 8;
    %jmp T_13.256;
T_13.248 ;
    %pushi/vec4 65, 0, 8;
    %store/vec4 v000001f3eeb3bbd0_0, 0, 8;
    %jmp T_13.256;
T_13.249 ;
    %pushi/vec4 153, 0, 8;
    %store/vec4 v000001f3eeb3bbd0_0, 0, 8;
    %jmp T_13.256;
T_13.250 ;
    %pushi/vec4 45, 0, 8;
    %store/vec4 v000001f3eeb3bbd0_0, 0, 8;
    %jmp T_13.256;
T_13.251 ;
    %pushi/vec4 15, 0, 8;
    %store/vec4 v000001f3eeb3bbd0_0, 0, 8;
    %jmp T_13.256;
T_13.252 ;
    %pushi/vec4 176, 0, 8;
    %store/vec4 v000001f3eeb3bbd0_0, 0, 8;
    %jmp T_13.256;
T_13.253 ;
    %pushi/vec4 84, 0, 8;
    %store/vec4 v000001f3eeb3bbd0_0, 0, 8;
    %jmp T_13.256;
T_13.254 ;
    %pushi/vec4 187, 0, 8;
    %store/vec4 v000001f3eeb3bbd0_0, 0, 8;
    %jmp T_13.256;
T_13.255 ;
    %pushi/vec4 22, 0, 8;
    %store/vec4 v000001f3eeb3bbd0_0, 0, 8;
    %jmp T_13.256;
T_13.256 ;
    %pop/vec4 1;
    %jmp T_13;
    .thread T_13, $push;
    .scope S_000001f3eeb3df50;
T_14 ;
    %wait E_000001f3eeabfd80;
    %load/vec4 v000001f3eeb3d110_0;
    %dup/vec4;
    %pushi/vec4 0, 0, 8;
    %cmp/u;
    %jmp/1 T_14.0, 6;
    %dup/vec4;
    %pushi/vec4 1, 0, 8;
    %cmp/u;
    %jmp/1 T_14.1, 6;
    %dup/vec4;
    %pushi/vec4 2, 0, 8;
    %cmp/u;
    %jmp/1 T_14.2, 6;
    %dup/vec4;
    %pushi/vec4 3, 0, 8;
    %cmp/u;
    %jmp/1 T_14.3, 6;
    %dup/vec4;
    %pushi/vec4 4, 0, 8;
    %cmp/u;
    %jmp/1 T_14.4, 6;
    %dup/vec4;
    %pushi/vec4 5, 0, 8;
    %cmp/u;
    %jmp/1 T_14.5, 6;
    %dup/vec4;
    %pushi/vec4 6, 0, 8;
    %cmp/u;
    %jmp/1 T_14.6, 6;
    %dup/vec4;
    %pushi/vec4 7, 0, 8;
    %cmp/u;
    %jmp/1 T_14.7, 6;
    %dup/vec4;
    %pushi/vec4 8, 0, 8;
    %cmp/u;
    %jmp/1 T_14.8, 6;
    %dup/vec4;
    %pushi/vec4 9, 0, 8;
    %cmp/u;
    %jmp/1 T_14.9, 6;
    %dup/vec4;
    %pushi/vec4 10, 0, 8;
    %cmp/u;
    %jmp/1 T_14.10, 6;
    %dup/vec4;
    %pushi/vec4 11, 0, 8;
    %cmp/u;
    %jmp/1 T_14.11, 6;
    %dup/vec4;
    %pushi/vec4 12, 0, 8;
    %cmp/u;
    %jmp/1 T_14.12, 6;
    %dup/vec4;
    %pushi/vec4 13, 0, 8;
    %cmp/u;
    %jmp/1 T_14.13, 6;
    %dup/vec4;
    %pushi/vec4 14, 0, 8;
    %cmp/u;
    %jmp/1 T_14.14, 6;
    %dup/vec4;
    %pushi/vec4 15, 0, 8;
    %cmp/u;
    %jmp/1 T_14.15, 6;
    %dup/vec4;
    %pushi/vec4 16, 0, 8;
    %cmp/u;
    %jmp/1 T_14.16, 6;
    %dup/vec4;
    %pushi/vec4 17, 0, 8;
    %cmp/u;
    %jmp/1 T_14.17, 6;
    %dup/vec4;
    %pushi/vec4 18, 0, 8;
    %cmp/u;
    %jmp/1 T_14.18, 6;
    %dup/vec4;
    %pushi/vec4 19, 0, 8;
    %cmp/u;
    %jmp/1 T_14.19, 6;
    %dup/vec4;
    %pushi/vec4 20, 0, 8;
    %cmp/u;
    %jmp/1 T_14.20, 6;
    %dup/vec4;
    %pushi/vec4 21, 0, 8;
    %cmp/u;
    %jmp/1 T_14.21, 6;
    %dup/vec4;
    %pushi/vec4 22, 0, 8;
    %cmp/u;
    %jmp/1 T_14.22, 6;
    %dup/vec4;
    %pushi/vec4 23, 0, 8;
    %cmp/u;
    %jmp/1 T_14.23, 6;
    %dup/vec4;
    %pushi/vec4 24, 0, 8;
    %cmp/u;
    %jmp/1 T_14.24, 6;
    %dup/vec4;
    %pushi/vec4 25, 0, 8;
    %cmp/u;
    %jmp/1 T_14.25, 6;
    %dup/vec4;
    %pushi/vec4 26, 0, 8;
    %cmp/u;
    %jmp/1 T_14.26, 6;
    %dup/vec4;
    %pushi/vec4 27, 0, 8;
    %cmp/u;
    %jmp/1 T_14.27, 6;
    %dup/vec4;
    %pushi/vec4 28, 0, 8;
    %cmp/u;
    %jmp/1 T_14.28, 6;
    %dup/vec4;
    %pushi/vec4 29, 0, 8;
    %cmp/u;
    %jmp/1 T_14.29, 6;
    %dup/vec4;
    %pushi/vec4 30, 0, 8;
    %cmp/u;
    %jmp/1 T_14.30, 6;
    %dup/vec4;
    %pushi/vec4 31, 0, 8;
    %cmp/u;
    %jmp/1 T_14.31, 6;
    %dup/vec4;
    %pushi/vec4 32, 0, 8;
    %cmp/u;
    %jmp/1 T_14.32, 6;
    %dup/vec4;
    %pushi/vec4 33, 0, 8;
    %cmp/u;
    %jmp/1 T_14.33, 6;
    %dup/vec4;
    %pushi/vec4 34, 0, 8;
    %cmp/u;
    %jmp/1 T_14.34, 6;
    %dup/vec4;
    %pushi/vec4 35, 0, 8;
    %cmp/u;
    %jmp/1 T_14.35, 6;
    %dup/vec4;
    %pushi/vec4 36, 0, 8;
    %cmp/u;
    %jmp/1 T_14.36, 6;
    %dup/vec4;
    %pushi/vec4 37, 0, 8;
    %cmp/u;
    %jmp/1 T_14.37, 6;
    %dup/vec4;
    %pushi/vec4 38, 0, 8;
    %cmp/u;
    %jmp/1 T_14.38, 6;
    %dup/vec4;
    %pushi/vec4 39, 0, 8;
    %cmp/u;
    %jmp/1 T_14.39, 6;
    %dup/vec4;
    %pushi/vec4 40, 0, 8;
    %cmp/u;
    %jmp/1 T_14.40, 6;
    %dup/vec4;
    %pushi/vec4 41, 0, 8;
    %cmp/u;
    %jmp/1 T_14.41, 6;
    %dup/vec4;
    %pushi/vec4 42, 0, 8;
    %cmp/u;
    %jmp/1 T_14.42, 6;
    %dup/vec4;
    %pushi/vec4 43, 0, 8;
    %cmp/u;
    %jmp/1 T_14.43, 6;
    %dup/vec4;
    %pushi/vec4 44, 0, 8;
    %cmp/u;
    %jmp/1 T_14.44, 6;
    %dup/vec4;
    %pushi/vec4 45, 0, 8;
    %cmp/u;
    %jmp/1 T_14.45, 6;
    %dup/vec4;
    %pushi/vec4 46, 0, 8;
    %cmp/u;
    %jmp/1 T_14.46, 6;
    %dup/vec4;
    %pushi/vec4 47, 0, 8;
    %cmp/u;
    %jmp/1 T_14.47, 6;
    %dup/vec4;
    %pushi/vec4 48, 0, 8;
    %cmp/u;
    %jmp/1 T_14.48, 6;
    %dup/vec4;
    %pushi/vec4 49, 0, 8;
    %cmp/u;
    %jmp/1 T_14.49, 6;
    %dup/vec4;
    %pushi/vec4 50, 0, 8;
    %cmp/u;
    %jmp/1 T_14.50, 6;
    %dup/vec4;
    %pushi/vec4 51, 0, 8;
    %cmp/u;
    %jmp/1 T_14.51, 6;
    %dup/vec4;
    %pushi/vec4 52, 0, 8;
    %cmp/u;
    %jmp/1 T_14.52, 6;
    %dup/vec4;
    %pushi/vec4 53, 0, 8;
    %cmp/u;
    %jmp/1 T_14.53, 6;
    %dup/vec4;
    %pushi/vec4 54, 0, 8;
    %cmp/u;
    %jmp/1 T_14.54, 6;
    %dup/vec4;
    %pushi/vec4 55, 0, 8;
    %cmp/u;
    %jmp/1 T_14.55, 6;
    %dup/vec4;
    %pushi/vec4 56, 0, 8;
    %cmp/u;
    %jmp/1 T_14.56, 6;
    %dup/vec4;
    %pushi/vec4 57, 0, 8;
    %cmp/u;
    %jmp/1 T_14.57, 6;
    %dup/vec4;
    %pushi/vec4 58, 0, 8;
    %cmp/u;
    %jmp/1 T_14.58, 6;
    %dup/vec4;
    %pushi/vec4 59, 0, 8;
    %cmp/u;
    %jmp/1 T_14.59, 6;
    %dup/vec4;
    %pushi/vec4 60, 0, 8;
    %cmp/u;
    %jmp/1 T_14.60, 6;
    %dup/vec4;
    %pushi/vec4 61, 0, 8;
    %cmp/u;
    %jmp/1 T_14.61, 6;
    %dup/vec4;
    %pushi/vec4 62, 0, 8;
    %cmp/u;
    %jmp/1 T_14.62, 6;
    %dup/vec4;
    %pushi/vec4 63, 0, 8;
    %cmp/u;
    %jmp/1 T_14.63, 6;
    %dup/vec4;
    %pushi/vec4 64, 0, 8;
    %cmp/u;
    %jmp/1 T_14.64, 6;
    %dup/vec4;
    %pushi/vec4 65, 0, 8;
    %cmp/u;
    %jmp/1 T_14.65, 6;
    %dup/vec4;
    %pushi/vec4 66, 0, 8;
    %cmp/u;
    %jmp/1 T_14.66, 6;
    %dup/vec4;
    %pushi/vec4 67, 0, 8;
    %cmp/u;
    %jmp/1 T_14.67, 6;
    %dup/vec4;
    %pushi/vec4 68, 0, 8;
    %cmp/u;
    %jmp/1 T_14.68, 6;
    %dup/vec4;
    %pushi/vec4 69, 0, 8;
    %cmp/u;
    %jmp/1 T_14.69, 6;
    %dup/vec4;
    %pushi/vec4 70, 0, 8;
    %cmp/u;
    %jmp/1 T_14.70, 6;
    %dup/vec4;
    %pushi/vec4 71, 0, 8;
    %cmp/u;
    %jmp/1 T_14.71, 6;
    %dup/vec4;
    %pushi/vec4 72, 0, 8;
    %cmp/u;
    %jmp/1 T_14.72, 6;
    %dup/vec4;
    %pushi/vec4 73, 0, 8;
    %cmp/u;
    %jmp/1 T_14.73, 6;
    %dup/vec4;
    %pushi/vec4 74, 0, 8;
    %cmp/u;
    %jmp/1 T_14.74, 6;
    %dup/vec4;
    %pushi/vec4 75, 0, 8;
    %cmp/u;
    %jmp/1 T_14.75, 6;
    %dup/vec4;
    %pushi/vec4 76, 0, 8;
    %cmp/u;
    %jmp/1 T_14.76, 6;
    %dup/vec4;
    %pushi/vec4 77, 0, 8;
    %cmp/u;
    %jmp/1 T_14.77, 6;
    %dup/vec4;
    %pushi/vec4 78, 0, 8;
    %cmp/u;
    %jmp/1 T_14.78, 6;
    %dup/vec4;
    %pushi/vec4 79, 0, 8;
    %cmp/u;
    %jmp/1 T_14.79, 6;
    %dup/vec4;
    %pushi/vec4 80, 0, 8;
    %cmp/u;
    %jmp/1 T_14.80, 6;
    %dup/vec4;
    %pushi/vec4 81, 0, 8;
    %cmp/u;
    %jmp/1 T_14.81, 6;
    %dup/vec4;
    %pushi/vec4 82, 0, 8;
    %cmp/u;
    %jmp/1 T_14.82, 6;
    %dup/vec4;
    %pushi/vec4 83, 0, 8;
    %cmp/u;
    %jmp/1 T_14.83, 6;
    %dup/vec4;
    %pushi/vec4 84, 0, 8;
    %cmp/u;
    %jmp/1 T_14.84, 6;
    %dup/vec4;
    %pushi/vec4 85, 0, 8;
    %cmp/u;
    %jmp/1 T_14.85, 6;
    %dup/vec4;
    %pushi/vec4 86, 0, 8;
    %cmp/u;
    %jmp/1 T_14.86, 6;
    %dup/vec4;
    %pushi/vec4 87, 0, 8;
    %cmp/u;
    %jmp/1 T_14.87, 6;
    %dup/vec4;
    %pushi/vec4 88, 0, 8;
    %cmp/u;
    %jmp/1 T_14.88, 6;
    %dup/vec4;
    %pushi/vec4 89, 0, 8;
    %cmp/u;
    %jmp/1 T_14.89, 6;
    %dup/vec4;
    %pushi/vec4 90, 0, 8;
    %cmp/u;
    %jmp/1 T_14.90, 6;
    %dup/vec4;
    %pushi/vec4 91, 0, 8;
    %cmp/u;
    %jmp/1 T_14.91, 6;
    %dup/vec4;
    %pushi/vec4 92, 0, 8;
    %cmp/u;
    %jmp/1 T_14.92, 6;
    %dup/vec4;
    %pushi/vec4 93, 0, 8;
    %cmp/u;
    %jmp/1 T_14.93, 6;
    %dup/vec4;
    %pushi/vec4 94, 0, 8;
    %cmp/u;
    %jmp/1 T_14.94, 6;
    %dup/vec4;
    %pushi/vec4 95, 0, 8;
    %cmp/u;
    %jmp/1 T_14.95, 6;
    %dup/vec4;
    %pushi/vec4 96, 0, 8;
    %cmp/u;
    %jmp/1 T_14.96, 6;
    %dup/vec4;
    %pushi/vec4 97, 0, 8;
    %cmp/u;
    %jmp/1 T_14.97, 6;
    %dup/vec4;
    %pushi/vec4 98, 0, 8;
    %cmp/u;
    %jmp/1 T_14.98, 6;
    %dup/vec4;
    %pushi/vec4 99, 0, 8;
    %cmp/u;
    %jmp/1 T_14.99, 6;
    %dup/vec4;
    %pushi/vec4 100, 0, 8;
    %cmp/u;
    %jmp/1 T_14.100, 6;
    %dup/vec4;
    %pushi/vec4 101, 0, 8;
    %cmp/u;
    %jmp/1 T_14.101, 6;
    %dup/vec4;
    %pushi/vec4 102, 0, 8;
    %cmp/u;
    %jmp/1 T_14.102, 6;
    %dup/vec4;
    %pushi/vec4 103, 0, 8;
    %cmp/u;
    %jmp/1 T_14.103, 6;
    %dup/vec4;
    %pushi/vec4 104, 0, 8;
    %cmp/u;
    %jmp/1 T_14.104, 6;
    %dup/vec4;
    %pushi/vec4 105, 0, 8;
    %cmp/u;
    %jmp/1 T_14.105, 6;
    %dup/vec4;
    %pushi/vec4 106, 0, 8;
    %cmp/u;
    %jmp/1 T_14.106, 6;
    %dup/vec4;
    %pushi/vec4 107, 0, 8;
    %cmp/u;
    %jmp/1 T_14.107, 6;
    %dup/vec4;
    %pushi/vec4 108, 0, 8;
    %cmp/u;
    %jmp/1 T_14.108, 6;
    %dup/vec4;
    %pushi/vec4 109, 0, 8;
    %cmp/u;
    %jmp/1 T_14.109, 6;
    %dup/vec4;
    %pushi/vec4 110, 0, 8;
    %cmp/u;
    %jmp/1 T_14.110, 6;
    %dup/vec4;
    %pushi/vec4 111, 0, 8;
    %cmp/u;
    %jmp/1 T_14.111, 6;
    %dup/vec4;
    %pushi/vec4 112, 0, 8;
    %cmp/u;
    %jmp/1 T_14.112, 6;
    %dup/vec4;
    %pushi/vec4 113, 0, 8;
    %cmp/u;
    %jmp/1 T_14.113, 6;
    %dup/vec4;
    %pushi/vec4 114, 0, 8;
    %cmp/u;
    %jmp/1 T_14.114, 6;
    %dup/vec4;
    %pushi/vec4 115, 0, 8;
    %cmp/u;
    %jmp/1 T_14.115, 6;
    %dup/vec4;
    %pushi/vec4 116, 0, 8;
    %cmp/u;
    %jmp/1 T_14.116, 6;
    %dup/vec4;
    %pushi/vec4 117, 0, 8;
    %cmp/u;
    %jmp/1 T_14.117, 6;
    %dup/vec4;
    %pushi/vec4 118, 0, 8;
    %cmp/u;
    %jmp/1 T_14.118, 6;
    %dup/vec4;
    %pushi/vec4 119, 0, 8;
    %cmp/u;
    %jmp/1 T_14.119, 6;
    %dup/vec4;
    %pushi/vec4 120, 0, 8;
    %cmp/u;
    %jmp/1 T_14.120, 6;
    %dup/vec4;
    %pushi/vec4 121, 0, 8;
    %cmp/u;
    %jmp/1 T_14.121, 6;
    %dup/vec4;
    %pushi/vec4 122, 0, 8;
    %cmp/u;
    %jmp/1 T_14.122, 6;
    %dup/vec4;
    %pushi/vec4 123, 0, 8;
    %cmp/u;
    %jmp/1 T_14.123, 6;
    %dup/vec4;
    %pushi/vec4 124, 0, 8;
    %cmp/u;
    %jmp/1 T_14.124, 6;
    %dup/vec4;
    %pushi/vec4 125, 0, 8;
    %cmp/u;
    %jmp/1 T_14.125, 6;
    %dup/vec4;
    %pushi/vec4 126, 0, 8;
    %cmp/u;
    %jmp/1 T_14.126, 6;
    %dup/vec4;
    %pushi/vec4 127, 0, 8;
    %cmp/u;
    %jmp/1 T_14.127, 6;
    %dup/vec4;
    %pushi/vec4 128, 0, 8;
    %cmp/u;
    %jmp/1 T_14.128, 6;
    %dup/vec4;
    %pushi/vec4 129, 0, 8;
    %cmp/u;
    %jmp/1 T_14.129, 6;
    %dup/vec4;
    %pushi/vec4 130, 0, 8;
    %cmp/u;
    %jmp/1 T_14.130, 6;
    %dup/vec4;
    %pushi/vec4 131, 0, 8;
    %cmp/u;
    %jmp/1 T_14.131, 6;
    %dup/vec4;
    %pushi/vec4 132, 0, 8;
    %cmp/u;
    %jmp/1 T_14.132, 6;
    %dup/vec4;
    %pushi/vec4 133, 0, 8;
    %cmp/u;
    %jmp/1 T_14.133, 6;
    %dup/vec4;
    %pushi/vec4 134, 0, 8;
    %cmp/u;
    %jmp/1 T_14.134, 6;
    %dup/vec4;
    %pushi/vec4 135, 0, 8;
    %cmp/u;
    %jmp/1 T_14.135, 6;
    %dup/vec4;
    %pushi/vec4 136, 0, 8;
    %cmp/u;
    %jmp/1 T_14.136, 6;
    %dup/vec4;
    %pushi/vec4 137, 0, 8;
    %cmp/u;
    %jmp/1 T_14.137, 6;
    %dup/vec4;
    %pushi/vec4 138, 0, 8;
    %cmp/u;
    %jmp/1 T_14.138, 6;
    %dup/vec4;
    %pushi/vec4 139, 0, 8;
    %cmp/u;
    %jmp/1 T_14.139, 6;
    %dup/vec4;
    %pushi/vec4 140, 0, 8;
    %cmp/u;
    %jmp/1 T_14.140, 6;
    %dup/vec4;
    %pushi/vec4 141, 0, 8;
    %cmp/u;
    %jmp/1 T_14.141, 6;
    %dup/vec4;
    %pushi/vec4 142, 0, 8;
    %cmp/u;
    %jmp/1 T_14.142, 6;
    %dup/vec4;
    %pushi/vec4 143, 0, 8;
    %cmp/u;
    %jmp/1 T_14.143, 6;
    %dup/vec4;
    %pushi/vec4 144, 0, 8;
    %cmp/u;
    %jmp/1 T_14.144, 6;
    %dup/vec4;
    %pushi/vec4 145, 0, 8;
    %cmp/u;
    %jmp/1 T_14.145, 6;
    %dup/vec4;
    %pushi/vec4 146, 0, 8;
    %cmp/u;
    %jmp/1 T_14.146, 6;
    %dup/vec4;
    %pushi/vec4 147, 0, 8;
    %cmp/u;
    %jmp/1 T_14.147, 6;
    %dup/vec4;
    %pushi/vec4 148, 0, 8;
    %cmp/u;
    %jmp/1 T_14.148, 6;
    %dup/vec4;
    %pushi/vec4 149, 0, 8;
    %cmp/u;
    %jmp/1 T_14.149, 6;
    %dup/vec4;
    %pushi/vec4 150, 0, 8;
    %cmp/u;
    %jmp/1 T_14.150, 6;
    %dup/vec4;
    %pushi/vec4 151, 0, 8;
    %cmp/u;
    %jmp/1 T_14.151, 6;
    %dup/vec4;
    %pushi/vec4 152, 0, 8;
    %cmp/u;
    %jmp/1 T_14.152, 6;
    %dup/vec4;
    %pushi/vec4 153, 0, 8;
    %cmp/u;
    %jmp/1 T_14.153, 6;
    %dup/vec4;
    %pushi/vec4 154, 0, 8;
    %cmp/u;
    %jmp/1 T_14.154, 6;
    %dup/vec4;
    %pushi/vec4 155, 0, 8;
    %cmp/u;
    %jmp/1 T_14.155, 6;
    %dup/vec4;
    %pushi/vec4 156, 0, 8;
    %cmp/u;
    %jmp/1 T_14.156, 6;
    %dup/vec4;
    %pushi/vec4 157, 0, 8;
    %cmp/u;
    %jmp/1 T_14.157, 6;
    %dup/vec4;
    %pushi/vec4 158, 0, 8;
    %cmp/u;
    %jmp/1 T_14.158, 6;
    %dup/vec4;
    %pushi/vec4 159, 0, 8;
    %cmp/u;
    %jmp/1 T_14.159, 6;
    %dup/vec4;
    %pushi/vec4 160, 0, 8;
    %cmp/u;
    %jmp/1 T_14.160, 6;
    %dup/vec4;
    %pushi/vec4 161, 0, 8;
    %cmp/u;
    %jmp/1 T_14.161, 6;
    %dup/vec4;
    %pushi/vec4 162, 0, 8;
    %cmp/u;
    %jmp/1 T_14.162, 6;
    %dup/vec4;
    %pushi/vec4 163, 0, 8;
    %cmp/u;
    %jmp/1 T_14.163, 6;
    %dup/vec4;
    %pushi/vec4 164, 0, 8;
    %cmp/u;
    %jmp/1 T_14.164, 6;
    %dup/vec4;
    %pushi/vec4 165, 0, 8;
    %cmp/u;
    %jmp/1 T_14.165, 6;
    %dup/vec4;
    %pushi/vec4 166, 0, 8;
    %cmp/u;
    %jmp/1 T_14.166, 6;
    %dup/vec4;
    %pushi/vec4 167, 0, 8;
    %cmp/u;
    %jmp/1 T_14.167, 6;
    %dup/vec4;
    %pushi/vec4 168, 0, 8;
    %cmp/u;
    %jmp/1 T_14.168, 6;
    %dup/vec4;
    %pushi/vec4 169, 0, 8;
    %cmp/u;
    %jmp/1 T_14.169, 6;
    %dup/vec4;
    %pushi/vec4 170, 0, 8;
    %cmp/u;
    %jmp/1 T_14.170, 6;
    %dup/vec4;
    %pushi/vec4 171, 0, 8;
    %cmp/u;
    %jmp/1 T_14.171, 6;
    %dup/vec4;
    %pushi/vec4 172, 0, 8;
    %cmp/u;
    %jmp/1 T_14.172, 6;
    %dup/vec4;
    %pushi/vec4 173, 0, 8;
    %cmp/u;
    %jmp/1 T_14.173, 6;
    %dup/vec4;
    %pushi/vec4 174, 0, 8;
    %cmp/u;
    %jmp/1 T_14.174, 6;
    %dup/vec4;
    %pushi/vec4 175, 0, 8;
    %cmp/u;
    %jmp/1 T_14.175, 6;
    %dup/vec4;
    %pushi/vec4 176, 0, 8;
    %cmp/u;
    %jmp/1 T_14.176, 6;
    %dup/vec4;
    %pushi/vec4 177, 0, 8;
    %cmp/u;
    %jmp/1 T_14.177, 6;
    %dup/vec4;
    %pushi/vec4 178, 0, 8;
    %cmp/u;
    %jmp/1 T_14.178, 6;
    %dup/vec4;
    %pushi/vec4 179, 0, 8;
    %cmp/u;
    %jmp/1 T_14.179, 6;
    %dup/vec4;
    %pushi/vec4 180, 0, 8;
    %cmp/u;
    %jmp/1 T_14.180, 6;
    %dup/vec4;
    %pushi/vec4 181, 0, 8;
    %cmp/u;
    %jmp/1 T_14.181, 6;
    %dup/vec4;
    %pushi/vec4 182, 0, 8;
    %cmp/u;
    %jmp/1 T_14.182, 6;
    %dup/vec4;
    %pushi/vec4 183, 0, 8;
    %cmp/u;
    %jmp/1 T_14.183, 6;
    %dup/vec4;
    %pushi/vec4 184, 0, 8;
    %cmp/u;
    %jmp/1 T_14.184, 6;
    %dup/vec4;
    %pushi/vec4 185, 0, 8;
    %cmp/u;
    %jmp/1 T_14.185, 6;
    %dup/vec4;
    %pushi/vec4 186, 0, 8;
    %cmp/u;
    %jmp/1 T_14.186, 6;
    %dup/vec4;
    %pushi/vec4 187, 0, 8;
    %cmp/u;
    %jmp/1 T_14.187, 6;
    %dup/vec4;
    %pushi/vec4 188, 0, 8;
    %cmp/u;
    %jmp/1 T_14.188, 6;
    %dup/vec4;
    %pushi/vec4 189, 0, 8;
    %cmp/u;
    %jmp/1 T_14.189, 6;
    %dup/vec4;
    %pushi/vec4 190, 0, 8;
    %cmp/u;
    %jmp/1 T_14.190, 6;
    %dup/vec4;
    %pushi/vec4 191, 0, 8;
    %cmp/u;
    %jmp/1 T_14.191, 6;
    %dup/vec4;
    %pushi/vec4 192, 0, 8;
    %cmp/u;
    %jmp/1 T_14.192, 6;
    %dup/vec4;
    %pushi/vec4 193, 0, 8;
    %cmp/u;
    %jmp/1 T_14.193, 6;
    %dup/vec4;
    %pushi/vec4 194, 0, 8;
    %cmp/u;
    %jmp/1 T_14.194, 6;
    %dup/vec4;
    %pushi/vec4 195, 0, 8;
    %cmp/u;
    %jmp/1 T_14.195, 6;
    %dup/vec4;
    %pushi/vec4 196, 0, 8;
    %cmp/u;
    %jmp/1 T_14.196, 6;
    %dup/vec4;
    %pushi/vec4 197, 0, 8;
    %cmp/u;
    %jmp/1 T_14.197, 6;
    %dup/vec4;
    %pushi/vec4 198, 0, 8;
    %cmp/u;
    %jmp/1 T_14.198, 6;
    %dup/vec4;
    %pushi/vec4 199, 0, 8;
    %cmp/u;
    %jmp/1 T_14.199, 6;
    %dup/vec4;
    %pushi/vec4 200, 0, 8;
    %cmp/u;
    %jmp/1 T_14.200, 6;
    %dup/vec4;
    %pushi/vec4 201, 0, 8;
    %cmp/u;
    %jmp/1 T_14.201, 6;
    %dup/vec4;
    %pushi/vec4 202, 0, 8;
    %cmp/u;
    %jmp/1 T_14.202, 6;
    %dup/vec4;
    %pushi/vec4 203, 0, 8;
    %cmp/u;
    %jmp/1 T_14.203, 6;
    %dup/vec4;
    %pushi/vec4 204, 0, 8;
    %cmp/u;
    %jmp/1 T_14.204, 6;
    %dup/vec4;
    %pushi/vec4 205, 0, 8;
    %cmp/u;
    %jmp/1 T_14.205, 6;
    %dup/vec4;
    %pushi/vec4 206, 0, 8;
    %cmp/u;
    %jmp/1 T_14.206, 6;
    %dup/vec4;
    %pushi/vec4 207, 0, 8;
    %cmp/u;
    %jmp/1 T_14.207, 6;
    %dup/vec4;
    %pushi/vec4 208, 0, 8;
    %cmp/u;
    %jmp/1 T_14.208, 6;
    %dup/vec4;
    %pushi/vec4 209, 0, 8;
    %cmp/u;
    %jmp/1 T_14.209, 6;
    %dup/vec4;
    %pushi/vec4 210, 0, 8;
    %cmp/u;
    %jmp/1 T_14.210, 6;
    %dup/vec4;
    %pushi/vec4 211, 0, 8;
    %cmp/u;
    %jmp/1 T_14.211, 6;
    %dup/vec4;
    %pushi/vec4 212, 0, 8;
    %cmp/u;
    %jmp/1 T_14.212, 6;
    %dup/vec4;
    %pushi/vec4 213, 0, 8;
    %cmp/u;
    %jmp/1 T_14.213, 6;
    %dup/vec4;
    %pushi/vec4 214, 0, 8;
    %cmp/u;
    %jmp/1 T_14.214, 6;
    %dup/vec4;
    %pushi/vec4 215, 0, 8;
    %cmp/u;
    %jmp/1 T_14.215, 6;
    %dup/vec4;
    %pushi/vec4 216, 0, 8;
    %cmp/u;
    %jmp/1 T_14.216, 6;
    %dup/vec4;
    %pushi/vec4 217, 0, 8;
    %cmp/u;
    %jmp/1 T_14.217, 6;
    %dup/vec4;
    %pushi/vec4 218, 0, 8;
    %cmp/u;
    %jmp/1 T_14.218, 6;
    %dup/vec4;
    %pushi/vec4 219, 0, 8;
    %cmp/u;
    %jmp/1 T_14.219, 6;
    %dup/vec4;
    %pushi/vec4 220, 0, 8;
    %cmp/u;
    %jmp/1 T_14.220, 6;
    %dup/vec4;
    %pushi/vec4 221, 0, 8;
    %cmp/u;
    %jmp/1 T_14.221, 6;
    %dup/vec4;
    %pushi/vec4 222, 0, 8;
    %cmp/u;
    %jmp/1 T_14.222, 6;
    %dup/vec4;
    %pushi/vec4 223, 0, 8;
    %cmp/u;
    %jmp/1 T_14.223, 6;
    %dup/vec4;
    %pushi/vec4 224, 0, 8;
    %cmp/u;
    %jmp/1 T_14.224, 6;
    %dup/vec4;
    %pushi/vec4 225, 0, 8;
    %cmp/u;
    %jmp/1 T_14.225, 6;
    %dup/vec4;
    %pushi/vec4 226, 0, 8;
    %cmp/u;
    %jmp/1 T_14.226, 6;
    %dup/vec4;
    %pushi/vec4 227, 0, 8;
    %cmp/u;
    %jmp/1 T_14.227, 6;
    %dup/vec4;
    %pushi/vec4 228, 0, 8;
    %cmp/u;
    %jmp/1 T_14.228, 6;
    %dup/vec4;
    %pushi/vec4 229, 0, 8;
    %cmp/u;
    %jmp/1 T_14.229, 6;
    %dup/vec4;
    %pushi/vec4 230, 0, 8;
    %cmp/u;
    %jmp/1 T_14.230, 6;
    %dup/vec4;
    %pushi/vec4 231, 0, 8;
    %cmp/u;
    %jmp/1 T_14.231, 6;
    %dup/vec4;
    %pushi/vec4 232, 0, 8;
    %cmp/u;
    %jmp/1 T_14.232, 6;
    %dup/vec4;
    %pushi/vec4 233, 0, 8;
    %cmp/u;
    %jmp/1 T_14.233, 6;
    %dup/vec4;
    %pushi/vec4 234, 0, 8;
    %cmp/u;
    %jmp/1 T_14.234, 6;
    %dup/vec4;
    %pushi/vec4 235, 0, 8;
    %cmp/u;
    %jmp/1 T_14.235, 6;
    %dup/vec4;
    %pushi/vec4 236, 0, 8;
    %cmp/u;
    %jmp/1 T_14.236, 6;
    %dup/vec4;
    %pushi/vec4 237, 0, 8;
    %cmp/u;
    %jmp/1 T_14.237, 6;
    %dup/vec4;
    %pushi/vec4 238, 0, 8;
    %cmp/u;
    %jmp/1 T_14.238, 6;
    %dup/vec4;
    %pushi/vec4 239, 0, 8;
    %cmp/u;
    %jmp/1 T_14.239, 6;
    %dup/vec4;
    %pushi/vec4 240, 0, 8;
    %cmp/u;
    %jmp/1 T_14.240, 6;
    %dup/vec4;
    %pushi/vec4 241, 0, 8;
    %cmp/u;
    %jmp/1 T_14.241, 6;
    %dup/vec4;
    %pushi/vec4 242, 0, 8;
    %cmp/u;
    %jmp/1 T_14.242, 6;
    %dup/vec4;
    %pushi/vec4 243, 0, 8;
    %cmp/u;
    %jmp/1 T_14.243, 6;
    %dup/vec4;
    %pushi/vec4 244, 0, 8;
    %cmp/u;
    %jmp/1 T_14.244, 6;
    %dup/vec4;
    %pushi/vec4 245, 0, 8;
    %cmp/u;
    %jmp/1 T_14.245, 6;
    %dup/vec4;
    %pushi/vec4 246, 0, 8;
    %cmp/u;
    %jmp/1 T_14.246, 6;
    %dup/vec4;
    %pushi/vec4 247, 0, 8;
    %cmp/u;
    %jmp/1 T_14.247, 6;
    %dup/vec4;
    %pushi/vec4 248, 0, 8;
    %cmp/u;
    %jmp/1 T_14.248, 6;
    %dup/vec4;
    %pushi/vec4 249, 0, 8;
    %cmp/u;
    %jmp/1 T_14.249, 6;
    %dup/vec4;
    %pushi/vec4 250, 0, 8;
    %cmp/u;
    %jmp/1 T_14.250, 6;
    %dup/vec4;
    %pushi/vec4 251, 0, 8;
    %cmp/u;
    %jmp/1 T_14.251, 6;
    %dup/vec4;
    %pushi/vec4 252, 0, 8;
    %cmp/u;
    %jmp/1 T_14.252, 6;
    %dup/vec4;
    %pushi/vec4 253, 0, 8;
    %cmp/u;
    %jmp/1 T_14.253, 6;
    %dup/vec4;
    %pushi/vec4 254, 0, 8;
    %cmp/u;
    %jmp/1 T_14.254, 6;
    %dup/vec4;
    %pushi/vec4 255, 0, 8;
    %cmp/u;
    %jmp/1 T_14.255, 6;
    %jmp T_14.256;
T_14.0 ;
    %pushi/vec4 99, 0, 8;
    %store/vec4 v000001f3eeb3d430_0, 0, 8;
    %jmp T_14.256;
T_14.1 ;
    %pushi/vec4 124, 0, 8;
    %store/vec4 v000001f3eeb3d430_0, 0, 8;
    %jmp T_14.256;
T_14.2 ;
    %pushi/vec4 119, 0, 8;
    %store/vec4 v000001f3eeb3d430_0, 0, 8;
    %jmp T_14.256;
T_14.3 ;
    %pushi/vec4 123, 0, 8;
    %store/vec4 v000001f3eeb3d430_0, 0, 8;
    %jmp T_14.256;
T_14.4 ;
    %pushi/vec4 242, 0, 8;
    %store/vec4 v000001f3eeb3d430_0, 0, 8;
    %jmp T_14.256;
T_14.5 ;
    %pushi/vec4 107, 0, 8;
    %store/vec4 v000001f3eeb3d430_0, 0, 8;
    %jmp T_14.256;
T_14.6 ;
    %pushi/vec4 111, 0, 8;
    %store/vec4 v000001f3eeb3d430_0, 0, 8;
    %jmp T_14.256;
T_14.7 ;
    %pushi/vec4 197, 0, 8;
    %store/vec4 v000001f3eeb3d430_0, 0, 8;
    %jmp T_14.256;
T_14.8 ;
    %pushi/vec4 48, 0, 8;
    %store/vec4 v000001f3eeb3d430_0, 0, 8;
    %jmp T_14.256;
T_14.9 ;
    %pushi/vec4 1, 0, 8;
    %store/vec4 v000001f3eeb3d430_0, 0, 8;
    %jmp T_14.256;
T_14.10 ;
    %pushi/vec4 103, 0, 8;
    %store/vec4 v000001f3eeb3d430_0, 0, 8;
    %jmp T_14.256;
T_14.11 ;
    %pushi/vec4 43, 0, 8;
    %store/vec4 v000001f3eeb3d430_0, 0, 8;
    %jmp T_14.256;
T_14.12 ;
    %pushi/vec4 254, 0, 8;
    %store/vec4 v000001f3eeb3d430_0, 0, 8;
    %jmp T_14.256;
T_14.13 ;
    %pushi/vec4 215, 0, 8;
    %store/vec4 v000001f3eeb3d430_0, 0, 8;
    %jmp T_14.256;
T_14.14 ;
    %pushi/vec4 171, 0, 8;
    %store/vec4 v000001f3eeb3d430_0, 0, 8;
    %jmp T_14.256;
T_14.15 ;
    %pushi/vec4 118, 0, 8;
    %store/vec4 v000001f3eeb3d430_0, 0, 8;
    %jmp T_14.256;
T_14.16 ;
    %pushi/vec4 202, 0, 8;
    %store/vec4 v000001f3eeb3d430_0, 0, 8;
    %jmp T_14.256;
T_14.17 ;
    %pushi/vec4 130, 0, 8;
    %store/vec4 v000001f3eeb3d430_0, 0, 8;
    %jmp T_14.256;
T_14.18 ;
    %pushi/vec4 201, 0, 8;
    %store/vec4 v000001f3eeb3d430_0, 0, 8;
    %jmp T_14.256;
T_14.19 ;
    %pushi/vec4 125, 0, 8;
    %store/vec4 v000001f3eeb3d430_0, 0, 8;
    %jmp T_14.256;
T_14.20 ;
    %pushi/vec4 250, 0, 8;
    %store/vec4 v000001f3eeb3d430_0, 0, 8;
    %jmp T_14.256;
T_14.21 ;
    %pushi/vec4 89, 0, 8;
    %store/vec4 v000001f3eeb3d430_0, 0, 8;
    %jmp T_14.256;
T_14.22 ;
    %pushi/vec4 71, 0, 8;
    %store/vec4 v000001f3eeb3d430_0, 0, 8;
    %jmp T_14.256;
T_14.23 ;
    %pushi/vec4 240, 0, 8;
    %store/vec4 v000001f3eeb3d430_0, 0, 8;
    %jmp T_14.256;
T_14.24 ;
    %pushi/vec4 173, 0, 8;
    %store/vec4 v000001f3eeb3d430_0, 0, 8;
    %jmp T_14.256;
T_14.25 ;
    %pushi/vec4 212, 0, 8;
    %store/vec4 v000001f3eeb3d430_0, 0, 8;
    %jmp T_14.256;
T_14.26 ;
    %pushi/vec4 162, 0, 8;
    %store/vec4 v000001f3eeb3d430_0, 0, 8;
    %jmp T_14.256;
T_14.27 ;
    %pushi/vec4 175, 0, 8;
    %store/vec4 v000001f3eeb3d430_0, 0, 8;
    %jmp T_14.256;
T_14.28 ;
    %pushi/vec4 156, 0, 8;
    %store/vec4 v000001f3eeb3d430_0, 0, 8;
    %jmp T_14.256;
T_14.29 ;
    %pushi/vec4 164, 0, 8;
    %store/vec4 v000001f3eeb3d430_0, 0, 8;
    %jmp T_14.256;
T_14.30 ;
    %pushi/vec4 114, 0, 8;
    %store/vec4 v000001f3eeb3d430_0, 0, 8;
    %jmp T_14.256;
T_14.31 ;
    %pushi/vec4 192, 0, 8;
    %store/vec4 v000001f3eeb3d430_0, 0, 8;
    %jmp T_14.256;
T_14.32 ;
    %pushi/vec4 183, 0, 8;
    %store/vec4 v000001f3eeb3d430_0, 0, 8;
    %jmp T_14.256;
T_14.33 ;
    %pushi/vec4 253, 0, 8;
    %store/vec4 v000001f3eeb3d430_0, 0, 8;
    %jmp T_14.256;
T_14.34 ;
    %pushi/vec4 147, 0, 8;
    %store/vec4 v000001f3eeb3d430_0, 0, 8;
    %jmp T_14.256;
T_14.35 ;
    %pushi/vec4 38, 0, 8;
    %store/vec4 v000001f3eeb3d430_0, 0, 8;
    %jmp T_14.256;
T_14.36 ;
    %pushi/vec4 54, 0, 8;
    %store/vec4 v000001f3eeb3d430_0, 0, 8;
    %jmp T_14.256;
T_14.37 ;
    %pushi/vec4 63, 0, 8;
    %store/vec4 v000001f3eeb3d430_0, 0, 8;
    %jmp T_14.256;
T_14.38 ;
    %pushi/vec4 247, 0, 8;
    %store/vec4 v000001f3eeb3d430_0, 0, 8;
    %jmp T_14.256;
T_14.39 ;
    %pushi/vec4 204, 0, 8;
    %store/vec4 v000001f3eeb3d430_0, 0, 8;
    %jmp T_14.256;
T_14.40 ;
    %pushi/vec4 52, 0, 8;
    %store/vec4 v000001f3eeb3d430_0, 0, 8;
    %jmp T_14.256;
T_14.41 ;
    %pushi/vec4 165, 0, 8;
    %store/vec4 v000001f3eeb3d430_0, 0, 8;
    %jmp T_14.256;
T_14.42 ;
    %pushi/vec4 229, 0, 8;
    %store/vec4 v000001f3eeb3d430_0, 0, 8;
    %jmp T_14.256;
T_14.43 ;
    %pushi/vec4 241, 0, 8;
    %store/vec4 v000001f3eeb3d430_0, 0, 8;
    %jmp T_14.256;
T_14.44 ;
    %pushi/vec4 113, 0, 8;
    %store/vec4 v000001f3eeb3d430_0, 0, 8;
    %jmp T_14.256;
T_14.45 ;
    %pushi/vec4 216, 0, 8;
    %store/vec4 v000001f3eeb3d430_0, 0, 8;
    %jmp T_14.256;
T_14.46 ;
    %pushi/vec4 49, 0, 8;
    %store/vec4 v000001f3eeb3d430_0, 0, 8;
    %jmp T_14.256;
T_14.47 ;
    %pushi/vec4 21, 0, 8;
    %store/vec4 v000001f3eeb3d430_0, 0, 8;
    %jmp T_14.256;
T_14.48 ;
    %pushi/vec4 4, 0, 8;
    %store/vec4 v000001f3eeb3d430_0, 0, 8;
    %jmp T_14.256;
T_14.49 ;
    %pushi/vec4 199, 0, 8;
    %store/vec4 v000001f3eeb3d430_0, 0, 8;
    %jmp T_14.256;
T_14.50 ;
    %pushi/vec4 35, 0, 8;
    %store/vec4 v000001f3eeb3d430_0, 0, 8;
    %jmp T_14.256;
T_14.51 ;
    %pushi/vec4 195, 0, 8;
    %store/vec4 v000001f3eeb3d430_0, 0, 8;
    %jmp T_14.256;
T_14.52 ;
    %pushi/vec4 24, 0, 8;
    %store/vec4 v000001f3eeb3d430_0, 0, 8;
    %jmp T_14.256;
T_14.53 ;
    %pushi/vec4 150, 0, 8;
    %store/vec4 v000001f3eeb3d430_0, 0, 8;
    %jmp T_14.256;
T_14.54 ;
    %pushi/vec4 5, 0, 8;
    %store/vec4 v000001f3eeb3d430_0, 0, 8;
    %jmp T_14.256;
T_14.55 ;
    %pushi/vec4 154, 0, 8;
    %store/vec4 v000001f3eeb3d430_0, 0, 8;
    %jmp T_14.256;
T_14.56 ;
    %pushi/vec4 7, 0, 8;
    %store/vec4 v000001f3eeb3d430_0, 0, 8;
    %jmp T_14.256;
T_14.57 ;
    %pushi/vec4 18, 0, 8;
    %store/vec4 v000001f3eeb3d430_0, 0, 8;
    %jmp T_14.256;
T_14.58 ;
    %pushi/vec4 128, 0, 8;
    %store/vec4 v000001f3eeb3d430_0, 0, 8;
    %jmp T_14.256;
T_14.59 ;
    %pushi/vec4 226, 0, 8;
    %store/vec4 v000001f3eeb3d430_0, 0, 8;
    %jmp T_14.256;
T_14.60 ;
    %pushi/vec4 235, 0, 8;
    %store/vec4 v000001f3eeb3d430_0, 0, 8;
    %jmp T_14.256;
T_14.61 ;
    %pushi/vec4 39, 0, 8;
    %store/vec4 v000001f3eeb3d430_0, 0, 8;
    %jmp T_14.256;
T_14.62 ;
    %pushi/vec4 178, 0, 8;
    %store/vec4 v000001f3eeb3d430_0, 0, 8;
    %jmp T_14.256;
T_14.63 ;
    %pushi/vec4 117, 0, 8;
    %store/vec4 v000001f3eeb3d430_0, 0, 8;
    %jmp T_14.256;
T_14.64 ;
    %pushi/vec4 9, 0, 8;
    %store/vec4 v000001f3eeb3d430_0, 0, 8;
    %jmp T_14.256;
T_14.65 ;
    %pushi/vec4 131, 0, 8;
    %store/vec4 v000001f3eeb3d430_0, 0, 8;
    %jmp T_14.256;
T_14.66 ;
    %pushi/vec4 44, 0, 8;
    %store/vec4 v000001f3eeb3d430_0, 0, 8;
    %jmp T_14.256;
T_14.67 ;
    %pushi/vec4 26, 0, 8;
    %store/vec4 v000001f3eeb3d430_0, 0, 8;
    %jmp T_14.256;
T_14.68 ;
    %pushi/vec4 27, 0, 8;
    %store/vec4 v000001f3eeb3d430_0, 0, 8;
    %jmp T_14.256;
T_14.69 ;
    %pushi/vec4 110, 0, 8;
    %store/vec4 v000001f3eeb3d430_0, 0, 8;
    %jmp T_14.256;
T_14.70 ;
    %pushi/vec4 90, 0, 8;
    %store/vec4 v000001f3eeb3d430_0, 0, 8;
    %jmp T_14.256;
T_14.71 ;
    %pushi/vec4 160, 0, 8;
    %store/vec4 v000001f3eeb3d430_0, 0, 8;
    %jmp T_14.256;
T_14.72 ;
    %pushi/vec4 82, 0, 8;
    %store/vec4 v000001f3eeb3d430_0, 0, 8;
    %jmp T_14.256;
T_14.73 ;
    %pushi/vec4 59, 0, 8;
    %store/vec4 v000001f3eeb3d430_0, 0, 8;
    %jmp T_14.256;
T_14.74 ;
    %pushi/vec4 214, 0, 8;
    %store/vec4 v000001f3eeb3d430_0, 0, 8;
    %jmp T_14.256;
T_14.75 ;
    %pushi/vec4 179, 0, 8;
    %store/vec4 v000001f3eeb3d430_0, 0, 8;
    %jmp T_14.256;
T_14.76 ;
    %pushi/vec4 41, 0, 8;
    %store/vec4 v000001f3eeb3d430_0, 0, 8;
    %jmp T_14.256;
T_14.77 ;
    %pushi/vec4 227, 0, 8;
    %store/vec4 v000001f3eeb3d430_0, 0, 8;
    %jmp T_14.256;
T_14.78 ;
    %pushi/vec4 47, 0, 8;
    %store/vec4 v000001f3eeb3d430_0, 0, 8;
    %jmp T_14.256;
T_14.79 ;
    %pushi/vec4 132, 0, 8;
    %store/vec4 v000001f3eeb3d430_0, 0, 8;
    %jmp T_14.256;
T_14.80 ;
    %pushi/vec4 83, 0, 8;
    %store/vec4 v000001f3eeb3d430_0, 0, 8;
    %jmp T_14.256;
T_14.81 ;
    %pushi/vec4 209, 0, 8;
    %store/vec4 v000001f3eeb3d430_0, 0, 8;
    %jmp T_14.256;
T_14.82 ;
    %pushi/vec4 0, 0, 8;
    %store/vec4 v000001f3eeb3d430_0, 0, 8;
    %jmp T_14.256;
T_14.83 ;
    %pushi/vec4 237, 0, 8;
    %store/vec4 v000001f3eeb3d430_0, 0, 8;
    %jmp T_14.256;
T_14.84 ;
    %pushi/vec4 32, 0, 8;
    %store/vec4 v000001f3eeb3d430_0, 0, 8;
    %jmp T_14.256;
T_14.85 ;
    %pushi/vec4 252, 0, 8;
    %store/vec4 v000001f3eeb3d430_0, 0, 8;
    %jmp T_14.256;
T_14.86 ;
    %pushi/vec4 177, 0, 8;
    %store/vec4 v000001f3eeb3d430_0, 0, 8;
    %jmp T_14.256;
T_14.87 ;
    %pushi/vec4 91, 0, 8;
    %store/vec4 v000001f3eeb3d430_0, 0, 8;
    %jmp T_14.256;
T_14.88 ;
    %pushi/vec4 106, 0, 8;
    %store/vec4 v000001f3eeb3d430_0, 0, 8;
    %jmp T_14.256;
T_14.89 ;
    %pushi/vec4 203, 0, 8;
    %store/vec4 v000001f3eeb3d430_0, 0, 8;
    %jmp T_14.256;
T_14.90 ;
    %pushi/vec4 190, 0, 8;
    %store/vec4 v000001f3eeb3d430_0, 0, 8;
    %jmp T_14.256;
T_14.91 ;
    %pushi/vec4 57, 0, 8;
    %store/vec4 v000001f3eeb3d430_0, 0, 8;
    %jmp T_14.256;
T_14.92 ;
    %pushi/vec4 74, 0, 8;
    %store/vec4 v000001f3eeb3d430_0, 0, 8;
    %jmp T_14.256;
T_14.93 ;
    %pushi/vec4 76, 0, 8;
    %store/vec4 v000001f3eeb3d430_0, 0, 8;
    %jmp T_14.256;
T_14.94 ;
    %pushi/vec4 88, 0, 8;
    %store/vec4 v000001f3eeb3d430_0, 0, 8;
    %jmp T_14.256;
T_14.95 ;
    %pushi/vec4 207, 0, 8;
    %store/vec4 v000001f3eeb3d430_0, 0, 8;
    %jmp T_14.256;
T_14.96 ;
    %pushi/vec4 208, 0, 8;
    %store/vec4 v000001f3eeb3d430_0, 0, 8;
    %jmp T_14.256;
T_14.97 ;
    %pushi/vec4 239, 0, 8;
    %store/vec4 v000001f3eeb3d430_0, 0, 8;
    %jmp T_14.256;
T_14.98 ;
    %pushi/vec4 170, 0, 8;
    %store/vec4 v000001f3eeb3d430_0, 0, 8;
    %jmp T_14.256;
T_14.99 ;
    %pushi/vec4 251, 0, 8;
    %store/vec4 v000001f3eeb3d430_0, 0, 8;
    %jmp T_14.256;
T_14.100 ;
    %pushi/vec4 67, 0, 8;
    %store/vec4 v000001f3eeb3d430_0, 0, 8;
    %jmp T_14.256;
T_14.101 ;
    %pushi/vec4 77, 0, 8;
    %store/vec4 v000001f3eeb3d430_0, 0, 8;
    %jmp T_14.256;
T_14.102 ;
    %pushi/vec4 51, 0, 8;
    %store/vec4 v000001f3eeb3d430_0, 0, 8;
    %jmp T_14.256;
T_14.103 ;
    %pushi/vec4 133, 0, 8;
    %store/vec4 v000001f3eeb3d430_0, 0, 8;
    %jmp T_14.256;
T_14.104 ;
    %pushi/vec4 69, 0, 8;
    %store/vec4 v000001f3eeb3d430_0, 0, 8;
    %jmp T_14.256;
T_14.105 ;
    %pushi/vec4 249, 0, 8;
    %store/vec4 v000001f3eeb3d430_0, 0, 8;
    %jmp T_14.256;
T_14.106 ;
    %pushi/vec4 2, 0, 8;
    %store/vec4 v000001f3eeb3d430_0, 0, 8;
    %jmp T_14.256;
T_14.107 ;
    %pushi/vec4 127, 0, 8;
    %store/vec4 v000001f3eeb3d430_0, 0, 8;
    %jmp T_14.256;
T_14.108 ;
    %pushi/vec4 80, 0, 8;
    %store/vec4 v000001f3eeb3d430_0, 0, 8;
    %jmp T_14.256;
T_14.109 ;
    %pushi/vec4 60, 0, 8;
    %store/vec4 v000001f3eeb3d430_0, 0, 8;
    %jmp T_14.256;
T_14.110 ;
    %pushi/vec4 159, 0, 8;
    %store/vec4 v000001f3eeb3d430_0, 0, 8;
    %jmp T_14.256;
T_14.111 ;
    %pushi/vec4 168, 0, 8;
    %store/vec4 v000001f3eeb3d430_0, 0, 8;
    %jmp T_14.256;
T_14.112 ;
    %pushi/vec4 81, 0, 8;
    %store/vec4 v000001f3eeb3d430_0, 0, 8;
    %jmp T_14.256;
T_14.113 ;
    %pushi/vec4 163, 0, 8;
    %store/vec4 v000001f3eeb3d430_0, 0, 8;
    %jmp T_14.256;
T_14.114 ;
    %pushi/vec4 64, 0, 8;
    %store/vec4 v000001f3eeb3d430_0, 0, 8;
    %jmp T_14.256;
T_14.115 ;
    %pushi/vec4 143, 0, 8;
    %store/vec4 v000001f3eeb3d430_0, 0, 8;
    %jmp T_14.256;
T_14.116 ;
    %pushi/vec4 146, 0, 8;
    %store/vec4 v000001f3eeb3d430_0, 0, 8;
    %jmp T_14.256;
T_14.117 ;
    %pushi/vec4 157, 0, 8;
    %store/vec4 v000001f3eeb3d430_0, 0, 8;
    %jmp T_14.256;
T_14.118 ;
    %pushi/vec4 56, 0, 8;
    %store/vec4 v000001f3eeb3d430_0, 0, 8;
    %jmp T_14.256;
T_14.119 ;
    %pushi/vec4 245, 0, 8;
    %store/vec4 v000001f3eeb3d430_0, 0, 8;
    %jmp T_14.256;
T_14.120 ;
    %pushi/vec4 188, 0, 8;
    %store/vec4 v000001f3eeb3d430_0, 0, 8;
    %jmp T_14.256;
T_14.121 ;
    %pushi/vec4 182, 0, 8;
    %store/vec4 v000001f3eeb3d430_0, 0, 8;
    %jmp T_14.256;
T_14.122 ;
    %pushi/vec4 218, 0, 8;
    %store/vec4 v000001f3eeb3d430_0, 0, 8;
    %jmp T_14.256;
T_14.123 ;
    %pushi/vec4 33, 0, 8;
    %store/vec4 v000001f3eeb3d430_0, 0, 8;
    %jmp T_14.256;
T_14.124 ;
    %pushi/vec4 16, 0, 8;
    %store/vec4 v000001f3eeb3d430_0, 0, 8;
    %jmp T_14.256;
T_14.125 ;
    %pushi/vec4 255, 0, 8;
    %store/vec4 v000001f3eeb3d430_0, 0, 8;
    %jmp T_14.256;
T_14.126 ;
    %pushi/vec4 243, 0, 8;
    %store/vec4 v000001f3eeb3d430_0, 0, 8;
    %jmp T_14.256;
T_14.127 ;
    %pushi/vec4 210, 0, 8;
    %store/vec4 v000001f3eeb3d430_0, 0, 8;
    %jmp T_14.256;
T_14.128 ;
    %pushi/vec4 205, 0, 8;
    %store/vec4 v000001f3eeb3d430_0, 0, 8;
    %jmp T_14.256;
T_14.129 ;
    %pushi/vec4 12, 0, 8;
    %store/vec4 v000001f3eeb3d430_0, 0, 8;
    %jmp T_14.256;
T_14.130 ;
    %pushi/vec4 19, 0, 8;
    %store/vec4 v000001f3eeb3d430_0, 0, 8;
    %jmp T_14.256;
T_14.131 ;
    %pushi/vec4 236, 0, 8;
    %store/vec4 v000001f3eeb3d430_0, 0, 8;
    %jmp T_14.256;
T_14.132 ;
    %pushi/vec4 95, 0, 8;
    %store/vec4 v000001f3eeb3d430_0, 0, 8;
    %jmp T_14.256;
T_14.133 ;
    %pushi/vec4 151, 0, 8;
    %store/vec4 v000001f3eeb3d430_0, 0, 8;
    %jmp T_14.256;
T_14.134 ;
    %pushi/vec4 68, 0, 8;
    %store/vec4 v000001f3eeb3d430_0, 0, 8;
    %jmp T_14.256;
T_14.135 ;
    %pushi/vec4 23, 0, 8;
    %store/vec4 v000001f3eeb3d430_0, 0, 8;
    %jmp T_14.256;
T_14.136 ;
    %pushi/vec4 196, 0, 8;
    %store/vec4 v000001f3eeb3d430_0, 0, 8;
    %jmp T_14.256;
T_14.137 ;
    %pushi/vec4 167, 0, 8;
    %store/vec4 v000001f3eeb3d430_0, 0, 8;
    %jmp T_14.256;
T_14.138 ;
    %pushi/vec4 126, 0, 8;
    %store/vec4 v000001f3eeb3d430_0, 0, 8;
    %jmp T_14.256;
T_14.139 ;
    %pushi/vec4 61, 0, 8;
    %store/vec4 v000001f3eeb3d430_0, 0, 8;
    %jmp T_14.256;
T_14.140 ;
    %pushi/vec4 100, 0, 8;
    %store/vec4 v000001f3eeb3d430_0, 0, 8;
    %jmp T_14.256;
T_14.141 ;
    %pushi/vec4 93, 0, 8;
    %store/vec4 v000001f3eeb3d430_0, 0, 8;
    %jmp T_14.256;
T_14.142 ;
    %pushi/vec4 25, 0, 8;
    %store/vec4 v000001f3eeb3d430_0, 0, 8;
    %jmp T_14.256;
T_14.143 ;
    %pushi/vec4 115, 0, 8;
    %store/vec4 v000001f3eeb3d430_0, 0, 8;
    %jmp T_14.256;
T_14.144 ;
    %pushi/vec4 96, 0, 8;
    %store/vec4 v000001f3eeb3d430_0, 0, 8;
    %jmp T_14.256;
T_14.145 ;
    %pushi/vec4 129, 0, 8;
    %store/vec4 v000001f3eeb3d430_0, 0, 8;
    %jmp T_14.256;
T_14.146 ;
    %pushi/vec4 79, 0, 8;
    %store/vec4 v000001f3eeb3d430_0, 0, 8;
    %jmp T_14.256;
T_14.147 ;
    %pushi/vec4 220, 0, 8;
    %store/vec4 v000001f3eeb3d430_0, 0, 8;
    %jmp T_14.256;
T_14.148 ;
    %pushi/vec4 34, 0, 8;
    %store/vec4 v000001f3eeb3d430_0, 0, 8;
    %jmp T_14.256;
T_14.149 ;
    %pushi/vec4 42, 0, 8;
    %store/vec4 v000001f3eeb3d430_0, 0, 8;
    %jmp T_14.256;
T_14.150 ;
    %pushi/vec4 144, 0, 8;
    %store/vec4 v000001f3eeb3d430_0, 0, 8;
    %jmp T_14.256;
T_14.151 ;
    %pushi/vec4 136, 0, 8;
    %store/vec4 v000001f3eeb3d430_0, 0, 8;
    %jmp T_14.256;
T_14.152 ;
    %pushi/vec4 70, 0, 8;
    %store/vec4 v000001f3eeb3d430_0, 0, 8;
    %jmp T_14.256;
T_14.153 ;
    %pushi/vec4 238, 0, 8;
    %store/vec4 v000001f3eeb3d430_0, 0, 8;
    %jmp T_14.256;
T_14.154 ;
    %pushi/vec4 184, 0, 8;
    %store/vec4 v000001f3eeb3d430_0, 0, 8;
    %jmp T_14.256;
T_14.155 ;
    %pushi/vec4 20, 0, 8;
    %store/vec4 v000001f3eeb3d430_0, 0, 8;
    %jmp T_14.256;
T_14.156 ;
    %pushi/vec4 222, 0, 8;
    %store/vec4 v000001f3eeb3d430_0, 0, 8;
    %jmp T_14.256;
T_14.157 ;
    %pushi/vec4 94, 0, 8;
    %store/vec4 v000001f3eeb3d430_0, 0, 8;
    %jmp T_14.256;
T_14.158 ;
    %pushi/vec4 11, 0, 8;
    %store/vec4 v000001f3eeb3d430_0, 0, 8;
    %jmp T_14.256;
T_14.159 ;
    %pushi/vec4 219, 0, 8;
    %store/vec4 v000001f3eeb3d430_0, 0, 8;
    %jmp T_14.256;
T_14.160 ;
    %pushi/vec4 224, 0, 8;
    %store/vec4 v000001f3eeb3d430_0, 0, 8;
    %jmp T_14.256;
T_14.161 ;
    %pushi/vec4 50, 0, 8;
    %store/vec4 v000001f3eeb3d430_0, 0, 8;
    %jmp T_14.256;
T_14.162 ;
    %pushi/vec4 58, 0, 8;
    %store/vec4 v000001f3eeb3d430_0, 0, 8;
    %jmp T_14.256;
T_14.163 ;
    %pushi/vec4 10, 0, 8;
    %store/vec4 v000001f3eeb3d430_0, 0, 8;
    %jmp T_14.256;
T_14.164 ;
    %pushi/vec4 73, 0, 8;
    %store/vec4 v000001f3eeb3d430_0, 0, 8;
    %jmp T_14.256;
T_14.165 ;
    %pushi/vec4 6, 0, 8;
    %store/vec4 v000001f3eeb3d430_0, 0, 8;
    %jmp T_14.256;
T_14.166 ;
    %pushi/vec4 36, 0, 8;
    %store/vec4 v000001f3eeb3d430_0, 0, 8;
    %jmp T_14.256;
T_14.167 ;
    %pushi/vec4 92, 0, 8;
    %store/vec4 v000001f3eeb3d430_0, 0, 8;
    %jmp T_14.256;
T_14.168 ;
    %pushi/vec4 194, 0, 8;
    %store/vec4 v000001f3eeb3d430_0, 0, 8;
    %jmp T_14.256;
T_14.169 ;
    %pushi/vec4 211, 0, 8;
    %store/vec4 v000001f3eeb3d430_0, 0, 8;
    %jmp T_14.256;
T_14.170 ;
    %pushi/vec4 172, 0, 8;
    %store/vec4 v000001f3eeb3d430_0, 0, 8;
    %jmp T_14.256;
T_14.171 ;
    %pushi/vec4 98, 0, 8;
    %store/vec4 v000001f3eeb3d430_0, 0, 8;
    %jmp T_14.256;
T_14.172 ;
    %pushi/vec4 145, 0, 8;
    %store/vec4 v000001f3eeb3d430_0, 0, 8;
    %jmp T_14.256;
T_14.173 ;
    %pushi/vec4 149, 0, 8;
    %store/vec4 v000001f3eeb3d430_0, 0, 8;
    %jmp T_14.256;
T_14.174 ;
    %pushi/vec4 228, 0, 8;
    %store/vec4 v000001f3eeb3d430_0, 0, 8;
    %jmp T_14.256;
T_14.175 ;
    %pushi/vec4 121, 0, 8;
    %store/vec4 v000001f3eeb3d430_0, 0, 8;
    %jmp T_14.256;
T_14.176 ;
    %pushi/vec4 231, 0, 8;
    %store/vec4 v000001f3eeb3d430_0, 0, 8;
    %jmp T_14.256;
T_14.177 ;
    %pushi/vec4 200, 0, 8;
    %store/vec4 v000001f3eeb3d430_0, 0, 8;
    %jmp T_14.256;
T_14.178 ;
    %pushi/vec4 55, 0, 8;
    %store/vec4 v000001f3eeb3d430_0, 0, 8;
    %jmp T_14.256;
T_14.179 ;
    %pushi/vec4 109, 0, 8;
    %store/vec4 v000001f3eeb3d430_0, 0, 8;
    %jmp T_14.256;
T_14.180 ;
    %pushi/vec4 141, 0, 8;
    %store/vec4 v000001f3eeb3d430_0, 0, 8;
    %jmp T_14.256;
T_14.181 ;
    %pushi/vec4 213, 0, 8;
    %store/vec4 v000001f3eeb3d430_0, 0, 8;
    %jmp T_14.256;
T_14.182 ;
    %pushi/vec4 78, 0, 8;
    %store/vec4 v000001f3eeb3d430_0, 0, 8;
    %jmp T_14.256;
T_14.183 ;
    %pushi/vec4 169, 0, 8;
    %store/vec4 v000001f3eeb3d430_0, 0, 8;
    %jmp T_14.256;
T_14.184 ;
    %pushi/vec4 108, 0, 8;
    %store/vec4 v000001f3eeb3d430_0, 0, 8;
    %jmp T_14.256;
T_14.185 ;
    %pushi/vec4 86, 0, 8;
    %store/vec4 v000001f3eeb3d430_0, 0, 8;
    %jmp T_14.256;
T_14.186 ;
    %pushi/vec4 244, 0, 8;
    %store/vec4 v000001f3eeb3d430_0, 0, 8;
    %jmp T_14.256;
T_14.187 ;
    %pushi/vec4 234, 0, 8;
    %store/vec4 v000001f3eeb3d430_0, 0, 8;
    %jmp T_14.256;
T_14.188 ;
    %pushi/vec4 101, 0, 8;
    %store/vec4 v000001f3eeb3d430_0, 0, 8;
    %jmp T_14.256;
T_14.189 ;
    %pushi/vec4 122, 0, 8;
    %store/vec4 v000001f3eeb3d430_0, 0, 8;
    %jmp T_14.256;
T_14.190 ;
    %pushi/vec4 174, 0, 8;
    %store/vec4 v000001f3eeb3d430_0, 0, 8;
    %jmp T_14.256;
T_14.191 ;
    %pushi/vec4 8, 0, 8;
    %store/vec4 v000001f3eeb3d430_0, 0, 8;
    %jmp T_14.256;
T_14.192 ;
    %pushi/vec4 186, 0, 8;
    %store/vec4 v000001f3eeb3d430_0, 0, 8;
    %jmp T_14.256;
T_14.193 ;
    %pushi/vec4 120, 0, 8;
    %store/vec4 v000001f3eeb3d430_0, 0, 8;
    %jmp T_14.256;
T_14.194 ;
    %pushi/vec4 37, 0, 8;
    %store/vec4 v000001f3eeb3d430_0, 0, 8;
    %jmp T_14.256;
T_14.195 ;
    %pushi/vec4 46, 0, 8;
    %store/vec4 v000001f3eeb3d430_0, 0, 8;
    %jmp T_14.256;
T_14.196 ;
    %pushi/vec4 28, 0, 8;
    %store/vec4 v000001f3eeb3d430_0, 0, 8;
    %jmp T_14.256;
T_14.197 ;
    %pushi/vec4 166, 0, 8;
    %store/vec4 v000001f3eeb3d430_0, 0, 8;
    %jmp T_14.256;
T_14.198 ;
    %pushi/vec4 180, 0, 8;
    %store/vec4 v000001f3eeb3d430_0, 0, 8;
    %jmp T_14.256;
T_14.199 ;
    %pushi/vec4 198, 0, 8;
    %store/vec4 v000001f3eeb3d430_0, 0, 8;
    %jmp T_14.256;
T_14.200 ;
    %pushi/vec4 232, 0, 8;
    %store/vec4 v000001f3eeb3d430_0, 0, 8;
    %jmp T_14.256;
T_14.201 ;
    %pushi/vec4 221, 0, 8;
    %store/vec4 v000001f3eeb3d430_0, 0, 8;
    %jmp T_14.256;
T_14.202 ;
    %pushi/vec4 116, 0, 8;
    %store/vec4 v000001f3eeb3d430_0, 0, 8;
    %jmp T_14.256;
T_14.203 ;
    %pushi/vec4 31, 0, 8;
    %store/vec4 v000001f3eeb3d430_0, 0, 8;
    %jmp T_14.256;
T_14.204 ;
    %pushi/vec4 75, 0, 8;
    %store/vec4 v000001f3eeb3d430_0, 0, 8;
    %jmp T_14.256;
T_14.205 ;
    %pushi/vec4 189, 0, 8;
    %store/vec4 v000001f3eeb3d430_0, 0, 8;
    %jmp T_14.256;
T_14.206 ;
    %pushi/vec4 139, 0, 8;
    %store/vec4 v000001f3eeb3d430_0, 0, 8;
    %jmp T_14.256;
T_14.207 ;
    %pushi/vec4 138, 0, 8;
    %store/vec4 v000001f3eeb3d430_0, 0, 8;
    %jmp T_14.256;
T_14.208 ;
    %pushi/vec4 112, 0, 8;
    %store/vec4 v000001f3eeb3d430_0, 0, 8;
    %jmp T_14.256;
T_14.209 ;
    %pushi/vec4 62, 0, 8;
    %store/vec4 v000001f3eeb3d430_0, 0, 8;
    %jmp T_14.256;
T_14.210 ;
    %pushi/vec4 181, 0, 8;
    %store/vec4 v000001f3eeb3d430_0, 0, 8;
    %jmp T_14.256;
T_14.211 ;
    %pushi/vec4 102, 0, 8;
    %store/vec4 v000001f3eeb3d430_0, 0, 8;
    %jmp T_14.256;
T_14.212 ;
    %pushi/vec4 72, 0, 8;
    %store/vec4 v000001f3eeb3d430_0, 0, 8;
    %jmp T_14.256;
T_14.213 ;
    %pushi/vec4 3, 0, 8;
    %store/vec4 v000001f3eeb3d430_0, 0, 8;
    %jmp T_14.256;
T_14.214 ;
    %pushi/vec4 246, 0, 8;
    %store/vec4 v000001f3eeb3d430_0, 0, 8;
    %jmp T_14.256;
T_14.215 ;
    %pushi/vec4 14, 0, 8;
    %store/vec4 v000001f3eeb3d430_0, 0, 8;
    %jmp T_14.256;
T_14.216 ;
    %pushi/vec4 97, 0, 8;
    %store/vec4 v000001f3eeb3d430_0, 0, 8;
    %jmp T_14.256;
T_14.217 ;
    %pushi/vec4 53, 0, 8;
    %store/vec4 v000001f3eeb3d430_0, 0, 8;
    %jmp T_14.256;
T_14.218 ;
    %pushi/vec4 87, 0, 8;
    %store/vec4 v000001f3eeb3d430_0, 0, 8;
    %jmp T_14.256;
T_14.219 ;
    %pushi/vec4 185, 0, 8;
    %store/vec4 v000001f3eeb3d430_0, 0, 8;
    %jmp T_14.256;
T_14.220 ;
    %pushi/vec4 134, 0, 8;
    %store/vec4 v000001f3eeb3d430_0, 0, 8;
    %jmp T_14.256;
T_14.221 ;
    %pushi/vec4 193, 0, 8;
    %store/vec4 v000001f3eeb3d430_0, 0, 8;
    %jmp T_14.256;
T_14.222 ;
    %pushi/vec4 29, 0, 8;
    %store/vec4 v000001f3eeb3d430_0, 0, 8;
    %jmp T_14.256;
T_14.223 ;
    %pushi/vec4 158, 0, 8;
    %store/vec4 v000001f3eeb3d430_0, 0, 8;
    %jmp T_14.256;
T_14.224 ;
    %pushi/vec4 225, 0, 8;
    %store/vec4 v000001f3eeb3d430_0, 0, 8;
    %jmp T_14.256;
T_14.225 ;
    %pushi/vec4 248, 0, 8;
    %store/vec4 v000001f3eeb3d430_0, 0, 8;
    %jmp T_14.256;
T_14.226 ;
    %pushi/vec4 152, 0, 8;
    %store/vec4 v000001f3eeb3d430_0, 0, 8;
    %jmp T_14.256;
T_14.227 ;
    %pushi/vec4 17, 0, 8;
    %store/vec4 v000001f3eeb3d430_0, 0, 8;
    %jmp T_14.256;
T_14.228 ;
    %pushi/vec4 105, 0, 8;
    %store/vec4 v000001f3eeb3d430_0, 0, 8;
    %jmp T_14.256;
T_14.229 ;
    %pushi/vec4 217, 0, 8;
    %store/vec4 v000001f3eeb3d430_0, 0, 8;
    %jmp T_14.256;
T_14.230 ;
    %pushi/vec4 142, 0, 8;
    %store/vec4 v000001f3eeb3d430_0, 0, 8;
    %jmp T_14.256;
T_14.231 ;
    %pushi/vec4 148, 0, 8;
    %store/vec4 v000001f3eeb3d430_0, 0, 8;
    %jmp T_14.256;
T_14.232 ;
    %pushi/vec4 155, 0, 8;
    %store/vec4 v000001f3eeb3d430_0, 0, 8;
    %jmp T_14.256;
T_14.233 ;
    %pushi/vec4 30, 0, 8;
    %store/vec4 v000001f3eeb3d430_0, 0, 8;
    %jmp T_14.256;
T_14.234 ;
    %pushi/vec4 135, 0, 8;
    %store/vec4 v000001f3eeb3d430_0, 0, 8;
    %jmp T_14.256;
T_14.235 ;
    %pushi/vec4 233, 0, 8;
    %store/vec4 v000001f3eeb3d430_0, 0, 8;
    %jmp T_14.256;
T_14.236 ;
    %pushi/vec4 206, 0, 8;
    %store/vec4 v000001f3eeb3d430_0, 0, 8;
    %jmp T_14.256;
T_14.237 ;
    %pushi/vec4 85, 0, 8;
    %store/vec4 v000001f3eeb3d430_0, 0, 8;
    %jmp T_14.256;
T_14.238 ;
    %pushi/vec4 40, 0, 8;
    %store/vec4 v000001f3eeb3d430_0, 0, 8;
    %jmp T_14.256;
T_14.239 ;
    %pushi/vec4 223, 0, 8;
    %store/vec4 v000001f3eeb3d430_0, 0, 8;
    %jmp T_14.256;
T_14.240 ;
    %pushi/vec4 140, 0, 8;
    %store/vec4 v000001f3eeb3d430_0, 0, 8;
    %jmp T_14.256;
T_14.241 ;
    %pushi/vec4 161, 0, 8;
    %store/vec4 v000001f3eeb3d430_0, 0, 8;
    %jmp T_14.256;
T_14.242 ;
    %pushi/vec4 137, 0, 8;
    %store/vec4 v000001f3eeb3d430_0, 0, 8;
    %jmp T_14.256;
T_14.243 ;
    %pushi/vec4 13, 0, 8;
    %store/vec4 v000001f3eeb3d430_0, 0, 8;
    %jmp T_14.256;
T_14.244 ;
    %pushi/vec4 191, 0, 8;
    %store/vec4 v000001f3eeb3d430_0, 0, 8;
    %jmp T_14.256;
T_14.245 ;
    %pushi/vec4 230, 0, 8;
    %store/vec4 v000001f3eeb3d430_0, 0, 8;
    %jmp T_14.256;
T_14.246 ;
    %pushi/vec4 66, 0, 8;
    %store/vec4 v000001f3eeb3d430_0, 0, 8;
    %jmp T_14.256;
T_14.247 ;
    %pushi/vec4 104, 0, 8;
    %store/vec4 v000001f3eeb3d430_0, 0, 8;
    %jmp T_14.256;
T_14.248 ;
    %pushi/vec4 65, 0, 8;
    %store/vec4 v000001f3eeb3d430_0, 0, 8;
    %jmp T_14.256;
T_14.249 ;
    %pushi/vec4 153, 0, 8;
    %store/vec4 v000001f3eeb3d430_0, 0, 8;
    %jmp T_14.256;
T_14.250 ;
    %pushi/vec4 45, 0, 8;
    %store/vec4 v000001f3eeb3d430_0, 0, 8;
    %jmp T_14.256;
T_14.251 ;
    %pushi/vec4 15, 0, 8;
    %store/vec4 v000001f3eeb3d430_0, 0, 8;
    %jmp T_14.256;
T_14.252 ;
    %pushi/vec4 176, 0, 8;
    %store/vec4 v000001f3eeb3d430_0, 0, 8;
    %jmp T_14.256;
T_14.253 ;
    %pushi/vec4 84, 0, 8;
    %store/vec4 v000001f3eeb3d430_0, 0, 8;
    %jmp T_14.256;
T_14.254 ;
    %pushi/vec4 187, 0, 8;
    %store/vec4 v000001f3eeb3d430_0, 0, 8;
    %jmp T_14.256;
T_14.255 ;
    %pushi/vec4 22, 0, 8;
    %store/vec4 v000001f3eeb3d430_0, 0, 8;
    %jmp T_14.256;
T_14.256 ;
    %pop/vec4 1;
    %jmp T_14;
    .thread T_14, $push;
    .scope S_000001f3eeb3f210;
T_15 ;
    %wait E_000001f3eeabf640;
    %load/vec4 v000001f3eeb3c490_0;
    %dup/vec4;
    %pushi/vec4 0, 0, 8;
    %cmp/u;
    %jmp/1 T_15.0, 6;
    %dup/vec4;
    %pushi/vec4 1, 0, 8;
    %cmp/u;
    %jmp/1 T_15.1, 6;
    %dup/vec4;
    %pushi/vec4 2, 0, 8;
    %cmp/u;
    %jmp/1 T_15.2, 6;
    %dup/vec4;
    %pushi/vec4 3, 0, 8;
    %cmp/u;
    %jmp/1 T_15.3, 6;
    %dup/vec4;
    %pushi/vec4 4, 0, 8;
    %cmp/u;
    %jmp/1 T_15.4, 6;
    %dup/vec4;
    %pushi/vec4 5, 0, 8;
    %cmp/u;
    %jmp/1 T_15.5, 6;
    %dup/vec4;
    %pushi/vec4 6, 0, 8;
    %cmp/u;
    %jmp/1 T_15.6, 6;
    %dup/vec4;
    %pushi/vec4 7, 0, 8;
    %cmp/u;
    %jmp/1 T_15.7, 6;
    %dup/vec4;
    %pushi/vec4 8, 0, 8;
    %cmp/u;
    %jmp/1 T_15.8, 6;
    %dup/vec4;
    %pushi/vec4 9, 0, 8;
    %cmp/u;
    %jmp/1 T_15.9, 6;
    %dup/vec4;
    %pushi/vec4 10, 0, 8;
    %cmp/u;
    %jmp/1 T_15.10, 6;
    %dup/vec4;
    %pushi/vec4 11, 0, 8;
    %cmp/u;
    %jmp/1 T_15.11, 6;
    %dup/vec4;
    %pushi/vec4 12, 0, 8;
    %cmp/u;
    %jmp/1 T_15.12, 6;
    %dup/vec4;
    %pushi/vec4 13, 0, 8;
    %cmp/u;
    %jmp/1 T_15.13, 6;
    %dup/vec4;
    %pushi/vec4 14, 0, 8;
    %cmp/u;
    %jmp/1 T_15.14, 6;
    %dup/vec4;
    %pushi/vec4 15, 0, 8;
    %cmp/u;
    %jmp/1 T_15.15, 6;
    %dup/vec4;
    %pushi/vec4 16, 0, 8;
    %cmp/u;
    %jmp/1 T_15.16, 6;
    %dup/vec4;
    %pushi/vec4 17, 0, 8;
    %cmp/u;
    %jmp/1 T_15.17, 6;
    %dup/vec4;
    %pushi/vec4 18, 0, 8;
    %cmp/u;
    %jmp/1 T_15.18, 6;
    %dup/vec4;
    %pushi/vec4 19, 0, 8;
    %cmp/u;
    %jmp/1 T_15.19, 6;
    %dup/vec4;
    %pushi/vec4 20, 0, 8;
    %cmp/u;
    %jmp/1 T_15.20, 6;
    %dup/vec4;
    %pushi/vec4 21, 0, 8;
    %cmp/u;
    %jmp/1 T_15.21, 6;
    %dup/vec4;
    %pushi/vec4 22, 0, 8;
    %cmp/u;
    %jmp/1 T_15.22, 6;
    %dup/vec4;
    %pushi/vec4 23, 0, 8;
    %cmp/u;
    %jmp/1 T_15.23, 6;
    %dup/vec4;
    %pushi/vec4 24, 0, 8;
    %cmp/u;
    %jmp/1 T_15.24, 6;
    %dup/vec4;
    %pushi/vec4 25, 0, 8;
    %cmp/u;
    %jmp/1 T_15.25, 6;
    %dup/vec4;
    %pushi/vec4 26, 0, 8;
    %cmp/u;
    %jmp/1 T_15.26, 6;
    %dup/vec4;
    %pushi/vec4 27, 0, 8;
    %cmp/u;
    %jmp/1 T_15.27, 6;
    %dup/vec4;
    %pushi/vec4 28, 0, 8;
    %cmp/u;
    %jmp/1 T_15.28, 6;
    %dup/vec4;
    %pushi/vec4 29, 0, 8;
    %cmp/u;
    %jmp/1 T_15.29, 6;
    %dup/vec4;
    %pushi/vec4 30, 0, 8;
    %cmp/u;
    %jmp/1 T_15.30, 6;
    %dup/vec4;
    %pushi/vec4 31, 0, 8;
    %cmp/u;
    %jmp/1 T_15.31, 6;
    %dup/vec4;
    %pushi/vec4 32, 0, 8;
    %cmp/u;
    %jmp/1 T_15.32, 6;
    %dup/vec4;
    %pushi/vec4 33, 0, 8;
    %cmp/u;
    %jmp/1 T_15.33, 6;
    %dup/vec4;
    %pushi/vec4 34, 0, 8;
    %cmp/u;
    %jmp/1 T_15.34, 6;
    %dup/vec4;
    %pushi/vec4 35, 0, 8;
    %cmp/u;
    %jmp/1 T_15.35, 6;
    %dup/vec4;
    %pushi/vec4 36, 0, 8;
    %cmp/u;
    %jmp/1 T_15.36, 6;
    %dup/vec4;
    %pushi/vec4 37, 0, 8;
    %cmp/u;
    %jmp/1 T_15.37, 6;
    %dup/vec4;
    %pushi/vec4 38, 0, 8;
    %cmp/u;
    %jmp/1 T_15.38, 6;
    %dup/vec4;
    %pushi/vec4 39, 0, 8;
    %cmp/u;
    %jmp/1 T_15.39, 6;
    %dup/vec4;
    %pushi/vec4 40, 0, 8;
    %cmp/u;
    %jmp/1 T_15.40, 6;
    %dup/vec4;
    %pushi/vec4 41, 0, 8;
    %cmp/u;
    %jmp/1 T_15.41, 6;
    %dup/vec4;
    %pushi/vec4 42, 0, 8;
    %cmp/u;
    %jmp/1 T_15.42, 6;
    %dup/vec4;
    %pushi/vec4 43, 0, 8;
    %cmp/u;
    %jmp/1 T_15.43, 6;
    %dup/vec4;
    %pushi/vec4 44, 0, 8;
    %cmp/u;
    %jmp/1 T_15.44, 6;
    %dup/vec4;
    %pushi/vec4 45, 0, 8;
    %cmp/u;
    %jmp/1 T_15.45, 6;
    %dup/vec4;
    %pushi/vec4 46, 0, 8;
    %cmp/u;
    %jmp/1 T_15.46, 6;
    %dup/vec4;
    %pushi/vec4 47, 0, 8;
    %cmp/u;
    %jmp/1 T_15.47, 6;
    %dup/vec4;
    %pushi/vec4 48, 0, 8;
    %cmp/u;
    %jmp/1 T_15.48, 6;
    %dup/vec4;
    %pushi/vec4 49, 0, 8;
    %cmp/u;
    %jmp/1 T_15.49, 6;
    %dup/vec4;
    %pushi/vec4 50, 0, 8;
    %cmp/u;
    %jmp/1 T_15.50, 6;
    %dup/vec4;
    %pushi/vec4 51, 0, 8;
    %cmp/u;
    %jmp/1 T_15.51, 6;
    %dup/vec4;
    %pushi/vec4 52, 0, 8;
    %cmp/u;
    %jmp/1 T_15.52, 6;
    %dup/vec4;
    %pushi/vec4 53, 0, 8;
    %cmp/u;
    %jmp/1 T_15.53, 6;
    %dup/vec4;
    %pushi/vec4 54, 0, 8;
    %cmp/u;
    %jmp/1 T_15.54, 6;
    %dup/vec4;
    %pushi/vec4 55, 0, 8;
    %cmp/u;
    %jmp/1 T_15.55, 6;
    %dup/vec4;
    %pushi/vec4 56, 0, 8;
    %cmp/u;
    %jmp/1 T_15.56, 6;
    %dup/vec4;
    %pushi/vec4 57, 0, 8;
    %cmp/u;
    %jmp/1 T_15.57, 6;
    %dup/vec4;
    %pushi/vec4 58, 0, 8;
    %cmp/u;
    %jmp/1 T_15.58, 6;
    %dup/vec4;
    %pushi/vec4 59, 0, 8;
    %cmp/u;
    %jmp/1 T_15.59, 6;
    %dup/vec4;
    %pushi/vec4 60, 0, 8;
    %cmp/u;
    %jmp/1 T_15.60, 6;
    %dup/vec4;
    %pushi/vec4 61, 0, 8;
    %cmp/u;
    %jmp/1 T_15.61, 6;
    %dup/vec4;
    %pushi/vec4 62, 0, 8;
    %cmp/u;
    %jmp/1 T_15.62, 6;
    %dup/vec4;
    %pushi/vec4 63, 0, 8;
    %cmp/u;
    %jmp/1 T_15.63, 6;
    %dup/vec4;
    %pushi/vec4 64, 0, 8;
    %cmp/u;
    %jmp/1 T_15.64, 6;
    %dup/vec4;
    %pushi/vec4 65, 0, 8;
    %cmp/u;
    %jmp/1 T_15.65, 6;
    %dup/vec4;
    %pushi/vec4 66, 0, 8;
    %cmp/u;
    %jmp/1 T_15.66, 6;
    %dup/vec4;
    %pushi/vec4 67, 0, 8;
    %cmp/u;
    %jmp/1 T_15.67, 6;
    %dup/vec4;
    %pushi/vec4 68, 0, 8;
    %cmp/u;
    %jmp/1 T_15.68, 6;
    %dup/vec4;
    %pushi/vec4 69, 0, 8;
    %cmp/u;
    %jmp/1 T_15.69, 6;
    %dup/vec4;
    %pushi/vec4 70, 0, 8;
    %cmp/u;
    %jmp/1 T_15.70, 6;
    %dup/vec4;
    %pushi/vec4 71, 0, 8;
    %cmp/u;
    %jmp/1 T_15.71, 6;
    %dup/vec4;
    %pushi/vec4 72, 0, 8;
    %cmp/u;
    %jmp/1 T_15.72, 6;
    %dup/vec4;
    %pushi/vec4 73, 0, 8;
    %cmp/u;
    %jmp/1 T_15.73, 6;
    %dup/vec4;
    %pushi/vec4 74, 0, 8;
    %cmp/u;
    %jmp/1 T_15.74, 6;
    %dup/vec4;
    %pushi/vec4 75, 0, 8;
    %cmp/u;
    %jmp/1 T_15.75, 6;
    %dup/vec4;
    %pushi/vec4 76, 0, 8;
    %cmp/u;
    %jmp/1 T_15.76, 6;
    %dup/vec4;
    %pushi/vec4 77, 0, 8;
    %cmp/u;
    %jmp/1 T_15.77, 6;
    %dup/vec4;
    %pushi/vec4 78, 0, 8;
    %cmp/u;
    %jmp/1 T_15.78, 6;
    %dup/vec4;
    %pushi/vec4 79, 0, 8;
    %cmp/u;
    %jmp/1 T_15.79, 6;
    %dup/vec4;
    %pushi/vec4 80, 0, 8;
    %cmp/u;
    %jmp/1 T_15.80, 6;
    %dup/vec4;
    %pushi/vec4 81, 0, 8;
    %cmp/u;
    %jmp/1 T_15.81, 6;
    %dup/vec4;
    %pushi/vec4 82, 0, 8;
    %cmp/u;
    %jmp/1 T_15.82, 6;
    %dup/vec4;
    %pushi/vec4 83, 0, 8;
    %cmp/u;
    %jmp/1 T_15.83, 6;
    %dup/vec4;
    %pushi/vec4 84, 0, 8;
    %cmp/u;
    %jmp/1 T_15.84, 6;
    %dup/vec4;
    %pushi/vec4 85, 0, 8;
    %cmp/u;
    %jmp/1 T_15.85, 6;
    %dup/vec4;
    %pushi/vec4 86, 0, 8;
    %cmp/u;
    %jmp/1 T_15.86, 6;
    %dup/vec4;
    %pushi/vec4 87, 0, 8;
    %cmp/u;
    %jmp/1 T_15.87, 6;
    %dup/vec4;
    %pushi/vec4 88, 0, 8;
    %cmp/u;
    %jmp/1 T_15.88, 6;
    %dup/vec4;
    %pushi/vec4 89, 0, 8;
    %cmp/u;
    %jmp/1 T_15.89, 6;
    %dup/vec4;
    %pushi/vec4 90, 0, 8;
    %cmp/u;
    %jmp/1 T_15.90, 6;
    %dup/vec4;
    %pushi/vec4 91, 0, 8;
    %cmp/u;
    %jmp/1 T_15.91, 6;
    %dup/vec4;
    %pushi/vec4 92, 0, 8;
    %cmp/u;
    %jmp/1 T_15.92, 6;
    %dup/vec4;
    %pushi/vec4 93, 0, 8;
    %cmp/u;
    %jmp/1 T_15.93, 6;
    %dup/vec4;
    %pushi/vec4 94, 0, 8;
    %cmp/u;
    %jmp/1 T_15.94, 6;
    %dup/vec4;
    %pushi/vec4 95, 0, 8;
    %cmp/u;
    %jmp/1 T_15.95, 6;
    %dup/vec4;
    %pushi/vec4 96, 0, 8;
    %cmp/u;
    %jmp/1 T_15.96, 6;
    %dup/vec4;
    %pushi/vec4 97, 0, 8;
    %cmp/u;
    %jmp/1 T_15.97, 6;
    %dup/vec4;
    %pushi/vec4 98, 0, 8;
    %cmp/u;
    %jmp/1 T_15.98, 6;
    %dup/vec4;
    %pushi/vec4 99, 0, 8;
    %cmp/u;
    %jmp/1 T_15.99, 6;
    %dup/vec4;
    %pushi/vec4 100, 0, 8;
    %cmp/u;
    %jmp/1 T_15.100, 6;
    %dup/vec4;
    %pushi/vec4 101, 0, 8;
    %cmp/u;
    %jmp/1 T_15.101, 6;
    %dup/vec4;
    %pushi/vec4 102, 0, 8;
    %cmp/u;
    %jmp/1 T_15.102, 6;
    %dup/vec4;
    %pushi/vec4 103, 0, 8;
    %cmp/u;
    %jmp/1 T_15.103, 6;
    %dup/vec4;
    %pushi/vec4 104, 0, 8;
    %cmp/u;
    %jmp/1 T_15.104, 6;
    %dup/vec4;
    %pushi/vec4 105, 0, 8;
    %cmp/u;
    %jmp/1 T_15.105, 6;
    %dup/vec4;
    %pushi/vec4 106, 0, 8;
    %cmp/u;
    %jmp/1 T_15.106, 6;
    %dup/vec4;
    %pushi/vec4 107, 0, 8;
    %cmp/u;
    %jmp/1 T_15.107, 6;
    %dup/vec4;
    %pushi/vec4 108, 0, 8;
    %cmp/u;
    %jmp/1 T_15.108, 6;
    %dup/vec4;
    %pushi/vec4 109, 0, 8;
    %cmp/u;
    %jmp/1 T_15.109, 6;
    %dup/vec4;
    %pushi/vec4 110, 0, 8;
    %cmp/u;
    %jmp/1 T_15.110, 6;
    %dup/vec4;
    %pushi/vec4 111, 0, 8;
    %cmp/u;
    %jmp/1 T_15.111, 6;
    %dup/vec4;
    %pushi/vec4 112, 0, 8;
    %cmp/u;
    %jmp/1 T_15.112, 6;
    %dup/vec4;
    %pushi/vec4 113, 0, 8;
    %cmp/u;
    %jmp/1 T_15.113, 6;
    %dup/vec4;
    %pushi/vec4 114, 0, 8;
    %cmp/u;
    %jmp/1 T_15.114, 6;
    %dup/vec4;
    %pushi/vec4 115, 0, 8;
    %cmp/u;
    %jmp/1 T_15.115, 6;
    %dup/vec4;
    %pushi/vec4 116, 0, 8;
    %cmp/u;
    %jmp/1 T_15.116, 6;
    %dup/vec4;
    %pushi/vec4 117, 0, 8;
    %cmp/u;
    %jmp/1 T_15.117, 6;
    %dup/vec4;
    %pushi/vec4 118, 0, 8;
    %cmp/u;
    %jmp/1 T_15.118, 6;
    %dup/vec4;
    %pushi/vec4 119, 0, 8;
    %cmp/u;
    %jmp/1 T_15.119, 6;
    %dup/vec4;
    %pushi/vec4 120, 0, 8;
    %cmp/u;
    %jmp/1 T_15.120, 6;
    %dup/vec4;
    %pushi/vec4 121, 0, 8;
    %cmp/u;
    %jmp/1 T_15.121, 6;
    %dup/vec4;
    %pushi/vec4 122, 0, 8;
    %cmp/u;
    %jmp/1 T_15.122, 6;
    %dup/vec4;
    %pushi/vec4 123, 0, 8;
    %cmp/u;
    %jmp/1 T_15.123, 6;
    %dup/vec4;
    %pushi/vec4 124, 0, 8;
    %cmp/u;
    %jmp/1 T_15.124, 6;
    %dup/vec4;
    %pushi/vec4 125, 0, 8;
    %cmp/u;
    %jmp/1 T_15.125, 6;
    %dup/vec4;
    %pushi/vec4 126, 0, 8;
    %cmp/u;
    %jmp/1 T_15.126, 6;
    %dup/vec4;
    %pushi/vec4 127, 0, 8;
    %cmp/u;
    %jmp/1 T_15.127, 6;
    %dup/vec4;
    %pushi/vec4 128, 0, 8;
    %cmp/u;
    %jmp/1 T_15.128, 6;
    %dup/vec4;
    %pushi/vec4 129, 0, 8;
    %cmp/u;
    %jmp/1 T_15.129, 6;
    %dup/vec4;
    %pushi/vec4 130, 0, 8;
    %cmp/u;
    %jmp/1 T_15.130, 6;
    %dup/vec4;
    %pushi/vec4 131, 0, 8;
    %cmp/u;
    %jmp/1 T_15.131, 6;
    %dup/vec4;
    %pushi/vec4 132, 0, 8;
    %cmp/u;
    %jmp/1 T_15.132, 6;
    %dup/vec4;
    %pushi/vec4 133, 0, 8;
    %cmp/u;
    %jmp/1 T_15.133, 6;
    %dup/vec4;
    %pushi/vec4 134, 0, 8;
    %cmp/u;
    %jmp/1 T_15.134, 6;
    %dup/vec4;
    %pushi/vec4 135, 0, 8;
    %cmp/u;
    %jmp/1 T_15.135, 6;
    %dup/vec4;
    %pushi/vec4 136, 0, 8;
    %cmp/u;
    %jmp/1 T_15.136, 6;
    %dup/vec4;
    %pushi/vec4 137, 0, 8;
    %cmp/u;
    %jmp/1 T_15.137, 6;
    %dup/vec4;
    %pushi/vec4 138, 0, 8;
    %cmp/u;
    %jmp/1 T_15.138, 6;
    %dup/vec4;
    %pushi/vec4 139, 0, 8;
    %cmp/u;
    %jmp/1 T_15.139, 6;
    %dup/vec4;
    %pushi/vec4 140, 0, 8;
    %cmp/u;
    %jmp/1 T_15.140, 6;
    %dup/vec4;
    %pushi/vec4 141, 0, 8;
    %cmp/u;
    %jmp/1 T_15.141, 6;
    %dup/vec4;
    %pushi/vec4 142, 0, 8;
    %cmp/u;
    %jmp/1 T_15.142, 6;
    %dup/vec4;
    %pushi/vec4 143, 0, 8;
    %cmp/u;
    %jmp/1 T_15.143, 6;
    %dup/vec4;
    %pushi/vec4 144, 0, 8;
    %cmp/u;
    %jmp/1 T_15.144, 6;
    %dup/vec4;
    %pushi/vec4 145, 0, 8;
    %cmp/u;
    %jmp/1 T_15.145, 6;
    %dup/vec4;
    %pushi/vec4 146, 0, 8;
    %cmp/u;
    %jmp/1 T_15.146, 6;
    %dup/vec4;
    %pushi/vec4 147, 0, 8;
    %cmp/u;
    %jmp/1 T_15.147, 6;
    %dup/vec4;
    %pushi/vec4 148, 0, 8;
    %cmp/u;
    %jmp/1 T_15.148, 6;
    %dup/vec4;
    %pushi/vec4 149, 0, 8;
    %cmp/u;
    %jmp/1 T_15.149, 6;
    %dup/vec4;
    %pushi/vec4 150, 0, 8;
    %cmp/u;
    %jmp/1 T_15.150, 6;
    %dup/vec4;
    %pushi/vec4 151, 0, 8;
    %cmp/u;
    %jmp/1 T_15.151, 6;
    %dup/vec4;
    %pushi/vec4 152, 0, 8;
    %cmp/u;
    %jmp/1 T_15.152, 6;
    %dup/vec4;
    %pushi/vec4 153, 0, 8;
    %cmp/u;
    %jmp/1 T_15.153, 6;
    %dup/vec4;
    %pushi/vec4 154, 0, 8;
    %cmp/u;
    %jmp/1 T_15.154, 6;
    %dup/vec4;
    %pushi/vec4 155, 0, 8;
    %cmp/u;
    %jmp/1 T_15.155, 6;
    %dup/vec4;
    %pushi/vec4 156, 0, 8;
    %cmp/u;
    %jmp/1 T_15.156, 6;
    %dup/vec4;
    %pushi/vec4 157, 0, 8;
    %cmp/u;
    %jmp/1 T_15.157, 6;
    %dup/vec4;
    %pushi/vec4 158, 0, 8;
    %cmp/u;
    %jmp/1 T_15.158, 6;
    %dup/vec4;
    %pushi/vec4 159, 0, 8;
    %cmp/u;
    %jmp/1 T_15.159, 6;
    %dup/vec4;
    %pushi/vec4 160, 0, 8;
    %cmp/u;
    %jmp/1 T_15.160, 6;
    %dup/vec4;
    %pushi/vec4 161, 0, 8;
    %cmp/u;
    %jmp/1 T_15.161, 6;
    %dup/vec4;
    %pushi/vec4 162, 0, 8;
    %cmp/u;
    %jmp/1 T_15.162, 6;
    %dup/vec4;
    %pushi/vec4 163, 0, 8;
    %cmp/u;
    %jmp/1 T_15.163, 6;
    %dup/vec4;
    %pushi/vec4 164, 0, 8;
    %cmp/u;
    %jmp/1 T_15.164, 6;
    %dup/vec4;
    %pushi/vec4 165, 0, 8;
    %cmp/u;
    %jmp/1 T_15.165, 6;
    %dup/vec4;
    %pushi/vec4 166, 0, 8;
    %cmp/u;
    %jmp/1 T_15.166, 6;
    %dup/vec4;
    %pushi/vec4 167, 0, 8;
    %cmp/u;
    %jmp/1 T_15.167, 6;
    %dup/vec4;
    %pushi/vec4 168, 0, 8;
    %cmp/u;
    %jmp/1 T_15.168, 6;
    %dup/vec4;
    %pushi/vec4 169, 0, 8;
    %cmp/u;
    %jmp/1 T_15.169, 6;
    %dup/vec4;
    %pushi/vec4 170, 0, 8;
    %cmp/u;
    %jmp/1 T_15.170, 6;
    %dup/vec4;
    %pushi/vec4 171, 0, 8;
    %cmp/u;
    %jmp/1 T_15.171, 6;
    %dup/vec4;
    %pushi/vec4 172, 0, 8;
    %cmp/u;
    %jmp/1 T_15.172, 6;
    %dup/vec4;
    %pushi/vec4 173, 0, 8;
    %cmp/u;
    %jmp/1 T_15.173, 6;
    %dup/vec4;
    %pushi/vec4 174, 0, 8;
    %cmp/u;
    %jmp/1 T_15.174, 6;
    %dup/vec4;
    %pushi/vec4 175, 0, 8;
    %cmp/u;
    %jmp/1 T_15.175, 6;
    %dup/vec4;
    %pushi/vec4 176, 0, 8;
    %cmp/u;
    %jmp/1 T_15.176, 6;
    %dup/vec4;
    %pushi/vec4 177, 0, 8;
    %cmp/u;
    %jmp/1 T_15.177, 6;
    %dup/vec4;
    %pushi/vec4 178, 0, 8;
    %cmp/u;
    %jmp/1 T_15.178, 6;
    %dup/vec4;
    %pushi/vec4 179, 0, 8;
    %cmp/u;
    %jmp/1 T_15.179, 6;
    %dup/vec4;
    %pushi/vec4 180, 0, 8;
    %cmp/u;
    %jmp/1 T_15.180, 6;
    %dup/vec4;
    %pushi/vec4 181, 0, 8;
    %cmp/u;
    %jmp/1 T_15.181, 6;
    %dup/vec4;
    %pushi/vec4 182, 0, 8;
    %cmp/u;
    %jmp/1 T_15.182, 6;
    %dup/vec4;
    %pushi/vec4 183, 0, 8;
    %cmp/u;
    %jmp/1 T_15.183, 6;
    %dup/vec4;
    %pushi/vec4 184, 0, 8;
    %cmp/u;
    %jmp/1 T_15.184, 6;
    %dup/vec4;
    %pushi/vec4 185, 0, 8;
    %cmp/u;
    %jmp/1 T_15.185, 6;
    %dup/vec4;
    %pushi/vec4 186, 0, 8;
    %cmp/u;
    %jmp/1 T_15.186, 6;
    %dup/vec4;
    %pushi/vec4 187, 0, 8;
    %cmp/u;
    %jmp/1 T_15.187, 6;
    %dup/vec4;
    %pushi/vec4 188, 0, 8;
    %cmp/u;
    %jmp/1 T_15.188, 6;
    %dup/vec4;
    %pushi/vec4 189, 0, 8;
    %cmp/u;
    %jmp/1 T_15.189, 6;
    %dup/vec4;
    %pushi/vec4 190, 0, 8;
    %cmp/u;
    %jmp/1 T_15.190, 6;
    %dup/vec4;
    %pushi/vec4 191, 0, 8;
    %cmp/u;
    %jmp/1 T_15.191, 6;
    %dup/vec4;
    %pushi/vec4 192, 0, 8;
    %cmp/u;
    %jmp/1 T_15.192, 6;
    %dup/vec4;
    %pushi/vec4 193, 0, 8;
    %cmp/u;
    %jmp/1 T_15.193, 6;
    %dup/vec4;
    %pushi/vec4 194, 0, 8;
    %cmp/u;
    %jmp/1 T_15.194, 6;
    %dup/vec4;
    %pushi/vec4 195, 0, 8;
    %cmp/u;
    %jmp/1 T_15.195, 6;
    %dup/vec4;
    %pushi/vec4 196, 0, 8;
    %cmp/u;
    %jmp/1 T_15.196, 6;
    %dup/vec4;
    %pushi/vec4 197, 0, 8;
    %cmp/u;
    %jmp/1 T_15.197, 6;
    %dup/vec4;
    %pushi/vec4 198, 0, 8;
    %cmp/u;
    %jmp/1 T_15.198, 6;
    %dup/vec4;
    %pushi/vec4 199, 0, 8;
    %cmp/u;
    %jmp/1 T_15.199, 6;
    %dup/vec4;
    %pushi/vec4 200, 0, 8;
    %cmp/u;
    %jmp/1 T_15.200, 6;
    %dup/vec4;
    %pushi/vec4 201, 0, 8;
    %cmp/u;
    %jmp/1 T_15.201, 6;
    %dup/vec4;
    %pushi/vec4 202, 0, 8;
    %cmp/u;
    %jmp/1 T_15.202, 6;
    %dup/vec4;
    %pushi/vec4 203, 0, 8;
    %cmp/u;
    %jmp/1 T_15.203, 6;
    %dup/vec4;
    %pushi/vec4 204, 0, 8;
    %cmp/u;
    %jmp/1 T_15.204, 6;
    %dup/vec4;
    %pushi/vec4 205, 0, 8;
    %cmp/u;
    %jmp/1 T_15.205, 6;
    %dup/vec4;
    %pushi/vec4 206, 0, 8;
    %cmp/u;
    %jmp/1 T_15.206, 6;
    %dup/vec4;
    %pushi/vec4 207, 0, 8;
    %cmp/u;
    %jmp/1 T_15.207, 6;
    %dup/vec4;
    %pushi/vec4 208, 0, 8;
    %cmp/u;
    %jmp/1 T_15.208, 6;
    %dup/vec4;
    %pushi/vec4 209, 0, 8;
    %cmp/u;
    %jmp/1 T_15.209, 6;
    %dup/vec4;
    %pushi/vec4 210, 0, 8;
    %cmp/u;
    %jmp/1 T_15.210, 6;
    %dup/vec4;
    %pushi/vec4 211, 0, 8;
    %cmp/u;
    %jmp/1 T_15.211, 6;
    %dup/vec4;
    %pushi/vec4 212, 0, 8;
    %cmp/u;
    %jmp/1 T_15.212, 6;
    %dup/vec4;
    %pushi/vec4 213, 0, 8;
    %cmp/u;
    %jmp/1 T_15.213, 6;
    %dup/vec4;
    %pushi/vec4 214, 0, 8;
    %cmp/u;
    %jmp/1 T_15.214, 6;
    %dup/vec4;
    %pushi/vec4 215, 0, 8;
    %cmp/u;
    %jmp/1 T_15.215, 6;
    %dup/vec4;
    %pushi/vec4 216, 0, 8;
    %cmp/u;
    %jmp/1 T_15.216, 6;
    %dup/vec4;
    %pushi/vec4 217, 0, 8;
    %cmp/u;
    %jmp/1 T_15.217, 6;
    %dup/vec4;
    %pushi/vec4 218, 0, 8;
    %cmp/u;
    %jmp/1 T_15.218, 6;
    %dup/vec4;
    %pushi/vec4 219, 0, 8;
    %cmp/u;
    %jmp/1 T_15.219, 6;
    %dup/vec4;
    %pushi/vec4 220, 0, 8;
    %cmp/u;
    %jmp/1 T_15.220, 6;
    %dup/vec4;
    %pushi/vec4 221, 0, 8;
    %cmp/u;
    %jmp/1 T_15.221, 6;
    %dup/vec4;
    %pushi/vec4 222, 0, 8;
    %cmp/u;
    %jmp/1 T_15.222, 6;
    %dup/vec4;
    %pushi/vec4 223, 0, 8;
    %cmp/u;
    %jmp/1 T_15.223, 6;
    %dup/vec4;
    %pushi/vec4 224, 0, 8;
    %cmp/u;
    %jmp/1 T_15.224, 6;
    %dup/vec4;
    %pushi/vec4 225, 0, 8;
    %cmp/u;
    %jmp/1 T_15.225, 6;
    %dup/vec4;
    %pushi/vec4 226, 0, 8;
    %cmp/u;
    %jmp/1 T_15.226, 6;
    %dup/vec4;
    %pushi/vec4 227, 0, 8;
    %cmp/u;
    %jmp/1 T_15.227, 6;
    %dup/vec4;
    %pushi/vec4 228, 0, 8;
    %cmp/u;
    %jmp/1 T_15.228, 6;
    %dup/vec4;
    %pushi/vec4 229, 0, 8;
    %cmp/u;
    %jmp/1 T_15.229, 6;
    %dup/vec4;
    %pushi/vec4 230, 0, 8;
    %cmp/u;
    %jmp/1 T_15.230, 6;
    %dup/vec4;
    %pushi/vec4 231, 0, 8;
    %cmp/u;
    %jmp/1 T_15.231, 6;
    %dup/vec4;
    %pushi/vec4 232, 0, 8;
    %cmp/u;
    %jmp/1 T_15.232, 6;
    %dup/vec4;
    %pushi/vec4 233, 0, 8;
    %cmp/u;
    %jmp/1 T_15.233, 6;
    %dup/vec4;
    %pushi/vec4 234, 0, 8;
    %cmp/u;
    %jmp/1 T_15.234, 6;
    %dup/vec4;
    %pushi/vec4 235, 0, 8;
    %cmp/u;
    %jmp/1 T_15.235, 6;
    %dup/vec4;
    %pushi/vec4 236, 0, 8;
    %cmp/u;
    %jmp/1 T_15.236, 6;
    %dup/vec4;
    %pushi/vec4 237, 0, 8;
    %cmp/u;
    %jmp/1 T_15.237, 6;
    %dup/vec4;
    %pushi/vec4 238, 0, 8;
    %cmp/u;
    %jmp/1 T_15.238, 6;
    %dup/vec4;
    %pushi/vec4 239, 0, 8;
    %cmp/u;
    %jmp/1 T_15.239, 6;
    %dup/vec4;
    %pushi/vec4 240, 0, 8;
    %cmp/u;
    %jmp/1 T_15.240, 6;
    %dup/vec4;
    %pushi/vec4 241, 0, 8;
    %cmp/u;
    %jmp/1 T_15.241, 6;
    %dup/vec4;
    %pushi/vec4 242, 0, 8;
    %cmp/u;
    %jmp/1 T_15.242, 6;
    %dup/vec4;
    %pushi/vec4 243, 0, 8;
    %cmp/u;
    %jmp/1 T_15.243, 6;
    %dup/vec4;
    %pushi/vec4 244, 0, 8;
    %cmp/u;
    %jmp/1 T_15.244, 6;
    %dup/vec4;
    %pushi/vec4 245, 0, 8;
    %cmp/u;
    %jmp/1 T_15.245, 6;
    %dup/vec4;
    %pushi/vec4 246, 0, 8;
    %cmp/u;
    %jmp/1 T_15.246, 6;
    %dup/vec4;
    %pushi/vec4 247, 0, 8;
    %cmp/u;
    %jmp/1 T_15.247, 6;
    %dup/vec4;
    %pushi/vec4 248, 0, 8;
    %cmp/u;
    %jmp/1 T_15.248, 6;
    %dup/vec4;
    %pushi/vec4 249, 0, 8;
    %cmp/u;
    %jmp/1 T_15.249, 6;
    %dup/vec4;
    %pushi/vec4 250, 0, 8;
    %cmp/u;
    %jmp/1 T_15.250, 6;
    %dup/vec4;
    %pushi/vec4 251, 0, 8;
    %cmp/u;
    %jmp/1 T_15.251, 6;
    %dup/vec4;
    %pushi/vec4 252, 0, 8;
    %cmp/u;
    %jmp/1 T_15.252, 6;
    %dup/vec4;
    %pushi/vec4 253, 0, 8;
    %cmp/u;
    %jmp/1 T_15.253, 6;
    %dup/vec4;
    %pushi/vec4 254, 0, 8;
    %cmp/u;
    %jmp/1 T_15.254, 6;
    %dup/vec4;
    %pushi/vec4 255, 0, 8;
    %cmp/u;
    %jmp/1 T_15.255, 6;
    %jmp T_15.256;
T_15.0 ;
    %pushi/vec4 99, 0, 8;
    %store/vec4 v000001f3eeb3d930_0, 0, 8;
    %jmp T_15.256;
T_15.1 ;
    %pushi/vec4 124, 0, 8;
    %store/vec4 v000001f3eeb3d930_0, 0, 8;
    %jmp T_15.256;
T_15.2 ;
    %pushi/vec4 119, 0, 8;
    %store/vec4 v000001f3eeb3d930_0, 0, 8;
    %jmp T_15.256;
T_15.3 ;
    %pushi/vec4 123, 0, 8;
    %store/vec4 v000001f3eeb3d930_0, 0, 8;
    %jmp T_15.256;
T_15.4 ;
    %pushi/vec4 242, 0, 8;
    %store/vec4 v000001f3eeb3d930_0, 0, 8;
    %jmp T_15.256;
T_15.5 ;
    %pushi/vec4 107, 0, 8;
    %store/vec4 v000001f3eeb3d930_0, 0, 8;
    %jmp T_15.256;
T_15.6 ;
    %pushi/vec4 111, 0, 8;
    %store/vec4 v000001f3eeb3d930_0, 0, 8;
    %jmp T_15.256;
T_15.7 ;
    %pushi/vec4 197, 0, 8;
    %store/vec4 v000001f3eeb3d930_0, 0, 8;
    %jmp T_15.256;
T_15.8 ;
    %pushi/vec4 48, 0, 8;
    %store/vec4 v000001f3eeb3d930_0, 0, 8;
    %jmp T_15.256;
T_15.9 ;
    %pushi/vec4 1, 0, 8;
    %store/vec4 v000001f3eeb3d930_0, 0, 8;
    %jmp T_15.256;
T_15.10 ;
    %pushi/vec4 103, 0, 8;
    %store/vec4 v000001f3eeb3d930_0, 0, 8;
    %jmp T_15.256;
T_15.11 ;
    %pushi/vec4 43, 0, 8;
    %store/vec4 v000001f3eeb3d930_0, 0, 8;
    %jmp T_15.256;
T_15.12 ;
    %pushi/vec4 254, 0, 8;
    %store/vec4 v000001f3eeb3d930_0, 0, 8;
    %jmp T_15.256;
T_15.13 ;
    %pushi/vec4 215, 0, 8;
    %store/vec4 v000001f3eeb3d930_0, 0, 8;
    %jmp T_15.256;
T_15.14 ;
    %pushi/vec4 171, 0, 8;
    %store/vec4 v000001f3eeb3d930_0, 0, 8;
    %jmp T_15.256;
T_15.15 ;
    %pushi/vec4 118, 0, 8;
    %store/vec4 v000001f3eeb3d930_0, 0, 8;
    %jmp T_15.256;
T_15.16 ;
    %pushi/vec4 202, 0, 8;
    %store/vec4 v000001f3eeb3d930_0, 0, 8;
    %jmp T_15.256;
T_15.17 ;
    %pushi/vec4 130, 0, 8;
    %store/vec4 v000001f3eeb3d930_0, 0, 8;
    %jmp T_15.256;
T_15.18 ;
    %pushi/vec4 201, 0, 8;
    %store/vec4 v000001f3eeb3d930_0, 0, 8;
    %jmp T_15.256;
T_15.19 ;
    %pushi/vec4 125, 0, 8;
    %store/vec4 v000001f3eeb3d930_0, 0, 8;
    %jmp T_15.256;
T_15.20 ;
    %pushi/vec4 250, 0, 8;
    %store/vec4 v000001f3eeb3d930_0, 0, 8;
    %jmp T_15.256;
T_15.21 ;
    %pushi/vec4 89, 0, 8;
    %store/vec4 v000001f3eeb3d930_0, 0, 8;
    %jmp T_15.256;
T_15.22 ;
    %pushi/vec4 71, 0, 8;
    %store/vec4 v000001f3eeb3d930_0, 0, 8;
    %jmp T_15.256;
T_15.23 ;
    %pushi/vec4 240, 0, 8;
    %store/vec4 v000001f3eeb3d930_0, 0, 8;
    %jmp T_15.256;
T_15.24 ;
    %pushi/vec4 173, 0, 8;
    %store/vec4 v000001f3eeb3d930_0, 0, 8;
    %jmp T_15.256;
T_15.25 ;
    %pushi/vec4 212, 0, 8;
    %store/vec4 v000001f3eeb3d930_0, 0, 8;
    %jmp T_15.256;
T_15.26 ;
    %pushi/vec4 162, 0, 8;
    %store/vec4 v000001f3eeb3d930_0, 0, 8;
    %jmp T_15.256;
T_15.27 ;
    %pushi/vec4 175, 0, 8;
    %store/vec4 v000001f3eeb3d930_0, 0, 8;
    %jmp T_15.256;
T_15.28 ;
    %pushi/vec4 156, 0, 8;
    %store/vec4 v000001f3eeb3d930_0, 0, 8;
    %jmp T_15.256;
T_15.29 ;
    %pushi/vec4 164, 0, 8;
    %store/vec4 v000001f3eeb3d930_0, 0, 8;
    %jmp T_15.256;
T_15.30 ;
    %pushi/vec4 114, 0, 8;
    %store/vec4 v000001f3eeb3d930_0, 0, 8;
    %jmp T_15.256;
T_15.31 ;
    %pushi/vec4 192, 0, 8;
    %store/vec4 v000001f3eeb3d930_0, 0, 8;
    %jmp T_15.256;
T_15.32 ;
    %pushi/vec4 183, 0, 8;
    %store/vec4 v000001f3eeb3d930_0, 0, 8;
    %jmp T_15.256;
T_15.33 ;
    %pushi/vec4 253, 0, 8;
    %store/vec4 v000001f3eeb3d930_0, 0, 8;
    %jmp T_15.256;
T_15.34 ;
    %pushi/vec4 147, 0, 8;
    %store/vec4 v000001f3eeb3d930_0, 0, 8;
    %jmp T_15.256;
T_15.35 ;
    %pushi/vec4 38, 0, 8;
    %store/vec4 v000001f3eeb3d930_0, 0, 8;
    %jmp T_15.256;
T_15.36 ;
    %pushi/vec4 54, 0, 8;
    %store/vec4 v000001f3eeb3d930_0, 0, 8;
    %jmp T_15.256;
T_15.37 ;
    %pushi/vec4 63, 0, 8;
    %store/vec4 v000001f3eeb3d930_0, 0, 8;
    %jmp T_15.256;
T_15.38 ;
    %pushi/vec4 247, 0, 8;
    %store/vec4 v000001f3eeb3d930_0, 0, 8;
    %jmp T_15.256;
T_15.39 ;
    %pushi/vec4 204, 0, 8;
    %store/vec4 v000001f3eeb3d930_0, 0, 8;
    %jmp T_15.256;
T_15.40 ;
    %pushi/vec4 52, 0, 8;
    %store/vec4 v000001f3eeb3d930_0, 0, 8;
    %jmp T_15.256;
T_15.41 ;
    %pushi/vec4 165, 0, 8;
    %store/vec4 v000001f3eeb3d930_0, 0, 8;
    %jmp T_15.256;
T_15.42 ;
    %pushi/vec4 229, 0, 8;
    %store/vec4 v000001f3eeb3d930_0, 0, 8;
    %jmp T_15.256;
T_15.43 ;
    %pushi/vec4 241, 0, 8;
    %store/vec4 v000001f3eeb3d930_0, 0, 8;
    %jmp T_15.256;
T_15.44 ;
    %pushi/vec4 113, 0, 8;
    %store/vec4 v000001f3eeb3d930_0, 0, 8;
    %jmp T_15.256;
T_15.45 ;
    %pushi/vec4 216, 0, 8;
    %store/vec4 v000001f3eeb3d930_0, 0, 8;
    %jmp T_15.256;
T_15.46 ;
    %pushi/vec4 49, 0, 8;
    %store/vec4 v000001f3eeb3d930_0, 0, 8;
    %jmp T_15.256;
T_15.47 ;
    %pushi/vec4 21, 0, 8;
    %store/vec4 v000001f3eeb3d930_0, 0, 8;
    %jmp T_15.256;
T_15.48 ;
    %pushi/vec4 4, 0, 8;
    %store/vec4 v000001f3eeb3d930_0, 0, 8;
    %jmp T_15.256;
T_15.49 ;
    %pushi/vec4 199, 0, 8;
    %store/vec4 v000001f3eeb3d930_0, 0, 8;
    %jmp T_15.256;
T_15.50 ;
    %pushi/vec4 35, 0, 8;
    %store/vec4 v000001f3eeb3d930_0, 0, 8;
    %jmp T_15.256;
T_15.51 ;
    %pushi/vec4 195, 0, 8;
    %store/vec4 v000001f3eeb3d930_0, 0, 8;
    %jmp T_15.256;
T_15.52 ;
    %pushi/vec4 24, 0, 8;
    %store/vec4 v000001f3eeb3d930_0, 0, 8;
    %jmp T_15.256;
T_15.53 ;
    %pushi/vec4 150, 0, 8;
    %store/vec4 v000001f3eeb3d930_0, 0, 8;
    %jmp T_15.256;
T_15.54 ;
    %pushi/vec4 5, 0, 8;
    %store/vec4 v000001f3eeb3d930_0, 0, 8;
    %jmp T_15.256;
T_15.55 ;
    %pushi/vec4 154, 0, 8;
    %store/vec4 v000001f3eeb3d930_0, 0, 8;
    %jmp T_15.256;
T_15.56 ;
    %pushi/vec4 7, 0, 8;
    %store/vec4 v000001f3eeb3d930_0, 0, 8;
    %jmp T_15.256;
T_15.57 ;
    %pushi/vec4 18, 0, 8;
    %store/vec4 v000001f3eeb3d930_0, 0, 8;
    %jmp T_15.256;
T_15.58 ;
    %pushi/vec4 128, 0, 8;
    %store/vec4 v000001f3eeb3d930_0, 0, 8;
    %jmp T_15.256;
T_15.59 ;
    %pushi/vec4 226, 0, 8;
    %store/vec4 v000001f3eeb3d930_0, 0, 8;
    %jmp T_15.256;
T_15.60 ;
    %pushi/vec4 235, 0, 8;
    %store/vec4 v000001f3eeb3d930_0, 0, 8;
    %jmp T_15.256;
T_15.61 ;
    %pushi/vec4 39, 0, 8;
    %store/vec4 v000001f3eeb3d930_0, 0, 8;
    %jmp T_15.256;
T_15.62 ;
    %pushi/vec4 178, 0, 8;
    %store/vec4 v000001f3eeb3d930_0, 0, 8;
    %jmp T_15.256;
T_15.63 ;
    %pushi/vec4 117, 0, 8;
    %store/vec4 v000001f3eeb3d930_0, 0, 8;
    %jmp T_15.256;
T_15.64 ;
    %pushi/vec4 9, 0, 8;
    %store/vec4 v000001f3eeb3d930_0, 0, 8;
    %jmp T_15.256;
T_15.65 ;
    %pushi/vec4 131, 0, 8;
    %store/vec4 v000001f3eeb3d930_0, 0, 8;
    %jmp T_15.256;
T_15.66 ;
    %pushi/vec4 44, 0, 8;
    %store/vec4 v000001f3eeb3d930_0, 0, 8;
    %jmp T_15.256;
T_15.67 ;
    %pushi/vec4 26, 0, 8;
    %store/vec4 v000001f3eeb3d930_0, 0, 8;
    %jmp T_15.256;
T_15.68 ;
    %pushi/vec4 27, 0, 8;
    %store/vec4 v000001f3eeb3d930_0, 0, 8;
    %jmp T_15.256;
T_15.69 ;
    %pushi/vec4 110, 0, 8;
    %store/vec4 v000001f3eeb3d930_0, 0, 8;
    %jmp T_15.256;
T_15.70 ;
    %pushi/vec4 90, 0, 8;
    %store/vec4 v000001f3eeb3d930_0, 0, 8;
    %jmp T_15.256;
T_15.71 ;
    %pushi/vec4 160, 0, 8;
    %store/vec4 v000001f3eeb3d930_0, 0, 8;
    %jmp T_15.256;
T_15.72 ;
    %pushi/vec4 82, 0, 8;
    %store/vec4 v000001f3eeb3d930_0, 0, 8;
    %jmp T_15.256;
T_15.73 ;
    %pushi/vec4 59, 0, 8;
    %store/vec4 v000001f3eeb3d930_0, 0, 8;
    %jmp T_15.256;
T_15.74 ;
    %pushi/vec4 214, 0, 8;
    %store/vec4 v000001f3eeb3d930_0, 0, 8;
    %jmp T_15.256;
T_15.75 ;
    %pushi/vec4 179, 0, 8;
    %store/vec4 v000001f3eeb3d930_0, 0, 8;
    %jmp T_15.256;
T_15.76 ;
    %pushi/vec4 41, 0, 8;
    %store/vec4 v000001f3eeb3d930_0, 0, 8;
    %jmp T_15.256;
T_15.77 ;
    %pushi/vec4 227, 0, 8;
    %store/vec4 v000001f3eeb3d930_0, 0, 8;
    %jmp T_15.256;
T_15.78 ;
    %pushi/vec4 47, 0, 8;
    %store/vec4 v000001f3eeb3d930_0, 0, 8;
    %jmp T_15.256;
T_15.79 ;
    %pushi/vec4 132, 0, 8;
    %store/vec4 v000001f3eeb3d930_0, 0, 8;
    %jmp T_15.256;
T_15.80 ;
    %pushi/vec4 83, 0, 8;
    %store/vec4 v000001f3eeb3d930_0, 0, 8;
    %jmp T_15.256;
T_15.81 ;
    %pushi/vec4 209, 0, 8;
    %store/vec4 v000001f3eeb3d930_0, 0, 8;
    %jmp T_15.256;
T_15.82 ;
    %pushi/vec4 0, 0, 8;
    %store/vec4 v000001f3eeb3d930_0, 0, 8;
    %jmp T_15.256;
T_15.83 ;
    %pushi/vec4 237, 0, 8;
    %store/vec4 v000001f3eeb3d930_0, 0, 8;
    %jmp T_15.256;
T_15.84 ;
    %pushi/vec4 32, 0, 8;
    %store/vec4 v000001f3eeb3d930_0, 0, 8;
    %jmp T_15.256;
T_15.85 ;
    %pushi/vec4 252, 0, 8;
    %store/vec4 v000001f3eeb3d930_0, 0, 8;
    %jmp T_15.256;
T_15.86 ;
    %pushi/vec4 177, 0, 8;
    %store/vec4 v000001f3eeb3d930_0, 0, 8;
    %jmp T_15.256;
T_15.87 ;
    %pushi/vec4 91, 0, 8;
    %store/vec4 v000001f3eeb3d930_0, 0, 8;
    %jmp T_15.256;
T_15.88 ;
    %pushi/vec4 106, 0, 8;
    %store/vec4 v000001f3eeb3d930_0, 0, 8;
    %jmp T_15.256;
T_15.89 ;
    %pushi/vec4 203, 0, 8;
    %store/vec4 v000001f3eeb3d930_0, 0, 8;
    %jmp T_15.256;
T_15.90 ;
    %pushi/vec4 190, 0, 8;
    %store/vec4 v000001f3eeb3d930_0, 0, 8;
    %jmp T_15.256;
T_15.91 ;
    %pushi/vec4 57, 0, 8;
    %store/vec4 v000001f3eeb3d930_0, 0, 8;
    %jmp T_15.256;
T_15.92 ;
    %pushi/vec4 74, 0, 8;
    %store/vec4 v000001f3eeb3d930_0, 0, 8;
    %jmp T_15.256;
T_15.93 ;
    %pushi/vec4 76, 0, 8;
    %store/vec4 v000001f3eeb3d930_0, 0, 8;
    %jmp T_15.256;
T_15.94 ;
    %pushi/vec4 88, 0, 8;
    %store/vec4 v000001f3eeb3d930_0, 0, 8;
    %jmp T_15.256;
T_15.95 ;
    %pushi/vec4 207, 0, 8;
    %store/vec4 v000001f3eeb3d930_0, 0, 8;
    %jmp T_15.256;
T_15.96 ;
    %pushi/vec4 208, 0, 8;
    %store/vec4 v000001f3eeb3d930_0, 0, 8;
    %jmp T_15.256;
T_15.97 ;
    %pushi/vec4 239, 0, 8;
    %store/vec4 v000001f3eeb3d930_0, 0, 8;
    %jmp T_15.256;
T_15.98 ;
    %pushi/vec4 170, 0, 8;
    %store/vec4 v000001f3eeb3d930_0, 0, 8;
    %jmp T_15.256;
T_15.99 ;
    %pushi/vec4 251, 0, 8;
    %store/vec4 v000001f3eeb3d930_0, 0, 8;
    %jmp T_15.256;
T_15.100 ;
    %pushi/vec4 67, 0, 8;
    %store/vec4 v000001f3eeb3d930_0, 0, 8;
    %jmp T_15.256;
T_15.101 ;
    %pushi/vec4 77, 0, 8;
    %store/vec4 v000001f3eeb3d930_0, 0, 8;
    %jmp T_15.256;
T_15.102 ;
    %pushi/vec4 51, 0, 8;
    %store/vec4 v000001f3eeb3d930_0, 0, 8;
    %jmp T_15.256;
T_15.103 ;
    %pushi/vec4 133, 0, 8;
    %store/vec4 v000001f3eeb3d930_0, 0, 8;
    %jmp T_15.256;
T_15.104 ;
    %pushi/vec4 69, 0, 8;
    %store/vec4 v000001f3eeb3d930_0, 0, 8;
    %jmp T_15.256;
T_15.105 ;
    %pushi/vec4 249, 0, 8;
    %store/vec4 v000001f3eeb3d930_0, 0, 8;
    %jmp T_15.256;
T_15.106 ;
    %pushi/vec4 2, 0, 8;
    %store/vec4 v000001f3eeb3d930_0, 0, 8;
    %jmp T_15.256;
T_15.107 ;
    %pushi/vec4 127, 0, 8;
    %store/vec4 v000001f3eeb3d930_0, 0, 8;
    %jmp T_15.256;
T_15.108 ;
    %pushi/vec4 80, 0, 8;
    %store/vec4 v000001f3eeb3d930_0, 0, 8;
    %jmp T_15.256;
T_15.109 ;
    %pushi/vec4 60, 0, 8;
    %store/vec4 v000001f3eeb3d930_0, 0, 8;
    %jmp T_15.256;
T_15.110 ;
    %pushi/vec4 159, 0, 8;
    %store/vec4 v000001f3eeb3d930_0, 0, 8;
    %jmp T_15.256;
T_15.111 ;
    %pushi/vec4 168, 0, 8;
    %store/vec4 v000001f3eeb3d930_0, 0, 8;
    %jmp T_15.256;
T_15.112 ;
    %pushi/vec4 81, 0, 8;
    %store/vec4 v000001f3eeb3d930_0, 0, 8;
    %jmp T_15.256;
T_15.113 ;
    %pushi/vec4 163, 0, 8;
    %store/vec4 v000001f3eeb3d930_0, 0, 8;
    %jmp T_15.256;
T_15.114 ;
    %pushi/vec4 64, 0, 8;
    %store/vec4 v000001f3eeb3d930_0, 0, 8;
    %jmp T_15.256;
T_15.115 ;
    %pushi/vec4 143, 0, 8;
    %store/vec4 v000001f3eeb3d930_0, 0, 8;
    %jmp T_15.256;
T_15.116 ;
    %pushi/vec4 146, 0, 8;
    %store/vec4 v000001f3eeb3d930_0, 0, 8;
    %jmp T_15.256;
T_15.117 ;
    %pushi/vec4 157, 0, 8;
    %store/vec4 v000001f3eeb3d930_0, 0, 8;
    %jmp T_15.256;
T_15.118 ;
    %pushi/vec4 56, 0, 8;
    %store/vec4 v000001f3eeb3d930_0, 0, 8;
    %jmp T_15.256;
T_15.119 ;
    %pushi/vec4 245, 0, 8;
    %store/vec4 v000001f3eeb3d930_0, 0, 8;
    %jmp T_15.256;
T_15.120 ;
    %pushi/vec4 188, 0, 8;
    %store/vec4 v000001f3eeb3d930_0, 0, 8;
    %jmp T_15.256;
T_15.121 ;
    %pushi/vec4 182, 0, 8;
    %store/vec4 v000001f3eeb3d930_0, 0, 8;
    %jmp T_15.256;
T_15.122 ;
    %pushi/vec4 218, 0, 8;
    %store/vec4 v000001f3eeb3d930_0, 0, 8;
    %jmp T_15.256;
T_15.123 ;
    %pushi/vec4 33, 0, 8;
    %store/vec4 v000001f3eeb3d930_0, 0, 8;
    %jmp T_15.256;
T_15.124 ;
    %pushi/vec4 16, 0, 8;
    %store/vec4 v000001f3eeb3d930_0, 0, 8;
    %jmp T_15.256;
T_15.125 ;
    %pushi/vec4 255, 0, 8;
    %store/vec4 v000001f3eeb3d930_0, 0, 8;
    %jmp T_15.256;
T_15.126 ;
    %pushi/vec4 243, 0, 8;
    %store/vec4 v000001f3eeb3d930_0, 0, 8;
    %jmp T_15.256;
T_15.127 ;
    %pushi/vec4 210, 0, 8;
    %store/vec4 v000001f3eeb3d930_0, 0, 8;
    %jmp T_15.256;
T_15.128 ;
    %pushi/vec4 205, 0, 8;
    %store/vec4 v000001f3eeb3d930_0, 0, 8;
    %jmp T_15.256;
T_15.129 ;
    %pushi/vec4 12, 0, 8;
    %store/vec4 v000001f3eeb3d930_0, 0, 8;
    %jmp T_15.256;
T_15.130 ;
    %pushi/vec4 19, 0, 8;
    %store/vec4 v000001f3eeb3d930_0, 0, 8;
    %jmp T_15.256;
T_15.131 ;
    %pushi/vec4 236, 0, 8;
    %store/vec4 v000001f3eeb3d930_0, 0, 8;
    %jmp T_15.256;
T_15.132 ;
    %pushi/vec4 95, 0, 8;
    %store/vec4 v000001f3eeb3d930_0, 0, 8;
    %jmp T_15.256;
T_15.133 ;
    %pushi/vec4 151, 0, 8;
    %store/vec4 v000001f3eeb3d930_0, 0, 8;
    %jmp T_15.256;
T_15.134 ;
    %pushi/vec4 68, 0, 8;
    %store/vec4 v000001f3eeb3d930_0, 0, 8;
    %jmp T_15.256;
T_15.135 ;
    %pushi/vec4 23, 0, 8;
    %store/vec4 v000001f3eeb3d930_0, 0, 8;
    %jmp T_15.256;
T_15.136 ;
    %pushi/vec4 196, 0, 8;
    %store/vec4 v000001f3eeb3d930_0, 0, 8;
    %jmp T_15.256;
T_15.137 ;
    %pushi/vec4 167, 0, 8;
    %store/vec4 v000001f3eeb3d930_0, 0, 8;
    %jmp T_15.256;
T_15.138 ;
    %pushi/vec4 126, 0, 8;
    %store/vec4 v000001f3eeb3d930_0, 0, 8;
    %jmp T_15.256;
T_15.139 ;
    %pushi/vec4 61, 0, 8;
    %store/vec4 v000001f3eeb3d930_0, 0, 8;
    %jmp T_15.256;
T_15.140 ;
    %pushi/vec4 100, 0, 8;
    %store/vec4 v000001f3eeb3d930_0, 0, 8;
    %jmp T_15.256;
T_15.141 ;
    %pushi/vec4 93, 0, 8;
    %store/vec4 v000001f3eeb3d930_0, 0, 8;
    %jmp T_15.256;
T_15.142 ;
    %pushi/vec4 25, 0, 8;
    %store/vec4 v000001f3eeb3d930_0, 0, 8;
    %jmp T_15.256;
T_15.143 ;
    %pushi/vec4 115, 0, 8;
    %store/vec4 v000001f3eeb3d930_0, 0, 8;
    %jmp T_15.256;
T_15.144 ;
    %pushi/vec4 96, 0, 8;
    %store/vec4 v000001f3eeb3d930_0, 0, 8;
    %jmp T_15.256;
T_15.145 ;
    %pushi/vec4 129, 0, 8;
    %store/vec4 v000001f3eeb3d930_0, 0, 8;
    %jmp T_15.256;
T_15.146 ;
    %pushi/vec4 79, 0, 8;
    %store/vec4 v000001f3eeb3d930_0, 0, 8;
    %jmp T_15.256;
T_15.147 ;
    %pushi/vec4 220, 0, 8;
    %store/vec4 v000001f3eeb3d930_0, 0, 8;
    %jmp T_15.256;
T_15.148 ;
    %pushi/vec4 34, 0, 8;
    %store/vec4 v000001f3eeb3d930_0, 0, 8;
    %jmp T_15.256;
T_15.149 ;
    %pushi/vec4 42, 0, 8;
    %store/vec4 v000001f3eeb3d930_0, 0, 8;
    %jmp T_15.256;
T_15.150 ;
    %pushi/vec4 144, 0, 8;
    %store/vec4 v000001f3eeb3d930_0, 0, 8;
    %jmp T_15.256;
T_15.151 ;
    %pushi/vec4 136, 0, 8;
    %store/vec4 v000001f3eeb3d930_0, 0, 8;
    %jmp T_15.256;
T_15.152 ;
    %pushi/vec4 70, 0, 8;
    %store/vec4 v000001f3eeb3d930_0, 0, 8;
    %jmp T_15.256;
T_15.153 ;
    %pushi/vec4 238, 0, 8;
    %store/vec4 v000001f3eeb3d930_0, 0, 8;
    %jmp T_15.256;
T_15.154 ;
    %pushi/vec4 184, 0, 8;
    %store/vec4 v000001f3eeb3d930_0, 0, 8;
    %jmp T_15.256;
T_15.155 ;
    %pushi/vec4 20, 0, 8;
    %store/vec4 v000001f3eeb3d930_0, 0, 8;
    %jmp T_15.256;
T_15.156 ;
    %pushi/vec4 222, 0, 8;
    %store/vec4 v000001f3eeb3d930_0, 0, 8;
    %jmp T_15.256;
T_15.157 ;
    %pushi/vec4 94, 0, 8;
    %store/vec4 v000001f3eeb3d930_0, 0, 8;
    %jmp T_15.256;
T_15.158 ;
    %pushi/vec4 11, 0, 8;
    %store/vec4 v000001f3eeb3d930_0, 0, 8;
    %jmp T_15.256;
T_15.159 ;
    %pushi/vec4 219, 0, 8;
    %store/vec4 v000001f3eeb3d930_0, 0, 8;
    %jmp T_15.256;
T_15.160 ;
    %pushi/vec4 224, 0, 8;
    %store/vec4 v000001f3eeb3d930_0, 0, 8;
    %jmp T_15.256;
T_15.161 ;
    %pushi/vec4 50, 0, 8;
    %store/vec4 v000001f3eeb3d930_0, 0, 8;
    %jmp T_15.256;
T_15.162 ;
    %pushi/vec4 58, 0, 8;
    %store/vec4 v000001f3eeb3d930_0, 0, 8;
    %jmp T_15.256;
T_15.163 ;
    %pushi/vec4 10, 0, 8;
    %store/vec4 v000001f3eeb3d930_0, 0, 8;
    %jmp T_15.256;
T_15.164 ;
    %pushi/vec4 73, 0, 8;
    %store/vec4 v000001f3eeb3d930_0, 0, 8;
    %jmp T_15.256;
T_15.165 ;
    %pushi/vec4 6, 0, 8;
    %store/vec4 v000001f3eeb3d930_0, 0, 8;
    %jmp T_15.256;
T_15.166 ;
    %pushi/vec4 36, 0, 8;
    %store/vec4 v000001f3eeb3d930_0, 0, 8;
    %jmp T_15.256;
T_15.167 ;
    %pushi/vec4 92, 0, 8;
    %store/vec4 v000001f3eeb3d930_0, 0, 8;
    %jmp T_15.256;
T_15.168 ;
    %pushi/vec4 194, 0, 8;
    %store/vec4 v000001f3eeb3d930_0, 0, 8;
    %jmp T_15.256;
T_15.169 ;
    %pushi/vec4 211, 0, 8;
    %store/vec4 v000001f3eeb3d930_0, 0, 8;
    %jmp T_15.256;
T_15.170 ;
    %pushi/vec4 172, 0, 8;
    %store/vec4 v000001f3eeb3d930_0, 0, 8;
    %jmp T_15.256;
T_15.171 ;
    %pushi/vec4 98, 0, 8;
    %store/vec4 v000001f3eeb3d930_0, 0, 8;
    %jmp T_15.256;
T_15.172 ;
    %pushi/vec4 145, 0, 8;
    %store/vec4 v000001f3eeb3d930_0, 0, 8;
    %jmp T_15.256;
T_15.173 ;
    %pushi/vec4 149, 0, 8;
    %store/vec4 v000001f3eeb3d930_0, 0, 8;
    %jmp T_15.256;
T_15.174 ;
    %pushi/vec4 228, 0, 8;
    %store/vec4 v000001f3eeb3d930_0, 0, 8;
    %jmp T_15.256;
T_15.175 ;
    %pushi/vec4 121, 0, 8;
    %store/vec4 v000001f3eeb3d930_0, 0, 8;
    %jmp T_15.256;
T_15.176 ;
    %pushi/vec4 231, 0, 8;
    %store/vec4 v000001f3eeb3d930_0, 0, 8;
    %jmp T_15.256;
T_15.177 ;
    %pushi/vec4 200, 0, 8;
    %store/vec4 v000001f3eeb3d930_0, 0, 8;
    %jmp T_15.256;
T_15.178 ;
    %pushi/vec4 55, 0, 8;
    %store/vec4 v000001f3eeb3d930_0, 0, 8;
    %jmp T_15.256;
T_15.179 ;
    %pushi/vec4 109, 0, 8;
    %store/vec4 v000001f3eeb3d930_0, 0, 8;
    %jmp T_15.256;
T_15.180 ;
    %pushi/vec4 141, 0, 8;
    %store/vec4 v000001f3eeb3d930_0, 0, 8;
    %jmp T_15.256;
T_15.181 ;
    %pushi/vec4 213, 0, 8;
    %store/vec4 v000001f3eeb3d930_0, 0, 8;
    %jmp T_15.256;
T_15.182 ;
    %pushi/vec4 78, 0, 8;
    %store/vec4 v000001f3eeb3d930_0, 0, 8;
    %jmp T_15.256;
T_15.183 ;
    %pushi/vec4 169, 0, 8;
    %store/vec4 v000001f3eeb3d930_0, 0, 8;
    %jmp T_15.256;
T_15.184 ;
    %pushi/vec4 108, 0, 8;
    %store/vec4 v000001f3eeb3d930_0, 0, 8;
    %jmp T_15.256;
T_15.185 ;
    %pushi/vec4 86, 0, 8;
    %store/vec4 v000001f3eeb3d930_0, 0, 8;
    %jmp T_15.256;
T_15.186 ;
    %pushi/vec4 244, 0, 8;
    %store/vec4 v000001f3eeb3d930_0, 0, 8;
    %jmp T_15.256;
T_15.187 ;
    %pushi/vec4 234, 0, 8;
    %store/vec4 v000001f3eeb3d930_0, 0, 8;
    %jmp T_15.256;
T_15.188 ;
    %pushi/vec4 101, 0, 8;
    %store/vec4 v000001f3eeb3d930_0, 0, 8;
    %jmp T_15.256;
T_15.189 ;
    %pushi/vec4 122, 0, 8;
    %store/vec4 v000001f3eeb3d930_0, 0, 8;
    %jmp T_15.256;
T_15.190 ;
    %pushi/vec4 174, 0, 8;
    %store/vec4 v000001f3eeb3d930_0, 0, 8;
    %jmp T_15.256;
T_15.191 ;
    %pushi/vec4 8, 0, 8;
    %store/vec4 v000001f3eeb3d930_0, 0, 8;
    %jmp T_15.256;
T_15.192 ;
    %pushi/vec4 186, 0, 8;
    %store/vec4 v000001f3eeb3d930_0, 0, 8;
    %jmp T_15.256;
T_15.193 ;
    %pushi/vec4 120, 0, 8;
    %store/vec4 v000001f3eeb3d930_0, 0, 8;
    %jmp T_15.256;
T_15.194 ;
    %pushi/vec4 37, 0, 8;
    %store/vec4 v000001f3eeb3d930_0, 0, 8;
    %jmp T_15.256;
T_15.195 ;
    %pushi/vec4 46, 0, 8;
    %store/vec4 v000001f3eeb3d930_0, 0, 8;
    %jmp T_15.256;
T_15.196 ;
    %pushi/vec4 28, 0, 8;
    %store/vec4 v000001f3eeb3d930_0, 0, 8;
    %jmp T_15.256;
T_15.197 ;
    %pushi/vec4 166, 0, 8;
    %store/vec4 v000001f3eeb3d930_0, 0, 8;
    %jmp T_15.256;
T_15.198 ;
    %pushi/vec4 180, 0, 8;
    %store/vec4 v000001f3eeb3d930_0, 0, 8;
    %jmp T_15.256;
T_15.199 ;
    %pushi/vec4 198, 0, 8;
    %store/vec4 v000001f3eeb3d930_0, 0, 8;
    %jmp T_15.256;
T_15.200 ;
    %pushi/vec4 232, 0, 8;
    %store/vec4 v000001f3eeb3d930_0, 0, 8;
    %jmp T_15.256;
T_15.201 ;
    %pushi/vec4 221, 0, 8;
    %store/vec4 v000001f3eeb3d930_0, 0, 8;
    %jmp T_15.256;
T_15.202 ;
    %pushi/vec4 116, 0, 8;
    %store/vec4 v000001f3eeb3d930_0, 0, 8;
    %jmp T_15.256;
T_15.203 ;
    %pushi/vec4 31, 0, 8;
    %store/vec4 v000001f3eeb3d930_0, 0, 8;
    %jmp T_15.256;
T_15.204 ;
    %pushi/vec4 75, 0, 8;
    %store/vec4 v000001f3eeb3d930_0, 0, 8;
    %jmp T_15.256;
T_15.205 ;
    %pushi/vec4 189, 0, 8;
    %store/vec4 v000001f3eeb3d930_0, 0, 8;
    %jmp T_15.256;
T_15.206 ;
    %pushi/vec4 139, 0, 8;
    %store/vec4 v000001f3eeb3d930_0, 0, 8;
    %jmp T_15.256;
T_15.207 ;
    %pushi/vec4 138, 0, 8;
    %store/vec4 v000001f3eeb3d930_0, 0, 8;
    %jmp T_15.256;
T_15.208 ;
    %pushi/vec4 112, 0, 8;
    %store/vec4 v000001f3eeb3d930_0, 0, 8;
    %jmp T_15.256;
T_15.209 ;
    %pushi/vec4 62, 0, 8;
    %store/vec4 v000001f3eeb3d930_0, 0, 8;
    %jmp T_15.256;
T_15.210 ;
    %pushi/vec4 181, 0, 8;
    %store/vec4 v000001f3eeb3d930_0, 0, 8;
    %jmp T_15.256;
T_15.211 ;
    %pushi/vec4 102, 0, 8;
    %store/vec4 v000001f3eeb3d930_0, 0, 8;
    %jmp T_15.256;
T_15.212 ;
    %pushi/vec4 72, 0, 8;
    %store/vec4 v000001f3eeb3d930_0, 0, 8;
    %jmp T_15.256;
T_15.213 ;
    %pushi/vec4 3, 0, 8;
    %store/vec4 v000001f3eeb3d930_0, 0, 8;
    %jmp T_15.256;
T_15.214 ;
    %pushi/vec4 246, 0, 8;
    %store/vec4 v000001f3eeb3d930_0, 0, 8;
    %jmp T_15.256;
T_15.215 ;
    %pushi/vec4 14, 0, 8;
    %store/vec4 v000001f3eeb3d930_0, 0, 8;
    %jmp T_15.256;
T_15.216 ;
    %pushi/vec4 97, 0, 8;
    %store/vec4 v000001f3eeb3d930_0, 0, 8;
    %jmp T_15.256;
T_15.217 ;
    %pushi/vec4 53, 0, 8;
    %store/vec4 v000001f3eeb3d930_0, 0, 8;
    %jmp T_15.256;
T_15.218 ;
    %pushi/vec4 87, 0, 8;
    %store/vec4 v000001f3eeb3d930_0, 0, 8;
    %jmp T_15.256;
T_15.219 ;
    %pushi/vec4 185, 0, 8;
    %store/vec4 v000001f3eeb3d930_0, 0, 8;
    %jmp T_15.256;
T_15.220 ;
    %pushi/vec4 134, 0, 8;
    %store/vec4 v000001f3eeb3d930_0, 0, 8;
    %jmp T_15.256;
T_15.221 ;
    %pushi/vec4 193, 0, 8;
    %store/vec4 v000001f3eeb3d930_0, 0, 8;
    %jmp T_15.256;
T_15.222 ;
    %pushi/vec4 29, 0, 8;
    %store/vec4 v000001f3eeb3d930_0, 0, 8;
    %jmp T_15.256;
T_15.223 ;
    %pushi/vec4 158, 0, 8;
    %store/vec4 v000001f3eeb3d930_0, 0, 8;
    %jmp T_15.256;
T_15.224 ;
    %pushi/vec4 225, 0, 8;
    %store/vec4 v000001f3eeb3d930_0, 0, 8;
    %jmp T_15.256;
T_15.225 ;
    %pushi/vec4 248, 0, 8;
    %store/vec4 v000001f3eeb3d930_0, 0, 8;
    %jmp T_15.256;
T_15.226 ;
    %pushi/vec4 152, 0, 8;
    %store/vec4 v000001f3eeb3d930_0, 0, 8;
    %jmp T_15.256;
T_15.227 ;
    %pushi/vec4 17, 0, 8;
    %store/vec4 v000001f3eeb3d930_0, 0, 8;
    %jmp T_15.256;
T_15.228 ;
    %pushi/vec4 105, 0, 8;
    %store/vec4 v000001f3eeb3d930_0, 0, 8;
    %jmp T_15.256;
T_15.229 ;
    %pushi/vec4 217, 0, 8;
    %store/vec4 v000001f3eeb3d930_0, 0, 8;
    %jmp T_15.256;
T_15.230 ;
    %pushi/vec4 142, 0, 8;
    %store/vec4 v000001f3eeb3d930_0, 0, 8;
    %jmp T_15.256;
T_15.231 ;
    %pushi/vec4 148, 0, 8;
    %store/vec4 v000001f3eeb3d930_0, 0, 8;
    %jmp T_15.256;
T_15.232 ;
    %pushi/vec4 155, 0, 8;
    %store/vec4 v000001f3eeb3d930_0, 0, 8;
    %jmp T_15.256;
T_15.233 ;
    %pushi/vec4 30, 0, 8;
    %store/vec4 v000001f3eeb3d930_0, 0, 8;
    %jmp T_15.256;
T_15.234 ;
    %pushi/vec4 135, 0, 8;
    %store/vec4 v000001f3eeb3d930_0, 0, 8;
    %jmp T_15.256;
T_15.235 ;
    %pushi/vec4 233, 0, 8;
    %store/vec4 v000001f3eeb3d930_0, 0, 8;
    %jmp T_15.256;
T_15.236 ;
    %pushi/vec4 206, 0, 8;
    %store/vec4 v000001f3eeb3d930_0, 0, 8;
    %jmp T_15.256;
T_15.237 ;
    %pushi/vec4 85, 0, 8;
    %store/vec4 v000001f3eeb3d930_0, 0, 8;
    %jmp T_15.256;
T_15.238 ;
    %pushi/vec4 40, 0, 8;
    %store/vec4 v000001f3eeb3d930_0, 0, 8;
    %jmp T_15.256;
T_15.239 ;
    %pushi/vec4 223, 0, 8;
    %store/vec4 v000001f3eeb3d930_0, 0, 8;
    %jmp T_15.256;
T_15.240 ;
    %pushi/vec4 140, 0, 8;
    %store/vec4 v000001f3eeb3d930_0, 0, 8;
    %jmp T_15.256;
T_15.241 ;
    %pushi/vec4 161, 0, 8;
    %store/vec4 v000001f3eeb3d930_0, 0, 8;
    %jmp T_15.256;
T_15.242 ;
    %pushi/vec4 137, 0, 8;
    %store/vec4 v000001f3eeb3d930_0, 0, 8;
    %jmp T_15.256;
T_15.243 ;
    %pushi/vec4 13, 0, 8;
    %store/vec4 v000001f3eeb3d930_0, 0, 8;
    %jmp T_15.256;
T_15.244 ;
    %pushi/vec4 191, 0, 8;
    %store/vec4 v000001f3eeb3d930_0, 0, 8;
    %jmp T_15.256;
T_15.245 ;
    %pushi/vec4 230, 0, 8;
    %store/vec4 v000001f3eeb3d930_0, 0, 8;
    %jmp T_15.256;
T_15.246 ;
    %pushi/vec4 66, 0, 8;
    %store/vec4 v000001f3eeb3d930_0, 0, 8;
    %jmp T_15.256;
T_15.247 ;
    %pushi/vec4 104, 0, 8;
    %store/vec4 v000001f3eeb3d930_0, 0, 8;
    %jmp T_15.256;
T_15.248 ;
    %pushi/vec4 65, 0, 8;
    %store/vec4 v000001f3eeb3d930_0, 0, 8;
    %jmp T_15.256;
T_15.249 ;
    %pushi/vec4 153, 0, 8;
    %store/vec4 v000001f3eeb3d930_0, 0, 8;
    %jmp T_15.256;
T_15.250 ;
    %pushi/vec4 45, 0, 8;
    %store/vec4 v000001f3eeb3d930_0, 0, 8;
    %jmp T_15.256;
T_15.251 ;
    %pushi/vec4 15, 0, 8;
    %store/vec4 v000001f3eeb3d930_0, 0, 8;
    %jmp T_15.256;
T_15.252 ;
    %pushi/vec4 176, 0, 8;
    %store/vec4 v000001f3eeb3d930_0, 0, 8;
    %jmp T_15.256;
T_15.253 ;
    %pushi/vec4 84, 0, 8;
    %store/vec4 v000001f3eeb3d930_0, 0, 8;
    %jmp T_15.256;
T_15.254 ;
    %pushi/vec4 187, 0, 8;
    %store/vec4 v000001f3eeb3d930_0, 0, 8;
    %jmp T_15.256;
T_15.255 ;
    %pushi/vec4 22, 0, 8;
    %store/vec4 v000001f3eeb3d930_0, 0, 8;
    %jmp T_15.256;
T_15.256 ;
    %pop/vec4 1;
    %jmp T_15;
    .thread T_15, $push;
    .scope S_000001f3eeb3f3a0;
T_16 ;
    %wait E_000001f3eeabf680;
    %load/vec4 v000001f3eeb3c530_0;
    %dup/vec4;
    %pushi/vec4 0, 0, 8;
    %cmp/u;
    %jmp/1 T_16.0, 6;
    %dup/vec4;
    %pushi/vec4 1, 0, 8;
    %cmp/u;
    %jmp/1 T_16.1, 6;
    %dup/vec4;
    %pushi/vec4 2, 0, 8;
    %cmp/u;
    %jmp/1 T_16.2, 6;
    %dup/vec4;
    %pushi/vec4 3, 0, 8;
    %cmp/u;
    %jmp/1 T_16.3, 6;
    %dup/vec4;
    %pushi/vec4 4, 0, 8;
    %cmp/u;
    %jmp/1 T_16.4, 6;
    %dup/vec4;
    %pushi/vec4 5, 0, 8;
    %cmp/u;
    %jmp/1 T_16.5, 6;
    %dup/vec4;
    %pushi/vec4 6, 0, 8;
    %cmp/u;
    %jmp/1 T_16.6, 6;
    %dup/vec4;
    %pushi/vec4 7, 0, 8;
    %cmp/u;
    %jmp/1 T_16.7, 6;
    %dup/vec4;
    %pushi/vec4 8, 0, 8;
    %cmp/u;
    %jmp/1 T_16.8, 6;
    %dup/vec4;
    %pushi/vec4 9, 0, 8;
    %cmp/u;
    %jmp/1 T_16.9, 6;
    %dup/vec4;
    %pushi/vec4 10, 0, 8;
    %cmp/u;
    %jmp/1 T_16.10, 6;
    %dup/vec4;
    %pushi/vec4 11, 0, 8;
    %cmp/u;
    %jmp/1 T_16.11, 6;
    %dup/vec4;
    %pushi/vec4 12, 0, 8;
    %cmp/u;
    %jmp/1 T_16.12, 6;
    %dup/vec4;
    %pushi/vec4 13, 0, 8;
    %cmp/u;
    %jmp/1 T_16.13, 6;
    %dup/vec4;
    %pushi/vec4 14, 0, 8;
    %cmp/u;
    %jmp/1 T_16.14, 6;
    %dup/vec4;
    %pushi/vec4 15, 0, 8;
    %cmp/u;
    %jmp/1 T_16.15, 6;
    %dup/vec4;
    %pushi/vec4 16, 0, 8;
    %cmp/u;
    %jmp/1 T_16.16, 6;
    %dup/vec4;
    %pushi/vec4 17, 0, 8;
    %cmp/u;
    %jmp/1 T_16.17, 6;
    %dup/vec4;
    %pushi/vec4 18, 0, 8;
    %cmp/u;
    %jmp/1 T_16.18, 6;
    %dup/vec4;
    %pushi/vec4 19, 0, 8;
    %cmp/u;
    %jmp/1 T_16.19, 6;
    %dup/vec4;
    %pushi/vec4 20, 0, 8;
    %cmp/u;
    %jmp/1 T_16.20, 6;
    %dup/vec4;
    %pushi/vec4 21, 0, 8;
    %cmp/u;
    %jmp/1 T_16.21, 6;
    %dup/vec4;
    %pushi/vec4 22, 0, 8;
    %cmp/u;
    %jmp/1 T_16.22, 6;
    %dup/vec4;
    %pushi/vec4 23, 0, 8;
    %cmp/u;
    %jmp/1 T_16.23, 6;
    %dup/vec4;
    %pushi/vec4 24, 0, 8;
    %cmp/u;
    %jmp/1 T_16.24, 6;
    %dup/vec4;
    %pushi/vec4 25, 0, 8;
    %cmp/u;
    %jmp/1 T_16.25, 6;
    %dup/vec4;
    %pushi/vec4 26, 0, 8;
    %cmp/u;
    %jmp/1 T_16.26, 6;
    %dup/vec4;
    %pushi/vec4 27, 0, 8;
    %cmp/u;
    %jmp/1 T_16.27, 6;
    %dup/vec4;
    %pushi/vec4 28, 0, 8;
    %cmp/u;
    %jmp/1 T_16.28, 6;
    %dup/vec4;
    %pushi/vec4 29, 0, 8;
    %cmp/u;
    %jmp/1 T_16.29, 6;
    %dup/vec4;
    %pushi/vec4 30, 0, 8;
    %cmp/u;
    %jmp/1 T_16.30, 6;
    %dup/vec4;
    %pushi/vec4 31, 0, 8;
    %cmp/u;
    %jmp/1 T_16.31, 6;
    %dup/vec4;
    %pushi/vec4 32, 0, 8;
    %cmp/u;
    %jmp/1 T_16.32, 6;
    %dup/vec4;
    %pushi/vec4 33, 0, 8;
    %cmp/u;
    %jmp/1 T_16.33, 6;
    %dup/vec4;
    %pushi/vec4 34, 0, 8;
    %cmp/u;
    %jmp/1 T_16.34, 6;
    %dup/vec4;
    %pushi/vec4 35, 0, 8;
    %cmp/u;
    %jmp/1 T_16.35, 6;
    %dup/vec4;
    %pushi/vec4 36, 0, 8;
    %cmp/u;
    %jmp/1 T_16.36, 6;
    %dup/vec4;
    %pushi/vec4 37, 0, 8;
    %cmp/u;
    %jmp/1 T_16.37, 6;
    %dup/vec4;
    %pushi/vec4 38, 0, 8;
    %cmp/u;
    %jmp/1 T_16.38, 6;
    %dup/vec4;
    %pushi/vec4 39, 0, 8;
    %cmp/u;
    %jmp/1 T_16.39, 6;
    %dup/vec4;
    %pushi/vec4 40, 0, 8;
    %cmp/u;
    %jmp/1 T_16.40, 6;
    %dup/vec4;
    %pushi/vec4 41, 0, 8;
    %cmp/u;
    %jmp/1 T_16.41, 6;
    %dup/vec4;
    %pushi/vec4 42, 0, 8;
    %cmp/u;
    %jmp/1 T_16.42, 6;
    %dup/vec4;
    %pushi/vec4 43, 0, 8;
    %cmp/u;
    %jmp/1 T_16.43, 6;
    %dup/vec4;
    %pushi/vec4 44, 0, 8;
    %cmp/u;
    %jmp/1 T_16.44, 6;
    %dup/vec4;
    %pushi/vec4 45, 0, 8;
    %cmp/u;
    %jmp/1 T_16.45, 6;
    %dup/vec4;
    %pushi/vec4 46, 0, 8;
    %cmp/u;
    %jmp/1 T_16.46, 6;
    %dup/vec4;
    %pushi/vec4 47, 0, 8;
    %cmp/u;
    %jmp/1 T_16.47, 6;
    %dup/vec4;
    %pushi/vec4 48, 0, 8;
    %cmp/u;
    %jmp/1 T_16.48, 6;
    %dup/vec4;
    %pushi/vec4 49, 0, 8;
    %cmp/u;
    %jmp/1 T_16.49, 6;
    %dup/vec4;
    %pushi/vec4 50, 0, 8;
    %cmp/u;
    %jmp/1 T_16.50, 6;
    %dup/vec4;
    %pushi/vec4 51, 0, 8;
    %cmp/u;
    %jmp/1 T_16.51, 6;
    %dup/vec4;
    %pushi/vec4 52, 0, 8;
    %cmp/u;
    %jmp/1 T_16.52, 6;
    %dup/vec4;
    %pushi/vec4 53, 0, 8;
    %cmp/u;
    %jmp/1 T_16.53, 6;
    %dup/vec4;
    %pushi/vec4 54, 0, 8;
    %cmp/u;
    %jmp/1 T_16.54, 6;
    %dup/vec4;
    %pushi/vec4 55, 0, 8;
    %cmp/u;
    %jmp/1 T_16.55, 6;
    %dup/vec4;
    %pushi/vec4 56, 0, 8;
    %cmp/u;
    %jmp/1 T_16.56, 6;
    %dup/vec4;
    %pushi/vec4 57, 0, 8;
    %cmp/u;
    %jmp/1 T_16.57, 6;
    %dup/vec4;
    %pushi/vec4 58, 0, 8;
    %cmp/u;
    %jmp/1 T_16.58, 6;
    %dup/vec4;
    %pushi/vec4 59, 0, 8;
    %cmp/u;
    %jmp/1 T_16.59, 6;
    %dup/vec4;
    %pushi/vec4 60, 0, 8;
    %cmp/u;
    %jmp/1 T_16.60, 6;
    %dup/vec4;
    %pushi/vec4 61, 0, 8;
    %cmp/u;
    %jmp/1 T_16.61, 6;
    %dup/vec4;
    %pushi/vec4 62, 0, 8;
    %cmp/u;
    %jmp/1 T_16.62, 6;
    %dup/vec4;
    %pushi/vec4 63, 0, 8;
    %cmp/u;
    %jmp/1 T_16.63, 6;
    %dup/vec4;
    %pushi/vec4 64, 0, 8;
    %cmp/u;
    %jmp/1 T_16.64, 6;
    %dup/vec4;
    %pushi/vec4 65, 0, 8;
    %cmp/u;
    %jmp/1 T_16.65, 6;
    %dup/vec4;
    %pushi/vec4 66, 0, 8;
    %cmp/u;
    %jmp/1 T_16.66, 6;
    %dup/vec4;
    %pushi/vec4 67, 0, 8;
    %cmp/u;
    %jmp/1 T_16.67, 6;
    %dup/vec4;
    %pushi/vec4 68, 0, 8;
    %cmp/u;
    %jmp/1 T_16.68, 6;
    %dup/vec4;
    %pushi/vec4 69, 0, 8;
    %cmp/u;
    %jmp/1 T_16.69, 6;
    %dup/vec4;
    %pushi/vec4 70, 0, 8;
    %cmp/u;
    %jmp/1 T_16.70, 6;
    %dup/vec4;
    %pushi/vec4 71, 0, 8;
    %cmp/u;
    %jmp/1 T_16.71, 6;
    %dup/vec4;
    %pushi/vec4 72, 0, 8;
    %cmp/u;
    %jmp/1 T_16.72, 6;
    %dup/vec4;
    %pushi/vec4 73, 0, 8;
    %cmp/u;
    %jmp/1 T_16.73, 6;
    %dup/vec4;
    %pushi/vec4 74, 0, 8;
    %cmp/u;
    %jmp/1 T_16.74, 6;
    %dup/vec4;
    %pushi/vec4 75, 0, 8;
    %cmp/u;
    %jmp/1 T_16.75, 6;
    %dup/vec4;
    %pushi/vec4 76, 0, 8;
    %cmp/u;
    %jmp/1 T_16.76, 6;
    %dup/vec4;
    %pushi/vec4 77, 0, 8;
    %cmp/u;
    %jmp/1 T_16.77, 6;
    %dup/vec4;
    %pushi/vec4 78, 0, 8;
    %cmp/u;
    %jmp/1 T_16.78, 6;
    %dup/vec4;
    %pushi/vec4 79, 0, 8;
    %cmp/u;
    %jmp/1 T_16.79, 6;
    %dup/vec4;
    %pushi/vec4 80, 0, 8;
    %cmp/u;
    %jmp/1 T_16.80, 6;
    %dup/vec4;
    %pushi/vec4 81, 0, 8;
    %cmp/u;
    %jmp/1 T_16.81, 6;
    %dup/vec4;
    %pushi/vec4 82, 0, 8;
    %cmp/u;
    %jmp/1 T_16.82, 6;
    %dup/vec4;
    %pushi/vec4 83, 0, 8;
    %cmp/u;
    %jmp/1 T_16.83, 6;
    %dup/vec4;
    %pushi/vec4 84, 0, 8;
    %cmp/u;
    %jmp/1 T_16.84, 6;
    %dup/vec4;
    %pushi/vec4 85, 0, 8;
    %cmp/u;
    %jmp/1 T_16.85, 6;
    %dup/vec4;
    %pushi/vec4 86, 0, 8;
    %cmp/u;
    %jmp/1 T_16.86, 6;
    %dup/vec4;
    %pushi/vec4 87, 0, 8;
    %cmp/u;
    %jmp/1 T_16.87, 6;
    %dup/vec4;
    %pushi/vec4 88, 0, 8;
    %cmp/u;
    %jmp/1 T_16.88, 6;
    %dup/vec4;
    %pushi/vec4 89, 0, 8;
    %cmp/u;
    %jmp/1 T_16.89, 6;
    %dup/vec4;
    %pushi/vec4 90, 0, 8;
    %cmp/u;
    %jmp/1 T_16.90, 6;
    %dup/vec4;
    %pushi/vec4 91, 0, 8;
    %cmp/u;
    %jmp/1 T_16.91, 6;
    %dup/vec4;
    %pushi/vec4 92, 0, 8;
    %cmp/u;
    %jmp/1 T_16.92, 6;
    %dup/vec4;
    %pushi/vec4 93, 0, 8;
    %cmp/u;
    %jmp/1 T_16.93, 6;
    %dup/vec4;
    %pushi/vec4 94, 0, 8;
    %cmp/u;
    %jmp/1 T_16.94, 6;
    %dup/vec4;
    %pushi/vec4 95, 0, 8;
    %cmp/u;
    %jmp/1 T_16.95, 6;
    %dup/vec4;
    %pushi/vec4 96, 0, 8;
    %cmp/u;
    %jmp/1 T_16.96, 6;
    %dup/vec4;
    %pushi/vec4 97, 0, 8;
    %cmp/u;
    %jmp/1 T_16.97, 6;
    %dup/vec4;
    %pushi/vec4 98, 0, 8;
    %cmp/u;
    %jmp/1 T_16.98, 6;
    %dup/vec4;
    %pushi/vec4 99, 0, 8;
    %cmp/u;
    %jmp/1 T_16.99, 6;
    %dup/vec4;
    %pushi/vec4 100, 0, 8;
    %cmp/u;
    %jmp/1 T_16.100, 6;
    %dup/vec4;
    %pushi/vec4 101, 0, 8;
    %cmp/u;
    %jmp/1 T_16.101, 6;
    %dup/vec4;
    %pushi/vec4 102, 0, 8;
    %cmp/u;
    %jmp/1 T_16.102, 6;
    %dup/vec4;
    %pushi/vec4 103, 0, 8;
    %cmp/u;
    %jmp/1 T_16.103, 6;
    %dup/vec4;
    %pushi/vec4 104, 0, 8;
    %cmp/u;
    %jmp/1 T_16.104, 6;
    %dup/vec4;
    %pushi/vec4 105, 0, 8;
    %cmp/u;
    %jmp/1 T_16.105, 6;
    %dup/vec4;
    %pushi/vec4 106, 0, 8;
    %cmp/u;
    %jmp/1 T_16.106, 6;
    %dup/vec4;
    %pushi/vec4 107, 0, 8;
    %cmp/u;
    %jmp/1 T_16.107, 6;
    %dup/vec4;
    %pushi/vec4 108, 0, 8;
    %cmp/u;
    %jmp/1 T_16.108, 6;
    %dup/vec4;
    %pushi/vec4 109, 0, 8;
    %cmp/u;
    %jmp/1 T_16.109, 6;
    %dup/vec4;
    %pushi/vec4 110, 0, 8;
    %cmp/u;
    %jmp/1 T_16.110, 6;
    %dup/vec4;
    %pushi/vec4 111, 0, 8;
    %cmp/u;
    %jmp/1 T_16.111, 6;
    %dup/vec4;
    %pushi/vec4 112, 0, 8;
    %cmp/u;
    %jmp/1 T_16.112, 6;
    %dup/vec4;
    %pushi/vec4 113, 0, 8;
    %cmp/u;
    %jmp/1 T_16.113, 6;
    %dup/vec4;
    %pushi/vec4 114, 0, 8;
    %cmp/u;
    %jmp/1 T_16.114, 6;
    %dup/vec4;
    %pushi/vec4 115, 0, 8;
    %cmp/u;
    %jmp/1 T_16.115, 6;
    %dup/vec4;
    %pushi/vec4 116, 0, 8;
    %cmp/u;
    %jmp/1 T_16.116, 6;
    %dup/vec4;
    %pushi/vec4 117, 0, 8;
    %cmp/u;
    %jmp/1 T_16.117, 6;
    %dup/vec4;
    %pushi/vec4 118, 0, 8;
    %cmp/u;
    %jmp/1 T_16.118, 6;
    %dup/vec4;
    %pushi/vec4 119, 0, 8;
    %cmp/u;
    %jmp/1 T_16.119, 6;
    %dup/vec4;
    %pushi/vec4 120, 0, 8;
    %cmp/u;
    %jmp/1 T_16.120, 6;
    %dup/vec4;
    %pushi/vec4 121, 0, 8;
    %cmp/u;
    %jmp/1 T_16.121, 6;
    %dup/vec4;
    %pushi/vec4 122, 0, 8;
    %cmp/u;
    %jmp/1 T_16.122, 6;
    %dup/vec4;
    %pushi/vec4 123, 0, 8;
    %cmp/u;
    %jmp/1 T_16.123, 6;
    %dup/vec4;
    %pushi/vec4 124, 0, 8;
    %cmp/u;
    %jmp/1 T_16.124, 6;
    %dup/vec4;
    %pushi/vec4 125, 0, 8;
    %cmp/u;
    %jmp/1 T_16.125, 6;
    %dup/vec4;
    %pushi/vec4 126, 0, 8;
    %cmp/u;
    %jmp/1 T_16.126, 6;
    %dup/vec4;
    %pushi/vec4 127, 0, 8;
    %cmp/u;
    %jmp/1 T_16.127, 6;
    %dup/vec4;
    %pushi/vec4 128, 0, 8;
    %cmp/u;
    %jmp/1 T_16.128, 6;
    %dup/vec4;
    %pushi/vec4 129, 0, 8;
    %cmp/u;
    %jmp/1 T_16.129, 6;
    %dup/vec4;
    %pushi/vec4 130, 0, 8;
    %cmp/u;
    %jmp/1 T_16.130, 6;
    %dup/vec4;
    %pushi/vec4 131, 0, 8;
    %cmp/u;
    %jmp/1 T_16.131, 6;
    %dup/vec4;
    %pushi/vec4 132, 0, 8;
    %cmp/u;
    %jmp/1 T_16.132, 6;
    %dup/vec4;
    %pushi/vec4 133, 0, 8;
    %cmp/u;
    %jmp/1 T_16.133, 6;
    %dup/vec4;
    %pushi/vec4 134, 0, 8;
    %cmp/u;
    %jmp/1 T_16.134, 6;
    %dup/vec4;
    %pushi/vec4 135, 0, 8;
    %cmp/u;
    %jmp/1 T_16.135, 6;
    %dup/vec4;
    %pushi/vec4 136, 0, 8;
    %cmp/u;
    %jmp/1 T_16.136, 6;
    %dup/vec4;
    %pushi/vec4 137, 0, 8;
    %cmp/u;
    %jmp/1 T_16.137, 6;
    %dup/vec4;
    %pushi/vec4 138, 0, 8;
    %cmp/u;
    %jmp/1 T_16.138, 6;
    %dup/vec4;
    %pushi/vec4 139, 0, 8;
    %cmp/u;
    %jmp/1 T_16.139, 6;
    %dup/vec4;
    %pushi/vec4 140, 0, 8;
    %cmp/u;
    %jmp/1 T_16.140, 6;
    %dup/vec4;
    %pushi/vec4 141, 0, 8;
    %cmp/u;
    %jmp/1 T_16.141, 6;
    %dup/vec4;
    %pushi/vec4 142, 0, 8;
    %cmp/u;
    %jmp/1 T_16.142, 6;
    %dup/vec4;
    %pushi/vec4 143, 0, 8;
    %cmp/u;
    %jmp/1 T_16.143, 6;
    %dup/vec4;
    %pushi/vec4 144, 0, 8;
    %cmp/u;
    %jmp/1 T_16.144, 6;
    %dup/vec4;
    %pushi/vec4 145, 0, 8;
    %cmp/u;
    %jmp/1 T_16.145, 6;
    %dup/vec4;
    %pushi/vec4 146, 0, 8;
    %cmp/u;
    %jmp/1 T_16.146, 6;
    %dup/vec4;
    %pushi/vec4 147, 0, 8;
    %cmp/u;
    %jmp/1 T_16.147, 6;
    %dup/vec4;
    %pushi/vec4 148, 0, 8;
    %cmp/u;
    %jmp/1 T_16.148, 6;
    %dup/vec4;
    %pushi/vec4 149, 0, 8;
    %cmp/u;
    %jmp/1 T_16.149, 6;
    %dup/vec4;
    %pushi/vec4 150, 0, 8;
    %cmp/u;
    %jmp/1 T_16.150, 6;
    %dup/vec4;
    %pushi/vec4 151, 0, 8;
    %cmp/u;
    %jmp/1 T_16.151, 6;
    %dup/vec4;
    %pushi/vec4 152, 0, 8;
    %cmp/u;
    %jmp/1 T_16.152, 6;
    %dup/vec4;
    %pushi/vec4 153, 0, 8;
    %cmp/u;
    %jmp/1 T_16.153, 6;
    %dup/vec4;
    %pushi/vec4 154, 0, 8;
    %cmp/u;
    %jmp/1 T_16.154, 6;
    %dup/vec4;
    %pushi/vec4 155, 0, 8;
    %cmp/u;
    %jmp/1 T_16.155, 6;
    %dup/vec4;
    %pushi/vec4 156, 0, 8;
    %cmp/u;
    %jmp/1 T_16.156, 6;
    %dup/vec4;
    %pushi/vec4 157, 0, 8;
    %cmp/u;
    %jmp/1 T_16.157, 6;
    %dup/vec4;
    %pushi/vec4 158, 0, 8;
    %cmp/u;
    %jmp/1 T_16.158, 6;
    %dup/vec4;
    %pushi/vec4 159, 0, 8;
    %cmp/u;
    %jmp/1 T_16.159, 6;
    %dup/vec4;
    %pushi/vec4 160, 0, 8;
    %cmp/u;
    %jmp/1 T_16.160, 6;
    %dup/vec4;
    %pushi/vec4 161, 0, 8;
    %cmp/u;
    %jmp/1 T_16.161, 6;
    %dup/vec4;
    %pushi/vec4 162, 0, 8;
    %cmp/u;
    %jmp/1 T_16.162, 6;
    %dup/vec4;
    %pushi/vec4 163, 0, 8;
    %cmp/u;
    %jmp/1 T_16.163, 6;
    %dup/vec4;
    %pushi/vec4 164, 0, 8;
    %cmp/u;
    %jmp/1 T_16.164, 6;
    %dup/vec4;
    %pushi/vec4 165, 0, 8;
    %cmp/u;
    %jmp/1 T_16.165, 6;
    %dup/vec4;
    %pushi/vec4 166, 0, 8;
    %cmp/u;
    %jmp/1 T_16.166, 6;
    %dup/vec4;
    %pushi/vec4 167, 0, 8;
    %cmp/u;
    %jmp/1 T_16.167, 6;
    %dup/vec4;
    %pushi/vec4 168, 0, 8;
    %cmp/u;
    %jmp/1 T_16.168, 6;
    %dup/vec4;
    %pushi/vec4 169, 0, 8;
    %cmp/u;
    %jmp/1 T_16.169, 6;
    %dup/vec4;
    %pushi/vec4 170, 0, 8;
    %cmp/u;
    %jmp/1 T_16.170, 6;
    %dup/vec4;
    %pushi/vec4 171, 0, 8;
    %cmp/u;
    %jmp/1 T_16.171, 6;
    %dup/vec4;
    %pushi/vec4 172, 0, 8;
    %cmp/u;
    %jmp/1 T_16.172, 6;
    %dup/vec4;
    %pushi/vec4 173, 0, 8;
    %cmp/u;
    %jmp/1 T_16.173, 6;
    %dup/vec4;
    %pushi/vec4 174, 0, 8;
    %cmp/u;
    %jmp/1 T_16.174, 6;
    %dup/vec4;
    %pushi/vec4 175, 0, 8;
    %cmp/u;
    %jmp/1 T_16.175, 6;
    %dup/vec4;
    %pushi/vec4 176, 0, 8;
    %cmp/u;
    %jmp/1 T_16.176, 6;
    %dup/vec4;
    %pushi/vec4 177, 0, 8;
    %cmp/u;
    %jmp/1 T_16.177, 6;
    %dup/vec4;
    %pushi/vec4 178, 0, 8;
    %cmp/u;
    %jmp/1 T_16.178, 6;
    %dup/vec4;
    %pushi/vec4 179, 0, 8;
    %cmp/u;
    %jmp/1 T_16.179, 6;
    %dup/vec4;
    %pushi/vec4 180, 0, 8;
    %cmp/u;
    %jmp/1 T_16.180, 6;
    %dup/vec4;
    %pushi/vec4 181, 0, 8;
    %cmp/u;
    %jmp/1 T_16.181, 6;
    %dup/vec4;
    %pushi/vec4 182, 0, 8;
    %cmp/u;
    %jmp/1 T_16.182, 6;
    %dup/vec4;
    %pushi/vec4 183, 0, 8;
    %cmp/u;
    %jmp/1 T_16.183, 6;
    %dup/vec4;
    %pushi/vec4 184, 0, 8;
    %cmp/u;
    %jmp/1 T_16.184, 6;
    %dup/vec4;
    %pushi/vec4 185, 0, 8;
    %cmp/u;
    %jmp/1 T_16.185, 6;
    %dup/vec4;
    %pushi/vec4 186, 0, 8;
    %cmp/u;
    %jmp/1 T_16.186, 6;
    %dup/vec4;
    %pushi/vec4 187, 0, 8;
    %cmp/u;
    %jmp/1 T_16.187, 6;
    %dup/vec4;
    %pushi/vec4 188, 0, 8;
    %cmp/u;
    %jmp/1 T_16.188, 6;
    %dup/vec4;
    %pushi/vec4 189, 0, 8;
    %cmp/u;
    %jmp/1 T_16.189, 6;
    %dup/vec4;
    %pushi/vec4 190, 0, 8;
    %cmp/u;
    %jmp/1 T_16.190, 6;
    %dup/vec4;
    %pushi/vec4 191, 0, 8;
    %cmp/u;
    %jmp/1 T_16.191, 6;
    %dup/vec4;
    %pushi/vec4 192, 0, 8;
    %cmp/u;
    %jmp/1 T_16.192, 6;
    %dup/vec4;
    %pushi/vec4 193, 0, 8;
    %cmp/u;
    %jmp/1 T_16.193, 6;
    %dup/vec4;
    %pushi/vec4 194, 0, 8;
    %cmp/u;
    %jmp/1 T_16.194, 6;
    %dup/vec4;
    %pushi/vec4 195, 0, 8;
    %cmp/u;
    %jmp/1 T_16.195, 6;
    %dup/vec4;
    %pushi/vec4 196, 0, 8;
    %cmp/u;
    %jmp/1 T_16.196, 6;
    %dup/vec4;
    %pushi/vec4 197, 0, 8;
    %cmp/u;
    %jmp/1 T_16.197, 6;
    %dup/vec4;
    %pushi/vec4 198, 0, 8;
    %cmp/u;
    %jmp/1 T_16.198, 6;
    %dup/vec4;
    %pushi/vec4 199, 0, 8;
    %cmp/u;
    %jmp/1 T_16.199, 6;
    %dup/vec4;
    %pushi/vec4 200, 0, 8;
    %cmp/u;
    %jmp/1 T_16.200, 6;
    %dup/vec4;
    %pushi/vec4 201, 0, 8;
    %cmp/u;
    %jmp/1 T_16.201, 6;
    %dup/vec4;
    %pushi/vec4 202, 0, 8;
    %cmp/u;
    %jmp/1 T_16.202, 6;
    %dup/vec4;
    %pushi/vec4 203, 0, 8;
    %cmp/u;
    %jmp/1 T_16.203, 6;
    %dup/vec4;
    %pushi/vec4 204, 0, 8;
    %cmp/u;
    %jmp/1 T_16.204, 6;
    %dup/vec4;
    %pushi/vec4 205, 0, 8;
    %cmp/u;
    %jmp/1 T_16.205, 6;
    %dup/vec4;
    %pushi/vec4 206, 0, 8;
    %cmp/u;
    %jmp/1 T_16.206, 6;
    %dup/vec4;
    %pushi/vec4 207, 0, 8;
    %cmp/u;
    %jmp/1 T_16.207, 6;
    %dup/vec4;
    %pushi/vec4 208, 0, 8;
    %cmp/u;
    %jmp/1 T_16.208, 6;
    %dup/vec4;
    %pushi/vec4 209, 0, 8;
    %cmp/u;
    %jmp/1 T_16.209, 6;
    %dup/vec4;
    %pushi/vec4 210, 0, 8;
    %cmp/u;
    %jmp/1 T_16.210, 6;
    %dup/vec4;
    %pushi/vec4 211, 0, 8;
    %cmp/u;
    %jmp/1 T_16.211, 6;
    %dup/vec4;
    %pushi/vec4 212, 0, 8;
    %cmp/u;
    %jmp/1 T_16.212, 6;
    %dup/vec4;
    %pushi/vec4 213, 0, 8;
    %cmp/u;
    %jmp/1 T_16.213, 6;
    %dup/vec4;
    %pushi/vec4 214, 0, 8;
    %cmp/u;
    %jmp/1 T_16.214, 6;
    %dup/vec4;
    %pushi/vec4 215, 0, 8;
    %cmp/u;
    %jmp/1 T_16.215, 6;
    %dup/vec4;
    %pushi/vec4 216, 0, 8;
    %cmp/u;
    %jmp/1 T_16.216, 6;
    %dup/vec4;
    %pushi/vec4 217, 0, 8;
    %cmp/u;
    %jmp/1 T_16.217, 6;
    %dup/vec4;
    %pushi/vec4 218, 0, 8;
    %cmp/u;
    %jmp/1 T_16.218, 6;
    %dup/vec4;
    %pushi/vec4 219, 0, 8;
    %cmp/u;
    %jmp/1 T_16.219, 6;
    %dup/vec4;
    %pushi/vec4 220, 0, 8;
    %cmp/u;
    %jmp/1 T_16.220, 6;
    %dup/vec4;
    %pushi/vec4 221, 0, 8;
    %cmp/u;
    %jmp/1 T_16.221, 6;
    %dup/vec4;
    %pushi/vec4 222, 0, 8;
    %cmp/u;
    %jmp/1 T_16.222, 6;
    %dup/vec4;
    %pushi/vec4 223, 0, 8;
    %cmp/u;
    %jmp/1 T_16.223, 6;
    %dup/vec4;
    %pushi/vec4 224, 0, 8;
    %cmp/u;
    %jmp/1 T_16.224, 6;
    %dup/vec4;
    %pushi/vec4 225, 0, 8;
    %cmp/u;
    %jmp/1 T_16.225, 6;
    %dup/vec4;
    %pushi/vec4 226, 0, 8;
    %cmp/u;
    %jmp/1 T_16.226, 6;
    %dup/vec4;
    %pushi/vec4 227, 0, 8;
    %cmp/u;
    %jmp/1 T_16.227, 6;
    %dup/vec4;
    %pushi/vec4 228, 0, 8;
    %cmp/u;
    %jmp/1 T_16.228, 6;
    %dup/vec4;
    %pushi/vec4 229, 0, 8;
    %cmp/u;
    %jmp/1 T_16.229, 6;
    %dup/vec4;
    %pushi/vec4 230, 0, 8;
    %cmp/u;
    %jmp/1 T_16.230, 6;
    %dup/vec4;
    %pushi/vec4 231, 0, 8;
    %cmp/u;
    %jmp/1 T_16.231, 6;
    %dup/vec4;
    %pushi/vec4 232, 0, 8;
    %cmp/u;
    %jmp/1 T_16.232, 6;
    %dup/vec4;
    %pushi/vec4 233, 0, 8;
    %cmp/u;
    %jmp/1 T_16.233, 6;
    %dup/vec4;
    %pushi/vec4 234, 0, 8;
    %cmp/u;
    %jmp/1 T_16.234, 6;
    %dup/vec4;
    %pushi/vec4 235, 0, 8;
    %cmp/u;
    %jmp/1 T_16.235, 6;
    %dup/vec4;
    %pushi/vec4 236, 0, 8;
    %cmp/u;
    %jmp/1 T_16.236, 6;
    %dup/vec4;
    %pushi/vec4 237, 0, 8;
    %cmp/u;
    %jmp/1 T_16.237, 6;
    %dup/vec4;
    %pushi/vec4 238, 0, 8;
    %cmp/u;
    %jmp/1 T_16.238, 6;
    %dup/vec4;
    %pushi/vec4 239, 0, 8;
    %cmp/u;
    %jmp/1 T_16.239, 6;
    %dup/vec4;
    %pushi/vec4 240, 0, 8;
    %cmp/u;
    %jmp/1 T_16.240, 6;
    %dup/vec4;
    %pushi/vec4 241, 0, 8;
    %cmp/u;
    %jmp/1 T_16.241, 6;
    %dup/vec4;
    %pushi/vec4 242, 0, 8;
    %cmp/u;
    %jmp/1 T_16.242, 6;
    %dup/vec4;
    %pushi/vec4 243, 0, 8;
    %cmp/u;
    %jmp/1 T_16.243, 6;
    %dup/vec4;
    %pushi/vec4 244, 0, 8;
    %cmp/u;
    %jmp/1 T_16.244, 6;
    %dup/vec4;
    %pushi/vec4 245, 0, 8;
    %cmp/u;
    %jmp/1 T_16.245, 6;
    %dup/vec4;
    %pushi/vec4 246, 0, 8;
    %cmp/u;
    %jmp/1 T_16.246, 6;
    %dup/vec4;
    %pushi/vec4 247, 0, 8;
    %cmp/u;
    %jmp/1 T_16.247, 6;
    %dup/vec4;
    %pushi/vec4 248, 0, 8;
    %cmp/u;
    %jmp/1 T_16.248, 6;
    %dup/vec4;
    %pushi/vec4 249, 0, 8;
    %cmp/u;
    %jmp/1 T_16.249, 6;
    %dup/vec4;
    %pushi/vec4 250, 0, 8;
    %cmp/u;
    %jmp/1 T_16.250, 6;
    %dup/vec4;
    %pushi/vec4 251, 0, 8;
    %cmp/u;
    %jmp/1 T_16.251, 6;
    %dup/vec4;
    %pushi/vec4 252, 0, 8;
    %cmp/u;
    %jmp/1 T_16.252, 6;
    %dup/vec4;
    %pushi/vec4 253, 0, 8;
    %cmp/u;
    %jmp/1 T_16.253, 6;
    %dup/vec4;
    %pushi/vec4 254, 0, 8;
    %cmp/u;
    %jmp/1 T_16.254, 6;
    %dup/vec4;
    %pushi/vec4 255, 0, 8;
    %cmp/u;
    %jmp/1 T_16.255, 6;
    %jmp T_16.256;
T_16.0 ;
    %pushi/vec4 99, 0, 8;
    %store/vec4 v000001f3eeb3ce90_0, 0, 8;
    %jmp T_16.256;
T_16.1 ;
    %pushi/vec4 124, 0, 8;
    %store/vec4 v000001f3eeb3ce90_0, 0, 8;
    %jmp T_16.256;
T_16.2 ;
    %pushi/vec4 119, 0, 8;
    %store/vec4 v000001f3eeb3ce90_0, 0, 8;
    %jmp T_16.256;
T_16.3 ;
    %pushi/vec4 123, 0, 8;
    %store/vec4 v000001f3eeb3ce90_0, 0, 8;
    %jmp T_16.256;
T_16.4 ;
    %pushi/vec4 242, 0, 8;
    %store/vec4 v000001f3eeb3ce90_0, 0, 8;
    %jmp T_16.256;
T_16.5 ;
    %pushi/vec4 107, 0, 8;
    %store/vec4 v000001f3eeb3ce90_0, 0, 8;
    %jmp T_16.256;
T_16.6 ;
    %pushi/vec4 111, 0, 8;
    %store/vec4 v000001f3eeb3ce90_0, 0, 8;
    %jmp T_16.256;
T_16.7 ;
    %pushi/vec4 197, 0, 8;
    %store/vec4 v000001f3eeb3ce90_0, 0, 8;
    %jmp T_16.256;
T_16.8 ;
    %pushi/vec4 48, 0, 8;
    %store/vec4 v000001f3eeb3ce90_0, 0, 8;
    %jmp T_16.256;
T_16.9 ;
    %pushi/vec4 1, 0, 8;
    %store/vec4 v000001f3eeb3ce90_0, 0, 8;
    %jmp T_16.256;
T_16.10 ;
    %pushi/vec4 103, 0, 8;
    %store/vec4 v000001f3eeb3ce90_0, 0, 8;
    %jmp T_16.256;
T_16.11 ;
    %pushi/vec4 43, 0, 8;
    %store/vec4 v000001f3eeb3ce90_0, 0, 8;
    %jmp T_16.256;
T_16.12 ;
    %pushi/vec4 254, 0, 8;
    %store/vec4 v000001f3eeb3ce90_0, 0, 8;
    %jmp T_16.256;
T_16.13 ;
    %pushi/vec4 215, 0, 8;
    %store/vec4 v000001f3eeb3ce90_0, 0, 8;
    %jmp T_16.256;
T_16.14 ;
    %pushi/vec4 171, 0, 8;
    %store/vec4 v000001f3eeb3ce90_0, 0, 8;
    %jmp T_16.256;
T_16.15 ;
    %pushi/vec4 118, 0, 8;
    %store/vec4 v000001f3eeb3ce90_0, 0, 8;
    %jmp T_16.256;
T_16.16 ;
    %pushi/vec4 202, 0, 8;
    %store/vec4 v000001f3eeb3ce90_0, 0, 8;
    %jmp T_16.256;
T_16.17 ;
    %pushi/vec4 130, 0, 8;
    %store/vec4 v000001f3eeb3ce90_0, 0, 8;
    %jmp T_16.256;
T_16.18 ;
    %pushi/vec4 201, 0, 8;
    %store/vec4 v000001f3eeb3ce90_0, 0, 8;
    %jmp T_16.256;
T_16.19 ;
    %pushi/vec4 125, 0, 8;
    %store/vec4 v000001f3eeb3ce90_0, 0, 8;
    %jmp T_16.256;
T_16.20 ;
    %pushi/vec4 250, 0, 8;
    %store/vec4 v000001f3eeb3ce90_0, 0, 8;
    %jmp T_16.256;
T_16.21 ;
    %pushi/vec4 89, 0, 8;
    %store/vec4 v000001f3eeb3ce90_0, 0, 8;
    %jmp T_16.256;
T_16.22 ;
    %pushi/vec4 71, 0, 8;
    %store/vec4 v000001f3eeb3ce90_0, 0, 8;
    %jmp T_16.256;
T_16.23 ;
    %pushi/vec4 240, 0, 8;
    %store/vec4 v000001f3eeb3ce90_0, 0, 8;
    %jmp T_16.256;
T_16.24 ;
    %pushi/vec4 173, 0, 8;
    %store/vec4 v000001f3eeb3ce90_0, 0, 8;
    %jmp T_16.256;
T_16.25 ;
    %pushi/vec4 212, 0, 8;
    %store/vec4 v000001f3eeb3ce90_0, 0, 8;
    %jmp T_16.256;
T_16.26 ;
    %pushi/vec4 162, 0, 8;
    %store/vec4 v000001f3eeb3ce90_0, 0, 8;
    %jmp T_16.256;
T_16.27 ;
    %pushi/vec4 175, 0, 8;
    %store/vec4 v000001f3eeb3ce90_0, 0, 8;
    %jmp T_16.256;
T_16.28 ;
    %pushi/vec4 156, 0, 8;
    %store/vec4 v000001f3eeb3ce90_0, 0, 8;
    %jmp T_16.256;
T_16.29 ;
    %pushi/vec4 164, 0, 8;
    %store/vec4 v000001f3eeb3ce90_0, 0, 8;
    %jmp T_16.256;
T_16.30 ;
    %pushi/vec4 114, 0, 8;
    %store/vec4 v000001f3eeb3ce90_0, 0, 8;
    %jmp T_16.256;
T_16.31 ;
    %pushi/vec4 192, 0, 8;
    %store/vec4 v000001f3eeb3ce90_0, 0, 8;
    %jmp T_16.256;
T_16.32 ;
    %pushi/vec4 183, 0, 8;
    %store/vec4 v000001f3eeb3ce90_0, 0, 8;
    %jmp T_16.256;
T_16.33 ;
    %pushi/vec4 253, 0, 8;
    %store/vec4 v000001f3eeb3ce90_0, 0, 8;
    %jmp T_16.256;
T_16.34 ;
    %pushi/vec4 147, 0, 8;
    %store/vec4 v000001f3eeb3ce90_0, 0, 8;
    %jmp T_16.256;
T_16.35 ;
    %pushi/vec4 38, 0, 8;
    %store/vec4 v000001f3eeb3ce90_0, 0, 8;
    %jmp T_16.256;
T_16.36 ;
    %pushi/vec4 54, 0, 8;
    %store/vec4 v000001f3eeb3ce90_0, 0, 8;
    %jmp T_16.256;
T_16.37 ;
    %pushi/vec4 63, 0, 8;
    %store/vec4 v000001f3eeb3ce90_0, 0, 8;
    %jmp T_16.256;
T_16.38 ;
    %pushi/vec4 247, 0, 8;
    %store/vec4 v000001f3eeb3ce90_0, 0, 8;
    %jmp T_16.256;
T_16.39 ;
    %pushi/vec4 204, 0, 8;
    %store/vec4 v000001f3eeb3ce90_0, 0, 8;
    %jmp T_16.256;
T_16.40 ;
    %pushi/vec4 52, 0, 8;
    %store/vec4 v000001f3eeb3ce90_0, 0, 8;
    %jmp T_16.256;
T_16.41 ;
    %pushi/vec4 165, 0, 8;
    %store/vec4 v000001f3eeb3ce90_0, 0, 8;
    %jmp T_16.256;
T_16.42 ;
    %pushi/vec4 229, 0, 8;
    %store/vec4 v000001f3eeb3ce90_0, 0, 8;
    %jmp T_16.256;
T_16.43 ;
    %pushi/vec4 241, 0, 8;
    %store/vec4 v000001f3eeb3ce90_0, 0, 8;
    %jmp T_16.256;
T_16.44 ;
    %pushi/vec4 113, 0, 8;
    %store/vec4 v000001f3eeb3ce90_0, 0, 8;
    %jmp T_16.256;
T_16.45 ;
    %pushi/vec4 216, 0, 8;
    %store/vec4 v000001f3eeb3ce90_0, 0, 8;
    %jmp T_16.256;
T_16.46 ;
    %pushi/vec4 49, 0, 8;
    %store/vec4 v000001f3eeb3ce90_0, 0, 8;
    %jmp T_16.256;
T_16.47 ;
    %pushi/vec4 21, 0, 8;
    %store/vec4 v000001f3eeb3ce90_0, 0, 8;
    %jmp T_16.256;
T_16.48 ;
    %pushi/vec4 4, 0, 8;
    %store/vec4 v000001f3eeb3ce90_0, 0, 8;
    %jmp T_16.256;
T_16.49 ;
    %pushi/vec4 199, 0, 8;
    %store/vec4 v000001f3eeb3ce90_0, 0, 8;
    %jmp T_16.256;
T_16.50 ;
    %pushi/vec4 35, 0, 8;
    %store/vec4 v000001f3eeb3ce90_0, 0, 8;
    %jmp T_16.256;
T_16.51 ;
    %pushi/vec4 195, 0, 8;
    %store/vec4 v000001f3eeb3ce90_0, 0, 8;
    %jmp T_16.256;
T_16.52 ;
    %pushi/vec4 24, 0, 8;
    %store/vec4 v000001f3eeb3ce90_0, 0, 8;
    %jmp T_16.256;
T_16.53 ;
    %pushi/vec4 150, 0, 8;
    %store/vec4 v000001f3eeb3ce90_0, 0, 8;
    %jmp T_16.256;
T_16.54 ;
    %pushi/vec4 5, 0, 8;
    %store/vec4 v000001f3eeb3ce90_0, 0, 8;
    %jmp T_16.256;
T_16.55 ;
    %pushi/vec4 154, 0, 8;
    %store/vec4 v000001f3eeb3ce90_0, 0, 8;
    %jmp T_16.256;
T_16.56 ;
    %pushi/vec4 7, 0, 8;
    %store/vec4 v000001f3eeb3ce90_0, 0, 8;
    %jmp T_16.256;
T_16.57 ;
    %pushi/vec4 18, 0, 8;
    %store/vec4 v000001f3eeb3ce90_0, 0, 8;
    %jmp T_16.256;
T_16.58 ;
    %pushi/vec4 128, 0, 8;
    %store/vec4 v000001f3eeb3ce90_0, 0, 8;
    %jmp T_16.256;
T_16.59 ;
    %pushi/vec4 226, 0, 8;
    %store/vec4 v000001f3eeb3ce90_0, 0, 8;
    %jmp T_16.256;
T_16.60 ;
    %pushi/vec4 235, 0, 8;
    %store/vec4 v000001f3eeb3ce90_0, 0, 8;
    %jmp T_16.256;
T_16.61 ;
    %pushi/vec4 39, 0, 8;
    %store/vec4 v000001f3eeb3ce90_0, 0, 8;
    %jmp T_16.256;
T_16.62 ;
    %pushi/vec4 178, 0, 8;
    %store/vec4 v000001f3eeb3ce90_0, 0, 8;
    %jmp T_16.256;
T_16.63 ;
    %pushi/vec4 117, 0, 8;
    %store/vec4 v000001f3eeb3ce90_0, 0, 8;
    %jmp T_16.256;
T_16.64 ;
    %pushi/vec4 9, 0, 8;
    %store/vec4 v000001f3eeb3ce90_0, 0, 8;
    %jmp T_16.256;
T_16.65 ;
    %pushi/vec4 131, 0, 8;
    %store/vec4 v000001f3eeb3ce90_0, 0, 8;
    %jmp T_16.256;
T_16.66 ;
    %pushi/vec4 44, 0, 8;
    %store/vec4 v000001f3eeb3ce90_0, 0, 8;
    %jmp T_16.256;
T_16.67 ;
    %pushi/vec4 26, 0, 8;
    %store/vec4 v000001f3eeb3ce90_0, 0, 8;
    %jmp T_16.256;
T_16.68 ;
    %pushi/vec4 27, 0, 8;
    %store/vec4 v000001f3eeb3ce90_0, 0, 8;
    %jmp T_16.256;
T_16.69 ;
    %pushi/vec4 110, 0, 8;
    %store/vec4 v000001f3eeb3ce90_0, 0, 8;
    %jmp T_16.256;
T_16.70 ;
    %pushi/vec4 90, 0, 8;
    %store/vec4 v000001f3eeb3ce90_0, 0, 8;
    %jmp T_16.256;
T_16.71 ;
    %pushi/vec4 160, 0, 8;
    %store/vec4 v000001f3eeb3ce90_0, 0, 8;
    %jmp T_16.256;
T_16.72 ;
    %pushi/vec4 82, 0, 8;
    %store/vec4 v000001f3eeb3ce90_0, 0, 8;
    %jmp T_16.256;
T_16.73 ;
    %pushi/vec4 59, 0, 8;
    %store/vec4 v000001f3eeb3ce90_0, 0, 8;
    %jmp T_16.256;
T_16.74 ;
    %pushi/vec4 214, 0, 8;
    %store/vec4 v000001f3eeb3ce90_0, 0, 8;
    %jmp T_16.256;
T_16.75 ;
    %pushi/vec4 179, 0, 8;
    %store/vec4 v000001f3eeb3ce90_0, 0, 8;
    %jmp T_16.256;
T_16.76 ;
    %pushi/vec4 41, 0, 8;
    %store/vec4 v000001f3eeb3ce90_0, 0, 8;
    %jmp T_16.256;
T_16.77 ;
    %pushi/vec4 227, 0, 8;
    %store/vec4 v000001f3eeb3ce90_0, 0, 8;
    %jmp T_16.256;
T_16.78 ;
    %pushi/vec4 47, 0, 8;
    %store/vec4 v000001f3eeb3ce90_0, 0, 8;
    %jmp T_16.256;
T_16.79 ;
    %pushi/vec4 132, 0, 8;
    %store/vec4 v000001f3eeb3ce90_0, 0, 8;
    %jmp T_16.256;
T_16.80 ;
    %pushi/vec4 83, 0, 8;
    %store/vec4 v000001f3eeb3ce90_0, 0, 8;
    %jmp T_16.256;
T_16.81 ;
    %pushi/vec4 209, 0, 8;
    %store/vec4 v000001f3eeb3ce90_0, 0, 8;
    %jmp T_16.256;
T_16.82 ;
    %pushi/vec4 0, 0, 8;
    %store/vec4 v000001f3eeb3ce90_0, 0, 8;
    %jmp T_16.256;
T_16.83 ;
    %pushi/vec4 237, 0, 8;
    %store/vec4 v000001f3eeb3ce90_0, 0, 8;
    %jmp T_16.256;
T_16.84 ;
    %pushi/vec4 32, 0, 8;
    %store/vec4 v000001f3eeb3ce90_0, 0, 8;
    %jmp T_16.256;
T_16.85 ;
    %pushi/vec4 252, 0, 8;
    %store/vec4 v000001f3eeb3ce90_0, 0, 8;
    %jmp T_16.256;
T_16.86 ;
    %pushi/vec4 177, 0, 8;
    %store/vec4 v000001f3eeb3ce90_0, 0, 8;
    %jmp T_16.256;
T_16.87 ;
    %pushi/vec4 91, 0, 8;
    %store/vec4 v000001f3eeb3ce90_0, 0, 8;
    %jmp T_16.256;
T_16.88 ;
    %pushi/vec4 106, 0, 8;
    %store/vec4 v000001f3eeb3ce90_0, 0, 8;
    %jmp T_16.256;
T_16.89 ;
    %pushi/vec4 203, 0, 8;
    %store/vec4 v000001f3eeb3ce90_0, 0, 8;
    %jmp T_16.256;
T_16.90 ;
    %pushi/vec4 190, 0, 8;
    %store/vec4 v000001f3eeb3ce90_0, 0, 8;
    %jmp T_16.256;
T_16.91 ;
    %pushi/vec4 57, 0, 8;
    %store/vec4 v000001f3eeb3ce90_0, 0, 8;
    %jmp T_16.256;
T_16.92 ;
    %pushi/vec4 74, 0, 8;
    %store/vec4 v000001f3eeb3ce90_0, 0, 8;
    %jmp T_16.256;
T_16.93 ;
    %pushi/vec4 76, 0, 8;
    %store/vec4 v000001f3eeb3ce90_0, 0, 8;
    %jmp T_16.256;
T_16.94 ;
    %pushi/vec4 88, 0, 8;
    %store/vec4 v000001f3eeb3ce90_0, 0, 8;
    %jmp T_16.256;
T_16.95 ;
    %pushi/vec4 207, 0, 8;
    %store/vec4 v000001f3eeb3ce90_0, 0, 8;
    %jmp T_16.256;
T_16.96 ;
    %pushi/vec4 208, 0, 8;
    %store/vec4 v000001f3eeb3ce90_0, 0, 8;
    %jmp T_16.256;
T_16.97 ;
    %pushi/vec4 239, 0, 8;
    %store/vec4 v000001f3eeb3ce90_0, 0, 8;
    %jmp T_16.256;
T_16.98 ;
    %pushi/vec4 170, 0, 8;
    %store/vec4 v000001f3eeb3ce90_0, 0, 8;
    %jmp T_16.256;
T_16.99 ;
    %pushi/vec4 251, 0, 8;
    %store/vec4 v000001f3eeb3ce90_0, 0, 8;
    %jmp T_16.256;
T_16.100 ;
    %pushi/vec4 67, 0, 8;
    %store/vec4 v000001f3eeb3ce90_0, 0, 8;
    %jmp T_16.256;
T_16.101 ;
    %pushi/vec4 77, 0, 8;
    %store/vec4 v000001f3eeb3ce90_0, 0, 8;
    %jmp T_16.256;
T_16.102 ;
    %pushi/vec4 51, 0, 8;
    %store/vec4 v000001f3eeb3ce90_0, 0, 8;
    %jmp T_16.256;
T_16.103 ;
    %pushi/vec4 133, 0, 8;
    %store/vec4 v000001f3eeb3ce90_0, 0, 8;
    %jmp T_16.256;
T_16.104 ;
    %pushi/vec4 69, 0, 8;
    %store/vec4 v000001f3eeb3ce90_0, 0, 8;
    %jmp T_16.256;
T_16.105 ;
    %pushi/vec4 249, 0, 8;
    %store/vec4 v000001f3eeb3ce90_0, 0, 8;
    %jmp T_16.256;
T_16.106 ;
    %pushi/vec4 2, 0, 8;
    %store/vec4 v000001f3eeb3ce90_0, 0, 8;
    %jmp T_16.256;
T_16.107 ;
    %pushi/vec4 127, 0, 8;
    %store/vec4 v000001f3eeb3ce90_0, 0, 8;
    %jmp T_16.256;
T_16.108 ;
    %pushi/vec4 80, 0, 8;
    %store/vec4 v000001f3eeb3ce90_0, 0, 8;
    %jmp T_16.256;
T_16.109 ;
    %pushi/vec4 60, 0, 8;
    %store/vec4 v000001f3eeb3ce90_0, 0, 8;
    %jmp T_16.256;
T_16.110 ;
    %pushi/vec4 159, 0, 8;
    %store/vec4 v000001f3eeb3ce90_0, 0, 8;
    %jmp T_16.256;
T_16.111 ;
    %pushi/vec4 168, 0, 8;
    %store/vec4 v000001f3eeb3ce90_0, 0, 8;
    %jmp T_16.256;
T_16.112 ;
    %pushi/vec4 81, 0, 8;
    %store/vec4 v000001f3eeb3ce90_0, 0, 8;
    %jmp T_16.256;
T_16.113 ;
    %pushi/vec4 163, 0, 8;
    %store/vec4 v000001f3eeb3ce90_0, 0, 8;
    %jmp T_16.256;
T_16.114 ;
    %pushi/vec4 64, 0, 8;
    %store/vec4 v000001f3eeb3ce90_0, 0, 8;
    %jmp T_16.256;
T_16.115 ;
    %pushi/vec4 143, 0, 8;
    %store/vec4 v000001f3eeb3ce90_0, 0, 8;
    %jmp T_16.256;
T_16.116 ;
    %pushi/vec4 146, 0, 8;
    %store/vec4 v000001f3eeb3ce90_0, 0, 8;
    %jmp T_16.256;
T_16.117 ;
    %pushi/vec4 157, 0, 8;
    %store/vec4 v000001f3eeb3ce90_0, 0, 8;
    %jmp T_16.256;
T_16.118 ;
    %pushi/vec4 56, 0, 8;
    %store/vec4 v000001f3eeb3ce90_0, 0, 8;
    %jmp T_16.256;
T_16.119 ;
    %pushi/vec4 245, 0, 8;
    %store/vec4 v000001f3eeb3ce90_0, 0, 8;
    %jmp T_16.256;
T_16.120 ;
    %pushi/vec4 188, 0, 8;
    %store/vec4 v000001f3eeb3ce90_0, 0, 8;
    %jmp T_16.256;
T_16.121 ;
    %pushi/vec4 182, 0, 8;
    %store/vec4 v000001f3eeb3ce90_0, 0, 8;
    %jmp T_16.256;
T_16.122 ;
    %pushi/vec4 218, 0, 8;
    %store/vec4 v000001f3eeb3ce90_0, 0, 8;
    %jmp T_16.256;
T_16.123 ;
    %pushi/vec4 33, 0, 8;
    %store/vec4 v000001f3eeb3ce90_0, 0, 8;
    %jmp T_16.256;
T_16.124 ;
    %pushi/vec4 16, 0, 8;
    %store/vec4 v000001f3eeb3ce90_0, 0, 8;
    %jmp T_16.256;
T_16.125 ;
    %pushi/vec4 255, 0, 8;
    %store/vec4 v000001f3eeb3ce90_0, 0, 8;
    %jmp T_16.256;
T_16.126 ;
    %pushi/vec4 243, 0, 8;
    %store/vec4 v000001f3eeb3ce90_0, 0, 8;
    %jmp T_16.256;
T_16.127 ;
    %pushi/vec4 210, 0, 8;
    %store/vec4 v000001f3eeb3ce90_0, 0, 8;
    %jmp T_16.256;
T_16.128 ;
    %pushi/vec4 205, 0, 8;
    %store/vec4 v000001f3eeb3ce90_0, 0, 8;
    %jmp T_16.256;
T_16.129 ;
    %pushi/vec4 12, 0, 8;
    %store/vec4 v000001f3eeb3ce90_0, 0, 8;
    %jmp T_16.256;
T_16.130 ;
    %pushi/vec4 19, 0, 8;
    %store/vec4 v000001f3eeb3ce90_0, 0, 8;
    %jmp T_16.256;
T_16.131 ;
    %pushi/vec4 236, 0, 8;
    %store/vec4 v000001f3eeb3ce90_0, 0, 8;
    %jmp T_16.256;
T_16.132 ;
    %pushi/vec4 95, 0, 8;
    %store/vec4 v000001f3eeb3ce90_0, 0, 8;
    %jmp T_16.256;
T_16.133 ;
    %pushi/vec4 151, 0, 8;
    %store/vec4 v000001f3eeb3ce90_0, 0, 8;
    %jmp T_16.256;
T_16.134 ;
    %pushi/vec4 68, 0, 8;
    %store/vec4 v000001f3eeb3ce90_0, 0, 8;
    %jmp T_16.256;
T_16.135 ;
    %pushi/vec4 23, 0, 8;
    %store/vec4 v000001f3eeb3ce90_0, 0, 8;
    %jmp T_16.256;
T_16.136 ;
    %pushi/vec4 196, 0, 8;
    %store/vec4 v000001f3eeb3ce90_0, 0, 8;
    %jmp T_16.256;
T_16.137 ;
    %pushi/vec4 167, 0, 8;
    %store/vec4 v000001f3eeb3ce90_0, 0, 8;
    %jmp T_16.256;
T_16.138 ;
    %pushi/vec4 126, 0, 8;
    %store/vec4 v000001f3eeb3ce90_0, 0, 8;
    %jmp T_16.256;
T_16.139 ;
    %pushi/vec4 61, 0, 8;
    %store/vec4 v000001f3eeb3ce90_0, 0, 8;
    %jmp T_16.256;
T_16.140 ;
    %pushi/vec4 100, 0, 8;
    %store/vec4 v000001f3eeb3ce90_0, 0, 8;
    %jmp T_16.256;
T_16.141 ;
    %pushi/vec4 93, 0, 8;
    %store/vec4 v000001f3eeb3ce90_0, 0, 8;
    %jmp T_16.256;
T_16.142 ;
    %pushi/vec4 25, 0, 8;
    %store/vec4 v000001f3eeb3ce90_0, 0, 8;
    %jmp T_16.256;
T_16.143 ;
    %pushi/vec4 115, 0, 8;
    %store/vec4 v000001f3eeb3ce90_0, 0, 8;
    %jmp T_16.256;
T_16.144 ;
    %pushi/vec4 96, 0, 8;
    %store/vec4 v000001f3eeb3ce90_0, 0, 8;
    %jmp T_16.256;
T_16.145 ;
    %pushi/vec4 129, 0, 8;
    %store/vec4 v000001f3eeb3ce90_0, 0, 8;
    %jmp T_16.256;
T_16.146 ;
    %pushi/vec4 79, 0, 8;
    %store/vec4 v000001f3eeb3ce90_0, 0, 8;
    %jmp T_16.256;
T_16.147 ;
    %pushi/vec4 220, 0, 8;
    %store/vec4 v000001f3eeb3ce90_0, 0, 8;
    %jmp T_16.256;
T_16.148 ;
    %pushi/vec4 34, 0, 8;
    %store/vec4 v000001f3eeb3ce90_0, 0, 8;
    %jmp T_16.256;
T_16.149 ;
    %pushi/vec4 42, 0, 8;
    %store/vec4 v000001f3eeb3ce90_0, 0, 8;
    %jmp T_16.256;
T_16.150 ;
    %pushi/vec4 144, 0, 8;
    %store/vec4 v000001f3eeb3ce90_0, 0, 8;
    %jmp T_16.256;
T_16.151 ;
    %pushi/vec4 136, 0, 8;
    %store/vec4 v000001f3eeb3ce90_0, 0, 8;
    %jmp T_16.256;
T_16.152 ;
    %pushi/vec4 70, 0, 8;
    %store/vec4 v000001f3eeb3ce90_0, 0, 8;
    %jmp T_16.256;
T_16.153 ;
    %pushi/vec4 238, 0, 8;
    %store/vec4 v000001f3eeb3ce90_0, 0, 8;
    %jmp T_16.256;
T_16.154 ;
    %pushi/vec4 184, 0, 8;
    %store/vec4 v000001f3eeb3ce90_0, 0, 8;
    %jmp T_16.256;
T_16.155 ;
    %pushi/vec4 20, 0, 8;
    %store/vec4 v000001f3eeb3ce90_0, 0, 8;
    %jmp T_16.256;
T_16.156 ;
    %pushi/vec4 222, 0, 8;
    %store/vec4 v000001f3eeb3ce90_0, 0, 8;
    %jmp T_16.256;
T_16.157 ;
    %pushi/vec4 94, 0, 8;
    %store/vec4 v000001f3eeb3ce90_0, 0, 8;
    %jmp T_16.256;
T_16.158 ;
    %pushi/vec4 11, 0, 8;
    %store/vec4 v000001f3eeb3ce90_0, 0, 8;
    %jmp T_16.256;
T_16.159 ;
    %pushi/vec4 219, 0, 8;
    %store/vec4 v000001f3eeb3ce90_0, 0, 8;
    %jmp T_16.256;
T_16.160 ;
    %pushi/vec4 224, 0, 8;
    %store/vec4 v000001f3eeb3ce90_0, 0, 8;
    %jmp T_16.256;
T_16.161 ;
    %pushi/vec4 50, 0, 8;
    %store/vec4 v000001f3eeb3ce90_0, 0, 8;
    %jmp T_16.256;
T_16.162 ;
    %pushi/vec4 58, 0, 8;
    %store/vec4 v000001f3eeb3ce90_0, 0, 8;
    %jmp T_16.256;
T_16.163 ;
    %pushi/vec4 10, 0, 8;
    %store/vec4 v000001f3eeb3ce90_0, 0, 8;
    %jmp T_16.256;
T_16.164 ;
    %pushi/vec4 73, 0, 8;
    %store/vec4 v000001f3eeb3ce90_0, 0, 8;
    %jmp T_16.256;
T_16.165 ;
    %pushi/vec4 6, 0, 8;
    %store/vec4 v000001f3eeb3ce90_0, 0, 8;
    %jmp T_16.256;
T_16.166 ;
    %pushi/vec4 36, 0, 8;
    %store/vec4 v000001f3eeb3ce90_0, 0, 8;
    %jmp T_16.256;
T_16.167 ;
    %pushi/vec4 92, 0, 8;
    %store/vec4 v000001f3eeb3ce90_0, 0, 8;
    %jmp T_16.256;
T_16.168 ;
    %pushi/vec4 194, 0, 8;
    %store/vec4 v000001f3eeb3ce90_0, 0, 8;
    %jmp T_16.256;
T_16.169 ;
    %pushi/vec4 211, 0, 8;
    %store/vec4 v000001f3eeb3ce90_0, 0, 8;
    %jmp T_16.256;
T_16.170 ;
    %pushi/vec4 172, 0, 8;
    %store/vec4 v000001f3eeb3ce90_0, 0, 8;
    %jmp T_16.256;
T_16.171 ;
    %pushi/vec4 98, 0, 8;
    %store/vec4 v000001f3eeb3ce90_0, 0, 8;
    %jmp T_16.256;
T_16.172 ;
    %pushi/vec4 145, 0, 8;
    %store/vec4 v000001f3eeb3ce90_0, 0, 8;
    %jmp T_16.256;
T_16.173 ;
    %pushi/vec4 149, 0, 8;
    %store/vec4 v000001f3eeb3ce90_0, 0, 8;
    %jmp T_16.256;
T_16.174 ;
    %pushi/vec4 228, 0, 8;
    %store/vec4 v000001f3eeb3ce90_0, 0, 8;
    %jmp T_16.256;
T_16.175 ;
    %pushi/vec4 121, 0, 8;
    %store/vec4 v000001f3eeb3ce90_0, 0, 8;
    %jmp T_16.256;
T_16.176 ;
    %pushi/vec4 231, 0, 8;
    %store/vec4 v000001f3eeb3ce90_0, 0, 8;
    %jmp T_16.256;
T_16.177 ;
    %pushi/vec4 200, 0, 8;
    %store/vec4 v000001f3eeb3ce90_0, 0, 8;
    %jmp T_16.256;
T_16.178 ;
    %pushi/vec4 55, 0, 8;
    %store/vec4 v000001f3eeb3ce90_0, 0, 8;
    %jmp T_16.256;
T_16.179 ;
    %pushi/vec4 109, 0, 8;
    %store/vec4 v000001f3eeb3ce90_0, 0, 8;
    %jmp T_16.256;
T_16.180 ;
    %pushi/vec4 141, 0, 8;
    %store/vec4 v000001f3eeb3ce90_0, 0, 8;
    %jmp T_16.256;
T_16.181 ;
    %pushi/vec4 213, 0, 8;
    %store/vec4 v000001f3eeb3ce90_0, 0, 8;
    %jmp T_16.256;
T_16.182 ;
    %pushi/vec4 78, 0, 8;
    %store/vec4 v000001f3eeb3ce90_0, 0, 8;
    %jmp T_16.256;
T_16.183 ;
    %pushi/vec4 169, 0, 8;
    %store/vec4 v000001f3eeb3ce90_0, 0, 8;
    %jmp T_16.256;
T_16.184 ;
    %pushi/vec4 108, 0, 8;
    %store/vec4 v000001f3eeb3ce90_0, 0, 8;
    %jmp T_16.256;
T_16.185 ;
    %pushi/vec4 86, 0, 8;
    %store/vec4 v000001f3eeb3ce90_0, 0, 8;
    %jmp T_16.256;
T_16.186 ;
    %pushi/vec4 244, 0, 8;
    %store/vec4 v000001f3eeb3ce90_0, 0, 8;
    %jmp T_16.256;
T_16.187 ;
    %pushi/vec4 234, 0, 8;
    %store/vec4 v000001f3eeb3ce90_0, 0, 8;
    %jmp T_16.256;
T_16.188 ;
    %pushi/vec4 101, 0, 8;
    %store/vec4 v000001f3eeb3ce90_0, 0, 8;
    %jmp T_16.256;
T_16.189 ;
    %pushi/vec4 122, 0, 8;
    %store/vec4 v000001f3eeb3ce90_0, 0, 8;
    %jmp T_16.256;
T_16.190 ;
    %pushi/vec4 174, 0, 8;
    %store/vec4 v000001f3eeb3ce90_0, 0, 8;
    %jmp T_16.256;
T_16.191 ;
    %pushi/vec4 8, 0, 8;
    %store/vec4 v000001f3eeb3ce90_0, 0, 8;
    %jmp T_16.256;
T_16.192 ;
    %pushi/vec4 186, 0, 8;
    %store/vec4 v000001f3eeb3ce90_0, 0, 8;
    %jmp T_16.256;
T_16.193 ;
    %pushi/vec4 120, 0, 8;
    %store/vec4 v000001f3eeb3ce90_0, 0, 8;
    %jmp T_16.256;
T_16.194 ;
    %pushi/vec4 37, 0, 8;
    %store/vec4 v000001f3eeb3ce90_0, 0, 8;
    %jmp T_16.256;
T_16.195 ;
    %pushi/vec4 46, 0, 8;
    %store/vec4 v000001f3eeb3ce90_0, 0, 8;
    %jmp T_16.256;
T_16.196 ;
    %pushi/vec4 28, 0, 8;
    %store/vec4 v000001f3eeb3ce90_0, 0, 8;
    %jmp T_16.256;
T_16.197 ;
    %pushi/vec4 166, 0, 8;
    %store/vec4 v000001f3eeb3ce90_0, 0, 8;
    %jmp T_16.256;
T_16.198 ;
    %pushi/vec4 180, 0, 8;
    %store/vec4 v000001f3eeb3ce90_0, 0, 8;
    %jmp T_16.256;
T_16.199 ;
    %pushi/vec4 198, 0, 8;
    %store/vec4 v000001f3eeb3ce90_0, 0, 8;
    %jmp T_16.256;
T_16.200 ;
    %pushi/vec4 232, 0, 8;
    %store/vec4 v000001f3eeb3ce90_0, 0, 8;
    %jmp T_16.256;
T_16.201 ;
    %pushi/vec4 221, 0, 8;
    %store/vec4 v000001f3eeb3ce90_0, 0, 8;
    %jmp T_16.256;
T_16.202 ;
    %pushi/vec4 116, 0, 8;
    %store/vec4 v000001f3eeb3ce90_0, 0, 8;
    %jmp T_16.256;
T_16.203 ;
    %pushi/vec4 31, 0, 8;
    %store/vec4 v000001f3eeb3ce90_0, 0, 8;
    %jmp T_16.256;
T_16.204 ;
    %pushi/vec4 75, 0, 8;
    %store/vec4 v000001f3eeb3ce90_0, 0, 8;
    %jmp T_16.256;
T_16.205 ;
    %pushi/vec4 189, 0, 8;
    %store/vec4 v000001f3eeb3ce90_0, 0, 8;
    %jmp T_16.256;
T_16.206 ;
    %pushi/vec4 139, 0, 8;
    %store/vec4 v000001f3eeb3ce90_0, 0, 8;
    %jmp T_16.256;
T_16.207 ;
    %pushi/vec4 138, 0, 8;
    %store/vec4 v000001f3eeb3ce90_0, 0, 8;
    %jmp T_16.256;
T_16.208 ;
    %pushi/vec4 112, 0, 8;
    %store/vec4 v000001f3eeb3ce90_0, 0, 8;
    %jmp T_16.256;
T_16.209 ;
    %pushi/vec4 62, 0, 8;
    %store/vec4 v000001f3eeb3ce90_0, 0, 8;
    %jmp T_16.256;
T_16.210 ;
    %pushi/vec4 181, 0, 8;
    %store/vec4 v000001f3eeb3ce90_0, 0, 8;
    %jmp T_16.256;
T_16.211 ;
    %pushi/vec4 102, 0, 8;
    %store/vec4 v000001f3eeb3ce90_0, 0, 8;
    %jmp T_16.256;
T_16.212 ;
    %pushi/vec4 72, 0, 8;
    %store/vec4 v000001f3eeb3ce90_0, 0, 8;
    %jmp T_16.256;
T_16.213 ;
    %pushi/vec4 3, 0, 8;
    %store/vec4 v000001f3eeb3ce90_0, 0, 8;
    %jmp T_16.256;
T_16.214 ;
    %pushi/vec4 246, 0, 8;
    %store/vec4 v000001f3eeb3ce90_0, 0, 8;
    %jmp T_16.256;
T_16.215 ;
    %pushi/vec4 14, 0, 8;
    %store/vec4 v000001f3eeb3ce90_0, 0, 8;
    %jmp T_16.256;
T_16.216 ;
    %pushi/vec4 97, 0, 8;
    %store/vec4 v000001f3eeb3ce90_0, 0, 8;
    %jmp T_16.256;
T_16.217 ;
    %pushi/vec4 53, 0, 8;
    %store/vec4 v000001f3eeb3ce90_0, 0, 8;
    %jmp T_16.256;
T_16.218 ;
    %pushi/vec4 87, 0, 8;
    %store/vec4 v000001f3eeb3ce90_0, 0, 8;
    %jmp T_16.256;
T_16.219 ;
    %pushi/vec4 185, 0, 8;
    %store/vec4 v000001f3eeb3ce90_0, 0, 8;
    %jmp T_16.256;
T_16.220 ;
    %pushi/vec4 134, 0, 8;
    %store/vec4 v000001f3eeb3ce90_0, 0, 8;
    %jmp T_16.256;
T_16.221 ;
    %pushi/vec4 193, 0, 8;
    %store/vec4 v000001f3eeb3ce90_0, 0, 8;
    %jmp T_16.256;
T_16.222 ;
    %pushi/vec4 29, 0, 8;
    %store/vec4 v000001f3eeb3ce90_0, 0, 8;
    %jmp T_16.256;
T_16.223 ;
    %pushi/vec4 158, 0, 8;
    %store/vec4 v000001f3eeb3ce90_0, 0, 8;
    %jmp T_16.256;
T_16.224 ;
    %pushi/vec4 225, 0, 8;
    %store/vec4 v000001f3eeb3ce90_0, 0, 8;
    %jmp T_16.256;
T_16.225 ;
    %pushi/vec4 248, 0, 8;
    %store/vec4 v000001f3eeb3ce90_0, 0, 8;
    %jmp T_16.256;
T_16.226 ;
    %pushi/vec4 152, 0, 8;
    %store/vec4 v000001f3eeb3ce90_0, 0, 8;
    %jmp T_16.256;
T_16.227 ;
    %pushi/vec4 17, 0, 8;
    %store/vec4 v000001f3eeb3ce90_0, 0, 8;
    %jmp T_16.256;
T_16.228 ;
    %pushi/vec4 105, 0, 8;
    %store/vec4 v000001f3eeb3ce90_0, 0, 8;
    %jmp T_16.256;
T_16.229 ;
    %pushi/vec4 217, 0, 8;
    %store/vec4 v000001f3eeb3ce90_0, 0, 8;
    %jmp T_16.256;
T_16.230 ;
    %pushi/vec4 142, 0, 8;
    %store/vec4 v000001f3eeb3ce90_0, 0, 8;
    %jmp T_16.256;
T_16.231 ;
    %pushi/vec4 148, 0, 8;
    %store/vec4 v000001f3eeb3ce90_0, 0, 8;
    %jmp T_16.256;
T_16.232 ;
    %pushi/vec4 155, 0, 8;
    %store/vec4 v000001f3eeb3ce90_0, 0, 8;
    %jmp T_16.256;
T_16.233 ;
    %pushi/vec4 30, 0, 8;
    %store/vec4 v000001f3eeb3ce90_0, 0, 8;
    %jmp T_16.256;
T_16.234 ;
    %pushi/vec4 135, 0, 8;
    %store/vec4 v000001f3eeb3ce90_0, 0, 8;
    %jmp T_16.256;
T_16.235 ;
    %pushi/vec4 233, 0, 8;
    %store/vec4 v000001f3eeb3ce90_0, 0, 8;
    %jmp T_16.256;
T_16.236 ;
    %pushi/vec4 206, 0, 8;
    %store/vec4 v000001f3eeb3ce90_0, 0, 8;
    %jmp T_16.256;
T_16.237 ;
    %pushi/vec4 85, 0, 8;
    %store/vec4 v000001f3eeb3ce90_0, 0, 8;
    %jmp T_16.256;
T_16.238 ;
    %pushi/vec4 40, 0, 8;
    %store/vec4 v000001f3eeb3ce90_0, 0, 8;
    %jmp T_16.256;
T_16.239 ;
    %pushi/vec4 223, 0, 8;
    %store/vec4 v000001f3eeb3ce90_0, 0, 8;
    %jmp T_16.256;
T_16.240 ;
    %pushi/vec4 140, 0, 8;
    %store/vec4 v000001f3eeb3ce90_0, 0, 8;
    %jmp T_16.256;
T_16.241 ;
    %pushi/vec4 161, 0, 8;
    %store/vec4 v000001f3eeb3ce90_0, 0, 8;
    %jmp T_16.256;
T_16.242 ;
    %pushi/vec4 137, 0, 8;
    %store/vec4 v000001f3eeb3ce90_0, 0, 8;
    %jmp T_16.256;
T_16.243 ;
    %pushi/vec4 13, 0, 8;
    %store/vec4 v000001f3eeb3ce90_0, 0, 8;
    %jmp T_16.256;
T_16.244 ;
    %pushi/vec4 191, 0, 8;
    %store/vec4 v000001f3eeb3ce90_0, 0, 8;
    %jmp T_16.256;
T_16.245 ;
    %pushi/vec4 230, 0, 8;
    %store/vec4 v000001f3eeb3ce90_0, 0, 8;
    %jmp T_16.256;
T_16.246 ;
    %pushi/vec4 66, 0, 8;
    %store/vec4 v000001f3eeb3ce90_0, 0, 8;
    %jmp T_16.256;
T_16.247 ;
    %pushi/vec4 104, 0, 8;
    %store/vec4 v000001f3eeb3ce90_0, 0, 8;
    %jmp T_16.256;
T_16.248 ;
    %pushi/vec4 65, 0, 8;
    %store/vec4 v000001f3eeb3ce90_0, 0, 8;
    %jmp T_16.256;
T_16.249 ;
    %pushi/vec4 153, 0, 8;
    %store/vec4 v000001f3eeb3ce90_0, 0, 8;
    %jmp T_16.256;
T_16.250 ;
    %pushi/vec4 45, 0, 8;
    %store/vec4 v000001f3eeb3ce90_0, 0, 8;
    %jmp T_16.256;
T_16.251 ;
    %pushi/vec4 15, 0, 8;
    %store/vec4 v000001f3eeb3ce90_0, 0, 8;
    %jmp T_16.256;
T_16.252 ;
    %pushi/vec4 176, 0, 8;
    %store/vec4 v000001f3eeb3ce90_0, 0, 8;
    %jmp T_16.256;
T_16.253 ;
    %pushi/vec4 84, 0, 8;
    %store/vec4 v000001f3eeb3ce90_0, 0, 8;
    %jmp T_16.256;
T_16.254 ;
    %pushi/vec4 187, 0, 8;
    %store/vec4 v000001f3eeb3ce90_0, 0, 8;
    %jmp T_16.256;
T_16.255 ;
    %pushi/vec4 22, 0, 8;
    %store/vec4 v000001f3eeb3ce90_0, 0, 8;
    %jmp T_16.256;
T_16.256 ;
    %pop/vec4 1;
    %jmp T_16;
    .thread T_16, $push;
    .scope S_000001f3eeb3e8b0;
T_17 ;
    %wait E_000001f3eeabff80;
    %load/vec4 v000001f3eeb3d250_0;
    %dup/vec4;
    %pushi/vec4 0, 0, 8;
    %cmp/u;
    %jmp/1 T_17.0, 6;
    %dup/vec4;
    %pushi/vec4 1, 0, 8;
    %cmp/u;
    %jmp/1 T_17.1, 6;
    %dup/vec4;
    %pushi/vec4 2, 0, 8;
    %cmp/u;
    %jmp/1 T_17.2, 6;
    %dup/vec4;
    %pushi/vec4 3, 0, 8;
    %cmp/u;
    %jmp/1 T_17.3, 6;
    %dup/vec4;
    %pushi/vec4 4, 0, 8;
    %cmp/u;
    %jmp/1 T_17.4, 6;
    %dup/vec4;
    %pushi/vec4 5, 0, 8;
    %cmp/u;
    %jmp/1 T_17.5, 6;
    %dup/vec4;
    %pushi/vec4 6, 0, 8;
    %cmp/u;
    %jmp/1 T_17.6, 6;
    %dup/vec4;
    %pushi/vec4 7, 0, 8;
    %cmp/u;
    %jmp/1 T_17.7, 6;
    %dup/vec4;
    %pushi/vec4 8, 0, 8;
    %cmp/u;
    %jmp/1 T_17.8, 6;
    %dup/vec4;
    %pushi/vec4 9, 0, 8;
    %cmp/u;
    %jmp/1 T_17.9, 6;
    %dup/vec4;
    %pushi/vec4 10, 0, 8;
    %cmp/u;
    %jmp/1 T_17.10, 6;
    %dup/vec4;
    %pushi/vec4 11, 0, 8;
    %cmp/u;
    %jmp/1 T_17.11, 6;
    %dup/vec4;
    %pushi/vec4 12, 0, 8;
    %cmp/u;
    %jmp/1 T_17.12, 6;
    %dup/vec4;
    %pushi/vec4 13, 0, 8;
    %cmp/u;
    %jmp/1 T_17.13, 6;
    %dup/vec4;
    %pushi/vec4 14, 0, 8;
    %cmp/u;
    %jmp/1 T_17.14, 6;
    %dup/vec4;
    %pushi/vec4 15, 0, 8;
    %cmp/u;
    %jmp/1 T_17.15, 6;
    %dup/vec4;
    %pushi/vec4 16, 0, 8;
    %cmp/u;
    %jmp/1 T_17.16, 6;
    %dup/vec4;
    %pushi/vec4 17, 0, 8;
    %cmp/u;
    %jmp/1 T_17.17, 6;
    %dup/vec4;
    %pushi/vec4 18, 0, 8;
    %cmp/u;
    %jmp/1 T_17.18, 6;
    %dup/vec4;
    %pushi/vec4 19, 0, 8;
    %cmp/u;
    %jmp/1 T_17.19, 6;
    %dup/vec4;
    %pushi/vec4 20, 0, 8;
    %cmp/u;
    %jmp/1 T_17.20, 6;
    %dup/vec4;
    %pushi/vec4 21, 0, 8;
    %cmp/u;
    %jmp/1 T_17.21, 6;
    %dup/vec4;
    %pushi/vec4 22, 0, 8;
    %cmp/u;
    %jmp/1 T_17.22, 6;
    %dup/vec4;
    %pushi/vec4 23, 0, 8;
    %cmp/u;
    %jmp/1 T_17.23, 6;
    %dup/vec4;
    %pushi/vec4 24, 0, 8;
    %cmp/u;
    %jmp/1 T_17.24, 6;
    %dup/vec4;
    %pushi/vec4 25, 0, 8;
    %cmp/u;
    %jmp/1 T_17.25, 6;
    %dup/vec4;
    %pushi/vec4 26, 0, 8;
    %cmp/u;
    %jmp/1 T_17.26, 6;
    %dup/vec4;
    %pushi/vec4 27, 0, 8;
    %cmp/u;
    %jmp/1 T_17.27, 6;
    %dup/vec4;
    %pushi/vec4 28, 0, 8;
    %cmp/u;
    %jmp/1 T_17.28, 6;
    %dup/vec4;
    %pushi/vec4 29, 0, 8;
    %cmp/u;
    %jmp/1 T_17.29, 6;
    %dup/vec4;
    %pushi/vec4 30, 0, 8;
    %cmp/u;
    %jmp/1 T_17.30, 6;
    %dup/vec4;
    %pushi/vec4 31, 0, 8;
    %cmp/u;
    %jmp/1 T_17.31, 6;
    %dup/vec4;
    %pushi/vec4 32, 0, 8;
    %cmp/u;
    %jmp/1 T_17.32, 6;
    %dup/vec4;
    %pushi/vec4 33, 0, 8;
    %cmp/u;
    %jmp/1 T_17.33, 6;
    %dup/vec4;
    %pushi/vec4 34, 0, 8;
    %cmp/u;
    %jmp/1 T_17.34, 6;
    %dup/vec4;
    %pushi/vec4 35, 0, 8;
    %cmp/u;
    %jmp/1 T_17.35, 6;
    %dup/vec4;
    %pushi/vec4 36, 0, 8;
    %cmp/u;
    %jmp/1 T_17.36, 6;
    %dup/vec4;
    %pushi/vec4 37, 0, 8;
    %cmp/u;
    %jmp/1 T_17.37, 6;
    %dup/vec4;
    %pushi/vec4 38, 0, 8;
    %cmp/u;
    %jmp/1 T_17.38, 6;
    %dup/vec4;
    %pushi/vec4 39, 0, 8;
    %cmp/u;
    %jmp/1 T_17.39, 6;
    %dup/vec4;
    %pushi/vec4 40, 0, 8;
    %cmp/u;
    %jmp/1 T_17.40, 6;
    %dup/vec4;
    %pushi/vec4 41, 0, 8;
    %cmp/u;
    %jmp/1 T_17.41, 6;
    %dup/vec4;
    %pushi/vec4 42, 0, 8;
    %cmp/u;
    %jmp/1 T_17.42, 6;
    %dup/vec4;
    %pushi/vec4 43, 0, 8;
    %cmp/u;
    %jmp/1 T_17.43, 6;
    %dup/vec4;
    %pushi/vec4 44, 0, 8;
    %cmp/u;
    %jmp/1 T_17.44, 6;
    %dup/vec4;
    %pushi/vec4 45, 0, 8;
    %cmp/u;
    %jmp/1 T_17.45, 6;
    %dup/vec4;
    %pushi/vec4 46, 0, 8;
    %cmp/u;
    %jmp/1 T_17.46, 6;
    %dup/vec4;
    %pushi/vec4 47, 0, 8;
    %cmp/u;
    %jmp/1 T_17.47, 6;
    %dup/vec4;
    %pushi/vec4 48, 0, 8;
    %cmp/u;
    %jmp/1 T_17.48, 6;
    %dup/vec4;
    %pushi/vec4 49, 0, 8;
    %cmp/u;
    %jmp/1 T_17.49, 6;
    %dup/vec4;
    %pushi/vec4 50, 0, 8;
    %cmp/u;
    %jmp/1 T_17.50, 6;
    %dup/vec4;
    %pushi/vec4 51, 0, 8;
    %cmp/u;
    %jmp/1 T_17.51, 6;
    %dup/vec4;
    %pushi/vec4 52, 0, 8;
    %cmp/u;
    %jmp/1 T_17.52, 6;
    %dup/vec4;
    %pushi/vec4 53, 0, 8;
    %cmp/u;
    %jmp/1 T_17.53, 6;
    %dup/vec4;
    %pushi/vec4 54, 0, 8;
    %cmp/u;
    %jmp/1 T_17.54, 6;
    %dup/vec4;
    %pushi/vec4 55, 0, 8;
    %cmp/u;
    %jmp/1 T_17.55, 6;
    %dup/vec4;
    %pushi/vec4 56, 0, 8;
    %cmp/u;
    %jmp/1 T_17.56, 6;
    %dup/vec4;
    %pushi/vec4 57, 0, 8;
    %cmp/u;
    %jmp/1 T_17.57, 6;
    %dup/vec4;
    %pushi/vec4 58, 0, 8;
    %cmp/u;
    %jmp/1 T_17.58, 6;
    %dup/vec4;
    %pushi/vec4 59, 0, 8;
    %cmp/u;
    %jmp/1 T_17.59, 6;
    %dup/vec4;
    %pushi/vec4 60, 0, 8;
    %cmp/u;
    %jmp/1 T_17.60, 6;
    %dup/vec4;
    %pushi/vec4 61, 0, 8;
    %cmp/u;
    %jmp/1 T_17.61, 6;
    %dup/vec4;
    %pushi/vec4 62, 0, 8;
    %cmp/u;
    %jmp/1 T_17.62, 6;
    %dup/vec4;
    %pushi/vec4 63, 0, 8;
    %cmp/u;
    %jmp/1 T_17.63, 6;
    %dup/vec4;
    %pushi/vec4 64, 0, 8;
    %cmp/u;
    %jmp/1 T_17.64, 6;
    %dup/vec4;
    %pushi/vec4 65, 0, 8;
    %cmp/u;
    %jmp/1 T_17.65, 6;
    %dup/vec4;
    %pushi/vec4 66, 0, 8;
    %cmp/u;
    %jmp/1 T_17.66, 6;
    %dup/vec4;
    %pushi/vec4 67, 0, 8;
    %cmp/u;
    %jmp/1 T_17.67, 6;
    %dup/vec4;
    %pushi/vec4 68, 0, 8;
    %cmp/u;
    %jmp/1 T_17.68, 6;
    %dup/vec4;
    %pushi/vec4 69, 0, 8;
    %cmp/u;
    %jmp/1 T_17.69, 6;
    %dup/vec4;
    %pushi/vec4 70, 0, 8;
    %cmp/u;
    %jmp/1 T_17.70, 6;
    %dup/vec4;
    %pushi/vec4 71, 0, 8;
    %cmp/u;
    %jmp/1 T_17.71, 6;
    %dup/vec4;
    %pushi/vec4 72, 0, 8;
    %cmp/u;
    %jmp/1 T_17.72, 6;
    %dup/vec4;
    %pushi/vec4 73, 0, 8;
    %cmp/u;
    %jmp/1 T_17.73, 6;
    %dup/vec4;
    %pushi/vec4 74, 0, 8;
    %cmp/u;
    %jmp/1 T_17.74, 6;
    %dup/vec4;
    %pushi/vec4 75, 0, 8;
    %cmp/u;
    %jmp/1 T_17.75, 6;
    %dup/vec4;
    %pushi/vec4 76, 0, 8;
    %cmp/u;
    %jmp/1 T_17.76, 6;
    %dup/vec4;
    %pushi/vec4 77, 0, 8;
    %cmp/u;
    %jmp/1 T_17.77, 6;
    %dup/vec4;
    %pushi/vec4 78, 0, 8;
    %cmp/u;
    %jmp/1 T_17.78, 6;
    %dup/vec4;
    %pushi/vec4 79, 0, 8;
    %cmp/u;
    %jmp/1 T_17.79, 6;
    %dup/vec4;
    %pushi/vec4 80, 0, 8;
    %cmp/u;
    %jmp/1 T_17.80, 6;
    %dup/vec4;
    %pushi/vec4 81, 0, 8;
    %cmp/u;
    %jmp/1 T_17.81, 6;
    %dup/vec4;
    %pushi/vec4 82, 0, 8;
    %cmp/u;
    %jmp/1 T_17.82, 6;
    %dup/vec4;
    %pushi/vec4 83, 0, 8;
    %cmp/u;
    %jmp/1 T_17.83, 6;
    %dup/vec4;
    %pushi/vec4 84, 0, 8;
    %cmp/u;
    %jmp/1 T_17.84, 6;
    %dup/vec4;
    %pushi/vec4 85, 0, 8;
    %cmp/u;
    %jmp/1 T_17.85, 6;
    %dup/vec4;
    %pushi/vec4 86, 0, 8;
    %cmp/u;
    %jmp/1 T_17.86, 6;
    %dup/vec4;
    %pushi/vec4 87, 0, 8;
    %cmp/u;
    %jmp/1 T_17.87, 6;
    %dup/vec4;
    %pushi/vec4 88, 0, 8;
    %cmp/u;
    %jmp/1 T_17.88, 6;
    %dup/vec4;
    %pushi/vec4 89, 0, 8;
    %cmp/u;
    %jmp/1 T_17.89, 6;
    %dup/vec4;
    %pushi/vec4 90, 0, 8;
    %cmp/u;
    %jmp/1 T_17.90, 6;
    %dup/vec4;
    %pushi/vec4 91, 0, 8;
    %cmp/u;
    %jmp/1 T_17.91, 6;
    %dup/vec4;
    %pushi/vec4 92, 0, 8;
    %cmp/u;
    %jmp/1 T_17.92, 6;
    %dup/vec4;
    %pushi/vec4 93, 0, 8;
    %cmp/u;
    %jmp/1 T_17.93, 6;
    %dup/vec4;
    %pushi/vec4 94, 0, 8;
    %cmp/u;
    %jmp/1 T_17.94, 6;
    %dup/vec4;
    %pushi/vec4 95, 0, 8;
    %cmp/u;
    %jmp/1 T_17.95, 6;
    %dup/vec4;
    %pushi/vec4 96, 0, 8;
    %cmp/u;
    %jmp/1 T_17.96, 6;
    %dup/vec4;
    %pushi/vec4 97, 0, 8;
    %cmp/u;
    %jmp/1 T_17.97, 6;
    %dup/vec4;
    %pushi/vec4 98, 0, 8;
    %cmp/u;
    %jmp/1 T_17.98, 6;
    %dup/vec4;
    %pushi/vec4 99, 0, 8;
    %cmp/u;
    %jmp/1 T_17.99, 6;
    %dup/vec4;
    %pushi/vec4 100, 0, 8;
    %cmp/u;
    %jmp/1 T_17.100, 6;
    %dup/vec4;
    %pushi/vec4 101, 0, 8;
    %cmp/u;
    %jmp/1 T_17.101, 6;
    %dup/vec4;
    %pushi/vec4 102, 0, 8;
    %cmp/u;
    %jmp/1 T_17.102, 6;
    %dup/vec4;
    %pushi/vec4 103, 0, 8;
    %cmp/u;
    %jmp/1 T_17.103, 6;
    %dup/vec4;
    %pushi/vec4 104, 0, 8;
    %cmp/u;
    %jmp/1 T_17.104, 6;
    %dup/vec4;
    %pushi/vec4 105, 0, 8;
    %cmp/u;
    %jmp/1 T_17.105, 6;
    %dup/vec4;
    %pushi/vec4 106, 0, 8;
    %cmp/u;
    %jmp/1 T_17.106, 6;
    %dup/vec4;
    %pushi/vec4 107, 0, 8;
    %cmp/u;
    %jmp/1 T_17.107, 6;
    %dup/vec4;
    %pushi/vec4 108, 0, 8;
    %cmp/u;
    %jmp/1 T_17.108, 6;
    %dup/vec4;
    %pushi/vec4 109, 0, 8;
    %cmp/u;
    %jmp/1 T_17.109, 6;
    %dup/vec4;
    %pushi/vec4 110, 0, 8;
    %cmp/u;
    %jmp/1 T_17.110, 6;
    %dup/vec4;
    %pushi/vec4 111, 0, 8;
    %cmp/u;
    %jmp/1 T_17.111, 6;
    %dup/vec4;
    %pushi/vec4 112, 0, 8;
    %cmp/u;
    %jmp/1 T_17.112, 6;
    %dup/vec4;
    %pushi/vec4 113, 0, 8;
    %cmp/u;
    %jmp/1 T_17.113, 6;
    %dup/vec4;
    %pushi/vec4 114, 0, 8;
    %cmp/u;
    %jmp/1 T_17.114, 6;
    %dup/vec4;
    %pushi/vec4 115, 0, 8;
    %cmp/u;
    %jmp/1 T_17.115, 6;
    %dup/vec4;
    %pushi/vec4 116, 0, 8;
    %cmp/u;
    %jmp/1 T_17.116, 6;
    %dup/vec4;
    %pushi/vec4 117, 0, 8;
    %cmp/u;
    %jmp/1 T_17.117, 6;
    %dup/vec4;
    %pushi/vec4 118, 0, 8;
    %cmp/u;
    %jmp/1 T_17.118, 6;
    %dup/vec4;
    %pushi/vec4 119, 0, 8;
    %cmp/u;
    %jmp/1 T_17.119, 6;
    %dup/vec4;
    %pushi/vec4 120, 0, 8;
    %cmp/u;
    %jmp/1 T_17.120, 6;
    %dup/vec4;
    %pushi/vec4 121, 0, 8;
    %cmp/u;
    %jmp/1 T_17.121, 6;
    %dup/vec4;
    %pushi/vec4 122, 0, 8;
    %cmp/u;
    %jmp/1 T_17.122, 6;
    %dup/vec4;
    %pushi/vec4 123, 0, 8;
    %cmp/u;
    %jmp/1 T_17.123, 6;
    %dup/vec4;
    %pushi/vec4 124, 0, 8;
    %cmp/u;
    %jmp/1 T_17.124, 6;
    %dup/vec4;
    %pushi/vec4 125, 0, 8;
    %cmp/u;
    %jmp/1 T_17.125, 6;
    %dup/vec4;
    %pushi/vec4 126, 0, 8;
    %cmp/u;
    %jmp/1 T_17.126, 6;
    %dup/vec4;
    %pushi/vec4 127, 0, 8;
    %cmp/u;
    %jmp/1 T_17.127, 6;
    %dup/vec4;
    %pushi/vec4 128, 0, 8;
    %cmp/u;
    %jmp/1 T_17.128, 6;
    %dup/vec4;
    %pushi/vec4 129, 0, 8;
    %cmp/u;
    %jmp/1 T_17.129, 6;
    %dup/vec4;
    %pushi/vec4 130, 0, 8;
    %cmp/u;
    %jmp/1 T_17.130, 6;
    %dup/vec4;
    %pushi/vec4 131, 0, 8;
    %cmp/u;
    %jmp/1 T_17.131, 6;
    %dup/vec4;
    %pushi/vec4 132, 0, 8;
    %cmp/u;
    %jmp/1 T_17.132, 6;
    %dup/vec4;
    %pushi/vec4 133, 0, 8;
    %cmp/u;
    %jmp/1 T_17.133, 6;
    %dup/vec4;
    %pushi/vec4 134, 0, 8;
    %cmp/u;
    %jmp/1 T_17.134, 6;
    %dup/vec4;
    %pushi/vec4 135, 0, 8;
    %cmp/u;
    %jmp/1 T_17.135, 6;
    %dup/vec4;
    %pushi/vec4 136, 0, 8;
    %cmp/u;
    %jmp/1 T_17.136, 6;
    %dup/vec4;
    %pushi/vec4 137, 0, 8;
    %cmp/u;
    %jmp/1 T_17.137, 6;
    %dup/vec4;
    %pushi/vec4 138, 0, 8;
    %cmp/u;
    %jmp/1 T_17.138, 6;
    %dup/vec4;
    %pushi/vec4 139, 0, 8;
    %cmp/u;
    %jmp/1 T_17.139, 6;
    %dup/vec4;
    %pushi/vec4 140, 0, 8;
    %cmp/u;
    %jmp/1 T_17.140, 6;
    %dup/vec4;
    %pushi/vec4 141, 0, 8;
    %cmp/u;
    %jmp/1 T_17.141, 6;
    %dup/vec4;
    %pushi/vec4 142, 0, 8;
    %cmp/u;
    %jmp/1 T_17.142, 6;
    %dup/vec4;
    %pushi/vec4 143, 0, 8;
    %cmp/u;
    %jmp/1 T_17.143, 6;
    %dup/vec4;
    %pushi/vec4 144, 0, 8;
    %cmp/u;
    %jmp/1 T_17.144, 6;
    %dup/vec4;
    %pushi/vec4 145, 0, 8;
    %cmp/u;
    %jmp/1 T_17.145, 6;
    %dup/vec4;
    %pushi/vec4 146, 0, 8;
    %cmp/u;
    %jmp/1 T_17.146, 6;
    %dup/vec4;
    %pushi/vec4 147, 0, 8;
    %cmp/u;
    %jmp/1 T_17.147, 6;
    %dup/vec4;
    %pushi/vec4 148, 0, 8;
    %cmp/u;
    %jmp/1 T_17.148, 6;
    %dup/vec4;
    %pushi/vec4 149, 0, 8;
    %cmp/u;
    %jmp/1 T_17.149, 6;
    %dup/vec4;
    %pushi/vec4 150, 0, 8;
    %cmp/u;
    %jmp/1 T_17.150, 6;
    %dup/vec4;
    %pushi/vec4 151, 0, 8;
    %cmp/u;
    %jmp/1 T_17.151, 6;
    %dup/vec4;
    %pushi/vec4 152, 0, 8;
    %cmp/u;
    %jmp/1 T_17.152, 6;
    %dup/vec4;
    %pushi/vec4 153, 0, 8;
    %cmp/u;
    %jmp/1 T_17.153, 6;
    %dup/vec4;
    %pushi/vec4 154, 0, 8;
    %cmp/u;
    %jmp/1 T_17.154, 6;
    %dup/vec4;
    %pushi/vec4 155, 0, 8;
    %cmp/u;
    %jmp/1 T_17.155, 6;
    %dup/vec4;
    %pushi/vec4 156, 0, 8;
    %cmp/u;
    %jmp/1 T_17.156, 6;
    %dup/vec4;
    %pushi/vec4 157, 0, 8;
    %cmp/u;
    %jmp/1 T_17.157, 6;
    %dup/vec4;
    %pushi/vec4 158, 0, 8;
    %cmp/u;
    %jmp/1 T_17.158, 6;
    %dup/vec4;
    %pushi/vec4 159, 0, 8;
    %cmp/u;
    %jmp/1 T_17.159, 6;
    %dup/vec4;
    %pushi/vec4 160, 0, 8;
    %cmp/u;
    %jmp/1 T_17.160, 6;
    %dup/vec4;
    %pushi/vec4 161, 0, 8;
    %cmp/u;
    %jmp/1 T_17.161, 6;
    %dup/vec4;
    %pushi/vec4 162, 0, 8;
    %cmp/u;
    %jmp/1 T_17.162, 6;
    %dup/vec4;
    %pushi/vec4 163, 0, 8;
    %cmp/u;
    %jmp/1 T_17.163, 6;
    %dup/vec4;
    %pushi/vec4 164, 0, 8;
    %cmp/u;
    %jmp/1 T_17.164, 6;
    %dup/vec4;
    %pushi/vec4 165, 0, 8;
    %cmp/u;
    %jmp/1 T_17.165, 6;
    %dup/vec4;
    %pushi/vec4 166, 0, 8;
    %cmp/u;
    %jmp/1 T_17.166, 6;
    %dup/vec4;
    %pushi/vec4 167, 0, 8;
    %cmp/u;
    %jmp/1 T_17.167, 6;
    %dup/vec4;
    %pushi/vec4 168, 0, 8;
    %cmp/u;
    %jmp/1 T_17.168, 6;
    %dup/vec4;
    %pushi/vec4 169, 0, 8;
    %cmp/u;
    %jmp/1 T_17.169, 6;
    %dup/vec4;
    %pushi/vec4 170, 0, 8;
    %cmp/u;
    %jmp/1 T_17.170, 6;
    %dup/vec4;
    %pushi/vec4 171, 0, 8;
    %cmp/u;
    %jmp/1 T_17.171, 6;
    %dup/vec4;
    %pushi/vec4 172, 0, 8;
    %cmp/u;
    %jmp/1 T_17.172, 6;
    %dup/vec4;
    %pushi/vec4 173, 0, 8;
    %cmp/u;
    %jmp/1 T_17.173, 6;
    %dup/vec4;
    %pushi/vec4 174, 0, 8;
    %cmp/u;
    %jmp/1 T_17.174, 6;
    %dup/vec4;
    %pushi/vec4 175, 0, 8;
    %cmp/u;
    %jmp/1 T_17.175, 6;
    %dup/vec4;
    %pushi/vec4 176, 0, 8;
    %cmp/u;
    %jmp/1 T_17.176, 6;
    %dup/vec4;
    %pushi/vec4 177, 0, 8;
    %cmp/u;
    %jmp/1 T_17.177, 6;
    %dup/vec4;
    %pushi/vec4 178, 0, 8;
    %cmp/u;
    %jmp/1 T_17.178, 6;
    %dup/vec4;
    %pushi/vec4 179, 0, 8;
    %cmp/u;
    %jmp/1 T_17.179, 6;
    %dup/vec4;
    %pushi/vec4 180, 0, 8;
    %cmp/u;
    %jmp/1 T_17.180, 6;
    %dup/vec4;
    %pushi/vec4 181, 0, 8;
    %cmp/u;
    %jmp/1 T_17.181, 6;
    %dup/vec4;
    %pushi/vec4 182, 0, 8;
    %cmp/u;
    %jmp/1 T_17.182, 6;
    %dup/vec4;
    %pushi/vec4 183, 0, 8;
    %cmp/u;
    %jmp/1 T_17.183, 6;
    %dup/vec4;
    %pushi/vec4 184, 0, 8;
    %cmp/u;
    %jmp/1 T_17.184, 6;
    %dup/vec4;
    %pushi/vec4 185, 0, 8;
    %cmp/u;
    %jmp/1 T_17.185, 6;
    %dup/vec4;
    %pushi/vec4 186, 0, 8;
    %cmp/u;
    %jmp/1 T_17.186, 6;
    %dup/vec4;
    %pushi/vec4 187, 0, 8;
    %cmp/u;
    %jmp/1 T_17.187, 6;
    %dup/vec4;
    %pushi/vec4 188, 0, 8;
    %cmp/u;
    %jmp/1 T_17.188, 6;
    %dup/vec4;
    %pushi/vec4 189, 0, 8;
    %cmp/u;
    %jmp/1 T_17.189, 6;
    %dup/vec4;
    %pushi/vec4 190, 0, 8;
    %cmp/u;
    %jmp/1 T_17.190, 6;
    %dup/vec4;
    %pushi/vec4 191, 0, 8;
    %cmp/u;
    %jmp/1 T_17.191, 6;
    %dup/vec4;
    %pushi/vec4 192, 0, 8;
    %cmp/u;
    %jmp/1 T_17.192, 6;
    %dup/vec4;
    %pushi/vec4 193, 0, 8;
    %cmp/u;
    %jmp/1 T_17.193, 6;
    %dup/vec4;
    %pushi/vec4 194, 0, 8;
    %cmp/u;
    %jmp/1 T_17.194, 6;
    %dup/vec4;
    %pushi/vec4 195, 0, 8;
    %cmp/u;
    %jmp/1 T_17.195, 6;
    %dup/vec4;
    %pushi/vec4 196, 0, 8;
    %cmp/u;
    %jmp/1 T_17.196, 6;
    %dup/vec4;
    %pushi/vec4 197, 0, 8;
    %cmp/u;
    %jmp/1 T_17.197, 6;
    %dup/vec4;
    %pushi/vec4 198, 0, 8;
    %cmp/u;
    %jmp/1 T_17.198, 6;
    %dup/vec4;
    %pushi/vec4 199, 0, 8;
    %cmp/u;
    %jmp/1 T_17.199, 6;
    %dup/vec4;
    %pushi/vec4 200, 0, 8;
    %cmp/u;
    %jmp/1 T_17.200, 6;
    %dup/vec4;
    %pushi/vec4 201, 0, 8;
    %cmp/u;
    %jmp/1 T_17.201, 6;
    %dup/vec4;
    %pushi/vec4 202, 0, 8;
    %cmp/u;
    %jmp/1 T_17.202, 6;
    %dup/vec4;
    %pushi/vec4 203, 0, 8;
    %cmp/u;
    %jmp/1 T_17.203, 6;
    %dup/vec4;
    %pushi/vec4 204, 0, 8;
    %cmp/u;
    %jmp/1 T_17.204, 6;
    %dup/vec4;
    %pushi/vec4 205, 0, 8;
    %cmp/u;
    %jmp/1 T_17.205, 6;
    %dup/vec4;
    %pushi/vec4 206, 0, 8;
    %cmp/u;
    %jmp/1 T_17.206, 6;
    %dup/vec4;
    %pushi/vec4 207, 0, 8;
    %cmp/u;
    %jmp/1 T_17.207, 6;
    %dup/vec4;
    %pushi/vec4 208, 0, 8;
    %cmp/u;
    %jmp/1 T_17.208, 6;
    %dup/vec4;
    %pushi/vec4 209, 0, 8;
    %cmp/u;
    %jmp/1 T_17.209, 6;
    %dup/vec4;
    %pushi/vec4 210, 0, 8;
    %cmp/u;
    %jmp/1 T_17.210, 6;
    %dup/vec4;
    %pushi/vec4 211, 0, 8;
    %cmp/u;
    %jmp/1 T_17.211, 6;
    %dup/vec4;
    %pushi/vec4 212, 0, 8;
    %cmp/u;
    %jmp/1 T_17.212, 6;
    %dup/vec4;
    %pushi/vec4 213, 0, 8;
    %cmp/u;
    %jmp/1 T_17.213, 6;
    %dup/vec4;
    %pushi/vec4 214, 0, 8;
    %cmp/u;
    %jmp/1 T_17.214, 6;
    %dup/vec4;
    %pushi/vec4 215, 0, 8;
    %cmp/u;
    %jmp/1 T_17.215, 6;
    %dup/vec4;
    %pushi/vec4 216, 0, 8;
    %cmp/u;
    %jmp/1 T_17.216, 6;
    %dup/vec4;
    %pushi/vec4 217, 0, 8;
    %cmp/u;
    %jmp/1 T_17.217, 6;
    %dup/vec4;
    %pushi/vec4 218, 0, 8;
    %cmp/u;
    %jmp/1 T_17.218, 6;
    %dup/vec4;
    %pushi/vec4 219, 0, 8;
    %cmp/u;
    %jmp/1 T_17.219, 6;
    %dup/vec4;
    %pushi/vec4 220, 0, 8;
    %cmp/u;
    %jmp/1 T_17.220, 6;
    %dup/vec4;
    %pushi/vec4 221, 0, 8;
    %cmp/u;
    %jmp/1 T_17.221, 6;
    %dup/vec4;
    %pushi/vec4 222, 0, 8;
    %cmp/u;
    %jmp/1 T_17.222, 6;
    %dup/vec4;
    %pushi/vec4 223, 0, 8;
    %cmp/u;
    %jmp/1 T_17.223, 6;
    %dup/vec4;
    %pushi/vec4 224, 0, 8;
    %cmp/u;
    %jmp/1 T_17.224, 6;
    %dup/vec4;
    %pushi/vec4 225, 0, 8;
    %cmp/u;
    %jmp/1 T_17.225, 6;
    %dup/vec4;
    %pushi/vec4 226, 0, 8;
    %cmp/u;
    %jmp/1 T_17.226, 6;
    %dup/vec4;
    %pushi/vec4 227, 0, 8;
    %cmp/u;
    %jmp/1 T_17.227, 6;
    %dup/vec4;
    %pushi/vec4 228, 0, 8;
    %cmp/u;
    %jmp/1 T_17.228, 6;
    %dup/vec4;
    %pushi/vec4 229, 0, 8;
    %cmp/u;
    %jmp/1 T_17.229, 6;
    %dup/vec4;
    %pushi/vec4 230, 0, 8;
    %cmp/u;
    %jmp/1 T_17.230, 6;
    %dup/vec4;
    %pushi/vec4 231, 0, 8;
    %cmp/u;
    %jmp/1 T_17.231, 6;
    %dup/vec4;
    %pushi/vec4 232, 0, 8;
    %cmp/u;
    %jmp/1 T_17.232, 6;
    %dup/vec4;
    %pushi/vec4 233, 0, 8;
    %cmp/u;
    %jmp/1 T_17.233, 6;
    %dup/vec4;
    %pushi/vec4 234, 0, 8;
    %cmp/u;
    %jmp/1 T_17.234, 6;
    %dup/vec4;
    %pushi/vec4 235, 0, 8;
    %cmp/u;
    %jmp/1 T_17.235, 6;
    %dup/vec4;
    %pushi/vec4 236, 0, 8;
    %cmp/u;
    %jmp/1 T_17.236, 6;
    %dup/vec4;
    %pushi/vec4 237, 0, 8;
    %cmp/u;
    %jmp/1 T_17.237, 6;
    %dup/vec4;
    %pushi/vec4 238, 0, 8;
    %cmp/u;
    %jmp/1 T_17.238, 6;
    %dup/vec4;
    %pushi/vec4 239, 0, 8;
    %cmp/u;
    %jmp/1 T_17.239, 6;
    %dup/vec4;
    %pushi/vec4 240, 0, 8;
    %cmp/u;
    %jmp/1 T_17.240, 6;
    %dup/vec4;
    %pushi/vec4 241, 0, 8;
    %cmp/u;
    %jmp/1 T_17.241, 6;
    %dup/vec4;
    %pushi/vec4 242, 0, 8;
    %cmp/u;
    %jmp/1 T_17.242, 6;
    %dup/vec4;
    %pushi/vec4 243, 0, 8;
    %cmp/u;
    %jmp/1 T_17.243, 6;
    %dup/vec4;
    %pushi/vec4 244, 0, 8;
    %cmp/u;
    %jmp/1 T_17.244, 6;
    %dup/vec4;
    %pushi/vec4 245, 0, 8;
    %cmp/u;
    %jmp/1 T_17.245, 6;
    %dup/vec4;
    %pushi/vec4 246, 0, 8;
    %cmp/u;
    %jmp/1 T_17.246, 6;
    %dup/vec4;
    %pushi/vec4 247, 0, 8;
    %cmp/u;
    %jmp/1 T_17.247, 6;
    %dup/vec4;
    %pushi/vec4 248, 0, 8;
    %cmp/u;
    %jmp/1 T_17.248, 6;
    %dup/vec4;
    %pushi/vec4 249, 0, 8;
    %cmp/u;
    %jmp/1 T_17.249, 6;
    %dup/vec4;
    %pushi/vec4 250, 0, 8;
    %cmp/u;
    %jmp/1 T_17.250, 6;
    %dup/vec4;
    %pushi/vec4 251, 0, 8;
    %cmp/u;
    %jmp/1 T_17.251, 6;
    %dup/vec4;
    %pushi/vec4 252, 0, 8;
    %cmp/u;
    %jmp/1 T_17.252, 6;
    %dup/vec4;
    %pushi/vec4 253, 0, 8;
    %cmp/u;
    %jmp/1 T_17.253, 6;
    %dup/vec4;
    %pushi/vec4 254, 0, 8;
    %cmp/u;
    %jmp/1 T_17.254, 6;
    %dup/vec4;
    %pushi/vec4 255, 0, 8;
    %cmp/u;
    %jmp/1 T_17.255, 6;
    %jmp T_17.256;
T_17.0 ;
    %pushi/vec4 99, 0, 8;
    %store/vec4 v000001f3eeb3c670_0, 0, 8;
    %jmp T_17.256;
T_17.1 ;
    %pushi/vec4 124, 0, 8;
    %store/vec4 v000001f3eeb3c670_0, 0, 8;
    %jmp T_17.256;
T_17.2 ;
    %pushi/vec4 119, 0, 8;
    %store/vec4 v000001f3eeb3c670_0, 0, 8;
    %jmp T_17.256;
T_17.3 ;
    %pushi/vec4 123, 0, 8;
    %store/vec4 v000001f3eeb3c670_0, 0, 8;
    %jmp T_17.256;
T_17.4 ;
    %pushi/vec4 242, 0, 8;
    %store/vec4 v000001f3eeb3c670_0, 0, 8;
    %jmp T_17.256;
T_17.5 ;
    %pushi/vec4 107, 0, 8;
    %store/vec4 v000001f3eeb3c670_0, 0, 8;
    %jmp T_17.256;
T_17.6 ;
    %pushi/vec4 111, 0, 8;
    %store/vec4 v000001f3eeb3c670_0, 0, 8;
    %jmp T_17.256;
T_17.7 ;
    %pushi/vec4 197, 0, 8;
    %store/vec4 v000001f3eeb3c670_0, 0, 8;
    %jmp T_17.256;
T_17.8 ;
    %pushi/vec4 48, 0, 8;
    %store/vec4 v000001f3eeb3c670_0, 0, 8;
    %jmp T_17.256;
T_17.9 ;
    %pushi/vec4 1, 0, 8;
    %store/vec4 v000001f3eeb3c670_0, 0, 8;
    %jmp T_17.256;
T_17.10 ;
    %pushi/vec4 103, 0, 8;
    %store/vec4 v000001f3eeb3c670_0, 0, 8;
    %jmp T_17.256;
T_17.11 ;
    %pushi/vec4 43, 0, 8;
    %store/vec4 v000001f3eeb3c670_0, 0, 8;
    %jmp T_17.256;
T_17.12 ;
    %pushi/vec4 254, 0, 8;
    %store/vec4 v000001f3eeb3c670_0, 0, 8;
    %jmp T_17.256;
T_17.13 ;
    %pushi/vec4 215, 0, 8;
    %store/vec4 v000001f3eeb3c670_0, 0, 8;
    %jmp T_17.256;
T_17.14 ;
    %pushi/vec4 171, 0, 8;
    %store/vec4 v000001f3eeb3c670_0, 0, 8;
    %jmp T_17.256;
T_17.15 ;
    %pushi/vec4 118, 0, 8;
    %store/vec4 v000001f3eeb3c670_0, 0, 8;
    %jmp T_17.256;
T_17.16 ;
    %pushi/vec4 202, 0, 8;
    %store/vec4 v000001f3eeb3c670_0, 0, 8;
    %jmp T_17.256;
T_17.17 ;
    %pushi/vec4 130, 0, 8;
    %store/vec4 v000001f3eeb3c670_0, 0, 8;
    %jmp T_17.256;
T_17.18 ;
    %pushi/vec4 201, 0, 8;
    %store/vec4 v000001f3eeb3c670_0, 0, 8;
    %jmp T_17.256;
T_17.19 ;
    %pushi/vec4 125, 0, 8;
    %store/vec4 v000001f3eeb3c670_0, 0, 8;
    %jmp T_17.256;
T_17.20 ;
    %pushi/vec4 250, 0, 8;
    %store/vec4 v000001f3eeb3c670_0, 0, 8;
    %jmp T_17.256;
T_17.21 ;
    %pushi/vec4 89, 0, 8;
    %store/vec4 v000001f3eeb3c670_0, 0, 8;
    %jmp T_17.256;
T_17.22 ;
    %pushi/vec4 71, 0, 8;
    %store/vec4 v000001f3eeb3c670_0, 0, 8;
    %jmp T_17.256;
T_17.23 ;
    %pushi/vec4 240, 0, 8;
    %store/vec4 v000001f3eeb3c670_0, 0, 8;
    %jmp T_17.256;
T_17.24 ;
    %pushi/vec4 173, 0, 8;
    %store/vec4 v000001f3eeb3c670_0, 0, 8;
    %jmp T_17.256;
T_17.25 ;
    %pushi/vec4 212, 0, 8;
    %store/vec4 v000001f3eeb3c670_0, 0, 8;
    %jmp T_17.256;
T_17.26 ;
    %pushi/vec4 162, 0, 8;
    %store/vec4 v000001f3eeb3c670_0, 0, 8;
    %jmp T_17.256;
T_17.27 ;
    %pushi/vec4 175, 0, 8;
    %store/vec4 v000001f3eeb3c670_0, 0, 8;
    %jmp T_17.256;
T_17.28 ;
    %pushi/vec4 156, 0, 8;
    %store/vec4 v000001f3eeb3c670_0, 0, 8;
    %jmp T_17.256;
T_17.29 ;
    %pushi/vec4 164, 0, 8;
    %store/vec4 v000001f3eeb3c670_0, 0, 8;
    %jmp T_17.256;
T_17.30 ;
    %pushi/vec4 114, 0, 8;
    %store/vec4 v000001f3eeb3c670_0, 0, 8;
    %jmp T_17.256;
T_17.31 ;
    %pushi/vec4 192, 0, 8;
    %store/vec4 v000001f3eeb3c670_0, 0, 8;
    %jmp T_17.256;
T_17.32 ;
    %pushi/vec4 183, 0, 8;
    %store/vec4 v000001f3eeb3c670_0, 0, 8;
    %jmp T_17.256;
T_17.33 ;
    %pushi/vec4 253, 0, 8;
    %store/vec4 v000001f3eeb3c670_0, 0, 8;
    %jmp T_17.256;
T_17.34 ;
    %pushi/vec4 147, 0, 8;
    %store/vec4 v000001f3eeb3c670_0, 0, 8;
    %jmp T_17.256;
T_17.35 ;
    %pushi/vec4 38, 0, 8;
    %store/vec4 v000001f3eeb3c670_0, 0, 8;
    %jmp T_17.256;
T_17.36 ;
    %pushi/vec4 54, 0, 8;
    %store/vec4 v000001f3eeb3c670_0, 0, 8;
    %jmp T_17.256;
T_17.37 ;
    %pushi/vec4 63, 0, 8;
    %store/vec4 v000001f3eeb3c670_0, 0, 8;
    %jmp T_17.256;
T_17.38 ;
    %pushi/vec4 247, 0, 8;
    %store/vec4 v000001f3eeb3c670_0, 0, 8;
    %jmp T_17.256;
T_17.39 ;
    %pushi/vec4 204, 0, 8;
    %store/vec4 v000001f3eeb3c670_0, 0, 8;
    %jmp T_17.256;
T_17.40 ;
    %pushi/vec4 52, 0, 8;
    %store/vec4 v000001f3eeb3c670_0, 0, 8;
    %jmp T_17.256;
T_17.41 ;
    %pushi/vec4 165, 0, 8;
    %store/vec4 v000001f3eeb3c670_0, 0, 8;
    %jmp T_17.256;
T_17.42 ;
    %pushi/vec4 229, 0, 8;
    %store/vec4 v000001f3eeb3c670_0, 0, 8;
    %jmp T_17.256;
T_17.43 ;
    %pushi/vec4 241, 0, 8;
    %store/vec4 v000001f3eeb3c670_0, 0, 8;
    %jmp T_17.256;
T_17.44 ;
    %pushi/vec4 113, 0, 8;
    %store/vec4 v000001f3eeb3c670_0, 0, 8;
    %jmp T_17.256;
T_17.45 ;
    %pushi/vec4 216, 0, 8;
    %store/vec4 v000001f3eeb3c670_0, 0, 8;
    %jmp T_17.256;
T_17.46 ;
    %pushi/vec4 49, 0, 8;
    %store/vec4 v000001f3eeb3c670_0, 0, 8;
    %jmp T_17.256;
T_17.47 ;
    %pushi/vec4 21, 0, 8;
    %store/vec4 v000001f3eeb3c670_0, 0, 8;
    %jmp T_17.256;
T_17.48 ;
    %pushi/vec4 4, 0, 8;
    %store/vec4 v000001f3eeb3c670_0, 0, 8;
    %jmp T_17.256;
T_17.49 ;
    %pushi/vec4 199, 0, 8;
    %store/vec4 v000001f3eeb3c670_0, 0, 8;
    %jmp T_17.256;
T_17.50 ;
    %pushi/vec4 35, 0, 8;
    %store/vec4 v000001f3eeb3c670_0, 0, 8;
    %jmp T_17.256;
T_17.51 ;
    %pushi/vec4 195, 0, 8;
    %store/vec4 v000001f3eeb3c670_0, 0, 8;
    %jmp T_17.256;
T_17.52 ;
    %pushi/vec4 24, 0, 8;
    %store/vec4 v000001f3eeb3c670_0, 0, 8;
    %jmp T_17.256;
T_17.53 ;
    %pushi/vec4 150, 0, 8;
    %store/vec4 v000001f3eeb3c670_0, 0, 8;
    %jmp T_17.256;
T_17.54 ;
    %pushi/vec4 5, 0, 8;
    %store/vec4 v000001f3eeb3c670_0, 0, 8;
    %jmp T_17.256;
T_17.55 ;
    %pushi/vec4 154, 0, 8;
    %store/vec4 v000001f3eeb3c670_0, 0, 8;
    %jmp T_17.256;
T_17.56 ;
    %pushi/vec4 7, 0, 8;
    %store/vec4 v000001f3eeb3c670_0, 0, 8;
    %jmp T_17.256;
T_17.57 ;
    %pushi/vec4 18, 0, 8;
    %store/vec4 v000001f3eeb3c670_0, 0, 8;
    %jmp T_17.256;
T_17.58 ;
    %pushi/vec4 128, 0, 8;
    %store/vec4 v000001f3eeb3c670_0, 0, 8;
    %jmp T_17.256;
T_17.59 ;
    %pushi/vec4 226, 0, 8;
    %store/vec4 v000001f3eeb3c670_0, 0, 8;
    %jmp T_17.256;
T_17.60 ;
    %pushi/vec4 235, 0, 8;
    %store/vec4 v000001f3eeb3c670_0, 0, 8;
    %jmp T_17.256;
T_17.61 ;
    %pushi/vec4 39, 0, 8;
    %store/vec4 v000001f3eeb3c670_0, 0, 8;
    %jmp T_17.256;
T_17.62 ;
    %pushi/vec4 178, 0, 8;
    %store/vec4 v000001f3eeb3c670_0, 0, 8;
    %jmp T_17.256;
T_17.63 ;
    %pushi/vec4 117, 0, 8;
    %store/vec4 v000001f3eeb3c670_0, 0, 8;
    %jmp T_17.256;
T_17.64 ;
    %pushi/vec4 9, 0, 8;
    %store/vec4 v000001f3eeb3c670_0, 0, 8;
    %jmp T_17.256;
T_17.65 ;
    %pushi/vec4 131, 0, 8;
    %store/vec4 v000001f3eeb3c670_0, 0, 8;
    %jmp T_17.256;
T_17.66 ;
    %pushi/vec4 44, 0, 8;
    %store/vec4 v000001f3eeb3c670_0, 0, 8;
    %jmp T_17.256;
T_17.67 ;
    %pushi/vec4 26, 0, 8;
    %store/vec4 v000001f3eeb3c670_0, 0, 8;
    %jmp T_17.256;
T_17.68 ;
    %pushi/vec4 27, 0, 8;
    %store/vec4 v000001f3eeb3c670_0, 0, 8;
    %jmp T_17.256;
T_17.69 ;
    %pushi/vec4 110, 0, 8;
    %store/vec4 v000001f3eeb3c670_0, 0, 8;
    %jmp T_17.256;
T_17.70 ;
    %pushi/vec4 90, 0, 8;
    %store/vec4 v000001f3eeb3c670_0, 0, 8;
    %jmp T_17.256;
T_17.71 ;
    %pushi/vec4 160, 0, 8;
    %store/vec4 v000001f3eeb3c670_0, 0, 8;
    %jmp T_17.256;
T_17.72 ;
    %pushi/vec4 82, 0, 8;
    %store/vec4 v000001f3eeb3c670_0, 0, 8;
    %jmp T_17.256;
T_17.73 ;
    %pushi/vec4 59, 0, 8;
    %store/vec4 v000001f3eeb3c670_0, 0, 8;
    %jmp T_17.256;
T_17.74 ;
    %pushi/vec4 214, 0, 8;
    %store/vec4 v000001f3eeb3c670_0, 0, 8;
    %jmp T_17.256;
T_17.75 ;
    %pushi/vec4 179, 0, 8;
    %store/vec4 v000001f3eeb3c670_0, 0, 8;
    %jmp T_17.256;
T_17.76 ;
    %pushi/vec4 41, 0, 8;
    %store/vec4 v000001f3eeb3c670_0, 0, 8;
    %jmp T_17.256;
T_17.77 ;
    %pushi/vec4 227, 0, 8;
    %store/vec4 v000001f3eeb3c670_0, 0, 8;
    %jmp T_17.256;
T_17.78 ;
    %pushi/vec4 47, 0, 8;
    %store/vec4 v000001f3eeb3c670_0, 0, 8;
    %jmp T_17.256;
T_17.79 ;
    %pushi/vec4 132, 0, 8;
    %store/vec4 v000001f3eeb3c670_0, 0, 8;
    %jmp T_17.256;
T_17.80 ;
    %pushi/vec4 83, 0, 8;
    %store/vec4 v000001f3eeb3c670_0, 0, 8;
    %jmp T_17.256;
T_17.81 ;
    %pushi/vec4 209, 0, 8;
    %store/vec4 v000001f3eeb3c670_0, 0, 8;
    %jmp T_17.256;
T_17.82 ;
    %pushi/vec4 0, 0, 8;
    %store/vec4 v000001f3eeb3c670_0, 0, 8;
    %jmp T_17.256;
T_17.83 ;
    %pushi/vec4 237, 0, 8;
    %store/vec4 v000001f3eeb3c670_0, 0, 8;
    %jmp T_17.256;
T_17.84 ;
    %pushi/vec4 32, 0, 8;
    %store/vec4 v000001f3eeb3c670_0, 0, 8;
    %jmp T_17.256;
T_17.85 ;
    %pushi/vec4 252, 0, 8;
    %store/vec4 v000001f3eeb3c670_0, 0, 8;
    %jmp T_17.256;
T_17.86 ;
    %pushi/vec4 177, 0, 8;
    %store/vec4 v000001f3eeb3c670_0, 0, 8;
    %jmp T_17.256;
T_17.87 ;
    %pushi/vec4 91, 0, 8;
    %store/vec4 v000001f3eeb3c670_0, 0, 8;
    %jmp T_17.256;
T_17.88 ;
    %pushi/vec4 106, 0, 8;
    %store/vec4 v000001f3eeb3c670_0, 0, 8;
    %jmp T_17.256;
T_17.89 ;
    %pushi/vec4 203, 0, 8;
    %store/vec4 v000001f3eeb3c670_0, 0, 8;
    %jmp T_17.256;
T_17.90 ;
    %pushi/vec4 190, 0, 8;
    %store/vec4 v000001f3eeb3c670_0, 0, 8;
    %jmp T_17.256;
T_17.91 ;
    %pushi/vec4 57, 0, 8;
    %store/vec4 v000001f3eeb3c670_0, 0, 8;
    %jmp T_17.256;
T_17.92 ;
    %pushi/vec4 74, 0, 8;
    %store/vec4 v000001f3eeb3c670_0, 0, 8;
    %jmp T_17.256;
T_17.93 ;
    %pushi/vec4 76, 0, 8;
    %store/vec4 v000001f3eeb3c670_0, 0, 8;
    %jmp T_17.256;
T_17.94 ;
    %pushi/vec4 88, 0, 8;
    %store/vec4 v000001f3eeb3c670_0, 0, 8;
    %jmp T_17.256;
T_17.95 ;
    %pushi/vec4 207, 0, 8;
    %store/vec4 v000001f3eeb3c670_0, 0, 8;
    %jmp T_17.256;
T_17.96 ;
    %pushi/vec4 208, 0, 8;
    %store/vec4 v000001f3eeb3c670_0, 0, 8;
    %jmp T_17.256;
T_17.97 ;
    %pushi/vec4 239, 0, 8;
    %store/vec4 v000001f3eeb3c670_0, 0, 8;
    %jmp T_17.256;
T_17.98 ;
    %pushi/vec4 170, 0, 8;
    %store/vec4 v000001f3eeb3c670_0, 0, 8;
    %jmp T_17.256;
T_17.99 ;
    %pushi/vec4 251, 0, 8;
    %store/vec4 v000001f3eeb3c670_0, 0, 8;
    %jmp T_17.256;
T_17.100 ;
    %pushi/vec4 67, 0, 8;
    %store/vec4 v000001f3eeb3c670_0, 0, 8;
    %jmp T_17.256;
T_17.101 ;
    %pushi/vec4 77, 0, 8;
    %store/vec4 v000001f3eeb3c670_0, 0, 8;
    %jmp T_17.256;
T_17.102 ;
    %pushi/vec4 51, 0, 8;
    %store/vec4 v000001f3eeb3c670_0, 0, 8;
    %jmp T_17.256;
T_17.103 ;
    %pushi/vec4 133, 0, 8;
    %store/vec4 v000001f3eeb3c670_0, 0, 8;
    %jmp T_17.256;
T_17.104 ;
    %pushi/vec4 69, 0, 8;
    %store/vec4 v000001f3eeb3c670_0, 0, 8;
    %jmp T_17.256;
T_17.105 ;
    %pushi/vec4 249, 0, 8;
    %store/vec4 v000001f3eeb3c670_0, 0, 8;
    %jmp T_17.256;
T_17.106 ;
    %pushi/vec4 2, 0, 8;
    %store/vec4 v000001f3eeb3c670_0, 0, 8;
    %jmp T_17.256;
T_17.107 ;
    %pushi/vec4 127, 0, 8;
    %store/vec4 v000001f3eeb3c670_0, 0, 8;
    %jmp T_17.256;
T_17.108 ;
    %pushi/vec4 80, 0, 8;
    %store/vec4 v000001f3eeb3c670_0, 0, 8;
    %jmp T_17.256;
T_17.109 ;
    %pushi/vec4 60, 0, 8;
    %store/vec4 v000001f3eeb3c670_0, 0, 8;
    %jmp T_17.256;
T_17.110 ;
    %pushi/vec4 159, 0, 8;
    %store/vec4 v000001f3eeb3c670_0, 0, 8;
    %jmp T_17.256;
T_17.111 ;
    %pushi/vec4 168, 0, 8;
    %store/vec4 v000001f3eeb3c670_0, 0, 8;
    %jmp T_17.256;
T_17.112 ;
    %pushi/vec4 81, 0, 8;
    %store/vec4 v000001f3eeb3c670_0, 0, 8;
    %jmp T_17.256;
T_17.113 ;
    %pushi/vec4 163, 0, 8;
    %store/vec4 v000001f3eeb3c670_0, 0, 8;
    %jmp T_17.256;
T_17.114 ;
    %pushi/vec4 64, 0, 8;
    %store/vec4 v000001f3eeb3c670_0, 0, 8;
    %jmp T_17.256;
T_17.115 ;
    %pushi/vec4 143, 0, 8;
    %store/vec4 v000001f3eeb3c670_0, 0, 8;
    %jmp T_17.256;
T_17.116 ;
    %pushi/vec4 146, 0, 8;
    %store/vec4 v000001f3eeb3c670_0, 0, 8;
    %jmp T_17.256;
T_17.117 ;
    %pushi/vec4 157, 0, 8;
    %store/vec4 v000001f3eeb3c670_0, 0, 8;
    %jmp T_17.256;
T_17.118 ;
    %pushi/vec4 56, 0, 8;
    %store/vec4 v000001f3eeb3c670_0, 0, 8;
    %jmp T_17.256;
T_17.119 ;
    %pushi/vec4 245, 0, 8;
    %store/vec4 v000001f3eeb3c670_0, 0, 8;
    %jmp T_17.256;
T_17.120 ;
    %pushi/vec4 188, 0, 8;
    %store/vec4 v000001f3eeb3c670_0, 0, 8;
    %jmp T_17.256;
T_17.121 ;
    %pushi/vec4 182, 0, 8;
    %store/vec4 v000001f3eeb3c670_0, 0, 8;
    %jmp T_17.256;
T_17.122 ;
    %pushi/vec4 218, 0, 8;
    %store/vec4 v000001f3eeb3c670_0, 0, 8;
    %jmp T_17.256;
T_17.123 ;
    %pushi/vec4 33, 0, 8;
    %store/vec4 v000001f3eeb3c670_0, 0, 8;
    %jmp T_17.256;
T_17.124 ;
    %pushi/vec4 16, 0, 8;
    %store/vec4 v000001f3eeb3c670_0, 0, 8;
    %jmp T_17.256;
T_17.125 ;
    %pushi/vec4 255, 0, 8;
    %store/vec4 v000001f3eeb3c670_0, 0, 8;
    %jmp T_17.256;
T_17.126 ;
    %pushi/vec4 243, 0, 8;
    %store/vec4 v000001f3eeb3c670_0, 0, 8;
    %jmp T_17.256;
T_17.127 ;
    %pushi/vec4 210, 0, 8;
    %store/vec4 v000001f3eeb3c670_0, 0, 8;
    %jmp T_17.256;
T_17.128 ;
    %pushi/vec4 205, 0, 8;
    %store/vec4 v000001f3eeb3c670_0, 0, 8;
    %jmp T_17.256;
T_17.129 ;
    %pushi/vec4 12, 0, 8;
    %store/vec4 v000001f3eeb3c670_0, 0, 8;
    %jmp T_17.256;
T_17.130 ;
    %pushi/vec4 19, 0, 8;
    %store/vec4 v000001f3eeb3c670_0, 0, 8;
    %jmp T_17.256;
T_17.131 ;
    %pushi/vec4 236, 0, 8;
    %store/vec4 v000001f3eeb3c670_0, 0, 8;
    %jmp T_17.256;
T_17.132 ;
    %pushi/vec4 95, 0, 8;
    %store/vec4 v000001f3eeb3c670_0, 0, 8;
    %jmp T_17.256;
T_17.133 ;
    %pushi/vec4 151, 0, 8;
    %store/vec4 v000001f3eeb3c670_0, 0, 8;
    %jmp T_17.256;
T_17.134 ;
    %pushi/vec4 68, 0, 8;
    %store/vec4 v000001f3eeb3c670_0, 0, 8;
    %jmp T_17.256;
T_17.135 ;
    %pushi/vec4 23, 0, 8;
    %store/vec4 v000001f3eeb3c670_0, 0, 8;
    %jmp T_17.256;
T_17.136 ;
    %pushi/vec4 196, 0, 8;
    %store/vec4 v000001f3eeb3c670_0, 0, 8;
    %jmp T_17.256;
T_17.137 ;
    %pushi/vec4 167, 0, 8;
    %store/vec4 v000001f3eeb3c670_0, 0, 8;
    %jmp T_17.256;
T_17.138 ;
    %pushi/vec4 126, 0, 8;
    %store/vec4 v000001f3eeb3c670_0, 0, 8;
    %jmp T_17.256;
T_17.139 ;
    %pushi/vec4 61, 0, 8;
    %store/vec4 v000001f3eeb3c670_0, 0, 8;
    %jmp T_17.256;
T_17.140 ;
    %pushi/vec4 100, 0, 8;
    %store/vec4 v000001f3eeb3c670_0, 0, 8;
    %jmp T_17.256;
T_17.141 ;
    %pushi/vec4 93, 0, 8;
    %store/vec4 v000001f3eeb3c670_0, 0, 8;
    %jmp T_17.256;
T_17.142 ;
    %pushi/vec4 25, 0, 8;
    %store/vec4 v000001f3eeb3c670_0, 0, 8;
    %jmp T_17.256;
T_17.143 ;
    %pushi/vec4 115, 0, 8;
    %store/vec4 v000001f3eeb3c670_0, 0, 8;
    %jmp T_17.256;
T_17.144 ;
    %pushi/vec4 96, 0, 8;
    %store/vec4 v000001f3eeb3c670_0, 0, 8;
    %jmp T_17.256;
T_17.145 ;
    %pushi/vec4 129, 0, 8;
    %store/vec4 v000001f3eeb3c670_0, 0, 8;
    %jmp T_17.256;
T_17.146 ;
    %pushi/vec4 79, 0, 8;
    %store/vec4 v000001f3eeb3c670_0, 0, 8;
    %jmp T_17.256;
T_17.147 ;
    %pushi/vec4 220, 0, 8;
    %store/vec4 v000001f3eeb3c670_0, 0, 8;
    %jmp T_17.256;
T_17.148 ;
    %pushi/vec4 34, 0, 8;
    %store/vec4 v000001f3eeb3c670_0, 0, 8;
    %jmp T_17.256;
T_17.149 ;
    %pushi/vec4 42, 0, 8;
    %store/vec4 v000001f3eeb3c670_0, 0, 8;
    %jmp T_17.256;
T_17.150 ;
    %pushi/vec4 144, 0, 8;
    %store/vec4 v000001f3eeb3c670_0, 0, 8;
    %jmp T_17.256;
T_17.151 ;
    %pushi/vec4 136, 0, 8;
    %store/vec4 v000001f3eeb3c670_0, 0, 8;
    %jmp T_17.256;
T_17.152 ;
    %pushi/vec4 70, 0, 8;
    %store/vec4 v000001f3eeb3c670_0, 0, 8;
    %jmp T_17.256;
T_17.153 ;
    %pushi/vec4 238, 0, 8;
    %store/vec4 v000001f3eeb3c670_0, 0, 8;
    %jmp T_17.256;
T_17.154 ;
    %pushi/vec4 184, 0, 8;
    %store/vec4 v000001f3eeb3c670_0, 0, 8;
    %jmp T_17.256;
T_17.155 ;
    %pushi/vec4 20, 0, 8;
    %store/vec4 v000001f3eeb3c670_0, 0, 8;
    %jmp T_17.256;
T_17.156 ;
    %pushi/vec4 222, 0, 8;
    %store/vec4 v000001f3eeb3c670_0, 0, 8;
    %jmp T_17.256;
T_17.157 ;
    %pushi/vec4 94, 0, 8;
    %store/vec4 v000001f3eeb3c670_0, 0, 8;
    %jmp T_17.256;
T_17.158 ;
    %pushi/vec4 11, 0, 8;
    %store/vec4 v000001f3eeb3c670_0, 0, 8;
    %jmp T_17.256;
T_17.159 ;
    %pushi/vec4 219, 0, 8;
    %store/vec4 v000001f3eeb3c670_0, 0, 8;
    %jmp T_17.256;
T_17.160 ;
    %pushi/vec4 224, 0, 8;
    %store/vec4 v000001f3eeb3c670_0, 0, 8;
    %jmp T_17.256;
T_17.161 ;
    %pushi/vec4 50, 0, 8;
    %store/vec4 v000001f3eeb3c670_0, 0, 8;
    %jmp T_17.256;
T_17.162 ;
    %pushi/vec4 58, 0, 8;
    %store/vec4 v000001f3eeb3c670_0, 0, 8;
    %jmp T_17.256;
T_17.163 ;
    %pushi/vec4 10, 0, 8;
    %store/vec4 v000001f3eeb3c670_0, 0, 8;
    %jmp T_17.256;
T_17.164 ;
    %pushi/vec4 73, 0, 8;
    %store/vec4 v000001f3eeb3c670_0, 0, 8;
    %jmp T_17.256;
T_17.165 ;
    %pushi/vec4 6, 0, 8;
    %store/vec4 v000001f3eeb3c670_0, 0, 8;
    %jmp T_17.256;
T_17.166 ;
    %pushi/vec4 36, 0, 8;
    %store/vec4 v000001f3eeb3c670_0, 0, 8;
    %jmp T_17.256;
T_17.167 ;
    %pushi/vec4 92, 0, 8;
    %store/vec4 v000001f3eeb3c670_0, 0, 8;
    %jmp T_17.256;
T_17.168 ;
    %pushi/vec4 194, 0, 8;
    %store/vec4 v000001f3eeb3c670_0, 0, 8;
    %jmp T_17.256;
T_17.169 ;
    %pushi/vec4 211, 0, 8;
    %store/vec4 v000001f3eeb3c670_0, 0, 8;
    %jmp T_17.256;
T_17.170 ;
    %pushi/vec4 172, 0, 8;
    %store/vec4 v000001f3eeb3c670_0, 0, 8;
    %jmp T_17.256;
T_17.171 ;
    %pushi/vec4 98, 0, 8;
    %store/vec4 v000001f3eeb3c670_0, 0, 8;
    %jmp T_17.256;
T_17.172 ;
    %pushi/vec4 145, 0, 8;
    %store/vec4 v000001f3eeb3c670_0, 0, 8;
    %jmp T_17.256;
T_17.173 ;
    %pushi/vec4 149, 0, 8;
    %store/vec4 v000001f3eeb3c670_0, 0, 8;
    %jmp T_17.256;
T_17.174 ;
    %pushi/vec4 228, 0, 8;
    %store/vec4 v000001f3eeb3c670_0, 0, 8;
    %jmp T_17.256;
T_17.175 ;
    %pushi/vec4 121, 0, 8;
    %store/vec4 v000001f3eeb3c670_0, 0, 8;
    %jmp T_17.256;
T_17.176 ;
    %pushi/vec4 231, 0, 8;
    %store/vec4 v000001f3eeb3c670_0, 0, 8;
    %jmp T_17.256;
T_17.177 ;
    %pushi/vec4 200, 0, 8;
    %store/vec4 v000001f3eeb3c670_0, 0, 8;
    %jmp T_17.256;
T_17.178 ;
    %pushi/vec4 55, 0, 8;
    %store/vec4 v000001f3eeb3c670_0, 0, 8;
    %jmp T_17.256;
T_17.179 ;
    %pushi/vec4 109, 0, 8;
    %store/vec4 v000001f3eeb3c670_0, 0, 8;
    %jmp T_17.256;
T_17.180 ;
    %pushi/vec4 141, 0, 8;
    %store/vec4 v000001f3eeb3c670_0, 0, 8;
    %jmp T_17.256;
T_17.181 ;
    %pushi/vec4 213, 0, 8;
    %store/vec4 v000001f3eeb3c670_0, 0, 8;
    %jmp T_17.256;
T_17.182 ;
    %pushi/vec4 78, 0, 8;
    %store/vec4 v000001f3eeb3c670_0, 0, 8;
    %jmp T_17.256;
T_17.183 ;
    %pushi/vec4 169, 0, 8;
    %store/vec4 v000001f3eeb3c670_0, 0, 8;
    %jmp T_17.256;
T_17.184 ;
    %pushi/vec4 108, 0, 8;
    %store/vec4 v000001f3eeb3c670_0, 0, 8;
    %jmp T_17.256;
T_17.185 ;
    %pushi/vec4 86, 0, 8;
    %store/vec4 v000001f3eeb3c670_0, 0, 8;
    %jmp T_17.256;
T_17.186 ;
    %pushi/vec4 244, 0, 8;
    %store/vec4 v000001f3eeb3c670_0, 0, 8;
    %jmp T_17.256;
T_17.187 ;
    %pushi/vec4 234, 0, 8;
    %store/vec4 v000001f3eeb3c670_0, 0, 8;
    %jmp T_17.256;
T_17.188 ;
    %pushi/vec4 101, 0, 8;
    %store/vec4 v000001f3eeb3c670_0, 0, 8;
    %jmp T_17.256;
T_17.189 ;
    %pushi/vec4 122, 0, 8;
    %store/vec4 v000001f3eeb3c670_0, 0, 8;
    %jmp T_17.256;
T_17.190 ;
    %pushi/vec4 174, 0, 8;
    %store/vec4 v000001f3eeb3c670_0, 0, 8;
    %jmp T_17.256;
T_17.191 ;
    %pushi/vec4 8, 0, 8;
    %store/vec4 v000001f3eeb3c670_0, 0, 8;
    %jmp T_17.256;
T_17.192 ;
    %pushi/vec4 186, 0, 8;
    %store/vec4 v000001f3eeb3c670_0, 0, 8;
    %jmp T_17.256;
T_17.193 ;
    %pushi/vec4 120, 0, 8;
    %store/vec4 v000001f3eeb3c670_0, 0, 8;
    %jmp T_17.256;
T_17.194 ;
    %pushi/vec4 37, 0, 8;
    %store/vec4 v000001f3eeb3c670_0, 0, 8;
    %jmp T_17.256;
T_17.195 ;
    %pushi/vec4 46, 0, 8;
    %store/vec4 v000001f3eeb3c670_0, 0, 8;
    %jmp T_17.256;
T_17.196 ;
    %pushi/vec4 28, 0, 8;
    %store/vec4 v000001f3eeb3c670_0, 0, 8;
    %jmp T_17.256;
T_17.197 ;
    %pushi/vec4 166, 0, 8;
    %store/vec4 v000001f3eeb3c670_0, 0, 8;
    %jmp T_17.256;
T_17.198 ;
    %pushi/vec4 180, 0, 8;
    %store/vec4 v000001f3eeb3c670_0, 0, 8;
    %jmp T_17.256;
T_17.199 ;
    %pushi/vec4 198, 0, 8;
    %store/vec4 v000001f3eeb3c670_0, 0, 8;
    %jmp T_17.256;
T_17.200 ;
    %pushi/vec4 232, 0, 8;
    %store/vec4 v000001f3eeb3c670_0, 0, 8;
    %jmp T_17.256;
T_17.201 ;
    %pushi/vec4 221, 0, 8;
    %store/vec4 v000001f3eeb3c670_0, 0, 8;
    %jmp T_17.256;
T_17.202 ;
    %pushi/vec4 116, 0, 8;
    %store/vec4 v000001f3eeb3c670_0, 0, 8;
    %jmp T_17.256;
T_17.203 ;
    %pushi/vec4 31, 0, 8;
    %store/vec4 v000001f3eeb3c670_0, 0, 8;
    %jmp T_17.256;
T_17.204 ;
    %pushi/vec4 75, 0, 8;
    %store/vec4 v000001f3eeb3c670_0, 0, 8;
    %jmp T_17.256;
T_17.205 ;
    %pushi/vec4 189, 0, 8;
    %store/vec4 v000001f3eeb3c670_0, 0, 8;
    %jmp T_17.256;
T_17.206 ;
    %pushi/vec4 139, 0, 8;
    %store/vec4 v000001f3eeb3c670_0, 0, 8;
    %jmp T_17.256;
T_17.207 ;
    %pushi/vec4 138, 0, 8;
    %store/vec4 v000001f3eeb3c670_0, 0, 8;
    %jmp T_17.256;
T_17.208 ;
    %pushi/vec4 112, 0, 8;
    %store/vec4 v000001f3eeb3c670_0, 0, 8;
    %jmp T_17.256;
T_17.209 ;
    %pushi/vec4 62, 0, 8;
    %store/vec4 v000001f3eeb3c670_0, 0, 8;
    %jmp T_17.256;
T_17.210 ;
    %pushi/vec4 181, 0, 8;
    %store/vec4 v000001f3eeb3c670_0, 0, 8;
    %jmp T_17.256;
T_17.211 ;
    %pushi/vec4 102, 0, 8;
    %store/vec4 v000001f3eeb3c670_0, 0, 8;
    %jmp T_17.256;
T_17.212 ;
    %pushi/vec4 72, 0, 8;
    %store/vec4 v000001f3eeb3c670_0, 0, 8;
    %jmp T_17.256;
T_17.213 ;
    %pushi/vec4 3, 0, 8;
    %store/vec4 v000001f3eeb3c670_0, 0, 8;
    %jmp T_17.256;
T_17.214 ;
    %pushi/vec4 246, 0, 8;
    %store/vec4 v000001f3eeb3c670_0, 0, 8;
    %jmp T_17.256;
T_17.215 ;
    %pushi/vec4 14, 0, 8;
    %store/vec4 v000001f3eeb3c670_0, 0, 8;
    %jmp T_17.256;
T_17.216 ;
    %pushi/vec4 97, 0, 8;
    %store/vec4 v000001f3eeb3c670_0, 0, 8;
    %jmp T_17.256;
T_17.217 ;
    %pushi/vec4 53, 0, 8;
    %store/vec4 v000001f3eeb3c670_0, 0, 8;
    %jmp T_17.256;
T_17.218 ;
    %pushi/vec4 87, 0, 8;
    %store/vec4 v000001f3eeb3c670_0, 0, 8;
    %jmp T_17.256;
T_17.219 ;
    %pushi/vec4 185, 0, 8;
    %store/vec4 v000001f3eeb3c670_0, 0, 8;
    %jmp T_17.256;
T_17.220 ;
    %pushi/vec4 134, 0, 8;
    %store/vec4 v000001f3eeb3c670_0, 0, 8;
    %jmp T_17.256;
T_17.221 ;
    %pushi/vec4 193, 0, 8;
    %store/vec4 v000001f3eeb3c670_0, 0, 8;
    %jmp T_17.256;
T_17.222 ;
    %pushi/vec4 29, 0, 8;
    %store/vec4 v000001f3eeb3c670_0, 0, 8;
    %jmp T_17.256;
T_17.223 ;
    %pushi/vec4 158, 0, 8;
    %store/vec4 v000001f3eeb3c670_0, 0, 8;
    %jmp T_17.256;
T_17.224 ;
    %pushi/vec4 225, 0, 8;
    %store/vec4 v000001f3eeb3c670_0, 0, 8;
    %jmp T_17.256;
T_17.225 ;
    %pushi/vec4 248, 0, 8;
    %store/vec4 v000001f3eeb3c670_0, 0, 8;
    %jmp T_17.256;
T_17.226 ;
    %pushi/vec4 152, 0, 8;
    %store/vec4 v000001f3eeb3c670_0, 0, 8;
    %jmp T_17.256;
T_17.227 ;
    %pushi/vec4 17, 0, 8;
    %store/vec4 v000001f3eeb3c670_0, 0, 8;
    %jmp T_17.256;
T_17.228 ;
    %pushi/vec4 105, 0, 8;
    %store/vec4 v000001f3eeb3c670_0, 0, 8;
    %jmp T_17.256;
T_17.229 ;
    %pushi/vec4 217, 0, 8;
    %store/vec4 v000001f3eeb3c670_0, 0, 8;
    %jmp T_17.256;
T_17.230 ;
    %pushi/vec4 142, 0, 8;
    %store/vec4 v000001f3eeb3c670_0, 0, 8;
    %jmp T_17.256;
T_17.231 ;
    %pushi/vec4 148, 0, 8;
    %store/vec4 v000001f3eeb3c670_0, 0, 8;
    %jmp T_17.256;
T_17.232 ;
    %pushi/vec4 155, 0, 8;
    %store/vec4 v000001f3eeb3c670_0, 0, 8;
    %jmp T_17.256;
T_17.233 ;
    %pushi/vec4 30, 0, 8;
    %store/vec4 v000001f3eeb3c670_0, 0, 8;
    %jmp T_17.256;
T_17.234 ;
    %pushi/vec4 135, 0, 8;
    %store/vec4 v000001f3eeb3c670_0, 0, 8;
    %jmp T_17.256;
T_17.235 ;
    %pushi/vec4 233, 0, 8;
    %store/vec4 v000001f3eeb3c670_0, 0, 8;
    %jmp T_17.256;
T_17.236 ;
    %pushi/vec4 206, 0, 8;
    %store/vec4 v000001f3eeb3c670_0, 0, 8;
    %jmp T_17.256;
T_17.237 ;
    %pushi/vec4 85, 0, 8;
    %store/vec4 v000001f3eeb3c670_0, 0, 8;
    %jmp T_17.256;
T_17.238 ;
    %pushi/vec4 40, 0, 8;
    %store/vec4 v000001f3eeb3c670_0, 0, 8;
    %jmp T_17.256;
T_17.239 ;
    %pushi/vec4 223, 0, 8;
    %store/vec4 v000001f3eeb3c670_0, 0, 8;
    %jmp T_17.256;
T_17.240 ;
    %pushi/vec4 140, 0, 8;
    %store/vec4 v000001f3eeb3c670_0, 0, 8;
    %jmp T_17.256;
T_17.241 ;
    %pushi/vec4 161, 0, 8;
    %store/vec4 v000001f3eeb3c670_0, 0, 8;
    %jmp T_17.256;
T_17.242 ;
    %pushi/vec4 137, 0, 8;
    %store/vec4 v000001f3eeb3c670_0, 0, 8;
    %jmp T_17.256;
T_17.243 ;
    %pushi/vec4 13, 0, 8;
    %store/vec4 v000001f3eeb3c670_0, 0, 8;
    %jmp T_17.256;
T_17.244 ;
    %pushi/vec4 191, 0, 8;
    %store/vec4 v000001f3eeb3c670_0, 0, 8;
    %jmp T_17.256;
T_17.245 ;
    %pushi/vec4 230, 0, 8;
    %store/vec4 v000001f3eeb3c670_0, 0, 8;
    %jmp T_17.256;
T_17.246 ;
    %pushi/vec4 66, 0, 8;
    %store/vec4 v000001f3eeb3c670_0, 0, 8;
    %jmp T_17.256;
T_17.247 ;
    %pushi/vec4 104, 0, 8;
    %store/vec4 v000001f3eeb3c670_0, 0, 8;
    %jmp T_17.256;
T_17.248 ;
    %pushi/vec4 65, 0, 8;
    %store/vec4 v000001f3eeb3c670_0, 0, 8;
    %jmp T_17.256;
T_17.249 ;
    %pushi/vec4 153, 0, 8;
    %store/vec4 v000001f3eeb3c670_0, 0, 8;
    %jmp T_17.256;
T_17.250 ;
    %pushi/vec4 45, 0, 8;
    %store/vec4 v000001f3eeb3c670_0, 0, 8;
    %jmp T_17.256;
T_17.251 ;
    %pushi/vec4 15, 0, 8;
    %store/vec4 v000001f3eeb3c670_0, 0, 8;
    %jmp T_17.256;
T_17.252 ;
    %pushi/vec4 176, 0, 8;
    %store/vec4 v000001f3eeb3c670_0, 0, 8;
    %jmp T_17.256;
T_17.253 ;
    %pushi/vec4 84, 0, 8;
    %store/vec4 v000001f3eeb3c670_0, 0, 8;
    %jmp T_17.256;
T_17.254 ;
    %pushi/vec4 187, 0, 8;
    %store/vec4 v000001f3eeb3c670_0, 0, 8;
    %jmp T_17.256;
T_17.255 ;
    %pushi/vec4 22, 0, 8;
    %store/vec4 v000001f3eeb3c670_0, 0, 8;
    %jmp T_17.256;
T_17.256 ;
    %pop/vec4 1;
    %jmp T_17;
    .thread T_17, $push;
    .scope S_000001f3eeb3ddc0;
T_18 ;
    %wait E_000001f3eeabfa40;
    %load/vec4 v000001f3eeb3ca30_0;
    %dup/vec4;
    %pushi/vec4 0, 0, 8;
    %cmp/u;
    %jmp/1 T_18.0, 6;
    %dup/vec4;
    %pushi/vec4 1, 0, 8;
    %cmp/u;
    %jmp/1 T_18.1, 6;
    %dup/vec4;
    %pushi/vec4 2, 0, 8;
    %cmp/u;
    %jmp/1 T_18.2, 6;
    %dup/vec4;
    %pushi/vec4 3, 0, 8;
    %cmp/u;
    %jmp/1 T_18.3, 6;
    %dup/vec4;
    %pushi/vec4 4, 0, 8;
    %cmp/u;
    %jmp/1 T_18.4, 6;
    %dup/vec4;
    %pushi/vec4 5, 0, 8;
    %cmp/u;
    %jmp/1 T_18.5, 6;
    %dup/vec4;
    %pushi/vec4 6, 0, 8;
    %cmp/u;
    %jmp/1 T_18.6, 6;
    %dup/vec4;
    %pushi/vec4 7, 0, 8;
    %cmp/u;
    %jmp/1 T_18.7, 6;
    %dup/vec4;
    %pushi/vec4 8, 0, 8;
    %cmp/u;
    %jmp/1 T_18.8, 6;
    %dup/vec4;
    %pushi/vec4 9, 0, 8;
    %cmp/u;
    %jmp/1 T_18.9, 6;
    %dup/vec4;
    %pushi/vec4 10, 0, 8;
    %cmp/u;
    %jmp/1 T_18.10, 6;
    %dup/vec4;
    %pushi/vec4 11, 0, 8;
    %cmp/u;
    %jmp/1 T_18.11, 6;
    %dup/vec4;
    %pushi/vec4 12, 0, 8;
    %cmp/u;
    %jmp/1 T_18.12, 6;
    %dup/vec4;
    %pushi/vec4 13, 0, 8;
    %cmp/u;
    %jmp/1 T_18.13, 6;
    %dup/vec4;
    %pushi/vec4 14, 0, 8;
    %cmp/u;
    %jmp/1 T_18.14, 6;
    %dup/vec4;
    %pushi/vec4 15, 0, 8;
    %cmp/u;
    %jmp/1 T_18.15, 6;
    %dup/vec4;
    %pushi/vec4 16, 0, 8;
    %cmp/u;
    %jmp/1 T_18.16, 6;
    %dup/vec4;
    %pushi/vec4 17, 0, 8;
    %cmp/u;
    %jmp/1 T_18.17, 6;
    %dup/vec4;
    %pushi/vec4 18, 0, 8;
    %cmp/u;
    %jmp/1 T_18.18, 6;
    %dup/vec4;
    %pushi/vec4 19, 0, 8;
    %cmp/u;
    %jmp/1 T_18.19, 6;
    %dup/vec4;
    %pushi/vec4 20, 0, 8;
    %cmp/u;
    %jmp/1 T_18.20, 6;
    %dup/vec4;
    %pushi/vec4 21, 0, 8;
    %cmp/u;
    %jmp/1 T_18.21, 6;
    %dup/vec4;
    %pushi/vec4 22, 0, 8;
    %cmp/u;
    %jmp/1 T_18.22, 6;
    %dup/vec4;
    %pushi/vec4 23, 0, 8;
    %cmp/u;
    %jmp/1 T_18.23, 6;
    %dup/vec4;
    %pushi/vec4 24, 0, 8;
    %cmp/u;
    %jmp/1 T_18.24, 6;
    %dup/vec4;
    %pushi/vec4 25, 0, 8;
    %cmp/u;
    %jmp/1 T_18.25, 6;
    %dup/vec4;
    %pushi/vec4 26, 0, 8;
    %cmp/u;
    %jmp/1 T_18.26, 6;
    %dup/vec4;
    %pushi/vec4 27, 0, 8;
    %cmp/u;
    %jmp/1 T_18.27, 6;
    %dup/vec4;
    %pushi/vec4 28, 0, 8;
    %cmp/u;
    %jmp/1 T_18.28, 6;
    %dup/vec4;
    %pushi/vec4 29, 0, 8;
    %cmp/u;
    %jmp/1 T_18.29, 6;
    %dup/vec4;
    %pushi/vec4 30, 0, 8;
    %cmp/u;
    %jmp/1 T_18.30, 6;
    %dup/vec4;
    %pushi/vec4 31, 0, 8;
    %cmp/u;
    %jmp/1 T_18.31, 6;
    %dup/vec4;
    %pushi/vec4 32, 0, 8;
    %cmp/u;
    %jmp/1 T_18.32, 6;
    %dup/vec4;
    %pushi/vec4 33, 0, 8;
    %cmp/u;
    %jmp/1 T_18.33, 6;
    %dup/vec4;
    %pushi/vec4 34, 0, 8;
    %cmp/u;
    %jmp/1 T_18.34, 6;
    %dup/vec4;
    %pushi/vec4 35, 0, 8;
    %cmp/u;
    %jmp/1 T_18.35, 6;
    %dup/vec4;
    %pushi/vec4 36, 0, 8;
    %cmp/u;
    %jmp/1 T_18.36, 6;
    %dup/vec4;
    %pushi/vec4 37, 0, 8;
    %cmp/u;
    %jmp/1 T_18.37, 6;
    %dup/vec4;
    %pushi/vec4 38, 0, 8;
    %cmp/u;
    %jmp/1 T_18.38, 6;
    %dup/vec4;
    %pushi/vec4 39, 0, 8;
    %cmp/u;
    %jmp/1 T_18.39, 6;
    %dup/vec4;
    %pushi/vec4 40, 0, 8;
    %cmp/u;
    %jmp/1 T_18.40, 6;
    %dup/vec4;
    %pushi/vec4 41, 0, 8;
    %cmp/u;
    %jmp/1 T_18.41, 6;
    %dup/vec4;
    %pushi/vec4 42, 0, 8;
    %cmp/u;
    %jmp/1 T_18.42, 6;
    %dup/vec4;
    %pushi/vec4 43, 0, 8;
    %cmp/u;
    %jmp/1 T_18.43, 6;
    %dup/vec4;
    %pushi/vec4 44, 0, 8;
    %cmp/u;
    %jmp/1 T_18.44, 6;
    %dup/vec4;
    %pushi/vec4 45, 0, 8;
    %cmp/u;
    %jmp/1 T_18.45, 6;
    %dup/vec4;
    %pushi/vec4 46, 0, 8;
    %cmp/u;
    %jmp/1 T_18.46, 6;
    %dup/vec4;
    %pushi/vec4 47, 0, 8;
    %cmp/u;
    %jmp/1 T_18.47, 6;
    %dup/vec4;
    %pushi/vec4 48, 0, 8;
    %cmp/u;
    %jmp/1 T_18.48, 6;
    %dup/vec4;
    %pushi/vec4 49, 0, 8;
    %cmp/u;
    %jmp/1 T_18.49, 6;
    %dup/vec4;
    %pushi/vec4 50, 0, 8;
    %cmp/u;
    %jmp/1 T_18.50, 6;
    %dup/vec4;
    %pushi/vec4 51, 0, 8;
    %cmp/u;
    %jmp/1 T_18.51, 6;
    %dup/vec4;
    %pushi/vec4 52, 0, 8;
    %cmp/u;
    %jmp/1 T_18.52, 6;
    %dup/vec4;
    %pushi/vec4 53, 0, 8;
    %cmp/u;
    %jmp/1 T_18.53, 6;
    %dup/vec4;
    %pushi/vec4 54, 0, 8;
    %cmp/u;
    %jmp/1 T_18.54, 6;
    %dup/vec4;
    %pushi/vec4 55, 0, 8;
    %cmp/u;
    %jmp/1 T_18.55, 6;
    %dup/vec4;
    %pushi/vec4 56, 0, 8;
    %cmp/u;
    %jmp/1 T_18.56, 6;
    %dup/vec4;
    %pushi/vec4 57, 0, 8;
    %cmp/u;
    %jmp/1 T_18.57, 6;
    %dup/vec4;
    %pushi/vec4 58, 0, 8;
    %cmp/u;
    %jmp/1 T_18.58, 6;
    %dup/vec4;
    %pushi/vec4 59, 0, 8;
    %cmp/u;
    %jmp/1 T_18.59, 6;
    %dup/vec4;
    %pushi/vec4 60, 0, 8;
    %cmp/u;
    %jmp/1 T_18.60, 6;
    %dup/vec4;
    %pushi/vec4 61, 0, 8;
    %cmp/u;
    %jmp/1 T_18.61, 6;
    %dup/vec4;
    %pushi/vec4 62, 0, 8;
    %cmp/u;
    %jmp/1 T_18.62, 6;
    %dup/vec4;
    %pushi/vec4 63, 0, 8;
    %cmp/u;
    %jmp/1 T_18.63, 6;
    %dup/vec4;
    %pushi/vec4 64, 0, 8;
    %cmp/u;
    %jmp/1 T_18.64, 6;
    %dup/vec4;
    %pushi/vec4 65, 0, 8;
    %cmp/u;
    %jmp/1 T_18.65, 6;
    %dup/vec4;
    %pushi/vec4 66, 0, 8;
    %cmp/u;
    %jmp/1 T_18.66, 6;
    %dup/vec4;
    %pushi/vec4 67, 0, 8;
    %cmp/u;
    %jmp/1 T_18.67, 6;
    %dup/vec4;
    %pushi/vec4 68, 0, 8;
    %cmp/u;
    %jmp/1 T_18.68, 6;
    %dup/vec4;
    %pushi/vec4 69, 0, 8;
    %cmp/u;
    %jmp/1 T_18.69, 6;
    %dup/vec4;
    %pushi/vec4 70, 0, 8;
    %cmp/u;
    %jmp/1 T_18.70, 6;
    %dup/vec4;
    %pushi/vec4 71, 0, 8;
    %cmp/u;
    %jmp/1 T_18.71, 6;
    %dup/vec4;
    %pushi/vec4 72, 0, 8;
    %cmp/u;
    %jmp/1 T_18.72, 6;
    %dup/vec4;
    %pushi/vec4 73, 0, 8;
    %cmp/u;
    %jmp/1 T_18.73, 6;
    %dup/vec4;
    %pushi/vec4 74, 0, 8;
    %cmp/u;
    %jmp/1 T_18.74, 6;
    %dup/vec4;
    %pushi/vec4 75, 0, 8;
    %cmp/u;
    %jmp/1 T_18.75, 6;
    %dup/vec4;
    %pushi/vec4 76, 0, 8;
    %cmp/u;
    %jmp/1 T_18.76, 6;
    %dup/vec4;
    %pushi/vec4 77, 0, 8;
    %cmp/u;
    %jmp/1 T_18.77, 6;
    %dup/vec4;
    %pushi/vec4 78, 0, 8;
    %cmp/u;
    %jmp/1 T_18.78, 6;
    %dup/vec4;
    %pushi/vec4 79, 0, 8;
    %cmp/u;
    %jmp/1 T_18.79, 6;
    %dup/vec4;
    %pushi/vec4 80, 0, 8;
    %cmp/u;
    %jmp/1 T_18.80, 6;
    %dup/vec4;
    %pushi/vec4 81, 0, 8;
    %cmp/u;
    %jmp/1 T_18.81, 6;
    %dup/vec4;
    %pushi/vec4 82, 0, 8;
    %cmp/u;
    %jmp/1 T_18.82, 6;
    %dup/vec4;
    %pushi/vec4 83, 0, 8;
    %cmp/u;
    %jmp/1 T_18.83, 6;
    %dup/vec4;
    %pushi/vec4 84, 0, 8;
    %cmp/u;
    %jmp/1 T_18.84, 6;
    %dup/vec4;
    %pushi/vec4 85, 0, 8;
    %cmp/u;
    %jmp/1 T_18.85, 6;
    %dup/vec4;
    %pushi/vec4 86, 0, 8;
    %cmp/u;
    %jmp/1 T_18.86, 6;
    %dup/vec4;
    %pushi/vec4 87, 0, 8;
    %cmp/u;
    %jmp/1 T_18.87, 6;
    %dup/vec4;
    %pushi/vec4 88, 0, 8;
    %cmp/u;
    %jmp/1 T_18.88, 6;
    %dup/vec4;
    %pushi/vec4 89, 0, 8;
    %cmp/u;
    %jmp/1 T_18.89, 6;
    %dup/vec4;
    %pushi/vec4 90, 0, 8;
    %cmp/u;
    %jmp/1 T_18.90, 6;
    %dup/vec4;
    %pushi/vec4 91, 0, 8;
    %cmp/u;
    %jmp/1 T_18.91, 6;
    %dup/vec4;
    %pushi/vec4 92, 0, 8;
    %cmp/u;
    %jmp/1 T_18.92, 6;
    %dup/vec4;
    %pushi/vec4 93, 0, 8;
    %cmp/u;
    %jmp/1 T_18.93, 6;
    %dup/vec4;
    %pushi/vec4 94, 0, 8;
    %cmp/u;
    %jmp/1 T_18.94, 6;
    %dup/vec4;
    %pushi/vec4 95, 0, 8;
    %cmp/u;
    %jmp/1 T_18.95, 6;
    %dup/vec4;
    %pushi/vec4 96, 0, 8;
    %cmp/u;
    %jmp/1 T_18.96, 6;
    %dup/vec4;
    %pushi/vec4 97, 0, 8;
    %cmp/u;
    %jmp/1 T_18.97, 6;
    %dup/vec4;
    %pushi/vec4 98, 0, 8;
    %cmp/u;
    %jmp/1 T_18.98, 6;
    %dup/vec4;
    %pushi/vec4 99, 0, 8;
    %cmp/u;
    %jmp/1 T_18.99, 6;
    %dup/vec4;
    %pushi/vec4 100, 0, 8;
    %cmp/u;
    %jmp/1 T_18.100, 6;
    %dup/vec4;
    %pushi/vec4 101, 0, 8;
    %cmp/u;
    %jmp/1 T_18.101, 6;
    %dup/vec4;
    %pushi/vec4 102, 0, 8;
    %cmp/u;
    %jmp/1 T_18.102, 6;
    %dup/vec4;
    %pushi/vec4 103, 0, 8;
    %cmp/u;
    %jmp/1 T_18.103, 6;
    %dup/vec4;
    %pushi/vec4 104, 0, 8;
    %cmp/u;
    %jmp/1 T_18.104, 6;
    %dup/vec4;
    %pushi/vec4 105, 0, 8;
    %cmp/u;
    %jmp/1 T_18.105, 6;
    %dup/vec4;
    %pushi/vec4 106, 0, 8;
    %cmp/u;
    %jmp/1 T_18.106, 6;
    %dup/vec4;
    %pushi/vec4 107, 0, 8;
    %cmp/u;
    %jmp/1 T_18.107, 6;
    %dup/vec4;
    %pushi/vec4 108, 0, 8;
    %cmp/u;
    %jmp/1 T_18.108, 6;
    %dup/vec4;
    %pushi/vec4 109, 0, 8;
    %cmp/u;
    %jmp/1 T_18.109, 6;
    %dup/vec4;
    %pushi/vec4 110, 0, 8;
    %cmp/u;
    %jmp/1 T_18.110, 6;
    %dup/vec4;
    %pushi/vec4 111, 0, 8;
    %cmp/u;
    %jmp/1 T_18.111, 6;
    %dup/vec4;
    %pushi/vec4 112, 0, 8;
    %cmp/u;
    %jmp/1 T_18.112, 6;
    %dup/vec4;
    %pushi/vec4 113, 0, 8;
    %cmp/u;
    %jmp/1 T_18.113, 6;
    %dup/vec4;
    %pushi/vec4 114, 0, 8;
    %cmp/u;
    %jmp/1 T_18.114, 6;
    %dup/vec4;
    %pushi/vec4 115, 0, 8;
    %cmp/u;
    %jmp/1 T_18.115, 6;
    %dup/vec4;
    %pushi/vec4 116, 0, 8;
    %cmp/u;
    %jmp/1 T_18.116, 6;
    %dup/vec4;
    %pushi/vec4 117, 0, 8;
    %cmp/u;
    %jmp/1 T_18.117, 6;
    %dup/vec4;
    %pushi/vec4 118, 0, 8;
    %cmp/u;
    %jmp/1 T_18.118, 6;
    %dup/vec4;
    %pushi/vec4 119, 0, 8;
    %cmp/u;
    %jmp/1 T_18.119, 6;
    %dup/vec4;
    %pushi/vec4 120, 0, 8;
    %cmp/u;
    %jmp/1 T_18.120, 6;
    %dup/vec4;
    %pushi/vec4 121, 0, 8;
    %cmp/u;
    %jmp/1 T_18.121, 6;
    %dup/vec4;
    %pushi/vec4 122, 0, 8;
    %cmp/u;
    %jmp/1 T_18.122, 6;
    %dup/vec4;
    %pushi/vec4 123, 0, 8;
    %cmp/u;
    %jmp/1 T_18.123, 6;
    %dup/vec4;
    %pushi/vec4 124, 0, 8;
    %cmp/u;
    %jmp/1 T_18.124, 6;
    %dup/vec4;
    %pushi/vec4 125, 0, 8;
    %cmp/u;
    %jmp/1 T_18.125, 6;
    %dup/vec4;
    %pushi/vec4 126, 0, 8;
    %cmp/u;
    %jmp/1 T_18.126, 6;
    %dup/vec4;
    %pushi/vec4 127, 0, 8;
    %cmp/u;
    %jmp/1 T_18.127, 6;
    %dup/vec4;
    %pushi/vec4 128, 0, 8;
    %cmp/u;
    %jmp/1 T_18.128, 6;
    %dup/vec4;
    %pushi/vec4 129, 0, 8;
    %cmp/u;
    %jmp/1 T_18.129, 6;
    %dup/vec4;
    %pushi/vec4 130, 0, 8;
    %cmp/u;
    %jmp/1 T_18.130, 6;
    %dup/vec4;
    %pushi/vec4 131, 0, 8;
    %cmp/u;
    %jmp/1 T_18.131, 6;
    %dup/vec4;
    %pushi/vec4 132, 0, 8;
    %cmp/u;
    %jmp/1 T_18.132, 6;
    %dup/vec4;
    %pushi/vec4 133, 0, 8;
    %cmp/u;
    %jmp/1 T_18.133, 6;
    %dup/vec4;
    %pushi/vec4 134, 0, 8;
    %cmp/u;
    %jmp/1 T_18.134, 6;
    %dup/vec4;
    %pushi/vec4 135, 0, 8;
    %cmp/u;
    %jmp/1 T_18.135, 6;
    %dup/vec4;
    %pushi/vec4 136, 0, 8;
    %cmp/u;
    %jmp/1 T_18.136, 6;
    %dup/vec4;
    %pushi/vec4 137, 0, 8;
    %cmp/u;
    %jmp/1 T_18.137, 6;
    %dup/vec4;
    %pushi/vec4 138, 0, 8;
    %cmp/u;
    %jmp/1 T_18.138, 6;
    %dup/vec4;
    %pushi/vec4 139, 0, 8;
    %cmp/u;
    %jmp/1 T_18.139, 6;
    %dup/vec4;
    %pushi/vec4 140, 0, 8;
    %cmp/u;
    %jmp/1 T_18.140, 6;
    %dup/vec4;
    %pushi/vec4 141, 0, 8;
    %cmp/u;
    %jmp/1 T_18.141, 6;
    %dup/vec4;
    %pushi/vec4 142, 0, 8;
    %cmp/u;
    %jmp/1 T_18.142, 6;
    %dup/vec4;
    %pushi/vec4 143, 0, 8;
    %cmp/u;
    %jmp/1 T_18.143, 6;
    %dup/vec4;
    %pushi/vec4 144, 0, 8;
    %cmp/u;
    %jmp/1 T_18.144, 6;
    %dup/vec4;
    %pushi/vec4 145, 0, 8;
    %cmp/u;
    %jmp/1 T_18.145, 6;
    %dup/vec4;
    %pushi/vec4 146, 0, 8;
    %cmp/u;
    %jmp/1 T_18.146, 6;
    %dup/vec4;
    %pushi/vec4 147, 0, 8;
    %cmp/u;
    %jmp/1 T_18.147, 6;
    %dup/vec4;
    %pushi/vec4 148, 0, 8;
    %cmp/u;
    %jmp/1 T_18.148, 6;
    %dup/vec4;
    %pushi/vec4 149, 0, 8;
    %cmp/u;
    %jmp/1 T_18.149, 6;
    %dup/vec4;
    %pushi/vec4 150, 0, 8;
    %cmp/u;
    %jmp/1 T_18.150, 6;
    %dup/vec4;
    %pushi/vec4 151, 0, 8;
    %cmp/u;
    %jmp/1 T_18.151, 6;
    %dup/vec4;
    %pushi/vec4 152, 0, 8;
    %cmp/u;
    %jmp/1 T_18.152, 6;
    %dup/vec4;
    %pushi/vec4 153, 0, 8;
    %cmp/u;
    %jmp/1 T_18.153, 6;
    %dup/vec4;
    %pushi/vec4 154, 0, 8;
    %cmp/u;
    %jmp/1 T_18.154, 6;
    %dup/vec4;
    %pushi/vec4 155, 0, 8;
    %cmp/u;
    %jmp/1 T_18.155, 6;
    %dup/vec4;
    %pushi/vec4 156, 0, 8;
    %cmp/u;
    %jmp/1 T_18.156, 6;
    %dup/vec4;
    %pushi/vec4 157, 0, 8;
    %cmp/u;
    %jmp/1 T_18.157, 6;
    %dup/vec4;
    %pushi/vec4 158, 0, 8;
    %cmp/u;
    %jmp/1 T_18.158, 6;
    %dup/vec4;
    %pushi/vec4 159, 0, 8;
    %cmp/u;
    %jmp/1 T_18.159, 6;
    %dup/vec4;
    %pushi/vec4 160, 0, 8;
    %cmp/u;
    %jmp/1 T_18.160, 6;
    %dup/vec4;
    %pushi/vec4 161, 0, 8;
    %cmp/u;
    %jmp/1 T_18.161, 6;
    %dup/vec4;
    %pushi/vec4 162, 0, 8;
    %cmp/u;
    %jmp/1 T_18.162, 6;
    %dup/vec4;
    %pushi/vec4 163, 0, 8;
    %cmp/u;
    %jmp/1 T_18.163, 6;
    %dup/vec4;
    %pushi/vec4 164, 0, 8;
    %cmp/u;
    %jmp/1 T_18.164, 6;
    %dup/vec4;
    %pushi/vec4 165, 0, 8;
    %cmp/u;
    %jmp/1 T_18.165, 6;
    %dup/vec4;
    %pushi/vec4 166, 0, 8;
    %cmp/u;
    %jmp/1 T_18.166, 6;
    %dup/vec4;
    %pushi/vec4 167, 0, 8;
    %cmp/u;
    %jmp/1 T_18.167, 6;
    %dup/vec4;
    %pushi/vec4 168, 0, 8;
    %cmp/u;
    %jmp/1 T_18.168, 6;
    %dup/vec4;
    %pushi/vec4 169, 0, 8;
    %cmp/u;
    %jmp/1 T_18.169, 6;
    %dup/vec4;
    %pushi/vec4 170, 0, 8;
    %cmp/u;
    %jmp/1 T_18.170, 6;
    %dup/vec4;
    %pushi/vec4 171, 0, 8;
    %cmp/u;
    %jmp/1 T_18.171, 6;
    %dup/vec4;
    %pushi/vec4 172, 0, 8;
    %cmp/u;
    %jmp/1 T_18.172, 6;
    %dup/vec4;
    %pushi/vec4 173, 0, 8;
    %cmp/u;
    %jmp/1 T_18.173, 6;
    %dup/vec4;
    %pushi/vec4 174, 0, 8;
    %cmp/u;
    %jmp/1 T_18.174, 6;
    %dup/vec4;
    %pushi/vec4 175, 0, 8;
    %cmp/u;
    %jmp/1 T_18.175, 6;
    %dup/vec4;
    %pushi/vec4 176, 0, 8;
    %cmp/u;
    %jmp/1 T_18.176, 6;
    %dup/vec4;
    %pushi/vec4 177, 0, 8;
    %cmp/u;
    %jmp/1 T_18.177, 6;
    %dup/vec4;
    %pushi/vec4 178, 0, 8;
    %cmp/u;
    %jmp/1 T_18.178, 6;
    %dup/vec4;
    %pushi/vec4 179, 0, 8;
    %cmp/u;
    %jmp/1 T_18.179, 6;
    %dup/vec4;
    %pushi/vec4 180, 0, 8;
    %cmp/u;
    %jmp/1 T_18.180, 6;
    %dup/vec4;
    %pushi/vec4 181, 0, 8;
    %cmp/u;
    %jmp/1 T_18.181, 6;
    %dup/vec4;
    %pushi/vec4 182, 0, 8;
    %cmp/u;
    %jmp/1 T_18.182, 6;
    %dup/vec4;
    %pushi/vec4 183, 0, 8;
    %cmp/u;
    %jmp/1 T_18.183, 6;
    %dup/vec4;
    %pushi/vec4 184, 0, 8;
    %cmp/u;
    %jmp/1 T_18.184, 6;
    %dup/vec4;
    %pushi/vec4 185, 0, 8;
    %cmp/u;
    %jmp/1 T_18.185, 6;
    %dup/vec4;
    %pushi/vec4 186, 0, 8;
    %cmp/u;
    %jmp/1 T_18.186, 6;
    %dup/vec4;
    %pushi/vec4 187, 0, 8;
    %cmp/u;
    %jmp/1 T_18.187, 6;
    %dup/vec4;
    %pushi/vec4 188, 0, 8;
    %cmp/u;
    %jmp/1 T_18.188, 6;
    %dup/vec4;
    %pushi/vec4 189, 0, 8;
    %cmp/u;
    %jmp/1 T_18.189, 6;
    %dup/vec4;
    %pushi/vec4 190, 0, 8;
    %cmp/u;
    %jmp/1 T_18.190, 6;
    %dup/vec4;
    %pushi/vec4 191, 0, 8;
    %cmp/u;
    %jmp/1 T_18.191, 6;
    %dup/vec4;
    %pushi/vec4 192, 0, 8;
    %cmp/u;
    %jmp/1 T_18.192, 6;
    %dup/vec4;
    %pushi/vec4 193, 0, 8;
    %cmp/u;
    %jmp/1 T_18.193, 6;
    %dup/vec4;
    %pushi/vec4 194, 0, 8;
    %cmp/u;
    %jmp/1 T_18.194, 6;
    %dup/vec4;
    %pushi/vec4 195, 0, 8;
    %cmp/u;
    %jmp/1 T_18.195, 6;
    %dup/vec4;
    %pushi/vec4 196, 0, 8;
    %cmp/u;
    %jmp/1 T_18.196, 6;
    %dup/vec4;
    %pushi/vec4 197, 0, 8;
    %cmp/u;
    %jmp/1 T_18.197, 6;
    %dup/vec4;
    %pushi/vec4 198, 0, 8;
    %cmp/u;
    %jmp/1 T_18.198, 6;
    %dup/vec4;
    %pushi/vec4 199, 0, 8;
    %cmp/u;
    %jmp/1 T_18.199, 6;
    %dup/vec4;
    %pushi/vec4 200, 0, 8;
    %cmp/u;
    %jmp/1 T_18.200, 6;
    %dup/vec4;
    %pushi/vec4 201, 0, 8;
    %cmp/u;
    %jmp/1 T_18.201, 6;
    %dup/vec4;
    %pushi/vec4 202, 0, 8;
    %cmp/u;
    %jmp/1 T_18.202, 6;
    %dup/vec4;
    %pushi/vec4 203, 0, 8;
    %cmp/u;
    %jmp/1 T_18.203, 6;
    %dup/vec4;
    %pushi/vec4 204, 0, 8;
    %cmp/u;
    %jmp/1 T_18.204, 6;
    %dup/vec4;
    %pushi/vec4 205, 0, 8;
    %cmp/u;
    %jmp/1 T_18.205, 6;
    %dup/vec4;
    %pushi/vec4 206, 0, 8;
    %cmp/u;
    %jmp/1 T_18.206, 6;
    %dup/vec4;
    %pushi/vec4 207, 0, 8;
    %cmp/u;
    %jmp/1 T_18.207, 6;
    %dup/vec4;
    %pushi/vec4 208, 0, 8;
    %cmp/u;
    %jmp/1 T_18.208, 6;
    %dup/vec4;
    %pushi/vec4 209, 0, 8;
    %cmp/u;
    %jmp/1 T_18.209, 6;
    %dup/vec4;
    %pushi/vec4 210, 0, 8;
    %cmp/u;
    %jmp/1 T_18.210, 6;
    %dup/vec4;
    %pushi/vec4 211, 0, 8;
    %cmp/u;
    %jmp/1 T_18.211, 6;
    %dup/vec4;
    %pushi/vec4 212, 0, 8;
    %cmp/u;
    %jmp/1 T_18.212, 6;
    %dup/vec4;
    %pushi/vec4 213, 0, 8;
    %cmp/u;
    %jmp/1 T_18.213, 6;
    %dup/vec4;
    %pushi/vec4 214, 0, 8;
    %cmp/u;
    %jmp/1 T_18.214, 6;
    %dup/vec4;
    %pushi/vec4 215, 0, 8;
    %cmp/u;
    %jmp/1 T_18.215, 6;
    %dup/vec4;
    %pushi/vec4 216, 0, 8;
    %cmp/u;
    %jmp/1 T_18.216, 6;
    %dup/vec4;
    %pushi/vec4 217, 0, 8;
    %cmp/u;
    %jmp/1 T_18.217, 6;
    %dup/vec4;
    %pushi/vec4 218, 0, 8;
    %cmp/u;
    %jmp/1 T_18.218, 6;
    %dup/vec4;
    %pushi/vec4 219, 0, 8;
    %cmp/u;
    %jmp/1 T_18.219, 6;
    %dup/vec4;
    %pushi/vec4 220, 0, 8;
    %cmp/u;
    %jmp/1 T_18.220, 6;
    %dup/vec4;
    %pushi/vec4 221, 0, 8;
    %cmp/u;
    %jmp/1 T_18.221, 6;
    %dup/vec4;
    %pushi/vec4 222, 0, 8;
    %cmp/u;
    %jmp/1 T_18.222, 6;
    %dup/vec4;
    %pushi/vec4 223, 0, 8;
    %cmp/u;
    %jmp/1 T_18.223, 6;
    %dup/vec4;
    %pushi/vec4 224, 0, 8;
    %cmp/u;
    %jmp/1 T_18.224, 6;
    %dup/vec4;
    %pushi/vec4 225, 0, 8;
    %cmp/u;
    %jmp/1 T_18.225, 6;
    %dup/vec4;
    %pushi/vec4 226, 0, 8;
    %cmp/u;
    %jmp/1 T_18.226, 6;
    %dup/vec4;
    %pushi/vec4 227, 0, 8;
    %cmp/u;
    %jmp/1 T_18.227, 6;
    %dup/vec4;
    %pushi/vec4 228, 0, 8;
    %cmp/u;
    %jmp/1 T_18.228, 6;
    %dup/vec4;
    %pushi/vec4 229, 0, 8;
    %cmp/u;
    %jmp/1 T_18.229, 6;
    %dup/vec4;
    %pushi/vec4 230, 0, 8;
    %cmp/u;
    %jmp/1 T_18.230, 6;
    %dup/vec4;
    %pushi/vec4 231, 0, 8;
    %cmp/u;
    %jmp/1 T_18.231, 6;
    %dup/vec4;
    %pushi/vec4 232, 0, 8;
    %cmp/u;
    %jmp/1 T_18.232, 6;
    %dup/vec4;
    %pushi/vec4 233, 0, 8;
    %cmp/u;
    %jmp/1 T_18.233, 6;
    %dup/vec4;
    %pushi/vec4 234, 0, 8;
    %cmp/u;
    %jmp/1 T_18.234, 6;
    %dup/vec4;
    %pushi/vec4 235, 0, 8;
    %cmp/u;
    %jmp/1 T_18.235, 6;
    %dup/vec4;
    %pushi/vec4 236, 0, 8;
    %cmp/u;
    %jmp/1 T_18.236, 6;
    %dup/vec4;
    %pushi/vec4 237, 0, 8;
    %cmp/u;
    %jmp/1 T_18.237, 6;
    %dup/vec4;
    %pushi/vec4 238, 0, 8;
    %cmp/u;
    %jmp/1 T_18.238, 6;
    %dup/vec4;
    %pushi/vec4 239, 0, 8;
    %cmp/u;
    %jmp/1 T_18.239, 6;
    %dup/vec4;
    %pushi/vec4 240, 0, 8;
    %cmp/u;
    %jmp/1 T_18.240, 6;
    %dup/vec4;
    %pushi/vec4 241, 0, 8;
    %cmp/u;
    %jmp/1 T_18.241, 6;
    %dup/vec4;
    %pushi/vec4 242, 0, 8;
    %cmp/u;
    %jmp/1 T_18.242, 6;
    %dup/vec4;
    %pushi/vec4 243, 0, 8;
    %cmp/u;
    %jmp/1 T_18.243, 6;
    %dup/vec4;
    %pushi/vec4 244, 0, 8;
    %cmp/u;
    %jmp/1 T_18.244, 6;
    %dup/vec4;
    %pushi/vec4 245, 0, 8;
    %cmp/u;
    %jmp/1 T_18.245, 6;
    %dup/vec4;
    %pushi/vec4 246, 0, 8;
    %cmp/u;
    %jmp/1 T_18.246, 6;
    %dup/vec4;
    %pushi/vec4 247, 0, 8;
    %cmp/u;
    %jmp/1 T_18.247, 6;
    %dup/vec4;
    %pushi/vec4 248, 0, 8;
    %cmp/u;
    %jmp/1 T_18.248, 6;
    %dup/vec4;
    %pushi/vec4 249, 0, 8;
    %cmp/u;
    %jmp/1 T_18.249, 6;
    %dup/vec4;
    %pushi/vec4 250, 0, 8;
    %cmp/u;
    %jmp/1 T_18.250, 6;
    %dup/vec4;
    %pushi/vec4 251, 0, 8;
    %cmp/u;
    %jmp/1 T_18.251, 6;
    %dup/vec4;
    %pushi/vec4 252, 0, 8;
    %cmp/u;
    %jmp/1 T_18.252, 6;
    %dup/vec4;
    %pushi/vec4 253, 0, 8;
    %cmp/u;
    %jmp/1 T_18.253, 6;
    %dup/vec4;
    %pushi/vec4 254, 0, 8;
    %cmp/u;
    %jmp/1 T_18.254, 6;
    %dup/vec4;
    %pushi/vec4 255, 0, 8;
    %cmp/u;
    %jmp/1 T_18.255, 6;
    %jmp T_18.256;
T_18.0 ;
    %pushi/vec4 99, 0, 8;
    %store/vec4 v000001f3eeb3c990_0, 0, 8;
    %jmp T_18.256;
T_18.1 ;
    %pushi/vec4 124, 0, 8;
    %store/vec4 v000001f3eeb3c990_0, 0, 8;
    %jmp T_18.256;
T_18.2 ;
    %pushi/vec4 119, 0, 8;
    %store/vec4 v000001f3eeb3c990_0, 0, 8;
    %jmp T_18.256;
T_18.3 ;
    %pushi/vec4 123, 0, 8;
    %store/vec4 v000001f3eeb3c990_0, 0, 8;
    %jmp T_18.256;
T_18.4 ;
    %pushi/vec4 242, 0, 8;
    %store/vec4 v000001f3eeb3c990_0, 0, 8;
    %jmp T_18.256;
T_18.5 ;
    %pushi/vec4 107, 0, 8;
    %store/vec4 v000001f3eeb3c990_0, 0, 8;
    %jmp T_18.256;
T_18.6 ;
    %pushi/vec4 111, 0, 8;
    %store/vec4 v000001f3eeb3c990_0, 0, 8;
    %jmp T_18.256;
T_18.7 ;
    %pushi/vec4 197, 0, 8;
    %store/vec4 v000001f3eeb3c990_0, 0, 8;
    %jmp T_18.256;
T_18.8 ;
    %pushi/vec4 48, 0, 8;
    %store/vec4 v000001f3eeb3c990_0, 0, 8;
    %jmp T_18.256;
T_18.9 ;
    %pushi/vec4 1, 0, 8;
    %store/vec4 v000001f3eeb3c990_0, 0, 8;
    %jmp T_18.256;
T_18.10 ;
    %pushi/vec4 103, 0, 8;
    %store/vec4 v000001f3eeb3c990_0, 0, 8;
    %jmp T_18.256;
T_18.11 ;
    %pushi/vec4 43, 0, 8;
    %store/vec4 v000001f3eeb3c990_0, 0, 8;
    %jmp T_18.256;
T_18.12 ;
    %pushi/vec4 254, 0, 8;
    %store/vec4 v000001f3eeb3c990_0, 0, 8;
    %jmp T_18.256;
T_18.13 ;
    %pushi/vec4 215, 0, 8;
    %store/vec4 v000001f3eeb3c990_0, 0, 8;
    %jmp T_18.256;
T_18.14 ;
    %pushi/vec4 171, 0, 8;
    %store/vec4 v000001f3eeb3c990_0, 0, 8;
    %jmp T_18.256;
T_18.15 ;
    %pushi/vec4 118, 0, 8;
    %store/vec4 v000001f3eeb3c990_0, 0, 8;
    %jmp T_18.256;
T_18.16 ;
    %pushi/vec4 202, 0, 8;
    %store/vec4 v000001f3eeb3c990_0, 0, 8;
    %jmp T_18.256;
T_18.17 ;
    %pushi/vec4 130, 0, 8;
    %store/vec4 v000001f3eeb3c990_0, 0, 8;
    %jmp T_18.256;
T_18.18 ;
    %pushi/vec4 201, 0, 8;
    %store/vec4 v000001f3eeb3c990_0, 0, 8;
    %jmp T_18.256;
T_18.19 ;
    %pushi/vec4 125, 0, 8;
    %store/vec4 v000001f3eeb3c990_0, 0, 8;
    %jmp T_18.256;
T_18.20 ;
    %pushi/vec4 250, 0, 8;
    %store/vec4 v000001f3eeb3c990_0, 0, 8;
    %jmp T_18.256;
T_18.21 ;
    %pushi/vec4 89, 0, 8;
    %store/vec4 v000001f3eeb3c990_0, 0, 8;
    %jmp T_18.256;
T_18.22 ;
    %pushi/vec4 71, 0, 8;
    %store/vec4 v000001f3eeb3c990_0, 0, 8;
    %jmp T_18.256;
T_18.23 ;
    %pushi/vec4 240, 0, 8;
    %store/vec4 v000001f3eeb3c990_0, 0, 8;
    %jmp T_18.256;
T_18.24 ;
    %pushi/vec4 173, 0, 8;
    %store/vec4 v000001f3eeb3c990_0, 0, 8;
    %jmp T_18.256;
T_18.25 ;
    %pushi/vec4 212, 0, 8;
    %store/vec4 v000001f3eeb3c990_0, 0, 8;
    %jmp T_18.256;
T_18.26 ;
    %pushi/vec4 162, 0, 8;
    %store/vec4 v000001f3eeb3c990_0, 0, 8;
    %jmp T_18.256;
T_18.27 ;
    %pushi/vec4 175, 0, 8;
    %store/vec4 v000001f3eeb3c990_0, 0, 8;
    %jmp T_18.256;
T_18.28 ;
    %pushi/vec4 156, 0, 8;
    %store/vec4 v000001f3eeb3c990_0, 0, 8;
    %jmp T_18.256;
T_18.29 ;
    %pushi/vec4 164, 0, 8;
    %store/vec4 v000001f3eeb3c990_0, 0, 8;
    %jmp T_18.256;
T_18.30 ;
    %pushi/vec4 114, 0, 8;
    %store/vec4 v000001f3eeb3c990_0, 0, 8;
    %jmp T_18.256;
T_18.31 ;
    %pushi/vec4 192, 0, 8;
    %store/vec4 v000001f3eeb3c990_0, 0, 8;
    %jmp T_18.256;
T_18.32 ;
    %pushi/vec4 183, 0, 8;
    %store/vec4 v000001f3eeb3c990_0, 0, 8;
    %jmp T_18.256;
T_18.33 ;
    %pushi/vec4 253, 0, 8;
    %store/vec4 v000001f3eeb3c990_0, 0, 8;
    %jmp T_18.256;
T_18.34 ;
    %pushi/vec4 147, 0, 8;
    %store/vec4 v000001f3eeb3c990_0, 0, 8;
    %jmp T_18.256;
T_18.35 ;
    %pushi/vec4 38, 0, 8;
    %store/vec4 v000001f3eeb3c990_0, 0, 8;
    %jmp T_18.256;
T_18.36 ;
    %pushi/vec4 54, 0, 8;
    %store/vec4 v000001f3eeb3c990_0, 0, 8;
    %jmp T_18.256;
T_18.37 ;
    %pushi/vec4 63, 0, 8;
    %store/vec4 v000001f3eeb3c990_0, 0, 8;
    %jmp T_18.256;
T_18.38 ;
    %pushi/vec4 247, 0, 8;
    %store/vec4 v000001f3eeb3c990_0, 0, 8;
    %jmp T_18.256;
T_18.39 ;
    %pushi/vec4 204, 0, 8;
    %store/vec4 v000001f3eeb3c990_0, 0, 8;
    %jmp T_18.256;
T_18.40 ;
    %pushi/vec4 52, 0, 8;
    %store/vec4 v000001f3eeb3c990_0, 0, 8;
    %jmp T_18.256;
T_18.41 ;
    %pushi/vec4 165, 0, 8;
    %store/vec4 v000001f3eeb3c990_0, 0, 8;
    %jmp T_18.256;
T_18.42 ;
    %pushi/vec4 229, 0, 8;
    %store/vec4 v000001f3eeb3c990_0, 0, 8;
    %jmp T_18.256;
T_18.43 ;
    %pushi/vec4 241, 0, 8;
    %store/vec4 v000001f3eeb3c990_0, 0, 8;
    %jmp T_18.256;
T_18.44 ;
    %pushi/vec4 113, 0, 8;
    %store/vec4 v000001f3eeb3c990_0, 0, 8;
    %jmp T_18.256;
T_18.45 ;
    %pushi/vec4 216, 0, 8;
    %store/vec4 v000001f3eeb3c990_0, 0, 8;
    %jmp T_18.256;
T_18.46 ;
    %pushi/vec4 49, 0, 8;
    %store/vec4 v000001f3eeb3c990_0, 0, 8;
    %jmp T_18.256;
T_18.47 ;
    %pushi/vec4 21, 0, 8;
    %store/vec4 v000001f3eeb3c990_0, 0, 8;
    %jmp T_18.256;
T_18.48 ;
    %pushi/vec4 4, 0, 8;
    %store/vec4 v000001f3eeb3c990_0, 0, 8;
    %jmp T_18.256;
T_18.49 ;
    %pushi/vec4 199, 0, 8;
    %store/vec4 v000001f3eeb3c990_0, 0, 8;
    %jmp T_18.256;
T_18.50 ;
    %pushi/vec4 35, 0, 8;
    %store/vec4 v000001f3eeb3c990_0, 0, 8;
    %jmp T_18.256;
T_18.51 ;
    %pushi/vec4 195, 0, 8;
    %store/vec4 v000001f3eeb3c990_0, 0, 8;
    %jmp T_18.256;
T_18.52 ;
    %pushi/vec4 24, 0, 8;
    %store/vec4 v000001f3eeb3c990_0, 0, 8;
    %jmp T_18.256;
T_18.53 ;
    %pushi/vec4 150, 0, 8;
    %store/vec4 v000001f3eeb3c990_0, 0, 8;
    %jmp T_18.256;
T_18.54 ;
    %pushi/vec4 5, 0, 8;
    %store/vec4 v000001f3eeb3c990_0, 0, 8;
    %jmp T_18.256;
T_18.55 ;
    %pushi/vec4 154, 0, 8;
    %store/vec4 v000001f3eeb3c990_0, 0, 8;
    %jmp T_18.256;
T_18.56 ;
    %pushi/vec4 7, 0, 8;
    %store/vec4 v000001f3eeb3c990_0, 0, 8;
    %jmp T_18.256;
T_18.57 ;
    %pushi/vec4 18, 0, 8;
    %store/vec4 v000001f3eeb3c990_0, 0, 8;
    %jmp T_18.256;
T_18.58 ;
    %pushi/vec4 128, 0, 8;
    %store/vec4 v000001f3eeb3c990_0, 0, 8;
    %jmp T_18.256;
T_18.59 ;
    %pushi/vec4 226, 0, 8;
    %store/vec4 v000001f3eeb3c990_0, 0, 8;
    %jmp T_18.256;
T_18.60 ;
    %pushi/vec4 235, 0, 8;
    %store/vec4 v000001f3eeb3c990_0, 0, 8;
    %jmp T_18.256;
T_18.61 ;
    %pushi/vec4 39, 0, 8;
    %store/vec4 v000001f3eeb3c990_0, 0, 8;
    %jmp T_18.256;
T_18.62 ;
    %pushi/vec4 178, 0, 8;
    %store/vec4 v000001f3eeb3c990_0, 0, 8;
    %jmp T_18.256;
T_18.63 ;
    %pushi/vec4 117, 0, 8;
    %store/vec4 v000001f3eeb3c990_0, 0, 8;
    %jmp T_18.256;
T_18.64 ;
    %pushi/vec4 9, 0, 8;
    %store/vec4 v000001f3eeb3c990_0, 0, 8;
    %jmp T_18.256;
T_18.65 ;
    %pushi/vec4 131, 0, 8;
    %store/vec4 v000001f3eeb3c990_0, 0, 8;
    %jmp T_18.256;
T_18.66 ;
    %pushi/vec4 44, 0, 8;
    %store/vec4 v000001f3eeb3c990_0, 0, 8;
    %jmp T_18.256;
T_18.67 ;
    %pushi/vec4 26, 0, 8;
    %store/vec4 v000001f3eeb3c990_0, 0, 8;
    %jmp T_18.256;
T_18.68 ;
    %pushi/vec4 27, 0, 8;
    %store/vec4 v000001f3eeb3c990_0, 0, 8;
    %jmp T_18.256;
T_18.69 ;
    %pushi/vec4 110, 0, 8;
    %store/vec4 v000001f3eeb3c990_0, 0, 8;
    %jmp T_18.256;
T_18.70 ;
    %pushi/vec4 90, 0, 8;
    %store/vec4 v000001f3eeb3c990_0, 0, 8;
    %jmp T_18.256;
T_18.71 ;
    %pushi/vec4 160, 0, 8;
    %store/vec4 v000001f3eeb3c990_0, 0, 8;
    %jmp T_18.256;
T_18.72 ;
    %pushi/vec4 82, 0, 8;
    %store/vec4 v000001f3eeb3c990_0, 0, 8;
    %jmp T_18.256;
T_18.73 ;
    %pushi/vec4 59, 0, 8;
    %store/vec4 v000001f3eeb3c990_0, 0, 8;
    %jmp T_18.256;
T_18.74 ;
    %pushi/vec4 214, 0, 8;
    %store/vec4 v000001f3eeb3c990_0, 0, 8;
    %jmp T_18.256;
T_18.75 ;
    %pushi/vec4 179, 0, 8;
    %store/vec4 v000001f3eeb3c990_0, 0, 8;
    %jmp T_18.256;
T_18.76 ;
    %pushi/vec4 41, 0, 8;
    %store/vec4 v000001f3eeb3c990_0, 0, 8;
    %jmp T_18.256;
T_18.77 ;
    %pushi/vec4 227, 0, 8;
    %store/vec4 v000001f3eeb3c990_0, 0, 8;
    %jmp T_18.256;
T_18.78 ;
    %pushi/vec4 47, 0, 8;
    %store/vec4 v000001f3eeb3c990_0, 0, 8;
    %jmp T_18.256;
T_18.79 ;
    %pushi/vec4 132, 0, 8;
    %store/vec4 v000001f3eeb3c990_0, 0, 8;
    %jmp T_18.256;
T_18.80 ;
    %pushi/vec4 83, 0, 8;
    %store/vec4 v000001f3eeb3c990_0, 0, 8;
    %jmp T_18.256;
T_18.81 ;
    %pushi/vec4 209, 0, 8;
    %store/vec4 v000001f3eeb3c990_0, 0, 8;
    %jmp T_18.256;
T_18.82 ;
    %pushi/vec4 0, 0, 8;
    %store/vec4 v000001f3eeb3c990_0, 0, 8;
    %jmp T_18.256;
T_18.83 ;
    %pushi/vec4 237, 0, 8;
    %store/vec4 v000001f3eeb3c990_0, 0, 8;
    %jmp T_18.256;
T_18.84 ;
    %pushi/vec4 32, 0, 8;
    %store/vec4 v000001f3eeb3c990_0, 0, 8;
    %jmp T_18.256;
T_18.85 ;
    %pushi/vec4 252, 0, 8;
    %store/vec4 v000001f3eeb3c990_0, 0, 8;
    %jmp T_18.256;
T_18.86 ;
    %pushi/vec4 177, 0, 8;
    %store/vec4 v000001f3eeb3c990_0, 0, 8;
    %jmp T_18.256;
T_18.87 ;
    %pushi/vec4 91, 0, 8;
    %store/vec4 v000001f3eeb3c990_0, 0, 8;
    %jmp T_18.256;
T_18.88 ;
    %pushi/vec4 106, 0, 8;
    %store/vec4 v000001f3eeb3c990_0, 0, 8;
    %jmp T_18.256;
T_18.89 ;
    %pushi/vec4 203, 0, 8;
    %store/vec4 v000001f3eeb3c990_0, 0, 8;
    %jmp T_18.256;
T_18.90 ;
    %pushi/vec4 190, 0, 8;
    %store/vec4 v000001f3eeb3c990_0, 0, 8;
    %jmp T_18.256;
T_18.91 ;
    %pushi/vec4 57, 0, 8;
    %store/vec4 v000001f3eeb3c990_0, 0, 8;
    %jmp T_18.256;
T_18.92 ;
    %pushi/vec4 74, 0, 8;
    %store/vec4 v000001f3eeb3c990_0, 0, 8;
    %jmp T_18.256;
T_18.93 ;
    %pushi/vec4 76, 0, 8;
    %store/vec4 v000001f3eeb3c990_0, 0, 8;
    %jmp T_18.256;
T_18.94 ;
    %pushi/vec4 88, 0, 8;
    %store/vec4 v000001f3eeb3c990_0, 0, 8;
    %jmp T_18.256;
T_18.95 ;
    %pushi/vec4 207, 0, 8;
    %store/vec4 v000001f3eeb3c990_0, 0, 8;
    %jmp T_18.256;
T_18.96 ;
    %pushi/vec4 208, 0, 8;
    %store/vec4 v000001f3eeb3c990_0, 0, 8;
    %jmp T_18.256;
T_18.97 ;
    %pushi/vec4 239, 0, 8;
    %store/vec4 v000001f3eeb3c990_0, 0, 8;
    %jmp T_18.256;
T_18.98 ;
    %pushi/vec4 170, 0, 8;
    %store/vec4 v000001f3eeb3c990_0, 0, 8;
    %jmp T_18.256;
T_18.99 ;
    %pushi/vec4 251, 0, 8;
    %store/vec4 v000001f3eeb3c990_0, 0, 8;
    %jmp T_18.256;
T_18.100 ;
    %pushi/vec4 67, 0, 8;
    %store/vec4 v000001f3eeb3c990_0, 0, 8;
    %jmp T_18.256;
T_18.101 ;
    %pushi/vec4 77, 0, 8;
    %store/vec4 v000001f3eeb3c990_0, 0, 8;
    %jmp T_18.256;
T_18.102 ;
    %pushi/vec4 51, 0, 8;
    %store/vec4 v000001f3eeb3c990_0, 0, 8;
    %jmp T_18.256;
T_18.103 ;
    %pushi/vec4 133, 0, 8;
    %store/vec4 v000001f3eeb3c990_0, 0, 8;
    %jmp T_18.256;
T_18.104 ;
    %pushi/vec4 69, 0, 8;
    %store/vec4 v000001f3eeb3c990_0, 0, 8;
    %jmp T_18.256;
T_18.105 ;
    %pushi/vec4 249, 0, 8;
    %store/vec4 v000001f3eeb3c990_0, 0, 8;
    %jmp T_18.256;
T_18.106 ;
    %pushi/vec4 2, 0, 8;
    %store/vec4 v000001f3eeb3c990_0, 0, 8;
    %jmp T_18.256;
T_18.107 ;
    %pushi/vec4 127, 0, 8;
    %store/vec4 v000001f3eeb3c990_0, 0, 8;
    %jmp T_18.256;
T_18.108 ;
    %pushi/vec4 80, 0, 8;
    %store/vec4 v000001f3eeb3c990_0, 0, 8;
    %jmp T_18.256;
T_18.109 ;
    %pushi/vec4 60, 0, 8;
    %store/vec4 v000001f3eeb3c990_0, 0, 8;
    %jmp T_18.256;
T_18.110 ;
    %pushi/vec4 159, 0, 8;
    %store/vec4 v000001f3eeb3c990_0, 0, 8;
    %jmp T_18.256;
T_18.111 ;
    %pushi/vec4 168, 0, 8;
    %store/vec4 v000001f3eeb3c990_0, 0, 8;
    %jmp T_18.256;
T_18.112 ;
    %pushi/vec4 81, 0, 8;
    %store/vec4 v000001f3eeb3c990_0, 0, 8;
    %jmp T_18.256;
T_18.113 ;
    %pushi/vec4 163, 0, 8;
    %store/vec4 v000001f3eeb3c990_0, 0, 8;
    %jmp T_18.256;
T_18.114 ;
    %pushi/vec4 64, 0, 8;
    %store/vec4 v000001f3eeb3c990_0, 0, 8;
    %jmp T_18.256;
T_18.115 ;
    %pushi/vec4 143, 0, 8;
    %store/vec4 v000001f3eeb3c990_0, 0, 8;
    %jmp T_18.256;
T_18.116 ;
    %pushi/vec4 146, 0, 8;
    %store/vec4 v000001f3eeb3c990_0, 0, 8;
    %jmp T_18.256;
T_18.117 ;
    %pushi/vec4 157, 0, 8;
    %store/vec4 v000001f3eeb3c990_0, 0, 8;
    %jmp T_18.256;
T_18.118 ;
    %pushi/vec4 56, 0, 8;
    %store/vec4 v000001f3eeb3c990_0, 0, 8;
    %jmp T_18.256;
T_18.119 ;
    %pushi/vec4 245, 0, 8;
    %store/vec4 v000001f3eeb3c990_0, 0, 8;
    %jmp T_18.256;
T_18.120 ;
    %pushi/vec4 188, 0, 8;
    %store/vec4 v000001f3eeb3c990_0, 0, 8;
    %jmp T_18.256;
T_18.121 ;
    %pushi/vec4 182, 0, 8;
    %store/vec4 v000001f3eeb3c990_0, 0, 8;
    %jmp T_18.256;
T_18.122 ;
    %pushi/vec4 218, 0, 8;
    %store/vec4 v000001f3eeb3c990_0, 0, 8;
    %jmp T_18.256;
T_18.123 ;
    %pushi/vec4 33, 0, 8;
    %store/vec4 v000001f3eeb3c990_0, 0, 8;
    %jmp T_18.256;
T_18.124 ;
    %pushi/vec4 16, 0, 8;
    %store/vec4 v000001f3eeb3c990_0, 0, 8;
    %jmp T_18.256;
T_18.125 ;
    %pushi/vec4 255, 0, 8;
    %store/vec4 v000001f3eeb3c990_0, 0, 8;
    %jmp T_18.256;
T_18.126 ;
    %pushi/vec4 243, 0, 8;
    %store/vec4 v000001f3eeb3c990_0, 0, 8;
    %jmp T_18.256;
T_18.127 ;
    %pushi/vec4 210, 0, 8;
    %store/vec4 v000001f3eeb3c990_0, 0, 8;
    %jmp T_18.256;
T_18.128 ;
    %pushi/vec4 205, 0, 8;
    %store/vec4 v000001f3eeb3c990_0, 0, 8;
    %jmp T_18.256;
T_18.129 ;
    %pushi/vec4 12, 0, 8;
    %store/vec4 v000001f3eeb3c990_0, 0, 8;
    %jmp T_18.256;
T_18.130 ;
    %pushi/vec4 19, 0, 8;
    %store/vec4 v000001f3eeb3c990_0, 0, 8;
    %jmp T_18.256;
T_18.131 ;
    %pushi/vec4 236, 0, 8;
    %store/vec4 v000001f3eeb3c990_0, 0, 8;
    %jmp T_18.256;
T_18.132 ;
    %pushi/vec4 95, 0, 8;
    %store/vec4 v000001f3eeb3c990_0, 0, 8;
    %jmp T_18.256;
T_18.133 ;
    %pushi/vec4 151, 0, 8;
    %store/vec4 v000001f3eeb3c990_0, 0, 8;
    %jmp T_18.256;
T_18.134 ;
    %pushi/vec4 68, 0, 8;
    %store/vec4 v000001f3eeb3c990_0, 0, 8;
    %jmp T_18.256;
T_18.135 ;
    %pushi/vec4 23, 0, 8;
    %store/vec4 v000001f3eeb3c990_0, 0, 8;
    %jmp T_18.256;
T_18.136 ;
    %pushi/vec4 196, 0, 8;
    %store/vec4 v000001f3eeb3c990_0, 0, 8;
    %jmp T_18.256;
T_18.137 ;
    %pushi/vec4 167, 0, 8;
    %store/vec4 v000001f3eeb3c990_0, 0, 8;
    %jmp T_18.256;
T_18.138 ;
    %pushi/vec4 126, 0, 8;
    %store/vec4 v000001f3eeb3c990_0, 0, 8;
    %jmp T_18.256;
T_18.139 ;
    %pushi/vec4 61, 0, 8;
    %store/vec4 v000001f3eeb3c990_0, 0, 8;
    %jmp T_18.256;
T_18.140 ;
    %pushi/vec4 100, 0, 8;
    %store/vec4 v000001f3eeb3c990_0, 0, 8;
    %jmp T_18.256;
T_18.141 ;
    %pushi/vec4 93, 0, 8;
    %store/vec4 v000001f3eeb3c990_0, 0, 8;
    %jmp T_18.256;
T_18.142 ;
    %pushi/vec4 25, 0, 8;
    %store/vec4 v000001f3eeb3c990_0, 0, 8;
    %jmp T_18.256;
T_18.143 ;
    %pushi/vec4 115, 0, 8;
    %store/vec4 v000001f3eeb3c990_0, 0, 8;
    %jmp T_18.256;
T_18.144 ;
    %pushi/vec4 96, 0, 8;
    %store/vec4 v000001f3eeb3c990_0, 0, 8;
    %jmp T_18.256;
T_18.145 ;
    %pushi/vec4 129, 0, 8;
    %store/vec4 v000001f3eeb3c990_0, 0, 8;
    %jmp T_18.256;
T_18.146 ;
    %pushi/vec4 79, 0, 8;
    %store/vec4 v000001f3eeb3c990_0, 0, 8;
    %jmp T_18.256;
T_18.147 ;
    %pushi/vec4 220, 0, 8;
    %store/vec4 v000001f3eeb3c990_0, 0, 8;
    %jmp T_18.256;
T_18.148 ;
    %pushi/vec4 34, 0, 8;
    %store/vec4 v000001f3eeb3c990_0, 0, 8;
    %jmp T_18.256;
T_18.149 ;
    %pushi/vec4 42, 0, 8;
    %store/vec4 v000001f3eeb3c990_0, 0, 8;
    %jmp T_18.256;
T_18.150 ;
    %pushi/vec4 144, 0, 8;
    %store/vec4 v000001f3eeb3c990_0, 0, 8;
    %jmp T_18.256;
T_18.151 ;
    %pushi/vec4 136, 0, 8;
    %store/vec4 v000001f3eeb3c990_0, 0, 8;
    %jmp T_18.256;
T_18.152 ;
    %pushi/vec4 70, 0, 8;
    %store/vec4 v000001f3eeb3c990_0, 0, 8;
    %jmp T_18.256;
T_18.153 ;
    %pushi/vec4 238, 0, 8;
    %store/vec4 v000001f3eeb3c990_0, 0, 8;
    %jmp T_18.256;
T_18.154 ;
    %pushi/vec4 184, 0, 8;
    %store/vec4 v000001f3eeb3c990_0, 0, 8;
    %jmp T_18.256;
T_18.155 ;
    %pushi/vec4 20, 0, 8;
    %store/vec4 v000001f3eeb3c990_0, 0, 8;
    %jmp T_18.256;
T_18.156 ;
    %pushi/vec4 222, 0, 8;
    %store/vec4 v000001f3eeb3c990_0, 0, 8;
    %jmp T_18.256;
T_18.157 ;
    %pushi/vec4 94, 0, 8;
    %store/vec4 v000001f3eeb3c990_0, 0, 8;
    %jmp T_18.256;
T_18.158 ;
    %pushi/vec4 11, 0, 8;
    %store/vec4 v000001f3eeb3c990_0, 0, 8;
    %jmp T_18.256;
T_18.159 ;
    %pushi/vec4 219, 0, 8;
    %store/vec4 v000001f3eeb3c990_0, 0, 8;
    %jmp T_18.256;
T_18.160 ;
    %pushi/vec4 224, 0, 8;
    %store/vec4 v000001f3eeb3c990_0, 0, 8;
    %jmp T_18.256;
T_18.161 ;
    %pushi/vec4 50, 0, 8;
    %store/vec4 v000001f3eeb3c990_0, 0, 8;
    %jmp T_18.256;
T_18.162 ;
    %pushi/vec4 58, 0, 8;
    %store/vec4 v000001f3eeb3c990_0, 0, 8;
    %jmp T_18.256;
T_18.163 ;
    %pushi/vec4 10, 0, 8;
    %store/vec4 v000001f3eeb3c990_0, 0, 8;
    %jmp T_18.256;
T_18.164 ;
    %pushi/vec4 73, 0, 8;
    %store/vec4 v000001f3eeb3c990_0, 0, 8;
    %jmp T_18.256;
T_18.165 ;
    %pushi/vec4 6, 0, 8;
    %store/vec4 v000001f3eeb3c990_0, 0, 8;
    %jmp T_18.256;
T_18.166 ;
    %pushi/vec4 36, 0, 8;
    %store/vec4 v000001f3eeb3c990_0, 0, 8;
    %jmp T_18.256;
T_18.167 ;
    %pushi/vec4 92, 0, 8;
    %store/vec4 v000001f3eeb3c990_0, 0, 8;
    %jmp T_18.256;
T_18.168 ;
    %pushi/vec4 194, 0, 8;
    %store/vec4 v000001f3eeb3c990_0, 0, 8;
    %jmp T_18.256;
T_18.169 ;
    %pushi/vec4 211, 0, 8;
    %store/vec4 v000001f3eeb3c990_0, 0, 8;
    %jmp T_18.256;
T_18.170 ;
    %pushi/vec4 172, 0, 8;
    %store/vec4 v000001f3eeb3c990_0, 0, 8;
    %jmp T_18.256;
T_18.171 ;
    %pushi/vec4 98, 0, 8;
    %store/vec4 v000001f3eeb3c990_0, 0, 8;
    %jmp T_18.256;
T_18.172 ;
    %pushi/vec4 145, 0, 8;
    %store/vec4 v000001f3eeb3c990_0, 0, 8;
    %jmp T_18.256;
T_18.173 ;
    %pushi/vec4 149, 0, 8;
    %store/vec4 v000001f3eeb3c990_0, 0, 8;
    %jmp T_18.256;
T_18.174 ;
    %pushi/vec4 228, 0, 8;
    %store/vec4 v000001f3eeb3c990_0, 0, 8;
    %jmp T_18.256;
T_18.175 ;
    %pushi/vec4 121, 0, 8;
    %store/vec4 v000001f3eeb3c990_0, 0, 8;
    %jmp T_18.256;
T_18.176 ;
    %pushi/vec4 231, 0, 8;
    %store/vec4 v000001f3eeb3c990_0, 0, 8;
    %jmp T_18.256;
T_18.177 ;
    %pushi/vec4 200, 0, 8;
    %store/vec4 v000001f3eeb3c990_0, 0, 8;
    %jmp T_18.256;
T_18.178 ;
    %pushi/vec4 55, 0, 8;
    %store/vec4 v000001f3eeb3c990_0, 0, 8;
    %jmp T_18.256;
T_18.179 ;
    %pushi/vec4 109, 0, 8;
    %store/vec4 v000001f3eeb3c990_0, 0, 8;
    %jmp T_18.256;
T_18.180 ;
    %pushi/vec4 141, 0, 8;
    %store/vec4 v000001f3eeb3c990_0, 0, 8;
    %jmp T_18.256;
T_18.181 ;
    %pushi/vec4 213, 0, 8;
    %store/vec4 v000001f3eeb3c990_0, 0, 8;
    %jmp T_18.256;
T_18.182 ;
    %pushi/vec4 78, 0, 8;
    %store/vec4 v000001f3eeb3c990_0, 0, 8;
    %jmp T_18.256;
T_18.183 ;
    %pushi/vec4 169, 0, 8;
    %store/vec4 v000001f3eeb3c990_0, 0, 8;
    %jmp T_18.256;
T_18.184 ;
    %pushi/vec4 108, 0, 8;
    %store/vec4 v000001f3eeb3c990_0, 0, 8;
    %jmp T_18.256;
T_18.185 ;
    %pushi/vec4 86, 0, 8;
    %store/vec4 v000001f3eeb3c990_0, 0, 8;
    %jmp T_18.256;
T_18.186 ;
    %pushi/vec4 244, 0, 8;
    %store/vec4 v000001f3eeb3c990_0, 0, 8;
    %jmp T_18.256;
T_18.187 ;
    %pushi/vec4 234, 0, 8;
    %store/vec4 v000001f3eeb3c990_0, 0, 8;
    %jmp T_18.256;
T_18.188 ;
    %pushi/vec4 101, 0, 8;
    %store/vec4 v000001f3eeb3c990_0, 0, 8;
    %jmp T_18.256;
T_18.189 ;
    %pushi/vec4 122, 0, 8;
    %store/vec4 v000001f3eeb3c990_0, 0, 8;
    %jmp T_18.256;
T_18.190 ;
    %pushi/vec4 174, 0, 8;
    %store/vec4 v000001f3eeb3c990_0, 0, 8;
    %jmp T_18.256;
T_18.191 ;
    %pushi/vec4 8, 0, 8;
    %store/vec4 v000001f3eeb3c990_0, 0, 8;
    %jmp T_18.256;
T_18.192 ;
    %pushi/vec4 186, 0, 8;
    %store/vec4 v000001f3eeb3c990_0, 0, 8;
    %jmp T_18.256;
T_18.193 ;
    %pushi/vec4 120, 0, 8;
    %store/vec4 v000001f3eeb3c990_0, 0, 8;
    %jmp T_18.256;
T_18.194 ;
    %pushi/vec4 37, 0, 8;
    %store/vec4 v000001f3eeb3c990_0, 0, 8;
    %jmp T_18.256;
T_18.195 ;
    %pushi/vec4 46, 0, 8;
    %store/vec4 v000001f3eeb3c990_0, 0, 8;
    %jmp T_18.256;
T_18.196 ;
    %pushi/vec4 28, 0, 8;
    %store/vec4 v000001f3eeb3c990_0, 0, 8;
    %jmp T_18.256;
T_18.197 ;
    %pushi/vec4 166, 0, 8;
    %store/vec4 v000001f3eeb3c990_0, 0, 8;
    %jmp T_18.256;
T_18.198 ;
    %pushi/vec4 180, 0, 8;
    %store/vec4 v000001f3eeb3c990_0, 0, 8;
    %jmp T_18.256;
T_18.199 ;
    %pushi/vec4 198, 0, 8;
    %store/vec4 v000001f3eeb3c990_0, 0, 8;
    %jmp T_18.256;
T_18.200 ;
    %pushi/vec4 232, 0, 8;
    %store/vec4 v000001f3eeb3c990_0, 0, 8;
    %jmp T_18.256;
T_18.201 ;
    %pushi/vec4 221, 0, 8;
    %store/vec4 v000001f3eeb3c990_0, 0, 8;
    %jmp T_18.256;
T_18.202 ;
    %pushi/vec4 116, 0, 8;
    %store/vec4 v000001f3eeb3c990_0, 0, 8;
    %jmp T_18.256;
T_18.203 ;
    %pushi/vec4 31, 0, 8;
    %store/vec4 v000001f3eeb3c990_0, 0, 8;
    %jmp T_18.256;
T_18.204 ;
    %pushi/vec4 75, 0, 8;
    %store/vec4 v000001f3eeb3c990_0, 0, 8;
    %jmp T_18.256;
T_18.205 ;
    %pushi/vec4 189, 0, 8;
    %store/vec4 v000001f3eeb3c990_0, 0, 8;
    %jmp T_18.256;
T_18.206 ;
    %pushi/vec4 139, 0, 8;
    %store/vec4 v000001f3eeb3c990_0, 0, 8;
    %jmp T_18.256;
T_18.207 ;
    %pushi/vec4 138, 0, 8;
    %store/vec4 v000001f3eeb3c990_0, 0, 8;
    %jmp T_18.256;
T_18.208 ;
    %pushi/vec4 112, 0, 8;
    %store/vec4 v000001f3eeb3c990_0, 0, 8;
    %jmp T_18.256;
T_18.209 ;
    %pushi/vec4 62, 0, 8;
    %store/vec4 v000001f3eeb3c990_0, 0, 8;
    %jmp T_18.256;
T_18.210 ;
    %pushi/vec4 181, 0, 8;
    %store/vec4 v000001f3eeb3c990_0, 0, 8;
    %jmp T_18.256;
T_18.211 ;
    %pushi/vec4 102, 0, 8;
    %store/vec4 v000001f3eeb3c990_0, 0, 8;
    %jmp T_18.256;
T_18.212 ;
    %pushi/vec4 72, 0, 8;
    %store/vec4 v000001f3eeb3c990_0, 0, 8;
    %jmp T_18.256;
T_18.213 ;
    %pushi/vec4 3, 0, 8;
    %store/vec4 v000001f3eeb3c990_0, 0, 8;
    %jmp T_18.256;
T_18.214 ;
    %pushi/vec4 246, 0, 8;
    %store/vec4 v000001f3eeb3c990_0, 0, 8;
    %jmp T_18.256;
T_18.215 ;
    %pushi/vec4 14, 0, 8;
    %store/vec4 v000001f3eeb3c990_0, 0, 8;
    %jmp T_18.256;
T_18.216 ;
    %pushi/vec4 97, 0, 8;
    %store/vec4 v000001f3eeb3c990_0, 0, 8;
    %jmp T_18.256;
T_18.217 ;
    %pushi/vec4 53, 0, 8;
    %store/vec4 v000001f3eeb3c990_0, 0, 8;
    %jmp T_18.256;
T_18.218 ;
    %pushi/vec4 87, 0, 8;
    %store/vec4 v000001f3eeb3c990_0, 0, 8;
    %jmp T_18.256;
T_18.219 ;
    %pushi/vec4 185, 0, 8;
    %store/vec4 v000001f3eeb3c990_0, 0, 8;
    %jmp T_18.256;
T_18.220 ;
    %pushi/vec4 134, 0, 8;
    %store/vec4 v000001f3eeb3c990_0, 0, 8;
    %jmp T_18.256;
T_18.221 ;
    %pushi/vec4 193, 0, 8;
    %store/vec4 v000001f3eeb3c990_0, 0, 8;
    %jmp T_18.256;
T_18.222 ;
    %pushi/vec4 29, 0, 8;
    %store/vec4 v000001f3eeb3c990_0, 0, 8;
    %jmp T_18.256;
T_18.223 ;
    %pushi/vec4 158, 0, 8;
    %store/vec4 v000001f3eeb3c990_0, 0, 8;
    %jmp T_18.256;
T_18.224 ;
    %pushi/vec4 225, 0, 8;
    %store/vec4 v000001f3eeb3c990_0, 0, 8;
    %jmp T_18.256;
T_18.225 ;
    %pushi/vec4 248, 0, 8;
    %store/vec4 v000001f3eeb3c990_0, 0, 8;
    %jmp T_18.256;
T_18.226 ;
    %pushi/vec4 152, 0, 8;
    %store/vec4 v000001f3eeb3c990_0, 0, 8;
    %jmp T_18.256;
T_18.227 ;
    %pushi/vec4 17, 0, 8;
    %store/vec4 v000001f3eeb3c990_0, 0, 8;
    %jmp T_18.256;
T_18.228 ;
    %pushi/vec4 105, 0, 8;
    %store/vec4 v000001f3eeb3c990_0, 0, 8;
    %jmp T_18.256;
T_18.229 ;
    %pushi/vec4 217, 0, 8;
    %store/vec4 v000001f3eeb3c990_0, 0, 8;
    %jmp T_18.256;
T_18.230 ;
    %pushi/vec4 142, 0, 8;
    %store/vec4 v000001f3eeb3c990_0, 0, 8;
    %jmp T_18.256;
T_18.231 ;
    %pushi/vec4 148, 0, 8;
    %store/vec4 v000001f3eeb3c990_0, 0, 8;
    %jmp T_18.256;
T_18.232 ;
    %pushi/vec4 155, 0, 8;
    %store/vec4 v000001f3eeb3c990_0, 0, 8;
    %jmp T_18.256;
T_18.233 ;
    %pushi/vec4 30, 0, 8;
    %store/vec4 v000001f3eeb3c990_0, 0, 8;
    %jmp T_18.256;
T_18.234 ;
    %pushi/vec4 135, 0, 8;
    %store/vec4 v000001f3eeb3c990_0, 0, 8;
    %jmp T_18.256;
T_18.235 ;
    %pushi/vec4 233, 0, 8;
    %store/vec4 v000001f3eeb3c990_0, 0, 8;
    %jmp T_18.256;
T_18.236 ;
    %pushi/vec4 206, 0, 8;
    %store/vec4 v000001f3eeb3c990_0, 0, 8;
    %jmp T_18.256;
T_18.237 ;
    %pushi/vec4 85, 0, 8;
    %store/vec4 v000001f3eeb3c990_0, 0, 8;
    %jmp T_18.256;
T_18.238 ;
    %pushi/vec4 40, 0, 8;
    %store/vec4 v000001f3eeb3c990_0, 0, 8;
    %jmp T_18.256;
T_18.239 ;
    %pushi/vec4 223, 0, 8;
    %store/vec4 v000001f3eeb3c990_0, 0, 8;
    %jmp T_18.256;
T_18.240 ;
    %pushi/vec4 140, 0, 8;
    %store/vec4 v000001f3eeb3c990_0, 0, 8;
    %jmp T_18.256;
T_18.241 ;
    %pushi/vec4 161, 0, 8;
    %store/vec4 v000001f3eeb3c990_0, 0, 8;
    %jmp T_18.256;
T_18.242 ;
    %pushi/vec4 137, 0, 8;
    %store/vec4 v000001f3eeb3c990_0, 0, 8;
    %jmp T_18.256;
T_18.243 ;
    %pushi/vec4 13, 0, 8;
    %store/vec4 v000001f3eeb3c990_0, 0, 8;
    %jmp T_18.256;
T_18.244 ;
    %pushi/vec4 191, 0, 8;
    %store/vec4 v000001f3eeb3c990_0, 0, 8;
    %jmp T_18.256;
T_18.245 ;
    %pushi/vec4 230, 0, 8;
    %store/vec4 v000001f3eeb3c990_0, 0, 8;
    %jmp T_18.256;
T_18.246 ;
    %pushi/vec4 66, 0, 8;
    %store/vec4 v000001f3eeb3c990_0, 0, 8;
    %jmp T_18.256;
T_18.247 ;
    %pushi/vec4 104, 0, 8;
    %store/vec4 v000001f3eeb3c990_0, 0, 8;
    %jmp T_18.256;
T_18.248 ;
    %pushi/vec4 65, 0, 8;
    %store/vec4 v000001f3eeb3c990_0, 0, 8;
    %jmp T_18.256;
T_18.249 ;
    %pushi/vec4 153, 0, 8;
    %store/vec4 v000001f3eeb3c990_0, 0, 8;
    %jmp T_18.256;
T_18.250 ;
    %pushi/vec4 45, 0, 8;
    %store/vec4 v000001f3eeb3c990_0, 0, 8;
    %jmp T_18.256;
T_18.251 ;
    %pushi/vec4 15, 0, 8;
    %store/vec4 v000001f3eeb3c990_0, 0, 8;
    %jmp T_18.256;
T_18.252 ;
    %pushi/vec4 176, 0, 8;
    %store/vec4 v000001f3eeb3c990_0, 0, 8;
    %jmp T_18.256;
T_18.253 ;
    %pushi/vec4 84, 0, 8;
    %store/vec4 v000001f3eeb3c990_0, 0, 8;
    %jmp T_18.256;
T_18.254 ;
    %pushi/vec4 187, 0, 8;
    %store/vec4 v000001f3eeb3c990_0, 0, 8;
    %jmp T_18.256;
T_18.255 ;
    %pushi/vec4 22, 0, 8;
    %store/vec4 v000001f3eeb3c990_0, 0, 8;
    %jmp T_18.256;
T_18.256 ;
    %pop/vec4 1;
    %jmp T_18;
    .thread T_18, $push;
    .scope S_000001f3eeb3ebd0;
T_19 ;
    %wait E_000001f3eeabf180;
    %load/vec4 v000001f3eeb3cad0_0;
    %dup/vec4;
    %pushi/vec4 0, 0, 8;
    %cmp/u;
    %jmp/1 T_19.0, 6;
    %dup/vec4;
    %pushi/vec4 1, 0, 8;
    %cmp/u;
    %jmp/1 T_19.1, 6;
    %dup/vec4;
    %pushi/vec4 2, 0, 8;
    %cmp/u;
    %jmp/1 T_19.2, 6;
    %dup/vec4;
    %pushi/vec4 3, 0, 8;
    %cmp/u;
    %jmp/1 T_19.3, 6;
    %dup/vec4;
    %pushi/vec4 4, 0, 8;
    %cmp/u;
    %jmp/1 T_19.4, 6;
    %dup/vec4;
    %pushi/vec4 5, 0, 8;
    %cmp/u;
    %jmp/1 T_19.5, 6;
    %dup/vec4;
    %pushi/vec4 6, 0, 8;
    %cmp/u;
    %jmp/1 T_19.6, 6;
    %dup/vec4;
    %pushi/vec4 7, 0, 8;
    %cmp/u;
    %jmp/1 T_19.7, 6;
    %dup/vec4;
    %pushi/vec4 8, 0, 8;
    %cmp/u;
    %jmp/1 T_19.8, 6;
    %dup/vec4;
    %pushi/vec4 9, 0, 8;
    %cmp/u;
    %jmp/1 T_19.9, 6;
    %dup/vec4;
    %pushi/vec4 10, 0, 8;
    %cmp/u;
    %jmp/1 T_19.10, 6;
    %dup/vec4;
    %pushi/vec4 11, 0, 8;
    %cmp/u;
    %jmp/1 T_19.11, 6;
    %dup/vec4;
    %pushi/vec4 12, 0, 8;
    %cmp/u;
    %jmp/1 T_19.12, 6;
    %dup/vec4;
    %pushi/vec4 13, 0, 8;
    %cmp/u;
    %jmp/1 T_19.13, 6;
    %dup/vec4;
    %pushi/vec4 14, 0, 8;
    %cmp/u;
    %jmp/1 T_19.14, 6;
    %dup/vec4;
    %pushi/vec4 15, 0, 8;
    %cmp/u;
    %jmp/1 T_19.15, 6;
    %dup/vec4;
    %pushi/vec4 16, 0, 8;
    %cmp/u;
    %jmp/1 T_19.16, 6;
    %dup/vec4;
    %pushi/vec4 17, 0, 8;
    %cmp/u;
    %jmp/1 T_19.17, 6;
    %dup/vec4;
    %pushi/vec4 18, 0, 8;
    %cmp/u;
    %jmp/1 T_19.18, 6;
    %dup/vec4;
    %pushi/vec4 19, 0, 8;
    %cmp/u;
    %jmp/1 T_19.19, 6;
    %dup/vec4;
    %pushi/vec4 20, 0, 8;
    %cmp/u;
    %jmp/1 T_19.20, 6;
    %dup/vec4;
    %pushi/vec4 21, 0, 8;
    %cmp/u;
    %jmp/1 T_19.21, 6;
    %dup/vec4;
    %pushi/vec4 22, 0, 8;
    %cmp/u;
    %jmp/1 T_19.22, 6;
    %dup/vec4;
    %pushi/vec4 23, 0, 8;
    %cmp/u;
    %jmp/1 T_19.23, 6;
    %dup/vec4;
    %pushi/vec4 24, 0, 8;
    %cmp/u;
    %jmp/1 T_19.24, 6;
    %dup/vec4;
    %pushi/vec4 25, 0, 8;
    %cmp/u;
    %jmp/1 T_19.25, 6;
    %dup/vec4;
    %pushi/vec4 26, 0, 8;
    %cmp/u;
    %jmp/1 T_19.26, 6;
    %dup/vec4;
    %pushi/vec4 27, 0, 8;
    %cmp/u;
    %jmp/1 T_19.27, 6;
    %dup/vec4;
    %pushi/vec4 28, 0, 8;
    %cmp/u;
    %jmp/1 T_19.28, 6;
    %dup/vec4;
    %pushi/vec4 29, 0, 8;
    %cmp/u;
    %jmp/1 T_19.29, 6;
    %dup/vec4;
    %pushi/vec4 30, 0, 8;
    %cmp/u;
    %jmp/1 T_19.30, 6;
    %dup/vec4;
    %pushi/vec4 31, 0, 8;
    %cmp/u;
    %jmp/1 T_19.31, 6;
    %dup/vec4;
    %pushi/vec4 32, 0, 8;
    %cmp/u;
    %jmp/1 T_19.32, 6;
    %dup/vec4;
    %pushi/vec4 33, 0, 8;
    %cmp/u;
    %jmp/1 T_19.33, 6;
    %dup/vec4;
    %pushi/vec4 34, 0, 8;
    %cmp/u;
    %jmp/1 T_19.34, 6;
    %dup/vec4;
    %pushi/vec4 35, 0, 8;
    %cmp/u;
    %jmp/1 T_19.35, 6;
    %dup/vec4;
    %pushi/vec4 36, 0, 8;
    %cmp/u;
    %jmp/1 T_19.36, 6;
    %dup/vec4;
    %pushi/vec4 37, 0, 8;
    %cmp/u;
    %jmp/1 T_19.37, 6;
    %dup/vec4;
    %pushi/vec4 38, 0, 8;
    %cmp/u;
    %jmp/1 T_19.38, 6;
    %dup/vec4;
    %pushi/vec4 39, 0, 8;
    %cmp/u;
    %jmp/1 T_19.39, 6;
    %dup/vec4;
    %pushi/vec4 40, 0, 8;
    %cmp/u;
    %jmp/1 T_19.40, 6;
    %dup/vec4;
    %pushi/vec4 41, 0, 8;
    %cmp/u;
    %jmp/1 T_19.41, 6;
    %dup/vec4;
    %pushi/vec4 42, 0, 8;
    %cmp/u;
    %jmp/1 T_19.42, 6;
    %dup/vec4;
    %pushi/vec4 43, 0, 8;
    %cmp/u;
    %jmp/1 T_19.43, 6;
    %dup/vec4;
    %pushi/vec4 44, 0, 8;
    %cmp/u;
    %jmp/1 T_19.44, 6;
    %dup/vec4;
    %pushi/vec4 45, 0, 8;
    %cmp/u;
    %jmp/1 T_19.45, 6;
    %dup/vec4;
    %pushi/vec4 46, 0, 8;
    %cmp/u;
    %jmp/1 T_19.46, 6;
    %dup/vec4;
    %pushi/vec4 47, 0, 8;
    %cmp/u;
    %jmp/1 T_19.47, 6;
    %dup/vec4;
    %pushi/vec4 48, 0, 8;
    %cmp/u;
    %jmp/1 T_19.48, 6;
    %dup/vec4;
    %pushi/vec4 49, 0, 8;
    %cmp/u;
    %jmp/1 T_19.49, 6;
    %dup/vec4;
    %pushi/vec4 50, 0, 8;
    %cmp/u;
    %jmp/1 T_19.50, 6;
    %dup/vec4;
    %pushi/vec4 51, 0, 8;
    %cmp/u;
    %jmp/1 T_19.51, 6;
    %dup/vec4;
    %pushi/vec4 52, 0, 8;
    %cmp/u;
    %jmp/1 T_19.52, 6;
    %dup/vec4;
    %pushi/vec4 53, 0, 8;
    %cmp/u;
    %jmp/1 T_19.53, 6;
    %dup/vec4;
    %pushi/vec4 54, 0, 8;
    %cmp/u;
    %jmp/1 T_19.54, 6;
    %dup/vec4;
    %pushi/vec4 55, 0, 8;
    %cmp/u;
    %jmp/1 T_19.55, 6;
    %dup/vec4;
    %pushi/vec4 56, 0, 8;
    %cmp/u;
    %jmp/1 T_19.56, 6;
    %dup/vec4;
    %pushi/vec4 57, 0, 8;
    %cmp/u;
    %jmp/1 T_19.57, 6;
    %dup/vec4;
    %pushi/vec4 58, 0, 8;
    %cmp/u;
    %jmp/1 T_19.58, 6;
    %dup/vec4;
    %pushi/vec4 59, 0, 8;
    %cmp/u;
    %jmp/1 T_19.59, 6;
    %dup/vec4;
    %pushi/vec4 60, 0, 8;
    %cmp/u;
    %jmp/1 T_19.60, 6;
    %dup/vec4;
    %pushi/vec4 61, 0, 8;
    %cmp/u;
    %jmp/1 T_19.61, 6;
    %dup/vec4;
    %pushi/vec4 62, 0, 8;
    %cmp/u;
    %jmp/1 T_19.62, 6;
    %dup/vec4;
    %pushi/vec4 63, 0, 8;
    %cmp/u;
    %jmp/1 T_19.63, 6;
    %dup/vec4;
    %pushi/vec4 64, 0, 8;
    %cmp/u;
    %jmp/1 T_19.64, 6;
    %dup/vec4;
    %pushi/vec4 65, 0, 8;
    %cmp/u;
    %jmp/1 T_19.65, 6;
    %dup/vec4;
    %pushi/vec4 66, 0, 8;
    %cmp/u;
    %jmp/1 T_19.66, 6;
    %dup/vec4;
    %pushi/vec4 67, 0, 8;
    %cmp/u;
    %jmp/1 T_19.67, 6;
    %dup/vec4;
    %pushi/vec4 68, 0, 8;
    %cmp/u;
    %jmp/1 T_19.68, 6;
    %dup/vec4;
    %pushi/vec4 69, 0, 8;
    %cmp/u;
    %jmp/1 T_19.69, 6;
    %dup/vec4;
    %pushi/vec4 70, 0, 8;
    %cmp/u;
    %jmp/1 T_19.70, 6;
    %dup/vec4;
    %pushi/vec4 71, 0, 8;
    %cmp/u;
    %jmp/1 T_19.71, 6;
    %dup/vec4;
    %pushi/vec4 72, 0, 8;
    %cmp/u;
    %jmp/1 T_19.72, 6;
    %dup/vec4;
    %pushi/vec4 73, 0, 8;
    %cmp/u;
    %jmp/1 T_19.73, 6;
    %dup/vec4;
    %pushi/vec4 74, 0, 8;
    %cmp/u;
    %jmp/1 T_19.74, 6;
    %dup/vec4;
    %pushi/vec4 75, 0, 8;
    %cmp/u;
    %jmp/1 T_19.75, 6;
    %dup/vec4;
    %pushi/vec4 76, 0, 8;
    %cmp/u;
    %jmp/1 T_19.76, 6;
    %dup/vec4;
    %pushi/vec4 77, 0, 8;
    %cmp/u;
    %jmp/1 T_19.77, 6;
    %dup/vec4;
    %pushi/vec4 78, 0, 8;
    %cmp/u;
    %jmp/1 T_19.78, 6;
    %dup/vec4;
    %pushi/vec4 79, 0, 8;
    %cmp/u;
    %jmp/1 T_19.79, 6;
    %dup/vec4;
    %pushi/vec4 80, 0, 8;
    %cmp/u;
    %jmp/1 T_19.80, 6;
    %dup/vec4;
    %pushi/vec4 81, 0, 8;
    %cmp/u;
    %jmp/1 T_19.81, 6;
    %dup/vec4;
    %pushi/vec4 82, 0, 8;
    %cmp/u;
    %jmp/1 T_19.82, 6;
    %dup/vec4;
    %pushi/vec4 83, 0, 8;
    %cmp/u;
    %jmp/1 T_19.83, 6;
    %dup/vec4;
    %pushi/vec4 84, 0, 8;
    %cmp/u;
    %jmp/1 T_19.84, 6;
    %dup/vec4;
    %pushi/vec4 85, 0, 8;
    %cmp/u;
    %jmp/1 T_19.85, 6;
    %dup/vec4;
    %pushi/vec4 86, 0, 8;
    %cmp/u;
    %jmp/1 T_19.86, 6;
    %dup/vec4;
    %pushi/vec4 87, 0, 8;
    %cmp/u;
    %jmp/1 T_19.87, 6;
    %dup/vec4;
    %pushi/vec4 88, 0, 8;
    %cmp/u;
    %jmp/1 T_19.88, 6;
    %dup/vec4;
    %pushi/vec4 89, 0, 8;
    %cmp/u;
    %jmp/1 T_19.89, 6;
    %dup/vec4;
    %pushi/vec4 90, 0, 8;
    %cmp/u;
    %jmp/1 T_19.90, 6;
    %dup/vec4;
    %pushi/vec4 91, 0, 8;
    %cmp/u;
    %jmp/1 T_19.91, 6;
    %dup/vec4;
    %pushi/vec4 92, 0, 8;
    %cmp/u;
    %jmp/1 T_19.92, 6;
    %dup/vec4;
    %pushi/vec4 93, 0, 8;
    %cmp/u;
    %jmp/1 T_19.93, 6;
    %dup/vec4;
    %pushi/vec4 94, 0, 8;
    %cmp/u;
    %jmp/1 T_19.94, 6;
    %dup/vec4;
    %pushi/vec4 95, 0, 8;
    %cmp/u;
    %jmp/1 T_19.95, 6;
    %dup/vec4;
    %pushi/vec4 96, 0, 8;
    %cmp/u;
    %jmp/1 T_19.96, 6;
    %dup/vec4;
    %pushi/vec4 97, 0, 8;
    %cmp/u;
    %jmp/1 T_19.97, 6;
    %dup/vec4;
    %pushi/vec4 98, 0, 8;
    %cmp/u;
    %jmp/1 T_19.98, 6;
    %dup/vec4;
    %pushi/vec4 99, 0, 8;
    %cmp/u;
    %jmp/1 T_19.99, 6;
    %dup/vec4;
    %pushi/vec4 100, 0, 8;
    %cmp/u;
    %jmp/1 T_19.100, 6;
    %dup/vec4;
    %pushi/vec4 101, 0, 8;
    %cmp/u;
    %jmp/1 T_19.101, 6;
    %dup/vec4;
    %pushi/vec4 102, 0, 8;
    %cmp/u;
    %jmp/1 T_19.102, 6;
    %dup/vec4;
    %pushi/vec4 103, 0, 8;
    %cmp/u;
    %jmp/1 T_19.103, 6;
    %dup/vec4;
    %pushi/vec4 104, 0, 8;
    %cmp/u;
    %jmp/1 T_19.104, 6;
    %dup/vec4;
    %pushi/vec4 105, 0, 8;
    %cmp/u;
    %jmp/1 T_19.105, 6;
    %dup/vec4;
    %pushi/vec4 106, 0, 8;
    %cmp/u;
    %jmp/1 T_19.106, 6;
    %dup/vec4;
    %pushi/vec4 107, 0, 8;
    %cmp/u;
    %jmp/1 T_19.107, 6;
    %dup/vec4;
    %pushi/vec4 108, 0, 8;
    %cmp/u;
    %jmp/1 T_19.108, 6;
    %dup/vec4;
    %pushi/vec4 109, 0, 8;
    %cmp/u;
    %jmp/1 T_19.109, 6;
    %dup/vec4;
    %pushi/vec4 110, 0, 8;
    %cmp/u;
    %jmp/1 T_19.110, 6;
    %dup/vec4;
    %pushi/vec4 111, 0, 8;
    %cmp/u;
    %jmp/1 T_19.111, 6;
    %dup/vec4;
    %pushi/vec4 112, 0, 8;
    %cmp/u;
    %jmp/1 T_19.112, 6;
    %dup/vec4;
    %pushi/vec4 113, 0, 8;
    %cmp/u;
    %jmp/1 T_19.113, 6;
    %dup/vec4;
    %pushi/vec4 114, 0, 8;
    %cmp/u;
    %jmp/1 T_19.114, 6;
    %dup/vec4;
    %pushi/vec4 115, 0, 8;
    %cmp/u;
    %jmp/1 T_19.115, 6;
    %dup/vec4;
    %pushi/vec4 116, 0, 8;
    %cmp/u;
    %jmp/1 T_19.116, 6;
    %dup/vec4;
    %pushi/vec4 117, 0, 8;
    %cmp/u;
    %jmp/1 T_19.117, 6;
    %dup/vec4;
    %pushi/vec4 118, 0, 8;
    %cmp/u;
    %jmp/1 T_19.118, 6;
    %dup/vec4;
    %pushi/vec4 119, 0, 8;
    %cmp/u;
    %jmp/1 T_19.119, 6;
    %dup/vec4;
    %pushi/vec4 120, 0, 8;
    %cmp/u;
    %jmp/1 T_19.120, 6;
    %dup/vec4;
    %pushi/vec4 121, 0, 8;
    %cmp/u;
    %jmp/1 T_19.121, 6;
    %dup/vec4;
    %pushi/vec4 122, 0, 8;
    %cmp/u;
    %jmp/1 T_19.122, 6;
    %dup/vec4;
    %pushi/vec4 123, 0, 8;
    %cmp/u;
    %jmp/1 T_19.123, 6;
    %dup/vec4;
    %pushi/vec4 124, 0, 8;
    %cmp/u;
    %jmp/1 T_19.124, 6;
    %dup/vec4;
    %pushi/vec4 125, 0, 8;
    %cmp/u;
    %jmp/1 T_19.125, 6;
    %dup/vec4;
    %pushi/vec4 126, 0, 8;
    %cmp/u;
    %jmp/1 T_19.126, 6;
    %dup/vec4;
    %pushi/vec4 127, 0, 8;
    %cmp/u;
    %jmp/1 T_19.127, 6;
    %dup/vec4;
    %pushi/vec4 128, 0, 8;
    %cmp/u;
    %jmp/1 T_19.128, 6;
    %dup/vec4;
    %pushi/vec4 129, 0, 8;
    %cmp/u;
    %jmp/1 T_19.129, 6;
    %dup/vec4;
    %pushi/vec4 130, 0, 8;
    %cmp/u;
    %jmp/1 T_19.130, 6;
    %dup/vec4;
    %pushi/vec4 131, 0, 8;
    %cmp/u;
    %jmp/1 T_19.131, 6;
    %dup/vec4;
    %pushi/vec4 132, 0, 8;
    %cmp/u;
    %jmp/1 T_19.132, 6;
    %dup/vec4;
    %pushi/vec4 133, 0, 8;
    %cmp/u;
    %jmp/1 T_19.133, 6;
    %dup/vec4;
    %pushi/vec4 134, 0, 8;
    %cmp/u;
    %jmp/1 T_19.134, 6;
    %dup/vec4;
    %pushi/vec4 135, 0, 8;
    %cmp/u;
    %jmp/1 T_19.135, 6;
    %dup/vec4;
    %pushi/vec4 136, 0, 8;
    %cmp/u;
    %jmp/1 T_19.136, 6;
    %dup/vec4;
    %pushi/vec4 137, 0, 8;
    %cmp/u;
    %jmp/1 T_19.137, 6;
    %dup/vec4;
    %pushi/vec4 138, 0, 8;
    %cmp/u;
    %jmp/1 T_19.138, 6;
    %dup/vec4;
    %pushi/vec4 139, 0, 8;
    %cmp/u;
    %jmp/1 T_19.139, 6;
    %dup/vec4;
    %pushi/vec4 140, 0, 8;
    %cmp/u;
    %jmp/1 T_19.140, 6;
    %dup/vec4;
    %pushi/vec4 141, 0, 8;
    %cmp/u;
    %jmp/1 T_19.141, 6;
    %dup/vec4;
    %pushi/vec4 142, 0, 8;
    %cmp/u;
    %jmp/1 T_19.142, 6;
    %dup/vec4;
    %pushi/vec4 143, 0, 8;
    %cmp/u;
    %jmp/1 T_19.143, 6;
    %dup/vec4;
    %pushi/vec4 144, 0, 8;
    %cmp/u;
    %jmp/1 T_19.144, 6;
    %dup/vec4;
    %pushi/vec4 145, 0, 8;
    %cmp/u;
    %jmp/1 T_19.145, 6;
    %dup/vec4;
    %pushi/vec4 146, 0, 8;
    %cmp/u;
    %jmp/1 T_19.146, 6;
    %dup/vec4;
    %pushi/vec4 147, 0, 8;
    %cmp/u;
    %jmp/1 T_19.147, 6;
    %dup/vec4;
    %pushi/vec4 148, 0, 8;
    %cmp/u;
    %jmp/1 T_19.148, 6;
    %dup/vec4;
    %pushi/vec4 149, 0, 8;
    %cmp/u;
    %jmp/1 T_19.149, 6;
    %dup/vec4;
    %pushi/vec4 150, 0, 8;
    %cmp/u;
    %jmp/1 T_19.150, 6;
    %dup/vec4;
    %pushi/vec4 151, 0, 8;
    %cmp/u;
    %jmp/1 T_19.151, 6;
    %dup/vec4;
    %pushi/vec4 152, 0, 8;
    %cmp/u;
    %jmp/1 T_19.152, 6;
    %dup/vec4;
    %pushi/vec4 153, 0, 8;
    %cmp/u;
    %jmp/1 T_19.153, 6;
    %dup/vec4;
    %pushi/vec4 154, 0, 8;
    %cmp/u;
    %jmp/1 T_19.154, 6;
    %dup/vec4;
    %pushi/vec4 155, 0, 8;
    %cmp/u;
    %jmp/1 T_19.155, 6;
    %dup/vec4;
    %pushi/vec4 156, 0, 8;
    %cmp/u;
    %jmp/1 T_19.156, 6;
    %dup/vec4;
    %pushi/vec4 157, 0, 8;
    %cmp/u;
    %jmp/1 T_19.157, 6;
    %dup/vec4;
    %pushi/vec4 158, 0, 8;
    %cmp/u;
    %jmp/1 T_19.158, 6;
    %dup/vec4;
    %pushi/vec4 159, 0, 8;
    %cmp/u;
    %jmp/1 T_19.159, 6;
    %dup/vec4;
    %pushi/vec4 160, 0, 8;
    %cmp/u;
    %jmp/1 T_19.160, 6;
    %dup/vec4;
    %pushi/vec4 161, 0, 8;
    %cmp/u;
    %jmp/1 T_19.161, 6;
    %dup/vec4;
    %pushi/vec4 162, 0, 8;
    %cmp/u;
    %jmp/1 T_19.162, 6;
    %dup/vec4;
    %pushi/vec4 163, 0, 8;
    %cmp/u;
    %jmp/1 T_19.163, 6;
    %dup/vec4;
    %pushi/vec4 164, 0, 8;
    %cmp/u;
    %jmp/1 T_19.164, 6;
    %dup/vec4;
    %pushi/vec4 165, 0, 8;
    %cmp/u;
    %jmp/1 T_19.165, 6;
    %dup/vec4;
    %pushi/vec4 166, 0, 8;
    %cmp/u;
    %jmp/1 T_19.166, 6;
    %dup/vec4;
    %pushi/vec4 167, 0, 8;
    %cmp/u;
    %jmp/1 T_19.167, 6;
    %dup/vec4;
    %pushi/vec4 168, 0, 8;
    %cmp/u;
    %jmp/1 T_19.168, 6;
    %dup/vec4;
    %pushi/vec4 169, 0, 8;
    %cmp/u;
    %jmp/1 T_19.169, 6;
    %dup/vec4;
    %pushi/vec4 170, 0, 8;
    %cmp/u;
    %jmp/1 T_19.170, 6;
    %dup/vec4;
    %pushi/vec4 171, 0, 8;
    %cmp/u;
    %jmp/1 T_19.171, 6;
    %dup/vec4;
    %pushi/vec4 172, 0, 8;
    %cmp/u;
    %jmp/1 T_19.172, 6;
    %dup/vec4;
    %pushi/vec4 173, 0, 8;
    %cmp/u;
    %jmp/1 T_19.173, 6;
    %dup/vec4;
    %pushi/vec4 174, 0, 8;
    %cmp/u;
    %jmp/1 T_19.174, 6;
    %dup/vec4;
    %pushi/vec4 175, 0, 8;
    %cmp/u;
    %jmp/1 T_19.175, 6;
    %dup/vec4;
    %pushi/vec4 176, 0, 8;
    %cmp/u;
    %jmp/1 T_19.176, 6;
    %dup/vec4;
    %pushi/vec4 177, 0, 8;
    %cmp/u;
    %jmp/1 T_19.177, 6;
    %dup/vec4;
    %pushi/vec4 178, 0, 8;
    %cmp/u;
    %jmp/1 T_19.178, 6;
    %dup/vec4;
    %pushi/vec4 179, 0, 8;
    %cmp/u;
    %jmp/1 T_19.179, 6;
    %dup/vec4;
    %pushi/vec4 180, 0, 8;
    %cmp/u;
    %jmp/1 T_19.180, 6;
    %dup/vec4;
    %pushi/vec4 181, 0, 8;
    %cmp/u;
    %jmp/1 T_19.181, 6;
    %dup/vec4;
    %pushi/vec4 182, 0, 8;
    %cmp/u;
    %jmp/1 T_19.182, 6;
    %dup/vec4;
    %pushi/vec4 183, 0, 8;
    %cmp/u;
    %jmp/1 T_19.183, 6;
    %dup/vec4;
    %pushi/vec4 184, 0, 8;
    %cmp/u;
    %jmp/1 T_19.184, 6;
    %dup/vec4;
    %pushi/vec4 185, 0, 8;
    %cmp/u;
    %jmp/1 T_19.185, 6;
    %dup/vec4;
    %pushi/vec4 186, 0, 8;
    %cmp/u;
    %jmp/1 T_19.186, 6;
    %dup/vec4;
    %pushi/vec4 187, 0, 8;
    %cmp/u;
    %jmp/1 T_19.187, 6;
    %dup/vec4;
    %pushi/vec4 188, 0, 8;
    %cmp/u;
    %jmp/1 T_19.188, 6;
    %dup/vec4;
    %pushi/vec4 189, 0, 8;
    %cmp/u;
    %jmp/1 T_19.189, 6;
    %dup/vec4;
    %pushi/vec4 190, 0, 8;
    %cmp/u;
    %jmp/1 T_19.190, 6;
    %dup/vec4;
    %pushi/vec4 191, 0, 8;
    %cmp/u;
    %jmp/1 T_19.191, 6;
    %dup/vec4;
    %pushi/vec4 192, 0, 8;
    %cmp/u;
    %jmp/1 T_19.192, 6;
    %dup/vec4;
    %pushi/vec4 193, 0, 8;
    %cmp/u;
    %jmp/1 T_19.193, 6;
    %dup/vec4;
    %pushi/vec4 194, 0, 8;
    %cmp/u;
    %jmp/1 T_19.194, 6;
    %dup/vec4;
    %pushi/vec4 195, 0, 8;
    %cmp/u;
    %jmp/1 T_19.195, 6;
    %dup/vec4;
    %pushi/vec4 196, 0, 8;
    %cmp/u;
    %jmp/1 T_19.196, 6;
    %dup/vec4;
    %pushi/vec4 197, 0, 8;
    %cmp/u;
    %jmp/1 T_19.197, 6;
    %dup/vec4;
    %pushi/vec4 198, 0, 8;
    %cmp/u;
    %jmp/1 T_19.198, 6;
    %dup/vec4;
    %pushi/vec4 199, 0, 8;
    %cmp/u;
    %jmp/1 T_19.199, 6;
    %dup/vec4;
    %pushi/vec4 200, 0, 8;
    %cmp/u;
    %jmp/1 T_19.200, 6;
    %dup/vec4;
    %pushi/vec4 201, 0, 8;
    %cmp/u;
    %jmp/1 T_19.201, 6;
    %dup/vec4;
    %pushi/vec4 202, 0, 8;
    %cmp/u;
    %jmp/1 T_19.202, 6;
    %dup/vec4;
    %pushi/vec4 203, 0, 8;
    %cmp/u;
    %jmp/1 T_19.203, 6;
    %dup/vec4;
    %pushi/vec4 204, 0, 8;
    %cmp/u;
    %jmp/1 T_19.204, 6;
    %dup/vec4;
    %pushi/vec4 205, 0, 8;
    %cmp/u;
    %jmp/1 T_19.205, 6;
    %dup/vec4;
    %pushi/vec4 206, 0, 8;
    %cmp/u;
    %jmp/1 T_19.206, 6;
    %dup/vec4;
    %pushi/vec4 207, 0, 8;
    %cmp/u;
    %jmp/1 T_19.207, 6;
    %dup/vec4;
    %pushi/vec4 208, 0, 8;
    %cmp/u;
    %jmp/1 T_19.208, 6;
    %dup/vec4;
    %pushi/vec4 209, 0, 8;
    %cmp/u;
    %jmp/1 T_19.209, 6;
    %dup/vec4;
    %pushi/vec4 210, 0, 8;
    %cmp/u;
    %jmp/1 T_19.210, 6;
    %dup/vec4;
    %pushi/vec4 211, 0, 8;
    %cmp/u;
    %jmp/1 T_19.211, 6;
    %dup/vec4;
    %pushi/vec4 212, 0, 8;
    %cmp/u;
    %jmp/1 T_19.212, 6;
    %dup/vec4;
    %pushi/vec4 213, 0, 8;
    %cmp/u;
    %jmp/1 T_19.213, 6;
    %dup/vec4;
    %pushi/vec4 214, 0, 8;
    %cmp/u;
    %jmp/1 T_19.214, 6;
    %dup/vec4;
    %pushi/vec4 215, 0, 8;
    %cmp/u;
    %jmp/1 T_19.215, 6;
    %dup/vec4;
    %pushi/vec4 216, 0, 8;
    %cmp/u;
    %jmp/1 T_19.216, 6;
    %dup/vec4;
    %pushi/vec4 217, 0, 8;
    %cmp/u;
    %jmp/1 T_19.217, 6;
    %dup/vec4;
    %pushi/vec4 218, 0, 8;
    %cmp/u;
    %jmp/1 T_19.218, 6;
    %dup/vec4;
    %pushi/vec4 219, 0, 8;
    %cmp/u;
    %jmp/1 T_19.219, 6;
    %dup/vec4;
    %pushi/vec4 220, 0, 8;
    %cmp/u;
    %jmp/1 T_19.220, 6;
    %dup/vec4;
    %pushi/vec4 221, 0, 8;
    %cmp/u;
    %jmp/1 T_19.221, 6;
    %dup/vec4;
    %pushi/vec4 222, 0, 8;
    %cmp/u;
    %jmp/1 T_19.222, 6;
    %dup/vec4;
    %pushi/vec4 223, 0, 8;
    %cmp/u;
    %jmp/1 T_19.223, 6;
    %dup/vec4;
    %pushi/vec4 224, 0, 8;
    %cmp/u;
    %jmp/1 T_19.224, 6;
    %dup/vec4;
    %pushi/vec4 225, 0, 8;
    %cmp/u;
    %jmp/1 T_19.225, 6;
    %dup/vec4;
    %pushi/vec4 226, 0, 8;
    %cmp/u;
    %jmp/1 T_19.226, 6;
    %dup/vec4;
    %pushi/vec4 227, 0, 8;
    %cmp/u;
    %jmp/1 T_19.227, 6;
    %dup/vec4;
    %pushi/vec4 228, 0, 8;
    %cmp/u;
    %jmp/1 T_19.228, 6;
    %dup/vec4;
    %pushi/vec4 229, 0, 8;
    %cmp/u;
    %jmp/1 T_19.229, 6;
    %dup/vec4;
    %pushi/vec4 230, 0, 8;
    %cmp/u;
    %jmp/1 T_19.230, 6;
    %dup/vec4;
    %pushi/vec4 231, 0, 8;
    %cmp/u;
    %jmp/1 T_19.231, 6;
    %dup/vec4;
    %pushi/vec4 232, 0, 8;
    %cmp/u;
    %jmp/1 T_19.232, 6;
    %dup/vec4;
    %pushi/vec4 233, 0, 8;
    %cmp/u;
    %jmp/1 T_19.233, 6;
    %dup/vec4;
    %pushi/vec4 234, 0, 8;
    %cmp/u;
    %jmp/1 T_19.234, 6;
    %dup/vec4;
    %pushi/vec4 235, 0, 8;
    %cmp/u;
    %jmp/1 T_19.235, 6;
    %dup/vec4;
    %pushi/vec4 236, 0, 8;
    %cmp/u;
    %jmp/1 T_19.236, 6;
    %dup/vec4;
    %pushi/vec4 237, 0, 8;
    %cmp/u;
    %jmp/1 T_19.237, 6;
    %dup/vec4;
    %pushi/vec4 238, 0, 8;
    %cmp/u;
    %jmp/1 T_19.238, 6;
    %dup/vec4;
    %pushi/vec4 239, 0, 8;
    %cmp/u;
    %jmp/1 T_19.239, 6;
    %dup/vec4;
    %pushi/vec4 240, 0, 8;
    %cmp/u;
    %jmp/1 T_19.240, 6;
    %dup/vec4;
    %pushi/vec4 241, 0, 8;
    %cmp/u;
    %jmp/1 T_19.241, 6;
    %dup/vec4;
    %pushi/vec4 242, 0, 8;
    %cmp/u;
    %jmp/1 T_19.242, 6;
    %dup/vec4;
    %pushi/vec4 243, 0, 8;
    %cmp/u;
    %jmp/1 T_19.243, 6;
    %dup/vec4;
    %pushi/vec4 244, 0, 8;
    %cmp/u;
    %jmp/1 T_19.244, 6;
    %dup/vec4;
    %pushi/vec4 245, 0, 8;
    %cmp/u;
    %jmp/1 T_19.245, 6;
    %dup/vec4;
    %pushi/vec4 246, 0, 8;
    %cmp/u;
    %jmp/1 T_19.246, 6;
    %dup/vec4;
    %pushi/vec4 247, 0, 8;
    %cmp/u;
    %jmp/1 T_19.247, 6;
    %dup/vec4;
    %pushi/vec4 248, 0, 8;
    %cmp/u;
    %jmp/1 T_19.248, 6;
    %dup/vec4;
    %pushi/vec4 249, 0, 8;
    %cmp/u;
    %jmp/1 T_19.249, 6;
    %dup/vec4;
    %pushi/vec4 250, 0, 8;
    %cmp/u;
    %jmp/1 T_19.250, 6;
    %dup/vec4;
    %pushi/vec4 251, 0, 8;
    %cmp/u;
    %jmp/1 T_19.251, 6;
    %dup/vec4;
    %pushi/vec4 252, 0, 8;
    %cmp/u;
    %jmp/1 T_19.252, 6;
    %dup/vec4;
    %pushi/vec4 253, 0, 8;
    %cmp/u;
    %jmp/1 T_19.253, 6;
    %dup/vec4;
    %pushi/vec4 254, 0, 8;
    %cmp/u;
    %jmp/1 T_19.254, 6;
    %dup/vec4;
    %pushi/vec4 255, 0, 8;
    %cmp/u;
    %jmp/1 T_19.255, 6;
    %jmp T_19.256;
T_19.0 ;
    %pushi/vec4 99, 0, 8;
    %store/vec4 v000001f3eeb3d2f0_0, 0, 8;
    %jmp T_19.256;
T_19.1 ;
    %pushi/vec4 124, 0, 8;
    %store/vec4 v000001f3eeb3d2f0_0, 0, 8;
    %jmp T_19.256;
T_19.2 ;
    %pushi/vec4 119, 0, 8;
    %store/vec4 v000001f3eeb3d2f0_0, 0, 8;
    %jmp T_19.256;
T_19.3 ;
    %pushi/vec4 123, 0, 8;
    %store/vec4 v000001f3eeb3d2f0_0, 0, 8;
    %jmp T_19.256;
T_19.4 ;
    %pushi/vec4 242, 0, 8;
    %store/vec4 v000001f3eeb3d2f0_0, 0, 8;
    %jmp T_19.256;
T_19.5 ;
    %pushi/vec4 107, 0, 8;
    %store/vec4 v000001f3eeb3d2f0_0, 0, 8;
    %jmp T_19.256;
T_19.6 ;
    %pushi/vec4 111, 0, 8;
    %store/vec4 v000001f3eeb3d2f0_0, 0, 8;
    %jmp T_19.256;
T_19.7 ;
    %pushi/vec4 197, 0, 8;
    %store/vec4 v000001f3eeb3d2f0_0, 0, 8;
    %jmp T_19.256;
T_19.8 ;
    %pushi/vec4 48, 0, 8;
    %store/vec4 v000001f3eeb3d2f0_0, 0, 8;
    %jmp T_19.256;
T_19.9 ;
    %pushi/vec4 1, 0, 8;
    %store/vec4 v000001f3eeb3d2f0_0, 0, 8;
    %jmp T_19.256;
T_19.10 ;
    %pushi/vec4 103, 0, 8;
    %store/vec4 v000001f3eeb3d2f0_0, 0, 8;
    %jmp T_19.256;
T_19.11 ;
    %pushi/vec4 43, 0, 8;
    %store/vec4 v000001f3eeb3d2f0_0, 0, 8;
    %jmp T_19.256;
T_19.12 ;
    %pushi/vec4 254, 0, 8;
    %store/vec4 v000001f3eeb3d2f0_0, 0, 8;
    %jmp T_19.256;
T_19.13 ;
    %pushi/vec4 215, 0, 8;
    %store/vec4 v000001f3eeb3d2f0_0, 0, 8;
    %jmp T_19.256;
T_19.14 ;
    %pushi/vec4 171, 0, 8;
    %store/vec4 v000001f3eeb3d2f0_0, 0, 8;
    %jmp T_19.256;
T_19.15 ;
    %pushi/vec4 118, 0, 8;
    %store/vec4 v000001f3eeb3d2f0_0, 0, 8;
    %jmp T_19.256;
T_19.16 ;
    %pushi/vec4 202, 0, 8;
    %store/vec4 v000001f3eeb3d2f0_0, 0, 8;
    %jmp T_19.256;
T_19.17 ;
    %pushi/vec4 130, 0, 8;
    %store/vec4 v000001f3eeb3d2f0_0, 0, 8;
    %jmp T_19.256;
T_19.18 ;
    %pushi/vec4 201, 0, 8;
    %store/vec4 v000001f3eeb3d2f0_0, 0, 8;
    %jmp T_19.256;
T_19.19 ;
    %pushi/vec4 125, 0, 8;
    %store/vec4 v000001f3eeb3d2f0_0, 0, 8;
    %jmp T_19.256;
T_19.20 ;
    %pushi/vec4 250, 0, 8;
    %store/vec4 v000001f3eeb3d2f0_0, 0, 8;
    %jmp T_19.256;
T_19.21 ;
    %pushi/vec4 89, 0, 8;
    %store/vec4 v000001f3eeb3d2f0_0, 0, 8;
    %jmp T_19.256;
T_19.22 ;
    %pushi/vec4 71, 0, 8;
    %store/vec4 v000001f3eeb3d2f0_0, 0, 8;
    %jmp T_19.256;
T_19.23 ;
    %pushi/vec4 240, 0, 8;
    %store/vec4 v000001f3eeb3d2f0_0, 0, 8;
    %jmp T_19.256;
T_19.24 ;
    %pushi/vec4 173, 0, 8;
    %store/vec4 v000001f3eeb3d2f0_0, 0, 8;
    %jmp T_19.256;
T_19.25 ;
    %pushi/vec4 212, 0, 8;
    %store/vec4 v000001f3eeb3d2f0_0, 0, 8;
    %jmp T_19.256;
T_19.26 ;
    %pushi/vec4 162, 0, 8;
    %store/vec4 v000001f3eeb3d2f0_0, 0, 8;
    %jmp T_19.256;
T_19.27 ;
    %pushi/vec4 175, 0, 8;
    %store/vec4 v000001f3eeb3d2f0_0, 0, 8;
    %jmp T_19.256;
T_19.28 ;
    %pushi/vec4 156, 0, 8;
    %store/vec4 v000001f3eeb3d2f0_0, 0, 8;
    %jmp T_19.256;
T_19.29 ;
    %pushi/vec4 164, 0, 8;
    %store/vec4 v000001f3eeb3d2f0_0, 0, 8;
    %jmp T_19.256;
T_19.30 ;
    %pushi/vec4 114, 0, 8;
    %store/vec4 v000001f3eeb3d2f0_0, 0, 8;
    %jmp T_19.256;
T_19.31 ;
    %pushi/vec4 192, 0, 8;
    %store/vec4 v000001f3eeb3d2f0_0, 0, 8;
    %jmp T_19.256;
T_19.32 ;
    %pushi/vec4 183, 0, 8;
    %store/vec4 v000001f3eeb3d2f0_0, 0, 8;
    %jmp T_19.256;
T_19.33 ;
    %pushi/vec4 253, 0, 8;
    %store/vec4 v000001f3eeb3d2f0_0, 0, 8;
    %jmp T_19.256;
T_19.34 ;
    %pushi/vec4 147, 0, 8;
    %store/vec4 v000001f3eeb3d2f0_0, 0, 8;
    %jmp T_19.256;
T_19.35 ;
    %pushi/vec4 38, 0, 8;
    %store/vec4 v000001f3eeb3d2f0_0, 0, 8;
    %jmp T_19.256;
T_19.36 ;
    %pushi/vec4 54, 0, 8;
    %store/vec4 v000001f3eeb3d2f0_0, 0, 8;
    %jmp T_19.256;
T_19.37 ;
    %pushi/vec4 63, 0, 8;
    %store/vec4 v000001f3eeb3d2f0_0, 0, 8;
    %jmp T_19.256;
T_19.38 ;
    %pushi/vec4 247, 0, 8;
    %store/vec4 v000001f3eeb3d2f0_0, 0, 8;
    %jmp T_19.256;
T_19.39 ;
    %pushi/vec4 204, 0, 8;
    %store/vec4 v000001f3eeb3d2f0_0, 0, 8;
    %jmp T_19.256;
T_19.40 ;
    %pushi/vec4 52, 0, 8;
    %store/vec4 v000001f3eeb3d2f0_0, 0, 8;
    %jmp T_19.256;
T_19.41 ;
    %pushi/vec4 165, 0, 8;
    %store/vec4 v000001f3eeb3d2f0_0, 0, 8;
    %jmp T_19.256;
T_19.42 ;
    %pushi/vec4 229, 0, 8;
    %store/vec4 v000001f3eeb3d2f0_0, 0, 8;
    %jmp T_19.256;
T_19.43 ;
    %pushi/vec4 241, 0, 8;
    %store/vec4 v000001f3eeb3d2f0_0, 0, 8;
    %jmp T_19.256;
T_19.44 ;
    %pushi/vec4 113, 0, 8;
    %store/vec4 v000001f3eeb3d2f0_0, 0, 8;
    %jmp T_19.256;
T_19.45 ;
    %pushi/vec4 216, 0, 8;
    %store/vec4 v000001f3eeb3d2f0_0, 0, 8;
    %jmp T_19.256;
T_19.46 ;
    %pushi/vec4 49, 0, 8;
    %store/vec4 v000001f3eeb3d2f0_0, 0, 8;
    %jmp T_19.256;
T_19.47 ;
    %pushi/vec4 21, 0, 8;
    %store/vec4 v000001f3eeb3d2f0_0, 0, 8;
    %jmp T_19.256;
T_19.48 ;
    %pushi/vec4 4, 0, 8;
    %store/vec4 v000001f3eeb3d2f0_0, 0, 8;
    %jmp T_19.256;
T_19.49 ;
    %pushi/vec4 199, 0, 8;
    %store/vec4 v000001f3eeb3d2f0_0, 0, 8;
    %jmp T_19.256;
T_19.50 ;
    %pushi/vec4 35, 0, 8;
    %store/vec4 v000001f3eeb3d2f0_0, 0, 8;
    %jmp T_19.256;
T_19.51 ;
    %pushi/vec4 195, 0, 8;
    %store/vec4 v000001f3eeb3d2f0_0, 0, 8;
    %jmp T_19.256;
T_19.52 ;
    %pushi/vec4 24, 0, 8;
    %store/vec4 v000001f3eeb3d2f0_0, 0, 8;
    %jmp T_19.256;
T_19.53 ;
    %pushi/vec4 150, 0, 8;
    %store/vec4 v000001f3eeb3d2f0_0, 0, 8;
    %jmp T_19.256;
T_19.54 ;
    %pushi/vec4 5, 0, 8;
    %store/vec4 v000001f3eeb3d2f0_0, 0, 8;
    %jmp T_19.256;
T_19.55 ;
    %pushi/vec4 154, 0, 8;
    %store/vec4 v000001f3eeb3d2f0_0, 0, 8;
    %jmp T_19.256;
T_19.56 ;
    %pushi/vec4 7, 0, 8;
    %store/vec4 v000001f3eeb3d2f0_0, 0, 8;
    %jmp T_19.256;
T_19.57 ;
    %pushi/vec4 18, 0, 8;
    %store/vec4 v000001f3eeb3d2f0_0, 0, 8;
    %jmp T_19.256;
T_19.58 ;
    %pushi/vec4 128, 0, 8;
    %store/vec4 v000001f3eeb3d2f0_0, 0, 8;
    %jmp T_19.256;
T_19.59 ;
    %pushi/vec4 226, 0, 8;
    %store/vec4 v000001f3eeb3d2f0_0, 0, 8;
    %jmp T_19.256;
T_19.60 ;
    %pushi/vec4 235, 0, 8;
    %store/vec4 v000001f3eeb3d2f0_0, 0, 8;
    %jmp T_19.256;
T_19.61 ;
    %pushi/vec4 39, 0, 8;
    %store/vec4 v000001f3eeb3d2f0_0, 0, 8;
    %jmp T_19.256;
T_19.62 ;
    %pushi/vec4 178, 0, 8;
    %store/vec4 v000001f3eeb3d2f0_0, 0, 8;
    %jmp T_19.256;
T_19.63 ;
    %pushi/vec4 117, 0, 8;
    %store/vec4 v000001f3eeb3d2f0_0, 0, 8;
    %jmp T_19.256;
T_19.64 ;
    %pushi/vec4 9, 0, 8;
    %store/vec4 v000001f3eeb3d2f0_0, 0, 8;
    %jmp T_19.256;
T_19.65 ;
    %pushi/vec4 131, 0, 8;
    %store/vec4 v000001f3eeb3d2f0_0, 0, 8;
    %jmp T_19.256;
T_19.66 ;
    %pushi/vec4 44, 0, 8;
    %store/vec4 v000001f3eeb3d2f0_0, 0, 8;
    %jmp T_19.256;
T_19.67 ;
    %pushi/vec4 26, 0, 8;
    %store/vec4 v000001f3eeb3d2f0_0, 0, 8;
    %jmp T_19.256;
T_19.68 ;
    %pushi/vec4 27, 0, 8;
    %store/vec4 v000001f3eeb3d2f0_0, 0, 8;
    %jmp T_19.256;
T_19.69 ;
    %pushi/vec4 110, 0, 8;
    %store/vec4 v000001f3eeb3d2f0_0, 0, 8;
    %jmp T_19.256;
T_19.70 ;
    %pushi/vec4 90, 0, 8;
    %store/vec4 v000001f3eeb3d2f0_0, 0, 8;
    %jmp T_19.256;
T_19.71 ;
    %pushi/vec4 160, 0, 8;
    %store/vec4 v000001f3eeb3d2f0_0, 0, 8;
    %jmp T_19.256;
T_19.72 ;
    %pushi/vec4 82, 0, 8;
    %store/vec4 v000001f3eeb3d2f0_0, 0, 8;
    %jmp T_19.256;
T_19.73 ;
    %pushi/vec4 59, 0, 8;
    %store/vec4 v000001f3eeb3d2f0_0, 0, 8;
    %jmp T_19.256;
T_19.74 ;
    %pushi/vec4 214, 0, 8;
    %store/vec4 v000001f3eeb3d2f0_0, 0, 8;
    %jmp T_19.256;
T_19.75 ;
    %pushi/vec4 179, 0, 8;
    %store/vec4 v000001f3eeb3d2f0_0, 0, 8;
    %jmp T_19.256;
T_19.76 ;
    %pushi/vec4 41, 0, 8;
    %store/vec4 v000001f3eeb3d2f0_0, 0, 8;
    %jmp T_19.256;
T_19.77 ;
    %pushi/vec4 227, 0, 8;
    %store/vec4 v000001f3eeb3d2f0_0, 0, 8;
    %jmp T_19.256;
T_19.78 ;
    %pushi/vec4 47, 0, 8;
    %store/vec4 v000001f3eeb3d2f0_0, 0, 8;
    %jmp T_19.256;
T_19.79 ;
    %pushi/vec4 132, 0, 8;
    %store/vec4 v000001f3eeb3d2f0_0, 0, 8;
    %jmp T_19.256;
T_19.80 ;
    %pushi/vec4 83, 0, 8;
    %store/vec4 v000001f3eeb3d2f0_0, 0, 8;
    %jmp T_19.256;
T_19.81 ;
    %pushi/vec4 209, 0, 8;
    %store/vec4 v000001f3eeb3d2f0_0, 0, 8;
    %jmp T_19.256;
T_19.82 ;
    %pushi/vec4 0, 0, 8;
    %store/vec4 v000001f3eeb3d2f0_0, 0, 8;
    %jmp T_19.256;
T_19.83 ;
    %pushi/vec4 237, 0, 8;
    %store/vec4 v000001f3eeb3d2f0_0, 0, 8;
    %jmp T_19.256;
T_19.84 ;
    %pushi/vec4 32, 0, 8;
    %store/vec4 v000001f3eeb3d2f0_0, 0, 8;
    %jmp T_19.256;
T_19.85 ;
    %pushi/vec4 252, 0, 8;
    %store/vec4 v000001f3eeb3d2f0_0, 0, 8;
    %jmp T_19.256;
T_19.86 ;
    %pushi/vec4 177, 0, 8;
    %store/vec4 v000001f3eeb3d2f0_0, 0, 8;
    %jmp T_19.256;
T_19.87 ;
    %pushi/vec4 91, 0, 8;
    %store/vec4 v000001f3eeb3d2f0_0, 0, 8;
    %jmp T_19.256;
T_19.88 ;
    %pushi/vec4 106, 0, 8;
    %store/vec4 v000001f3eeb3d2f0_0, 0, 8;
    %jmp T_19.256;
T_19.89 ;
    %pushi/vec4 203, 0, 8;
    %store/vec4 v000001f3eeb3d2f0_0, 0, 8;
    %jmp T_19.256;
T_19.90 ;
    %pushi/vec4 190, 0, 8;
    %store/vec4 v000001f3eeb3d2f0_0, 0, 8;
    %jmp T_19.256;
T_19.91 ;
    %pushi/vec4 57, 0, 8;
    %store/vec4 v000001f3eeb3d2f0_0, 0, 8;
    %jmp T_19.256;
T_19.92 ;
    %pushi/vec4 74, 0, 8;
    %store/vec4 v000001f3eeb3d2f0_0, 0, 8;
    %jmp T_19.256;
T_19.93 ;
    %pushi/vec4 76, 0, 8;
    %store/vec4 v000001f3eeb3d2f0_0, 0, 8;
    %jmp T_19.256;
T_19.94 ;
    %pushi/vec4 88, 0, 8;
    %store/vec4 v000001f3eeb3d2f0_0, 0, 8;
    %jmp T_19.256;
T_19.95 ;
    %pushi/vec4 207, 0, 8;
    %store/vec4 v000001f3eeb3d2f0_0, 0, 8;
    %jmp T_19.256;
T_19.96 ;
    %pushi/vec4 208, 0, 8;
    %store/vec4 v000001f3eeb3d2f0_0, 0, 8;
    %jmp T_19.256;
T_19.97 ;
    %pushi/vec4 239, 0, 8;
    %store/vec4 v000001f3eeb3d2f0_0, 0, 8;
    %jmp T_19.256;
T_19.98 ;
    %pushi/vec4 170, 0, 8;
    %store/vec4 v000001f3eeb3d2f0_0, 0, 8;
    %jmp T_19.256;
T_19.99 ;
    %pushi/vec4 251, 0, 8;
    %store/vec4 v000001f3eeb3d2f0_0, 0, 8;
    %jmp T_19.256;
T_19.100 ;
    %pushi/vec4 67, 0, 8;
    %store/vec4 v000001f3eeb3d2f0_0, 0, 8;
    %jmp T_19.256;
T_19.101 ;
    %pushi/vec4 77, 0, 8;
    %store/vec4 v000001f3eeb3d2f0_0, 0, 8;
    %jmp T_19.256;
T_19.102 ;
    %pushi/vec4 51, 0, 8;
    %store/vec4 v000001f3eeb3d2f0_0, 0, 8;
    %jmp T_19.256;
T_19.103 ;
    %pushi/vec4 133, 0, 8;
    %store/vec4 v000001f3eeb3d2f0_0, 0, 8;
    %jmp T_19.256;
T_19.104 ;
    %pushi/vec4 69, 0, 8;
    %store/vec4 v000001f3eeb3d2f0_0, 0, 8;
    %jmp T_19.256;
T_19.105 ;
    %pushi/vec4 249, 0, 8;
    %store/vec4 v000001f3eeb3d2f0_0, 0, 8;
    %jmp T_19.256;
T_19.106 ;
    %pushi/vec4 2, 0, 8;
    %store/vec4 v000001f3eeb3d2f0_0, 0, 8;
    %jmp T_19.256;
T_19.107 ;
    %pushi/vec4 127, 0, 8;
    %store/vec4 v000001f3eeb3d2f0_0, 0, 8;
    %jmp T_19.256;
T_19.108 ;
    %pushi/vec4 80, 0, 8;
    %store/vec4 v000001f3eeb3d2f0_0, 0, 8;
    %jmp T_19.256;
T_19.109 ;
    %pushi/vec4 60, 0, 8;
    %store/vec4 v000001f3eeb3d2f0_0, 0, 8;
    %jmp T_19.256;
T_19.110 ;
    %pushi/vec4 159, 0, 8;
    %store/vec4 v000001f3eeb3d2f0_0, 0, 8;
    %jmp T_19.256;
T_19.111 ;
    %pushi/vec4 168, 0, 8;
    %store/vec4 v000001f3eeb3d2f0_0, 0, 8;
    %jmp T_19.256;
T_19.112 ;
    %pushi/vec4 81, 0, 8;
    %store/vec4 v000001f3eeb3d2f0_0, 0, 8;
    %jmp T_19.256;
T_19.113 ;
    %pushi/vec4 163, 0, 8;
    %store/vec4 v000001f3eeb3d2f0_0, 0, 8;
    %jmp T_19.256;
T_19.114 ;
    %pushi/vec4 64, 0, 8;
    %store/vec4 v000001f3eeb3d2f0_0, 0, 8;
    %jmp T_19.256;
T_19.115 ;
    %pushi/vec4 143, 0, 8;
    %store/vec4 v000001f3eeb3d2f0_0, 0, 8;
    %jmp T_19.256;
T_19.116 ;
    %pushi/vec4 146, 0, 8;
    %store/vec4 v000001f3eeb3d2f0_0, 0, 8;
    %jmp T_19.256;
T_19.117 ;
    %pushi/vec4 157, 0, 8;
    %store/vec4 v000001f3eeb3d2f0_0, 0, 8;
    %jmp T_19.256;
T_19.118 ;
    %pushi/vec4 56, 0, 8;
    %store/vec4 v000001f3eeb3d2f0_0, 0, 8;
    %jmp T_19.256;
T_19.119 ;
    %pushi/vec4 245, 0, 8;
    %store/vec4 v000001f3eeb3d2f0_0, 0, 8;
    %jmp T_19.256;
T_19.120 ;
    %pushi/vec4 188, 0, 8;
    %store/vec4 v000001f3eeb3d2f0_0, 0, 8;
    %jmp T_19.256;
T_19.121 ;
    %pushi/vec4 182, 0, 8;
    %store/vec4 v000001f3eeb3d2f0_0, 0, 8;
    %jmp T_19.256;
T_19.122 ;
    %pushi/vec4 218, 0, 8;
    %store/vec4 v000001f3eeb3d2f0_0, 0, 8;
    %jmp T_19.256;
T_19.123 ;
    %pushi/vec4 33, 0, 8;
    %store/vec4 v000001f3eeb3d2f0_0, 0, 8;
    %jmp T_19.256;
T_19.124 ;
    %pushi/vec4 16, 0, 8;
    %store/vec4 v000001f3eeb3d2f0_0, 0, 8;
    %jmp T_19.256;
T_19.125 ;
    %pushi/vec4 255, 0, 8;
    %store/vec4 v000001f3eeb3d2f0_0, 0, 8;
    %jmp T_19.256;
T_19.126 ;
    %pushi/vec4 243, 0, 8;
    %store/vec4 v000001f3eeb3d2f0_0, 0, 8;
    %jmp T_19.256;
T_19.127 ;
    %pushi/vec4 210, 0, 8;
    %store/vec4 v000001f3eeb3d2f0_0, 0, 8;
    %jmp T_19.256;
T_19.128 ;
    %pushi/vec4 205, 0, 8;
    %store/vec4 v000001f3eeb3d2f0_0, 0, 8;
    %jmp T_19.256;
T_19.129 ;
    %pushi/vec4 12, 0, 8;
    %store/vec4 v000001f3eeb3d2f0_0, 0, 8;
    %jmp T_19.256;
T_19.130 ;
    %pushi/vec4 19, 0, 8;
    %store/vec4 v000001f3eeb3d2f0_0, 0, 8;
    %jmp T_19.256;
T_19.131 ;
    %pushi/vec4 236, 0, 8;
    %store/vec4 v000001f3eeb3d2f0_0, 0, 8;
    %jmp T_19.256;
T_19.132 ;
    %pushi/vec4 95, 0, 8;
    %store/vec4 v000001f3eeb3d2f0_0, 0, 8;
    %jmp T_19.256;
T_19.133 ;
    %pushi/vec4 151, 0, 8;
    %store/vec4 v000001f3eeb3d2f0_0, 0, 8;
    %jmp T_19.256;
T_19.134 ;
    %pushi/vec4 68, 0, 8;
    %store/vec4 v000001f3eeb3d2f0_0, 0, 8;
    %jmp T_19.256;
T_19.135 ;
    %pushi/vec4 23, 0, 8;
    %store/vec4 v000001f3eeb3d2f0_0, 0, 8;
    %jmp T_19.256;
T_19.136 ;
    %pushi/vec4 196, 0, 8;
    %store/vec4 v000001f3eeb3d2f0_0, 0, 8;
    %jmp T_19.256;
T_19.137 ;
    %pushi/vec4 167, 0, 8;
    %store/vec4 v000001f3eeb3d2f0_0, 0, 8;
    %jmp T_19.256;
T_19.138 ;
    %pushi/vec4 126, 0, 8;
    %store/vec4 v000001f3eeb3d2f0_0, 0, 8;
    %jmp T_19.256;
T_19.139 ;
    %pushi/vec4 61, 0, 8;
    %store/vec4 v000001f3eeb3d2f0_0, 0, 8;
    %jmp T_19.256;
T_19.140 ;
    %pushi/vec4 100, 0, 8;
    %store/vec4 v000001f3eeb3d2f0_0, 0, 8;
    %jmp T_19.256;
T_19.141 ;
    %pushi/vec4 93, 0, 8;
    %store/vec4 v000001f3eeb3d2f0_0, 0, 8;
    %jmp T_19.256;
T_19.142 ;
    %pushi/vec4 25, 0, 8;
    %store/vec4 v000001f3eeb3d2f0_0, 0, 8;
    %jmp T_19.256;
T_19.143 ;
    %pushi/vec4 115, 0, 8;
    %store/vec4 v000001f3eeb3d2f0_0, 0, 8;
    %jmp T_19.256;
T_19.144 ;
    %pushi/vec4 96, 0, 8;
    %store/vec4 v000001f3eeb3d2f0_0, 0, 8;
    %jmp T_19.256;
T_19.145 ;
    %pushi/vec4 129, 0, 8;
    %store/vec4 v000001f3eeb3d2f0_0, 0, 8;
    %jmp T_19.256;
T_19.146 ;
    %pushi/vec4 79, 0, 8;
    %store/vec4 v000001f3eeb3d2f0_0, 0, 8;
    %jmp T_19.256;
T_19.147 ;
    %pushi/vec4 220, 0, 8;
    %store/vec4 v000001f3eeb3d2f0_0, 0, 8;
    %jmp T_19.256;
T_19.148 ;
    %pushi/vec4 34, 0, 8;
    %store/vec4 v000001f3eeb3d2f0_0, 0, 8;
    %jmp T_19.256;
T_19.149 ;
    %pushi/vec4 42, 0, 8;
    %store/vec4 v000001f3eeb3d2f0_0, 0, 8;
    %jmp T_19.256;
T_19.150 ;
    %pushi/vec4 144, 0, 8;
    %store/vec4 v000001f3eeb3d2f0_0, 0, 8;
    %jmp T_19.256;
T_19.151 ;
    %pushi/vec4 136, 0, 8;
    %store/vec4 v000001f3eeb3d2f0_0, 0, 8;
    %jmp T_19.256;
T_19.152 ;
    %pushi/vec4 70, 0, 8;
    %store/vec4 v000001f3eeb3d2f0_0, 0, 8;
    %jmp T_19.256;
T_19.153 ;
    %pushi/vec4 238, 0, 8;
    %store/vec4 v000001f3eeb3d2f0_0, 0, 8;
    %jmp T_19.256;
T_19.154 ;
    %pushi/vec4 184, 0, 8;
    %store/vec4 v000001f3eeb3d2f0_0, 0, 8;
    %jmp T_19.256;
T_19.155 ;
    %pushi/vec4 20, 0, 8;
    %store/vec4 v000001f3eeb3d2f0_0, 0, 8;
    %jmp T_19.256;
T_19.156 ;
    %pushi/vec4 222, 0, 8;
    %store/vec4 v000001f3eeb3d2f0_0, 0, 8;
    %jmp T_19.256;
T_19.157 ;
    %pushi/vec4 94, 0, 8;
    %store/vec4 v000001f3eeb3d2f0_0, 0, 8;
    %jmp T_19.256;
T_19.158 ;
    %pushi/vec4 11, 0, 8;
    %store/vec4 v000001f3eeb3d2f0_0, 0, 8;
    %jmp T_19.256;
T_19.159 ;
    %pushi/vec4 219, 0, 8;
    %store/vec4 v000001f3eeb3d2f0_0, 0, 8;
    %jmp T_19.256;
T_19.160 ;
    %pushi/vec4 224, 0, 8;
    %store/vec4 v000001f3eeb3d2f0_0, 0, 8;
    %jmp T_19.256;
T_19.161 ;
    %pushi/vec4 50, 0, 8;
    %store/vec4 v000001f3eeb3d2f0_0, 0, 8;
    %jmp T_19.256;
T_19.162 ;
    %pushi/vec4 58, 0, 8;
    %store/vec4 v000001f3eeb3d2f0_0, 0, 8;
    %jmp T_19.256;
T_19.163 ;
    %pushi/vec4 10, 0, 8;
    %store/vec4 v000001f3eeb3d2f0_0, 0, 8;
    %jmp T_19.256;
T_19.164 ;
    %pushi/vec4 73, 0, 8;
    %store/vec4 v000001f3eeb3d2f0_0, 0, 8;
    %jmp T_19.256;
T_19.165 ;
    %pushi/vec4 6, 0, 8;
    %store/vec4 v000001f3eeb3d2f0_0, 0, 8;
    %jmp T_19.256;
T_19.166 ;
    %pushi/vec4 36, 0, 8;
    %store/vec4 v000001f3eeb3d2f0_0, 0, 8;
    %jmp T_19.256;
T_19.167 ;
    %pushi/vec4 92, 0, 8;
    %store/vec4 v000001f3eeb3d2f0_0, 0, 8;
    %jmp T_19.256;
T_19.168 ;
    %pushi/vec4 194, 0, 8;
    %store/vec4 v000001f3eeb3d2f0_0, 0, 8;
    %jmp T_19.256;
T_19.169 ;
    %pushi/vec4 211, 0, 8;
    %store/vec4 v000001f3eeb3d2f0_0, 0, 8;
    %jmp T_19.256;
T_19.170 ;
    %pushi/vec4 172, 0, 8;
    %store/vec4 v000001f3eeb3d2f0_0, 0, 8;
    %jmp T_19.256;
T_19.171 ;
    %pushi/vec4 98, 0, 8;
    %store/vec4 v000001f3eeb3d2f0_0, 0, 8;
    %jmp T_19.256;
T_19.172 ;
    %pushi/vec4 145, 0, 8;
    %store/vec4 v000001f3eeb3d2f0_0, 0, 8;
    %jmp T_19.256;
T_19.173 ;
    %pushi/vec4 149, 0, 8;
    %store/vec4 v000001f3eeb3d2f0_0, 0, 8;
    %jmp T_19.256;
T_19.174 ;
    %pushi/vec4 228, 0, 8;
    %store/vec4 v000001f3eeb3d2f0_0, 0, 8;
    %jmp T_19.256;
T_19.175 ;
    %pushi/vec4 121, 0, 8;
    %store/vec4 v000001f3eeb3d2f0_0, 0, 8;
    %jmp T_19.256;
T_19.176 ;
    %pushi/vec4 231, 0, 8;
    %store/vec4 v000001f3eeb3d2f0_0, 0, 8;
    %jmp T_19.256;
T_19.177 ;
    %pushi/vec4 200, 0, 8;
    %store/vec4 v000001f3eeb3d2f0_0, 0, 8;
    %jmp T_19.256;
T_19.178 ;
    %pushi/vec4 55, 0, 8;
    %store/vec4 v000001f3eeb3d2f0_0, 0, 8;
    %jmp T_19.256;
T_19.179 ;
    %pushi/vec4 109, 0, 8;
    %store/vec4 v000001f3eeb3d2f0_0, 0, 8;
    %jmp T_19.256;
T_19.180 ;
    %pushi/vec4 141, 0, 8;
    %store/vec4 v000001f3eeb3d2f0_0, 0, 8;
    %jmp T_19.256;
T_19.181 ;
    %pushi/vec4 213, 0, 8;
    %store/vec4 v000001f3eeb3d2f0_0, 0, 8;
    %jmp T_19.256;
T_19.182 ;
    %pushi/vec4 78, 0, 8;
    %store/vec4 v000001f3eeb3d2f0_0, 0, 8;
    %jmp T_19.256;
T_19.183 ;
    %pushi/vec4 169, 0, 8;
    %store/vec4 v000001f3eeb3d2f0_0, 0, 8;
    %jmp T_19.256;
T_19.184 ;
    %pushi/vec4 108, 0, 8;
    %store/vec4 v000001f3eeb3d2f0_0, 0, 8;
    %jmp T_19.256;
T_19.185 ;
    %pushi/vec4 86, 0, 8;
    %store/vec4 v000001f3eeb3d2f0_0, 0, 8;
    %jmp T_19.256;
T_19.186 ;
    %pushi/vec4 244, 0, 8;
    %store/vec4 v000001f3eeb3d2f0_0, 0, 8;
    %jmp T_19.256;
T_19.187 ;
    %pushi/vec4 234, 0, 8;
    %store/vec4 v000001f3eeb3d2f0_0, 0, 8;
    %jmp T_19.256;
T_19.188 ;
    %pushi/vec4 101, 0, 8;
    %store/vec4 v000001f3eeb3d2f0_0, 0, 8;
    %jmp T_19.256;
T_19.189 ;
    %pushi/vec4 122, 0, 8;
    %store/vec4 v000001f3eeb3d2f0_0, 0, 8;
    %jmp T_19.256;
T_19.190 ;
    %pushi/vec4 174, 0, 8;
    %store/vec4 v000001f3eeb3d2f0_0, 0, 8;
    %jmp T_19.256;
T_19.191 ;
    %pushi/vec4 8, 0, 8;
    %store/vec4 v000001f3eeb3d2f0_0, 0, 8;
    %jmp T_19.256;
T_19.192 ;
    %pushi/vec4 186, 0, 8;
    %store/vec4 v000001f3eeb3d2f0_0, 0, 8;
    %jmp T_19.256;
T_19.193 ;
    %pushi/vec4 120, 0, 8;
    %store/vec4 v000001f3eeb3d2f0_0, 0, 8;
    %jmp T_19.256;
T_19.194 ;
    %pushi/vec4 37, 0, 8;
    %store/vec4 v000001f3eeb3d2f0_0, 0, 8;
    %jmp T_19.256;
T_19.195 ;
    %pushi/vec4 46, 0, 8;
    %store/vec4 v000001f3eeb3d2f0_0, 0, 8;
    %jmp T_19.256;
T_19.196 ;
    %pushi/vec4 28, 0, 8;
    %store/vec4 v000001f3eeb3d2f0_0, 0, 8;
    %jmp T_19.256;
T_19.197 ;
    %pushi/vec4 166, 0, 8;
    %store/vec4 v000001f3eeb3d2f0_0, 0, 8;
    %jmp T_19.256;
T_19.198 ;
    %pushi/vec4 180, 0, 8;
    %store/vec4 v000001f3eeb3d2f0_0, 0, 8;
    %jmp T_19.256;
T_19.199 ;
    %pushi/vec4 198, 0, 8;
    %store/vec4 v000001f3eeb3d2f0_0, 0, 8;
    %jmp T_19.256;
T_19.200 ;
    %pushi/vec4 232, 0, 8;
    %store/vec4 v000001f3eeb3d2f0_0, 0, 8;
    %jmp T_19.256;
T_19.201 ;
    %pushi/vec4 221, 0, 8;
    %store/vec4 v000001f3eeb3d2f0_0, 0, 8;
    %jmp T_19.256;
T_19.202 ;
    %pushi/vec4 116, 0, 8;
    %store/vec4 v000001f3eeb3d2f0_0, 0, 8;
    %jmp T_19.256;
T_19.203 ;
    %pushi/vec4 31, 0, 8;
    %store/vec4 v000001f3eeb3d2f0_0, 0, 8;
    %jmp T_19.256;
T_19.204 ;
    %pushi/vec4 75, 0, 8;
    %store/vec4 v000001f3eeb3d2f0_0, 0, 8;
    %jmp T_19.256;
T_19.205 ;
    %pushi/vec4 189, 0, 8;
    %store/vec4 v000001f3eeb3d2f0_0, 0, 8;
    %jmp T_19.256;
T_19.206 ;
    %pushi/vec4 139, 0, 8;
    %store/vec4 v000001f3eeb3d2f0_0, 0, 8;
    %jmp T_19.256;
T_19.207 ;
    %pushi/vec4 138, 0, 8;
    %store/vec4 v000001f3eeb3d2f0_0, 0, 8;
    %jmp T_19.256;
T_19.208 ;
    %pushi/vec4 112, 0, 8;
    %store/vec4 v000001f3eeb3d2f0_0, 0, 8;
    %jmp T_19.256;
T_19.209 ;
    %pushi/vec4 62, 0, 8;
    %store/vec4 v000001f3eeb3d2f0_0, 0, 8;
    %jmp T_19.256;
T_19.210 ;
    %pushi/vec4 181, 0, 8;
    %store/vec4 v000001f3eeb3d2f0_0, 0, 8;
    %jmp T_19.256;
T_19.211 ;
    %pushi/vec4 102, 0, 8;
    %store/vec4 v000001f3eeb3d2f0_0, 0, 8;
    %jmp T_19.256;
T_19.212 ;
    %pushi/vec4 72, 0, 8;
    %store/vec4 v000001f3eeb3d2f0_0, 0, 8;
    %jmp T_19.256;
T_19.213 ;
    %pushi/vec4 3, 0, 8;
    %store/vec4 v000001f3eeb3d2f0_0, 0, 8;
    %jmp T_19.256;
T_19.214 ;
    %pushi/vec4 246, 0, 8;
    %store/vec4 v000001f3eeb3d2f0_0, 0, 8;
    %jmp T_19.256;
T_19.215 ;
    %pushi/vec4 14, 0, 8;
    %store/vec4 v000001f3eeb3d2f0_0, 0, 8;
    %jmp T_19.256;
T_19.216 ;
    %pushi/vec4 97, 0, 8;
    %store/vec4 v000001f3eeb3d2f0_0, 0, 8;
    %jmp T_19.256;
T_19.217 ;
    %pushi/vec4 53, 0, 8;
    %store/vec4 v000001f3eeb3d2f0_0, 0, 8;
    %jmp T_19.256;
T_19.218 ;
    %pushi/vec4 87, 0, 8;
    %store/vec4 v000001f3eeb3d2f0_0, 0, 8;
    %jmp T_19.256;
T_19.219 ;
    %pushi/vec4 185, 0, 8;
    %store/vec4 v000001f3eeb3d2f0_0, 0, 8;
    %jmp T_19.256;
T_19.220 ;
    %pushi/vec4 134, 0, 8;
    %store/vec4 v000001f3eeb3d2f0_0, 0, 8;
    %jmp T_19.256;
T_19.221 ;
    %pushi/vec4 193, 0, 8;
    %store/vec4 v000001f3eeb3d2f0_0, 0, 8;
    %jmp T_19.256;
T_19.222 ;
    %pushi/vec4 29, 0, 8;
    %store/vec4 v000001f3eeb3d2f0_0, 0, 8;
    %jmp T_19.256;
T_19.223 ;
    %pushi/vec4 158, 0, 8;
    %store/vec4 v000001f3eeb3d2f0_0, 0, 8;
    %jmp T_19.256;
T_19.224 ;
    %pushi/vec4 225, 0, 8;
    %store/vec4 v000001f3eeb3d2f0_0, 0, 8;
    %jmp T_19.256;
T_19.225 ;
    %pushi/vec4 248, 0, 8;
    %store/vec4 v000001f3eeb3d2f0_0, 0, 8;
    %jmp T_19.256;
T_19.226 ;
    %pushi/vec4 152, 0, 8;
    %store/vec4 v000001f3eeb3d2f0_0, 0, 8;
    %jmp T_19.256;
T_19.227 ;
    %pushi/vec4 17, 0, 8;
    %store/vec4 v000001f3eeb3d2f0_0, 0, 8;
    %jmp T_19.256;
T_19.228 ;
    %pushi/vec4 105, 0, 8;
    %store/vec4 v000001f3eeb3d2f0_0, 0, 8;
    %jmp T_19.256;
T_19.229 ;
    %pushi/vec4 217, 0, 8;
    %store/vec4 v000001f3eeb3d2f0_0, 0, 8;
    %jmp T_19.256;
T_19.230 ;
    %pushi/vec4 142, 0, 8;
    %store/vec4 v000001f3eeb3d2f0_0, 0, 8;
    %jmp T_19.256;
T_19.231 ;
    %pushi/vec4 148, 0, 8;
    %store/vec4 v000001f3eeb3d2f0_0, 0, 8;
    %jmp T_19.256;
T_19.232 ;
    %pushi/vec4 155, 0, 8;
    %store/vec4 v000001f3eeb3d2f0_0, 0, 8;
    %jmp T_19.256;
T_19.233 ;
    %pushi/vec4 30, 0, 8;
    %store/vec4 v000001f3eeb3d2f0_0, 0, 8;
    %jmp T_19.256;
T_19.234 ;
    %pushi/vec4 135, 0, 8;
    %store/vec4 v000001f3eeb3d2f0_0, 0, 8;
    %jmp T_19.256;
T_19.235 ;
    %pushi/vec4 233, 0, 8;
    %store/vec4 v000001f3eeb3d2f0_0, 0, 8;
    %jmp T_19.256;
T_19.236 ;
    %pushi/vec4 206, 0, 8;
    %store/vec4 v000001f3eeb3d2f0_0, 0, 8;
    %jmp T_19.256;
T_19.237 ;
    %pushi/vec4 85, 0, 8;
    %store/vec4 v000001f3eeb3d2f0_0, 0, 8;
    %jmp T_19.256;
T_19.238 ;
    %pushi/vec4 40, 0, 8;
    %store/vec4 v000001f3eeb3d2f0_0, 0, 8;
    %jmp T_19.256;
T_19.239 ;
    %pushi/vec4 223, 0, 8;
    %store/vec4 v000001f3eeb3d2f0_0, 0, 8;
    %jmp T_19.256;
T_19.240 ;
    %pushi/vec4 140, 0, 8;
    %store/vec4 v000001f3eeb3d2f0_0, 0, 8;
    %jmp T_19.256;
T_19.241 ;
    %pushi/vec4 161, 0, 8;
    %store/vec4 v000001f3eeb3d2f0_0, 0, 8;
    %jmp T_19.256;
T_19.242 ;
    %pushi/vec4 137, 0, 8;
    %store/vec4 v000001f3eeb3d2f0_0, 0, 8;
    %jmp T_19.256;
T_19.243 ;
    %pushi/vec4 13, 0, 8;
    %store/vec4 v000001f3eeb3d2f0_0, 0, 8;
    %jmp T_19.256;
T_19.244 ;
    %pushi/vec4 191, 0, 8;
    %store/vec4 v000001f3eeb3d2f0_0, 0, 8;
    %jmp T_19.256;
T_19.245 ;
    %pushi/vec4 230, 0, 8;
    %store/vec4 v000001f3eeb3d2f0_0, 0, 8;
    %jmp T_19.256;
T_19.246 ;
    %pushi/vec4 66, 0, 8;
    %store/vec4 v000001f3eeb3d2f0_0, 0, 8;
    %jmp T_19.256;
T_19.247 ;
    %pushi/vec4 104, 0, 8;
    %store/vec4 v000001f3eeb3d2f0_0, 0, 8;
    %jmp T_19.256;
T_19.248 ;
    %pushi/vec4 65, 0, 8;
    %store/vec4 v000001f3eeb3d2f0_0, 0, 8;
    %jmp T_19.256;
T_19.249 ;
    %pushi/vec4 153, 0, 8;
    %store/vec4 v000001f3eeb3d2f0_0, 0, 8;
    %jmp T_19.256;
T_19.250 ;
    %pushi/vec4 45, 0, 8;
    %store/vec4 v000001f3eeb3d2f0_0, 0, 8;
    %jmp T_19.256;
T_19.251 ;
    %pushi/vec4 15, 0, 8;
    %store/vec4 v000001f3eeb3d2f0_0, 0, 8;
    %jmp T_19.256;
T_19.252 ;
    %pushi/vec4 176, 0, 8;
    %store/vec4 v000001f3eeb3d2f0_0, 0, 8;
    %jmp T_19.256;
T_19.253 ;
    %pushi/vec4 84, 0, 8;
    %store/vec4 v000001f3eeb3d2f0_0, 0, 8;
    %jmp T_19.256;
T_19.254 ;
    %pushi/vec4 187, 0, 8;
    %store/vec4 v000001f3eeb3d2f0_0, 0, 8;
    %jmp T_19.256;
T_19.255 ;
    %pushi/vec4 22, 0, 8;
    %store/vec4 v000001f3eeb3d2f0_0, 0, 8;
    %jmp T_19.256;
T_19.256 ;
    %pop/vec4 1;
    %jmp T_19;
    .thread T_19, $push;
    .scope S_000001f3eeb3dc30;
T_20 ;
    %wait E_000001f3eeabfac0;
    %load/vec4 v000001f3eeb3d7f0_0;
    %dup/vec4;
    %pushi/vec4 0, 0, 8;
    %cmp/u;
    %jmp/1 T_20.0, 6;
    %dup/vec4;
    %pushi/vec4 1, 0, 8;
    %cmp/u;
    %jmp/1 T_20.1, 6;
    %dup/vec4;
    %pushi/vec4 2, 0, 8;
    %cmp/u;
    %jmp/1 T_20.2, 6;
    %dup/vec4;
    %pushi/vec4 3, 0, 8;
    %cmp/u;
    %jmp/1 T_20.3, 6;
    %dup/vec4;
    %pushi/vec4 4, 0, 8;
    %cmp/u;
    %jmp/1 T_20.4, 6;
    %dup/vec4;
    %pushi/vec4 5, 0, 8;
    %cmp/u;
    %jmp/1 T_20.5, 6;
    %dup/vec4;
    %pushi/vec4 6, 0, 8;
    %cmp/u;
    %jmp/1 T_20.6, 6;
    %dup/vec4;
    %pushi/vec4 7, 0, 8;
    %cmp/u;
    %jmp/1 T_20.7, 6;
    %dup/vec4;
    %pushi/vec4 8, 0, 8;
    %cmp/u;
    %jmp/1 T_20.8, 6;
    %dup/vec4;
    %pushi/vec4 9, 0, 8;
    %cmp/u;
    %jmp/1 T_20.9, 6;
    %dup/vec4;
    %pushi/vec4 10, 0, 8;
    %cmp/u;
    %jmp/1 T_20.10, 6;
    %dup/vec4;
    %pushi/vec4 11, 0, 8;
    %cmp/u;
    %jmp/1 T_20.11, 6;
    %dup/vec4;
    %pushi/vec4 12, 0, 8;
    %cmp/u;
    %jmp/1 T_20.12, 6;
    %dup/vec4;
    %pushi/vec4 13, 0, 8;
    %cmp/u;
    %jmp/1 T_20.13, 6;
    %dup/vec4;
    %pushi/vec4 14, 0, 8;
    %cmp/u;
    %jmp/1 T_20.14, 6;
    %dup/vec4;
    %pushi/vec4 15, 0, 8;
    %cmp/u;
    %jmp/1 T_20.15, 6;
    %dup/vec4;
    %pushi/vec4 16, 0, 8;
    %cmp/u;
    %jmp/1 T_20.16, 6;
    %dup/vec4;
    %pushi/vec4 17, 0, 8;
    %cmp/u;
    %jmp/1 T_20.17, 6;
    %dup/vec4;
    %pushi/vec4 18, 0, 8;
    %cmp/u;
    %jmp/1 T_20.18, 6;
    %dup/vec4;
    %pushi/vec4 19, 0, 8;
    %cmp/u;
    %jmp/1 T_20.19, 6;
    %dup/vec4;
    %pushi/vec4 20, 0, 8;
    %cmp/u;
    %jmp/1 T_20.20, 6;
    %dup/vec4;
    %pushi/vec4 21, 0, 8;
    %cmp/u;
    %jmp/1 T_20.21, 6;
    %dup/vec4;
    %pushi/vec4 22, 0, 8;
    %cmp/u;
    %jmp/1 T_20.22, 6;
    %dup/vec4;
    %pushi/vec4 23, 0, 8;
    %cmp/u;
    %jmp/1 T_20.23, 6;
    %dup/vec4;
    %pushi/vec4 24, 0, 8;
    %cmp/u;
    %jmp/1 T_20.24, 6;
    %dup/vec4;
    %pushi/vec4 25, 0, 8;
    %cmp/u;
    %jmp/1 T_20.25, 6;
    %dup/vec4;
    %pushi/vec4 26, 0, 8;
    %cmp/u;
    %jmp/1 T_20.26, 6;
    %dup/vec4;
    %pushi/vec4 27, 0, 8;
    %cmp/u;
    %jmp/1 T_20.27, 6;
    %dup/vec4;
    %pushi/vec4 28, 0, 8;
    %cmp/u;
    %jmp/1 T_20.28, 6;
    %dup/vec4;
    %pushi/vec4 29, 0, 8;
    %cmp/u;
    %jmp/1 T_20.29, 6;
    %dup/vec4;
    %pushi/vec4 30, 0, 8;
    %cmp/u;
    %jmp/1 T_20.30, 6;
    %dup/vec4;
    %pushi/vec4 31, 0, 8;
    %cmp/u;
    %jmp/1 T_20.31, 6;
    %dup/vec4;
    %pushi/vec4 32, 0, 8;
    %cmp/u;
    %jmp/1 T_20.32, 6;
    %dup/vec4;
    %pushi/vec4 33, 0, 8;
    %cmp/u;
    %jmp/1 T_20.33, 6;
    %dup/vec4;
    %pushi/vec4 34, 0, 8;
    %cmp/u;
    %jmp/1 T_20.34, 6;
    %dup/vec4;
    %pushi/vec4 35, 0, 8;
    %cmp/u;
    %jmp/1 T_20.35, 6;
    %dup/vec4;
    %pushi/vec4 36, 0, 8;
    %cmp/u;
    %jmp/1 T_20.36, 6;
    %dup/vec4;
    %pushi/vec4 37, 0, 8;
    %cmp/u;
    %jmp/1 T_20.37, 6;
    %dup/vec4;
    %pushi/vec4 38, 0, 8;
    %cmp/u;
    %jmp/1 T_20.38, 6;
    %dup/vec4;
    %pushi/vec4 39, 0, 8;
    %cmp/u;
    %jmp/1 T_20.39, 6;
    %dup/vec4;
    %pushi/vec4 40, 0, 8;
    %cmp/u;
    %jmp/1 T_20.40, 6;
    %dup/vec4;
    %pushi/vec4 41, 0, 8;
    %cmp/u;
    %jmp/1 T_20.41, 6;
    %dup/vec4;
    %pushi/vec4 42, 0, 8;
    %cmp/u;
    %jmp/1 T_20.42, 6;
    %dup/vec4;
    %pushi/vec4 43, 0, 8;
    %cmp/u;
    %jmp/1 T_20.43, 6;
    %dup/vec4;
    %pushi/vec4 44, 0, 8;
    %cmp/u;
    %jmp/1 T_20.44, 6;
    %dup/vec4;
    %pushi/vec4 45, 0, 8;
    %cmp/u;
    %jmp/1 T_20.45, 6;
    %dup/vec4;
    %pushi/vec4 46, 0, 8;
    %cmp/u;
    %jmp/1 T_20.46, 6;
    %dup/vec4;
    %pushi/vec4 47, 0, 8;
    %cmp/u;
    %jmp/1 T_20.47, 6;
    %dup/vec4;
    %pushi/vec4 48, 0, 8;
    %cmp/u;
    %jmp/1 T_20.48, 6;
    %dup/vec4;
    %pushi/vec4 49, 0, 8;
    %cmp/u;
    %jmp/1 T_20.49, 6;
    %dup/vec4;
    %pushi/vec4 50, 0, 8;
    %cmp/u;
    %jmp/1 T_20.50, 6;
    %dup/vec4;
    %pushi/vec4 51, 0, 8;
    %cmp/u;
    %jmp/1 T_20.51, 6;
    %dup/vec4;
    %pushi/vec4 52, 0, 8;
    %cmp/u;
    %jmp/1 T_20.52, 6;
    %dup/vec4;
    %pushi/vec4 53, 0, 8;
    %cmp/u;
    %jmp/1 T_20.53, 6;
    %dup/vec4;
    %pushi/vec4 54, 0, 8;
    %cmp/u;
    %jmp/1 T_20.54, 6;
    %dup/vec4;
    %pushi/vec4 55, 0, 8;
    %cmp/u;
    %jmp/1 T_20.55, 6;
    %dup/vec4;
    %pushi/vec4 56, 0, 8;
    %cmp/u;
    %jmp/1 T_20.56, 6;
    %dup/vec4;
    %pushi/vec4 57, 0, 8;
    %cmp/u;
    %jmp/1 T_20.57, 6;
    %dup/vec4;
    %pushi/vec4 58, 0, 8;
    %cmp/u;
    %jmp/1 T_20.58, 6;
    %dup/vec4;
    %pushi/vec4 59, 0, 8;
    %cmp/u;
    %jmp/1 T_20.59, 6;
    %dup/vec4;
    %pushi/vec4 60, 0, 8;
    %cmp/u;
    %jmp/1 T_20.60, 6;
    %dup/vec4;
    %pushi/vec4 61, 0, 8;
    %cmp/u;
    %jmp/1 T_20.61, 6;
    %dup/vec4;
    %pushi/vec4 62, 0, 8;
    %cmp/u;
    %jmp/1 T_20.62, 6;
    %dup/vec4;
    %pushi/vec4 63, 0, 8;
    %cmp/u;
    %jmp/1 T_20.63, 6;
    %dup/vec4;
    %pushi/vec4 64, 0, 8;
    %cmp/u;
    %jmp/1 T_20.64, 6;
    %dup/vec4;
    %pushi/vec4 65, 0, 8;
    %cmp/u;
    %jmp/1 T_20.65, 6;
    %dup/vec4;
    %pushi/vec4 66, 0, 8;
    %cmp/u;
    %jmp/1 T_20.66, 6;
    %dup/vec4;
    %pushi/vec4 67, 0, 8;
    %cmp/u;
    %jmp/1 T_20.67, 6;
    %dup/vec4;
    %pushi/vec4 68, 0, 8;
    %cmp/u;
    %jmp/1 T_20.68, 6;
    %dup/vec4;
    %pushi/vec4 69, 0, 8;
    %cmp/u;
    %jmp/1 T_20.69, 6;
    %dup/vec4;
    %pushi/vec4 70, 0, 8;
    %cmp/u;
    %jmp/1 T_20.70, 6;
    %dup/vec4;
    %pushi/vec4 71, 0, 8;
    %cmp/u;
    %jmp/1 T_20.71, 6;
    %dup/vec4;
    %pushi/vec4 72, 0, 8;
    %cmp/u;
    %jmp/1 T_20.72, 6;
    %dup/vec4;
    %pushi/vec4 73, 0, 8;
    %cmp/u;
    %jmp/1 T_20.73, 6;
    %dup/vec4;
    %pushi/vec4 74, 0, 8;
    %cmp/u;
    %jmp/1 T_20.74, 6;
    %dup/vec4;
    %pushi/vec4 75, 0, 8;
    %cmp/u;
    %jmp/1 T_20.75, 6;
    %dup/vec4;
    %pushi/vec4 76, 0, 8;
    %cmp/u;
    %jmp/1 T_20.76, 6;
    %dup/vec4;
    %pushi/vec4 77, 0, 8;
    %cmp/u;
    %jmp/1 T_20.77, 6;
    %dup/vec4;
    %pushi/vec4 78, 0, 8;
    %cmp/u;
    %jmp/1 T_20.78, 6;
    %dup/vec4;
    %pushi/vec4 79, 0, 8;
    %cmp/u;
    %jmp/1 T_20.79, 6;
    %dup/vec4;
    %pushi/vec4 80, 0, 8;
    %cmp/u;
    %jmp/1 T_20.80, 6;
    %dup/vec4;
    %pushi/vec4 81, 0, 8;
    %cmp/u;
    %jmp/1 T_20.81, 6;
    %dup/vec4;
    %pushi/vec4 82, 0, 8;
    %cmp/u;
    %jmp/1 T_20.82, 6;
    %dup/vec4;
    %pushi/vec4 83, 0, 8;
    %cmp/u;
    %jmp/1 T_20.83, 6;
    %dup/vec4;
    %pushi/vec4 84, 0, 8;
    %cmp/u;
    %jmp/1 T_20.84, 6;
    %dup/vec4;
    %pushi/vec4 85, 0, 8;
    %cmp/u;
    %jmp/1 T_20.85, 6;
    %dup/vec4;
    %pushi/vec4 86, 0, 8;
    %cmp/u;
    %jmp/1 T_20.86, 6;
    %dup/vec4;
    %pushi/vec4 87, 0, 8;
    %cmp/u;
    %jmp/1 T_20.87, 6;
    %dup/vec4;
    %pushi/vec4 88, 0, 8;
    %cmp/u;
    %jmp/1 T_20.88, 6;
    %dup/vec4;
    %pushi/vec4 89, 0, 8;
    %cmp/u;
    %jmp/1 T_20.89, 6;
    %dup/vec4;
    %pushi/vec4 90, 0, 8;
    %cmp/u;
    %jmp/1 T_20.90, 6;
    %dup/vec4;
    %pushi/vec4 91, 0, 8;
    %cmp/u;
    %jmp/1 T_20.91, 6;
    %dup/vec4;
    %pushi/vec4 92, 0, 8;
    %cmp/u;
    %jmp/1 T_20.92, 6;
    %dup/vec4;
    %pushi/vec4 93, 0, 8;
    %cmp/u;
    %jmp/1 T_20.93, 6;
    %dup/vec4;
    %pushi/vec4 94, 0, 8;
    %cmp/u;
    %jmp/1 T_20.94, 6;
    %dup/vec4;
    %pushi/vec4 95, 0, 8;
    %cmp/u;
    %jmp/1 T_20.95, 6;
    %dup/vec4;
    %pushi/vec4 96, 0, 8;
    %cmp/u;
    %jmp/1 T_20.96, 6;
    %dup/vec4;
    %pushi/vec4 97, 0, 8;
    %cmp/u;
    %jmp/1 T_20.97, 6;
    %dup/vec4;
    %pushi/vec4 98, 0, 8;
    %cmp/u;
    %jmp/1 T_20.98, 6;
    %dup/vec4;
    %pushi/vec4 99, 0, 8;
    %cmp/u;
    %jmp/1 T_20.99, 6;
    %dup/vec4;
    %pushi/vec4 100, 0, 8;
    %cmp/u;
    %jmp/1 T_20.100, 6;
    %dup/vec4;
    %pushi/vec4 101, 0, 8;
    %cmp/u;
    %jmp/1 T_20.101, 6;
    %dup/vec4;
    %pushi/vec4 102, 0, 8;
    %cmp/u;
    %jmp/1 T_20.102, 6;
    %dup/vec4;
    %pushi/vec4 103, 0, 8;
    %cmp/u;
    %jmp/1 T_20.103, 6;
    %dup/vec4;
    %pushi/vec4 104, 0, 8;
    %cmp/u;
    %jmp/1 T_20.104, 6;
    %dup/vec4;
    %pushi/vec4 105, 0, 8;
    %cmp/u;
    %jmp/1 T_20.105, 6;
    %dup/vec4;
    %pushi/vec4 106, 0, 8;
    %cmp/u;
    %jmp/1 T_20.106, 6;
    %dup/vec4;
    %pushi/vec4 107, 0, 8;
    %cmp/u;
    %jmp/1 T_20.107, 6;
    %dup/vec4;
    %pushi/vec4 108, 0, 8;
    %cmp/u;
    %jmp/1 T_20.108, 6;
    %dup/vec4;
    %pushi/vec4 109, 0, 8;
    %cmp/u;
    %jmp/1 T_20.109, 6;
    %dup/vec4;
    %pushi/vec4 110, 0, 8;
    %cmp/u;
    %jmp/1 T_20.110, 6;
    %dup/vec4;
    %pushi/vec4 111, 0, 8;
    %cmp/u;
    %jmp/1 T_20.111, 6;
    %dup/vec4;
    %pushi/vec4 112, 0, 8;
    %cmp/u;
    %jmp/1 T_20.112, 6;
    %dup/vec4;
    %pushi/vec4 113, 0, 8;
    %cmp/u;
    %jmp/1 T_20.113, 6;
    %dup/vec4;
    %pushi/vec4 114, 0, 8;
    %cmp/u;
    %jmp/1 T_20.114, 6;
    %dup/vec4;
    %pushi/vec4 115, 0, 8;
    %cmp/u;
    %jmp/1 T_20.115, 6;
    %dup/vec4;
    %pushi/vec4 116, 0, 8;
    %cmp/u;
    %jmp/1 T_20.116, 6;
    %dup/vec4;
    %pushi/vec4 117, 0, 8;
    %cmp/u;
    %jmp/1 T_20.117, 6;
    %dup/vec4;
    %pushi/vec4 118, 0, 8;
    %cmp/u;
    %jmp/1 T_20.118, 6;
    %dup/vec4;
    %pushi/vec4 119, 0, 8;
    %cmp/u;
    %jmp/1 T_20.119, 6;
    %dup/vec4;
    %pushi/vec4 120, 0, 8;
    %cmp/u;
    %jmp/1 T_20.120, 6;
    %dup/vec4;
    %pushi/vec4 121, 0, 8;
    %cmp/u;
    %jmp/1 T_20.121, 6;
    %dup/vec4;
    %pushi/vec4 122, 0, 8;
    %cmp/u;
    %jmp/1 T_20.122, 6;
    %dup/vec4;
    %pushi/vec4 123, 0, 8;
    %cmp/u;
    %jmp/1 T_20.123, 6;
    %dup/vec4;
    %pushi/vec4 124, 0, 8;
    %cmp/u;
    %jmp/1 T_20.124, 6;
    %dup/vec4;
    %pushi/vec4 125, 0, 8;
    %cmp/u;
    %jmp/1 T_20.125, 6;
    %dup/vec4;
    %pushi/vec4 126, 0, 8;
    %cmp/u;
    %jmp/1 T_20.126, 6;
    %dup/vec4;
    %pushi/vec4 127, 0, 8;
    %cmp/u;
    %jmp/1 T_20.127, 6;
    %dup/vec4;
    %pushi/vec4 128, 0, 8;
    %cmp/u;
    %jmp/1 T_20.128, 6;
    %dup/vec4;
    %pushi/vec4 129, 0, 8;
    %cmp/u;
    %jmp/1 T_20.129, 6;
    %dup/vec4;
    %pushi/vec4 130, 0, 8;
    %cmp/u;
    %jmp/1 T_20.130, 6;
    %dup/vec4;
    %pushi/vec4 131, 0, 8;
    %cmp/u;
    %jmp/1 T_20.131, 6;
    %dup/vec4;
    %pushi/vec4 132, 0, 8;
    %cmp/u;
    %jmp/1 T_20.132, 6;
    %dup/vec4;
    %pushi/vec4 133, 0, 8;
    %cmp/u;
    %jmp/1 T_20.133, 6;
    %dup/vec4;
    %pushi/vec4 134, 0, 8;
    %cmp/u;
    %jmp/1 T_20.134, 6;
    %dup/vec4;
    %pushi/vec4 135, 0, 8;
    %cmp/u;
    %jmp/1 T_20.135, 6;
    %dup/vec4;
    %pushi/vec4 136, 0, 8;
    %cmp/u;
    %jmp/1 T_20.136, 6;
    %dup/vec4;
    %pushi/vec4 137, 0, 8;
    %cmp/u;
    %jmp/1 T_20.137, 6;
    %dup/vec4;
    %pushi/vec4 138, 0, 8;
    %cmp/u;
    %jmp/1 T_20.138, 6;
    %dup/vec4;
    %pushi/vec4 139, 0, 8;
    %cmp/u;
    %jmp/1 T_20.139, 6;
    %dup/vec4;
    %pushi/vec4 140, 0, 8;
    %cmp/u;
    %jmp/1 T_20.140, 6;
    %dup/vec4;
    %pushi/vec4 141, 0, 8;
    %cmp/u;
    %jmp/1 T_20.141, 6;
    %dup/vec4;
    %pushi/vec4 142, 0, 8;
    %cmp/u;
    %jmp/1 T_20.142, 6;
    %dup/vec4;
    %pushi/vec4 143, 0, 8;
    %cmp/u;
    %jmp/1 T_20.143, 6;
    %dup/vec4;
    %pushi/vec4 144, 0, 8;
    %cmp/u;
    %jmp/1 T_20.144, 6;
    %dup/vec4;
    %pushi/vec4 145, 0, 8;
    %cmp/u;
    %jmp/1 T_20.145, 6;
    %dup/vec4;
    %pushi/vec4 146, 0, 8;
    %cmp/u;
    %jmp/1 T_20.146, 6;
    %dup/vec4;
    %pushi/vec4 147, 0, 8;
    %cmp/u;
    %jmp/1 T_20.147, 6;
    %dup/vec4;
    %pushi/vec4 148, 0, 8;
    %cmp/u;
    %jmp/1 T_20.148, 6;
    %dup/vec4;
    %pushi/vec4 149, 0, 8;
    %cmp/u;
    %jmp/1 T_20.149, 6;
    %dup/vec4;
    %pushi/vec4 150, 0, 8;
    %cmp/u;
    %jmp/1 T_20.150, 6;
    %dup/vec4;
    %pushi/vec4 151, 0, 8;
    %cmp/u;
    %jmp/1 T_20.151, 6;
    %dup/vec4;
    %pushi/vec4 152, 0, 8;
    %cmp/u;
    %jmp/1 T_20.152, 6;
    %dup/vec4;
    %pushi/vec4 153, 0, 8;
    %cmp/u;
    %jmp/1 T_20.153, 6;
    %dup/vec4;
    %pushi/vec4 154, 0, 8;
    %cmp/u;
    %jmp/1 T_20.154, 6;
    %dup/vec4;
    %pushi/vec4 155, 0, 8;
    %cmp/u;
    %jmp/1 T_20.155, 6;
    %dup/vec4;
    %pushi/vec4 156, 0, 8;
    %cmp/u;
    %jmp/1 T_20.156, 6;
    %dup/vec4;
    %pushi/vec4 157, 0, 8;
    %cmp/u;
    %jmp/1 T_20.157, 6;
    %dup/vec4;
    %pushi/vec4 158, 0, 8;
    %cmp/u;
    %jmp/1 T_20.158, 6;
    %dup/vec4;
    %pushi/vec4 159, 0, 8;
    %cmp/u;
    %jmp/1 T_20.159, 6;
    %dup/vec4;
    %pushi/vec4 160, 0, 8;
    %cmp/u;
    %jmp/1 T_20.160, 6;
    %dup/vec4;
    %pushi/vec4 161, 0, 8;
    %cmp/u;
    %jmp/1 T_20.161, 6;
    %dup/vec4;
    %pushi/vec4 162, 0, 8;
    %cmp/u;
    %jmp/1 T_20.162, 6;
    %dup/vec4;
    %pushi/vec4 163, 0, 8;
    %cmp/u;
    %jmp/1 T_20.163, 6;
    %dup/vec4;
    %pushi/vec4 164, 0, 8;
    %cmp/u;
    %jmp/1 T_20.164, 6;
    %dup/vec4;
    %pushi/vec4 165, 0, 8;
    %cmp/u;
    %jmp/1 T_20.165, 6;
    %dup/vec4;
    %pushi/vec4 166, 0, 8;
    %cmp/u;
    %jmp/1 T_20.166, 6;
    %dup/vec4;
    %pushi/vec4 167, 0, 8;
    %cmp/u;
    %jmp/1 T_20.167, 6;
    %dup/vec4;
    %pushi/vec4 168, 0, 8;
    %cmp/u;
    %jmp/1 T_20.168, 6;
    %dup/vec4;
    %pushi/vec4 169, 0, 8;
    %cmp/u;
    %jmp/1 T_20.169, 6;
    %dup/vec4;
    %pushi/vec4 170, 0, 8;
    %cmp/u;
    %jmp/1 T_20.170, 6;
    %dup/vec4;
    %pushi/vec4 171, 0, 8;
    %cmp/u;
    %jmp/1 T_20.171, 6;
    %dup/vec4;
    %pushi/vec4 172, 0, 8;
    %cmp/u;
    %jmp/1 T_20.172, 6;
    %dup/vec4;
    %pushi/vec4 173, 0, 8;
    %cmp/u;
    %jmp/1 T_20.173, 6;
    %dup/vec4;
    %pushi/vec4 174, 0, 8;
    %cmp/u;
    %jmp/1 T_20.174, 6;
    %dup/vec4;
    %pushi/vec4 175, 0, 8;
    %cmp/u;
    %jmp/1 T_20.175, 6;
    %dup/vec4;
    %pushi/vec4 176, 0, 8;
    %cmp/u;
    %jmp/1 T_20.176, 6;
    %dup/vec4;
    %pushi/vec4 177, 0, 8;
    %cmp/u;
    %jmp/1 T_20.177, 6;
    %dup/vec4;
    %pushi/vec4 178, 0, 8;
    %cmp/u;
    %jmp/1 T_20.178, 6;
    %dup/vec4;
    %pushi/vec4 179, 0, 8;
    %cmp/u;
    %jmp/1 T_20.179, 6;
    %dup/vec4;
    %pushi/vec4 180, 0, 8;
    %cmp/u;
    %jmp/1 T_20.180, 6;
    %dup/vec4;
    %pushi/vec4 181, 0, 8;
    %cmp/u;
    %jmp/1 T_20.181, 6;
    %dup/vec4;
    %pushi/vec4 182, 0, 8;
    %cmp/u;
    %jmp/1 T_20.182, 6;
    %dup/vec4;
    %pushi/vec4 183, 0, 8;
    %cmp/u;
    %jmp/1 T_20.183, 6;
    %dup/vec4;
    %pushi/vec4 184, 0, 8;
    %cmp/u;
    %jmp/1 T_20.184, 6;
    %dup/vec4;
    %pushi/vec4 185, 0, 8;
    %cmp/u;
    %jmp/1 T_20.185, 6;
    %dup/vec4;
    %pushi/vec4 186, 0, 8;
    %cmp/u;
    %jmp/1 T_20.186, 6;
    %dup/vec4;
    %pushi/vec4 187, 0, 8;
    %cmp/u;
    %jmp/1 T_20.187, 6;
    %dup/vec4;
    %pushi/vec4 188, 0, 8;
    %cmp/u;
    %jmp/1 T_20.188, 6;
    %dup/vec4;
    %pushi/vec4 189, 0, 8;
    %cmp/u;
    %jmp/1 T_20.189, 6;
    %dup/vec4;
    %pushi/vec4 190, 0, 8;
    %cmp/u;
    %jmp/1 T_20.190, 6;
    %dup/vec4;
    %pushi/vec4 191, 0, 8;
    %cmp/u;
    %jmp/1 T_20.191, 6;
    %dup/vec4;
    %pushi/vec4 192, 0, 8;
    %cmp/u;
    %jmp/1 T_20.192, 6;
    %dup/vec4;
    %pushi/vec4 193, 0, 8;
    %cmp/u;
    %jmp/1 T_20.193, 6;
    %dup/vec4;
    %pushi/vec4 194, 0, 8;
    %cmp/u;
    %jmp/1 T_20.194, 6;
    %dup/vec4;
    %pushi/vec4 195, 0, 8;
    %cmp/u;
    %jmp/1 T_20.195, 6;
    %dup/vec4;
    %pushi/vec4 196, 0, 8;
    %cmp/u;
    %jmp/1 T_20.196, 6;
    %dup/vec4;
    %pushi/vec4 197, 0, 8;
    %cmp/u;
    %jmp/1 T_20.197, 6;
    %dup/vec4;
    %pushi/vec4 198, 0, 8;
    %cmp/u;
    %jmp/1 T_20.198, 6;
    %dup/vec4;
    %pushi/vec4 199, 0, 8;
    %cmp/u;
    %jmp/1 T_20.199, 6;
    %dup/vec4;
    %pushi/vec4 200, 0, 8;
    %cmp/u;
    %jmp/1 T_20.200, 6;
    %dup/vec4;
    %pushi/vec4 201, 0, 8;
    %cmp/u;
    %jmp/1 T_20.201, 6;
    %dup/vec4;
    %pushi/vec4 202, 0, 8;
    %cmp/u;
    %jmp/1 T_20.202, 6;
    %dup/vec4;
    %pushi/vec4 203, 0, 8;
    %cmp/u;
    %jmp/1 T_20.203, 6;
    %dup/vec4;
    %pushi/vec4 204, 0, 8;
    %cmp/u;
    %jmp/1 T_20.204, 6;
    %dup/vec4;
    %pushi/vec4 205, 0, 8;
    %cmp/u;
    %jmp/1 T_20.205, 6;
    %dup/vec4;
    %pushi/vec4 206, 0, 8;
    %cmp/u;
    %jmp/1 T_20.206, 6;
    %dup/vec4;
    %pushi/vec4 207, 0, 8;
    %cmp/u;
    %jmp/1 T_20.207, 6;
    %dup/vec4;
    %pushi/vec4 208, 0, 8;
    %cmp/u;
    %jmp/1 T_20.208, 6;
    %dup/vec4;
    %pushi/vec4 209, 0, 8;
    %cmp/u;
    %jmp/1 T_20.209, 6;
    %dup/vec4;
    %pushi/vec4 210, 0, 8;
    %cmp/u;
    %jmp/1 T_20.210, 6;
    %dup/vec4;
    %pushi/vec4 211, 0, 8;
    %cmp/u;
    %jmp/1 T_20.211, 6;
    %dup/vec4;
    %pushi/vec4 212, 0, 8;
    %cmp/u;
    %jmp/1 T_20.212, 6;
    %dup/vec4;
    %pushi/vec4 213, 0, 8;
    %cmp/u;
    %jmp/1 T_20.213, 6;
    %dup/vec4;
    %pushi/vec4 214, 0, 8;
    %cmp/u;
    %jmp/1 T_20.214, 6;
    %dup/vec4;
    %pushi/vec4 215, 0, 8;
    %cmp/u;
    %jmp/1 T_20.215, 6;
    %dup/vec4;
    %pushi/vec4 216, 0, 8;
    %cmp/u;
    %jmp/1 T_20.216, 6;
    %dup/vec4;
    %pushi/vec4 217, 0, 8;
    %cmp/u;
    %jmp/1 T_20.217, 6;
    %dup/vec4;
    %pushi/vec4 218, 0, 8;
    %cmp/u;
    %jmp/1 T_20.218, 6;
    %dup/vec4;
    %pushi/vec4 219, 0, 8;
    %cmp/u;
    %jmp/1 T_20.219, 6;
    %dup/vec4;
    %pushi/vec4 220, 0, 8;
    %cmp/u;
    %jmp/1 T_20.220, 6;
    %dup/vec4;
    %pushi/vec4 221, 0, 8;
    %cmp/u;
    %jmp/1 T_20.221, 6;
    %dup/vec4;
    %pushi/vec4 222, 0, 8;
    %cmp/u;
    %jmp/1 T_20.222, 6;
    %dup/vec4;
    %pushi/vec4 223, 0, 8;
    %cmp/u;
    %jmp/1 T_20.223, 6;
    %dup/vec4;
    %pushi/vec4 224, 0, 8;
    %cmp/u;
    %jmp/1 T_20.224, 6;
    %dup/vec4;
    %pushi/vec4 225, 0, 8;
    %cmp/u;
    %jmp/1 T_20.225, 6;
    %dup/vec4;
    %pushi/vec4 226, 0, 8;
    %cmp/u;
    %jmp/1 T_20.226, 6;
    %dup/vec4;
    %pushi/vec4 227, 0, 8;
    %cmp/u;
    %jmp/1 T_20.227, 6;
    %dup/vec4;
    %pushi/vec4 228, 0, 8;
    %cmp/u;
    %jmp/1 T_20.228, 6;
    %dup/vec4;
    %pushi/vec4 229, 0, 8;
    %cmp/u;
    %jmp/1 T_20.229, 6;
    %dup/vec4;
    %pushi/vec4 230, 0, 8;
    %cmp/u;
    %jmp/1 T_20.230, 6;
    %dup/vec4;
    %pushi/vec4 231, 0, 8;
    %cmp/u;
    %jmp/1 T_20.231, 6;
    %dup/vec4;
    %pushi/vec4 232, 0, 8;
    %cmp/u;
    %jmp/1 T_20.232, 6;
    %dup/vec4;
    %pushi/vec4 233, 0, 8;
    %cmp/u;
    %jmp/1 T_20.233, 6;
    %dup/vec4;
    %pushi/vec4 234, 0, 8;
    %cmp/u;
    %jmp/1 T_20.234, 6;
    %dup/vec4;
    %pushi/vec4 235, 0, 8;
    %cmp/u;
    %jmp/1 T_20.235, 6;
    %dup/vec4;
    %pushi/vec4 236, 0, 8;
    %cmp/u;
    %jmp/1 T_20.236, 6;
    %dup/vec4;
    %pushi/vec4 237, 0, 8;
    %cmp/u;
    %jmp/1 T_20.237, 6;
    %dup/vec4;
    %pushi/vec4 238, 0, 8;
    %cmp/u;
    %jmp/1 T_20.238, 6;
    %dup/vec4;
    %pushi/vec4 239, 0, 8;
    %cmp/u;
    %jmp/1 T_20.239, 6;
    %dup/vec4;
    %pushi/vec4 240, 0, 8;
    %cmp/u;
    %jmp/1 T_20.240, 6;
    %dup/vec4;
    %pushi/vec4 241, 0, 8;
    %cmp/u;
    %jmp/1 T_20.241, 6;
    %dup/vec4;
    %pushi/vec4 242, 0, 8;
    %cmp/u;
    %jmp/1 T_20.242, 6;
    %dup/vec4;
    %pushi/vec4 243, 0, 8;
    %cmp/u;
    %jmp/1 T_20.243, 6;
    %dup/vec4;
    %pushi/vec4 244, 0, 8;
    %cmp/u;
    %jmp/1 T_20.244, 6;
    %dup/vec4;
    %pushi/vec4 245, 0, 8;
    %cmp/u;
    %jmp/1 T_20.245, 6;
    %dup/vec4;
    %pushi/vec4 246, 0, 8;
    %cmp/u;
    %jmp/1 T_20.246, 6;
    %dup/vec4;
    %pushi/vec4 247, 0, 8;
    %cmp/u;
    %jmp/1 T_20.247, 6;
    %dup/vec4;
    %pushi/vec4 248, 0, 8;
    %cmp/u;
    %jmp/1 T_20.248, 6;
    %dup/vec4;
    %pushi/vec4 249, 0, 8;
    %cmp/u;
    %jmp/1 T_20.249, 6;
    %dup/vec4;
    %pushi/vec4 250, 0, 8;
    %cmp/u;
    %jmp/1 T_20.250, 6;
    %dup/vec4;
    %pushi/vec4 251, 0, 8;
    %cmp/u;
    %jmp/1 T_20.251, 6;
    %dup/vec4;
    %pushi/vec4 252, 0, 8;
    %cmp/u;
    %jmp/1 T_20.252, 6;
    %dup/vec4;
    %pushi/vec4 253, 0, 8;
    %cmp/u;
    %jmp/1 T_20.253, 6;
    %dup/vec4;
    %pushi/vec4 254, 0, 8;
    %cmp/u;
    %jmp/1 T_20.254, 6;
    %dup/vec4;
    %pushi/vec4 255, 0, 8;
    %cmp/u;
    %jmp/1 T_20.255, 6;
    %jmp T_20.256;
T_20.0 ;
    %pushi/vec4 99, 0, 8;
    %store/vec4 v000001f3eeb3cb70_0, 0, 8;
    %jmp T_20.256;
T_20.1 ;
    %pushi/vec4 124, 0, 8;
    %store/vec4 v000001f3eeb3cb70_0, 0, 8;
    %jmp T_20.256;
T_20.2 ;
    %pushi/vec4 119, 0, 8;
    %store/vec4 v000001f3eeb3cb70_0, 0, 8;
    %jmp T_20.256;
T_20.3 ;
    %pushi/vec4 123, 0, 8;
    %store/vec4 v000001f3eeb3cb70_0, 0, 8;
    %jmp T_20.256;
T_20.4 ;
    %pushi/vec4 242, 0, 8;
    %store/vec4 v000001f3eeb3cb70_0, 0, 8;
    %jmp T_20.256;
T_20.5 ;
    %pushi/vec4 107, 0, 8;
    %store/vec4 v000001f3eeb3cb70_0, 0, 8;
    %jmp T_20.256;
T_20.6 ;
    %pushi/vec4 111, 0, 8;
    %store/vec4 v000001f3eeb3cb70_0, 0, 8;
    %jmp T_20.256;
T_20.7 ;
    %pushi/vec4 197, 0, 8;
    %store/vec4 v000001f3eeb3cb70_0, 0, 8;
    %jmp T_20.256;
T_20.8 ;
    %pushi/vec4 48, 0, 8;
    %store/vec4 v000001f3eeb3cb70_0, 0, 8;
    %jmp T_20.256;
T_20.9 ;
    %pushi/vec4 1, 0, 8;
    %store/vec4 v000001f3eeb3cb70_0, 0, 8;
    %jmp T_20.256;
T_20.10 ;
    %pushi/vec4 103, 0, 8;
    %store/vec4 v000001f3eeb3cb70_0, 0, 8;
    %jmp T_20.256;
T_20.11 ;
    %pushi/vec4 43, 0, 8;
    %store/vec4 v000001f3eeb3cb70_0, 0, 8;
    %jmp T_20.256;
T_20.12 ;
    %pushi/vec4 254, 0, 8;
    %store/vec4 v000001f3eeb3cb70_0, 0, 8;
    %jmp T_20.256;
T_20.13 ;
    %pushi/vec4 215, 0, 8;
    %store/vec4 v000001f3eeb3cb70_0, 0, 8;
    %jmp T_20.256;
T_20.14 ;
    %pushi/vec4 171, 0, 8;
    %store/vec4 v000001f3eeb3cb70_0, 0, 8;
    %jmp T_20.256;
T_20.15 ;
    %pushi/vec4 118, 0, 8;
    %store/vec4 v000001f3eeb3cb70_0, 0, 8;
    %jmp T_20.256;
T_20.16 ;
    %pushi/vec4 202, 0, 8;
    %store/vec4 v000001f3eeb3cb70_0, 0, 8;
    %jmp T_20.256;
T_20.17 ;
    %pushi/vec4 130, 0, 8;
    %store/vec4 v000001f3eeb3cb70_0, 0, 8;
    %jmp T_20.256;
T_20.18 ;
    %pushi/vec4 201, 0, 8;
    %store/vec4 v000001f3eeb3cb70_0, 0, 8;
    %jmp T_20.256;
T_20.19 ;
    %pushi/vec4 125, 0, 8;
    %store/vec4 v000001f3eeb3cb70_0, 0, 8;
    %jmp T_20.256;
T_20.20 ;
    %pushi/vec4 250, 0, 8;
    %store/vec4 v000001f3eeb3cb70_0, 0, 8;
    %jmp T_20.256;
T_20.21 ;
    %pushi/vec4 89, 0, 8;
    %store/vec4 v000001f3eeb3cb70_0, 0, 8;
    %jmp T_20.256;
T_20.22 ;
    %pushi/vec4 71, 0, 8;
    %store/vec4 v000001f3eeb3cb70_0, 0, 8;
    %jmp T_20.256;
T_20.23 ;
    %pushi/vec4 240, 0, 8;
    %store/vec4 v000001f3eeb3cb70_0, 0, 8;
    %jmp T_20.256;
T_20.24 ;
    %pushi/vec4 173, 0, 8;
    %store/vec4 v000001f3eeb3cb70_0, 0, 8;
    %jmp T_20.256;
T_20.25 ;
    %pushi/vec4 212, 0, 8;
    %store/vec4 v000001f3eeb3cb70_0, 0, 8;
    %jmp T_20.256;
T_20.26 ;
    %pushi/vec4 162, 0, 8;
    %store/vec4 v000001f3eeb3cb70_0, 0, 8;
    %jmp T_20.256;
T_20.27 ;
    %pushi/vec4 175, 0, 8;
    %store/vec4 v000001f3eeb3cb70_0, 0, 8;
    %jmp T_20.256;
T_20.28 ;
    %pushi/vec4 156, 0, 8;
    %store/vec4 v000001f3eeb3cb70_0, 0, 8;
    %jmp T_20.256;
T_20.29 ;
    %pushi/vec4 164, 0, 8;
    %store/vec4 v000001f3eeb3cb70_0, 0, 8;
    %jmp T_20.256;
T_20.30 ;
    %pushi/vec4 114, 0, 8;
    %store/vec4 v000001f3eeb3cb70_0, 0, 8;
    %jmp T_20.256;
T_20.31 ;
    %pushi/vec4 192, 0, 8;
    %store/vec4 v000001f3eeb3cb70_0, 0, 8;
    %jmp T_20.256;
T_20.32 ;
    %pushi/vec4 183, 0, 8;
    %store/vec4 v000001f3eeb3cb70_0, 0, 8;
    %jmp T_20.256;
T_20.33 ;
    %pushi/vec4 253, 0, 8;
    %store/vec4 v000001f3eeb3cb70_0, 0, 8;
    %jmp T_20.256;
T_20.34 ;
    %pushi/vec4 147, 0, 8;
    %store/vec4 v000001f3eeb3cb70_0, 0, 8;
    %jmp T_20.256;
T_20.35 ;
    %pushi/vec4 38, 0, 8;
    %store/vec4 v000001f3eeb3cb70_0, 0, 8;
    %jmp T_20.256;
T_20.36 ;
    %pushi/vec4 54, 0, 8;
    %store/vec4 v000001f3eeb3cb70_0, 0, 8;
    %jmp T_20.256;
T_20.37 ;
    %pushi/vec4 63, 0, 8;
    %store/vec4 v000001f3eeb3cb70_0, 0, 8;
    %jmp T_20.256;
T_20.38 ;
    %pushi/vec4 247, 0, 8;
    %store/vec4 v000001f3eeb3cb70_0, 0, 8;
    %jmp T_20.256;
T_20.39 ;
    %pushi/vec4 204, 0, 8;
    %store/vec4 v000001f3eeb3cb70_0, 0, 8;
    %jmp T_20.256;
T_20.40 ;
    %pushi/vec4 52, 0, 8;
    %store/vec4 v000001f3eeb3cb70_0, 0, 8;
    %jmp T_20.256;
T_20.41 ;
    %pushi/vec4 165, 0, 8;
    %store/vec4 v000001f3eeb3cb70_0, 0, 8;
    %jmp T_20.256;
T_20.42 ;
    %pushi/vec4 229, 0, 8;
    %store/vec4 v000001f3eeb3cb70_0, 0, 8;
    %jmp T_20.256;
T_20.43 ;
    %pushi/vec4 241, 0, 8;
    %store/vec4 v000001f3eeb3cb70_0, 0, 8;
    %jmp T_20.256;
T_20.44 ;
    %pushi/vec4 113, 0, 8;
    %store/vec4 v000001f3eeb3cb70_0, 0, 8;
    %jmp T_20.256;
T_20.45 ;
    %pushi/vec4 216, 0, 8;
    %store/vec4 v000001f3eeb3cb70_0, 0, 8;
    %jmp T_20.256;
T_20.46 ;
    %pushi/vec4 49, 0, 8;
    %store/vec4 v000001f3eeb3cb70_0, 0, 8;
    %jmp T_20.256;
T_20.47 ;
    %pushi/vec4 21, 0, 8;
    %store/vec4 v000001f3eeb3cb70_0, 0, 8;
    %jmp T_20.256;
T_20.48 ;
    %pushi/vec4 4, 0, 8;
    %store/vec4 v000001f3eeb3cb70_0, 0, 8;
    %jmp T_20.256;
T_20.49 ;
    %pushi/vec4 199, 0, 8;
    %store/vec4 v000001f3eeb3cb70_0, 0, 8;
    %jmp T_20.256;
T_20.50 ;
    %pushi/vec4 35, 0, 8;
    %store/vec4 v000001f3eeb3cb70_0, 0, 8;
    %jmp T_20.256;
T_20.51 ;
    %pushi/vec4 195, 0, 8;
    %store/vec4 v000001f3eeb3cb70_0, 0, 8;
    %jmp T_20.256;
T_20.52 ;
    %pushi/vec4 24, 0, 8;
    %store/vec4 v000001f3eeb3cb70_0, 0, 8;
    %jmp T_20.256;
T_20.53 ;
    %pushi/vec4 150, 0, 8;
    %store/vec4 v000001f3eeb3cb70_0, 0, 8;
    %jmp T_20.256;
T_20.54 ;
    %pushi/vec4 5, 0, 8;
    %store/vec4 v000001f3eeb3cb70_0, 0, 8;
    %jmp T_20.256;
T_20.55 ;
    %pushi/vec4 154, 0, 8;
    %store/vec4 v000001f3eeb3cb70_0, 0, 8;
    %jmp T_20.256;
T_20.56 ;
    %pushi/vec4 7, 0, 8;
    %store/vec4 v000001f3eeb3cb70_0, 0, 8;
    %jmp T_20.256;
T_20.57 ;
    %pushi/vec4 18, 0, 8;
    %store/vec4 v000001f3eeb3cb70_0, 0, 8;
    %jmp T_20.256;
T_20.58 ;
    %pushi/vec4 128, 0, 8;
    %store/vec4 v000001f3eeb3cb70_0, 0, 8;
    %jmp T_20.256;
T_20.59 ;
    %pushi/vec4 226, 0, 8;
    %store/vec4 v000001f3eeb3cb70_0, 0, 8;
    %jmp T_20.256;
T_20.60 ;
    %pushi/vec4 235, 0, 8;
    %store/vec4 v000001f3eeb3cb70_0, 0, 8;
    %jmp T_20.256;
T_20.61 ;
    %pushi/vec4 39, 0, 8;
    %store/vec4 v000001f3eeb3cb70_0, 0, 8;
    %jmp T_20.256;
T_20.62 ;
    %pushi/vec4 178, 0, 8;
    %store/vec4 v000001f3eeb3cb70_0, 0, 8;
    %jmp T_20.256;
T_20.63 ;
    %pushi/vec4 117, 0, 8;
    %store/vec4 v000001f3eeb3cb70_0, 0, 8;
    %jmp T_20.256;
T_20.64 ;
    %pushi/vec4 9, 0, 8;
    %store/vec4 v000001f3eeb3cb70_0, 0, 8;
    %jmp T_20.256;
T_20.65 ;
    %pushi/vec4 131, 0, 8;
    %store/vec4 v000001f3eeb3cb70_0, 0, 8;
    %jmp T_20.256;
T_20.66 ;
    %pushi/vec4 44, 0, 8;
    %store/vec4 v000001f3eeb3cb70_0, 0, 8;
    %jmp T_20.256;
T_20.67 ;
    %pushi/vec4 26, 0, 8;
    %store/vec4 v000001f3eeb3cb70_0, 0, 8;
    %jmp T_20.256;
T_20.68 ;
    %pushi/vec4 27, 0, 8;
    %store/vec4 v000001f3eeb3cb70_0, 0, 8;
    %jmp T_20.256;
T_20.69 ;
    %pushi/vec4 110, 0, 8;
    %store/vec4 v000001f3eeb3cb70_0, 0, 8;
    %jmp T_20.256;
T_20.70 ;
    %pushi/vec4 90, 0, 8;
    %store/vec4 v000001f3eeb3cb70_0, 0, 8;
    %jmp T_20.256;
T_20.71 ;
    %pushi/vec4 160, 0, 8;
    %store/vec4 v000001f3eeb3cb70_0, 0, 8;
    %jmp T_20.256;
T_20.72 ;
    %pushi/vec4 82, 0, 8;
    %store/vec4 v000001f3eeb3cb70_0, 0, 8;
    %jmp T_20.256;
T_20.73 ;
    %pushi/vec4 59, 0, 8;
    %store/vec4 v000001f3eeb3cb70_0, 0, 8;
    %jmp T_20.256;
T_20.74 ;
    %pushi/vec4 214, 0, 8;
    %store/vec4 v000001f3eeb3cb70_0, 0, 8;
    %jmp T_20.256;
T_20.75 ;
    %pushi/vec4 179, 0, 8;
    %store/vec4 v000001f3eeb3cb70_0, 0, 8;
    %jmp T_20.256;
T_20.76 ;
    %pushi/vec4 41, 0, 8;
    %store/vec4 v000001f3eeb3cb70_0, 0, 8;
    %jmp T_20.256;
T_20.77 ;
    %pushi/vec4 227, 0, 8;
    %store/vec4 v000001f3eeb3cb70_0, 0, 8;
    %jmp T_20.256;
T_20.78 ;
    %pushi/vec4 47, 0, 8;
    %store/vec4 v000001f3eeb3cb70_0, 0, 8;
    %jmp T_20.256;
T_20.79 ;
    %pushi/vec4 132, 0, 8;
    %store/vec4 v000001f3eeb3cb70_0, 0, 8;
    %jmp T_20.256;
T_20.80 ;
    %pushi/vec4 83, 0, 8;
    %store/vec4 v000001f3eeb3cb70_0, 0, 8;
    %jmp T_20.256;
T_20.81 ;
    %pushi/vec4 209, 0, 8;
    %store/vec4 v000001f3eeb3cb70_0, 0, 8;
    %jmp T_20.256;
T_20.82 ;
    %pushi/vec4 0, 0, 8;
    %store/vec4 v000001f3eeb3cb70_0, 0, 8;
    %jmp T_20.256;
T_20.83 ;
    %pushi/vec4 237, 0, 8;
    %store/vec4 v000001f3eeb3cb70_0, 0, 8;
    %jmp T_20.256;
T_20.84 ;
    %pushi/vec4 32, 0, 8;
    %store/vec4 v000001f3eeb3cb70_0, 0, 8;
    %jmp T_20.256;
T_20.85 ;
    %pushi/vec4 252, 0, 8;
    %store/vec4 v000001f3eeb3cb70_0, 0, 8;
    %jmp T_20.256;
T_20.86 ;
    %pushi/vec4 177, 0, 8;
    %store/vec4 v000001f3eeb3cb70_0, 0, 8;
    %jmp T_20.256;
T_20.87 ;
    %pushi/vec4 91, 0, 8;
    %store/vec4 v000001f3eeb3cb70_0, 0, 8;
    %jmp T_20.256;
T_20.88 ;
    %pushi/vec4 106, 0, 8;
    %store/vec4 v000001f3eeb3cb70_0, 0, 8;
    %jmp T_20.256;
T_20.89 ;
    %pushi/vec4 203, 0, 8;
    %store/vec4 v000001f3eeb3cb70_0, 0, 8;
    %jmp T_20.256;
T_20.90 ;
    %pushi/vec4 190, 0, 8;
    %store/vec4 v000001f3eeb3cb70_0, 0, 8;
    %jmp T_20.256;
T_20.91 ;
    %pushi/vec4 57, 0, 8;
    %store/vec4 v000001f3eeb3cb70_0, 0, 8;
    %jmp T_20.256;
T_20.92 ;
    %pushi/vec4 74, 0, 8;
    %store/vec4 v000001f3eeb3cb70_0, 0, 8;
    %jmp T_20.256;
T_20.93 ;
    %pushi/vec4 76, 0, 8;
    %store/vec4 v000001f3eeb3cb70_0, 0, 8;
    %jmp T_20.256;
T_20.94 ;
    %pushi/vec4 88, 0, 8;
    %store/vec4 v000001f3eeb3cb70_0, 0, 8;
    %jmp T_20.256;
T_20.95 ;
    %pushi/vec4 207, 0, 8;
    %store/vec4 v000001f3eeb3cb70_0, 0, 8;
    %jmp T_20.256;
T_20.96 ;
    %pushi/vec4 208, 0, 8;
    %store/vec4 v000001f3eeb3cb70_0, 0, 8;
    %jmp T_20.256;
T_20.97 ;
    %pushi/vec4 239, 0, 8;
    %store/vec4 v000001f3eeb3cb70_0, 0, 8;
    %jmp T_20.256;
T_20.98 ;
    %pushi/vec4 170, 0, 8;
    %store/vec4 v000001f3eeb3cb70_0, 0, 8;
    %jmp T_20.256;
T_20.99 ;
    %pushi/vec4 251, 0, 8;
    %store/vec4 v000001f3eeb3cb70_0, 0, 8;
    %jmp T_20.256;
T_20.100 ;
    %pushi/vec4 67, 0, 8;
    %store/vec4 v000001f3eeb3cb70_0, 0, 8;
    %jmp T_20.256;
T_20.101 ;
    %pushi/vec4 77, 0, 8;
    %store/vec4 v000001f3eeb3cb70_0, 0, 8;
    %jmp T_20.256;
T_20.102 ;
    %pushi/vec4 51, 0, 8;
    %store/vec4 v000001f3eeb3cb70_0, 0, 8;
    %jmp T_20.256;
T_20.103 ;
    %pushi/vec4 133, 0, 8;
    %store/vec4 v000001f3eeb3cb70_0, 0, 8;
    %jmp T_20.256;
T_20.104 ;
    %pushi/vec4 69, 0, 8;
    %store/vec4 v000001f3eeb3cb70_0, 0, 8;
    %jmp T_20.256;
T_20.105 ;
    %pushi/vec4 249, 0, 8;
    %store/vec4 v000001f3eeb3cb70_0, 0, 8;
    %jmp T_20.256;
T_20.106 ;
    %pushi/vec4 2, 0, 8;
    %store/vec4 v000001f3eeb3cb70_0, 0, 8;
    %jmp T_20.256;
T_20.107 ;
    %pushi/vec4 127, 0, 8;
    %store/vec4 v000001f3eeb3cb70_0, 0, 8;
    %jmp T_20.256;
T_20.108 ;
    %pushi/vec4 80, 0, 8;
    %store/vec4 v000001f3eeb3cb70_0, 0, 8;
    %jmp T_20.256;
T_20.109 ;
    %pushi/vec4 60, 0, 8;
    %store/vec4 v000001f3eeb3cb70_0, 0, 8;
    %jmp T_20.256;
T_20.110 ;
    %pushi/vec4 159, 0, 8;
    %store/vec4 v000001f3eeb3cb70_0, 0, 8;
    %jmp T_20.256;
T_20.111 ;
    %pushi/vec4 168, 0, 8;
    %store/vec4 v000001f3eeb3cb70_0, 0, 8;
    %jmp T_20.256;
T_20.112 ;
    %pushi/vec4 81, 0, 8;
    %store/vec4 v000001f3eeb3cb70_0, 0, 8;
    %jmp T_20.256;
T_20.113 ;
    %pushi/vec4 163, 0, 8;
    %store/vec4 v000001f3eeb3cb70_0, 0, 8;
    %jmp T_20.256;
T_20.114 ;
    %pushi/vec4 64, 0, 8;
    %store/vec4 v000001f3eeb3cb70_0, 0, 8;
    %jmp T_20.256;
T_20.115 ;
    %pushi/vec4 143, 0, 8;
    %store/vec4 v000001f3eeb3cb70_0, 0, 8;
    %jmp T_20.256;
T_20.116 ;
    %pushi/vec4 146, 0, 8;
    %store/vec4 v000001f3eeb3cb70_0, 0, 8;
    %jmp T_20.256;
T_20.117 ;
    %pushi/vec4 157, 0, 8;
    %store/vec4 v000001f3eeb3cb70_0, 0, 8;
    %jmp T_20.256;
T_20.118 ;
    %pushi/vec4 56, 0, 8;
    %store/vec4 v000001f3eeb3cb70_0, 0, 8;
    %jmp T_20.256;
T_20.119 ;
    %pushi/vec4 245, 0, 8;
    %store/vec4 v000001f3eeb3cb70_0, 0, 8;
    %jmp T_20.256;
T_20.120 ;
    %pushi/vec4 188, 0, 8;
    %store/vec4 v000001f3eeb3cb70_0, 0, 8;
    %jmp T_20.256;
T_20.121 ;
    %pushi/vec4 182, 0, 8;
    %store/vec4 v000001f3eeb3cb70_0, 0, 8;
    %jmp T_20.256;
T_20.122 ;
    %pushi/vec4 218, 0, 8;
    %store/vec4 v000001f3eeb3cb70_0, 0, 8;
    %jmp T_20.256;
T_20.123 ;
    %pushi/vec4 33, 0, 8;
    %store/vec4 v000001f3eeb3cb70_0, 0, 8;
    %jmp T_20.256;
T_20.124 ;
    %pushi/vec4 16, 0, 8;
    %store/vec4 v000001f3eeb3cb70_0, 0, 8;
    %jmp T_20.256;
T_20.125 ;
    %pushi/vec4 255, 0, 8;
    %store/vec4 v000001f3eeb3cb70_0, 0, 8;
    %jmp T_20.256;
T_20.126 ;
    %pushi/vec4 243, 0, 8;
    %store/vec4 v000001f3eeb3cb70_0, 0, 8;
    %jmp T_20.256;
T_20.127 ;
    %pushi/vec4 210, 0, 8;
    %store/vec4 v000001f3eeb3cb70_0, 0, 8;
    %jmp T_20.256;
T_20.128 ;
    %pushi/vec4 205, 0, 8;
    %store/vec4 v000001f3eeb3cb70_0, 0, 8;
    %jmp T_20.256;
T_20.129 ;
    %pushi/vec4 12, 0, 8;
    %store/vec4 v000001f3eeb3cb70_0, 0, 8;
    %jmp T_20.256;
T_20.130 ;
    %pushi/vec4 19, 0, 8;
    %store/vec4 v000001f3eeb3cb70_0, 0, 8;
    %jmp T_20.256;
T_20.131 ;
    %pushi/vec4 236, 0, 8;
    %store/vec4 v000001f3eeb3cb70_0, 0, 8;
    %jmp T_20.256;
T_20.132 ;
    %pushi/vec4 95, 0, 8;
    %store/vec4 v000001f3eeb3cb70_0, 0, 8;
    %jmp T_20.256;
T_20.133 ;
    %pushi/vec4 151, 0, 8;
    %store/vec4 v000001f3eeb3cb70_0, 0, 8;
    %jmp T_20.256;
T_20.134 ;
    %pushi/vec4 68, 0, 8;
    %store/vec4 v000001f3eeb3cb70_0, 0, 8;
    %jmp T_20.256;
T_20.135 ;
    %pushi/vec4 23, 0, 8;
    %store/vec4 v000001f3eeb3cb70_0, 0, 8;
    %jmp T_20.256;
T_20.136 ;
    %pushi/vec4 196, 0, 8;
    %store/vec4 v000001f3eeb3cb70_0, 0, 8;
    %jmp T_20.256;
T_20.137 ;
    %pushi/vec4 167, 0, 8;
    %store/vec4 v000001f3eeb3cb70_0, 0, 8;
    %jmp T_20.256;
T_20.138 ;
    %pushi/vec4 126, 0, 8;
    %store/vec4 v000001f3eeb3cb70_0, 0, 8;
    %jmp T_20.256;
T_20.139 ;
    %pushi/vec4 61, 0, 8;
    %store/vec4 v000001f3eeb3cb70_0, 0, 8;
    %jmp T_20.256;
T_20.140 ;
    %pushi/vec4 100, 0, 8;
    %store/vec4 v000001f3eeb3cb70_0, 0, 8;
    %jmp T_20.256;
T_20.141 ;
    %pushi/vec4 93, 0, 8;
    %store/vec4 v000001f3eeb3cb70_0, 0, 8;
    %jmp T_20.256;
T_20.142 ;
    %pushi/vec4 25, 0, 8;
    %store/vec4 v000001f3eeb3cb70_0, 0, 8;
    %jmp T_20.256;
T_20.143 ;
    %pushi/vec4 115, 0, 8;
    %store/vec4 v000001f3eeb3cb70_0, 0, 8;
    %jmp T_20.256;
T_20.144 ;
    %pushi/vec4 96, 0, 8;
    %store/vec4 v000001f3eeb3cb70_0, 0, 8;
    %jmp T_20.256;
T_20.145 ;
    %pushi/vec4 129, 0, 8;
    %store/vec4 v000001f3eeb3cb70_0, 0, 8;
    %jmp T_20.256;
T_20.146 ;
    %pushi/vec4 79, 0, 8;
    %store/vec4 v000001f3eeb3cb70_0, 0, 8;
    %jmp T_20.256;
T_20.147 ;
    %pushi/vec4 220, 0, 8;
    %store/vec4 v000001f3eeb3cb70_0, 0, 8;
    %jmp T_20.256;
T_20.148 ;
    %pushi/vec4 34, 0, 8;
    %store/vec4 v000001f3eeb3cb70_0, 0, 8;
    %jmp T_20.256;
T_20.149 ;
    %pushi/vec4 42, 0, 8;
    %store/vec4 v000001f3eeb3cb70_0, 0, 8;
    %jmp T_20.256;
T_20.150 ;
    %pushi/vec4 144, 0, 8;
    %store/vec4 v000001f3eeb3cb70_0, 0, 8;
    %jmp T_20.256;
T_20.151 ;
    %pushi/vec4 136, 0, 8;
    %store/vec4 v000001f3eeb3cb70_0, 0, 8;
    %jmp T_20.256;
T_20.152 ;
    %pushi/vec4 70, 0, 8;
    %store/vec4 v000001f3eeb3cb70_0, 0, 8;
    %jmp T_20.256;
T_20.153 ;
    %pushi/vec4 238, 0, 8;
    %store/vec4 v000001f3eeb3cb70_0, 0, 8;
    %jmp T_20.256;
T_20.154 ;
    %pushi/vec4 184, 0, 8;
    %store/vec4 v000001f3eeb3cb70_0, 0, 8;
    %jmp T_20.256;
T_20.155 ;
    %pushi/vec4 20, 0, 8;
    %store/vec4 v000001f3eeb3cb70_0, 0, 8;
    %jmp T_20.256;
T_20.156 ;
    %pushi/vec4 222, 0, 8;
    %store/vec4 v000001f3eeb3cb70_0, 0, 8;
    %jmp T_20.256;
T_20.157 ;
    %pushi/vec4 94, 0, 8;
    %store/vec4 v000001f3eeb3cb70_0, 0, 8;
    %jmp T_20.256;
T_20.158 ;
    %pushi/vec4 11, 0, 8;
    %store/vec4 v000001f3eeb3cb70_0, 0, 8;
    %jmp T_20.256;
T_20.159 ;
    %pushi/vec4 219, 0, 8;
    %store/vec4 v000001f3eeb3cb70_0, 0, 8;
    %jmp T_20.256;
T_20.160 ;
    %pushi/vec4 224, 0, 8;
    %store/vec4 v000001f3eeb3cb70_0, 0, 8;
    %jmp T_20.256;
T_20.161 ;
    %pushi/vec4 50, 0, 8;
    %store/vec4 v000001f3eeb3cb70_0, 0, 8;
    %jmp T_20.256;
T_20.162 ;
    %pushi/vec4 58, 0, 8;
    %store/vec4 v000001f3eeb3cb70_0, 0, 8;
    %jmp T_20.256;
T_20.163 ;
    %pushi/vec4 10, 0, 8;
    %store/vec4 v000001f3eeb3cb70_0, 0, 8;
    %jmp T_20.256;
T_20.164 ;
    %pushi/vec4 73, 0, 8;
    %store/vec4 v000001f3eeb3cb70_0, 0, 8;
    %jmp T_20.256;
T_20.165 ;
    %pushi/vec4 6, 0, 8;
    %store/vec4 v000001f3eeb3cb70_0, 0, 8;
    %jmp T_20.256;
T_20.166 ;
    %pushi/vec4 36, 0, 8;
    %store/vec4 v000001f3eeb3cb70_0, 0, 8;
    %jmp T_20.256;
T_20.167 ;
    %pushi/vec4 92, 0, 8;
    %store/vec4 v000001f3eeb3cb70_0, 0, 8;
    %jmp T_20.256;
T_20.168 ;
    %pushi/vec4 194, 0, 8;
    %store/vec4 v000001f3eeb3cb70_0, 0, 8;
    %jmp T_20.256;
T_20.169 ;
    %pushi/vec4 211, 0, 8;
    %store/vec4 v000001f3eeb3cb70_0, 0, 8;
    %jmp T_20.256;
T_20.170 ;
    %pushi/vec4 172, 0, 8;
    %store/vec4 v000001f3eeb3cb70_0, 0, 8;
    %jmp T_20.256;
T_20.171 ;
    %pushi/vec4 98, 0, 8;
    %store/vec4 v000001f3eeb3cb70_0, 0, 8;
    %jmp T_20.256;
T_20.172 ;
    %pushi/vec4 145, 0, 8;
    %store/vec4 v000001f3eeb3cb70_0, 0, 8;
    %jmp T_20.256;
T_20.173 ;
    %pushi/vec4 149, 0, 8;
    %store/vec4 v000001f3eeb3cb70_0, 0, 8;
    %jmp T_20.256;
T_20.174 ;
    %pushi/vec4 228, 0, 8;
    %store/vec4 v000001f3eeb3cb70_0, 0, 8;
    %jmp T_20.256;
T_20.175 ;
    %pushi/vec4 121, 0, 8;
    %store/vec4 v000001f3eeb3cb70_0, 0, 8;
    %jmp T_20.256;
T_20.176 ;
    %pushi/vec4 231, 0, 8;
    %store/vec4 v000001f3eeb3cb70_0, 0, 8;
    %jmp T_20.256;
T_20.177 ;
    %pushi/vec4 200, 0, 8;
    %store/vec4 v000001f3eeb3cb70_0, 0, 8;
    %jmp T_20.256;
T_20.178 ;
    %pushi/vec4 55, 0, 8;
    %store/vec4 v000001f3eeb3cb70_0, 0, 8;
    %jmp T_20.256;
T_20.179 ;
    %pushi/vec4 109, 0, 8;
    %store/vec4 v000001f3eeb3cb70_0, 0, 8;
    %jmp T_20.256;
T_20.180 ;
    %pushi/vec4 141, 0, 8;
    %store/vec4 v000001f3eeb3cb70_0, 0, 8;
    %jmp T_20.256;
T_20.181 ;
    %pushi/vec4 213, 0, 8;
    %store/vec4 v000001f3eeb3cb70_0, 0, 8;
    %jmp T_20.256;
T_20.182 ;
    %pushi/vec4 78, 0, 8;
    %store/vec4 v000001f3eeb3cb70_0, 0, 8;
    %jmp T_20.256;
T_20.183 ;
    %pushi/vec4 169, 0, 8;
    %store/vec4 v000001f3eeb3cb70_0, 0, 8;
    %jmp T_20.256;
T_20.184 ;
    %pushi/vec4 108, 0, 8;
    %store/vec4 v000001f3eeb3cb70_0, 0, 8;
    %jmp T_20.256;
T_20.185 ;
    %pushi/vec4 86, 0, 8;
    %store/vec4 v000001f3eeb3cb70_0, 0, 8;
    %jmp T_20.256;
T_20.186 ;
    %pushi/vec4 244, 0, 8;
    %store/vec4 v000001f3eeb3cb70_0, 0, 8;
    %jmp T_20.256;
T_20.187 ;
    %pushi/vec4 234, 0, 8;
    %store/vec4 v000001f3eeb3cb70_0, 0, 8;
    %jmp T_20.256;
T_20.188 ;
    %pushi/vec4 101, 0, 8;
    %store/vec4 v000001f3eeb3cb70_0, 0, 8;
    %jmp T_20.256;
T_20.189 ;
    %pushi/vec4 122, 0, 8;
    %store/vec4 v000001f3eeb3cb70_0, 0, 8;
    %jmp T_20.256;
T_20.190 ;
    %pushi/vec4 174, 0, 8;
    %store/vec4 v000001f3eeb3cb70_0, 0, 8;
    %jmp T_20.256;
T_20.191 ;
    %pushi/vec4 8, 0, 8;
    %store/vec4 v000001f3eeb3cb70_0, 0, 8;
    %jmp T_20.256;
T_20.192 ;
    %pushi/vec4 186, 0, 8;
    %store/vec4 v000001f3eeb3cb70_0, 0, 8;
    %jmp T_20.256;
T_20.193 ;
    %pushi/vec4 120, 0, 8;
    %store/vec4 v000001f3eeb3cb70_0, 0, 8;
    %jmp T_20.256;
T_20.194 ;
    %pushi/vec4 37, 0, 8;
    %store/vec4 v000001f3eeb3cb70_0, 0, 8;
    %jmp T_20.256;
T_20.195 ;
    %pushi/vec4 46, 0, 8;
    %store/vec4 v000001f3eeb3cb70_0, 0, 8;
    %jmp T_20.256;
T_20.196 ;
    %pushi/vec4 28, 0, 8;
    %store/vec4 v000001f3eeb3cb70_0, 0, 8;
    %jmp T_20.256;
T_20.197 ;
    %pushi/vec4 166, 0, 8;
    %store/vec4 v000001f3eeb3cb70_0, 0, 8;
    %jmp T_20.256;
T_20.198 ;
    %pushi/vec4 180, 0, 8;
    %store/vec4 v000001f3eeb3cb70_0, 0, 8;
    %jmp T_20.256;
T_20.199 ;
    %pushi/vec4 198, 0, 8;
    %store/vec4 v000001f3eeb3cb70_0, 0, 8;
    %jmp T_20.256;
T_20.200 ;
    %pushi/vec4 232, 0, 8;
    %store/vec4 v000001f3eeb3cb70_0, 0, 8;
    %jmp T_20.256;
T_20.201 ;
    %pushi/vec4 221, 0, 8;
    %store/vec4 v000001f3eeb3cb70_0, 0, 8;
    %jmp T_20.256;
T_20.202 ;
    %pushi/vec4 116, 0, 8;
    %store/vec4 v000001f3eeb3cb70_0, 0, 8;
    %jmp T_20.256;
T_20.203 ;
    %pushi/vec4 31, 0, 8;
    %store/vec4 v000001f3eeb3cb70_0, 0, 8;
    %jmp T_20.256;
T_20.204 ;
    %pushi/vec4 75, 0, 8;
    %store/vec4 v000001f3eeb3cb70_0, 0, 8;
    %jmp T_20.256;
T_20.205 ;
    %pushi/vec4 189, 0, 8;
    %store/vec4 v000001f3eeb3cb70_0, 0, 8;
    %jmp T_20.256;
T_20.206 ;
    %pushi/vec4 139, 0, 8;
    %store/vec4 v000001f3eeb3cb70_0, 0, 8;
    %jmp T_20.256;
T_20.207 ;
    %pushi/vec4 138, 0, 8;
    %store/vec4 v000001f3eeb3cb70_0, 0, 8;
    %jmp T_20.256;
T_20.208 ;
    %pushi/vec4 112, 0, 8;
    %store/vec4 v000001f3eeb3cb70_0, 0, 8;
    %jmp T_20.256;
T_20.209 ;
    %pushi/vec4 62, 0, 8;
    %store/vec4 v000001f3eeb3cb70_0, 0, 8;
    %jmp T_20.256;
T_20.210 ;
    %pushi/vec4 181, 0, 8;
    %store/vec4 v000001f3eeb3cb70_0, 0, 8;
    %jmp T_20.256;
T_20.211 ;
    %pushi/vec4 102, 0, 8;
    %store/vec4 v000001f3eeb3cb70_0, 0, 8;
    %jmp T_20.256;
T_20.212 ;
    %pushi/vec4 72, 0, 8;
    %store/vec4 v000001f3eeb3cb70_0, 0, 8;
    %jmp T_20.256;
T_20.213 ;
    %pushi/vec4 3, 0, 8;
    %store/vec4 v000001f3eeb3cb70_0, 0, 8;
    %jmp T_20.256;
T_20.214 ;
    %pushi/vec4 246, 0, 8;
    %store/vec4 v000001f3eeb3cb70_0, 0, 8;
    %jmp T_20.256;
T_20.215 ;
    %pushi/vec4 14, 0, 8;
    %store/vec4 v000001f3eeb3cb70_0, 0, 8;
    %jmp T_20.256;
T_20.216 ;
    %pushi/vec4 97, 0, 8;
    %store/vec4 v000001f3eeb3cb70_0, 0, 8;
    %jmp T_20.256;
T_20.217 ;
    %pushi/vec4 53, 0, 8;
    %store/vec4 v000001f3eeb3cb70_0, 0, 8;
    %jmp T_20.256;
T_20.218 ;
    %pushi/vec4 87, 0, 8;
    %store/vec4 v000001f3eeb3cb70_0, 0, 8;
    %jmp T_20.256;
T_20.219 ;
    %pushi/vec4 185, 0, 8;
    %store/vec4 v000001f3eeb3cb70_0, 0, 8;
    %jmp T_20.256;
T_20.220 ;
    %pushi/vec4 134, 0, 8;
    %store/vec4 v000001f3eeb3cb70_0, 0, 8;
    %jmp T_20.256;
T_20.221 ;
    %pushi/vec4 193, 0, 8;
    %store/vec4 v000001f3eeb3cb70_0, 0, 8;
    %jmp T_20.256;
T_20.222 ;
    %pushi/vec4 29, 0, 8;
    %store/vec4 v000001f3eeb3cb70_0, 0, 8;
    %jmp T_20.256;
T_20.223 ;
    %pushi/vec4 158, 0, 8;
    %store/vec4 v000001f3eeb3cb70_0, 0, 8;
    %jmp T_20.256;
T_20.224 ;
    %pushi/vec4 225, 0, 8;
    %store/vec4 v000001f3eeb3cb70_0, 0, 8;
    %jmp T_20.256;
T_20.225 ;
    %pushi/vec4 248, 0, 8;
    %store/vec4 v000001f3eeb3cb70_0, 0, 8;
    %jmp T_20.256;
T_20.226 ;
    %pushi/vec4 152, 0, 8;
    %store/vec4 v000001f3eeb3cb70_0, 0, 8;
    %jmp T_20.256;
T_20.227 ;
    %pushi/vec4 17, 0, 8;
    %store/vec4 v000001f3eeb3cb70_0, 0, 8;
    %jmp T_20.256;
T_20.228 ;
    %pushi/vec4 105, 0, 8;
    %store/vec4 v000001f3eeb3cb70_0, 0, 8;
    %jmp T_20.256;
T_20.229 ;
    %pushi/vec4 217, 0, 8;
    %store/vec4 v000001f3eeb3cb70_0, 0, 8;
    %jmp T_20.256;
T_20.230 ;
    %pushi/vec4 142, 0, 8;
    %store/vec4 v000001f3eeb3cb70_0, 0, 8;
    %jmp T_20.256;
T_20.231 ;
    %pushi/vec4 148, 0, 8;
    %store/vec4 v000001f3eeb3cb70_0, 0, 8;
    %jmp T_20.256;
T_20.232 ;
    %pushi/vec4 155, 0, 8;
    %store/vec4 v000001f3eeb3cb70_0, 0, 8;
    %jmp T_20.256;
T_20.233 ;
    %pushi/vec4 30, 0, 8;
    %store/vec4 v000001f3eeb3cb70_0, 0, 8;
    %jmp T_20.256;
T_20.234 ;
    %pushi/vec4 135, 0, 8;
    %store/vec4 v000001f3eeb3cb70_0, 0, 8;
    %jmp T_20.256;
T_20.235 ;
    %pushi/vec4 233, 0, 8;
    %store/vec4 v000001f3eeb3cb70_0, 0, 8;
    %jmp T_20.256;
T_20.236 ;
    %pushi/vec4 206, 0, 8;
    %store/vec4 v000001f3eeb3cb70_0, 0, 8;
    %jmp T_20.256;
T_20.237 ;
    %pushi/vec4 85, 0, 8;
    %store/vec4 v000001f3eeb3cb70_0, 0, 8;
    %jmp T_20.256;
T_20.238 ;
    %pushi/vec4 40, 0, 8;
    %store/vec4 v000001f3eeb3cb70_0, 0, 8;
    %jmp T_20.256;
T_20.239 ;
    %pushi/vec4 223, 0, 8;
    %store/vec4 v000001f3eeb3cb70_0, 0, 8;
    %jmp T_20.256;
T_20.240 ;
    %pushi/vec4 140, 0, 8;
    %store/vec4 v000001f3eeb3cb70_0, 0, 8;
    %jmp T_20.256;
T_20.241 ;
    %pushi/vec4 161, 0, 8;
    %store/vec4 v000001f3eeb3cb70_0, 0, 8;
    %jmp T_20.256;
T_20.242 ;
    %pushi/vec4 137, 0, 8;
    %store/vec4 v000001f3eeb3cb70_0, 0, 8;
    %jmp T_20.256;
T_20.243 ;
    %pushi/vec4 13, 0, 8;
    %store/vec4 v000001f3eeb3cb70_0, 0, 8;
    %jmp T_20.256;
T_20.244 ;
    %pushi/vec4 191, 0, 8;
    %store/vec4 v000001f3eeb3cb70_0, 0, 8;
    %jmp T_20.256;
T_20.245 ;
    %pushi/vec4 230, 0, 8;
    %store/vec4 v000001f3eeb3cb70_0, 0, 8;
    %jmp T_20.256;
T_20.246 ;
    %pushi/vec4 66, 0, 8;
    %store/vec4 v000001f3eeb3cb70_0, 0, 8;
    %jmp T_20.256;
T_20.247 ;
    %pushi/vec4 104, 0, 8;
    %store/vec4 v000001f3eeb3cb70_0, 0, 8;
    %jmp T_20.256;
T_20.248 ;
    %pushi/vec4 65, 0, 8;
    %store/vec4 v000001f3eeb3cb70_0, 0, 8;
    %jmp T_20.256;
T_20.249 ;
    %pushi/vec4 153, 0, 8;
    %store/vec4 v000001f3eeb3cb70_0, 0, 8;
    %jmp T_20.256;
T_20.250 ;
    %pushi/vec4 45, 0, 8;
    %store/vec4 v000001f3eeb3cb70_0, 0, 8;
    %jmp T_20.256;
T_20.251 ;
    %pushi/vec4 15, 0, 8;
    %store/vec4 v000001f3eeb3cb70_0, 0, 8;
    %jmp T_20.256;
T_20.252 ;
    %pushi/vec4 176, 0, 8;
    %store/vec4 v000001f3eeb3cb70_0, 0, 8;
    %jmp T_20.256;
T_20.253 ;
    %pushi/vec4 84, 0, 8;
    %store/vec4 v000001f3eeb3cb70_0, 0, 8;
    %jmp T_20.256;
T_20.254 ;
    %pushi/vec4 187, 0, 8;
    %store/vec4 v000001f3eeb3cb70_0, 0, 8;
    %jmp T_20.256;
T_20.255 ;
    %pushi/vec4 22, 0, 8;
    %store/vec4 v000001f3eeb3cb70_0, 0, 8;
    %jmp T_20.256;
T_20.256 ;
    %pop/vec4 1;
    %jmp T_20;
    .thread T_20, $push;
    .scope S_000001f3ee8c8720;
T_21 ;
    %wait E_000001f3eeabd2c0;
    %load/vec4 v000001f3eeb3ba90_0;
    %nor/r;
    %flag_set/vec4 8;
    %jmp/0xz  T_21.0, 8;
    %pushi/vec4 0, 0, 128;
    %assign/vec4 v000001f3eeb3cd50_0, 0;
    %jmp T_21.1;
T_21.0 ;
    %ix/load 4, 15, 0;
    %flag_set/imm 4, 0;
    %load/vec4a v000001f3eeb3ccb0, 4;
    %ix/load 4, 14, 0;
    %flag_set/imm 4, 0;
    %load/vec4a v000001f3eeb3ccb0, 4;
    %concat/vec4; draw_concat_vec4
    %ix/load 4, 13, 0;
    %flag_set/imm 4, 0;
    %load/vec4a v000001f3eeb3ccb0, 4;
    %concat/vec4; draw_concat_vec4
    %ix/load 4, 12, 0;
    %flag_set/imm 4, 0;
    %load/vec4a v000001f3eeb3ccb0, 4;
    %concat/vec4; draw_concat_vec4
    %ix/load 4, 11, 0;
    %flag_set/imm 4, 0;
    %load/vec4a v000001f3eeb3ccb0, 4;
    %concat/vec4; draw_concat_vec4
    %ix/load 4, 10, 0;
    %flag_set/imm 4, 0;
    %load/vec4a v000001f3eeb3ccb0, 4;
    %concat/vec4; draw_concat_vec4
    %ix/load 4, 9, 0;
    %flag_set/imm 4, 0;
    %load/vec4a v000001f3eeb3ccb0, 4;
    %concat/vec4; draw_concat_vec4
    %ix/load 4, 8, 0;
    %flag_set/imm 4, 0;
    %load/vec4a v000001f3eeb3ccb0, 4;
    %concat/vec4; draw_concat_vec4
    %ix/load 4, 7, 0;
    %flag_set/imm 4, 0;
    %load/vec4a v000001f3eeb3ccb0, 4;
    %concat/vec4; draw_concat_vec4
    %ix/load 4, 6, 0;
    %flag_set/imm 4, 0;
    %load/vec4a v000001f3eeb3ccb0, 4;
    %concat/vec4; draw_concat_vec4
    %ix/load 4, 5, 0;
    %flag_set/imm 4, 0;
    %load/vec4a v000001f3eeb3ccb0, 4;
    %concat/vec4; draw_concat_vec4
    %ix/load 4, 4, 0;
    %flag_set/imm 4, 0;
    %load/vec4a v000001f3eeb3ccb0, 4;
    %concat/vec4; draw_concat_vec4
    %ix/load 4, 3, 0;
    %flag_set/imm 4, 0;
    %load/vec4a v000001f3eeb3ccb0, 4;
    %concat/vec4; draw_concat_vec4
    %ix/load 4, 2, 0;
    %flag_set/imm 4, 0;
    %load/vec4a v000001f3eeb3ccb0, 4;
    %concat/vec4; draw_concat_vec4
    %ix/load 4, 1, 0;
    %flag_set/imm 4, 0;
    %load/vec4a v000001f3eeb3ccb0, 4;
    %concat/vec4; draw_concat_vec4
    %ix/load 4, 0, 0;
    %flag_set/imm 4, 0;
    %load/vec4a v000001f3eeb3ccb0, 4;
    %concat/vec4; draw_concat_vec4
    %assign/vec4 v000001f3eeb3cd50_0, 0;
T_21.1 ;
    %jmp T_21;
    .thread T_21;
    .scope S_000001f3eeae4820;
T_22 ;
    %delay 5000, 0;
    %load/vec4 v000001f3eeb3c030_0;
    %inv;
    %store/vec4 v000001f3eeb3c030_0, 0, 1;
    %jmp T_22;
    .thread T_22;
    .scope S_000001f3eeae4820;
T_23 ;
    %pushi/vec4 0, 0, 1;
    %store/vec4 v000001f3eeb3c030_0, 0, 1;
    %pushi/vec4 1, 0, 1;
    %store/vec4 v000001f3eeb3c170_0, 0, 1;
    %pushi/vec4 0, 0, 1;
    %store/vec4 v000001f3eeb3bef0_0, 0, 1;
    %pushi/vec4 0, 0, 4;
    %store/vec4 v000001f3eeb3bf90_0, 0, 4;
    %pushi/vec4 2832253672, 0, 33;
    %concati/vec4 3863010034, 0, 32;
    %concati/vec4 2167264697, 0, 33;
    %concati/vec4 656426613, 0, 30;
    %store/vec4 v000001f3eeb3bdb0_0, 0, 128;
    %vpi_call 2 36 "$dumpfile", "verification_KeyLogic_tb.vcd" {0 0 0};
    %vpi_call 2 37 "$dumpvars", 32'sb00000000000000000000000000000000, S_000001f3eeae4820 {0 0 0};
    %delay 10000, 0;
    %pushi/vec4 0, 0, 1;
    %store/vec4 v000001f3eeb3c170_0, 0, 1;
    %pushi/vec4 1, 0, 1;
    %store/vec4 v000001f3eeb3bef0_0, 0, 1;
    %delay 10000, 0;
    %pushi/vec4 0, 0, 1;
    %store/vec4 v000001f3eeb3bef0_0, 0, 1;
    %delay 400000, 0;
    %delay 10000, 0;
    %vpi_call 2 52 "$finish" {0 0 0};
    %end;
    .thread T_23;
# The file index is used to find the file name in the following table.
:file_names 13;
    "N/A";
    "<interactive>";
    "verification_KeyLogic_tb.v";
    "./verification_KeyLogic.v";
    "./KeyLogic.v";
    "./KeyLogic_Controller.v";
    "./Mux2.v";
    "./Registerfile.v";
    "./RotWord.v";
    "./Xorr.v";
    "./Rcon.v";
    "./Sbox_wrapper.v";
    "./sbox.v";
